"IDRSSD"	RCONC970	RCONC971	RCONC972	RCONC973	RCONC974	RCONC975	RCONC978	RCONF164	RCONF165	RCONG401	RCONG402	RCONG403	RCONG404	RCONG405	RCONG406	RCONG407	RCONG408	RCONG409	RCONG410	RCONG411	RCONG412	RCONG413	RCONG414	RCONG415	RCONG416	RCONG417	RCONG418	RCONG422	RCONG423	RCONG427	RCONG428	RCONG432	RCONG433	RCONG437	RCONG453	RCONG457	RCONG458	RCONG462	RCONHT72	RCONJ455	RCONJ456	RCONJ457	RCONJ459	RCONPV10	RCONPV11	RCONPV12	RCONPV13	RCONPV14	RCONPV15	RCONPV16	TEXT3555	TEXT3556	TEXT3557	TEXT5592	TEXT5593	TEXT5594	TEXT5595	
	CR DRIVTS:NTNL AMTS-TOT RETRN SWAPS-	CR DRIVTS:NTNL AMTS-TOT RETRN SWAPS-	CRD DERIVTS:NOTL AMTS-CRD OPTIONS-GU	CRD DERIVTS:NOTL AMTS-CRDIT OPTIONS-	CRD DERIVTS:NOTL AMTS-OT CR DERIVTS-	CRD DERIVTS:NOTL AMTS-OT CR DERIVTS-	STNDBY LTRS OF CRD ISSD BY FHLB BK B	1-4  FAM RES CNSTRCTN LN COMMITMNTS	CMRL RE OTHR CNSTRCTN LN & LND DEV L	NTL AMT REG CAP CVRD MRR SL PRTC	NTL AMT REG CAP CVRD MRR PURC PRTC	NTL AMT REG CAP OTHR SL PRTC	NTL AMT REG CAP OTHR PRTC REG CAP	NTL REG CAP OTHR PRTC NOT REG CAP	NTL SL CR PRTC INV MAT LE 1 YR.	NTL SL CR PRTC INV MAT 1T5 YR	NTL SL CR PRTC INV MAT GT 5 YR	NTL SL CR PRTC SUBINV MAT LE 1 YR.	NTL SL CR PRTC SUBINV MAT 1T5 YR	NTL SL CR PRTC SUBINV MAT GT 5 YR	NTL PURC CR PRTC INV MAT LE 1 YR.	NTL PURC CR PRTC INV MAT 1T5 YR	NTL PURC CR PRTC INV MAT GT 5 YR	NTL PURC CR PRTC SUBINV MAT LE 1 YR.	NTL PURC CR PRTC SUBINV MAT 1T5 YR	NTL PURC CR PRTC SUBINV MAT GT 5 YR	OTC DRVT CR EXP BK & SCTY FIRM	OTC DRVT CR EXP CORP OTHR CNTRPRTY	OTC FV CSH USD BK & SCTY FIRM	OTC FV CSH USD CORP OTHR CNTRPRTY	OTC FV CSH OTHR CUR BK & SCTY FIRM	OTC FV CSH OTHR CUR CORP OTHR CNTRPR	OTC FV US TREAS SCTY BK & SCTY FIRM	OTC FV US TREAS SCTY CORP OTHR CNTRP	OTC FV OTHR CLTRL BK & SCTY FIRM	OTC FV OTHR CLTRL CORP OTHR CNTRPRTY	OTC FV TOTAL FV CLTRL BK & SCTY FIRM	OTC FV TOTAL FV CLTRL CORP OTHR CNTR	Unused commitments, Revolving, open 	UNUSED CNSMR CR CARD LINE	OTHR UNUSED CNSMR CR CARD LINE	OTHR UNUSED CMTMT CMRL IND LN	OTHR UNUSED CMTMT ALL OTHR	Loans to depository financial instit	Loans to nondepository financial ins	Loans to mortgage credit intermediar	Loans to business credit intermediar	Loans to private equity fund	Loans to consumer credit intermediar	Other loans to nondepository financi	1ST CP OF OT OFF BALANCE SHEET LIABI	2ND CP OF OT OFF BALANCE SHEET LIABI	3RD CP OF OT OFF BALANCE SHEET LIABI	1ST ITMZD&DESCRPTN LINE CPNT OF 5591	2ND ITMZD&DESCRPTN LINE CPNT OF 5591	3RD ITMZD&DESCRPTN LINE CPNT OF 5591	4TH ITMZD&DESCRPTN LINE CPNT OF 5591	
37								0	285																																	1247	0	0	0													
242								36	377																																	0	1365	0	0													
279								4271	23018																																	913	1921	0	0													
354								4563	0																																	1130	455	0	0													
457								617	868																																	2777	2697	0	0													
505								13815	12493																																	8298	25161	0	0													
1155								7978	21627																																	30997	22122	0	0													
1351								454	1118																																	3053	1514	0	0													
1454								21	35118																																	33978	35929	0	0													
1669								4041	5041																																	12889	1330	0	0													
1856								439	0																																	1398	366	0	0													
2161								1956	7513																																	1419	5205	0	0													
2732								810	16257																																	44740	4089	0	0													
2750								602	2343																																	1460	9511	0	0													
3252								0	898																																	4033	18631	0	0						One way Sell							
3458								351	206																																	817	1790	0	0													
3720								2170	3948																																	3666	3956	0	0													
3971								6470	23038																																	44870	9734	0	0													
4231								1685	4880																																	868	3085	0	0													
5069								220	4456																																	1940	0	0	0													
5135								1900	9488																																	10253	49289	0	0													
5210								38895	94425																																	137139	56660	0	0													
5461								0	6231																																	14857	9605	0	0													
5751								450	858																																	11099	13369	0	0													
6039	0	0	0	0	0	0	0	14699	25727	0	0	0	0	0	0	0	0	0	0	0	0	0	0	0	0	0																9431	4413	0	0													
6329	0	0	0	0	0	0	0	44427	95482	0	0	0	0	0	0	0	0	0	0	0	0	0	0	0	0	0																38772	20700	0	0													
7009								0	0																																	0	0	0	0													
7045	0	0	0	0	0	0	0	5029	0	0	0	0	0	0	0	0	0	0	0	0	0	0	0	0	0	0																944	6811	0	0													
7072								3979	538																																	7158	5237	0	0													
7456								586	610																																	7429	29063	0	0													
7634								1378	0																																	308	713	0	0													
8462								1072	73																																	3735	3953	0	0													
8631								789	1611																																	253	103	0	0													
9357								0	12902																																	163346	4326	17313	137943													
9553								930	2305																																	2761	21775	0	0													
9807	0	0	0	0	0	0	0	99377	258212	0	0	0	0	0	0	0	0	0	0	0	0	0	0	0	0	0																10621	5246	0	0						MUNICIPAL LETTER OF CREDIT FHLBNY							
9955								0	1276																																	4237	12209	0	0													
10250								3114	19317																																	41760	7712	0	0													
10849								5524	8965																																	2278	3731	0	0													
11145	0	0	0	0	0	0	0	1634	8067	0	0	0	0	0	0	0	0	0	0	0	0	0	0	0	0	0																6432	103	0	0													
11640								4304	3825																																	6744	30241	0	0													
11837								7340	3783																																	4109	3406	0	0													
12030								403	36680																																	8136	15192	0	0													
12142								755	1289																																	12055	9643	0	0													
12311																																																										
12647								3168	0																																	7062	10798	0	0													
12946								11765	196469																																	78383	81737	0	0													
13103	0	0	0	0	0	0	0	13463	195394	0	0	0	0	0	0	0	0	0	0	0	0	0	0	0	0	0																185690	19449	0	0													
13251								932	0																																	840	595	0	0													
13457								7723	1870																																	1957	4248	0	0													
14155								22041	6658																																	3124	16275	0	0													
14650								3	13081																																	8375	8041	0	0													
14753								0	16																																	318	5827	0	0													
14865								4049	13608																																	55588	132335	0	0													
14977	0	0	0	0	0	0	0	0	0	0	0	0	0	0	0	0	0	0	0	0	0	0	0	0	0	0																228	6226	0	0													
16551								6649	1348																																	13111	608	0	31													
17110	0	0	0	0	0	0	0	0	0	0	0	0	0	0	0	0	0	0	0	0	0	0	0	0	0	0																8567	130739	0	0													
17147	0	0	0	0	0	0	0	155127	663069	0	0	0	0	0	0	0	0	0	0	0	0	0	0	0	0	0	0	0	0	0	0	0	0	0	0	0	0	0				3205625	330469	0	256344	54285	0	202059	0	0								
17259								567	697																																	395	571	0	0													
17950								3661	6558																																	10881	21600	0	0													
17978								14609	92																																	0	27	0	0									Commit's to Originate Single Family Mortgages	Commit's to Originate Multi-Family Mortgages			
18050								7444	26949																																	10968	18267	0	0													
18827								17731	180726																																	83663	15998	0	2248													
18836								7113	5759																																	912	6474	0	0													
18854	0	0	0	0	0	0	750	42702	94647	0	0	0	0	0	0	0	0	0	0	0	0	0	0	0	0	0																153044	17393	0	0													
19356								506	2700																																	3449	81	0	0													
19936								6423	2894																																	11267	9381	0	0													
19972								3880	0																																	0	0	0	0													
20053								4063	0																																	6207	9642	0	0													
20633								2705	3468																																	1551	1757	0	0													
20857								6087	5341																																	28406	78488	0	0													
21256								0	0																																	2	34	0	0													
21359								403	42																																	893	0	0	2507													
21658	0	0	0	0	0	0	0	1541	9823	0	0	0	0	0	0	0	0	0	0	0	0	0	0	0	0	0																3914	4968	0	0													
22048								2511	14108																																	12379	3290	0	0													
22543								11925	11370																																	11801	1932	0	0													
22552								0	321																																	8676	10630	0	0													
22730								526	5442																																	4024	2827	0	0													
23456								9140	3577																																	3908	3717	0	0													
23504	0	0	0	0	140401	0	1264657	0	194644	0	0	140401	0	0	0	0	0	13791	116747	9863	0	0	0	0	0	0	56566	0	57260	0	0	0	0	0	0	0	57260	0				722014	76422	0	423789	135812	165348	122629	0	0								
23643								2473	4355																																	7048	1739	0	0													
23755								3515	3373																																	7341	558	0	0													
24378								227	642																																	16	27	0	0													
24659								0	748																																	369	3079	0	0													
24949								1005	35872																																	7156	5993	0	0													
25357								8539	8772																																	1147	31165	0	0													
25647	0	0	0	0	0	0	0	337	6212	0	0	0	0	0	0	0	0	0	0	0	0	0	0	0	0	0																8913	0	0	1265													
26765								62142	290241																																	398497	37081	0	4690													
27070								732	41581																																	22848	17028	0	0													
27614								4525	2880																																	6891	9835	0	0													
27847								7313	27247																																	5617	1183	0	0													
28013	0	0	0	0	0	0	0	1417	95911	0	0	0	0	0	0	0	0	0	0	0	0	0	0	0	0	0																112864	237	0	0													
28152	0	0	0	0	0	0	0	1552	966	0	0	0	0	0	0	0	0	0	0	0	0	0	0	0	0	0																15048	8930	0	0													
28675	0	0	0	0	0	0	0	3302	2353	0	0	0	0	0	0	0	0	0	0	0	0	0	0	0	0	0																5934	8515	0	0													
28732								11159	1548																																	4956	2596	0	0													
29476								23	11955																																	2841	0	0	0													
29636								23607	65861																																	15942	3114	0	0													
29878								948	40967																																	0	6119	0	0													
30052								1623	1308																																	735	0	0	0													
31134	0	0	0	0	0	0	0	1204	1051	0	0	0	0	0	0	0	0	0	0	0	0	0	0	0	0	0																3668	6039	0	0													
31255	0	0	0	0	0	0	176224	21305	44140	0	0	0	0	0	0	0	0	0	0	0	0	0	0	0	0	0																29611	4143	0	4429													
31657								858	359																																	1517	2052	0	0													
31826	0	0	0	0	0	0	0	3010	754	0	0	0	0	0	0	0	0	0	0	0	0	0	0	0	0	0																25	47592	0	0													
31835								0	2041																																	726	11124	0	0													
32234								236	21																																	14508	6037	0	0													
32766								6255	0																																	10924	2664	0	0													
32971								6278	11755																																	5082	1966	0	0													
33147								3845	27809																																	18306	21978	0	0													
33259								15465	66776																																	43581	26587	0	0													
33370	0	0	0	0	0	0	0	494	101	0	0	0	0	0	0	0	0	0	0	0	0	0	0	0	0	0																0	595	0	0													
33839								0	0																																	815	1988	0	0													
33857	0	0	0	0	0	0	0	27290	35082	0	0	0	0	0	0	0	0	0	0	0	0	0	0	0	0	0																59413	101223	0	0													
34537	0	0	0	0	10252	39102	0	732354	152130	0	0	10252	0	39102	0	0	0	0	0	10252	0	0	0	9432	14962	14708	12465	13989	0	0	0	0	0	0	0	0	0	0				685534	825918	0	32176	212	9445	0	700	21819								
34555	0	0	0	0	0	0	0	3508	22290	0	0	0	0	0	0	0	0	0	0	0	0	0	0	0	0	0																4259	9733	0	0													
34742								68226	4699																																	14294	13111	0	0													
35057	0	0	0	0	0	0	4100	2459	1980	0	0	0	0	0	0	0	0	0	0	0	0	0	0	0	0	0																2426	12595	0	0													
35301																																																										
35646								475	0																																	7965	51	0	0													
35879								14314	93																																	0	4642	0	0													
36933								20543	7973																																	2325	6627	0	0													
37051								350	2270																																	2078	4936	0	0													
37341								0	0																																	1187	1207	0	0													
37435								43012	61481																																	11407	11172	0	0													
37640	0	0	0	0	0	0	0	56969	377120	0	0	0	0	0	0	0	0	0	0	0	0	0	0	0	0	0																426102	307235	0	0													
37659								65	140																																	2210	307	0	0													
37949								0	0																																	0	14685	0	0													
38740								3588	11984																																	5641	1911	0	0													
39327								29873	40779																																	26378	26916	0	0													
40033								19	1000																																	0	30	0	0													
40499	0	0	0	0	105810	115989	189650	8350	175387	0	0	105810	115989	0	0	77594	28216	0	0	0	4778	104185	7026	0	0	0																156081	68026	0	0													
40855								193	1189																																	1108	3285	0	0													
41553								932	1596																																	857	1469	0	0													
41629								600	10656																																	4931	1495	0	25000													
41825	0	0	0	0	0	0	0	22154	27659	0	0	0	0	0	0	0	0	0	0	0	0	0	0	0	0	0																133379	5829	0	0													
42037								210	0																																	1193	874	0	0													
42354								744	9809																																	7466	2883	0	0													
42372								16054	1447																																	2077	6076	0	0													
42420	0	0	0	0	155481	157210	8220	52756	488121	0	0	155481	0	157210	0	0	0	0	142910	12571	0	0	0	29615	114259	13336	10078	20033	0	0	0	0	0	0	0	1174633	0	1174633				785137	133855	0	0	0	0	0	0	0								
42448								51224	72241																																	45421	90698	0	0									POTENTIAL RECOURSE ON SOLD LOANS				
42457								0	1378																																	471	7984	0	0													
43052								681	0																																	21031	1490	0	0													
43351								6166	8900																																	14027	9851	0	0								0					
43856								346	0																																	1735	265	0	0													
43959								7436	1918																																	4291	1855	0	0													
44040								1602	1039																																	5144	19230	0	0													
44433	0	0	0	0	0	0	0	19393	26686	0	0	0	0	0	0	0	0	0	0	0	0	0	0	0	0	0																15348	0	0	0													
44741								19260	28314																																	4242	3593	0	0													
44750								10122	4031																																	1729	18	0	0													
44929	0	0	0	0	0	0	0	0	2101	0	0	0	0	0	0	0	0	0	0	0	0	0	0	0	0	0																2906	2986	0	0													
45056								118	101																																	3952	7942	0	0													
45458								996	7952																																	12015	19831	0	0													
45551								0	51362																																	0	253268	0	0													
45560	0	0	0	0	0	0	0	46254	110277	0	0	0	0	0	0	0	0	0	0	0	0	0	0	0	0	0																193194	52847	0	0													
45775								1564	0																																	1235	8374	0	0													
46053								1203	7266																																	9420	8038	0	0													
46941								1124	8052																																	1809	12056	0	0													
47247	0	0	0	0	0	0	0	96994	6423	0	0	0	0	0	0	0	0	0	0	0	0	0	0	0	0	0																35771	6037	0	0													
47500								4645	22112																																	5322	7289	0	0													
48374								3675	134177																																	27571	22530	0	0													
48440								3467	442																																	7824	6215	0	0									FHLB Pool (8026)	FHLB New (14578)	FHLB (17742)	FHLB (18555)	
49054								1543	6610																																	2181	2999	0	0													
49148								239	0																																	1168	6016	0	0													
49241								8327	105706																																	95035	25669	0	0													
49652								394	874																																	8254	9576	0	0													
49858								25931	4594																																	2152	0	0	0													
49951								732	5224																																	17697	4225	0	0						Federal Home Loan Bank							
50144								439	0																																	1580	1359	0	0													
50461	0	0	0	0	0	0	0	7464	0	0	0	0	0	0	0	0	0	0	0	0	0	0	0	0	0	0																8598	50	0	0													
51253	0	0	0	0	0	0	0	2056	8308	0	0	0	0	0	0	0	0	0	0	0	0	0	0	0	0	0																3459	1790	0	0													
51356	0	0	0	0	0	0	0	0	0	0	0	0	0	0	0	0	0	0	0	0	0	0	0	0	0	0																0	783	0	0													
51459								570	622																																	8410	28834	0	0													
51842	0	0	0	0	0	0	0	1414	52440	0	0	0	0	0	0	0	0	0	0	0	0	0	0	0	0	0																39945	28484	0	0													
52719	0	0	0	0	0	0	0	0	0	0	0	0	0	0	0	0	0	0	0	0	0	0	0	0	0	0																0	0	0	0													
52951								697	3202																																	3245	5815	0	0						FHKB Letter of Credit							
53051								0	92																																	2592	1005	0	0													
54058	0	0	0	0	0	0	0	10700	0	0	0	0	0	0	0	0	0	0	0	0	0	0	0	0	0	0																0	51839	0	0													
54973	0	0	0	0	0	0	0	18682	231343	0	0	0	0	0	0	0	0	0	0	0	0	0	0	0	0	0																339367	147469	0	193													
55336								2581	22002																																	14018	2764	0	0													
55635								1766	18																																	678	1759	0	0													
55970								13530	17835																																	2073	1512	0	0													
56258								987	6294																																	16685	8796	0	0													
56351	0	0	0	0	0	0	0	51697	101554	0	0	0	0	0	0	0	0	0	0	0	0	0	0	0	0	0																173280	95604	0	7000													
56548								1191	35712																																	1134	5847	0	0													
56717								5518	27313																																	20326	16606	0	0													
57451								7285	17202																																	33078	3154	0	0													
58225								2064	5498																																	12913	1584	0	0													
58243	1078	0	0	0	44701	19322	0	80467	335873	0	0	45779	0	19322	1078	0	0	12499	19069	13133	0	0	0	0	19322	0																680501	348916	0	20204													
58355								1294	0																																	4502	1447	0	0													
58551								0	0																																	4991	15329	0	0													
58636								16250	14078																																	7596	9401	0	0													
58757								4620	3895																																	33999	25726	0	0													
58971	0	0	0	0	0	0	0	144565	366375	0	0	0	0	0	0	0	0	0	0	0	0	0	0	0	0	0	47	5	0	0	0	0	0	0	0	0	0	0				1368808	394892	142	0	0	0	0	0	0								
59316								16475	68430																																	78680	17642	0	0													
59352								1045	8697																																	5739	10730	0	0													
59370								6104	2037																																	7413	4106	0	0													
59754								3568	138																																	2685	0	0	81													
60143																																																										
60330	0	0	0	0	0	0	0	12204	6478	0	0	0	0	0	0	0	0	0	0	0	0	0	0	0	0	0																34179	26411	0	0													
60545								1832	64																																	8772	20513	0	0													
60554								0	329																																	1696	5967	0	0													
60648								2483	6563																																	10941	5766	0	0													
61122	0	0	0	0	0	0	6921	14981	33553	0	0	0	0	0	0	0	0	0	0	0	0	0	0	0	0	0																122997	4284	0	0													
61355								6987	41113																																	80639	27635	0	0													
61757	0	0	0	0	0	0	0	3529	13852	0	0	0	0	0	0	0	0	0	0	0	0	0	0	0	0	0																19161	2267	0	0													
61832								2002	6216																																	10936	5228	0	0													
61953								3706	768																																	2393	3271	0	0													
62044								17862	3817																																	24166	9545	0	0													
62110								0	0																																	0	0	0	0													
62147								1647	4110																																	591	2279	0	0													
63050								10063	10660																																	3307	2748	0	0													
63069																																																										
63201								379	2409																																	4581	2118	0	0													
63573								69564	31759																																	8332	353	0	0													
63733	0	0	0	0	0	0	0	41397	33810	0	0	0	0	0	0	0	0	0	0	0	0	0	0	0	0	0																14455	64120	0	0													
64552	0	0	0	0	0	0	26400	8501	21423	0	0	0	0	0	0	0	0	0	0	0	0	0	0	0	0	0																2500	293	0	0													
64730								18785	9904																																	53	2427	0	0													
65205								2015	41085																																	12441	2220	0	0													
65559	0	0	0	0	0	0	0	21649	8378	0	0	0	0	0	0	0	0	0	0	0	0	0	0	0	0	0																38096	51079	0	0													
65858								171708	156359																																	119414	143539	0	0						N/A	N/A	N/A	N/A	N/A	N/A	N/A	
66154								4641	11875																																	22657	4907	0	0													
66275								3419	7697																																	28202	30029	0	0													
67142								2322	826																																	458	1923	0	0													
67151								40066	67654																																	35474	2967	0	0													
67209								61050	80239																																	42638	18895	0	0													
67254								0	0																																	0	0	0	0													
67656	0	0	0	0	0	0	0	6134	55887	0	0	0	0	0	0	0	0	0	0	0	0	0	0	0	0	0																15075	29476	0	0													
67870								14550	31166																																	13014	1331	0	0													
68671								1400	0																																	0	0	0	0													
68756	0	0	0	0	0	0	0	23287	19528	0	0	0	0	0	0	0	0	0	0	0	0	0	0	0	0	0																86411	46030	0	0													
68831								3953	5305																																	2966	6651	0	0													
69333	0	0	0	0	0	0	0	23511	77869	0	0	0	0	0	0	0	0	0	0	0	0	0	0	0	0	0																96624	5922	0	9343													
69678								2777	3190																																	51997	22588	0	0													
70218	0	0	0	0	0	0	0	0	1791	0	0	0	0	0	0	0	0	0	0	0	0	0	0	0	0	0																616	34	0	0													
70638								3081	4739																																	2853	20043	0	0													
70955								0	0																																	0	916	0	0													
71073								4578	2025																																	1387	36031	0	0													
71457								0	0																																	34931	79384	0	0													
71859								0	0																																	63	110303	0	0													
72258								937	676																																	15760	0	0	9970													
72351								276	0																																	974	587	0	0													
72454								663	28																																	5514	3908	0	0													
72678								505	13341																																	6413	1348	0	0													
73116								16091	29054																																	18937	514	0	0													
73152								274	1217																																	644	6427	0	0													
73554								625	1562																																	9909	39698	0	0													
73956								0	0																																	816	1378	0	0													
74056								0	89482																																	1824	24473	0	0													
74140	0	0	0	0	0	0	0	15505	47317	0	0	0	0	0	0	0	0	0	0	0	0	0	0	0	0	0																144763	126160	5000	2808													
74403	0	0	0	0	0	0	66000	21753	26273	0	0	0	0	0	0	0	0	0	0	0	0	0	0	0	0	0																79684	18082	0	0													
74449								298	20																																	31	205	0	0													
75259								18946	45374																																	140535	23589	0	0													
75446								657	39																																	9685	16838	0	0													
75455								0	0																																	68	798	0	0													
75633																																																										
75651								0	0																																	396	4907	0	0													
76153	0	0	0	0	0	0	0	0	0	0	0	0	0	0	0	0	0	0	0	0	0	0	0	0	0	0																442	7923	0	0													
76443								9577	798																																	668	1863	0	0													
76854								10481	26087																																	36507	5098	0	0													
77150	0	0	0	0	0	0	0	434	765	0	0	0	0	0	0	0	0	0	0	0	0	0	0	0	0	0																5814	8104	0	0													
77253								5596	4747																																	9974	17027	0	0													
77422								1613	4389																																	0	2111	0	6500													
77851	0	0	0	0	0	0	0	18058	126463	0	0	0	0	0	0	0	0	0	0	0	0	0	0	0	0	0																374926	197753	0	6475													
78157								145	1500																																	252	1	0	0													
78241								1920	191																																	953	2055	0	0													
78559								284	489																																	255	815	0	0													
79042	0	0	0	0	0	0	0	15377	16661	0	0	0	0	0	0	0	0	0	0	0	0	0	0	0	0	0																2224	0	0	0													
79127								1502	540																																	1067	28	0	0													
79145								4161	7772																																	297	8617	0	0													
79257								0	0																																	1120	0	0	0													
79855								4921	10130																																	7078	12135	0	0													
80150								802	7785																																	27482	92561	0	0													
80374								3070	0																																	1186	1579	0	0													
80431								1586	353																																	941	440	0	0													
81175								6547	7322																																	20029	35136	0	0													
82033								90	12528																																	8786	0	0	0													
82257								0	0																																	4321	3299	0	0													
82350								110	157																																	701	446	0	0													
83375								19217	72227																																	270021	30721	0	0													
83638																																																										
83834								486	7872																																	4640	9545	0	0													
83852								22	0																																	1389	8516	0	0													
83955								798	2826																																	9632	5075	0	0													
84541								44894	57007																																	85151	80080	0	0													
85052								0	1904																																	5082	67	0	0													
85472	0	0	0	0	104880	24938	1350000	216543	882058	0	0	104880	0	24938	0	0	0	34167	39213	31500	0	0	0	0	18945	5993	51127	7178	47153	0	0	0	0	0	0	0	47153	0				767621	146538	0	278181	35000	151048	62389	29744	0								
85931								3658	160																																	1648	2438	0	0													
86349								5776	3404																																	1044	8353	0	0													
86675								18240	33180																																	4998	0	0	156													
87047								294	2770																																	4	0	0	0													
87234								53600	18512																																	30685	241	0	0													
87476								0	209																																	0	0	0	0													
87579	0	0	0	0	0	0	17000	15689	7975	0	0	0	0	0	0	0	0	0	0	0	0	0	0	0	0	0																291	11264	0	0													
88231								72264	33740																																	18168	1547	0	0													
88259								125	0																																	3466	8744	0	0						Federal Home Loan Bank Letters of Credit							
88352	0	0	0	0	0	0	0	308	2975	0	0	0	0	0	0	0	0	0	0	0	0	0	0	0	0	0																4847	5087	0	0													
88455								9461	4477																																	39352	147280	0	0													
89032								4091	5979																																	2692	2722	0	0													
89135								0	766																																	7057	0	0	0													
89854								2889	3615																																	2658	15583	0	0													
89957								6785	8654																																	5707	0	0	0													
90047								278	0																																	86	2291	0	0													
90177								0	0																																	0	3003	0	0													
90328								21215	62652																																	17678	25162	0	0													
90337								8558	33819																																	49643	7475	0	0													
90579								2616	11479																																	6605	0	0	0													
91615								0	0																																	0	8898	0	0													
91950								0	0																																	0	5526	0	0													
92144								0	0																																	0	4497	0	0													
92676	0	0	0	0	0	0	0	3945	46894	0	0	0	0	0	0	0	0	0	0	0	0	0	0	0	0	0																64286	22458	0	0													
92706								7297	366																																	3992	939	0	0													
92902								0	0																																	0	0	0	0													
93244								3739	14889																																	10566	11450	0	0													
93543								6702	24631																																	17245	24839	0	0													
93619																																																										
94139								7404	29646																																	24796	2904	0	0													
94522								45169	33712																																	22073	19011	0	0													
94755								4103	2934																																	5469	6903	0	0													
94858								2427	43																																	1994	6478	0	0													
95051	0	0	0	0	0	0	0	793	248	0	0	0	0	0	0	0	0	0	0	0	0	0	0	0	0	0																1577	3371	0	0													
95677								0	0																																	520	195	0	0													
96553								124	1476																																	4386	14309	0	0													
97055								577	2743																																	12231	52154	0	0													
97279								1209	508																																	3473	2557	0	0													
97457								3706	1057																																	1825	11955	0	0													
97804								904	125738																																	113543	0	0	8353													
97943								3714	3163																																	16243	25826	0	0													
98351								2811	1846																																	2178	3756	0	0													
98463								425	16913																																	37772	20593	0	0													
98717	0	0	0	0	0	0	0	0	1001	0	0	0	0	0	0	0	0	0	0	0	0	0	0	0	0	0																0	0	0	0													
99143								1594	1065																																	2892	13699	0	0													
99376	0	0	0	0	31315	0	61976	0	671352	0	0	31315	0	0	0	0	0	0	6307	25008	0	0	0	0	0	0																206568	8	192899	0									Commitments to purchase loans	Recourse on loans			
99442								12741	26580																																	15747	38664	0	0													
99536								17499	81807																																	19649	1127	0	0													
99853								0	147																																	93	10	0	0													
100236								12301	13942																																	5975	16171	0	0													
100357								24093	14976																																	25977	94844	0	0													
100562	0	0	0	0	0	0	0	51399	501560	0	0	0	0	0	0	0	0	0	0	0	0	0	0	0	0	0																618124	342382	0	0													
100777								9597	4105																																	22016	772	0	0													
100843								4319	20873																																	7797	38531	0	0													
101037								17119	14207																																	22460	49292	0	0													
101439								3842	12541																																	2051	4678	0	0													
101671	0	0	0	0	0	0	0	482	17953	0	0	0	0	0	0	0	0	0	0	0	0	0	0	0	0	0																38288	11159	0	0													
101738								5068	768																																	11321	3217	0	0													
101952								1217	0																																	5536	1610	0	0													
102333								1732	999																																	185	0	0	0													
102342								6559	0																																	11990	43937	0	0													
102557								543	2376																																	8930	302	0	0													
102874	0	0	0	0	0	0	0	4448	482	0	0	0	0	0	0	0	0	0	0	0	0	0	0	0	0	0																2257	1103	0	0													
103134								2721	1326																																	3032	5050	0	0													
104234								213	991																																	1	421	0	0													
104542								0	0																																	0	0	0	0													
104971								0	0																																	0	55	0	0													
105026								20284	1867																																	14164	10623	0	0													
105473								73439	63290																																	102394	78363	2500	0													
105530								7476	166																																	914	6538	0	0													
106359	0	0	0	0	0	0	0	44873	131138	0	0	0	0	0	0	0	0	0	0	0	0	0	0	0	0	0																107218	15759	0	0													
106452								17475	76542																																	39700	10478	0	0													
106676								2826	443																																	0	0	0	0													
107244	0	0	0	0	40223	0	4112100	3638132	8658200	0	0	40223	0	0	0	0	0	0	40223	0	0	0	0	0	0	0	258	256	0	0	0	0	0	0	0	0	0	0				2381437	147235	0	2915865	0	1605424	887599	0	422842								
107570								2345	6480																																	29916	895	0	0													
107758								50	98																																	986	3003	0	0													
108072								1321	0																																	7301	1918	0	0													
108269								61	164																																	100	0	0	450													
108652								0	52																																	90	0	0	0													
108746								0	17																																	28	3828	0	0													
108951								7456	597																																	51834	39148	0	0													
109136								33971	17085																																	3343	3862	0	0													
109154								6615	52																																	1826	0	0	0													
109453								6882	5606																																	14688	16034	0	0													
109574								18336	16288																																	26266	5396	0	0													
109659								3374	13685																																	13776	1758	0	0													
110413	0	0	0	0	0	0	0	0	121836	0	0	0	0	0	0	0	0	0	0	0	0	0	0	0	0	0																55300	23435	0	0													
110936								0	183231																																	23703	33005	0	0													
110945								3210	4579																																	9610	15905	0	0													
110972								1866	3535																																	1125	853	0	0													
111157	0	0	0	0	0	0	0	0	0	0	0	0	0	0	0	0	0	0	0	0	0	0	0	0	0	0																4461	16291	0	0													
111205								22384	12523																																	20091	33823	0	0													
111942								10259	21867																																	42155	8948	0	0													
112163	0	0	0	0	0	0	0	50390	64498	0	0	0	0	0	0	0	0	0	0	0	0	0	0	0	0	0																124902	48050	0	0													
112332								1497	238																																	421	1833	0	0													
112510								308	551																																	1041	1399	0	0													
112556								362	0																																	134	5137	0	0													
112837																																																										
113003	0	0	0	0	0	0	0	1888	0	0	0	0	0	0	0	0	0	0	0	0	0	0	0	0	0	0																0	2695	0	0													
113030								949	156																																	327	7988	0	0													
113441								3448	57215																																	40209	38461	0	0													
113601								34787	250177																																	497	32	0	0													
113740	0	0	0	0	0	0	0	6706	44331	0	0	0	0	0	0	0	0	0	0	0	0	0	0	0	0	0																106921	6662	0	0													
114149								0	916																																	12731	4013	0	0													
114260	0	0	0	0	0	0	0	19890	283786	0	0	0	0	0	0	0	0	0	0	0	0	0	0	0	0	0																215648	18075	0	0													
114457								1273	0																																	14355	13278	0	0													
114774								9387	0																																	0	4740	0	0													
114840								4734	34021																																	23788	6068	0	0													
114859								127	800																																	1772	5542	0	0													
115146								887	0																																	8534	11788	0	0													
115575								26546	14758																																	30371	12096	0	0													
116358								241	1140																																	2315	380	0	0													
116554								0	230																																	880	0	0	0													
116741								0	0																																	2111	4373	0	0													
117038	0	0	0	0	0	0	10000	7429	1104	0	0	0	0	0	0	0	0	0	0	0	0	0	0	0	0	0																11781	8749	0	0													
117074								0	1791																																	0	0	0	0													
117458								100	72580																																	15724	60921	0	0													
117775	0	0	0	0	0	0	0	229	265	0	0	0	0	0	0	0	0	0	0	0	0	0	0	0	0	0																1178	0	0	0													
118156								1472	83632																																	92778	26775	0	0													
118660								0	0																																	3273	0	0	0													
118736								1567	571																																	2673	4195	0	0													
119153	0	0	0	0	0	0	0	240	3453	0	0	0	0	0	0	0	0	0	0	0	0	0	0	0	0	0																19851	6244	0	0													
119779	0	0	0	0	0	0	0	23508	38417	0	0	0	0	0	0	0	0	0	0	0	0	0	0	0	0	0																58163	3394	0	0													
119872								4442	11545																																	6148	2791	0	0													
120476								1857	154																																	0	3	0	0													
120542								3283	23965																																	17605	236	0	0													
120609								20143	112008																																	103689	10549	0	0													
120953								0	0																																	9049	18959	0	0													
121642	0	0	0	0	0	0	355000	133824	268149	0	0	0	0	0	0	0	0	0	0	0	0	0	0	0	0	0																356368	292880	0	0													
121651								0	143																																	267	50	0	0													
121914								2297	19164																																	4465	2576	0	0													
122153								1353	249																																	619	0	0	0													
122546								809	0																																	2689	472	100	0						Federal Home Loan Bank Letter of Credit							
123075								0	0																																	0	914	0	0													
123374								1473	4909																																	1683	580	0	0													
124344								5999	31102																																	11482	3412	0	0													
124830								693	1949																																	1707	12509	0	0													
125154	0	0	0	0	0	0	0	0	9459	0	0	0	0	0	0	0	0	0	0	0	0	0	0	0	0	0																0	13851	0	0													
125855								3686	38527																																	121667	54160	0	0													
126012								437	4769																																	24562	6824	0	0													
126049								4922	996																																	797	665	0	0													
126375								0	0																																	0	0	0	0													
126553	0	0	0	0	0	0	0	16738	1489	0	0	0	0	0	0	0	0	0	0	0	0	0	0	0	0	0																16226	3918	0	0													
126834								28534	180																																	10851	10256	0	0													
127055								0	1815																																	2311	110	0	0													
127224								1661	2637																																	3606	3541	0	0													
128258								0	625																																	437	3384	0	0													
128904	0	0	0	0	260643	193468	0	41173	741846	0	0	260643	193468	0	0	0	0	43445	160669	56529	0	0	0	13470	135289	44709	29787	13375	13941	0	0	0	0	0	0	0	13941	0				2236742	615336	0	624441	212436	113757	34562	44827	218859								
129349								455	0																																	19368	2436	0	0													
129358								8360	5802																																	2065	1941	0	0													
129732	0	0	0	0	9073	6546	0	0	370563	0	0	9073	6546	0	0	0	0	0	9073	0	0	0	0	0	6546	0																1021090	370005	0	153594													
129853								1074	5593																																	3128	12300	0	0													
129910								9885	13861																																	11814	3774	0	0													
130345								8828	11429																																	53593	5302	0	0													
130541	0	0	0	0	0	0	0	35604	247644	0	0	0	0	0	0	0	0	0	0	0	0	0	0	0	0	0																312804	13410	0	0													
131436	0	0	0	0	0	0	0	2624	33693	0	0	0	0	0	0	0	0	0	0	0	0	0	0	0	0	0																5395	43489	0	0													
131717	0	0	0	0	0	0	0	0	459	0	0	0	0	0	0	0	0	0	0	0	0	0	0	0	0	0																161	249	0	0													
131940								2355	0																																	6572	8	0	0													
132107								17218	59821																																	92444	7586	0	4015													
132451								12009	306																																	902	611	0	0													
132778								49	0																																	795	890	0	0													
132938								1204	1125																																	2338	3459	0	746													
133579	0	0	0	0	0	0	0	9838	8077	0	0	0	0	0	0	0	0	0	0	0	0	0	0	0	0	0																9528	511	0	0													
133850								60343	79541																																	44352	33595	0	11500													
133971								0	235																																	0	2735	0	0													
134156								226	2																																	2926	13960	0	0													
134437								9658	29858																																	81942	45533	0	0													
134455								480	1658																																	4598	6979	0	0													
134848								5653	1327																																	17379	14	0	0													
135836								529	4559																																	3492	0	0	0													
135854								0	19																																	6370	45605	0	0													
136048								3	314																																	3517	8648	0	0													
136338								2301	5260																																	10373	1922	0	0													
136655								225	914																																	677	4903	0	0													
137205								15592	136133																																	239057	41054	0	0													
137447								1870	0																																	17440	18016	0	0													
137456								1130	2																																	1429	9482	0	0													
137559								0	0																																	2160	7460	0	0													
137643								13	1746																																	2983	6995	0	4026													
137652	0	0	0	0	0	0	0	27253	10904	0	0	0	0	0	0	0	0	0	0	0	0	0	0	0	0	0																10702	596	0	69055													
137915	0	0	0	0	0	0	0	0	138434	0	0	0	0	0	0	0	0	0	0	0	0	0	0	0	0	0																604109	11370	0	0													
138051								1023	0																																	94	12886	0	0													
138257								6	0																																	1220	1836	0	0													
138556								2879	1925																																	1418	1519	0	0													
139133	0	0	0	0	0	0	5000	6121	9775	0	0	0	0	0	0	0	0	0	0	0	0	0	0	0	0	0																22968	13743	0	0													
139478								5693	5285																																	0	58321	0	0													
139553								17598	21850																																	136482	63441	0	0													
139656	0	0	0	0	0	0	0	51616	308732	0	0	0	0	0	0	0	0	0	0	0	0	0	0	0	0	0																377627	265923	0	0													
139740	0	0	0	0	0	0	32563	101575	116802	0	0	0	0	0	0	0	0	0	0	0	0	0	0	0	0	0																444103	29107	0	0													
139843	0	0	0	0	0	0	0	42335	74350	0	0	0	0	0	0	0	0	0	0	0	0	0	0	0	0	0																190700	182986	0	0													
140157								199	446																																	7618	75711	0	0													
140362	0	0	0	0	0	0	0	9809	237019	0	0	0	0	0	0	0	0	0	0	0	0	0	0	0	0	0																288979	82638	0	135163													
140634								0	624																																	352	4307	0	0													
141350								0	103																																	7090	20965	0	0													
141556																																																										
141677								1629	0																																	0	0	0	0													
141958								791	1463																																	494	509	0	0													
142049								452	2091																																	4080	9910	0	0													
142179								185	0																																	0	582	0	0													
142955								3780	35427																																	42941	44711	0	0													
143372								640	527																																	589	3031	0	0													
143662	0	0	0	0	112273	77516	0	861423	995737	0	0	112273	77516	0	39579	68494	4200	0	0	0	12399	65117	0	0	0	0	0	173481	7486	0	0	0	88543	0	0	0	96029	0				4857185	1466234	0	112614	58565	32861	0	2	21185								
143859								4421	2623																																	19596	54632	0	3500													
143952								1591	1409																																	3659	5522	0	0													
144052								3522	8347																																	7539	11202	0	0													
144155	0	0	0	0	0	0	0	3144	8558	0	0	0	0	0	0	0	0	0	0	0	0	0	0	0	0	0																19812	422	0	0													
144678								5803	0																																	0	4774	0	0													
144856								4683	11496																																	17558	4006	0	0													
144913								1655	7847																																	15506	321	0	0													
145059								20	1384																																	2968	0	0	2595													
145545								17760	8955																																	20963	4566	0	0													
145554								3789	9004																																	20033	6245	0	0													
145741								4212	2146																																	4236	0	0	12787													
145844								3416	3630																																	23075	30714	0	0													
146056								262	243																																	1146	775	0	0													
146663								0	11371																																	13549	798	0	0													
147651								0	2																																	228	1149	0	0													
147679								13395	10008																																	2960	3020	0	0						NA	NA	NA	NA	NA	NA	NA	
147857	0	0	0	0	0	0	0	0	4804	0	0	0	0	0	0	0	0	0	0	0	0	0	0	0	0	0																31915	513	0	0													
147923								7390	55654																																	22616	11264	0	0													
148171								4471	1862																																	9946	8606	0	0													
148238								4393	21255																																	8874	5103	0	0													
148340								443	753																																	3845	1009	0	0													
148470								7348	1300																																	269	4240	0	0													
148715								2562	2273																																	3421	5943	0	0													
149150								5111	2494																																	1814	6540	0	0													
150035	0	0	0	0	0	0	0	777	64393	0	0	0	0	0	0	0	0	0	0	0	0	0	0	0	0	0																96333	836	0	0													
150044								19889	39867																																	9593	15765	0	0													
150727								2121	49116																																	49643	8009	0	0													
151957								2356	25065																																	28811	94167	0	0													
152057								5135	7301																																	7399	3640	0	0													
152253								1271	1102																																	10624	0	0	0													
152440								266	93																																	963	3967	0	0													
153054								3547	14243																																	92348	16533	0	0													
153353								71084	32186																																	33456	54371	0	0													
154154								12277	32647																																	26042	11050	0	0													
154770								20754	61349																																	67415	200	0	0													
155759								0	0																																	948	9657	0	0													
156457								1989	1145																																	441	0	0	3235													
156970	0	0	0	0	0	0	0	634	0	0	0	0	0	0	0	0	0	0	0	0	0	0	0	0	0	0																3115	0	0	0													
157155								338	252																																	481	1861	0	0													
157379								3746	571																																	3538	1605	0	0													
157650	0	0	0	0	0	0	0	2959	198	0	0	0	0	0	0	0	0	0	0	0	0	0	0	0	0	0																7341	11	0	0													
157744								1023	4512																																	6219	18260	0	0													
157856								0	0																																	112	0	0	0													
158376								2450	0																																	0	0	0	0													
158741								4	7015																																	12072	103	0	0													
159636	0	0	0	0	0	0	0	329990	348765	0	0	0	0	0	0	0	0	0	0	0	0	0	0	0	0	0																83799	108412	0	0													
159645								0	2000																																	1915	3975	0	0													
159953								680	1833																																	3131	8688	0	0													
159971								0	27786																																	0	11490	0	0													
160360								1945	19118																																	72986	7517	0	0													
160454								3712	6402																																	4495	4708	2424	0													
160959	0	0	0	0	0	0	39000	13775	53496	0	0	0	0	0	0	0	0	0	0	0	0	0	0	0	0	0																121369	11017	5500	0													
161273								62173	48016																																	131201	128589	0	0													
161602								23311	73645																																	333869	61828	75	0													
162337								53207	44123																																	20138	23464	6000	1218													
163343								2758	167																																	4965	2944	0	0													
163549	0	0	0	0	0	0	0	849	40885	0	0	0	0	0	0	0	0	0	0	0	0	0	0	0	0	0																204381	28076	0	0													
163857								11780	28369																																	46435	40168	0	14392													
164153								1254	5179																																	5786	1579	0	0													
164331								0	0																																	10218	5328	0	0													
164377								2277	5727																																	281	5757	0	0													
164957								4691	2072																																	731	3604	0	0													
164975								0	0																																	0	1873	0	0													
165628																																																										
165758								1682	2603																																	5312	636	0	0													
166111								5350	619																																	40	10560	0	0													
166531								4425	17658																																	8120	6488	0	0													
166652	0	0	0	0	0	0	0	1934	13950	0	0	0	0	0	0	0	0	0	0	0	0	0	0	0	0	0																0	140305	0	0													
167453								7672	1888																																	5189	8490	0	0													
167752								199	0																																	147	1231	0	0													
168571								8562	975																																	9940	27126	0	0													
169354								1193	573																																	5332	6291	343	0													
169653	0	0	0	0	12620	20210	0	15451	210321	0	0	12620	0	20210	0	0	0	0	12620	0	0	0	0	5153	0	15057																389991	49525	0	0													
169756								12078	9309																																	9092	4255	0	0													
170257								257	341																																	903	992	0	0													
170275								26024	3600																																	0	6947	0	0													
170332	0	0	0	0	0	0	1330	3220	2339	0	0	0	0	0	0	0	0	0	0	0	0	0	0	0	0	0																7374	5464	0	0													
171133																																																										
171656	0	0	0	0	0	0	0	2684	5155	0	0	0	0	0	0	0	0	0	0	0	0	0	0	0	0	0																4281	3018	0	0													
171759								1056	147																																	5713	12541	0	0													
171768								50694	21139																																	5386	249	0	0													
172251								2069	1124																																	680	348	0	0													
172457								6691	16039																																	3613	3413	0	0													
172475								3646	5879																																	3894	900	0	0													
172859								0	0																																	2719	0	0	33506													
173306	0	0	0	0	0	0	0	8418	7698	0	0	0	0	0	0	0	0	0	0	0	0	0	0	0	0	0																12200	10482	0	7394													
173557								298	20415																																	8071	8315	0	0													
173575	0	0	0	0	0	0	0	146524	50144	0	0	0	0	0	0	0	0	0	0	0	0	0	0	0	0	0																36363	2508	0	0													
173641								4838	10278																																	5444	7696	0	0													
173959								0	0																																	26	322	0	0													
174321								4050	2061																																	1656	0	0	0													
174367								828	0																																	1025	10	0	0													
174572	0	0	0	0	0	0	0	29295	630548	0	0	0	0	0	0	0	0	0	0	0	0	0	0	0	0	0	2676	3235	0	0	0	0	0	0	0	0	0	0				459764	21117	0	0	0	0	0	0	0								
175056	0	0	0	0	0	0	0	773	29597	0	0	0	0	0	0	0	0	0	0	0	0	0	0	0	0	0																9844	14783	0	0													
175140	0	0	0	0	0	0	0	2591	9760	0	0	0	0	0	0	0	0	0	0	0	0	0	0	0	0	0																29546	25026	0	0													
175458								48	0																																	164	2433	0	0													
175609								3709	653																																	2243	1128	0	0													
176101	0	0	0	0	0	0	0	15148	126824	0	0	0	0	0	0	0	0	0	0	0	0	0	0	0	0	0																262926	591	0	0													
176325	0	0	0	0	0	0	0	395	14512	0	0	0	0	0	0	0	0	0	0	0	0	0	0	0	0	0																10802	1196	0	0													
176437								1125	1799																																	244	530	0	0													
176464								27218	12317																																	33497	33907	0	0													
176642								4485	0																																	275	4092	0	0													
177135								0	0																																	0	677	0	0													
177443								1222	5278																																	1382	3318	0	0													
177500								1413	0																																	1840	2108	0	0													
177555								0	0																																	0	865	0	0													
177751								0	40066																																	117092	0	0	0													
177920								3917	61027																																	125990	43234	5000	0													
178150								4411	32																																	6523	1004	0	0													
178244								2141	1158																																	4495	10977	0	0													
178356								708	1885																																	45	74	0	0													
178851								25298	8641																																	1621	14485	0	0													
179148								565	0																																	12193	5686	0	0													
179335								838	5481																																	1645	1131	0	0													
179700	0	0	0	0	0	0	0	0	15683	0	0	0	0	0	0	0	0	0	0	0	0	0	0	0	0	0																13017	0	0	1010													
180144								1303	2273																																	1010	1266	0	0													
180845								299	5084																																	1204	4922	0	0													
181963								2563	1490																																	1290	269	0	0													
182951								3926	9928																																	8480	34910	0	0													
183668								0	13850																																	12194	645	0	0													
183770								27760	73011																																	17265	5087	0	0													
183958								0	1405																																	3074	33184	0	0													
184656	0	0	0	0	0	0	0	0	0	0	0	0	0	0	0	0	0	0	0	0	0	0	0	0	0	0																7113	5458	0	0													
184759								0	0																																	0	2562	0	0													
185251								0	0																																	0	50	0	0													
185448	0	0	0	0	0	0	0	2895	4234	0	0	0	0	0	0	0	0	0	0	0	0	0	0	0	0	0																3753	742	0	0													
185859								33130	64121																																	29930	525	0	0													
186717								6767	56404																																	9915	5086	0	0													
186744								29456	34816																																	243798	8929	0	1100													
187648								0	106																																	2	0	0	0													
187947	0	0	0	0	6119	5742	0	9432	78242	0	0	6119	0	5742	0	0	0	0	0	6119	0	0	0	0	5742	0																121070	117298	0	0													
188056								0	0																																	4428	14034	0	0													
188177	0	0	0	0	0	0	0	399	0	0	0	0	0	0	0	0	0	0	0	0	0	0	0	0	0	0																0	823	0	0													
188430	0	0	0	0	0	0	0	1300	22890	0	0	0	0	0	0	0	0	0	0	0	0	0	0	0	0	0																12009	6658	0	0													
188449	0	0	0	0	0	0	0	2096	0	0	0	0	0	0	0	0	0	0	0	0	0	0	0	0	0	0																20396	4035	0	0													
188720								8542	7910																																	8500	1663	0	0													
188739								1297	827																																	128	3677	0	0						FHLB Irrevocable Standby Letters of Credit							
188917								245	6209																																	2525	683	0	0													
189129								14059	30090																																	106124	10957	0	0													
189950								0	140																																	4799	17941	0	0													
190563								6402	8327																																	37185	2318	0	0													
190648								0	2925																																	21948	9130	0	0													
190947								807	313																																	1480	4364	0	0													
190956								0	108																																	2713	22587	0	0													
191355	0	0	0	0	0	0	0	0	3473	0	0	0	0	0	0	0	0	0	0	0	0	0	0	0	0	0																3257	28960	0	0													
191935								2038	5847																																	18818	6152	0	0													
192147	0	0	0	0	0	0	5000	4743	4599	0	0	0	0	0	0	0	0	0	0	0	0	0	0	0	0	0																6975	12037	0	0													
192558	0	0	0	0	0	0	0	1807	17697	0	0	0	0	0	0	0	0	0	0	0	0	0	0	0	0	0																7522	18456	0	0													
192651								0	0																																	383	7853	0	0													
192857								142	16735																																	28346	28040	0	0													
193162								1898	4052																																	1220	1651	0	0						FHLB LOC							
193537								1519	0																																	1754	15718	0	0													
193649								0	0																																	23838	21236	0	0													
193809	0	0	0	0	0	0	0	146427	83228	0	0	0	0	0	0	0	0	0	0	0	0	0	0	0	0	0																88335	13668	0	0													
194440								7907	1063																																	16154	9701	0	0													
194570								3868	2918																																	697	1389	0	0													
194936								1746	6464																																	5334	164	0	0													
195111								223	14587																																	65871	4712	0	0													
195157								0	0																																	170	2039	0	0													
195456								1263	2075																																	589	1099	0	0													
196752	0	0	0	0	0	0	0	3067	1876	0	0	0	0	0	0	0	0	0	0	0	0	0	0	0	0	0																960	659	0	0													
196800	0	0	0	0	0	0	0	10046	67249	0	0	0	0	0	0	0	0	0	0	0	0	0	0	0	0	0																250	7473	0	0													
197142								8227	6055																																	5789	5366	0	0													
197254	0	0	0	0	0	0	0	0	0	0	0	0	0	0	0	0	0	0	0	0	0	0	0	0	0	0																2710	5924	0	0													
197302								40191	36569																																	11897	5296	0	0													
197478																																																										
197759								4067	3100																																	12529	22147	0	0													
198073								2425	0																																	1019	0	0	0													
198149								6845	16247																																	16984	29647	0	0													
198251								12752	12736																																	13843	507	0	0													
198961								1669	2920																																	3603	2442	0	0													
199137								3776	1484																																	0	4	0	0													
199351								2382	5688																																	6103	30663	0	0													
199436								177	6727																																	3380	7120	0	0													
199463								22658	11023																																	57915	34237	0	0													
200435	0	0	0	0	0	0	0	8582	39267	0	0	0	0	0	0	0	0	0	0	0	0	0	0	0	0	0																10069	70596	0	0													
201254								26	858																																	5741	6389	0	0													
201834	0	0	0	0	0	0	0	19788	214113	0	0	0	0	0	0	0	0	0	0	0	0	0	0	0	0	0																127814	0	0	0													
202514								16192	4694																																	11299	1557	0	0													
202541								891	182																																	5335	97	0	0													
202907	0	0	0	0	53139	69388	0	51302	490928	0	0	53139	69388	0	0	0	0	0	41367	11772	0	0	0	0	30588	38800	0	0	0	0	0	0	0	0	0	0	0	0				847387	131128	0	7409	0	0	0	0	7409								
203043	0	0	0	0	0	0	0	1338	3484	0	0	0	0	0	0	0	0	0	0	0	0	0	0	0	0	0																22221	45629	0	0													
203052	0	0	0	0	0	0	0	0	0	0	0	0	0	0	0	0	0	0	0	0	0	0	0	0	0	0																0	0	0	0													
203575								0	217																																	92	1172	0	0													
204004	0	0	0	0	65772	33456	1175000	0	161865	0	0	65772	33456	0	0	0	0	14219	51553	0	0	0	0	0	22000	11456	95425	0	0	0	0	0	0	0	0	0	0	0				2124773	65238	1932	0	0	0	0	0	0								
204237								3563	3968																																	0	3247	0	0													
204826								1598	0																																	25910	5466	0	0													
205243								11301	6041																																	9960	1624	0	0													
205346								4505	4098																																	22411	11282	0	0													
205458								7342	0																																	530	4015	0	0													
205542								450	2281																																	7569	17844	0	0													
206156								0	7207																																	12387	336	0	0													
206174								1318	9381																																	1766	8870	0	0													
206473								282	0																																	0	0	0	0													
206772								0	0																																	0	5300	0	0													
206950								850	0																																	1566	4766	0	0													
207041								134	0																																	481	603	0	0													
207050	0	0	0	0	0	0	0	56704	122128	0	0	0	0	0	0	0	0	0	0	0	0	0	0	0	0	0																25424	16012	0	0													
207452								626	2976																																	3881	9819	0	0													
207470								0	1550																																	0	5458	0	0													
207555								0	9021																																	5729	5709	0	0													
207845								6410	42992																																	105424	0	0	1548													
207872								21638	39828																																	51949	674	0	0													
208057	0	0	0	0	0	0	0	0	0	0	0	0	0	0	0	0	0	0	0	0	0	0	0	0	0	0																22325	18132	0	0													
208244																																																										
208347								4397	1029																																	1618	0	0	3695													
208440								1824	486																																	7092	11796	0	0													
208459								0	0																																	449	15	0	0													
208570								0	0																																	197	0	0	0													
208655								0	0																																	7030	88011	0	0													
208972								3057	1600																																	0	0	0	0													
209148	0	0	0	0	0	0	0	1768	1526	0	0	0	0	0	0	0	0	0	0	0	0	0	0	0	0	0																62858	0	0	0													
209362								0	0																																	0	0	0	0													
209559								0	0																																	0	3770	0	0													
209858								6795	22372																																	195002	690	0	0													
210238								23905	5749																																	7705	4292	0	0													
210256								941	115																																	5159	1108	0	0							`						
210434																																																			Sponsored Repo Guarantee							
211114	0	0	0	0	0	0	0	916	7613	0	0	0	0	0	0	0	0	0	0	0	0	0	0	0	0	0																1390	5916	0	0													
211271	0	0	0	0	0	0	0	233666	107520	0	0	0	0	0	0	0	0	0	0	0	0	0	0	0	0	0																426	9260	0	0													
211338								14719	20394																																	7746	6697	0	0													
211851								800	896																																	1556	9057	0	0													
212018	0	0	0	0	0	0	0	0	8456	0	0	0	0	0	0	0	0	0	0	0	0	0	0	0	0	0																67748	11868	0	0													
212344								0	0																																	1739	5358	0	0													
212522	0	0	0	0	0	0	0	6566	5289	0	0	0	0	0	0	0	0	0	0	0	0	0	0	0	0	0																98872	184291	0	0													
212577	0	0	0	0	0	0	0	126167	209361	0	0	0	0	0	0	0	0	0	0	0	0	0	0	0	0	0																199551	7212	0	0													
213471								3865	0																																	0	0	0	0													
213538								7288	7349																																	1146	5957	0	3000													
213912	0	0	0	0	0	0	0	2150	2310	0	0	0	0	0	0	0	0	0	0	0	0	0	0	0	0	0																16720	11548	0	0													
213958	0	0	0	0	0	0	0	414	1776	0	0	0	0	0	0	0	0	0	0	0	0	0	0	0	0	0																1260	3024	0	0													
214106	0	0	0	0	0	0	200000	13598	195480	0	0	0	0	0	0	0	0	0	0	0	0	0	0	0	0	0																0	72892	0	0													
214414	0	0	0	0	0	0	0	3394	176198	0	0	0	0	0	0	0	0	0	0	0	0	0	0	0	0	0																203219	175617	0	0													
214722	0	0	0	0	0	0	0	16168	35035	0	0	0	0	0	0	0	0	0	0	0	0	0	0	0	0	0																147236	57267	0	0													
214807	0	0	0	0	0	0	0	0	243000	0	0	0	0	0	0	0	0	0	0	0	0	0	0	0	0	0	22000	1000	22000	0	0	0	0	0	0	0	22000	0	0	0	0	126000	6927000	200000	130000	0	0	73000	0	57000								
215345								12718	33231																																	26647	41661	0	0													
215653								0	78																																	237	1422	0	0													
215662	0	0	0	0	0	0	0	42174	115718	0	0	0	0	0	0	0	0	0	0	0	0	0	0	0	0	0																178582	35416	0	0													
215710								331	50705																																	51289	28082	0	5067													
216164								2386	0																																	9235	2271	0	0													
216922	0	0	0	0	0	0	0	366262	454917	0	0	0	0	0	0	0	0	0	0	0	0	0	0	0	0	0	3993	0	0	0	0	0	0	0	0	0	0	0				487152	366018	0	7550	1450	1929	4170	0	1								
217059	0	0	0	0	0	0	0	1815	4582	0	0	0	0	0	0	0	0	0	0	0	0	0	0	0	0	0																26850	29987	0	0													
218131								12215	17644																																	3793	20406	0	0													
218261								128	0																																	13	194	0	0													
218878	0	0	0	0	0	0	0	675	504	0	0	0	0	0	0	0	0	0	0	0	0	0	0	0	0	0																5427	568	0	0													
219044								9974	1725																																	21597	2139	0	0						0	0	0	0	0	0	0	
219651								1616	68403																																	48728	2011	0	0													
219679								0	492																																	0	208	0	0													
220059								3807	6174																																	15703	1313	0	0													
220527	0	0	0	0	0	0	0	47253	27659	0	0	0	0	0	0	0	0	0	0	0	0	0	0	0	0	0																63340	40958	0	0													
220844								990	1820																																	6498	3334	0	0													
220974								40178	43932																																	8148	12812	0	0													
221775								5391	9895																																	609	2385	0	0													
222156								457	474																																	6194	872	0	0													
222558								1463	885																																	9602	9458	0	0													
222754								7278	22913																																	24367	0	0	0													
223322	0	0	0	0	0	0	409000	143711	85919	0	0	0	0	0	0	0	0	0	0	0	0	0	0	0	0	0																240693	400269	0	0													
223452								100	26																																	884	9832	1750	0													
223751								4460	27																																	3078	3780	0	0													
223845								0	381																																	1381	2524	0	0													
224954								2289	177																																	485	0	0	0													
225054								1789	4998																																	7248	0	0	0													
225157								1029	929																																	15549	26133	0	0													
225559								3790	3714																																	11092	5526	0	0													
225942								374	107																																	397	279	0	0													
226949	0	0	0	0	0	0	0	0	0	0	0	0	0	0	0	0	0	0	0	0	0	0	0	0	0	0																391	30	0	0													
227151								20977	6338																																	11482	10176	0	0													
227357								15046	18785																																	19104	3972	0	0													
227656	0	0	0	0	0	0	0	0	0	0	0	0	0	0	0	0	0	0	0	0	0	0	0	0	0	0																49	4332	0	0													
227777								1053	3776																																	100	1070	0	0													
228000								11132	14373																																	15317	644	0	0													
228158								9070	13735																																	19270	17276	0	0													
228279								4672	12967																																	15291	7825	0	0													
228345								4678	929																																	1597	25583	0	0													
229070								0	0																																	0	4127	0	0													
229173								1265	1150																																	2787	269	0	0													
229342	0	0	0	0	0	0	0	1095	857	0	0	0	0	0	0	0	0	0	0	0	0	0	0	0	0	0																6150	11786	0	0													
229454								720	0																																	1730	214	0	0													
229801																																																										
229913																																																										
230423								2340	13744																																	17217	3620	0	0													
230610								0	0																																	20064	615	0	0													
230759	0	0	0	0	0	0	0	83941	445566	0	0	0	0	0	0	0	0	0	0	0	0	0	0	0	0	0																49932	75204	0	0													
231279								3659	93																																	904	0	0	35													
232847								250	3850																																	3754	8309	0	0													
232856								70665	115547																																	38470	18343	0	0													
233031																																																										
233246								0	0																																	8504	0	0	0													
233358								2862	4486																																	9046	9019	0	0													
233442								0	161																																	6834	1325	0	0													
233527								28487	41184																																	49403	1991	0	0													
233554								0	0																																	384080	0	0	0													
234355	0	0	0	0	0	0	0	2039	19796	0	0	0	0	0	0	0	0	0	0	0	0	0	0	0	0	0																19618	63941	0	0													
234506	0	0	0	0	0	0	0	1030	2987	0	0	0	0	0	0	0	0	0	0	0	0	0	0	0	0	0																1989	0	0	0													
234739								60069	138575																																	57146	16581	0	0													
234841								1375	0																																	3184	3325	0	0													
235174								0	299																																	0	0	0	0													
235231								4366	5154																																	2029	1858	0	0													
235446								4766	237																																	0	15545	0	0													
235530								17420	26659																																	34175	20197	0	0													
235558								0	0																																	208	5558	0	0													
235950								0	656																																	2961	5692	0	0													
236153	0	0	0	0	0	0	185000	216511	116851	0	0	0	0	0	0	0	0	0	0	0	0	0	0	0	0	0																536971	189689	0	0													
236256								256	142																																	0	2269	0	0													
236603								75	3637																																	3685	5104	0	0													
236706	0	0	0	0	19166	0	0	1673	81612	0	0	19166	0	0	0	0	0	0	19166	0	0	0	0	0	0	0																1106713	142351	0	27196													
236957	0	0	0	0	0	0	0	4744	16107	0	0	0	0	0	0	0	0	0	0	0	0	0	0	0	0	0																1511	3260	0	0													
237066	0	0	0	0	0	0	593350	27992	109290	0	0	0	0	0	0	0	0	0	0	0	0	0	0	0	0	0																384072	50254	0	0													
237619	0	0	0	0	0	0	320000	0	83435	0	0	0	0	0	0	0	0	0	0	0	0	0	0	0	0	0																129752	65615	0	0													
237954								444	1654																																	1	1401	0	0													
238139								7888	3296																																	7281	3412	0	0													
238250								0	0																																	0	9338	0	0													
238737								592	3195																																	2064	11	0	0													
239556								4763	56931																																	0	0	0	0													
239659								24670	38104																																	21319	6253	0	0													
240954								207	14318																																	1118	0	0	172													
241009								0	192																																	3710	2833	0	0													
241157	0	0	0	0	0	0	102425	6823	3725	0	0	0	0	0	0	0	0	0	0	0	0	0	0	0	0	0																11910	12871	0	0									Best effort forward sale agreement				
241559								3832	4445																																	11883	23718	0	0													
242257								8724	32615																																	27052	20374	0	500													
242444								21184	63609																																	20588	0	0	1583													
242949								45	3520																																	5197	1245	0	0													
242958								425	2308																																	748	794	0	0													
242976	0	0	0	0	0	0	23	9395	26320	0	0	0	0	0	0	0	0	0	0	0	0	0	0	0	0	0																31147	9965	0	186													
243375								0	275																																	5674	18339	0	0													
243414								487	4464																																	16207	283	5000	0													
243955								0	1582																																	3	1039	0	0													
244037								716	5163																																	594	7075	0	0													
244149	0	0	0	0	0	0	0	543	0	0	0	0	0	0	0	0	0	0	0	0	0	0	0	0	0	0																2593	8257	0	0													
244158								0	17648																																	5836	40221	0	0													
244251								1205	1030																																	33000	15194	0	0													
245016																																																										
245276	0	0	0	0	0	0	0	0	88027	0	0	0	0	0	0	0	0	0	0	0	0	0	0	0	0	0	0	0	0	0	0	0	0	0	0	0	0	0				1075268	99263	0	69319	49722	0	17410	2187	0								
245351								1347	201																																	1715	15714	0	0													
245557								8769	14136																																	32423	25613	0	0													
246022	0	0	0	0	0	0	0	4811	14520	0	0	0	0	0	0	0	0	0	0	0	0	0	0	0	0	0																53161	1205	0	0													
246134	0	0	0	0	0	0	0	11911	16478	0	0	0	0	0	0	0	0	0	0	0	0	0	0	0	0	0																17555	19411	0	0													
246451								2914	477																																	2817	260	0	0													
246657	0	0	0	0	0	0	0	0	34215	0	0	0	0	0	0	0	0	0	0	0	0	0	0	0	0	0																17173	24	0	0													
246947								0	153																																	1083	51	0	0													
246956								0	11067																																	19728	90052	0	0													
247140								29280	131291																																	59899	12234	0	0													
247355								125190	109686																																	44814	34889	0	0													
247476								2954	0																																	333	110	0	0													
247551								6400	9041																																	4254	13761	0	0													
247908								30393	84504																																	141913	2174	0	0													
248240	0	0	0	0	0	0	0	45479	62259	0	0	0	0	0	0	0	0	0	0	0	0	0	0	0	0	0																135880	32400	0	4500													
248352								1591	1646																																	5794	11583	0	0													
248455								2535	8912																																	17887	5915	1150	0													
248633								0	0																																	1995	37477	0	0													
248745								3452	26629																																	40494	11248	0	0													
249416								950	368																																	1965	212	0	0													
249612	0	0	0	0	0	0	0	0	140171	0	0	0	79546	0	0	0	0	0	0	0	0	0	79546	0	0	0	28959	364	7765	0	0	0	0	0	0	0	7765	0				1340545	10074	0	1489373	0	930234	559138	0	0								
249658								342	1041																																	1507	499	0	0													
250430								1389	247																																	344	750	0	0													
250476								250	0																																	6463	258	0	0													
250850								0	0																																	6599	3829	0	0													
251558								5678	6711																																	18781	3442	0	0													
251745								19201	7105																																	15015	37000	0	0													
251978								1606	21278																																	18719	14130	0	0													
252041								9875	25453																																	15408	34986	0	0													
252452								660	1662																																	1199	2339	0	0													
253356	0	0	0	0	0	0	0	7638	79880	0	0	0	0	0	0	0	0	0	0	0	0	0	0	0	0	0																98697	3511	0	0													
253468	0	0	0	0	0	0	695000	0	124534	0	0	0	0	0	0	0	0	0	0	0	0	0	0	0	0	0																322902	577	0	0													
253646								0	0																																	9513	15166	0	0													
253730								0	6340																																	2852	1138	0	0													
254317								0	7000																																	30674	1901	0	0													
254504								0	7813																																	18835	2758	0	0									FHLB of NY	Federal Reserve Bank			
254849								0	9783																																	46810	1880	0	25000													
255350								1850	1637																																	603	329	0	0													
255556								3877	7076																																	5108	4548	0	0													
255574								24461	34722																																	98119	4322	0	0													
255659	0	0	0	0	0	0	0	52352	323767	0	0	0	0	0	0	0	0	0	0	0	0	0	0	0	0	0																192293	355360	0	0													
256058								425	21445																																	10903	23032	0	0													
256076								7097	2000																																	1385	25	0	0													
256179								2225	8997																																	1491	1845	0	0													
256553	0	0	0	0	0	0	0	834	175148	0	0	0	0	0	0	0	0	0	0	0	0	0	0	0	0	0																660173	326784	0	0													
257233								5198	28277																																	56509	12582	0	0													
257345								851	2913																																	4365	15741	0	0													
257578								31637	8561																																	0	455	0	0													
257653								0	0																																	171	1365	0	0													
257756								4694	5113																																	25927	3418	0	0						MPF Credit Enhancement							
258306								314	4748																																	22375	648	0	0													
258379								21328	2107																																	1531	11379	0	0													
258539								0	34																																	1890	6308	0	0													
258874								623	421																																	36	391	0	0													
259059								921	2372																																	3490	16115	0	0													
259330	0	0	0	0	16737	0	0	40	61453	0	0	16737	0	0	0	0	0	0	8740	7997	0	0	0	0	0	0																22743	0	0	12017													
259442								12995	8274																																	9931	32709	0	0													
259956								1129	0																																	0	4141	0	0													
260055	0	0	0	0	0	0	0	108675	256503	0	0	0	0	0	0	0	0	0	0	0	0	0	0	0	0	0																124012	80008	0	0													
260831								5009	5108																																	3122	3643	0	0													
261146	0	0	0	0	0	0	0	6334	21255	0	0	0	0	0	0	0	0	0	0	0	0	0	0	0	0	0																3581	7470	0	19685													
261360								10250	14063																																	26940	13317	0	0													
261940								13318	21800																																	35893	30533	0	0													
262059								13007	34086																																	18826	4470	0	32047													
262237								8332	21655																																	15305	6581	0	0													
262358								8459	1566																																	13493	380	0	0													
262741								11082	39114																																	5432	15824	0	10000													
262844								2970	23965																																	41163	41895	0	0													
262956								187	3241																																	0	159	0	0									UBB Fed Funds Available	Associated Bank Fed Funds Available			
263243	0	0	0	0	0	0	0	2550	22548	0	0	0	0	0	0	0	0	0	0	0	0	0	0	0	0	0																11451	8324	0	0													
263627								674	608																																	0	337	0	0													
264455								9639	7029																																	5669	3937	0	0													
264772	0	0	0	0	4862	0	0	0	103713	0	0	4862	0	0	0	0	0	4862	0	0	0	0	0	0	0	0																9080	541	0	0	0	0	0	0	0								
265340								8636	36																																	1666	4928	0	0													
265407								0	144372																																	72615	25253	0	0													
265452								1636	1																																	921	2385	0	0													
265676								3097	5931																																	922	1395	0	0													
266244								3991	10394																																	3553	5335	0	0													
266253								549	1044																																	2949	15054	0	0													
266655								0	0																																	2014	11001	0	0													
266851								3797	7630																																	1168	10749	0	0													
266945								10661	17697																																	11864	15121	0	0													
267652								645	795																																	4010	125	0	0													
268006	0	0	0	0	0	0	0	24455	111440	0	0	0	0	0	0	0	0	0	0	0	0	0	0	0	0	0																56176	65926	0	0													
268136								11023	6886																																	11116	7204	0	0													
268677	0	0	0	0	0	0	0	0	0	0	0	0	0	0	0	0	0	0	0	0	0	0	0	0	0	0																9059	253	0	0													
268828	0	0	0	0	0	0	0	100	29554	0	0	0	0	0	0	0	0	0	0	0	0	0	0	0	0	0																7547	323	0	0													
268976								12786	5625																																	0	16820	0	0													
269049								8907	28603																																	23486	15905	0	0													
269058	0	0	0	0	0	0	0	4935	7338	0	0	0	0	0	0	0	0	0	0	0	0	0	0	0	0	0																10088	9433	0	0													
269571								1976	0																																	0	351	0	0													
269759								0	0																																	0	10772	0	0													
270148								176	0																																	567	5287	0	0													
270353								0	187																																	594	1111	0	0													
270504								6136	32590																																	59246	63257	0	0													
270531								1820	5791																																	8284	30	0	0													
270652								0	0																																	625	17619	0	0													
271136								0	0																																	0	5362	0	0													
271275	0	0	0	0	0	0	0	3598	7153	0	0	0	0	0	0	0	0	0	0	0	0	0	0	0	0	0																7249	1223	0	0													
271341								2497	4189																																	1041	3088	0	0													
271529								7052	395																																	10026	9294	0	543													
272030								2988	1709																																	1862	8231	0	0													
272058								300	482																																	104	1414	0	0													
272151								0	302																																	1553	1614	0	0													
272272								34485	195745																																	189230	133741	0	3645													
272302	0	0	0	0	0	0	0	0	89388	0	0	0	0	0	0	0	0	0	0	0	0	0	0	0	0	0																4785	42400	0	0													
273336	0	0	0	0	0	0	0	12000	61029	0	0	0	0	0	0	0	0	0	0	0	0	0	0	0	0	0																315120	111236	0	5200													
273550								2121	1320																																	7441	56464	0	0													
273653								170	7																																	500	2675	0	0													
273662								4199	27778																																	26083	48151	0	0													
273840								1176	49																																	7710	5088	0	0													
273859								0	0																																	0	768	0	0													
274025								0	0																																	0	333	0	0													
274052								840	216																																	675	409	0	0													
274829	0	0	0	0	0	0	0	17456	6150	0	0	0	0	0	0	0	0	0	0	0	0	0	0	0	0	0																1790	4374	0	0													
274856								270	43																																	2674	12557	0	0													
275255	0	0	0	0	0	0	24805	1730	12526	0	0	0	0	0	0	0	0	0	0	0	0	0	0	0	0	0																12558	46487	0	0													
275358								5503	49981																																	150355	150009	0	0													
275479								1054	3025																																	0	2771	0	0													
275657								0	50																																	434	6271	0	0													
276074								883	3423																																	9628	253	0	0													
276159								0	532																																	825	3176	0	0													
276551								1180	0																																	611	8920	0	0													
276579	0	0	0	0	0	0	0	1044604	3507244	0	0	647039	0	455328	12399	102628	20128	92838	367830	51216	0	37200	24358	105303	181494	106973	207801	82496	226878	0	0	0	0	0	0	0	226878	0				10005737	2688096	7459	1941215	237644	296168	349337	168171	889895								
276645								1304	2093																																	16127	16142	0	0													
276654	0	0	0	0	0	0	0	0	552	0	0	0	0	0	0	0	0	0	0	0	0	0	0	0	0	0																5241	7224	0	0													
276850								13671	76121																																	35370	87752	10118	0													
276953								0	0																																	221	1552	0	0													
277240								203	2290																																	0	46078	0	0													
277277	0	0	0	0	0	0	0	6651	2842	0	0	0	0	0	0	0	0	0	0	0	0	0	0	0	0	0																14822	3142	0	0													
277736								3775	6952																																	1803	6289	0	0													
277820								4394	8620																																	3962	7452	0	0													
278256								0	3688																																	7180	41341	0	0													
278555								21384	84395																																	112994	85440	0	0													
278733								8927	3902																																	1526	1029	0	0													
278751								0	0																																	0	238	0	0													
278818	0	0	0	0	7031	12179	403000	26129	132121	0	0	7031	12179	0	0	0	0	0	1159	5872	0	0	0	0	12179	0																405709	69715	0	0													
279105	0	0	0	0	0	0	0	2003	8940	0	0	0	0	0	0	0	0	0	0	0	0	0	0	0	0	0																45215	0	0	41605													
279842								7614	36028																																	11894	12534	0	0													
279954	0	0	0	0	0	0	0	12669	46422	0	0	0	0	0	0	0	0	0	0	0	0	0	0	0	0	0																61040	89265	0	10407													
280110																																																			FNMA DUS							
280138								409	6388																																	1020	1404	0	0													
280352								2707	5157																																	7683	6613	0	0													
280558								1248	5949																																	4453	3667	0	0													
282075								32555	50657																																	103811	3148	0	0													
282226								2715	7410																																	849	3918	0	0													
282824								2487	2897																																	48407	531	0	0													
283438	0	0	0	0	0	0	70000	4985	21903	0	0	0	0	0	0	0	0	0	0	0	0	0	0	0	0	0																29011	84	0	0													
283652								3862	5027																																	7830	112	0	0													
283737								20437	11377																																	51027	41407	0	10079													
283867								13427	80475																																	26411	345	0	0													
284154								19475	9531																																	3323	1133	0	0													
284239								3207	0																																	1329	11722	0	0													
284556								3168	23406																																	4026	60322	0	0													
284752								523	1278																																	2716	2386	0	0													
284958								0	0																																	150	2125	0	0													
285151	0	0	0	0	0	0	0	714	3377	0	0	0	0	0	0	0	0	0	0	0	0	0	0	0	0	0																11138	16076	0	0													
285348								0	3534																																	14384	2676	0	0													
285544	0	0	0	0	0	0	0	0	9046	0	0	0	0	0	0	0	0	0	0	0	0	0	0	0	0	0																7970	2427	0	0													
285553	0	0	0	0	0	0	0	0	0	0	0	0	0	0	0	0	0	0	0	0	0	0	0	0	0	0																520	2726	0	0													
285740	0	0	0	0	0	0	24700	8444	73104	0	0	0	0	0	0	0	0	0	0	0	0	0	0	0	0	0																100271	2179	0	0													
285852								25261	11249																																	17478	4271	0	0													
285928								6967	20257																																	2939	109	0	0													
286251								0	0																																	331	412	0	0													
286457								6154	22209																																	102920	21467	0	0													
286840								0	0																																	345	6156	0	0													
287007								0	0																																	0	1089	0	0													
287342	0	0	0	0	0	0	0	1	0	0	0	0	0	0	0	0	0	0	0	0	0	0	0	0	0	0																3341	5862	0	0													
287922								0	0																																	0	0	281	0													
287959								1982	1745																																	4303	5777	0	159													
288152								0	0																																	0	6156	0	0													
288376	0	0	0	0	0	0	0	1639	1126	0	0	0	0	0	0	0	0	0	0	0	0	0	0	0	0	0																16234	639	0	0													
288853	0	0	0	0	0	0	0	209449	768231	0	0	0	0	0	0	0	0	0	0	0	0	0	0	0	0	0	0	40	0	0	0	0	0	0	0	0	0	0				196368	329872	0	0	0	0	0	0	0								
289056								1350	459																																	1060	1225	0	0													
289225								0	789																																	10	615	0	0													
289515								67340	127666																																	131233	7840	0	0													
289702								61644	107483																																	116873	27976	0	0													
289739								1029	2778																																	910	7934	0	0													
289757								0	8671																																	4577	32164	0	0													
290249	0	0	0	0	0	0	0	130884	71578	0	0	0	0	0	0	0	0	0	0	0	0	0	0	0	0	0																50304	3414	0	1300													
290838								1101	4536																																	2696	0	0	0													
290922								538	0																																	276	0	0	0													
291059								1549	5057																																	1539	9694	0	0													
291611								1298	487																																	299	10129	0	0													
291732								0	0																																	600	238	0	0													
292234								1462	1909																																	2277	5004	0	0													
292467								1588	708																																	0	1306	0	0													
292850								0	0																																	0	158	0	0													
293053								39545	80348																																	298911	29450	0	10834													
293352								0	613																																	5042	8606	0	0													
293437								2827	582																																	4146	1827	0	0													
293651								0	0																																	6016	53558	0	0													
293754								6075	1414																																	1857	249	0	0													
294023								124	10626																																	2236	8609	0	0													
294751	0	0	0	0	0	0	0	1229	14657	0	0	0	0	0	0	0	0	0	0	0	0	0	0	0	0	0																0	5181	0	0													
294779	0	0	0	0	0	0	0	68778	54777	0	0	0	0	0	0	0	0	0	0	0	0	0	0	0	0	0																57090	10854	0	0													
294827								641	194																																	1068	583	0	0													
295011	0	0	0	0	0	0	0	9131	7991	0	0	0	0	0	0	0	0	0	0	0	0	0	0	0	0	0																16558	3115	0	0													
295057								0	105																																	619	3180	0	0													
295646								0	0																																	673	0	0	0													
296456								1528	5774																																	6336	10634	0	0													
296474								5179	1654																																	2838	0	1261	603													
296559								2344	2486																																	19959	8659	0	0													
296755								7651	1944																																	5255	12213	0	0													
297051								2850	2414																																	1381	6710	0	0													
297761								0	6752																																	6008	41	0	0													
298049								1948	11248																																	3536	8192	0	0													
298218								14171	21651																																	40266	5342	0	0													
298245	0	0	0	0	0	0	0	3845	1277	0	0	0	0	0	0	0	0	0	0	0	0	0	0	0	0	0																6450	9463	0	0													
299868	0	0	0	0	0	0	0	0	0	0	0	0	0	0	0	0	0	0	0	0	0	0	0	0	0	0																0	0	0	0													
300009								294	13534																																	4574	57139	0	0													
300063								503	40643																																	1630	0	0	0													
300353								15626	13686																																	19451	0	0	0													
300933	0	0	0	0	0	0	0	3612	19795	0	0	0	0	0	0	0	0	0	0	0	0	0	0	0	0	0																3104	8097	0	0													
300942	0	0	0	0	0	0	0	3630	7429	0	0	0	0	0	0	0	0	0	0	0	0	0	0	0	0	0																3590	4929	0	0													
301574								2624	25029																																	13557	3655	0	0													
301800	0	0	0	0	0	0	0	22398	24031	0	0	0	0	0	0	0	0	0	0	0	0	0	0	0	0	0																58222	9198	0	0													
302030								545	688																																	3401	500	0	0													
302133								0	0																																	0	0	0	0													
302553								1313	2353																																	10064	19465	0	0													
302656	0	0	0	0	0	0	0	8973	94385	0	0	0	0	0	0	0	0	0	0	0	0	0	0	0	0	0																232543	292759	0	0													
303653								5985	8720																																	2247	4419	0	0													
303701								814	0																																	3500	173	0	0													
303747								0	955																																	2770	2164	0	0													
303952								2705	169																																	9207	42845	0	0													
304173								13453	0																																	59743	14284	0	0													
304520								3173	2681																																	2354	10840	0	0													
304575								0	0																																	0	390	0	0													
304762								267	11130																																	17093	2904	0	0													
304913	0	0	0	0	0	0	0	0	0	0	0	0	0	0	0	0	0	0	0	0	0	0	0	0	0	0																0	0	0	0													
305059								0	2992																																	4218	4231	0	0													
305077								595	3198																																	522	348	0	0													
305237								208	846																																	3948	1375	0	0													
305442								6326	19830																																	27932	3972	0	0													
306056								326	0																																	519	917	0	0													
306159	0	0	0	0	0	0	3000	16212	6445	0	0	0	0	0	0	0	0	0	0	0	0	0	0	0	0	0																11640	1008	0	0													
306337								1580	274																																	9480	16829	0	0													
306908								8241	14465																																	17623	13519	0	0													
307062								5653	11169																																	81928	1031	0	0													
307334								12038	15451																																	4293	1781	0	0													
307361								14828	15156																																	27408	4750	0	0													
307679								3855	22028																																	67494	25396	0	0													
308256								0	674																																	2404	3175	0	0													
308340								4560	1434																																	2273	23270	0	0													
308836								0	3058																																	0	4160	0	0													
309150								12642	447																																	157	22342	0	0													
309655								34914	134647																																	144486	74133	0	23089													
309851								0	89																																	5	1692	0	0													
310754								25680	821																																	3028	227	0	0						Warehouse cred line collateralized by loans in 10b			Mort loans sold to Interim Purchaser - saleable by bank				
310978	0	0	0	0	0	0	0	32724	4756	0	0	0	0	0	0	0	0	0	0	0	0	0	0	0	0	0																15600	51236	0	0													
311050								6194	13393																																	31087	38073	0	0													
311144								0	0																																	3483	2463	0	0													
311256								18375	2132																																	20422	884	0	0													
311265								3381	8098																																	10244	1796	0	0													
311603								9292	64259																																	18420	23923	0	0													
311658								1486	90																																	1066	50	0	0													
311845	0	0	0	0	0	0	760000	276362	924078	0	0	0	0	0	0	0	0	0	0	0	0	0	0	0	0	0	5161	27174	5100	0	0	0	0	0	0	0	5100	0				1459107	626404	0	5000	0	0	0	0	5000								
311939								4207	3047																																	5634	6995	0	0													
312244								1422	1427																																	30004	89475	0	0													
312356								4369	2637																																	3174	144	0	0													
313009								686	2393																																	4601	8190	0	0													
313157								4394	284																																	12521	15139	0	0													
313223								2945	8797																																	24569	3619	0	0													
313577								8546	7857																																	73136	73457	0	0													
314257								19525	25026																																	152618	3918	0	0													
314444								4837	2370																																	3154	1898	0	0													
315656								6897	10553																																	1015	325	0	0													
316840	0	0	0	0	0	18913	0	82787	272925	0	0	0	18913	0	0	0	0	0	0	0	0	0	0	0	18913	0																574597	161926	0	452509													
316859								0	1950																																	1363	1569	0	0													
316934								0	0																																	7004	0	0	0													
317258								3742	35533																																	34841	31843	0	0													
317342	0	0	0	0	0	0	0	22446	625093	0	0	0	0	0	0	0	0	0	0	0	0	0	0	0	0	0																819731	130754	0	11100													
317379								6371	15614																																	8843	4929	0	0													
318974								33015	25528																																	91752	15499	1032	0													
319047								7820	5181																																	10857	6402	4300	0													
319551								492	15445																																	28815	73122	0	0													
320034								0	27																																	331	4109	0	0													
320052	0	0	0	0	0	0	0	20428	22868	0	0	0	0	0	0	0	0	0	0	0	0	0	0	0	0	0																14337	15865	0	0													
320070								0	2161																																	1345	1771	0	0													
320119	0	0	0	0	0	0	0	14855	317935	0	0	0	0	0	0	0	0	0	0	0	0	0	0	0	0	0	105554	34262	106120	0	0	0	0	0	0	0	106120	0				1515773	168408	0	247962	0	158386	7503	13508	68565								
321152	0	0	0	0	0	0	0	6144	12078	0	0	0	0	0	0	0	0	0	0	0	0	0	0	0	0	0																3219	2022	0	0													
321255	0	0	0	0	0	0	0	0	0	0	0	0	0	0	0	0	0	0	0	0	0	0	0	0	0	0																715	574	0	0													
321273								28822	10015																																	23797	11626	0	0													
321330								173	103																																	4719	170	0	0													
321947	0	0	0	0	0	0	0	9100	31237	0	0	0	0	0	0	0	0	0	0	0	0	0	0	0	0	0																29162	8780	0	0													
322449								6718	41																																	483	1695	0	0													
322551								556	116																																	208	609	0	0													
323204								37519	119352																																	117455	234722	0	0													
323651								4910	4108																																	4412	5809	0	0													
324153								3320	58																																	8225	10415	0	0													
324229								2029	0																																	1	304	0	0													
324256								0	0																																	9030	0	0	0													
324340	0	0	0	0	0	0	0	19115	94012	0	0	0	0	0	0	0	0	0	0	0	0	0	0	0	0	0																306384	39115	2500	0													
324854								2673	10107																																	4962	9697	0	0													
324863	0	0	0	0	0	0	0	56432	149319	0	0	0	0	0	0	0	0	0	0	0	0	0	0	0	0	0																186305	261904	0	0													
324975								1328	0																																	6	1967	0	0													
325141	0	0	0	0	0	0	0	2892	0	0	0	0	0	0	0	0	0	0	0	0	0	0	0	0	0	0																3524	1460	0	0													
325459								0	0																																	102	5934	0	0													
325534								2280	1997																																	2173	11914	0	0													
326054								9354	19548																																	34323	7671	0	0													
326344								2890	6017																																	40715	23444	0	0													
326858								1129	61495																																	209395	168150	0	0													
326979								6305	6708																																	14169	16551	0	0													
327220								335	202																																	12304	1766	0	0						Letter of credit to secure insurance policy for customer							
327305								13701	14189																																	58248	26399	0	0													
327435								10989	9915																																	7433	15192	0	0													
327556								416	1153																																	12872	37682	0	0													
327855								29756	68713																																	28560	26464	0	0													
328058								240	1187																																	0	2095	0	0													
328357	0	0	0	0	0	0	0	0	0	0	0	0	0	0	0	0	0	0	0	0	0	0	0	0	0	0																1000	0	0	0													
328656								235	74																																	5696	23956	0	0													
328777	0	0	0	0	0	0	226400	45512	207239	0	0	0	0	0	0	0	0	0	0	0	0	0	0	0	0	0																108934	22021	0	2806													
329149								0	0																																	4392	23033	0	0													
329345								31903	52727																																	22181	9648	7861	0													
329550								12690	6339																																	33003	595	0	0													
329952	0	0	0	0	0	0	0	32628	13389	0	0	0	0	0	0	0	0	0	0	0	0	0	0	0	0	0																11034	12200	0	0													
330239								0	4434																																	9007	4617	0	0													
330248								0	0																																	522	9161	0	0													
330855	0	0	0	0	0	0	0	33380	84316	0	0	0	0	0	0	0	0	0	0	0	0	0	0	0	0	0																107390	45154	0	0													
330949								10069	14656																																	4353	7329	0	0													
331076								2589	13399																																	16243	0	0	0													
331375								11338	682																																	8401	4477	0	0													
331544								0	295																																	6554	483	0	0													
331713								3208	20647																																	20258	10473	0	0													
332224								100	2600																																	7261	2323	0	0													
332671								4324	2685																																	0	0	0	0													
332756								0	0																																	1410	6748	0	0													
333034								489	886																																	930	2832	0	0													
333203	0	0	0	0	0	0	0	61561	75567	0	0	0	0	0	0	0	0	0	0	0	0	0	0	0	0	0																17971	48667	0	0													
333650								271	0																																	10567	51046	0	320													
333856								54061	3164																																	18331	2527	0	0													
333940	0	0	0	0	0	0	0	360	0	0	0	0	0	0	0	0	0	0	0	0	0	0	0	0	0	0																887	1446	0	0													
334264								8165	36290																																	22847	15127	0	0													
335346								4392	11832																																	17555	24980	0	0													
336147								6807	8196																																	2117	1935	0	0													
336361								1962	755																																	1466	665	0	0													
336576								4144	114																																	2283	547	0	0													
337340								0	0																																	550	11	0	0													
338646								6209	21888																																	4294	21645	0	0													
338945								0	35																																	3462	2623	0	0													
339072	0	0	0	0	0	0	0	0	247	0	0	0	0	0	0	0	0	0	0	0	0	0	0	0	0	0																7326	0	0	0													
339353								255	0																																	3244	2473	0	0													
339456	0	0	0	0	0	0	2000	34096	23928	0	0	0	0	0	0	0	0	0	0	0	0	0	0	0	0	0																26615	3406	0	0													
339607								33673	18550																																	12915	7759	0	0													
339773	0	0	0	0	0	44702	0	69664	499448	0	0	0	0	44702	0	0	0	0	0	0	10788	33914	0	0	0	0																245746	15347	0	0													
339858	0	0	0	0	0	0	0	52917	3287586	0	0	10261	0	935	969	7546	1746	0	0	0	0	935	0	0	0	0	38583	96025	38420	12204	0	0	0	0	0	0	38420	12204				10500877	4459564	478	860436	36016	189381	407993	67158	159888								
340135	0	0	0	0	0	0	270000	31523	120724	0	0	0	0	0	0	0	0	0	0	0	0	0	0	0	0	0																82449	8778	0	50													
340144								19349	14370																																	152526	0	0	0													
340256								17984	22456																																	43530	1177	0	0													
340443								3631	481																																	0	1737	0	0													
340742	0	0	0	0	0	0	0	1727	9807	0	0	0	0	0	0	0	0	0	0	0	0	0	0	0	0	0																34425	10986	0	0													
340751								25352	16017																																	23955	16887	0	0													
341310								14269	52659																																	69470	15165	0	0													
342054								22806	18637																																	6315	9735	0	0													
342410	0	0	0	0	39699	23559	609	98259	216785	0	0	39699	23559	0	0	0	0	18473	2466	18760	0	0	0	0	6017	17542																442509	155351	0	27002													
342634	0	0	0	0	283288	111065	0	484680	1540172	0	0	283288	111065	0	62477	168942	51869	0	0	0	34555	52675	23835	0	0	0	3838	5993	8195	0	0	0	0	0	0	0	8195	0				1069605	249826	0	292209	96465	92730	0	52004	51010								
343051								9	1946																																	135	103	0	0													
343248	0	0	0	0	0	0	0	0	0	0	0	0	0	0	0	0	0	0	0	0	0	0	0	0	0	0																0	11370	0	0													
343770								939	24																																	405	563	0	0													
343903								2891	2050																																	8275	14177	0	0													
343958								0	0																																	1334	14680	0	0													
344647	0	0	0	0	0	0	0	253	5295	0	0	0	0	0	0	0	0	0	0	0	0	0	0	0	0	0																47154	26272	0	0													
344852								1583	208																																	2092	684	0	0													
345309	0	0	0	0	0	0	0	20325	66039	0	0	0	0	0	0	0	0	0	0	0	0	0	0	0	0	0																53043	57037	0	0													
345345	0	0	0	0	0	0	0	1450	5503	0	0	0	0	0	0	0	0	0	0	0	0	0	0	0	0	0																39954	79551	0	0													
345747	0	0	0	0	0	0	0	27672	55562	0	0	0	0	0	0	0	0	0	0	0	0	0	0	0	0	0																28149	10085	0	0													
345756	0	0	0	0	0	0	0	3116	3516	0	0	0	0	0	0	0	0	0	0	0	0	0	0	0	0	0																19732	0	0	0													
345877								6688	41207																																	24664	9893	0	0													
346379								8963	4913																																	7843	8681	0	0													
346566								4671	217																																	4	0	0	0													
346771								533	862																																	3898	5608	0	0													
347022								2094	3073																																	2581	1259	0	0													
347639								117	3332																																	6478	0	0	0													
347956	0	0	0	0	0	0	415	2830	5016	0	0	0	0	0	0	0	0	0	0	0	0	0	0	0	0	0																20082	5068	0	0													
348159								5607	5672																																	9036	560	0	0													
348720								85431	20784																																	12212	3738	0	0													
349129								3160	4030																																	805	769	0	0													
349343								3860	1288																																	23833	7410	0	0													
350657								0	42																																	930	1260	0	0													
350750								8459	6830																																	210	22543	0	0													
351131	0	0	0	0	0	0	0	0	10	0	0	0	0	0	0	0	0	0	0	0	0	0	0	0	0	0																0	5820	0	0													
351560								1572	3732																																	21155	0	0	0													
351878								0	0																																	8568	1898	0	0													
352370								983	2125																																	2825	3539	0	0													
352651								3738	5911																																	23710	3566	0	0													
352745								2963	36																																	2888	7041	0	0													
352772	0	0	0	0	41077	642	0	673437	723532	0	0	41077	642	0	0	0	0	0	33493	7584	0	0	0	0	642	0	0	10310	15908	0	0	0	0	0	950	0	16858	0				924815	204010	0	0	0	0	0	0	0								
353238								20504	35358																																	8249	3934	0	0													
353546								983	1978																																	3279	9225	0	0													
353555	0	0	0	0	0	0	0	31025	91890	0	0	0	0	0	0	0	0	0	0	0	0	0	0	0	0	0																2339059	53752	0	0													
353957								0	0																																	0	6184	0	0													
354253								0	0																																	1994	2615	0	0													
354310	0	0	0	0	0	0	1540700	116511	169393	0	0	829412	0	0	59858	554554	215000	0	0	0	0	0	0	0	0	0																1008697	119771	0	0													
354552								5919	9777																																	17828	29382	0	0													
354851								0	157																																	1854	3777	0	0													
355120								7096	12296																																	20358	4612	0	0													
355559								5948	9078																																	41389	7314	0	0													
355858	0	0	0	0	0	0	0	39213	51895	0	0	0	0	0	0	0	0	0	0	0	0	0	0	0	0	0																75835	35880	0	0													
356239								729	174																																	12430	47662	0	0													
356659								3615	6																																	0	3390	0	0													
356752								6049	25903																																	5615	262	0	0													
357526								2140	1979																																	9490	3393	0	0													
357553								527	1589																																	2703	33907	0	0													
357777								0	0																																	10382	9225	0	0													
357937								3487	21930																																	10186	5838	0	0													
358112								1278	176																																	808	5717	0	0													
358448								0	107																																	845	1593	0	0													
358756								62	13																																	1084	3535	0	0													
359472								37	1270																																	750	0	0	0													
359744								28	1406																																	2437	5198	0	0													
360777	0	0	0	0	0	0	0	537	0	0	0	0	0	0	0	0	0	0	0	0	0	0	0	0	0	0																0	230	0	0													
361055								33839	26421																																	35461	40881	0	0													
361167	0	0	0	0	0	0	6230	109944	489379	0	0	0	0	0	0	0	0	0	0	0	0	0	0	0	0	0																238792	87495	0	5420													
361279								4531	18597																																	4212	11898	0	0													
361354								0	0																																	345	853	0	0													
361439	0	0	0	0	0	0	0	18000	10995	0	0	0	0	0	0	0	0	0	0	0	0	0	0	0	0	0																3337	4438	0	0													
362043								333	0																																	0	3068	0	0													
362155								3381	256																																	6140	2766	0	0													
362717	0	0	0	0	0	0	0	0	93960	0	0	0	0	0	0	0	0	0	0	0	0	0	0	0	0	0																69308	17291	0	0													
362856								0	0																																	0	1121	0	0													
362940								0	0																																	122	830	0	0													
363442								0	0																																	0	0	0	0													
363648								5	50																																	3825	9103	0	0													
363657	0	0	0	0	0	0	0	6202	17408	0	0	0	0	0	0	0	0	0	0	0	0	0	0	0	0	0																0	6697	0	0													
363778								153	0																																	0	0	0	0													
364131								6870	20292																																	2568	3752	0	0													
364270																																																										
364430								3629	9876																																	7880	6519	0	0													
364850	0	0	0	0	0	0	0	1270	0	0	0	0	0	0	0	0	0	0	0	0	0	0	0	0	0	0																2065	356	0	0													
365325	0	0	0	0	0	0	0	639345	2313746	0	0	0	0	0	0	0	0	0	0	0	0	0	0	0	0	0	32955	0	0	0	0	0	0	0	0	0	0	0				1263997	641868	250	238734	225684	0	0	0	13050								
365745								7029	25409																																	3231	817	0	0													
365848								285	0																																	380	30	0	0													
365950								1946	2205																																	1944	3857	0	0													
366078								19864	26381																																	39633	10	0	2243													
366238	0	0	0	0	0	0	185000	58655	95963	0	0	0	0	0	0	0	0	0	0	0	0	0	0	0	0	0																36906	80304	0	0													
366247								116	60																																	4192	10098	0	0													
366359								476	0																																	754	886	0	0													
366658								1909	688																																	3624	887	0	0													
366854								2481	219																																	13303	842	0	750													
367150								3357	0																																	1507	3851	0	0													
367178								402	2173																																	9644	0	0	0													
367431								10411	11668																																	7572	2597	0	0													
367543								0	20490																																	18848	17164	0	0													
368054								0	0																																	804	2295	0	0													
368344	0	0	0	0	0	0	0	465	0	0	0	0	0	0	0	0	0	0	0	0	0	0	0	0	0	0																787	10903	0	0													
368522								319	310																																	4345	4855	0	0													
368951								2752	7157																																	9626	16279	0	0													
369453								0	2541																																	2769	9302	0	0													
369659								40479	49115																																	71607	49097	0	0													
370020								16073	15073																																	24576	27985	0	0													
370347								606	1641																																	0	16196	0	1410													
370721	0	0	0	0	0	0	0	2382	1382	0	0	0	0	0	0	0	0	0	0	0	0	0	0	0	0	0																2969	7189	0	0													
370833								0	468																																	165	506	0	0													
370954								16078	1721																																	0	196	0	0													
371223								0	48013																																	3188	1675	0	0													
371232								1033	6796																																	9135	984	0	1232													
371362								4481	4480																																	17037	21296	0	0													
371559								405	838																																	1076	7755	0	0													
371755	0	0	0	0	0	0	0	0	0	0	0	0	0	0	0	0	0	0	0	0	0	0	0	0	0	0																183	108	0	0													
371849								0	41																																	151	2639	0	0													
371924								0	37560																																	119355	13858	0	0													
371942								21	392																																	1358	1731	0	0													
372444								65	112																																	411	2781	0	0													
372538								18018	61998																																	37575	39200	0	0													
372640								3018	2042																																	5049	2663	0	0													
372855	0	0	0	0	0	0	0	6237	25791	0	0	0	0	0	0	0	0	0	0	0	0	0	0	0	0	0																4854	1764	0	0													
373272								1391	0																																	0	0	0	0													
373553								0	1268																																	1681	0	0	0													
373601	0	0	0	0	0	0	0	0	5529	0	0	0	0	0	0	0	0	0	0	0	0	0	0	0	0	0																0	10399	0	0													
374130								14819	8509																																	6804	3958	0	0													
374653	0	0	0	0	0	0	0	47760	74021	0	0	0	0	0	0	0	0	0	0	0	0	0	0	0	0	0																166217	70694	0	0													
374774								0	1053																																	4406	0	0	0													
375043	0	0	0	0	0	0	236000	7041	17599	0	0	0	0	0	0	0	0	0	0	0	0	0	0	0	0	0																127445	101903	0	3089													
375379								0	213																																	0	0	0	0													
375502								9218	26960																																	94200	7455	0	308292													
375566								63584	3784																																	15905	489	0	0													
375650								220	0																																	59	95	0	0													
376237								0	2489																																	76	1184	0	0													
376273	0	0	0	0	0	0	0	3883	64614	0	0	0	0	0	0	0	0	0	0	0	0	0	0	0	0	0																37589	43583	0	0													
376442	0	0	0	0	0	0	0	1431	6118	0	0	0	0	0	0	0	0	0	0	0	0	0	0	0	0	0																19943	56752	0	0													
376947								570	156																																	3814	8018	0	0													
377663	0	0	0	0	0	0	0	611	534	0	0	0	0	0	0	0	0	0	0	0	0	0	0	0	0	0																4042	2872	0	0													
377850								8697	309																																	3163	2160	0	0													
378044								2110	281																																	710	7379	0	0													
378110								0	464																																	643	940	0	0													
379050								0	0																																	0	2843	0	0													
379153								2403	21																																	2343	3011	0	0													
379470								39	4773																																	0	80	0	0													
379649	0	0	0	0	0	0	0	1557	0	0	0	0	0	0	0	0	0	0	0	0	0	0	0	0	0	0																5252	0	0	0													
379920	0	0	0	0	622674	197016	0	742564	1158413	0	0	622674	197016	0	170269	446117	6288	0	0	0	7119	148194	41703	0	0	0	9931	56508	12060	0	0	0	0	0	0	0	12060	0				7122717	1113415	951	848816	54572	70634	0	156030	567580								
380346								251	5																																	3735	3004	0	0													
380458								51329	106486																																	125070	0	0	7290													
380533								4109	11275																																	10185	36907	0	0													
380878								1125	18207																																	5914	0	0	0													
380944								3825	6646																																	19590	12	0	0													
381026	0	0	0	0	0	0	0	143	539	0	0	0	0	0	0	0	0	0	0	0	0	0	0	0	0	0																511	1292	0	0													
381932								8993	18891																																	5370	0	0	0													
381950								700	2981																																	6256	1716	0	0													
382050	0	0	0	0	0	0	0	2595	0	0	0	0	0	0	0	0	0	0	0	0	0	0	0	0	0	0																45872	3560	0	0													
382069	0	0	0	0	0	0	0	0	7008	0	0	0	0	0	0	0	0	0	0	0	0	0	0	0	0	0																2792	12230	0	0													
382256								265	0																																	2162	3458	0	0													
382274								0	0																																	0	0	0	0													
382443								115	1113																																	3505	11628	0	0													
382537								4236	8490																																	9201	2103	0	0													
382649								2956	17363																																	27680	13771	25011	0													
382658								0	0																																	9132	36025	0	0													
382742								388	15975																																	7564	919	0	0													
382854	0	0	0	0	0	0	0	2763	1105	0	0	0	0	0	0	0	0	0	0	0	0	0	0	0	0	0																2103	1185	0	0													
384018								0	27994																																	172061	12402	0	0													
384278	0	0	0	0	0	0	0	25150	63654	0	0	0	0	0	0	0	0	0	0	0	0	0	0	0	0	0																28137	10665	0	0													
384353								0	0																																	0	2387	0	0													
384652								10875	52105																																	45794	9385	0	4316													
384830								1533	2107																																	1565	729	0	0													
385350								3107	0																																	8240	5185	0	0													
385471								2510	49																																	1852	61934	0	0													
385547								1573	150																																	1369	6348	0	0													
385686								0	1861																																	269	1179	0	0													
386432								8224	615																																	4066	1698	0	0													
386450	0	0	0	0	0	0	0	970	8054	0	0	0	0	0	0	0	0	0	0	0	0	0	0	0	0	0																1661	63112	0	0													
386731								6234	1862																																	12855	6546	0	0													
386825								0	0																																	4634	0	0	0													
387055								2861	380																																	1617	13701	0	0													
387671								8172	14630																																	7852	4450	0	0													
388155								1207	5228																																	1693	2184	0	0													
388258								0	0																																	24	251	0	0													
388557								15873	31306																																	21414	34294	0	0													
388744								7109	1424																																	7459	13187	0	0													
388753								0	431																																	425	1529	0	0													
388874								5424	0																																	0	1	0	0													
389358								2783	214																																	22773	37676	0	0													
389376								259	271																																	4028	22	0	0						Commitment to purchase CD							
390372								2767	0																																	0	90	0	0													
390840								1432	17678																																	18529	6973	0	0													
391418								151	22																																	224	4328	0	0													
391557								439	55																																	54	0	0	0													
391575																																																										
391959								201	500																																	1097	9585	0	0													
391977								5514	21054																																	11322	18612	0	0													
392152								21641	0																																	414	275	0	0													
392255								1960	597																																	2804	984	0	0													
392778								4173	11386																																	39035	1909	0	3750													
393252								0	0																																	0	36258	0	0													
393355	0	0	0	0	0	0	0	1187	6419	0	0	0	0	0	0	0	0	0	0	0	0	0	0	0	0	0																6974	5754	0	1000													
393953								6560	37475																																	44111	3503	0	0													
394156								0	664																																	2775	9331	0	0													
394259								333	69																																	10866	49936	0	0													
395238	0	0	0	0	522407	534631	0	183702	1829502	0	0	522407	0	534631	85134	436820	453	0	0	0	123185	294488	116958	0	0	0	35965	49857	0	0	0	0	0	0	974	0	974	0				7402717	554841	0	2136926	52409	1375725	64853	18376	625563								
396057								989	1339																																	3270	1406	0	0													
396244	0	0	0	0	0	0	0	24437	23018	0	0	0	0	0	0	0	0	0	0	0	0	0	0	0	0	0																2439	0	0	0													
396253								131562	21680																																	50114	8854	1192	0						.							
396954								0	0																																	0	9173	0	0													
397456	0	0	0	0	0	0	0	1558	2430	0	0	0	0	0	0	0	0	0	0	0	0	0	0	0	0	0																5297	3429	0	0													
397531								0	47768																																	12370	34	0	0													
397540	0	0	0	0	0	0	0	49693	174557	0	0	0	0	0	0	0	0	0	0	0	0	0	0	0	0	0																122599	20579	1000	0													
397559								31210	63550																																	11737	11277	0	0													
397755								9001	257049																																	26571	839	0	0													
397858								8105	4417																																	1783	0	0	0													
398051	0	0	0	0	0	0	0	5492	2556	0	0	0	0	0	0	0	0	0	0	0	0	0	0	0	0	0																2026	7938	0	0													
398248	0	0	0	0	0	0	0	1342	0	0	0	0	0	0	0	0	0	0	0	0	0	0	0	0	0	0																10704	1279	0	0													
398668																																																										
398837								4693	9348																																	1306	2079	0	0													
399357								0	0																																	0	6700	0	0													
399517	0	0	0	0	44056	28847	0	41712	572980	0	0	44056	28847	0	0	21591	13258	7111	2096	0	0	25369	0	0	3478	0																501708	98805	0	7508						FHLB of Pittsburgh letter of credit							
399731	0	0	0	0	0	0	0	544	2208	0	0	0	0	0	0	0	0	0	0	0	0	0	0	0	0	0																1283	579	0	0													
399973								1316	1769																																	2170	465	0	0													
400057								998	1485																																	5930	13579	0	0													
400141								3876	31029																																	47656	21555	0	0													
400365								4301	3211																																	7580	1176	0	0													
400767								79	1085																																	0	435	0	0													
401072								670	76																																	0	0	0	0													
401559								0	251																																	1040	3478	0	0													
401755								10141	11128																																	6666	42969	0	0													
401906								1784	15128																																	6201	3015	0	0													
401951								12003	0																																	2795	6	0	0													
402846								0	0																																	0	4250	0	0													
402873								1120	0																																	0	40	0	0													
403067								0	0																																	9124	3588	0	0													
403151	0	0	0	0	0	0	50000	24217	53699	0	0	0	0	0	0	0	0	0	0	0	0	0	0	0	0	0																171689	234474	0	43093													
403179								14994	30512																																	27624	1682	0	40000													
403254								0	0																																	0	0	0	0													
403656								0	0																																	100	809	0	0													
403870								12616	11987																																	36078	2119	0	0													
403946								5320	78091																																	75649	7175	0	0													
404653								500	27867																																	47779	0	0	0													
404943								615	380																																	430	5390	0	0						ICS deposits - one way sell							
406022								7283	6097																																	18367	809	0	0													
406059								23011	34606																																	44088	7906	0	9000													
406666								4543	2452																																	17454	3199	0	0													
406974								11563	14347																																	6391	4895	0	0													
407168								1328	3862																																	2390	13250	0	0						Standby LOC issued to Hansford County Hosp District							
407506								19165	141007																																	209844	19162	0	1100													
407645								4262	4681																																	27243	5859	0	0													
407850								0	0																																	129	1850	0	0													
408307	0	0	0	0	0	0	0	4402	6251	0	0	0	0	0	0	0	0	0	0	0	0	0	0	0	0	0																17880	12712	0	0													
408642								0	69216																																	3697	3693	0	470604													
408875								0	18765																																	72779	0	0	26629													
409265								488	0																																	1824	4831	0	0													
410159								0	0																																	282	665	0	0													
410560								24	127																																	16528	38929	0	0													
410748	0	0	0	0	0	0	42844	4098	5211	0	0	0	0	0	0	0	0	0	0	0	0	0	0	0	0	0																5619	3500	0	0													
410917								3332	9685																																	9995	361	0	0													
411062								0	0																																	3443	0	0	0													
411174								2056	2330																																	1131	5	0	0													
411231								3661	1172																																	2976	1011	0	0													
411240								402	1																																	1616	5180	0	0													
411549								0	0																																	83	3338	0	0													
411576	0	0	0	0	0	0	0	0	0	0	0	0	0	0	0	0	0	0	0	0	0	0	0	0	0	0																617	2328	0	0													
411624	0	0	0	0	0	0	0	824	856	0	0	0	0	0	0	0	0	0	0	0	0	0	0	0	0	0																3057	7125	0	0													
411651								0	2126																																	2077	47406	0	0													
412153								1344	13025																																	14508	32690	0	0													
412452								125	598																																	494	450	0	0													
412555								0	666																																	4820	18169	0	0													
412667								2117	870																																	14014	23280	0	0													
412751	0	0	0	0	36037	0	0	25122	397312	0	0	36037	0	0	0	0	0	6994	29043	0	0	0	0	0	0	0																928345	346711	0	277411													
412845								339	1543																																	9687	22780	0	0													
412872								723	301																																	960	47	0	0													
413141	0	0	0	0	0	0	0	0	11843	0	0	0	0	0	0	0	0	0	0	0	0	0	0	0	0	0																600	77422	0	0													
413208																																																										
413347								391	510																																	3146	2370	0	0													
413543								1677	67																																	713	12999	0	0													
413646								2848	433																																	43892	37043	0	0													
413673								963	4280																																	1678	752	0	0													
413758								0	49																																	4906	16981	0	0													
414102								3562	2970																																	28110	2148	0	0													
414652								0	720																																	5332	18498	0	0													
414764								29718	35205																																	2698	6687	0	0													
414858								1537	3062																																	1535	8914	0	0													
416245	0	0	0	0	106453	73919	0	134048	766585	0	0	106453	0	73919	19785	86668	0	0	0	0	14997	58922	0	0	0	0	23037	10785	8140	0	0	0	0	0	0	0	8140	0				2325837	1024407	0	23844	0	0	0	23844	0								
416272								4327	2240																																	788	75	0	0													
416339								3310	97																																	7838	7394	0	0													
416357								0	0																																	0	17141	0	0													
416656								4470	986																																	1365	13482	0	0													
416674								56062	53354																																	0	5162	0	0													
417626								4568	20535																																	5989	1532	0	0													
417710								913	193																																	759	26	0	0													
418100								2036	1178																																	7897	5999	0	0													
418249								15004	20993																																	84714	141759	0	209													
418436								0	0																																	713	10	0	0													
419406	0	0	0	0	0	0	353525	43410	288130	0	0	0	0	0	0	0	0	0	0	0	0	0	0	0	0	0																489203	206088	0	0						SSFA Total							
419675								6156	43433																																	45764	0	0	100													
419947								0	0																																	2219	2526	0	0													
420578								1093	9590																																	14294	1250	0	0													
420644								6671	10572																																	16764	3004	0	0													
420877								1373	3094																																	6955	98	0	0													
421445								186	0																																	6212	16642	0	0													
421539								7005	2216																																	10460	1129	0	0													
422116								609	3																																	1852	711	0	0													
422433	0	0	0	0	0	0	426181	4075	50375	0	0	0	0	0	0	0	0	0	0	0	0	0	0	0	0	0																99457	46439	0	0													
422657								559	553																																	101	170	0	0													
423159								314	1055																																	844	3000	0	0													
423449								2071	49777																																	61942	18147	0	0													
423636								10990	7156																																	2573	5831	0	0													
423739								23413	115048																																	22094	16291	0	0													
424156								90	2073																																	5654	34326	0	0													
424240								501	0																																	3565	14932	0	0													
424352								1846	1327																																	7427	1400	0	0													
424437	0	0	0	0	0	0	0	0	0	0	0	0	0	0	0	0	0	0	0	0	0	0	0	0	0	0																0	24	0	0													
425050								0	0																																	0	747	0	0													
425108								359	1792																																	21692	2472	0	0													
425818								7398	12997																																	13168	8212	0	0													
425845								0	0																																	0	73462	0	0													
425911								10532	43968																																	103034	138390	0	0													
426057								3283	2344																																	2985	18	0	0													
426141								0	0																																	53	957	0	0													
426534	0	0	0	0	5268	0	0	39956	216187	0	0	5268	0	0	0	0	0	0	0	5268	0	0	0	0	0	0																325449	87205	150	13978													
426758								709	903																																	441	6517	0	0													
426945								3737	0																																	6322	2015	0	0													
427241								7057	3291																																	1916	18251	0	0													
427353								32415	53254																																	55507	11334	0	0													
427858								16767	2896																																	3521	701	0	0													
427960								11410	1455																																	3259	956	0	0													
428060								43291	70955																																	99274	19052	0	0													
428462								0	3764																																	7306	7885	0	0													
428547	0	0	0	0	0	0	0	4603	52876	0	0	0	0	0	0	0	0	0	0	0	0	0	0	0	0	0																306511	5635	0	111432													
428855								2256	1133																																	809	11171	0	0													
429021								8489	11624																																	17049	8334	0	0													
429487								9528	10660																																	7874	920	0	0													
430036	0	0	0	0	0	0	0	1404	5275	0	0	0	0	0	0	0	0	0	0	0	0	0	0	0	0	0																9946	23348	0	0													
430054								388	2516																																	13279	0	0	0													
430344								621	0																																	3813	12844	0	0													
431323								4439	916																																	1408	922	292	0													
431350								694	1																																	198	1114	0	0													
432058								0	11760																																	6708	1913	0	0													
432432								6127	4697																																	7105	0	0	0													
433505	0	0	0	0	0	0	0	16609	51526	0	0	0	0	0	0	0	0	0	0	0	0	0	0	0	0	0																43977	18311	0	0													
433608	0	0	0	0	63029	0	350000	27567	358674	0	0	63029	0	0	0	0	0	0	34935	28094	0	0	0	0	0	0																481191	104713	0	0													
433859								0	0																																	0	11794	0	0													
433943								2768	2650																																	16167	14658	0	0													
434203	0	0	0	0	0	0	0	5615	21805	0	0	0	0	0	0	0	0	0	0	0	0	0	0	0	0	0																14649	2059	0	0													
434539								3331	3432																																	7843	3657	0	0													
435059								11025	15173																																	18550	3908	0	0													
435077	0	0	0	0	0	0	0	0	362384	0	0	0	0	0	0	0	0	0	0	0	0	0	0	0	0	0																815405	15464	0	0													
435255								262	422																																	3528	53026	0	0													
435666								8874	0																																	0	2040	0	0													
435750	0	0	0	0	0	0	0	19829	76856	0	0	0	0	0	0	0	0	0	0	0	0	0	0	0	0	0																37297	69389	0	0													
436159	0	0	0	0	0	0	0	322621	573701	0	0	0	0	0	0	0	0	0	0	0	0	0	0	0	0	0	20505	8055	29766	0	0	0	0	0	0	0	29766	0				1449156	33726	0	0	0	0	0	0	0								
436542								5512	3547																																	28094	23545	0	0													
436739								472	4264																																	14631	3019	0	0													
436953								13112	84323																																	35914	20008	0	0													
437044								450	0																																	0	4673	0	0													
437914	0	0	0	0	111041	133029	0	126117	542827	0	0	111041	0	133029	0	0	0	12619	27180	71242	0	0	0	0	50135	82894	108645	38102	77927	432	0	0	0	0	0	0	77927	432				1329961	340584	0	208824	51069	75517	50496	7524	24218								
439132	0	0	0	0	0	0	0	5690	800	0	0	0	0	0	0	0	0	0	0	0	0	0	0	0	0	0																7889	23	0	0													
439338	0	0	0	0	0	0	0	35128	189484	0	0	0	0	0	0	0	0	0	0	0	0	0	0	0	0	0																218665	151662	0	3600													
439356								2538	27251																																	60062	83540	0	0													
439404	0	0	0	0	0	0	51000	31026	39967	0	0	0	0	0	0	0	0	0	0	0	0	0	0	0	0	0																89910	36350	0	0													
439730								955	1816																																	8715	0	0	0													
440857								6417	128																																	1702	0	0	20													
440978								43	0																																	0	680	0	0													
441050								16117	1275																																	326	328	0	0													
441078								497	2348																																	6986	2028	0	0													
441135								0	0																																	35	1731	0	0													
441256	0	0	0	0	0	0	0	25370	121835	0	0	0	0	0	0	0	0	0	0	0	0	0	0	0	0	0																253816	278322	0	0													
441359								5734	27066																																	5596	12848	0	0													
441470								0	0																																	0	260	0	0													
441630								3511	2352																																	148	3427	0	0													
442011								0	0																																	1863	557	0	0													
442057								633	214																																	526	0	0	5586													
442244								1386	1807																																	18564	21930	0	0													
442655								0	0																																	2022	166	0	0													
443148								8830	2060																																	17114	20023	0	0													
443205								15202	115593																																	69310	14197	0	0													
443353								823	14036																																	13322	25207	0	0													
443625								0	10																																	2915	698	0	0						0	0	0	0	0	0	0	
443634								535	2708																																	3554	4694	0	0													
444350								7716	77022																																	38208	4155	0	0													
444556								20842	6021																																	13045	82944	0	0													
444677								727	0																																	0	0	0	0													
445674								1004	0																																	1952	860	0	0													
445955								4884	16536																																	19335	4079	0	0													
446130	0	0	0	0	0	0	0	4317	685	0	0	0	0	0	0	0	0	0	0	0	0	0	0	0	0	0																8571	0	2550	0													
446149								192	697																																	2090	571	0	0													
446176	0	0	0	0	0	0	0	0	0	0	0	0	0	0	0	0	0	0	0	0	0	0	0	0	0	0																0	736	0	0													
447070								0	41105																																	0	780	0	0													
447100	0	0	0	0	6008	0	0	22208	44285	0	0	6008	0	0	0	0	0	0	6008	0	0	0	0	0	0	0																26679	50794	0	0													
447557								6295	18206																																	63857	1376	0	0													
448040								2291	36824																																	103685	9978	0	0													
448554								6762	18206																																	4958	20950	0	0													
449038																																																										
449430								0	3670																																	9910	1466	0	0													
449832	0	0	0	0	0	0	0	3564	5977	0	0	0	0	0	0	0	0	0	0	0	0	0	0	0	0	0																8243	8668	0	0													
449935								0	0																																	0	0	0	0													
450632								30189	21025																																	15465	8580	0	0													
450669								0	0																																	485	1565	0	0													
450856	0	0	0	0	0	0	0	96438	429220	0	0	0	0	0	0	0	0	0	0	0	0	0	0	0	0	0																585561	272540	0	86151													
450959								13579	28845																																	36909	35343	0	0													
451068								2482	13526																																	4486	1163	0	0													
451246								3162	2644																																	7728	5133	2000	0													
451273	0	0	0	0	0	0	0	577	0	0	0	0	0	0	0	0	0	0	0	0	0	0	0	0	0	0																0	16916	0	0													
451965																																																										
452159								365	6277																																	17879	100	0	0													
452739								934	19447																																	2912	128	0	0													
452841								18	0																																	5295	2479	0	0													
453147								0	700																																	11	323	0	0													
453446								7643	13321																																	5964	259	0	0													
454546								4829	10238																																	7571	288	0	0													
454658								0	0																																	4019	4969	0	0						MUNICIPALITY	PUBLIC SCHOOLS	COUNTY					
454676								0	4020																																	79728	1785	0	0													
454975								2176	2330																																	225	166	0	0													
455150	0	0	0	0	0	0	0	4296	3906	0	0	0	0	0	0	0	0	0	0	0	0	0	0	0	0	0																3139	16834	0	0													
455253	0	0	0	0	0	0	0	2309	13901	0	0	0	0	0	0	0	0	0	0	0	0	0	0	0	0	0																23109	1165	0	0													
455459								3747	8571																																	20812	40056	0	5000													
455552								21	3609																																	4876	53909	0	0													
455945								2401	34																																	1918	16480	0	0													
455972	0	0	0	0	0	0	0	45503	30247	0	0	0	0	0	0	0	0	0	0	0	0	0	0	0	0	0																117596	44036	0	351													
456045	0	0	0	0	0	0	1332575	547943	1569578	0	0	0	0	0	0	0	0	0	0	0	0	0	0	0	0	0	719	0	0	0	0	0	0	0	0	0	0	0				1179585	444896	0	138519	0	0	0	0	138519								
456054								0	0																																	12574	20429	0	0													
456344								0	0																																	578	76	0	0													
456755	0	0	0	0	0	0	0	3889	5559	0	0	0	0	0	0	0	0	0	0	0	0	0	0	0	0	0																5435	11969	0	0													
457060								2851	815																																	1535	1081	0	0													
457220								4032	0																																	3941	2691	0	0													
457426								9458	6154																																	4115	5370	0	0													
457752								100	13108																																	38085	6828	0	0													
458142								1059	1680																																	1577	4847	0	0													
458544								39468	47418																																	9922	11794	0	0													
458665								393	1695																																	6115	5829	0	0													
458946								359	921																																	7180	5615	0	0													
459130								7955	36988																																	6282	12215	0	20													
459372								0	7826																																	0	25	0	0													
459644								458	194																																	1708	1751	249	250													
459671	0	0	0	0	0	0	0	117479	137531	0	0	0	0	0	0	0	0	0	0	0	0	0	0	0	0	0																253176	55904	0	0													
460033	0	0	0	0	0	0	0	133647	103942	0	0	0	0	0	0	0	0	0	0	0	0	0	0	0	0	0																59218	65080	0	0													
460275								233	0																																	0	0	0	0													
460332								3587	5511																																	3470	191	0	0													
460350	0	0	0	0	0	0	350	945	2899	0	0	0	0	0	0	0	0	0	0	0	0	0	0	0	0	0																1860	2972	0	0													
460556								1604	820																																	522	7309	0	0													
460770								10081	270																																	1250	3709	0	0													
461058								2930	1747																																	708	8490	0	0													
463605								0	11599																																	2127	18240	0	0													
463650								7611	53118																																	48693	80958	0	0													
463735	0	0	0	0	226119	142480	1162477	188169	1370585	0	0	226119	0	142480	0	0	0	48772	167987	9360	0	0	0	18455	82995	41030	20185	23589	25460	0	0	0	0	0	0	388943	25460	388943				4770207	451613	3311	379723	24082	217264	15250	46094	77033								
464853								1922	1186																																	302	2573	0	0													
465038								44038	8968																																	2773	10469	0	0													
465243								9497	5586																																	3048	171	0	0													
465524								2886	8																																	853	1247	0	0													
465618								6784	54307																																	76536	12970	0	0													
465672								7686	1533																																	4198	936	0	0													
466044	0	0	0	0	0	0	0	5455	2355	0	0	0	0	0	0	0	0	0	0	0	0	0	0	0	0	0																8727	0	0	18656													
466240								12674	29269																																	15385	35003	0	0													
466754								28973	15798																																	13559	21428	0	0													
466932								767	0																																	2083	4849	0	0													
467144								511	1																																	248	1146	0	0													
467470								0	0																																	0	0	0	0													
467658								4923	9292																																	74003	52371	0	0													
467733								6056	5614																																	370	3326	0	0													
468673								2263	6636																																	7046	9592	0	2437													
468806								0	9522																																	42550	440	0	0													
469250								0	0																																	171	740	0	0													
469559								5383	3612																																	13033	37488	0	0													
469737								8352	19359																																	4486	11490	0	0													
470032								3425	3107																																	1866	2679	0	0													
470050	0	0	0	0	0	0	817000	499189	385062	0	0	0	0	0	0	0	0	0	0	0	0	0	0	0	0	0	0	0	0	0	0	0	0	0	0	0	0	0				1034894	288366	83700	40195	3885	33810	0	0	2500								
470434								3984	1004																																	3836	0	0	0													
470452	0	0	0	0	3390	0	202189	63379	141149	0	0	3390	0	0	0	0	0	0	3390	0	0	0	0	0	0	0																27599	54163	0	0													
471057	0	0	0	0	0	0	0	0	0	0	0	0	0	0	0	0	0	0	0	0	0	0	0	0	0	0																2598	1713	0	0													
472018								8122	11758																																	1356	21	0	0													
472045								0	0																																	0	7408	0	0													
472148								0	12																																	15	859	0	0													
472250	0	0	0	0	0	0	0	0	0	0	0	0	0	0	0	0	0	0	0	0	0	0	0	0	0	0																0	0	0	0													
472531								723	53																																	850	1921	0	0													
472616	0	0	0	0	0	0	0	1621	2132	0	0	0	0	0	0	0	0	0	0	0	0	0	0	0	0	0																5927	7932	0	0													
472951								346	0																																	975	3140	0	0													
472979								10842	6002																																	174	3760	0	0													
473042								38499	44833																																	72259	43172	0	0													
473257								7078	1517																																	11361	742	0	0													
473266								10757	156327																																	139182	15011	0	0													
473930								6587	25387																																	11359	18763	0	0													
474058								1774	340																																	203	2012	0	0													
474245								429	2250																																	1615	2032	0	0													
474254	0	0	0	0	0	0	0	79001	324712	0	0	0	0	0	0	0	0	0	0	0	0	0	0	0	0	0																411089	148330	0	16344													
474357								3150	137																																	839	5100	0	0													
474450								694	707																																	7314	48428	0	0													
474544								447	174																																	7102	0	0	0													
474656								0	2408																																	515	5401	0	0													
474759	0	0	0	0	52887	16147	0	100240	142075	0	0	52887	16147	0	0	0	0	0	52887	0	0	0	0	7759	8388	0																1180913	118502	17199	0													
474919	0	0	0	0	0	0	3824200	465502	965063	0	0	0	0	0	0	0	0	0	0	0	0	0	0	0	0	0	68382	40353	27256	0	0	0	0	0	0	0	27256	0				3430768	1604741	100	61453	13505	0	0	2836	45112								
475345								2771	3691																																	9682	2416	0	0													
475354								10800	25529																																	10255	13847	0	0													
475653								14972	38718																																	15004	7439	0	0													
475756								3394	1789																																	5214	12507	0	0													
476445								0	0																																	0	9953	0	0													
476472								0	0																																	0	0	0	0													
476539								172	8370																																	8706	16099	0	0													
476810																																																										
477321								13359	55657																																	60686	31450	0	20000													
477349	0	0	0	0	0	0	0	6940	7316	0	0	0	0	0	0	0	0	0	0	0	0	0	0	0	0	0																222	23	0	0													
477648								176	1614																																	547	24825	0	0													
477844								4115	719																																	10916	8455	0	0													
478140								993	786																																	7260	1181	0	0													
478195								12138	768																																	15263	42380	0	0													
479071								2750	2621																																	13307	35202	0	0													
479268	0	0	0	0	0	0	0	7157	184783	0	0	0	0	0	0	0	0	0	0	0	0	0	0	0	0	0																268225	161070	0	0													
479370								36359	8642																																	11549	145	0	0													
479446								83	3741																																	10125	6992	0	4000													
479567								2036	31																																	1308	58	0	0													
479754								2896	1361																																	10087	14649	0	0													
479839								14210	14299																																	7264	18	0	0													
480059	0	0	0	0	0	0	0	13334	2259	0	0	0	0	0	0	0	0	0	0	0	0	0	0	0	0	0																517	3688	0	0													
480228																																																										
480246								535	0																																	326	0	0	0													
480330	0	0	0	0	0	0	0	0	0	0	0	0	0	0	0	0	0	0	0	0	0	0	0	0	0	0																0	0	0	0													
480433								2110	5529																																	11152	4252	0	0													
480723	0	0	0	0	0	0	0	11547	4265	0	0	0	0	0	0	0	0	0	0	0	0	0	0	0	0	0																993	255	0	0													
480853								200	50																																	9296	2462	0	0													
481159								10870	189																																	11666	20134	0	0													
481177	0	0	0	0	0	0	0	1570	28004	0	0	0	0	0	0	0	0	0	0	0	0	0	0	0	0	0																109655	36335	0	0													
481579	0	0	0	0	0	0	0	44	0	0	0	0	0	0	0	0	0	0	0	0	0	0	0	0	0	0																572	11891	0	0													
481627								1149	25785																																	10414	4703	0	0													
481748								72	0																																	169	3252	0	0													
481944								215	4057																																	5348	1466	0	0													
482053								1309	18																																	22625	94888	0	0													
482156								58517	17826																																	7460	34478	0	26757													
482370	0	0	0	0	0	0	0	0	0	0	0	0	0	0	0	0	0	0	0	0	0	0	0	0	0	0																0	0	0	0													
482446								0	0																																	399	12511	0	0													
483274								0	0																																	3162	60	0	0													
483537								4258	2096																																	4965	140	0	0													
483751								3488	2965																																	3778	10450	0	0													
484057								0	967																																	1568	1412	0	0													
484776								3330	10717																																	12864	6272	0	0													
485054								0	0																																	2139	18829	0	0													
485139	0	0	0	0	0	0	0	556	3543	0	0	0	0	0	0	0	0	0	0	0	0	0	0	0	0	0																4516	666	0	0													
485214								5978	5228																																	1441	941	0	0													
485456								10245	25862																																	17256	4843	0	0													
485559	0	0	0	0	0	0	0	63883	2556297	0	0	992190	0	252310	16607	270031	125647	156984	416509	6412	16070	21552	0	124741	89947	0	302049	44659	214590	2492	0	0	9474	0	36916	3860	260980	6352				9110041	1113294	0	4090843	1924966	210384	68026	1007224	880244								
487142								135	0																																	1930	2388	0	0													
487357	0	0	0	0	0	0	0	5131	11108	0	0	0	0	0	0	0	0	0	0	0	0	0	0	0	0	0																7159	30602	1500	0													
488318																																																										
488420								1122	810																																	428	1427	0	0													
488653								4662	6536																																	21547	6124	0	0						FHLB LOC							
488756								85	0																																	4679	12650	0	0													
489155								458	33																																	449	753	0	0													
489249								0	55																																	367	1138	0	0													
489548								2738	19645																																	0	32953	0	0													
489623	0	0	0	0	0	0	0	106134	324177	0	0	0	0	0	0	0	0	0	0	0	0	0	0	0	0	0																381970	285954	0	66384													
490348								0	1401																																	2076	6386	0	0													
490450								11548	77182																																	57325	3055	0	0									Purchase commitment municipal bond				
490843								99	446																																	1357	10600	0	0													
490955								0	400																																	0	257	0	0													
491224																																																										
491402								8743	78044																																	16577	25337	0	0													
491653								571	0																																	2691	0	0	0													
491934								115892	134868																																	86203	6654	0	0													
492650	0	0	0	0	0	0	46400	18795	43710	0	0	0	0	0	0	0	0	0	0	0	0	0	0	0	0	0																42935	20722	0	0													
492810	0	0	0	0	0	0	0	4	1566	0	0	0	0	0	0	0	0	0	0	0	0	0	0	0	0	0																248	3725	0	0													
493077								3053	924																																	0	297	0	0													
493152								0	5984																																	3564	28405	0	0													
493741								0	15559																																	8179	27425	0	0													
493844								20801	30003																																	59392	9073	5	0													
494261	0	0	0	0	0	0	0	33695	894237	0	0	0	0	0	0	0	0	0	0	0	0	0	0	0	0	0	4397	0	3094	0	0	0	0	0	0	0	3094	0				2453744	214125	0	3346077	82578	20607	3085548	157345	0								
494654								0	14302																																	19558	2951	0	8000													
495419								2225	18336																																	11214	12864	0	0													
495558								22873	1108																																	6	3	0	0													
496434								0	0																																	979	141	0	0													
496845	0	0	0	0	0	0	0	886	143	0	0	0	0	0	0	0	0	0	0	0	0	0	0	0	0	0																16744	27809	0	0													
496957								0	0																																	0	5830	0	0													
497039								18330	119548																																	73369	27347	0	0													
497404																																																										
497655								176	50																																	118	39	0	0													
497851								2625	4875																																	5090	1372	0	0													
497954								18477	75884																																	22672	2817	0	0													
498148								10751	15947																																	23409	61751	0	10													
498317	0	0	0	0	0	0	59575	8263	54040	0	0	0	0	0	0	0	0	0	0	0	0	0	0	0	0	0																40659	65404	0	4500													
498362	0	0	0	0	0	0	0	41464	102207	0	0	0	0	0	0	0	0	0	0	0	0	0	0	0	0	0																49382	38	0	72248													
498456								0	275																																	91	85	0	0													
498531								2097	38777																																	195	509	0	0													
498625								2575	0																																	4085	3394	0	0													
498942								0	0																																	1108	4515	0	0													
499154								7782	59																																	11694	3914	0	0													
499453								3532	10715																																	33474	70347	0	1988													
499501								34197	73162																																	224699	23155	0	7798													
499743	0	0	0	0	0	0	9600	5460	4820	0	0	0	0	0	0	0	0	0	0	0	0	0	0	0	0	0																6762	3764	0	0													
499752								1613	5789																																	9400	1608	0	0													
499855								0	4991																																	5490	319	0	0													
500256	0	0	0	0	0	0	0	1768	2342	0	0	0	0	0	0	0	0	0	0	0	0	0	0	0	0	0																6406	1989	0	0													
500658								1154	1368																																	2826	40	0	0													
501105																																																										
501132								17939	18856																																	19118	9500	0	0													
501459								25378	48195																																	61590	65	0	0													
501655	0	0	0	0	0	0	0	0	10	0	0	0	0	0	0	0	0	0	0	0	0	0	0	0	0	0																727	3623	0	0													
501767								802	168																																	979	2869	0	0													
502111								0	65324																																	24237	2269	0	0													
502447								0	0																																	3615	2105	0	0													
502559								11568	2558																																	3919	5736	0	0													
502652								8068	15085																																	41566	1109	0	0													
502746								3223	20893																																	52838	7243	0	0													
502849								46510	218079																																	157716	78990	0	0													
503547								0	0																																	0	1047	0	0													
503640								0	0																																	91	2662	0	0													
504142								1477	0																																	3075	1337	0	0													
504311								6865	23097																																	24430	3879	0	0													
504535								6592	11130																																	4003	2353	0	0													
504647								203	1813																																	1103	2293	0	0													
504713																																																										
505550								7180	12964																																	34769	13042	0	0													
505916								0	0																																	1796	1477	0	0													
507068	0	0	0	0	0	0	0	11461	57952	0	0	0	0	0	0	0	0	0	0	0	0	0	0	0	0	0																119840	22954	0	0													
507152								26602	27535																																	10100	2256	0	0													
507349								0	124																																	625	3987	125	0													
507509	0	0	0	0	0	0	0	14845	65233	0	0	0	0	0	0	0	0	0	0	0	0	0	0	0	0	0																105630	36453	0	0													
508270								1251	0																																	0	899	0	0													
508346								17475	88612																																	104250	63726	0	0													
508355								7830	6680																																	4499	22771	0	0						FHLB							
509811	0	0	0	0	0	0	99740	121878	206756	0	0	0	0	0	0	0	0	0	0	0	0	0	0	0	0	0																208941	297023	0	9616													
509857								0	0																																	100	632	0	0													
509950	0	0	0	0	59994	0	1165400	353604	1238666	0	0	59994	0	0	0	0	0	59994	0	0	0	0	0	0	0	0	781	0	0	0	0	0	0	0	0	0	0	0				316124	68665	0	48182	4232	0	0	0	43950								
510330								31400	6790																																	3144	4001	0	0													
510648								1551	2351																																	827	548	0	0													
510871																																																										
510938								1396	14515																																	21287	21529	0	0													
510947								1103	524																																	5313	2194	0	2000													
511832								9577	23673																																	20614	0	0	0													
513256	0	0	0	0	0	0	0	2093	19292	0	0	0	0	0	0	0	0	0	0	0	0	0	0	0	0	0																19310	33678	0	0													
513322								176	2333																																	3145	701	0	0													
513340								267	2946																																	25432	10244	0	0													
513546								4343	1979																																	5167	12344	0	0													
513854								1984	408																																	77	277	0	0													
514048								7546	26511																																	3563	11834	0	0													
514057								0	0																																	4	250	0	0													
514066								1692	5202																																	141706	83052	0	0													
514132								1680	4529																																	10835	12622	0	0													
514356	0	0	0	0	0	0	0	0	0	0	0	0	0	0	0	0	0	0	0	0	0	0	0	0	0	0																319	838	0	0													
514655								26987	33569																																	35933	17260	0	5247													
514936								15713	6625																																	1929	1394	0	0													
515979								0	0																																	603	293	0	0													
516154								1072	0																																	7659	25502	0	0													
516855								2514	33073																																	63495	5104	0	0													
516873								1425	0																																	0	0	0	0													
517049								27679	81028																																	51997	19972	0	0													
517357								569	50836																																	102742	18465	0	0													
517441								4309	6819																																	4033	16101	0	0													
517674								6780	44427																																	31583	24918	0	0													
518037								14513	41777																																	11413	25786	0	0													
518176								2712	53																																	0	71	0	0													
518354								2029	0																																	1128	19	0	0													
518877								2784	8331																																	3490	655	0	0													
519146								983	10444																																	1697	7036	0	0													
519360								0	505																																	970	0	0	62													
519445								526	3421																																	6062	532	0	0													
519874								0	0																																	0	2296	0	0													
520003								8398	22709																																	61578	49315	0	0													
520423								42	2480																																	651	21299	0	0													
520777								0	0																																	0	18577	0	0													
521158								4124	3230																																	13861	262	0	0													
521970								3305	17																																	18600	153	0	0													
522034								389	904																																	631	660	0	0													
522454								1546	264																																	148	0	0	0													
522605	0	0	0	0	526401	526401	258250	18291	302043	0	0	526401	526401	0	43308	307934	175159	0	0	0	43308	307934	175159	0	0	0																210606	96978	0	12283													
522669								3903	19531																																	11275	2505	0	0													
522753								1120	4637																																	7698	8883	0	0													
523161								12815	276																																	6355	4665	0	0													
524579								89864	0																																	0	23172	0	0													
524757								7395	1493																																	103	0	0	0													
524766	0	0	0	0	0	0	0	0	9013	0	0	0	0	0	0	0	0	0	0	0	0	0	0	0	0	0																1744	2397	0	0													
524953								10057	17116																																	22718	2701	0	0													
524971	0	0	0	0	0	0	0	0	32501	0	0	0	0	0	0	0	0	0	0	0	0	0	0	0	0	0																71977	1238	0	0													
525053	0	0	0	0	0	0	0	5161	30164	0	0	0	0	0	0	0	0	0	0	0	0	0	0	0	0	0																43367	10758	0	0													
525549								22881	106555																																	150912	42276	0	1468													
526452																																																										
526519								5239	70511																																	64825	7761	0	0													
526854	0	0	0	0	0	0	18500	10797	19524	0	0	0	0	0	0	0	0	0	0	0	0	0	0	0	0	0																68349	8395	0	0													
527057								2209	3037																																	4250	17670	45	0													
527178								4732	549																																	627	968	0	0													
527600								3477	58528																																	34532	1438	0	0													
527749								240	370																																	238	4565	0	0													
527954	0	0	0	0	0	0	0	56101	1186145	0	0	0	0	0	0	0	0	0	0	0	0	0	0	0	0	0	3952	2831	0	0	0	0	0	0	0	0	0	0				1935592	1626850	37161	145266	0	70883	60000	0	14383								
528102								947	17019																																	3791	10492	0	0													
528241								250	0																																	9044	27618	0	0													
528849								23225	68843																																	83585	39884	0	1656													
528960	0	0	0	0	0	0	0	8534	61615	0	0	0	0	0	0	0	0	0	0	0	0	0	0	0	0	0																22538	24967	0	0													
529275								15924	0																																	0	0	0	0													
529341								541	30833																																	96963	6843	0	0													
529659								17988	6911																																	12392	18874	0	0													
529958	0	0	0	0	0	0	0	5247	109360	0	0	0	0	0	0	0	0	0	0	0	0	0	0	0	0	0																92293	56624	0	390833													
530655								0	315																																	6862	37801	0	0													
530851								4213	0																																	1095	6089	0	0													
531157								0	0																																	4871	15775	0	0													
531250								16844	14135																																	9099	19038	0	24343													
532042								6900	8670																																	16781	49724	0	0													
532453								0	0																																	0	8343	0	0													
532752								1441	0																																	0	12092	0	0													
533124								109	3776																																	2652	2021	0	0													
533227								636	297																																	736	189	0	0													
533535								3995	5175																																	4415	2180	0	0													
534073								551	0																																	0	0	0	0													
534242								0	0																																	31	1804	0	0													
534466								0	0																																	3316	0	0	0													
534756								16779	7010																																	1579	3249	0	0													
534859								0	4612																																	2108	0	0	2221													
534877								0	28073																																	25125	2147	0	0													
535034								2670	2079																																	2777	5169	0	0													
535575								2085	100																																	54	58	0	0													
535753								51362	276847																																	239550	24440	0	0													
535931	0	0	0	0	0	0	0	709	7086	0	0	0	0	0	0	0	0	0	0	0	0	0	0	0	0	0																4983	7716	0	0													
535940								0	5907																																	11750	11030	0	0													
536059	0	0	0	0	0	0	0	19083	152574	0	0	0	0	0	0	0	0	0	0	0	0	0	0	0	0	0																22508	0	0	0													
536349								2275	2804																																	16708	68918	0	0													
536527								34	36802																																	3192	0	0	4902													
536554								48803	51724																																	16958	22642	0	0													
536853								542	0																																	65	5733	0	0													
537243								0	600																																	422	15903	0	0													
537449	0	0	0	0	0	0	0	34082	235294	0	0	0	0	0	0	0	0	0	0	0	0	0	0	0	0	0																741274	51456	0	0													
537551								2503	23911																																	13642	25297	0	0													
537560	0	0	0	0	0	0	45500	41843	9024	0	0	0	0	0	0	0	0	0	0	0	0	0	0	0	0	0																67152	48023	0	0													
538222	0	0	0	0	0	0	0	0	0	0	0	0	0	0	0	0	0	0	0	0	0	0	0	0	0	0																388	834	0	0													
538473								29375	11294																																	500	1020	0	0													
538754								0	7531																																	23584	62606	0	0													
538802																																																										
539032	0	0	0	0	0	0	0	32286	86711	0	0	0	0	0	0	0	0	0	0	0	0	0	0	0	0	0																124526	32226	0	0													
539340								9570	1037																																	32583	8118	0	0													
539377								21442	7127																																	3343	3428	0	0													
539452								1395	616																																	2374	7492	0	0													
539872								2136	11456																																	933	692	0	0													
540056								3135	1311																																	6641	11858	0	0													
540542								1582	0																																	0	779	0	0													
540551	0	0	0	0	0	0	0	12547	64870	0	0	0	0	0	0	0	0	0	0	0	0	0	0	0	0	0																74779	121448	0	0													
540739								4008	3260																																	2567	1931	0	0													
540775	0	0	0	0	0	0	31000	4345	32224	0	0	0	0	0	0	0	0	0	0	0	0	0	0	0	0	0																38574	18092	2000	0													
540850								0	0																																	98	3787	0	0													
541101																																																										
541231	0	0	0	0	0	0	0	5041	2257	0	0	0	0	0	0	0	0	0	0	0	0	0	0	0	0	0																8431	10500	0	0													
541307								0	0																																	1224	2405	0	0													
541642								1061	1709																																	174	219	0	0													
541754								1629	857																																	5908	24061	0	0													
541857								15121	6545																																	6480	18769	0	0													
542153								11411	20460																																	26015	79157	0	0													
542340								16610	23292																																	41485	0	0	7575													
542528	0	0	0	0	0	0	0	64473	201273	0	0	0	0	0	0	0	0	0	0	0	0	0	0	0	0	0																170722	67838	0	0													
542667								3024	12342																																	20702	10088	0	0													
542854								603	400																																	700	412	0	0													
543262	0	0	0	0	0	0	0	18304	118399	0	0	0	0	0	0	0	0	0	0	0	0	0	0	0	0	0																114152	104835	0	0													
543459								0	3902																																	42669	45038	0	0													
543945								2167	36757																																	9187	0	0	8583						WHEN ISSUED SECURITIES							
544335								0	665																																	8947	10920	0	0													
544447								246	0																																	2651	7187	0	0													
544652								14149	20693																																	14792	15052	0	0													
544951								0	1334																																	679	1057	0	0													
545604								5972	48284																																	70334	15471	0	0													
546003								3461	132688																																	144537	14364	0	0													
546320								509	7																																	1027	1259	0	0													
546535								8858	23609																																	4450	9833	0	0													
546544								72166	68285																																	274374	418	0	0													
547251	0	0	0	0	0	0	0	1642	10410	0	0	0	0	0	0	0	0	0	0	0	0	0	0	0	0	0																3877	8695	0	0													
547550								3083	5231																																	3398	1354	0	0													
547840	0	0	0	0	0	0	0	71017	114950	0	0	0	0	0	0	0	0	0	0	0	0	0	0	0	0	0																328612	68266	0	0													
548052								6990	68																																	5437	6799	0	0													
548267								794	8837																																	8864	8515	0	0													
548351	0	0	0	0	0	0	0	51657	72152	0	0	0	0	0	0	0	0	0	0	0	0	0	0	0	0	0																71422	94785	0	0													
548472								1153	309																																	1118	2559	0	0													
548771								3124	7881																																	43686	1060	0	0													
549862	0	0	0	0	0	0	0	6938	16146	0	0	0	0	0	0	0	0	0	0	0	0	0	0	0	0	0																63674	1144	0	0													
550279								29353	3444																																	1442	1170	0	0													
550354	0	0	0	0	0	0	0	985	3016	0	0	0	0	0	0	0	0	0	0	0	0	0	0	0	0	0																885	1408	0	0													
550448								515	681																																	1801	1461	0	500													
550635								1425	23722																																	61135	10623	0	0													
550653								0	0																																	5101	4551	0	0													
550952								7247	6531																																	13880	3768	0	0													
551016								1811	1329																																	33856	51	0	0													
552059								14010	3571																																	26751	27304	0	0													
552161								27980	272862																																	93040	62221	0	0													
552545								1495	718																																	11438	29773	0	0													
552956								3850	1493																																	2062	4237	0	0													
552974	0	0	0	0	0	0	23000	1387	4557	0	0	0	0	0	0	0	0	0	0	0	0	0	0	0	0	0																46419	3498	0	0													
553038								796	2304																																	2174	17238	0	0													
553926	0	0	0	0	0	0	0	3095	2591	0	0	0	0	0	0	0	0	0	0	0	0	0	0	0	0	0																3356	2819	0	0													
553944								3701	7269																																	2434	7223	0	0													
554343								373	124																																	16654	45	0	963													
554857	0	0	0	0	0	0	0	14227	80545	0	0	0	0	0	0	0	0	0	0	0	0	0	0	0	0	0																146835	56941	0	0													
555256								979	3321																																	0	9716	0	0													
556011								799	3178																																	8730	21598	0	0													
556459								1302	23253																																	39955	18593	0	1759													
556936	0	0	0	0	0	0	20158	2924	24930	0	0	0	0	0	0	0	0	0	0	0	0	0	0	0	0	0																110320	75888	0	0													
557317	0	0	0	0	0	0	0	40949	107097	0	0	0	0	0	0	0	0	0	0	0	0	0	0	0	0	0																281935	43170	0	0													
557438								694	25																																	2187	11009	0	0													
557858	0	0	0	0	0	0	0	45140	339017	0	0	0	0	0	0	0	0	0	0	0	0	0	0	0	0	0																1104362	229436	8457	0													
559179								1645	43																																	1026	0	0	0													
560214								0	0																																	0	10764	0	0													
560353								5527	1891																																	1113	300	0	0													
560438								0	0																																	1780	806	0	0													
560830								292	863																																	1427	1128	0	0													
561145								2445	12168																																	15520	48367	0	0													
561574								4780	9786																																	35306	3084	0	0													
561659	0	0	0	0	0	0	0	0	17910	0	0	0	0	0	0	0	0	0	0	0	0	0	0	0	0	0																56440	59275	0	0													
561864								12879	23743																																	94724	3140	0	0													
562058								13543	22801																																	24781	15602	0	0													
563233								2683	18260																																	8490	3598	0	0													
563336								1540	1023																																	1229	0	0	1719													
563457								0	0																																	675	2044	0	0													
563934								103	403																																	0	3000	0	0													
564052								1207	19431																																	3471	21749	0	0													
564324								11936	7539																																	65351	0	0	11825													
564463								2842	4556																																	4912	2345	0	0													
564557																																																										
564678	0	0	0	0	0	0	0	0	698	0	0	0	0	0	0	0	0	0	0	0	0	0	0	0	0	0																0	400	0	0						FHLB MULOCS							
564838								5911	3253																																	2433	4967	0	0													
565143	0	0	0	0	0	0	0	5005	16551	0	0	0	0	0	0	0	0	0	0	0	0	0	0	0	0	0																2758	618	0	0													
565170								4239	3428																																	0	0	0	0													
565536								0	1332																																	1499	9133	0	0						FEDERAL HOME LOAN BANK - CHICAGO							
565750								6936	61228																																	158520	11677	0	350													
565844	0	0	0	0	0	0	0	2790	0	0	0	0	0	0	0	0	0	0	0	0	0	0	0	0	0	0																704	4376	0	0													
566056								1681	94																																	19705	48186	0	0													
566243								6818	8209																																	8990	5093	0	0													
567240								2435	9922																																	269	1950	0	0													
567679								5861	10239																																	5207	11786	0	0													
567736								1858	5359																																	3201	4253	0	0													
568126								5967	2225																																	19649	0	0	0													
568135								7716	4121																																	2673	1130	0	0													
568359	0	0	0	0	0	0	0	29560	23728	0	0	0	0	0	0	0	0	0	0	0	0	0	0	0	0	0																7614	0	0	8102													
568377								2411	410																																	0	4340	0	0													
568470	0	0	0	0	0	0	17709	32896	39672	0	0	0	0	0	0	0	0	0	0	0	0	0	0	0	0	0																76191	0	0	46364													
568939								6031	2393																																	2122	6922	0	0													
570558								4231	4732																																	0	12563	0	0													
570651								360	0																																	1584	7184	0	0													
571135	0	0	0	0	0	0	0	100	0	0	0	0	0	0	0	0	0	0	0	0	0	0	0	0	0	0																33	10966	0	0													
571265	0	0	0	0	0	0	0	1347	8382	0	0	0	0	0	0	0	0	0	0	0	0	0	0	0	0	0																21829	1464	0	0													
571920								4842	892																																	4424	13376	0	0													
571957								0	0																																	173	3264	0	0													
572347	0	0	0	0	0	0	7900	4820	1347	0	0	0	0	0	0	0	0	0	0	0	0	0	0	0	0	0																1046	874	0	0													
572374	0	0	0	0	0	0	0	44763	642987	0	0	0	0	0	0	0	0	0	0	0	0	0	0	0	0	0																120042	63118	0	0													
572459								1336	1755																																	8597	31713	11000	0													
572655	0	0	0	0	0	0	18380	1744	1654	0	0	0	0	0	0	0	0	0	0	0	0	0	0	0	0	0																25362	4108	0	0													
573036								1822	29022																																	4029	4028	0	0													
573335								21417	10116																																	4833	4409	0	0													
574079								2166	8909																																	5807	2254	0	0													
574949								4514	16438																																	39676	2890	0	0													
574976								11263	5393																																	60374	52568	0	0													
575133								560	1422																																	27	51	0	0													
575254	0	0	0	0	0	0	0	66675	130746	0	0	0	0	0	0	0	0	0	0	0	0	0	0	0	0	0																171701	132892	0	0													
575348								1584	125																																	2786	2376	0	0													
575375	0	0	0	0	0	0	0	1614	395	0	0	0	0	0	0	0	0	0	0	0	0	0	0	0	0	0																331	0	0	0													
575759	0	0	0	0	0	0	0	209	21802	0	0	0	0	0	0	0	0	0	0	0	0	0	0	0	0	0																29287	55844	0	0													
575834								2801	43196																																	61543	2221	0	0													
576354	0	0	0	0	0	0	0	0	3564	0	0	0	0	0	0	0	0	0	0	0	0	0	0	0	0	0																1663	39	0	0													
576578								1238	1032																																	3043	173	0	0													
576608	0	0	0	0	0	0	40750	13459	14270	0	0	0	0	0	0	0	0	0	0	0	0	0	0	0	0	0																20431	23284	0	0													
576644								16151	77336																																	23694	3981	0	0													
576952								9286	7962																																	14357	21450	0	0													
577128	0	0	0	0	0	0	0	32662	319169	0	0	0	0	0	0	0	0	0	0	0	0	0	0	0	0	0																498045	204844	0	0													
577137	0	0	0	0	0	0	0	10833	52250	0	0	0	0	0	0	0	0	0	0	0	0	0	0	0	0	0																13366	731	0	0													
577230								8	14																																	0	268	0	0													
578116								424	8281																																	9733	3578	0	0													
578237								434	218																																	681	0	0	0													
578255								25614	36679																																	185652	18196	0	0													
578554								622	374																																	755	10348	0	0													
578741								6803	16340																																	44987	4756	0	0													
578862	0	0	0	0	0	0	0	142	31	0	0	0	0	0	0	0	0	0	0	0	0	0	0	0	0	0																988	600	0	19													
579140								5038	6529																																	26052	26739	0	0													
579319								0	0																																	499	2022	0	0													
579364								5197	953																																	11545	8818	0	0													
579636								1266	3788																																	917	1481	0	0													
580155								13280	16530																																	24910	33276	0	0													
580548	0	0	0	0	0	0	0	10656	17458	0	0	0	0	0	0	0	0	0	0	0	0	0	0	0	0	0																37412	12448	0	0													
580847								4679	6697																																	2424	0	0	0													
580874								679	2246																																	6535	2436	0	0													
581237								2236	12044																																	702	485	0	0													
581358								925	1583																																	6424	19148	925	0													
582654								164	857																																	1782	4702	0	0													
582878								0	80																																	0	96	0	0													
582953								20586	6145																																	10443	37898	0	0													
582971								32494	90827																																	28632	3361	0	0													
583071								2547	585																																	77	1746	0	0													
583268								3736	66501																																	20090	1016	0	0													
583352								3556	6716																																	12647	5360	0	0													
583754								10145	32156																																	39377	92	0	0													
583905								7436	16523																																	35437	46267	0	0													
584377	0	0	0	0	0	0	0	10237	42715	0	0	0	0	0	0	0	0	0	0	0	0	0	0	0	0	0																52088	3	0	0													
584724								1045	45737																																	78165	14608	0	0													
584920								225577	71505																																	165673	85680	0	0													
585749								5917	4842																																	26775	47244	0	0													
586027								0	0																																	0	81	0	0													
586072								21213	47822																																	13817	6470	0	0													
586335								1105	160																																	2907	362	0	0													
586960								4992	5717																																	489	410	0	0													
587677								4324	3934																																	1729	1382	0	0													
587800	0	0	0	0	0	0	0	25800	519258	0	0	0	0	0	0	0	0	0	0	0	0	0	0	0	0	0																1070864	201445	0	0													
588245								13028	4176																																	4347	1091	0	0						QUAD CITY BANK & TRUST							
588348	0	0	0	0	0	0	0	0	257	0	0	0	0	0	0	0	0	0	0	0	0	0	0	0	0	0																15489	20861	0	0													
589158								0	0																																	15627	0	0	0													
589523								15185	48184																																	53944	28719	0	1357													
589943	0	0	0	0	0	0	0	6492	43010	0	0	0	0	0	0	0	0	0	0	0	0	0	0	0	0	0																75671	46973	0	0													
590220	0	0	0	0	0	0	0	22531	37518	0	0	0	0	0	0	0	0	0	0	0	0	0	0	0	0	0																32238	2092	0	0													
590640								26269	44129																																	24089	4579	0	0													
590976								50283	21830																																	39131	20554	0	0													
591209								527	0																																	0	3909	0	0													
591320	0	0	0	0	0	0	0	27120	8227	0	0	0	0	0	0	0	0	0	0	0	0	0	0	0	0	0																9247	2883	0	0													
591357								902	1524																																	332	946	0	0													
591366	0	0	0	0	0	0	0	14931	13768	0	0	0	0	0	0	0	0	0	0	0	0	0	0	0	0	0																11657	9382	0	0													
592448	0	0	0	0	0	0	200000	7307	21955	0	0	0	0	0	0	0	0	0	0	0	0	0	0	0	0	0																86689	0	0	42884													
592550	0	0	0	0	0	0	0	2871	2659	0	0	0	0	0	0	0	0	0	0	0	0	0	0	0	0	0																3052	21792	0	0													
592644								34093	46208																																	12601	8041	0	0													
593007	0	0	0	0	0	0	286545	38138	156081	0	0	0	0	0	0	0	0	0	0	0	0	0	0	0	0	0																189108	118910	0	0													
593052								20067	20164																																	28197	62490	0	117247						Mortgage credit enhancing exposures >120 days							
593249								1695	4432																																	5211	5781	0	4014													
593333								1751	1324																																	4423	6801	0	0													
593771								0	0																																	0	0	0	0													
593940	0	0	0	0	0	0	0	0	0	0	0	0	0	0	0	0	0	0	0	0	0	0	0	0	0	0																0	1769	0	0													
594433								45006	92410																																	139681	65316	1000	0													
594451								4861	6425																																	65606	2643	0	0													
594853								13238	36757																																	44306	50905	0	0													
594938								2538	1700																																	10489	22101	0	0													
594947	0	0	0	0	0	0	0	18278	142218	0	0	0	0	0	0	0	0	0	0	0	0	0	0	0	0	0																371299	33844	0	8936													
595270	0	0	0	0	0	0	0	225093	1372960	0	0	0	0	0	0	0	0	0	0	0	0	0	0	0	0	0	210713	370	272385	0	0	0	0	0	0	0	272385	0				1574552	126598	0	106172	0	35434	0	0	70738								
595337								942	264																																	852	0	0	0													
595430	0	0	0	0	0	0	0	11345	68611	0	0	0	0	0	0	0	0	0	0	0	0	0	0	0	0	0																83704	6263	0	88222													
595869																																																										
595944								612	193																																	1611	12502	0	0													
596062								23948	31935																																	31875	2263	0	1063													
596156	0	0	0	0	0	0	0	7614	31426	0	0	0	0	0	0	0	0	0	0	0	0	0	0	0	0	0																8324	17347	0	0													
596277								190	21																																	0	164	0	0													
596455								2503	6423																																	5401	910	0	0													
596978								509	1482																																	885	113	0	0													
597041								18775	1708																																	3752	2075	0	0													
597313								4336	13810																																	10843	932	0	0													
597452								21582	5288																																	6936	450	0	0													
597546								1479	13009																																	7582	18822	0	0													
597658								1424	0																																	1854	7811	0	0													
598002	0	0	0	0	0	0	0	9297	21160	0	0	0	0	0	0	0	0	0	0	0	0	0	0	0	0	0																32725	3181	0	0													
598048								4092	10256																																	20019	31467	0	0													
598132								234	3031																																	1721	717	0	0													
598543								0	50																																	1744	18465	0	0													
599643								241	4445																																	1699	9020	0	0													
599764	0	0	0	0	0	0	10648	70694	443682	0	0	0	0	0	0	0	0	0	0	0	0	0	0	0	0	0																172974	83974	0	0													
600419								21625	226805																																	112500	73500	0	0													
601032	0	0	0	0	0	0	5525	63	0	0	0	0	0	0	0	0	0	0	0	0	0	0	0	0	0	0																135	1621	0	0													
601041	0	0	0	0	0	0	0	1378	426	0	0	0	0	0	0	0	0	0	0	0	0	0	0	0	0	0																2130	1613	0	0													
601050	0	0	0	0	274089	193250	0	86454	1157609	0	0	274089	193250	0	56878	198468	14796	0	3947	0	29346	150854	13050	0	0	0	38492	11704	0	0	0	0	23331	0	14907	0	38238	0				4849507	1758964	0	658986	113422	125840	0	0	419724								
601153								235	125																																	16009	34657	0	0													
601416	0	0	0	0	89860	6432	271300	15191	610992	0	0	89860	0	6432	21638	42942	25280	0	0	0	0	5161	1271	0	0	0																589067	112174	0	0													
601443								2942	24559																																	4522	3319	0	0													
601658								26145	54614																																	24233	6279	0	0													
602543								1936	864																																	6950	24816	0	0													
602842								0	0																																	2256	0	0	0													
603232	0	0	0	0	0	0	0	0	0	0	0	0	0	0	0	0	0	0	0	0	0	0	0	0	0	0																267	661	0	0													
603540								540	1739																																	776	3971	0	0													
603559								60	0																																	639	407	0	0													
603755								191	216																																	529	0	0	149													
604024								11841	10454																																	33634	21795	0	0													
604033								0	0																																	0	642	0	0													
604547								462	1457																																	4304	19136	0	0													
604640	0	0	0	0	0	0	0	6687	130	0	0	0	0	0	0	0	0	0	0	0	0	0	0	0	0	0																1883	4593	0	0													
605571								395	0																																	0	0	0	0													
605610								2305	966																																	6231	3674	0	0													
605656	0	0	0	0	0	0	1500	3638	6087	0	0	0	0	0	0	0	0	0	0	0	0	0	0	0	0	0																2963	2840	0	0						FHLB LOC							
606046	0	0	0	0	472949	210676	0	788471	2254990	0	0	472949	0	210676	58501	367506	43106	3836	0	0	1183	175710	33783	0	0	0	2740	19262	1234	0	0	0	0	0	0	0	1234	0				3945743	867459	0	440688	18991	60394	125005	18930	217368								
606176								43039	51569																																	55946	1160	0	0													
606653								1904	33982																																	53656	79121	0	0													
607146								1839	12569																																	8618	6560	2500	0													
608358								0	212																																	1238	3432	0	0													
608844								299	0																																	21064	686	0	0													
609010								8245	6015																																	16348	9417	0	0													
609467								0	1300																																	1000	0	0	0													
609476								3476	0																																	0	671	0	0													
609609								0	485																																	1530	0	0	0													
609832								342	8307																																	18151	25963	0	0													
610128								1365	435																																	11107	3988	0	0													
610164								6511	13778																																	6535	5591	0	0													
610539	0	0	0	0	0	0	0	152	1017	0	0	0	0	0	0	0	0	0	0	0	0	0	0	0	0	0																939	5188	0	0													
610557								8918	4077																																	13913	16756	0	0													
610913								4382	6248																																	4031	8684	0	0													
611031								16368	14758																																	431	12000	0	0													
612159								11002	2296																																	11453	28894	0	0													
612878								1822	1139																																	2006	84	0	0													
613008	0	0	0	0	88832	149879	0	110754	1255614	0	0	88832	149879	0	0	42890	45942	0	0	0	0	94021	55858	0	0	0	28184	8902	24553	0	0	0	0	0	0	0	24553	0				2325539	765956	0	5408	1995	0	0	70	3343								
613156								1173	10804																																	26972	11030	0	0													
613343								13574	39331																																	62845	62274	0	13002						FHLB							
613400	0	0	0	0	0	0	0	76	104701	0	0	0	0	0	0	0	0	0	0	0	0	0	0	0	0	0																203214	16203	0	0													
613558								5619	38412																																	77453	0	0	44594													
613679	0	0	0	0	0	0	0	2376	17944	0	0	0	0	0	0	0	0	0	0	0	0	0	0	0	0	0																13732	7273	0	0													
613839								29289	10144																																	1024	9649	0	0													
613950								40922	111049																																	2359	1513	0	0													
613978								2731	285																																	1769	13	0	0													
614256								444	349																																	622	2868	0	0													
614313	0	0	0	0	0	2868	0	16629	46100	0	0	0	0	2868	0	0	0	0	0	0	0	0	0	0	2868	0																64807	31368	0	5000													
614368								4429	4739																																	17262	11221	0	0													
614751	0	0	0	0	0	0	0	6379	790	0	0	0	0	0	0	0	0	0	0	0	0	0	0	0	0	0																5810	9533	0	0													
614948								7085	1858																																	6941	20782	0	0													
615217								34	45934																																	155602	9094	0	0													
615253								0	887																																	7046	11750	0	0													
615851								7383	5127																																	5504	13772	0	0													
615879								0	2894																																	0	10	0	0													
615954								22470	41549																																	38042	23483	0	7													
616036								1759	16866																																	40050	4251	0	499													
616540								0	0																																	2228	9600	0	0													
617079								778	52																																	649	1401	0	0													
617145								575	2454																																	0	14011	0	0						FULTON INDEPENDENT BOARD EDUCATION	FULTON CO FISCAL COURT						
617275	0	0	0	0	0	0	0	8084	2375	0	0	0	0	0	0	0	0	0	0	0	0	0	0	0	0	0																351	144	0	0													
617743								335	0																																	2102	18454	0	0													
618647								432	0																																	1445	4739	0	0													
618740								14356	34989																																	31181	12988	0	0													
618777								447	408																																	15	1068	0	0													
618807	0	0	0	0	0	0	0	52078	472417	0	0	0	0	0	0	0	0	0	0	0	0	0	0	0	0	0																386076	92823	0	0													
619701								1000	12455																																	252982	40424	0	0													
619859								665	2242																																	5056	6990	0	0						0							
619877																																																										
621151								1301	4096																																	575	2812	0	0													
621357								10037	9072																																	18639	13601	0	0													
621441								2993	111																																	0	18146	0	0													
622037								6135	23680																																	45808	0	0	12751													
622774								108026	76368																																	31036	13908	0	0													
623052								0	0																																	0	8307	0	0													
623454								2659	10677																																	17315	189	0	200													
623548								946	361																																	6620	17501	0	0													
623874								3354	1465																																	0	0	0	0													
624246								1253	0																																	32894	10749	0	0													
624648								2071	814																																	2949	11518	0	0													
624778								15093	58																																	0	14125	0	0													
624956								3947	2684																																	6285	2520	0	0													
625056								0	0																																	0	2680	0	0													
625065								13712	29142																																	48350	0	0	10													
625159	0	0	0	0	0	0	0	25121	42056	0	0	0	0	0	0	0	0	0	0	0	0	0	0	0	0	0																196	5817	0	0													
625654	0	0	0	0	0	0	0	62967	183532	0	0	0	0	0	0	0	0	0	0	0	0	0	0	0	0	0																260127	21568	0	0													
625757								2471	2748																																	8694	10685	0	0													
625850								5603	2736																																	202	6699	0	0													
625953								35	37																																	486	2119	0	1300													
626101	0	0	0	0	0	0	0	22059	74071	0	0	0	0	0	0	0	0	0	0	0	0	0	0	0	0	0																50144	13765	0	1414													
627108								1040	9761																																	21820	10500	0	0													
627854								1912	31236																																	2406	4928	0	0													
628039								1378	400																																	50	5161	0	0													
628123	0	0	0	0	0	0	0	1839	2517	0	0	0	0	0	0	0	0	0	0	0	0	0	0	0	0	0																10315	488	2000	0													
628356								6448	8048																																	4974	12365	0	0													
628552	0	0	0	0	0	0	26450	6340	5537	0	0	0	0	0	0	0	0	0	0	0	0	0	0	0	0	0																1641	11770	0	0													
629148								277	846																																	1864	5633	0	0													
629353								10094	34350																																	16888	19137	0	0													
629522								0	4229																																	184	750	0	0													
629746	0	0	0	0	0	0	0	2714	0	0	0	0	0	0	0	0	0	0	0	0	0	0	0	0	0	0																4718	15477	0	0													
630041								400	156																																	1389	35	0	0													
630340								0	0																																	0	4725	0	0													
630555								11083	7688																																	25360	4700	0	0													
630658								8513	3754																																	1943	8010	0	0													
631039								4833	2288																																	12507	6911	0	0													
631150								3393	10178																																	4200	660	0	0													
631178	0	0	0	0	0	0	0	7591	8288	0	0	0	0	0	0	0	0	0	0	0	0	0	0	0	0	0																17127	2619	0	0													
631422	0	0	0	0	0	0	0	20542	26997	0	0	0	0	0	0	0	0	0	0	0	0	0	0	0	0	0													0			17194	10724	0	0													
631570								299	385																																	2151	12000	0	0													
632410	0	0	0	0	0	0	0	18290	14847	0	0	0	0	0	0	0	0	0	0	0	0	0	0	0	0	0																21047	7449	0	0													
632607								3277	83888																																	35124	30399	0	0													
632858								1828	13680																																	2105	0	0	26298													
633378	0	0	0	0	0	0	0	1075	188500	0	0	0	0	0	0	0	0	0	0	0	0	0	0	0	0	0																99247	13163	0	0													
633640								255	11455																																	3892	65	0	0													
634544								12708	4461																																	842	1322	0	0													
634955								4956	7175																																	7748	4097	0	0													
635840								302	4273																																	14860	19774	0	0													
635907								8080	20736																																	36905	7307	0	0													
636276								11	2632																																	2155	3517	0	0													
636753								0	0																																	1750	12097	0	0													
636771	0	0	0	0	0	0	0	109732	108434	0	0	0	0	0	0	0	0	0	0	0	0	0	0	0	0	0																609086	186783	0	0													
637170								4781	3711																																	16699	129405	0	0													
637451	0	0	0	0	0	0	0	157717	812611	0	0	0	0	0	0	0	0	0	0	0	0	0	0	0	0	0	25948	16880	26480	0	0	0	0	0	0	0	26480	0				680454	366610	0	173529	166932	653	0	5944	0								
637554	0	0	0	0	0	0	60850	7906	99415	0	0	0	0	0	0	0	0	0	0	0	0	0	0	0	0	0																3507	7777	0	0													
638131								2332	3963																																	6927	2210	0	0													
638355								201	675																																	5611	0	0	0													
638850	0	0	0	0	0	0	0	0	51	0	0	0	0	0	0	0	0	0	0	0	0	0	0	0	0	0																1825	10887	0	0													
639549								10670	4620																																	33229	23316	0	0													
639567	0	0	0	0	0	0	0	0	0	0	0	0	0	0	0	0	0	0	0	0	0	0	0	0	0	0																0	0	0	0													
639633								4059	4083																																	16688	161	0	0													
639857								956	1417																																	631	2200	0	0													
640143								0	27																																	4283	2201	0	0													
640246	0	0	0	0	0	0	0	0	0	0	0	0	0	0	0	0	0	0	0	0	0	0	0	0	0	0																33975	4818	0	0													
640442								3070	736																																	6468	29951	0	0													
640956								803	1781																																	3011	19736	0	0													
641449								806	275																																	1079	1262	0	0													
641579								2798	1317																																	91	3250	0	0													
642437	0	0	0	0	0	0	0	7867	10946	0	0	0	0	0	0	0	0	0	0	0	0	0	0	0	0	0																2255	3093	0	0													
643078								358	5768																																	0	108	0	0													
643274								0	0																																	0	0	0	0													
643340	0	0	0	0	0	0	0	1599	22917	0	0	0	0	0	0	0	0	0	0	0	0	0	0	0	0	0																22759	12841	0	0													
643658	0	0	0	0	0	0	0	0	2123	0	0	0	0	0	0	0	0	0	0	0	0	0	0	0	0	0																815	88	0	0													
644057	0	0	0	0	0	0	0	396	154	0	0	0	0	0	0	0	0	0	0	0	0	0	0	0	0	0																442	3506	0	0													
644141								3831	2165																																	875	585	0	0													
644646								619	1323																																	7268	10801	0	0													
644776	0	0	0	0	0	0	5900	0	2040	0	0	0	0	0	0	0	0	0	0	0	0	0	0	0	0	0																0	0	0	0													
644842								14958	0																																	12185	11976	0	0													
644954								0	0																																	0	0	0	0													
644963								332	80																																	1653	6976	0	0													
645157	0	0	0	0	0	0	4100	2646	2368	0	0	0	0	0	0	0	0	0	0	0	0	0	0	0	0	0																4701	9556	0	0													
645317	0	0	0	0	0	0	0	1964	31522	0	0	0	0	0	0	0	0	0	0	0	0	0	0	0	0	0																75721	10199	0	0													
645465	0	0	0	0	0	0	165896	21019	102519	0	0	0	0	0	0	0	0	0	0	0	0	0	0	0	0	0																178279	9717	0	0													
645540								1986	5480																																	13307	13131	0	0													
645577								7627	13794																																	1980	2146	0	0													
645625	0	0	0	0	0	0	145000	193672	1114952	0	0	0	0	0	0	0	0	0	0	0	0	0	0	0	0	0	65266	0	0	0	0	0	0	0	0	0	0	0				2672644	927801	0	26639	26639	0	0	0	0								
646042								404	2																																	5083	11751	0	0													
646145								3508	3802																																	6803	4294	0	0													
646172								18183	2474																																	0	10683	0	0													
646444								0	417																																	9723	0	0	0													
646471								0	0																																	0	0	0	0													
646556								26827	29994																																	3140	4356	2500	0													
646743								1807	9232																																	22224	31360	0	0													
646873								3297	11690																																	13671	94	0	0													
647218								7557	56968																																	12308	18364	0	0													
647245	0	0	0	0	0	0	0	9544	3287	0	0	0	0	0	0	0	0	0	0	0	0	0	0	0	0	0																4363	17856	0	0													
647414	0	0	0	0	0	0	0	0	1428	0	0	0	0	0	0	0	0	0	0	0	0	0	0	0	0	0																0	10001	0	0													
647759								2589	1224																																	1594	5741	0	0													
647777	0	0	0	0	0	0	0	5093	0	0	0	0	0	0	0	0	0	0	0	0	0	0	0	0	0	0																0	203	0	0													
647955								673	1517																																	3893	15	1600	500													
648130	0	0	0	0	0	0	0	2182	6850	0	0	0	0	0	0	0	0	0	0	0	0	0	0	0	0	0																82605	9182	0	0													
648242	0	0	0	0	0	0	269500	25970	133582	0	0	0	0	0	0	0	0	0	0	0	0	0	0	0	0	0																115637	74267	0	4179													
648251								2660	14477																																	1045	8388	0	0													
648345								1808	0																																	750	1494	0	0													
648550								88	0																																	4832	9693	0	0													
649342								26157	10916																																	5791	19465	0	500													
649632	0	0	0	0	0	0	0	0	0	0	0	0	0	0	0	0	0	0	0	0	0	0	0	0	0	0																0	4492	0	0													
651121								4500	8449																																	1081	6036	0	0													
651149								800	0																																	1351	4091	0	0													
651158								407	1231																																	593	3506	0	0													
651448																																																										
651541								1055	922																																	11535	13217	0	0													
651859	0	0	0	0	0	0	446618	115180	610074	0	0	0	0	0	0	0	0	0	0	0	0	0	0	0	0	0																84500	565726	0	0													
651952								428	1160																																	8048	5140	0	0													
652043								714	4335																																	9242	15758	0	0													
652070								4795	0																																	0	710	0	0													
652874	0	0	0	0	0	0	0	9310	93525	0	0	0	0	0	0	0	0	0	0	0	0	0	0	0	0	0	58146	0	4709	0	0	0	0	0	0	0	4709	0				39763	115	0	233515	66423	23086	12430	0	131575								
652959								0	0																																	0	3384	0	0													
653134								5337	21530																																	3521	5074	0	2261													
653433								0	7																																	2365	8515	0	0													
653611								11759	46773																																	25408	22581	0	0													
653778								4751	6440																																	3682	80	0	0													
653947								11860	16758																																	23645	18645	0	0													
654047								312	0																																	2880	0	0	0													
654300	0	0	0	0	0	0	0	5554	1545	0	0	0	0	0	0	0	0	0	0	0	0	0	0	0	0	0																0	7718	0	0													
654579								0	0																																	0	0	0	0													
655530								662	0																																	5179	0	0	0													
655839								1932	22382																																	24527	20715	0	0													
656032								150	2030																																	723	11406	0	0													
656377	0	0	0	0	0	0	0	229326	886821	0	0	0	0	0	0	0	0	0	0	0	0	0	0	0	0	0	106802	3673	118400	0	0	0	0	0	0	0	118400	0				1062375	31128	0	15210	17	0	7158	0	8036								
656470								62389	184802																																	65719	19349	0	0													
656658								0	0																																	6702	7307	0	0													
656779								0	0																																	0	313	0	0													
657178								2500	104																																	0	741	0	0													
657271	0	0	0	0	0	0	0	17321	79628	0	0	0	0	0	0	0	0	0	0	0	0	0	0	0	0	0																48275	52030	0	0													
657365	0	0	0	0	0	0	0	0	127671	0	0	0	0	0	0	0	0	0	0	0	0	0	0	0	0	0																655871	5176	0	157309													
657459	0	0	0	0	0	0	0	22989	300321	0	0	0	0	0	0	0	0	0	0	0	0	0	0	0	0	0																350795	29826	0	0													
657758								937	4437																																	1484	3526	0	0													
657954								3721	525																																	19710	16292	0	0													
658072								0	506																																	0	5	0	0													
658474								103	0																																	0	0	0	0													
658924								1803	4692																																	2229	40	0	0													
659341								2047	29941																																	725	3439	0	0													
659556	0	0	0	0	0	0	8530	1379	1723	0	0	0	0	0	0	0	0	0	0	0	0	0	0	0	0	0																5677	14309	0	0													
659640								0	0																																	0	0	0	0													
659855	0	0	0	0	86364	0	0	102066	289103	0	0	86364	0	0	0	0	0	0	31188	55176	0	0	0	0	0	0	1	0	26890	0	0	0	0	0	0	0	26890	0				1251498	541783	0	0	0	0	0	0	0								
660066								448	0																																	278	0	0	0													
660253								4456	78																																	6073	15355	0	0													
660271								5905	482																																	25095	25805	0	0													
660570								60	3413																																	13937	7114	0	0													
660655	0	0	0	0	0	0	0	9069	190624	0	0	0	0	0	0	0	0	0	0	0	0	0	0	0	0	0																328166	24790	0	15375													
660879								829	319																																	1013	2399	0	0													
660927	0	0	0	0	0	0	0	5504	51092	0	0	0	0	0	0	0	0	0	0	0	0	0	0	0	0	0																28446	7482	0	0													
661072	0	0	0	0	0	0	0	6	1068	0	0	0	0	0	0	0	0	0	0	0	0	0	0	0	0	0																410	1372	0	0													
661223	0	0	0	0	0	0	1	641	1998	0	0	0	0	0	0	0	0	0	0	0	0	0	0	0	0	0																4520	5647	0	0													
661308	0	0	0	0	0	0	0	0	44684	0	0	0	0	0	0	0	0	0	0	0	0	0	0	0	0	0																283216	79842	11858	0													
661474								792	0																																	0	5353	0	0													
662350								1063	120																																	1203	1453	0	0													
662369	0	0	0	0	0	0	127941	0	27511	0	0	0	0	0	0	0	0	0	0	0	0	0	0	0	0	0																112362	134833	0	308817													
662949								8179	6639																																	20986	23986	0	0													
663245	0	0	0	0	0	0	498500	406380	1677567	0	0	0	0	0	0	0	0	0	0	0	0	0	0	0	0	0	2067	93998	0	0	0	0	0	0	0	0	0	0				1373061	569047	0	0	0	0	0	0	0								
663638								24	397																																	6277	0	0	0													
663656								4	278																																	26	0	0	0													
663834	0	0	0	0	0	0	0	31640	464934	0	0	0	0	0	0	0	0	0	0	0	0	0	0	0	0	0																185063	14908	6127	91659													
663955								45255	313515																																	118	2556	0	0													
664206	0	0	0	0	0	0	0	36030	66150	0	0	0	0	0	0	0	0	0	0	0	0	0	0	0	0	0																152040	51096	0	0													
664653								0	4255																																	1539	18598	0	0													
664756	0	0	0	0	0	0	0	648665	955298	0	0	0	0	0	0	0	0	0	0	0	0	0	0	0	0	0	152	774	200	0	0	0	0	0	0	0	200	0				1378090	414632	0	856264	829044	5799	0	7476	13945								
665146								181	0																																	5409	26591	0	0													
665258								209	192																																	9901	4293	0	0													
665865								8732	5426																																	16644	12963	0	0													
666059								0	63735																																	159419	55	0	0													
666358								129	85																																	2322	273	0	0													
666554								1370	15450																																	28960	48991	0	0													
666844								0	0																																	1791	10018	0	0													
666974								275	0																																	0	4460	0	0													
667029								1781	7153																																	700	331	0	0													
667346								0	0																																	3171	9400	0	0													
667524	0	0	0	0	0	0	0	1588	5020	0	0	0	0	0	0	0	0	0	0	0	0	0	0	0	0	0																2168	927	0	0													
667551								545	801																																	2685	10237	0	0													
667757	0	0	0	0	12235	19556	631593	74501	576157	0	0	12235	0	19556	0	0	0	12235	0	0	0	0	0	19556	0	0																1166405	27350	0	28087													
668053								0	434																																	9211	62	0	0													
668147								994	6347																																	4695	18626	0	0													
669555								4821	32																																	78456	131492	0	0													
670430								1235	3310																																	6376	4752	0	0													
670467								1497	45509																																	103223	52281	0	0													
670560	0	0	0	0	0	0	0	0	0	0	0	0	0	0	0	0	0	0	0	0	0	0	0	0	0	0																0	0	0	0													
670654								0	360																																	393	1050	0	0													
670748								0	5259																																	6767	1178	0	0													
670878								2451	16308																																	4066	19	0	0													
671053								977	242																																	1544	5334	0	0													
671147								7232	2094																																	18944	33822	0	0													
671334	0	0	0	0	0	0	209750	47180	98183	0	0	0	0	0	0	0	0	0	0	0	0	0	0	0	0	0																159450	25392	0	0													
671464	0	0	0	0	137424	0	0	0	335927	0	0	137424	0	0	0	0	0	3718	83706	50000	0	0	0	0	0	0	15171	10740	5000	0	0	0	0	0	0	0	5000	0				1158818	28078	0	624960	45330	174498	223783	14969	166379								
671558								7631	44159																																	45560	63807	0	0													
672238								0	91																																	1349	2234	0	0													
672247								6929	1630																																	1493	205	0	0													
672537								970	9166																																	9578	8453	0	0													
672573								1941	12454																																	4213	1775	0	0													
673244								1171	454																																	0	6336	0	0													
673440	0	0	0	0	0	0	400000	10967	583490	0	0	0	0	0	0	0	0	0	0	0	0	0	0	0	0	0																346886	4811	0	0													
673477								329	0																																	0	0	0	0													
673851								3567	1505																																	12986	1658	0	0													
673909	0	0	0	0	0	0	0	25573	167311	0	0	0	0	0	0	0	0	0	0	0	0	0	0	0	0	0																29	74978	0	0													
674344								2020	1082																																	739	219	0	0													
674849								33341	36866																																	5171	33654	0	7440													
675042	0	0	0	0	0	0	0	483	192	0	0	0	0	0	0	0	0	0	0	0	0	0	0	0	0	0																1244	14243	0	0													
675079								11194	13431																																	0	4355	0	0													
675248								7854	9598																																	1362	2655	2550	0													
675341								0	0																																	531	402	0	0													
675659								0	0																																	2830	6368	0	0													
675855								0	0																																	189	1779	0	0													
676049								0	0																																	0	0	0	0													
676151								10061	3479																																	10659	62725	0	0													
677176	0	0	0	0	0	0	0	11022	38092	0	0	0	0	0	0	0	0	0	0	0	0	0	0	0	0	0																27226	60214	0	0													
677354	0	0	0	0	0	0	0	73	0	0	0	0	0	0	0	0	0	0	0	0	0	0	0	0	0	0																3190	0	0	10841													
677448								53	0																																	13349	19171	0	0													
677644								50515	63272																																	81705	62009	0	0													
677756								0	885																																	1055	10946	0	0													
677970								3744	4010																																	4165	0	0	164													
678052								0	0																																	106	0	0	0													
678070	0	0	0	0	0	0	0	0	1140	0	0	0	0	0	0	0	0	0	0	0	0	0	0	0	0	0																0	0	0	0													
678258								0	272																																	1162	6113	0	0													
678454								1986	6331																																	7213	3859	0	0													
678557	0	0	0	0	0	0	0	945	0	0	0	0	0	0	0	0	0	0	0	0	0	0	0	0	0	0																1115	7591	0	0													
678744								6417	3243																																	13248	4972	0	0													
679451								0	0																																	769	9431	0	0													
680130	0	0	0	0	0	0	36000	5734	15889	0	0	0	0	0	0	0	0	0	0	0	0	0	0	0	0	0																24794	3243	0	0													
680457								32378	22584																																	37558	53683	0	0													
680813	0	0	0	0	0	0	0	54991	93536	0	0	0	0	0	0	0	0	0	0	0	0	0	0	0	0	0																229737	107031	6550	0													
681043								113	269																																	1793	150	0	0													
681249								0	0																																	60	22	0	0													
682143								18328	11982																																	122868	25425	0	0													
682563	0	0	0	0	37419	1770	0	397707	1642590	0	0	37419	0	1770	0	0	0	9268	28151	0	0	0	0	0	0	1770	55888	22609	29760	0	0	0	28552	0	0	0	58312	0				6077415	879639	31703	1847398	71322	286666	704785	8884	775741								
682648								119	196																																	5058	1744	0	0													
683449								1667	1																																	28530	36218	0	0													
683814								2029	4790																																	4190	11821	0	0													
684455								7703	23883																																	14322	9823	0	0													
685023								1057	30																																	157	1138	0	0													
685676								15920	60571																																	39559	56406	0	0													
686459	0	0	0	0	0	0	58450	7741	24	0	0	0	0	0	0	0	0	0	0	0	0	0	0	0	0	0																5595	15210	0	0													
686570								0	0																																	372	1643	0	0													
686758								0	0																																	180	4830	0	0													
687054								7	10226																																	7378	2137	0	0													
687830								274	669																																	8834	0	0	14242													
687951								28096	38493																																	191147	54114	0	0													
688079																																																										
688453								0	0																																	4051	997	0	0													
688556								948	518																																	184	4256	0	0													
689209	0	0	0	0	0	0	0	19398	115101	0	0	0	0	0	0	0	0	0	0	0	0	0	0	0	0	0																38542	3760	0	0													
689357	0	0	0	0	0	0	0	1564	29895	0	0	0	0	0	0	0	0	0	0	0	0	0	0	0	0	0																73833	2945	0	0													
689759								0	15925																																	13714	0	0	0													
691042								0	0																																	1165	487	0	0													
691743								41	72																																	892	63	0	0													
691958								12249	35224																																	43286	8185	0	0													
692450								2944	858																																	5921	5391	0	0													
692704								0	0																																	0	0	0	0													
692946	0	0	0	0	0	0	0	9334	17168	0	0	0	0	0	0	0	0	0	0	0	0	0	0	0	0	0																7857	0	0	0													
693073								330	0																																	0	0	0	0													
693224	0	0	0	0	174494	194039	398	848780	1714450	0	0	174494	194039	0	0	0	0	19555	136625	18314	0	0	0	15889	138822	39328	2270	55578	2197	0	0	0	3	0	0	0	2200	0				3779224	185713	0	283711	61672	178035	0	6854	37149								
693345	0	0	0	0	0	0	0	13751	314492	0	0	0	0	0	0	0	0	0	0	0	0	0	0	0	0	0																236813	169166	13350	0													
693952								3587	5101																																	12091	17633	0	0													
694146								0	0																																	14	656	0	0													
694771								0	2																																	74	53	0	0													
694847								3175	16067																																	19561	1226	0	0													
694904																																																										
695349	0	0	0	0	0	0	0	2391	16863	0	0	0	0	0	0	0	0	0	0	0	0	0	0	0	0	0																8130	10213	0	0													
695947								641	1309																																	615	4852	0	0													
696047								899	896																																	33	1786	0	0													
696168								430	7561																																	0	278	0	0													
696430								4695	35220																																	22374	27851	0	0													
696645	0	0	0	0	0	0	0	130	1608	0	0	0	0	0	0	0	0	0	0	0	0	0	0	0	0	0																3615	6704	0	0													
697035	0	0	0	0	0	0	0	0	0	0	0	0	0	0	0	0	0	0	0	0	0	0	0	0	0	0																5555	0	0	0													
697147								549	7574																																	13088	4693	0	0													
697156								3843	17427																																	26925	30841	0	0													
697231								14346	3763																																	31413	1828	0	0													
697763	0	0	0	0	0	0	0	0	0	0	0	0	0	0	0	0	0	0	0	0	0	0	0	0	0	0																106012	27201	0	0													
697950								1907	472																																	2353	0	0	0													
698144								6025	24693																																	37448	50700	0	7313													
698546	0	0	0	0	0	0	0	1544	303	0	0	0	0	0	0	0	0	0	0	0	0	0	0	0	0	0																6845	2117	0	0													
698649								3688	12854																																	23450	22232	0	0													
699105								10495	96492																																	65575	14342	0	0													
699253								576	0																																	2572	7586	0	0										8			
700140								0	0																																	3439	0	0	0													
700252								0	98																																	631	1021	0	0													
700430	0	0	0	0	0	0	0	1215	5164	0	0	0	0	0	0	0	0	0	0	0	0	0	0	0	0	0																18310	0	0	4													
700458								0	0																																	0	21834	0	0													
701062	0	0	0	0	51424	0	0	74920	214037	0	0	51424	0	0	0	0	0	0	51424	0	0	0	0	0	0	0																313446	106447	0	4000													
701222								5093	6066																																	66342	277	0	0													
701839								3898	36803																																	54080	49637	0	0													
701857								0	6																																	391	2383	0	0													
702117	0	0	0	0	16391	97796	0	35003	618492	0	0	16391	0	97796	0	0	0	0	6819	9572	0	0	0	4265	52676	40855	47677	0	42410	0	0	0	0	0	0	0	42410	0				1583872	379167	25000	9495	0	9373	0	0	122								
702359								4041	10224																																	2900	3295	0	0													
702612								12349	18553																																	31978	11005	0	0													
702836								6549	3656																																	1275	3404	0	0													
702911								10255	7423																																	23707	26796	0	0													
703039								0	0																																	0	18927	0	0													
703552								8500	94193																																	143076	7547	0	4600													
703767	0	0	0	0	0	0	0	7331	69212	0	0	0	0	0	0	0	0	0	0	0	0	0	0	0	0	0																175125	145238	0	0													
705378								2497	3214																																	311	1162	0	0													
705556								7321	667																																	11411	1208	0	0													
706030								7564	7627																																	6306	552	0	0													
706058								1813	5870																																	2558	1464	0	0													
706236								2481	5860																																	567	69	0	0													
706254	0	0	0	0	0	0	46851	3921	5022	0	0	0	0	0	0	0	0	0	0	0	0	0	0	0	0	0																2955	12584	0	0													
706450								0	0																																	1550	1392	0	0													
706656								967	1688																																	601	14579	0	0													
707354	0	0	0	0	0	0	48000	83776	150549	0	0	0	0	0	0	0	0	0	0	0	0	0	0	0	0	0																0	295383	0	0													
708379								286	1206																																	2590	18305	0	0													
709143	0	0	0	0	0	0	0	330	0	0	0	0	0	0	0	0	0	0	0	0	0	0	0	0	0	0																25679	0	0	70457													
709451								3609	0																																	673	2827	0	0													
709554								999	6200																																	41349	8667	0	0													
709602	0	0	0	0	0	0	0	8483	24361	0	0	0	0	0	0	0	0	0	0	0	0	0	0	0	0	0																63435	74597	0	0													
709639								15613	12545																																	14986	32083	0	0													
709956	0	0	0	0	0	0	0	10	213	0	0	0	0	0	0	0	0	0	0	0	0	0	0	0	0	0																461	322	0	0													
710176								7425	17644																																	12860	11836	0	0													
710859								2172	17545																																	7997	24036	0	22895													
711472																																																										
711520								0	1184																																	377	1001	0	0													
711548								471	14308																																	45483	3434	0	0													
711753								1227	229																																	6056	24703	0	0													
711801								6577	11400																																	20783	10763	0	0													
712059								2355	5598																																	69810	124274	0	0													
712648								646	4474																																	837	0	0	0													
712956								427	5053																																	1072	3130	0	0													
713252								3346	473																																	3194	13052	0	0													
713476								3121	14738																																	39660	3046	0	0													
713926	0	0	0	0	0	0	15000	17580	43527	0	0	0	0	0	0	0	0	0	0	0	0	0	0	0	0	0																47552	31061	0	0													
714165								0	0																																	150	401	0	0													
714437								6664	10068																																	3270	190	0	0													
714839	0	0	0	0	0	0	16000	59	3280	0	0	0	0	0	0	0	0	0	0	0	0	0	0	0	0	0																253	1241	0	0													
714978								1272	32703																																	2891	6544	0	0													
715032	0	0	0	0	0	0	0	0	2999	0	0	0	0	0	0	0	0	0	0	0	0	0	0	0	0	0																3950	0	0	9237													
715050								44311	3709																																	19075	13642	0	0													
715144								6900	4304																																	12849	3510	0	0													
715340								16176	90848																																	269338	26617	0	0													
715470								0	200																																	0	13	0	0													
715630								9600	7175																																	719	2897	0	0													
715872	0	0	0	0	0	0	0	17777	11532	0	0	0	0	0	0	0	0	0	0	0	0	0	0	0	0	0																5512	273	0	0													
715975								1456	0																																	0	667	0	0													
716374								14312	36761																																	25916	6881	0	0													
716833	0	0	0	0	0	0	0	10091	34372	0	0	0	0	0	0	0	0	0	0	0	0	0	0	0	0	0																18027	42201	0	0													
716851								963	8182																																	5559	0	0	0													
716954								3215	13798																																	2363	2366	0	0													
717232								1080	9																																	27	827	0	0													
717670								3730	13635																																	5978	5346	0	0													
717737	0	0	0	0	0	0	0	44741	66239	0	0	0	0	0	0	0	0	0	0	0	0	0	0	0	0	0																34339	432	0	0													
717924	0	0	0	0	0	0	0	77094	142538	0	0	0	0	0	0	0	0	0	0	0	0	0	0	0	0	0																197375	123972	0	0													
718145								14598	5211																																	21958	32638	0	0													
718275								0	0																																	5406	351	0	0													
718538								6291	18107																																	7972	4572	0	2550													
719030								259	233																																	332	13	0	0													
719610								2036	784																																	3227	1482	0	0													
719656								14040	6240																																	19606	17707	0	0													
719964								835	0																																	828	7665	0	0													
720157								0	0																																	24	601	0	0													
720344	0	0	0	0	0	0	0	1216	8530	0	0	0	0	0	0	0	0	0	0	0	0	0	0	0	0	0																294	644	0	0													
720746								4260	2243																																	14274	17722	0	0													
720858								20	0																																	598	11450	0	0													
721350								1804	2496																																	24302	143083	0	0													
721752								706	308																																	1626	1914	0	0													
721949								6562	13123																																	7494	5143	0	0													
722227								7304	1573																																	2150	188	0	0													
722432								24348	3143																																	2428	7799	0	1000													
722544								26771	42987																																	329064	20866	0	9000													
722777																																																										
722816								12027	16426																																	82563	21142	0	0													
723112																																																										
723158	0	0	0	0	0	0	0	0	0	0	0	0	0	0	0	0	0	0	0	0	0	0	0	0	0	0																5558	8967	0	0													
723550								108	0																																	835	1816	0	0													
723653								1025	4125																																	1218	7960	0	0													
724744								3330	1381																																	18464	0	9726	50762													
724904								0	16875																																	1250	0	0	0													
724940								0	0																																	1063	1162	0	0													
725077								8589	25226																																	6550	3510	0	0													
725732																																																										
725741								0	0																																	3749	306	0	0													
726458								1372	62																																	1870	1940	0	0													
726953	0	0	0	0	0	0	0	18801	12914	0	0	0	0	0	0	0	0	0	0	0	0	0	0	0	0	0																4366	21540	0	10000													
727174								22695	0																																	0	29703	0	0													
728948								5050	7870																																	14969	33747	0	0													
728957								1261	932																																	10192	16454	0	0													
729011								4953	16582																																	15628	4740	0	0													
729057								1597	5611																																	1783	4218	0	0													
729178								2	5814																																	5765	948	0	0													
729310								3470	38663																																	127371	19322	300	0													
729842								27	0																																	3186	13167	0	0													
729945								0	0																																	1704	13614	0	0													
731050								274	40																																	4865	17441	0	0													
731247	0	0	0	0	0	0	0	39233	141180	0	0	0	0	0	0	0	0	0	0	0	0	0	0	0	0	0																209944	108141	0	0													
731957								0	184																																	40	746	0	0													
732178								81945	37303																																	22872	5077	0	0													
732253								1610	2720																																	11069	12244	0	0													
732637	0	0	0	0	0	0	0	440	233	0	0	0	0	0	0	0	0	0	0	0	0	0	0	0	0	0																0	1174	0	0													
732758								15794	31930																																	26314	35231	1	55842													
732954								960	0																																	36	974	0	0													
733540								11607	1767																																	2619	58	0	0													
733559								685	3712																																	29699	40192	0	0													
733661								0	0																																	0	0	0	0													
733755								1597	2605																																	883	2754	0	0													
733951								115	1949																																	1152	12861	0	0													
734248								1820	226																																	8953	44733	0	0													
734350								4761	39749																																	8181	13601	0	0													
734538								1654	26567																																	7663	12614	0	89437													
734613								2630	799																																	4773	11485	0	0													
735067								5939	21895																																	17857	37701	0	0													
735414								924	0																																	62	193	0	0													
735441								18704	6087																																	142171	148261	0	0													
735973								3544	0																																	0	528	0	0													
736158								509	150																																	590	4175	0	0													
736550								3470	10619																																	7393	16517	0	0													
737548								2829	25256																																	65340	41510	0	0													
738013							18200	5205	52869																																	62700	45773	0	0													
738040	0	0	0	0	0	0	10000	342	2228	0	0	0	0	0	0	0	0	0	0	0	0	0	0	0	0	0																39463	184428	0	0													
738143								541	9662																																	59816	12373	0	0													
738255	0	0	0	0	0	0	0	1095	0	0	0	0	0	0	0	0	0	0	0	0	0	0	0	0	0	0																7197	33570	0	0													
738303	0	0	0	0	0	0	0	17967	38672	0	0	0	0	0	0	0	0	0	0	0	0	0	0	0	0	0																22322	18021	0	0													
738657	0	0	0	0	0	0	0	0	0	0	0	0	0	0	0	0	0	0	0	0	0	0	0	0	0	0																0	991	0	0													
738769								16282	106465																																	112580	10220	300	0													
739346								2070	2984																																	3020	8703	0	0													
739355	0	0	0	0	0	0	0	8510	15825	0	0	0	0	0	0	0	0	0	0	0	0	0	0	0	0	0																19224	5708	0	0													
739560	0	0	0	0	0	0	0	27974	105108	0	0	0	0	0	0	0	0	0	0	0	0	0	0	0	0	0																286756	41196	0	0													
739832								2187	7776																																	3305	7106	0	0													
740249								0	2386																																	43532	16164	0	0													
741068								3728	2038																																	2413	595	0	0													
741152								0	0																																	111	577	0	0													
741330	0	0	0	0	0	0	0	19342	75286	0	0	0	0	0	0	0	0	0	0	0	0	0	0	0	0	0																16159	8389	0	0													
741358								0	0																																	0	1201	0	0													
741844								556	2396																																	1111	3040	0	0													
741956								419	557																																	1084	4704	0	0													
741974								10866	253																																	0	0	0	12													
742056								1704	1889																																	3146	2001	0	0													
742542								5391	11091																																	1519	0	0	0													
742944	0	0	0	0	0	0	0	4332	4756	0	0	0	0	0	0	0	0	0	0	0	0	0	0	0	0	0																7945	16956	0	0													
743679								4107	3579																																	27483	34478	0	0													
743950								1465	0																																	938	922	0	0													
744854								3972	38089																																	7909	36	0	0													
745347	0	0	0	0	0	0	0	3560	1955	0	0	0	0	0	0	0	0	0	0	0	0	0	0	0	0	0																5331	6984	0	0													
746157								4376	18996																																	19449	1065	0	0													
746755								1722	7511																																	2548	21768	0	0													
746942								60	49																																	2714	6341	0	0													
746979								1626	18																																	486	274	0	0													
747051	0	0	0	0	0	0	6500	1186	0	0	0	0	0	0	0	0	0	0	0	0	0	0	0	0	0	0																273	6933	0	0													
747257								7145	1126																																	1682	12559	0	0													
748254								1508	1323																																	32618	1438	0	0													
748357								719	13795																																	1303	0	0	15187													
748441								220	8072																																	200	0	0	0													
748964								8518	27423																																	13049	89	0	0													
749242	0	0	0	0	271024	35590	0	330354	1089068	0	0	271024	0	35590	0	0	0	48364	198464	24196	0	0	0	0	21455	14135	69	33537	0	0	0	0	0	0	0	0	0	0				1242352	1207232	0	0	0	0	0	0	0								
749635								8506	13759																																	28221	3925	0	0													
749840								0	0																																	18	368	0	5													
749943								21	3822																																	17372	0	0	0													
750051								0	1420																																	40776	536	0	0													
750127								2223	782																																	15270	6554	0	0													
750341								291	0																																	19646	5041	0	0													
750444								2779	137																																	6541	3032	0	0													
750846								0	0																																	0	9172	0	0													
751254								0	1020																																	2104	8696	0	0													
751656	0	0	0	0	0	0	1500	37097	49997	0	0	0	0	0	0	0	0	0	0	0	0	0	0	0	0	0																206991	79271	6000	0													
751852								0	13738																																	72820	47	0	0													
752831								26793	10370																																	7713	13346	0	0													
753052								726	0																																	85	2514	0	0													
753324								10303	106533																																	91431	2486	0	0													
753641								655	841																																	245	65	0	0													
753856								0	75																																	137	559	0	0													
754068								0	29647																																	25183	770	0	0													
754246								27	0																																	805	6049	0	0													
754536								685	0																																	6680	48	107	16													
754826								24323	26474																																	23759	1445	0	0													
754853								6914	24298																																	129740	13410	0	0													
754929	0	0	0	0	0	0	0	17461	40564	0	0	0	0	0	0	0	0	0	0	0	0	0	0	0	0	0																65985	27071	0	0													
755252								10362	13576																																	17823	20484	0	0													
755421								590	0																																	478	1518	0	0													
755458								6845	3031																																	13661	34127	0	0													
756343								465	6570																																	5284	5526	0	0													
756848								741	1134																																	6737	17709	0	0													
757377								0	1723																																	0	10542	0	0													
757452	0	0	0	0	0	0	42700	8990	4015	0	0	0	0	0	0	0	0	0	0	0	0	0	0	0	0	0																1674	16343	0	0													
757779								837	8015																																	2313	4436	0	0													
758703	0	0	0	0	29920	161639	0	10412	224735	0	0	29920	0	161639	0	20805	9115	0	0	0	11096	96101	54442	0	0	0																628696	136329	0	0													
758842								1219	388																																	3131	8937	0	0													
758851								1214	46275																																	57712	252	0	0													
759045								37640	4792																																	7731	9497	0	0													
759625								18043	32957																																	15597	0	600	25615													
760210								798	258																																	1487	331	0	0													
760331								49722	15835																																	1951	1967	0	0													
760340								296	2421																																	1301	2560	0	0													
760434	0	0	0	0	0	0	19300	704	874	0	0	0	0	0	0	0	0	0	0	0	0	0	0	0	0	0																4381	8299	0	0													
760649								738	580																																	4000	20465	0	0													
760854								7631	24411																																	24165	8118	0	0													
760939								2997	0																																	536	0	0	0													
760957								943	3604																																	1343	449	0	0													
761244								5921	3643																																	4648	6671	0	0													
761459								1869	1451																																	13567	0	0	12900													
761543								12339	5818																																	30744	24953	0	0													
761806	0	0	0	0	953654	301046	0	36462	1385566	0	0	953654	301046	0	178818	741403	33433	0	0	0	20081	237596	43369	0	0	0	88729	81805	94910	0	0	0	0	0	0	0	94910	0				5548018	371387	0	3491275	85004	419367	2749419	52663	184822								
761833	0	0	0	0	0	0	0	14	6703	0	0	0	0	0	0	0	0	0	0	0	0	0	0	0	0	0																18751	50	0	0													
761851								2263	6955																																	8809	55795	0	0													
761954								13157	697																																	1709	7859	0	0													
762045								14926	20121																																	15817	10422	0	0													
762447	0	0	0	0	0	0	0	16044	320198	0	0	0	0	0	0	0	0	0	0	0	0	0	0	0	0	0																718076	251199	0	12232													
762474								95729	71846																																	170910	6594	0	0										Allowance for credit losses (off-balance-sheet)			
762773								0	0																																	24	0	0	0													
763211								1727	9053																																	991	2834	0	0													
763677								20562	46624																																	12287	4088	0	0													
763930								8073	49140																																	5755	4258	0	0													
764030	0	0	0	0	26096	0	1325000	420110	1136028	0	0	26096	0	0	0	0	0	0	26096	0	0	0	0	0	0	0	1542	10564	1720	8971	0	0	0	0	0	0	1720	8971				739013	640603	0	832405	826014	6391	0	0	0								
764058								5444	16418																																	78887	1800	0	0													
764067								1081	3319																																	1678	1139	0	0													
764142								2468	0																																	6934	6629	0	0													
764151								707	31																																	0	83	0	0													
764816								6016	2553																																	4656	1855	0	0													
765318								2237	8216																																	5181	709	0	0						Letter of Credit issued by FHLB on behalf of Breathitt Co Fiscal Court to secure their deposits							
765354	0	0	0	0	0	0	0	366	71	0	0	0	0	0	0	0	0	0	0	0	0	0	0	0	0	0																1134	3649	0	0													
765505	0	0	0	0	0	0	0	13015	46085	0	0	0	0	0	0	0	0	0	0	0	0	0	0	0	0	0																63134	10770	0	0													
765662								2342	514																																	187	776	0	0													
765877								671	103																																	1434	3394	0	1178													
766052								68	2030																																	268	3967	0	0													
766164	0	0	0	0	0	0	0	36606	123174	0	0	0	0	0	0	0	0	0	0	0	0	0	0	0	0	0																355415	34676	0	625792													
767152								0	0																																	0	101	0	0													
767246								0	0																																	0	1948	0	0													
767255								2196	12818																																	12644	10366	400	0													
767554								3673	175																																	1459	865	0	0													
767572								327	0																																	0	527	0	0													
767611	0	0	0	0	0	0	0	152	0	0	0	0	0	0	0	0	0	0	0	0	0	0	0	0	0	0																2913	3289	0	0													
767732								2251	10549																																	8153	49978	0	0													
767974								16203	181203																																	127691	4643	0	0													
768458	0	0	0	0	0	0	0	580	4206	0	0	0	0	0	0	0	0	0	0	0	0	0	0	0	0	0																857	1988	0	0													
768476								1103	0																																	0	96	0	0													
768953								288	0																																	2485	4130	0	0													
769334								1319	61																																	5732	10112	0	0													
770451								0	0																																	3922	18195	0	0													
770545								128	0																																	0	1732	0	0													
770639								309	10042																																	25931	448	0	0													
770657								22434	53937																																	106801	61900	0	0													
770853								11149	21929																																	44112	21937	0	0													
771047								0	0																																	2144	8435	0	0													
771140	0	0	0	0	0	0	0	8039	12196	0	0	0	0	0	0	0	0	0	0	0	0	0	0	0	0	0																56765	40908	0	0													
771458								7719	32827																																	72419	47508	0	0													
771609								43094	63831																																	188560	53783	0	0													
771748								18	2899																																	22951	6982	0	0													
771878								4768	7217																																	0	0	0	0													
772008								295	125782																																	17110	133295	0	0													
772446	0	0	0	0	0	0	0	0	0	0	0	0	0	0	0	0	0	0	0	0	0	0	0	0	0	0																0	0	0	0													
772754								0	2180																																	1036	4002	0	0													
773032	0	0	0	0	0	0	0	2943	439	0	0	0	0	0	0	0	0	0	0	0	0	0	0	0	0	0																517	854	0	0													
773171								89	3																																	322	540	0	0													
773247	0	0	0	0	0	7712	230	30285	221244	0	0	0	0	7712	0	0	0	0	0	0	0	0	0	0	7712	0																367646	34038	32270	0													
773443	0	0	0	0	0	0	0	0	647	0	0	0	0	0	0	0	0	0	0	0	0	0	0	0	0	0																29508	7415	0	0													
773470								0	0																																	10281	321	0	0													
773742								3564	7018																																	14423	10067	0	0													
774132								63863	28947																																	44003	12409	0	0													
774235								1417	730																																	1342	7505	0	0						0	0						
774253								194	583																																	3238	767	0	0													
774347								0	0																																	0	20215	0	0													
775054								13959	2776																																	8400	55528	0	0													
775241	0	0	0	0	0	0	0	0	22	0	0	0	0	0	0	0	0	0	0	0	0	0	0	0	0	0																655	4186	0	0													
775456								8902	100877																																	202480	71633	0	10000													
775773								2186	0																																	436	6070	0	0													
776369								6483	8012																																	2866	3898	0	0													
776547	0	0	0	0	0	0	0	12643	21991	0	0	0	0	0	0	0	0	0	0	0	0	0	0	0	0	0																2159	2181	0	0													
777254								715	2																																	3000	0	0	1683													
777366																																																										
777441								1238	0																																	1713	0	0	0													
777870								2979	4061																																	3422	6391	0	0													
778738								69545	103845																																	54032	22713	0	0													
779016								10791	14673																																	69340	65065	0	0													
779351	0	0	0	0	0	0	0	25056	9456	0	0	0	0	0	0	0	0	0	0	0	0	0	0	0	0	0																177388	219558	0	0													
779641								0	0																																	1667	0	0	0													
779650								3195	3603																																	10299	4570	0	34160													
779968								0	1439																																	51425	0	0	7500													
780049								2860	4778																																	9173	2343	0	0													
780218								2461	52528																																	88451	23837	3084	0													
780263								895	5874																																	10058	2796	0	0													
780722	0	0	0	0	0	0	0	7359	58656	0	0	0	0	0	0	0	0	0	0	0	0	0	0	0	0	0																37034	1630	0	0													
780955								1378	0																																	5082	6329	240	1271													
782016								1549	603																																	110	3080	0	0													
782306	0	0	0	0	169155	648328	0	7487	689980	0	0	169155	648328	0	0	0	0	5081	94190	69884	0	0	0	47231	298288	302809	48958	0	0	0	0	0	0	0	0	0	0	0				2029458	213433	0	0													
782548								0	0																																	6223	3	0	0													
783161								4772	13299																																	60611	21274	0	0													
783246								248	28139																																	12034	8979	0	0													
783349	0	0	0	0	0	0	0	0	0	0	0	0	0	0	0	0	0	0	0	0	0	0	0	0	0	0																298	349	0	0													
783648	0	0	0	0	18735	24360	0	91557	310340	0	0	18735	0	24360	0	0	0	0	18735	0	0	0	0	0	14477	9883																340963	135539	0	0													
783844	0	0	0	0	5550	0	47386	25373	22859	0	0	5550	0	0	0	0	0	0	5550	0	0	0	0	0	0	0																38146	670	0	0													
783910								6280	5295																																	9971	7020	0	0													
784159								9551	27678																																	5236	6643	0	0													
784430								160	252																																	1244	124	0	0													
785147								13275	17891																																	26261	46033	1000	0													
785473	0	0	0	0	0	0	4865	14045	75602	0	0	0	0	0	0	0	0	0	0	0	0	0	0	0	0	0																89855	14399	0	2012													
785857								3777	5895																																	3233	32	0	0													
785923								0	0																																	31131	131657	0	0													
785950								38855	34810																																	24502	35325	0	0													
786210								53053	178651																																	61763	59533	0	0													
786256	0	0	0	0	0	0	0	5423	4	0	0	0	0	0	0	0	0	0	0	0	0	0	0	0	0	0																1583	2677	0	0													
786555								3724	11897																																	13420	14439	0	0													
786612	0	0	0	0	0	0	0	97175	704703	0	0	0	0	0	0	0	0	0	0	0	0	0	0	0	0	0																510533	25455	5000	0						FHLB Pittsburgh Letters of Credit							
786733								16703	1946																																	5507	11436	0	0													
786948								0	2111																																	6006	6675	0	0													
787459								946	1203																																	5722	9095	0	0													
787842								2242	1524																																	0	26249	0	0													
788559								695	0																																	3278	18542	0	0													
788652								3330	4395																																	3734	0	0	0													
788773								9069	19676																																	30272	21076	0	0													
789051								0	20																																	96	2064	0	0													
790150								634	534																																	127	734	0	0													
790271								10041	1																																	17379	4165	0	0													
790543	0	0	0	0	0	0	0	54532	151813	0	0	0	0	0	0	0	0	0	0	0	0	0	0	0	0	0																132913	18461	0	0													
790703								7495	22434																																	12328	2467	0	0													
790918								1047	1509																																	43284	54275	0	0													
791072								7370	5304																																	19562	401	0	0													
791353	0	0	0	0	0	0	0	1351	4461	0	0	0	0	0	0	0	0	0	0	0	0	0	0	0	0	0																8221	3896	0	0													
791821								36854	15153																																	33385	411	0	0													
791942								6494	4711																																	5619	2569	0	0													
792453								5547	420																																	2435	1604	0	0													
792640								747	0																																	6839	10090	0	0													
792659								2916	4172																																	1748	493	0	0													
794149	0	0	0	0	0	0	0	7692	952	0	0	0	0	0	0	0	0	0	0	0	0	0	0	0	0	0																8729	6215	0	0													
794345								224	1601																																	5975	4406	0	0													
794475								176	0																																	0	0	0	0													
794653								161	56																																	78	1628	0	0													
795249	0	0	0	0	0	0	0	159	71	0	0	0	0	0	0	0	0	0	0	0	0	0	0	0	0	0																4465	4862	0	0													
795548								2255	2273																																	11098	38940	0	0													
795959								8	280																																	196	1681	0	0													
795968																																																										
796152								9988	33409																																	18381	1791	0	0													
796657								195	3105																																	4185	4357	0	0						Commitments to purchase when-issued securities							
797140								12112	23732																																	22456	19049	0	0													
797775	0	0	0	0	0	0	0	0	78061	0	0	0	0	0	0	0	0	0	0	0	0	0	0	0	0	0																6196	25422	0	0													
798512								647	0																																	33	85	0	0													
799751	0	0	0	0	0	0	0	2150	817	0	0	0	0	0	0	0	0	0	0	0	0	0	0	0	0	0																13224	5333	0	0													
799854								3622	389																																	7718	9433	0	0													
799939								0	0																																	0	1320	0	0													
799948								3327	1666																																	3461	14519	0	0													
800134								3249	4904																																	1768	753	0	0													
800442								520	832																																	191	1121	0	0													
800479								808	0																																	0	1202	0	0													
800853								8135	2329																																	1775	3330	0	0													
801047								4451	22583																																	17181	20824	0	0													
801056								933	362																																	1714	5733	0	0													
801654								0	419																																	3522	2987	0	0													
803256								0	853																																	1281	10381	0	0													
803265								0	0																																	101	180	0	0													
803649								344	19199																																	46323	73169	0	0													
803658								0	0																																	1090	10423	0	0													
803957								4039	6025																																	36362	33328	0	0													
804150								2361	167																																	412	473	0	0													
804338								8477	212247																																	225952	1888	0	0													
804374								4456	25488																																	18827	4870	0	0													
804422								3622	2180																																	588	0	0	0													
804860	0	0	0	0	0	0	0	0	420	0	0	0	0	0	0	0	0	0	0	0	0	0	0	0	0	0																69	488	0	0													
805045								441	600																																	3447	8966	0	0													
805250	0	0	0	0	0	0	0	0	1511	0	0	0	0	0	0	0	0	0	0	0	0	0	0	0	0	0																3441	35935	0	0													
805335	0	0	0	0	0	0	0	9225	5581	0	0	0	0	0	0	0	0	0	0	0	0	0	0	0	0	0																1365	6218	0	0													
805755	0	0	0	0	0	0	0	15721	9520	0	0	0	0	0	0	0	0	0	0	0	0	0	0	0	0	0																13347	7639	0	0													
805876								3001	0																																	0	5864	0	0													
806846								20639	197552																																	40467	7886	0	0													
806958	0	0	0	0	0	0	44855	0	0	0	0	0	0	0	0	0	0	0	0	0	0	0	0	0	0	0																96408	62951	0	0													
807348								2461	2914																																	8344	4235	0	0													
807432								2019	5512																																	4848	8520	0	0													
807656								3892	85																																	9983	5614	0	0						Bond Issue Purchase Commitment							
807955								93532	101684																																	294426	35899	0	0													
808260	0	0	0	0	0	0	0	35222	114459	0	0	0	0	0	0	0	0	0	0	0	0	0	0	0	0	0																586259	240603	0	0													
808345								95	260																																	565	11	0	0													
808653								1171	263																																	2663	14040	0	0													
809070								854	0																																	0	0	0	0													
809276								0	15599																																	28540	0	0	0													
809379								153	528																																	267	0	0	0													
809650	0	0	0	0	0	0	0	3256	1270	0	0	0	0	0	0	0	0	0	0	0	0	0	0	0	0	0																18173	15517	0	0													
809771								12964	10030																																	0	311	0	0													
810544								0	0																																	1434	23122	0	0													
811046	0	0	0	0	0	0	0	16054	466918	0	0	0	0	0	0	0	0	0	0	0	0	0	0	0	0	0																1216142	311074	0	269098													
811457	0	0	0	0	0	0	0	0	0	0	0	0	0	0	0	0	0	0	0	0	0	0	0	0	0	0																0	56	0	0													
811541								7135	146																																	794	0	0	3592													
811550								249	0																																	1242	434	0	0													
811747								912	4313																																	0	96815	0	0													
812379	0	0	0	0	0	0	0	398	485	0	0	0	0	0	0	0	0	0	0	0	0	0	0	0	0	0																233	8	0	0													
812436								8388	10506																																	91635	828	0	0													
812557								11662	22398																																	23126	82947	0	0													
812614	0	0	0	0	0	0	0	841	4178	0	0	0	0	0	0	0	0	0	0	0	0	0	0	0	0	0																1237	4768	0	0													
813572	0	0	0	0	0	0	0	0	1508	0	0	0	0	0	0	0	0	0	0	0	0	0	0	0	0	0																1961	2180	0	0													
813853								8506	20227																																	29564	14399	0	0													
814074	0	0	0	0	0	0	0	167	641	0	0	0	0	0	0	0	0	0	0	0	0	0	0	0	0	0																79	169	0	0													
814355								0	0																																	179	1914	0	0													
814430	0	0	0	0	0	0	0	230061	934134	0	0	0	0	0	0	0	0	0	0	0	0	0	0	0	0	0	88796	23249	0	0	0	0	0	0	0	0	0	0				991074	409211	0	1045408	760805	3979	162995	3001	114628								
814458								9702	6636																																	25556	659	0	1425													
814476	0	0	0	0	0	0	0	497	5011	0	0	0	0	0	0	0	0	0	0	0	0	0	0	0	0	0																0	566	0	0													
814551								12166	5197																																	5629	7503	0	0													
814711	0	0	0	0	0	0	44850	3532	5297	0	0	0	0	0	0	0	0	0	0	0	0	0	0	0	0	0																11487	616	0	0													
815053								2377	4714																																	4085	6676	0	0													
815147								16488	14821																																	20927	7584	0	0													
815156								5747	16833																																	68874	98251	0	0													
815277	0	0	0	0	0	0	0	15755	0	0	0	0	0	0	0	0	0	0	0	0	0	0	0	0	0	0																29349	106	0	0													
815754								4780	11481																																	4736	3036	0	0													
815772								7620	2291																																	7494	3799	0	0													
816256								772	442																																	1436	1955	0	0													
816304								0	4169																																	11949	4736	0	0													
816603	0	0	0	0	245596	59997	66000	11151	193379	0	0	245596	59997	0	39472	120764	85360	0	0	0	11428	15930	32639	0	0	0																226792	63746	0	0													
816751								0	0																																	653	913	0	0													
817477								0	4317																																	2072	6420	0	0													
817824																																																										
818401								34682	37968																																	63511	4484	0	0													
818540	0	0	0	0	0	0	0	665	0	0	0	0	0	0	0	0	0	0	0	0	0	0	0	0	0	0																1739	4567	0	0													
818559								0	0																																	11	1566	0	0													
818652	0	0	0	0	0	0	0	0	607	0	0	0	0	0	0	0	0	0	0	0	0	0	0	0	0	0																1572	614	0	0													
819154								1695	242																																	1333	3082	0	0													
819172								2223	2220																																	700	562	0	0													
819453	0	0	0	0	0	0	0	13005	6263	0	0	0	0	0	0	0	0	0	0	0	0	0	0	0	0	0																10334	5304	0	0													
819556								0	29724																																	17259	15266	0	0													
819855								24255	34315																																	22438	72675	0	0													
820048	0	0	0	0	0	0	0	24680	1385	0	0	0	0	0	0	0	0	0	0	0	0	0	0	0	0	0																17737	4124	0	25068													
820301	0	0	0	0	0	0	0	894	10987	0	0	0	0	0	0	0	0	0	0	0	0	0	0	0	0	0																26163	7513	0	0													
820477								0	0																																	592	0	0	0													
820842								12174	3424																																	30397	0	0	5508													
820879								1146	0																																	0	0	0	0													
821036								231	2580																																	11691	12447	0	0													
821157								101	207																																	3629	11163	0	0													
821559								0	0																																	0	0	0	0													
821643	0	0	0	0	0	0	0	398	0	0	0	0	0	0	0	0	0	0	0	0	0	0	0	0	0	0																1211	8540	0	0													
822042	0	0	0	0	0	0	0	7779	81523	0	0	0	0	0	0	0	0	0	0	0	0	0	0	0	0	0																125243	35314	0	0													
822051								1069	1532																																	2239	6721	0	0													
822275								13859	0																																	0	4278	0	0													
822556	492154	598713	0	0	0	0	0	0	45113	0	0	492154	598713	0	0	0	475590	16564	0	0	0	0	598713	0	0	0																0	3611	0	0													
822631								254	260																																	1015	2103	0	0													
823133								31	9279																																	4935	21638	0	0													
823142	0	0	0	0	0	0	0	0	320	0	0	0	0	0	0	0	0	0	0	0	0	0	0	0	0	0																501	0	0	0													
823450								6108	4026																																	5237	10836	0	0													
823478								100249	448560																																	65736	0	0	0													
823553								0	0																																	0	391	0	0													
823638								746	957																																	644	239	0	0													
823656								1156	2870																																	7832	27809	0	0													
824242								100	9																																	548	2066	0	0													
824653								5361	12654																																	34708	12981	0	0													
824671								0	2522																																	3472	7960	0	0													
824738								226	2113																																	2038	4448	0	0													
825146	0	0	0	0	0	0	0	9054	183601	0	0	0	0	0	0	0	0	0	0	0	0	0	0	0	0	0																306024	143180	0	0													
825454	0	0	0	0	0	0	10910	4468	1013	0	0	0	0	0	0	0	0	0	0	0	0	0	0	0	0	0																5286	13411	0	0													
825548								3378	163																																	15799	17087	0	0													
825753	0	0	0	0	0	0	0	90	3462	0	0	0	0	0	0	0	0	0	0	0	0	0	0	0	0	0																15654	11474	0	0													
825847								386	440																																	1916	34194	0	0													
825940								945	0																																	0	108	0	0													
826451								532	0																																	152	0	0	0													
826648								0	0																																	22369	16088	0	0													
826956	0	0	0	0	0	0	0	53837	98199	0	0	0	0	0	0	0	0	0	0	0	0	0	0	0	0	0																224822	116704	0	0													
827355								0	0																																	1560	4652	0	0													
827458								157	778																																	9748	33512	0	0													
827560																																																										
828110								2204	3000																																	3106	2211	0	0													
828174								5016	0																																	0	462	0	0													
828473	0	0	0	0	0	0	0	0	0	0	0	0	0	0	0	0	0	0	0	0	0	0	0	0	0	0																0	910	0	0													
828651	0	0	0	0	0	0	0	48983	61630	0	0	0	0	0	0	0	0	0	0	0	0	0	0	0	0	0																48134	37638	0	0													
829032								3919	9406																																	2111	89	0	0													
829041								3849	6065																																	1328	1475	0	0													
829050								8801	13751																																	2585	2629	0	0													
830113								6275	9984																																	9489	4417	0	0													
830252								100	520																																	245	218	0	0													
830355								1484	13287																																	5091	5966	0	0													
830542								8650	12289																																	61445	58953	100	0													
830645								1442	2859																																	11640	12747	0	0													
830748								5773	1870																																	4555	9022	0	0													
831008								21113	63183																																	34978	5691	0	0						0							
831576								18381	15692																																	16927	10272	0	0													
831642								4462	24557																																	14758	6769	0	0													
831875								104	30																																	0	267	0	0													
831941								2871	2345																																	11297	708	0	0													
832528								340	0																																	412	582	0	0													
832546	0	0	0	0	0	0	0	4893	24692	0	0	0	0	0	0	0	0	0	0	0	0	0	0	0	0	0																12587	79277	0	0													
833404	0	0	0	0	572	0	0	11500	73753	0	0	572	0	0	0	0	0	572	0	0	0	0	0	0	0	0																59443	69862	0	0													
833749								2522	11976																																	91936	0	0	0													
833851								0	1217																																	387	490	29	0													
834175								1279	0																																	0	0	0	0													
835079								381	0																																	26	0	0	0													
835257								1748	10005																																	19049	10089	0	0													
835378								125	0																																	0	0	0	392													
835444								1574	5492																																	9271	387	0	0													
835613								0	112																																	288	145	0	0													
835659								0	0																																	208	3781	0	0													
835743								3727	5362																																	3587	6976	0	0													
835770								1388	22131																																	669	2663	0	0													
836656								0	128																																	155	142	0	0													
836843	0	0	0	0	29000	55444	0	48548	272058	0	0	29000	55444	0	0	0	0	0	24224	4776	0	0	0	5338	11000	39106																516917	217532	0	825													
837046								0	703																																	8737	0	0	0													
837149								4298	5447																																	0	28687	0	0													
837158								686	892																																	3298	26726	0	0													
837354								1287	1683																																	6561	4705	0	0													
837448								2143	3268																																	19042	1577	0	0													
837541								1554	143																																	1733	2901	0	0													
837608								580	8418																																	30523	1951	0	0													
837653								0	0																																	172	7329	0	0													
837840								1172	132																																	2449	1984	0	0													
837952								458	2																																	1009	3542	0	0													
837970	0	0	0	0	0	0	0	5256	3909	0	0	0	0	0	0	0	0	0	0	0	0	0	0	0	0	0																0	1370	0	0													
838155								60	0																																	0	2346	0	0													
839068								1315	78414																																	5622	16170	0	0													
839246								3015	798																																	4640	3584	0	0													
839255	0	0	0	0	0	0	0	8925	13018	0	0	0	0	0	0	0	0	0	0	0	0	0	0	0	0	0																11558	201	0	0													
839572								0	0																																	0	41	0	0													
839817	0	0	0	0	0	0	0	0	0	0	0	0	0	0	0	0	0	0	0	0	0	0	0	0	0	0																1052	1857	0	0													
839974								1086	0																																	163	0	0	0													
840019								6481	4790																																	4191	4233	250	0													
840251								950	273																																	163	2214	0	0													
840354								0	15																																	2975	6781	0	0													
840363								13892	67516																																	209962	73106	0	12859													
840747								8566	46152																																	98945	46646	0	0													
841472								5515	26845																																	13346	1571	0	0													
841753								2431	182																																	5253	11535	0	0													
841838	0	0	0	0	0	0	0	50	6459	0	0	0	0	0	0	0	0	0	0	0	0	0	0	0	0	0																4578	3630	0	0													
842376								5277	3284																																	0	888	0	0													
842460	0	0	0	0	0	0	0	40503	162034	0	0	0	0	0	0	0	0	0	0	0	0	0	0	0	0	0																66518	15195	0	0													
842853								1118	83																																	1235	421	0	0													
843476								369	0																																	181	28	0	0													
843953								0	0																																	3672	12903	0	0													
844053	0	0	0	0	0	0	0	16350	81425	0	0	0	0	0	0	0	0	0	0	0	0	0	0	0	0	0																194005	27666	0	0													
844138								1534	2662																																	4731	4803	0	0						0							
844455								0	2																																	1702	1458	0	0													
844567								14257	36845																																	6983	31191	0	0													
845247								49426	12719																																	31325	19447	0	0													
845573	0	0	0	0	0	0	425000	0	61987	0	0	0	0	0	0	0	0	0	0	0	0	0	0	0	0	0																16084	6716	0	0													
846132								0	0																																	1849	831	0	0													
846945								1926	5824																																	228	3583	0	0													
847157								2201	6040																																	11794	7656	0	0													
847979								1161	0																																	0	0	0	0													
848248								1629	15907																																	15364	14280	0	0													
848453								0	1115																																	476	170	0	0													
849076								1413	0																																	0	1391	0	0													
849348								697	22																																	13209	11940	0	0													
849357								1320	3363																																	9324	18890	0	0													
849432	0	0	0	0	0	0	0	2391	2012	0	0	0	0	0	0	0	0	0	0	0	0	0	0	0	0	0																2049	1866	0	0													
850036	0	0	0	0	0	0	5064	31405	259507	0	0	0	0	0	0	0	0	0	0	0	0	0	0	0	0	0																866207	23100	0	0													
850054	0	0	0	0	0	0	0	142	0	0	0	0	0	0	0	0	0	0	0	0	0	0	0	0	0	0																2938	15714	0	0													
850456								2130	5165																																	3391	9019	0	0													
851060								309	1																																	985	0	0	1330													
851172								0	0																																	0	0	0	0													
851239								3058	613																																	33266	15686	0	425													
851631								1013	3615																																	1771	7510	0	0													
852218																																																										
852254								60	225																																	1832	11650	0	0													
852320																																																										
852544								30604	163999																																	59217	105367	0	0													
852704								25189	49713																																	167160	31640	0	17366													
852713								45348	78731																																	135131	32326	0	0													
852973								2608	25328																																	97189	478	0	0													
853251								0	1263																																	3142	79	0	0													
853671								22015	8602																																	2522	975	0	0													
853747								546	978																																	29954	0	0	0													
853804								2416	48780																																	29764	7347	0	0													
853934								2230	4169																																	1047	101	0	0													
853952	0	0	0	0	19307	0	0	230138	562458	0	0	19307	0	0	4250	0	15057	0	0	0	0	0	0	0	0	0	5918	1808	0	0	0	0	0	0	0	0	0	0				659674	355081	0	46346	329	0	0	0	46017								
854173								63	0																																	244	89	0	0													
854753								746	0																																	4781	15008	0	0													
854847								0	0																																	439	6417	0	0													
855143								3627	305																																	2472	4955	0	0													
855264								2197	1023																																	2042	4167	0	0													
855303								0	0																																	0	86	0	0													
855563	0	0	0	0	0	0	0	39	862	0	0	0	0	0	0	0	0	0	0	0	0	0	0	0	0	0																1610	398	0	0													
855741								7160	13626																																	11078	28764	0	0													
855844								392	237																																	1198	382	0	0													
855956								751	5364																																	311	10297	0	0													
856159								0	0																																	521	234	0	0													
856243								17560	55898																																	287899	1963	0	0													
856346	0	0	0	0	0	0	0	5185	44528	0	0	0	0	0	0	0	0	0	0	0	0	0	0	0	0	0																11328	0	0	0													
856458								0	0																																	0	3352	0	0													
856542								0	0																																	3800	7762	0	0													
856748								12835	77199																																	49562	17616	0	0													
856869								1608	325																																	842	1078	0	0													
857259								80	0																																	372	1824	0	0													
857455								0	4617																																	9101	12866	0	0													
857745								1186	1213																																	15965	15185	0	0													
857811								532	13644																																	8589	0	0	7600													
857941								331	1969																																	21562	446	0	0													
858153								0	0																																	213	1646	0	0													
858443	0	0	0	0	0	0	0	1017	0	0	0	0	0	0	0	0	0	0	0	0	0	0	0	0	0	0																2903	0	0	0													
858452								173	0																																	175	2527	0	0													
858528	0	0	0	0	0	0	0	2438	2084	0	0	0	0	0	0	0	0	0	0	0	0	0	0	0	0	0																8513	37735	0	0													
858818								0	0																																	0	0	0	0													
858854								1337	292																																	4351	48248	0	0													
859002								6066	69113																																	74545	29397	0	0													
859141	0	0	0	0	9785	0	390	6200	49312	9785	0	0	0	0	0	9785	0	0	0	0	0	0	0	0	0	0																71637	140448	0	0													
859552	0	0	0	0	0	0	0	23015	31737	0	0	0	0	0	0	0	0	0	0	0	0	0	0	0	0	0																16225	585	4728	0													
859655								2092	29042																																	7506	14630	49362	0													
859712	0	0	0	0	0	0	0	0	13691	0	0	0	0	0	0	0	0	0	0	0	0	0	0	0	0	0																0	58560	0	0													
860053	0	0	0	0	0	0	0	0	47513	0	0	0	0	0	0	0	0	0	0	0	0	0	0	0	0	0																53749	16428	0	0													
860147								2331	3326																																	9360	15358	0	0													
860231								0	0																																	0	0	0	0													
860259	0	0	0	0	0	0	106	19575	18442	0	0	0	0	0	0	0	0	0	0	0	0	0	0	0	0	0																18652	249	0	0													
860334								16691	9382																																	5225	7906	0	0													
860352								0	0																																	10364	36541	0	0													
861153								42	0																																	52	10658	0	0													
861658								0	18																																	7261	0	0	5547													
861854								0	205																																	1153	10485	0	0													
862057								0	0																																	31891	1289	0	0													
862141								467	9387																																	19983	254	0	0													
863362								0	0																																	60	367	0	0													
863607								426	1065																																	9819	5665	0	0													
863652								851	90																																	592	2078	0	0													
863746								3893	20451																																	195600	19732	0	0													
864378								1654	578																																	112	296	0	0													
864471								11250	36377																																	53976	418	0	0													
864846								3194	1244																																	7413	11586	0	0													
864855								0	0																																	5001	5892	0	0													
865142								60	2470																																	8880	25180	0	0													
865151								9590	12461																																	6576	26472	0	0													
865450								10277	6311																																	12370	39894	0	0													
865544								8571	16898																																	20636	16124	0	540													
865759								464	248																																	4014	11964	0	0													
865852								1977	1173																																	2888	2576	0	0													
866000	0	0	0	0	0	0	0	54780	62284	0	0	0	0	0	0	0	0	0	0	0	0	0	0	0	0	0																97227	48714	0	0													
866121								0	4448																																	0	48501	0	0													
866251								0	0																																	1251	4402	0	0													
867070								59	6242																																	8763	5888	0	0													
867632	0	0	0	0	0	0	0	3444	26047	0	0	0	0	0	0	0	0	0	0	0	0	0	0	0	0	0																32199	0	0	2028													
867650	0	0	0	0	0	0	0	41098	181526	0	0	0	0	0	0	0	0	0	0	0	0	0	0	0	0	0																54629	32686	0	0													
867856								6379	9687																																	10356	2106	0	0													
868059								0	0																																	830	1732	0	0													
868572								572	0																																	0	221	0	0													
868956								15259	21685																																	21494	41982	0	0													
869346	0	0	0	0	0	0	0	277	52	0	0	0	0	0	0	0	0	0	0	0	0	0	0	0	0	0																5527	26309	0	0													
869551								2598	2684																																	13046	22741	0	0													
869663								2642	18310																																	198	250	0	0													
869953								1317	8564																																	11728	13070	0	0						0							
870539								4235	17531																																	20187	10516	0	0						0	0	0	0	0	0	0	
870650								14969	40702																																	70779	6656	0	0													
870856								0	0																																	0	19578	0	0													
870913								0	0																																	7797	700	0	0													
871358	0	0	0	0	0	0	0	0	0	0	0	0	0	0	0	0	0	0	0	0	0	0	0	0	0	0																678	1931	0	0													
871648								867	0																																	811	174	0	0													
871769	0	0	0	0	0	0	0	65042	818996	0	0	0	0	0	0	0	0	0	0	0	0	0	0	0	0	0	0	0	0	0	0	0	0	0	0	0	0	0				185014	196648	0	111515	89111	0	14537	0	7868								
871956								1877	48																																	2049	0	0	0													
872047	0	0	0	0	0	0	0	6909	12051	0	0	0	0	0	0	0	0	0	0	0	0	0	0	0	0	0																64511	31056	0	0													
872579								5044	975																																	518	752	0	0													
873259								14182	65512																																	16653	10704	0	0													
874050	0	0	0	0	0	0	0	1346	185	0	0	0	0	0	0	0	0	0	0	0	0	0	0	0	0	0																12278	43318	0	0													
874452								426	0																																	560	0	7414	0													
874845	0	0	0	0	4755	0	0	54360	375615	0	0	4755	0	0	0	0	0	4755	0	0	0	0	0	0	0	0																1408417	433473	0	0													
875048								0	0																																	9878	10068	0	0													
875057								1377	1493																																	0	33716	0	0													
875132								0	2679																																	2425	6715	0	0													
875655								54	1199																																	5287	6187	0	0													
875758								1422	78																																	3457	1488	0	0													
875879								1831	0																																	2274	5448	0	0													
875936								2730	21185																																	11227	6150	0	0						0	0	0	0	0	0	0	
876157								13	0																																	481	5506	0	0													
876634	0	0	0	0	0	0	0	142997	82935	0	0	0	0	0	0	0	0	0	0	0	0	0	0	0	0	0																166436	86694	0	0													
876700	0	0	0	0	0	0	0	2799	154299	0	0	0	0	0	0	0	0	0	0	0	0	0	0	0	0	0																22987	21437	0	0													
877350								743	1544																																	3692	24534	0	0													
877752								5888	2283																																	8606	10129	0	0													
877958								0	0																																	0	2077	0	0													
879439								6094	1088																																	889	1959	0	0													
879457	0	0	0	0	0	0	0	6624	32266	0	0	0	0	0	0	0	0	0	0	0	0	0	0	0	0	0																115345	49689	0	0													
879550								0	93																																	750	1357	0	0													
879644								5750	4823																																	6779	18372	0	0													
879747								3185	331																																	11645	258	0	0													
880332								627	453																																	3072	6260	0	1574													
880855								41837	58275																																	24227	10972	0	0													
881012								7928	19860																																	50396	16834	0	0													
881441								0	2898																																	1482	0	0	0													
881478	0	0	0	0	0	3791	0	50085	274432	0	0	0	0	3791	0	0	0	0	0	0	0	0	0	1969	0	1822																331596	161537	0	0													
881852								5136	1804																																	1261	34990	0	0													
881900	0	0	0	0	0	0	0	7555	3012	0	0	0	0	0	0	0	0	0	0	0	0	0	0	0	0	0																1982	615	0	0													
882242								4128	6048																																	13839	41760	0	0													
882541								584	0																																	3752	7872	0	0													
882701								62773	88789																																	85971	21321	0	0													
882952								10809	11361																																	3746	6721	0	0													
883351								156	0																																	53	3934	0	0													
883959								278	10541																																	9318	55518	0	0													
884303	0	0	0	0	31511	0	0	0	40911	0	0	31511	0	0	1664	16123	13724	0	0	0	0	0	0	0	0	0																256466	36459	0	0													
884358								465	263																																	7348	10055	0	0													
884376								6981	850																																	610	319	0	0													
884442								40567	22771																																	41009	18116	0	0													
884648								871	2979																																	6601	17831	0	783													
884657								351	0																																	759	1285	0	0													
885252								0	0																																	3972	46669	0	0													
885430								739	8862																																	3208	1559	0	0													
885579								84	932																																	835	168	0	0													
885869								29301	90650																																	47678	28934	0	0													
886204								11783	2048																																	16076	4108	0	0													
886624								8413	22073																																	20504	11040	0	0													
887340								10487	35279																																	109514	87972	0	0													
887827								589	2316																																	995	2382	0	0													
887854								6023	488																																	1043	0	0	0													
888002	0	0	0	0	0	0	0	85624	139856	0	0	0	0	0	0	0	0	0	0	0	0	0	0	0	0	0																345324	44395	0	0						Available Lines on C&I Loans							
888141								0	398																																	3328	3860	0	0													
888271								4034	101																																	0	1378	0	0													
888552								7300	2412																																	20915	58158	0	0													
888833								21066	8856																																	4688	11933	0	0													
890050								1003	9743																																	28116	6997	0	0													
890649								3249	478																																	2976	3151	0	0													
890742								12862	61349																																	81216	49244	0	0													
890957								0	0																																	993	8833	0	0													
891226								5456	37895																																	43753	11618	0	0													
891253								0	2459																																	0	2065	0	0													
892205	0	0	0	0	0	0	0	15371	77898	0	0	0	0	0	0	0	0	0	0	0	0	0	0	0	0	0																260498	25112	0	3625													
892223								1045	4648																																	7314	20282	0	0													
893855								22570	23618																																	241430	808185	0	0													
894272								3597	1635																																	0	2689	0	0													
894348								2008	101120																																	14439	0	0	0													
894544								1025	2123																																	8178	43959	0	0													
894834								109	354																																	0	844	0	0													
895055								8423	14874																																	11430	5988	0	0													
895448								0	0																																	14537	300	0	0													
895710								12131	47445																																	243098	30786	0	0													
896155								6681	2018																																	6542	5743	0	0													
897170								3669	268097																																	86230	32974	0	0													
897237								774	100																																	612	0	0	0													
897451								0	2444																																	0	8855	0	0													
897648	0	0	0	0	0	0	0	0	0	0	0	0	0	0	0	0	0	0	0	0	0	0	0	0	0	0																648	21013	0	0													
897853								2744	154																																	1222	2991	0	0													
898458								0	0																																	10	0	0	0													
898579								6281	14915																																	21724	18671	0	0									IBC Funds III & IV				
898627								30534	12872																																	9944	3536	0	0													
898850								5399	17446																																	47577	1104	0	0													
899008								24469	32406																																	2336	1000	0	0													
899343	0	0	0	0	0	0	0	22136	14395	0	0	0	0	0	0	0	0	0	0	0	0	0	0	0	0	0																17856	12568	0	0													
899428								24006	60533																																	66067	29005	0	0													
899642								1021	2908																																	4213	10859	0	0						Elan CC Recourse Commitments							
899651								111	0																																	2175	3707	0	0													
900034								6028	13843																																	20014	6668	0	0													
900146								1307	4084																																	50	111424	0	0													
900306								24701	147801																																	225021	128870	0	0													
900502								1062	0																																	0	25813	0	0													
900678								1787	0																																	0	10944	0	0													
901134								2048	1272																																	2994	5489	0	0													
901358								1424	11																																	12639	15685	0	0													
901451								0	0																																	0	0	0	3354													
901938								40570	8710																																	18164	37021	0	0						0							
901974								1538	0																																	23898	1167	0	0									unused comml lines of credit				
902645								91	0																																	1456	3559	0	0													
902672								12202	9618																																	5003	550	0	0													
903240								4865	1666																																	815	3204	0	0													
903754								1088	2337																																	2113	87	0	0													
903950								3277	0																																	4428	2882	0	0													
904171								618	1971																																	16344	21238	0	0						0							
904359								4849	13348																																	1794	3889	0	0													
904845	0	0	0	0	0	0	0	799	5128	0	0	0	0	0	0	0	0	0	0	0	0	0	0	0	0	0																1979	6	0	0													
905356								1183	15649																																	33036	634	0	0													
905673								2605	1680																																	845	3860	0	0													
906241								12182	9009																																	7424	6378	0	0													
906410								1057	1715																																	2889	4995	0	0													
907444								3421	8038																																	8607	12209	0	0													
907547								6532	1915																																	29983	17237	0	0													
908450								3875	2088																																	10111	325	0	0													
908553								7813	68337																																	59890	12	0	0													
908861	0	0	0	0	0	0	0	391	12483	0	0	0	0	0	0	0	0	0	0	0	0	0	0	0	0	0																12361	8145	0	0													
909055								21433	23865																																	20728	24389	0	0													
909756								6052	1143																																	1828	0	0	2359													
910079								0	0																																	0	0	0	0													
910118								2739	6446																																	28075	7552	0	0													
910239								19626	8048																																	8534	74	0	0													
911160								7144	5506																																	11229	13048	0	0													
911339								0	159																																	3427	1897	0	0													
911759								0	0																																	5	9604	0	0													
911973								77304	125976																																	0	51382	0	0						City of Washington Court House	Treasuer of the State						
912756								0	0																																	298	673	0	0													
913146								5143	49149																																	6181	22364	0	0													
913436								103	0																																	0	500	0	0													
913753	0	0	0	0	0	0	0	53422	345245	0	0	0	0	0	0	0	0	0	0	0	0	0	0	0	0	0																117741	45067	0	0													
913856	0	0	0	0	0	0	0	79842	610394	0	0	0	0	0	0	0	0	0	0	0	0	0	0	0	0	0																510620	479197	0	0													
914545								1175	811																																	910	6177	0	0													
914648								60481	84587																																	55272	38411	0	0													
914853	0	0	0	0	0	0	0	751	1765	0	0	0	0	0	0	0	0	0	0	0	0	0	0	0	0	0																8723	1055	0	0													
915056								1391	221																																	812	2761	0	0													
915065								2428	6688																																	73811	1967	0	9103													
915878	0	0	0	0	0	0	0	4934	0	0	0	0	0	0	0	0	0	0	0	0	0	0	0	0	0	0	0	0	0	0	0	0	0	0	0	0	0	0				0	239727	0	0	0	0	0	0	0								
915935								0	0																																	300	47	0	0													
916343								0	0																																	0	8522	0	0													
916745	0	0	0	0	0	0	0	9924	20881	0	0	0	0	0	0	0	0	0	0	0	0	0	0	0	0	0																2474	24800	0	0													
916857								5168	1015																																	14049	5382	0	0													
917050	0	0	0	0	0	0	0	1374	12487	0	0	0	0	0	0	0	0	0	0	0	0	0	0	0	0	0																16230	31949	0	0													
917500								2879	0																																	395	1885	0	0													
917555								6123	13565																																	22218	667	0	0													
917630	0	0	0	0	0	0	0	35	189	0	0	0	0	0	0	0	0	0	0	0	0	0	0	0	0	0																82	0	0	0													
917742	0	0	0	0	540255	272516	0	216491	2100021	0	0	540255	0	272516	15049	240720	17867	105922	133394	27303	0	8125	8494	114252	126512	15133	31084	41380	22960	0	0	0	35008	0	0	0	57968	0				4953215	464652	37000	2418934	1493380	141738	107524	35000	641292								
917854	0	0	0	0	0	0	0	0	6548	0	0	0	0	0	0	0	0	0	0	0	0	0	0	0	0	0																10134	33321	0	0													
918132								278	6948																																	3251	1155	0	0													
918150								982	0																																	623	14780	0	0													
918356								0	0																																	0	0	0	0													
918477								3690	13944																																	36	2317	0	0													
918655								0	42																																	280	3384	0	0													
918776								0	0																																	0	0	0	0													
918879								1945	865																																	23379	0	0	0													
918918																																																										
918954								2495	2834																																	10470	14662	0	0													
919344								2507	0																																	6012	3931	0	0													
919456								30592	6307																																	1878	9366	0	0													
919568								101	4																																	1181	13126	0	0													
919773								13072	0																																	0	0	0	0													
920210	0	0	0	0	0	0	0	1725	4913	0	0	0	0	0	0	0	0	0	0	0	0	0	0	0	0	0																531	7928	0	0													
920359								336	0																																	2584	12030	0	0													
920733								613	1203																																	3856	6075	0	0													
920854								10220	18783																																	47720	58036	5900	0													
920975								1267	1703																																	2597	1476	0	0													
921039	0	0	0	0	0	0	0	23649	46864	0	0	0	0	0	0	0	0	0	0	0	0	0	0	0	0	0																11335	9679	0	0													
921178	0	0	0	0	0	0	0	2595	34018	0	0	0	0	0	0	0	0	0	0	0	0	0	0	0	0	0																58587	1380	0	0													
921655								0	0																																	13	747	0	0													
921879								854	0																																	1448	27	0	0													
921936								0	597																																	453	0	0	2676													
922157								584	7160																																	30534	15242	0	0													
922344								0	162																																	49168	40967	0	0													
922559								5208	4762																																	31275	37528	0	0													
922924								0	11042																																	1214	1530	0	0													
923257								1143	1012																																	363	509	0	0													
923350								0	70																																	1662	3742	0	0													
923707								76858	98759																																	73694	2287	0	0													
923752								22805	34020																																	78293	107608	0	0													
923855								574	1016																																	5884	344	0	0													
923949								190	226																																	101	191	0	0													
924058								4475	4868																																	4315	12223	0	0													
924236								5593	49502																																	9523	7127	0	0													
924254								4291	319																																	340	1050	0	0													
924357								4123	5488																																	10095	2462	0	0													
924553								0	0																																	108	2716	0	0													
924937								732	1041																																	3836	18092	0	0													
925037								52915	47769																																	282367	22977	0	0													
925055								5451	0																																	4010	18275	0	0													
925354								270	4816																																	1235	5117	0	0													
925411								0	0																																	0	0	0	0													
925653								28579	41553																																	95385	0	0	0													
926632	0	0	0	0	0	0	0	8285	590	0	0	0	0	0	0	0	0	0	0	0	0	0	0	0	0	0																5876	9984	0	600													
926650								0	0																																	0	4388	0	0													
926959								2270	4607																																	1700	3927	0	0													
927077	0	0	0	0	0	0	0	0	0	0	0	0	0	0	0	0	0	0	0	0	0	0	0	0	0	0																0	770	0	0													
927134								0	3800																																	5973	24988	0	0													
927479								3306	13498																																	8286	839	0	0													
928056								8696	9056																																	53758	95272	0	0													
928421								49893	199530																																	25169	47844	0	1500													
928618								347	32759																																	74744	25194	0	8125													
929352	0	0	0	0	0	0	0	136548	279335	0	0	0	0	0	0	0	0	0	0	0	0	0	0	0	0	0	675	696	420	0	0	0	0	0	0	0	420	0				1219855	321331	0	421064	30000	2134	245463	0	143467								
929932								12116	28348																																	32520	17826	0	0													
929978	0	0	0	0	11359	0	108000	69717	238801	0	0	11359	0	0	0	0	0	0	0	11359	0	0	0	0	0	0																285028	4311	0	27698													
930358	0	0	0	0	0	0	0	9346	33787	0	0	0	0	0	0	0	0	0	0	0	0	0	0	0	0	0																54477	8171	0	233007													
930442								5602	20572																																	29471	56876	0	0													
930853	0	0	0	0	0	0	15000	916	3956	0	0	0	0	0	0	0	0	0	0	0	0	0	0	0	0	0																6376	13136	0	0													
930965	0	0	0	0	0	0	0	0	260652	0	0	0	0	0	0	0	0	0	0	0	0	0	0	0	0	0																150833	3000	0	34809													
931038								6847	74261																																	43699	42108	0	0													
931047	0	0	0	0	0	0	21600	4878	1418	0	0	0	0	0	0	0	0	0	0	0	0	0	0	0	0	0																2046	4410	0	0													
931159								240	1677																																	0	5414	0	0													
931207								0	0																																	0	0	0	0													
931270								0	0																																	0	0	0	0													
931355								1202	592																																	1389	50	0	0													
931458								36	22																																	2077	342	0	0													
931944								1059	7505																																	17844	3083	0	0													
932642								1941	0																																	431	1372	0	0													
932745								5374	15759																																	30152	3183	0	0													
932978	0	0	0	0	9592	61374	0	53200	679050	0	0	9592	0	61374	0	0	0	0	9592	0	0	0	0	0	33201	28173																797928	32006	0	0													
933023	0	0	0	0	6247	0	0	215206	146264	0	0	6247	0	0	0	0	0	0	0	6247	0	0	0	0	0	0																140063	45999	0	0													
933041	0	0	0	0	0	0	0	348	10438	0	0	0	0	0	0	0	0	0	0	0	0	0	0	0	0	0																13177	64236	0	0													
933256	0	0	0	0	0	22265	8581	16388	107344	0	0	0	0	22265	0	0	0	0	0	0	0	0	0	0	0	22265																421055	155583	0	0													
933340								708	456																																	10821	22382	0	0													
933377	0	0	0	0	0	6965	0	5327	32569	0	0	0	0	6965	0	0	0	0	0	0	0	0	0	0	6965	0																56476	2599	0	0													
933621	0	0	0	0	0	0	0	20588	242240	0	0	0	0	0	0	0	0	0	0	0	0	0	0	0	0	0																345061	41437	0	25701													
933966	0	0	0	0	0	0	0	20125	445251	0	0	0	0	0	0	0	0	0	0	0	0	0	0	0	0	0	220	0	0	0	0	0	0	0	0	0	0	0				889748	530747	0	0	0	0	0	0	0								
933975								109520	320791																																	90129	9580	0	0													
934271	0	0	0	0	0	0	0	0	0	0	0	0	0	0	0	0	0	0	0	0	0	0	0	0	0	0																0	0	0	0													
934329																																																										
934673								4019	8988																																	5843	1650	0	0						0							
935250								32499	36844																																	29802	10808	6664	38341													
935308	0	0	0	0	0	0	0	0	0	0	0	0	0	0	0	0	0	0	0	0	0	0	0	0	0	0																0	0	0	0													
935559								1540	7040																																	3086	10603	0	0													
935577								972	2222																																	613	4406	0	0													
935719								0	894																																	975	0	0	0													
936136	0	0	0	0	18103	51294	0	0	40074	0	0	18103	51294	0	0	0	0	6250	11853	0	0	0	0	16019	20000	15275																321431	112097	0	0													
936426	0	0	0	0	0	0	0	47299	525418	0	0	0	0	0	0	0	0	0	0	0	0	0	0	0	0	0																929874	240496	0	60740													
936462	0	0	0	0	0	0	0	315082	110772	0	0	0	0	0	0	0	0	0	0	0	0	0	0	0	0	0	5685	14	0	0	0	0	0	0	0	0	0	0				370981	568364	0	41965	41965	0	0	0	0								
936583								0	5760																																	11583	62768	0	0													
936640								1578	3480																																	7301	15316	0	0													
936837								5427	3339																																	13464	2552	0	0													
936855																																																										
937339	0	0	0	0	0	0	3650	1066	3534	0	0	0	0	0	0	0	0	0	0	0	0	0	0	0	0	0																15842	16564	0	0													
937553								0	0																																	0	7554	0	0													
937740								16147	71499																																	41595	0	1000	514													
937759								5	0																																	1086	8997	0	0													
937834								2324	2241																																	1091	1247	0	0													
937843								0	2200																																	0	5335	0	0													
938354								0	0																																	71	4114	0	0													
938550								4416	1574																																	957	4682	0	0													
938859								20164	40490																																	33717	29596	0	0													
939249	0	0	0	0	7893	0	0	18066	16708	0	0	7893	0	0	0	0	0	0	0	7893	0	0	0	0	0	0																104250	142397	0	2010													
940021	0	0	0	0	0	0	0	0	0	0	0	0	0	0	0	0	0	0	0	0	0	0	0	0	0	0																3172	0	0	0													
940311																																																										
940674								0	7197																																	5195	147	0	0													
940731								1011	0																																	2032	23957	0	0													
940852	0	0	0	0	0	0	0	0	0	0	0	0	0	0	0	0	0	0	0	0	0	0	0	0	0	0																757	10628	0	0													
941541								1003	2221																																	3283	5500	0	0													
941804								4120	1795																																	1605	1375	0	0													
942454								0	2062																																	505	1824	0	0													
942539								4947	2075																																	5043	4198	0	0													
942847								2647	1317																																	9054	0	0	0													
943143								0	0																																	77	9571	0	0													
943152								0	0																																	42	1096	0	0													
943273								20	1174																																	141	317	0	0													
943675								1197	8716																																	12899	48231	0	0													
943853								0	0																																	283	3887	0	0													
943974								9089	4856																																	2068	298	0	0													
944047								6051	847																																	13383	9411	0	0													
944337								8308	13099																																	934	6118	0	0													
944355	0	0	0	0	0	0	0	8993	7600	0	0	0	0	0	0	0	0	0	0	0	0	0	0	0	0	0																2706	29869	0	0													
944627								18482	15265																																	10644	14902	0	0													
944739								6150	2337																																	1182	2181	0	0													
944748								0	0																																	67	7001	0	0													
944935								0	0																																	0	5457	0	0													
945026	0	0	0	0	0	0	0	0	4209	0	0	0	0	0	0	0	0	0	0	0	0	0	0	0	0	0																10990	1989	0	0													
945053	0	0	0	0	0	0	0	14345	89212	0	0	0	0	0	0	0	0	0	0	0	0	0	0	0	0	0																59478	90521	0	0						FHLB MPF Program							
945071								3276	8291																																	5492	0	0	0													
945950								1534	3568																																	2010	127	0	0													
946274								14303	205																																	4186	3470	0	0													
946555								6040	12527																																	1555	6000	0	0													
947525								3293	3579																																	3180	17351	0	0													
947749								9134	34610																																	7058	6703	0	4121													
947776								4402	6549																																	4174	876	0	0													
948250								3634	4538																																	4757	2057	0	0													
948278								0	0																																	0	2052	0	0													
948531								19627	7391																																	0	2180	0	0													
949154	0	0	0	0	0	0	315325	34762	213631	0	0	0	0	0	0	0	0	0	0	0	0	0	0	0	0	0																335000	14798	0	15000													
950141	0	0	0	0	0	0	26350	17208	22556	0	0	0	0	0	0	0	0	0	0	0	0	0	0	0	0	0																19410	30850	0	0													
950178								50753	0																																	0	0	0	0													
950356								5	395																																	13021	7237	0	0													
950758	0	0	0	0	0	0	0	2028	2359	0	0	0	0	0	0	0	0	0	0	0	0	0	0	0	0	0																7257	1220	0	0													
951102								15366	25101																																	29232	18502	0	0													
952172	0	0	0	0	0	0	0	28364	50051	0	0	0	0	0	0	0	0	0	0	0	0	0	0	0	0	0																5042	48789	0	0													
952257								0	0																																	1352	8991	0	0													
952846								720	81																																	4025	1036	0	1572													
953535								10676	6851																																	43589	0	0	21175													
953843								27016	10533																																	21447	15772	0	0													
953852								11912	6404																																	311	358	0	0													
954158								26	0																																	5578	8974	0	0													
954251	0	0	0	0	0	0	0	1554	2809	0	0	0	0	0	0	0	0	0	0	0	0	0	0	0	0	0																3404	10399	0	0													
954279								26774	37562																																	16149	2747	0	0													
954653								0	2076																																	1648	126	0	0													
954671								3426	8612																																	7687	561	0	0													
955753								1547	6511																																	3280	614	0	0													
955940								7526	14671																																	4440	23129	0	0													
955959								4068	4356																																	4720	12209	0	0													
955977								21854	34609																																	36691	856	0	0													
956134								120	7490																																	3175	0	0	0													
956152								110	0																																	1076	4856	0	0													
956255								999	9541																																	7905	2052	0	0													
956358								1112	7131																																	4079	1770	0	4010													
956376								0	1620																																	43	4691	0	0													
956527								0	0																																	7018	25	0	0													
956554								1930	92																																	5124	0	0	0													
956750								56976	18396																																	39767	20118	0	1900													
956938								39742	26033																																	15927	6792	0	0													
956956								10713	4167																																	1090	946	0	0													
957757								648	1705																																	2056	3047	0	0													
958204	0	0	0	0	0	0	0	24558	39407	0	0	0	0	0	0	0	0	0	0	0	0	0	0	0	0	0																112910	2493	0	0													
958231								0	0																																	0	0	0	0													
958558								0	0																																	7278	16128	0	0													
958763								759	759																																	0	1387	0	0													
959304	0	0	0	0	0	0	1520875	0	26846	0	0	0	0	0	0	0	0	0	0	0	0	0	0	0	0	0																355120	3100	0	0													
959443								858	16573																																	11628	5736	0	0													
959630								0	998																																	0	82	0	0													
959715	0	0	0	0	0	0	0	4422	39116	0	0	0	0	0	0	0	0	0	0	0	0	0	0	0	0	0																12529	1932	0	48100													
960047								781	0																																	0	162	0	0													
960551								331	576																																	1727	9392	0	0													
960935	0	0	0	0	0	0	0	80703	85183	0	0	0	0	0	0	0	0	0	0	0	0	0	0	0	0	0																36265	79453	0	0													
961259								5421	27890																																	40583	0	0	5965													
961343	0	0	0	0	0	0	0	1654	14607	0	0	0	0	0	0	0	0	0	0	0	0	0	0	0	0	0																3522	10237	0	0													
961400								543	21014																																	21134	4296	0	0													
961446								930	1323																																	2288	10104	0	0													
961576	0	0	0	0	0	0	0	0	36	0	0	0	0	0	0	0	0	0	0	0	0	0	0	0	0	0																0	4519	0	0													
961624	0	0	0	0	0	0	0	68583	757923	0	0	0	0	0	0	0	0	0	0	0	0	0	0	0	0	0	0	0	5160	0	0	0	0	0	0	0	5160	0				1065347	132847	0	0	0	0	0	0	0								
962313								1406	1252																																	619	2193	0	0													
962890								6337	90757																																	46982	25369	0	0													
962966	0	0	0	0	0	0	0	0	127	0	0	0	0	0	0	0	0	0	0	0	0	0	0	0	0	0	11822	0	0	0	0	0	0	0	0	0	0	0				888	664	0	0	0	0	0	0	0								
963002								1051	9821																																	12963	23104	0	0													
963730	0	0	0	0	0	0	0	0	4753	0	0	0	0	0	0	0	0	0	0	0	0	0	0	0	0	0																41203	801	0	0													
963945	0	0	0	0	0	0	64213	24942	1618687	0	0	0	138797	0	0	0	0	0	0	0	0	0	0	0	138797	0	56008	0	146011	0	0	0	0	0	0	0	146011	0				124714	23389	50000	2918262	2918262	0	0	0	0								
964157								5383	13435																																	4623	964	0	0													
964250								244	159																																	3092	8621	0	0													
965051								0	0																																	92	2495	0	0													
965789	0	0	0	0	11409	0	0	70388	79580	0	0	11409	0	0	0	0	0	0	8158	3251	0	0	0	0	0	0																295741	7115	0	117192													
966272								693	1358																																	1469	8104	0	0													
966722								2658	3642																																	21068	30403	0	0													
966731								10844	6636																																	2237	657	0	0													
966973								2080	268																																	127	330	0	0													
967046								1546	191																																	106850	4105	0	0													
967952								0	1160																																	10088	21522	0	0													
968070	0	0	0	0	0	0	0	28868	404921	0	0	0	0	0	0	0	0	0	0	0	0	0	0	0	0	0																106054	42537	0	0													
968155								3074	1469																																	2026	300	0	0													
968249								6203	18051																																	6878	14381	0	0													
968744								12118	13383																																	7949	19973	0	0													
969059								0	500																																	113	603	0	0													
969255								690	368																																	4160	14364	0	0													
969639								2651	0																																	2263	4969	0	0													
969844								1164	2659																																	2489	7073	0	0													
969956								0	0																																	311	362	0	0													
970055								2613	5176																																	38195	2150	0	0													
971070								738	0																																	227	301	0	0													
971379								713	0																																	0	1653	0	0													
971959	0	0	0	0	0	0	0	21851	87018	0	0	0	0	0	0	0	0	0	0	0	0	0	0	0	0	0																173691	171561	0	0													
972143								1912	0																																	10701	13941	0	0													
972406	0	0	0	0	0	0	0	0	0	0	0	0	0	0	0	0	0	0	0	0	0	0	0	0	0	0																0	0	0	0													
972648	0	0	0	0	0	0	0	17177	59924	0	0	0	0	0	0	0	0	0	0	0	0	0	0	0	0	0																34882	38678	0	0													
972732	0	0	0	0	0	0	0	12812	97766	0	0	0	0	0	0	0	0	0	0	0	0	0	0	0	0	0																20658	34901	0	4665													
972750								1411	453																																	1933	8253	0	0													
972769								0	11661																																	17595	0	0	1													
972862								19218	43976																																	56197	3626	0	0													
973252								0	0																																	1420	4763	0	0													
974558								0	25																																	2850	20718	0	0													
974754								5622	15833																																	20940	128	0	0													
975153								7638	1542																																	3121	15067	0	0													
975256								3155	3323																																	5765	54746	0	0													
975452								1308	169																																	296	29	0	0													
975751	0	0	0	0	0	0	0	0	0	0	0	0	0	0	0	0	0	0	0	0	0	0	0	0	0	0																0	0	0	0													
975854								3049	9480																																	25946	9798	0	0													
976534								56	1158																																	14821	310	0	0													
976552								26438	33860																																	47598	31749	0	0													
976703								0	0																																	0	0	0	0													
976954								0	0																																	0	0	0	0													
977045	0	0	0	0	0	0	0	730	0	0	0	0	0	0	0	0	0	0	0	0	0	0	0	0	0	0																445	866	0	0													
977250								658	13903																																	10017	6665	0	152531													
977616								0	12546																																	305	3592	0	0													
977652								950	101																																	1166	796	0	0													
977951	0	0	0	0	0	0	0	7180	17006	0	0	0	0	0	0	0	0	0	0	0	0	0	0	0	0	0																54818	42701	0	481													
978118	0	0	0	0	0	0	0	912	179204	0	0	0	0	0	0	0	0	0	0	0	0	0	0	0	0	0																235930	13493	0	0													
979133								2000	6217																																	1430	12868	0	0													
979151								1257	16																																	3384	6404	0	0													
979629								10348	9883																																	84851	0	0	0													
979759								2329	5658																																	6646	6728	0	0													
980438								1180	3023																																	6432	12026	0	0													
980531	0	0	0	0	0	0	0	5896	18053	0	0	0	0	0	0	0	0	0	0	0	0	0	0	0	0	0																52676	21033	0	0													
980661																																																										
980773								2191	22481																																	3876	7800	0	0													
980951	0	0	0	0	0	0	0	994	846	0	0	0	0	0	0	0	0	0	0	0	0	0	0	0	0	0																13366	2240	0	0													
980960								53550	52303																																	69241	27271	0	0													
981350	0	0	0	0	0	0	0	0	0	0	0	0	0	0	0	0	0	0	0	0	0	0	0	0	0	0																1374	267	0	0													
981453								0	0																																	301	1955	0	0													
982142								11073	73573																																	15830	41090	0	0													
982348								0	0																																	0	152662	0	0													
982553								7899	14787																																	26449	62053	0	0													
983055								0	11																																	206	3145	0	0													
983158								0	0																																	0	2920	0	0													
983457								0	1500																																	3394	2892	0	0													
983550	0	0	0	0	0	0	0	1685	1637	0	0	0	0	0	0	0	0	0	0	0	0	0	0	0	0	0																8151	4142	0	0													
984258								3258	38301																																	32726	31166	0	0													
984351								0	315																																	4865	8471	0	0													
984454								0	0																																	706	6420	0	0													
984856								1025	2887																																	2265	10090	0	0													
985451	0	0	0	0	0	0	0	2079	50	0	0	0	0	0	0	0	0	0	0	0	0	0	0	0	0	0																1487	3895	0	0													
985479								13965	52029																																	57287	19673	0	0													
986159								2137	0																																	1511	5026	0	0													
986551	0	0	0	0	0	0	0	365	194	0	0	0	0	0	0	0	0	0	0	0	0	0	0	0	0	0																15168	2006	0	0													
986757	0	0	0	0	0	0	0	0	0	0	0	0	0	0	0	0	0	0	0	0	0	0	0	0	0	0																63	876	0	0													
986935								1033	678																																	3220	5762	0	0													
987231								1113	26752																																	4024	7062	0	0													
987259								0	0																																	0	101781	0	0													
987576								80	0																																	0	0	0	0													
987651								13602	1035																																	674	601	0	0													
987848	0	0	0	0	0	0	0	694	0	0	0	0	0	0	0	0	0	0	0	0	0	0	0	0	0	0																0	6964	0	0													
988144								3026	2833																																	1825	8791	0	0													
988153	0	0	0	0	0	0	0	763	8956	0	0	0	0	0	0	0	0	0	0	0	0	0	0	0	0	0																33035	71941	0	0													
988256								0	0																																	1	537	0	0													
988452								2783	18885																																	2930	1691	0	0													
989141								400	21																																	1157	5337	0	0													
989347								38141	8810																																	9316	24451	0	0													
989534								1756	3313																																	3927	2041	0	0													
989730								11543	1691																																	3931	3571	0	0													
989851								0	0																																	1807	1483	0	0							1						
990053								4495	5256																																	2446	1121	0	0													
990352								7665	22627																																	22929	75541	0	0													
990642								1112	3158																																	10137	14213	0	0													
991078								1409	0																																	188	587	0	0													
991135								0	1813																																	4181	143	0	0													
991340	0	0	0	0	0	0	0	46542	143357	0	0	0	0	0	0	0	0	0	0	0	0	0	0	0	0	0																850927	61934	0	0													
991359	0	0	0	0	0	0	0	136	3874	0	0	0	0	0	0	0	0	0	0	0	0	0	0	0	0	0																9047	7807	0	0													
991555								158	0																																	1626	9893	0	0													
991621	0	0	0	0	0	0	0	6432	7005	0	0	0	0	0	0	0	0	0	0	0	0	0	0	0	0	0																3631	12147	0	0													
991854								0	78																																	599	681	0	2													
992851								398	226																																	25091	142	0	0													
993250								3205	42																																	11689	68200	0	0													
994435								4416	89149																																	60793	36871	0	0													
994770								0	266																																	0	0	0	0													
995076	0	0	0	0	0	0	0	81768	141090	0	0	0	0	0	0	0	0	0	0	0	0	0	0	0	0	0																201437	167770	0	0													
995272								0	0																																	0	5470	0	0													
995517								23915	0																																	22476	3936	0	0													
995571	0	0	0	0	0	0	0	3382	3062	0	0	0	0	0	0	0	0	0	0	0	0	0	0	0	0	0																6678	50	0	0													
995674								2644	8994																																	0	0	0	0													
995955								0	0																																	83	2212	0	0													
996260	0	0	0	0	0	0	221000	0	33552	0	0	0	0	0	0	0	0	0	0	0	0	0	0	0	0	0																259820	400	0	0													
997155								655	0																																	878	0	0	0													
997557								0	2844																																	20	1713	0	0													
997847	0	0	0	0	0	0	0	4101	29548	0	0	0	0	0	0	0	0	0	0	0	0	0	0	0	0	0																45604	2765	0	0													
998358								536	0																																	1086	7982	0	0													
998648								3339	1604																																	4111	233	500	0													
998657								0	5031																																	2540	2590	0	0													
998844								10887	22724																																	44093	141253	0	0													
999935	0	0	0	0	0	0	65000	74997	27523	0	0	0	0	0	0	0	0	0	0	0	0	0	0	0	0	0																9075	9415	0	0													
1000052								7314	402																																	17557	61605	0	0													
1000276								720	15659																																	16914	15787	0	0													
1000641								1621	1873																																	35913	49041	0	0													
1000856	0	0	0	0	0	0	0	0	0	0	0	0	0	0	0	0	0	0	0	0	0	0	0	0	0	0																66	0	0	0													
1000959	0	0	0	0	0	0	0	1337	1740	0	0	0	0	0	0	0	0	0	0	0	0	0	0	0	0	0																8032	10230	0	0													
1001059								14290	30604																																	53352	30961	0	0													
1001152	0	0	0	0	0	0	0	512420	1846139	0	0	0	0	0	0	0	0	0	0	0	0	0	0	0	0	0																238404	106778	1499	0													
1001639	0	0	0	0	0	0	142	0	173273	0	0	0	0	0	0	0	0	0	0	0	0	0	0	0	0	0																132177	0	0	0													
1001648	0	0	0	0	0	0	405447	43430	79842	0	0	0	0	0	0	0	0	0	0	0	0	0	0	0	0	0																619600	51917	0	450													
1001853	0	0	0	0	0	0	10050	10268	16610	0	0	0	0	0	0	0	0	0	0	0	0	0	0	0	0	0																9492	12589	0	0								2					
1002373								3708	30769																																	8257	12879	0	0													
1002458								227	3431																																	358	1029	0	0													
1002878	0	0	0	0	118919	110112	432370	0	285518	0	0	118919	110112	0	0	0	0	29445	37677	51797	0	0	0	0	96299	13813	1146	10632	5450	0	0	0	0	0	0	0	5450	0				1432417	140257	0	30000	0	30000	0	0	0								
1002953								0	0																																	277	1975	0	0													
1003455								1460	0																																	13110	34765	0	0													
1003558	0	0	0	0	0	0	0	6645	2516	0	0	0	0	0	0	0	0	0	0	0	0	0	0	0	0	0																16319	0	0	0													
1003839								14530	17482																																	16611	0	0	0													
1003950								0	1115																																	104	194	0	0													
1004256								0	0																																	649	4114	0	0													
1004470								15772	28579																																	15406	91277	0	0													
1005075								0	0																																	0	1425	0	0													
1005552								2142	8918																																	3087	1483	0	0													
1005655	0	0	0	0	0	0	0	0	2209	0	0	0	0	0	0	0	0	0	0	0	0	0	0	0	0	0																5211	0	0	3966													
1005851								3169	5881																																	8362	0	0	0													
1006148								4901	36707																																	28221	56440	0	0													
1006157								1859	5675																																	3019	256	0	0													
1006513								7406	12606																																	8271	5512	0	0													
1006559								2225	3597																																	2129	176	0	0													
1006652	0	0	0	0	0	0	0	0	303	0	0	0	0	0	0	0	0	0	0	0	0	0	0	0	0	0																950	16834	0	0													
1007015	0	0	0	0	0	0	111500	16371	524444	0	0	0	0	0	0	0	0	0	0	0	0	0	0	0	0	0																181734	32066	0	3000													
1007051								1324	756																																	4767	6983	0	0													
1007154								16501	35325																																	59947	31687	0	0													
1007417								1537	12621																																	43770	17673	0	0													
1007734	0	0	0	0	0	0	7500	8686	18967	0	0	0	0	0	0	0	0	0	0	0	0	0	0	0	0	0																44271	0	0	0													
1007752								0	12178																																	16604	23815	0	0													
1007819								19110	92430																																	315785	15280	0	0													
1007873								0	3391																																	0	9774	0	0													
1007930								0	0																																	0	10537	0	0													
1007958								0	0																																	2954	6876	0	0													
1008076								5151	4182																																	3523	2219	0	0													
1008151								886	346																																	1754	7074	0	0													
1008209								1813	0																																	1037	4501	0	0													
1008450								0	0																																	479	3437	0	0													
1008553								0	0																																	589	16531	0	0													
1008674								20352	23517																																	16551	20971	0	0													
1008955								1146	2170																																	2229	2898	0	0													
1009242								12969	21882																																	26741	109396	0	0													
1009354	0	0	0	0	0	0	0	126548	292019	0	0	0	0	0	0	0	0	0	0	0	0	0	0	0	0	0																116195	23092	0	0													
1009756								75	0																																	9572	35417	0	0													
1009840	0	0	0	0	0	0	0	0	0	0	0	0	0	0	0	0	0	0	0	0	0	0	0	0	0	0																1436	773	0	0													
1010015								2153	532																																	20821	186	0	0													
1010574								3346	7854																																	16067	0	0	0													
1011432								1926	14398																																	4387	2874	0	0													
1011526	0	0	0	0	0	0	0	10426	102385	0	0	0	0	0	0	0	0	0	0	0	0	0	0	0	0	0																202543	91619	0	0													
1011638								37378	49758																																	40045	19016	0	0													
1011656								0	0																																	16	0	0	265													
1011852	0	0	0	0	0	0	0	0	0	0	0	0	0	0	0	0	0	0	0	0	0	0	0	0	0	0																0	0	0	0													
1011955								75	2410																																	25423	93328	0	0													
1012251								2213	459																																	1390	3182	0	0													
1012457								0	6																																	697	5223	0	0													
1013070	0	0	0	0	1622	0	5000	91064	33566	0	0	1622	0	0	0	0	1622	0	0	0	0	0	0	0	0	0																7723	4346	0	0						FHLB MPF Credit enhancement obligation							
1013650								0	170																																	1012	13247	0	0													
1013744								18469	24771																																	147027	28001	0	0													
1014059								115	1748																																	287	843	0	0													
1014125								20742	29028																																	73244	19816	0	0													
1014246								297	73																																	1394	3374	0	0						FHLB LETTERS OF CREDIT FOR PUBLIC FUNDS PLEDGING							
1014255								0	0																																	4393	0	0	0													
1014376								5456	1014																																	1127	2193	0	0													
1014451								0	0																																	1235	8115	0	0													
1014554								397	775																																	1729	7320	0	0													
1014657	0	0	0	0	0	0	0	3101	19957	0	0	0	0	0	0	0	0	0	0	0	0	0	0	0	0	0																2739	17601	0	0													
1014853								5083	4966																																	8240	30011	0	426													
1015252	0	0	0	0	0	0	0	4217	6567	0	0	0	0	0	0	0	0	0	0	0	0	0	0	0	0	0																37092	549	0	2468													
1015270								5177	3140																																	8972	4380	0	0													
1015458								0	0																																	1016	2225	0	0													
1015560	0	0	0	0	0	0	0	0	36581	0	0	0	0	0	0	0	0	0	0	0	0	0	0	0	0	0																16079	2024	0	0													
1015841								1118	6500																																	2000	14291	0	0													
1015850								15085	8762																																	18155	8033	0	0													
1016174								11914	30																																	0	1464	0	0													
1016231	0	0	0	0	0	0	0	26627	63651	0	0	0	0	0	0	0	0	0	0	0	0	0	0	0	0	0																68939	16373	0	0													
1016259								11178	44331																																	67247	38430	0	0													
1016558								1086	0																																	972	5040	0	0													
1016718								1352	80																																	79	1826	0	0													
1016848	0	0	0	0	0	0	0	1356	0	0	0	0	0	0	0	0	0	0	0	0	0	0	0	0	0	0																1794	9650	0	0													
1016857								56315	104475																																	77721	2141	0	3560													
1017425								6369	40075																																	68526	19953	0	0													
1017555								445	2250																																	618	2359	0	0													
1017564								222	321																																	1628	772	0	0													
1017854								0	0																																	442	4516	0	0													
1017939	0	0	0	0	79156	25338	0	379069	1157150	0	0	79156	0	25338	0	0	0	0	50582	28574	0	0	0	0	8449	16889	15827	12569	10735	0	0	0	0	0	0	0	10735	0				1227164	242206	0	0	0	0	0	0	0								
1017957								1768	4417																																	14170	11642	0	0													
1018927								186545	93164																																	73336	38172	0	39081													
1157415								0	58372																																	0	6	0	0													
1160509								2450	4546																																	4647	4134	0	0													
1162017								62935	24932																																	48824	38923	0	0													
1163283								1115	1054																																	528	322	0	0													
1169650								0	31676																																	3827	1262	0	0													
1176881	0	0	0	0	0	0	0	0	0	0	0	0	0	0	0	0	0	0	0	0	0	0	0	0	0	0																0	0	0	0													
1176920								1124	11																																	290	2209	0	0													
1187001	0	0	0	0	0	0	182835	150769	527360	0	0	0	0	0	0	0	0	0	0	0	0	0	0	0	0	0																475890	358328	0	0													
1187551								53	9799																																	4171	173	0	10095													
1188772	0	0	0	0	0	0	0	33256	11894	0	0	0	0	0	0	0	0	0	0	0	0	0	0	0	0	0																8038	19486	0	0													
1188987	0	0	0	0	0	0	0	2148	11872	0	0	0	0	0	0	0	0	0	0	0	0	0	0	0	0	0																6509	8719	0	0													
1190476	0	0	0	0	2250	46618	0	67802	653848	0	0	2250	46618	0	0	0	2250	0	0	0	10981	35637	0	0	0	0	9870	3410	0	0	0	0	0	0	0	0	0	0				1350903	74342	0	350810	23612	187273	98920	22450	18555								
1191352								582	4203																																	2346	498	0	0													
1216022																																																										
1218446								4232	10872																																	1598	5094	0	12334						0	0	0	0	0	0	0	
1222519								7994	26491																																	23592	21109	0	1000													
1222948	0	0	0	0	0	0	0	7255	14853	0	0	0	0	0	0	0	0	0	0	0	0	0	0	0	0	0																23282	25378	0	0													
1225752								3361	5841																																	21731	1100	0	0													
1225761																																																										
1225798								0	0																																	0	135	0	0													
1228034								6554	60728																																	7630	13277	0	0													
1293078								1281	188																																	2649	1564	0	0													
1369870								0	0																																	0	0	0	0													
1386251	0	0	0	0	0	0	0	144982	326305	0	0	0	0	0	0	0	0	0	0	0	0	0	0	0	0	0	15778	0	0	0	0	0	0	0	0	0	0	0				729174	332362	0	27337	10000	0	0	0	17337								
1387203								6304	0																																	1635	1291	0	0													
1387605								23538	91410																																	233700	128511	0	0						FHLB MPF Credit Enhancement			Commitments to Sell Loans				
1391778	0	0	0	0	0	0	0	0	0	0	0	0	0	0	0	0	0	0	0	0	0	0	0	0	0	0																0	8059	0	0													
1394621								18540	26433																																	10446	37843	0	0													
1394676																																																										
1396764								0	1709																																	615	517	0	0													
1397471								9248	654																																	5784	675	0	0													
1402384								5928	4161																																	774	47	0	0													
1404481								5969	11465																																	4600	9585	0	0													
1404883								0	0																																	31793	0	0	0													
1414819	0	0	0	0	0	0	0	1210	143	0	0	0	0	0	0	0	0	0	0	0	0	0	0	0	0	0																0	0	0	0													
1418255								3947	6517																																	2827	1817	0	0													
1429028								6919	37439																																	81270	2239	0	0													
1435092								0	2793																																	0	4485	0	0													
1436204	0	0	0	0	0	0	0	6120	35551	0	0	0	0	0	0	0	0	0	0	0	0	0	0	0	0	0																149000	36925	0	4001													
1443266																																																										
1444021																																																										
1445943	0	0	0	0	0	0	0	20424	93491	0	0	0	0	0	0	0	0	0	0	0	0	0	0	0	0	0																32562	19080	0	0													
1447639								169198	213926																																	178707	39555	0	56238													
1456501																																																										
1458608	0	0	0	0	0	0	21000	53533	102374	0	0	0	0	0	0	0	0	0	0	0	0	0	0	0	0	0																130747	18098	0	0													
1459717	0	0	0	0	0	0	181000	68325	57951	0	0	0	0	0	0	0	0	0	0	0	0	0	0	0	0	0																17864	540	0	0													
1459735								7286	13412																																	5432	18001	0	0													
1459799								12664	24364																																	5946	17083	0	0													
1462986								0	0																																	0	1913	0	0													
1469677								10284	113809																																	45458	74802	2188	0													
1470150	0	0	0	0	0	0	0	0	3372	0	0	0	0	0	0	0	0	0	0	0	0	0	0	0	0	0																9149	11346	0	0													
1474309								0	0																																	4738	0	0	0													
1479470								175	8638																																	22951	24471	0	0													
1481745								20343	43311																																	26198	8692	0	0													
1492817	0	0	0	0	0	0	0	656	838	0	0	0	0	0	0	0	0	0	0	0	0	0	0	0	0	0																5570	9125	0	0													
1493319								0	6																																	150	0	0	0													
1494482								3976	541																																	5349	1958	0	0													
1494914	0	0	0	0	0	0	0	0	0	0	0	0	0	0	0	0	0	0	0	0	0	0	0	0	0	0																0	172805	0	0													
1629903	0	0	0	0	0	0	0	0	0	0	0	0	0	0	0	0	0	0	0	0	0	0	0	0	0	0																0	0	0	0													
1718188																																																										
1718469	0	0	0	0	0	0	0	106510	107491	0	0	0	0	0	0	0	0	0	0	0	0	0	0	0	0	0																0	0	103516	3000													
1820979	0	0	0	0	0	0	0	0	0	0	0	0	0	0	0	0	0	0	0	0	0	0	0	0	0	0																0	0	0	0													
1836701								1892	20674																																	27886	6793	0	0													
1842065	0	0	0	0	0	0	0	300735	3084261	0	0	0	0	492710	0	0	0	0	0	0	0	0	0	0	242926	249784	32250	66952	30290	62780	0	0	504806	0	0	0	535096	62780				8225168	2171459	4419	7620387	0	0	5880868	0	1739519								
1863097	0	0	0	0	0	0	0	1263	48755	0	0	0	0	0	0	0	0	0	0	0	0	0	0	0	0	0																41850	43910	0	0													
1864197	0	0	0	0	0	0	0	0	51105	0	0	0	0	0	0	0	0	0	0	0	0	0	0	0	0	0																76482	47146	0	0													
1867983	0	0	0	0	0	0	0	3825	54567	0	0	0	0	0	0	0	0	0	0	0	0	0	0	0	0	0																25209	3194	0	0													
1872941								2567	18261																																	31551	25528	0	0													
1879016								8849	7363																																	5965	2012	0	0													
1883321	0	0	0	0	0	0	0	0	0	0	0	0	0	0	0	0	0	0	0	0	0	0	0	0	0	0																0	0	0	0													
1885932	0	0	0	0	0	0	0	0	0	0	0	0	0	0	0	0	0	0	0	0	0	0	0	0	0	0																4628	3129	0	0													
1890525								61951	227503																																	41483	9122	0	0													
1892154								4189	10474																																	8647	5083	0	0													
1893049																																																										
1917301																																																										
1918344	0	0	0	0	0	0	685357	111047	299702	0	0	0	0	0	0	0	0	0	0	0	0	0	0	0	0	0																775097	8601	0	0													
1929247	0	0	0	0	0	0	2278	829316	2511739	0	0	0	0	0	0	0	0	0	0	0	0	0	0	0	0	0	0	226425	0	0	0	0	0	0	0	0	0	0				3945081	1604410	0	1283237	25472	75942	663899	46462	471461								
1940747								0	0																																	4612	4086	0	0													
1945247								0	474																																	1083	1	0	0													
2002222								9911	2477																																	14185	7235	0	0													
2006024								328	26926																																	6697	28	0	0													
2007991								5716	3318																																	6732	3169	0	0													
2009605	0	0	0	0	0	0	0	23633	54656	0	0	0	0	0	0	0	0	0	0	0	0	0	0	0	0	0																69596	99969	0	0													
2010722								5629	3139																																	25983	312	0	0													
2037185								2100	9582																																	2869	1080	0	0													
2044811	0	0	0	0	0	0	0	11308	76820	0	0	0	0	0	0	0	0	0	0	0	0	0	0	0	0	0																469128	11769	0	108780													
2044820								0	5719																																	5018	485	0	0													
2051127								2897	2596																																	42908	3027	0	0													
2059990								6501	2222																																	4417	2450	1695	0													
2068107								24869	38540																																	72494	4559	0	0													
2107181								0	0																																	0	0	0	0													
2119773	0	0	0	0	0	0	0	33640	151888	0	0	0	0	0	0	0	0	0	0	0	0	0	0	0	0	0																494727	15523	0	605961													
2121196	0	0	0	0	0	0	0	0	24174	0	0	0	0	0	0	0	0	0	0	0	0	0	0	0	0	0	5937	0	0	0	0	0	0	0	0	0	0	0				0	216455	0	80963	0	0	0	0	80963								
2122997	0	0	0	0	0	0	0	0	0	0	0	0	0	0	0	0	0	0	0	0	0	0	0	0	0	0																0	0	0	0													
2123930								1745	1386																																	3160	1154	0	0													
2132941								7379	252047																																	351561	84207	0	0													
2140348								0	88940																																	11750	19146	0	9300													
2142155	0	0	0	0	0	0	65080	20832	162250	0	0	0	0	0	0	0	0	0	0	0	0	0	0	0	0	0																174443	39148	0	98689													
2163477	0	0	0	0	0	0	0	0	0	0	0	0	0	0	0	0	0	0	0	0	0	0	0	0	0	0																0	0	0	0													
2182786																																																			Forward starting repurchase agreements							
2193616																																																										
2209553	0	0	0	0	0	0	0	58157	140129	0	0	0	0	0	0	0	0	0	0	0	0	0	0	0	0	0																432980	14599	0	43535													
2218443								2550	3369																																	3189	18880	0	0													
2232757								3024	3723																																	4355	12987	0	0													
2233875								415	0																																	1862	9505	0	0													
2236821								0	1098																																	35096	1084	0	0													
2239288	0	0	0	0	0	0	0	25265	376662	0	0	0	0	0	0	0	0	0	0	0	0	0	0	0	0	0																1253821	80262	0	660771													
2262718	0	0	0	0	0	0	0	0	0	0	0	0	0	0	0	0	0	0	0	0	0	0	0	0	0	0																0	0	0	0													
2265456	0	0	0	0	0	0	0	0	0	0	0	0	0	0	0	0	0	0	0	0	0	0	0	0	0	0																0	0	0	0													
2297998								4409	38885																																	37360	0	0	0													
2298995	0	0	0	0	0	0	114874	6907	86405	0	0	0	0	0	0	0	0	0	0	0	0	0	0	0	0	0																362153	28968	0	61384													
2304636	0	0	0	0	0	0	0	5221	0	0	0	0	0	0	0	0	0	0	0	0	0	0	0	0	0	0																15979	961	0	0													
2305969								4096	11949																																	3159	0	0	0													
2316714								14954	23281																																	11253	468	0	25083													
2317672								0	2149																																	553	304	0	0													
2325882	0	0	0	0	0	0	0	0	0	0	0	0	0	0	0	0	0	0	0	0	0	0	0	0	0	0																0	0	0	0													
2328137	0	0	0	0	0	0	0	36291	57049	0	0	0	0	0	0	0	0	0	0	0	0	0	0	0	0	0																37923	11308	0	0													
2328285								0	0																																	0	0	0	0													
2329200	0	0	0	0	0	0	0	2584	7121	0	0	0	0	0	0	0	0	0	0	0	0	0	0	0	0	0																5806	97	0	0													
2332910								2895	22820																																	16078	0	0	5000													
2333140								0	900																																	11471	0	0	0													
2337335								0	0																																	0	0	0	0													
2339599								3227	19281																																	47877	1089	0	0													
2339795	0	0	0	0	0	0	298400	8447	41274	0	0	0	0	0	0	0	0	0	0	0	0	0	0	0	0	0																230174	4990	0	73730													
2343167								2244	15346																																	9588	16288	0	0													
2344753								65689	95498																																	131127	58808	21000	0													
2353595								4374	31192																																	68838	10176	0	0													
2354985	0	0	0	0	149550	12750	1781890	0	410585	0	0	149550	12750	0	1473	147184	893	0	0	0	0	12750	0	0	0	0	997	0	6272	0	0	0	0	0	0	0	6272	0				1356469	208479	0	3479323	1670741	684250	670866	0	453466								
2356091								3555	10844																																	19111	11661	0	0						Excess Deposit Insurance Bond							
2358769								2128	30913																																	128512	13027	0	0						SBIC Commitments							
2362458																																																										
2371816								374	15265																																	25806	0	0	0													
2390929	0	0	0	0	0	0	0	20490	146839	0	0	0	0	0	0	0	0	0	0	0	0	0	0	0	0	0																365364	13267	0	0													
2391588								12024	9192																																	20610	627	0	0													
2396592								8783	13927																																	5763	2328	0	0													
2396604								14459	11104																																	9178	2706	0	0													
2398701								0	0																																	47276	0	0	831													
2451240	0	0	0	0	0	0	0	0	8995	0	0	0	0	0	0	0	0	0	0	0	0	0	0	0	0	0																12080	0	0	0													
2465881								5615	25597																																	44926	64494	0	0													
2467670								7867	6312																																	0	50	0	0													
2471239	0	0	0	0	0	0	0	13538	38799	0	0	0	0	0	0	0	0	0	0	0	0	0	0	0	0	0																415055	11278	0	0													
2482824								59733	47653																																	105079	58081	0	0													
2489805																																																										
2490285								0	78																																	221	4435	0	0													
2497181								43887	81057																																	130092	38100	0	0													
2502825								0	0																																	0	0	0	0													
2505424								5338	14280																																	8367	2028	0	0													
2505451								20730	16257																																	14325	2798	0	0													
2505460								863	5254																																	5264	15988	0	0													
2508751	0	0	0	0	0	0	0	20823	107410	0	0	0	0	0	0	0	0	0	0	0	0	0	0	0	0	0																259501	5406	0	90464													
2515320								1322	27850																																	63725	3583	0	5944													
2529176								0	1975																																	1822	2936	0	2306													
2531562								0	300																																	3313	1962	0	0													
2531991																																																										
2533043								601	2925																																	2106	1395	0	0													
2536633								6360	1362																																	5836	6054	0	0													
2539960								3631	8473																																	35131	86247	0	0													
2562137								1426	4365																																	1201	17611	0	0													
2562164	0	0	0	0	0	0	0	29207	102351	0	0	0	0	0	0	0	0	0	0	0	0	0	0	0	0	0																543345	48006	0	0													
2567123	0	0	0	0	0	0	0	0	0	0	0	0	0	0	0	0	0	0	0	0	0	0	0	0	0	0																0	0	0	0													
2568063								0	4116																																	10893	12727	0	5000													
2576134								0	11325																																	225099	368677	0	0													
2577739								3044	848																																	1606	602	0	0													
2580243	0	0	0	0	5318	2096	0	3707	63198	0	0	5318	2096	0	0	0	0	0	5318	0	0	0	0	0	2096	0																62331	3678	0	0													
2587916								22815	12611																																	20320	12523	0	0													
2594240								1411	32573																																	125579	33473	0	0													
2594419	0	0	0	0	0	0	0	2652	7985	0	0	0	0	0	0	0	0	0	0	0	0	0	0	0	0	0																14403	2892	0	0													
2596646								117553	91490																																	145881	53381	0	0													
2597223								0	0																																	0	0	0	0													
2597232								0	0																																	0	0	0	0													
2598396	0	0	0	0	0	0	0	2352	2448	0	0	0	0	0	0	0	0	0	0	0	0	0	0	0	0	0																3425	3620	0	0													
2600039								0	0																																	0	0	0	0													
2602828								5204	1849																																	4698	139	0	0													
2605566	0	0	0	0	0	0	0	0	0	0	0	0	0	0	0	0	0	0	0	0	0	0	0	0	0	0																0	239008	0	0													
2607412								1528	586																																	1685	1147	0	0													
2608754	0	0	0	0	0	2027	0	57669	250039	0	0	0	2027	0	0	0	0	0	0	0	0	0	0	0	2027	0																1179003	137533	0	0						0	0	0	0	0	0	0	
2610784								53	1471																																	5232	1671	0	0													
2614344								19262	10866																																	2906	320	0	0													
2615190	0	0	0	0	0	0	0	0	0	0	0	0	0	0	0	0	0	0	0	0	0	0	0	0	0	0																0	122543	0	0													
2615220								1323	2187																																	12104	13736	0	0													
2618780	0	0	0	0	228919	587901	452531	221730	1446495	0	0	228919	587901	0	27661	201258	0	0	0	0	77421	510480	0	0	0	0	9748	29742	9667	0	0	0	0	0	0	0	9667	0				6192971	925797	0	1498066	392329	352172	58164	301361	394040								
2619714								3012	19251																																	18444	14143	0	0													
2621285								2258	4976																																	5089	782	0	0													
2621940								17	8113																																	6270	45	0	0													
2624400	0	0	0	0	0	0	108259	6710	50228	0	0	0	0	0	0	0	0	0	0	0	0	0	0	0	0	0																149368	20635	0	44637													
2625724								2435	51012																																	15459	0	0	0													
2631172	0	0	0	0	0	0	0	3873	15390	0	0	4989	0	0	0	0	0	0	4989	0	0	0	0	0	0	0																35357	6465	0	1645													
2631846	0	0	0	0	0	0	0	10925	34109	0	0	0	0	0	0	0	0	0	0	0	0	0	0	0	0	0																61693	2914	5150	0													
2634191	0	0	0	0	0	0	0	479502	1286645	0	0	0	0	0	0	0	0	0	0	0	0	0	0	0	0	0	1511	0	0	0	0	0	0	0	0	0	0	0				1047299	441042	0	41792	31572	0	0	0	10220								
2634351	0	0	0	0	0	0	0	10427	65600	0	0	0	0	0	0	0	0	0	0	0	0	0	0	0	0	0																359170	87497	0	39148													
2641827								0	0																																	0	0	0	0													
2643595								9228	3176																																	0	0	0	0													
2649177								0	0																																	875051	1522	0	0													
2651899								0	0																																	0	0	0	0													
2652092	0	0	0	0	21638	0	0	29074	419216	0	0	21638	0	0	0	0	0	21638	0	0	0	0	0	0	0	0	37206	0	0	0	0	0	0	0	0	0	0	0				790239	78010	0	188131	188131	0	0	0	0								
2654911	0	0	0	0	0	0	0	0	0	0	0	0	0	0	0	0	0	0	0	0	0	0	0	0	0	0																0	0	0	0													
2661861	0	0	0	0	0	0	0	901	24055	0	0	0	0	0	0	0	0	0	0	0	0	0	0	0	0	0																24162	5726	0	0													
2666400								13088	9143																																	57724	51141	0	0													
2667920	0	0	0	0	0	0	0	0	0	0	0	0	0	0	0	0	0	0	0	0	0	0	0	0	0	0																0	0	0	0													
2667939								1195	18308																																	22980	33988	0	0													
2667957	0	0	0	0	0	0	115150	4723	18956	0	0	0	0	0	0	0	0	0	0	0	0	0	0	0	0	0																73424	34829	0	0													
2668598								6225	17469																																	21861	549	0	0													
2684552	0	0	0	0	0	0	4160	8360	6587	0	0	0	0	0	0	0	0	0	0	0	0	0	0	0	0	0																13682	4424	0	0													
2686211	0	0	0	0	0	0	0	113	19555	0	0	0	0	0	0	0	0	0	0	0	0	0	0	0	0	0																5247	1682	0	0													
2687133	0	0	0	0	0	0	0	461	19448	0	0	0	0	0	0	0	0	0	0	0	0	0	0	0	0	0																8043	725	0	0													
2687487								0	0																																	0	0	0	0													
2693264	0	0	0	0	0	0	0	21189	100836	0	0	0	0	0	0	0	0	0	0	0	0	0	0	0	0	0																411558	29967	0	92673													
2694681								1090	127769																																	38126	0	0	0													
2696180								23	45																																	5345	232	0	0													
2697963	0	0	0	0	0	0	0	0	27412	0	0	0	0	0	0	0	0	0	0	0	0	0	0	0	0	0																3274	0	0	0													
2700984																																																										
2702764								900	728																																	4335	3357	0	0													
2705112								2315	724																																	9032	2394	0	0													
2705895	0	0	0	0	0	0	0	0	248802	0	0	0	0	0	0	0	0	0	0	0	0	0	0	0	0	0																370862	0	0	0													
2708122								3451	15164																																	30596	18140	0	0													
2713920								0	0																																	0	0	0	0													
2716088								37046	59245																																	21714	5934	0	0													
2718596								726	780																																	24905	762	0	0													
2719810	0	0	0	0	0	0	0	0	0	0	0	0	0	0	0	0	0	0	0	0	0	0	0	0	0	0																0	0	0	0													
2723376								0	0																																	0	0	0	0													
2724766								173	0																																	1046	2155	0	0													
2726050								1227	520																																	3532	6015	0	0													
2729677								0	0																																	0	0	0	0													
2730431								15990	18019																																	11184	420	0	0													
2732565								2717	2843																																	33358	12059	0	0													
2733263								1523	3884																																	14411	1759	0	0													
2734729	0	0	0	0	0	0	0	0	271821	0	0	0	0	0	0	0	0	0	0	0	0	0	0	0	0	0																894334	44844	0	801													
2735137								20	8486																																	14419	1893	0	0													
2735146	0	0	0	0	0	15448589	0	0	343475	0	0	0	0	15448589	0	0	0	0	0	0	23330	1987409	7155	0	13430695	0	102806	2644	104170	0	0	0	0	0	0	0	104170	0				356602	629648	46797	9289643	3044268	3231333	2629888	184154	200000								
2736219								0	71454																																	92518	161	0	17738													
2736291	0	0	0	0	0	0	0	1031	663180	0	0	0	0	0	0	0	0	0	0	0	0	0	0	0	0	0	0	0	0	0	0	0	0	0	0	0	0	0				355428	686006	0	51714	51714	0	0	0	0								
2736451	0	0	0	0	0	0	0	23508	41666	0	0	0	0	0	0	0	0	0	0	0	0	0	0	0	0	0																18836	692	0	1500													
2736714								19944	111728																																	186694	55404	0	0													
2737980	0	0	0	0	0	0	0	3667	0	0	0	0	0	0	0	0	0	0	0	0	0	0	0	0	0	0																5000	0	0	4214553													
2743244	0	0	0	0	0	0	0	14921	123674	0	0	0	0	0	0	0	0	0	0	0	0	0	0	0	0	0																252300	49442	0	683													
2745426	0	0	0	0	0	0	40000	31719	48806	0	0	0	0	0	0	0	0	0	0	0	0	0	0	0	0	0																27053	1100	0	0													
2745529								0	0																																	0	0	0	0													
2746245								2161	634																																	3393	190	0	0													
2747279								523	2210																																	1515	2772	0	0													
2747466								1559	2293																																	3791	11451	0	0													
2747587								27072	5904																																	19595	880	0	0													
2748502								10413	61422																																	54537	7189	0	984													
2753917								0	4513																																	24066	16177	0	0													
2754222								0	4306																																	3744	7	0	0													
2756730								7269	9027																																	7794	45054	0	0													
2756909								0	9861																																	56084	528	0	0													
2757205	0	0	0	0	0	0	0	50877	98267	0	0	0	0	0	0	0	0	0	0	0	0	0	0	0	0	0																199571	15797	0	0													
2758613	0	0	0	0	0	0	0	16111	455815	0	0	0	0	0	0	0	0	0	0	0	0	0	0	0	0	0																80866	6054	0	0													
2759629								0	0																																	70098	0	0	0													
2764212	0	0	0	0	0	0	0	67060	124771	0	0	0	0	0	0	0	0	0	0	0	0	0	0	0	0	0																43199	8798	0	0													
2769570								2462	3283																																	8880	809	0	0													
2769954								8977	11042																																	8104	5704	0	0													
2771694								11569	37853																																	48804	5243	0	0													
2774707								0	0																																	0	0	0	0													
2775151								1512	9739																																	19492	5885	0	0													
2775179								6304	14808																																	34081	1275	0	0													
2775692								6799	10																																	4267	818	0	0													
2785477								0	3900																																	3453	18154	0	0													
2785646								33397	80604																																	65308	43384	0	0													
2787770	0	0	0	0	0	0	0	15718	38252	0	0	0	0	0	0	0	0	0	0	0	0	0	0	0	0	0																46802	9694	600	0													
2791085								6349	6336																																	11377	1993	0	0													
2793593	0	0	0	0	0	0	0	16962	7223	0	0	0	0	0	0	0	0	0	0	0	0	0	0	0	0	0																2060	17055	0	0													
2794732								97	25172																																	22963	41	0	0													
2796277	0	0	0	0	0	0	0	0	0	0	0	0	0	0	0	0	0	0	0	0	0	0	0	0	0	0																0	0	0	0													
2797162	0	0	0	0	0	0	69038	1043	4831	0	0	0	0	0	0	0	0	0	0	0	0	0	0	0	0	0																47031	39174	0	0													
2797210								0	0																																	0	0	0	0													
2797359								0	22177																																	5837	19044	0	0													
2797724	0	0	0	0	0	0	0	787643	1134453	0	0	0	0	0	0	0	0	0	0	0	0	0	0	0	0	0	774	5602	8710	0	0	0	0	0	0	345668	8710	345668				1347705	223912	250	102767	58857	41254	0	0	2655								
2805535								78	10081																																	24688	17267	0	0													
2805928	0	0	0	0	0	0	0	718	22998	0	0	0	0	0	0	0	0	0	0	0	0	0	0	0	0	0																5596	2557	100	0													
2806635								68606	26767																																	12047	3885	0	0													
2806840	0	0	0	0	0	0	0	3055	885	0	0	0	0	0	0	0	0	0	0	0	0	0	0	0	0	0																3693	13436	0	0													
2806877	0	0	0	0	0	0	0	243989	0	0	0	0	0	0	0	0	0	0	0	0	0	0	0	0	0	0																2771	4	0	0													
2807173								480	4997																																	12367	9141	0	0													
2808602	0	0	0	0	0	0	0	71594	51567	0	0	0	0	0	0	0	0	0	0	0	0	0	0	0	0	0																68863	61787	0	33700													
2809373								0	0																																	0	0	0	0													
2811086								0	763																																	2912	747	0	0													
2815879								8589	21981																																	4331	1255	0	1575						0	0						
2819167								10	34793																																	5066	1116	0	0													
2819242								11223	6757																																	26981	3945	0	0													
2820604								20791	21895																																	14017	2852	0	2773													
2823221								2289	8460																																	7223	14170	0	0													
2826017	0	0	0	0	0	0	0	0	0	0	0	0	0	0	0	0	0	0	0	0	0	0	0	0	0	0																0	0	0	0													
2833882								0	19218																																	12652	3112	0	0													
2835103								18145	22766																																	15228	13582	0	0													
2836306								726	8740																																	43417	90	0	0													
2838207								4105	8864																																	12778	4259	0	8359													
2839790								7881	51175																																	22224	6295	0	0													
2845782								0	0																																	0	0	0	0													
2847085								1015	0																																	2272	187	0	0													
2847142								13711	118846																																	327335	8266	0	0													
2849285								5046	11475																																	62482	2524	0	0													
2849463								41275	34848																																	28103	3086	0	0													
2849801	0	0	0	0	0	0	224030	28814	169805	0	0	0	0	0	0	0	0	0	0	0	0	0	0	0	0	0																256192	49578	0	0													
2850722	0	0	0	0	0	0	0	0	27228	0	0	0	0	0	0	0	0	0	0	0	0	0	0	0	0	0	0	0	0	0	0	0	0	0	0	0	0	0				0	0	0	0	0	0	0	0	0								
2855866								2379	22076																																	31451	27715	0	1398													
2857600								4209	4814																																	64210	299	0	0													
2858492								3075	11776																																	7849	12264	0	0													
2858960	0	0	0	0	0	0	0	0	147799	0	0	0	0	0	0	0	0	0	0	0	0	0	0	0	0	0																69532	1648110	0	0													
2860039								250	9615																																	3971	754	0	0													
2860271								0	16833																																	39726	2205	0	0													
2861317								9024	261																																	6583	28621	0	0													
2867337	0	0	0	0	0	0	762500	2919	153895	0	0	0	0	0	0	0	0	0	0	0	0	0	0	0	0	0																197511	31812	0	0													
2869162								9033	23371																																	173606	3103	0	0													
2871099								7301	11542																																	7107	5688	0	0													
2871558								0	16256																																	12266	0	0	0													
2873598								1450	7845																																	25242	22723	0	0													
2877345	0	0	0	0	0	0	0	3786	25351	0	0	0	0	0	0	0	0	0	0	0	0	0	0	0	0	0																45430	0	4619	2002													
2877484	0	0	0	0	0	0	0	137	29	0	0	0	0	0	0	0	0	0	0	0	0	0	0	0	0	0																673	82	0	0													
2877831								868	6457																																	3664	1963	0	0													
2877840								0	5843																																	14428	87	0	0						CR CARD RECOURSE SEC			CR CARD RECOURSE SEC				
2880019								15048	13505																																	0	874	709	0													
2881445								0	0																																	0	0	0	0													
2882983								1541	4018																																	17051	7079	0	0													
2889227								2400	119																																	2702	3440	187	0													
2891622	0	0	0	0	0	0	0	30103	28758	0	0	0	0	0	0	0	0	0	0	0	0	0	0	0	0	0																60465	3463	5000	12457													
2897633								2437	7396																																	5400	8341	0	0													
2901558	0	0	0	0	0	0	0	0	218	0	0	0	0	0	0	0	0	0	0	0	0	0	0	0	0	0																214	14	0	0													
2903123	0	0	0	0	0	0	0	7995	5674	0	0	0	0	0	0	0	0	0	0	0	0	0	0	0	0	0																18564	1151	0	0													
2905761								684	389																																	1167	93	0	0													
2907019								2348	5592																																	7527	2171	0	0													
2907439	0	0	0	0	0	0	0	0	14884	0	0	0	0	0	0	0	0	0	0	0	0	0	0	0	0	0																77	164	0	0													
2912750								0	0																																	0	0	0	0													
2913702	0	0	0	0	0	0	19500	6125	21425	0	0	0	0	0	0	0	0	0	0	0	0	0	0	0	0	0																42609	2135	0	0													
2914268								0	0																																	0	0	0	0													
2914727								239	5799																																	3615	14474	0	0													
2915461								37979	40839																																	51710	11394	0	0													
2916534								0	615																																	267	5969	0	0													
2916963	0	0	0	0	0	0	0	0	0	0	0	0	0	0	0	0	0	0	0	0	0	0	0	0	0	0																0	0	0	0													
2917184								584	1249																																	4072	10250	0	0													
2917317	0	0	0	0	0	0	0	501690	705721	0	0	0	0	0	0	0	0	0	0	0	0	0	0	0	0	0	0	0	0	0	0	0	0	0	0	0	0	0				549620	293759	0	3592252	1067196	482192	967440	422919	652505								
2919898	0	0	0	0	0	0	0	25089	52686	0	0	0	0	0	0	0	0	0	0	0	0	0	0	0	0	0																23630	234	0	0													
2920287								3526	3726																																	979	1412	0	0													
2920773								14001	14081																																	24315	244	0	0													
2921622								1853	744																																	295	2015	0	0													
2921659								0	0																																	0	0	0	0													
2925620								0	11468																																	7713	8172	0	2753													
2925666	0	0	0	0	0	0	0	429739	3789721	0	0	0	75914	0	0	0	0	0	0	0	0	0	0	0	101	75813	130617	37726	115240	0	0	0	0	0	0	0	115240	0				5567329	957199	0	1376301	312794	241995	605432	155607	60473								
2929392								1467	12618																																	215409	5635	0	0													
2938198	0	0	0	0	0	0	0	10263	140490	0	0	0	0	0	0	0	0	0	0	0	0	0	0	0	0	0																444334	12335	0	336997													
2938787	0	0	0	0	0	0	0	0	0	0	0	0	0	0	0	0	0	0	0	0	0	0	0	0	0	0																0	0	0	0													
2939001								860	2554																																	8263	237	0	0													
2939391								8480	11493																																	11039	2050	0	0													
2941068	0	0	0	0	0	0	0	65170	154477	0	0	0	0	0	0	0	0	0	0	0	0	0	0	0	0	0																1011482	340025	0	2500													
2943615								40915	44254																																	9447	14075	0	0													
2947556								0	0																																	8721	2634	0	0													
2948058								37341	36403																																	59939	12274	0	747													
2948423								1896	1131																																	5266	28076	0	0													
2949970								3322	390																																	58	0	0	0													
2953418	0	0	0	0	0	0	0	0	63578	0	0	0	0	0	0	0	0	0	0	0	0	0	0	0	0	0																12109	240	0	0													
2954059	0	0	0	0	0	0	315000	2508	29207	0	0	0	0	0	0	0	0	0	0	0	0	0	0	0	0	0																90035	6629	0	0													
2954497								3471	10985																																	6277	162	0	0													
2958972								6352	101370																																	134025	24384	0	0													
2960555								0	0																																	29689	0	0	0													
2960788								0	0																																	0	0	0	0													
2963266	0	0	0	0	0	0	0	104916	137836	0	0	0	0	0	0	0	0	0	0	0	0	0	0	0	0	0																83765	0	0	60618													
2963275								197	858																																	1252	4482	0	0													
2963864								8737	11336																																	3272	1662	0	0													
2970657	0	0	0	0	0	0	59931	2034	35521	0	0	0	0	0	0	0	0	0	0	0	0	0	0	0	0	0																222636	26410	0	45736													
2973041								0	0																																	0	0	0	0													
2973386								0	0																																	0	0	0	0													
2980209	0	0	0	0	0	0	0	0	3000	0	0	0	0	0	0	0	0	0	0	0	0	0	0	0	0	0	3000	0	0	0	0	0	0	0	0	0	0	0	0	153854000	1256000	9000	0	0	0	0	0	0	0	0								
2986407	0	0	0	0	0	0	0	11163	93240	0	0	0	0	0	0	0	0	0	0	0	0	0	0	0	0	0																245750	28713	0	0													
2989006								908	20269																																	17830	2267	0	0													
2992547								0	0																																	0	0	0	0													
2997216								3921	7248																																	27790	4934	0	0													
2997748								2183	0																																	16626	1132	0	0													
2998576								0	319586																																	341897	0	0	0													
3005097								2859	1375																																	589	3011	0	0													
3010363								47	13125																																	4327	1095	0	0													
3015939								1670	19184																																	10100	111911	0	0													
3016347	0	0	0	0	0	0	0	52769	123738	0	0	0	0	0	0	0	0	0	0	0	0	0	0	0	0	0																116933	260	0	29813													
3017081								0	0																																	0	0	0	0													
3019982								18722	0																																	151796	0	0	0													
3020447								10152	2493																																	11332	21890	0	0													
3022610								7197	2816																																	10672	548	0	0													
3025929								564	2980																																	15800	321	0	0													
3027763								0	482																																	2369	22	0	0						0	0	0	0	0	0		
3029253								0	0																																	0	0	0	0													
3029589	0	0	0	0	0	0	0	6912	167324	0	0	0	0	0	0	0	0	0	0	0	0	0	0	0	0	0																231589	24518	0	8540													
3032833								55	169																																	130	40	0	0													
3034257	0	0	0	0	0	0	45000	25463	13225	0	0	0	0	0	0	0	0	0	0	0	0	0	0	0	0	0																15043	5806	0	0													
3039636								0	13999																																	70663	102	0	0													
3040418	0	0	0	0	0	0	0	0	11740	0	0	0	0	0	0	0	0	0	0	0	0	0	0	0	0	0																0	0	0	0													
3041358								1585	0																																	5308	4240	0	0													
3045383								0	0																																	0	0	0	0													
3047659								15492	166140																																	181626	8197	0	0													
3048487								13580	19554																																	58436	8924	0	0													
3049635								3544	16472																																	4816	7931	0	0													
3052813	0	0	0	0	0	0	82548	0	6543	0	0	0	0	0	0	0	0	0	0	0	0	0	0	0	0	0																53325	1953	0	0													
3066025																																																										
3067929								6233	11666																																	4767	4615	0	0													
3068579	0	0	0	0	0	0	0	5779	28962	0	0	0	0	0	0	0	0	0	0	0	0	0	0	0	0	0																41566	6594	0	0													
3070545								1412	0																																	22228	1443	480	0													
3076220	0	0	0	0	0	0	0	0	0	0	0	0	0	0	0	0	0	0	0	0	0	0	0	0	0	0	0	0	1060	0	0	0	0	0	0	0	1060	0				2909424	3118592	0	48232	0	0	0	0	48232								
3076248	0	0	0	0	0	0	0	0	427346	0	0	0	0	0	0	0	0	0	0	0	0	0	0	0	0	0	2285	0	2350	0	0	0	0	0	0	0	2350	0				1763219	6219126	0	598103	0	232253	0	0	365850								
3076453								856	163388																																	583734	21324	0	0													
3076604	0	0	0	0	0	0	64200	286	126737	0	0	0	0	0	0	0	0	0	0	0	0	0	0	0	0	0																322983	67589	1250	0													
3089752								0	0																																	0	0	0	0													
3090833								0	8012																																	15222	144	0	0													
3103591	0	0	0	0	0	0	0	0	494	0	0	0	0	0	0	0	0	0	0	0	0	0	0	0	0	0																3797	5866	0	0													
3109043	0	0	0	0	0	0	0	0	114613	0	0	0	0	0	0	0	0	0	0	0	0	0	0	0	0	0																230285	44210	0	0													
3109146	0	0	0	0	0	13779	460200	20109	74050	0	0	0	13779	0	0	0	0	0	0	0	0	0	0	0	0	13779																26890	2316106	0	0													
3110197								37942	267925																																	65575	13370	0	0													
3116519								20628	7457																																	271	0	0	0													
3120646								11639	19510																																	10392	3017	0	0													
3120897	0	0	0	0	0	0	4100	5697	9847	0	0	0	0	0	0	0	0	0	0	0	0	0	0	0	0	0																10976	2835	0	0													
3122994								24493	22819																																	35784	35827	0	0													
3125315								2412	1005																																	548	205	0	0													
3125557								9279	7248																																	5672	6112	0	0													
3128923								3132	14646																																	1611	970	0	0													
3134399								50	7795																																	8797	571	0	0													
3134698								2752	7947																																	5566	3081	0	0													
3138146	0	0	0	0	216083	23314	0	1031058	2292581	0	0	216083	23314	0	0	0	0	1448	214635	0	0	0	0	0	23314	0	131506	38638	2343	0	0	0	3038	0	0	0	5381	0				4526849	140298	0	5442841	1842797	2994046	605998	0	0								
3139321								561	1378																																	5953	73	0	0													
3140822								4145	10546																																	28897	11391	0	0													
3141726	0	0	0	0	0	0	90500	18274	9203	0	0	0	0	0	0	0	0	0	0	0	0	0	0	0	0	0																63158	41969	0	0													
3146150								12887	36484																																	40107	19626	0	0													
3148613								2411	5723																																	4246	51	0	0													
3150205								17837	8812																																	59974	15162	0	0													
3150447																																																										
3153233								1638	2462																																	9202	1566	0	0													
3153297								58428	42481																																	11904	9618	0	0													
3158546								0	58414																																	382139	64636	0	0													
3160978								27200	14283																																	12279	590	0	0													
3165357								16695	54473																																	50105	1460	0	0													
3166699								25805	10450																																	29393	171643	0	2844													
3174920								6644	23079																																	28300	12862	0	10													
3180136	0	0	0	0	0	0	0	0	0	0	0	0	0	0	0	0	0	0	0	0	0	0	0	0	0	0																0	0	0	0													
3184228								18740	50026																																	64952	7146	0	0													
3185579								525	2137																																	13268	80	0	0													
3185896								5108	9189																																	129857	0	0	0													
3187630	0	0	0	0	0	0	0	891	201156	0	0	0	0	0	0	0	0	0	0	0	0	0	0	0	0	0																385682	425767	0	0													
3189063								19236	50991																																	178715	9468	0	0													
3194692	0	0	0	0	0	0	15000	19468	11416	0	0	0	0	0	0	0	0	0	0	0	0	0	0	0	0	0																37332	6686	0	0													
3199811								10972	13397																																	4853	13196	2000	0													
3202702	0	0	0	0	0	0	0	0	204000	0	0	0	0	0	0	0	0	0	0	0	0	0	0	0	0	0	0	0	0	0	0	0	0	0	0	0	0	0				0	0	0	75000	0	75000	0	0	0								
3212149																																																										
3212402	0	0	0	0	0	0	0	0	36218	0	0	0	0	0	0	0	0	0	0	0	0	0	0	0	0	0																147983	1357	0	193434													
3213333								390	4852																																	1957	9990	0	0													
3214059	0	0	0	0	0	0	0	69491	41947	0	0	0	0	0	0	0	0	0	0	0	0	0	0	0	0	0																527935	608	0	4675													
3216017	0	0	0	0	0	0	80933	2095	32435	0	0	0	0	0	0	0	0	0	0	0	0	0	0	0	0	0																193334	7376	0	93361													
3216316								6950	11348																																	1349	0	0	0													
3217331								7407	3396																																	2185	18368	0	0													
3217957								11880	61844																																	66640	2840	0	0													
3219269	0	0	0	0	0	0	0	0	0	0	0	0	0	0	0	0	0	0	0	0	0	0	0	0	0	0																0	0	0	0													
3220863								0	0																																	10531	0	0	0													
3221468	0	0	0	0	58113	66416	998465	476819	1329533	0	0	58113	66416	0	0	58113	0	0	0	0	0	46416	20000	0	0	0	0	9197	0	0	0	0	0	0	0	0	0	0				965662	2562	0	1770675	1588021	103014	0	66795	12845								
3223305								98	19918																																	112004	624	0	0													
3223408								2397	9450																																	2379	0	0	0													
3223417	0	0	0	0	0	0	0	1296	9030	0	0	0	0	0	0	0	0	0	0	0	0	0	0	0	0	0																10650	6352	0	0													
3224302								4864	10997																																	5791	6032	0	0													
3224375								10688	18812																																	38194	422	0	0													
3224478	0	0	0	0	0	0	0	5370	4093	0	0	0	0	0	0	0	0	0	0	0	0	0	0	0	0	0																609	1633	0	0													
3224580	0	0	0	0	0	0	0	0	0	0	0	0	0	0	0	0	0	0	0	0	0	0	0	0	0	0	0	0	0	0	0	0	0	0	0	0	0	0				0	58013	0	0	0	0	0	0	0								
3228908								0	0																																	0	3763	0	0													
3229875	0	0	0	0	0	0	0	0	0	0	0	0	0	0	0	0	0	0	0	0	0	0	0	0	0	0																0	0	0	0													
3232204	0	0	0	0	0	0	776527	0	595373	0	0	0	0	0	0	0	0	0	0	0	0	0	0	0	0	0																50528	51	0	0													
3232370								5395	8143																																	3267	3231	0	0													
3235410	0	0	0	0	0	0	0	57101	133448	0	0	0	0	0	0	0	0	0	0	0	0	0	0	0	0	0																225921	112700	0	0													
3243282								4307	39415																																	156887	3538	0	0													
3247589								1363	5625																																	37728	1546	0	0													
3248849	0	0	0	0	0	0	0	60094	116591	0	0	0	0	0	0	0	0	0	0	0	0	0	0	0	0	0																35627	2061	0	11199													
3253834	0	0	0	0	0	0	0	1390	2784	0	0	0	0	0	0	0	0	0	0	0	0	0	0	0	0	0																4646	2729	0	0													
3254297								776	3104																																	1619	380	0	0													
3262788								5186	10626																																	6557	788	0	0													
3267738								14354	15452																																	55561	20804	0	0													
3268173	0	0	0	0	0	0	0	0	0	0	0	0	0	0	0	0	0	0	0	0	0	0	0	0	0	0																0	0	0	0													
3268249								0	0																																	0	0	0	0													
3270046	0	0	0	0	0	0	0	2393	10051	0	0	0	0	0	0	0	0	0	0	0	0	0	0	0	0	0																16224	4082	0	0													
3271799								105121	120262																																	243576	39341	0	0													
3271986								20686	13920																																	50872	6390	0	0													
3272956								3652	9026																																	2524	0	0	0													
3274709	0	0	0	0	0	0	0	97959	181196	0	0	0	0	0	0	0	0	0	0	0	0	0	0	0	0	0																156671	30699	0	0													
3277241								0	3268																																	7168	0	0	0													
3280625								15526	41521																																	186452	7624	0	0													
3281510								649	28451																																	35017	0	0	5000													
3282012								350	2931																																	5588	1956	0	0													
3284070																																																										
3284397	0	0	0	0	0	0	0	0	672326	0	0	0	0	0	0	0	0	0	0	0	0	0	0	0	0	0	555352	0	537608	0	0	0	0	0	0	0	537608	0				83495	0	0	1680	0	0	0	0	1680								
3284445								0	43592																																	14482	280	0	0													
3284490	0	0	0	0	0	0	0	10258	159635	0	0	0	0	0	0	0	0	0	0	0	0	0	0	0	0	0																69218	1546	12867	0													
3285246	0	0	0	0	0	0	0	992	0	0	0	0	0	0	0	0	0	0	0	0	0	0	0	0	0	0																2239	8184	0	0													
3285778								10691	2503																																	5550	184	0	0													
3286999								560	2997																																	1391	9800	0	0													
3287660	0	0	0	0	0	0	0	0	22936	0	0	0	0	0	0	0	0	0	0	0	0	0	0	0	0	0																96	3213	0	0													
3288452								45439	49685																																	32688	20575	0	0													
3290240	0	0	0	0	0	0	0	13784	29531	0	0	0	0	0	0	0	0	0	0	0	0	0	0	0	0	0																45670	30083	0	0													
3293540								0	11075																																	41716	14522	0	0													
3296859								1408	34637																																	387	253	0	0													
3297490								18955	50877																																	12598	3828	0	0													
3303298																																																										
3303944								4933	7675																																	30743	140	0	328													
3306280								50133	70775																																	51272	15162	0	0													
3306598								4067	1646																																	2601	9137	750	0													
3308529	0	0	0	0	0	0	0	528	8025	0	0	0	0	0	0	0	0	0	0	0	0	0	0	0	0	0																2827	9	0	0													
3308574								84	0																																	590	989	0	0													
3309393								3434	10006																																	4845	985	0	0													
3309571	0	0	0	0	0	0	0	0	0	0	0	0	0	0	0	0	0	0	0	0	0	0	0	0	0	0																36209	98247	0	0													
3310287								0	0																																	0	0	0	0													
3314043								43	22451																																	52145	10481	0	1855													
3314119								0	5197																																	9499	131	0	0													
3316739								2247	2152																																	3662	1719	0	0													
3317192								545	11076																																	14986	2580	0	0													
3317932	0	0	0	0	0	0	1013250	0	307666	0	0	0	0	0	0	0	0	0	0	0	0	0	0	0	0	0																1032824	6219	0	0													
3320781								582	31476																																	59957	12122	0	0													
3322468								2365	0																																	11546	4698	0	0													
3325759	0	0	0	0	0	0	0	60320	55178	0	0	0	0	0	0	0	0	0	0	0	0	0	0	0	0	0																155945	52572	0	208718													
3337097								0	32514																																	30235	4203	0	0													
3340725								0	0																																	345	14034	0	0													
3340903								2369	9582																																	1399	84	0	0						0							
3341393								4496	5726																																	13101	5549	0	0													
3342671								5214	9388																																	8288	1516	0	0													
3344321	0	0	0	0	0	0	0	172809	174593	0	0	0	0	0	0	0	0	0	0	0	0	0	0	0	0	0																247208	22967	7778	11000													
3346633								2344	4047																																	14825	420	0	0													
3347603								10896	11210																																	19897	10148	0	0													
3347911								0	0																																	0	48263	0	0													
3348468								15392	46734																																	15591	357	0	0													
3348888	0	0	0	0	0	0	0	214872	1012942	0	0	0	0	0	0	0	0	0	0	0	0	0	0	0	0	0	3	0	0	0	0	0	0	0	0	0	0	0				1856518	161298	0	291114	41043	649	51192	14423	183806								
3349241								36921	19068																																	35289	294	0	0													
3350658								5742	9731																																	12912	3223	0	1350													
3350724	0	0	0	0	0	0	119196	76227	68404	0	0	0	0	0	0	0	0	0	0	0	0	0	0	0	0	0																90041	25914	0	0													
3353154	0	0	0	0	0	0	0	0	0	0	0	0	0	0	0	0	0	0	0	0	0	0	0	0	0	0																0	0	0	0													
3354599								2419	79636																																	70582	6585	0	0													
3356191								54224	80664																																	224608	65471	500	0													
3357077								3149	735																																	4993	515	0	0													
3357219								0	35774																																	269142	3580	0	0													
3357385	0	0	0	0	0	0	24662	0	4110	0	0	0	0	0	0	0	0	0	0	0	0	0	0	0	0	0																61248	16445	0	0									One way sell overnight deposit				
3357620	0	0	0	0	0	0	0	0	0	0	0	0	0	0	0	0	0	0	0	0	0	0	0	0	0	0																0	0	0	0													
3358270	0	0	0	0	0	0	0	246	16986	0	0	0	0	0	0	0	0	0	0	0	0	0	0	0	0	0																15374	291	0	0													
3368635	0	0	0	0	0	0	0	0	0	0	0	0	0	0	0	0	0	0	0	0	0	0	0	0	0	0																3399	10876	0	0													
3368925								794	11649																																	1092	13	0	0													
3370133								18197	28926																																	60341	8531	0	0													
3370357	0	0	0	0	0	0	0	0	161	0	0	0	0	0	0	0	0	0	0	0	0	0	0	0	0	0																5111	135	0	0													
3374234								8169	3433																																	10830	3932	0	0													
3374382								15825	39625																																	84035	42560	0	0													
3374403								3820	27552																																	30791	83	0	0													
3374412								63863	101332																																	90368	0	0	0													
3377235								1851	804																																	7073	0	0	0													
3378773	0	0	0	0	9944	0	0	31673	279543	0	0	9944	0	0	0	0	0	0	9944	0	0	0	0	0	0	0																285402	20089	0	5650													
3383665	0	0	0	0	0	0	10150	2658	10728	0	0	0	0	0	0	0	0	0	0	0	0	0	0	0	0	0																6149	2501	0	0													
3384952								16372	36227																																	31356	150522	0	0													
3385744								11745	14642																																	14540	3346	0	0													
3386264								2520	54265																																	26538	0	0	0													
3386536	0	0	0	0	0	0	98261	20685	26288	0	0	0	0	0	0	0	0	0	0	0	0	0	0	0	0	0																61733	4308	0	0													
3387140								6403	5174																																	5615	4210	0	0													
3388482								14126	38055																																	109778	6506	0	0													
3390337								0	0																																	5524	0	0	0													
3390627								4799	21121																																	10257	105	0	0													
3391718								156	20555																																	62870	0	17	5518													
3393851								4133	3486																																	5471	1473	0	0													
3394278	0	0	0	0	0	0	0	0	28087	0	0	0	0	0	0	0	0	0	0	0	0	0	0	0	0	0	0	0	0	0	0	0	0	0	0	0	0	0				0	2673369	0	0	0	0	0	0	0								
3394380								0	7608																																	20	0	0	0													
3397233								4325	59773																																	12113	0	0	2923													
3398623								0	41030																																	141413	17964	0	0													
3401970	0	0	0	0	30723	0	0	24610	153567	0	0	30723	0	0	0	0	0	0	13171	17552	0	0	0	0	0	0																272514	27118	0	47208													
3402913																																																										
3404207	0	0	0	0	0	0	0	6243	75700	0	0	0	0	0	0	0	0	0	0	0	0	0	0	0	0	0																267608	10557	0	54146													
3404373								28387	131406																																	15621	13750	0	0													
3404467								0	30688																																	164073	275	0	0													
3404506								37837	124059																																	18349	3142	0	0													
3404999								19902	45690																																	34620	2869	0	0													
3407084								0	12731																																	2296	443	0	0													
3408728	0	0	0	0	0	980	260929	73289	409877	0	0	0	0	980	0	0	0	0	0	0	0	0	0	0	980	0																732641	134234	76750	91666													
3410141								4056	14258																																	4101	696	0	0													
3411773								0	0																																	6450	40628	0	0													
3412417								9197	39318																																	48894	2113	0	0													
3419416	0	0	0	0	0	0	0	69042	62988	0	0	0	0	0	0	0	0	0	0	0	0	0	0	0	0	0																157284	258	0	0													
3428258								4881	19782																																	1360	135907	0	0													
3429219								7193	25176																																	7474	24576	0	0													
3435948								0	107																																	15628	490	0	0													
3437148								15057	58069																																	22516	1393	0	5000													
3437157	0	0	0	0	0	0	175200	81572	61042	0	0	0	0	0	0	0	0	0	0	0	0	0	0	0	0	0																152213	24658	0	0													
3437456	0	0	0	0	0	0	0	0	87431	0	0	0	0	0	0	0	0	0	0	0	0	0	0	0	0	0																20422	0	0	0													
3437483								575	75347																																	392394	58512	0	0													
3438958								1867	11982																																	15650	939	0	0													
3440803								2293	9271																																	46171	3626	0	0													
3445901								17930	8880																																	5671	470	0	0													
3446225								5240	22250																																	7334	790	0	0													
3446784								7594	11468																																	25791	2323	0	0													
3447576								76623	139587																																	178679	0	0	418													
3447820								0	0																																	82064	10	0	0													
3448162								2765	6087																																	4575	903	0	0													
3448425								196	5208																																	3705	0	0	250													
3449066	0	0	0	0	0	0	0	12560	48938	0	0	0	0	0	0	0	0	0	0	0	0	0	0	0	0	0																238778	70514	0	0													
3451050								2538	5008																																	25802	5731	0	0													
3455227								0	13288																																	64661	10920	0	0													
3459207								37379	6165																																	42741	1579	0	0													
3459216								4566	6558																																	9537	32	0	0													
3463875								10868	3601																																	11704	1257	0	0													
3465392	0	0	0	0	0	0	0	29574	74490	0	0	0	0	0	0	0	0	0	0	0	0	0	0	0	0	0																287744	56033	0	49170													
3466988								6350	21028																																	26751	249	0	0													
3468450								10215	23463																																	1734	0	0	0													
3470097								0	1308																																	8861	1220	0	0													
3470154								0	27285																																	33561	0	0	48204													
3470239	0	0	0	0	0	0	0	0	0	0	0	0	0	0	0	0	0	0	0	0	0	0	0	0	0	0	0	0	0	0	0	0	0	0	0	0	0	0				549745	2584030	0	0	0	0	0	0	0								
3470930								599	13222																																	22457	3563	0	0													
3472046								4087	62092																																	20788	4830	0	0													
3472859								380	1877																																	14556	0	0	0													
3475083	0	0	0	0	172890	160999	0	3967	163625	0	0	172890	0	160999	0	0	0	26476	137147	9267	0	0	0	28137	89354	43508	7137	46853	0	0	0	0	0	0	0	0	0	0				478578	17180768	0	1797713	183859	338803	712425	71765	490861								
3476192	0	0	0	0	0	0	0	45191	589446	0	0	0	0	0	0	0	0	0	0	0	0	0	0	0	0	0																67675	20588	0	0													
3479018								14796	0																																	8123	89	0	0													
3480069								0	2705																																	1306	0	0	0													
3482045								7738	9979																																	2283	0	0	0													
3482111								4379	18392																																	29038	2062	0	0													
3485215								0	284																																	13083	17	0	0													
3487433								12601	8506																																	4563	4738	0	0													
3487947								0	0																																	140	0	0	0													
3488579								11133	7863																																	26674	28314	0	315													
3489071								5942	16292																																	6158	87	0	0													
3517590								96536	1987																																	15206	4872	0	0													
3529315								0	0																																	0	0	0	0													
3531176								12135	5985																																	10195	3342	0	0													
3532641	0	0	0	0	9135	11465	0	125994	299859	0	0	9135	0	11465	0	0	0	0	0	9135	0	0	0	0	11465	0																340779	52344	0	0													
3537897								5032	7967																																	75984	5178	0	0													
3538009								1748	16394																																	133838	2141	0	0													
3545258	0	0	0	0	0	0	8000	538	56491	0	0	0	0	0	0	0	0	0	0	0	0	0	0	0	0	0																288346	3042	0	0													
3546862								0	55597																																	7815	0	0	0													
3547131								75661	67697																																	291663	208733	0	0													
3547896	0	0	0	0	0	0	15300	9917	12908	0	0	0	0	0	0	0	0	0	0	0	0	0	0	0	0	0																19916	21715	0	0													
3548567								6361	171370																																	213288	43078	0	0													
3548763								7408	4193																																	8769	0	0	0													
3555248	0	0	0	0	0	0	0	4976	4065	0	0	0	0	0	0	0	0	0	0	0	0	0	0	0	0	0																275	0	0	0													
3561771								0	4780																																	1655	767	0	0													
3567269								20764	16469																																	6150	9696	0	0													
3579589	0	0	0	0	0	19283	1073130	87479	901816	0	0	0	0	19283	0	0	0	0	0	0	0	0	0	0	11455	7828	3789	80	0	0	0	0	0	0	0	0	0	0				840342	81592	0	154426	154426	0	0	0	0								
3588312								23489	47624																																	205872	0	0	0													
3588424								17117	61266																																	365305	7224	0	1266													
3591004								12600	13364																																	17122	130	0	0													
3592047	0	0	0	0	0	0	0	11380	12078	0	0	0	0	0	0	0	0	0	0	0	0	0	0	0	0	0																4288	1452	0	0													
3593307								10108	8868																																	2923	2229	0	0													
3594087	0	0	0	0	0	0	0	985	10666	0	0	0	0	0	0	0	0	0	0	0	0	0	0	0	0	0																13648	14386	0	350													
3595271	0	0	0	0	0	0	0	19882	63046	0	0	0	0	0	0	0	0	0	0	0	0	0	0	0	0	0																36941	0	0	29244													
3596250								6972	134																																	23977	6946	0	0													
3597211	0	0	0	0	0	0	0	1462	394	0	0	0	0	0	0	0	0	0	0	0	0	0	0	0	0	0																6005	2774	0	0													
3599804								0	4272																																	464	789	0	0													
3603961								3905	13074																																	37480	6636	0	0													
3608751								0	44391																																	114238	0	0	0													
3610718								57060	66414																																	184371	2760	0	0													
3614837	0	0	0	0	0	0	0	0	50870	0	0	0	0	0	0	0	0	0	0	0	0	0	0	0	0	0																89184	230	0	0													
3614846								1168	7896																																	3239	2429	0	0													
3614976								13783	145555																																	128372	5686	0	34281													
3617856	0	0	0	0	0	0	0	0	5683	0	0	0	0	0	0	0	0	0	0	0	0	0	0	0	0	0																4740	24324	0	0													
3619216								9968	20757																																	91819	806	0	0													
3623110								31444	150727																																	4356	0	0	0													
3623969								5623	2452																																	3376	517	0	0													
3626184								0	43																																	376	324	0	0													
3626858								1395	29644																																	84279	7376	0	0													
3629484								17368	59702																																	18904	11723	0	0													
3630323								254709	507880																																	363297	16927	0	5003													
3633016								4288	3149																																	12368	2472	0	0													
3633173	0	0	0	0	0	0	0	0	24848	0	0	0	0	0	0	0	0	0	0	0	0	0	0	0	0	0																74132	25190	0	23086													
3635029								0	3657																																	500	2000	0	0													
3635551								15776	8481																																	1236	4954	0	0													
3636428								8830	10825																																	28656	13221	0	0													
3636446								0	34991																																	60096	62	0	0													
3636914								26632	30970																																	26175	624	0	0													
3637247								62527	78830																																	51205	30166	0	0													
3637685	0	0	0	0	0	0	126408	4248	44526	0	0	0	0	0	0	0	0	0	0	0	0	0	0	0	0	0	0	0	26860	0	0	0	0	0	0	0	26860	0				315050	18619	0	581550	0	0	0	0	581550								
3645840								0	329																																	0	0	0	0													
3650808	0	0	0	0	0	0	0	5653	1034551	0	0	0	0	0	0	0	0	0	0	0	0	0	0	0	0	0	0	6552	0	0	0	0	0	0	0	0	0	0				911446	9055	0	290699	0	0	0	0	290699								
3655933								0	25182																																	29565	300	0	0													
3664588	0	0	0	0	0	0	0	470	5489	0	0	0	0	0	0	0	0	0	0	0	0	0	0	0	0	0																31377	32355	0	0													
3667132								542	16452																																	28369	22	0	0													
3671997								7398	21582																																	4325	0	0	0													
3678857	0	0	0	0	0	0	0	6215	66512	0	0	0	0	0	0	0	0	0	0	0	0	0	0	0	0	0																198372	0	0	1876													
3688043								1454	48881																																	308235	33798	8000	0													
3688548								8294	12475																																	13002	0	0	0													
3690121								24486	34033																																	17867	8386	0	5071													
3690635								3931	51617																																	2706	0	0	0													
3690701	0	0	0	0	0	0	0	16287	12048	0	0	0	0	0	0	0	0	0	0	0	0	0	0	0	0	0																54665	0	0	6448													
3719648								1766	25973																																	82195	173	0	0													
3720336								0	0																																	7606	2311	0	0													
3720608								3396	59671																																	355365	57756	0	0													
3721605								4219	16660																																	41543	925	0	0													
3729124								8535	61318																																	8616	24485	0	0													
3783313																																																										
3783948	0	0	0	0	0	0	0	0	0	0	0	0	0	0	0	0	0	0	0	0	0	0	0	0	0	0																0	100763	0	0													
3786435								3204	39853																																	13234	697	0	0													
3793714								0	12365																																	82954	48571	0	0													
3804535	0	0	0	0	0	0	80018	5204	116890	0	0	0	0	0	0	0	0	0	0	0	0	0	0	0	0	0																71775	21437	0	0													
3807880								24059	141672																																	300693	11826	0	0													
3812147								1088	16477																																	50274	5540	0	0													
3816154								0	3274																																	7593	1766	0	0													
3816163								7653	808																																	7471	2166	0	0													
3816190								4606	9270																																	15563	814	0	0													
3821037	0	0	0	0	0	0	0	8534	28666	0	0	0	0	0	0	0	0	0	0	0	0	0	0	0	0	0																90589	2626	0	0													
3821626								9591	27559																																	9501	0	0	0													
3821822								18989	50446																																	26974	6748	0	0													
3832127								0	1350																																	3122	0	0	0													
3835454	0	0	0	0	0	0	0	32019	45929	0	0	0	0	0	0	0	0	0	0	0	0	0	0	0	0	0																28426	0	0	3759													
3843392								0	3768																																	7957	0	0	0													
3851427	0	0	0	0	15275	0	0	81957	114708	0	0	15275	0	0	0	0	0	0	0	15275	0	0	0	0	0	0																71909	15134	0	0													
3938186	0	0	0	0	0	0	0	0	888519	455990	211363	0	0	0	50328	363430	42232	0	0	0	67488	51165	92710	0	0	0	13299	54071	0	0	0	0	0	0	0	0	0	0				2556960	1737551	0	1704842	660706	22790	0	2569	1018777								
3939240								0	0																																	0	0	0	0													
3943210								3815	2421																																	4242	220	0	0													
3952904								0	0																																	0	0	0	0													
4032791								0	0																																	0	0	0	0													
4125778								0	0																																	0	0	0	0													
4146830								0	0																																	0	0	0	0													
4149037								0	0																																	0	0	0	0													
4165907								746	5570																																	8475	2302	0	0													
4210227	0	0	0	0	0	0	0	167367	267783	0	0	0	0	0	0	0	0	0	0	0	0	0	0	0	0	0																539793	75999	0	0													
4368351	0	0	0	0	0	0	0	0	0	0	0	0	0	0	0	0	0	0	0	0	0	0	0	0	0	0																0	0	0	0													
4397164								0	0																																	0	0	0	0													
4457536								0	2935																																	19998	10481	0	0													
4536084								0	48683																																	104067	107603	0	0													
4845861	0	0	0	0	0	0	31000	21185	43475	0	0	0	0	0	0	0	0	0	0	0	0	0	0	0	0	0																57352	0	0	0													
5050028	0	0	0	0	0	0	0	27379	89651	0	0	0	0	0	0	0	0	0	0	0	0	0	0	0	0	0																38587	23478	0	0													
5136959								32326	18786																																	4603	38	0	0													
5143788								4274	29720																																	40135	1042	0	4990													
5192496								5871	20533																																	174782	26482	0	0													
5193989	0	0	0	0	0	0	0	7713	3084	0	0	0	0	0	0	0	0	0	0	0	0	0	0	0	0	0																66287	214	0	0													
5205819								51755	38742																																	47558	2533	0	0													
5210989								0	0																																	110915	31175	0	0													
5227101	0	0	0	0	0	0	0	5858	25475	0	0	0	0	0	0	0	0	0	0	0	0	0	0	0	0	0																105608	20600	0	0													
5230790								5325	7019																																	2284	1027	0	0													
5278251																																																										
5303724								2062	30692																																	8385	7625	0	0													
5312593								11084	24806																																	15404	946	0	0													
5313312								1831	18727																																	34601	6359	0	355													
5316920								450	6240																																	34552	1300	0	0													
5332603								1728	10770																																	28600	2464	0	0													
5336928								0	0																																	0	0	0	0													
5342974								0	375																																	0	0	0	17166													
5349218								33298	19846																																	55368	646	0	0													
5382514								5110	27988																																	96247	3791	0	0													
5397639								0	0																																	0	0	0	0													
5398355								29285	18195																																	7888	175	0	0													
5398627								34712	28206																																	69373	4122	0	0													
5401273								11488	2817																																	12295	750	0	0													
5412457								0	17097																																	7522	0	0	0													
5427684								0	7694																																	986	0	0	0													
5435988								0	4624																																	1677	0	0	0													
5448915	0	0	0	0	0	0	0	4440	11558	0	0	0	0	0	0	0	0	0	0	0	0	0	0	0	0	0																27106	0	0	0													
5472880								11275	22000																																	25596	970	0	0													
5475452								5200	13429																																	5531	3108	0	0													
5479478								0	20275																																	14099	4167	0	0													
5514409								0	28504																																	3354	50751	0	0													
5518023								0	0																																	0	6775	0	0													
5528880								99	1930																																	6058	275	0	0													
5538937								742	9974																																	3144	1608	0	0													
5543735								698	841																																	1383	0	0	0													
5561001								0	0																																	0	0	0	0													
5574430								7175	10749																																	18790	1307	0	0													
5582846								0	0																																	0	0	0	0													
5591633	0	0	0	0	0	0	0	0	0	0	0	0	0	0	0	0	0	0	0	0	0	0	0	0	0	0																0	0	0	0													
5592340								34901	82668																																	127675	155446	0	5711													
5620869								0	672																																	10620	0	0	0													
5650923								1051	24262																																	29499	32	0	0													
5660146								0	26829																																	23045	665	0	0													
5673191								7311	29992																																	16746	0	0	0													
5686089								0	1928																																	13844	0	0	553													
5686324								998	8365																																	1474	3619	0	0													
5691319								0	1																																	1893	2339	0	0													
5692473								10911	5422																																	14029	2885	0	0													
5724226								5000	6429																																	4512	0	0	0													
5728916								1910	8016																																	7162	80	0	0													
5755510								0	1114																																	4041	0	0	0													
5758436								0	2772																																	3742	0	0	0													
5758445								0	0																																	5043	10345	0	0													
5760439								10040	16640																																	26279	9389	0	0													
5760662								6609	13059																																	20549	1000	0	0													
5777549								0	10075																																	4713	0	0	0													
5784921								0	0																																	0	0	0	0													
5787418								0	291																																	11469	1229	0	0													
5788705								0	3512																																	20385	0	0	0													
5805228								0	1347																																	30352	0	0	0													
5805424								4178	10622																																	7737	0	0	0													
5805442								15	0																																	8448	13935	0	0													
5805451								0	0																																	0	0	0	0													
5805479								0	0																																	0	0	0	0													
5805488	0	0	0	0	0	0	0	0	0	0	0	0	0	0	0	0	0	0	0	0	0	0	0	0	0	0																0	0	0	0													
5805817								0	0																																	0	0	0	0													
5807400								2107	85																																	2346	8128	0	0													
5837377								0	3670																																	0	2246	0	0													
5839915								0	3102																																	2611	0	0	0													
5859511								0	0																																	0	0	0	0													
5860740								0	2648																																	1573	37	0	0													
5861541								0	0																																	197	0	0	0													
5879201								9943	19320																																	15747	1634	0	0													
5882500								0	0																																	0	0	0	0													
5887420	0	0	0	0	0	0	0	0	0	0	0	0	0	0	0	0	0	0	0	0	0	0	0	0	0	0																0	0	0	0													
5903517								1890	7424																																	3254	705	0	0													
5906497								1526	389																																	2089	0	0	0													
5972661								0	0																																	0	0	0	0													
6009630								0	0																																	0	0	0	0													
