"IDRSSD"	RCFD2930	RCFD2932	RCFD2938	RCFD3049	RCFD3066	RCFD3552	RCFD3553	RCFD3554	RCFD3646	RCFDB557	RCFDC011	RCFDC012	RCFDLB56	RCON2930	RCON2932	RCON2938	RCON3049	RCON3066	RCON3552	RCON3553	RCON3554	RCON3645	RCON3646	RCONB557	RCONC011	RCONC012	RCONLB56	TEXT3552	TEXT3553	TEXT3554	
	OTHER LIABILITIES, TOTAL	DIVIDENDS DECLARED BUT NOT YET PAYAB	ALL OTHER LIABILITIES	NET DEFERRED TAX LIABILITIES	ACCOUNTS PAYABLE	1ST ITM AMT FOR OTH LB OV25% OF 2930	2ND ITM AMT FOR OTH LB OV25% OF 2930	3RD ITM AMT FOR OTH LB OV25% OF 2930	OTHER EXPENSES ACCRUED & UNPAID	ALL0WANCE FOR CREDIT LOSSES OFF B/S	DEFERRED COMPENSATION LIABILITIES	DERIVATATIVES W/NEGATIVE FAIR VALUE	Operating lease liabilitie	OTHER LIABILITIES, TOTAL	DIVIDENDS DECLARED BUT NOT YET PAYAB	ALL OTHER LIABILITIES	NET DEFERRED TAX LIABILITIES	ACCOUNTS PAYABLE	1ST ITM AMT FOR OTH LB OV25% OF 2930	2ND ITM AMT FOR OTH LB OV25% OF 2930	3RD ITM AMT FOR OTH LB OV25% OF 2930	INTEREST ACCRUED & UNPAID ON DEPS	OTHER EXPENSES ACCRUED & UNPAID	ALL0WANCE FOR CREDIT LOSSES OFF B/S	DEFERRED COMPENSATION LIABILITIES	DERIVATATIVES W/NEGATIVE FAIR VALUE	Operating lease liabilitie	1ST ITM AMT FOR OTH LB OV25% OF 2930	2ND ITM AMT FOR OTH LB OV25% OF 2930	3RD ITM AMT FOR OTH LB OV25% OF 2930	
37														244		143	0					101	0	0							
242														85		0	0					80	0	5							
279														3229		1709	0					513	846	161							
354														888		85	0					158	579	66							
457														298		6	0					143	149	0							
505														9393		3715	1249					825	3511	93							
1155														3477		2022	0					662	793	0							
1351														1487		85	0					976	426	0							
1454														4693		3309	0					285	523	576							
1669														2531		1478	0					1000	53	0							
1856														73		0	0					52	19	2							
2161														6951		5256	0					165	1257	273							
2732														7084		2398	0					2562	1944	180							
2750														906		579	0					110	207	10							
3252														1137		37	0					517	583	0							
3458														284		2	0					215	67	0							
3720														3395		1	0					367	2987	40							
3971														12859		5300	0					3506	3945	108							
4231														750		0	0					425	215	110							
5069														10491		2198	0					1750	6484	59							
5135														4744		1162	0					1205	2377	0							
5210														39005		26755	0					802	9832	1616							
5461														7574		5800	0					147	1445	182							
5751														2066		1379	0					239	422	26							
6039														5283		2249	0	1657				2381	606	47	300		99				
6329														13050		7208	0	1115				2267	2133	1442	4459		906				
7009														19154		460	0					4925	13769	0							
7045														1080		0	0					212	868	0							
7072														5287		4033	0					5	1210	39							
7456														997		343	0					247	407	0							
7634														523		0	0					248	245	30							
8462														1866		22	0					1691	145	8							
8631														862		692	0					74	94	2							
9357														8809		6181	0					30	2507	91							
9553														1875		1	0					294	1580	0							
9807														17734		5509	0					6466	5021	738			3955	0	0		
9955														691		0	0					180	511	0							
10250														4302		1368	0					1231	1419	284							
10849														1351		240	0					282	537	292							
11145														4410		570	0		86			457	3383	0		484		Great Lakes Capital FUnd	Differed Revenue	Marble CLiff Capital	
11640														4303		1761	0					942	1600	0							
11837														414		5	0					107	165	137							
12030														7496		4605	0					1272	203	1416							
12142														2997		1460	0					1287	231	19							
12311	3662359	0	2659344	0	1238811	0	0	0	700010	188225	0	0	0									114780									
12647														508		29	0					301	178	0							
12946														26747		14417	0					1283	10486	561							
13103														34200		17659	0					3427	8641	4473		9326	4880				
13251														261		116	0					145	0	0							
13457														650		1	67					323	259	0							
14155														3071		1187	0					1109	755	20							
14650														998		36	0					255	568	139							
14753														460		0	29					178	253	0							
14865														7526		5199	0					295	2007	25							
14977														507		56	0	45				240	178	33							
16551														2056		113	0					638	1011	294							
17110														17584		7545	0					638	9332	69			7319				
17147														344742		79250	0					8313	239179	18000		49863					
17259														1647		1275	0					111	261	0							
17950														3730		1690	0					755	1124	161							
17978														1205		164	549					16	476	0							
18050														5858		1888	0					1034	2756	180							
18827														22610		13060	0					2402	5128	2020							
18836														3000		974	0					270	1756	0							
18854														12872		10241	0					1171	996	464							
19356														890		284	0					229	288	89							
19936														3715		2938	0					377	0	400							
19972														1482		1352	0					2	89	39							
20053														622		0	0					395	206	21							
20633														2144		1292	0					134	662	56							
20857														3399		665	0					2215	334	185							
21256														19		7	0					12	0	0							
21359														367		207	0					65	95	0							
21658														1654		879	0					326	449	0	859						
22048														3826		1926	0					782	919	199							
22543														2068		311	920					159	511	167							
22552														382		0	0					340	42	0							
22730														1543		160	0					893	407	83							
23456														2311		165	0					1435	665	46							
23504														91079		51151	0					3068	34521	2339			48138				
23643														1250		105	0					807	230	108							
23755														2419		1076	0					307	1036	0							
24378														901		562	0					49	290	0							
24659														520		270	0					25	225	0							
24949														4804		3327	0					782	555	140							
25357														2281		640	0					613	678	350							
25647														3879		1314	0	1314				649	1916	0							
26765														52551		17627	0					4131	21660	9133							
27070														5335		730	0					1751	2379	475							
27614														3573		1918	0					793	862	0							
27847														6213		3134	0					911	2013	155							
28013														32846		21163	0					46	10953	684	19447						
28152														2429	500	1998	0					87	306	38	1027	462					
28675														810		2	0					638	170	0							
28732														1817		1014	0					250	396	157							
29476														1024		374	0					358	67	225							
29636														25514		18465	0					1367	4652	1030							
29878														40383		40009	0					0	281	93							
30052														692		137	398					21	131	5							
31134														2165		1336	0	150	375		200	496	333	0				Index Liability Plan	Split Dollar Ins Liability	Allowance for unfunded committments	
31255														13688		4180	0		2253	40		665	8287	556			1500	Factored loans collected reserves	CDARS Ratebridge payments		
31657														166		0	0					89	77	0							
31826														5337		4430	0					693	191	23	1070						
31835														5362		1873	0					339	3150	0							
32234														5177		3795	0					800	582	0							
32766														958		0	0					62	825	71							
32971														6198		3820	0					834	1371	173							
33147														3799		626	0					1637	1357	179							
33259														7408		332	0					2857	3790	429							
33370														349		349	0					0	0	0							
33839														170		5	108					52	0	5							
33857														15159		8385	0					2885	3505	384							
34537														172786		114475	0					8498	43672	6141			50991				
34555														3324		2311	0	20				998	0	15	2138						
34742														6646		2851	0					1912	1815	68							
35057														1396		201	0					720	361	114							
35301	24459000	0	21483000	104000	0	10555000	6290000	0	2800000	10000	0	0	0									62000						Payables for non-cash collateral	Payables for cash collateral received		
35646														1217		714	0					363	138	2							
35879														1582		333	0					492	615	142							
36933														3154		1044	0					1049	961	100							
37051														559		157	0					351	51	0							
37341														680		306	0					258	106	10							
37435														21224		4738	0					769	13448	2269							
37640														62893		23697	0					10209	27792	1195			5939				
37659														882		752	0					42	64	24							
37949														375		161	0					208	6	0							
38740														2160		419	0					292	1415	34							
39327														5157		2383	0					641	1183	950							
40033														851		793	0					12	46	0							
40499														91228		69117	0					3880	15308	2923	37795		21100				
40855														1632		0	0					1107	525	0							
41553														690		0	0					62	583	45							
41629														2161		731	0					1130	264	36							
41825														5807		3878	0					352	1060	517	1714		1761				
42037														961		0	0					142	819	0							
42354														1441		7	0					307	1127	0							
42372														2883		2235	0					23	251	374							
42420														122422	6341	77564	0					5266	31005	8587			43590				
42448														14471		1668	0					7657	2539	2607							
42457														289		0	0					16	273	0							
43052														1235		4	0					246	972	13							
43351														2800		34	0					1413	1003	350							
43856														663		590	0					73	0	0							
43959														1554		2	0					908	644	0							
44040														2100		5	0					228	1850	17							
44433														8575		5139	0	2287				1676	1157	603		131	2015				
44741														2142		388	0					169	1562	23							
44750														1951		1052	0					785	114	0							
44929														1418		0	980					114	281	43							
45056														624		208	0					141	275	0							
45458														1926		958	0					354	594	20							
45551														10317		5717	0					3642	940	18							
45560														32295		13395	0					4222	13739	939	8724		3392				
45775														3096		3022	0					72	1	1							
46053														4403		2933	0					749	609	112							
46941														1050		0	0					641	409	0							
47247														12934		2981	2263					817	4780	2093	1484	61					
47500														2101		322	0					24	1486	269							
48374														15813		6864	0					2193	5911	845							
48440														2125		1101	0					899	0	125							
49054														1668		704	0					172	792	0							
49148														1685		1321	0					148	216	0							
49241														19197		16336	0					1931	409	521							
49652														990		680	0					144	156	10							
49858														1547		970	0					240	279	58							
49951														1463		1	0					131	1331	0							
50144														1716		0	0					379	1334	3							
50461														1233		555	0	65				305	273	100			482				
51253														17734		13547	0		10368			2611	1552	24				Escrows Payables			
51356														128		0	0					93	35	0							
51459														2262		575	0					974	602	111							
51842														5923		2058	0		109			3326	145	394	1435			Supplemental Exec Retire Healthcare Benefit			
52719														4911059		4893229	0		2219152	2609654		0	17830	0				Participant fund cash	Payable to participants		
52951														1816		68	0					384	1334	30							
53051														190		0	0					172	18	0							
54058														2296		594	0		68			1241	11	450				ATM Clearing			
54973														152838		56530	0					856	90252	5200	34013		17983				
55336														5904		3995	0					429	1309	171							
55635														1608		466	0					392	750	0							
55970														3044		41	0					641	2339	23							
56258														1791		990	0					361	322	118							
56351														37228		15428	0					3667	17381	752	8826		4925				
56548														8500		74	0					3392	5030	4							
56717														16483		6440	0					777	8747	519							
57451														4339		0	0					1679	1956	704							
58225														1708		627	0					362	515	204							
58243														138202		85889	0	984				14620	35193	2500	1493	40648	33379				
58355														433		58	0					228	147	0							
58551														2859		1949	0					910	0	0							
58636														5499		1487	0					1026	2399	587							
58757														5911		4023	0					1036	530	322							
58971														168836		98885	0					5764	49529	14658	38916		40536				
59316														31098		11547	0					9444	9751	356							
59352														2795		285	0					803	1628	79							
59370														669		221	0					3	81	364							
59754														1489		1123	0					243	95	28							
60143	1555000	0	1118000	5000	0	361000	0	0	369000	39000	0	0	332000									24000						Pension plan liability			
60330														11539		8589	0					2050	648	252	5339						
60545														1400		0	0					997	403	0							
60554														333		0	0					172	161	0							
60648														3397		2117	0					163	1117	0							
61122														21423		15634	0					542	4265	982	8530		1152				
61355														11497		61	0					1707	9729	0							
61757														5188		726	0					1623	2637	202	699						
61832														3889		2165	0					702	736	286							
61953														353		45	0					59	159	90							
62044														2810		1520	3					331	812	144							
62110														2835		418	0					0	2417	0							
62147														322		39	0					53	221	9							
63050														5609		4282	0					493	834	0							
63069	2461419	0	1665586	0	0	0	0	0	663775	88029	0	0	0									44029									
63201														990		428	0					79	404	79							
63573														3000		738	0					149	1580	533							
63733														10196		2585	0					2291	4116	1204	2464			Cardholder Settlement Debit Cards			
64552														4343		3107	0		939			285	728	223				Reserve for Other Expenses			
64730														2075		12	0					162	1419	482							
65205														8680		3311	0					22	4435	912							
65559														8304		5907	0					790	1607	0	5798						
65858														15897		2926	0					2457	9192	1322							
66154														2574		759	0					679	1015	121							
66275														2727		1637	0					454	551	85							
67142														613		6	0					345	208	54							
67151														9952		7077	0					896	1979	0							
67209														28017		23801	0					997	2121	1098							
67254														280		0	0					0	280	0							
67656														14251		3277	0		2419			1475	8851	648	850			ACCRUED LONG TERM EMPLOYEE BENEFITS			
67870														9508		7018	0					342	1610	538							
68671														3808		1863	0					1579	346	20							
68756														7586		4057	0					1114	2061	354	2311						
68831														1226		0	0					105	945	176							
69333														12095		1573	0					2955	6520	1047			1573				
69678														2044		972	0					411	636	25							
70218														6829		5886	0					629	289	25			5880				
70638														1272		12	0					275	842	143							
70955														372		3	127					35	207	0							
71073														1980		794	0					171	999	16							
71457														3192		1117	0					1101	974	0							
71859														560		0	0					2	558	0							
72258														4350		0	0					1795	2413	142							
72351														523		0	0					167	354	2							
72454														1240		0	0					751	489	0							
72678														3814		585	0					1095	2098	36							
73116														5243		1205	0					98	3776	164							
73152														1227		953	0					227	7	40							
73554														2847		883	833					649	367	115							
73956														371		208	0					147	8	8							
74056														2864		2174	0					209	381	100							
74140														16796		9199	0					980	5946	671	5988						
74403														9623		5258	0	2209				507	3156	702			1933		ATM Settlement	SERP	
74449														50		16	0					34	0	0							
75259														4853		1600	0					1150	1664	439							
75446														2324		8	12					1013	1264	27							
75455														193		0	0					148	45	0							
75633	4351293	0	2507584	0	1081325	0	0	0	1355216	273825	0	0	1005423									214668									
75651														467		0	0					363	104	0							
76153														416		5	185					69	157	0							
76443														524		3	0					37	446	38							
76854														3209		497	0					566	1761	385							
77150														586		0	37					374	153	22							
77253														1506		0	0					266	877	363							
77422														1396		1019	0					77	195	105							
77851														83355		34432	0					23985	23748	1190	24339						
78157														275		73	0					30	154	18							
78241														347		0	0					205	142	0							
78559														674		22	0					103	530	19							
79042														3958		1794	0	1429				1594	477	93	233						
79127														881		257	0					61	542	21							
79145														2469		474	0					691	814	490							
79257														144		0	64					50	24	6							
79855														1373		0	0					929	444	0							
80150														6692		4500	0					1784	408	0							
80374														1434		575	0					64	749	46							
80431														584		0	0					313	271	0							
81175														3095		386	0					724	1729	256							
82033														1279		467	0					642	170	0							
82257														985		698	0					97	190	0							
82350														1139		934	0					129	76	0							
83375														12862		5887	0					1763	3344	1868							
83638	236234	0	174817	0	0	0	0	0	46834	9042	0	0	114240									5541									
83834														2150		1253	0					251	442	204							
83852														190		20	0					98	72	0							
83955														1005		0	0					562	443	0							
84541														27598		19642	0					4930	1584	1442							
85052														698		140	0					255	283	20							
85472														158381		106392	0					1222	46130	4637		58235					
85931														3080		1421	0					1371	231	57							
86349														4267		1792	0					908	1508	59							
86675														8100		5723	0					90	2269	18							
87047														954		494	0					294	136	30							
87234														11594		7448	0					3400	591	155							
87476														1051		233	0					18	712	88							
87579														3651		711	0					0	2544	396			446				
88231														17364		12225	0					837	2550	1752							
88259														1172		779	0					382	6	5							
88352														1248		478	0	376				382	388	0			102				
88455														6375		128	0					1340	4907	0							
89032														1537		0	0					604	933	0							
89135														1778		1439	0					165	174	0							
89854														913		180	0					528	205	0							
89957														1417		255	0					518	559	85							
90047														131		2	8					92	29	0							
90177														2058		323	199					82	1431	23							
90328														7800		5277	0					573	1484	466							
90337														10325		6087	0					1718	1800	720							
90579														5965		3752	0					86	1917	210							
91615														401		0	0					86	287	28							
91950														758		537	0					162	59	0							
92144														70		0	0					70	0	0							
92676														10281		8037	0		2173			112	1687	445			5409	Liability for Pension & Postretirement benefits			
92706														4362		4078	0					170	92	22							
92902														47		27	9					4	7	0							
93244														2022		0	0					1141	754	127							
93543														7547		2581	0					1897	2839	230							
93619	446	0	3	0	0	0	0	0	443	0	0	0	0									0									
94139														11104		6507	0					214	4219	164							
94522														4476		1572	0					855	1954	95							
94755														1028		376	0					302	0	350							
94858														1292		516	0					377	372	27							
95051														3251		1765	0					762	706	18			1152				
95677														403		381	0					4	0	18							
96553														507		4	26					168	309	0							
97055														2232		24	0					1312	896	0							
97279														463		0	0					217	165	81							
97457														757		142	0					257	358	0							
97804														30343		12287	0					1717	15142	1197							
97943														2845		46	0					1291	1508	0							
98351														2992		2762	91					139	0	0							
98463														10932		1036	0					2	9610	284							
98717														2040		33	0					1345	657	5							
99143														5221		3678	0					192	1351	0							
99376														47921		22140	0	718		450	22	594	23067	2120	1824	17055	2071	Deferred Revenue	Rep and Warranty Reserves	Misc Liabilities	
99442														7471		3214	0					2796	1461	0							
99536														23048		11849	0					6568	4631	0							
99853														60		23	0					32	0	5							
100236														6137		4139	0					535	1333	130							
100357														14567		11968	0					1710	446	443							
100562														181137		130041	0		54381	34515		7503	36448	7145				Low income housing fund commitments	SERP & MPL		
100777														4162		2085	0					1907	135	35							
100843														4206		1945	0					421	1765	75							
101037														11395		7180	0					2563	1523	129							
101439														1131		300	0					234	597	0							
101671														16414		15203	0		8102			666	462	83				LT Lease Liability			
101738														1472		810	0					438	204	20							
101952														851		0	0					206	645	0							
102333														298		37	0					85	176	0							
102342														3409		437	0					2276	696	0							
102557														3243		2576	0					466	201	0							
102874														1612		660	0					121	816	15							
103134														334		0	37					78	93	126							
104234														771		300	0					138	333	0							
104542														449		166	0					242	39	2							
104971														121		14	0					0	107	0							
105026														4644		2802	0					531	1280	31							
105473														28720		12482	0					250	14936	1052							
105530														2759		1840	0					377	349	193							
106359														23087		10778	0					4120	7089	1100			8053				
106452														4406		1248	0					114	2604	440							
106676														337		38	0					198	78	23							
107244														764626		451652	49058		247844			46795	69862	147259			160973	Uncalled Contributions for Equity Investments			
107570														4179		950	0					1150	1933	146							
107758														242		169	0					32	41	0							
108072														1528		548	0					35	901	44							
108269														2359		2352	0					5	2	0							
108652														173		50	0					9	101	13							
108746														125		0	0					90	35	0							
108951														4841		2059	0					1172	1310	300							
109136														4298		2287	0					735	716	560							
109154														446		0	0					264	182	0							
109453														1985		60	105					1067	753	0							
109574														6116		4205	0					18	1593	300							
109659														8785		7065	0					702	868	150							
110413														8581		2321	0					84	5932	244	2321						
110936														32648		25464	0					1709	5162	313							
110945														1325		3	0					481	780	61							
110972														364		62	0					67	203	32							
111157														825		446	143	6				114	122	0	440			DDA Suspense			
111205														6226		1064	0					805	4178	179							
111942														4107		2484	0					446	688	489							
112163														27282		19492	0					4099	3691	0	7206		12180				
112332														1320		595	0					665	39	21							
112510														670		0	0					85	577	8							
112556														929		373	65					300	191	0							
112837	26362398	0	9593649	0	0	0	0	0	16271397	135246	0	0	0									362106									
113003														48762		2496	40142			1721		2	6064	58	209		547	Pension 87	Fasb 106		
113030														1589		0	0					567	934	88							
113441														7946		3248	0					842	3856	0							
113601														24281		16987	0					737	3878	2679							
113740														4921		93	0					1842	1986	1000		93					
114149														3102		50	0					213	2808	31							
114260														26991		10680	0		7379			3675	11236	1400				Trade Date Purchased Loans Gov Guar			
114457														424		40	0					303	37	44							
114774														1134		118	605					201	210	0							
114840														2440		48	0					562	1530	300							
114859														514		271	25					147	71	0							
115146														509		17	15					476	0	1							
115575														7476		4935	0					191	1863	487							
116358														188		14	0					115	59	0							
116554														866		798	0					2	63	3							
116741														533		0	0					448	85	0							
117038														2993	180	1860	0					813	248	72	1680			Dealer Reserve			
117074														5153		4855	0					2	272	24							
117458														9370		2971	0					1572	4802	25							
117775														8018		7284	0	129	6931			14	705	15			224	Factoring Liabilities			
118156														9081		4521	0					2072	2488	0							
118660														1045		787	0					0	258	0							
118736														1995		1194	0					315	425	61							
119153														976		446	0					168	233	129	340						
119779														10334		0	0					997	9124	213							
119872														11671		10058	166					289	938	220							
120476														271		0	0					148	123	0							
120542														1641		10	0					1363	218	50							
120609														19062		13037	0					1	4835	1189							
120953														738		2	0					489	219	28							
121642														74362		30018	0					9432	29074	5838		43	29975				
121651														6491		676	0					1794	4014	7							
121914														2890		2139	0					162	589	0							
122153														383		0	0					177	206	0							
122546														449		0	0					315	91	43							
123075														366		116	0					102	148	0							
123374														526		348	0					149	29	0							
124344														7106		3306	0					2159	1441	200							
124830														987		106	0					609	254	18							
125154														14109		8172	0		2725			73	5832	32			5447	RETIREMENT BENEFIT OBLIGATION			
125855														8704		0	0					842	7629	233							
126012														11042		8396	0					354	2078	214							
126049														213		0	0					171	41	1							
126375														1658		751	0					353	554	0							
126553														9343		7530	0		150	265		483	1300	30		14	6087	Mortgage Liability	Banker's Acceptance		
126834														5105		9	0					4435	661	0							
127055														2032		0	0					475	1557	0							
127224														1620		0	0					616	988	16							
128258														381		0	5					161	140	75							
128904														494643		242747	0					45688	192557	13651		64394	90917				
129349														2515		1540	71					329	463	112							
129358														1589		479	0					255	690	165							
129732														146978		43771	0		22220			10337	89473	3397				A/P - due to Broker/Counterparty			
129853														1490		60	0					500	930	0							
129910														7064		4151	0					1210	1631	72							
130345														6321		965	0					176	5043	137							
130541														47695		29606	0	8049				8651	7167	2271	214						
131436														5929		3348	0					134	1831	616	3310						
131717														809		448	0		139	305		55	306	0				Escrow Loan Account	Incentive/Launch Support Mastercard conversion		
131940														1139		674	0					240	100	125							
132107														31750		16385	0					765	13770	830							
132451														310		0	0					197	113	0							
132778														296		141	0					6	148	1							
132938														999		115	0					516	335	33							
133579														9103		7749	0		2286	2456		18	1001	335	2347			RETIREMENT PLAN	ESCROW RESERVE		
133850														21303		2345	0					3643	13330	1985							
133971														5670		4551	0					57	1051	11							
134156														1605		116	624					204	649	12							
134437														15876		8271	0					1869	5457	279							
134455														2021		975	0					606	440	0							
134848														1182		223	0					777	116	66							
135836														891		0	0					181	688	22							
135854														1012		132	117					585	168	10							
136048														1711		571	0					701	439	0							
136338														2705		1075	0					339	1049	242							
136655														915		310	0					367	238	0							
137205														24027		14120	0					1929	6837	1141							
137447														4184		2436	0					935	718	95							
137456														436		0	0					95	341	0							
137559														600		94	0					352	154	0							
137643														757		179	0					344	234	0							
137652														26537		10852	5927	6880				587	8991	180			3391				
137915														279361		116567	67054	3636	91951			68	89848	5824				Lease liability			
138051														837		0	92					725	20	0							
138257														641		236	0					343	37	25							
138556														1387		1048	0					176	153	10							
139133														4591		3026	0					469	1096	0	2289		61				
139478														2360		351	0					1	1947	61							
139553														10982		1775	0					1509	7256	442							
139656														54245		28364	0	9733				5073	19871	937							
139740														33275		17541	0					7797	6393	1544		11128					
139843														22849		10178	0				2781	1867	8586	2218			3657			Commitment to purchase securities	
140157														2389		6	1144					504	735	0							
140362														49033		16982	12945					438	17578	1090		6258	9507				
140634														534		41	0					430	63	0							
141350														936		245	0					550	141	0							
141556	64101	0	27667	0	0	8766	0	0	12933	1331	9624	0	0									22170						INVESTMENT IN TAX CREDIT PAYABLE			
141677														585		300	0					210	75	0							
141958														726		0	0					499	197	30							
142049														1118		0	0					329	745	44							
142179														1905		1542	0					157	206	0							
142955														10900		7751	0					1493	1316	340							
143372														1862		1282	0					148	408	24							
143662														1025114		757998	0					22179	226158	18779		194786					
143859														2952		801	0					980	1171	0							
143952														951		31	222					74	570	54							
144052														3205		1120	0					852	1108	125							
144155														10733		8983	0					378	1253	119			8983				
144678														3970		3179	0					583	167	41							
144856														3260		100	0					808	2337	15							
144913														3585		2137	0					1402	46	0							
145059														1130		718	0					412	0	0							
145545														6094		4328	0					1307	351	108							
145554														2153		903	0					104	812	334							
145741														1291		0	0					919	372	0							
145844														3772		19	0					1009	2744	0							
146056														749		275	0					145	312	17							
146663														4770		2193	0					895	1672	10							
147651														312		0	0					75	237	0							
147679														4269		2738	0					841	668	22							
147857														1995		1173	0					821	1	0		105					
147923														2222		1412	0					378	275	157							
148171														2215		1445	0					546	174	50							
148238														2900		671	0					530	1491	208							
148340														933		402	0					386	142	3							
148470														12010		10802	0					334	829	45							
148715														480		162	0					104	214	0							
149150														1314		159	0					264	891	0							
150035														17762		11893	0					1583	3706	580	4592						
150044														8471		3848	0					331	3832	460							
150727														21021		18353	0					1405	695	568							
151957														5706		924	0					1144	3638	0							
152057														3796		0	0					17	3779	0							
152253														674		1	0					583	90	0							
152440														730		84	0					383	256	7							
153054														2413		475	0					250	1088	600							
153353														16951		6505	0					3361	5900	1185							
154154														4937		2777	0					1231	651	278							
154770														16881		9538	0					1410	4245	1688							
155759														145		0	0					145	0	0							
156457														532		0	0					502	8	22							
156970														989		239	0					122	542	86							
157155														509		340	0					115	39	15							
157379														309		128	1					0	152	28							
157650														1184		214	0					149	792	29			101				
157744														3454		2278	0					222	872	82							
157856														60		43	0					17	0	0							
158376														308		78	0					217	13	0							
158741														1469		430	0					810	229	0							
159636														48203		8963	0					25697	11231	2312	6515		2317				
159645														1302		0	0					339	963	0							
159953														858		350	0					372	136	0							
159971														13095		11702	0					114	1232	47							
160360														7516		4655	0					198	2080	583							
160454														1767		363	0					132	1272	0							
160959														16113		3321	0		108			4961	6779	1052			3197	RE Appraisal/Commitment Fee			
161273														38843		10182	0					0	27268	1393							
161602														75426		55633	0					8137	10132	1524							
162337														15226		6069	0					5446	2711	1000							
163343														489		164	0					119	12	194							
163549														36809		24233	0					2255	9371	950	21244	2989					
163857														8449		5770	0					1065	1280	334							
164153														936		706	0					113	117	0							
164331														886		456	0					110	305	15							
164377														3627		2841	0					524	178	84							
164957														903		0	0					418	304	181							
164975														235		62	0					0	173	0							
165628	689145	0	454419	41735	0	0	0	0	146930	17600	0	299304	0									28461									
165758														2150		1100	0					362	597	91							
166111														5215		0	4351					10	854	0							
166531														1964		47	0					531	1076	310							
166652														7116		2448	0	127				1999	2669	0			2321				
167453														879		28	0					549	302	0							
167752														107		59	0					20	28	0							
168571														2334		508	0					428	1228	170							
169354														2023		257	0					885	667	214							
169653														96403		75647	0					2391	15934	2431			30796				
169756														1815		1639	0					87	89	0							
170257														336		188	0					47	101	0							
170275														2034		1239	0					47	689	59							
170332														2067		968	0	557				674	212	213	349						
171133	3051	0	2234	0	0	0	0	0	544	15	0	0	2229									258									
171656														765		407	0					341	17	0	401						
171759														956		23	0					211	722	0							
171768														6901		848	0					2178	3362	513							
172251														217		0	0					105	112	0							
172457														2688		2006	0					215	368	99							
172475														5602		3920	0					127	1475	80							
172859														1215		319	0					251	645	0							
173306														5963		3264	0					120	2521	58			2947				
173557														853		178	0					37	584	54							
173575														11473		8425	0					4	2571	473	1501						
173641														3234		0	0					2281	935	18							
173959														755		20	0					239	486	10							
174321														798		166	0					127	505	0							
174367														650		508	0					103	18	21							
174572														165388		128171	3228		56992			1004	29054	3931				Employee Benefits			
175056														4100		1471	0		40			1889	631	109	1431			CDARS Incoming Ratebridge			
175140														3139		740	0		437			1476	467	456				Personnel			
175458														145		0	0					56	89	0							
175609														1706		1012	0					15	392	287							
176101														26196		10021	0					558	15152	465	7041						
176325														1439		380	0		110			312	747	0	269			Unearned income on bank property being leased			
176437														600		40	0					422	61	77							
176464														9133		5894	0					845	1944	450							
176642														627		238	0					170	96	123							
177135														6		0	0					2	4	0							
177443														848		475	0					86	261	26							
177500														254		72	0					2	171	9							
177555														172		93	0					79	0	0							
177751														12241		3967	0					971	6996	307							
177920														16114		4871	0					2352	7559	1332							
178150														1147		748	0					194	181	24							
178244														1043		234	0					776	33	0							
178356														669		82	0					270	317	0							
178851														2468		72	0					307	1789	300							
179148														2718		1846	45					156	666	5							
179335														1731		0	0					1073	589	69							
179700														4003	21	1724	0		472			0	1966	313			1231	HISTORICAL TAX CREDIT LIABILITY			
180144														1451		180	0					290	981	0							
180845														636		0	0					556	80	0							
181963														1205		660	0					82	463	0							
182951														7965		4378	0					996	2012	579							
183668														9628		7959	0					28	1549	92							
183770														11000		7494	0					361	2424	721							
183958														1171		1	100					412	658	0							
184656														1791		1218	0					231	322	20	1207						
184759														384		0	232					152	0	0							
185251														29		11	0					13	5	0							
185448														437		234	0		69	165		198	5	0				Deferred Gain OREO	Deferred Gain OREO P&I Payments		
185859														5951		6	0					1106	1157	3682							
186717														24849		23396	0					819	595	39							
186744														15741		5071	0					3739	6021	910							
187648														123		38	0					85	0	0							
187947														26385		12727	0					7786	5797	75		4162					
188056														1646		0	0					1192	454	0							
188177														662		4	24					413	221	0							
188430														3816		1545	0		300			49	2097	125	20	190	728	Deferred builder commitment fees			
188449														1615		131	0		99	5	27	926	324	234				RE TAX PAYABLE	PREPAID SAFE DEP BOX	KPMG PAYABLE	
188720														1993		709	0					745	466	73							
188739														711		0	0					457	254	0							
188917														1327		536	0					169	572	50							
189129														5321		1485	0					431	2891	514							
189950														1378		267	0					1042	69	0							
190563														2685		800	0					834	949	102							
190648														1241		177	0					788	276	0							
190947														231		0	16					46	59	110							
190956														1582		152	0					1122	308	0							
191355														1736		10	0					1665	36	25							
191935														10757		5306	0					3468	1885	98							
192147														2451		9	0	4				253	1928	261							
192558														4934		2026	42	2026				460	2222	184							
192651														124		43	0					81	0	0							
192857														3807		2570	0					735	402	100							
193162														1342		0	0					190	1152	0							
193537														2076		86	0					1172	618	200							
193649														967		0	0					325	499	143							
193809														33033		25792	0					418	6092	731	13134	2331					
194440														1405		0	0					1311	94	0							
194570														1573		1021	0					14	538	0							
194936														1393		73	0					573	527	220							
195111														30501		26043	0					776	3504	178							
195157														386		55	4					42	272	13							
195456														662		12	268					241	116	25							
196752														983		166	67					481	269	0	160						
196800														8726		1041	0					2	7103	580							
197142														9072		7429	0					1035	529	79							
197254														366		0	18					131	217	0							
197302														6935		3421	0					293	3221	0							
197478	1258684	0	1022094	0	0	380859	0	0	167831	48390	0	259929	0									20369						Notes Payable			
197759														1859		4	0					917	938	0							
198073														867		259	0					533	75	0							
198149														2010		160	0					920	885	45							
198251														1830		60	97					427	894	352							
198961														583		213	0					11	259	100							
199137														87		23	0					40	24	0							
199351														842		196	0					610	36	0							
199436														946		2	0					384	536	24							
199463														4965		193	0					2407	2360	5							
200435														11895		5488	0		1824			2063	3659	685	1163		2081	Debit Card Settlement			
201254														805		148	0					419	238	0							
201834														25339		9012	0					2965	12912	450		2155	6005				
202514														1385		1	0					178	887	319							
202541														611		0	0					323	288	0							
202907														124460		87257	0					2943	33399	861			33419	Investment Purchase Commitment			
203043														8987		1657	3741	632	265	750		1905	1559	125				Hy-Vee Payroll Card Activity Account	FHLB - MPF Other Liabilites		
203052														239		1	0					67	171	0							
203575														587		499	0					0	77	11							
204004														257925		179957	0		50940			7414	60546	10008				Due to PFS-SAP			
204237														1267		972	0					295	0	0							
204826														1669		374	0					335	704	256							
205243														8343		3735	0					2472	1509	627							
205346														2597		40	0					955	1371	231							
205458														231		0	0					111	120	0							
205542														626		168	0					453	0	5							
206156														1565		233	0					91	1091	150							
206174														4427		2649	0					41	1737	0							
206473														572		235	59					1	277	0							
206772														1112		1014	0					2	48	48							
206950														900		808	0					92	0	0							
207041														386		23	0					107	220	36							
207050														12877		2218	5241					2221	3197	0		1472		Mortgage repurchase reserve			
207452														2704		272	0					628	1804	0							
207470														4311		3612	181					46	459	13							
207555														2674		0	0					374	2300	0							
207845														15421		5056	0					268	9219	878							
207872														9392		6243	0					914	2235	0							
208057														3362		0	0					3131	231	0							
208244	1020698	0	741482	0	0	0	0	0	195645	33955	0	277512	258490									49616									
208347														781		0	0					360	348	73							
208440														901		231	0					364	306	0							
208459														434		0	0					392	42	0							
208570														8981		2667	0					286	6028	0							
208655														2825		0	0					659	2166	0							
208972														1913		1749	0					73	91	0							
209148														3796		2534	141					588	425	108	527		910				
209362														1341		433	805					92	11	0							
209559														690		213	2					103	369	3							
209858														9587		3279	0					1146	4332	830							
210238														3331		17	0					250	2294	770							
210256														1003		525	0					478	0	0							
210434	5499978	0	3381173	536626	0	960563	0	0	1477529	32124	0	0	0									72526						Trade Date Securities			
211114														1518		838	0		293	545		161	519	0				Loan Escrow Account	Incentive/Launch Support Mastercard Conversion		
211271														16055		8383	0	6431	127			1705	3809	2158			1808	Recourse Liability	Capital Lease - Liability		
211338														3540		1223	0					744	958	615							
211851														268		0	0					179	89	0							
212018														4964		4145	0					228	521	70	3455						
212344														686		17	0					446	223	0							
212522														23963		8200	0					4585	9319	1859			7198				
212577														59659		48284	0	2202				4355	2955	4065	35898		9434				
213471														1216		5	0					689	461	61							
213538														2783		1703	0					203	877	0							
213912														1569		611	0					68	811	79	611						
213958														492		188	0		81			139	120	45	100	7		Shazam suspense credits			
214106														33884		22639	0					560	9150	1535	18412						
214414														31991	3350	15450	0	799	1295	1418		5245	10260	1036	653	1730	5916	Suspense	Atm Clearing		
214722														14902		6606	0					1169	6567	560		2299	598				
214807														2486000	0	1783000	0	1402000	0	0	0	37000	664000	2000	0	0	0				
215345														5966		2224	0					1539	2140	63							
215653														152		41	0					74	37	0							
215662														19481		14771	0					1556	3154	0	7770		4901				
215710														6454		1293	0					850	4311	0							
216164														2205		1473	0					283	449	0							
216922														163094		24318	0					3592	125178	10006	6960		14562				
217059														4036		52	2161					1165	561	97							
218131														952		131	0					272	441	108							
218261														583		0	0					227	356	0							
218878														678		140	0	140				47	458	33							
219044														2003		639	113					520	637	94							
219651														4709		3119	0					581	49	960							
219679														290		0	0					162	128	0							
220059														3316		234	0					580	2502	0							
220527														20475		14601	0		1922			596	4102	1176	5861		3796	Electronic Trans in Process			
220844														1739		842	0					501	371	25							
220974														7548		2475	0					3099	1533	441							
221775														5529		3138	0					78	1884	429							
222156														2048		1735	0					234	79	0							
222558														343		11	0					144	8	180							
222754														1673		627	0					295	751	0							
223322														34320		11005	0	1550				6457	16481	377							
223452														1559		658	0					571	177	153							
223751														526		32	209					160	125	0							
223845														1045		208	0					676	113	48							
224954														124		0	0					103	21	0							
225054														1351		658	0					494	87	112							
225157														2983		1124	0					1100	668	91							
225559														4075		2925	0					243	881	26							
225942														611		480	0					118	13	0							
226949														163		106	0		106			6	51	0				Deferred gain on sale of bank building			
227151														9410		6084	0					1319	1633	374							
227357														3510		1742	0					942	797	29							
227656														562	0	0	0	0	0	0	0	435	127	0	0	0	0				
227777														1887		173	0					69	1589	56							
228000														7295		2525	953					125	3477	215							
228158														4178		597	0					1010	2571	0							
228279														3951		1427	551					177	1726	70							
228345														2640		1483	0					348	683	126							
229070														2875		2359	0					499	0	17							
229173														908		691	0					10	193	14							
229342														758		327	0					155	173	103	197						
229454														166		8	0					74	72	12							
229801	1041355	0	773507	0	22342	166605	0	0	161958	13566	0	177780	376787									92324						Counterparty Collateral			
229913	148324	0	33862	0	0	26081	0	0	79091	6409	0	0	0									28962						Sale of business proceeds			
230423														5202		3808	0					251	1001	142							
230610														2604		0	0					148	2415	41							
230759														26941		5267	0		1265			8937	12391	346				Inv Payable LIHTC			
231279														109		0	0					61	48	0							
232847														2111		1101	11					439	560	0							
232856														12258		5496	0					4171	2396	195							
233031	4057000	0	2839000	1000	0	767000	0	0	918000	132000	0	0	0									167000						Bankers Acceptances			
233246														658		0	154					293	211	0							
233358														2128		688	0					696	510	234							
233442														1162		1	0					190	938	33							
233527														23891		11694	0					4314	6959	924							
233554														47290		1712	0					9207	35540	831							
234355														5131		926	0		813			464	2844	897				Mortgage Loan Recourse Reserve			
234506														3037		1532	0					418	910	177			1527				
234739														19928		5732	0					6290	6106	1800							
234841														1117		0	0					850	267	0							
235174														538		56	0					133	344	5							
235231														1647		661	0					941	0	45							
235446														1399		1	0					829	478	91							
235530														2955		833	0					306	1716	100							
235558														270		0	187					77	6	0							
235950														570		80	0					251	216	23							
236153														50506		14158	0					9447	25696	1205	10007		4151				
236256														401		0	0					179	222	0							
236603														4606		4007	0					357	147	95							
236706														138284		86159	0					6778	44749	598		10738	41139				
236957														3660		2913	0					339	408	0	2082		822				
237066														28058		22440	0	27				812	255	4551	5483	327	15574				
237619														21876		5932	0					314	13435	2195			3701				
237954														2371		1787	0					563	10	11							
238139														798		66	0					467	265	0							
238250														92		0	0					92	0	0							
238737														8259		5603	0					224	2271	161							
239556														6709		48	0					792	5751	118							
239659														4327		616	0					965	2049	697							
240954														970		111	0					96	763	0							
241009														270		49	0					27	194	0							
241157														10011		8248	0	1558	2611	35		1137	313	313	1393		2651	Accrued bonuses, vacation, payroll	Other Liabilities		
241559														1181		391	0					691	99	0							
242257														4216		1112	0					509	2211	384							
242444														21772		20403	0					804	565	0							
242949														390		0	0					90	300	0							
242958														1093		693	0					91	309	0							
242976														16775		10766	0		5449			670	5136	203	2346		808	Branch Operating Accounts			
243375														92178		50713	0					9	41456	0							
243414														814		131	0					248	395	40							
243955														2267		1931	191					125	0	20							
244037														962		13	0					399	532	18							
244149														6050		1539	936		544			222	3279	74	979			IBNR Liability			
244158														2284		1305	0					368	611	0							
244251														4286		1908	0					986	842	550							
245016	51692	0	13655	0	0	0	121	0	24187	0	8809	2097	0									13850							IRS Withholding		
245276														214408		77102	50298		29975			4277	81473	1258			24681	Acceptances executed and outstanding			
245351														960		144	0					369	412	35							
245557														10835		5954	0					1420	2952	509							
246022														15252		11862	0					990	1950	450			11623				
246134														6646		3505	0					2226	715	200	2946						
246451														620		264	0					286	0	70							
246657														11838		7149	0					395	3943	351	2076		5069	ICS Clearing			
246947														1033		835	0					182	10	6							
246956														1438		398	0					1040	0	0							
247140														15185		7711	0					3914	2622	938							
247355														9501		5557	0					637	1405	1902							
247476														826		28	0					16	778	4							
247551														2209		435	0					529	1097	148							
247908														18831		12520	0					111	4944	1256							
248240														13058		3886	0					1486	6994	692	2261						
248352														604		0	0					303	301	0							
248455														1503		826	0					504	0	173							
248633														3593		0	0					2838	498	257							
248745														5469		541	0					2169	2084	675							
249416														1026		680	0					124	192	30							
249612														351443		279298	35356					1797	32389	2603			140515				
249658														645		0	0					106	510	29							
250430														1905		1584	0					321	0	0							
250476														219		7	0					1	210	1							
250850														968		0	0					870	58	40							
251558														1792		27	0					135	1630	0							
251745														5300		3094	0					495	815	896							
251978														10468		2359	0					1772	6337	0							
252041														3746		138	0					1352	2256	0							
252452														241		0	0					70	124	47							
253356														8451		2315	0					920	3808	1408			2315				
253468														22228		7671	0		4005	1999		5484	6238	2835				Loan Fees & Deposits	SERP Liability		
253646														4246		0	0					817	3429	0							
253730														2658		0	0					287	2371	0							
254317														31982		996	28682					2304	0	0							
254504														5183		591	0					341	4172	79							
254849														11421		4263	4054					711	1917	476							
255350														1719		1318	0					168	231	2							
255556														5460		4746	0					455	259	0							
255574														15695		11031	0					154	4379	131							
255659														50653		30663	0					3108	10306	6576	15525						
256058														5298		3121	0					1443	186	548							
256076														442		361	0					4	77	0							
256179														1925		1423	0					194	1	307							
256553														42051		27628	0					9946	4477	0	15463						
257233														35872		30749	0					428	4370	325							
257345														1934		0	0					1252	631	51							
257578														3048		1772	0					527	749	0							
257653														398		27	0					230	141	0							
257756														2217		34	0					227	1947	9							
258306														17154		15618	0					64	1372	100							
258379														2142		1605	0					91	234	212							
258539														649		76	21					259	276	17							
258874														967		94	0					470	403	0							
259059														780		0	0					95	670	15							
259330														10041		2837	0					2386	4446	372			1728				
259442														4046		1472	0					1063	1286	225							
259956														273		0	0					151	122	0							
260055														72085		51326	0					4413	9256	7090	24548		20936				
260831														1905		190	0					938	717	60							
261146														11670		10233	0		3751		3021	757	611	69				Salaries & Bonuses Payable		MGL Program Fee Deferral	
261360														15171		6903	0					1703	6136	429							
261940														11534		4796	0					2342	3339	1057							
262059														5739		2554	0					801	1841	543							
262237														4275		2414	0					856	875	130							
262358														5824		4035	0					361	1171	257							
262741														3744		34	0					610	3100	0							
262844														6696		2474	0					1904	1953	365							
262956														921		492	0					80	349	0							
263243														4826		2249	0					1494	1014	69	1932						
263627														5005		4402	0					103	475	25							
264455														8315		5318	0					788	2009	200							
264772														194112	0	109425	0	0	63936	0	0	2275	80540	1872	0	0	0	Other Short Term Liabilities			
265340														679		0	0					274	380	25							
265407														28622		9877	0					46	17887	812							
265452														569		347	0					199	23	0							
265676														1504		439	0					649	316	100							
266244														1054		2	0					679	373	0							
266253														661		435	0					166	20	40							
266655														979		0	0					194	775	10							
266851														1959		929	0					410	490	130							
266945														6480		2491	0					1865	2089	35							
267652														580		303	0					122	155	0							
268006														30401		7578	0					1473	20209	1141			1952				
268136														4152		2703	0					506	794	149							
268677														10807		7680	0	153				865	2169	93			7527				
268828														1026		0	0					333	693	0							
268976														3580		2508	0					0	772	300							
269049														2799		0	0					1254	1545	0							
269058														1585		695	0					206	674	10	520						
269571														468		325	9					118	16	0							
269759														135		0	0					135	0	0							
270148														1086		864	0					79	143	0							
270353														593		508	0					85	0	0							
270504														8638		5590	0					496	1869	683							
270531														1386		500	0					228	538	120							
270652														610		127	0					443	40	0							
271136														1358		823	117					51	358	9							
271275														4947		4358	0					0	569	20	3661						
271341														700		55	0					196	418	31							
271529														13052		10319	0					182	2274	277							
272030														1379		456	0					425	420	78							
272058														260		0	0					260	0	0							
272151														455		333	0					66	30	26							
272272														50306		9001	0					15127	21879	4299							
272302														52496		33974	2297					2625	13331	269	31573						
273336														22044		9260	0					358	10705	1721		2702	5779				
273550														2706		1519	0					403	574	210							
273653														509		13	0					436	35	25							
273662														11543		0	0					5494	4941	1108							
273840														1100		57	0					116	925	2							
273859														94		0	0					94	0	0							
274025														25		0	0					9	16	0							
274052														218		0	0					172	46	0							
274829														4178		2341	0					423	1259	155	2341						
274856														576		42	29					440	65	0							
275255														1572		563	0	359	34	25	145	617	68	324				Incoming RBP	Other Liabilities	Deferred Loan Fee	
275358														22064		5185	0					7972	8907	0							
275479														6198		5901	0					1	296	0							
275657														591		0	0					486	11	94							
276074														1715		359	849					23	484	0							
276159														920		0	0					517	399	4							
276551														780		0	0					271	489	20							
276579														1308058		735869	0		202044			60594	465475	46120		257297		LIH Partnerships Unpaid Commitments			
276645														3178		1072	0					487	1619	0							
276654														353		0	0					189	154	10							
276850														68102		150	0					4403	63500	49							
276953														1141		565	0					468	108	0							
277240														3165		622	0					1837	706	0							
277277														1404		170	0					446	582	206							
277736														1023		197	0					384	442	0							
277820														6295		4409	0					1034	585	267							
278256														2644		1764	0					796	84	0							
278555														37689		23911	0					1196	11445	1137							
278733														2189		78	0					292	1442	377							
278751														243		0	0					56	187	0							
278818														41850		16056	0					4829	19864	1101			15078				
279105														13767		4472	0					0	8996	299	1742		2730				
279842														3589		0	0					1954	1080	555							
279954														8356		2825	0					2995	2463	73	1275		813	OTHER LIABILITIES			
280110	2982516	0	1987351	0	0	1235646	0	0	630110	293000	0	0	0									72055						Low income housing commitments			
280138														2673		0	0					477	2196	0							
280352														1038		735	0					61	217	25							
280558														472		16	0					219	237	0							
282075														13039		5044	0					3905	3507	583							
282226														1460		777	0					118	506	59							
282824														2420		575	0					304	1476	65							
283438														8416		6424	0					1729	263	0	1667						
283652														648		508	0					101	39	0							
283737														19209		14458	0					4260	142	349							
283867														14538		6898	0					3974	3201	465							
284154														746		35	0					121	454	136							
284239														1247		28	0					1071	148	0							
284556														5398		662	345					2907	1484	0							
284752														764		186	0					275	303	0							
284958														327		0	0					91	236	0							
285151														3248		2008	939	1794	205			238	0	63				Unearned Loan Fees			
285348														1588		18	0					248	1322	0							
285544														4523		3218	0					16	1095	194			3218				
285553														501		6	91					166	235	3							
285740														9354		2667	0	291				249	6438	0	1473		903				
285852														4625		1107	0					1220	2134	164							
285928														3222		1385	0					599	908	330							
286251														55		0	0					55	0	0							
286457														8079		3211	0					3083	1696	89							
286840														1278		4	118					1055	101	0							
287007														1340		303	0					101	930	6							
287342														530		15	0					411	104	0							
287922														127		0	0					17	110	0							
287959														1292		250	0					295	572	175							
288152														218		0	0					124	94	0							
288376														1812		105	0					590	1117	0							
288853														158510		34761	0			11575		23394	88907	11448			13291		Tax credit investments		
289056														1354		9	0					97	1248	0							
289225														186		13	0					144	29	0							
289515														18186		5205	0					1814	9231	1936							
289702														26292		14129	0					2658	8102	1403							
289739														958		130	0					157	671	0							
289757														3563		2991	0					342	230	0							
290249														9938		7463	0					761	614	1100	4560						
290838														932		192	0					97	523	120							
290922														420		85	0					318	17	0							
291059														3271		2357	0					774	140	0							
291611														7234		312	5221					1269	332	100							
291732														483		0	0					277	206	0							
292234														717		515	0					9	83	110							
292467														359		0	0					38	313	8							
292850														171		15	0					60	96	0							
293053														33237		26279	0					2558	4208	192							
293352														273		0	0					192	81	0							
293437														3434		1612	0					1383	428	11							
293651														2826		969	0					1050	807	0							
293754														253		0	0					103	124	26							
294023														13224		2791	0					817	9581	35							
294751														11774		9300	0					550	1878	46	4734		3932		CDARS DEFERRRED FEE LIABILITIES		
294779														13374		6259	0					1963	4722	430			3077				
294827														1272		6	0					570	696	0							
295011														3431		19	0					1533	1124	755							
295057														1013		0	0					615	377	21							
295646														130		0	0					32	98	0							
296456														4345		755	0					1733	1717	140							
296474														1983		511	136					683	653	0							
296559														1636		4	0					1091	380	161							
296755														646		0	0					599	47	0							
297051														1560		0	0					202	1358	0							
297761														3977		2525	0					953	450	49							
298049														1203		79	0					933	191	0							
298218														7400		4	0					26	7370	0							
298245														1584		22	0					769	793	0							
299868														10893		10587	0					23	282	1	8395						
300009														17097		2548	0					136	14238	175							
300063														5690		862	0					3019	1694	115							
300353														3374		1877	0					351	1146	0							
300933														2783		862	0		218	164		405	1183	333	337			Split Dollar Cost of Insurance	Right of Use Lease Liability		
300942														2912		1790	0	491				855	167	100	711		372				
301574														9227		7324	0					37	1524	342							
301800														16941		13885	0	143	7548			32	2430	594	1140			Lease Liability			
302030														1196		804	0					5	387	0							
302133														208		3	5					36	164	0							
302553														2511		669	0					1681	140	21							
302656														29504		9729	2391		178	2568		5175	11374	835	548	1959	4452	Deferred Gain on Sale of Other Real Estate	Service Fees Payable		
303653														886		28	0					299	386	173							
303701														3265		3135	0					91	0	39							
303747														356		17	0					133	200	6							
303952														3408		1890	0					676	809	33							
304173														7289		4733	0					120	2436	0							
304520														2622		1858	0					102	577	85							
304575														255		227	0					8	20	0							
304762														1071		178	0					313	402	178							
304913														5191	0	3782	0	2946	0	0	0	0	1409	0	0	0	0				
305059														1116		365	403					49	299	0							
305077														3374		2843	0					2	509	20							
305237														3046		3015	0					29	2	0							
305442														5751		3764	0					601	817	569							
306056														189		0	0					84	93	12							
306159														1761		12	0					1054	607	88				UNAMORTIZED LOAN FEES			
306337														2264		710	0					737	736	81							
306908														7607		6689	0					55	709	154							
307062														10576		7877	0					219	1352	1128							
307334														3159		1736	0					446	867	110							
307361														2252		394	0					465	1138	255							
307679														12230		7754	0					532	3393	551							
308256														462		24	0					339	99	0							
308340														2604		10	0					492	2002	100							
308836														573		0	0					155	418	0							
309150														1265		509	0					194	450	112							
309655														17234		7558	0					2466	5546	1664							
309851														226		7	0					117	95	7							
310754														26272		16350	0					642	9222	58							
310978														32315		10214	0					2637	18459	1005		7820					
311050														6634		1264	0					3617	1530	223							
311144														48		28	0					20	0	0							
311256														2888		218	0					684	1952	34							
311265														2042		421	0					435	1113	73							
311603														10641		741	0					295	9605	0							
311658														204		0	0					159	45	0							
311845														310041		127093	0					20570	149560	12818			46917				
311939														3118		1283	0					1430	405	0							
312244														5365		1863	0					469	2803	230							
312356														997		83	0					831	0	83							
313009														1215		164	0					280	692	79							
313157														353		109	0					244	0	0							
313223														5223		4609	0					333	76	205							
313577														18958		10637	0					1223	6899	199							
314257														2536		982	0					695	523	336							
314444														2339		1493	0					717	9	120							
315656														764		251	0					171	302	40							
316840														126681		118137	0		42743			3135	3929	1480			33833	Low Income Housing Commitments			
316859														526		0	0					154	372	0							
316934														18		0	0					6	12	0							
317258														4660		1639	0					874	1939	208							
317342														234973		178899	0		114485			733	48216	7125				Accrued Tax Contributions			
317379														6091		3855	0					1747	274	215							
318974														30232		18974	0					0	10278	980							
319047														2722		344	0					1054	1198	126							
319551														6768		4679	0					1454	375	260							
320034														322		15	0					307	0	0							
320052														4398		8	913					112	3283	82				Unearned Contracts Signing Bonus			
320070														2803		2181	0					217	379	26							
320119														379179		288308	0	96784				28095	58948	3828			127764				
321152														1595		287	0					392	768	148			95				
321255														127		0	0					20	104	3							
321273														7581		3084	0					1323	2529	645							
321330														247		0	0					36	211	0							
321947														5846	595	2382	0		6			2594	641	229	1191			Investments Payable			
322449														1019		139	9					534	290	47							
322551														207		58	0					86	63	0							
323204														28047		16767	0					2286	8994	0							
323651														1702		1165	0					537	0	0							
324153														1696		259	0					577	714	146							
324229														278		137	0					30	101	10							
324256														179		0	0					68	111	0							
324340														33942		16201	0	877		7965		1704	14390	1647		1783			MARGIN GOLDMAN SACHS		
324854														1923		419	0					1386	118	0							
324863														12804		2690	0					4436	1998	3680	2230						
324975														1030		184	0					280	566	0							
325141														1006		0	0					203	745	58							
325459														101		0	0					101	0	0							
325534														5261		3994	0					534	419	314							
326054														2228		147	0					1247	718	116							
326344														4192		3021	0					372	556	243							
326858														39522		24920	0					3227	11025	350							
326979														2478		1390	0					1	975	112							
327220														489		153	0					165	160	11							
327305														15709		12402	0					581	2438	288							
327435														9227		7820	0					138	1155	114							
327556														3266		0	0					1646	1620	0							
327855														14781		8094	0					2260	2086	2341							
328058														77		0	0					19	58	0							
328357														4372		2944	0					2	1423	3			2943				
328656														846		8	0					635	203	0							
328777														29898		18469	0					1050	7057	3322	7419		6809				
329149														1110		574	110					219	207	0							
329345														9596		3708	0					1580	3657	651							
329550														4568		2445	0					736	1387	0							
329952														5213		2387	0					1332	859	635	1891		280				
330239														817		39	0					603	129	46							
330248														1161		548	0					102	488	23							
330855														88698		59246	0					6828	21845	779			52017				
330949														4216		1628	0					1043	1416	129							
331076														5311		2826	0					414	1628	443							
331375														948		96	0					542	310	0							
331544														337		0	0					150	187	0							
331713														5736		2727	0					1770	649	590							
332224														5495		3071	0					961	1145	318							
332671														3454		2936	0					3	445	70							
332756														169		0	0					117	52	0							
333034														2630		439	0					795	896	500							
333203														15283		7995	0		3097			2183	4013	1092			2389	Affordable Housing Investment Payable			
333650														2392		679	43					1404	266	0							
333856														4070		0	0					308	3012	750							
333940														266		0	0					127	135	4							
334264														6541		1292	0					993	4007	249							
335346														3345		1670	0					531	1081	63							
336147														930		194	0					276	249	211							
336361														1593		0	575					472	525	21							
336576														1704		424	0					747	490	43							
337340														706		22	0					476	195	13							
338646														6837		1462	0					1761	3061	553							
338945														422		2	0					130	245	45							
339072														23536		8931	0		5704			203	14329	73				MSR Sale Payable			
339353														369		128	0					118	106	17							
339456														4789		1430	0					1385	1581	393			1336				
339607														16705		11562	0					1184	3506	453							
339773														93866		73037	0					1357	16786	2686	20557	22834	18950				
339858														1062455	0	719255	0	0	0	0	274884	10847	278539	53814	0	0	181611			Payables from Unsettled Trading securities transactions	
340135														18418		12183	0					300	3759	2176	9081						
340144														13891		6052	0					1816	5401	622							
340256														6542		4090	0					769	1433	250							
340443														1454		1178	0					196	73	7							
340742														13339		9734	0					1401	1963	241		635	8629				
340751														10553		4507	0					3602	2291	153							
341310														8924		6898	0					32	1325	669							
342054														3351		1353	0					445	1335	218							
342410														69930		55294	0					1802	10451	2383	33130		14962				
342634														218500		147519	0					9087	35708	26186	90390		37100				
343051														650		567	0					17	42	24							
343248														161		0	0					79	82	0							
343770														372		8	0					101	238	25							
343903														9616		5021	0					1473	3122	0							
343958														873		0	247					393	233	0							
344647														9012		4156	0	1518	709			1761	3095	0	335	1498		Deferred Incentive Compensation			
344852														1120		435	0					445	194	46							
345309														30855		4846	0					163	25516	330	3359						
345345														2752		6	129					1947	640	30							
345747														7203		2424	0					1254	3315	210	2235						
345756														5097		4164	0	1535				892	0	41	469		2160				
345877														8131		6594	0					63	1474	0							
346379														2524		75	604					537	1196	112							
346566														186		98	0					19	69	0							
346771														3118		2384	0					0	665	69							
347022														1636		0	0					493	1103	40							
347639														3715		1719	0					158	1809	29							
347956														14377		12630	184					238	1139	186		5217	7360				
348159														1058		0	0					237	821	0							
348720														7936		4117	0					184	2835	800							
349129														1397		0	0					383	904	110							
349343														446		69	0					234	93	50							
350657														188		46	0					50	79	13							
350750														1281		63	0					677	541	0							
351131														134		85	0					35	0	14							
351560														9555		8823	0					104	328	300							
351878														240		21	0					0	219	0							
352370														2330		953	0					487	861	29							
352651														1687		1268	0					110	258	51							
352745														1779		94	0					432	1091	162							
352772														336024		249049	0		112518			16109	56826	14040				Unfunded investment commitments			
353238														6442		5697	0					515	0	230							
353546														968		707	0					261	0	0							
353555														81875		8289	0					20935	48651	4000			4224				
353957														156		12	0					144	0	0							
354253														686		569	0					99	18	0							
354310														71609		35757	0					15927	16029	3896			29310				
354552														4052		1386	0					1393	1013	260							
354851														322		7	0					136	138	41							
355120														6943		5179	0					1303	461	0							
355559														4444		2321	0					432	1476	215							
355858														31599		5649	0		4231			1734	23267	949				Accrued Long Term Employee Benefits	Deferred Compensation		
356239														2112		1050	52					327	683	0							
356659														781		0	0					425	356	0							
356752														2798		1123	0					247	1157	271							
357526														2502		995	0					348	1151	8							
357553														1452		0	0					882	472	98							
357777														1554		852	0					221	363	118							
357937														5178		3525	0					451	982	220							
358112														4015		2734	0					431	850	0							
358448														214		0	0					33	157	24							
358756														137		0	0					137	0	0							
359472														84		5	0					1	78	0							
359744														799		0	0					302	490	7							
360777														92		4	0					62	26	0							
361055														11688		3674	0					707	6648	659							
361167														82756		55879	0		16879			8550	15178	3149			14670	Restoration Plan Liability			
361279														4178		454	0					1622	1954	148							
361354														370		0	0					299	59	12							
361439														4139		502	0	327				1881	1648	108	67						
362043														268		2	0					86	155	25							
362155														454		0	0					118	229	107							
362717														7159	1200	1427	0					1907	3549	276			100				
362856														334		82	0					39	207	6							
362940														130		28	0					102	0	0							
363442														3		0	0					3	0	0							
363648														697		23	0					313	361	0							
363657														6792		1620	0		432			2103	3069	0		1188		Deferred gain on derivatives that were unwound			
363778														218		115	2					76	25	0							
364131														6476		6029	0					410	0	37							
364270	2446	0	955	0	151	287	0	0	1477	14	0	0	318									0						Guam Income Tax Payable			
364430														3165		1721	0					1126	318	0							
364850														973		801	0		96	91		161	11	0	539			Reserve for High Deductible	Deferred Gain On ORE		
365325														277923		143500	0					23992	77792	32639			95901				
365745														1925		2	0					435	1306	182							
365848														488		47	0					131	308	2							
365950														655		28	133					296	121	77							
366078														12365		6972	0					1521	3494	378							
366238														20262		10185	0	620	254			2702	6580	795	1357		5691	Deferred Director Fees			
366247														1141		50	647					444	0	0							
366359														409		126	0					95	188	0							
366658														435		0	44					259	117	15							
366854														2188		360	224					408	1064	132							
367150														306		12	0					249	45	0							
367178														1439		1060	0					9	361	9							
367431														1756		353	0					184	1119	100							
367543														1198		0	0					493	705	0							
368054														489		0	0					163	279	47							
368344														1805		0	0					489	1316	0							
368522														6563		3948	0					161	2422	32							
368951														801		15	0					362	418	6							
369453														1188		118	0					771	269	30							
369659														12628		6511	0					1407	2798	1912							
370020														11855		7868	0					562	3425	0							
370347														323		0	0					224	99	0							
370721														2758		1955	0		200	919		738	62	3				ACCRUED PAYROLL	ACCRUED TRANSACTION EXPENSE MERGER		
370833														1906		842	0					357	677	30							
370954														518		39	0					155	199	125							
371223														2859		1231	0					262	1366	0							
371232														3939		3524	0					102	313	0							
371362														10026		7886	0					2140	0	0							
371559														410		117	0					293	0	0							
371755														37		3	0					34	0	0							
371849														776		371	0					151	254	0							
371924														23762		16964	0					1712	4437	649							
371942														2540		1717	0					439	384	0							
372444														742		310	0					277	129	26							
372538														9671		56	0					6257	2168	1190							
372640														1958		1692	0					93	79	94							
372855														1714		410	0	410				722	476	106							
373272														265		243	0					17	5	0							
373553														268		0	0					244	24	0							
373601														4137		1574	0		649			918	1585	60				IR Derivatives			
374130														1075		0	0					206	666	203							
374653														69848		46624	0					9006	13118	1100	13749		29630				
374774														382		66	0					120	196	0							
375043														11961		3848	0					2218	5421	474			3610				
375379														209		42	0					0	167	0							
375502														18102		13270	0					0	4534	298							
375566														19902		12622	0					2105	3429	1746							
375650														134		0	0					17	117	0							
376237														929		384	0					92	453	0							
376273														33413		19943	0					48	13305	117	18321						
376442														3958		1595	0					1584	779	0	1566						
376947														934		0	185					357	392	0							
377663														1521		994	0					214	313	0	782						
377850														875		0	0					777	98	0							
378044														358		132	0					161	65	0							
378110														252		103	0					51	96	2							
379050														135		0	0					117	18	0							
379153														496		0	0					234	224	38							
379470														371		120	0					0	251	0							
379649														3290		2274	0					656	360	0	2274						
379920														493587		265786	0					33579	173649	20573			171738				
380346														570		0	0					250	265	55							
380458														34450		20690	0					3779	8513	1468							
380533														2422		0	0					1201	1221	0							
380878														3314		1765	0					550	801	198							
380944														1321		0	0					186	1094	41							
381026														683		0	0					414	269	0							
381932														4017		2359	0					178	1480	0							
381950														1175		156	0					383	636	0							
382050														3288		2202	0					86	929	71							
382069														3239		523	0					1274	1437	5			515				
382256														271		1	155					115	0	0							
382274														2		0	0					2	0	0							
382443														2772		1999	0					286	442	45							
382537														1648		3	0					1380	95	170							
382649														4914		0	0					709	4205	0							
382658														898		0	91					339	468	0							
382742														3364		1733	927					130	503	71							
382854														710		309	0					223	125	53	309						
384018														52706		32980	0					17135	1511	1080							
384278														83135		70074	3869	798				6124	2689	379	8756	13374	1827				
384353														44		0	0					25	19	0							
384652														9208		2320	0					4011	2366	511							
384830														2267		765	0					728	774	0							
385350														1654		1171	0					297	40	146							
385471														6528		4766	0					267	1489	6							
385547														1645		630	0					653	362	0							
385686														4138		4000	0					1	57	80							
386432														848		264	0					441	143	0							
386450														2224		1506	0		64	637		503	145	70	804			Accrued Salaries & Wages	Midwest Housing		
386731														4149		2856	0					802	369	122							
386825														264		0	0					73	191	0							
387055														567		0	0					68	499	0							
387671														3030		814	0					183	1840	193							
388155														568		451	0					55	0	62							
388258														203		0	0					134	61	8							
388557														2032		0	47					1001	984	0							
388744														1741		448	0					151	672	470							
388753														175		0	0					103	70	2							
388874														176		159	0					0	17	0							
389358														1261		0	0					715	546	0							
389376														645		57	0					82	506	0							
390372														5091		4001	0					22	1068	0							
390840														10132		7385	0					829	1570	348							
391418														803		0	0					125	678	0							
391557														598		297	0					64	233	4							
391575	132498	0	34501	72481	18451	0	0	0	3228	1199	0	0	10871									21089									
391959														808		240	177					109	282	0							
391977														21349		11934	0					2	9346	67							
392152														493		0	0					122	276	95							
392255														510		80	0					283	147	0							
392778														10546		3948	0					335	5956	307							
393252														1150		164	0					834	38	114							
393355														827		11	0					183	448	185							
393953														4211		3707	0					504	0	0							
394156														1034		554	0					413	67	0							
394259														2592		478	0					1061	978	75							
395238														1322172		520354	2312					56837	691921	50748			418249				
396057														496		1	0					157	314	24							
396244														5149		3551	0	3079				939	434	225	302			Debit Card Settlement			
396253														10926		6869	0					595	3300	162							
396954														1159		1069	0					90	0	0							
397456														727		202	0					67	378	80			202				
397531														31884		26344	0					419	4337	784							
397540														31465		19253	0		12723			2572	6645	2995		108	4041	LIHTC UNFUNDED LIABILITY			
397559														3281		1159	0					1740	299	83							
397755														15633		6339	0					3783	1511	4000							
397858														241		0	85					140	16	0							
398051														2745		2085	112	322		10		190	358	0	1753			Other Assets	Shazam		
398248														3780		515	2202					302	716	45			515				
398668	262320	0	45986	200947	0	27162	0	0	15387	0	0	0	0									0						Deferred Income			
398837														2537		1467	20					611	184	255							
399357														410		0	0					360	50	0							
399517														108986		70071	0					4953	32837	1125			43780				
399731														921		182	0					206	533	0							
399973														866		55	0					27	735	49							
400057														1322		382	0					398	482	60							
400141														4295		1540	0					1233	1289	233							
400365														6755		3876	0					1062	1571	246							
400767														412		191	0					9	109	103							
401072														354		255	0					6	93	0							
401559														1938		1511	0					301	126	0							
401755														1417		887	0					218	12	300							
401906														7431		5447	0					61	1518	405							
401951														874		681	0					89	79	25							
402846														765		273	36					405	51	0							
402873														2123		1825	0					134	164	0							
403067														3213		2117	0					228	813	55							
403151														13761		939	0	871				5721	7101	0				CDARS INCOMING RATEBRIDGE PAYMENT			
403179														37021		29961	0					1004	5559	497							
403254														427		298	0					4	125	0							
403656														637		0	110					19	508	0							
403870														8848		5804	0					1688	1258	98							
403946														14702		9819	0					685	3286	912							
404653														5571		2797	0					270	2277	227							
404943														280		77	0					141	53	9							
406022														3010		1500	0					127	892	491							
406059														3993		325	0					994	2061	613							
406666														2445		58	0					1417	782	188							
406974														3220		2057	0					452	687	24							
407168														1153		0	0					881	272	0							
407506														69072		57852	0					32	10393	795							
407645														4223		662	0					2013	1321	227							
407850														61		0	0					61	0	0							
408307														1856		681	0					0	849	326			323				
408642														14320		12162	0					175	1527	456							
408875														8298		2384	0					455	5062	397							
409265														637		7	0					493	127	10							
410159														93		0	37					33	23	0							
410560														1920		129	0					1121	623	47							
410748														1448		643	0					572	166	67	643						
410917														3047		2141	0					459	447	0							
411062														212		124	0					45	43	0							
411174														350		13	0					4	333	0							
411231														543		70	0					157	316	0							
411240														448		0	0					333	100	15							
411549														258		209	0					43	0	6							
411576														404		1	0					207	176	20							
411624														1111	140	258	0					593	260	0			112				
411651														1476		2	0					892	582	0							
412153														1040		0	0					437	603	0							
412452														543		480	1					62	0	0							
412555														2891		978	281					502	895	235							
412667														1734		61	373					354	658	288							
412751														90916		31003	0		12281	7875		2119	48361	9433				Right of Use Lease Liability	Merchant Payable		
412845														1004		144	0					268	507	85							
412872														432		162	0					75	174	21							
413141														49059		13164	0	10534				11504	23792	599							
413208	3100371	0	2164919	0	0	0	860588	0	636568	91674	0	0	0									207210							Oth Miscellaneous Liabilities		
413347														289		44	22					41	182	0							
413543														1102		0	0					674	371	57							
413646														3351		228	0					775	2125	223							
413673														895		187	0					269	414	25							
413758														715		11	0					392	312	0							
414102														2569		1734	0					530	50	255							
414652														902		0	39					201	662	0							
414764														3835		1466	0					1394	544	431							
414858														1460		0	0					218	1127	115							
416245														281245		184170	0	59925				21195	59757	16123		45973					
416272														1105		481	0					37	587	0							
416339														356		143	0					100	66	47							
416357														912		0	621					197	94	0							
416656														2848		1006	0					438	1404	0							
416674														5580		3484	0					323	1528	245							
417626														3879		161	0					2872	437	409							
417710														217		0	0					128	89	0							
418100														299		143	0					74	47	35							
418249														11993		6024	0					2721	2598	650							
418436														86		0	0					46	40	0							
419406														151036		104647	0					4527	39765	2097			45187				
419675														13681		2660	0					2466	8165	390							
419947														165		0	0					64	96	5							
420578														1161		95	0					251	688	127							
420644														1699		1247	0					114	148	190							
420877														312		1	0					12	200	99							
421445														537		0	0					64	408	65							
421539														1188		162	0					387	500	139							
422116														1976		695	0					87	1194	0							
422433														35073		12082	0	5	11			15937	6354	700				Escrowed Funds	Income Taxes		
422657														1162		0	577					414	153	18							
423159														365		0	0					365	0	0							
423449														10411		7679	0					1140	201	1391							
423636														1536		516	0					327	634	59							
423739														15028		0	0					2931	9890	2207							
424156														2266		1156	0					544	371	195							
424240														1495		13	20					955	507	0							
424352														891		158	0					361	287	85							
424437														127		96	0					31	0	0							
425050														132		16	0					76	40	0							
425108														4349		2770	0					0	1384	195							
425818														1837		164	0					762	660	251							
425845														1596		567	141					523	365	0							
425911														13690		4140	0					1748	6438	1364							
426057														764		525	0					215	0	24							
426141														199		25	0					70	104	0							
426534														27568		6370	0					3540	14342	3316		3186					
426758														383		92	0					104	169	18							
426945														858		26	0					201	631	0							
427241														2891		1576	0					347	789	179							
427353														5232		2277	0					559	1511	885							
427858														483		72	0					89	222	100							
427960														599		250	0					273	12	64							
428060														12794		5445	0					2790	3709	850							
428462														4668		3089	0					280	1144	155							
428547														13220		3888	1705		3005			2291	3032	2304				Commitments to Fund Low Income Housing Tax Credit			
428855														893		539	0					274	0	80							
429021														5114		2958	0					1193	871	92							
429487														13361		7563	0					459	5227	112							
430036														4472		2755	0				469	353	1014	350			2119			Benefit Plan Reserve	
430054														2378		2045	0					219	88	26							
430344														2391		941	0					1077	243	130							
431323														2251		392	0					878	981	0							
431350														805		335	0					264	201	5							
432058														2134		1385	0					254	223	272							
432432														9536		2653	0					118	6765	0							
433505														15136		3529	5184					233	5319	871			3529				
433608														90926		34555	0					4280	50571	1520			28177				
433859														1177		416	329					275	157	0							
433943														4102		2330	0					728	1044	0							
434203														9445		7129	0					315	983	1018	6624						
434539														2348		1475	0					331	542	0							
435059														3419		1256	0					957	890	316							
435077														384510		371477	0	126030	207089			5	12104	924				Unclaimed Property			
435255														1846		0	178					775	893	0							
435666														1965		693	0					495	777	0							
435750														39451		33911	0					538	4038	964	3750		30161				
436159														230596		181182	0					16547	15475	17392			62664				
436542														3301		1111	0					1391	681	118							
436739														3202		210	0					459	2333	200							
436953														8723		3436	0					3175	1186	926							
437044														339		0	0					284	55	0							
437914														595245		481946	0					21998	78295	13006		128956	130409				
439132														5409		1589	0					2187	1198	435			1589				
439338														27228		9802	0		3922			5576	9091	2759	952	3639	1241	Prepaid Debit Card & Everyday Rewards Points			
439356														8468		3346	0					2943	2149	30							
439404														25789	4000	15086	0					2016	7819	868							
439730														1003		226	0					482	295	0							
440857														465		4	0					409	52	0							
440978														202		16	0					121	65	0							
441050														1460		100	0					962	357	41							
441078														2050		996	0					452	602	0							
441135														188		34	0					51	103	0							
441256														17425		1766	0		763	481		5268	9741	650				Credit Card Rewards & Rebates	Accrued FDIC Ins & Special Assessment		
441359														2846		772	0					1108	941	25							
441470														244		0	0					0	244	0							
441630														629		44	0					346	169	70							
442011														1155		485	232					13	425	0							
442057														468		0	0					344	124	0							
442244														3419		1515	0					970	934	0							
442655														72		0	0					40	17	15							
443148														3288		2525	0					371	182	210							
443205														59118		50276	0					28	8653	161							
443353														3649		1080	0					921	1648	0							
443625														1514		0	0					32	1482	0							
443634														810		0	0					400	381	29							
444350														6403		3344	0					336	2663	60							
444556														5381		2919	0					754	1258	450							
444677														984		727	0					0	257	0							
445674														832		545	0					103	149	35							
445955														3257		925	0					982	1145	205							
446130														2434		1040	0					1274	120	0	353						
446149														375		0	106					244	22	3							
446176														202		14	0					112	76	0					0		
447070														3171		37	0					830	2304	0							
447100														29778		25695	0	170	857	970	4518	158	3881	44	13989	4049	1037	ATM Settlement	Derivatives Collateral	Lead bank - loan payments due 3rd parties	
447557														1641		0	0					654	643	344							
448040														9491		4568	0					960	3490	473							
448554														5303		2817	0					991	1145	350							
449038	879	0	0	0	0	0	0	0	879	0	0	0	0									0									
449430														9033		7649	0					182	1201	1							
449832														1311	160	240	0					589	482	0							
449935														6086		4305	1578					0	203	0							
450632														2736		351	0					297	1298	790							
450669														51		0	14					37	0	0							
450856														96198		27984	0					7850	53515	6849		19096					
450959														5627		451	0					566	4410	200							
451068														2304		1498	0					435	149	222							
451246														1198		590	0					511	11	86							
451273														1495		439	486		142			1	417	152			224	Res 401K Profit Sharing & 401K Matching Contributions			
451965	36696000	0	20580000	4563000	8258000	0	0	0	10073000	566000	0	0	0									914000									
452159														1556		282	0					936	130	208							
452739														1736		808	0					85	712	131							
452841														1816		702	0					745	369	0							
453147														248		0	0					130	102	16							
453446														4778		1564	0					569	2279	366							
454546														1850		116	0					229	1365	140							
454658														6591		0	0					669	5907	15							
454676														12575		3084	0					175	9136	180							
454975														327		230	0					1	96	0							
455150														1215		1023	0		613	405		192	0	0				Post Retirement Benefits	ESOP Contribution Payable	Fed Funds Payable	
455253														1228		518	0	85				85	354	271			433				
455459														2677		0	1184					774	719	0							
455552														28152		22230	0					704	5218	0							
455945														899		450	0					366	0	83							
455972														18988		7792	0		4810			1571	7375	2250			2869	LIHTC Liability			
456045														190901		74289	0		37837	9478		10902	68627	37083				Lease Liability	Escrow Payable-Trimont		
456054														1499		903	53					143	400	0							
456344														406		0	0					406	0	0							
456755														2267		946	0					734	587	0	910						
457060														673		41	0					436	196	0							
457220														714		0	0					600	114	0							
457426														2095		541	0					735	819	0							
457752														5380		2189	0					337	2604	250							
458142														988		3	0					579	403	3							
458544														10214		3263	0					1805	3730	1416							
458665														1954		9	1007					168	528	242							
458946														538		17	0					281	240	0							
459130														4704		3471	0					498	573	162							
459372														18134		14426	0					1046	2662	0							
459644														988		741	0					90	107	50							
459671														27250		6431	0					65	17293	3461			6104				
460033														35919		4817	0					7564	22361	1177			2517				
460275														303		0	0					0	303	0							
460332														737		240	0					287	145	65							
460350														467		62	27		15	45		187	139	52				Core Conversion Liability	Mastercard Incentive Liability		
460556														273		170	0					103	0	0							
460770														1176		288	0					188	507	193							
461058														2011		586	0					224	1124	77							
463605														2999		1581	0					96	762	560							
463650														11092		6913	0					1249	1883	1047							
463735														445237		290591	0					9972	116800	27874	80535		122803				
464853														1703		1511	0					150	42	0							
465038														1434		145	0					201	853	235							
465243														2554		997	0					488	967	102							
465524														498		0	0					179	297	22							
465618														17728		9507	0					4752	3341	128							
465672														2012		992	0					245	646	129							
466044														1558		479	0					721	188	170							
466240														13724		4817	0					1963	6903	41							
466754														11061		1883	0					6680	1935	563							
466932														350		183	0					112	55	0							
467144														528		242	0					199	76	11	238						
467470														959		101	0					20	837	1							
467658														9659		6001	0					834	2335	489							
467733														1135		552	0					438	145	0							
468673														4712		1997	0					1653	1062	0							
468806														27215		4938	0					16734	5118	425							
469250														59		19	0					36	2	2							
469559														2087		0	88					945	1009	45							
469737														4291		379	0					332	2990	590							
470032														2391		1423	0					918	50	0							
470050														96701		61471	0	10621				5702	20686	8842				Securities purchased not settled			
470434														1534		1289	0					135	110	0							
470452														15638		7243	0	861				1876	5448	1071	2659		3656				
471057														288		93	0					181	14	0							
472018														924		108	0					89	669	58							
472045														172		0	24					146	1	1							
472148														363		243	0					45	75	0							
472250														56		0	0					56	0	0							
472531														594		0	0					170	424	0							
472616														12497		8716	687					948	2023	123	8125						
472951														921		0	51					217	643	10							
472979														807		0	0					471	336	0							
473042														27621		20385	0					1745	4836	655							
473257														1112		0	0					441	414	257							
473266														15214		3838	0					1609	7339	2428							
473930														1908		65	0					823	1020	0							
474058														143		0	0					53	53	37							
474245														313		114	0					103	22	74							
474254														75470		45237	0					10807	15496	3930	24871						
474357														1010		524	0					204	256	26	421						
474450														1690		119	41					486	1003	41							
474544														262		0	0					70	192	0							
474656														1015		730	0					169	75	41							
474759														175128		112470	0		30782			5516	56133	1009	34588			Loans Subject to GNMA repurchase rights			
474919														494517		322247	0					19842	137853	14575			157971				
475345														2359		1	0					419	1937	2							
475354														7887		2753	0					1790	2704	640							
475653														4451		1194	0					1295	1332	630							
475756														1276		141	0					357	618	160							
476445														408		181	0					171	56	0							
476472														2435		1276	0					224	935	0							
476539														4016		3328	0					541	0	147							
476810	67856000	0	52178000	928000	0	18397000	0	0	12252000	1661000	0	0	0									837000						Brokerage Payable			
477321														11580		9749	0					614	872	345							
477349														9529		8432	0		6708			591	431	75				Student Loan Unearned Income			
477648														2480		312	0					536	1534	98							
477844														1611		628	0					324	572	87							
478140														659		385	0					180	94	0							
478195														3641		90	0					1144	2407	0							
479071														5454		3694	0					64	1687	9							
479268														160703		57135	0					1662	101385	521	56649						
479370														3107		875	0					97	1835	300							
479446														4608		3187	0					115	1126	180							
479567														920		15	0					100	805	0							
479754														2327		912	0					813	602	0							
479839														9225		4475	0					2889	865	996							
480059														441		16	0					96	329	0							
480228	45989000	0	32194000	1038000	9731000	0	0	0	9913000	1109000	0	0	0									1735000									
480246														143		0	55					33	55	0							
480330														390		4	16	4				64	306	0				Accounts payable			
480433														2566		439	0					1119	1008	0							
480723														4755		3911	0					364	312	168			2215				
480853														3130		789	0					206	2135	0							
481159														438		0	0					47	391	0							
481177														13612		9773	0	6420				1367	2322	150							
481579														639		90	0					441	86	22							
481627														4307		2698	0					755	801	53							
481748														167		0	0					76	81	10							
481944														508		6	0					120	274	108							
482053														4227		2270	0					1227	707	23							
482156														6890		2882	0					2818	929	261							
482370														243		116	0	44	72			109	18	0				Divendend Checks Outstanding & Stale	Backup Withholding	Debit Card Settlements	
482446														1380		123	0					212	1010	35							
483274														2432		114	0					46	2257	15							
483537														1475		823	0					283	339	30							
483751														5161		2901	0					1205	965	90							
484057														1042		753	0					76	200	13							
484776														2682		511	0					1398	566	207							
485054														460		1	0					182	277	0							
485139														1109		760	0					337	12	0	673						
485214														2363		57	0					1526	564	216							
485456														3462		1466	0					622	526	848							
485559														1701861		1116268	0					76084	416923	92586		282653	372936				
487142														281		0	0					215	66	0							
487357														4736		1655	0	274				649	2422	10	1344		37				
488318	2602	0	1821	0	0	1489	0	0	781	0	0	0	0									0						Deferred Income			
488420														260		4	0					148	104	4							
488653														4810		3660	0					45	954	151							
488756														620		213	0					203	204	0							
489155														718		17	143					134	424	0							
489249														383		3	0					162	217	1							
489548														5354		850	0					1299	3041	164							
489623														106896		82414	0		28319	7731		4630	15296	4556	23466	570	17280	Low Income Housing Commitments	Capital Investment Commitments		
490348														600		1	0					333	266	0							
490450														10801		861	0					2317	6143	1480							
490843														507		344	0					96	44	23							
490955														201		14	152					10	25	0							
491224	9522000	0	4348000	3533000	1394000	0	0	1326000	1317000	265000	0	0	0									59000								Credit Balances Factor Clients	
491402														9025		1427	0					93	7028	477							
491653														522		2	0					323	187	10							
491934														14493		4913	0					1059	7446	1075							
492650														6341		410	0		49			4222	1709	0				CDARS INCOMING RATEBRIDGE PAYMENT			
492810														1145		56	155	56				201	733	0				Pension			
493077														518		311	0					0	179	28							
493152														3630		1627	0					1378	625	0							
493741														5541		1621	0					585	2969	366							
493844														3220		393	0					1059	1503	265							
494261														406156		199655	0					39501	136778	30222			123254				
494654														4103		1055	0					1298	1630	120							
495419														7153		4629	0					710	1618	196							
495558														3653		0	0					69	3569	15							
496434														905		713	0					35	153	4							
496845														2563		0	0					1065	1360	138							
496957														867		591	0					276	0	0							
497039														9616		3290	404					2783	3069	70							
497404	5122400	0	2815673	0	0	0	0	0	1969685	236923	0	0	1776734									100119									
497655														707		425	0					156	81	45							
497851														3144		2049	0					622	473	0							
497954														7352		3317	0					1907	858	1270							
498148														9367		5799	0					1280	1973	315							
498317														26158		5448	0					5294	14599	817	4170						
498362														31788		20626	0					2329	7433	1400	9624	20					
498456														150		0	0					16	126	8							
498531														8324		1450	0					2983	3001	890							
498625														1593		1389	0					186	18	0							
498942														308		0	0					156	144	8							
499154														914		60	0					152	702	0							
499453														4557		1020	0					1422	1965	150							
499501														32627		21083	0					1398	8675	1471							
499743														3311		95	0					2091	1010	115							
499752														236		6	0					1	225	4							
499855														3633		2146	0					819	668	0							
500256														1097		144	0					768	0	185							
500658														529		2	17					46	382	82							
501105	3843622	0	2186247	0	0	657151	0	0	1443698	95000	0	0	629473									118677						Low Income Housing and Energy Credit Investment			
501132														4430		1007	0					1723	1615	85							
501459														7540		2351	0					1411	3740	38							
501655														1613		894	0		894			522	197	0				OFFICERS RETIREMENT			
501767														2858		2608	0					250	0	0							
502111														42338		37178	0					528	4134	498							
502447														821		110	0					303	408	0							
502559														2633		1896	436					123	178	0							
502652														2757		499	0					849	1200	209							
502746														1970		369	0					563	849	189							
502849														22787		11999	0					3885	4453	2450							
503547														322		114	76					45	68	19							
503640														6801		4557	0					49	2013	182							
504142														930		846	0					32	10	42							
504311														6300		4084	0					508	1478	230							
504535														1393		167	0					577	372	277							
504647														161		0	0					28	126	7							
504713	20849445	0	14969174	4445	0	0	0	0	4963721	339900	0	0	0									572205									
505550														2902		737	0					1126	789	250							
505916														302		242	0					60	0	0							
507068														42030		10768	0					814	27693	2755	9791						
507152														3356		949	0					789	1618	0							
507349														398		184	0					105	85	24							
507509														36309		13955	0	56	12935			85	21313	956		418		Right of Use Liability			
508270														99		2	0					6	91	0							
508346														14279		4681	0					1503	7097	998							
508355														4179		1211	0					473	2142	353							
509811														60502		12389	0					18655	28308	1150			11580				
509857														143		65	0					42	34	2							
509950														118869		75310	10462					5215	15410	12472	34805						
510330														4062		1371	0					300	2391	0							
510648														2003		1316	0					375	223	89							
510871	241831	0	157511	0	0	72758	0	0	50472	2611	0	0	58439									31237						Unsettled investment trades			
510938														4076		2289	0					474	1104	209							
510947														1370		840	0					419	91	20							
511832														3483		1657	0					1482	270	74							
513256														1156		0	0					56	940	160							
513322														752		0	0					48	692	12							
513340														2756		1226	0					197	1302	31							
513546														647		0	0					105	510	32							
513854														840		64	0					76	700	0							
514048														8313		6549	0					988	207	569							
514057														191		0	54					28	109	0							
514066														39276		28878	0					668	9244	486							
514132														3206		1432	0					667	1009	98							
514356														61		0	0					22	16	23							
514655														2946		151	0					224	2031	540							
514936														2991		207	0					1804	920	60							
515979														0		0	0					0	0	0							
516154														1112		0	0					719	393	0							
516855														4169		87	0					2518	928	636							
516873														263		139	0					0	124	0							
517049														10980		650	0					2606	5669	2055							
517357														14467		7508	0					1739	4612	608							
517441														2198		13	20					591	1567	7							
517674														12040		8136	0					1791	1735	378							
518037														8439		0	0					3029	4550	860							
518176														510		486	0					1	20	3							
518354														1995		0	0					104	1891	0							
518877														1532		503	0					260	586	183							
519146														5711		3100	0					1467	1144	0							
519360														3278		1085	0					1027	1152	14							
519445														2029		1442	0					486	101	0							
519874														185		0	0					185	0	0							
520003														19333		13731	0					464	4583	555							
520423														1978		1083	0					385	468	42							
520777														787		0	0					155	527	105							
521158														4554		2830	0					481	1153	90							
521970														6226		4839	0					87	1252	48							
522034														1367		0	0					583	774	10							
522454														200		14	0					120	50	16							
522605														49201		34317	0					6673	5091	3120	8639			FV Liability Customer Loan Swaps			
522669														2727		967	0					563	998	199							
522753														2523		790	0					1058	615	60							
523161														4408		1488	0					1758	977	185							
524579														8690		6237	0					631	1181	641							
524757														765		297	87					294	22	65							
524766														1160		468	0					241	294	157							
524953														2415		498	0					654	734	529							
524971														9885		5553	0	4395				16	3959	357	1158						
525053														10307		2799	0					1573	5756	179	1887		911				
525549														26883		13766	0					1453	9561	2103							
526452	40881	0	6247	12460	0	0	0	0	19491	505	0	0	2438									2178									
526519														19812		14671	0					3521	1249	371							
526854														13019		7319	0		695			4284	1376	40	6566			Unearned Loan Fee			
527057														570		18	0					243	280	29							
527178														2401		1566	0					241	594	0							
527600														19899		17031	0					950	1596	322							
527749														291		50	0					185	56	0							
527954														604222		85821	0		23464			39250	458420	20731			25565	Deferred Revenue			
528102														2877		1965	0					0	822	90							
528241														480		11	0					150	319	0							
528849														23630		14810	0					1187	6887	746							
528960														12231		1073	0					3716	5142	2300			1038				
529275														3221		537	0					2007	649	28							
529341														30023		23264	0					1281	5478	0							
529659														3496		1852	0					788	856	0							
529958														19814		7396	0					0	10008	2410							
530655														3849		820	0					1179	1850	0							
530851														1889		425	0					1096	328	40							
531157														690		329	0					328	33	0							
531250														8865		2817	0					1964	3778	306							
532042														6990		1274	0					1671	3696	349							
532453														775		534	18					190	33	0							
532752														639		160	0					454	25	0							
533124														5382		3720	0					606	961	95							
533227														810		192	0					86	532	0							
533535														920		50	0					698	172	0							
534073														62		36	0					0	26	0							
534242														243		0	122					48	73	0							
534466														3466		3161	0					275	2	28							
534756														1971		925	0					162	884	0							
534859														721		2	147					197	362	13							
534877														4142		1940	0					725	1449	28							
535034														879		41	0					398	440	0							
535575														714		177	0					13	506	18							
535753														52854		35302	0					8883	5355	3314							
535931														2936		1355	0		331			785	732	64	505			EFT settlement			
535940														1109		459	97					377	105	71							
536059														39547		5798	0	3068				24112	7682	1955			2039				
536349														2332		13	0					837	1482	0							
536527														5542		2315	0					1127	2100	0							
536554														9022		3082	0					3025	1459	1456							
536853														158		0	0					80	78	0							
537243														652		277	0					291	84	0							
537449														70098		43443	0					9563	14782	2310		38726					
537551														3118		0	0					2867	251	0							
537560														16964		7404	0					4428	5132	0			6784				
538222														1557		1279	0					255	4	19	1279						
538473														20498		13062	0					2462	3839	1135							
538754														5895		3721	0					772	1402	0							
538802	40843	0	31596	0	0	0	0	0	459	944	0	0	24283									7844									
539032														49544		44407	0	29	14279	12558		4741	396	0				Salary Continuation	Min. Pension Liability	FX Fwd Contract	
539340														3763		1186	0					1080	1497	0							
539377														3226		1041	0					662	1296	227							
539452														1351		1268	0					83	0	0							
539872														3562		2239	0					146	911	266							
540056														2857		1176	0					1180	488	13							
540542														960		0	0					63	897	0							
540551														23945		14966	0					1878	5851	1250	6110	1744					
540739														2460		459	0					723	1260	18							
540775														3751		1982	0			705		370	1247	152			654	ATM Settlement	Borrowers Funds		
540850														393		0	0					188	205	0							
541101	10656000	0	6980000	786000	3321000	0	0	0	2720000	62000	0	0	0									108000									
541231														5040		3482	0		615			1507	51	0	2220			ADECA Guaranty Funds			
541307														1750		708	0					367	475	200							
541642														586		130	1					232	210	13							
541754														1682		231	0					627	824	0							
541857														5636		1803	0					1768	1920	145							
542153														1283		659	0					184	384	56							
542340														6106		335	0					1700	3298	773							
542528														51391		14394	0	364	5479			8257	25365	3375	5798		2562	LIHTC Unfunded Commitment			
542667														6709		5287	0					1307	77	38							
542854														358		323	0					19	12	4							
543262														24909		9963	0					4326	10620	0	8862						
543459														3500		126	0					1587	1702	85							
543945														3606		0	0					1867	1499	240							
544335														1611		326	0					605	680	0							
544447														912		0	0					685	227	0							
544652														5343		2141	0					769	2302	131							
544951														67		0	0					39	28	0							
545604														10381		6854	0					24	2873	630							
546003														33773		17507	0					1726	14476	64							
546320														666		227	0					226	213	0							
546535														2264		42	0					796	1101	325							
546544														9630		1907	0					3529	3809	385							
547251														216		0	0					12	204	0							
547550														1127		0	0					409	564	154							
547840														36344		20844	0					759	12759	1982			17323				
548052														1120		662	0					355	68	35							
548267														2315		1624	0					181	398	112							
548351														30569		15871	0					3490	10978	230	7536						
548472														626		530	69					27	0	0							
548771														10437		4831	0					886	4522	198							
549862														3000		14	0					1107	1349	530							
550279														3504		870	0					460	2158	16							
550354														1141		744	0					163	177	57	568		176				
550448														454		0	0					403	41	10							
550635														7020		5292	0	1515				1194	534	0	956	1198		Federated Cash Sweeps in Process			
550653														510		233	0					106	171	0							
550952														2141		1067	0					291	744	39							
551016														2359		1744	0					29	586	0							
552059														2116		746	0					761	595	14							
552161														18898		2550	3785					5245	5623	1695							
552545														5510		3552	0					872	1086	0							
552956														128		0	0					50	37	41							
552974														1999		585	0	135				397	986	31							
553038														1536		1162	0					174	0	200							
553926														1032		645	0	43				123	166	98	512						
553944														2823		748	0					672	1229	174							
554343														732		0	0					129	578	25							
554857														10013		4092	0			406		4176	1295	450	3686			ACCRUED INTEREST ON BORROWINGS	OTHER LIABILITIES		
555256														2897		1326	0					414	990	167							
556011														4158		55	0					1526	2577	0							
556459														8712		3707	0					1538	3160	307							
556936														12219		2850	0					2466	6601	302	2777						
557317														52417		36451	0		14894			1250	12559	2157			15965	Securities Purchases not yet settled			
557438														1924		8	0					144	1772	0							
557858														46438		18893	0		6839			11558	14078	1909	11549			LIHTC Notes Payable			
559179														123		74	0					42	7	0							
560214														209		0	0					73	136	0							
560353														767		0	0					342	366	59							
560438														530		44	0					311	175	0							
560830														568		108	0					94	366	0							
561145														4561		0	0					2452	2080	29							
561574														4957		938	0					190	3451	378							
561659														6137		3271	0		981			259	1802	805	2110			Equity Fund of Nebraska			
561864														6260		3841	0					410	1648	361							
562058														3167		549	0					1233	881	504							
563233														1567		1207	0					64	296	0							
563336														685		584	0					52	49	0							
563457														2124		1909	0					154	61	0							
563934														506		12	108					139	247	0							
564052														916		5	0					895	16	0							
564324														5001		2938	0					754	1309	0							
564463														1916		942	0					688	207	79							
564557	13320	0	2593	0	0	0	0	0	3949	1318	0	0	2396									5460									
564678														729		391	0					0	319	19			377				
564838														1247		544	0					345	281	77							
565143														6325		1805	0	1448				720	3789	11				DEBIT CARD SETTLEMENT			
565170														7009		6737	0					1	271	0							
565536														1127		371	34					282	416	24							
565750														14433		2688	0					1583	7431	2731							
565844														908		560	174					130	3	41	507						
566056														1933		482	0					329	1122	0							
566243														827		50	328					319	61	69							
567240														1113		2	0					546	428	137							
567679														2725		1514	0					204	1007	0							
567736														1479		1201	0					277	0	1							
568126														2614		0	0					450	2164	0							
568135														1925		302	0					707	867	49							
568359														7218		3552	0					2793	745	128	736		2647				
568377														1159		0	0					755	395	9							
568470														33062		25538	0		4086			779	5079	1666				Interest Rate Swap Mark to Market			
568939														1242		20	0					785	229	208							
570558														886		90	0					316	365	115							
570651														293		6	116					109	62	0							
571135														628		284	0					209	0	135	284						
571265														7531		4976	0					2237	248	70	4844						
571920														2228		379	0					165	1684	0							
571957														222		0	0					51	148	23							
572347														1025		82	203					176	507	57							
572374														72217		24644	0					3026	36880	7667		12411	5822	0			
572459														3242		2022	0					1139	81	0							
572655														391		0	0					181	210	0							
573036														7182		4691	0					653	1552	286							
573335														1049		302	0					547	0	200							
574079														1742		672	0					14	1033	23							
574949														3273		42	0					2504	366	361							
574976														17532		9892	0					3111	4015	514							
575133														312		136	0					144	1	31							
575254														66912		46379	0					4209	14704	1620	13864			Hedge collateral liability			
575348														995		167	0					553	263	12							
575375														401		134	0					1	242	24				Loans in Process			
575759														3079	475	1274	0					746	1041	18	443						
575834														7625		5378	0					397	1785	65							
576354														1459		457	0		352			216	739	47				Accrued salaries and commissions			
576578														1332		969	0					0	294	69							
576608														13606		7276	0	2601				823	5036	471	1946		2081		ATM SETTLEMENT	SERP RESERVE	
576644														8941		5119	0					1297	1810	715							
576952														533		3	0					147	383	0							
577128														85222		47222	0			6207		9526	25787	2687			10433	LIHTC Liability	ATM Settlements	Insurance Agency Premiums Payable	
577137														14022		5513	4163	2061				1180	2587	579		1573					
577230														102		0	0					51	51	0							
578116														4478		4018	0					185	231	44							
578237														164		41	0					44	79	0							
578255														22104		14338	0					2453	4483	830							
578554														358		19	0					220	119	0							
578741														2591		2	0					449	1714	426							
578862														292		0	0					174	108	10							
579140														4239		778	0					821	2640	0							
579319														136		51	0					21	64	0							
579364														3806		272	0					1392	1854	288							
579636														1010		745	0					259	0	6							
580155														5904		1299	0					2779	1309	517							
580548														5731		3283	0					417	1948	83	2408						
580847														605		44	0					166	326	69							
580874														3105		2677	0					99	225	104							
581237														285		248	0					34	3	0							
581358														1160		487	0					407	264	2							
582654														370		0	0					141	206	23							
582878														1181		1006	0					20	155	0							
582953														5720		2326	0					773	2521	100							
582971														14701		9439	0					123	4866	273							
583071														2114		2063	0					0	51	0							
583268														6508		366	0					2532	2718	892							
583352														3594		387	0					384	2823	0							
583754														5462		2367	0					818	1916	361							
583905														22256		16406	0					876	4511	463							
584377														35609		29910	0			8640		1718	3633	348	16176				Unearned Income - Solar Leases		
584724														9711		7741	0					607	1363	0							
584920														20207		4853	0					1985	8708	4661							
585749														6834		8	303					4967	1556	0							
586027														1762		300	0					1232	230	0							
586072														5020		2661	0					2007	0	352							
586335														586		0	135					170	281	0							
586960														719		0	0					164	482	73							
587677														1727		799	0					451	331	146							
587800														146299		95912	0					3753	43580	3054	33127						
588245														2290		0	0					808	1329	153							
588348														1491		0	0					1099	392	0							
589158														3192		2493	0					486	213	0							
589523														16106		10514	0					2451	2771	370							
589943														13232		4257	0		1162			2372	6067	536				Loss Contingency			
590220														10344		7258	0		4892			387	2520	179			877	Supplemental Executive Retirement Plans			
590640														4699		1104	0					1013	1707	875							
590976														12372		4077	0					6739	1051	505							
591209														1226		52	0					3	1076	95							
591320														3054		756	0					640	1444	214			702				
591357														1227		143	0					576	481	27							
591366														3967		3230	0					513	48	176	2542		275				
592448														35425		14513	0		12811			1207	19199	506				lease liability			
592550														4694		2849	0					1406	439	0	2842						
592644														10269		2343	0					180	6267	1479							
593007														68270		42454	0					1720	20979	3117	10863	10936	11987				
593052														16903		2379	370					5962	8088	104							
593249														2781		909	0					1464	408	0							
593333														1054		22	0					419	613	0							
593771														240		0	0					40	200	0							
593940														165		0	0					138	25	2							
594433														23671		3505	0					9612	8340	2214							
594451														13972		6957	0	19				1438	5311	266	2991		3321	Other			
594853														23011		19801	0					2213	1	996							
594938														4287		3734	0					309	244	0							
594947														30112		6520	0	4934				8500	12093	2999			1586				
595270														287049		85220	22747					14977	150023	14082			44459				
595337														535		0	0					399	136	0							
595430														20357		7717	6155		6798			2165	1845	2475				Commitments to Fund Low Income Housing Tax Credit			
595869	324023	0	258685	0	0	97181	0	0	32944	9860	0	0	0									22534						UNFUNDED COMMITMENT- LOW INCOME HOUSING			
595944														872		509	0					214	149	0							
596062														11492		5827	0					2198	2629	838							
596156														8290		3899	0		3719			962	3211	218				ROU LIABILITY			
596277														192		42	0					67	83	0							
596455														1079		43	0					521	425	90							
596978														1853		1003	0					311	531	8							
597041														1456		155	45					1061	70	125							
597313														4742		1147	0					1109	2429	57							
597452														2760		1137	258					1044	212	109							
597546														7570		3994	0					969	2513	94							
597658														630		7	0					174	449	0							
598002														7264		3883	0					372	2681	328			2063				
598048														6390		1400	0					582	4176	232							
598132														318		0	0					32	261	25							
598543														523		0	0					271	252	0							
599643														2402		740	0					997	665	0							
599764														43671		11830	0					6075	16041	9725	9255			CDARS Incoming RteBridge	Allow Mtg Repurchase	Investments Purchased not Settled	
600419														25359		11816	0					4703	7393	1447							
601032														557		365	0					27	150	15	365						
601041														441		0	12					344	85	0				Bonuses			
601050														540259		402623	7913	140977				32017	82379	15327	15	20812	31088				
601153														1620		651	58					497	314	100							
601416														101231		59244	0		23780			18069	19319	4599			32146	Collateral due to Broker			
601443														2083		138	0					1324	321	300							
601658														2843		92	0					1401	1350	0							
602543														3482		2419	0					770	218	75							
602842														18		0	0					18	0	0							
603232														643		204	0	149	37			134	305	0				Debit card cleating			
603540														477		247	0					74	111	45							
603559														140		0	0					70	52	18							
603755														402		124	0					17	225	36							
604024														6548		862	0					1360	4061	265							
604033														62		0	0					46	16	0							
604547														2318		645	125					453	1044	51							
604640														1370		1055	0					137	157	21	428		366				
605571														301		78	0					222	1	0							
605610														3130		1840	0					65	1195	30							
605656														2981		82	272	60				1183	1274	170							
606046														879111		483936	0		172179			162508	221116	11551			188306	Unfunded LIHTC Investment Commitments			
606176														14649		11045	0					43	2461	1100							
606653														4538		733	0					1849	1956	0							
607146														4464		1606	0					2173	685	0							
608358														1631		827	0					502	302	0							
608844														3020		577	0					276	2017	150							
609010														2503		1014	0					235	1181	73							
609467														2194		1454	0					215	525	0							
609476														2409		1751	0					257	336	65							
609609														20276		17194	0					1218	1861	3							
609832														620		33	8					328	81	170							
610128														4497		3460	0					148	789	100							
610164														4512		2779	0					296	1426	11							
610539														311		1	0					75	202	33							
610557														2001		400	0					353	1168	80							
610913														1255		403	0					456	384	12							
611031														4605		1258	0					303	3044	0							
612159														2220		291	0					1185	744	0							
612878														436		225	0					158	53	0							
613008														271959		171089	0		56133			10693	88452	1725			74402	Obligation to fund low income housing tax credit investments			
613156														4605		3133	0					147	1229	96							
613343														23185		11106	0					4636	6758	685							
613400														78167		48288	0			1579		2413	27466	0	6028	10902		Deferred pension liability	Deferred income NEFWC, Inc.		
613558														9809		6781	0					1444	1465	119							
613679														4348		1142	0	675	323			1217	1687	302	133			Internal / Sweep Accounts			
613839														1633		0	0					579	891	163							
613950														174104		129173	0					2504	40935	1492							
613978														693		430	0					34	202	27							
614256														732		479	0					253	0	0							
614313														17882		7617	1278					2467	5046	1474	2246						
614368														3188		419	0					554	2190	25							
614751														2287		1511	0					272	504	0	1511						
614948														2268		31	0					492	1591	154							
615217														4259		813	0					541	2255	650							
615253														1201		297	0					642	262	0							
615851														768		0	0					656	112	0							
615879														1811		94	0					1091	609	17							
615954														12529		7364	0					494	3604	1067							
616036														10260		2771	0					1727	5490	272							
616540														1925		1230	44					312	309	30							
617079														552		102	0					3	409	38							
617145														935		370	0					318	247	0							
617275														425		275	0					86	60	4	275						
617743														820		3	95					526	190	6							
618647														279		0	0					179	97	3							
618740														6284		1244	0					1683	3199	158							
618777														277		77	94					80	26	0							
618807														96405		45762	0					4221	40391	6031	22438	14914					
619701														35137		17595	0					456	16169	917							
619859														1141		33	0					737	360	11							
619877	1942000	0	750000	0	643000	0	0	0	1183000	1000	0	0	0									8000									
621151														504		0	0					214	213	77							
621357														2663		0	0					460	1668	535							
621441														3730		2074	0					404	1240	12							
622037														3713		1696	0					506	1251	260							
622774														19270		14388	0					1865	2550	467							
623052														1452		0	0					553	874	25							
623454														4307		2832	0					764	561	150							
623548														1900		1248	0					259	362	31							
623874														2087		1402	0					266	351	68							
624246														3165		707	226					602	1597	33							
624648														625		0	0					439	186	0							
624778														8631		4697	0					2884	968	82							
624956														291		2	0					100	189	0							
625056														497		405	0					17	75	0							
625065														2924		556	0					110	1669	589							
625159														4430		12	0					3138	1164	116							
625654														8800		2031	0	7				335	4369	2065	957		931				
625757														1041		506	0					92	347	96							
625850														800		169	114					343	121	53							
625953														1748		1340	0					269	139	0							
626101														18793		12174	0					1177	3921	1521	8869		2719				
627108														27356		6901	17784					22	2470	179							
627854														584		168	0					416	0	0							
628039														429		17	0					189	197	26							
628123														1941		315	0		298			45	1366	215				Contingent Earnout Liability			
628356														1809		431	0					475	797	106							
628552														4021		69	0					2496	1330	126							
629148														3544		3219	0					145	96	84							
629353														6435		3764	0					1069	1247	355							
629522														2524		1759	0					170	575	20							
629746														1041		62	0					469	385	125							
630041														139		84	0					29	23	3							
630340														224		21	0					198	5	0							
630555														7889		4584	0					678	2087	540							
630658														2170		1208	97					43	679	143							
631039														1630		299	0					338	834	159							
631150														2426		1803	0					351	272	0							
631178														3873		2373	0	82				664	536	300	1987						
631422														16351		7337	0		1217			7685	979	350	4043			Cardholder Suspense			
631570														11236		6669	0					1020	3497	50							
632410														2457		0	0					591	1397	469							
632607														7712		2870	0					526	3961	355							
632858														1972		113	0					827	659	373							
633378														38377		25033	0					3421	8672	1251			12619				
633640														406		282	0					124	0	0							
634544														1362		426	0					610	276	50							
634955														4426		2641	0					161	1624	0							
635840														5512		2845	0					324	2080	263							
635907														11009		8069	0					492	2067	381							
636276														3443		2300	0					171	663	309							
636753														382		0	0					202	96	84							
636771														84694		58861	0					2962	17930	4941		20729		Tax Credit Liability			
637170														3975		614	0					586	2493	282							
637451														131780		58678	0		27080			6371	58919	7812				Margin Call Payable			
637554														1093		83	0					20	178	812							
638131														1315		0	0					748	506	61							
638355														681		0	0					580	83	18							
638850														1875		10	1395					104	269	97							
639549														6847		2693	0					1569	2097	488							
639567														316136		203576	0					531	112029	0	92670						
639633														1834		344	0					812	678	0							
639857														112		64	0					43	5	0							
640143														1204		38	464					94	603	5							
640246														7514		5111	0					902	1501	0	4741						
640442														2983		1584	0					1038	354	7							
640956														1063		500	0					118	320	125							
641449														917		0	0					710	196	11							
641579														447		21	0					89	287	50							
642437														1678		320	0					628	449	281							
643078														6830		2440	0					665	3655	70							
643274														18		0	0					2	16	0							
643340														2269		8	0					9	2226	26							
643658														340		160	0					43	72	65							
644057														58		0	0					51	7	0							
644141														503		287	0					83	123	10							
644646														876		387	0					328	161	0							
644776														2133		1028	0					135	954	16	421		316				
644842														2588		628	0					1078	617	265							
644954														2603		560	0					0	2043	0							
644963														1848		908	21					669	232	18							
645157														536		0	0					332	204	0							
645317														27638		12008	0	4147	6936			2062	12832	736				Deferred income			
645465														19444		10094	0	692				482	8503	365	1136		3819				
645540														1402		0	0					408	418	576							
645577														3820		2327	0					212	1081	200							
645625														306135		147420	0					17285	133448	7982		66886					
646042														476		0	35					201	240	0							
646145														4195		1314	0					1069	1802	10							
646172														5439		5142	0					40	257	0							
646444														2040		356	0					165	1519	0							
646471														51		0	0					28	23	0							
646556														1600		312	118					885	71	214							
646743														2927		659	0					990	1174	104							
646873														2741		706	0					71	1941	23							
647218														3848		711	0					1233	1737	167							
647245														1869		167	0					778	876	48		66					
647414														379		5	0					237	137	0							
647759														2010		1353	0					300	266	91							
647777														454		7	57					184	206	0							
647955														711		0	0					67	644	0							
648130														7965		4367	0					818	2327	453	920		2948				
648242														30111		18485	0					1927	9549	150		8457	10009				
648251														852		153	86					153	460	0							
648345														1193	0	456	0	0	380	0	0	188	484	65	0	0		Shazam Incentive			
648550														461		0	0					96	365	0							
649342														16804		13256	0					1568	1865	115							
649632														363		32	0					163	137	31			30				
651121														3364		801	0					404	2092	67							
651149														698		364	0					176	158	0							
651158														1273		726	0					547	0	0							
651448	0	0	0	0	0	0	0	0	0	0	0	0	0									0									
651541														1489		125	0					654	685	25							
651859														49459		14679	0	4672				19317	15463	0	5400						
651952														1085		875	0					113	97	0							
652043														3109		4	0					1195	1910	0							
652070														1179		724	0					299	156	0							
652874														80030		36849	1504		13093	9670		16557	24939	181				Interest Rate SWAP Valuation	Interest Rate SWAP Payable		
652959														43		0	0					38	0	5							
653134														1760		129	0					392	1134	105							
653433														4335		3978	0					96	261	0							
653611														9344		5238	0					603	2279	1224							
653778														4085		2519	0					478	1083	5							
653947														2304		254	22					1378	650	0							
654047														287		27	0					66	194	0							
654300														1540		211	945					24	246	114							
654579														184		154	0					0	30	0							
655530														599		0	0					181	418	0							
655839														5458		1182	0					2290	1666	320							
656032														1748		384	0					453	705	206							
656377														289434		231357	0		73123			18755	17822	21500		73330	49778	LIABILITY FOR CRA LOW INCOME HOUSING TAX CREDIT			
656470														23088		11288	0					3389	7856	555							
656658														3722		1660	1407					47	590	18							
656779														921		412	0					191	318	0							
657178														2902		152	0					191	2559	0							
657271														34462		23963	732					6901	2549	317			8430				
657365														114619		61253	0		19231			34204	17055	2107			36816	Other Payable			
657459														43534		32787	0					4347	5500	900	20103						
657758														957		166	263					98	230	200							
657954														1619		629	0					338	652	0							
658072														919		479	0					284	144	12							
658474														372		338	0					12	22	0							
658924														1175		0	0					475	700	0							
659341														2244		335	0					337	1180	392							
659556														1779		874	27	716				353	109	416	158						
659640														1018		0	0					87	931	0							
659855														362122		262928	0		151500	16521	22350	31814	61060	6320			35072	Investment Securities Obligations	Acquired salary continuation plans	Unearned Income	
660066														337		0	0					87	250	0							
660253														568		25	27					268	58	190							
660271														3693		488	0					547	2584	74							
660570														7211		5019	0					806	1304	82							
660655														30099		17004	0	435				1705	9590	1800	6483	5463	1080				
660879														446		48	0					159	178	61							
660927														5175		3285	0		889			805	324	761	1064		1133	Employee Benefit Payable			
661072														2178		1640	0	235	416			293	240	5	588			Loans In Process			
661223														633		2	0					285	346	0							
661308														61398		39313	0		15000			1902	17328	2855	8008		14800	Broker Payable			
661474														1616		1466	0					92	8	50							
662350														1319		29	0					142	1148	0							
662369														69191		57096	0					3055	8250	790	18408		23112				
662949														3470		826	0					1081	1173	390							
663245														304610		185896	0					40681	52405	25628			61926				
663638														271		85	0					98	19	69							
663656														405		57	0					94	234	20							
663834														92676		45482	0					13367	29386	4441			33605				
663955														10234		8702	1010					451	71	0							
664206														54303		32541	0					1924	19188	650		14461	8171				
664653														5910		4684	0					283	717	226							
664756														190653		44453	0					32639	75915	37646			27567				
665146														1672		767	0					437	468	0							
665258														576		3	0					87	486	0							
665865														2917		5	0					2116	736	60							
666059														6850		305	0					5213	778	554							
666358														305		125	0					100	58	22							
666554														553		0	0					287	266	0							
666844														1094		0	0					961	133	0							
666974														396		95	0					30	271	0							
667029														1073		497	0					173	365	38							
667346														803		459	0					175	169	0							
667524														973		272	0					269	371	61			272				
667551														937		337	0					475	118	7							
667757														114145		73364	0					3161	32632	4988			55928				
668053														376		0	0					152	224	0							
668147														1363		7	0					690	666	0							
669555														6030		372	0					907	4560	191							
670430														951		62	0					415	331	143							
670467														43096		36889	0					792	4445	970							
670560														252346	0	217742	0	192835	0	0	0	0	34604	0	0	0	0				
670654														217		0	0					153	64	0							
670748														325		0	194					30	101	0							
670878														8367		7549	0					39	673	106							
671053														255		0	0					188	53	14							
671147														4149		112	0					3000	859	178							
671334														21330		7061	0	6560				48	13644	577							
671464														289905		149247	0	43608				73707	63018	3933			58762				
671558														6890		2998	0					3220	473	199							
672238														365		293	0					72	0	0							
672247														680		310	0					319	0	51							
672537														1033		11	0					765	257	0							
672573														1224		811	185					1	227	0							
673244														665		0	0					320	284	61							
673440														24742		3231	0					3389	15295	2827	3128						
673477														64		53	0					3	8	0							
673851														417		89	51					76	54	147							
673909														30076	1374	4324	7108	1129				9956	8688	0			1272				
674344														1549		481	0					663	367	38							
674849														14283		3805	0					9333	1016	129							
675042														722		111	0	6				423	188	0	105						
675079														2036		293	0					64	1243	436							
675248														753		283	0					130	153	187							
675341														1123		1051	0					71	0	1							
675659														1145		12	0					1133	0	0							
675855														701		366	0					191	144	0							
676049														1106		86	0					867	143	10							
676151														5176		649	0					1939	2588	0							
677176														71982		46710	0	2862				3516	19994	1762	3145		38180				
677354														2179		1355	0					360	312	152	1355						
677448														1137		345	38					610	144	0							
677644														17409		8164	0					2031	5935	1279							
677756														891		8	0					593	250	40							
677970														1558		1061	0					124	373	0							
678052														29		11	0					2	16	0							
678070														2943		723	0					1492	728	0	723						
678258														526		0	0					216	279	31							
678454														2101		254	0					225	1622	0							
678557														247		68	98					49	22	10							
678744														1815		104	0					1056	648	7							
679451														588		2	0					262	322	2							
680130														9905		4084	0					543	4871	407	3978						
680457														3767		14	0					1302	2451	0							
680813														45166		31337	0		20407	7918		5080	7532	1217				NOTE PAYABLE TAX CREDIT INVESTMENTS	OPERATING LEASE LIABILITIES		
681043														383		0	0					131	251	1							
681249														701		500	0					91	110	0							
682143														12806		6095	0					940	5314	457							
682563														557979		342785	0					49064	118939	47191			302056				
682648														1858		25	0					1248	585	0							
683449														3129		0	0					757	1949	423							
683814														1364		816	0					265	283	0							
684455														9356		5122	0					1277	2957	0							
685023														1146		1107	0					39	0	0							
685676														29157		20151	0					5226	2250	1530							
686459														2101		1048	0	535				817	0	236	513						
686570														499		369	0					3	127	0							
686758														798		87	0					590	121	0							
687054														733		121	0					198	394	20							
687830														739		0	0					67	672	0							
687951														18840		5164	0					10995	2681	0							
688079	59736	0	1000	19	1000	0	0	0	58717	0	0	0	0									0									
688453														377		0	0					377	0	0							
688556														402		17	0					91	294	0							
689209														15086	0	8585	0	0	0	0	0	145	5371	985	3580	0	3363				
689357														7859		1645	0			651		2121	3893	200			993	Other Liabilities	PTO		
689759														2038		939	0					52	1047	0							
691042														166		0	0					80	78	8							
691743														368		0	0					300	35	33							
691958														9651		613	0					3165	5429	444							
692450														1237		6	53					564	577	37							
692704														2281		1216	0					0	1065	0							
692946														3153		1431	0					463	1126	133							
693073														736		736	0					0	0	0							
693224														400427		273538	0	101480				16609	83330	26950			124672				
693345														74994		37284	0	3946	2866			2766	34944	0				Loan Swap Liability			
693952														3376		1665	0					734	627	350							
694146														261		0	0					92	169	0							
694771														127		20	0					42	65	0							
694847														2299		146	0					40	2013	100							
694904	1205155	0	665746	0	0	0	0	0	419715	57000	0	0	438125									62694									
695349														1418		6	0					449	950	13							
695947														1876		990	0					749	104	33							
696047														293		2	0					128	155	8							
696168														2315		2001	0					77	228	9							
696430														6878		4438	0					299	1796	345							
696645														664		197	0	32				211	256	0							
697035														1896	0	115	0	0	115	0	0	592	1189	0	0	0	0	uamortized loan fees	Other Liabilities		
697147														3188		377	0					441	2034	336							
697156														8447		5834	0					796	1817	0							
697231														2559		347	0					108	1892	212							
697763														53243		42028	0	11593				183	10831	201			22425				
697950														1197		65	0					234	872	26							
698144														8138		1417	0					1224	4768	729							
698546														1791		1565	0	11	84	20	1	134	47	45	1447			929715 - ER Cont	924006 - FDIC Assessment Payable	928900 - Farmermac Payable	
698649														3732		2557	0					477	698	0							
699105														12619		6079	0					0	5484	1056							
699253														721		60	161					252	248	0							
700140														253		0	56					83	114	0							
700252														2122		1238	0					4	880	0							
700430														2036		1058	0					978	0	0	422						
700458														2698		1056	0					979	663	0							
701062														122685		75300	0					7364	35291	4730			26288				
701222														12390		0	0					1282	11063	45							
701839														14165		10742	0					198	2750	475							
701857														427		310	0					117	0	0							
702117														214450		148928	0					10488	49134	5900		70245					
702359														2827		1872	0					350	453	152							
702612														10630		1931	518					2343	5133	705							
702836														1572		992	0					459	121	0							
702911														2721		958	0					845	580	338							
703039														924		150	0					580	194	0							
703552														31853		18303	0					959	10008	2583							
703767														48016		33502	0		7459			1795	11594	1125	12504		11166	LIHTC Unfunded Commitment			
705378														1886		1329	0					254	303	0							
705556														2119		739	0					827	553	0							
706030														1136		584	0					192	300	60							
706058														419		0	0					209	163	47							
706236														1284		544	0					365	375	0							
706254														1606		0	0					1033	548	25							
706450														261		64	0					148	37	12							
706656														1927		1145	0					673	55	54							
707354														29454		4616	155	2353	2263			6752	15878	2053				Wages Payable			
708379														1174		3	0					170	1001	0							
709143														3722		2861	0	2296				725	92	44			148				
709451														157		0	0					66	86	5							
709554														2625		0	0					17	2458	150							
709602														30861		19045	0		6644			491	10104	1221				Lease Financial Obligation			
709639														8032		266	0					915	6639	212							
709956														2285		2	993		2			272	1014	4				CDARS INCOMING RATEBRIDGE PAYMENT			
710176														3321		685	0					807	1663	166							
710859														3669		1924	0					1527	218	0							
711472	50946	0	46695	0	9446	0	0	0	2176	1142	11798	0	23710									933									
711520														1690		1409	0					234	41	6							
711548														2742		1584	0					475	672	11							
711753														590		104	167					70	249	0							
711801														4239		1379	0					1017	1369	474							
712059														3731		355	0					1694	1220	462							
712648														1498		834	0					155	508	1							
712956														4458		0	0					111	4322	25							
713252														1343		0	0					934	392	17							
713476														12008		5434	0					1239	4850	485							
713926														13418		6948	0					1245	4452	773	4414		901				
714165														54		41	0					13	0	0							
714437														1155		114	0					231	698	112							
714839														1936		203	169					420	1128	16	156						
714978														3303		789	0					0	2270	244							
715032														1489		50	0					795	466	178							
715050														2382		513	0					761	999	109							
715144														2497		493	0					294	1563	147							
715340														5819		2170	0					1007	2642	0							
715470														592		17	0					432	143	0							
715630														1184		0	0					249	768	167							
715872														4913		3086	0	876				297	1411	119	2089						
715975														207		0	0					58	149	0							
716374														6780		2690	0					2118	1841	131							
716833														13784		2314	0					2521	8739	210	1503		743				
716851														2147		1679	0					104	189	175							
716954														1721		35	0					508	1154	24							
717232														694		175	0					393	96	30							
717670														1674		417	0					251	801	205							
717737														25462		20314	0					1818	2399	931	6397		10663				
717924														24791		20300	0					1826	998	1667	3111						
718145														5916		337	0					1296	4165	118							
718275														1120		449	0					122	475	74							
718538														2316		992	0					431	893	0							
719030														261		0	0					61	200	0							
719610														1187		0	0					435	752	0							
719656														4628		3382	0					400	686	160							
719964														1890		1468	0					69	338	15							
720157														195		0	0					155	40	0							
720344														1713		979	0	840				417	311	6	81						
720746														5372		3756	0					568	945	103							
720858														1257		879	0					262	116	0							
721350														8795		2942	67					2646	2677	463							
721752														741		619	0					122	0	0							
721949														5801		3410	0					1824	347	220							
722227														1697		915	0					126	627	29							
722432														2709		87	0					224	2257	141							
722544														24689		3267	0					4497	14925	2000							
722777	2743196	0	2194912	0	1622007	0	0	0	409625	50625	0	0	0									88034									
722816														12258		7533	0					2880	1544	301							
723112	3573000	0	2210000	5000	0	725000	0	0	1139000	151000	0	0	686000									68000						Commitments to fund low-income housing investments			
723158														373	0	0	0	0	0	0	0	291	57	25	0	0	0				
723550														352		18	0					333	1	0							
723653														3249		1962	0					329	958	0							
724744														7251		5272	0					1611	368	0							
724904														5083		69	0					391	4623	0							
724940														101		0	0					90	11	0							
725077														4430		2811	0					542	993	84							
725732	86145	0	41031	0	0	0	0	0	30713	520	0	0	35203									13881									
725741														448		238	0					210	0	0							
726458														373		4	0					114	255	0							
726953														5746		1807	0					1057	2064	818			1635				
727174														6123		1528	0					109	4316	170							
728948														3448		0	0					988	2364	96							
728957														1930		605	0					455	870	0							
729011														7181		962	0					2903	2980	336							
729057														511		174	0					190	107	40							
729178														2783		1904	0					335	510	34							
729310														12115		8119	0					897	2411	688							
729842														1449		397	0					340	712	0							
729945														1525		882	0					222	421	0							
731050														675		0	0					197	478	0							
731247														21060		12697	0					3489	1025	3849							
731957														64		0	0					29	35	0							
732178														6464		2673	0					1571	596	1624							
732253														2908		589	0					1044	1275	0							
732637														1416		844	0					553	19	0							
732758														10705		9053	0					195	1307	150							
732954														314		167	0					140	0	7							
733540														920		490	0					168	201	61							
733559														4005		469	0					1286	2250	0							
733661														14013		1059	0					0	12954	0							
733755														902		739	0					88	75	0							
733951														785		19	0					304	419	43							
734248														3191		2034	0					545	539	73							
734350														2608		1318	0					272	1018	0							
734538														14190		9654	0					0	3331	1205							
734613														1458		625	0					234	419	180							
735067														5040		2375	0					387	1481	797							
735414														425		280	0					37	108	0							
735441														6825		778	0					4014	1643	390							
735973														640		563	0					49	18	10							
736158														169		5	0					42	122	0							
736550														2408		814	71					831	689	3							
737548														9941		0	0					1829	7566	546							
738013														6052		1910	0					861	2728	553							
738040														20566		4188	0					10618	5760	0	3657	531					
738143														6127		3318	0					1399	1253	157							
738255														1103		246	0		246			369	488	0				Accrued Expense - Profit Sharing			
738303														13751		9769	0					5	3564	413	8270		996				
738657														218		119	0					89	0	10							
738769														16493		12802	0					814	2321	556							
739346														1197		135	0					840	222	0							
739355														6520		3942	0					930	1648	0	3895						
739560														88533		54894	0		20181			1751	28186	3702	14809		11735	Supplemental Retirement Plan			
739832														2245		1757	0					355	119	14							
740249														996		0	198					598	200	0							
741068														932		92	0					174	626	40							
741152														219		0	0					25	194	0							
741330														18397		13331	0	251				2298	2421	347	10778		2145				
741358														178		125	0					52	0	1							
741844														647		278	0					174	195	0							
741956														176		116	0					60	0	0							
741974														2495		1182	185					374	695	59							
742056														686		29	0					156	376	125							
742542														1469		0	0					317	1102	50							
742944														2224	295	1056	0		321		180	451	443	274			149	ACCUMULATED POST RETIREMENT BENEFIT	DEFERRED FEES ON SBA PPP LOANS	DEFERRED COMP-CONT#1	
743679														9758		7705	0					159	1667	227							
743950														351		30	23					110	188	0							
744854														3733		1614	0					1096	1023	0							
745347														752		74	0					311	282	85							
746157														1405		283	0					580	272	270							
746755														2389		151	0					397	1415	426							
746942														793		82	84					592	35	0							
746979														388		13	0					171	204	0							
747051														677		215	0		215			249	116	97				Unearned Income			
747257														738		246	0					166	256	70							
748254														2403		1121	0					264	921	97							
748357														3691		1737	0					396	1278	280							
748441														592		0	0					257	329	6							
748964														1891		886	0					202	803	0							
749242														339564		147603	0					36034	131561	24366	25019		53607				
749635														4116		867	0					738	2248	263							
749840														57		0	0					54	1	2							
749943														1652		109	281					1097	165	0							
750051														1608		1	0					1052	535	20							
750127														893		138	0					131	568	56							
750341														2590		422	0					378	1734	56							
750444														736		0	0					345	282	109							
750846														327		0	0					216	111	0							
751254														3463		674	0					2113	676	0							
751656														27340		6467	0	31				7856	12501	516	1163		4982				
751852														2484		1432	0					284	368	400							
752831														4861		3733	0					456	562	110							
753052														237		0	0					229	8	0							
753324														22542		18508	0					867	2782	385							
753641														222		0	0					60	147	15							
753856														429		38	0					221	153	17							
754068														11196		8231	0					499	2117	349							
754246														444		116	44					206	68	10							
754536														1924		1036	0					433	455	0							
754826														12598		3800	0					1018	6569	1211							
754853														10713		3327	0					1896	4533	957							
754929														11403		2622	0					1549	6945	287			1662				
755252														5323		1267	0					1794	2146	116							
755421														256		78	0					144	34	0							
755458														2434		721	0					1010	528	175							
756343														1291		110	5					616	560	0							
756848														1318		42	0					569	687	20							
757377														9871		7012	0					1093	1766	0							
757452														1064		521	0		59	202		375	27	141				UNEARNED FLEX CREDITS	EFT SETTLEMENT		
757779														1300		755	0					17	406	122							
758703														126197		64346	0					4502	55365	1984		21587	30839				
758842														1177		848	0					327	0	2							
758851														20690		4465	0					7705	8441	79							
759045														9234		6116	0					847	1488	783							
759625														7072		3367	0					2360	995	350							
760210														275		0	0					139	136	0							
760331														1910		294	0					465	744	407							
760340														1393		109	848					215	202	19							
760434														1032		68	0					200	609	155				Deferred Gain on sale			
760649														705		0	91					506	108	0							
760854														24833		16964	0					4296	3098	475							
760939														1174		991	0					82	88	13							
760957														760		7	0					682	41	30							
761244														3856		1206	0					1109	1541	0							
761459														1751		10	0					1095	634	12							
761543														5296		806	0					1903	2117	470							
761806														1474381		1169165	0		612786			33344	248755	23117				LIHTC PAYABLE			
761833														3887		689	831					1363	969	35							
761851														1683		738	0					795	0	150							
761954														2172		1617	0					320	123	112							
762045														1690		627	0					356	135	572							
762447														41302		15068	0					5695	20294	245			12899				
762474														20443		9558	0					4389	5718	778							
762773														5902		4829	0					222	851	0							
763211														674		164	0					294	136	80							
763677														10260		6109	0					903	2382	866							
763930														4419		84	0					1899	2051	385							
764030														345246		214670	0					20981	62601	46994							
764058														12900		7530	0					1863	2687	820							
764067														457		0	0					221	236	0							
764142														890		42	0					381	467	0							
764151														1012		821	0					58	133	0							
764816														3379		1341	0					1062	976	0							
765318														1375		0	0					280	1095	0							
765354														560		397	0	86	159	151		133	0	30				ATM	ESCROW		
765505														15541		2707	0					164	11979	691		697	1950				
765662														151		0	0					64	24	63							
765877														1139		398	0					82	659	0							
766052														264		0	0					253	1	10							
766164														89380		33688	714					11563	40897	2518			25487				
767152														263		0	0					122	141	0							
767246														68		0	0					65	3	0							
767255														3688		2540	0					510	551	87							
767554														440		156	0					67	198	19							
767572														250		127	0					24	85	14							
767611														729		0	0					305	356	68							
767732														3723		562	0					349	2597	215							
767974														29003		22125	0					1727	2641	2510							
768458														1471		0	0					180	1266	25							
768476														388		203	0					139	45	1							
768953														3715		2184	0					1094	437	0							
769334														365		0	21					224	120	0							
770451														1494		970	0					116	408	0							
770545														282		0	0					160	102	20							
770639														1773		1106	0					375	292	0							
770657														12408		3731	0					3683	4994	0							
770853														3444		291	0					905	2248	0							
771047														307		200	0					47	41	19							
771140														13015		5303	0	332				3442	3342	928	2553	678					
771458														24886		12312	0					2114	10234	226							
771609														44666		27518	0					421	16120	607							
771748														920		317	0	270	47			410	193	0				ACCRUED ACC. DEPRECIATION			
771878														4103		2114	0					379	1577	33							
772008														24182		18766	0					249	3980	1187							
772446														13693	0	38	0	0	0	0	0	0	13655	0	0	0	0				
772754														468		25	0					371	12	60							
773032														1177		37	0					117	942	81							
773171														952		79	308					103	462	0							
773247														123641		50117	0	19850				6345	63118	4061							
773443														2877		1349	0					801	722	5	1339						
773470														17239		6469	1543					588	8605	34							
773742														6569		2362	0					76	3911	220							
774132														28593		21239	0					1125	5011	1218							
774235														849		502	0					65	282	0							
774253														413		25	0					163	217	8							
774347														1570		84	0					1172	314	0							
775054														7332		3937	0					2077	1318	0							
775241														415		67	0					113	235	0							
775456														9280		2720	0					3374	2828	358							
775773														2929		2083	0					33	744	69							
776369														1378		0	0					380	679	319							
776547														4142		2411	0	1992				1072	619	40	212						
777254														302		0	35					227	40	0							
777366	27202	0	17079	0	0	1054	0	0	2985	589	0	0	15406									6549						BOLI BENEFIT PLAN RESERVE			
777441														667		14	0					371	270	12							
777870														4360		1630	0					1214	1516	0							
778738														16613		6707	0					6072	3817	17							
779016														13417		6122	0					2034	4331	930							
779351														23619		2470	0					5109	14687	1353	107	98	953				
779641														430		300	0					23	107	0							
779650														2067		334	0					867	866	0							
779968														13964		8121	0					4172	1591	80							
780049														2512		1439	0					675	366	32							
780218														6222		2434	0					430	2718	640							
780263														7797		6967	0					79	738	13							
780722														5072		724	0					1270	2611	467			721				
780955														2541		359	274					1301	607	0							
782016														302		0	85					29	174	14							
782306														286173		212310	0					9944	50192	13727			89491				
782548														442		0	0					123	319	0							
783161														11581		1258	0					646	8627	1050							
783246														2020		171	0					535	1314	0							
783349														79		0	0					53	19	7							
783648														148437		113102	0					8538	23383	3414		62515	28200	SECURITY PURCHASED NOT SETTLED/TRADE DATE			
783844														3448		865	0					397	1363	823			850				
783910														1940		812	0					161	934	33							
784159														1840		0	0					1193	347	300							
784430														2513		2282	0					185	46	0							
785147														8624		4303	0					201	3896	224							
785473														29412		10747	0		5298			4427	12267	1971			3961	Investment funding obligation			
785857														1374		730	0					337	288	19							
785923														19971		13851	0					1064	4831	225							
785950														7268		3148	0					1758	1542	820							
786210														17801		806	0					2234	12028	2733							
786256														599		309	217					15	0	58							
786555														4161		3121	0					568	472	0							
786612														62967		39495	0		9201			15727	4774	2971	8420		14749	LOAN LEVEL INTEREST RATE SWAP			
786733														4255		2622	0					583	849	201							
786948														1100		365	0					394	341	0							
787459														7546		0	0					494	6967	85							
787842														1577		0	0					825	702	50							
788559														2244		1823	0					326	87	8							
788652														2025		1454	0					230	266	75							
788773														4815		3612	0					625	498	80							
789051														221		107	0					97	5	12							
790150														1146		860	0					83	200	3							
790271														6331		4631	0					760	890	50							
790543														16338		10477	0	3446				2881	1597	1383	824	6207					
790703														8586		1106	0					67	6955	458							
790918														14203		7776	0					2399	3938	90							
791072														810		264	0					303	202	41							
791353														2642		505	0		216			203	1804	130	107			DUE TO STATE MN - BMP			
791821														4082		1041	0					200	2631	210							
791942														1678		544	0					835	296	3							
792453														496		0	0					425	1	70							
792640														766		18	0					661	87	0							
792659														1449		373	0					714	337	25							
794149														1415		299	0		280			461	151	504				Deferred contract signing bonus			
794345														1976		826	0					932	218	0							
794475														567		73	0					16	478	0							
794653														66		0	0					66	0	0							
795249														220		6	0					198	16	0							
795548														4204		2061	0					1932	180	31							
795959														671		0	0					233	432	6							
795968	519927	0	415929	0	0	104621	0	0	78114	1273	0	111357	0									24611						LIHTC Investment Commitment			
796152														3947		1174	0					1171	1540	62							
796657														655		0	0					246	332	77							
797140														5049		830	0					1181	2431	607							
797775														38820		29945	0					1617	6755	503			23147				
798512														341		226	0					9	105	1							
799751														865		50	0		48			587	228	0				Escrow Reserves	Accounts Payable - Loans		
799854														925		357	0					333	220	15							
799939														88		74	0					14	0	0							
799948														1577		455	0					585	406	131							
800134														1899		173	13					346	1280	87							
800442														6123		5706	0					292	67	58							
800479														109		91	0					8	10	0							
800853														4240		3314	0					548	327	51							
801047														2733		238	0					822	1319	354							
801056														1042		527	2					273	194	46							
801654														672		0	0					51	621	0							
803256														954		6	602					194	152	0							
803265														108		23	0					53	32	0							
803649														5799		291	170					4665	673	0							
803658														1417		1081	0					128	108	100							
803957														4765		1001	0					2729	1035	0							
804150														212		0	0					190	22	0							
804338														11071		2873	0					2313	5467	418							
804374														4674		3166	0					164	1344	0							
804422														397		164	0					192	9	32							
804860														227		73	0					143	0	11							
805045														916		176	0					526	214	0							
805250														1398		12	0					265	1114	7							
805335														975		675	0		257			104	144	52	417			ESCROW BALANCE RESERVE			
805755														4822		686	0	2	684			2162	1886	88				Points Collected Not Earned			
805876														683		31	0					54	598	0							
806846														20190		6654	0					5933	7403	200							
806958														6566		4776	0					1158	632	0	4776						
807348														1209		347	0					184	631	47							
807432														1780		196	0					1054	380	150							
807656														4751		0	0					154	4597	0							
807955														20874		5491	0					2659	10428	2296							
808260														87783		57761	0		16019			7722	19500	2800	33401	229		CRA Low Inc Housing Investment			
808345														108		0	0					69	39	0							
808653														2122		14	0					1231	874	3							
809070														96		73	0					1	22	0							
809276														19609		9490	0					1785	8334	0							
809379														187		0	0					57	122	8							
809650														11100		1361	0	125				485	9254	0	507		729				
809771														18753		17893	0					43	707	110							
810544														1437		62	0					876	499	0							
811046														170124		87254	0					14811	63654	4405		69869					
811457														16		0	0					5	11	0							
811541														535		0	0					274	261	0							
811550														805		560	0					215	18	12							
811747														4702		3064	147					1212	274	5							
812379														425		224	0	147	44			162	7	32				PROPERTY TAXES PAYABLE			
812436														4279		1224	0					387	1619	1049							
812557														9199		1985	0					3357	3760	97							
812614														974		0	0					479	495	0				Unearned SBA PPP Fee Income			
813572														1194		700	0					110	346	38			633				
813853														3856		12	0					1630	2194	20							
814074														4966		4011	0					664	291	0	1897						
814355														233		0	0					191	42	0							
814430														280013		113655	0				68525	57934	92826	15598						Other Liab-Miscellaneous	
814458														4360		858	0					526	2786	190							
814476														741		0	0					110	631	0							
814551														2653		792	21					997	501	342							
814711														3094		0	0					603	2491	0							
815053														1365		323	0					610	431	1							
815147														2328		531	0					559	787	451							
815156														12401		4670	0					5895	1836	0							
815277														6287		4619	0					695	636	337			4213				
815754														1200		313	0					729	0	158							
815772														1318		817	0					78	379	44							
816256														594		321	92					81	98	2							
816304														5809		5339	0					1	444	25							
816603														123158	11000	93091	0	857				6823	22204	1040	34222	1303	38741				
816751														90		12	0					78	0	0							
817477														1923		791	0					421	711	0							
817824	11154140	0	7243202	0	0	3013076	0	0	2936341	775234	0	0	0									199363						Tax Credit Investments			
818401														34590		28025	288					1013	4482	782							
818540														642		0	0					384	248	10							
818559														197		0	0					89	108	0							
818652														167		0	0					47	120	0							
819154														945		382	0					201	358	4							
819172														1081		822	0					91	154	14							
819453														3476		552	0		218	208	109	2739	69	116				ACCRUED 401K	ESCROW CONTROL	ACCRUED EMPLOYEE BONUS	
819556														4505		2130	0					1211	1140	24							
819855														6908		5526	0					1308	64	10							
820048														4138		1192	0	756				660	1917	369		409					
820301														3744		1528	0					18	2167	31			710				
820477														620		15	0					5	600	0							
820842														1409		99	0					601	517	192							
820879														2762		2341	0					103	318	0							
821036														747		2	0					315	430	0							
821157														1233		469	0					398	366	0							
821559														265		5	0					172	88	0							
821643														523		358	0		357			115	50	0				ACCR SALARY CONTINUATION PLAN			
822042														15078		10396	0					890	3257	535	6355						
822051														1852		31	0					842	979	0							
822275														4255		1100	2281					22	750	102							
822556														113852		8605	0					3378	101577	292		6474					
822631														193		76	0					99	18	0							
823133														2947		198	0					1557	1098	94							
823142														629		0	0					252	366	11							
823450														2006		1298	0					536	82	90							
823478														18119		12164	0					1	5075	879							
823553														61		0	32					21	8	0							
823638														1052		12	0					578	322	140							
823656														3298		0	0					1227	2071	0							
824242														1414		1206	0					92	112	4							
824653														4476		2420	0					1684	372	0							
824671														2900		1261	0					1	1599	39							
824738														310		0	19					49	242	0							
825146														18499		4640	0					1900	10315	1644	1582						
825454														1859		750	0		687			642	397	70				SERP			
825548														1554		150	0					749	559	96							
825753														8253		5924	0					430	1879	20			5924				
825847														1687		149	50					1179	309	0							
825940														817		150	0					601	61	5							
826451														1455		1210	0					176	69	0							
826648														1260		10	0					692	558	0							
826956														47483		24046	2744	17363				4887	15269	537							
827355														1187		0	0					428	759	0							
827458														5632		0	0					2515	2866	251							
827560	12331	0	6155	0	0	0	0	0	4912	414	0	0	5281									850									
828110														1716		1272	0					5	426	13							
828174														5018		4893	0					81	44	0							
828473														1445		501	0	62	297	142		2	898	44				Official Checks and Money Orders	ATM Settlement		
828651														13669		2539	0	721				1046	9174	910			1381				
829032														1048		142	0					158	729	19							
829041														2318		341	0					852	1125	0							
829050														1891		1452	0					437	2	0							
830113														3637		2907	0					198	532	0							
830252														1539		1235	0					26	278	0							
830355														8018		7117	0					656	65	180							
830542														12697		5567	0					1281	5254	595							
830645														1657		432	138					999	88	0							
830748														1521		5	0					811	705	0							
831008														9312		6490	0					661	1450	711							
831576														5158		690	0					2852	1257	359							
831642														6092		1974	0					1430	1288	1400							
831875														313		115	0					36	162	0							
831941														1528		162	0					792	574	0							
832528														565		110	0					252	199	4							
832546														6605		4017	0					776	1576	236	3486						
833404														12042		7962	0					319	2987	774	4845						
833749														2319		608	0					504	1207	0							
833851														305		168	0					15	122	0							
834175														2158		1365	0					289	504	0							
835079														287		56	0					0	231	0							
835257														4157		954	0					2857	234	112							
835378														377		184	0					70	116	7							
835444														1025		4	0					771	250	0							
835613														227		0	0					105	112	10							
835659														323		0	0					108	215	0							
835743														6364		2480	0					2695	1189	0							
835770														3306		506	0					1290	944	566							
836656														8		0	0					8	0	0							
836843														47048		17214	0					8140	16694	5000	12814						
837046														549		1	0					546	2	0							
837149														3602		1638	0					1049	800	115							
837158														1843		3	805					3	1023	9							
837354														2659		1768	0					584	307	0							
837448														1590		368	20					535	667	0							
837541														1665		1096	0					159	378	32							
837608														4712		1988	0					1908	816	0							
837653														512		202	0					288	22	0							
837840														4018		1928	0					872	968	250							
837952														445		0	0					207	218	20							
837970														5739		3709	0	55				1204	811	15	3478						
838155														158		0	0					87	71	0							
839068														3130		6	0					1272	1552	300							
839246														1279		204	41					568	397	69							
839255														3642		1409	0					313	1285	635	1189		220				
839572														6168		4735	0					188	1124	121							
839817														771		337	0		141	195		97	337	0				Escrow Loan Account	Incentive/Launch Support Mastercard Conversion		
839974														531		170	0					42	312	7							
840019														826		465	0					273	88	0							
840251														1473		47	0					1426	0	0							
840354														285		24	0					121	140	0							
840363														21839		13767	0					5045	2052	975							
840747														14308		5377	0					4437	3714	780							
841472														1632		77	0					262	1148	145							
841753														1326		3	0					167	1079	77							
841838														15073		2525	0	352				6623	5914	11		688					
842376														4443		955	0					555	2896	37							
842460														13675		2258	0	783				2462	7573	1382			1475				
842853														126		0	3					105	18	0							
843476														2764		2588	0					107	69	0							
843953														1238		1221	0					17	0	0							
844053														34962		25343	0					965	5854	2800	13097		10807				
844138														684		20	0					246	418	0							
844455														210		0	0					210	0	0							
844567														9278		2846	0					1409	3581	1442							
845247														3659		349	0					1711	939	660							
845573														74414		60958	0					167	12643	646	45428						
846132														81		44	0					37	0	0							
846945														1971		1094	0					213	609	55							
847157														3214		1950	0					901	313	50							
847979														1147		439	0					1	707	0							
848248														2939		1404	0					645	362	528							
848453														682		10	0					210	443	19							
849076														609		294	0					197	118	0							
849348														2270		949	0					750	571	0							
849357														973		0	0					151	822	0							
849432														1198		294	0					399	455	50	294						
850036														81556		34467	0		15295			2481	42350	2258		12887		Counterparties swaps collateral			
850054														400		0	0					81	305	14							
850456														2030		384	0					1173	393	80							
851060														256		0	0					174	74	8							
851172														6878		3869	0					1346	1652	11							
851239														7323		5912	0					296	1108	7							
851631														3387		1131	0					908	1158	190							
852218	187756000	0	141894000	0	0	66174000	0	0	41240000	2959000	0	0	0									1663000						Customer payables			
852254														2148		575	0					1068	428	77							
852320	9865000	0	6704000	0	0	2296000	0	0	2372000	317000	0	0	0									472000						Other Liabilities - Affordable Housing			
852544														27095		5081	1758					3951	11571	4734							
852704														13732		7261	0					2362	3772	337							
852713														14038		6990	0					3229	3739	80							
852973														1491		65	6					284	961	175							
853251														2435		1612	0					544	170	109							
853671														4630		600	0					2182	1507	341							
853747														1022		229	0					697	11	85							
853804														6075		3148	0					56	2047	824							
853934														1677		210	0					16	1362	89							
853952														168025		105791	5109	41264				9665	47076	384			32468				
854173														1688		1225	0					391	72	0							
854753														1110		0	0					1110	0	0							
854847														2563		2247	0					235	81	0							
855143														4125		3572	0					250	268	35							
855264														780		0	0					142	582	56							
855303														73		0	43					30	0	0							
855563														4330		3047	0	363				196	1080	7			1894				
855741														3090		602	0					1403	856	229							
855844														1268		115	0					221	874	58							
855956														800		172	0					572	0	56							
856159														47		0	0					36	11	0							
856243														14669		8233	0					2299	2797	1340							
856346														2487		1313	12		476	613		302	567	293				ACCRUED BONUS COMPENSATION	CDARS IN CLEARING/IN PROCESS		
856458														399		0	0					286	113	0							
856542														1355		1011	0					344	0	0							
856748														4789		218	0					1487	1654	1430							
856869														1832		1684	0					50	84	14							
857259														1141		925	0					190	26	0							
857455														1796		1693	0					1	80	22							
857745														1855		1003	0					852	0	0							
857811														2452		786	0					350	1316	0							
857941														646		0	0					626	0	20							
858153														208		0	113					76	9	10							
858443														219		57	0					82	56	24				SBA Deferred Loan Fee			
858452														140		0	0					129	11	0							
858528														5064		2271	0	67				239	2524	30	2067		92				
858818														19804		19730	0					1	73	0							
858854														1553		669	0					549	335	0							
859002														21524		15220	0					7	5789	508							
859141														12148		4696	0					2474	4025	953	3606						
859552														5005		818	0		231	256		1444	2268	475	330			Debit Card Settlement	Other Liabilities		
859655														6302		4247	0					92	1266	697							
859712														90782		78478	0		24117			32	11704	568	22621		24664	APBO LIABILITY			
860053														7093		1868	0					1401	2745	1079	1592						
860147														2927		109	0					1535	1274	9							
860231														226		0	62					52	112	0							
860259														2257		817	0		154			207	985	248			569	DUE TO ACCOUNTS			
860334														2277		0	0					909	1339	29							
860352														2991		928	0					1679	384	0							
861153														235		0	56					94	74	11							
861658														538		0	0					136	370	32							
861854														1102		0	0					152	950	0							
862057														956		0	0					768	107	81							
862141														4061		296	782					769	2214	0							
863362														149		0	39					1	109	0							
863607														4143		16	0					208	3849	70							
863652														1767		1403	0					250	107	7							
863746														4005		1568	66					475	1803	93							
864378														1618		1037	0					228	331	22							
864471														3916		37	0					194	3091	594							
864846														3114		939	0					545	1529	101							
864855														1105		0	0					546	559	0							
865142														2520		33	0					1303	1167	17							
865151														3597		548	0					1717	1332	0							
865450														2254		1170	0					840	33	211							
865544														9118		3965	0					3839	990	324							
865759														541		82	0					212	247	0							
865852														564		117	0					150	297	0							
866000														50270		11607	24					5270	32029	1340		3548	4493				
866121														3250		1609	0					344	1126	171							
866251														182		0	0					164	18	0							
867070														2680		1199	0					274	1012	195							
867632														15447		8892	0					2447	3438	670			8892				
867650														20036		11594	0					335	6011	2096	3032						
867856														2873		12	0					1276	1010	575							
868059														693		189	0					235	264	5							
868572														159		42	0					79	33	5							
868956														3562		0	0					987	2254	321							
869346														1902		155	0					542	1034	171	149						
869551														1431		0	0					781	561	89							
869663														3327		1432	0					1605	290	0							
869953														872		112	0					153	400	207							
870539														20634		16129	0					55	4388	62							
870650														6930		2970	0					1512	1913	535							
870856														508		50	0					300	153	5							
870913														6719		4100	0					682	1864	73							
871358														230		0	14					216	0	0							
871648														704		40	0					384	259	21							
871769														67902		23011	0		9933			1576	32515	10800			6737	Commitment to fund ITC			
871956														622		0	0					109	513	0							
872047														8692		3492	0		2441			1990	2712	498				DEFERRED REVENUE			
872579														749		89	106					430	96	28							
873259														10242		6975	0					1383	1040	844							
874050														4124		2638	0					905	392	189	2622						
874452														2037		1402	0					467	168	0							
874845														45641		27564	0	2495	13515			8256	9821	0	5592			Due to Swap Counterparties - Pledged Collateral			
875048														1999		484	0					1205	255	55							
875057														3275		88	0					171	3016	0							
875132														3702		2763	0					612	327	0							
875655														811		0	0					244	558	9							
875758														1957		1703	0					118	134	2							
875879														746		512	0					32	192	10							
875936														5014		2282	0					602	1556	574							
876157														688		286	0					218	153	31							
876634														35704		23334	0	1898	17136			1538	8737	2095				TOTAL ESCROWED TAXES PAYABLE			
876700														55487		37640	5341			13522		2085	9845	576	11329				Stadium Naming Liability		
877350														1262		415	0					553	294	0							
877752														3593		224	0					712	2516	141							
877958														110		0	59					51	0	0							
879439														2228		896	0					975	357	0							
879457														15846		8366	0					4876	2430	174	2232	5285					
879550														76		53	0					9	14	0							
879644														1992		0	0					945	857	190							
879747														5326		3378	0					1046	847	55							
880332														2934		1089	0					876	799	170							
880855														6447		2050	0					1691	2652	54							
881012														16623		10495	0					1540	4570	18							
881441														463		87	0					197	129	50							
881478														89113		78403	0		23550			136	9622	952			24410	Funding Obligation - LIHTC			
881852														1351		940	0					366	16	29							
881900														1693		1025	378		771	74		101	181	8				Unearned Points	Unearned Loan Fees		
882242														4883		2171	675					1162	800	75							
882541														904		396	0					265	243	0							
882701														57557		45113	0					0	10454	1990							
882952														2025		609	0					616	581	219							
883351														913		221	0					561	131	0							
883959														1204		165	0					122	917	0							
884303														45865		26438	0		18056			2149	16732	546				Interest Rate Swap Liability			
884358														3172		1633	0					286	1253	0							
884376														1272		686	0					313	199	74							
884442														10873		2159	0					1660	6886	168							
884648														4555		3977	0					454	124	0							
884657														362		50	0					187	125	0							
885252														2640		0	0					906	1734	0							
885430														799		114	0					451	234	0							
885579														558		114	0					249	195	0							
885869														12685		3048	0					2022	7238	377							
886204														18933		6168	0					11	12734	20							
886624														8496		3162	0					861	4059	414							
887340														21606		6388	0					2950	11130	1138							
887827														741		0	0					741	0	0							
887854														115		15	0					40	21	39							
888002														32794		27520	0		9743	9304		602	3615	1057				Operating Lease Liabilities	Supplemental Pension		
888141														1850		12	0					38	1736	64							
888271														1415		477	0					19	915	4							
888552														7981		5434	0					518	1518	511							
888833														3873		1758	0					1745	370	0							
890050														2658		829	0					680	817	332							
890649														1345		694	0					476	131	44							
890742														11848		5149	0					2354	3584	761							
890957														1557		633	0					619	222	83							
891226														6103		3114	0					798	1997	194							
891253														936		73	0					155	708	0							
892205														25354		11388	0					284	12605	1077	3981		6973				
892223														2254		1816	0					343	95	0							
893855														43569		2597	0					272	40122	578							
894272														3405		1812	0					967	483	143							
894348														10602		5728	0					2044	2323	507							
894544														3231		1986	0					298	898	49							
894834														197		1	0					22	148	26							
895055														5670		0	0					3261	2269	140							
895448														2160		1132	0					653	255	120							
895710														29527		16464	0					47	11980	1036							
896155														2116		1076	0					579	199	262							
897170														42985		32784	0					2726	4894	2581							
897237														427		285	0					24	118	0							
897451														1184		965	0					211	8	0							
897648														1857		648	0					471	28	710							
897853														415		0	0					300	115	0							
898458														24601		0	24373					0	228	0							
898579														5015		1146	0					1155	2174	540							
898627														6126		2116	0					500	2960	550							
898850														8605		5290	0					1524	1495	296							
899008														9287		4784	0					104	4008	391							
899343														4307		2402	0		31			740	1108	57	1360		560	Unearned credit life premium			
899428														8231		2331	0					1487	3814	599							
899642														987		217	0					299	435	36							
899651														1032		0	0					334	698	0							
900034														6171		5361	0					810	0	0							
900146														5180		527	0					2150	1848	655							
900306														39935		28969	0					3411	6076	1479							
900502														13837		12669	45					0	1123	0							
900678														3066		718	2288					7	53	0							
901134														1555		69	0					461	1024	1							
901358														4842		3330	0					947	474	91							
901451														580		42	0					460	12	66							
901938														10807		5028	0					2728	2446	605							
901974														1623		1393	0					74	60	96							
902645														263		100	0					94	69	0							
902672														6852		2849	0					1715	1912	376							
903240														1858		0	0					232	1578	48							
903754														505		4	0					156	272	73							
903950														226		0	0					96	130	0							
904171														7252		2911	0					2746	1463	132							
904359														5727		4337	0					313	527	550							
904845														1031		81	0					241	709	0							
905356														4202		1732	0					1439	705	326							
905673														3924		3165	0					2	735	22							
906241														5308		3360	0					1249	699	0							
906410														1424		599	0					484	341	0							
907444														1203		239	0					458	427	79							
907547														2039		223	0					435	1062	319							
908450														4687		2660	0					1339	688	0							
908553														5240		685	0					1754	2356	445							
908861														1522		1150	0	746				113	174	85							
909055														5423		1951	0					1272	1957	243							
909756														644		152	0					236	212	44							
910079														55		0	0					15	40	0							
910118														6890		3497	0					226	2977	190							
910239														2554		1979	0					320	255	0							
911160														3495		1685	0					1023	756	31							
911339														1383		985	0					294	104	0							
911759														792		620	0					83	89	0							
911973														46944		29921	0					154	14869	2000							
912756														130		0	0					130	0	0							
913146														10632		5930	0					899	3394	409							
913436														140		3	45					48	44	0							
913753														13908		6210	0					759	5624	1315			5786				
913856														68809		42529	0		22525			3170	14818	8292	13345		2957	Equity Funds of Nebraska			
914545														895		0	0					261	534	100							
914648														32569		14389	0					7093	9192	1895							
914853														1016		511	0					471	0	34	464						
915056														460		115	0					345	0	0							
915065														6040		1631	0					437	3564	408							
915878														127686		33359	0	14289				14720	49492	30115			17992				
915935														230		170	0					21	39	0							
916343														249		0	0					69	172	8							
916745														8691		6701	0	955				1374	366	250	4336						
916857														2506		1714	0					114	559	119							
917050														3698		1170	0					1885	539	104	1169						
917500														770		436	0					98	219	17							
917555														8017		1079	0					1508	5398	32							
917630														711		311	0					184	214	2			311	CECL-we use a contra asset account			
917742														414223		176238	0					60867	140842	36276	46324						
917854														1185		0	0					796	321	68							
918132														845		525	0					310	10	0							
918150														1103		844	0					259	0	0							
918356														806		0	0					44	762	0							
918477														13461		9805	0					2341	1315	0							
918655														465		0	0					368	78	19							
918776														400		343	19					2	36	0							
918879														1201		191	0					267	443	300							
918918	466212	0	289420	0	21868	246241	0	0	75541	1495	0	3437	0									99756						SECURITIES PURCHASED NOT PAID FOR			
918954														2654		1409	0					387	783	75							
919344														2797		1400	0					808	536	53							
919456														5423		2527	201					1818	487	390							
919568														409		0	0					200	114	95							
919773														408		350	0					1	0	57							
920210														547		0	0					127	410	10							
920359														533		109	59					365	0	0							
920733														1452		617	0					348	487	0							
920854														5256		1982	0					821	2453	0							
920975														1814		240	0					664	910	0							
921039														6417		2085	0					208	3056	1068	2085						
921178														25836	0	18459	0	0	12397	0	0	2775	4304	298	0	0	0	Trust Sweep Clearing			
921655														938		869	0					69	0	0							
921879														264		137	0					56	65	6							
921936														294		2	0					81	195	16							
922157														1106		52	0					585	269	200							
922344														3986		286	1322					64	2131	183							
922559														7064		2708	0					3130	1167	59							
922924														852		0	0					207	605	40							
923257														782		83	0					264	435	0							
923350														403		188	0					176	39	0							
923707														28196		24166	0					0	2620	1410							
923752														38544		19598	0					4056	14475	415							
923855														534		26	0					281	227	0							
923949														267		12	0					119	130	6							
924058														1958		224	0					803	871	60							
924236														6404		3510	0					1504	946	444							
924254														177		0	0					134	32	11							
924357														797		328	0					313	156	0							
924553														518		0	0					335	183	0							
924937														3218		1903	0					232	1081	2							
925037														15481		5563	0					3427	5684	807							
925055														731		113	0					195	303	120							
925354														5120		1759	0					780	2581	0							
925411														52565		25424	0					7437	19704	0							
925653														1794		48	0					423	1273	50							
926632														5451		3735	0					281	1315	120	3383		308				
926650														278		0	0					103	175	0							
926959														680		38	0					366	276	0							
927077														771		112	0	20	1			79	580	0			91	Other Liabilities			
927134														1299		230	76					736	57	200							
927479														15772		13677	0					769	1326	0							
928056														4266		1091	0					1093	1786	296							
928421														24944		13314	0					3726	6254	1650							
928618														10527		5864	41					4060	288	274							
929352														261780		120674	61192					24729	50916	4269			79681				
929932														4255		1887	0					1153	515	700							
929978														29243		21864	0	5721				4111	1538	1730	5694	331	9974				
930358														8623		4669	0					332	3492	130	3841						
930442														9151		34	0					1800	6911	406							
930853														1049		691	0	235	175	179		248	110	0				Taxes Payable Bank Share	Deferred Compensation Payable		
930965														139926		59029	0		27033			859	74449	5589	15783			FOREIGN EXCHANGE AP OUTSTANDING			
931038														6664		0	0					2146	4417	101							
931047														1531		911	0		8			255	343	22	903			RBP CDARS			
931159														457		130	0					91	0	236							
931207														5911		484	11					0	5416	0							
931270														1678		10	436					0	1220	12							
931355														711		170	0					291	250	0							
931458														157		0	0					62	89	6							
931944														1090		238	0					639	132	81							
932642														130		0	2					68	60	0							
932745														2469		1349	0					159	961	0							
932978														267197		233790	0		13852			5411	26659	1337	30030	13864	12437	Counterparty Collateral			
933023														53996		35987	0					2055	13830	2124	13905		11395				
933041														7383		2441	0					1496	3288	158	2438						
933256														112085		76245	0		16200			8517	23655	3668			36918	Income Taxes Payable			
933340														1330		0	0					824	506	0							
933377														21112		14122	0					686	5906	398	6587	5510					
933621														107026		79751	0		38505			4128	19952	3195	23721			Commitment to Fund			
933966														280855		239852	0		116767			1228	32525	7250				EQUITY INVESTMENTS - UNFUNDED COMMITMENTS			
933975														47189		31595	0					6685	6909	2000							
934271														236036		172232	0		71412	51154		0	63804	0				Accounts payable to subservicing clients	Guarantee fees payable on behalf of clients		
934329	305000	0	88000	6000	31000	0	0	0	143000	1000	0	0	43000									67000									
934673														7804		5108	0					209	2226	261							
935250														5870		263	0					1113	3487	1007							
935308														4397		77	0					1836	2478	6							
935559														2847		75	0					1430	1342	0							
935577														1886		163	0					1099	579	45							
935719														949		810	0					101	38	0							
936136														76655		46868	0	13523				5516	21935	2336			13397				
936426														192960		150756	0					20606	14906	6692			43232				
936462														263157		104737	0					7789	142200	8431			90796				
936583														21047		12468	0					2980	5400	199							
936640														1870		71	0					931	868	0							
936837														824		57	0					513	236	18							
936855	937302	0	585380	0	0	0	0	0	257146	7721	0	0	0									87055									
937339														1820		936	401		569			483	0	0				BOLI Reserve			
937553														668		114	0					502	52	0							
937740														10385		6718	0					490	2777	400							
937759														704		53	26					486	138	1							
937834														2759		2315	0					318	110	16							
937843														179		0	0					44	135	0							
938354														157		0	0					67	90	0							
938550														340		0	0					116	125	99							
938859														8519		4538	0					170	2834	977							
939249														13633		1556	0					6357	4120	1600	881						
940021														1141		795	0					33	221	92	795			escrow reserve			
940311	836000	0	548000	0	0	0	298000	0	246000	11000	0	0	0									31000							SECURITIES TRADES PAYABLE		
940674														2617		2150	0					141	317	9							
940731														1764		1321	0					70	373	0							
940852														256		0	0					218	38	0							
941541														1076		332	0					343	330	71							
941804														981		980	0					1	0	0							
942454														5254		5138	0					116	0	0							
942539														5727		105	0					4637	985	0							
942847														857		0	0					347	383	127							
943143														268		14	0					114	114	26							
943152														117		0	0					82	26	9							
943273														397		64	0					195	138	0							
943675														5367		3546	0					84	1615	122							
943853														724		36	214					474	0	0							
943974														1073		616	0					57	400	0							
944047														3870		475	34					1634	1509	218							
944337														2019		1295	0					346	82	296							
944355														5997		3897	0					1150	731	219							
944627														8915		4940	0					558	3062	355							
944739														2261		82	0					863	1316	0							
944748														277		4	44					221	8	0							
944935														374		165	0					162	39	8							
945026														1817		1092	0					8	717	0	810		282				
945053														27348		16120	0	9658				1291	9347	590							
945071														5869		5560	0					8	84	217							
945950														480		0	0					371	109	0							
946274														1293		1183	0					7	40	63							
946555														1286		382	0					343	561	0							
947525														1632		732	0					375	475	50							
947749														6929		3226	0					627	2838	238							
947776														2029		1267	0					0	641	121							
948250														1206		226	0					190	726	64							
948278														731		195	0					454	62	20							
948531														2596		1012	0					415	574	595							
949154														33040		12150	0					5983	11135	3772			10526				
950141														3799		1675	390	1647				1024	425	285							
950178														15202		9960	0					984	3363	895							
950356														1069		149	0					146	774	0							
950758														997		94	0					285	618	0							
951102														7594		6564	0					15	1015	0							
952172														14974		9998	0					924	3340	712	6553						
952257														532		0	0					306	226	0							
952846														1364		0	0					474	890	0							
953535														13466		6850	0					1545	5009	62							
953843														2085		67	0					397	1446	175							
953852														1264		171	0					950	30	113							
954158														404		2	0					402	0	0							
954251														2988		1756	0					552	490	190	1756						
954279														3965		1826	0					40	1793	306							
954653														315		0	0					42	177	96							
954671														953		570	0					264	119	0							
955753														657		0	0					182	352	123							
955940														1946		285	0					981	393	287							
955959														5312		3703	0					488	1121	0							
955977														16626		6480	0					938	8614	594							
956134														783		110	0					332	298	43							
956152														383		241	0					134	3	5							
956255														2769		237	0					438	1736	358							
956358														548		0	0					238	274	36							
956376														780		370	0					0	390	20							
956527														2358		1153	0					752	453	0							
956554														325		0	0					87	204	34							
956750														7585		2649	0					764	3273	899							
956938														14476		8518	0					3946	664	1348							
956956														1539		867	0					417	255	0							
957757														4004		2383	0					497	1004	120							
958204														53291		47378	0					955	4755	203	22031		20170				
958231														297		0	142					105	50	0							
958558														2919		2262	0					570	87	0							
958763														859		2	0					193	639	25							
959304														258192		222310	0		70020			6850	27995	1037			48253	Securities purchase not yet settled			
959443														2424		0	0					1144	1280	0							
959630														353		342	0					6	0	5							
959715														15199		10219	0	468				975	3276	729	5556		1637				
960047														493		0	265					177	51	0							
960551														393		90	0					263	40	0							
960935														15758		6507	0					3030	4672	1549		380					
961259														4166		200	0					327	3004	635			197				
961343														2259		922	0					120	1034	183	591						
961400														8894		2319	1191					6	5178	200							
961446														742		8	0					523	196	15							
961576														11907		8197	0					63	3488	159			4065				
961624														238354		153628	0		39079			31333	47523	5870			77530	Securities purchased but not settled			
962313														582		0	0					97	485	0							
962890														12353		3180	0					2860	5820	493							
962966														773516	0	307054	56069	122610	143030	0	0	11653	398740	0	0	0	0	Credit default swap liabilities			
963002														6583		2919	0					1	3375	288							
963730														965	0	76	0	76	0	0	0	170	710	9	0	0	0				
963945														288003		164262	28925	142537				28250	56101	10465		9988	7797				
964157														4111		824	0					372	2686	229							
964250														313		22	0					165	111	15							
965051														868		521	0					221	126	0							
965789														22392		17146	0		4522			1129	1874	2243			10468	Variable Compensation Accrual			
966272														645		67	0					306	262	10							
966722														4741		4002	0					460	189	90							
966731														4647		1653	0					2160	817	17							
966973														199		93	0					30	47	29							
967046														8549		5135	0					714	2539	161							
967952														2070		1605	0					204	261	0							
968070														122675		96022	1399		70154			3131	16577	5546				Low Income Housing Partnership			
968155														1287		0	0					295	947	45							
968249														2226		58	0					1265	882	21							
968744														5456		2102	0					2404	740	210							
969059														98		11	0					80	0	7							
969255														3050		7	0					2125	918	0							
969639														2420		1597	0					315	508	0							
969844														1894		791	0					300	762	41							
969956														220		11	0					95	111	3							
970055														1435		793	0					298	183	161							
971070														1523		1273	0					75	170	5							
971379														41		39	0					2	0	0							
971959														21237		1806	0	543				11189	6127	2115	854		301				
972143														1144		80	61					766	237	0							
972406														41149		19760	676					0	20713	0			19760				
972648														12756		5285	0					4927	2258	286	4684						
972732														17056		8938	0					3849	3346	923	4356						
972750														580		46	0					144	390	0							
972769														10224		8042	0					1060	1072	50							
972862														4583		1770	0					328	1402	1083							
973252														144		0	0					91	53	0							
974558														1571		0	0					438	1133	0							
974754														2430		1206	0					742	457	25							
975153														2739		1484	0					587	565	103							
975256														1890		1240	0					528	0	122							
975452														366		258	0					108	0	0							
975751														131029		9421	46733	8287				14	74861	0							
975854														2254		25	0					635	1561	33							
976534														2155		1575	0					255	325	0							
976552														10150		3570	0					2607	3973	0							
976703														594411		399379	0					11212	183820	0							
976954														55		0	0					53	2	0							
977045														334		4	0					91	239	0							
977250														3742		2404	129					293	661	255							
977616														1151		0	0					386	273	492							
977652														338		12	0					82	204	40							
977951														12584		6567	0					2766	2903	348							
978118														35850		20747	0					2802	11235	1066	5930		9781				
979133														2345		675	0					543	1127	0							
979151														1201	0	604	0	0	0	0	0	401	130	66		0					
979629														5461		43	888					1182	3212	136							
979759														1966		1573	0					227	0	166							
980438														548		0	0					286	137	125							
980531														8449		4884	0		1607			1687	1718	160				ATM Settlement			
980661	607626	0	470659	0	191166	0	0	0	84427	36197	131740	0	0									16343									
980773														2969		458	0					183	2216	112							
980951														910		203	0			141		408	236	63					Reloadable card pooled balances		
980960														15738		7690	0					289	6749	1010							
981350														154		26	0	26				105	2	21							
981453														169		35	0					118	16	0							
982142														12025		4336	0					2132	4782	775							
982348														11975		5040	0					3188	3747	0							
982553														5770		1284	0					762	2419	1305							
983055														75		0	23					48	1	3							
983158														35		0	0					35	0	0							
983457														21575		17975	0					1937	1523	140							
983550														1597		904	0					569	124	0	475						
984258														2030		144	0					709	1177	0							
984351														640		191	0					245	178	26							
984454														235		148	0					66	0	21							
984856														1223		738	0					457	28	0							
985451														772		14	0					11	747	0							
985479														8903		3028	0					217	5194	464							
986159														1022		587	2					387	46	0							
986551														2052		1339	0					647	66	0	1030			Escrow Checks Payable			
986757														126		37	0					71	18	0							
986935														1729		1	0					963	765	0							
987231														1778		0	0					746	1032	0							
987259														1601		629	0					299	673	0							
987576														63		0	0					32	31	0							
987651														1316		436	226					372	72	210							
987848														1168		705	216		236			143	104	0				Deferred Revenue Inventive from Mastercard 10 yr. agreement			
988144														1186		59	0					684	423	20							
988153														3875		188	0					2840	697	150	184						
988256														198		1	0					165	32	0							
988452														2417		0	0					298	1967	152							
989141														1853		0	299					483	1071	0							
989347														6029		172	0					3138	2053	666							
989534														1044		526	0					421	97	0							
989730														6176		366	0					1024	4613	173							
989851														939		391	0					379	166	3							
990053														1687		0	0					547	1030	110							
990352														3017		368	0					1156	1493	0							
990642														4245		2792	0					564	824	65							
991078														400		196	0					25	179	0							
991135														364		29	0					81	210	44							
991340														161576		105785	0				65406	27533	19239	9019						Unfunded Commitments	
991359														1357		605	0		588			390	280	82				OTHER LIABILITIES-SUPPLEMENTAL EXECUTIVE RETIREMENT PLAN ACCRUAL			
991555														580		3	0					282	295	0							
991621														3275		1339	0					988	845	103	1149						
991854														9		0	0					9	0	0							
992851														1768		0	0					1768	0	0							
993250														1919		336	0					576	964	43							
994435														8364		1898	0					1469	4314	683							
994770														275		0	0					175	100	0							
995076														22606		18757	0	1260				3454	0	395	1979		14032				
995272														9156		8298	0					19	772	67							
995517														3982		2266	0					983	733	0							
995571														5030		3004	0					505	1427	94	2262						
995674														1601		930	0					291	269	111							
995955														272		0	0					183	43	46							
996260														52923		29465	0					5076	17024	1358			20822				
997155														366		85	21					236	0	24							
997557														919		522	0					240	112	45							
997847														3457		302	0					1744	1011	400	287				SBA FEES - PPP		
998358														209		0	0					104	105	0							
998648														2199		1684	0					160	355	0							
998657														817		632	0					118	67	0							
998844														9239		2585	0					4391	2263	0							
999935														8286	100	5427	0					872	1755	232	3696		1284				
1000052														3626		294	0					1217	2050	65							
1000276														2722		1755	0					1	923	43							
1000641														11315		2375	0					596	8243	101							
1000856														586		476	0					3	107	0	476						
1000959														1225		405	0					519	301	0	405						
1001059														4561		368	0					1749	2058	386							
1001152														113570		32025	3525		20045			13162	61868	2990				Inv Pay - LIHTC partnerships			
1001639														40272		1134	0	1134				25330	13099	709							
1001648														24841		17093	0					3794	3054	900			14759				
1001853														4378		2035	0					1772	501	70	1770						
1002373														7102		5650	0					0	1364	88							
1002458														680		108	0					155	417	0							
1002878														174198		101861	0					7616	54018	10703			50768				
1002953														609		62	0					514	0	33							
1003455														1140		180	0					474	438	48							
1003558														2923		1840	0					222	821	40	1669						
1003839														12374		10191	0					687	1496	0							
1003950														7990		192	79					63	7649	7							
1004256														338		152	0					83	103	0							
1004470														15831		11886	733					0	2701	511							
1005075														1693		1037	0					479	127	50							
1005552														2327		1646	0					236	438	7							
1005655														873		0	0					466	346	61							
1005851														434		205	0					157	0	72							
1006148														7749		4723	0					1277	1749	0							
1006157														729		0	0					293	411	25							
1006513														7013		5140	0					959	814	100							
1006559														1756		651	0					231	864	10							
1006652														2183		0	0					1342	793	48							
1007015														110655		95305	0					2239	10791	2320			68890		0		
1007051														850		0	140					233	451	26							
1007154														6243		4228	0					433	1553	29							
1007417														6090		4109	0					15	1617	349							
1007734														3055	0	1441	0	0	0	0	0	481	899	234	415	0	915				
1007752														525		12	0					209	299	5							
1007819														33131		20015	0					5856	6131	1129							
1007873														11181		10603	0					0	565	13							
1007930														1137		787	0					350	0	0							
1007958														278		70	0					116	92	0							
1008076														1748		309	0					594	699	146							
1008151														417		14	0					254	149	0							
1008209														445		6	0					38	333	68							
1008450														829		0	0					130	699	0							
1008553														1079		413	0					519	147	0							
1008674														22147		15864	0					1674	4430	179							
1008955														753		0	0					538	215	0							
1009242														5668		13	0					2650	3005	0							
1009354														23060		992	0					6121	8093	7854			766				
1009756														3148		2233	0					759	134	22							
1009840														368		15	0		15			284	69	0				RE Contract Payments			
1010015														1857		20	0					330	551	956							
1010574														2563		1247	0					9	998	309							
1011432														829		390	0					223	216	0							
1011526														78323		64474	0		35967			4813	9013	23				Loan Swap Liability			
1011638														6304		129	0					1965	3392	818							
1011656														14522		12423	2					1361	736	0							
1011852														17		0	0					12	5	0							
1011955														4893		901	0					2869	1080	43							
1012251														3957		2813	0					632	472	40							
1012457														320		88	0					187	32	13							
1013070														8200		5420	0					34	2258	488	5375		29				
1013650														582		0	0					546	36	0							
1013744														4296		700	1104					920	1503	69							
1014059														321		87	0					33	201	0							
1014125														5707		2117	0					827	2275	488							
1014246														12954		12596	18					118	222	0							
1014255														256		0	53					61	142	0							
1014376														1969		35	0					269	1665	0							
1014451														286		203	0					80	3	0							
1014554														963		305	0					389	269	0							
1014657														1686		781	0					543	242	120	781						
1014853														1387		29	0					479	828	51							
1015252														4532	0	2370	0	0	1490	0	0	545	1607	10	0	0	0	Directors' Deferred Compensation			
1015270														4620		2276	0					390	1884	70							
1015458														567		5	51					271	240	0							
1015560														160983		139517	0	1135	92532			12859	8474	133			45200	Syndication loan payable			
1015841														854		149	0					295	410	0							
1015850														3276		1168	0					1007	927	174							
1016174														2707		1255	386					38	867	161							
1016231														12804		6387	0		3140			2696	2713	1008				SERP			
1016259														5509		2137	0					1372	0	2000							
1016558														339		31	29					158	121	0							
1016718														488		0	0					106	382	0							
1016848														58		0	0					58	0	0							
1016857														9498		1529	0					366	6966	637							
1017425														4137		1063	0					307	2627	140							
1017555														279		0	0					116	163	0							
1017564														673		314	0					9	274	76							
1017854														187		0	0					124	63	0							
1017939														245124		166158	0					11296	55185	12485							
1017957														3608		2102	0					627	526	353							
1018927														30389		14624	0					298	13384	2083							
1157415														26663		4445	0					19605	1772	841							
1160509														2659		1045	0					712	902	0							
1162017														12827		7187	0					196	4381	1063							
1163283														595		133	0					317	99	46							
1169650														6442		428	0					5715	298	1							
1176881														29963		2447	4107	1307				17870	5539	0			1140				
1176920														120		87	0					33	0	0							
1187001														22687		9991	0					2945	6402	3349			6090				
1187551														736		63	0					22	589	62							
1188772														20102		3372	0		1190			1192	15166	372		335	1847	Mortgage loan repurchase reserve	0		
1188987														3992		2863	0	367				454	675	0	2496						
1190476														190192		84009	0	33123				7019	92824	6340			23235				
1191352														1595		889	0					233	413	60							
1216022	5383000	0	4578000	0	0	1412000	0	0	599000	45000	0	0	0									161000						Merchant Promo Deferred Revenue			
1218446														3898		1676	0					41	2104	77							
1222519														4930		0	0					3846	1084	0							
1222948														2052		81	0		1	80		435	1536	0				Due from FNMA	Reserve for Loans Sold		
1225752														3551		2419	0					277	800	55							
1225761	155060	0	1592	140856	0	0	0	0	12248	0	0	1491	0									364									
1225798														696		4	62					103	527	0							
1228034														5584		3922	0					460	242	960							
1293078														1346		44	0					374	899	29							
1369870														2476		0	2289					0	187	0							
1386251														157386		115385	0					16235	25278	488							
1387203														735		384	0					167	132	52							
1387605														33565		11700	0					11812	7072	2981							
1391778														242907		194271	0		93086			6833	41803	0				Tax Reserve			
1394621														7382		501	0					3837	2644	400							
1394676	9296926	0	6150578	0	0	1621440	3377803	0	2845181	0	0	0	0									301167						DUE TO AFFILIATES	DEFERRED FEE INCOME		
1396764														6051		2528	0					1314	2209	0							
1397471														1711		1150	0					215	96	250							
1402384														2852		87	743					686	1130	206							
1404481														3970		3279	0					266	0	425							
1404883														2499		1705	0					244	510	40							
1414819														10476		5823	0					1873	2715	65			5322				
1418255														721		401	28					10	250	32							
1429028														11876		8744	0					708	1890	534							
1435092														850		3	0					67	775	5							
1436204														42134		30222	0					1698	9320	894			19528				
1443266	78000	0	12000	0	5000	0	0	0	4000	0	0	0	0									62000									
1444021	913876	0	282009	396581	0	0	0	0	235286	0	88465	0	148485									0									
1445943														12541		6627	0					635	3338	1941							
1447639														21252		13053	0					452	4912	2835							
1456501	3629000	0	1870000	0	0	505000	0	0	807000	270000	0	0	0									682000						PAYABLE FOR PENDING TRADES			
1458608														51457		2596	0			2499		8720	39782	359				Derivatives with a negative fair value	Factoring Payable		
1459717														9277		1470	0		1355			5304	2503	0				ATM/DEBIT CARD SETTLEMENT ACCOUNT	PAYABLE TO TWAIN HTC FUND LLC		
1459735														18632		7112	0					2837	8489	194							
1459799														4290		2668	0					626	683	313							
1462986														575		104	0					461	10	0							
1469677														17875		8116	0					3831	4685	1243							
1470150														1132		315	0					391	355	71							
1474309														959		410	0					317	182	50							
1479470														4850		3574	0					532	640	104							
1481745														5150		551	0					2110	2234	255							
1492817														816		153	30		152			350	283	0				Deriv Liability			
1493319														2381		1781	0					110	484	6							
1494482														193		0	0					19	164	10							
1494914														59260		45896	0					8732	4397	235			40999				
1629903														20369		4387	3147					0	12835	0	4188						
1718188	58308	0	51314	375	0	13240	0	0	4380	1911	17516	0	0									328						Due to LIHTC Partnerships			
1718469														27291		17709	0	482	12804	1927		2804	6695	83	1641	63		Notes Payable - Invest in R/E Ventures	Notes Payable - Equity Investment		
1820979														892		397	0	308				0	495	0			89				
1836701														2577		0	0					816	1579	182							
1842065														1119899		618816	0		189606			43001	364829	93253		285511		Unfunded Commitments on CRA Investment Tax Credits			
1863097														13635		9056	0					890	3122	567			7717				
1864197														22254		6947	0					242	14260	805			6837				
1867983														41781		25009	0					9157	5180	2435			23640				
1872941														3315		960	0					564	1791	0							
1879016														6779		4957	0					907	535	380							
1883321														20903		9715	0	1204	6375			4751	6437	0	880		102	Payable Securities			
1885932														12723		3946	0					3719	5053	5			2402				
1890525														31471		17296	0					1348	12185	642							
1892154														6348		5075	0					405	718	150							
1893049	229000	0	222000	0	0	222000	0	0	6000	0	0	0	0									1000						Payable to affiliated companies			
1917301	142845	0	106843	0	35590	0	0	0	21967	7901	0	28884	0									6134									
1918344														107474		66240	0		24874			13123	26921	1190			31073	Commitments to Fund Affordable Housing Project			
1929247														1082240		774311	0					37470	201920	68539	65722		491604				
1940747														2246		1424	0					84	738	0							
1945247														296		62	0					32	202	0							
2002222														4495		2111	0					1271	1113	0							
2006024														5834		2040	0					1730	1464	600							
2007991														4602		0	0					742	3711	149							
2009605														15951		4843	0	8	3896			6111	3197	1800	247		534	LOAN PAYMENTS OWED TO PARTICIPATING BANKS			
2010722														2252		760	0					672	661	159							
2037185														2849		1749	0					358	569	173							
2044811														28383		16360	0		13568			3048	5090	3885				Commitments to Fund Low Income Housing Tax Credit			
2044820														459		0	0					263	168	28							
2051127														1682		605	0					298	779	0							
2059990														849		89	0					200	306	254							
2068107														11760		8910	0					1166	1469	215							
2107181														44718		0	0					0	44718	0							
2119773														49621		25455	5354		13662			4392	8167	6253				Commitments to Fund Low Income Housing Tax Credit			
2121196														261773	0	109871	0	0	109738	0	0	283	151369	250	0	0	0	Credit Card Revenue Share			
2122997														1007		1000	0		1000			7	0	0				Payable to Non-Affiliate			
2123930														857		434	0					314	109	0							
2132941														25926		1288	0					1301	23060	277							
2140348														196956		187906	220					525	7819	486							
2142155														35821		24797	0	5536				1864	7179	1981	9195	10066					
2163477														13748	0	11019	0	0	4883	0	0	0	2729	0	0	0	0	Accrued Compensation			
2182786	48160000	0	41446000	0	0	22040000	0	0	5254000	627000	0	0	0									833000						Trade date payable			
2193616	154099	0	47229	0	0	20301	0	0	85971	17833	22759	0	0									3066						Unsettled Loan Purchase Payable			
2209553														106637		67918	0		25071			6011	31986	722			29105	RETIREMENT LIABILITY			
2218443														1883		6	0					1045	832	0							
2232757														3245		2898	0					48	263	36							
2233875														3541		2485	0					404	221	431							
2236821														5414		2347	672					370	1971	54							
2239288														132196		94163	0		24930			1630	22337	14066				Commitments to Fund Low Income Housing Tax Credit			
2262718														5245		5102	0		3943			0	143	0				Reserve for Production Incentive			
2265456														110863	0	55722	0	0	35126	0	0	9	55132	0	0	0	20372	Defered Income			
2297998														20670		10071	0					3776	6254	569							
2298995														15753		3070	1042					3786	4607	3248			769	Commitments to Fund Low Income Housing Tax Credit			
2304636														617		152	91					84	236	54							
2305969														4310		1358	0					838	2071	43							
2316714														6426		3812	0					1022	1001	591							
2317672														1795		915	0					263	575	42							
2325882														13020	0	10416	0	9805	0	0	0	0	2604	0	0	0	0				
2328137														18840		8262	0					3943	6106	529	5598		2443				
2328285														1897		1204	0					0	693	0							
2329200														3739		2327	0	187	693			232	1071	109	396		609	Deferred revenues-CDFI Awards			
2332910														6794		4457	0					1179	991	167							
2333140														1312		542	0					151	540	79							
2337335														0		0	0					0	0	0							
2339599														6489		4080	0					525	1773	111							
2339795														15337		4276	1209		1734			4828	3234	1790			1871	Commitments to Fund Low Income Housing Tax Credit			
2343167														4947		879	0					14	3940	114							
2344753														11122		62	0					1735	4906	4419							
2353595														52493		13101	0					622	38451	319							
2354985														239844		141022	11779		55364			25181	54919	6943			40253	Low Income Housing Tax Credit Commitments			
2356091														4583		1106	6					983	2488	0							
2358769														4412		716	0					1382	2194	120							
2362458	142891	0	21	72041	0	0	0	0	70798	0	0	0	0									31									
2371816														4759		3445	0					602	712	0							
2390929														24512		9777	0	2321	500	745	6100	3563	8686	2486				Allowance for Potential Mortgage Repurchases	Low-Income Investments	Supplemental Executive Retirement Plan	
2391588														779		20	0					259	391	109							
2396592														5301		3596	0					1308	0	397				SBA Loss Claim			
2396604														2720		1424	0					615	657	24							
2398701														3095		1312	0					834	814	135							
2451240														341983		337031	0					6	4893	53		327945					
2465881														11697		3856	0					4112	2684	1045							
2467670														982		545	0					0	412	25							
2471239														95046		64957	0		22320			11304	15949	2836			39996	Arena Naming Rights Liability			
2482824														26685		5393	0					1900	18892	500							
2489805	1583000	0	579000	0	0	278000	194000	0	457000	11000	0	0	0									536000						UNFUNDED LIHTC	INTERCOMPANY PAYABLES		
2490285														357		9	0					46	282	20							
2497181														10557		1684	0					1197	5034	2642							
2502825														250		183	0					6	61	0							
2505424														2188		303	0					400	1454	31							
2505451														1625		20	0					734	713	158							
2505460														6907		4117	0					835	1857	98							
2508751														77156		5659	49210					2371	14907	5009			5541				
2515320														10566		5456	0					42	4500	568							
2529176														1672		150	0					690	767	65							
2531562														348		9	0					82	257	0							
2531991	1729	0	1031	0	1013	0	0	0	698	0	0	0	0									0									
2533043														1174		544	0					482	148	0							
2536633														1205		0	0					267	853	85							
2539960														4667		542	0					2953	1162	10							
2562137														1164		31	0					352	776	5							
2562164														56922		6765	767					442	46011	2937			5363				
2567123														222254	0	70288	114011	0	63250	0	0	0	37955	0	0	0	0	Deferred fee income			
2568063														10746		1353	0					20	9315	58							
2576134														96126		64770	0					10756	19182	1418							
2577739														1427		618	0					665	144	0							
2580243														11361		8184	0		677	4690		754	1934	489			2072	Post-retirement benefit liability	Due to Counterparty		
2587916														2728		1544	0					234	950	0							
2594240														34075		24361	0					1572	5975	2167							
2594419														4463		1158	0		1085			143	2965	197				ASCT 842 Right of Use Liability			
2596646														23436		2539	0					2697	18075	125							
2597223														6657		5995	0					0	662	0							
2597232														2265		2030	0					0	235	0							
2598396														1450		588	0	586				251	563	48							
2600039														188249		128216	0					0	60033	0							
2602828														1167		677	170					115	205	0							
2605566														53897		43763	39		27209	14444		5934	4161	0				Dealer payables	Payables on behalf of dealers		
2607412														266		55	0					211	0	0							
2608754														64160		39807	0			33786		8371	14859	1123					DEFERRED INCOME		
2610784														506		1	0					255	220	30							
2614344														3697		11	0					582	2770	334							
2615190														158868		43276	0	1770	13393	14689		11393	102320	1879			10272	Unearned Annual Service Charge	Cardholder rewards		
2615220														2032		1286	0					149	382	215							
2618780														446705		238698	0					1780	147714	58513			217821				
2619714														3720		1476	0					701	1543	0							
2621285														1249		0	0					235	1014	0							
2621940														1536		1204	0					118	182	32							
2624400														17853		10405	0		10349			3353	2559	1536				Commitments to Fund Low Income Housing Tax Credit			
2625724														8239		3145	0					1532	3098	464							
2631172														10560		4446	0					190	5407	517							
2631846														131970		129174	0		128552			1739	700	357				Payment Processing			
2634191														351964		196942	0				94565	25695	102527	26800						LIHTC Delayed Equity Contribution	
2634351														23837		8422	8399		6126			1263	3042	2711				Commitments to Fund Low Income Housing Tax Credit			
2641827														815		356	0					0	459	0							
2643595														1996		1633	0					0	88	275							
2649177														39874		34951	0					747	4176	0							
2651899														2346		2175	23					0	148	0							
2652092														114116		71680	0					11019	26531	4886			36278				
2654911														81683		61180	0		35167	6765		563	19940	0				AFS securities purchased	Derivative Cash Collateral	A/P Securities Purchases AFS	
2661861														14260		10199	0					43	3452	566	4081		3643				
2666400														11473		919	0					5417	5137	0							
2667920														1142	0	0	5	0	0	0	0	0	1137	0	0	0	0				
2667939														3113		2053	0					1050	0	10							
2667957														2529		0	0					960	1519	50							
2668598														7023		744	0					1324	4826	129							
2684552														2394		424	926					278	323	443		7					
2686211														10846		9536	0					319	948	43			9536				
2687133														4912		4176	0	33				9	510	217	4140						
2687487														17166		5832	0					4300	7034	0							
2693264														26831		9939	4424					3343	5225	3900			5838				
2694681														43219		627	0					39422	2083	1087							
2696180														364		241	0					55	68	0							
2697963														15571		8761	0					1994	4379	437							
2700984	235894	0	14232	0	0	0	14232	0	216284	0	0	0	0									5378							AP Clearing		
2702764														702		367	0					247	88	0							
2705112														563		165	0					339	59	0							
2705895														83924		58862	0					1462	21522	2078			49722				
2708122														10590		6622	0					1507	2058	403							
2713920														5844		4481	0					0	1363	0							
2716088														8097		4077	0					2249	1566	205							
2718596														1530		307	0					800	389	34							
2719810														2259		789	54					0	1416	0							
2723376														1225		513	0					0	712	0							
2724766														250		0	23					94	111	22							
2726050														3200		2319	0					249	623	9							
2729677														22524		18291	0					0	4233	0							
2730431														4069		2317	0					370	1320	62							
2732565														2146		352	0					993	801	0							
2733263														1973		373	0					660	924	16							
2734729														63613		31616	0					1191	30337	469	12129		17072				
2735137														2057		62	0					348	1647	0							
2735146														719057		274979	153113	129804			70506	9392	267317	14256						Low income housing tax credit investment payable	
2736219														20257		10165	0					2529	7343	220							
2736291														125690		74405	0	21583				18615	27408	5262			47332				
2736451														10053		4164	0					1225	4168	496			3117				
2736714														13666		7104	0					78	5987	497							
2737980														49360		10435	2651		4358			14351	21617	306	3716			DEFERRED LRA INCOME			
2743244														23928		9471	0					6681	7134	642	4687						
2745426														11844		6348	0					1795	3051	650	3729		2545				
2745529														965		163	0					0	802	0							
2746245														1259		992	0					192	18	57							
2747279														470		116	0					122	154	78							
2747466														1825		512	0					580	623	110							
2747587														22363		15032	0					100	5875	1356							
2748502														13608		9305	0					912	3087	304							
2753917														421		5	0					16	369	31							
2754222														1308		734	0					36	467	71							
2756730														3349		432	0					1222	1695	0							
2756909														7289		5547	0					0	1722	20							
2757205														57191		44006	0					1649	9759	1777			26521				
2758613														15324		1918	0		1171			395	10618	2393				Unfunded commitments - investment fund partnerships			
2759629														3697		1571	0					1255	793	78							
2764212														19155		9700	0					5006	2969	1480	6335						
2769570														2370		0	0					434	1935	1							
2769954														1479		635	0					432	262	150							
2771694														26708		16826	0					866	8285	731							
2774707														463		0	80					0	383	0							
2775151														1567		167	0					65	885	450							
2775179														3367		446	0					312	2410	199							
2775692														691		0	89					106	426	70							
2785477														15651		10589	0					3221	1716	125							
2785646														17455		9699	0					5554	1002	1200							
2787770														13866		10168	0					1292	1646	760	5978		3495				
2791085														9314		6363	0					477	2474	0							
2793593														5016		1488	0					1928	1262	338			1479				
2794732														5793		1643	0					3248	863	39							
2796277														2217		958	0		955			58	1201	0				Right of use lease liabilities			
2797162														5667		373	0					286	4856	152		53					
2797210														374		296	0					0	78	0							
2797359														12396		7587	0					123	4264	422							
2797724														288049		149578	0					17185	110768	10518			51043				
2805535														3425		693	0					1015	1717	0							
2805928														1636		989	0					137	485	25	737						
2806635														4593		1256	0					1188	1068	1081							
2806840														2783		1758	0					735	290	0	1597	129					
2806877														42135		20276	4997		1987			995	15867	0		1259	13590	Mortgage Recourse Reserve			
2807173														945		107	0					335	309	194							
2808602														45977		19000	0		11239			7830	17738	1409				LIHTC Remaining Commitment			
2809373														3447		2066	463					0	918	0							
2811086														236		93	0					105	10	28							
2815879														2162		43	209					608	1295	7							
2819167														24556		15765	0					1355	7416	20							
2819242														3297		250	0					2081	966	0							
2820604														7892		4007	0					1668	1967	250							
2823221														3164		0	0					1383	1716	65							
2826017														102945		91643	0		26752			0	11302	0			55919	Accrued Compensation			
2833882														7224		3673	0					884	2237	430							
2835103														4041		1677	0					1333	928	103							
2836306														863		194	0					142	432	95							
2838207														12919		6343	0					4227	1819	530							
2839790														14621		9287	0					1319	3248	767							
2845782														1841		0	0					0	1841	0							
2847085														789		0	0					94	695	0							
2847142														20297		8032	0					1255	10342	668							
2849285														3985		688	0					2317	825	155							
2849463														11674		1902	0					3349	5990	433							
2849801														27973		9445	0					10299	8229	0	7651	1672					
2850722														444807		271043	3176		268202			72369	98219	0				Payable to affiliate			
2855866														4195		73	0					1937	1957	228							
2857600														13950		11971	293					1121	464	101							
2858492														2046		0	0					849	1040	157							
2858960														62653		47325	0	9798				1039	13004	1285	2975		20551				
2860039														3744		2681	0					87	868	108							
2860271														5642		3450	0					1857	335	0							
2861317														3299		1476	0					447	1069	307							
2867337														41348		18450	0			5000		4984	17317	597			10431		Due to-from bank-bancorp		
2869162														6383		926	0					1618	2440	1399							
2871099														7377		4149	0					742	2416	70							
2871558														14238		14184	0					51	0	3							
2873598														5436		3086	0					49	2188	113							
2877345														11178		2964	0		1058			4952	2932	330				FHN Swaps held for trading			
2877484														858		840	0					18	0	0			767				
2877831														4534		3577	0					842	98	17							
2877840														21047		9874	0					7932	3241	0							
2880019														26266		7302	0					4518	13883	563							
2881445														10355		2821	0					0	7534	0							
2882983														2262		1166	0					727	328	41							
2889227														3106		2255	0					352	383	116							
2891622														122362		92294	0	18750				1146	28645	277	14590	28540	15547				
2897633														1947		561	0					139	1247	0							
2901558														277		56	64					48	109	0							
2903123														9357		5795	0					426	2760	376	2178		2412				
2905761														604		473	0					12	89	30							
2907019														2570		510	0					1342	718	0							
2907439														3466		3141	0		1617			260	0	65				Leased Property Payable			
2912750														1437		0	0					0	1437	0							
2913702														2053		175	0		161			348	1445	85				Deferred Revenue			
2914268														2154		530	0					16	1608	0							
2914727														3501		9	0					1361	1508	623							
2915461														15001		8411	0					811	5669	110							
2916534														4038		1422	0					1376	1231	9							
2916963														12171	0	6561	2835	0	6548	0	0	0	2775	0	0	0	0	Deferred fee income			
2917184														1078		10	0					286	687	95							
2917317														337988		93808	0					912	230501	12767		64619					
2919898														6002		635	0					1717	3395	255			201	AP ACH Processing - GL Suspense			
2920287														588		28	0					122	389	49							
2920773														5595		1562	0					222	2602	1209							
2921622														338		0	0					128	210	0							
2921659														50186		33575	0					0	16611	0							
2925620														2303		793	0					72	1263	175							
2925666														789756		568289	0					41276	164051	16140			378306				
2929392														11555		4914	0					412	6039	190							
2938198														34120		17269	0		5912			3462	7368	6021			9525	Commitments to Fund Low Income Housing Tax Credit			
2938787														12292		4990	0	218				0	7302	0			4772				
2939001														839		201	0					32	606	0							
2939391														2649		1845	0					322	217	265							
2941068														60981		24357	0					7585	26239	2800	22103						
2943615														5404		3247	0					456	1701	0							
2947556														15431		6469	0					0	8962	0							
2948058														14235		11522	0					812	1071	830							
2948423														9305		7561	0					291	1428	25							
2949970														2473		498	0					630	1345	0							
2953418														5963		2903	0					384	2416	260			2846				
2954059														22478		13080	0					1838	7080	480			11737				
2954497														9090		7199	0					308	1341	242							
2958972														13055		9358	0					413	3284	0							
2960555														1126		53	0					300	773	0							
2960788														143		95	0					0	48	0							
2963266														42185		23811	0	16189				3383	11742	3249			7621				
2963275														1883		1251	0					295	287	50							
2963864														5020		2615	0					740	1665	0							
2970657														7105		172	502					2145	2794	1492							
2973041														998		906	0					0	92	0							
2973386														17767		17761	0					6	0	0							
2980209														1270000	0	976000	0	381000	395000	0	0	9000	285000	0	0	0	0	Rewards			
2986407														13880		6763	0					322	6078	717	2976		3095				
2989006														2385		795	0					499	979	112							
2992547														43068		4115	0					0	38953	0							
2997216														2957		2403	0					106	265	183							
2997748														3498		629	0					180	2631	58							
2998576														107982		66687	14199					4726	22370	0							
3005097														647		416	123					100	0	8							
3010363														1476		353	0					77	612	434							
3015939														7545		5416	0					989	868	272							
3016347														61431		48670	0					2337	9438	986			38759				
3017081														132467		24135	0					1011	107321	0							
3019982														8796		5331	0					618	2673	174							
3020447														1974		641	0					775	488	70							
3022610														4638		2743	0					239	1482	174							
3025929														527		17	0					211	299	0							
3027763														2913		27	0					2193	609	84							
3029253														1073		0	0					3	1070	0							
3029589														256072		250318	0	8477				1415	1897	2442	38334	203507					
3032833														64		0	0					9	38	17							
3034257														9109	2954	5754	0	1962				2848	0	507							
3039636														14525		9648	0					355	4360	162							
3040418														13263		5752	0	1680	2613			1554	5957	0				UNPROCESSED CARDILE CASH COLLATERAL			
3041358														439		146	0					208	85	0							
3045383														79148		133	0					0	79015	0							
3047659														21839		9751	0					3096	6351	2641							
3048487														4123		1932	0					100	2036	55							
3049635														547		409	0					138	0	0							
3052813														12430		8826	0					730	2669	205	6180		2565				
3066025	46739	0	1113	0	0	1113	0	0	45626	0	0	0	0									0						Deferred revenue			
3067929														548		24	0					180	246	98							
3068579														22971		14169	0					7068	1673	61	8715		4954				
3070545														3483		13	0					895	2575	0							
3076220														50513		13367	0	9983				4465	12482	20199							
3076248														315709		281521	0	263962				4278	19773	10137			10198				
3076453														43277		19456	0					458	21085	2278							
3076604														4813		112	0					1137	3344	220							
3089752														1377		466	171					0	740	0							
3090833														1832		299	0					624	862	47							
3103591														475		237	0					91	108	39	150						
3109043														32191		14985	0		8351			9510	7144	552				Swap Counterparty Collateral			
3109146														64759		29836	0		18418			13092	20442	1389				Mark to Market Adjustment on Customer Derivatives			
3110197														49931		32515	0					11622	4134	1660							
3116519														5063		427	0					3343	1274	19							
3120646														3965		2135	0					1411	419	0							
3120897														1361		587	0					280	494	0			587				
3122994														4030		0	75					949	2865	141							
3125315														1048		556	0					233	232	27							
3125557														1435		21	0					522	824	68							
3128923														3227		1093	46					761	1073	254							
3134399														1225		601	0					302	235	87							
3134698														2377		1402	0					854	86	35							
3138146														1107192	0	532600	0	0	202923	0	0	109945	422339	42308	0	0	163930	Unfunded investment in Low Income Housing Credits			
3139321														1807		1304	0					469	29	5							
3140822														4997		327	2397					865	1303	105							
3141726														7345		851	0					692	5111	691			726				
3146150														23392		16960	0					2724	2912	796							
3148613														2957		2259	0					132	541	25							
3150205														3099		1092	0					611	1394	2							
3150447	1879000	0	1506000	0	0	1109000	0	0	146000	1000	0	0	0									226000						Unfunded LIHTC Commitments			
3153233														1812		151	0					458	888	315							
3153297														14484		8601	0					3173	2135	575							
3158546														33357		29584	0					899	2210	664							
3160978														1977		576	0					213	1188	0							
3165357														17444		12573	0					926	3257	688							
3166699														14722		12333	0					203	1913	273							
3174920														6479		2238	0					1893	1938	410							
3180136														182		52	0					0	130	0							
3184228														11551		4224	0					1867	4730	730							
3185579														3145		2199	0					545	401	0							
3185896														4577		1170	0					486	2641	280							
3187630														184590		127894	0		70024			16996	36956	2744				Deferred Credit			
3189063														35830		17579	0					3535	13931	785							
3194692														11057		5347	0					1877	3162	671	3070						
3199811														6393		5095	0					835	126	337							
3202702														1514000		1378000	0		1248000			17000	73000	46000				Due to healthcare providers			
3212149	1617363	660000	808965	0	0	0	0	0	640763	3878	0	0	0									163757									
3212402														65396		27844	0					29870	6371	1311			18961				
3213333														2343		0	0					1151	1192	0							
3214059														18166		6841	0					169	8885	2271			6763				
3216017														23338		8078	0		5271			2851	10223	2186				Commitments to Fund Low Income Housing Tax Credit			
3216316														6295		5064	0					395	810	26							
3217331														1916		258	0					886	765	7							
3217957														6647		2116	0					834	3697	0							
3219269														7104		733	0	297				0	6371	0	434						
3220863														2850		734	0					584	1532	0							
3221468														137798		69886	0					20851	36658	10403		46878	21622				
3223305														2304		735	0					394	1000	175							
3223408														2903		49	0					1157	1626	71							
3223417														4299		2348	0					1197	634	120			2348				
3224302														5831		2723	0					627	2248	233							
3224375														7245		3408	0					704	2647	486							
3224478														1013		37	0	4				466	357	153	33						
3224580														397872		345809	0			127858		9584	42479	0					Rewards Program Liability		
3228908														44548		15496	0					3272	25780	0							
3229875														7150		658	1670	658				0	4822	0							
3232204														169336		140798	0		36976			5265	22084	1189			64324	Low Income Housing Tax Credit Payables			
3232370														1614		1	0					948	551	114							
3235410														21659		12830	0					850	5746	2233	5145		5282				
3243282														10470		6264	0					135	4063	8							
3247589														4662		1117	0					194	3202	149							
3248849														25747		20798	0					2101	2366	482	607	10665	6062				
3253834														872		94	0					496	282	0							
3254297														214		0	0					175	39	0							
3262788														2482		455	0					539	1351	137							
3267738														15092		9994	0					1005	3347	746							
3268173														11		11	0					0	0	0							
3268249														1343		1128	0					41	174	0							
3270046														2538		229	0					1423	845	41							
3271799														34423		20339	0					6630	5958	1496							
3271986														3318		298	0					307	2434	279							
3272956														4395		412	0					1766	1913	304							
3274709														29931		13728	0		7170			8664	4043	3496				COLLATERAL HELD FOR DERIVATIVE INSTRUMENTS			
3277241														2672		1326	0					248	1025	73							
3280625														7065		234	0					1570	5032	229							
3281510														15390		6403	0					2361	6056	570							
3282012														1537		174	0					672	580	111							
3284070	2827000	0	1582000	7000	0	851000	0	0	379000	4000	0	0	0									855000						LIHTC Commitments			
3284397														108681		36944	1418	32692				26249	42611	1459							
3284445														15114		8411	0					1220	5132	351							
3284490														11766		4402	0					3346	3872	146	908		3458				
3285246														182		13	0					143	26	0							
3285778														898		86	0					110	550	152							
3286999														633		72	0					257	302	2							
3287660														160455		71358	0	42702				71276	17649	172							
3288452														13155		5640	0					3410	4005	100							
3290240														10168		3476	0	831	620	893		1354	4689	649		942		SWAP COUNTER PARTY CASH COLLATERAL	SWAP DEBT PURCHASE		
3293540														4626		928	0					187	3410	101							
3296859														3324		2178	0					238	638	270							
3297490														8829		4454	0					1946	2312	117							
3303298	4213550	0	3248195	0	0	1100340	0	0	636709	229050	0	0	1059083									99596						CRA Related Deferred Payments			
3303944														3307		2547	0					217	436	107							
3306280														9764		2533	0					1553	3447	2231							
3306598														1783		70	0					1424	289	0							
3308529														1036		398	0					386	86	166							
3308574														1357		819	0					207	296	35							
3309393														935		3	0					313	619	0							
3309571														3240		318	0					1336	1249	337	180		124				
3310287														4811		1740	0					0	3071	0							
3314043														3704		2874	0					500	230	100							
3314119														416		0	0					75	341	0							
3316739														1106		39	0					360	618	89							
3317192														945		0	0					355	574	16							
3317932														73557		33478	0					6384	30303	3392			32165				
3320781														3319		1751	0					608	19	941							
3322468														1065		50	0					31	934	50							
3325759														34853		6672	0		3619			3259	23789	1133				Residential RE Escrow Reserve			
3337097														30609		13529	0					12332	4484	264							
3340725														9299		5079	0					1010	3186	24							
3340903														413		85	0					60	119	149							
3341393														2597		2406	0					167	24	0							
3342671														2745		1881	0					241	623	0							
3344321														22134		10172	0	640				1414	10242	306		1547	7541				
3346633														747		450	0					17	280	0							
3347603														2430		290	0					608	1524	8							
3347911														3860		2037	0					464	1359	0							
3348468														4397		1568	0					296	2033	500							
3348888														123460		93795	0		24089	62344		9002	19883	780				Lease Obligation	TAX CREDIT CONTRIBUIONS		
3349241														7307		4250	0					907	2143	7							
3350658														6874		4046	0					1602	729	497							
3350724														35723		22905	0		21664			2279	9061	1478		113		ROU Liability			
3353154														40	0	38	0	0	0	0	0	0	2	0	0	0	0				
3354599														19200		14686	0					2084	2105	325							
3356191														21991		12746	24					6198	3023	0							
3357077														972		524	0					379	0	69							
3357219														44449		20460	0					15718	7944	327							
3357385														11795		8212	0					979	2374	230			8212				
3357620														1446	0	6	0	0	0	0	0	0	1440	0	0	0	0				
3358270														1565		448	0					431	501	185			448				
3368635														5296		1809	0					304	3183	0			1590				
3368925														2131		636	0					705	782	8							
3370133														5313		3427	0					383	1364	139							
3370357														4857		4502	0					17	288	50			4481				
3374234														1832		203	0					1030	599	0							
3374382														10211		4906	0					501	3827	977							
3374403														2376		0	0					810	1282	284							
3374412														29493		15630	0					4882	7389	1592							
3377235														7511		3783	0					1040	2645	43							
3378773														54762		40131	0		25243			3811	7010	3810		10613		Swap/Cap Collateral			
3383665														1854		36	0					685	1063	70							
3384952														4476		1594	0					667	2125	90							
3385744														5185		4114	0					766	19	286							
3386264														25400		18732	0					1100	5238	330							
3386536														10143		8399	0	2651				1326	0	418	2274		2406				
3387140														1066		14	0					406	617	29							
3388482														12808		8097	0					880	2616	1215							
3390337														1433		225	0					57	1131	20							
3390627														1479		863	0					40	229	347							
3391718														13201		8747	0					2135	2179	140							
3393851														1520		329	0					899	292	0							
3394278														524729		119212	0			43198		47110	260534	97873					Low Income Housing		
3394380														578		315	0					86	120	57							
3397233														7559		1366	0					1587	4476	130							
3398623														26843		10071	0					847	15347	578							
3401970														30574		15348	0	988				2549	11920	757	2487		11873				
3402913	50383	0	21440	0	0	13465	0	0	21798	3486	0	0	6035									3659						Investment Commitment-MBS Issued			
3404207														17001		6519	0		4711			3471	4219	2792				Commitments to Fund Low Income Housing Tax Credit			
3404373														6330		2585	0					1129	2030	586							
3404467														10436		6127	0					522	2290	1497							
3404506														10918		3931	0					1545	4936	506							
3404999														3650		2524	0					230	809	87							
3407084														13596		8301	0					3774	1521	0							
3408728														75210	0	43526	0	0	0	0	0	2992	23872	4820	0	0	28399				
3410141														9029		7434	0					714	805	76							
3411773														1594		249	0					727	588	30							
3412417														4681		3428	0					19	1000	234							
3419416														11752		6337	0					1366	2900	1149			4941				
3428258														17059		11069	0					297	5583	110							
3429219														4910		488	0					1144	3238	40							
3435948														31540		17217	0					2202	11962	159							
3437148														6877		267	0					739	5680	191							
3437157														20477		10267	0	175	6169			1657	8553	0	3859			Lease Obligations			
3437456														28404		21163	0	7138	10			1284	5724	233			7704	MORTGAGE LOAN SALE RECOURSE LIABILITY			
3437483														10136		1461	0					550	7272	853							
3438958														1443		1066	0					290	6	81							
3440803														2789		957	0					420	1062	350							
3445901														1990		923	0					309	483	275							
3446225														1465		257	0					646	424	138							
3446784														6543		4525	0					1249	724	45							
3447576														38086		26047	0					316	10556	1167							
3447820														25055		11713	0					1	12841	500							
3448162														773		8	0					481	194	90							
3448425														341		0	0					58	246	37							
3449066														29798		19760	0					2985	6718	335	5474	12230	1954				
3451050														3837		1838	0					255	1154	590							
3455227														15213		10709	0					440	4020	44							
3459207														6572		2388	0					1702	1537	945							
3459216														1767		704	0					398	665	0							
3463875														3101		0	0					598	2063	440							
3465392														22790		17934	0		17787			145	4711	0				Lease Obligation			
3466988														6490		3985	0					405	1721	379							
3468450														2268		1423	98					578	118	51							
3470097														1228		1149	0					33	24	22							
3470154														18912		1076	0					10777	6689	370							
3470239														115316		34249	0		24500			580	80487	0				Investments payable			
3470930														5211		3187	0					269	1705	50							
3472046														8439		5358	0					1274	1500	307							
3472859														15205		4771	0					6397	3959	78							
3475083														260852		145176	0					17462	92072	6142		96783	41248				
3476192														18968		780	0					6469	8647	3072	760				Other Liability		
3479018														1762		965	0					504	263	30							
3480069														717		0	0					38	661	18							
3482045														1019		120	0					139	656	104							
3482111														8291		87	0					1323	6665	216							
3485215														734		410	0					300	7	17							
3487433														3434		2287	0					501	535	111							
3487947														1670		739	0					771	155	5							
3488579														8188		845	0					1224	5465	654							
3489071														1759		749	0					68	724	218							
3517590														4884		1237	0					431	2645	571							
3529315														13805		4986	0					0	8819	0							
3531176														4533		3127	0					773	23	610							
3532641														56930		26827	0					4932	22019	3152		13851	12128				
3537897														12612		10642	0					433	1175	362							
3538009														1481		380	0					324	777	0							
3545258														17370		8494	0		1031			1442	6410	1024			7152	LIHTC Fund CRA Investment Undisburse			
3546862														9939		1517	0					5760	2327	335							
3547131														21586		9308	0					465	11513	300							
3547896														7354		4203	0	3443				1380	1477	294			760				
3548567														14094		5352	0					867	5495	2380							
3548763														3202		70	0					310	2822	0							
3555248														1931		1096	0	95				41	676	118			1001				
3561771														6441		106	0					809	5526	0							
3567269														2293		276	0					746	1271	0							
3579589														101321		44582	0		16094			8111	32779	15849			17197	Taxes Payable - Current	Operating Lease Liabilities		
3588312														9715		2820	0					261	6568	66							
3588424														10988		3160	0					1748	5770	310							
3591004														1215		0	0					121	950	144							
3592047														7528		5551	0		487	1152		952	750	275			3886	Accrued Payroll and Commissions	Reserve for Mortgage Recourse		
3593307														4642		2273	0					811	1483	75							
3594087														1754		423	0					899	278	154			392				
3595271														33450		23528	0		1508	21221		5552	3973	397				Serp Liability	Lease Liability	0	
3596250														3253		1534	0					947	772	0							
3597211														6546		24	0					26	6496	0							
3599804														599		25	0					399	175	0							
3603961														4027		585	0					207	3163	72							
3608751														28235		17530	0					2655	7279	771							
3610718														11618		6110	0					1391	3350	767							
3614837														8768		2448	0					774	4671	875	1677						
3614846														2147		994	0					261	818	74							
3614976														22404		15471	0					1843	4588	502							
3617856														762		0	0					634	128	0							
3619216														12464		7535	0					574	4146	209							
3623110														5873		1126	0					2045	1916	786							
3623969														4413		727	0					129	3537	20							
3626184														284		0	0					206	78	0							
3626858														2314		989	0					567	643	115							
3629484														1069		20	0					106	882	61							
3630323														61105		33156	0					4760	21424	1765							
3633016														737		0	0					70	441	226							
3633173														13782		9060	0					1010	3324	388	2440		6050				
3635029														36296		2437	0					1674	30500	1685							
3635551														985		29	216					52	657	31							
3636428														3408		1830	0					1146	300	132							
3636446														23458		12314	0					3102	7933	109							
3636914														7513		5731	0					540	736	506							
3637247														21059		15453	0					1134	3935	537							
3637685														79565		28202	0		9081			24353	23551	3459			7257	MORTGAGE COMMIT DERIV LIABILITIES			
3645840														5429		3983	0					494	942	10							
3650808														70742		24698	0	13824				1226	29980	14838							
3655933														3476		654	0					384	2068	370							
3664588														15718		10383	971					697	3329	338			5164				
3667132														446		32	0					56	292	66							
3671997														2785		0	0					1148	1354	283							
3678857														15289		6130	0					1617	6256	1286			4950				
3688043														15979		8621	0					242	5831	1285							
3688548														1710		887	0					112	643	68							
3690121														3009		1385	0					326	848	450							
3690635														5609		2720	0					506	1074	1309							
3690701														3553		1263	0	11				309	1746	235	1251						
3719648														12169		6757	0					2616	2761	35							
3720336														5270		4425	0					505	317	23							
3720608														19783		14200	0					521	3881	1181							
3721605														4194		2134	0					910	859	291							
3729124														7308		2323	0					816	4007	162							
3783313	229346	0	134634	0	0	95926	0	0	57463	1638	0	0	0									35611						Loans in process			
3783948														128649		88081	0	898	13984	40000		1141	39070	357	7485	2034	3331	xborder client payable	Dividend Payable		
3786435														6058		2782	0					896	1935	445							
3793714														28893		15848	0					876	11718	451							
3804535														18157		13085	0		3418	3299		1481	2179	1412		5469		LIHTC TAX CREDIT PAYABLE	MISCELLANEOUS ACCRUALS		
3807880														13668		7654	0					1034	4872	108							
3812147														2925		1459	0					445	960	61							
3816154														2461		1372	0					135	953	1							
3816163														1155		759	0					112	264	20							
3816190														6561		2169	0					1311	2948	133							
3821037														14909		9527	0					2049	3068	265			8871				
3821626														13911		11409	0					414	2088	0							
3821822														4437		0	0					941	3034	462							
3832127														12636		2789	0					8491	1256	100							
3835454														59574		40263	0					5768	13039	504			26066				
3843392														3936		3302	0					69	556	9							
3851427														96273		57180	20031					1028	17003	1031			24713				
3938186														801519		473255	0			209676		20484	300346	7434					Securities Purchased - Traded but not settled		
3939240														741		408	0					0	333	0							
3943210														1434		876	0					132	416	10							
3952904														1637		1637	0					0	0	0							
4032791														5556		65	11					0	5480	0							
4125778														1939		1470	0					0	469	0							
4146830														1495		921	0					0	574	0							
4149037														8722		5894	0					0	2828	0							
4165907														2777		380	140					1296	861	100							
4210227														219125		163578	0		101661			15345	39245	957				Pending Trade Payable			
4368351														64	0	58	0	0	0	0	0	0	6	0	0	0	0				
4397164														7412		3706	0					0	3706	0							
4457536														18135		17631	0					162	252	90							
4536084														16880		8438	0					1423	6757	262							
4845861														5538		1551	0	17				920	1951	1116			1534				
5050028														18847		13924	0		8708			1134	3402	387				Inv. Pay - LIHTP			
5136959														10582		5724	0					2911	1633	314		1534					
5143788														2614		701	0					34	1610	269							
5192496														4006		1087	0					523	2256	140							
5193989														988		58	0					1	745	184							
5205819														17422		13406	0					293	2394	1329							
5210989														24612		18397	0					3516	2559	140							
5227101														2009		965	0					16	617	411		137	698				
5230790														4147		3490	0					125	372	160							
5278251	27566	0	13899	0	0	12994	0	0	11346	0	0	0	0									2321						Payable to affiliated companies			
5303724														2787		1756	0					99	817	115							
5312593														4095		3229	0					436	308	122							
5313312														5857		4265	0					249	1054	289							
5316920														5260		4484	0					121	630	25							
5332603														2394		808	0					163	1263	160							
5336928														244		53	0					0	191	0							
5342974														16098		14267	0					168	1663	0							
5349218														11461		6410	0					967	3798	286							
5382514														5879		2496	0					2090	908	385							
5397639														5395		2839	0					0	2556	0							
5398355														6760		4830	0					184	1349	397							
5398627														3334		1316	0					392	1263	363							
5401273														2581		1117	0					93	1079	292							
5412457														3349		2307	0					34	800	208							
5427684														2000		915	0					585	500	0							
5435988														2583		293	0					79	2119	92							
5448915														1423		121	0	89				628	444	230			32				
5472880														3713		2017	0					92	1403	201							
5475452														4724		4107	0					49	568	0	288		3546				
5479478														1975		1074	0					183	641	77							
5514409														32334		25017	0					1810	4756	751							
5518023														62040		39452	0					0	22588	0							
5528880														2637		2051	0					224	362	0							
5538937														2404		1619	0					86	690	9							
5543735														519		233	0					8	267	11							
5561001														10371		10097	0					0	274	0							
5574430														2825		1691	0					199	702	233							
5582846														88738		84621	0					381	3731	5							
5591633														4223		4223	0		1220	1785	77	0	0	0	1141			ACCRUED COMPENSATION AND BONUS	DUE TO AFFILIATES	OTHER LIABILITIES INDIVIDUALLY BELOW THRESHOLD	
5592340														7258		2592	0					603	2855	1208							
5620869														6816		4617	0					314	1739	146							
5650923														705		130	0					273	266	36							
5660146														5175		1292	0					2070	1257	556							
5673191														1512		1094	0					50	327	41							
5686089														1983		759	0					297	835	92							
5686324														276		15	0					152	95	14							
5691319														1354		981	0					298	70	5							
5692473														2741		1791	0					175	725	50							
5724226														937		407	0					118	346	66							
5728916														3050		2396	1					137	513	3							
5755510														1518		928	0					161	381	48							
5758436														1082		914	0					122	0	46							
5758445														1272		1118	0					33	0	121							
5760439														5157		4368	0					362	0	427							
5760662														1044		494	0					3	376	171							
5777549														1247		804	0					65	222	156							
5784921														525		19	0					0	506	0							
5787418														1262		605	0					64	573	20							
5788705														2146		515	0					52	1333	246							
5805228														4257		3640	10					48	549	10							
5805424														2552		2058	0					96	362	36							
5805442														1971		1533	0					327	96	15							
5805451														4666		24	0					0	4642	0							
5805479														2909		1515	240					0	1154	0							
5805488														418		132	0	125				0	286	0							
5805817														3151		832	0					0	2319	0							
5807400														708		296	0					213	199	0							
5837377														1247		1143	0					94	10	0							
5839915														98		0	0					2	96	0							
5859511														36809		32747	0					0	4062	0							
5860740														1440		1112	36					124	151	17							
5861541														1379		1120	0					13	246	0							
5879201														804		458	0					31	310	5							
5882500														930		695	0					0	235	0							
5887420														668	0	668	0	0	0	0	0	0	0	0	0	0	415				
5903517														827		542	0					185	10	90							
5906497														431		41	0					5	329	56							
5972661														1179		1179	0					0	0	0							
6009630														2364		1733	0					0	631	0							
