"IDRSSD"	RIAD3210	RIAD3217	RIAD4340	RIAD4356	RIAD4415	RIAD4460	RIAD4470	RIADB507	RIADB508	RIADB509	RIADB510	RIADB511	
	TOTAL EQUITY CAPITAL	TOTAL EQUITY CAPITAL, ADJ PREV YR	NET INCOME	CHANGES IN TOTAL EQUITY CAP.-MERGERS	OTH TRANS WITH STCK HLDRS INCL PRNT 	LESS CASH DIV DECLRD-COMMON STOCK	LESS CASH DIV DECLRD-PREFERRED STOCK	RESTATEMENTS DUE TO CORRECTIONS, ETC	EQUITY CAP: END BAL PREV YR (RESTAT)	SALE,CONVRSN,ACQUSTN,RETIRE: CAP STK	TREASURY STOCK TRANSACTIONS, NET	OTHER COMPREHENSIVE INCOME	
37	13139	12165	229	0	0	108	0	0	12165	0	0	853	
242	5056	4204	708	0	0	535	0	0	4204	0	0	679	
279	47475	43273	2236	0	455	0	0	0	43273	0	0	1511	
354	10863	9254	-119	0	1700	0	0	0	9254	0	0	28	
457	7952	7205	983	0	0	251	0	0	7205	0	0	15	
505	77143	73833	4104	0	0	735	0	-325	73508	0	0	266	
1155	57100	51392	7315	0	0	3921	0	0	51392	0	0	2314	
1351	32830	31135	2681	0	0	1200	0	0	31135	0	0	214	
1454	93352	82731	13309	0	0	22375	0	0	82731	0	0	19687	
1669	54197	47633	4663	0	0	0	0	0	47633	0	0	1901	
1856	6689	6562	256	0	0	200	0	0	6562	0	0	71	
2161	30913	27866	1836	0	0	960	0	0	27866	0	0	2171	
2732	121322	118778	3594	0	0	1352	0	0	118778	0	0	302	
2750	8299	7621	689	0	0	348	0	0	7621	0	0	337	
3252	47984	40324	8577	0	0	3272	0	0	40324	0	0	2355	
3458	4962	4242	153	0	0	0	0	0	4242	0	0	567	
3720	48790	42521	4223	0	0	514	0	0	42521	0	-208	2768	
3971	134373	123220	6500	0	0	0	0	0	123220	0	0	4653	
4231	22259	19515	2627	0	0	1604	0	0	19515	0	0	1721	
5069	243383	227919	22434	0	0	7099	0	0	227919	0	0	129	
5135	123449	114308	9587	0	0	683	0	0	114308	0	0	237	
5210	390540	284416	26447	83496	0	16909	0	0	284416	0	0	13090	
5461	72487	66090	4334	0	0	1214	0	0	66090	0	0	3277	
5751	37555	35405	2660	0	0	2350	0	0	35405	0	0	1840	
6039	54782	47814	6567	0	0	0	0	0	47814	0	0	401	
6329	189501	167747	21765	0	0	5000	0	0	167747	0	0	4989	
7009	127752	114220	28772	0	0	16000	0	0	114220	0	0	760	
7045	22168	14626	2618	0	0	0	0	0	14626	0	0	4924	
7072	44780	42319	1419	0	0	0	0	0	42319	0	0	1042	
7456	12483	10519	1320	0	0	234	0	0	10519	0	0	878	
7634	11187	10580	1225	0	0	1081	0	0	10580	0	0	463	
8462	29062	24281	2373	0	0	600	0	0	24281	0	0	3008	
8631	7076	6298	276	0	0	120	0	0	6298	0	0	622	
9357	113370	107461	8017	0	0	3339	0	0	107461	0	0	1231	
9553	23560	20374	2936	0	0	1100	0	0	20374	0	0	1350	
9807	341249	313861	56449	0	0	33548	0	0	313861	0	0	4487	
9955	31496	27752	3473	0	0	1100	0	0	27752	0	0	1371	
10250	46148	35176	5083	0	0	2581	0	0	35176	0	0	8470	
10849	32425	28489	2391	0	0	0	0	0	28489	0	0	1545	
11145	47547	37632	5883	0	0	680	0	0	37632	0	0	4712	
11640	41395	35599	2573	0	0	0	0	0	35599	0	0	3223	
11837	13864	11810	1072	0	0	367	0	0	11810	0	0	1349	
12030	112006	99239	13934	0	0	2000	0	0	99239	0	0	833	
12142	23661	18577	2565	0	0	0	0	0	18577	0	0	2519	
12311	21678641	19701181	1894285	0	0	750000	33523	0	19701181	72650	0	794048	
12647	25602	23611	2520	0	0	529	0	0	23611	0	0	0	
12946	263830	226447	31162	0	0	4000	0	0	226447	0	0	10221	
13103	452591	431423	13859	0	0	0	0	0	431423	0	0	7309	
13251	8960	8607	1035	0	0	791	0	0	8607	0	0	109	
13457	14349	14236	103	0	0	0	0	0	14236	0	0	10	
14155	47144	41573	6967	0	0	1825	0	0	41573	0	0	429	
14650	13625	10792	1847	0	1012	5	0	-21	10771	0	0	0	
14753	7632	6777	652	0	0	0	66	0	6777	0	0	269	
14865	99428	87440	11971	0	-975	2625	0	0	87440	0	0	3617	
14977	11633	11314	297	0	0	0	0	0	11314	0	0	22	
16551	48545	43736	5004	0	0	2217	0	0	43736	0	0	2022	
17110	37962	32970	9892	0	0	4900	0	0	32970	0	0	0	
17147	2402836	2315701	176107	0	0	125000	0	0	2315701	3208	0	32820	
17259	4376	4611	-309	0	0	520	0	0	4611	0	0	594	
17950	66750	53026	4205	0	0	1702	0	0	53026	0	0	11221	
17978	134389	131971	2418	0	0	0	0	0	131971	0	0	0	
18050	93038	69437	12731	0	0	3062	0	0	69437	0	0	13932	
18827	297402	267338	29663	0	0	6500	0	0	267338	0	0	6901	
18836	21599	19831	1663	0	0	829	0	0	19831	0	0	934	
18854	240684	212162	32285	0	0	7088	0	0	212162	1375	0	1950	
19356	12085	11145	1410	0	0	1031	0	0	11145	0	0	561	
19936	44820	38746	5500	0	0	2308	0	0	38746	99	0	2783	
19972	24601	24372	229	0	0	0	0	0	24372	0	0	0	
20053	26576	24239	2257	0	0	0	0	0	24239	0	0	80	
20633	40078	37234	1541	0	0	486	0	0	37234	0	0	1789	
20857	51329	41707	6015	0	0	469	0	0	41707	0	0	4076	
21256	889	1005	-270	0	100	0	0	0	1005	0	0	54	
21359	7021	5710	894	0	0	294	0	0	5710	0	0	711	
21658	22504	19709	3171	0	0	1792	0	0	19709	0	0	1416	
22048	28539	25906	3787	0	0	2648	0	0	25906	0	0	1494	
22543	36120	35367	924	0	0	450	0	0	35367	210	0	69	
22552	11243	8059	1317	0	1500	207	0	0	8059	0	0	574	
22730	18490	13324	2303	0	0	0	0	0	13324	0	0	2863	
23456	30887	26316	3103	0	0	1677	0	0	26316	0	0	3145	
23504	1640606	1578501	90087	0	0	45038	0	0	1578501	5738	0	11318	
23643	24170	18121	1959	0	0	930	0	0	18121	0	0	5020	
23755	22739	19262	2009	0	0	725	0	0	19262	0	0	2193	
24378	8459	8257	204	0	0	0	0	0	8257	0	0	-2	
24659	11959	11950	1123	0	0	1300	0	0	11950	0	0	186	
24949	62332	58823	4462	0	0	2175	0	0	58823	0	0	1222	
25357	63202	61630	3338	0	0	2452	0	0	61630	0	0	686	
25647	39048	37581	917	0	0	0	0	0	37581	0	0	550	
26765	408463	381500	51226	0	0	32572	0	0	381500	1000	0	7309	
27070	131278	124891	1952	0	0	0	0	0	124891	0	0	4435	
27614	34207	25603	3633	0	0	768	0	0	25603	0	0	5739	
27847	76279	66284	8631	0	0	2400	0	0	66284	0	0	3764	
28013	747019	724300	29885	0	3189	25040	0	0	724300	0	0	14685	
28152	17152	15049	1895	0	0	885	0	0	15049	0	0	1093	
28675	29977	25032	2849	0	0	0	0	0	25032	0	0	2096	
28732	22620	19806	2253	0	0	0	0	0	19806	0	0	561	
29476	18644	16909	1675	0	0	0	0	0	16909	0	0	60	
29636	71372	62761	6850	0	0	2372	0	0	62761	0	0	4133	
29878	756650	740468	14843	0	0	0	0	0	740468	0	0	1339	
30052	10083	9324	606	0	0	0	0	0	9324	0	0	153	
31134	40983	36587	3841	0	0	0	0	0	36587	0	0	555	
31255	119586	106936	17996	0	0	10700	0	0	106936	0	0	5354	
31657	28101	26758	1641	0	0	298	0	0	26758	0	0	0	
31826	47103	44607	1539	0	0	0	0	0	44607	0	0	957	
31835	25703	21738	2246	0	0	0	0	8	21746	21	0	1690	
32234	667	-62	-607	0	0	0	0	0	-62	0	0	1336	
32766	53049	46824	3122	0	6007	2904	0	0	46824	0	0	0	
32971	39198	37433	1148	0	0	0	0	0	37433	0	0	617	
33147	42524	36445	7559	11562	0	7875	0	0	36445	0	0	-5167	
33259	113927	104139	13662	0	0	7551	0	0	104139	0	0	3677	
33370	3154	3368	-214	0	0	0	0	0	3368	0	0	0	
33839	5434	4765	509	0	0	96	0	0	4765	0	0	256	
33857	136453	130633	13811	0	0	10600	0	0	130633	0	0	2609	
34537	2371481	2181416	112789	0	0	110444	0	0	2181416	121277	0	66443	
34555	36545	31992	2403	0	0	2100	0	0	31992	0	0	4250	
34742	65624	60018	4344	0	0	425	0	0	60018	0	0	1687	
35057	21799	20883	1656	0	0	1071	0	0	20883	0	0	331	
35301	28896000	27504000	2282000	0	0	1750000	0	0	27504000	0	0	860000	
35646	16532	14909	1137	0	0	146	0	0	14909	0	0	632	
35879	11727	14321	-4032	0	0	0	0	0	14321	0	0	1438	
36933	41691	33246	6278	0	0	0	0	0	33246	26	0	2141	
37051	15938	15426	1135	0	0	677	0	0	15426	0	0	54	
37341	10548	10204	780	0	0	608	0	0	10204	0	0	172	
37435	272641	245497	43938	0	0	29588	0	0	245497	0	0	12794	
37640	1104946	674941	84324	357735	0	50000	0	0	674941	0	0	37946	
37659	7393	6909	882	0	0	400	0	0	6909	0	0	2	
37949	25706	23093	3606	0	0	2750	0	0	23093	0	0	1757	
38740	25857	21413	2293	0	0	596	0	0	21413	0	0	2747	
39327	125225	112177	11587	0	0	3710	0	0	112177	0	0	5171	
40033	7898	7190	336	0	0	190	0	0	7190	0	0	562	
40499	544568	537877	18819	0	2305	25000	0	0	537877	1225	0	9342	
40855	17582	17074	2182	0	0	1833	0	0	17074	0	0	159	
41553	8561	5222	926	0	0	150	0	0	5222	0	0	2563	
41629	38037	34551	3106	0	0	830	0	0	34551	0	0	1210	
41825	98678	90980	7070	0	0	900	0	0	90980	101	0	1427	
42037	10827	9687	439	0	0	0	0	0	9687	0	0	701	
42354	33724	24235	9232	0	0	1698	0	0	24235	0	0	1955	
42372	79900	75591	2540	0	0	0	0	0	75591	0	0	1769	
42420	1506989	1370107	113653	0	45962	56740	0	0	1370107	0	0	34007	
42448	288095	273520	20252	0	0	10238	0	0	273520	0	0	4561	
42457	7428	7119	349	0	0	425	0	0	7119	0	0	385	
43052	27062	25691	1962	0	0	1000	0	0	25691	0	0	409	
43351	61440	58186	-884	0	4125	0	0	0	58186	0	0	13	
43856	9041	8399	553	0	0	20	0	0	8399	0	0	109	
43959	19316	15028	2003	0	0	600	0	0	15028	0	0	2885	
44040	46099	38435	2466	0	0	0	0	0	38435	0	0	5198	
44433	129662	82131	-4862	0	0	0	0	0	82131	48000	1	4392	
44741	64045	56600	5117	0	0	1043	0	0	56600	0	0	3371	
44750	13385	11006	1998	0	0	814	0	0	11006	0	0	1195	
44929	21278	18986	1431	0	0	292	0	0	18986	0	0	1153	
45056	13945	12414	835	0	0	0	0	0	12414	0	0	696	
45458	22513	18403	2891	0	0	870	0	0	18403	0	0	2089	
45551	125691	115589	8311	0	0	3465	0	0	115589	0	0	5256	
45560	226603	197285	21914	0	0	11249	0	0	197285	0	0	18653	
45775	16345	15349	5	0	0	0	0	0	15349	0	0	991	
46053	20698	16327	1982	0	0	1053	0	0	16327	0	0	3442	
46941	16565	13840	2418	0	0	990	0	0	13840	0	0	1297	
47247	113998	103781	9123	0	5000	4587	0	0	103781	0	0	681	
47500	71255	67734	1917	0	0	0	0	0	67734	0	0	1604	
48374	221264	205352	30118	0	0	17703	0	0	205352	125	0	3372	
48440	18663	15573	1568	0	0	0	0	0	15573	0	0	1522	
49054	28036	26246	1695	0	0	1305	0	0	26246	0	0	1400	
49148	13162	9911	1413	0	0	546	0	0	9911	0	0	2384	
49241	183729	167882	14250	0	0	2000	0	0	167882	0	0	3597	
49652	19224	17371	1268	0	0	540	0	0	17371	0	0	1125	
49858	30318	28392	2090	0	0	461	0	0	28392	0	0	297	
49951	20998	15344	1254	0	0	0	0	0	15344	3337	0	1063	
50144	15721	15404	334	0	0	0	0	-17	15387	0	0	0	
50461	41197	39248	1956	0	0	0	0	-7	39241	0	0	0	
51253	219604	193001	26766	0	0	0	0	0	193001	0	0	-163	
51356	16042	15702	1380	0	0	1186	0	1	15703	0	0	145	
51459	24302	18022	2672	0	0	1650	0	0	18022	0	0	5258	
51842	80804	73069	7490	0	0	400	0	0	73069	0	0	645	
52719	944903	872689	78634	0	0	0	6420	0	872689	0	0	0	
52951	44630	35786	6386	0	0	0	0	0	35786	0	0	2458	
53051	22779	21199	2813	0	0	1233	0	0	21199	0	0	0	
54058	64995	59532	6002	11884	0	16024	0	0	59532	0	0	3601	
54973	645141	546458	-41547	0	0	0	0	0	546458	0	0	140230	
55336	67397	60143	5336	0	0	1337	0	0	60143	0	0	3255	
55635	17244	17053	28	0	0	0	0	-9	17044	0	0	172	
55970	78088	74127	2712	0	0	0	0	0	74127	0	0	1249	
56258	15045	8508	2743	0	0	1610	0	0	8508	0	0	5404	
56351	486826	439738	46370	0	0	872	0	0	439738	0	0	1590	
56548	86189	83097	1689	0	0	970	0	0	83097	0	0	2373	
56717	117420	103708	12714	0	0	3200	0	0	103708	0	0	4198	
57451	76310	66588	4803	0	0	0	0	0	66588	0	0	4919	
58225	41990	37600	2327	0	0	900	0	0	37600	0	0	2963	
58243	840460	818850	53119	0	0	40000	0	0	818850	0	0	8491	
58355	6767	6269	948	0	-450	0	0	0	6269	0	0	0	
58551	28256	24956	3451	0	0	2269	0	0	24956	0	0	2118	
58636	48998	41789	4436	0	0	400	0	0	41789	0	0	3173	
58757	42258	37383	3453	0	0	0	0	0	37383	0	0	1422	
58971	955022	904591	64560	0	0	24482	0	0	904591	0	0	10353	
59316	209864	212754	21455	0	0	62060	0	0	212754	28302	0	9413	
59352	78172	70145	7059	0	0	0	0	0	70145	0	0	968	
59370	60382	58355	1488	0	0	0	0	0	58355	0	0	539	
59754	23544	19106	1116	0	3326	0	0	73	19179	0	0	-77	
60143	6852000	6133000	569000	0	0	750000	0	0	6133000	0	0	900000	
60330	134683	118752	20629	0	0	13218	0	0	118752	624	0	7896	
60545	26938	22765	2250	0	0	1059	0	0	22765	0	0	2982	
60554	11159	10506	1206	0	0	726	0	0	10506	0	0	173	
60648	30689	28764	1600	0	0	546	0	0	28764	0	0	871	
61122	204320	185973	19359	0	0	5769	0	0	185973	0	0	4757	
61355	135032	125588	5337	0	0	1855	0	0	125588	0	0	5962	
61757	72313	67159	5576	0	0	569	0	0	67159	0	0	147	
61832	35485	31060	1599	0	0	1025	0	0	31060	0	0	3851	
61953	11011	7952	1933	0	0	4	0	0	7952	0	0	1130	
62044	22061	19393	-1964	0	4606	0	0	0	19393	0	0	26	
62110	11617	12519	1108	0	0	2000	0	0	12519	0	0	-10	
62147	7978	7270	362	0	0	270	0	0	7270	0	0	616	
63050	62686	54496	5709	0	0	0	0	0	54496	0	0	2481	
63069	12044659	11371634	637142	0	0	0	0	0	11371634	-374	0	36257	
63201	21759	19456	1484	0	0	0	0	0	19456	0	0	819	
63573	117249	113187	3224	0	0	0	0	0	113187	0	0	838	
63733	169067	149255	15598	0	0	6300	0	0	149255	0	0	10514	
64552	50375	59660	1733	0	0	12086	0	-46	59614	0	0	1114	
64730	26793	22224	1532	0	0	919	0	0	22224	0	0	3956	
65205	178626	179832	-2816	0	0	0	0	0	179832	0	0	1610	
65559	97702	80307	10478	0	0	3298	0	0	80307	0	0	10215	
65858	203974	185888	26331	0	0	21000	0	0	185888	0	0	12755	
66154	22319	20113	1551	0	39	600	0	0	20113	0	0	1216	
66275	66831	66347	316	0	0	155	0	0	66347	0	0	323	
67142	27166	27324	-813	0	0	197	0	0	27324	0	0	852	
67151	83154	69098	6614	0	0	3787	0	0	69098	0	0	11229	
67209	139190	136595	-610	0	0	0	0	0	136595	0	0	3205	
67254	2252	1700	-1649	0	2201	0	0	0	1700	0	0	0	
67656	280912	250817	27169	0	0	900	0	0	250817	0	0	3826	
67870	57016	68173	1414	0	0	15000	0	0	68173	645	0	1784	
68671	29586	21036	1047	0	7500	0	0	3	21039	0	0	0	
68756	126682	109766	20341	0	0	6672	0	0	109766	0	0	3247	
68831	30525	26174	2529	0	0	0	0	0	26174	862	0	960	
69333	189466	165911	21272	0	0	8075	0	0	165911	0	0	10358	
69678	57534	52705	2153	0	0	2010	0	0	52705	0	0	4686	
70218	13155	13234	-117	0	0	0	0	0	13234	0	0	38	
70638	54732	50017	10132	0	5660	10894	0	0	50017	0	0	-183	
70955	3505	3314	191	0	0	0	0	0	3314	0	0	0	
71073	16509	14061	523	0	1325	0	0	0	14061	0	0	600	
71457	54509	47128	3861	0	0	1500	0	0	47128	0	0	5020	
71859	23925	23629	278	0	0	0	0	0	23629	0	0	18	
72258	99349	92988	10854	0	0	4400	0	338	93326	0	0	-431	
72351	6635	4934	698	0	0	300	0	0	4934	0	0	1303	
72454	15810	14331	1345	0	0	355	0	0	14331	0	0	489	
72678	64245	58847	1593	0	0	0	0	0	58847	0	0	3805	
73116	64810	58290	2214	0	0	0	0	0	58290	0	0	4306	
73152	7015	3144	1050	0	0	425	0	0	3144	0	0	3246	
73554	39376	35190	3119	0	0	200	0	0	35190	0	0	1267	
73956	7024	5883	350	0	0	0	0	0	5883	0	0	791	
74056	27861	25164	3173	0	0	400	0	0	25164	0	0	-76	
74140	181550	155936	16168	0	0	1500	0	0	155936	0	0	10946	
74403	121735	115328	2910	0	50	450	0	0	115328	0	0	3897	
74449	3853	3775	291	0	0	213	0	0	3775	0	0	0	
75259	110227	103693	7205	0	0	900	0	0	103693	0	0	229	
75446	73239	64192	5024	0	0	1971	0	0	64192	0	0	5994	
75455	8380	7789	474	0	0	0	0	0	7789	0	0	117	
75633	36775634	34697595	1766816	29410	0	842000	0	0	34697595	985	0	1122828	
75651	9311	8050	715	0	0	0	0	5	8055	0	0	541	
76153	5728	4720	198	0	810	0	0	0	4720	0	0	0	
76443	11489	9576	1985	0	-34	1500	0	0	9576	0	0	1462	
76854	62335	56729	6129	0	0	1750	0	0	56729	0	0	1227	
77150	7848	7301	533	0	0	250	0	0	7301	0	0	264	
77253	47811	32809	2843	0	0	1530	0	0	32809	0	0	13689	
77422	18999	18121	155	0	0	0	0	0	18121	0	0	723	
77851	520530	495365	34099	0	0	17100	0	0	495365	0	0	8166	
78157	10188	9540	1667	0	0	1315	0	0	9540	0	0	296	
78241	15113	13356	751	0	783	0	0	-16	13340	0	0	239	
78559	2005	3847	-3275	0	1000	0	0	24	3871	0	0	409	
79042	36766	31299	3762	0	0	400	0	0	31299	0	0	2105	
79127	8665	7796	432	0	0	400	0	0	7796	0	0	837	
79145	25997	24329	1204	0	0	0	0	0	24329	0	0	464	
79257	7006	6817	-126	0	250	0	0	0	6817	0	0	65	
79855	33897	32676	2472	0	0	1359	0	0	32676	0	0	108	
80150	58008	49060	8018	0	0	5003	0	0	49060	0	0	5933	
80374	37046	33859	1648	0	0	0	0	0	33859	0	0	1539	
80431	12740	11969	1223	0	0	1216	0	0	11969	0	0	764	
81175	51998	49261	2170	0	0	750	0	1159	50420	58	0	100	
82033	19055	17091	27	0	0	0	0	0	17091	0	0	1937	
82257	5817	5620	668	0	0	800	0	0	5620	0	0	329	
82350	6167	5307	348	0	0	50	0	0	5307	0	0	562	
83375	117106	106553	5510	0	0	2185	0	0	106553	0	0	7228	
83638	983416	930441	57258	0	0	40000	0	0	930441	2869	0	32848	
83834	25594	21596	3152	0	0	1095	0	0	21596	0	0	1941	
83852	4434	3935	536	0	0	500	0	0	3935	0	0	463	
83955	11801	9200	1013	0	1062	177	0	0	9200	0	0	703	
84541	324258	297228	24013	0	0	7531	0	2321	299549	0	0	8227	
85052	12697	9109	148	0	0	0	0	0	9109	0	0	3440	
85472	1709564	1696671	63546	0	0	62000	0	0	1696671	4275	0	7072	
85931	25227	23342	837	0	0	550	0	0	23342	0	0	1598	
86349	75753	67029	11162	0	0	6711	0	0	67029	0	0	4273	
86675	251242	246175	1076	0	0	0	0	0	246175	0	0	3991	
87047	22165	20590	992	0	0	160	0	0	20590	0	-122	865	
87234	91409	85268	5145	0	0	500	0	0	85268	0	0	1496	
87476	37162	34665	1238	0	0	0	0	316	34981	0	0	943	
87579	55558	49382	3980	0	0	0	0	0	49382	0	0	2196	
88231	149566	137116	14953	0	0	3000	0	0	137116	0	0	497	
88259	10629	9820	987	0	0	699	0	0	9820	0	0	521	
88352	37460	34860	3836	0	0	2765	0	0	34860	0	0	1529	
88455	104307	91601	11469	0	0	3800	0	0	91601	0	0	5037	
89032	24815	22817	1283	0	0	0	0	0	22817	0	0	715	
89135	9306	8605	1058	0	0	600	0	0	8605	0	0	243	
89854	21251	21221	1325	0	0	1475	0	0	21221	0	0	180	
89957	26719	25943	473	0	0	0	0	0	25943	155	0	148	
90047	3662	2746	303	0	0	110	0	0	2746	0	0	723	
90177	34996	34030	627	0	0	0	0	0	34030	0	0	339	
90328	103180	93298	11771	0	4000	10439	0	0	93298	0	0	4550	
90337	99363	93606	8306	0	0	3935	0	0	93606	0	0	1386	
90579	71918	64198	1553	0	0	0	0	0	64198	0	0	6167	
91615	12588	10948	663	0	0	110	0	0	10948	0	0	1087	
91950	6070	5714	223	0	0	60	0	0	5714	0	0	193	
92144	7563	6848	124	0	0	0	0	0	6848	0	0	591	
92676	77208	69685	3046	0	0	0	0	0	69685	0	0	4477	
92706	45998	42187	1680	0	0	0	0	0	42187	0	0	2131	
92902	3337	3083	254	0	0	0	0	0	3083	0	0	0	
93244	27313	20014	4772	0	1800	3070	0	0	20014	0	0	3797	
93543	70130	63282	6863	0	0	0	0	0	63282	0	0	-15	
93619	58730	45105	4617	9008	0	0	0	0	45105	0	0	0	
94139	95354	92321	3001	0	725	2195	0	0	92321	0	0	1502	
94522	123196	109992	14747	0	0	3163	0	0	109992	0	0	1620	
94755	30437	25276	3233	0	0	0	0	0	25276	0	0	1928	
94858	19536	15949	2849	0	0	1125	0	0	15949	0	0	1863	
95051	29794	32510	-3934	0	1500	0	0	0	32510	0	0	-282	
95677	9140	9043	97	0	0	0	0	0	9043	0	0	0	
96553	16216	15047	1170	0	0	0	0	0	15047	0	0	-1	
97055	56487	47150	6661	0	4099	2685	0	0	47150	0	0	1262	
97279	9500	8590	603	0	0	114	0	0	8590	0	0	421	
97457	16979	17762	3996	0	0	4825	0	0	17762	0	0	46	
97804	163001	150634	8655	0	0	0	0	0	150634	0	0	3712	
97943	60409	52748	6330	0	0	4437	0	0	52748	0	0	5768	
98351	14732	13248	797	0	0	0	0	0	13248	0	0	687	
98463	86293	73341	1517	0	338	0	0	0	73341	0	0	11097	
98717	35683	28353	2191	0	0	0	0	135	28488	0	0	5004	
99143	31880	29237	2146	0	0	1300	0	0	29237	0	0	1797	
99376	431727	402467	30257	0	-2229	0	0	0	402467	0	0	1232	
99442	109402	105109	8591	0	0	5430	0	-157	104952	0	0	1289	
99536	135393	109040	23111	0	0	3591	0	0	109040	0	0	6833	
99853	4586	4155	263	0	0	214	0	0	4155	0	0	382	
100236	52581	47483	8974	0	0	4394	0	0	47483	0	0	518	
100357	113963	91686	13635	0	0	2226	0	0	91686	0	0	10868	
100562	1336847	1308545	90073	0	3660	112936	0	0	1308545	0	0	47505	
100777	74259	68321	1260	0	0	0	0	0	68321	0	0	4678	
100843	62195	52576	8382	0	0	2500	0	0	52576	0	0	3737	
101037	153327	133817	11482	0	0	3225	0	0	133817	0	0	11253	
101439	43701	38881	6949	0	0	3832	0	0	38881	0	0	1703	
101671	72428	64521	3070	0	0	2217	0	0	64521	1	0	7053	
101738	25812	21525	1088	0	0	768	0	0	21525	0	0	3967	
101952	12850	10645	1402	0	0	900	0	0	10645	0	0	1703	
102333	5585	4893	189	0	0	0	0	0	4893	0	0	503	
102342	43577	40109	3621	0	0	1795	0	0	40109	0	0	1642	
102557	19145	18466	628	0	0	0	0	0	18466	0	0	51	
102874	31954	30353	1371	0	0	0	0	0	30353	0	0	230	
103134	8067	7344	585	0	0	288	0	0	7344	0	0	426	
104234	13450	11517	854	0	-10	291	0	0	11517	0	0	1380	
104542	3872	2243	77	0	0	3	0	0	2243	0	0	1555	
104971	7086	6976	79	0	0	18	0	0	6976	0	0	49	
105026	61620	56326	5230	0	0	0	0	0	56326	-724	0	788	
105473	455254	451104	3256	0	0	0	0	0	451104	0	0	894	
105530	21820	18950	1322	0	0	528	0	0	18950	0	0	2076	
106359	239144	201574	20087	0	0	3500	0	0	201574	0	0	20983	
106452	80948	72033	11859	0	0	5352	0	0	72033	0	0	2408	
106676	11753	11821	-155	0	0	0	0	0	11821	0	0	87	
107244	6093406	5705623	539518	0	18071	147014	12141	0	5705623	-50776	0	40125	
107570	50967	46130	4581	0	0	1800	14	0	46130	81	0	1989	
107758	6668	6524	493	0	0	393	0	0	6524	0	0	44	
108072	16608	14657	1485	0	0	550	0	0	14657	0	0	1016	
108269	9387	8950	433	0	0	549	0	0	8950	0	0	553	
108652	11280	11051	-323	0	552	0	0	0	11051	0	0	0	
108746	11397	9273	812	0	0	230	0	0	9273	0	0	1542	
108951	55371	46143	4951	0	0	620	0	0	46143	0	0	4897	
109136	48728	40690	4959	0	0	550	0	0	40690	0	0	3629	
109154	10906	9232	1391	0	0	398	0	0	9232	0	0	681	
109453	31667	27568	3222	0	0	250	0	0	27568	0	0	1127	
109574	58092	51746	4003	0	0	0	0	0	51746	0	0	2343	
109659	43637	41137	5441	0	0	3140	0	0	41137	0	0	199	
110413	215117	201174	62544	0	0	52000	0	0	201174	0	0	3399	
110936	340626	291565	37961	0	0	0	0	0	291565	0	0	11100	
110945	39603	35129	2987	0	35	0	0	0	35129	0	0	1452	
110972	9591	9159	269	0	0	0	0	0	9159	0	0	163	
111157	9049	9041	431	0	0	534	0	0	9041	0	0	111	
111205	101954	91891	6591	0	0	0	0	0	91891	0	0	3472	
111942	87690	77745	8449	0	0	925	0	0	77745	0	0	2421	
112163	345386	358829	22914	0	0	46162	0	0	358829	0	0	9805	
112332	18181	15528	1391	0	0	521	0	0	15528	0	0	1783	
112510	8404	7215	1159	0	0	269	0	0	7215	0	0	299	
112556	7972	7405	665	0	0	355	0	0	7405	0	0	257	
112837	97868410	55894998	832034	42724140	19	4950003	0	0	55894998	0	0	3367222	
113003	223411	200987	19889	0	0	0	0	0	200987	0	0	2535	
113030	19129	17478	2341	0	0	1305	0	0	17478	0	0	615	
113441	122645	109329	15175	0	0	6000	0	0	109329	211	0	3930	
113601	292461	276022	27845	0	0	10000	1412	0	276022	0	0	6	
113740	121390	108318	11218	0	-10	2369	0	0	108318	183	0	4050	
114149	38107	33878	2413	0	0	0	0	0	33878	0	0	1816	
114260	567724	516562	57476	0	0	38003	0	0	516562	0	0	31689	
114457	27067	22946	5161	0	0	4214	0	0	22946	0	0	3174	
114774	19541	19506	35	0	0	0	0	0	19506	0	0	0	
114840	64485	56996	5597	0	0	900	0	0	56996	0	0	2792	
114859	9395	7715	772	0	0	0	0	0	7715	0	0	908	
115146	17788	17667	1236	0	-199	916	0	0	17667	0	0	0	
115575	104436	99669	2225	0	0	150	0	0	99669	0	0	2692	
116358	7314	6632	684	0	0	560	0	0	6632	0	0	558	
116554	10098	10093	-11504	0	11745	0	0	0	10093	0	0	-236	
116741	25982	22155	2611	0	0	1275	0	0	22155	0	0	2491	
117038	24619	21712	2709	0	0	540	0	0	21712	0	0	738	
117074	64807	63918	620	0	269	0	0	0	63918	0	0	0	
117458	178138	172877	16057	0	0	10171	0	0	172877	0	0	-625	
117775	16626	14933	564	0	0	0	0	0	14933	4	0	1125	
118156	172086	159152	17384	0	0	5500	0	0	159152	0	0	1050	
118660	31081	29317	4066	0	-172	2131	0	0	29317	0	0	1	
118736	33618	29052	1677	0	0	0	0	0	29052	0	0	2889	
119153	33571	29550	3934	0	0	2750	0	0	29550	0	0	2837	
119779	155359	150522	5432	0	0	1000	0	0	150522	0	0	405	
119872	47014	44991	-753	0	0	0	0	0	44991	807	0	1969	
120476	8083	8067	16	0	0	0	0	0	8067	0	0	0	
120542	60611	53443	9861	0	0	3150	0	0	53443	0	0	457	
120609	164643	138241	10167	0	0	0	0	0	138241	0	0	16235	
120953	15667	11005	1267	0	0	0	0	0	11005	0	0	3395	
121642	902419	830086	67735	0	0	21600	0	0	830086	4197	0	22001	
121651	72456	43165	4832	0	4000	0	0	0	43165	0	0	20459	
121914	43120	38936	2632	0	0	461	0	0	38936	0	0	2013	
122153	12080	10506	799	0	0	0	0	0	10506	0	0	775	
122546	8293	7658	313	0	164	252	0	0	7658	0	0	410	
123075	12884	12386	-242	0	0	0	0	0	12386	0	0	740	
123374	11343	11011	332	0	0	0	0	0	11011	0	0	0	
124344	72213	72359	2403	0	0	1568	0	0	72359	0	0	-981	
124830	39224	38441	1471	0	0	1380	0	0	38441	0	0	692	
125154	77510	71245	12578	0	0	7800	0	0	71245	0	0	1487	
125855	135012	122839	25438	0	4000	19044	0	0	122839	0	0	1779	
126012	34150	28098	2834	0	0	397	0	0	28098	0	0	3615	
126049	15940	13276	1838	0	0	0	0	0	13276	0	0	826	
126375	26077	27187	-1319	0	0	0	0	0	27187	0	0	209	
126553	48214	46916	5703	0	0	6089	0	0	46916	0	0	1684	
126834	106358	100334	11166	0	0	10012	0	0	100334	0	0	4870	
127055	14580	14019	666	0	0	355	0	0	14019	0	0	250	
127224	20168	14456	1303	0	0	201	0	0	14456	0	0	4610	
128258	7456	7028	804	0	0	486	0	0	7028	0	0	110	
128904	3525996	3418356	-5186	0	0	208000	0	0	3418356	0	0	320826	
129349	30859	25876	3927	0	0	1949	0	0	25876	0	0	3005	
129358	24028	21327	4593	0	0	1892	0	0	21327	0	0	0	
129732	1323007	1191298	105068	40969	0	55000	0	0	1191298	6688	0	33984	
129853	26418	22404	3817	0	0	1850	0	0	22404	0	0	2047	
129910	54800	50097	4575	0	0	1200	0	0	50097	0	0	1328	
130345	37684	27235	5289	0	0	3440	0	0	27235	0	0	8600	
130541	740923	801917	-170970	0	137950	30000	0	0	801917	0	0	2026	
131436	75055	65093	8582	0	0	3236	0	0	65093	0	0	4616	
131717	5005	4154	645	0	0	686	0	0	4154	0	0	892	
131940	14485	13205	876	0	0	0	0	0	13205	0	0	404	
132107	179611	146032	6466	0	22250	0	0	0	146032	0	0	4863	
132451	18528	15293	1691	0	0	456	0	0	15293	0	0	2000	
132778	6136	5693	294	0	0	0	0	0	5693	0	0	149	
132938	11342	9665	745	0	0	225	0	0	9665	0	0	1157	
133579	65950	60826	3539	0	-100	0	0	0	60826	0	0	1685	
133850	220987	189535	18189	0	0	5900	0	0	189535	0	0	19163	
133971	132034	126348	1257	0	0	0	0	0	126348	0	0	4429	
134156	15338	15194	676	0	0	600	0	0	15194	0	0	68	
134437	185128	165314	15264	0	0	2831	0	0	165314	0	0	7381	
134455	21473	19027	1435	0	0	780	0	0	19027	0	0	1791	
134848	46449	38575	4338	0	0	0	0	0	38575	0	0	3536	
135836	19379	17926	854	0	0	461	0	0	17926	0	0	1060	
135854	13894	12272	2841	0	0	2270	0	0	12272	0	0	1051	
136048	15446	14229	952	0	0	400	0	0	14229	0	0	665	
136338	48992	41396	2911	0	0	300	0	0	41396	0	0	4985	
136655	9397	8498	809	0	0	320	0	0	8498	0	0	410	
137205	284410	258848	16595	0	0	0	0	0	258848	0	0	8967	
137447	46197	39516	3376	0	0	891	0	0	39516	0	0	4196	
137456	11714	8106	1618	0	0	751	0	0	8106	0	0	2741	
137559	33654	31896	1758	0	0	0	0	0	31896	0	0	0	
137643	26303	23552	1509	0	0	300	0	0	23552	0	0	1542	
137652	107022	100083	8778	0	1250	3089	0	0	100083	0	0	0	
137915	1206374	1133150	68582	0	1679	0	0	0	1133150	0	0	2963	
138051	33537	32058	1479	0	0	0	0	0	32058	0	0	0	
138257	4655	1337	633	0	0	475	0	0	1337	0	0	3160	
138556	10495	7651	52	0	0	0	0	0	7651	2000	0	792	
139133	33052	30690	3136	0	0	1795	0	0	30690	0	0	1021	
139478	90617	87634	8097	0	0	5113	0	0	87634	0	0	-1	
139553	130811	110257	14587	0	0	4500	0	0	110257	0	0	10467	
139656	721033	573810	12006	91155	3915	20000	0	0	573810	0	0	60147	
139740	356867	333679	29074	0	0	21100	0	0	333679	854	0	14360	
139843	316815	287484	36555	0	0	17700	0	0	287484	0	0	10476	
140157	92272	83285	5859	0	0	288	0	0	83285	0	0	3416	
140362	364493	309545	50367	0	0	4998	0	0	309545	612	0	8967	
140634	1283	-457	-147	0	0	0	0	0	-457	0	0	1887	
141350	13729	10620	2995	0	0	900	0	0	10620	0	0	1014	
141556	536418	536499	39651	0	0	40431	0	0	536499	0	0	699	
141677	13269	13367	-98	0	0	0	0	0	13367	0	0	0	
141958	23613	22067	913	0	0	513	0	0	22067	0	0	1146	
142049	16568	13994	1399	0	0	536	0	0	13994	0	0	1711	
142179	42855	42667	-52	0	0	0	0	0	42667	0	0	240	
142955	82224	80414	7515	0	0	7450	0	0	80414	0	0	1745	
143372	17471	16169	2713	0	0	1587	0	0	16169	0	0	176	
143662	8092635	5477508	356134	2312336	0	270000	0	0	5477508	22577	0	194080	
143859	44254	40794	4073	0	0	2139	0	0	40794	0	0	1526	
143952	18572	15432	1299	0	0	475	0	0	15432	0	0	2316	
144052	74322	65233	7505	0	0	1260	0	0	65233	0	0	2844	
144155	30006	21824	2427	0	0	962	0	0	21824	0	0	6717	
144678	52293	50161	-454	0	0	0	0	0	50161	0	0	2586	
144856	38061	33212	5350	0	0	2682	0	0	33212	0	0	2181	
144913	70125	66128	2086	0	0	400	0	0	66128	0	0	2311	
145059	10428	9062	982	0	0	500	0	0	9062	0	0	884	
145545	86903	80577	4341	0	0	1500	0	0	80577	0	0	3485	
145554	38684	34108	4295	0	0	0	0	0	34108	0	0	281	
145741	25568	22688	2513	0	0	987	0	0	22688	0	0	1354	
145844	66042	56035	6765	0	0	943	0	0	56035	0	0	4185	
146056	6603	5733	613	0	8	8	0	26	5759	0	0	231	
146663	175563	155482	9018	0	0	4183	0	0	155482	0	0	15246	
147651	8888	8003	764	0	0	0	0	0	8003	0	0	121	
147679	35383	36039	-738	0	0	0	0	0	36039	0	0	82	
147857	22104	18965	1518	0	0	727	0	0	18965	0	0	2348	
147923	71106	65588	6085	0	0	382	0	0	65588	-746	0	561	
148171	38870	35707	3608	0	0	2273	0	0	35707	0	0	1828	
148238	51189	46240	4914	0	-267	0	0	5	46245	0	0	297	
148340	9558	8393	932	0	0	610	0	0	8393	0	0	843	
148470	29385	29290	47	0	0	0	0	0	29290	0	0	48	
148715	23565	20223	2489	0	0	0	0	0	20223	0	0	853	
149150	19775	17917	1467	0	0	660	0	0	17917	0	0	1051	
150035	164963	138288	14213	0	0	5813	0	0	138288	-31	0	18306	
150044	103925	96735	8575	0	0	3000	0	0	96735	0	0	1615	
150727	113220	85695	10984	0	209	0	0	0	85695	0	0	16332	
151957	116245	105555	6478	0	0	0	0	0	105555	0	0	4212	
152057	24450	20557	3005	0	0	0	0	0	20557	0	0	888	
152253	39559	37342	2434	0	0	875	0	0	37342	0	0	658	
152440	29140	28217	1623	0	0	1165	0	0	28217	0	0	465	
153054	66848	57380	10807	0	0	5210	0	0	57380	0	0	3871	
153353	138048	93925	10846	32240	0	7698	0	0	93925	0	0	8735	
154154	129236	112922	15791	0	0	3300	0	-1871	111051	0	0	5694	
154770	248119	253991	-7495	0	0	0	0	0	253991	0	0	1623	
155759	18155	16047	1541	0	0	610	0	0	16047	0	0	1177	
156457	8664	8073	859	0	0	501	0	0	8073	0	0	233	
156970	21094	19547	1536	0	0	0	0	0	19547	0	0	11	
157155	8826	7712	631	0	0	0	0	0	7712	0	0	483	
157379	12883	12490	393	0	0	0	0	0	12490	0	0	0	
157650	14897	14869	587	0	0	900	0	0	14869	0	0	341	
157744	23299	19655	2512	0	0	1279	0	0	19655	0	0	2411	
157856	7951	7106	809	0	0	500	0	0	7106	0	0	536	
158376	32279	31327	952	0	0	0	0	0	31327	0	0	0	
158741	31122	28166	1733	0	0	100	0	0	28166	0	0	1323	
159636	551265	473888	55149	0	0	6100	0	0	473888	0	0	28328	
159645	11475	11081	1079	0	0	0	0	0	11081	0	0	-685	
159953	26027	23365	1758	0	0	950	0	0	23365	0	0	1854	
159971	189488	188935	3301	0	-3297	0	0	0	188935	0	0	549	
160360	86684	81208	6491	0	0	4258	0	0	81208	196	0	3047	
160454	26819	24010	3195	0	0	2400	0	0	24010	0	0	2014	
160959	318523	328560	31537	0	0	46409	0	0	328560	0	0	4835	
161273	451983	423478	28452	0	0	3000	0	0	423478	0	0	3053	
161602	441521	408780	45361	0	0	22720	0	0	408780	0	0	10100	
162337	138701	117757	20896	0	0	6000	0	0	117757	0	0	6048	
163343	19012	17562	1450	0	0	0	0	0	17562	0	0	0	
163549	150253	136315	14060	0	0	9200	0	0	136315	0	0	9078	
163857	92037	82406	9530	0	0	2500	0	0	82406	0	0	2601	
164153	12790	11061	1737	0	0	1500	0	0	11061	0	0	1492	
164331	28221	20900	3549	0	0	1118	0	0	20900	0	0	4890	
164377	15940	15723	226	0	0	175	0	0	15723	0	0	166	
164957	14033	12442	1330	0	0	0	0	0	12442	0	0	261	
164975	12165	11109	526	0	0	0	0	0	11109	0	0	530	
165628	2526700	2412907	216994	0	0	170000	0	0	2412907	0	0	66799	
165758	15603	14307	1129	0	0	0	1000	0	14307	0	0	1167	
166111	46060	42787	3165	0	0	0	0	0	42787	0	0	108	
166531	48785	48652	980	0	0	1700	0	0	48652	0	0	853	
166652	75877	74236	4989	0	0	5500	0	0	74236	0	0	2152	
167453	21016	19916	1520	0	0	1001	0	0	19916	0	0	581	
167752	5052	4533	263	0	0	0	0	0	4533	0	0	256	
168571	40312	36428	2513	0	-450	0	0	0	36428	0	0	1821	
169354	59047	41671	5439	0	0	0	0	0	41671	0	0	11937	
169653	517579	477783	22792	0	0	8000	0	0	477783	0	0	25004	
169756	78601	79478	19323	0	0	20206	0	0	79478	0	0	6	
170257	8892	7510	414	0	0	177	0	0	7510	0	0	1145	
170275	38262	34265	2204	0	0	0	0	0	34265	0	0	1793	
170332	29938	28292	1311	0	0	995	0	0	28292	0	0	1330	
171133	9280	11142	-1895	0	0	0	0	0	11142	2	0	31	
171656	15969	13733	1715	0	0	495	0	0	13733	0	0	1016	
171759	16659	14365	1433	0	0	450	0	0	14365	0	0	1311	
171768	160479	145350	14728	0	0	4500	0	0	145350	0	0	4901	
172251	12213	6009	65	6139	0	0	0	0	6009	0	0	0	
172457	30880	30074	2345	0	0	1719	0	0	30074	0	0	180	
172475	49043	47447	1598	0	0	0	0	0	47447	0	0	-2	
172859	28231	25809	2701	0	0	900	0	0	25809	0	0	621	
173306	41897	33538	4135	0	0	671	0	0	33538	0	0	4895	
173557	35091	32296	1955	0	0	460	0	0	32296	0	0	1300	
173575	168334	153126	6641	0	0	0	0	0	153126	0	0	8567	
173641	39261	34593	3615	0	0	650	0	0	34593	0	0	1703	
173959	12911	10575	1105	0	0	414	0	0	10575	0	0	1645	
174321	16383	14893	897	0	0	0	0	0	14893	0	0	593	
174367	8365	7512	192	0	0	0	0	0	7512	0	0	661	
174572	1070928	1045422	35758	0	0	35000	0	0	1045422	3136	0	21612	
175056	37451	34827	8276	0	0	5782	0	0	34827	0	0	130	
175140	59084	49817	5583	0	48	2500	0	0	49817	0	0	6136	
175458	3881	3511	241	0	0	0	0	0	3511	0	0	129	
175609	36683	30503	3871	0	0	288	0	0	30503	0	0	2597	
176101	276331	194729	29696	0	41000	4694	0	0	194729	0	0	15600	
176325	35821	29963	4385	0	0	0	0	0	29963	0	0	1473	
176437	8251	6049	1481	0	0	376	0	0	6049	0	0	1097	
176464	123272	102731	5319	0	0	5031	0	0	102731	0	0	20253	
176642	16163	15074	1431	0	0	727	0	0	15074	0	0	385	
177135	8826	8766	60	0	0	0	0	0	8766	0	0	0	
177443	22540	17489	1684	0	0	248	0	0	17489	0	0	3615	
177500	10282	9724	933	0	0	375	0	0	9724	0	0	0	
177555	2867	2478	185	0	0	9	0	0	2478	0	0	213	
177751	203694	190233	22136	0	0	10000	0	0	190233	0	0	1325	
177920	226753	213719	19335	0	0	7500	0	0	213719	0	0	1199	
178150	21651	17998	902	0	0	0	0	0	17998	0	0	2751	
178244	23718	20249	2415	0	0	82	0	0	20249	0	0	1136	
178356	13059	11814	1258	0	0	781	0	0	11814	0	0	768	
178851	50048	42652	5184	0	0	2042	0	0	42652	0	0	4254	
179148	32044	29062	3432	0	0	1500	0	0	29062	0	0	1050	
179335	23421	19035	1106	0	0	224	0	0	19035	0	0	3504	
179700	62151	59198	-1060	0	0	318	0	0	59198	0	0	4331	
180144	11877	8667	2058	0	0	244	0	0	8667	0	0	1396	
180845	23790	20211	1314	0	5	0	0	-39	20172	0	0	2299	
181963	28969	25594	2881	0	0	1600	0	0	25594	0	0	2094	
182951	69302	62532	9148	0	0	3527	0	0	62532	0	0	1149	
183668	112624	104096	16994	0	0	12466	0	0	104096	0	0	4000	
183770	105008	96630	8151	0	0	750	0	0	96630	0	0	977	
183958	42100	37075	3489	0	0	1310	0	0	37075	0	0	2846	
184656	14134	7484	1433	0	0	920	0	0	7484	0	0	6137	
184759	8218	8032	354	0	0	200	0	0	8032	0	0	32	
185251	2208	1919	173	0	0	0	0	0	1919	0	0	116	
185448	28036	26014	2367	0	0	1327	0	0	26014	0	0	982	
185859	153021	141947	15228	0	0	5162	0	0	141947	0	0	1008	
186717	129879	118187	9458	0	0	2939	0	0	118187	0	0	5173	
186744	195681	177788	20486	0	0	16800	0	0	177788	0	0	14207	
187648	7297	6409	798	0	0	0	0	0	6409	0	0	90	
187947	185899	158089	19409	0	10000	8356	0	0	158089	0	0	6757	
188056	49871	46120	3070	0	0	0	0	0	46120	0	0	681	
188177	44999	44067	893	0	0	0	0	0	44067	0	0	39	
188430	65936	60052	5578	0	0	0	0	0	60052	0	0	306	
188449	28317	23141	1645	0	0	700	0	0	23141	0	0	4231	
188720	37317	34011	2289	0	0	1138	0	0	34011	0	0	2155	
188739	8474	7625	824	0	835	810	0	0	7625	0	0	0	
188917	17342	15993	766	0	0	301	0	0	15993	0	0	884	
189129	124043	113963	11775	0	0	4500	0	0	113963	0	0	2805	
189950	19514	18228	1881	0	0	1050	0	0	18228	0	0	455	
190563	35096	33269	746	0	1000	1000	0	0	33269	100	0	981	
190648	25198	20792	3180	0	0	591	0	0	20792	0	0	1817	
190947	14579	13466	1111	0	0	0	0	0	13466	0	0	2	
190956	26124	23759	1078	0	0	360	0	0	23759	0	0	1647	
191355	41881	35323	6319	0	0	4912	0	0	35323	0	0	5151	
191935	104223	104667	5605	0	0	11700	0	-28	104639	0	0	5679	
192147	61149	54666	5803	0	0	2600	0	0	54666	0	0	3280	
192558	42479	36180	9336	0	0	8750	0	0	36180	0	0	5713	
192651	6728	6260	733	0	0	627	0	0	6260	0	0	362	
192857	79246	75073	6125	0	0	3960	0	0	75073	0	0	2008	
193162	17061	16138	1191	0	0	268	0	0	16138	0	0	0	
193537	25818	22000	2437	0	0	122	0	0	22000	0	0	1503	
193649	49242	46146	4196	0	0	2085	0	0	46146	0	0	985	
193809	272092	260371	11042	0	0	2000	0	0	260371	0	0	2679	
194440	26745	22451	3995	0	0	1118	0	0	22451	0	0	1417	
194570	19333	18666	412	0	0	0	0	0	18666	38	0	217	
194936	41379	39601	2250	0	0	946	0	0	39601	0	0	474	
195111	130474	118108	8707	0	213	0	0	0	118108	0	0	3446	
195157	7926	7213	801	0	0	187	0	0	7213	0	0	99	
195456	10711	9471	1208	0	0	0	0	0	9471	0	0	32	
196752	20965	19751	2214	0	0	1000	0	0	19751	0	0	0	
196800	141181	132276	5792	0	0	313	0	0	132276	0	0	3426	
197142	54058	46927	3313	0	0	933	0	0	46927	0	0	4751	
197254	8152	7529	623	0	0	0	0	0	7529	0	0	0	
197302	66568	62692	1876	0	-250	0	0	0	62692	0	0	2250	
197478	8028345	7251084	976264	0	0	472500	0	0	7251084	63794	0	209703	
197759	40945	36369	1731	0	0	0	0	0	36369	0	0	2845	
198073	13385	13417	3081	0	0	3157	0	0	13417	0	44	0	
198149	48508	41818	3211	0	0	800	0	0	41818	0	0	4279	
198251	27168	22755	4252	0	0	1000	0	0	22755	0	0	1161	
198961	21799	19540	2881	0	0	1125	0	0	19540	0	0	503	
199137	28360	27976	509	0	0	125	0	0	27976	0	0	0	
199351	23277	21351	2259	0	0	1127	0	0	21351	0	0	794	
199436	26950	23791	4436	0	0	2893	0	0	23791	0	0	1616	
199463	71548	62365	11896	0	0	4206	0	0	62365	0	0	1493	
200435	243129	226866	28533	0	0	14150	0	0	226866	0	0	1880	
201254	18623	17010	797	0	-30	0	0	0	17010	0	0	846	
201834	283103	276455	32034	0	0	31540	0	0	276455	0	0	6154	
202514	59379	47805	12389	0	0	1500	0	0	47805	0	0	685	
202541	21797	18051	2708	0	0	1600	0	0	18051	0	0	2638	
202907	1552137	1364743	133586	0	0	41000	0	0	1364743	0	0	94808	
203043	66233	57673	7419	0	0	0	0	0	57673	0	0	1141	
203052	15215	14795	1494	0	0	1286	0	0	14795	0	0	212	
203575	9870	9268	33	0	0	0	0	0	9268	0	0	569	
204004	3105919	2883063	231688	0	7156	64100	0	0	2883063	0	0	48112	
204237	31624	27319	3838	0	0	0	0	0	27319	0	0	467	
204826	45232	39085	4576	0	0	1037	0	0	39085	0	27	2581	
205243	73365	62647	8619	0	0	0	0	0	62647	0	0	2099	
205346	44445	37241	4238	0	0	0	0	0	37241	0	0	2966	
205458	5095	4519	215	0	0	76	0	0	4519	0	0	437	
205542	26384	22993	1574	0	0	915	0	0	22993	0	0	2732	
206156	44172	42898	7162	0	0	7666	0	0	42898	0	0	1778	
206174	59414	55033	1492	0	0	0	0	0	55033	0	0	2889	
206473	26257	26033	30	0	0	0	0	0	26033	0	0	194	
206772	21409	20962	96	0	0	0	0	0	20962	0	0	351	
206950	6060	5269	896	0	0	255	0	0	5269	0	0	150	
207041	5705	4724	444	0	0	0	0	0	4724	0	0	537	
207050	142595	133804	9433	0	0	0	0	0	133804	0	0	-642	
207452	37123	32985	3367	0	0	1720	0	0	32985	0	0	2491	
207470	40074	40163	-66	0	0	0	0	0	40163	0	0	-23	
207555	18094	16978	1345	0	0	820	0	0	16978	0	0	591	
207845	128268	112137	7680	0	0	4752	0	0	112137	0	0	13203	
207872	81904	75163	7666	0	0	2204	0	0	75163	0	0	1279	
208057	116023	103498	16731	0	0	7583	0	0	103498	0	0	3377	
208244	8076852	6159142	509587	1396668	-2	210000	0	0	6159142	0	0	221457	
208347	15063	12598	1570	0	1139	308	0	0	12598	0	0	64	
208440	18108	16591	1480	0	0	861	0	0	16591	0	0	898	
208459	19527	17914	1916	0	0	342	0	0	17914	0	0	39	
208570	66655	65258	904	0	0	0	0	0	65258	0	0	493	
208655	62568	59719	5182	0	0	2137	0	0	59719	0	0	-196	
208972	9756	7978	399	0	0	0	0	0	7978	0	0	1379	
209148	71947	67868	5130	0	0	2959	0	0	67868	0	0	1908	
209362	24789	23927	872	0	0	10	0	0	23927	0	0	0	
209559	21941	20749	1142	0	0	835	0	0	20749	0	0	885	
209858	164940	155328	8180	0	0	1500	0	0	155328	613	0	2319	
210238	72616	65950	7537	0	0	3967	0	0	65950	94	0	3002	
210256	17482	16500	2404	0	0	3031	0	0	16500	0	0	1609	
210434	11258336	10797892	1240793	0	-6546	950000	0	0	10797892	0	0	176197	
211114	8970	7321	1032	0	0	1090	0	0	7321	0	0	1707	
211271	419822	401725	20861	0	0	7944	0	0	401725	326	0	4854	
211338	35927	31852	6867	0	0	3366	0	0	31852	0	0	574	
211851	12076	11213	1566	0	0	910	0	0	11213	0	0	207	
212018	47431	42087	1401	0	0	308	0	0	42087	0	0	4251	
212344	22009	19380	1394	0	0	368	0	0	19380	0	0	1603	
212522	178392	151219	18752	0	0	3178	0	0	151219	0	0	11599	
212577	585815	553065	49130	0	0	20000	0	0	553065	1610	0	2010	
213471	99129	95393	3736	0	0	0	0	0	95393	0	0	0	
213538	27469	24739	1955	0	0	1100	0	0	24739	0	0	1875	
213912	21967	19342	2182	0	0	431	0	0	19342	0	0	874	
213958	9709	8398	493	0	0	565	0	0	8398	0	0	1383	
214106	269068	250435	27976	0	0	15000	0	0	250435	0	0	5657	
214414	383924	358127	24805	0	0	10200	0	0	358127	0	0	11192	
214722	163563	129783	5681	0	18000	2700	0	0	129783	0	0	12799	
214807	9666000	9671000	623000	0	0	639000	0	0	9671000	-1000	0	12000	
215345	77076	69225	6523	0	0	3788	0	0	69225	0	0	5116	
215653	5328	4879	837	0	0	464	0	0	4879	0	0	76	
215662	132535	88372	10681	0	18800	1350	0	0	88372	0	0	16032	
215710	54043	46458	6043	0	0	3309	0	0	46458	114	0	4737	
216164	24710	21116	2733	0	0	1812	0	0	21116	0	0	2673	
216922	1675983	1521302	100695	0	2352	37000	0	0	1521302	0	0	88634	
217059	40632	36441	3504	0	0	2200	0	0	36441	0	0	2887	
218131	59863	51328	4427	0	0	0	0	0	51328	0	0	4108	
218261	12670	11624	1160	0	0	750	0	0	11624	0	0	636	
218878	22162	13946	1063	0	0	0	0	5	13951	5622	0	1526	
219044	26357	24380	1694	0	0	0	0	0	24380	0	0	283	
219651	82101	73807	13539	0	0	6958	0	0	73807	0	0	1713	
219679	5996	5570	196	0	0	0	0	0	5570	0	0	230	
220059	57391	53125	2931	0	0	1382	0	0	53125	0	0	2717	
220527	162786	144061	14164	0	0	5250	0	0	144061	0	0	9811	
220844	24676	23367	771	0	0	363	0	0	23367	0	0	901	
220974	111010	103908	11909	0	0	7000	0	0	103908	0	0	2193	
221775	37754	36141	1613	0	0	0	0	0	36141	0	0	0	
222156	34057	28851	1198	0	0	0	0	0	28851	0	0	4008	
222558	17428	16744	1618	0	0	1520	0	0	16744	0	0	586	
222754	43359	37919	4083	0	180	600	0	0	37919	0	0	1777	
223322	394810	363339	47598	0	0	17936	0	0	363339	0	0	1809	
223452	14522	13227	1240	0	0	570	0	0	13227	0	0	625	
223751	13026	12288	1266	0	0	610	0	0	12288	0	0	82	
223845	22708	22343	995	0	0	1281	0	0	22343	0	0	651	
224954	18700	17655	741	0	0	0	0	0	17655	0	0	304	
225054	18678	16917	2058	0	0	230	14	-382	16535	0	0	329	
225157	34899	30610	5246	0	0	957	0	0	30610	0	0	0	
225559	36889	31045	2534	0	0	1446	0	156	31201	0	0	4600	
225942	2202	1878	-181	0	0	52	0	0	1878	0	0	557	
226949	1565	1755	-285	0	90	0	0	0	1755	0	0	5	
227151	74189	66220	6429	0	0	4068	0	0	66220	0	0	5608	
227357	46522	38209	4074	0	0	1450	0	0	38209	0	0	5689	
227656	5643	5658	-66	0	0	0	0	0	5658	0	0	51	
227777	58128	56303	1086	0	0	0	0	0	56303	0	0	739	
228000	132795	126418	4757	0	0	0	0	0	126418	0	0	1620	
228158	77103	75368	9526	0	0	8946	0	0	75368	0	0	1155	
228279	48047	44528	4321	0	-42	1564	0	0	44528	0	0	804	
228345	52574	48459	4365	0	-250	0	0	0	48459	0	0	0	
229070	41022	42478	-1456	0	0	0	0	0	42478	0	0	0	
229173	6588	5875	250	0	0	0	0	0	5875	0	0	463	
229342	18697	16396	1653	0	0	1210	0	0	16396	0	0	1858	
229454	7497	4883	966	0	0	375	0	0	4883	0	0	2023	
229801	8063357	7884398	422444	0	0	300000	0	0	7884398	0	0	56515	
229913	1313933	1250147	63808	0	-144	0	0	0	1250147	0	0	122	
230423	42530	38722	1733	0	0	577	0	0	38722	0	0	2652	
230610	36720	32845	2921	0	0	1750	0	16	32861	0	0	2688	
230759	524218	425208	71208	0	0	15000	0	0	425208	0	0	42802	
231279	6927	6324	769	0	0	192	0	0	6324	0	0	26	
232847	15205	11699	1481	0	0	960	0	0	11699	0	0	2985	
232856	288456	269340	32403	0	0	15000	0	0	269340	0	0	1713	
233031	18047000	16174000	1756000	0	0	1151000	0	0	16174000	0	0	1268000	
233246	13777	12692	1082	0	0	760	0	0	12692	0	0	763	
233358	28764	24386	3512	0	0	2400	0	0	24386	0	0	3266	
233442	13973	13293	809	0	0	471	0	0	13293	0	0	342	
233527	326203	307241	8276	0	0	0	0	0	307241	0	0	10686	
233554	298851	268655	32292	0	0	3150	0	0	268655	0	0	1054	
234355	132093	119276	10911	0	0	5000	0	0	119276	0	0	6906	
234506	44053	40064	1218	0	0	351	0	0	40064	0	0	3122	
234739	315101	225271	34359	91788	0	38000	0	0	225271	0	0	1683	
234841	51414	45875	2145	0	0	0	0	0	45875	0	0	3394	
235174	15497	15038	459	0	0	0	0	0	15038	0	0	0	
235231	21214	18201	792	0	0	188	0	0	18201	0	0	2409	
235446	27245	22573	3757	0	0	1627	0	0	22573	0	0	2542	
235530	62380	50326	6428	0	0	3390	0	0	50326	0	0	9016	
235558	3612	3415	197	0	0	0	0	0	3415	0	0	0	
235950	12868	11201	316	0	0	0	0	0	11201	0	0	1351	
236153	485554	445464	72075	0	0	51850	0	0	445464	0	0	19865	
236256	12120	10613	658	0	0	192	0	0	10613	0	0	1041	
236603	31480	28169	1719	0	0	1386	0	0	28169	0	0	2978	
236706	717685	713408	28455	0	3693	43800	0	0	713408	0	0	15929	
236957	46404	43065	3206	0	0	383	0	0	43065	0	0	516	
237066	275414	242794	36136	0	0	20850	0	0	242794	0	0	17334	
237619	269218	250267	15761	0	0	0	0	0	250267	512	0	2678	
237954	36241	33525	1067	0	0	0	0	0	33525	0	0	1649	
238139	23500	20944	1754	0	0	933	0	0	20944	0	0	1735	
238250	8777	7982	649	0	0	380	0	0	7982	0	0	526	
238737	72601	57600	5132	0	0	0	1123	0	57600	4727	0	6265	
239556	77698	70908	8463	0	0	5704	0	0	70908	0	0	4031	
239659	92939	90766	9459	0	0	7332	0	0	90766	0	0	46	
240954	31811	29930	5780	0	0	3880	0	0	29930	0	0	-19	
241009	23575	19208	2672	0	0	358	0	0	19208	0	-642	2695	
241157	70557	59153	8695	0	0	5260	0	0	59153	0	0	7969	
241559	26012	24076	2836	0	50	1700	0	0	24076	0	0	750	
242257	68073	60155	6196	0	0	0	0	0	60155	0	0	1722	
242444	180090	153512	10811	0	227	4886	0	0	153512	0	0	20426	
242949	8849	7481	781	0	0	377	0	0	7481	0	0	964	
242958	16184	13940	1719	0	0	246	0	0	13940	0	0	771	
242976	190255	184741	9479	0	0	8000	0	0	184741	3475	137	423	
243375	237918	96367	38421	0	25000	0	0	0	96367	548	0	77582	
243414	28042	24848	-6365	0	-680	0	0	0	24848	103	0	10136	
243955	9754	8140	-148	768	1000	0	0	0	8140	0	0	-6	
244037	29028	26943	2540	0	300	1565	0	0	26943	0	0	810	
244149	65394	65855	-1018	0	0	0	0	0	65855	0	0	557	
244158	41419	36569	4534	0	0	2790	0	0	36569	0	0	3106	
244251	54689	46968	11322	0	0	14940	0	0	46968	0	0	11339	
245016	239020	229550	17088	0	0	7300	0	0	229550	0	0	-318	
245276	1300987	1188834	140768	0	3847	95000	0	0	1188834	0	0	62538	
245351	35890	33455	1381	0	0	813	0	0	33455	0	0	1867	
245557	113513	100947	7334	0	0	3680	0	0	100947	29	0	8883	
246022	58357	51710	6050	0	-100	3600	0	0	51710	0	0	4297	
246134	73384	58699	7622	0	0	2200	0	0	58699	0	0	9263	
246451	13415	12084	960	0	0	350	0	0	12084	0	0	721	
246657	45970	29540	7537	0	0	2106	0	0	29540	0	0	10999	
246947	11440	9156	1219	0	0	380	0	0	9156	0	0	1445	
246956	83076	70052	8707	0	0	0	0	0	70052	0	0	4317	
247140	312252	235977	20847	57870	0	6750	0	0	235977	0	0	4308	
247355	217650	195521	33490	0	0	21500	0	0	195521	0	0	10139	
247476	15683	15322	179	0	0	0	0	0	15322	0	0	182	
247551	42169	42497	4022	0	0	4607	0	0	42497	0	0	257	
247908	172813	153090	10104	0	0	0	0	0	153090	0	0	9619	
248240	164363	150171	15662	0	0	786	0	0	150171	0	0	-684	
248352	14716	12508	1597	0	0	50	0	0	12508	0	0	661	
248455	71448	57451	5863	0	0	3385	0	0	57451	0	0	11519	
248633	58193	51672	5170	0	0	730	0	0	51672	0	0	2081	
248745	44605	38981	3550	0	0	0	0	0	38981	0	0	2074	
249416	10148	8393	158	0	0	61	0	0	8393	0	0	1658	
249612	1570815	1502799	38757	0	0	9750	0	0	1502799	0	0	39009	
249658	14530	11924	1992	0	0	0	0	0	11924	0	0	614	
250430	19362	16941	1025	0	0	0	0	0	16941	0	0	1396	
250476	9416	8759	110	0	0	0	0	0	8759	0	0	547	
250850	9646	8244	-4324	0	0	5	0	0	8244	0	0	5731	
251558	33904	28578	2101	0	0	746	0	0	28578	0	0	3971	
251745	63876	58354	6050	0	0	3169	0	0	58354	0	0	2641	
251978	55637	52960	5047	0	2000	4550	0	0	52960	0	0	180	
252041	70703	64532	8448	0	0	3850	0	0	64532	0	0	1573	
252452	5875	4603	1155	0	0	1205	0	0	4603	0	0	1322	
253356	207681	179148	15828	0	0	0	0	0	179148	0	0	12705	
253468	527700	484740	47401	0	0	1757	0	0	484740	-5195	0	2511	
253646	38020	32827	4408	0	0	2950	0	0	32827	0	0	3735	
253730	13313	12096	2135	0	0	1951	0	0	12096	0	0	1033	
254317	352157	331392	23140	0	0	2375	0	0	331392	0	0	0	
254504	36774	33697	1267	0	0	406	0	0	33697	0	0	2216	
254849	62166	54990	4497	0	0	0	0	0	54990	0	0	2679	
255350	15437	13676	949	0	0	160	0	0	13676	0	0	972	
255556	29247	24078	3750	0	0	1096	0	0	24078	0	0	2515	
255574	249169	237966	2483	0	0	0	0	0	237966	0	0	8720	
255659	708930	613187	55267	0	0	4000	0	0	613187	0	0	44476	
256058	62423	53413	7629	0	0	3264	0	0	53413	0	0	4645	
256076	13785	12687	572	0	0	0	0	0	12687	0	0	526	
256179	24098	20550	3147	0	0	11	0	23	20573	0	0	389	
256553	449090	404934	36615	0	0	8000	0	0	404934	0	0	15541	
257233	91439	79100	16446	0	0	4631	0	0	79100	0	0	524	
257345	20682	16178	948	0	0	0	0	0	16178	0	0	3556	
257578	60846	56733	4041	0	0	130	0	0	56733	0	0	202	
257653	9793	8610	943	0	0	380	0	0	8610	0	0	620	
257756	31963	30061	2191	0	92	1892	0	0	30061	0	0	1511	
258306	54394	48361	2839	0	0	0	0	0	48361	0	0	3194	
258379	13588	12268	951	0	0	0	0	0	12268	0	0	369	
258539	15856	14178	1596	0	0	497	0	0	14178	0	0	579	
258874	19271	13468	631	4609	0	0	0	0	13468	0	0	563	
259059	15852	14130	1241	0	0	0	0	0	14130	0	0	481	
259330	109554	106167	5042	0	0	5157	0	0	106167	565	0	2937	
259442	63325	56987	5045	0	0	500	0	0	56987	0	0	1793	
259956	13610	11250	947	0	0	440	0	0	11250	0	0	1853	
260055	652703	595626	55521	0	0	22202	0	0	595626	0	0	23758	
260831	25300	20579	3713	0	2000	1083	0	0	20579	0	0	91	
261146	50806	49914	1324	0	0	2185	0	0	49914	0	0	1753	
261360	142977	124562	14486	0	0	431	0	0	124562	0	0	4360	
261940	102446	87019	13743	0	900	4950	0	0	87019	0	0	5734	
262059	47790	43073	3830	0	0	1500	0	0	43073	0	0	2387	
262237	55116	48423	6206	0	0	526	0	0	48423	0	0	1013	
262358	76384	76116	-346	0	0	0	0	0	76116	0	0	614	
262741	64901	58250	8585	0	0	4034	0	0	58250	0	0	2100	
262844	90126	73443	7560	0	0	1974	0	0	73443	0	0	11097	
262956	22140	19471	852	0	0	0	0	0	19471	0	0	1817	
263243	43071	36805	4891	0	0	3284	0	0	36805	0	0	4659	
263627	18192	17840	352	0	0	0	0	0	17840	0	0	0	
264455	78808	68740	7874	0	0	1600	0	0	68740	0	0	3794	
264772	1254986	1174574	92845	0	3681	50000	0	0	1174574	26791	0	7095	
265340	27960	24634	1190	0	0	0	0	0	24634	0	0	2136	
265407	310550	284572	17356	0	0	200	0	0	284572	0	0	8822	
265452	14077	12819	1853	0	0	1007	0	0	12819	0	0	412	
265676	16653	14755	845	0	0	0	0	0	14755	0	0	1053	
266244	22131	19125	1427	0	0	0	0	0	19125	0	0	1579	
266253	16160	14303	1748	0	0	368	0	0	14303	0	0	477	
266655	13942	12821	773	0	0	131	0	71	12892	0	0	408	
266851	37408	34328	2936	0	0	1193	0	0	34328	0	0	1337	
266945	90553	88999	8657	0	0	10400	0	0	88999	61	0	3236	
267652	6066	5585	900	0	0	600	0	0	5585	-2300	0	2481	
268006	245656	228244	9403	0	0	1150	0	0	228244	0	0	9159	
268136	46646	41434	5612	0	0	1215	0	0	41434	50	0	765	
268677	50656	54214	-5548	0	0	0	0	0	54214	0	0	1990	
268828	63794	58063	2304	0	0	150	0	0	58063	0	0	3577	
268976	105896	103005	2891	0	0	0	0	0	103005	0	0	0	
269049	89124	85782	8603	0	0	6625	0	0	85782	0	0	1364	
269058	28756	24820	3839	0	0	2100	0	0	24820	0	0	2197	
269571	11824	11751	73	0	0	0	0	0	11751	0	0	0	
269759	7780	7503	1270	0	0	1095	0	0	7503	0	0	102	
270148	17168	15280	1060	0	0	800	0	0	15280	0	0	1628	
270353	3268	1989	163	0	0	100	0	0	1989	0	0	1216	
270504	123398	110120	13184	0	0	5152	0	0	110120	0	0	5246	
270531	24604	22661	1348	0	0	0	0	0	22661	0	0	595	
270652	7545	7355	-441	0	0	110	0	0	7355	0	0	741	
271136	11218	10675	439	0	0	0	0	12	10687	0	0	92	
271275	31719	27632	971	0	0	0	0	0	27632	0	0	3116	
271341	9466	7899	1580	0	0	1195	0	0	7899	0	0	1182	
271529	43920	33971	6601	0	0	5200	0	0	33971	0	0	8548	
272030	19202	16484	2404	0	0	57	128	0	16484	0	0	499	
272058	4895	4869	74	0	0	150	0	0	4869	0	0	102	
272151	5894	5593	-394	0	0	0	0	0	5593	0	0	695	
272272	513169	468216	48766	0	0	13000	0	0	468216	1125	0	8062	
272302	660250	607031	41059	0	0	0	0	0	607031	0	0	12160	
273336	272051	241730	26937	0	0	11000	0	0	241730	-122	0	14506	
273550	54528	48455	4180	0	0	2250	0	0	48455	0	0	4143	
273653	8499	7721	1067	0	0	578	0	0	7721	0	0	289	
273662	195880	155787	13811	0	0	0	0	0	155787	0	0	26282	
273840	27686	26090	4208	0	0	3300	0	0	26090	0	0	688	
273859	2363	2219	144	0	0	0	0	0	2219	0	0	0	
274025	2247	1974	185	0	0	0	0	0	1974	0	0	88	
274052	3816	3608	490	0	0	327	0	0	3608	0	0	45	
274829	38184	46719	1834	0	-14000	1142	0	0	46719	0	0	4773	
274856	16512	14314	839	0	0	91	0	0	14314	0	0	1450	
275255	38660	36038	5107	0	0	3230	0	0	36038	0	0	745	
275358	220012	155719	17497	0	40000	1800	0	0	155719	0	0	8596	
275479	27629	25761	419	0	0	0	0	0	25761	0	0	1449	
275657	9090	7361	545	0	0	390	0	0	7361	0	0	1574	
276074	23771	23069	330	0	0	0	0	0	23069	0	0	372	
276159	12315	9189	1434	0	0	600	0	0	9189	0	0	2292	
276551	14320	12499	1115	0	0	620	0	0	12499	0	0	1326	
276579	6864795	6123654	635458	0	0	195853	2561	0	6123654	-20022	0	324119	
276645	33137	28643	5029	0	0	2985	0	0	28643	0	0	2450	
276654	8949	8491	150	0	0	150	0	0	8491	0	0	458	
276850	180852	163324	13145	0	0	0	0	0	163324	0	0	4383	
276953	7714	6941	264	0	0	100	0	0	6941	0	0	609	
277240	70626	66770	4272	0	0	410	0	0	66770	0	0	-6	
277277	27469	25363	1968	0	0	0	0	0	25363	0	0	138	
277736	25984	24004	4683	0	0	3489	0	0	24004	0	0	786	
277820	83900	74395	5435	0	0	0	0	0	74395	0	0	4070	
278256	45018	32868	3279	16860	0	9110	0	0	32868	0	0	1121	
278555	342525	298136	64493	0	0	22800	0	0	298136	0	0	2696	
278733	27008	22421	2954	0	1190	0	0	0	22421	0	0	443	
278751	3749	3470	412	0	0	220	0	0	3470	0	0	87	
278818	590315	499446	49830	0	50000	20479	0	0	499446	0	0	11518	
279105	205895	183515	9686	0	0	0	0	0	183515	0	0	12694	
279842	118127	108605	6645	0	2500	2013	0	0	108605	0	0	2390	
279954	142362	125075	11601	0	0	0	0	0	125075	0	0	5686	
280110	18803766	16769719	1573273	0	58110	850000	0	0	16769719	0	0	1252664	
280138	33467	31863	1709	0	0	1501	0	0	31863	0	0	1396	
280352	15926	14682	3044	0	0	1800	0	0	14682	0	0	0	
280558	8711	6825	1227	0	0	390	0	0	6825	0	0	1049	
282075	196319	181440	7394	0	0	132	0	0	181440	0	0	7617	
282226	57861	46946	5116	0	0	375	0	0	46946	0	0	6174	
282824	51541	47203	4492	0	0	904	0	0	47203	0	0	750	
283438	126604	111771	8515	0	0	0	1011	0	111771	0	0	7329	
283652	27594	26299	4151	0	0	2856	0	0	26299	0	0	0	
283737	165160	142115	20244	0	0	0	0	0	142115	0	0	2801	
283867	135413	130207	25442	0	0	20750	0	0	130207	0	0	514	
284154	24763	23319	1406	0	0	0	0	0	23319	0	0	38	
284239	22039	21387	3207	0	0	2555	0	0	21387	0	0	0	
284556	51758	49838	3862	0	0	1919	0	0	49838	0	0	-23	
284752	12748	10785	887	0	0	708	0	0	10785	0	0	1784	
284958	5661	5514	233	0	0	190	0	0	5514	0	0	104	
285151	35132	33318	3166	0	0	1350	0	0	33318	0	0	-2	
285348	36426	33949	1230	0	0	0	0	0	33949	0	0	1247	
285544	31130	28328	2869	0	0	137	0	0	28328	0	0	70	
285553	11292	10379	938	0	0	100	0	0	10379	0	0	75	
285740	110900	101503	13155	0	0	7046	0	0	101503	0	0	3288	
285852	47631	41769	6203	0	0	3809	0	0	41769	0	0	3468	
285928	46764	39277	5196	0	0	0	0	0	39277	0	0	2291	
286251	1707	3124	-1692	0	0	0	0	0	3124	0	0	275	
286457	146715	133585	14220	0	0	4500	0	0	133585	0	0	3410	
286840	12318	11261	1044	0	0	0	0	0	11261	0	0	13	
287007	44401	42942	1459	0	0	0	0	0	42942	0	0	0	
287342	25880	24718	1906	0	0	1520	0	0	24718	0	0	776	
287922	8099	6971	435	0	0	114	0	0	6971	0	0	807	
287959	17982	15041	1938	0	0	525	0	0	15041	0	0	1528	
288152	3179	2792	80	0	0	25	0	0	2792	0	0	332	
288376	19935	12847	3151	0	0	957	0	0	12847	0	0	4894	
288853	1786416	1553573	245080	0	0	192600	0	0	1553573	0	0	180363	
289056	10835	8829	1028	0	0	750	0	0	8829	0	0	1728	
289225	1173	-196	89	0	0	65	0	0	-196	0	0	1345	
289515	176051	153345	17289	0	653	4937	0	0	153345	0	0	9701	
289702	251100	221439	16499	0	0	0	0	0	221439	0	0	13162	
289739	40854	37967	2717	0	0	937	0	0	37967	0	0	1107	
289757	32145	28402	3064	0	0	760	0	0	28402	0	0	1439	
290249	179066	162324	22676	0	0	15041	0	0	162324	0	0	9107	
290838	50005	37516	2050	0	0	0	0	0	37516	10047	0	392	
290922	12692	11770	1922	0	0	1000	0	0	11770	0	0	0	
291059	19620	18650	3878	0	0	2908	0	0	18650	0	0	0	
291611	94227	88834	5020	0	0	2145	0	0	88834	-48	0	2566	
291732	11238	8206	320	0	0	0	0	0	8206	0	0	2712	
292234	6772	2716	1952	0	0	400	0	0	2716	0	0	2504	
292467	12864	9061	1922	0	0	730	0	0	9061	0	0	2611	
292850	4786	4339	260	0	0	155	0	0	4339	0	0	342	
293053	299253	261917	41221	0	0	10005	0	0	261917	0	0	6120	
293352	6290	5955	628	0	0	432	0	0	5955	0	0	139	
293437	25892	21701	972	0	0	25	0	0	21701	0	0	3244	
293651	30173	27890	3397	0	0	1700	0	0	27890	0	0	586	
293754	11938	11466	1424	0	0	1365	0	0	11466	0	0	413	
294023	73379	75925	8635	0	-13000	1488	0	0	75925	0	0	3307	
294751	59752	57887	5151	0	0	3725	0	0	57887	0	0	439	
294779	261022	246989	22492	0	0	9250	0	0	246989	297	0	494	
294827	23673	23641	1049	0	0	1479	0	0	23641	0	0	462	
295011	75399	64697	6780	0	0	0	0	0	64697	0	0	3922	
295057	14918	14419	1020	0	0	650	0	0	14419	0	0	129	
295646	2308	2043	-43	0	0	0	0	0	2043	0	0	308	
296456	79490	73054	5742	0	0	0	0	0	73054	0	0	694	
296474	40750	39454	798	0	0	0	0	0	39454	0	0	498	
296559	28791	24174	5274	0	0	6000	0	0	24174	0	0	5343	
296755	27450	24681	5021	0	0	2611	0	0	24681	0	0	359	
297051	22045	18927	3200	0	0	772	0	0	18927	0	0	690	
297761	31211	29085	-3025	0	5000	0	0	0	29085	0	0	151	
298049	23602	21602	2609	0	0	1391	0	0	21602	0	0	782	
298218	168410	152954	11879	0	0	0	0	0	152954	0	0	3577	
298245	45307	40306	2639	0	0	720	0	0	40306	0	0	3082	
299868	61970	60765	2112	0	0	907	0	0	60765	0	0	0	
300009	119225	111729	4945	0	0	0	0	0	111729	0	0	2551	
300063	132555	133307	2734	0	945	2799	1655	0	133307	0	0	23	
300353	40529	30343	4477	0	0	0	0	0	30343	0	0	5709	
300933	41904	34609	5518	0	0	1225	0	0	34609	0	0	3002	
300942	26680	23273	2860	0	0	845	0	0	23273	0	0	1392	
301574	114056	87280	5499	0	0	0	0	0	87280	19905	0	1372	
301800	118071	108301	4028	0	0	0	0	0	108301	0	0	5742	
302030	12693	10667	1617	0	0	535	0	0	10667	0	0	944	
302133	6246	5948	78	0	0	0	0	0	5948	0	0	220	
302553	42503	38981	2239	0	0	0	0	0	38981	0	0	1283	
302656	317202	295042	21050	0	0	6000	0	0	295042	0	0	7110	
303653	33695	26897	3272	0	0	1760	0	0	26897	0	0	5286	
303701	21846	18926	1214	0	0	0	0	0	18926	0	0	1706	
303747	6392	5622	164	0	0	0	0	0	5622	0	0	606	
303952	63395	53474	4657	0	0	0	0	0	53474	0	0	5264	
304173	162990	153707	1931	0	0	0	0	0	153707	0	0	7352	
304520	13178	12631	2020	0	0	1575	0	72	12703	0	0	30	
304575	7357	413	255	0	6586	0	0	0	413	0	0	103	
304762	31644	30081	915	0	0	0	0	0	30081	140	0	508	
304913	130901	127321	3582	0	0	0	0	0	127321	-2	0	0	
305059	15530	13520	1645	0	0	268	0	0	13520	0	0	633	
305077	31308	28349	1228	0	0	0	0	0	28349	0	53	1678	
305237	23966	21957	1767	0	0	625	0	0	21957	0	0	867	
305442	51562	46243	3404	0	0	902	0	0	46243	0	0	2817	
306056	4013	3729	284	0	0	0	0	0	3729	0	0	0	
306159	47934	44920	3976	0	0	1394	0	0	44920	0	0	432	
306337	49139	44350	6676	0	0	3420	0	0	44350	0	0	1533	
306908	89911	79841	9167	0	0	3050	0	0	79841	0	0	3953	
307062	95283	84715	6821	0	0	1203	0	0	84715	0	0	4950	
307334	30565	28078	489	0	1000	0	0	0	28078	0	0	998	
307361	62747	57849	5953	0	0	1825	0	0	57849	0	0	770	
307679	135475	126199	9292	0	0	6292	0	0	126199	0	0	6276	
308256	6171	6011	813	0	0	757	0	0	6011	0	0	104	
308340	16780	13361	2048	0	0	567	0	0	13361	0	0	1938	
308836	9307	9059	384	0	0	137	0	0	9059	0	0	1	
309150	54014	48082	6286	0	0	2712	0	0	48082	0	0	2358	
309655	173913	157779	13773	0	324	0	0	0	157779	0	0	2037	
309851	6166	4914	45	0	0	0	0	0	4914	0	0	1207	
310754	43972	38092	10505	0	1136	5803	0	0	38092	0	0	42	
310978	333149	328145	18566	0	336	19397	0	0	328145	0	0	5499	
311050	133569	125753	10542	0	0	5852	0	0	125753	0	0	3126	
311144	6791	5767	871	0	0	431	0	0	5767	0	0	584	
311256	29671	27402	2437	0	1000	1520	0	0	27402	0	0	352	
311265	33545	24512	3002	6157	0	3520	0	0	24512	0	0	3394	
311603	127363	115368	5075	0	0	0	0	0	115368	0	0	6920	
311658	6196	4933	302	0	0	140	0	0	4933	0	0	1101	
311845	2222223	1976204	92169	0	0	0	134	0	1976204	4772	0	149212	
311939	31895	28502	3580	0	0	1412	0	0	28502	0	0	1225	
312244	66858	52210	14522	0	0	10000	0	0	52210	0	0	10126	
312356	24294	22297	2209	0	0	902	0	0	22297	0	0	690	
313009	28184	26543	-205	0	-6	0	0	0	26543	1006	0	846	
313157	16508	13954	1521	0	0	597	0	0	13954	0	0	1630	
313223	39175	34414	4512	0	0	262	0	0	34414	0	0	511	
313577	104350	92162	8007	0	0	900	0	0	92162	0	0	5081	
314257	125962	114744	16521	0	0	7926	0	0	114744	0	0	2623	
314444	15890	12942	2183	0	0	872	0	0	12942	0	0	1637	
315656	20849	25197	-2987	0	0	1361	0	0	25197	0	0	0	
316840	1022550	939517	108994	0	0	36000	0	0	939517	2894	0	7145	
316859	14680	12871	1062	0	0	411	0	0	12871	20	0	1138	
316934	6241	5681	477	0	0	98	0	0	5681	0	0	181	
317258	49913	40113	7952	0	0	4430	0	0	40113	0	0	6278	
317342	1040300	940963	106707	0	0	30898	0	0	940963	0	0	23528	
317379	67787	62133	3376	0	0	0	0	0	62133	147	0	2131	
318974	220878	223505	519	0	0	2085	0	0	223505	0	0	-1061	
319047	27028	23254	2318	0	0	150	0	0	23254	0	0	1606	
319551	106799	95340	8345	0	2000	1383	0	0	95340	0	0	2497	
320034	6232	3196	657	0	1035	0	0	0	3196	0	0	1344	
320052	60271	56660	2493	0	0	0	0	0	56660	0	0	1118	
320070	37713	36872	579	0	0	0	0	0	36872	0	0	262	
320119	1405832	1310749	63238	0	0	0	0	0	1310749	0	0	31845	
321152	8065	12790	-6656	0	0	0	0	0	12790	458	0	1473	
321255	4515	4459	356	0	0	300	0	0	4459	0	0	0	
321273	113198	117220	6236	0	0	14000	0	0	117220	2505	0	1237	
321330	7908	6508	938	0	0	550	0	0	6508	0	0	1012	
321947	58775	49049	4490	0	0	2224	0	0	49049	0	0	7460	
322449	12970	11813	914	0	0	0	0	0	11813	0	0	243	
322551	4642	4218	447	0	0	147	0	0	4218	0	0	124	
323204	151479	137088	14903	0	0	10500	0	0	137088	0	0	9988	
323651	32047	28736	2026	0	0	480	0	0	28736	0	0	1765	
324153	31484	26051	3152	0	0	0	0	0	26051	0	0	2281	
324229	7412	6755	404	0	0	102	0	0	6755	0	0	355	
324256	7190	6310	1480	0	0	600	0	0	6310	0	0	0	
324340	491678	256165	17052	211520	30046	18688	0	0	256165	0	0	-4417	
324854	28657	25036	2691	0	0	750	0	0	25036	0	0	1680	
324863	331326	285401	39218	0	0	1200	0	0	285401	0	0	7907	
324975	13772	12465	299	0	0	0	0	0	12465	0	0	1008	
325141	38589	35429	1979	0	0	1250	0	0	35429	0	0	2431	
325459	4567	4080	167	0	0	0	0	0	4080	0	0	320	
325534	29011	26917	3101	0	0	4282	0	0	26917	0	0	3275	
326054	50870	47694	4716	0	0	2750	0	0	47694	0	0	1210	
326344	66782	56996	6366	0	0	772	0	0	56996	0	0	4192	
326858	187158	169978	14010	0	0	5100	0	0	169978	0	0	8270	
326979	94787	86390	3919	0	0	15	0	0	86390	0	0	4493	
327220	12323	10392	1259	0	0	370	0	0	10392	0	0	1042	
327305	105496	96293	7819	0	0	2228	0	0	96293	0	0	3612	
327435	57479	39534	7103	0	0	2331	0	0	39534	0	0	13173	
327556	36321	31259	4678	0	0	1622	0	0	31259	0	0	2006	
327855	105236	98745	11887	0	0	6241	0	0	98745	0	0	845	
328058	7632	7351	535	0	0	480	0	0	7351	0	0	226	
328357	179652	59980	126676	0	0	7750	0	0	59980	0	0	746	
328656	21268	18566	3258	0	0	1021	0	0	18566	0	0	465	
328777	319043	291343	7045	0	0	0	0	0	291343	0	0	20655	
329149	16814	16178	866	0	0	706	0	0	16178	0	0	476	
329345	105680	96552	9028	0	0	2050	0	0	96552	0	0	2150	
329550	43820	41259	3434	0	0	2800	0	0	41259	0	0	1927	
329952	99910	82281	8974	0	0	0	0	0	82281	0	0	8655	
330239	63345	55845	6272	0	-48	3513	0	0	55845	0	0	4789	
330248	18557	15216	1433	0	0	509	0	0	15216	0	0	2417	
330855	346401	308678	46318	0	0	16000	0	0	308678	0	0	7405	
330949	31329	27138	2554	0	250	0	0	0	27138	0	0	1387	
331076	60689	68029	1823	0	0	10000	0	0	68029	0	0	837	
331375	31121	29493	950	0	0	0	0	0	29493	0	0	678	
331544	16868	14794	982	0	0	465	0	-425	14369	0	0	1982	
331713	48297	44357	3340	0	0	1345	0	0	44357	0	0	1945	
332224	67502	62093	3118	0	0	1470	0	0	62093	0	0	3761	
332671	28339	27983	356	0	0	0	0	0	27983	0	0	0	
332756	10612	9814	485	0	0	80	0	0	9814	0	0	393	
333034	21506	46494	7394	0	0	32407	0	0	46494	0	0	25	
333203	93358	82437	8980	0	825	5800	0	0	82437	448	0	6468	
333650	70163	64765	10308	0	0	7217	0	0	64765	0	0	2307	
333856	72998	60445	10717	0	0	0	0	0	60445	0	0	1836	
333940	7274	6705	189	0	0	131	0	0	6705	0	0	511	
334264	62950	51313	9181	0	0	4500	0	0	51313	0	0	6956	
335346	52856	49622	3659	0	0	1061	0	0	49622	40	0	596	
336147	19810	17776	1703	0	0	250	0	0	17776	0	0	581	
336361	35372	32903	2424	0	0	0	0	0	32903	0	0	45	
336576	28302	27684	-704	0	0	0	0	0	27684	0	0	1322	
337340	22145	20385	1319	0	0	620	0	0	20385	0	0	1061	
338646	60552	55283	8057	0	0	3884	0	0	55283	68	0	1028	
338945	6715	6822	469	0	0	610	0	0	6822	0	0	34	
339072	252307	240206	10584	0	0	0	0	0	240206	0	0	1517	
339353	11019	10338	1160	0	0	1000	0	0	10338	0	0	521	
339456	70937	63176	7017	0	0	2048	0	0	63176	0	0	2792	
339607	129746	125438	1770	0	0	0	0	0	125438	0	0	2538	
339773	651417	606765	39607	0	0	0	0	0	606765	0	0	5045	
339858	5525060	5130141	400195	0	0	300000	0	0	5130141	18348	0	276376	
340135	182020	162723	22828	0	0	10400	0	0	162723	0	0	6869	
340144	136349	123117	10838	0	211	3100	0	0	123117	0	0	5283	
340256	84016	76010	6002	0	0	1300	0	0	76010	0	0	3304	
340443	11975	9080	3326	0	0	625	0	0	9080	0	0	194	
340742	83233	78307	2636	0	0	0	0	0	78307	0	0	2290	
340751	95581	91461	13025	0	0	9439	0	0	91461	0	0	534	
341310	84723	72945	7379	0	0	0	0	0	72945	0	0	4399	
342054	45075	38346	6472	0	0	3250	0	0	38346	0	0	3507	
342410	600515	569254	64459	24	0	42000	0	0	569254	0	0	8778	
342634	2189910	2060699	172530	0	0	112549	0	0	2060699	4951	0	64279	
343051	9708	7396	45	0	0	0	0	787	8183	0	0	1480	
343248	5139	4765	194	0	0	25	0	0	4765	0	0	205	
343770	12846	11693	929	0	0	0	0	0	11693	0	0	224	
343903	102434	95830	3997	0	0	0	0	0	95830	0	0	2607	
343958	10761	10592	1061	0	0	892	0	0	10592	0	0	0	
344647	84178	72042	5842	0	0	2427	0	0	72042	0	0	8721	
344852	11694	9261	1093	0	0	494	0	0	9261	0	0	1834	
345309	265123	234230	22476	0	0	0	0	0	234230	0	0	8417	
345345	54922	52880	5520	0	0	3510	0	0	52880	0	0	32	
345747	73202	64989	6031	0	0	938	0	0	64989	0	0	3120	
345756	84405	79749	4983	0	0	1390	0	0	79749	0	0	1063	
345877	102561	89308	11977	0	0	1500	0	0	89308	423	0	2353	
346379	26003	24412	2123	0	0	688	0	0	24412	0	0	156	
346566	10875	9338	1474	0	0	380	0	0	9338	0	0	443	
346771	24191	22554	2637	0	0	1000	0	0	22554	0	0	0	
347022	32578	27354	2791	0	0	300	0	0	27354	0	0	2733	
347639	24695	24007	-990	0	0	0	0	0	24007	0	0	1678	
347956	61941	59262	2159	0	0	0	0	0	59262	0	0	520	
348159	17295	16564	733	0	0	600	0	0	16564	0	0	598	
348720	140070	125395	15602	0	0	3942	0	0	125395	-680	0	3695	
349129	21346	19095	1492	0	0	780	0	0	19095	0	0	1539	
349343	30653	27344	5620	0	0	2875	0	0	27344	0	0	564	
350657	3370	2371	242	0	0	0	0	0	2371	0	0	757	
350750	33700	31923	6015	0	0	4238	0	0	31923	0	0	0	
351131	8822	8016	136	0	0	0	0	0	8016	0	0	670	
351560	48589	47477	2362	0	0	1250	0	0	47477	0	0	0	
351878	20036	18065	905	0	0	0	0	0	18065	0	0	1066	
352370	27688	25937	705	0	0	0	0	0	25937	0	0	1046	
352651	25111	21714	3087	0	0	0	0	0	21714	0	0	310	
352745	30125	25578	5081	0	0	2200	0	0	25578	0	0	1666	
352772	1923344	1813001	149217	0	0	102061	0	0	1813001	0	0	63187	
353238	67686	59129	11010	0	0	4886	0	0	59129	0	0	2433	
353546	17630	16206	907	0	0	91	0	0	16206	0	0	608	
353555	1052749	979479	135645	0	0	71087	0	0	979479	0	0	8712	
353957	8142	6901	541	0	0	162	0	0	6901	0	0	862	
354253	6528	5574	352	0	0	0	0	0	5574	0	0	602	
354310	930634	887188	76454	0	0	45276	0	0	887188	0	0	12268	
354552	54808	42425	10362	0	0	8190	0	0	42425	0	0	10211	
354851	9230	11207	-1757	0	0	400	0	0	11207	0	0	180	
355120	103250	95924	9125	0	0	3258	0	0	95924	0	0	1459	
355559	60333	47221	4715	0	7000	1241	0	0	47221	0	0	2638	
355858	443065	410242	29872	0	0	2913	0	0	410242	0	0	5864	
356239	43934	38072	4638	0	0	1941	0	0	38072	0	0	3165	
356659	34328	33670	2635	0	0	2000	0	0	33670	0	0	23	
356752	39748	29930	4111	0	6000	0	0	0	29930	0	0	-293	
357526	17556	15485	1624	0	0	0	0	0	15485	0	0	447	
357553	28263	25137	1375	0	0	525	0	0	25137	0	0	2276	
357777	42370	41534	836	0	0	0	0	0	41534	0	0	0	
357937	51984	49189	2618	0	0	445	0	0	49189	0	0	622	
358112	20634	18101	1871	0	0	700	0	0	18101	0	0	1362	
358448	9188	7551	575	0	0	153	0	0	7551	0	0	1215	
358756	1916	1363	-4009	0	0	0	0	0	1363	0	0	4562	
359472	17128	16882	244	0	0	0	0	0	16882	0	0	2	
359744	11486	10007	996	0	0	800	0	0	10007	0	0	1283	
360777	7095	7132	-37	0	0	0	0	0	7132	0	0	0	
361055	76042	63232	12012	0	0	7401	0	0	63232	0	0	8199	
361167	1025626	940947	55951	0	50000	40000	0	0	940947	1934	0	16794	
361279	28979	27456	1472	0	0	130	0	0	27456	0	0	181	
361354	8842	8431	25	0	0	0	0	0	8431	0	0	386	
361439	56057	49057	6072	0	0	1923	0	0	49057	0	0	2851	
362043	4393	3910	271	0	0	230	0	0	3910	0	0	442	
362155	26281	23328	2191	0	0	0	0	0	23328	0	0	762	
362717	133890	123739	8896	0	0	5624	0	0	123739	0	0	6879	
362856	22405	18493	1750	0	0	47	0	0	18493	0	0	2209	
362940	12934	11907	831	0	0	300	0	0	11907	0	0	496	
363442	3467	3244	174	0	0	0	0	0	3244	0	0	49	
363648	25591	21586	2068	0	0	750	0	0	21586	0	0	2687	
363657	75962	65965	6558	0	0	5190	0	0	65965	0	0	8629	
363778	9898	9445	453	0	0	0	0	0	9445	0	0	0	
364131	33514	29755	4709	0	0	2900	0	0	29755	0	0	1950	
364270	21259	20579	1032	0	0	352	0	0	20579	0	0	0	
364430	37512	32480	3988	0	2000	1944	0	0	32480	0	0	988	
364850	12572	12046	492	0	0	125	0	0	12046	0	0	159	
365325	5514424	5024692	350806	299869	0	227000	0	0	5024692	0	0	66057	
365745	39148	35229	3411	0	0	0	0	0	35229	0	0	508	
365848	10616	9080	480	0	0	231	0	-127	8953	0	0	1414	
365950	20379	19879	-433	867	0	0	0	0	19879	0	0	66	
366078	75324	69557	6491	0	0	2120	0	0	69557	0	0	1396	
366238	215221	192374	20657	0	0	9500	0	0	192374	828	0	10862	
366247	25811	24109	1588	0	0	300	0	0	24109	0	0	414	
366359	7513	6562	1169	0	0	675	0	0	6562	0	0	457	
366658	15083	13220	1080	0	0	165	0	0	13220	0	0	948	
366854	18601	15938	-1208	0	3900	30	0	0	15938	0	0	1	
367150	14388	12666	1491	0	0	249	0	0	12666	0	0	480	
367178	28542	27784	758	0	0	0	0	0	27784	0	0	0	
367431	45414	42576	3868	0	0	1351	0	0	42576	0	0	321	
367543	45470	40175	3735	0	0	670	0	0	40175	0	0	2230	
368054	22913	18433	1552	0	0	418	0	88	18521	0	0	3258	
368344	14087	9490	2067	0	0	1225	0	0	9490	0	0	3755	
368522	21128	20067	1565	0	0	879	0	0	20067	0	0	375	
368951	30056	26668	3024	0	0	2009	0	0	26668	0	0	2373	
369453	11583	8633	1436	0	0	148	0	0	8633	0	0	1662	
369659	188138	176914	29374	0	0	22359	0	0	176914	0	0	4209	
370020	67677	61044	5307	0	0	1050	0	0	61044	0	0	2376	
370347	15393	13968	1226	0	0	640	0	0	13968	0	0	839	
370721	34178	39042	2358	3817	0	12175	0	0	39042	0	0	1136	
370833	17882	16124	1232	0	0	0	0	0	16124	0	0	526	
370954	18043	16717	2517	0	0	1481	0	0	16717	0	0	290	
371223	34043	31245	2799	0	0	0	0	0	31245	0	0	-1	
371232	26600	24359	1760	0	0	280	0	0	24359	0	0	761	
371362	48678	37721	3866	0	0	1749	0	0	37721	0	0	8840	
371559	21137	18702	987	0	0	398	0	0	18702	0	0	1846	
371755	7018	6611	166	0	0	30	0	0	6611	0	0	271	
371849	7676	6769	419	0	0	20	0	0	6769	0	0	508	
371924	157290	144734	609	0	0	1281	0	0	144734	0	0	13228	
371942	23753	13956	2606	6844	0	650	0	0	13956	0	0	997	
372444	10443	8734	726	0	0	0	0	0	8734	0	0	983	
372538	150745	138158	12162	0	0	0	0	0	138158	0	0	425	
372640	22242	18582	2493	0	0	1065	0	0	18582	0	0	2232	
372855	23657	22759	1915	0	0	1323	0	0	22759	0	0	306	
373272	4020	3744	276	0	0	0	0	0	3744	0	0	0	
373553	23817	8802	931	4084	10000	0	0	0	8802	0	0	0	
373601	-9314	-52398	-17120	0	0	0	0	0	-52398	0	0	60204	
374130	20803	18080	1729	0	0	133	0	0	18080	0	0	1127	
374653	457757	425255	40730	0	0	16260	0	0	425255	0	0	8032	
374774	21358	19460	3675	0	0	1812	0	0	19460	0	0	35	
375043	166981	155178	21267	0	0	13134	0	0	155178	0	0	3670	
375379	3582	3349	-45	0	0	0	0	-58	3291	0	0	336	
375502	215887	205140	8430	0	0	0	0	0	205140	1905	0	412	
375566	144226	147796	7615	0	0	12546	0	0	147796	0	0	1361	
375650	7136	4053	1371	0	0	0	0	0	4053	0	0	1712	
376237	14024	11692	1290	0	0	0	0	0	11692	0	0	1042	
376273	379400	364217	15169	0	0	0	0	0	364217	0	0	14	
376442	89483	80532	6758	0	0	2125	0	0	80532	0	0	4318	
376947	36201	33524	2876	0	0	524	0	0	33524	0	0	325	
377663	8883	5710	1091	0	0	496	0	0	5710	0	0	2578	
377850	22819	23068	1676	0	0	1947	0	0	23068	0	0	22	
378044	8842	8660	300	0	0	108	0	-9	8651	0	0	-1	
378110	5679	4971	103	0	0	0	0	0	4971	0	0	605	
379050	3774	3424	273	0	0	47	0	0	3424	0	0	124	
379153	16992	14820	2475	0	0	1050	0	0	14820	0	0	747	
379470	20931	19813	175	0	0	0	0	-26	19787	0	0	969	
379649	67810	63561	3348	0	0	1000	0	0	63561	0	0	1901	
379920	6557610	6191493	439387	0	0	165000	0	0	6191493	0	0	91730	
380346	13955	12508	422	0	0	95	0	0	12508	0	0	1120	
380458	254759	238865	9427	0	361	0	0	0	238865	0	0	6106	
380533	54992	50931	6357	0	0	3100	0	0	50931	0	0	804	
380878	33044	33149	162	0	0	0	0	0	33149	0	0	-267	
380944	13494	12246	1392	0	0	575	0	0	12246	0	0	431	
381026	9496	7965	805	0	0	144	0	0	7965	0	0	870	
381932	34962	32641	4811	0	0	3500	0	0	32641	0	0	1010	
381950	15450	10464	181	0	0	112	0	0	10464	0	0	4917	
382050	40079	31551	5486	0	0	957	0	0	31551	0	0	3999	
382069	57074	49265	5918	0	0	5000	0	0	49265	0	0	6891	
382256	5705	5127	392	0	0	0	0	0	5127	0	0	186	
382274	139	300	-281	0	0	0	0	0	300	120	0	0	
382443	41729	38930	3658	0	0	1275	0	0	38930	0	0	416	
382537	66769	59616	4428	0	1285	85	0	0	59616	0	0	1525	
382649	109497	101108	11173	0	0	9736	0	0	101108	0	0	6952	
382658	42551	38278	4273	0	0	0	0	0	38278	0	0	0	
382742	17266	8919	5569	0	0	0	0	0	8919	2623	18	137	
382854	12578	10541	1085	0	0	279	0	0	10541	0	0	1231	
384018	511599	484052	25839	0	0	0	0	0	484052	0	0	1708	
384278	428255	368846	32222	0	0	5000	0	2514	371360	0	0	29673	
384353	1925	1743	182	0	0	0	0	0	1743	0	0	0	
384652	134925	126358	6843	0	0	0	0	0	126358	844	0	880	
384830	18684	16539	1315	0	0	0	0	0	16539	0	0	830	
385350	19323	16871	3077	0	0	625	0	0	16871	0	0	0	
385471	89536	86368	4739	0	0	2090	0	0	86368	0	0	519	
385547	29320	25486	3382	0	0	125	0	0	25486	0	0	577	
385686	58883	56730	1219	0	0	0	0	0	56730	0	0	934	
386432	25798	22389	2564	0	0	0	0	0	22389	0	0	845	
386450	55995	53341	2654	0	0	0	0	0	53341	0	0	0	
386731	20166	13740	2196	0	1275	999	0	0	13740	0	0	3954	
386825	10957	8333	844	0	0	71	0	0	8333	0	0	1851	
387055	24205	22395	1417	0	0	297	0	0	22395	0	0	690	
387671	63835	59654	2121	0	0	0	0	0	59654	0	0	2060	
388155	22927	19481	1717	0	0	0	0	0	19481	0	0	1729	
388258	5077	4600	132	0	0	10	0	0	4600	0	0	355	
388557	53673	51151	7070	0	0	4724	0	-260	50891	0	0	436	
388744	38092	34131	3455	0	0	663	0	0	34131	0	0	1169	
388753	5183	4956	171	0	0	0	0	0	4956	0	0	56	
388874	13036	12994	-116	0	0	0	0	0	12994	0	0	158	
389358	45163	38523	6640	0	0	0	0	0	38523	0	0	0	
389376	11090	10576	86	0	0	0	0	0	10576	0	0	428	
390372	64669	62707	431	0	0	0	0	0	62707	0	0	1531	
390840	31067	28028	1778	0	0	0	0	0	28028	0	0	1261	
391418	14862	14520	-2068	0	0	0	0	259	14779	0	0	2151	
391557	6467	5653	814	0	0	0	0	0	5653	0	0	0	
391575	621794	597145	-9042	0	21664	0	0	0	597145	0	0	12027	
391959	10885	10697	483	0	0	300	0	0	10697	0	0	5	
391977	88999	79697	4412	0	0	0	0	0	79697	0	0	4890	
392152	10451	9467	1484	0	0	500	0	0	9467	0	0	0	
392255	8469	7191	866	0	0	238	0	0	7191	0	0	650	
392778	56791	45826	3531	0	0	0	0	0	45826	0	0	7434	
393252	18919	17202	2728	0	0	1165	0	0	17202	0	0	154	
393355	18534	16240	2176	0	0	750	0	0	16240	0	0	868	
393953	90451	75836	5791	0	0	1133	0	0	75836	0	0	9957	
394156	15389	13356	1989	0	0	195	0	0	13356	0	0	239	
394259	49066	40875	6044	0	0	1540	0	0	40875	0	0	3687	
395238	5782764	5177551	654417	0	0	350000	0	0	5177551	6828	0	293968	
396057	8145	7438	713	0	0	300	0	0	7438	0	0	294	
396244	46183	40476	3066	0	0	0	0	0	40476	0	0	2641	
396253	149771	122821	7526	0	0	1879	0	0	122821	18750	0	2553	
396954	26576	23979	4040	0	0	3918	0	0	23979	0	0	2475	
397456	14500	12218	1115	0	0	847	0	0	12218	0	0	2014	
397531	130909	122250	9304	0	0	1600	0	0	122250	0	0	955	
397540	300949	277055	31181	0	0	12000	0	0	277055	0	0	4713	
397559	72162	59725	10674	0	3600	3335	0	0	59725	0	0	1498	
397755	230581	202864	27624	0	0	0	0	0	202864	0	0	93	
397858	14398	14001	39	0	0	0	0	0	14001	0	0	358	
398051	13494	10756	1025	0	1500	6	0	0	10756	0	0	219	
398248	35097	31307	1730	0	0	911	0	0	31307	0	0	2971	
398668	1074035	1036900	164367	0	0	128000	0	0	1036900	741	0	27	
398837	36841	33934	2315	0	0	663	0	0	33934	0	0	1255	
399357	10164	9381	875	0	0	142	0	0	9381	0	0	50	
399517	906857	585725	38238	197793	85000	12910	0	0	585725	0	0	13011	
399731	13886	13074	136	0	0	50	0	0	13074	0	0	726	
399973	23997	21432	1743	0	0	0	0	0	21432	0	0	822	
400057	17814	16028	2326	0	0	1550	0	0	16028	0	0	1010	
400141	58583	49302	5371	0	0	0	0	0	49302	0	0	3910	
400365	54343	49943	5081	0	0	2600	0	0	49943	0	0	1919	
400767	20698	16968	1381	0	0	128	0	0	16968	0	0	2477	
401072	11077	9746	-940	0	0	0	0	0	9746	0	0	2271	
401559	7519	6179	1260	0	106	794	0	0	6179	0	0	768	
401755	21872	21522	3190	0	0	2840	0	0	21522	0	0	0	
401906	114783	102611	7000	0	0	0	0	0	102611	0	0	5172	
401951	7831	7764	82	0	0	125	0	0	7764	0	0	110	
402846	32934	31164	1435	0	0	0	0	0	31164	0	0	335	
402873	12320	11756	468	0	0	0	0	0	11756	0	0	96	
403067	16590	15292	-43	0	0	0	0	0	15292	0	0	1341	
403151	235590	208288	22976	0	0	9000	0	0	208288	0	0	13326	
403179	178378	178693	-2953	0	0	4000	0	0	178693	895	0	5743	
403254	1022	1089	-78	0	0	0	0	0	1089	0	0	11	
403656	8566	7148	712	0	0	0	0	0	7148	0	0	706	
403870	78801	68835	3887	0	0	0	0	0	68835	518	0	5561	
403946	147544	138181	5740	0	0	0	0	0	138181	0	0	3623	
404653	67352	62886	4342	0	0	0	0	0	62886	0	0	124	
404943	5403	5672	-720	0	0	12	0	0	5672	0	0	463	
406022	29816	24082	3204	0	0	119	0	0	24082	0	0	2649	
406059	59536	53660	4656	0	0	0	0	0	53660	988	0	232	
406666	39925	34714	5998	0	375	2157	0	0	34714	0	0	995	
406974	31269	28615	4969	0	-120	3880	0	0	28615	0	0	1685	
407168	22056	20377	2292	0	0	665	0	0	20377	0	0	52	
407506	346871	214361	20900	0	109046	3000	0	0	214361	0	0	5564	
407645	47879	37332	2566	0	0	1290	0	0	37332	70	0	9201	
407850	3627	3644	422	0	0	439	0	0	3644	0	0	0	
408307	73247	64496	4376	0	0	0	0	0	64496	0	0	4375	
408642	168980	156362	8082	0	0	0	0	0	156362	0	0	4536	
408875	90659	91774	-1912	0	0	0	0	0	91774	0	0	797	
409265	8347	6818	366	0	0	0	0	0	6818	0	0	1163	
410159	3651	3352	263	0	0	18	0	0	3352	0	0	54	
410560	40616	35480	6154	0	0	3811	0	0	35480	0	0	2793	
410748	50215	48189	4348	0	0	2322	0	0	48189	0	0	0	
410917	37949	25485	7413	0	0	4688	0	0	25485	0	0	9739	
411062	19938	11062	2524	0	0	650	0	0	11062	0	0	7002	
411174	10570	10298	91	0	0	0	0	0	10298	0	0	181	
411231	10202	8886	495	0	0	0	0	0	8886	0	0	821	
411240	7161	5589	540	0	0	372	0	0	5589	0	0	1404	
411549	5750	5522	370	0	0	438	0	0	5522	0	0	296	
411576	10215	9443	543	0	0	0	0	0	9443	0	0	229	
411624	20705	19641	1143	0	0	420	0	0	19641	0	0	341	
411651	19522	18685	2640	0	0	1995	0	0	18685	0	0	192	
412153	32263	29212	3504	0	0	1822	0	0	29212	0	0	1369	
412452	7440	6844	770	0	0	578	0	0	6844	0	-26	430	
412555	26492	22175	2855	0	0	0	0	0	22175	0	0	1462	
412667	32771	28476	4295	0	0	0	0	0	28476	0	0	0	
412751	750098	676515	114526	0	0	72000	0	0	676515	0	0	31057	
412845	47510	42193	2779	0	0	512	0	0	42193	0	0	3050	
412872	5315	4280	-231	0	0	0	0	0	4280	0	0	1266	
413141	528936	507263	140865	0	0	120000	0	0	507263	0	0	808	
413208	16454464	15733589	1127783	0	-20588	500000	95420	0	15733589	0	0	209100	
413347	9220	8078	663	0	0	0	0	0	8078	0	0	479	
413543	22508	20523	1894	0	0	1000	0	0	20523	0	0	1091	
413646	73482	66912	5592	0	-218	482	0	0	66912	321	0	1357	
413673	15815	13536	962	0	0	223	0	0	13536	0	0	1540	
413758	16392	15599	1933	0	0	1215	0	0	15599	0	0	75	
414102	67210	63508	4118	0	0	1150	0	0	63508	0	0	734	
414652	20824	18274	1854	0	0	405	0	0	18274	0	0	1101	
414764	92366	85663	7592	0	0	2900	0	0	85663	0	0	2011	
414858	22288	18854	2527	0	0	600	0	0	18854	0	0	1507	
416245	2443734	1584264	100372	803860	0	115000	0	0	1584264	0	0	70238	
416272	11569	10056	918	0	0	0	0	0	10056	0	0	595	
416339	16007	14858	1045	0	0	206	0	0	14858	0	0	310	
416357	20839	19457	1382	0	0	0	0	0	19457	0	0	0	
416656	39648	37845	4361	0	0	3395	0	0	37845	0	0	837	
416674	62604	55499	7220	0	0	1498	0	0	55499	0	0	1383	
417626	80161	73664	4434	0	0	810	0	0	73664	0	0	2873	
417710	9924	9334	410	0	0	0	0	0	9334	0	0	180	
418100	56836	54234	1597	0	0	0	0	0	54234	0	0	1005	
418249	201037	180782	20048	0	0	7500	0	0	180782	0	0	7707	
418436	3135	3032	103	0	0	0	0	0	3032	0	0	0	
419406	488617	430160	11669	0	0	0	0	0	430160	0	0	46788	
419675	130240	119821	8716	0	0	6000	0	0	119821	0	0	7703	
419947	9822	8647	964	0	0	0	0	0	8647	0	0	211	
420578	72147	74226	1710	0	0	5000	0	0	74226	433	0	778	
420644	44769	39789	3791	0	0	1750	0	0	39789	0	0	2939	
420877	14716	12845	1256	0	0	0	0	0	12845	0	0	615	
421445	13105	9268	1515	0	0	505	0	0	9268	0	0	2827	
421539	20535	17763	1155	0	759	592	0	0	17763	0	0	1450	
422116	9318	9024	734	0	0	520	0	0	9024	0	0	80	
422433	259570	310558	-55496	0	0	0	0	0	310558	0	0	4508	
422657	15504	12940	2561	0	0	0	0	0	12940	0	0	3	
423159	57668	53014	3922	0	0	0	0	0	53014	0	0	732	
423449	92102	80079	7607	0	0	910	0	0	80079	0	0	5326	
423636	23082	21658	1424	0	0	360	0	0	21658	0	0	360	
423739	200437	191753	21415	0	0	9000	0	-3392	188361	0	0	-339	
424156	27817	17543	2055	6668	0	850	0	0	17543	0	0	2401	
424240	37159	32200	4299	0	0	0	0	0	32200	0	0	660	
424352	8678	1014	1543	0	1000	236	0	0	1014	0	0	5357	
424437	3051	2848	233	0	0	30	0	0	2848	0	0	0	
425050	3307	2698	262	0	0	42	0	0	2698	0	0	389	
425108	42202	39926	134	0	0	0	0	0	39926	0	0	2142	
425818	48402	43679	5834	0	0	3700	0	0	43679	0	0	2589	
425845	49101	43596	8273	0	0	2780	0	0	43596	0	0	12	
425911	188689	166696	17709	0	45	3061	0	0	166696	0	0	7300	
426057	9747	3764	581	0	0	0	0	0	3764	4871	0	531	
426141	5322	4925	327	0	0	190	0	0	4925	0	0	260	
426534	639267	618914	63445	0	0	62500	0	0	618914	0	0	19408	
426758	11871	10075	949	0	0	0	0	0	10075	0	0	847	
426945	18073	14732	2728	0	0	1119	0	0	14732	0	0	1732	
427241	38668	33278	2598	0	0	2051	0	0	33278	0	0	4843	
427353	129142	121316	13574	0	0	7700	0	0	121316	0	0	1952	
427858	16209	14387	1190	0	0	150	0	0	14387	0	0	782	
427960	20447	18542	3601	0	0	1784	0	0	18542	0	0	88	
428060	125623	112825	20176	0	0	12200	0	0	112825	0	0	4822	
428462	34172	29543	2084	0	0	600	0	0	29543	0	0	3145	
428547	335400	293680	33813	0	0	0	0	0	293680	426	0	7481	
428855	18393	15623	1314	0	0	750	0	0	15623	0	0	2206	
429021	73762	65952	4284	0	0	899	0	0	65952	0	0	4425	
429487	113445	114534	5801	0	0	7200	0	0	114534	230	0	80	
430036	50551	41709	7171	0	0	1180	0	0	41709	0	0	2851	
430054	28175	25907	4119	0	0	2662	0	0	25907	0	0	811	
430344	42704	39009	3158	0	0	1242	0	0	39009	0	0	1779	
431323	22420	19353	1830	0	0	330	0	0	19353	0	0	1567	
431350	6522	4858	595	0	0	360	0	0	4858	0	0	1429	
432058	38760	35664	3709	0	0	725	0	0	35664	0	0	112	
432432	8312	-720	2172	0	0	0	0	40	-680	0	0	6820	
433505	210705	189574	10261	0	0	0	0	0	189574	0	0	10870	
433608	718854	644041	63874	0	0	26004	0	0	644041	2256	0	34687	
433859	19253	17799	1454	0	0	0	0	0	17799	0	0	0	
433943	42309	40224	5958	0	0	485	0	0	40224	0	0	-3388	
434203	59340	52746	3316	0	0	305	0	0	52746	0	0	3583	
434539	31055	26319	1644	0	0	600	0	0	26319	0	0	3692	
435059	30710	25435	3685	0	0	1991	0	0	25435	0	0	3581	
435077	885939	809099	158259	0	0	108000	0	-18876	790223	0	0	45457	
435255	27394	26297	1960	0	0	1220	0	0	26297	0	0	357	
435666	19980	18752	1348	0	0	237	0	0	18752	0	0	117	
435750	146277	105187	17321	0	0	2155	0	0	105187	0	0	25924	
436159	2003526	1527292	69381	436707	0	102800	0	0	1527292	9740	0	63206	
436542	44676	39913	5460	0	0	1125	0	0	39913	0	0	428	
436739	27820	28883	3137	0	0	4855	0	0	28883	0	0	655	
436953	109860	105260	10226	0	0	6581	0	0	105260	0	0	955	
437044	11207	9500	210	0	0	0	0	0	9500	0	0	1497	
437914	2572647	2516819	221640	0	0	316000	0	0	2516819	0	0	150188	
439132	41756	34562	4635	0	0	0	0	0	34562	0	0	2559	
439338	399017	349437	37156	0	0	500	0	0	349437	0	0	12924	
439356	140891	126488	11915	0	0	3200	0	0	126488	0	0	5688	
439404	245730	223532	25081	0	0	11900	0	0	223532	0	0	9017	
439730	17954	16244	815	0	0	0	0	0	16244	0	0	895	
440857	5253	4912	641	0	0	300	0	0	4912	0	0	0	
440978	5368	5328	-130	0	0	0	0	31	5359	0	0	139	
441050	91561	83428	9633	0	0	1500	0	0	83428	0	0	0	
441078	28754	24726	987	0	0	0	0	0	24726	0	0	3041	
441135	3056	2648	29	0	0	0	0	0	2648	0	0	379	
441256	304868	267939	30079	0	0	2523	0	0	267939	0	0	9373	
441359	75926	67483	4660	0	0	2140	0	0	67483	0	0	5923	
441470	2709	2669	40	0	0	0	0	0	2669	0	0	0	
441630	10971	8173	3254	0	-394	2350	0	0	8173	0	0	2288	
442011	33155	32837	-1804	0	1250	0	0	0	32837	0	0	872	
442057	6992	6740	1214	0	0	965	0	0	6740	0	0	3	
442244	49621	44667	3626	0	0	3035	0	0	44667	0	0	4363	
442655	7971	7655	1173	0	0	973	0	0	7655	0	-4	120	
443148	47599	42272	7303	0	0	2803	0	0	42272	0	0	827	
443205	303706	267964	15960	0	0	0	0	0	267964	0	0	19782	
443353	57646	61671	-1155	0	0	3700	0	0	61671	0	0	830	
443625	18570	17842	1021	0	0	812	0	0	17842	0	0	519	
443634	22641	19290	1475	0	0	875	0	0	19290	0	0	2751	
444350	142383	138013	14327	0	0	11500	0	0	138013	0	0	1543	
444556	67252	56175	7980	0	0	7500	0	0	56175	0	0	10597	
444677	5090	5217	-127	0	0	0	0	0	5217	0	0	0	
445674	18443	18354	-157	0	0	0	0	25	18379	0	0	221	
445955	52342	46663	4573	0	0	1600	0	0	46663	0	0	2706	
446130	20188	14331	2218	0	0	0	0	0	14331	0	0	3639	
446149	14445	13781	788	0	0	265	0	0	13781	0	0	141	
446176	18837	16977	-74	0	0	0	0	0	16977	0	0	1934	
447070	82306	77374	682	-37	0	0	0	0	77374	0	0	4287	
447100	154338	153420	3461	0	-5298	0	0	0	153420	0	0	2755	
447557	77716	69368	12941	0	0	4505	0	0	69368	0	0	-88	
448040	109759	99820	8931	0	446	1590	0	0	99820	0	0	2152	
448554	75209	72244	6292	0	0	5518	0	0	72244	0	0	2191	
449038	22601	23145	-544	0	0	0	0	0	23145	0	0	0	
449430	37268	29828	6584	0	0	0	0	0	29828	0	0	856	
449832	20793	18028	-757	0	0	122	0	0	18028	0	0	3644	
449935	31929	30210	7328	0	0	6600	0	0	30210	0	0	991	
450632	92418	86381	8852	0	0	3270	0	0	86381	0	0	455	
450669	7918	5022	1024	0	0	646	0	0	5022	0	0	2518	
450856	909219	862631	92412	0	0	40500	0	0	862631	0	0	-5324	
450959	91107	80924	9868	0	0	6618	0	0	80924	0	0	6933	
451068	66740	53878	7768	0	0	4482	0	0	53878	16	0	9560	
451246	18568	16765	1398	0	0	773	0	0	16765	0	0	1178	
451273	99222	98739	464	0	0	0	0	0	98739	0	0	19	
451965	172663000	166189000	18403000	0	0	16300000	0	0	166189000	0	0	4371000	
452159	47171	43998	2084	0	0	337	0	0	43998	0	0	1426	
452739	34798	32966	842	0	235	0	0	0	32966	0	0	755	
452841	25997	23642	931	0	0	441	0	0	23642	0	0	1865	
453147	16599	15291	1152	0	0	391	0	0	15291	0	0	547	
453446	64928	57301	2742	0	0	0	0	0	57301	0	0	4885	
454546	44189	38890	4033	0	0	1600	0	0	38890	0	0	2866	
454658	20563	18482	1260	0	0	2776	0	0	18482	0	0	3597	
454676	165608	159810	6413	0	0	1250	0	0	159810	0	0	635	
454975	28903	27614	1289	0	0	0	0	0	27614	0	0	0	
455150	34995	31375	4198	0	0	2800	0	0	31375	0	0	2222	
455253	64033	59899	3279	0	0	0	0	22	59921	0	0	833	
455459	44028	34378	3686	0	4200	0	0	0	34378	0	0	1764	
455552	78413	70883	6879	0	0	4000	0	0	70883	0	0	4651	
455945	26935	24110	3093	0	0	320	0	0	24110	0	0	52	
455972	308979	300823	17480	0	0	12036	0	0	300823	0	0	2712	
456045	3953510	3778737	364375	0	1545	264129	0	0	3778737	0	0	72982	
456054	37013	35362	2823	0	0	642	0	0	35362	-2000	0	1470	
456344	7283	7673	382	0	0	800	0	28	7701	0	0	0	
456755	33737	29463	4239	0	0	2072	0	0	29463	0	0	2107	
457060	37652	35086	2710	0	0	293	0	0	35086	0	0	149	
457220	56688	51798	3309	0	0	2250	0	0	51798	0	0	3831	
457426	20696	15378	2966	0	0	0	0	0	15378	0	0	2352	
457752	39379	41233	-4590	0	0	0	0	0	41233	0	0	2736	
458142	32973	31637	1555	0	0	784	0	0	31637	0	0	565	
458544	74767	66661	5878	0	3000	1550	0	0	66661	0	0	778	
458665	64190	51148	8052	0	0	279	0	0	51148	0	0	5269	
458946	14731	13688	1058	0	0	635	0	0	13688	0	0	620	
459130	65441	56447	5085	0	0	0	0	0	56447	0	0	3909	
459372	81023	78015	3008	0	0	0	0	0	78015	0	0	0	
459644	8263	6311	970	0	0	613	0	0	6311	0	0	1595	
459671	306749	281756	20944	0	0	0	0	0	281756	0	0	4049	
460033	401479	365143	30267	0	0	17000	0	0	365143	341	0	22728	
460275	7016	6655	292	0	0	0	0	0	6655	0	0	69	
460332	58936	56956	7986	0	0	6006	0	0	56956	0	0	0	
460350	9381	8765	589	0	0	362	0	0	8765	0	0	389	
460556	7189	8428	-1300	0	0	0	0	0	8428	0	0	61	
460770	16952	18214	738	0	0	2000	0	0	18214	0	0	0	
461058	17069	14876	2323	0	0	1478	0	0	14876	0	0	1348	
463605	40852	37830	3039	0	0	490	0	0	37830	-613	0	1086	
463650	173498	161677	9477	0	0	0	0	0	161677	0	0	2344	
463735	4353344	3994927	368785	0	0	200000	0	0	3994927	0	0	189632	
464853	5558	5354	812	0	0	608	0	0	5354	0	0	0	
465038	50398	45810	4589	0	0	0	0	0	45810	0	0	-1	
465243	37664	34665	4351	0	0	2547	0	0	34665	0	0	1195	
465524	14850	13450	1238	0	0	869	0	0	13450	0	0	1031	
465618	143546	132447	11421	0	0	3150	0	0	132447	0	0	2828	
465672	25553	23189	1589	0	0	0	0	0	23189	0	0	775	
466044	27652	24863	1813	0	0	1400	0	0	24863	0	0	2376	
466240	97841	83203	7841	0	0	0	0	0	83203	0	0	6797	
466754	99377	91175	8014	0	0	1600	0	0	91175	9	0	1779	
466932	20189	18090	1696	0	0	0	0	0	18090	0	0	403	
467144	10725	9601	440	0	0	0	0	0	9601	0	0	684	
467470	18849	18347	-89	0	0	0	0	0	18347	0	0	591	
467658	93097	77783	9437	0	0	3710	0	0	77783	0	0	9587	
467733	9050	6657	261	0	0	0	0	38	6695	0	0	2094	
468673	41135	38306	5598	0	0	3000	0	0	38306	87	0	144	
468806	513647	444101	66438	0	176	247	0	0	444101	3188	0	-9	
469250	2440	2403	37	0	0	0	0	0	2403	0	0	0	
469559	32577	25586	4261	0	0	1900	0	0	25586	0	0	4630	
469737	36904	31302	9721	0	0	7365	0	0	31302	0	0	3246	
470032	17044	14507	2745	0	0	1710	0	0	14507	0	0	1502	
470050	1619931	1468089	169370	0	0	83141	0	0	1468089	1345	0	64268	
470434	18417	15036	141	0	3183	0	0	0	15036	-50	0	107	
470452	195330	177409	25627	0	0	1144	0	0	177409	0	0	-6562	
471057	8628	7831	257	0	0	225	0	0	7831	0	0	765	
472018	16820	14030	1887	0	0	330	0	0	14030	0	0	1233	
472045	13704	13073	745	0	0	963	0	124	13197	0	0	725	
472148	4111	3263	226	0	0	35	0	0	3263	0	0	657	
472250	3517	3301	242	0	0	26	0	0	3301	0	0	0	
472531	17450	15398	1593	0	0	706	0	0	15398	0	0	1165	
472616	63687	58468	4042	0	0	867	0	0	58468	0	0	2044	
472951	9966	9108	1008	0	0	150	0	0	9108	0	0	0	
472979	57774	52641	2168	0	0	0	0	0	52641	0	0	2965	
473042	189002	170023	18750	0	0	6000	0	0	170023	0	0	6229	
473257	17468	15251	1775	0	0	1000	0	0	15251	0	0	1442	
473266	232081	206336	24576	0	0	10500	0	0	206336	0	0	11669	
473930	71863	63257	6539	0	0	1042	0	0	63257	0	0	3109	
474058	13837	10728	1310	0	0	600	0	0	10728	0	0	2399	
474245	10394	9953	942	0	0	501	0	0	9953	0	0	0	
474254	452691	384847	57425	0	0	39605	0	0	384847	0	0	50024	
474357	17441	16064	986	0	0	200	0	0	16064	0	0	591	
474450	29699	26099	2879	0	0	975	0	0	26099	0	0	1696	
474544	7631	7009	856	0	0	234	0	0	7009	0	0	0	
474656	13274	12005	1061	0	40	0	0	0	12005	0	0	168	
474759	1089389	996789	78737	0	0	0	0	0	996789	2472	0	11391	
474919	3465629	3309357	313943	0	0	225000	0	0	3309357	6734	0	60595	
475345	24541	22201	1362	0	0	1353	0	0	22201	0	0	2331	
475354	51633	39367	5211	0	0	1710	0	0	39367	0	0	8765	
475653	56773	52398	3400	0	0	450	0	0	52398	0	0	1425	
475756	24440	23909	3178	0	0	2725	0	0	23909	0	0	78	
476445	13418	11248	1207	0	835	544	0	0	11248	0	0	672	
476472	34905	32519	2279	0	0	0	0	0	32519	0	0	107	
476539	30736	22774	518	0	0	0	0	0	22774	0	0	7444	
476810	177068000	170939000	11688000	0	68000	7431000	95000	0	170939000	-303000	0	2202000	
477321	81652	68873	6969	0	0	1200	0	0	68873	0	0	7010	
477349	51034	43338	9484	0	0	3249	0	0	43338	0	0	1461	
477648	50619	46907	4746	0	0	2076	0	0	46907	0	0	1042	
477844	26582	25579	2400	0	0	2200	0	0	25579	0	0	803	
478140	21554	15336	1359	0	4150	529	0	0	15336	0	0	1238	
478195	49663	47446	2684	0	61	814	0	0	47446	0	0	286	
479071	29630	28410	4125	0	0	2926	0	0	28410	0	0	21	
479268	884102	761515	107636	0	0	7500	0	0	761515	0	0	22451	
479370	43558	41060	3183	0	0	2050	0	0	41060	0	0	1365	
479446	30037	26440	2243	0	0	500	0	0	26440	0	0	1854	
479567	5739	4216	663	0	0	535	0	0	4216	0	0	1395	
479754	22960	21234	2999	0	0	1492	0	0	21234	0	0	219	
479839	82400	74502	8208	0	0	6047	0	0	74502	0	0	5737	
480059	15872	14057	1678	0	0	473	0	0	14057	0	0	610	
480228	251567000	245482000	22536000	0	487000	20600000	0	0	245482000	0	0	3662000	
480246	6202	4652	344	0	0	0	0	0	4652	0	0	1206	
480330	2937	3315	-372	0	0	0	0	0	3315	0	0	-6	
480433	34581	29043	3875	0	0	1215	0	0	29043	0	0	2878	
480723	22191	20850	1314	0	0	0	0	0	20850	0	0	27	
480853	29874	25843	3486	0	0	0	0	0	25843	0	0	545	
481159	40494	38769	7641	0	0	5908	0	0	38769	0	0	-8	
481177	175580	158080	14079	0	280	5700	0	0	158080	0	0	8841	
481579	13942	13253	771	0	0	633	0	0	13253	0	0	551	
481627	72023	64090	8138	0	0	1787	0	0	64090	0	0	1582	
481748	4732	3140	763	0	0	287	0	0	3140	0	0	1116	
481944	28936	27835	976	0	0	191	0	0	27835	0	0	316	
482053	52729	50597	5343	0	0	2049	0	0	50597	0	0	-1162	
482156	224308	205014	16315	0	0	2000	0	0	205014	0	0	4979	
482370	4873	4558	32	0	0	0	0	0	4558	0	0	283	
482446	20100	17392	927	0	0	348	0	0	17392	0	0	2129	
483274	117446	117322	124	0	0	0	0	0	117322	0	0	0	
483537	13551	11826	1488	0	0	693	0	0	11826	0	0	930	
483751	65922	60395	3275	0	0	0	0	0	60395	0	0	2252	
484057	15931	12612	1503	0	0	655	0	0	12612	0	0	2471	
484776	36562	34749	3478	0	0	2089	0	0	34749	0	0	424	
485054	11826	11272	1302	0	0	1191	0	0	11272	0	0	443	
485139	12506	12153	1123	0	0	1960	0	0	12153	0	0	1190	
485214	27448	25143	1761	0	0	49	0	0	25143	0	0	593	
485456	38736	35382	2910	0	0	0	0	0	35382	0	0	444	
485559	9317818	8781595	813950	0	0	545000	12257	0	8781595	0	0	279530	
487142	22396	20909	632	0	0	305	0	0	20909	0	0	1160	
487357	73608	63361	10822	0	0	6636	0	0	63361	0	0	6061	
488318	99617	94968	10317	0	69	5000	0	0	94968	0	0	-737	
488420	10853	8824	606	0	0	683	0	0	8824	0	0	2106	
488653	32735	28904	6974	0	0	4367	0	0	28904	0	0	1224	
488756	24283	21833	1902	0	0	1200	0	0	21833	0	0	1748	
489155	13144	13153	765	0	-774	0	0	0	13153	0	0	0	
489249	10226	8813	1335	0	0	218	0	0	8813	0	0	296	
489548	65330	63518	7423	0	0	8500	0	0	63518	0	0	2889	
489623	1165612	1081444	143689	0	0	80000	0	0	1081444	0	0	20479	
490348	13813	13491	820	0	0	480	0	-25	13466	0	0	7	
490450	179838	171157	5564	0	0	771	0	0	171157	0	0	3888	
490843	13314	10640	468	0	0	194	0	0	10640	0	0	2400	
490955	2775	2810	-88	0	0	0	0	0	2810	0	0	53	
491224	22326000	21932000	1673000	0	0	1679000	0	0	21932000	0	0	400000	
491402	75348	65761	4821	0	-100	0	0	0	65761	0	0	4866	
491653	9694	8873	1265	0	0	1109	0	0	8873	0	0	665	
491934	322541	303120	21824	0	0	12999	0	0	303120	0	0	10596	
492650	157723	142504	20119	0	0	6000	0	0	142504	0	0	1100	
492810	8581	7484	720	0	0	0	0	0	7484	0	0	377	
493077	10476	9255	226	0	0	0	0	0	9255	0	0	995	
493152	29038	24027	4237	0	0	1700	0	0	24027	0	0	2474	
493741	44903	37743	7366	0	0	3900	0	0	37743	0	0	3694	
493844	100345	94238	7671	0	0	1722	0	0	94238	0	0	158	
494261	3791761	3918674	177946	0	0	390000	0	0	3918674	17378	0	67763	
494654	70571	62260	7789	0	0	0	0	0	62260	0	0	522	
495419	86000	77504	4523	0	0	2400	0	0	77504	0	0	6373	
495558	18817	16972	1799	0	0	0	0	0	16972	0	0	46	
496434	13027	12351	421	0	0	288	0	0	12351	0	0	543	
496845	64761	56535	5308	0	0	600	0	0	56535	0	0	3518	
496957	4146	3644	290	0	0	12	0	0	3644	0	0	224	
497039	260954	238198	29233	0	0	7300	0	0	238198	0	0	823	
497404	49233714	46598514	1470590	0	-23	935000	0	0	46598514	0	0	2099633	
497655	25258	23881	1377	0	0	0	0	0	23881	0	0	0	
497851	22026	19385	719	0	0	0	0	0	19385	0	0	1922	
497954	102384	89153	10189	0	0	0	0	0	89153	0	0	3042	
498148	100791	94980	9737	0	0	6450	0	0	94980	0	0	2524	
498317	157193	144207	11840	0	0	4500	0	0	144207	0	0	5646	
498362	242034	228116	15776	0	0	4200	0	0	228116	0	0	2342	
498456	8485	8779	-314	0	0	0	0	0	8779	0	0	20	
498531	133761	126942	8833	0	0	2714	0	0	126942	0	0	700	
498625	20332	18478	1405	0	0	277	0	0	18478	0	0	726	
498942	11821	9318	960	0	0	173	0	0	9318	0	0	1716	
499154	15502	11915	1550	0	0	0	106	-18	11897	0	0	2161	
499453	107513	99467	10902	0	0	6000	0	0	99467	0	0	3144	
499501	256875	147350	12065	89887	-426	0	0	0	147350	0	0	7999	
499743	23818	21532	3349	0	0	1092	0	0	21532	0	0	29	
499752	17574	17452	3042	0	0	2920	0	0	17452	0	0	0	
499855	50781	49467	4787	0	0	4405	0	0	49467	0	0	932	
500256	73475	65580	7895	0	0	0	0	0	65580	0	0	0	
500658	11743	11494	887	0	0	638	0	0	11494	0	0	0	
501105	28262985	27567934	2149833	0	0	2000000	0	0	27567934	106446	0	438772	
501132	91772	76651	8034	0	0	1461	0	0	76651	0	0	8548	
501459	121666	116902	5908	0	92	2220	0	0	116902	0	0	984	
501655	9844	8336	978	0	0	416	0	0	8336	0	0	946	
501767	32198	30226	2520	0	0	716	0	0	30226	0	0	168	
502111	163228	129729	30862	0	19171	16550	0	0	129729	0	0	16	
502447	11313	10739	713	0	0	1018	0	0	10739	0	0	879	
502559	31302	28123	3755	0	0	1400	0	0	28123	0	0	824	
502652	50837	50187	734	0	0	918	0	0	50187	47	0	787	
502746	46882	43508	3973	0	0	1325	0	0	43508	0	0	726	
502849	205042	187440	19698	0	0	10625	0	0	187440	0	0	8529	
503547	6904	6470	219	0	0	0	0	0	6470	0	0	215	
503640	15276	13825	1015	0	0	0	0	0	13825	0	0	436	
504142	10990	10120	1430	0	0	1680	0	0	10120	0	0	1120	
504311	50879	45449	3537	0	0	160	0	0	45449	0	0	2053	
504535	44176	36891	6038	0	0	507	0	0	36891	0	0	1754	
504647	14203	13276	1622	0	0	750	0	0	13276	0	0	55	
504713	66797435	63537409	5743647	0	0	4500000	0	0	63537409	0	0	2016379	
505550	80268	73855	4620	0	0	0	0	0	73855	66	0	1727	
505916	7309	6534	362	0	0	110	0	0	6534	0	0	523	
507068	332711	280808	21213	0	0	6686	0	0	280808	0	0	37376	
507152	70864	73658	10524	0	0	12891	0	0	73658	0	0	-427	
507349	7355	6173	660	0	0	350	0	0	6173	0	0	872	
507509	155951	141043	10985	0	0	0	0	0	141043	0	0	3923	
508270	9100	8935	165	0	0	0	0	0	8935	0	0	0	
508346	181842	172941	20045	0	0	16000	0	0	172941	0	0	4856	
508355	44637	41718	4132	0	0	2068	0	306	42024	0	0	549	
509811	848690	777387	69169	0	0	24500	0	0	777387	0	0	26634	
509857	3429	2666	212	0	0	20	0	0	2666	0	0	571	
509950	1475278	1426518	111345	0	0	52000	0	0	1426518	0	0	-10585	
510330	51633	46125	4276	0	0	2090	0	0	46125	0	0	3322	
510648	18872	16646	1545	0	0	255	0	0	16646	0	0	936	
510871	1844434	1694001	237630	0	0	264289	4885	0	1694001	7877	0	174100	
510938	67797	61916	4046	0	0	1438	0	0	61916	0	0	3273	
510947	10652	9392	1280	0	0	580	0	0	9392	0	0	560	
511832	71605	65030	7251	0	0	1200	0	0	65030	0	0	524	
513256	63260	57450	8926	0	0	8785	0	0	57450	0	0	5669	
513322	8541	7852	615	0	0	168	0	0	7852	0	0	242	
513340	56844	54985	5256	0	0	4718	0	0	54985	0	0	1321	
513546	25636	21564	3149	0	0	1911	0	0	21564	0	0	2834	
513854	10754	10326	1462	0	0	1629	0	0	10326	0	0	595	
514048	69820	64252	10264	0	0	4696	0	0	64252	0	0	0	
514057	2900	2838	62	0	0	0	0	0	2838	0	0	0	
514066	178403	157109	6691	0	0	850	0	0	157109	0	0	15453	
514132	59528	55075	7641	0	0	5600	0	0	55075	0	0	2412	
514356	4624	4290	334	0	0	0	0	0	4290	0	0	0	
514655	78960	76484	2939	0	0	6150	0	0	76484	0	0	5687	
514936	35488	34383	3528	0	0	2556	0	0	34383	0	0	133	
515979	7425	7098	327	0	0	0	0	0	7098	0	0	0	
516154	22600	21670	2216	0	0	1300	0	0	21670	14	0	0	
516855	102565	95687	15422	0	0	9250	0	0	95687	0	0	706	
516873	10256	10364	-1123	0	0	0	0	0	10364	0	0	1015	
517049	193229	178984	23017	0	0	9100	0	0	178984	0	0	328	
517357	118321	117201	7815	0	2100	9400	0	0	117201	0	0	605	
517441	35581	32766	1702	0	0	652	0	53	32819	0	0	1712	
517674	123108	114137	2361	0	0	0	0	0	114137	0	0	6610	
518037	71895	50711	11875	0	0	0	0	0	50711	0	0	9309	
518176	14667	13843	494	0	0	0	0	0	13843	0	0	330	
518354	10628	10650	-22	0	0	0	0	0	10650	0	0	0	
518877	18291	16341	1752	0	0	0	0	0	16341	0	0	198	
519146	36499	21562	5300	0	9000	1216	0	-2500	19062	0	0	4353	
519360	37572	37103	469	0	0	0	0	0	37103	0	0	0	
519445	13922	12516	1438	0	0	524	0	0	12516	0	0	492	
519874	4219	5196	-1418	0	0	0	0	0	5196	0	0	441	
520003	147778	133315	4300	0	0	0	0	0	133315	0	0	10163	
520423	55803	51934	3610	0	0	1366	0	0	51934	0	0	1625	
520777	47760	45246	-1485	0	0	0	0	0	45246	0	0	3999	
521158	67936	63330	5307	0	0	2041	0	0	63330	0	0	1340	
521970	41434	38168	2435	0	0	0	0	0	38168	0	0	831	
522034	4639	2949	473	0	0	90	0	0	2949	0	0	1307	
522454	7703	6387	474	0	0	0	0	0	6387	0	0	842	
522605	561644	493072	30528	45658	0	19128	0	0	493072	0	0	11514	
522669	42115	38426	4877	0	0	1612	0	0	38426	0	0	424	
522753	31642	31229	4247	0	-8350	1125	0	0	31229	0	0	5641	
523161	43372	35241	4438	0	0	809	0	0	35241	0	0	4502	
524579	163687	157189	4964	0	0	0	0	0	157189	0	0	1534	
524757	8112	6527	306	0	1250	0	0	0	6527	0	0	29	
524766	25820	24693	1671	0	0	803	0	0	24693	0	0	259	
524953	51415	46309	5106	0	0	0	0	0	46309	0	0	0	
524971	70300	76421	6087	0	0	15426	0	0	76421	0	0	3218	
525053	89544	80427	14293	0	0	6505	0	0	80427	0	0	1329	
525549	332585	309849	21572	0	0	7000	0	0	309849	0	0	8164	
526452	224746	219103	13683	0	0	5975	0	0	219103	0	0	-2065	
526519	106048	92524	3968	0	0	1821	0	0	92524	0	0	11377	
526854	60015	53056	5633	0	0	0	0	0	53056	0	0	1326	
527057	17998	14535	2781	0	0	235	0	0	14535	0	0	917	
527178	21418	19857	1912	0	0	803	0	0	19857	0	0	452	
527600	164379	151504	9064	0	0	150	0	0	151504	0	0	3961	
527749	9619	8452	574	0	0	380	0	0	8452	0	0	973	
527954	3612952	3116334	375948	0	0	0	0	0	3116334	0	0	120670	
528102	38894	34891	1357	0	0	0	0	0	34891	0	0	2646	
528241	33865	31693	2447	0	0	978	0	0	31693	0	0	703	
528849	162565	153480	12998	0	0	6657	0	0	153480	0	0	2744	
528960	296786	276340	36578	0	0	20000	0	0	276340	0	0	3868	
529275	39125	36040	249	0	0	0	0	0	36040	0	0	2836	
529341	84331	73644	10758	0	-2500	0	0	0	73644	0	0	2429	
529659	46500	41236	5262	0	0	2200	0	0	41236	0	0	2202	
529958	409262	386349	32152	0	0	13000	0	0	386349	0	0	3761	
530655	36776	32212	5933	0	0	4900	0	0	32212	0	0	3531	
530851	32322	27449	2096	0	0	0	0	0	27449	0	0	2777	
531157	14040	12323	1190	0	0	0	0	0	12323	0	0	527	
531250	85895	82782	7417	0	0	6000	0	0	82782	0	0	1696	
532042	82818	77563	8234	0	0	3600	0	0	77563	0	0	621	
532453	11104	10339	891	0	0	526	0	0	10339	0	0	400	
532752	12685	11033	1302	0	0	350	0	0	11033	0	0	700	
533124	46760	45200	557	0	0	0	0	0	45200	0	0	1003	
533227	8324	7678	356	0	0	160	0	0	7678	0	0	450	
533535	28412	23718	1723	0	0	1149	0	0	23718	0	0	4120	
534073	9110	8466	136	0	0	0	0	0	8466	0	0	508	
534242	5173	5082	379	0	0	400	0	0	5082	0	0	112	
534466	29531	28550	1113	0	0	164	0	0	28550	0	0	32	
534756	38807	33539	4758	0	0	1914	0	0	33539	0	0	2424	
534859	11183	10329	929	0	0	75	0	0	10329	0	0	0	
534877	98831	94362	874	0	0	0	0	0	94362	0	0	3595	
535034	19307	17742	1027	0	650	564	0	0	17742	0	0	452	
535575	12985	12415	619	0	0	0	0	0	12415	0	0	-49	
535753	430295	407145	17042	0	0	5000	0	0	407145	0	0	11108	
535931	17661	14428	2047	0	0	0	0	0	14428	0	0	1186	
535940	31765	26800	2725	0	0	1153	0	0	26800	0	0	3393	
536059	282544	255038	25761	0	0	0	0	0	255038	0	0	1745	
536349	57736	54726	4987	0	0	4550	0	0	54726	0	0	2573	
536527	107351	101846	-175	0	0	0	0	0	101846	0	0	5680	
536554	123846	122906	5347	0	-203	5200	0	0	122906	0	0	996	
536853	13637	12775	934	0	0	671	0	0	12775	0	0	599	
537243	21086	19195	1005	0	0	1225	0	0	19195	0	0	2111	
537449	410976	379604	40399	0	0	10000	0	0	379604	1198	0	-225	
537551	38110	29732	1353	0	7000	0	0	0	29732	0	0	25	
537560	200263	197124	14560	0	0	6000	0	0	197124	169	0	-5590	
538222	18943	18581	609	0	0	488	0	0	18581	0	0	241	
538473	90276	85874	3441	0	0	0	0	0	85874	0	0	961	
538754	48133	43642	5715	0	0	4236	0	0	43642	0	0	3012	
538802	257595	246296	20348	0	0	10081	0	0	246296	0	0	1032	
539032	259144	237234	21247	0	0	6312	0	0	237234	0	0	6975	
539340	50574	41811	2381	0	0	460	0	0	41811	0	0	6842	
539377	30706	29258	1903	0	0	675	0	0	29258	0	0	220	
539452	12386	10152	1941	0	0	400	0	0	10152	0	0	693	
539872	1964	1679	-8098	0	0	0	0	0	1679	350	0	8033	
540056	41793	33081	5665	0	0	0	0	0	33081	0	0	3047	
540542	9706	8161	981	0	0	0	0	0	8161	0	0	564	
540551	148790	139357	7042	0	0	2500	0	0	139357	0	0	4891	
540739	22137	17288	2355	0	0	850	0	0	17288	0	0	3344	
540775	76747	70194	10260	0	0	3700	0	0	70194	97	0	-104	
540850	5041	4041	299	0	0	60	0	0	4041	0	0	761	
541101	29259000	27960000	3482000	0	343000	3681000	0	0	27960000	0	0	1155000	
541231	47448	39865	4498	0	0	620	0	0	39865	0	0	3705	
541307	15746	19457	-4036	0	325	0	0	0	19457	0	0	0	
541642	19509	17034	-429	0	0	0	0	0	17034	0	0	2904	
541754	29043	25585	2478	0	0	285	0	0	25585	0	0	1265	
541857	45556	40296	3943	0	0	800	0	0	40296	0	0	2117	
542153	41455	36767	4281	0	0	0	0	0	36767	0	0	407	
542340	70267	64176	2736	0	3000	0	0	0	64176	0	0	355	
542528	569670	460071	37822	0	0	17399	0	0	460071	80500	0	8676	
542667	100618	91564	3737	0	0	0	0	0	91564	0	0	5317	
542854	3693	3345	347	0	0	0	0	0	3345	0	0	1	
543262	316582	273557	27685	0	0	6000	0	0	273557	0	0	21340	
543459	90010	63448	10428	0	14332	0	0	0	63448	0	0	1802	
543945	54235	48601	4440	0	0	1422	0	0	48601	0	0	2616	
544335	61064	55686	4422	0	0	1396	0	0	55686	0	0	2352	
544447	14054	13062	476	0	0	0	0	0	13062	0	0	516	
544652	99158	88114	8152	0	0	1578	0	0	88114	0	0	4470	
544951	5812	5560	459	0	0	0	0	0	5560	0	0	-207	
545604	80755	70788	3564	0	0	0	0	0	70788	0	0	6403	
546003	295232	272013	12587	0	0	0	0	0	272013	0	0	10632	
546320	12229	11446	549	0	0	111	0	0	11446	0	0	345	
546535	45286	40688	4427	0	0	800	0	0	40688	0	0	971	
546544	227797	199898	12648	0	18663	5900	0	0	199898	0	0	2488	
547251	25675	21816	3859	0	0	0	0	0	21816	0	0	0	
547550	20639	17192	2023	0	0	320	0	0	17192	0	0	1744	
547840	275657	245327	18811	0	0	12000	0	0	245327	0	0	23519	
548052	17289	12961	1458	0	0	0	0	0	12961	0	0	2870	
548267	46300	39622	5103	0	0	2230	0	0	39622	0	0	3805	
548351	463280	419503	42217	14420	0	17994	0	0	419503	0	0	5134	
548472	10725	9958	421	0	0	84	0	0	9958	0	0	430	
548771	115050	107842	8187	0	-1696	0	0	0	107842	145	0	572	
549862	77753	69417	4406	0	0	0	0	0	69417	0	0	3930	
550279	116023	112847	1993	0	0	0	0	0	112847	0	0	1183	
550354	15356	13703	1638	0	0	1347	0	0	13703	0	0	1362	
550448	7134	5586	479	0	0	75	0	0	5586	0	0	1144	
550635	75856	72580	5698	0	0	2764	0	0	72580	114	0	228	
550653	10593	9802	683	0	0	100	0	0	9802	0	0	208	
550952	21189	13485	2443	0	0	1943	0	0	13485	0	0	7204	
551016	27230	23941	1780	0	0	455	0	0	23941	0	0	1964	
552059	39695	35515	5530	0	0	3561	0	0	35515	0	0	2211	
552161	239694	221560	31164	0	0	13040	0	0	221560	0	0	10	
552545	18324	16089	2353	0	0	0	0	0	16089	0	0	-118	
552956	13220	12400	566	0	0	113	0	0	12400	0	0	367	
552974	49324	45725	5270	0	0	2433	0	0	45725	0	0	762	
553038	34040	31388	3327	0	0	734	0	0	31388	0	0	59	
553926	18724	16081	1781	0	0	60	0	0	16081	0	0	922	
553944	61714	56625	4615	0	0	556	0	0	56625	0	0	1030	
554343	28915	25635	1753	0	0	400	0	0	25635	0	0	1927	
554857	148617	130860	24037	0	0	13800	0	0	130860	0	0	7520	
555256	32370	25155	2783	0	0	1050	0	0	25155	4000	0	1482	
556011	36271	33816	23	0	0	2640	0	0	33816	0	0	5072	
556459	67277	59624	7539	0	0	6285	0	0	59624	0	0	6399	
556936	161402	28686	9139	110196	8572	5295	0	0	28686	0	0	10104	
557317	358468	334380	33784	0	0	12300	0	0	334380	766	0	1838	
557438	25158	23097	3611	0	0	1600	0	0	23097	0	0	50	
557858	451585	377837	58794	0	0	50000	0	0	377837	0	0	64954	
559179	8662	8499	-5	0	0	0	0	0	8499	0	0	168	
560214	6463	4103	633	0	0	0	0	0	4103	0	0	1727	
560353	5935	224	-5	0	0	0	0	0	224	0	0	5716	
560438	8528	7174	374	0	0	20	0	-63	7111	0	0	1063	
560830	11990	10242	752	0	0	239	0	0	10242	0	0	1235	
561145	74689	71552	4975	0	0	3500	0	0	71552	0	0	1662	
561574	99728	91723	5729	0	5	0	0	0	91723	156	0	2115	
561659	121115	103041	11865	0	0	4000	0	0	103041	0	0	10209	
561864	77032	73207	7736	0	701	8137	0	0	73207	0	0	3525	
562058	45678	40316	5704	0	0	3150	0	0	40316	0	0	2808	
563233	31606	25425	4632	0	0	730	0	0	25425	-121	0	2400	
563336	13634	11494	922	0	0	124	0	0	11494	0	0	1342	
563457	14671	14301	179	0	0	0	0	0	14301	0	0	191	
563934	8574	7743	791	0	0	0	0	0	7743	0	0	40	
564052	164353	155552	8801	0	0	0	0	0	155552	0	0	0	
564324	56967	41060	6971	0	0	4800	0	0	41060	0	0	13736	
564463	29954	21413	5572	0	0	1744	0	0	21413	27	0	4686	
564557	254385	228457	24706	0	0	5250	0	0	228457	0	0	6472	
564678	11332	11306	-169	0	0	0	0	0	11306	0	0	195	
564838	18195	15170	1927	0	0	975	0	0	15170	0	0	2073	
565143	37278	31701	5077	0	0	1125	0	0	31701	0	0	1625	
565170	66463	63508	2955	0	0	0	0	0	63508	0	0	0	
565536	18877	17034	1661	0	0	1291	0	0	17034	0	0	1473	
565750	137131	136441	7035	0	0	7050	0	0	136441	0	0	705	
565844	10864	9866	1339	0	0	1670	0	0	9866	0	0	1329	
566056	37185	32980	2972	0	0	0	0	0	32980	0	0	1233	
566243	38184	33998	2707	0	0	0	0	0	33998	0	0	1479	
567240	33349	30830	2503	0	0	541	0	0	30830	0	0	557	
567679	20072	19563	0	0	509	0	0	0	19563	0	0	0	
567736	14226	13378	2607	0	0	2534	0	0	13378	0	0	775	
568126	45286	41530	8349	0	0	7799	0	0	41530	0	0	3206	
568135	20906	18717	2823	0	0	2156	0	0	18717	0	0	1522	
568359	94167	88715	3887	0	0	0	0	0	88715	0	0	1565	
568377	11739	10654	-85	0	0	0	0	0	10654	0	0	1170	
568470	164430	149978	6153	0	0	519	0	0	149978	0	0	8818	
568939	37947	35030	6983	0	0	6585	0	0	35030	0	0	2519	
570558	32052	27966	3785	0	0	1100	0	0	27966	0	0	1401	
570651	7363	7068	355	0	0	60	0	0	7068	0	0	0	
571135	12499	9632	1014	0	0	0	0	0	9632	0	0	1853	
571265	63132	54795	6619	0	0	0	0	0	54795	0	0	1718	
571920	19961	17126	1123	0	0	0	0	0	17126	0	0	1712	
571957	3893	3194	327	0	0	250	0	0	3194	0	0	622	
572347	12416	11707	860	0	0	151	0	0	11707	0	0	0	
572374	637215	616340	59392	0	0	57000	0	0	616340	0	0	18483	
572459	33314	29241	6811	0	0	5327	0	0	29241	0	0	2589	
572655	35024	31948	6124	0	0	3048	0	0	31948	0	0	0	
573036	63952	52773	5095	0	5000	1100	0	0	52773	4	0	2180	
573335	55119	47271	5322	0	25	1247	0	0	47271	0	0	3748	
574079	28804	25772	1029	0	0	0	0	0	25772	0	0	2003	
574949	76976	70443	9115	0	0	860	0	0	70443	0	0	-1722	
574976	261337	231407	22137	0	0	7211	0	0	231407	961	0	14043	
575133	13600	13233	664	0	0	297	0	0	13233	0	0	0	
575254	458401	436989	48046	0	0	36150	0	0	436989	0	0	9516	
575348	14942	12790	1193	0	0	150	0	0	12790	0	0	1109	
575375	16196	15836	360	0	0	0	0	0	15836	0	0	0	
575759	62869	56077	3655	0	0	1300	0	0	56077	0	0	4437	
575834	63148	53346	8666	0	0	2560	0	0	53346	0	0	3696	
576354	33276	33959	-317	0	0	0	0	0	33959	0	0	-366	
576578	10649	9970	-116	0	0	0	0	0	9970	20	0	775	
576608	150213	143345	4283	0	50	97	0	0	143345	0	0	2632	
576644	89361	64779	-1878	0	0	0	0	0	64779	25323	0	1137	
576952	33134	30245	3482	0	0	2430	0	0	30245	0	0	1837	
577128	1184906	1120554	84574	0	1439	54500	0	0	1120554	0	0	32839	
577137	158635	149816	9869	0	0	0	0	0	149816	0	0	-1050	
577230	2584	2588	-527	0	0	0	0	0	2588	0	0	523	
578116	51865	47407	2190	0	0	1274	0	0	47407	0	0	3542	
578237	9095	8112	-98	0	0	0	0	0	8112	0	0	1081	
578255	229716	199849	29847	0	0	21725	0	0	199849	0	0	21745	
578554	15727	14649	891	0	0	329	0	0	14649	0	0	516	
578741	40420	35271	4004	0	0	1549	0	0	35271	0	0	2694	
578862	6447	5980	507	0	0	550	0	0	5980	0	0	510	
579140	61130	54844	7067	0	0	3117	0	0	54844	0	0	2336	
579319	4901	4433	93	0	0	0	0	0	4433	0	0	375	
579364	46855	45645	3098	0	0	1900	0	-11	45634	0	0	23	
579636	35792	32272	2164	0	0	0	276	0	32272	0	0	1632	
580155	69774	65069	7394	0	0	3600	0	0	65069	0	0	911	
580548	55322	46823	5142	0	0	250	0	0	46823	0	0	3607	
580847	17740	15571	2759	0	0	1953	0	0	15571	0	0	1363	
580874	28722	28739	-27	0	0	0	0	0	28739	0	0	10	
581237	13428	12819	734	0	0	125	0	0	12819	0	0	0	
581358	22401	18998	1596	0	0	390	0	0	18998	0	0	2197	
582654	10659	8930	753	0	0	33	0	0	8930	0	0	1009	
582878	5613	5529	84	0	0	0	0	0	5529	0	0	0	
582953	46284	41784	5120	0	0	1500	0	0	41784	0	0	880	
582971	125068	111480	8013	0	0	0	0	0	111480	0	0	5575	
583071	27929	27319	454	0	0	0	0	0	27319	0	0	156	
583268	102402	92357	9278	0	0	0	0	0	92357	8	0	759	
583352	78259	70262	7582	0	0	1129	0	0	70262	0	0	1544	
583754	93864	85294	8231	0	0	0	0	0	85294	0	0	339	
583905	233589	215583	15033	0	0	0	0	0	215583	0	0	2973	
584377	167429	148750	11856	0	0	3850	0	0	148750	0	0	10673	
584724	70932	69404	8530	0	0	8517	0	0	69404	0	0	1515	
584920	403386	315655	53660	0	0	2421	0	0	315655	0	0	36492	
585749	111431	97098	14525	0	0	5625	0	0	97098	0	0	5433	
586027	96535	92090	3953	0	0	0	0	0	92090	0	0	492	
586072	95093	88646	7947	0	0	1500	0	0	88646	0	0	0	
586335	16145	13775	460	0	0	0	0	0	13775	0	0	1910	
586960	14158	11395	1093	0	0	450	0	0	11395	0	0	2120	
587677	87481	81670	3303	0	0	0	0	0	81670	0	0	2508	
587800	1159193	1079188	68931	0	-4000	0	0	0	1079188	0	0	15074	
588245	25889	23626	3018	0	0	1050	0	0	23626	0	0	295	
588348	36080	31503	2817	0	0	603	0	0	31503	0	0	2363	
589158	26294	23407	3501	0	0	1250	0	0	23407	0	0	636	
589523	128512	107124	16061	0	0	6686	0	0	107124	0	0	12013	
589943	153981	151828	468	0	0	0	0	0	151828	0	0	1685	
590220	94808	81820	9125	0	0	2000	423	0	81820	0	0	6286	
590640	99094	89846	5013	0	0	0	0	0	89846	0	0	4235	
590976	107286	102883	6646	0	0	2243	0	0	102883	0	0	0	
591209	41284	38929	-436	0	0	0	0	0	38929	0	0	2791	
591320	52498	46156	6911	0	0	3150	0	0	46156	0	0	2581	
591357	10625	9633	425	0	0	0	0	0	9633	0	0	567	
591366	51277	49921	4458	0	0	4473	0	0	49921	0	0	1371	
592448	151202	164798	-14092	0	97	0	0	0	164798	0	0	399	
592550	31176	32911	2233	0	-2400	2000	0	0	32911	0	0	432	
592644	116410	112169	9175	0	0	3740	0	0	112169	0	0	-1194	
593007	708720	539278	45565	0	0	14200	0	0	539278	110615	0	27462	
593052	137101	130333	9804	0	0	5000	0	0	130333	0	0	1964	
593249	50907	41820	3681	0	900	904	0	0	41820	0	0	5410	
593333	12700	10791	1889	0	0	750	0	0	10791	0	0	770	
593771	4812	3770	-358	0	1400	0	0	0	3770	0	0	0	
593940	9226	7946	254	0	0	39	0	0	7946	0	0	1065	
594433	165180	132179	14404	0	0	2543	0	0	132179	0	0	21140	
594451	111750	104905	4246	0	630	0	0	0	104905	0	0	1969	
594853	135259	125242	6084	0	0	6692	0	0	125242	0	0	10625	
594938	48845	38177	6162	0	0	1406	0	0	38177	0	0	5912	
594947	596565	580523	54234	0	0	41357	0	0	580523	0	0	3165	
595270	3751284	3849223	350411	0	-2550	167749	0	0	3849223	0	0	-278051	
595337	28174	26110	1291	0	0	136	0	0	26110	0	0	909	
595430	270565	246686	25176	0	0	5000	0	0	246686	177	0	3526	
595869	2988301	2898511	234191	0	0	175000	0	0	2898511	4690	0	25909	
595944	8467	7805	683	0	0	390	0	0	7805	0	0	369	
596062	127929	108270	19263	0	0	9673	0	0	108270	0	0	10069	
596156	67730	60538	6677	0	0	1512	0	0	60538	0	0	2027	
596277	1957	2174	-217	0	0	0	0	0	2174	0	0	0	
596455	22882	21285	1237	0	0	570	0	0	21285	0	0	930	
596978	36428	29087	586	0	7830	0	0	0	29087	-1277	0	202	
597041	13416	11854	-43	0	0	100	0	0	11854	0	0	1705	
597313	62708	53885	7305	0	0	1664	0	0	53885	0	0	3182	
597452	37350	34924	2443	0	-35	0	0	0	34924	0	0	18	
597546	40305	35851	2158	0	0	898	0	0	35851	44	0	3150	
597658	13241	11772	1650	0	0	600	0	0	11772	0	0	419	
598002	61186	53665	4532	0	0	414	0	0	53665	0	0	3403	
598048	60951	53025	7652	0	0	4022	0	0	53025	0	0	4296	
598132	9005	8383	1025	0	0	725	0	0	8383	0	0	322	
598543	10120	9417	1091	0	0	1000	0	0	9417	0	0	612	
599643	25672	23211	1251	0	1416	844	0	0	23211	0	0	638	
599764	321555	233480	16222	0	0	8000	0	0	233480	0	0	79853	
600419	159712	141593	14119	0	0	3900	0	0	141593	5101	0	2799	
601032	5339	4798	450	0	0	25	0	0	4798	0	0	116	
601041	16776	16717	2007	0	0	1879	0	-75	16642	0	0	6	
601050	3174852	2698215	422642	0	0	180000	0	0	2698215	9331	0	224664	
601153	17979	15484	3474	0	0	1642	0	0	15484	0	0	663	
601416	645650	595490	58313	0	0	24000	0	0	595490	0	0	15847	
601443	53570	48586	7430	0	0	3444	0	0	48586	0	0	998	
601658	121427	113542	7054	0	0	1800	0	0	113542	0	0	2631	
602543	47026	43429	5519	0	0	4535	0	0	43429	0	0	2613	
602842	1806	1624	255	0	0	75	0	2	1626	0	0	0	
603232	15677	14836	503	0	0	0	0	268	15104	0	0	70	
603540	7902	6450	938	0	0	320	0	0	6450	0	0	834	
603559	3937	3259	281	0	0	54	0	0	3259	0	0	451	
603755	5959	4715	567	0	0	111	0	0	4715	0	0	788	
604024	66949	54124	8868	0	0	2000	0	0	54124	0	0	5957	
604033	2298	2071	171	0	0	110	0	0	2071	0	0	166	
604547	31450	29020	4185	0	0	2470	0	0	29020	0	0	715	
604640	25103	24451	520	0	0	0	0	0	24451	0	0	132	
605571	30205	29819	141	0	0	0	0	0	29819	0	0	245	
605610	28517	27391	609	0	0	0	0	0	27391	0	0	517	
605656	40765	36975	3074	0	0	1125	0	0	36975	0	0	1841	
606046	6083096	5569683	397716	67291	0	152920	9488	0	5569683	10101	0	200713	
606176	107073	87218	17318	0	0	9350	0	0	87218	221	0	11666	
606653	155329	140274	15491	0	0	7031	0	0	140274	0	0	6595	
607146	52889	49111	2485	0	0	1854	0	0	49111	0	0	3147	
608358	15461	14678	848	0	0	275	0	0	14678	0	0	210	
608844	52705	46028	2871	0	0	1400	0	0	46028	0	0	5206	
609010	38365	35336	2700	0	0	375	0	0	35336	0	0	704	
609467	31848	31223	518	0	0	0	0	0	31223	0	0	107	
609476	84542	87090	-2548	0	0	0	0	0	87090	0	0	0	
609609	112095	100867	9328	0	0	0	0	0	100867	0	0	1900	
609832	27709	23663	2217	0	0	914	0	0	23663	0	0	2743	
610128	126226	112786	8732	0	0	0	0	0	112786	0	0	4708	
610164	59141	53796	2890	0	345	0	0	0	53796	0	0	2110	
610539	4783	3370	749	0	0	291	0	0	3370	0	0	955	
610557	31692	29318	2134	0	0	800	0	0	29318	0	0	1040	
610913	42744	36229	4721	0	0	143	0	0	36229	0	0	1937	
611031	28510	26000	2290	0	0	0	0	0	26000	0	0	220	
612159	57088	50398	3814	0	0	900	0	0	50398	0	0	3776	
612878	18350	17170	684	0	0	0	0	0	17170	0	0	496	
613008	3823772	2965892	146961	559784	225000	123401	0	0	2965892	7091	0	42445	
613156	50028	48092	3263	0	0	1665	0	0	48092	0	0	338	
613343	159730	137188	14302	0	0	3900	0	0	137188	0	0	12140	
613400	393819	364529	19217	0	0	0	0	0	364529	0	0	10073	
613558	127208	122350	13011	0	0	8588	0	0	122350	0	0	435	
613679	51812	49180	1343	0	0	675	0	0	49180	0	0	1964	
613839	45765	41945	4149	0	0	965	0	0	41945	0	0	636	
613950	276935	208413	34788	0	0	21500	0	0	208413	0	0	55234	
613978	19042	18151	392	0	0	0	0	0	18151	0	0	499	
614256	3878	1748	368	0	0	0	0	0	1748	0	0	1762	
614313	155111	147057	11232	5000	0	15000	0	0	147057	0	0	6822	
614368	94774	91585	4607	0	0	5600	0	0	91585	0	0	4182	
614751	22263	18295	2714	0	0	1440	0	0	18295	0	0	2694	
614948	28122	23920	2010	0	0	300	0	0	23920	0	0	2492	
615217	99170	88062	7957	0	0	2448	0	0	88062	-1363	0	6962	
615253	23117	20827	966	0	0	750	0	0	20827	0	0	2074	
615851	29920	25819	1460	0	0	151	0	38	25857	0	0	2754	
615879	29694	29091	603	0	0	0	0	0	29091	0	0	0	
615954	86737	82828	13609	0	47	10000	0	0	82828	0	0	253	
616036	99250	88445	7461	0	0	0	0	0	88445	0	0	3344	
616540	26967	23801	2578	0	1000	1235	0	0	23801	0	0	823	
617079	9190	9081	99	0	0	10	0	0	9081	0	0	20	
617145	23543	20513	2080	0	0	725	0	0	20513	0	0	1675	
617275	14442	11175	365	0	0	1093	0	0	11175	4000	0	-5	
617743	41295	37852	3439	0	0	1015	0	0	37852	0	0	1019	
618647	6516	5535	796	0	0	166	0	0	5535	0	0	351	
618740	72380	64407	9466	0	0	1800	0	0	64407	0	0	307	
618777	13011	12332	679	0	0	0	0	0	12332	0	0	0	
618807	935455	887493	52331	0	0	0	0	0	887493	0	0	-4369	
619701	318090	216043	-920	0	95881	0	0	49	216092	0	0	7037	
619859	9908	5811	720	0	965	205	0	0	5811	0	0	2617	
619877	4987000	3918000	364000	0	-88000	0	0	0	3918000	0	0	793000	
621151	21840	20657	471	0	0	249	0	0	20657	0	0	961	
621357	56859	52254	8057	0	0	3734	0	0	52254	168	0	114	
621441	35746	30435	2595	0	0	0	0	0	30435	0	0	2716	
622037	55939	48782	10535	0	0	4466	0	0	48782	0	0	1088	
622774	298349	266841	26292	0	0	9299	0	0	266841	0	0	14515	
623052	48717	41363	6218	0	0	2900	0	0	41363	0	0	4036	
623454	47980	41166	6384	0	0	4846	0	0	41166	0	0	5276	
623548	21343	18418	1981	0	0	67	0	0	18418	-33	0	1044	
623874	38546	37300	663	0	0	0	0	0	37300	0	0	583	
624246	52888	48350	5963	0	0	2097	0	0	48350	0	0	672	
624648	23853	22256	1005	0	0	0	0	0	22256	0	0	592	
624778	152024	146208	2414	0	0	0	0	0	146208	0	0	3402	
624956	19189	17571	1618	0	0	0	0	0	17571	0	0	0	
625056	11552	9857	1454	0	0	540	0	0	9857	0	0	781	
625065	49828	36409	2608	0	8251	0	0	0	36409	0	0	2560	
625159	70890	80003	11018	0	0	30000	0	0	80003	0	0	9869	
625654	224578	210515	25839	0	33	20740	0	0	210515	0	0	8931	
625757	32999	29008	4439	0	0	2800	0	0	29008	0	0	2352	
625850	50018	46851	4007	0	0	840	0	0	46851	0	0	0	
625953	16861	14153	1123	0	0	555	0	0	14153	0	0	2140	
626101	218993	204929	11567	0	0	0	0	0	204929	0	0	2497	
627108	206150	192517	10176	0	0	0	0	187	192704	0	0	3270	
627854	105315	96552	8763	0	0	0	0	0	96552	0	0	0	
628039	15184	12488	2316	0	0	1608	0	0	12488	0	0	1988	
628123	20594	17726	233	0	0	210	0	0	17726	17	0	2828	
628356	31592	29153	3530	0	0	1500	0	0	29153	0	0	409	
628552	43031	38078	3889	0	1110	1352	0	0	38078	0	0	1306	
629148	11371	9231	1658	0	0	1244	0	0	9231	0	0	1726	
629353	94386	42617	7687	0	41000	2350	0	0	42617	20	0	5412	
629522	20347	18009	1602	0	0	0	0	0	18009	0	0	736	
629746	16892	14729	1130	0	0	171	0	0	14729	0	0	1204	
630041	3258	3105	208	0	0	145	0	0	3105	0	0	90	
630340	10866	9138	993	0	0	0	0	0	9138	0	0	735	
630555	55497	45790	7426	0	0	4155	0	0	45790	0	0	6436	
630658	62405	52164	6160	0	0	3620	0	0	52164	0	0	7701	
631039	30230	27315	2436	0	73	0	0	0	27315	0	0	406	
631150	36646	34451	2250	0	0	829	0	0	34451	0	0	774	
631178	39705	35427	3783	0	0	376	0	0	35427	0	0	871	
631422	188496	163822	16791	0	0	0	0	0	163822	0	0	7883	
631570	116750	121109	5771	0	367	10500	0	0	121109	0	0	3	
632410	61860	55008	5037	0	-1363	1166	0	0	55008	0	0	4344	
632607	133973	122885	5151	0	0	0	0	0	122885	0	0	5937	
632858	67325	64306	7675	0	0	6000	0	0	64306	0	0	1344	
633378	711527	698889	23343	0	0	17353	0	0	698889	2288	0	4360	
633640	19104	17027	3	0	0	0	0	-74	16953	0	0	2148	
634544	20595	18688	3423	0	0	1565	0	0	18688	0	0	49	
634955	29829	26251	2348	0	0	1350	0	0	26251	0	0	2580	
635840	61505	54893	8292	0	0	6550	0	0	54893	0	0	4870	
635907	112521	106482	2837	0	0	0	0	0	106482	0	0	3202	
636276	87747	83725	4354	0	0	0	0	0	83725	0	0	-332	
636753	12481	11469	341	0	0	0	0	0	11469	0	0	671	
636771	480475	478188	52973	0	0	60000	0	0	478188	0	0	9314	
637170	74843	68096	6600	0	0	0	0	0	68096	0	0	147	
637451	1501342	1469491	104494	0	0	99000	0	0	1469491	2847	0	23510	
637554	93598	88239	13849	0	0	10097	0	0	88239	0	0	1607	
638131	27508	24364	1199	0	0	1069	0	0	24364	0	0	3014	
638355	26766	26175	3566	0	0	2975	0	0	26175	0	0	0	
638850	44815	40576	2815	0	0	0	0	0	40576	0	0	1424	
639549	92876	81218	6683	0	0	992	0	0	81218	0	0	5967	
639567	630881	514307	411574	0	0	295000	0	0	514307	0	0	0	
639633	30489	27669	3420	0	0	1313	0	0	27669	0	0	713	
639857	4659	4026	698	0	0	245	0	0	4026	0	0	180	
640143	19407	11218	122	2854	4820	0	0	0	11218	0	0	393	
640246	62598	59115	2326	0	0	355	0	0	59115	0	0	1512	
640442	30231	27927	2849	0	0	923	0	0	27927	61	0	317	
640956	23731	21194	3613	0	0	2900	0	0	21194	0	0	1824	
641449	9865	6880	1010	0	0	396	0	0	6880	0	0	2371	
641579	30616	27286	1930	0	0	1325	0	0	27286	0	0	2725	
642437	24501	20365	1919	0	0	945	0	0	20365	0	0	3162	
643078	103657	99905	9426	0	0	0	0	0	99905	-5674	0	0	
643274	5389	4726	1	0	0	2	0	189	4915	0	0	475	
643340	54820	47479	5716	0	0	2390	0	0	47479	0	0	4015	
643658	16585	15721	565	0	0	0	0	0	15721	0	0	299	
644057	8279	7616	957	0	0	300	0	0	7616	0	0	6	
644141	12150	10379	442	0	0	0	0	0	10379	0	0	1329	
644646	33868	31619	1715	0	0	748	0	0	31619	0	0	1282	
644776	25101	23717	555	0	400	0	0	0	23717	0	0	429	
644842	29307	25795	3057	0	0	0	0	0	25795	0	0	455	
644954	10130	8787	1120	0	223	0	0	0	8787	0	0	0	
644963	16409	14781	1582	0	0	0	0	0	14781	0	0	46	
645157	21526	21565	4779	0	0	5290	0	0	21565	0	0	472	
645317	183592	165541	10623	0	0	2269	0	0	165541	0	0	9697	
645465	288715	261868	24914	0	0	0	0	0	261868	1077	0	856	
645540	35493	31746	3797	0	0	0	0	0	31746	-185	0	135	
645577	29973	27834	2124	0	0	0	0	0	27834	0	0	15	
645625	4106171	2728605	152656	1059762	150000	53000	0	0	2728605	0	0	68148	
646042	13152	11534	1662	0	0	960	0	0	11534	0	0	916	
646145	33886	28748	3331	0	0	1734	0	0	28748	0	0	3541	
646172	164645	156634	8011	0	0	0	0	0	156634	0	0	0	
646444	34770	31581	3189	0	0	0	0	0	31581	0	0	0	
646471	3978	3959	19	0	0	0	0	0	3959	0	0	0	
646556	52749	49866	6334	0	0	3550	0	0	49866	0	0	99	
646743	52498	45599	4206	0	0	1750	0	0	45599	0	0	4443	
646873	25311	22893	2207	0	0	0	0	0	22893	0	0	211	
647218	72205	67673	5592	0	0	4161	0	0	67673	0	0	3101	
647245	18692	19262	2939	0	0	1594	0	0	19262	25	0	-1940	
647414	13626	11248	873	0	0	0	0	0	11248	0	0	1505	
647759	8332	5840	2048	0	0	1187	0	0	5840	0	0	1631	
647777	18548	17564	499	0	0	0	0	0	17564	0	0	485	
647955	10233	9284	1070	0	0	450	0	0	9284	0	0	329	
648130	131143	124440	5524	0	0	500	0	0	124440	313	0	1366	
648242	295376	282995	20816	0	0	9750	0	0	282995	0	0	1315	
648251	28645	27258	4039	0	0	2920	0	0	27258	0	0	268	
648345	12680	11047	1519	0	500	656	0	0	11047	0	0	270	
648550	16072	15137	2312	0	0	1350	0	0	15137	0	0	-27	
649342	58647	54734	4940	0	0	1700	0	0	54734	0	0	673	
649632	6544	5932	53	0	150	0	0	0	5932	0	0	409	
651121	51088	45132	3037	0	0	567	0	0	45132	-212	0	3698	
651149	6170	5856	737	0	0	690	0	0	5856	0	0	267	
651158	14964	11648	1508	0	0	675	0	0	11648	0	0	2483	
651448	69391	67639	1752	0	0	0	0	0	67639	0	0	0	
651541	25557	21198	2036	0	2350	550	0	0	21198	0	0	523	
651859	703708	621301	91121	0	0	34500	0	0	621301	0	0	25786	
651952	17807	16066	1817	0	52	574	0	0	16066	0	0	446	
652043	45982	40651	3549	0	0	1800	0	0	40651	0	0	3582	
652070	17314	16886	428	0	0	0	0	0	16886	0	0	0	
652874	1249824	1328305	141318	0	59258	259258	0	0	1328305	0	0	-19799	
652959	2549	2378	170	0	0	0	0	1	2379	0	0	0	
653134	59222	51677	6377	0	0	1873	0	0	51677	0	0	3041	
653433	18657	16298	1179	0	0	975	0	0	16298	0	0	2155	
653611	95666	88926	7365	0	0	1971	0	0	88926	0	0	1346	
653778	39040	36101	1675	0	0	0	0	0	36101	0	0	1264	
653947	40205	37176	4124	0	0	2150	0	0	37176	0	0	1055	
654047	15736	15395	-698	0	1000	0	0	0	15395	0	0	39	
654300	27667	26709	203	0	0	0	0	0	26709	0	0	755	
654579	13422	13254	168	0	0	0	0	0	13254	0	0	0	
655530	7392	6863	507	0	0	120	0	0	6863	0	0	142	
655839	62594	56176	11100	0	0	7397	0	0	56176	0	0	2715	
656032	28075	24114	1887	0	0	750	0	0	24114	0	0	2824	
656377	3042944	3007190	182158	0	0	150000	0	0	3007190	0	0	3596	
656470	279816	240645	28799	0	0	5365	0	0	240645	214	0	15523	
656658	34332	23777	1713	0	8500	0	0	3	23780	0	0	339	
656779	23408	23045	206	0	0	0	0	0	23045	0	0	157	
657178	20990	21010	131	0	0	0	0	0	21010	0	0	-151	
657271	350596	324050	15995	0	0	0	0	0	324050	0	0	10551	
657365	859671	812512	60964	0	0	36500	0	0	812512	0	0	22695	
657459	346582	317491	25587	0	7000	7500	0	0	317491	0	0	4004	
657758	16215	14626	1695	0	0	911	0	0	14626	0	0	805	
657954	16457	12826	1104	0	850	80	0	0	12826	0	0	1757	
658072	7125	6990	135	0	0	0	0	0	6990	0	0	0	
658474	34401	34355	46	0	0	0	0	0	34355	0	0	0	
658924	24728	22730	2131	0	0	450	0	0	22730	0	0	317	
659341	55800	46677	5030	0	0	0	0	0	46677	0	0	4093	
659556	27997	24550	4021	0	0	1136	0	0	24550	0	0	562	
659640	13671	13440	278	0	0	14	0	0	13440	0	0	-33	
659855	3387538	3264256	216858	0	0	211400	0	0	3264256	0	0	117824	
660066	12511	9835	1891	0	0	951	0	0	9835	0	0	1736	
660253	13696	12321	1495	0	0	120	0	0	12321	0	0	0	
660271	37813	33534	3590	0	17	3000	0	0	33534	0	0	3672	
660570	45200	42239	2316	0	0	0	0	0	42239	0	0	645	
660655	514354	462365	48205	0	0	22775	0	0	462365	0	0	26559	
660879	9087	8300	667	0	0	0	0	0	8300	120	0	0	
660927	69527	65031	5117	0	0	1079	0	0	65031	458	0	0	
661072	21911	20864	917	0	0	0	0	-7	20857	0	0	137	
661223	31970	29880	2100	0	0	1106	0	0	29880	0	0	1096	
661308	780355	721911	80082	0	0	50000	0	0	721911	4935	0	23427	
661474	33477	33274	203	0	0	0	0	0	33274	0	0	0	
662350	8937	8105	592	0	0	112	0	0	8105	0	0	352	
662369	435186	424363	33255	0	0	30000	0	0	424363	1477	0	6091	
662949	66948	64087	6193	0	0	6950	0	0	64087	0	0	3618	
663245	3092464	3570445	-445862	0	0	79546	0	0	3570445	0	0	47427	
663638	9309	7591	678	0	0	375	0	0	7591	0	0	1415	
663656	7268	9096	-4228	0	2400	0	0	0	9096	0	0	0	
663834	693539	634099	47823	0	0	0	0	0	634099	0	0	11617	
663955	78003	70793	10024	0	0	1400	0	0	70793	0	0	-1414	
664206	565601	541857	29501	0	2500	5300	0	0	541857	0	0	-2957	
664653	47828	39527	4666	0	2600	0	0	0	39527	0	0	1035	
664756	7422066	7419290	411672	0	0	408950	0	0	7419290	0	0	54	
665146	34790	32483	873	0	0	340	0	0	32483	0	0	1774	
665258	17519	15384	2155	0	0	39	0	0	15384	0	0	19	
665865	95609	80127	7752	0	0	503	0	0	80127	0	0	8233	
666059	120912	110597	16448	0	0	7200	0	0	110597	0	0	1067	
666358	8815	8430	494	0	0	600	0	0	8430	0	0	491	
666554	129408	117972	11162	0	0	0	0	0	117972	0	0	274	
666844	29594	26315	2159	0	0	910	0	0	26315	0	0	2030	
666974	32545	31495	849	0	0	0	0	0	31495	0	0	201	
667029	37295	30121	5689	0	0	3330	0	0	30121	0	0	4815	
667346	14948	12734	1134	0	0	314	0	0	12734	0	0	1394	
667524	24052	21054	1991	0	0	0	0	0	21054	0	0	1007	
667551	8655	6347	916	0	0	300	0	0	6347	0	0	1692	
667757	1120771	1102091	42685	0	0	75000	0	0	1102091	5965	0	45030	
668053	6805	6375	520	0	0	90	0	0	6375	0	0	0	
668147	20726	18577	3049	0	0	1370	0	0	18577	0	0	470	
669555	100519	91921	7783	0	0	2386	0	0	91921	0	0	3201	
670430	17433	13823	626	0	823	178	0	0	13823	0	0	2339	
670467	258528	180744	19393	72528	0	23000	0	0	180744	208	0	8655	
670560	272119	259112	12900	0	0	0	0	0	259112	-120	0	227	
670654	8274	8593	1632	0	0	1951	0	0	8593	0	0	0	
670748	16107	5539	627	2849	6250	0	0	0	5539	0	0	842	
670878	63139	62425	-638	0	0	0	0	0	62425	0	0	1352	
671053	7147	6388	665	0	0	154	0	0	6388	0	0	248	
671147	79512	70429	10604	0	0	2940	0	0	70429	0	0	1419	
671334	348338	317407	25721	0	-165	1000	0	0	317407	0	0	6375	
671464	2337201	2212861	34044	0	59297	45500	0	0	2212861	2689	0	73810	
671558	126109	105411	17552	0	0	2872	0	0	105411	0	0	6018	
672238	8608	7504	279	0	0	0	0	0	7504	0	0	825	
672247	15889	13712	854	0	0	240	0	0	13712	0	0	1563	
672537	49464	43548	3176	0	0	580	0	0	43548	0	0	3320	
672573	27771	27364	204	0	0	0	0	0	27364	0	0	203	
673244	16785	16030	838	0	0	860	0	0	16030	0	0	777	
673440	1120036	956142	109643	0	0	0	0	0	956142	0	0	54251	
673477	11280	11091	20	0	0	0	0	0	11091	0	0	169	
673851	16486	15657	1828	0	0	1270	0	0	15657	0	0	271	
673909	461705	431755	33833	0	0	4123	0	0	431755	252	0	-12	
674344	16136	15010	1604	0	0	478	0	0	15010	0	0	0	
674849	209369	195951	12784	0	0	8058	0	0	195951	0	0	8692	
675042	14231	12994	1342	0	0	795	0	0	12994	0	0	690	
675079	47810	40877	5667	0	0	670	0	0	40877	380	0	1556	
675248	11409	8926	928	0	0	0	0	0	8926	0	0	1555	
675341	3784	3110	12	0	0	0	0	0	3110	0	0	662	
675659	13044	9382	1114	0	0	0	0	0	9382	0	0	2548	
675855	13060	12147	961	0	0	150	0	0	12147	0	0	102	
676049	24993	22866	1730	0	0	450	0	-110	22756	0	0	957	
676151	44520	40033	4525	0	0	2000	0	0	40033	0	0	1962	
677176	675752	649362	46150	0	925	27500	0	0	649362	0	0	6815	
677354	8937	4970	1590	0	0	385	0	0	4970	0	0	2762	
677448	39989	34570	4895	0	0	659	0	0	34570	0	0	1183	
677644	213212	197781	14380	0	0	9260	0	0	197781	0	0	10311	
677756	19976	17644	1249	0	0	610	0	0	17644	0	0	1693	
677970	24684	22692	1719	0	0	0	0	0	22692	0	0	273	
678052	6553	5424	699	0	0	225	0	0	5424	0	0	655	
678070	73353	68025	1992	0	0	0	0	0	68025	0	0	3336	
678258	6174	5845	612	0	0	400	0	0	5845	0	0	117	
678454	26949	24778	1250	0	0	0	0	0	24778	0	0	921	
678557	17955	16942	1620	0	0	1110	0	0	16942	0	0	503	
678744	42044	37869	3330	0	0	1150	0	0	37869	0	0	1995	
679451	9855	8630	773	0	0	200	0	0	8630	0	0	652	
680130	97559	85812	10453	0	5000	8000	0	0	85812	0	0	4294	
680457	177192	181336	28493	0	0	32800	0	0	181336	0	0	163	
680813	501468	432271	40221	0	0	10082	0	0	432271	1023	0	38035	
681043	12312	11238	586	0	0	0	0	0	11238	0	0	488	
681249	5175	4950	375	0	0	150	0	0	4950	0	0	0	
682143	117576	106294	9353	0	4279	3225	0	0	106294	0	0	875	
682563	4405626	3822207	493009	0	0	237175	0	0	3822207	0	0	327585	
682648	17562	12895	1117	0	200	599	0	0	12895	0	0	3949	
683449	64445	56710	4241	0	0	875	0	0	56710	0	0	4369	
683814	48911	43825	4511	0	0	1348	0	0	43825	0	0	1923	
684455	159855	144015	16489	0	10000	11061	0	0	144015	0	0	412	
685023	11035	9698	887	0	0	171	0	0	9698	0	0	621	
685676	240238	227570	12201	0	0	4900	0	0	227570	0	0	5367	
686459	38048	33812	4031	0	0	875	0	0	33812	0	0	1080	
686570	7141	6302	333	0	0	0	0	0	6302	0	0	506	
686758	26433	23308	934	0	0	0	0	0	23308	0	0	2191	
687054	15398	14582	439	0	300	0	0	0	14582	0	0	77	
687830	20438	19022	3030	0	0	2250	0	0	19022	0	0	636	
687951	243843	231253	12733	0	0	5000	0	0	231253	0	0	4857	
688079	1347089	1327309	19780	0	0	0	0	0	1327309	0	0	0	
688453	8913	8287	560	0	0	311	0	0	8287	0	0	377	
688556	15770	14631	1614	0	0	1135	0	0	14631	0	0	660	
689209	306397	289956	9036	0	0	0	0	0	289956	0	0	7405	
689357	66476	55945	7703	0	0	5125	0	0	55945	0	0	7953	
689759	20124	17749	1666	0	0	282	0	0	17749	-8	0	999	
691042	3880	2854	260	0	0	0	0	0	2854	0	0	766	
691743	14042	14045	497	0	0	500	0	0	14045	0	0	0	
691958	111518	103251	2410	0	5000	500	0	0	103251	217	0	1140	
692450	29103	27384	2797	0	0	1171	0	0	27384	0	0	93	
692704	53684	47607	6077	0	0	0	0	0	47607	0	0	0	
692946	49850	44868	4786	0	0	1836	0	0	44868	36	0	1996	
693073	5068	5152	-84	0	0	0	0	0	5152	0	0	0	
693224	5617159	3474844	196619	1559068	385000	75000	0	0	3474844	0	0	76628	
693345	612741	556489	59564	0	699	37660	0	0	556489	0	0	33649	
693952	34228	31077	3764	0	0	1050	0	0	31077	0	0	437	
694146	3678	1629	-333	0	2100	0	0	0	1629	0	0	282	
694771	5552	5125	427	0	0	0	0	0	5125	0	0	0	
694847	64737	57064	6953	0	0	1561	0	0	57064	0	0	2281	
694904	8609464	8579156	-158977	0	0	0	0	0	8579156	44680	0	144605	
695349	73321	62321	9388	0	0	2040	0	0	62321	0	0	3652	
695947	22646	7546	1376	13625	-158	591	0	0	7546	0	0	848	
696047	15415	14181	728	0	0	370	0	0	14181	0	0	876	
696168	46103	47510	-1407	0	0	0	0	0	47510	0	0	0	
696430	79389	71857	6341	0	0	5011	0	0	71857	0	0	6202	
696645	16379	14302	1294	0	0	0	0	0	14302	0	0	783	
697035	13531	11763	1260	0	0	0	0	0	11763	0	0	508	
697147	26606	23640	-211	0	0	101	0	0	23640	0	0	3278	
697156	63646	58786	10059	0	0	6250	0	0	58786	0	0	1051	
697231	68821	64449	9372	0	0	5000	0	0	64449	0	0	0	
697763	630899	591386	87386	0	0	115482	582	0	591386	0	0	68191	
697950	7365	6826	276	0	0	0	0	0	6826	0	0	263	
698144	107558	102265	11697	0	0	8000	0	0	102265	0	0	1596	
698546	20438	18207	1825	0	0	461	0	0	18207	0	0	867	
698649	63532	56532	7260	0	0	3818	0	26	56558	0	0	3532	
699105	124914	112635	4570	0	0	0	0	0	112635	0	0	7709	
699253	14177	12850	1972	0	0	762	0	0	12850	0	0	117	
700140	7767	7094	743	0	0	254	0	0	7094	0	0	184	
700252	11522	9872	415	0	0	11	0	0	9872	0	0	1246	
700430	16512	12877	1401	0	0	0	0	0	12877	0	0	2234	
700458	24942	22275	2823	0	0	1050	0	0	22275	0	0	894	
701062	670855	615441	60534	0	0	27486	0	0	615441	0	0	22366	
701222	122641	111998	10850	0	0	4326	0	0	111998	0	0	4119	
701839	50160	24208	11120	0	0	4412	0	0	24208	0	0	19244	
701857	6038	5040	939	0	0	198	0	0	5040	0	0	257	
702117	1814351	1488114	106184	253199	0	75000	0	0	1488114	0	0	41854	
702359	28049	21420	447	6182	0	0	0	0	21420	0	0	0	
702612	135455	115866	18689	0	0	4000	0	0	115866	0	0	4900	
702836	21398	20016	1411	0	0	127	0	0	20016	0	0	98	
702911	74544	56990	9512	0	0	1500	0	0	56990	0	0	9542	
703039	33728	30569	2688	0	0	450	0	0	30569	0	0	921	
703552	210670	199801	29576	0	0	24500	0	0	199801	0	0	5793	
703767	463359	428753	29905	0	0	8200	0	0	428753	0	0	12901	
705378	14092	12665	1089	0	0	50	0	0	12665	0	0	388	
705556	21640	15487	2484	0	0	700	0	0	15487	0	0	4369	
706030	21256	17695	2488	0	0	474	0	0	17695	0	0	1547	
706058	17403	15501	1816	0	0	465	0	0	15501	0	0	551	
706236	19969	18651	859	0	0	440	0	0	18651	637	0	262	
706254	25985	23026	2260	0	0	1162	0	0	23026	0	0	1861	
706450	3153	2758	16	0	0	0	0	0	2758	0	0	379	
706656	20623	16731	1833	0	0	577	0	0	16731	0	0	2636	
707354	521017	482747	55912	0	0	35438	0	0	482747	0	0	17796	
708379	25244	22229	1473	0	0	0	0	0	22229	0	0	1542	
709143	56925	54140	4143	0	0	7750	0	0	54140	0	0	6392	
709451	16436	15368	1563	0	0	959	0	0	15368	0	0	464	
709554	31389	25669	7576	0	0	3510	0	0	25669	0	0	1654	
709602	212860	189240	16727	0	0	7000	0	0	189240	0	0	13893	
709639	56438	43911	6078	0	0	420	0	0	43911	0	0	6869	
709956	10631	9085	-587	0	0	0	0	0	9085	1543	0	590	
710176	68389	46782	6238	19677	0	5000	0	0	46782	0	0	692	
710859	33872	29280	6801	0	0	5321	0	0	29280	0	0	3112	
711472	223418	199646	14089	0	0	4473	0	0	199646	0	0	14156	
711520	11079	10281	163	0	0	0	0	0	10281	0	0	635	
711548	47208	42749	5585	0	0	2637	0	0	42749	0	0	1511	
711753	13222	12013	1655	0	0	532	0	0	12013	0	0	86	
711801	81251	76615	1086	0	0	0	0	0	76615	1	0	3549	
712059	91037	86682	6027	0	0	5372	0	0	86682	0	0	3700	
712648	27780	26657	2951	0	0	1950	0	0	26657	0	0	122	
712956	38509	35599	2864	0	0	0	0	0	35599	0	0	46	
713252	16364	13681	1772	0	1000	336	0	0	13681	0	0	247	
713476	63531	59238	2009	0	11	500	0	0	59238	0	0	2773	
713926	102553	87651	8156	0	0	2771	0	0	87651	0	0	9517	
714165	9668	8528	577	0	0	0	0	0	8528	0	0	563	
714437	23987	22231	854	0	450	0	0	0	22231	0	0	452	
714839	31705	28454	3157	0	0	460	0	0	28454	0	0	554	
714978	47724	46511	520	0	0	0	0	0	46511	0	0	693	
715032	19330	18523	1117	0	0	0	0	-411	18112	0	0	101	
715050	43089	42423	2444	0	0	2873	0	0	42423	0	0	1095	
715144	49395	46872	8657	0	0	6200	0	0	46872	0	0	66	
715340	100785	89601	9360	0	0	0	0	0	89601	0	0	1824	
715470	10785	10568	796	0	0	579	0	0	10568	0	0	0	
715630	28425	23353	2269	0	0	960	0	0	23353	0	0	3763	
715872	51772	48415	4087	0	0	350	0	0	48415	0	0	-380	
715975	9784	9508	144	0	0	0	0	0	9508	0	0	132	
716374	127684	109970	11688	0	0	3295	0	0	109970	0	0	9321	
716833	186070	172226	7404	0	0	4000	0	0	172226	0	0	10440	
716851	12131	2453	3787	0	0	2150	0	0	2453	0	0	8041	
716954	32699	28132	3355	0	0	1385	0	0	28132	0	0	2597	
717232	7813	6392	677	0	21	361	0	0	6392	0	0	1084	
717670	37146	29445	135	0	7594	0	0	0	29445	0	0	-28	
717737	177493	149776	24439	0	0	11725	0	0	149776	0	0	15003	
717924	419407	338431	32640	0	0	0	0	0	338431	0	0	48336	
718145	81874	69917	6721	0	1285	1000	0	0	69917	0	0	4951	
718275	32691	29948	3127	0	0	2336	0	0	29948	0	0	1952	
718538	40558	37942	2778	0	0	1580	0	0	37942	0	0	1418	
719030	10523	9228	719	0	0	0	0	0	9228	0	0	576	
719610	21425	19675	1379	0	0	44	0	0	19675	0	0	415	
719656	46658	41432	4045	0	0	663	0	0	41432	0	0	1844	
719964	23197	21085	2861	0	0	1300	0	0	21085	0	0	551	
720157	7194	6712	395	0	0	0	0	0	6712	0	0	87	
720344	16813	14449	2005	0	0	900	0	0	14449	0	0	1259	
720746	57543	51317	6260	0	0	3111	0	0	51317	0	0	3077	
720858	11832	9060	1492	0	0	0	0	0	9060	0	0	1280	
721350	74020	68227	7812	0	0	2820	0	0	68227	0	0	801	
721752	6443	4960	166	0	0	74	0	0	4960	0	0	1391	
721949	77559	69866	6598	0	0	2250	0	0	69866	0	0	3345	
722227	15180	14787	-161	0	0	0	0	0	14787	0	0	554	
722432	57005	52449	3373	0	0	332	0	0	52449	0	0	1515	
722544	541752	488156	32624	0	0	0	0	0	488156	0	0	20972	
722777	13646075	12644664	874278	-99	-2279	0	0	0	12644664	0	0	129511	
722816	90400	79564	4290	0	0	3345	0	0	79564	0	0	9891	
723112	24160000	22064000	2026000	0	0	1425000	0	0	22064000	135000	0	1360000	
723158	14352	12564	1773	0	0	541	0	0	12564	0	0	556	
723550	5792	3549	1310	0	0	788	0	0	3549	0	0	1721	
723653	34640	35475	4520	0	0	7000	0	0	35475	0	0	1645	
724744	75280	66136	7119	0	0	2310	0	61	66197	0	0	4274	
724904	54478	53430	3742	0	0	2985	0	0	53430	0	0	291	
724940	9669	8938	731	0	0	0	0	0	8938	0	0	0	
725077	39872	40878	1654	0	0	3547	0	0	40878	30	0	857	
725732	563552	521395	37211	0	0	0	0	0	521395	0	0	4946	
725741	11764	13967	-4300	0	0	0	0	0	13967	0	0	2097	
726458	8855	8189	725	0	0	453	0	0	8189	0	0	394	
726953	170355	165324	8634	0	0	5000	0	0	165324	0	0	1397	
727174	153628	154348	17136	0	0	17856	0	0	154348	0	0	0	
728948	62839	51396	5166	0	0	2100	0	0	51396	0	0	8377	
728957	24296	20142	2915	0	0	3453	0	0	20142	0	0	4692	
729011	66634	59841	5253	0	0	691	0	0	59841	0	0	2231	
729057	14616	12742	1168	0	0	420	0	0	12742	0	0	1126	
729178	25447	24697	908	0	0	570	0	0	24697	0	0	412	
729310	144318	140641	5090	0	0	3300	0	0	140641	0	0	1887	
729842	26580	21199	3203	0	0	1080	0	0	21199	0	0	3258	
729945	13765	12548	818	0	399	0	0	0	12548	0	0	0	
731050	29702	27556	2363	0	0	900	0	0	27556	0	0	683	
731247	584210	541560	46529	0	334	22318	0	0	541560	0	0	18105	
731957	2796	2446	151	0	0	0	0	0	2446	0	0	199	
732178	111752	102696	16206	0	0	8900	0	0	102696	0	0	1750	
732253	31127	30013	1502	0	0	100	0	0	30013	0	0	-288	
732637	9202	6543	394	0	1035	150	0	0	6543	0	0	1380	
732758	56039	53797	4498	0	0	2745	0	0	53797	0	0	489	
732954	7767	6234	1002	0	0	100	0	0	6234	0	0	631	
733540	17240	16404	1636	0	0	800	0	0	16404	0	0	0	
733559	44313	41578	2457	0	0	0	0	0	41578	0	0	278	
733661	35383	30229	3922	0	0	0	0	0	30229	0	0	1232	
733755	13013	11677	2616	0	0	1500	0	0	11677	0	0	220	
733951	19801	14422	2555	0	0	1125	0	0	14422	0	0	3949	
734248	40563	35432	2848	0	0	1645	0	0	35432	0	0	3928	
734350	85356	74494	4990	0	4000	0	0	0	74494	0	0	1872	
734538	162305	156538	6224	0	0	3563	0	0	156538	0	0	3106	
734613	66615	60251	4318	0	0	824	0	0	60251	0	0	2870	
735067	65339	62666	5673	0	0	3000	0	0	62666	0	0	0	
735414	8031	7987	619	0	0	575	0	0	7987	0	0	0	
735441	153011	147923	13332	0	0	8500	0	0	147923	0	0	256	
735973	13196	12099	284	0	0	0	0	0	12099	0	0	813	
736158	7500	6629	463	0	0	90	0	0	6629	0	0	498	
736550	40492	36639	3578	0	0	1861	0	0	36639	0	0	2136	
737548	98864	90369	8138	0	0	3135	0	0	90369	0	0	3492	
738013	104778	97825	19354	0	0	17625	0	0	97825	0	0	5224	
738040	217347	187184	19485	0	0	6078	0	0	187184	0	0	16756	
738143	40333	32630	803	0	0	0	0	0	32630	0	0	6900	
738255	27911	23510	2948	0	0	567	0	0	23510	0	0	2020	
738303	151088	144164	3927	0	0	0	0	0	144164	0	0	2997	
738657	4501	3905	574	0	0	343	0	0	3905	0	0	365	
738769	179523	153046	12805	57324	13	48636	0	0	153046	0	0	4971	
739346	15659	12719	1667	0	0	0	0	0	12719	0	0	1273	
739355	92015	84866	7053	0	0	850	0	0	84866	0	0	946	
739560	460493	434359	49406	0	0	33126	0	0	434359	0	0	9854	
739832	32452	28388	3924	0	0	1996	0	0	28388	0	0	2136	
740249	30862	24238	3008	0	0	0	0	0	24238	0	0	3616	
741068	23967	23735	232	0	0	0	0	0	23735	0	0	0	
741152	7648	4695	989	0	0	261	0	0	4695	0	0	2225	
741330	145210	145469	12153	0	0	16275	0	0	145469	0	0	3863	
741358	4700	4633	522	0	0	455	0	0	4633	0	0	0	
741844	21175	19175	1234	0	0	118	0	0	19175	0	0	884	
741956	5307	4655	196	0	0	0	0	0	4655	0	9	447	
741974	29687	28994	578	0	0	0	0	0	28994	0	0	115	
742056	26066	22415	2269	0	0	240	0	0	22415	0	0	1622	
742542	14202	12223	1973	0	0	1245	0	0	12223	0	0	1251	
742944	40707	39000	2592	0	0	1000	0	0	39000	0	0	115	
743679	75636	70894	1531	0	0	0	0	0	70894	0	0	3211	
743950	12236	10238	788	0	0	0	0	0	10238	0	0	1210	
744854	72607	68347	2827	0	0	252	0	0	68347	0	0	1685	
745347	12610	10327	779	0	0	625	0	0	10327	0	0	2129	
746157	34504	30546	3001	0	0	1000	0	0	30546	0	0	1957	
746755	34094	30305	3019	0	0	2399	0	426	30731	0	0	2743	
746942	22619	21293	1285	0	0	380	0	0	21293	0	0	421	
746979	30804	30376	255	0	0	0	0	0	30376	0	0	173	
747051	12253	11588	762	0	0	267	0	0	11588	0	0	170	
747257	17495	15747	2491	0	0	1005	0	0	15747	0	0	262	
748254	32064	28110	1842	0	0	750	0	0	28110	0	0	2862	
748357	50845	41758	3009	0	6000	0	0	0	41758	0	0	78	
748441	21159	18803	375	0	0	0	0	0	18803	0	0	1981	
748964	55536	45847	7370	0	0	1014	0	0	45847	56	0	3277	
749242	3986285	2694511	121703	1202064	0	74032	0	0	2694511	0	0	42039	
749635	88318	76853	5760	0	0	2830	0	0	76853	0	0	8535	
749840	5042	4812	230	0	0	0	0	0	4812	0	0	0	
749943	27442	24655	1782	0	102	177	0	0	24655	0	0	1080	
750051	33743	29090	3199	0	0	768	0	0	29090	0	0	2222	
750127	39631	35554	2765	0	0	634	0	0	35554	0	0	1946	
750341	46459	41900	5100	0	0	1462	0	0	41900	0	0	921	
750444	13525	13303	219	0	0	0	0	0	13303	0	0	3	
750846	28142	26124	1770	0	0	0	0	0	26124	0	0	248	
751254	19978	17431	1377	0	0	0	0	0	17431	0	0	1170	
751656	399545	347960	37657	0	0	17524	0	0	347960	0	0	31452	
751852	50476	50233	15135	0	0	15110	0	0	50233	0	0	218	
752831	42931	36318	4965	0	0	399	0	0	36318	0	0	2047	
753052	8619	8216	1034	0	0	825	0	0	8216	0	0	194	
753324	212408	146851	5003	0	47500	0	0	0	146851	0	0	13054	
753641	10873	10296	620	0	0	411	0	0	10296	0	0	368	
753856	9742	8887	855	0	0	0	0	0	8887	0	0	0	
754068	89179	85732	8390	0	0	5016	0	0	85732	0	0	73	
754246	7620	7208	754	0	0	350	0	0	7208	0	0	8	
754536	16257	13811	2177	0	0	751	0	0	13811	0	0	1020	
754826	155133	143239	10923	0	0	2000	0	0	143239	0	0	2971	
754853	119593	106288	10846	0	0	1580	0	0	106288	0	0	4039	
754929	164795	136592	10836	0	0	0	0	0	136592	0	0	17367	
755252	72099	64611	4685	0	0	0	0	0	64611	0	0	2803	
755421	6003	5776	227	0	0	0	0	0	5776	0	0	0	
755458	38157	36409	3404	0	0	1954	0	0	36409	0	0	298	
756343	21411	20171	2322	0	0	1082	0	0	20171	0	0	0	
756848	23953	21196	4805	0	0	2527	0	0	21196	0	0	479	
757377	200729	192384	1594	0	0	0	0	0	192384	0	0	6751	
757452	30407	27016	2708	0	0	925	0	0	27016	0	0	1608	
757779	25056	23381	1275	0	0	0	0	0	23381	0	0	400	
758703	689900	626328	56243	0	0	0	0	0	626328	0	0	7329	
758842	11924	10241	1085	0	0	760	0	0	10241	0	0	1358	
758851	155104	112737	6024	0	37219	1200	0	0	112737	288	0	36	
759045	124737	114203	10455	0	0	4105	0	0	114203	0	0	4184	
759625	90866	82510	8094	0	0	1326	358	0	82510	245	0	1701	
760210	19095	17521	1033	0	0	274	0	0	17521	0	0	815	
760331	36053	21872	14603	0	0	7500	0	0	21872	0	0	7078	
760340	14071	12996	1041	0	0	100	0	0	12996	0	0	134	
760434	19081	18019	1709	0	0	809	0	-211	17808	0	0	373	
760649	18615	17229	2346	0	0	1210	0	0	17229	0	0	250	
760854	77911	61412	7991	0	0	4000	0	0	61412	0	0	12508	
760939	7835	6844	709	0	0	0	0	0	6844	0	0	282	
760957	6524	5449	338	0	0	115	0	0	5449	0	0	852	
761244	44287	36981	5741	0	0	0	0	0	36981	0	0	1565	
761459	44068	27839	3088	11845	0	1500	0	0	27839	0	0	2796	
761543	56612	50713	4033	0	0	450	0	0	50713	0	0	2316	
761806	9859502	9377808	769332	0	0	500000	0	0	9377808	40974	0	171388	
761833	13611	11007	1181	0	750	0	0	0	11007	0	0	673	
761851	45500	40093	4742	0	1000	1002	0	0	40093	0	0	667	
761954	25356	18454	4288	0	2950	1850	0	0	18454	0	0	1514	
762045	23660	22307	2525	0	0	1172	0	0	22307	0	0	0	
762447	925736	875724	64514	0	0	46875	0	0	875724	0	0	32373	
762474	317600	302848	22241	0	0	10750	0	0	302848	0	0	3261	
762773	56622	55587	1035	0	0	0	0	0	55587	0	0	0	
763211	18738	14974	653	0	0	600	0	0	14974	0	0	3711	
763677	138873	128834	8112	0	-6100	0	0	0	128834	0	0	8027	
763930	64674	55519	8849	0	34	2500	0	0	55519	0	0	2772	
764030	4001678	3790103	322285	0	0	146000	0	0	3790103	0	0	35290	
764058	58837	54963	2770	0	0	3000	0	0	54963	0	0	4104	
764067	12983	10469	2015	0	0	1331	0	0	10469	0	0	1830	
764142	13842	11188	1182	0	0	688	0	0	11188	0	0	2160	
764151	6517	5928	575	0	0	176	0	0	5928	0	0	190	
764816	23921	22335	2821	0	0	1538	0	0	22335	0	0	303	
765318	22995	20956	2802	0	0	1130	0	0	20956	0	0	367	
765354	15150	12767	718	0	0	200	0	0	12767	0	0	1865	
765505	149413	137100	7523	0	0	0	0	0	137100	0	0	4790	
765662	27106	20250	3703	0	0	0	0	0	20250	0	-709	3862	
765877	18832	17497	899	0	0	0	0	0	17497	0	0	436	
766052	21377	20466	2189	0	0	1610	0	0	20466	0	0	332	
766164	1013316	987464	12446	0	22212	10000	0	0	987464	0	0	1194	
767152	7280	6749	358	0	0	159	0	0	6749	0	0	332	
767246	2067	1954	93	0	0	0	0	0	1954	0	0	20	
767255	21592	18296	3706	0	300	2775	0	0	18296	0	0	2065	
767554	9992	9316	-1792	0	0	0	0	0	9316	0	0	2468	
767572	5733	5637	52	0	0	0	0	0	5637	0	0	44	
767611	18143	15803	982	0	0	300	0	0	15803	0	0	1658	
767732	75561	67340	5786	0	0	500	0	0	67340	0	0	2935	
767974	233762	209137	14158	0	10000	1000	0	0	209137	1073	0	394	
768458	25601	18453	4956	0	0	1500	0	0	18453	0	0	3692	
768476	3519	4413	-894	0	0	0	0	0	4413	0	0	0	
768953	2810	391	2213	0	0	0	0	0	391	0	0	206	
769334	10445	9284	1060	0	0	855	0	0	9284	0	0	956	
770451	12350	11529	1691	0	0	1285	0	0	11529	0	0	415	
770545	5713	3851	66	1793	0	0	0	0	3851	0	0	3	
770639	31508	31224	2797	0	0	4000	0	0	31224	0	0	1487	
770657	136065	104815	25196	0	0	12804	0	0	104815	0	0	18858	
770853	62256	54232	6969	0	0	0	0	0	54232	0	0	1055	
771047	4272	3940	171	0	0	100	0	-177	3763	0	0	438	
771140	128436	113508	6682	0	0	4800	0	0	113508	4221	0	8825	
771458	181544	143661	37422	0	0	25435	0	0	143661	0	0	25896	
771609	254261	252262	8721	0	0	12000	0	0	252262	0	0	5278	
771748	20811	17023	2237	0	0	763	0	0	17023	0	0	2314	
771878	43987	42011	598	0	0	0	0	0	42011	0	0	1378	
772008	229427	211360	10444	0	0	2000	0	0	211360	0	0	9623	
772446	112079	106435	5600	0	0	0	0	0	106435	0	0	44	
772754	12077	10574	1043	0	0	200	0	0	10574	0	0	660	
773032	24556	20692	3966	0	0	1144	0	0	20692	0	0	1042	
773171	20643	20455	626	0	0	535	0	0	20455	0	0	97	
773247	621346	801077	-112724	0	0	86000	0	0	801077	0	0	18993	
773443	41887	35048	1782	0	0	1106	0	0	35048	0	0	6163	
773470	232166	222628	17038	0	0	7500	0	0	222628	0	0	0	
773742	18068	9178	2797	0	0	1089	0	0	9178	0	0	7182	
774132	198872	190711	7030	0	0	3525	0	0	190711	0	0	4656	
774235	15186	12909	1412	0	0	0	0	0	12909	0	0	865	
774253	9743	8911	832	0	0	496	0	0	8911	0	0	496	
774347	27549	25312	1782	0	0	750	0	0	25312	0	0	1205	
775054	72361	68222	5989	0	0	3200	0	0	68222	0	0	1350	
775241	6656	5997	330	0	0	0	0	0	5997	0	0	329	
775456	206756	183599	29052	0	0	13000	0	0	183599	0	0	7105	
775773	59455	56028	349	0	0	0	0	0	56028	695	0	2383	
776369	27922	32371	3280	0	0	8016	0	0	32371	0	0	287	
776547	33565	29613	3550	0	0	900	0	-11	29602	0	0	1313	
777254	7130	6368	671	0	0	276	0	0	6368	0	0	367	
777366	131879	130602	6131	0	0	5600	0	0	130602	0	0	746	
777441	7459	6194	432	0	0	76	0	0	6194	0	0	909	
777870	42724	38759	1897	0	0	0	0	0	38759	0	0	2068	
778738	175279	169565	17030	0	0	11340	0	0	169565	0	0	24	
779016	114998	53109	-517	60551	0	1375	0	0	53109	0	0	3230	
779351	329984	302868	25140	0	0	5300	0	0	302868	0	0	7276	
779641	12198	11419	901	0	0	272	0	0	11419	0	0	150	
779650	62699	62166	11783	0	0	11250	0	0	62166	0	0	0	
779968	179723	172326	7981	0	0	3000	0	0	172326	0	0	2416	
780049	17658	14876	2678	0	0	1130	0	0	14876	0	0	1234	
780218	119832	105957	9164	0	0	2000	0	0	105957	417	0	6294	
780263	29932	25711	1028	0	0	603	0	0	25711	0	0	3796	
780722	100113	89327	9340	0	0	956	0	0	89327	59	0	2343	
780955	37628	36160	2048	0	0	1726	0	0	36160	0	0	1146	
782016	27370	24512	1484	0	0	270	0	0	24512	0	0	1644	
782306	2400056	592063	-4812	648444	1184196	45000	0	0	592063	0	0	25165	
782548	11167	10659	292	0	0	394	0	0	10659	0	0	610	
783161	203097	174796	15356	0	0	3000	0	0	174796	0	0	15945	
783246	46295	40166	3301	0	0	900	0	0	40166	0	0	3728	
783349	3193	3181	12	0	0	0	0	0	3181	0	0	0	
783648	944207	826645	122187	0	0	26400	0	0	826645	0	0	21775	
783844	146915	132576	10813	0	0	2040	0	-2	132574	0	0	5568	
783910	44313	39020	2702	0	2000	300	0	0	39020	0	0	891	
784159	126873	119399	12851	0	0	8000	0	0	119399	0	0	2623	
784430	14222	11369	715	0	0	0	0	0	11369	0	0	2138	
785147	89528	77165	11745	0	0	2600	0	0	77165	0	0	3218	
785473	218344	220082	19808	0	252	24500	0	0	220082	0	0	2702	
785857	31239	23080	5949	0	0	2657	0	0	23080	0	0	4867	
785923	274235	259813	18453	0	0	11800	0	0	259813	0	0	7769	
785950	78157	69395	7404	0	0	1238	0	0	69395	0	0	2596	
786210	200908	175889	14285	0	0	8138	0	0	175889	0	0	18872	
786256	9617	9502	-85	0	0	0	0	44	9546	0	0	156	
786555	26287	21235	3999	0	0	2329	0	0	21235	0	0	3382	
786612	770972	611351	52913	99079	0	0	0	0	611351	0	0	7629	
786733	34269	29703	2959	0	0	700	0	0	29703	0	0	2307	
786948	26068	24286	2492	0	0	1575	0	0	24286	0	0	865	
787459	23755	32322	3254	0	0	11903	0	0	32322	0	0	82	
787842	31672	25287	5307	0	0	3000	0	0	25287	0	0	4078	
788559	51200	48749	1816	0	0	733	0	-1047	47702	0	0	2415	
788652	13772	13070	859	0	0	475	0	0	13070	0	0	318	
788773	48386	41154	3905	0	0	1250	0	0	41154	0	0	4577	
789051	3637	2708	303	0	0	75	0	0	2708	0	0	701	
790150	6162	5472	466	0	0	109	0	0	5472	0	0	333	
790271	64800	58746	793	0	0	250	0	0	58746	0	0	5511	
790543	190209	173134	15059	0	0	0	0	0	173134	0	0	2016	
790703	47262	41839	2728	0	0	0	0	0	41839	0	0	2695	
790918	130874	125270	7432	0	0	5280	0	0	125270	0	0	3452	
791072	18701	14140	3816	0	0	1834	0	0	14140	0	0	2579	
791353	17949	14110	2366	0	0	1442	0	0	14110	0	0	2915	
791821	76323	70316	5804	0	0	1470	0	0	70316	0	0	1673	
791942	39504	37439	3542	0	0	2250	0	0	37439	0	0	773	
792453	19358	18046	1868	0	0	625	0	0	18046	0	0	69	
792640	22980	22033	2042	0	0	1095	0	0	22033	0	0	0	
792659	20040	18668	771	0	0	2803	0	0	18668	0	0	3404	
794149	21467	16405	4469	0	0	1998	0	0	16405	0	0	2591	
794345	29868	26043	1724	0	0	304	0	0	26043	0	0	2405	
794475	18696	19075	-424	0	0	0	0	0	19075	0	0	45	
794653	3085	2889	179	0	0	50	0	0	2889	0	0	67	
795249	19578	17647	847	0	0	0	0	151	17798	0	0	933	
795548	31490	24380	2445	0	0	0	0	-98	24282	0	0	4763	
795959	12938	11775	911	0	0	311	0	0	11775	0	0	563	
795968	1692611	1540431	146910	0	0	73000	0	0	1540431	11148	0	67122	
796152	39732	32971	6076	0	3000	2859	0	0	32971	0	0	544	
796657	16272	12504	2067	0	0	0	0	0	12504	0	0	1701	
797140	75860	63370	8144	0	0	930	0	1888	65258	0	0	3388	
797775	269737	270904	-4602	0	0	0	0	0	270904	1350	0	2085	
798512	8125	6958	555	0	0	111	0	0	6958	0	0	723	
799751	28959	26169	3396	0	0	1879	0	0	26169	0	0	1273	
799854	54036	30829	1496	21400	0	174	0	0	30829	0	0	485	
799939	1488	1192	2	0	0	0	0	0	1192	0	0	294	
799948	23579	20697	1841	0	0	1200	0	0	20697	0	0	2241	
800134	25021	21336	2025	0	0	1322	0	0	21336	0	0	2982	
800442	17200	14930	789	0	0	368	0	0	14930	0	0	1849	
800479	6386	6668	-282	0	0	0	0	0	6668	0	0	0	
800853	30853	24712	5624	0	0	4210	0	0	24712	0	0	4727	
801047	47268	42762	2258	0	0	891	0	0	42762	0	0	3139	
801056	11506	8546	1274	0	0	615	0	0	8546	0	0	2301	
801654	19260	15697	1079	0	0	55	0	0	15697	0	0	2539	
803256	11258	11071	517	0	0	400	0	0	11071	0	0	70	
803265	5593	4806	193	0	0	50	0	2	4808	0	0	642	
803649	66880	60650	8490	0	0	3990	0	0	60650	0	0	1730	
803658	11272	9992	618	0	0	0	0	0	9992	0	0	662	
803957	54184	48792	5789	0	0	1850	0	0	48792	0	0	1453	
804150	8513	7775	546	0	0	0	0	0	7775	0	0	192	
804338	187119	188126	2598	0	0	3150	0	0	188126	0	0	-455	
804374	59091	56799	4206	0	0	3000	0	0	56799	0	0	1086	
804422	15366	14997	674	0	0	305	0	0	14997	0	0	0	
804860	7392	6402	98	0	0	0	0	0	6402	0	0	892	
805045	14501	13034	1956	0	0	775	0	0	13034	0	0	286	
805250	24547	20503	2034	0	0	0	0	0	20503	0	0	2010	
805335	20937	18225	3585	0	0	1511	0	0	18225	0	0	638	
805755	98146	85976	14904	0	0	4992	0	0	85976	0	0	2258	
805876	29528	27397	728	0	0	0	0	0	27397	0	0	1403	
806846	226212	177910	19622	0	24000	915	0	0	177910	0	0	5595	
806958	86195	80383	13315	0	0	8323	0	0	80383	0	0	820	
807348	19321	18104	981	0	0	0	0	0	18104	8	0	228	
807432	12530	9957	2513	0	0	1420	0	0	9957	0	0	1480	
807656	32426	26015	4580	0	0	0	0	0	26015	0	0	1831	
807955	251897	246341	22740	0	0	36324	0	0	246341	985	0	18155	
808260	632636	584542	71691	0	0	43800	0	0	584542	7780	0	12423	
808345	10265	8048	1571	0	0	0	0	0	8048	0	0	646	
808653	31469	27747	3331	0	0	2175	0	0	27747	0	0	2566	
809070	17253	13916	-111	0	0	0	0	0	13916	3448	0	0	
809276	68850	66460	4800	0	-500	1981	0	0	66460	0	0	71	
809379	10727	9150	592	0	0	115	0	-8	9142	0	0	1108	
809650	26844	25624	2959	0	0	1900	0	0	25624	0	0	161	
809771	537708	523024	11708	0	0	0	0	0	523024	0	0	2976	
810544	24184	20501	3745	0	0	1850	0	0	20501	0	0	1788	
811046	689483	612557	58631	0	0	9250	150	0	612557	0	0	27695	
811457	2669	2491	178	0	0	0	0	0	2491	0	0	0	
811541	10504	9184	1854	0	0	1303	0	0	9184	0	0	769	
811550	13341	12197	1437	0	0	730	0	0	12197	227	0	210	
811747	54953	51570	2644	0	0	358	0	0	51570	0	0	1097	
812379	12053	12861	-784	0	-70	0	0	0	12861	0	0	46	
812436	71385	64177	5795	0	0	2682	0	0	64177	0	0	4095	
812557	117535	109404	14588	0	47	8268	0	0	109404	0	0	1764	
812614	25900	23531	1756	0	0	1150	0	0	23531	0	0	1763	
813572	29398	28288	568	0	0	0	0	0	28288	0	0	542	
813853	60965	37800	3529	17431	0	0	0	0	37800	0	0	2205	
814074	13527	12936	591	0	0	0	0	0	12936	0	0	0	
814355	7639	7031	509	0	0	0	0	0	7031	0	0	99	
814430	2815906	2522119	189303	0	0	0	0	0	2522119	0	0	104484	
814458	22749	20716	6203	0	0	6200	0	0	20716	0	0	2030	
814476	19303	17314	480	0	0	0	0	1	17315	0	0	1508	
814551	32520	27540	4621	0	0	2250	0	0	27540	0	0	2609	
814711	18972	16279	1659	0	0	0	0	0	16279	0	0	1034	
815053	29735	27653	3124	0	0	1131	0	0	27653	0	0	89	
815147	40496	37276	3870	0	0	650	0	0	37276	0	0	0	
815156	103019	86975	15541	0	0	6503	0	0	86975	0	0	7006	
815277	66877	70924	1451	0	0	5500	0	0	70924	0	0	2	
815754	47143	46043	1521	0	0	1300	0	0	46043	0	0	879	
815772	27484	25701	1382	0	0	0	0	0	25701	0	0	401	
816256	13990	12767	861	0	0	200	0	0	12767	0	0	562	
816304	25966	24285	779	0	0	0	0	0	24285	0	0	902	
816603	546466	516566	37357	0	0	44286	0	0	516566	2487	0	34342	
816751	3770	3745	391	0	0	400	0	0	3745	0	0	34	
817477	13629	11622	270	0	0	4	0	0	11622	0	0	1741	
817824	57910433	53454728	5168623	0	0	3200000	0	0	53454728	0	0	2487082	
818401	174288	152707	8648	0	8538	0	0	-108	152599	0	0	4503	
818540	12302	11392	414	0	0	0	0	0	11392	0	0	496	
818559	2747	804	84	0	0	0	0	0	804	0	0	1859	
818652	12478	9709	1367	0	0	0	0	0	9709	0	0	1402	
819154	9362	4970	1356	0	0	880	0	0	4970	0	0	3916	
819172	14810	13755	709	0	0	0	0	0	13755	0	0	346	
819453	87696	82895	9873	0	0	5189	0	0	82895	0	0	117	
819556	63824	57577	5391	0	0	3001	0	0	57577	0	0	3857	
819855	111047	97625	13136	0	0	6153	0	0	97625	0	0	6439	
820048	100495	89705	5900	0	0	3900	0	0	89705	0	0	8790	
820301	67179	63304	3477	0	0	0	0	0	63304	0	0	398	
820477	11663	10552	-937	0	0	0	0	0	10552	2000	0	48	
820842	28274	23265	5174	0	0	3379	0	0	23265	0	0	3214	
820879	24404	23883	-567	0	0	0	0	0	23883	0	0	1088	
821036	21183	12011	1582	0	0	1050	0	0	12011	0	0	8640	
821157	18874	17299	1585	0	0	690	0	0	17299	0	0	680	
821559	4181	4124	83	0	0	26	0	0	4124	0	0	0	
821643	6352	5280	587	0	0	0	0	0	5280	0	0	485	
822042	145798	133707	11025	0	0	2221	0	0	133707	0	0	3287	
822051	32806	28992	3143	0	0	1550	0	0	28992	0	0	2221	
822275	41035	40594	441	0	0	0	0	0	40594	0	0	0	
822556	376234	386674	20265	0	0	60000	0	0	386674	59	0	29236	
822631	9532	8478	508	0	0	131	0	0	8478	0	0	677	
823133	55435	42003	3378	0	0	575	0	0	42003	0	0	10629	
823142	4902	2857	1054	0	0	300	0	0	2857	0	0	1291	
823450	24420	14919	5790	0	0	4920	0	0	14919	0	0	8631	
823478	328785	292921	34370	0	0	0	0	0	292921	1489	0	5	
823553	3906	3882	24	0	0	0	0	0	3882	0	0	0	
823638	11266	8890	372	0	0	450	0	0	8890	0	0	2454	
823656	25777	17885	2404	0	0	939	0	0	17885	0	0	6427	
824242	7443	6929	387	0	0	150	0	0	6929	0	0	277	
824653	87814	77219	9741	0	4000	3165	0	0	77219	0	0	19	
824671	73163	68125	3348	0	0	0	0	0	68125	0	0	1690	
824738	7637	6892	708	0	0	625	0	0	6892	0	0	662	
825146	506266	419286	60771	0	0	46000	0	0	419286	0	0	72209	
825454	23653	22617	5053	0	0	4017	0	0	22617	0	0	0	
825548	36204	34010	3561	0	24	2882	0	0	34010	0	0	1491	
825753	30296	28825	191	0	0	2000	0	0	28825	0	0	3280	
825847	41089	40071	3681	0	0	2706	0	0	40071	0	0	43	
825940	11085	9038	760	0	550	0	0	-28	9010	0	0	765	
826451	10369	8189	1293	0	0	0	0	0	8189	0	0	887	
826648	26073	22512	2469	0	0	0	0	0	22512	0	0	1092	
826956	659146	592936	52013	0	1712	0	0	0	592936	0	0	12485	
827355	15964	13921	718	0	0	0	0	0	13921	0	0	1325	
827458	38517	32056	5704	0	470	3422	0	0	32056	0	0	3709	
827560	77291	73567	2730	0	0	250	0	-122	73445	0	0	1366	
828110	26940	21829	3071	0	0	540	0	0	21829	0	0	2580	
828174	33037	31466	1531	0	0	0	0	0	31466	0	0	40	
828473	52880	51427	649	0	0	0	0	0	51427	0	0	804	
828651	167609	147313	15454	0	0	14000	0	0	147313	0	0	18842	
829032	23392	20991	1735	0	0	0	0	0	20991	0	0	666	
829041	45373	40511	2721	0	0	650	0	0	40511	0	0	2791	
829050	41772	36105	5390	0	0	1715	0	415	36520	0	0	1577	
830113	32199	29353	2999	0	0	730	0	0	29353	0	0	577	
830252	12350	9955	431	0	0	195	0	0	9955	0	0	2159	
830355	62363	56860	6314	0	0	4586	0	0	56860	0	0	3775	
830542	194669	176730	13753	0	0	4500	0	0	176730	0	0	8686	
830645	30925	15895	1429	14437	0	1375	0	0	15895	0	0	539	
830748	43365	36494	7178	0	0	6613	0	0	36494	0	0	6306	
831008	140543	117772	4593	14562	-573	0	0	0	117772	250	0	3939	
831576	58640	54897	5220	0	0	1859	0	0	54897	0	0	382	
831642	86967	81395	5876	0	0	450	0	0	81395	0	0	146	
831875	17952	18176	147	0	0	453	0	0	18176	0	0	82	
831941	24689	20224	4633	0	0	1850	0	0	20224	0	0	1682	
832528	18577	17161	1085	0	0	548	0	0	17161	0	0	879	
832546	73053	60377	5400	0	5000	1014	0	0	60377	0	0	3290	
833404	133520	122050	4322	0	0	0	0	0	122050	0	0	7148	
833749	71564	56003	19465	0	0	6436	0	0	56003	0	0	2532	
833851	4422	4167	342	0	0	133	0	0	4167	0	0	46	
834175	17584	17238	346	0	0	0	0	0	17238	0	0	0	
835079	14761	14125	632	0	-12	0	0	0	14125	0	0	16	
835257	48788	45844	3292	0	0	500	0	0	45844	0	0	152	
835378	6875	5848	482	0	0	0	0	0	5848	0	0	545	
835444	19599	14447	2636	0	0	2160	0	0	14447	0	0	4676	
835613	11388	10807	882	0	0	301	0	0	10807	0	0	0	
835659	7172	7225	570	0	0	680	0	0	7225	0	0	57	
835743	82626	77590	5647	0	1285	2733	0	0	77590	0	0	837	
835770	52509	49315	265	0	0	0	0	0	49315	0	0	2929	
836656	2207	1923	172	0	150	38	0	0	1923	0	0	0	
836843	686242	660512	49344	0	0	47000	0	0	660512	0	0	23386	
837046	30710	28097	1772	0	0	0	0	0	28097	0	0	841	
837149	37205	34183	3640	0	0	1641	0	0	34183	0	0	1023	
837158	27230	24505	3394	0	0	1568	0	0	24505	0	0	899	
837354	15966	14252	2401	0	0	1550	0	0	14252	0	0	863	
837448	26121	22978	2452	0	0	519	0	0	22978	0	0	1210	
837541	20770	16809	1177	0	0	150	0	0	16809	0	0	2934	
837608	70088	69832	-3124	0	0	0	0	0	69832	0	0	3380	
837653	6675	5774	409	0	0	0	0	0	5774	0	0	492	
837840	18166	16641	314	0	0	336	0	0	16641	0	0	1547	
837952	15446	12640	1199	0	0	600	0	20	12660	0	0	2187	
837970	109773	103866	3632	0	0	0	0	0	103866	0	0	2275	
838155	2647	2054	225	0	0	0	0	0	2054	0	0	368	
839068	102464	86972	8600	0	0	0	0	0	86972	0	0	6892	
839246	19442	17139	4017	0	0	2509	0	0	17139	0	0	795	
839255	44624	39256	2654	0	0	2137	0	0	39256	0	0	4851	
839572	81559	72172	1778	0	0	1780	0	0	72172	0	0	9389	
839817	4250	3470	567	0	0	607	0	0	3470	0	0	820	
839974	17032	16376	679	0	0	176	0	0	16376	0	0	153	
840019	19470	17639	2454	0	0	881	0	0	17639	0	0	258	
840251	14225	13033	2114	0	0	930	0	0	13033	0	0	8	
840354	6420	5727	518	0	0	300	0	0	5727	0	0	475	
840363	171250	144918	19933	0	0	6900	0	0	144918	0	0	13299	
840747	156014	145115	11341	0	0	4000	0	0	145115	0	0	3558	
841472	20977	18843	1641	0	0	615	0	0	18843	0	0	1108	
841753	42227	36591	4642	0	0	1200	0	0	36591	0	0	2194	
841838	67414	62142	3179	0	398	0	0	0	62142	0	0	1695	
842376	33980	33781	1297	0	0	1150	0	0	33781	0	0	52	
842460	342425	311178	50136	0	0	39225	0	0	311178	-101	0	20437	
842853	4039	3695	516	0	-2	170	0	0	3695	0	0	0	
843476	6372	5934	296	0	0	0	0	0	5934	0	0	142	
843953	8841	7227	874	0	0	228	0	-13	7214	0	0	981	
844053	166496	147873	16967	0	0	4709	0	0	147873	0	0	6365	
844138	23343	22809	470	0	0	0	0	0	22809	0	0	64	
844455	11909	8987	1041	0	0	452	0	0	8987	0	0	2333	
844567	78527	63475	9413	0	0	7482	0	0	63475	0	0	13121	
845247	134105	124137	19839	0	-2418	8227	0	0	124137	0	0	774	
845573	459591	438812	13524	0	0	0	0	0	438812	0	0	7255	
846132	3766	3381	310	0	0	0	0	0	3381	0	0	75	
846945	22092	19298	1896	0	0	458	0	0	19298	0	0	1356	
847157	26969	22547	2775	0	0	1368	0	0	22547	0	0	3015	
847979	15667	15257	325	0	0	0	0	0	15257	0	0	85	
848248	41631	29828	4411	0	1110	1370	0	0	29828	0	0	7652	
848453	9053	8574	326	0	0	0	0	0	8574	0	0	153	
849076	29536	28420	887	0	0	0	0	0	28420	0	0	229	
849348	26909	23152	3469	0	0	2250	0	0	23152	0	0	2538	
849357	37598	31595	5663	0	0	0	0	0	31595	0	0	340	
849432	27788	24547	2128	0	0	500	0	0	24547	0	0	1613	
850036	639273	605095	99181	0	0	65000	0	0	605095	0	0	-3	
850054	17930	16328	2285	0	0	779	0	0	16328	0	0	96	
850456	29183	27101	2645	0	0	585	0	0	27101	0	0	22	
851060	10179	7901	739	0	0	167	0	0	7901	0	0	1706	
851172	29096	28877	-128	0	0	0	0	0	28877	0	0	347	
851239	42880	38462	2867	0	0	0	0	0	38462	0	0	1551	
851631	33337	30190	2999	0	0	3400	0	0	30190	0	0	3548	
852218	331953000	312794000	38227000	0	-18000	26000000	0	0	312794000	0	0	6950000	
852254	27456	25672	2236	0	0	1325	25	0	25672	0	0	898	
852320	62581000	60832000	4141000	0	0	4500000	0	0	60832000	274000	0	1834000	
852544	379714	357322	16446	0	0	0	0	0	357322	0	0	5946	
852704	112375	96166	10735	0	542	2062	0	0	96166	0	0	6994	
852713	137548	120576	12808	0	0	6950	0	0	120576	0	0	11114	
852973	104384	98359	12370	0	0	7095	0	0	98359	0	0	750	
853251	28170	27316	1171	0	0	3000	112	0	27316	0	0	2795	
853671	83382	74564	3854	0	48	0	0	0	74564	0	0	4916	
853747	59487	55074	3311	0	0	602	0	0	55074	0	0	1704	
853804	110066	105997	4593	0	0	900	0	0	105997	0	0	376	
853934	48846	45079	2975	0	0	0	0	0	45079	0	0	792	
853952	1916411	1727762	257367	0	0	160000	0	0	1727762	0	0	91282	
854173	21847	20725	250	0	0	0	0	0	20725	0	0	872	
854753	14185	13243	1868	0	0	926	0	0	13243	0	0	0	
854847	12697	11032	615	0	0	500	0	0	11032	0	0	1550	
855143	9514	7751	692	0	0	25	0	0	7751	0	0	1096	
855264	36742	29989	2790	0	0	204	0	0	29989	0	0	4167	
855303	2205	2331	-214	0	0	23	0	0	2331	0	0	111	
855563	53022	50730	5327	0	0	3211	0	0	50730	176	0	0	
855741	53803	51018	4273	0	0	7579	0	0	51018	0	0	6091	
855844	28449	24181	1828	0	0	860	0	0	24181	0	0	3300	
855956	18470	14648	1532	0	0	200	0	0	14648	0	0	2490	
856159	4168	3524	468	0	0	121	0	0	3524	0	0	297	
856243	170639	147819	19897	0	-120	0	0	0	147819	0	0	3043	
856346	30092	30316	3677	0	0	4000	0	0	30316	0	0	99	
856458	7226	6748	883	0	0	775	0	0	6748	0	0	370	
856542	7988	6548	950	0	0	0	0	0	6548	0	0	490	
856748	129665	123675	16129	0	0	8550	0	0	123675	0	0	-1589	
856869	13974	14495	-515	0	0	0	0	0	14495	0	0	-6	
857259	6355	5647	540	0	0	74	0	0	5647	0	0	242	
857455	25868	21119	5381	0	0	1710	0	0	21119	0	0	1078	
857745	42239	38187	2837	0	0	1649	0	0	38187	0	0	2864	
857811	-701	-7519	992	0	0	267	0	0	-7519	0	0	6093	
857941	21210	19227	2056	0	0	563	0	-7	19220	0	0	497	
858153	7831	7485	253	0	0	4	0	0	7485	0	0	97	
858443	8841	7088	539	0	0	280	0	0	7088	0	0	1494	
858452	5365	5333	804	0	0	963	0	0	5333	0	0	191	
858528	51999	45620	5521	0	0	1150	0	0	45620	0	0	2008	
858818	21407	16976	1843	0	0	0	0	0	16976	0	0	2588	
858854	35513	30226	4095	0	0	450	0	0	30226	0	0	1642	
859002	200439	191785	9055	0	0	3000	0	0	191785	0	0	2599	
859141	146298	134744	8702	0	0	3750	0	0	134744	0	0	6602	
859552	73411	67376	10555	0	0	5698	0	0	67376	0	0	1178	
859655	38695	37190	2505	0	500	1702	0	0	37190	0	0	202	
859712	919767	860909	27517	0	0	0	0	0	860909	0	0	31341	
860053	249883	222207	6356	0	5000	0	0	0	222207	0	0	16320	
860147	38395	34662	5225	0	0	2315	0	0	34662	0	0	823	
860231	11018	10630	388	0	0	0	0	0	10630	0	0	0	
860259	47929	43403	4055	0	0	0	0	0	43403	0	0	471	
860334	38096	34539	2638	0	0	1367	0	0	34539	0	0	2286	
860352	34960	31056	5018	0	0	2500	0	0	31056	0	0	1386	
861153	3568	6428	536	0	0	3537	0	0	6428	0	0	141	
861658	25670	24169	-588	0	0	2100	0	0	24169	0	0	4189	
861854	9042	8675	874	0	0	822	0	0	8675	0	0	315	
862057	46098	43216	4567	0	0	1820	0	0	43216	0	0	135	
862141	45370	40110	4527	0	0	1675	0	0	40110	0	0	2408	
863362	15969	15511	458	0	0	0	0	0	15511	0	0	0	
863607	40245	37900	1621	0	0	1504	0	0	37900	76	0	2152	
863652	9008	8343	424	0	0	328	0	0	8343	0	0	569	
863746	74137	72125	2688	0	0	3800	0	0	72125	0	0	3124	
864378	36446	35162	173	0	0	0	0	0	35162	0	0	1111	
864471	237064	230167	1158	0	0	0	0	0	230167	0	0	5739	
864846	36560	32821	4879	0	0	1140	0	0	32821	0	0	0	
864855	15028	14042	1107	0	0	601	0	0	14042	0	0	480	
865142	41535	36891	4686	0	0	1250	0	0	36891	0	0	1208	
865151	106909	96138	10252	0	0	539	0	0	96138	0	0	1058	
865450	45358	40562	2740	0	0	0	0	0	40562	0	0	2056	
865544	52801	47872	8398	0	0	5192	0	0	47872	0	0	1723	
865759	16349	13783	1032	0	0	180	0	0	13783	0	0	1714	
865852	8267	7369	1090	0	0	764	0	0	7369	0	0	572	
866000	415635	400609	30155	0	0	26050	0	0	400609	414	0	10507	
866121	46283	38696	3803	0	0	2000	0	0	38696	0	0	5784	
866251	4889	4130	413	0	0	60	0	0	4130	0	0	406	
867070	38327	33971	564	0	0	0	0	0	33971	0	0	3792	
867632	119652	112100	13563	0	0	6700	0	0	112100	0	0	689	
867650	345505	305874	21999	0	0	0	0	0	305874	0	0	17632	
867856	43238	39746	3566	0	0	600	0	0	39746	0	0	526	
868059	16320	14448	673	0	0	0	0	0	14448	0	0	1199	
868572	5032	4729	137	0	0	0	0	0	4729	0	0	166	
868956	68374	55907	7472	0	0	3240	0	0	55907	0	0	8235	
869346	26680	24265	2234	0	0	1675	0	0	24265	0	0	1856	
869551	71607	61046	7632	0	0	1800	0	0	61046	0	0	4729	
869663	143450	123274	7694	0	0	0	0	0	123274	0	0	12482	
869953	39555	34751	5597	0	0	3347	0	0	34751	0	0	2554	
870539	99198	89137	3449	0	0	1032	0	0	89137	0	0	7644	
870650	59084	50135	6977	0	0	3030	0	0	50135	0	0	5002	
870856	7630	6082	301	0	0	100	0	-22	6060	0	0	1369	
870913	49878	43665	1800	0	0	0	0	0	43665	2200	0	2213	
871358	10518	9547	549	0	0	300	0	0	9547	0	0	722	
871648	18028	16747	751	0	0	0	0	0	16747	0	0	530	
871769	1403515	1368882	48823	0	0	10252	0	0	1368882	-4511	0	573	
871956	6675	6331	792	0	0	448	0	0	6331	0	0	0	
872047	77787	72882	7542	0	0	6228	0	0	72882	0	0	3591	
872579	33889	34232	-349	0	0	0	0	0	34232	0	0	6	
873259	126861	115551	17712	0	0	8300	0	0	115551	0	0	1898	
874050	52165	46359	2099	0	0	600	0	0	46359	0	0	4307	
874452	12067	10806	1499	0	0	315	0	0	10806	0	0	77	
874845	741324	675315	78837	0	0	38626	0	0	675315	0	0	25798	
875048	33435	28570	1722	0	500	292	0	0	28570	0	0	2935	
875057	54120	49223	5091	0	0	1834	0	0	49223	0	0	1640	
875132	55285	51880	4603	0	0	1200	0	0	51880	0	0	2	
875655	13787	12824	1576	0	0	1251	0	0	12824	0	0	638	
875758	23759	21756	3081	0	0	1330	0	0	21756	0	0	252	
875879	11229	7169	12	0	3000	0	0	0	7169	703	0	345	
875936	73039	72082	8439	0	0	7667	0	0	72082	0	0	185	
876157	6362	5537	533	0	0	263	0	0	5537	0	0	555	
876634	510643	480663	48946	0	0	27750	0	0	480663	0	0	8784	
876700	403965	374299	23340	0	0	0	0	0	374299	0	0	6326	
877350	21642	20999	1461	0	0	1400	0	0	20999	0	0	582	
877752	43489	40857	5016	0	0	3002	0	0	40857	0	0	618	
877958	6035	2231	-126	639	2500	0	0	0	2231	0	0	791	
879439	17927	16060	1621	0	0	570	0	0	16060	0	0	816	
879457	133039	107056	17746	0	0	0	0	0	107056	0	0	8237	
879550	3945	3377	171	0	0	0	0	0	3377	0	0	397	
879644	65455	55596	8582	0	0	0	0	0	55596	0	0	1277	
879747	29637	25694	2659	0	0	0	0	0	25694	0	0	1284	
880332	42598	36908	3000	0	63	0	0	0	36908	0	0	2627	
880855	60710	49522	14844	0	0	8021	0	0	49522	0	0	4365	
881012	180440	162334	17038	0	0	6538	0	0	162334	0	0	7606	
881441	9772	8597	570	0	0	0	0	0	8597	0	0	605	
881478	915849	877952	51099	0	0	35000	0	0	877952	0	0	21798	
881852	23547	22179	3053	0	0	1825	0	0	22179	36	0	104	
881900	12436	11410	610	0	0	131	0	0	11410	0	-12	559	
882242	60736	57648	5104	0	0	2500	0	0	57648	0	0	484	
882541	20110	14871	-142	5108	0	0	0	0	14871	0	0	273	
882701	237134	221596	6094	0	0	0	0	0	221596	0	0	9444	
882952	28190	23745	4460	0	0	2262	0	0	23745	0	0	2247	
883351	13176	10035	1891	0	0	500	0	0	10035	0	0	1750	
883959	45951	40351	4894	0	0	0	0	0	40351	0	0	706	
884303	277326	209709	8341	0	37000	4695	0	0	209709	982	0	25989	
884358	88983	79783	4733	0	0	1000	0	0	79783	0	0	5467	
884376	12334	11407	458	0	0	127	0	0	11407	0	0	596	
884442	87269	82092	6547	0	0	3150	0	0	82092	0	0	1780	
884648	25152	23086	1669	0	0	825	0	0	23086	0	0	1222	
884657	6998	5789	893	0	0	264	0	0	5789	0	0	580	
885252	28672	25836	5200	0	0	3075	0	0	25836	0	0	711	
885430	22232	17761	1236	0	0	980	0	0	17761	0	0	4215	
885579	3986	4388	-447	0	0	0	0	0	4388	0	0	45	
885869	155375	128680	17123	0	0	850	0	0	128680	0	0	10422	
886204	161783	147474	6879	0	0	0	0	0	147474	0	0	7430	
886624	112873	100832	10044	0	0	1200	0	0	100832	0	0	3197	
887340	161686	150955	10923	0	0	3876	0	0	150955	0	0	3684	
887827	16495	15862	814	0	0	685	0	0	15862	0	0	504	
887854	5469	4551	384	0	0	0	0	0	4551	0	0	534	
888002	763162	706227	24143	0	0	550	0	0	706227	0	0	33342	
888141	15941	12426	881	0	0	138	0	0	12426	0	0	2772	
888271	89249	86193	2853	0	0	0	0	0	86193	0	0	203	
888552	75555	61808	16750	0	0	11930	0	0	61808	0	0	8927	
888833	80831	73495	12886	0	0	9000	0	0	73495	0	0	3450	
890050	71690	58918	5570	0	0	1500	0	0	58918	0	0	8702	
890649	20959	18744	1353	0	0	556	0	0	18744	0	0	1418	
890742	182047	161253	13725	0	0	4800	0	0	161253	0	0	11869	
890957	8911	8774	925	0	0	788	0	0	8774	0	0	0	
891226	72477	67119	4394	0	0	2355	0	0	67119	0	0	3319	
891253	45126	14233	2051	24698	0	0	0	0	14233	0	0	4144	
892205	248575	240994	12134	0	0	10040	0	0	240994	0	0	5487	
892223	17409	14665	962	0	786	180	0	0	14665	0	0	1176	
893855	218031	163920	18855	0	32535	0	0	0	163920	0	0	2721	
894272	22435	19050	1462	0	0	800	0	0	19050	0	0	2723	
894348	114341	97239	12302	0	0	20	0	0	97239	0	0	4820	
894544	53646	47536	2178	0	0	0	0	0	47536	0	0	3932	
894834	7180	6516	681	0	0	17	0	0	6516	0	0	0	
895055	82884	84175	8018	0	0	11375	0	0	84175	0	0	2066	
895448	19675	17565	1545	0	0	970	0	0	17565	0	0	1535	
895710	303216	285465	20000	0	0	13782	0	0	285465	993	0	10540	
896155	37187	31444	3368	0	0	1003	0	0	31444	0	0	3378	
897170	492765	467003	20672	0	0	0	0	0	467003	1378	0	3712	
897237	8560	7996	354	0	0	27	0	0	7996	0	0	237	
897451	9033	7647	1022	0	0	314	0	0	7647	0	0	678	
897648	45931	29022	2935	0	0	1050	0	0	29022	14928	0	96	
897853	16853	14991	2992	0	0	1161	0	0	14991	0	0	31	
898458	13768	13232	536	0	0	0	0	0	13232	0	0	0	
898579	73739	68660	4315	0	0	0	0	0	68660	0	0	764	
898627	115741	101535	8767	0	0	0	0	0	101535	0	0	5439	
898850	94799	88757	7402	0	0	2020	0	0	88757	0	0	660	
899008	98038	80322	1746	0	18877	0	0	0	80322	-3282	0	375	
899343	48642	38421	16413	0	0	13708	0	0	38421	0	0	7516	
899428	181462	161653	14002	0	0	0	0	0	161653	0	0	5807	
899642	42868	36646	6891	0	0	4700	0	0	36646	0	0	4031	
899651	19872	16790	2586	0	0	1350	0	0	16790	0	0	1846	
900034	50007	39270	7961	0	0	1833	0	0	39270	0	0	4609	
900146	90918	82171	7679	0	0	3000	0	0	82171	0	0	4068	
900306	476006	458292	42009	0	0	26000	0	0	458292	0	0	1705	
900502	133379	124542	6748	0	0	0	0	0	124542	0	0	2089	
900678	43930	41879	1214	0	0	0	0	0	41879	0	0	837	
901134	30451	28683	3054	0	0	2065	0	0	28683	0	0	779	
901358	38166	38751	594	0	0	2000	0	0	38751	0	0	821	
901451	12681	12136	1266	0	0	720	0	0	12136	0	0	-1	
901938	120437	105791	11110	0	0	3240	0	0	105791	0	0	6776	
901974	25647	23824	1657	0	0	0	0	0	23824	0	0	166	
902645	4108	3900	288	0	0	80	0	0	3900	0	0	0	
902672	50666	47092	3218	0	0	1350	0	0	47092	-311	0	2017	
903240	25084	20925	3451	0	0	2340	0	0	20925	0	0	3048	
903754	11086	9411	676	0	0	30	0	0	9411	0	0	1029	
903950	16638	17721	2691	0	0	4281	0	0	17721	0	0	507	
904171	58117	53456	3762	0	0	0	0	0	53456	0	0	899	
904359	25810	24951	4056	0	0	3250	0	0	24951	0	0	53	
904845	3958	1164	824	0	0	398	0	0	1164	0	0	2368	
905356	54912	48105	3777	0	2600	0	0	0	48105	0	0	430	
905673	30860	29460	851	0	0	0	0	0	29460	0	0	549	
906241	65015	59578	4621	0	0	2675	0	0	59578	0	0	3491	
906410	36110	32602	2798	0	0	85	0	0	32602	0	0	795	
907444	21292	19180	1950	0	1021	1386	0	0	19180	0	0	527	
907547	46299	39511	2634	0	0	827	0	0	39511	0	0	4981	
908450	31624	30260	3733	0	0	3415	0	0	30260	0	0	1046	
908553	113873	101336	17369	0	0	11500	0	0	101336	0	0	6668	
908861	72051	70226	2000	0	0	0	0	0	70226	0	0	-175	
909055	74165	62105	9893	0	0	4730	0	0	62105	0	0	6897	
909756	12570	11019	1373	0	413	300	0	0	11019	0	0	65	
910079	2341	2283	58	0	0	0	0	0	2283	0	0	0	
910118	64578	59310	3839	0	0	1400	0	0	59310	0	0	2829	
910239	19055	16992	2111	0	0	629	0	0	16992	0	0	581	
911160	67655	61806	3822	0	0	3550	0	0	61806	0	0	5577	
911339	13867	12867	-301	0	0	0	0	0	12867	0	0	1301	
911759	12234	12442	2024	0	0	2232	0	0	12442	0	0	0	
911973	411435	396951	50507	0	0	36023	0	0	396951	0	0	0	
912756	4033	3390	281	0	0	190	0	0	3390	0	0	552	
913146	69925	63654	8456	0	0	4260	0	0	63654	0	0	2075	
913436	9052	9111	-59	0	0	0	0	0	9111	0	0	0	
913753	469776	456125	40751	0	0	27100	0	0	456125	0	0	0	
913856	820443	694548	76839	0	0	0	0	0	694548	0	0	49056	
914545	23403	21067	486	0	0	0	0	0	21067	0	0	1850	
914648	409091	343896	19908	69462	0	30000	0	0	343896	1363	0	4462	
914853	17716	14350	1275	0	0	1004	0	0	14350	0	0	3095	
915056	7776	6469	710	0	0	0	0	0	6469	0	0	597	
915065	90570	82389	4829	0	0	0	0	0	82389	0	0	3352	
915878	1743326	1719076	66810	0	5566	0	0	0	1719076	0	0	-48126	
915935	3199	2831	278	0	0	7	0	0	2831	0	0	97	
916343	17611	15419	1045	0	0	4	0	0	15419	0	0	1151	
916745	90769	77647	9772	0	0	0	0	0	77647	0	0	3350	
916857	25644	24456	3441	0	0	2817	0	0	24456	0	0	564	
917050	39776	37511	4642	0	0	2702	0	0	37511	0	0	325	
917500	27118	23672	2011	0	0	564	0	0	23672	0	0	1999	
917555	80621	70386	9179	0	0	0	0	0	70386	0	0	1056	
917630	22479	7004	-152	0	0	0	0	5	7009	15000	0	622	
917742	4705377	4452640	344299	0	0	150000	0	0	4452640	0	0	58438	
917854	23710	22257	1840	0	0	1500	0	0	22257	0	0	1113	
918132	23055	22230	1038	0	0	548	0	0	22230	0	0	335	
918150	20942	18728	2574	0	0	360	0	0	18728	0	0	0	
918356	8374	8119	701	0	0	500	0	0	8119	0	0	54	
918477	89120	94161	-5100	0	0	0	0	0	94161	0	0	59	
918655	5694	4174	532	0	0	280	0	0	4174	0	0	1268	
918776	2731	2749	-38	0	0	0	0	0	2749	0	0	20	
918879	21958	20947	1327	0	0	827	0	0	20947	0	0	511	
918918	1344285	1253673	76354	0	0	0	0	0	1253673	0	0	14258	
918954	30833	26235	3650	0	0	948	0	0	26235	0	0	1896	
919344	28297	25488	2366	0	500	1844	0	0	25488	0	0	1787	
919456	52235	47232	5952	0	0	1810	0	0	47232	0	0	861	
919568	9771	9110	661	0	0	0	0	0	9110	0	0	0	
919773	18746	18480	122	0	0	0	0	0	18480	0	0	144	
920210	21681	18053	1616	0	-248	136	0	0	18053	0	0	2396	
920359	17561	15721	1577	0	-7	250	0	0	15721	0	0	520	
920733	22034	17372	1920	0	0	534	0	0	17372	-60	0	3336	
920854	84028	73602	8823	0	0	3790	0	0	73602	0	0	5393	
920975	38414	37041	2739	0	0	1407	0	0	37041	0	0	41	
921039	109159	99784	12633	0	0	5878	0	0	99784	0	0	2620	
921178	183005	176110	4613	0	0	2100	0	0	176110	0	0	4382	
921655	4294	3205	330	0	0	0	0	0	3205	0	0	759	
921879	17086	15587	390	0	0	0	0	0	15587	0	0	1109	
921936	2295	1326	76	0	0	1	0	0	1326	0	0	894	
922157	19219	15063	2846	0	0	1587	0	0	15063	0	0	2897	
922344	57206	59974	8035	0	0	13800	0	0	59974	0	0	2997	
922559	76068	56894	6949	0	11553	3040	0	0	56894	0	0	3712	
922924	37898	33342	3996	0	0	0	0	0	33342	0	0	560	
923257	12962	11551	1411	0	0	0	0	0	11551	0	0	0	
923350	3549	2489	275	0	0	150	0	-4	2485	0	0	939	
923707	218119	204516	9243	0	0	0	0	0	204516	0	0	4360	
923752	207443	174434	15309	16750	0	12500	0	0	174434	0	0	13450	
923855	15593	13234	1475	0	0	205	0	0	13234	0	0	1089	
923949	7319	6465	180	0	0	25	0	0	6465	0	0	699	
924058	23931	16430	2329	0	0	1110	0	0	16430	0	0	6282	
924236	91622	80908	2738	0	0	608	0	0	80908	0	0	8584	
924254	7596	6194	1474	0	0	702	0	0	6194	0	0	630	
924357	27777	22329	3497	0	0	364	0	0	22329	0	0	2315	
924553	19411	17524	688	0	0	0	0	0	17524	0	0	1199	
924937	33989	27675	3436	0	0	1669	0	0	27675	0	0	4547	
925037	234979	216779	22347	0	0	6600	0	0	216779	0	0	2453	
925055	22408	19594	1382	0	0	1050	0	0	19594	0	0	2482	
925354	28003	24173	2823	0	1000	150	0	0	24173	0	0	157	
925411	532300	509987	56070	0	0	33757	0	0	509987	0	0	0	
925653	66224	57698	8534	0	0	0	0	0	57698	0	0	-8	
926632	24802	21625	2042	0	0	600	0	0	21625	0	0	1735	
926650	12398	12131	379	0	0	112	0	0	12131	0	0	0	
926959	25824	21678	919	0	0	620	0	5	21683	0	0	3842	
927077	15252	14788	411	0	0	0	0	0	14788	0	0	53	
927134	27531	21027	3340	0	0	2340	0	0	21027	0	0	5504	
927479	129569	125864	1209	0	0	0	0	0	125864	825	0	1671	
928056	123529	109110	9581	0	0	1000	0	0	109110	0	0	5838	
928421	307328	255803	22776	0	25000	7000	0	0	255803	0	0	10749	
928618	137104	127905	5869	0	0	1200	0	0	127905	0	0	4530	
929352	1420014	1349703	67368	0	0	0	0	0	1349703	0	0	2943	
929932	59488	51415	4523	0	0	2200	0	0	51415	0	0	5750	
929978	465833	435839	36914	0	0	18000	0	0	435839	989	0	10091	
930358	137935	130969	5033	0	0	870	0	0	130969	0	0	2803	
930442	129538	115587	11821	0	0	1200	0	0	115587	0	0	3330	
930853	35268	30576	4782	0	0	1241	0	0	30576	0	0	1151	
930965	945155	1056597	-117496	0	0	0	0	0	1056597	0	0	6054	
931038	143874	126384	12421	0	0	3000	0	0	126384	0	0	8069	
931047	30757	29657	3611	0	0	2842	0	0	29657	0	0	331	
931159	7001	5923	2080	0	0	2400	0	0	5923	0	0	1398	
931207	9675	7479	2147	0	0	0	0	0	7479	0	0	49	
931270	25136	23930	569	0	0	0	0	0	23930	0	0	637	
931355	17697	16267	1999	0	0	851	0	0	16267	0	0	282	
931458	8897	9023	-123	0	0	0	0	0	9023	0	0	-3	
931944	20625	18349	1145	0	0	343	0	0	18349	0	0	1474	
932642	19048	17563	885	0	0	180	0	0	17563	0	0	780	
932745	40475	37240	5308	0	0	3270	0	0	37240	0	0	1197	
932978	603302	553507	84840	0	0	50000	0	0	553507	0	0	14955	
933023	639670	604261	48623	0	0	16000	0	0	604261	0	0	2786	
933041	122050	109626	6863	0	0	2100	0	0	109626	0	0	7661	
933256	551252	501074	54150	0	0	23000	0	0	501074	0	0	19028	
933340	45038	45764	8888	0	0	2814	0	0	45764	-6800	0	0	
933377	165928	174614	-3262	0	-2500	2022	3390	0	174614	0	0	2488	
933621	890989	831132	99047	0	0	66375	0	0	831132	-81	0	27266	
933966	2262447	2162877	158282	0	0	123000	0	0	2162877	0	0	64288	
933975	437526	404236	35492	0	0	8362	0	0	404236	0	0	6160	
934271	145304	132111	15543	0	0	5250	0	0	132111	2858	0	42	
934329	3509000	3593000	207000	0	0	88000	0	0	3593000	-206000	0	3000	
934673	82748	78077	3047	0	0	0	0	0	78077	838	0	786	
935250	77520	70374	7149	0	0	2175	0	0	70374	0	0	2172	
935308	62341	57246	1692	0	0	0	0	0	57246	0	0	3403	
935559	36683	32155	4484	0	0	2488	0	0	32155	0	0	2532	
935577	20195	20256	192	0	0	1000	0	0	20256	144	0	603	
935719	18947	16671	1484	0	0	611	0	0	16671	0	0	1403	
936136	905453	671120	59441	193761	0	35000	0	0	671120	0	0	16131	
936426	1440106	1352178	104592	0	0	48466	0	0	1352178	0	0	31802	
936462	2972889	2301868	143047	462075	0	0	0	14685	2316553	257	0	50957	
936583	332936	309182	9426	0	0	0	0	0	309182	0	0	14328	
936640	31902	28771	2867	0	0	1190	0	0	28771	0	0	1454	
936837	26536	24246	4309	0	0	2822	0	0	24246	0	0	803	
936855	7284913	3462767	471847	2955597	200000	55000	0	0	3462767	0	0	249702	
937339	35523	32165	1484	0	0	383	0	0	32165	0	0	2257	
937553	16042	14151	2489	0	0	1685	0	0	14151	0	0	1087	
937740	66637	57487	3829	0	0	1500	0	0	57487	0	0	6821	
937759	17941	16362	785	0	0	0	0	0	16362	0	0	794	
937834	7013	4366	2341	0	0	0	0	0	4366	0	0	306	
937843	8904	7416	1052	0	0	560	0	0	7416	0	0	996	
938354	13775	13399	376	0	0	0	0	0	13399	0	0	0	
938550	12557	10382	2067	0	0	0	0	0	10382	0	0	108	
938859	110956	106230	23746	0	0	20800	0	0	106230	0	0	1780	
939249	213402	193076	14712	0	0	6000	0	0	193076	0	0	11614	
940021	12819	12093	1239	0	0	859	0	0	12093	0	0	346	
940311	3733000	3178000	520000	0	1000	350000	0	0	3178000	0	0	384000	
940674	18873	16989	129	0	550	0	0	0	16989	0	0	1205	
940731	35322	32978	3404	0	0	3000	0	0	32978	0	0	1940	
940852	5877	4935	696	0	0	200	0	0	4935	0	0	446	
941541	10888	7697	750	0	2000	390	0	0	7697	0	0	831	
941804	18952	16402	1986	0	0	329	0	0	16402	0	0	893	
942454	27574	24359	1523	0	0	600	0	0	24359	0	0	2292	
942539	30808	27970	2904	-10	0	876	0	0	27970	0	0	820	
942847	23880	21977	1413	0	0	0	0	0	21977	0	0	490	
943143	10072	9199	404	0	0	450	0	0	9199	0	0	919	
943152	2337	1709	15	0	0	0	0	0	1709	0	0	613	
943273	9569	9132	356	0	0	0	0	0	9132	0	0	81	
943675	66915	62750	3853	0	0	1114	0	0	62750	0	-1280	2706	
943853	9135	8559	577	0	0	0	0	0	8559	0	0	-1	
943974	17477	16033	520	0	0	0	0	0	16033	0	0	924	
944047	51775	46487	5255	0	0	346	0	0	46487	0	0	379	
944337	38821	33818	4691	0	0	2290	0	0	33818	0	0	2602	
944355	68424	59270	7260	0	0	600	0	0	59270	0	0	2494	
944627	63885	40188	3726	0	17500	835	0	0	40188	0	0	3306	
944739	17640	6344	3209	0	0	0	0	0	6344	0	0	8087	
944748	9224	8186	601	0	0	470	0	0	8186	0	0	907	
944935	8002	7432	567	0	0	252	0	0	7432	0	0	255	
945026	35412	32551	1352	0	0	1945	0	0	32551	0	0	3454	
945053	449789	403826	38263	0	0	32985	0	0	403826	0	0	40685	
945071	63266	57390	3144	0	0	0	0	0	57390	0	0	2732	
945950	9645	8761	1326	0	0	1025	0	0	8761	0	0	583	
946274	26608	24265	2087	0	0	0	0	0	24265	0	0	256	
946555	28809	23367	2349	0	0	100	0	0	23367	0	0	3193	
947525	24485	20004	1661	0	0	223	0	0	20004	0	0	3043	
947749	62727	54485	8498	0	0	1000	0	0	54485	0	0	744	
947776	20361	17759	726	0	0	0	0	0	17759	0	0	1876	
948250	19643	16763	3052	0	0	2375	0	0	16763	0	0	2203	
948278	16242	16568	-326	0	0	0	0	0	16568	0	0	0	
948531	27467	24540	3144	0	0	500	0	0	24540	0	0	283	
949154	512801	467124	41081	0	0	10400	0	0	467124	0	0	14996	
950141	95778	87830	10625	0	0	5000	0	0	87830	0	0	2323	
950178	106999	105102	201	0	0	0	0	0	105102	0	0	1696	
950356	13416	11963	844	0	0	779	0	0	11963	0	0	1388	
950758	23301	21790	3018	0	0	2341	0	0	21790	0	0	834	
951102	69483	64144	4658	0	0	0	0	0	64144	0	0	681	
952172	150633	145617	5054	0	0	0	0	0	145617	1342	0	-1380	
952257	14331	12661	832	0	0	150	0	0	12661	0	0	988	
952846	19915	16424	563	3832	0	1216	0	0	16424	0	0	312	
953535	81857	76470	4331	0	0	0	402	0	76470	0	0	1458	
953843	37649	34427	7831	0	0	6000	0	0	34427	0	0	1391	
953852	19849	18620	768	0	0	2053	0	0	18620	0	0	2514	
954158	12059	10183	768	0	0	300	0	0	10183	0	0	1408	
954251	26082	23524	3584	0	0	1637	0	0	23524	0	0	611	
954279	66342	60890	1840	0	0	0	0	0	60890	0	0	3612	
954653	11501	10346	474	0	0	125	0	0	10346	476	0	330	
954671	29795	25507	3990	0	0	2150	0	0	25507	0	0	2448	
955753	13282	11655	857	0	0	286	0	0	11655	0	0	1056	
955940	27144	24619	2514	0	0	1180	0	0	24619	0	0	1191	
955959	36264	30172	1329	0	0	0	0	0	30172	0	0	4763	
955977	116147	105170	7137	0	0	0	0	0	105170	1918	0	1922	
956134	10439	6595	579	0	0	261	0	167	6762	0	0	3359	
956152	11522	8359	1250	0	0	0	0	1	8360	0	0	1912	
956255	22473	16990	2414	0	0	1750	0	0	16990	0	0	4819	
956358	10765	9159	1626	0	0	840	0	0	9159	0	0	820	
956376	22583	20398	900	0	0	0	0	0	20398	0	0	1285	
956527	27056	26282	1056	0	0	498	0	0	26282	0	0	216	
956554	24687	22950	1798	0	0	624	0	0	22950	0	0	563	
956750	148360	75656	5151	0	0	250	0	0	75656	56279	0	11524	
956938	133793	123924	15581	0	0	8723	0	0	123924	126	0	2885	
956956	24752	20961	2746	0	0	1800	0	0	20961	0	0	2845	
957757	35246	29543	3547	0	0	1750	0	0	29543	0	0	3906	
958204	178205	170428	3502	0	0	0	0	0	170428	0	0	4275	
958231	8269	10587	-96	-2222	0	0	0	0	10587	0	0	0	
958558	52588	47628	2624	0	0	0	0	0	47628	0	0	2336	
958763	19211	16867	622	0	0	0	0	0	16867	0	0	1722	
959304	901656	883354	25395	0	0	0	0	0	883354	0	0	-7093	
959443	38974	34966	3502	0	-626	1112	0	0	34966	0	0	2244	
959630	3020	3177	-276	0	0	0	0	0	3177	0	0	119	
959715	144455	135391	7027	0	0	0	0	0	135391	0	0	2037	
960047	9088	8541	705	0	0	264	0	0	8541	0	0	106	
960551	10249	9316	1181	0	0	954	0	0	9316	0	0	706	
960935	189574	163961	17126	0	0	1800	0	0	163961	0	0	10287	
961259	41955	27295	12282	0	0	9800	0	0	27295	0	0	12178	
961343	30254	25319	1929	0	0	769	0	0	25319	0	0	3775	
961400	71451	67494	3207	0	0	0	0	0	67494	0	0	750	
961446	15271	13819	1444	0	0	192	0	0	13819	0	0	200	
961576	323152	309275	17926	0	0	3167	0	0	309275	-867	0	-15	
961624	1248470	1150469	45404	0	0	0	0	0	1150469	0	0	52597	
962313	17428	14463	3182	0	0	1318	0	0	14463	0	0	1101	
962890	226801	221589	12884	0	0	11000	0	0	221589	135	0	3193	
962966	5815516	4535203	533171	0	728467	0	0	0	4535203	0	0	18675	
963002	50096	48423	1304	0	0	0	0	-120	48303	0	0	489	
963730	42687	37700	4987	0	0	0	0	0	37700	0	0	0	
963945	2179350	2074024	155363	0	0	49958	0	0	2074024	0	0	-79	
964157	38228	34529	3287	0	0	900	0	0	34529	0	0	1312	
964250	11374	9609	751	0	0	400	0	0	9609	0	0	1414	
965051	9352	8108	1033	0	0	692	0	0	8108	0	0	903	
965789	283509	260450	18549	0	0	0	0	0	260450	2576	0	1934	
966272	18989	17025	1152	0	0	0	0	0	17025	0	0	812	
966722	41959	37702	3112	0	0	990	0	0	37702	0	0	2135	
966731	32774	27359	4950	0	0	2555	0	0	27359	0	0	3020	
966973	20611	20252	307	0	0	0	0	0	20252	0	0	52	
967046	91711	80536	9001	0	0	1950	0	0	80536	0	0	4124	
967952	19971	20090	1280	0	0	2319	0	0	20090	0	0	920	
968070	998043	954312	52786	0	0	14000	0	0	954312	752	0	4193	
968155	14397	13109	1324	0	0	650	0	0	13109	0	0	614	
968249	42152	34594	3382	0	0	700	0	0	34594	0	0	4876	
968744	45798	38937	3272	0	0	0	0	0	38937	0	0	3589	
969059	7836	6605	809	0	0	0	0	0	6605	0	0	422	
969255	37291	35123	5603	0	0	3692	0	0	35123	0	0	257	
969639	24808	22293	1500	0	0	0	0	0	22293	0	0	1015	
969844	25422	23088	1922	0	0	636	0	0	23088	0	0	1048	
969956	9393	7229	833	0	0	0	0	-9	7220	0	0	1340	
970055	27351	23996	1538	0	0	600	0	0	23996	0	0	2417	
971070	12437	12645	-277	0	0	0	0	0	12645	0	0	69	
971379	2227	2214	2	0	0	0	0	11	2225	0	0	0	
971959	342346	300806	30915	0	0	11050	0	0	300806	0	0	21675	
972143	19576	16556	2417	0	1000	850	0	0	16556	0	0	453	
972406	52151	58362	26818	0	0	33029	0	0	58362	0	0	0	
972648	220701	200804	13383	0	0	6750	0	0	200804	79	0	13185	
972732	141781	120054	13785	0	0	1665	0	0	120054	0	0	9607	
972750	9673	8512	636	0	0	250	0	0	8512	0	0	775	
972769	101598	96751	3699	0	0	0	0	0	96751	0	0	1148	
972862	146903	136451	12497	0	0	5137	0	0	136451	504	0	2588	
973252	6552	5941	596	0	0	430	0	0	5941	0	0	445	
974558	24233	21835	1371	0	0	0	0	0	21835	0	0	1027	
974754	46010	37988	7805	0	0	6305	0	0	37988	0	0	6522	
975153	41840	39027	4489	0	0	3416	0	0	39027	0	0	1740	
975256	59569	56978	8468	0	0	6100	0	0	56978	0	0	223	
975452	5968	5674	357	0	0	110	0	0	5674	0	0	47	
975751	268797	270320	35477	0	0	37000	0	0	270320	0	0	0	
975854	52268	48850	6115	0	0	2876	0	0	48850	0	0	179	
976534	22409	20746	1289	0	0	228	0	5	20751	0	0	597	
976552	95547	90442	3596	0	0	0	0	0	90442	0	0	1509	
976703	391952	360474	89728	0	0	57800	0	0	360474	0	0	-450	
976954	2137	1981	156	0	0	0	0	0	1981	0	0	0	
977045	11277	5599	478	4451	750	0	0	0	5599	0	0	-1	
977250	48875	43924	4538	0	0	0	0	0	43924	0	0	413	
977616	34415	30014	3558	0	0	0	0	0	30014	0	0	843	
977652	17540	16712	1369	0	0	1127	0	0	16712	0	0	586	
977951	89435	82018	5864	0	0	1969	0	0	82018	0	0	3522	
978118	348171	328190	28212	0	0	17304	0	0	328190	0	0	9073	
979133	19031	13850	1171	0	0	469	0	0	13850	0	0	4479	
979151	29144	26222	1892	0	0	1162	0	0	26222	0	0	2192	
979629	85393	86252	8390	0	0	12347	0	0	86252	264	0	2834	
979759	50243	41615	2241	0	0	120	0	0	41615	0	0	6507	
980438	27941	26164	2249	0	0	925	0	0	26164	0	0	453	
980531	120386	105305	10515	0	0	3896	0	0	105305	0	0	8462	
980661	2721784	2603944	212312	0	-1026	180500	0	0	2603944	11209	0	75845	
980773	64347	60551	2050	0	0	0	0	0	60551	0	0	1746	
980951	29406	24904	1498	0	0	600	0	0	24904	0	0	3604	
980960	118150	113422	14278	0	0	9550	0	0	113422	0	0	0	
981350	2876	2568	307	0	0	0	0	0	2568	0	0	1	
981453	3684	3028	275	0	0	40	0	0	3028	0	0	421	
982142	161936	144627	15967	0	0	9000	0	0	144627	0	0	10342	
982348	120656	107204	12502	0	0	4924	0	0	107204	0	0	5874	
982553	64044	59228	5909	0	0	1421	0	0	59228	0	0	328	
983055	3946	3510	173	0	0	0	0	0	3510	0	0	263	
983158	6401	6273	728	0	0	600	0	0	6273	0	0	0	
983457	192752	170240	14750	0	0	5000	0	0	170240	0	0	12762	
983550	14845	10763	1750	0	0	464	0	0	10763	0	0	2796	
984258	65275	57027	6834	0	0	4377	0	0	57027	0	0	5791	
984351	10833	9500	661	0	0	658	0	0	9500	0	0	1330	
984454	8677	7964	493	0	0	68	0	0	7964	0	0	288	
984856	18357	15644	2177	0	0	790	0	0	15644	0	0	1326	
985451	19915	16490	3269	0	0	1000	0	0	16490	0	0	1156	
985479	138275	128622	12514	0	0	7282	0	0	128622	367	0	4054	
986159	11743	11074	1102	0	0	1002	0	0	11074	0	0	569	
986551	16103	13816	1728	0	0	0	0	0	13816	0	0	559	
986757	9554	4677	210	0	0	81	0	0	4677	4692	0	56	
986935	18910	15302	1381	0	0	0	0	0	15302	0	0	2227	
987231	39900	37763	4326	0	-14	2730	0	0	37763	0	0	555	
987259	33024	30226	3782	0	0	3240	0	0	30226	0	0	2256	
987576	6854	6782	72	0	0	0	0	0	6782	0	0	0	
987651	25841	22408	2297	0	0	245	0	0	22408	0	0	1381	
987848	13978	11279	747	0	0	155	0	0	11279	0	0	2107	
988144	29018	22757	1692	0	0	0	0	0	22757	0	0	4569	
988153	78883	70083	14330	0	0	10400	0	0	70083	0	0	4870	
988256	9059	8483	487	0	0	0	0	0	8483	0	0	89	
988452	16510	11855	2043	0	0	1085	0	0	11855	0	0	3697	
989141	30411	28993	1867	0	0	900	0	0	28993	0	0	451	
989347	57411	51493	7501	0	0	1590	0	0	51493	0	0	7	
989534	25303	23673	2698	0	0	1066	0	0	23673	0	0	-2	
989730	39741	37452	2691	0	0	1050	0	0	37452	0	0	648	
989851	9910	8110	171	0	0	0	0	0	8110	0	0	1629	
990053	24141	23213	3726	0	0	3140	0	0	23213	0	0	342	
990352	99661	92126	8022	0	0	4500	0	0	92126	0	0	4013	
990642	35941	31708	2785	0	0	490	0	0	31708	0	0	1938	
991078	6050	5858	192	0	0	0	0	0	5858	0	0	0	
991135	12501	11393	518	0	0	165	0	0	11393	0	0	755	
991340	1185493	1068478	122980	0	0	47334	0	0	1068478	0	0	41369	
991359	19246	20236	3048	0	300	4399	0	0	20236	0	0	61	
991555	16792	12795	1194	0	0	300	0	0	12795	0	0	3103	
991621	76832	66246	7759	0	0	2225	0	0	66246	0	0	5052	
991854	1779	1677	200	0	0	96	0	0	1677	0	0	-2	
992851	27517	20262	3260	0	0	1213	0	0	20262	0	0	5208	
993250	25778	23067	1795	0	1000	600	0	0	23067	0	0	516	
994435	207307	186268	14234	0	0	0	0	0	186268	165	0	6640	
994770	3285	3239	46	0	0	0	0	0	3239	0	0	0	
995076	380146	351701	44825	0	0	16941	0	0	351701	0	0	561	
995272	140315	136059	3030	0	0	0	0	0	136059	0	0	1226	
995517	60846	55055	5077	0	0	348	0	0	55055	0	0	1062	
995571	22164	19361	3410	0	0	2400	0	0	19361	0	0	1793	
995674	20298	18764	2766	0	-200	1032	0	0	18764	0	0	0	
995955	6055	5611	614	0	0	425	0	0	5611	0	0	255	
996260	744659	709681	29994	0	0	0	0	0	709681	268	0	4716	
997155	11108	9883	798	0	0	300	0	0	9883	0	0	727	
997557	7476	5613	622	0	0	278	0	0	5613	9	0	1510	
997847	91488	80906	7623	0	361	2168	0	0	80906	0	0	4766	
998358	6537	5357	1132	0	0	386	0	-18	5339	0	0	452	
998648	23301	21302	1686	0	0	300	0	-90	21212	0	0	703	
998657	11123	9934	755	0	0	0	0	0	9934	250	0	184	
998844	124469	114316	15872	0	0	7007	0	0	114316	0	0	1288	
999935	67938	60820	7993	0	0	900	0	0	60820	0	0	25	
1000052	74497	65967	7543	0	0	1454	0	0	65967	0	0	2441	
1000276	55600	53483	-24	0	0	0	0	0	53483	0	0	2141	
1000641	87961	81430	6113	0	0	1050	0	0	81430	0	0	1468	
1000856	5322	5734	113	0	0	0	0	-610	5124	0	0	85	
1000959	30045	27293	3189	0	0	1983	0	0	27293	0	0	1546	
1001059	114929	103878	13712	0	-4106	5000	0	0	103878	0	0	6445	
1001152	1889846	1738038	207270	0	0	95000	0	0	1738038	0	0	39538	
1001639	402999	382820	28417	0	0	10225	0	0	382820	0	0	1987	
1001648	290056	267802	28252	0	0	10750	0	0	267802	0	0	4752	
1001853	45028	42139	2950	0	0	100	0	0	42139	0	0	39	
1002373	79739	74292	1983	0	0	0	0	0	74292	0	0	3464	
1002458	12037	10409	1462	0	0	0	0	0	10409	0	0	166	
1002878	1894417	1591192	91842	0	0	50013	0	0	1591192	237744	0	23652	
1002953	16826	14219	2179	0	0	500	0	0	14219	0	0	928	
1003455	17280	9707	2064	0	0	0	0	0	9707	0	0	5509	
1003558	22040	22188	196	0	0	1700	0	0	22188	0	0	1356	
1003839	79845	75778	3272	0	-134	526	0	0	75778	0	0	1455	
1003950	21276	17031	1770	0	2003	0	0	0	17031	0	0	472	
1004256	5528	4971	399	0	0	275	0	0	4971	0	0	433	
1004470	184217	170450	15039	0	0	3000	0	0	170450	0	0	1728	
1005075	77444	78647	-1067	0	0	0	0	0	78647	0	0	-136	
1005552	22807	19558	1514	0	0	225	0	0	19558	0	0	1960	
1005655	16889	15981	1096	0	0	240	0	0	15981	0	0	52	
1005851	17081	15802	1819	0	0	680	0	0	15802	0	0	140	
1006148	148343	138109	11476	0	0	5322	0	0	138109	0	0	4080	
1006157	11518	6459	1216	0	0	500	0	0	6459	0	0	4343	
1006513	34119	30456	3914	0	0	1833	0	0	30456	0	0	1582	
1006559	16043	14887	1346	0	0	800	0	0	14887	0	0	610	
1006652	24199	20699	3136	0	0	421	0	0	20699	0	0	785	
1007015	470609	433498	34326	0	0	2100	0	0	433498	0	0	4885	
1007051	14355	12419	677	0	0	0	0	0	12419	0	0	1259	
1007154	73165	67271	5190	0	0	900	0	0	67271	0	0	1604	
1007417	93317	69816	9815	0	0	4989	0	0	69816	0	0	18675	
1007734	56173	43457	3209	0	8621	0	0	0	43457	0	0	886	
1007752	27008	26228	3084	0	0	3291	0	0	26228	0	0	987	
1007819	229099	202617	21487	0	0	5994	0	0	202617	0	0	10989	
1007873	65975	63361	2144	0	0	0	0	0	63361	0	0	470	
1007930	13860	12300	1433	0	0	1000	0	0	12300	0	0	1127	
1007958	7799	6885	747	0	0	474	0	0	6885	0	0	641	
1008076	23706	20127	-607	0	0	0	0	0	20127	0	0	4186	
1008151	9988	8255	1456	0	0	539	0	0	8255	0	0	816	
1008209	24841	22729	1451	0	-500	530	0	0	22729	0	0	1691	
1008450	4131	4416	-385	0	0	0	0	0	4416	0	0	100	
1008553	17176	15118	2005	0	0	1100	0	0	15118	196	0	957	
1008674	71819	53279	4368	10536	0	0	0	0	53279	0	0	3636	
1008955	12067	9250	1372	0	0	449	0	0	9250	0	0	1894	
1009242	164807	116625	14059	0	29734	0	0	0	116625	0	0	4389	
1009354	426818	360499	36113	0	0	14000	0	0	360499	0	0	44206	
1009756	37628	33240	2962	0	0	2155	0	0	33240	0	0	3581	
1009840	12452	10012	616	0	0	0	0	0	10012	0	0	1824	
1010015	37556	34648	2737	0	0	608	0	0	34648	0	0	779	
1010574	34571	31539	2721	0	0	0	0	0	31539	0	0	311	
1011432	24804	22864	2264	0	0	1530	0	0	22864	0	0	1206	
1011526	739801	605493	100181	0	0	0	0	0	605493	2466	0	31661	
1011638	155990	134247	20605	0	0	1800	0	0	134247	0	0	2938	
1011656	180634	97501	1261	0	0	0	0	0	97501	81886	0	-14	
1011852	2178	2177	1	0	0	0	0	0	2177	0	0	0	
1011955	73406	65396	7372	0	0	4750	0	0	65396	0	0	5388	
1012251	54070	43649	2518	0	0	1250	0	0	43649	0	0	9153	
1012457	5111	4424	813	0	0	171	0	0	4424	0	0	45	
1013070	138382	130352	6370	0	0	0	0	0	130352	0	0	1660	
1013650	20141	17929	1441	0	0	0	0	0	17929	0	0	771	
1013744	67602	64306	3440	0	0	1463	1124	0	64306	2051	0	392	
1014059	10961	11043	678	0	0	1000	0	0	11043	0	0	240	
1014125	88918	82134	7026	0	0	2175	0	0	82134	0	0	1933	
1014246	10699	9734	1088	0	0	250	0	0	9734	0	0	127	
1014255	5075	4608	486	0	0	0	0	-19	4589	0	0	0	
1014376	42563	38821	2318	0	0	0	0	0	38821	0	0	1424	
1014451	7796	6583	1367	0	0	340	0	0	6583	0	0	186	
1014554	9788	9512	1279	0	0	999	0	0	9512	0	0	-4	
1014657	61210	55750	7510	0	0	3505	0	0	55750	0	0	1455	
1014853	30410	19906	3350	0	0	1675	0	0	19906	0	0	8829	
1015252	48101	40784	9115	0	0	7500	0	0	40784	0	0	5702	
1015270	35812	32430	1522	0	0	0	0	0	32430	0	0	1860	
1015458	8490	8180	305	0	0	0	0	0	8180	0	0	5	
1015560	484415	474005	10410	0	0	0	0	0	474005	0	0	0	
1015841	21090	15374	2620	0	0	1335	0	0	15374	0	0	4431	
1015850	57781	51759	7096	0	0	2434	0	0	51759	0	0	1360	
1016174	39381	37623	1069	0	0	0	0	0	37623	0	0	689	
1016231	153527	149691	9695	0	0	9245	0	0	149691	0	0	3386	
1016259	124348	107817	19596	0	0	10750	0	0	107817	0	0	7685	
1016558	6026	4474	372	0	1003	115	0	0	4474	0	0	292	
1016718	48598	44855	2520	0	0	0	0	0	44855	0	0	1223	
1016848	10686	9456	1720	0	0	1180	0	0	9456	0	0	690	
1016857	110469	98830	17545	0	0	13881	0	0	98830	0	0	7975	
1017425	74596	59607	7482	0	2800	2100	0	0	59607	0	0	6807	
1017555	10055	5863	-186	4157	0	0	0	0	5863	0	0	221	
1017564	12247	10142	1790	0	-386	500	0	0	10142	0	0	1201	
1017854	4368	8281	164	0	-1446	3050	0	0	8281	0	0	419	
1017939	3381511	3282264	246490	65717	0	265254	0	0	3282264	0	0	52294	
1017957	23389	20546	2510	0	0	1605	0	0	20546	0	0	1938	
1018927	347213	336578	26453	0	0	15605	0	0	336578	0	0	-213	
1157415	431272	389690	86547	0	0	48700	0	0	389690	0	0	3735	
1160509	30243	27358	3118	0	0	2275	0	-316	27042	0	0	2358	
1162017	141121	139845	9379	0	0	13176	0	0	139845	661	0	4412	
1163283	14624	12252	1645	0	0	0	0	0	12252	0	0	727	
1169650	154339	136383	17462	0	0	0	0	0	136383	0	0	494	
1176881	1163305	1100044	13178	0	41983	0	0	0	1100044	0	0	8100	
1176920	6662	6569	507	0	0	414	0	0	6569	0	0	0	
1187001	623897	546990	133307	0	0	56400	0	0	546990	0	0	0	
1187551	20333	19265	1068	0	0	0	0	0	19265	0	0	0	
1188772	86984	84358	4283	0	0	3500	0	0	84358	0	0	1843	
1188987	39515	36417	5685	0	0	4600	0	0	36417	0	0	2013	
1190476	1960801	1824554	154321	0	0	75000	0	0	1824554	7902	0	49024	
1191352	20108	14777	2342	0	0	390	0	0	14777	0	0	3379	
1216022	14743000	13983000	2545000	0	0	1800000	0	0	13983000	0	0	15000	
1218446	36255	35166	1074	0	0	0	0	0	35166	0	0	15	
1222519	107554	88002	12568	0	0	1288	0	0	88002	0	0	8272	
1222948	97509	96420	7581	0	0	6492	0	0	96420	0	0	0	
1225752	14395	10905	709	0	0	76	0	0	10905	0	0	2857	
1225761	1571757	1511776	62999	0	0	0	0	0	1511776	0	0	-3018	
1225798	21654	19610	2044	0	0	0	0	0	19610	0	0	0	
1228034	138253	128305	15857	0	0	6906	0	0	128305	0	0	997	
1293078	14507	12956	2148	0	0	1750	0	0	12956	0	0	1153	
1369870	15703	14786	868	0	0	0	0	0	14786	1	0	48	
1386251	1325701	1208340	154432	0	0	55710	965	0	1208340	1958	0	17646	
1387203	26984	20774	2217	0	0	1599	0	0	20774	0	0	5592	
1387605	284520	258759	20939	0	0	5156	0	0	258759	0	0	9978	
1391778	1010711	1110483	313950	0	0	425000	0	0	1110483	7513	0	3765	
1394621	162668	147208	13858	0	0	0	0	0	147208	0	0	1602	
1394676	18165686	18549548	6114398	0	0	6500000	0	0	18549548	0	0	1740	
1396764	127785	128967	3184	0	0	6000	0	0	128967	0	0	1634	
1397471	21021	21584	-4698	0	8500	230	0	0	21584	0	0	-4135	
1402384	18689	17150	2006	0	0	928	0	0	17150	0	0	461	
1404481	27093	20186	1893	0	5000	480	0	0	20186	0	0	494	
1404883	28644	26809	3735	0	0	2612	0	0	26809	0	0	712	
1414819	106797	89251	7909	0	0	0	0	0	89251	0	0	9637	
1418255	12904	11364	361	0	1420	241	0	0	11364	0	0	0	
1429028	103747	94625	7598	0	0	0	0	0	94625	0	0	1524	
1435092	9837	6125	562	0	0	0	0	0	6125	0	0	3150	
1436204	417865	424987	4903	0	0	32000	0	0	424987	2284	0	17691	
1443266	1862000	1802000	60000	0	0	0	0	0	1802000	0	0	0	
1444021	3491301	3793550	435959	0	-250000	525000	0	0	3793550	36398	0	394	
1445943	225443	198864	17598	0	0	15000	0	0	198864	0	0	23981	
1447639	360540	308531	46848	0	1001	22044	0	0	308531	0	0	26204	
1456501	25985000	22090000	3368000	0	0	0	0	0	22090000	0	0	527000	
1458608	302441	266456	31827	0	0	3435	0	0	266456	0	0	7593	
1459717	206847	189952	30136	0	0	21057	0	0	189952	0	0	7816	
1459735	85633	68475	15531	0	0	1879	0	0	68475	0	0	3506	
1459799	40368	35521	3599	0	0	1619	0	0	35521	1715	0	1152	
1462986	11010	10598	267	0	0	47	0	0	10598	0	0	192	
1469677	125067	103485	13867	0	0	0	0	0	103485	0	0	7715	
1470150	13066	12725	710	0	0	750	0	0	12725	0	0	381	
1474309	8835	8991	-2968	0	0	0	0	0	8991	1767	0	1045	
1479470	45353	39595	3913	0	0	1216	0	0	39595	0	0	3061	
1481745	75382	67043	8731	0	0	2564	0	0	67043	0	0	2172	
1492817	17101	14551	3242	0	0	3300	0	0	14551	0	0	2608	
1493319	22984	24656	-2656	0	0	0	0	0	24656	0	0	984	
1494482	5720	5438	943	0	0	661	0	0	5438	0	0	0	
1494914	250811	194192	4933	0	50000	0	0	0	194192	0	0	1686	
1629903	68341	65287	19401	0	0	15500	0	-847	64440	0	0	0	
1718188	301244	261242	43670	0	0	10208	0	0	261242	0	0	6540	
1718469	251496	240912	9524	0	0	911	0	0	240912	0	0	1971	
1820979	8905	4244	4824	0	0	220	0	0	4244	0	0	57	
1836701	61694	55351	3152	0	4200	1450	0	0	55351	0	0	441	
1842065	10928925	10123161	679309	0	0	0	0	0	10123161	650	0	125805	
1863097	72894	69718	4796	0	0	2250	0	0	69718	0	0	630	
1864197	197973	182783	18306	0	0	5022	0	0	182783	0	0	1906	
1867983	501130	406648	38648	0	0	0	0	0	406648	0	0	55834	
1872941	56388	55304	4803	0	0	5005	0	0	55304	0	0	1286	
1879016	25689	22497	1657	0	0	200	0	0	22497	0	0	1735	
1883321	465466	253432	80718	0	0	0	0	0	253432	0	0	131316	
1885932	116733	102191	13417	0	0	1710	0	0	102191	0	0	2835	
1890525	334834	297853	38801	0	6490	10710	0	0	297853	1566	0	834	
1892154	46522	41863	5902	0	0	2807	0	0	41863	0	0	1564	
1893049	2163000	2159000	275000	0	0	520000	0	0	2159000	0	0	249000	
1917301	834604	780547	149959	0	0	135000	0	0	780547	2923	0	36175	
1918344	775642	763152	98810	0	0	28331	0	0	763152	7444	-76179	10746	
1929247	9585598	6161046	604859	2803784	0	275000	0	0	6161046	0	0	290909	
1940747	64698	60892	3806	0	0	0	0	0	60892	0	0	0	
1945247	9018	9028	-100	0	0	0	0	0	9028	0	0	90	
2002222	43127	37251	4537	0	0	908	0	0	37251	0	0	2247	
2006024	106778	98856	8233	0	0	3821	0	0	98856	0	0	3510	
2007991	48549	44141	2963	0	0	1764	0	0	44141	0	0	3209	
2009605	165715	137480	13524	0	0	6400	0	0	137480	0	0	21111	
2010722	28182	22286	2133	0	0	971	0	0	22286	0	0	4734	
2037185	21313	20017	936	0	0	0	0	0	20017	0	0	360	
2044811	390206	334642	43598	0	0	0	0	0	334642	652	0	11314	
2044820	10536	7427	690	0	0	305	0	0	7427	0	0	2724	
2051127	50461	46111	4340	0	0	2382	0	0	46111	0	0	2392	
2059990	15683	13792	2419	0	0	825	0	0	13792	0	0	297	
2068107	186529	154347	44538	0	0	13500	0	0	154347	0	0	1144	
2107181	18421	41613	352808	0	0	376000	0	0	41613	0	0	0	
2119773	638508	582816	65449	0	0	25000	0	0	582816	1143	0	14100	
2121196	4453947	4303175	326509	0	0	190000	0	0	4303175	0	0	14263	
2122997	37466	36569	7897	0	0	7000	0	0	36569	0	0	0	
2123930	6718	4825	958	0	0	382	0	0	4825	0	0	1317	
2132941	222370	189015	28105	0	0	11544	0	0	189015	0	0	16794	
2140348	205399	175105	29989	0	0	0	0	0	175105	0	0	305	
2142155	298385	280945	25155	0	0	10000	0	0	280945	0	0	2285	
2163477	70075	63790	11285	0	0	5000	0	0	63790	0	0	0	
2182786	65503000	63033000	6607000	0	4000	5000000	0	0	63033000	0	0	859000	
2193616	3105281	2939805	449719	0	0	450000	0	0	2939805	0	0	165757	
2209553	724780	709379	36200	0	0	24000	0	0	709379	277	0	2924	
2218443	22277	20187	1174	0	0	900	0	0	20187	0	0	1816	
2232757	23562	21249	3690	0	0	3690	0	0	21249	0	0	2313	
2233875	44812	44320	375	0	0	0	0	0	44320	0	0	117	
2236821	98696	34266	-3830	0	64500	0	0	0	34266	0	0	3760	
2239288	1068799	1075658	128024	0	0	180000	0	0	1075658	5540	0	39577	
2262718	156804	147799	15829	0	816	7644	0	0	147799	0	0	4	
2265456	665071	603362	56148	0	0	0	0	0	603362	5548	0	13	
2297998	252742	240962	9551	0	0	0	0	0	240962	0	0	2229	
2298995	329389	307299	45661	0	0	30000	0	0	307299	703	0	5726	
2304636	20046	19753	3056	0	0	2816	0	0	19753	0	0	53	
2305969	25550	23708	2511	0	0	1250	0	0	23708	0	0	581	
2316714	90967	84691	10187	0	0	5280	0	0	84691	0	0	1369	
2317672	25244	24530	1000	0	0	300	0	0	24530	0	0	14	
2325882	152640	145443	6976	0	0	0	0	0	145443	-4	0	225	
2328137	170170	153894	16072	0	0	5082	0	0	153894	0	0	5286	
2328285	30565	23768	6539	0	0	0	0	0	23768	258	0	0	
2329200	29179	22366	2758	0	2000	600	0	0	22366	0	0	2655	
2332910	189270	182574	6683	0	0	0	0	0	182574	0	0	13	
2333140	26933	22467	3425	0	1000	0	0	0	22467	40	0	1	
2337335	3054	3051	3	0	0	0	0	0	3051	0	0	0	
2339599	66577	61155	3674	0	0	459	0	0	61155	0	0	2207	
2339795	271375	240358	36772	0	0	15000	0	0	240358	458	0	8787	
2343167	44627	44218	2980	0	0	2750	0	0	44218	0	0	179	
2344753	199206	173440	34049	0	0	8319	0	0	173440	0	0	36	
2353595	463864	460789	37156	0	0	37200	0	0	460789	0	0	3119	
2354985	2076393	1826227	157620	0	0	45000	0	0	1826227	92076	0	45470	
2356091	32251	25230	4960	0	0	2157	0	0	25230	0	0	4218	
2358769	112118	101376	7529	0	0	0	0	0	101376	0	0	3213	
2362458	851076	804366	43562	0	0	0	0	0	804366	0	0	3148	
2371816	67335	63350	4357	0	0	689	0	0	63350	0	0	317	
2390929	462817	431637	43811	0	0	16340	0	0	431637	773	0	2936	
2391588	28269	25759	1774	0	0	0	0	0	25759	0	0	736	
2396592	45042	41136	4390	0	0	550	0	-841	40295	0	0	907	
2396604	42846	40734	7214	0	0	7850	0	0	40734	0	0	2748	
2398701	79458	87063	-7883	0	-472	600	0	0	87063	0	0	1350	
2451240	139149	138135	5355	0	0	5500	0	0	138135	348	0	811	
2465881	111611	104218	10342	0	0	4500	0	0	104218	0	0	1551	
2467670	47996	40458	7538	0	0	0	0	0	40458	0	0	0	
2471239	617074	559979	53605	0	0	10115	0	0	559979	0	0	13605	
2482824	184259	173416	23210	0	0	15736	0	0	173416	0	0	3369	
2489805	18034000	17084000	1841000	0	0	1086000	0	0	17084000	0	0	195000	
2490285	4995	2109	494	0	400	0	0	0	2109	0	0	1992	
2497181	219335	197403	15330	0	0	0	0	0	197403	0	0	6602	
2502825	3650	3574	76	0	0	0	0	0	3574	0	0	0	
2505424	41530	37813	4343	0	0	1590	0	0	37813	0	0	964	
2505451	59969	48367	7274	0	0	0	0	0	48367	0	0	4328	
2505460	55213	51255	5160	0	0	2250	0	0	51255	0	0	1048	
2508751	533945	482830	39187	0	0	0	0	0	482830	800	0	11128	
2515320	109100	101807	5192	0	0	0	0	0	101807	-242	0	2343	
2529176	33466	28656	3607	0	0	0	0	0	28656	0	0	1203	
2531562	21154	20619	1634	0	0	1099	0	0	20619	0	0	0	
2531991	243393	235515	7878	0	0	0	0	0	235515	0	0	0	
2533043	15535	14772	763	0	0	0	0	0	14772	0	0	0	
2536633	15709	14700	1215	0	0	1000	0	0	14700	0	0	794	
2539960	74538	67165	11772	0	0	4875	0	0	67165	0	0	476	
2562137	32425	33468	1974	0	0	3500	0	0	33468	0	0	483	
2562164	476184	436126	36075	0	0	0	0	0	436126	3982	0	1	
2567123	2469891	2180945	288808	0	0	0	0	0	2180945	0	0	138	
2568063	108693	91045	17372	0	143	0	0	0	91045	0	0	133	
2576134	422871	378651	74220	0	0	30000	0	0	378651	0	0	0	
2577739	19701	17798	665	0	0	400	0	0	17798	0	0	1638	
2580243	112204	103313	10112	0	2022	4050	0	0	103313	0	0	807	
2587916	48526	42371	3010	0	0	0	0	0	42371	6	0	3139	
2594240	290675	280419	3992	0	0	0	0	0	280419	0	0	6264	
2594419	34913	34081	2357	0	350	3000	0	0	34081	0	0	1125	
2596646	253587	226186	24560	0	0	3552	0	0	226186	0	0	6393	
2597223	30748	28208	3526	0	0	1279	0	0	28208	0	0	293	
2597232	15584	15393	196	0	0	0	0	0	15393	0	0	-5	
2598396	14657	13116	948	0	0	100	0	0	13116	0	0	693	
2600039	950717	940740	263477	0	0	253500	0	0	940740	0	0	0	
2602828	10020	9288	732	0	0	0	0	0	9288	0	0	0	
2605566	149901	126089	23812	0	0	0	0	0	126089	0	0	0	
2607412	38791	37560	2789	0	0	1558	0	0	37560	0	0	0	
2608754	735948	686082	74053	0	0	45500	0	0	686082	0	0	21313	
2610784	10061	9552	1111	0	0	640	0	0	9552	0	0	38	
2614344	41823	37749	4493	0	0	2435	0	0	37749	0	0	2016	
2615190	1868621	1250962	62002	0	553571	0	0	0	1250962	0	0	2086	
2615220	27282	24379	3076	0	0	1836	0	0	24379	0	0	1663	
2618780	3427056	3599480	240076	0	-531808	0	0	0	3599480	20425	0	98883	
2619714	53458	48816	4254	0	0	510	0	0	48816	0	0	898	
2621285	14561	13172	900	0	0	0	0	0	13172	131	0	358	
2621940	18664	15793	1438	0	0	329	0	20	15813	0	0	1742	
2624400	187577	163065	25024	0	0	5000	0	0	163065	287	0	4201	
2625724	148108	137452	12226	0	-3000	0	0	0	137452	0	0	1430	
2631172	45613	38491	4082	0	0	1524	0	0	38491	0	0	4564	
2631846	92601	63785	13900	0	0	2590	0	0	63785	0	0	17506	
2634191	3605941	3177785	188774	228261	0	110000	0	0	3177785	4175	0	116946	
2634351	546796	513886	32145	0	0	0	0	0	513886	543	0	222	
2641827	7775	7302	779	0	0	100	0	0	7302	-206	0	0	
2643595	33902	33288	1582	0	0	671	0	0	33288	126	0	-423	
2649177	75830	64409	37382	0	10	32030	0	0	64409	0	0	6059	
2651899	10930	11124	506	0	0	814	0	0	11124	0	0	114	
2652092	1138542	1230908	-130031	0	0	10000	0	0	1230908	4067	0	43598	
2654911	460405	382299	73787	0	-11	90000	0	0	382299	617	0	93713	
2661861	111170	102128	6479	0	0	1213	0	0	102128	-737	0	4513	
2666400	187133	173065	15395	0	6000	8000	0	0	173065	670	0	3	
2667920	178806	165862	12944	0	0	0	0	0	165862	0	0	0	
2667939	68387	59921	6406	0	2000	415	0	0	59921	0	0	475	
2667957	89180	86830	2335	0	0	3000	0	0	86830	0	0	3015	
2668598	51679	47029	3694	0	0	1697	0	0	47029	0	0	2653	
2684552	35281	36339	-525	0	0	533	0	0	36339	0	0	0	
2686211	162629	152636	17088	0	0	7568	0	0	152636	0	0	473	
2687133	28757	27684	2073	0	0	2047	0	0	27684	57	0	990	
2687487	77581	65641	-2098	0	14000	0	0	0	65641	0	0	38	
2693264	449616	395438	41978	0	0	0	0	0	395438	598	0	11602	
2694681	385703	343636	39808	0	0	0	0	0	343636	0	0	2259	
2696180	13246	11253	799	0	0	246	0	0	11253	0	0	1440	
2697963	185164	205746	-25364	0	0	0	0	0	205746	501	0	4281	
2700984	752824	544831	283930	0	0	185000	0	0	544831	0	0	109063	
2702764	13329	12799	665	0	0	500	0	0	12799	0	0	365	
2705112	22379	19598	2254	0	0	1050	0	0	19598	0	0	1577	
2705895	719561	731705	46373	0	0	69800	0	0	731705	0	0	11283	
2708122	178141	161592	14871	0	0	7000	0	0	161592	0	0	8678	
2713920	72162	49292	22429	0	0	10000	0	0	49292	0	0	10441	
2716088	112471	108722	7691	0	0	6749	0	0	108722	0	0	2807	
2718596	33506	28291	2299	0	0	1341	0	0	28291	0	0	4257	
2719810	131492	126885	4260	0	0	0	0	0	126885	318	0	29	
2723376	18697	13511	2222	0	0	0	0	0	13511	0	0	2964	
2724766	8180	7513	448	0	0	117	0	0	7513	0	0	336	
2726050	12766	12727	-22	0	0	0	0	0	12727	0	0	61	
2729677	64128	60047	25406	0	0	23800	0	0	60047	0	0	2475	
2730431	40078	38935	3720	0	552	3129	0	0	38935	0	0	0	
2732565	36999	32241	3104	0	0	1050	0	0	32241	0	0	2704	
2733263	34913	34605	1508	0	0	1200	0	0	34605	0	0	0	
2734729	395546	354778	39367	0	0	6770	0	0	354778	-9483	0	17654	
2735137	24682	24020	2625	0	0	2099	0	0	24020	0	0	136	
2735146	4015976	3695354	243272	0	113863	0	0	0	3695354	0	0	-36513	
2736219	168890	155180	10741	0	0	0	0	0	155180	0	0	2969	
2736291	2056153	1984853	55225	0	53	0	0	0	1984853	0	0	16022	
2736451	90581	81923	7790	0	0	2790	0	0	81923	0	0	3658	
2736714	205264	188564	19276	0	0	6667	0	0	188564	1027	0	3064	
2737980	642670	485050	62487	0	95000	0	0	0	485050	0	0	133	
2743244	342569	312669	32092	0	0	15800	0	0	312669	0	0	13608	
2745426	85427	79623	6602	0	0	3000	0	0	79623	0	0	2202	
2745529	12202	11496	617	0	0	0	0	0	11496	0	0	89	
2746245	16894	13752	2947	0	0	1162	0	0	13752	0	0	1357	
2747279	22380	20927	2226	0	0	1200	0	0	20927	0	0	427	
2747466	30905	27244	3779	0	0	2120	0	0	27244	0	0	2002	
2747587	198620	177731	23817	0	0	5295	0	0	177731	0	0	2367	
2748502	175677	158156	15987	0	0	0	0	0	158156	147	0	1387	
2753917	23870	25694	1641	0	-2745	1225	0	0	25694	0	0	505	
2754222	15380	15921	-868	0	0	0	0	0	15921	0	0	327	
2756730	55226	40317	6741	0	10982	2913	0	0	40317	0	0	99	
2756909	71179	68733	2446	0	0	0	0	0	68733	0	0	0	
2757205	343553	320441	36010	0	0	27565	0	0	320441	1675	0	12992	
2758613	419930	458025	-35962	0	0	12000	0	0	458025	218	0	9649	
2759629	37284	33698	4869	0	0	1877	0	0	33698	0	0	594	
2764212	326656	341945	28660	0	0	44239	0	0	341945	180	0	110	
2769570	42118	40098	3450	0	0	1430	0	0	40098	0	0	0	
2769954	16280	12750	2270	0	0	717	0	0	12750	0	0	1977	
2771694	95670	117669	-19824	0	0	3300	0	0	117669	238	0	887	
2774707	29562	28027	1056	0	0	0	0	0	28027	0	0	479	
2775151	30664	29556	3721	0	0	3000	0	0	29556	108	0	279	
2775179	66962	57918	9718	0	0	4169	0	0	57918	0	0	3495	
2775692	9519	8284	877	0	0	205	0	0	8284	0	0	563	
2785477	122278	117526	5735	0	0	2737	0	0	117526	0	-98	1852	
2785646	177712	148428	16973	0	12000	0	0	0	148428	0	0	311	
2787770	75043	67646	5226	0	0	5000	0	0	67646	0	0	7171	
2791085	70219	67103	2354	0	0	0	0	0	67103	0	0	762	
2793593	44784	41002	3412	0	0	978	0	0	41002	0	840	508	
2794732	93557	77053	5513	0	8000	0	0	0	77053	0	0	2991	
2796277	19367	18100	2591	0	0	1298	0	0	18100	0	0	-26	
2797162	57206	50461	3888	0	51	1243	0	0	50461	0	0	4049	
2797210	6548	6354	378	0	0	0	0	0	6354	0	0	-184	
2797359	94778	87359	6166	0	0	0	0	0	87359	0	0	1253	
2797724	2397526	2139332	128405	128005	0	60523	0	0	2139332	9632	0	52675	
2805535	46129	44220	889	0	0	0	0	0	44220	0	0	1020	
2805928	11911	9339	1197	0	0	455	0	0	9339	0	0	1830	
2806635	55474	48873	10465	0	0	6208	0	0	48873	0	0	2344	
2806840	19176	15685	2297	0	0	980	0	0	15685	0	0	2174	
2806877	163586	156022	6447	0	0	0	0	0	156022	987	0	130	
2807173	36832	34043	1639	0	850	0	0	0	34043	0	0	300	
2808602	324526	292185	36666	0	1213	10200	0	0	292185	0	0	4662	
2809373	13868	13247	2605	0	-2000	0	0	0	13247	12	0	4	
2811086	5569	5129	-3	0	0	0	0	0	5129	0	0	443	
2815879	67563	61658	9716	0	0	3867	0	0	61658	0	0	56	
2819167	103735	98742	1834	0	0	1112	0	0	98742	0	0	4271	
2819242	43231	36621	6502	0	0	2191	0	0	36621	0	0	2299	
2820604	54776	56995	3153	0	0	6290	0	0	56995	0	0	918	
2823221	48516	46024	5159	0	0	4425	0	0	46024	0	0	1758	
2826017	109229	96408	17020	0	0	4248	0	0	96408	0	0	49	
2833882	121451	111633	7881	0	0	0	0	0	111633	1885	0	52	
2835103	69214	59489	7964	0	0	1545	0	0	59489	0	0	3306	
2836306	29126	27221	998	0	0	0	0	0	27221	0	0	907	
2838207	92195	95040	1839	0	0	5500	0	0	95040	0	0	816	
2839790	105014	96853	8835	0	0	5500	0	0	96853	0	0	4826	
2845782	15187	15809	-622	0	0	0	0	0	15809	0	0	0	
2847085	20639	18320	1176	0	0	150	0	0	18320	0	0	1293	
2847142	205300	175297	25712	0	0	0	0	0	175297	374	0	3917	
2849285	59170	55987	4091	0	0	1321	0	0	55987	0	0	413	
2849463	102301	90336	7260	0	4000	0	0	0	90336	41	0	664	
2849801	376239	351403	21790	0	0	0	0	0	351403	0	0	3046	
2850722	1812164	1838657	215262	0	17930	268900	0	0	1838657	0	0	9215	
2855866	53872	47894	6753	0	0	6452	0	0	47894	166	0	5511	
2857600	49115	46307	4157	0	0	3000	0	0	46307	0	0	1651	
2858492	65974	61786	8842	0	-294	6106	0	0	61786	0	0	1746	
2858960	873850	871388	193011	0	0	217000	0	0	871388	0	0	26451	
2860039	21947	18243	1764	0	0	500	0	0	18243	0	0	2440	
2860271	32105	30862	687	0	0	1020	0	0	30862	0	0	1576	
2861317	35352	32985	3976	0	0	1700	0	0	32985	0	0	91	
2867337	486115	455693	48241	0	0	20312	0	0	455693	0	0	2493	
2869162	113439	106331	7338	0	315	3000	0	0	106331	0	0	2455	
2871099	42885	38237	3151	0	0	500	0	0	38237	0	0	1997	
2871558	38070	35552	2283	0	0	843	0	0	35552	481	0	597	
2873598	26498	18025	922	0	7500	0	0	0	18025	0	0	51	
2877345	104791	98580	7377	0	0	1500	0	0	98580	0	0	334	
2877484	2886	2464	155	0	0	0	0	177	2641	0	0	90	
2877831	27774	23897	2537	0	0	0	0	0	23897	0	0	1340	
2877840	149155	144709	15456	0	0	12069	0	0	144709	0	0	1059	
2880019	153300	140203	13233	0	0	0	0	0	140203	0	0	-136	
2881445	24986	26870	5023	0	0	8000	0	0	26870	0	0	1093	
2882983	20615	16975	114	0	900	148	0	0	16975	0	0	2774	
2889227	33718	33462	146	0	0	0	0	-183	33279	268	0	25	
2891622	338636	332627	14662	0	0	9556	0	0	332627	-146	0	1049	
2897633	18843	15538	1294	0	0	600	0	0	15538	0	0	2611	
2901558	16649	16454	-114	0	0	0	0	0	16454	0	0	309	
2903123	76848	71523	6339	0	0	2408	0	0	71523	420	0	974	
2905761	6867	5734	450	0	500	516	0	0	5734	0	0	699	
2907019	38462	37280	4569	0	0	3500	0	0	37280	0	0	113	
2907439	58590	63173	-4870	0	0	0	0	0	63173	204	0	83	
2912750	7610	5711	1819	0	0	0	0	0	5711	0	0	80	
2913702	36007	32924	1938	0	0	400	0	0	32924	0	0	1545	
2914268	75581	60476	15105	0	0	0	0	0	60476	0	0	0	
2914727	45447	44280	3308	0	0	2415	0	0	44280	14	0	260	
2915461	120338	115280	8670	0	424	4325	0	0	115280	0	0	289	
2916534	48524	47184	882	0	0	0	0	0	47184	0	0	458	
2916963	874572	826218	48354	0	0	0	0	0	826218	0	0	0	
2917184	15415	14340	922	0	0	450	0	0	14340	0	0	603	
2917317	2534572	2389924	297427	0	0	130000	0	0	2389924	80	0	-22859	
2919898	77395	68619	6510	0	0	750	0	0	68619	0	0	3016	
2920287	17479	14912	2133	0	0	1053	0	0	14912	0	0	1487	
2920773	83740	85216	6673	0	0	9500	0	0	85216	0	0	1351	
2921622	11699	10399	1375	0	0	430	0	0	10399	0	0	355	
2921659	172880	81825	89473	0	0	0	0	0	81825	0	0	1582	
2925620	52738	48561	4903	0	0	750	0	0	48561	0	0	24	
2925666	6936719	6517369	502650	0	0	91450	0	0	6517369	0	0	8150	
2929392	102817	98375	8363	0	0	5975	0	0	98375	305	0	1749	
2938198	507214	440338	60110	0	0	15000	0	0	440338	638	0	21128	
2938787	42602	33200	17617	0	0	8459	0	0	33200	0	0	244	
2939001	9116	8304	493	0	0	246	0	0	8304	0	0	565	
2939391	36746	31553	3735	0	0	500	0	0	31553	0	0	1958	
2941068	1182571	1129136	108765	0	0	80000	0	0	1129136	5357	0	19313	
2943615	80044	73097	11977	0	0	5489	0	0	73097	0	0	459	
2947556	174370	131206	48073	0	0	5000	0	0	131206	0	0	91	
2948058	101693	95325	5404	0	0	375	0	0	95325	1042	0	297	
2948423	42172	36404	4263	0	0	1170	0	-40	36364	0	0	2715	
2949970	15630	14456	1174	0	0	0	0	0	14456	0	0	0	
2953418	116178	101451	12910	0	1000	0	0	0	101451	0	0	817	
2954059	361572	364781	1981	0	0	8253	0	0	364781	780	0	2283	
2954497	75073	73042	2585	0	0	1497	0	0	73042	70	0	873	
2958972	97269	86229	9743	0	0	965	0	0	86229	0	0	2262	
2960555	14865	12965	1887	0	0	904	0	0	12965	0	0	917	
2960788	3803	3741	62	0	0	0	0	0	3741	0	0	0	
2963266	396915	391141	10764	0	2559	0	0	0	391141	-7040	0	-509	
2963275	11910	10709	365	0	0	0	0	0	10709	0	0	836	
2963864	29939	27315	1982	0	0	989	0	0	27315	25	0	1606	
2970657	239712	220751	27755	0	0	15000	0	0	220751	246	0	5960	
2973041	12846	13402	361	0	0	916	0	0	13402	-1	0	0	
2973386	232074	273007	85508	0	0	131000	0	0	273007	0	0	4559	
2980209	6385000	5900000	363000	114000	7000	0	45000	0	5900000	0	0	46000	
2986407	214993	234547	15639	0	0	45000	0	0	234547	0	0	9807	
2989006	50778	39345	6187	0	0	1296	0	0	39345	0	0	6542	
2992547	769004	827456	101548	0	0	160000	0	0	827456	0	0	0	
2997216	39902	36474	3135	0	0	2441	0	0	36474	76	0	2658	
2997748	127747	83958	9444	0	31207	0	0	0	83958	991	0	2147	
2998576	802451	690283	124168	0	0	12000	0	0	690283	0	0	0	
3005097	12402	11689	1139	0	0	450	0	0	11689	0	0	24	
3010363	30303	27623	1250	0	0	0	0	0	27623	20	0	1410	
3015939	112145	99079	12187	0	0	0	0	0	99079	84	0	795	
3016347	249158	172350	16591	36048	23009	0	0	0	172350	0	0	1160	
3017081	404524	268108	128977	0	0	0	0	0	268108	0	0	7439	
3019982	105738	98988	5242	0	-1852	0	0	0	98988	0	0	3360	
3020447	19548	15673	4422	0	0	2900	0	0	15673	21	0	2332	
3022610	26218	22783	2986	0	0	1205	0	0	22783	0	0	1654	
3025929	12322	11289	792	0	0	0	0	0	11289	0	0	241	
3027763	41734	39152	3202	0	2100	2981	0	0	39152	0	0	261	
3029253	12456	11220	1085	0	0	0	0	0	11220	0	0	151	
3029589	453386	423857	50995	0	0	25000	0	0	423857	0	0	3534	
3032833	6209	6392	-327	0	0	0	0	0	6392	0	0	144	
3034257	41437	34553	11318	0	0	8863	0	0	34553	0	0	4429	
3039636	73120	66702	5470	0	0	0	0	0	66702	0	0	948	
3040418	92108	81574	9650	0	0	0	0	0	81574	0	0	884	
3041358	15105	14081	1460	0	0	1140	0	0	14081	0	0	704	
3045383	85768	81725	4042	0	0	0	0	0	81725	1	0	0	
3047659	254481	230189	21641	0	0	0	0	0	230189	1184	0	1467	
3048487	63869	54112	7955	0	0	2896	0	0	54112	0	0	4698	
3049635	30372	26896	7929	0	0	5627	0	0	26896	0	0	1174	
3052813	135401	127167	10212	0	0	4300	0	0	127167	0	0	2322	
3066025	82711	96580	56141	0	0	70004	0	0	96580	0	0	-6	
3067929	31598	27186	3756	0	0	0	0	0	27186	0	0	656	
3068579	122235	106257	10515	0	0	3775	0	0	106257	135	0	9103	
3070545	42225	35894	4696	0	0	1399	0	0	35894	0	0	3034	
3076220	782557	703999	129077	0	0	70000	0	0	703999	0	0	19481	
3076248	1327978	1364109	267464	0	0	310000	0	0	1364109	0	0	6405	
3076453	574254	577083	49689	0	0	60000	0	0	577083	2892	0	4590	
3076604	152624	141907	15628	0	0	7500	0	0	141907	0	0	2589	
3089752	16388	15926	219	0	0	0	0	0	15926	0	0	243	
3090833	21094	19872	1856	0	0	1643	0	0	19872	0	0	1009	
3103591	11677	10597	1094	0	0	880	0	0	10597	0	0	866	
3109043	347393	327083	30637	0	0	11000	0	0	327083	0	0	673	
3109146	530422	498777	27152	0	0	3000	0	0	498777	0	0	7493	
3110197	280719	263827	16879	0	0	0	0	0	263827	0	0	13	
3116519	42908	40788	1652	0	2150	1700	0	0	40788	0	0	18	
3120646	41461	37357	1336	0	0	0	0	0	37357	0	0	2768	
3120897	33704	13207	1613	18930	0	48	0	0	13207	0	0	2	
3122994	89146	81436	14016	0	0	6617	0	0	81436	311	0	0	
3125315	20150	17400	360	0	0	0	0	0	17400	19	0	2371	
3125557	36159	29958	2846	0	0	580	0	0	29958	0	0	3935	
3128923	26844	24882	2845	0	0	1342	0	0	24882	0	0	459	
3134399	31695	29116	2353	0	-630	0	0	0	29116	0	0	856	
3134698	34853	33001	1994	0	0	996	0	0	33001	0	0	854	
3138146	7662140	6902797	679714	0	75000	150000	0	0	6902797	25048	0	129581	
3139321	6062	5562	394	0	0	350	0	0	5562	0	0	456	
3140822	102494	98479	5312	0	0	2750	0	0	98479	0	0	1453	
3141726	141116	133036	4093	0	0	4100	0	0	133036	0	0	8087	
3146150	240015	210253	27035	0	0	4000	0	0	210253	0	0	6727	
3148613	13234	10518	978	0	1000	0	0	0	10518	0	0	738	
3150205	56351	50869	4911	0	0	0	0	0	50869	219	0	352	
3150447	21328000	19700000	1680000	0	0	2750000	0	0	19700000	0	0	2698000	
3153233	4221	3109	-10806	0	9650	0	0	0	3109	0	0	2268	
3153297	92648	63890	11556	25000	0	9378	0	0	63890	0	0	1580	
3158546	294969	282490	11689	0	0	0	0	0	282490	1621	0	-831	
3160978	35481	31469	3652	0	0	697	0	0	31469	0	0	1057	
3165357	100607	92879	9899	0	0	2785	0	444	93323	0	0	170	
3166699	82142	78195	10946	0	0	7710	0	0	78195	0	0	711	
3174920	71539	57271	4603	0	522	1300	0	0	57271	0	0	10443	
3180136	14570	16183	-363	0	0	1250	0	0	16183	0	0	0	
3184228	87320	80942	6248	0	0	1490	0	0	80942	0	0	1620	
3185579	16561	15784	433	0	0	0	0	0	15784	0	0	344	
3185896	63224	54482	6908	0	0	2126	0	273	54755	550	-166	3303	
3187630	885432	812411	65740	0	4660	0	0	0	812411	0	0	2621	
3189063	331715	291809	29800	0	0	3000	0	0	291809	961	0	12145	
3194692	82368	75702	8268	0	0	3000	0	0	75702	1156	0	242	
3199811	34587	29671	3909	0	600	497	0	0	29671	0	0	904	
3202702	2788000	2159000	393000	0	0	0	0	0	2159000	1000	0	235000	
3212149	9367765	9539375	999710	0	-8	1320000	0	0	9539375	0	0	148688	
3212402	373561	355036	28943	0	0	15017	0	0	355036	689	0	3910	
3213333	24760	20942	3150	0	17	0	0	0	20942	0	0	651	
3214059	282050	202099	-25359	0	55000	3000	0	0	202099	2402	0	50908	
3216017	259722	253751	24944	0	0	25000	0	0	253751	1521	0	4506	
3216316	58581	55562	3006	0	0	0	0	0	55562	0	0	13	
3217331	59208	54038	6160	0	0	3602	0	0	54038	0	0	2612	
3217957	74179	63858	5198	0	0	0	0	0	63858	0	0	5123	
3219269	29413	30804	-1911	0	0	0	0	0	30804	0	0	520	
3220863	27616	27241	305	0	338	315	0	0	27241	0	0	47	
3221468	1762264	1755687	84224	0	0	124000	0	0	1755687	8514	0	37839	
3223305	54455	49199	4584	0	0	905	0	0	49199	69	0	1508	
3223408	12775	8891	1128	0	0	0	0	0	8891	0	0	2756	
3223417	30713	29051	2852	0	0	1451	0	0	29051	0	0	261	
3224302	95354	91555	2913	0	0	2620	0	0	91555	0	0	3506	
3224375	89767	81726	7492	0	0	0	0	0	81726	549	0	0	
3224478	17660	16268	1362	0	0	0	0	0	16268	0	0	30	
3224580	1826760	1854675	192485	0	0	225000	0	0	1854675	2578	0	2022	
3228908	439072	382376	52784	0	0	18000	6445	0	382376	27126	0	1231	
3229875	42362	39514	16776	0	0	13975	0	0	39514	0	0	47	
3232204	661478	599228	55236	0	0	0	0	0	599228	1165	0	5849	
3232370	22013	19839	583	0	0	0	0	0	19839	0	0	1591	
3235410	378334	344225	37576	0	0	11100	0	0	344225	1144	0	6489	
3243282	137268	125407	10604	0	0	0	0	0	125407	467	0	790	
3247589	53647	55494	4496	0	0	8175	0	0	55494	0	0	1832	
3248849	278640	269137	13160	0	-1030	3917	0	0	269137	0	0	1290	
3253834	15960	14219	1455	0	0	400	0	0	14219	0	0	686	
3254297	10009	9114	1060	0	0	468	0	0	9114	0	0	303	
3262788	29588	28216	1593	0	0	675	0	0	28216	0	0	454	
3267738	77453	62989	13532	0	0	1982	0	0	62989	0	0	2914	
3268173	2982	2957	25	0	0	0	0	0	2957	0	0	0	
3268249	113012	100311	7591	0	0	0	0	0	100311	0	0	5110	
3270046	40681	25471	-258	14302	1000	0	0	0	25471	0	0	166	
3271799	236037	219119	17960	0	4380	8725	0	0	219119	1066	0	2237	
3271986	57526	51788	5859	0	56	1560	0	0	51788	0	0	1383	
3272956	78051	71862	6189	0	0	0	0	0	71862	0	0	0	
3274709	246231	218546	18635	0	16708	12500	0	0	218546	0	0	4842	
3277241	61991	59473	2795	0	0	500	0	0	59473	153	0	70	
3280625	175370	157018	-10637	0	0	3000	0	0	157018	0	0	31989	
3281510	317626	372266	19527	0	474	15000	0	0	372266	-64685	0	5044	
3282012	20074	18075	1636	0	0	256	0	0	18075	0	0	619	
3284070	15059000	13776000	1122000	0	0	700000	0	0	13776000	0	0	861000	
3284397	3152158	3325827	31994	291186	12469	643052	0	0	3325827	0	0	133734	
3284445	120392	113572	9923	0	0	3750	0	0	113572	0	0	647	
3284490	170036	169238	17506	0	-5971	11857	0	0	169238	0	0	1120	
3285246	7506	7022	751	0	0	375	0	29	7051	0	0	79	
3285778	24510	21696	2414	0	0	0	0	0	21696	29	0	371	
3286999	26106	21176	5130	0	0	200	0	0	21176	0	0	0	
3287660	1238261	836461	24346	0	344000	0	0	0	836461	0	0	33454	
3288452	73603	65954	6145	0	0	0	0	0	65954	138	0	1366	
3290240	108386	98425	16144	0	0	10324	0	0	98425	1117	0	3024	
3293540	76225	72600	3311	0	0	425	0	0	72600	234	0	505	
3296859	39351	37720	2575	0	0	1210	0	0	37720	0	0	266	
3297490	123013	118181	5655	0	0	2500	0	0	118181	0	0	1677	
3303298	26409305	24388980	1392322	0	0	700000	0	0	24388980	0	0	1328003	
3303944	35254	33801	523	0	0	0	0	0	33801	116	0	814	
3306280	104308	95661	8100	0	0	783	0	0	95661	0	0	1330	
3306598	30970	28507	3625	0	0	1680	0	0	28507	0	0	518	
3308529	10403	9072	555	0	-192	0	0	0	9072	0	0	968	
3308574	8768	7004	-1870	0	3600	0	0	0	7004	0	0	34	
3309393	28412	26352	1420	0	0	0	0	0	26352	0	0	640	
3309571	93648	75041	15885	0	0	1436	0	0	75041	0	13	4145	
3310287	37496	27844	17149	0	0	7500	0	0	27844	0	0	3	
3314043	64177	58819	4387	0	2700	2095	0	0	58819	0	0	366	
3314119	17459	16877	2082	0	0	1500	0	0	16877	0	0	0	
3316739	29426	27557	2169	0	0	430	0	0	27557	0	0	130	
3317192	18833	18367	414	0	0	0	0	0	18367	0	0	52	
3317932	1680425	1276997	49448	269457	97808	27800	0	0	1276997	3779	0	10736	
3320781	144149	132343	8488	0	0	1500	0	0	132343	0	0	4818	
3322468	37864	36513	1420	0	0	0	0	0	36513	-69	0	0	
3325759	428747	411249	10863	0	0	0	0	0	411249	0	0	6635	
3337097	265026	254103	13885	0	0	3180	0	0	254103	0	0	218	
3340725	82997	82505	2347	0	0	2000	0	0	82505	0	0	145	
3340903	21750	19528	1289	0	0	0	0	0	19528	0	0	933	
3341393	30278	28186	4896	0	0	2882	0	0	28186	0	0	78	
3342671	45462	42399	3526	0	0	728	0	0	42399	0	0	265	
3344321	209526	192257	12920	0	0	0	0	0	192257	0	0	4349	
3346633	17759	14817	2933	0	0	750	0	0	14817	0	0	759	
3347603	41732	40617	756	0	46	223	0	0	40617	0	0	536	
3347911	40290	36927	3161	0	0	0	0	0	36927	0	0	202	
3348468	75013	65150	6958	0	0	0	0	0	65150	0	0	2905	
3348888	1840205	1675847	192394	0	0	57431	0	0	1675847	1455	0	27940	
3349241	57968	51568	6073	0	0	0	0	0	51568	0	0	327	
3350658	49065	46455	2950	0	0	1399	0	0	46455	0	0	1059	
3350724	129887	118735	10719	0	0	2814	0	0	118735	116	0	3131	
3353154	7148	7124	24	0	0	0	0	0	7124	0	0	0	
3354599	91483	83402	7235	0	0	1500	0	0	83402	13	0	2333	
3356191	264197	253761	34691	0	0	25000	0	0	253761	0	0	745	
3357077	25144	24251	4573	0	0	3680	0	0	24251	0	0	0	
3357219	219415	203278	19174	0	0	7006	0	0	203278	-269	0	4238	
3357385	80614	75321	4567	0	0	0	0	0	75321	504	0	222	
3357620	55476	54988	1988	0	0	1500	0	0	54988	0	0	0	
3358270	28071	25556	2223	0	0	90	0	0	25556	27	0	355	
3368635	31883	28752	9200	0	0	7880	0	0	28752	0	0	1811	
3368925	82208	78813	6102	0	0	4150	0	0	78813	0	0	1443	
3370133	52663	46609	5694	0	0	1800	0	0	46609	51	0	2109	
3370357	23164	21613	1100	0	0	0	0	0	21613	0	0	451	
3374234	26399	25294	878	0	136	0	0	0	25294	0	0	91	
3374382	99363	91416	10174	0	0	1800	0	0	91416	68	0	-495	
3374403	35122	31939	2215	0	100	530	0	0	31939	0	0	1398	
3374412	308527	284465	24227	0	-2500	0	0	0	284465	0	0	2335	
3377235	30104	20880	-7852	8075	7930	0	0	0	20880	0	0	1071	
3378773	572795	524886	36991	0	0	0	0	0	524886	3117	0	7801	
3383665	20588	18993	2169	0	0	1094	0	0	18993	0	0	520	
3384952	118195	84403	4985	0	28400	0	0	0	84403	0	0	407	
3385744	32849	26647	4528	0	0	1676	0	0	26647	0	0	3350	
3386264	292960	273308	23038	0	0	4227	0	0	273308	682	0	159	
3386536	132976	125843	6795	0	248	600	0	0	125843	0	0	690	
3387140	26608	28007	-1653	0	0	200	0	0	28007	0	0	454	
3388482	134285	130227	8707	0	-10000	0	0	0	130227	395	0	4956	
3390337	16946	16544	398	0	0	0	0	0	16544	0	0	4	
3390627	36144	33424	1605	0	0	0	0	0	33424	155	0	960	
3391718	107915	100670	10086	0	0	7500	0	0	100670	198	0	4461	
3393851	15605	13343	1763	0	0	900	0	0	13343	0	0	1399	
3394278	3018141	2682118	589471	0	19858	294000	0	0	2682118	0	0	20694	
3394380	11957	11395	560	0	0	0	0	0	11395	0	0	2	
3397233	105887	89443	17303	0	45	200	0	0	89443	0	0	-704	
3398623	214926	202808	21490	0	0	15000	0	0	202808	1775	0	3853	
3401970	431875	409156	31335	0	0	4498	0	0	409156	2533	-8486	1835	
3402913	571712	520846	42325	0	0	0	2343	0	520846	0	0	10884	
3404207	278073	241923	27496	0	0	0	0	0	241923	564	0	8090	
3404373	170767	168600	5255	0	0	3000	0	0	168600	50	0	-138	
3404467	85999	79120	5493	0	0	3000	0	0	79120	603	0	3783	
3404506	173399	158930	17811	0	0	7500	0	0	158930	589	0	3569	
3404999	92051	84799	5137	0	2132	0	0	0	84799	0	0	-17	
3407084	52302	46853	5287	0	0	0	0	0	46853	162	0	0	
3408728	955946	870003	72374	0	0	13000	0	0	870003	0	0	26569	
3410141	41716	37853	4323	0	0	750	0	0	37853	0	0	290	
3411773	43601	39947	3265	0	0	0	0	0	39947	0	0	389	
3412417	52567	45204	7516	0	0	2982	0	0	45204	0	0	2829	
3419416	281741	264671	16671	0	0	2852	0	0	264671	358	0	2893	
3428258	74202	59169	8544	0	5000	0	409	0	59169	351	0	1547	
3429219	30441	27482	2333	0	0	500	0	0	27482	64	0	1062	
3435948	108780	48474	51514	0	0	0	0	0	48474	208	0	8584	
3437148	88943	81025	8127	0	0	796	0	0	81025	32	0	555	
3437157	321988	270413	32487	0	1110	5800	0	0	270413	838	0	22940	
3437456	443365	418652	50538	0	0	18126	0	0	418652	1967	0	-9666	
3437483	202994	164521	28371	0	0	0	0	0	164521	249	0	9853	
3438958	27913	24378	2774	0	0	0	0	0	24378	0	0	761	
3440803	44820	41588	3698	0	0	3445	0	0	41588	18	0	2961	
3445901	34591	28620	4785	0	0	0	0	0	28620	44	0	1142	
3446225	38672	25776	3662	0	8687	1333	0	0	25776	0	0	1880	
3446784	32825	29552	1414	0	0	389	0	0	29552	1807	0	441	
3447576	599378	547330	36420	0	10000	0	0	0	547330	482	0	5146	
3447820	244385	204133	40467	0	0	5000	0	0	204133	0	0	4785	
3448162	23079	22469	1327	0	0	0	0	0	22469	164	-881	0	
3448425	6961	4851	1145	0	0	1200	0	0	4851	0	0	2165	
3449066	309317	262251	17925	0	23150	5000	0	0	262251	0	0	10991	
3451050	57427	50578	3590	0	0	0	0	0	50578	0	0	3259	
3455227	105543	98975	5163	0	0	0	0	0	98975	675	0	730	
3459207	92969	82286	10120	0	0	850	0	13	82299	825	0	575	
3459216	19836	18634	1109	0	-150	0	0	0	18634	0	0	243	
3463875	45231	40907	6898	0	0	3500	0	0	40907	0	0	926	
3465392	155317	142565	17685	0	0	7350	0	0	142565	355	0	2062	
3466988	71881	67790	4152	0	-178	0	0	0	67790	0	0	117	
3468450	31201	29130	1614	0	0	0	0	0	29130	0	0	457	
3470097	28875	27457	9219	0	0	7801	0	0	27457	0	0	0	
3470154	138685	124456	9194	0	5900	2648	0	0	124456	0	0	1783	
3470239	1586455	1136756	557782	0	0	450000	0	0	1136756	0	0	341917	
3470930	40493	38422	1475	0	0	0	0	0	38422	430	0	166	
3472046	93605	83110	11554	0	0	3120	0	0	83110	731	0	1330	
3472859	88261	82666	6847	0	0	1200	0	0	82666	0	0	-52	
3475083	1557891	1396406	121349	0	0	0	0	0	1396406	0	0	40136	
3476192	404226	377395	24963	0	0	16600	0	0	377395	0	0	18468	
3479018	16909	14103	1922	0	0	354	0	0	14103	0	0	1238	
3480069	8425	9030	-780	0	0	0	0	0	9030	0	0	175	
3482045	22915	21426	2279	0	0	818	0	0	21426	0	0	28	
3482111	90452	90214	0	0	0	275	0	0	90214	0	0	513	
3485215	21505	19864	861	0	0	0	0	0	19864	0	0	780	
3487433	24812	16544	6649	0	0	3272	0	0	16544	0	0	4891	
3487947	28334	29477	-1494	0	0	0	0	0	29477	57	0	294	
3488579	81410	70908	10027	0	0	0	0	0	70908	0	0	475	
3489071	38257	37252	393	0	0	1400	0	0	37252	0	0	2012	
3517590	44882	42252	2007	0	0	0	0	0	42252	0	0	623	
3529315	135382	124717	10665	0	0	0	0	0	124717	0	0	0	
3531176	42351	38153	3347	0	0	3000	0	0	38153	0	0	3851	
3532641	614512	522891	40055	0	45000	8011	0	0	522891	1688	0	12889	
3537897	57467	51125	4678	0	0	1455	0	0	51125	494	0	2625	
3538009	55853	51523	5680	0	0	2500	0	0	51523	0	0	1150	
3545258	271291	237863	31970	0	0	2175	0	0	237863	620	0	3013	
3546862	56656	53423	2740	0	0	323	0	0	53423	126	0	690	
3547131	407375	375357	15013	0	-2000	0	0	0	375357	3296	0	15709	
3547896	79691	78564	3831	0	0	3407	0	0	78564	0	0	703	
3548567	212342	195968	18267	0	0	8410	0	0	195968	1664	0	4853	
3548763	30538	28299	2576	0	0	550	0	0	28299	0	0	213	
3555248	79516	75097	3921	0	0	0	0	0	75097	0	0	498	
3561771	36169	34559	1418	0	0	0	0	0	34559	0	0	192	
3567269	38915	34639	3502	0	750	756	0	0	34639	0	20	760	
3579589	1638076	1605488	85095	0	0	100000	0	0	1605488	0	0	47493	
3588312	92029	78919	11834	0	-291	4613	0	0	78919	38	0	6142	
3588424	166046	146197	14689	0	297	5900	0	0	146197	0	0	10763	
3591004	32441	30872	982	0	0	0	0	0	30872	0	0	587	
3592047	58513	55707	3344	0	0	300	248	0	55707	0	0	10	
3593307	65598	60766	4815	0	0	0	0	0	60766	17	0	0	
3594087	33819	29565	2950	0	0	539	0	0	29565	0	0	1843	
3595271	261774	261254	13474	0	0	16264	0	0	261254	0	0	3310	
3596250	26762	23742	1560	0	320	302	0	0	23742	0	0	1442	
3597211	151192	118788	16447	0	0	0	0	0	118788	12000	0	3957	
3599804	10678	9526	811	0	0	0	0	0	9526	177	0	164	
3603961	47503	44370	2835	0	-562	0	0	0	44370	0	0	860	
3608751	185546	174122	4704	0	0	3278	0	0	174122	0	0	9998	
3610718	157911	148398	7231	0	0	0	0	0	148398	550	0	1732	
3614837	108284	97958	7648	0	0	0	0	0	97958	193	0	2485	
3614846	21583	20470	1175	0	0	0	0	0	20470	0	0	-62	
3614976	262110	245063	17521	0	0	3098	0	0	245063	0	0	2624	
3617856	25399	24005	3215	0	0	2309	0	0	24005	0	0	488	
3619216	106063	94802	8275	0	-3250	0	0	0	94802	322	0	5914	
3623110	138559	129938	10016	0	0	1588	0	0	129938	0	0	193	
3623969	21395	20479	2047	0	0	1176	0	0	20479	0	0	45	
3626184	13263	11849	2741	0	0	1527	0	0	11849	0	0	200	
3626858	72145	68953	3049	0	0	0	466	0	68953	0	0	609	
3629484	43234	40610	2060	0	0	0	0	0	40610	168	0	396	
3630323	624315	568177	53647	0	0	5000	0	0	568177	1125	0	6366	
3633016	16975	13935	1858	0	0	0	0	0	13935	0	0	1182	
3633173	152423	146835	4842	0	0	0	0	0	146835	223	0	523	
3635029	67141	115211	-49525	0	0	0	0	0	115211	0	0	1455	
3635551	24133	22093	3644	0	0	1605	0	0	22093	0	0	1	
3636428	44207	42300	4887	0	0	3300	0	0	42300	0	0	320	
3636446	171057	137632	16910	0	15000	0	0	0	137632	0	0	1515	
3636914	62560	55190	7758	0	0	737	0	0	55190	-309	0	658	
3637247	155730	137612	12841	0	0	0	0	0	137612	0	0	5277	
3637685	1063444	1188672	-133833	0	0	0	0	0	1188672	3806	0	4799	
3645840	53889	51824	1844	0	0	0	0	0	51824	5	0	216	
3650808	1083479	970430	68694	0	0	0	0	0	970430	14163	0	30192	
3655933	62150	56856	4517	0	0	0	0	0	56856	761	0	16	
3664588	60955	71723	-13815	0	0	0	0	0	71723	379	0	2668	
3667132	25105	21160	2118	0	0	0	0	0	21160	0	0	1827	
3671997	96308	44580	2282	0	48000	130	0	0	44580	14	0	1562	
3678857	217983	195295	19186	0	0	0	0	0	195295	1935	0	1567	
3688043	124477	111834	8226	0	0	0	0	0	111834	516	0	3901	
3688548	25950	24783	4319	0	0	3698	0	0	24783	232	0	314	
3690121	52487	50495	6760	0	28	5365	0	0	50495	0	0	569	
3690635	69718	66570	3241	0	0	569	0	0	66570	145	0	331	
3690701	95264	88696	6893	0	-3000	0	0	0	88696	304	0	2371	
3719648	191234	182231	17213	0	0	8716	0	0	182231	0	0	506	
3720336	43052	40514	2371	0	0	0	0	0	40514	0	0	167	
3720608	177593	156768	16207	0	0	0	0	0	156768	1268	0	3350	
3721605	46832	45256	3613	0	0	2201	0	0	45256	-60	-619	843	
3729124	78455	76353	3902	0	0	1800	0	0	76353	0	0	0	
3783313	1052926	1024576	27258	0	0	0	0	0	1024576	0	0	1092	
3783948	821975	718347	128444	0	0	40000	0	0	718347	0	0	15184	
3786435	40785	32982	5855	0	0	3093	0	0	32982	14	0	5027	
3793714	224904	219675	8364	0	0	4900	0	0	219675	1209	0	556	
3804535	389586	381636	16991	0	0	10000	0	0	381636	0	0	959	
3807880	182000	162132	17264	0	0	0	0	0	162132	307	0	2297	
3812147	50150	48313	1306	0	0	0	0	0	48313	0	0	531	
3816154	29639	20308	-1703	0	9900	0	0	0	20308	0	0	1134	
3816163	23862	22331	1483	0	0	0	0	0	22331	0	0	48	
3816190	65387	51870	5675	0	7815	1925	0	0	51870	0	0	1952	
3821037	95433	89045	5086	0	0	650	0	0	89045	0	0	1952	
3821626	67171	63364	4232	0	0	425	0	0	63364	0	0	0	
3821822	103312	92688	8670	0	0	0	0	0	92688	307	0	1647	
3832127	68145	62492	8633	0	-645	5112	0	0	62492	59	0	2718	
3835454	590852	602609	25977	0	0	45000	0	0	602609	1451	0	5815	
3843392	15673	15638	-232	0	0	0	0	0	15638	0	0	267	
3851427	266826	258528	7136	0	0	2000	0	0	258528	0	0	3162	
3938186	3196951	3233365	234203	0	0	350000	0	0	3233365	0	0	79383	
3939240	14208	13958	252	0	0	0	0	0	13958	0	0	-2	
3943210	17023	17950	-454	0	0	0	0	0	17950	68	0	-541	
3952904	4418	4940	476	0	-1000	0	0	0	4940	0	0	2	
4032791	10962	6980	3935	0	0	0	0	0	6980	0	0	47	
4125778	27457	16805	6100	0	0	0	0	0	16805	0	0	4552	
4146830	7422	7170	252	0	0	0	0	0	7170	0	0	0	
4149037	19796	18659	1137	0	0	0	0	0	18659	0	0	0	
4165907	35360	33894	1195	0	0	0	0	0	33894	0	0	271	
4210227	1279883	1188263	97554	0	0	25003	0	0	1188263	0	0	19069	
4368351	9003	8364	639	0	0	0	0	0	8364	0	0	0	
4397164	15617	16399	3228	0	0	4000	0	0	16399	0	0	-10	
4457536	342229	0	-34016	0	354109	0	0	0	0	19949	0	2187	
4536084	163844	146968	9358	0	7500	0	0	0	146968	18	0	0	
4845861	109661	99876	8857	0	0	0	0	0	99876	928	0	0	
5050028	236592	223170	16553	0	0	20000	0	0	223170	0	0	16869	
5136959	75684	55004	3120	0	0	0	0	0	55004	16631	0	929	
5143788	53032	42201	12834	0	0	4567	0	0	42201	418	0	2146	
5192496	77169	71777	5325	0	-750	0	0	0	71777	361	0	456	
5193989	40584	36263	4214	0	0	1000	0	0	36263	175	0	932	
5205819	116555	93955	6213	0	16000	650	0	0	93955	0	0	1037	
5210989	114724	57738	7501	8963	33384	0	0	0	57738	0	0	7138	
5227101	83596	73940	9236	0	0	750	0	0	73940	267	0	903	
5230790	24146	21298	1828	0	0	0	0	0	21298	29	0	991	
5278251	752383	778636	145276	0	0	270000	0	0	778636	0	0	98471	
5303724	30107	26218	2836	0	0	0	0	0	26218	33	0	1020	
5312593	50482	48071	1866	0	0	0	0	0	48071	250	0	295	
5313312	52478	48309	3398	0	0	0	0	0	48309	352	34	385	
5316920	26350	26480	-414	0	0	0	0	0	26480	39	0	245	
5332603	21464	21675	-626	0	0	0	0	0	21675	0	0	415	
5336928	9217	9014	101	0	0	0	0	0	9014	0	0	102	
5342974	63268	63402	-2740	0	735	0	336	0	63402	0	0	2207	
5349218	102998	81407	3412	0	0	0	0	0	81407	17083	0	1096	
5382514	75528	69254	1429	0	0	0	0	0	69254	69	0	4776	
5397639	47598	26991	20607	0	0	0	0	0	26991	0	0	0	
5398355	52407	50655	1082	0	0	0	0	0	50655	486	0	184	
5398627	49312	42224	897	0	0	0	0	0	42224	171	0	6020	
5401273	35657	24624	1660	0	9000	0	0	0	24624	44	0	329	
5412457	38854	27976	2961	0	7000	0	0	0	27976	150	0	767	
5427684	25115	23560	937	0	0	0	0	0	23560	26	0	592	
5435988	24091	20992	2017	0	0	0	0	0	20992	61	0	1021	
5448915	29035	27230	547	0	0	0	0	0	27230	1106	0	152	
5472880	34209	30213	3823	0	81	0	0	0	30213	0	0	92	
5475452	17765	13131	1148	0	0	0	0	0	13131	3033	0	453	
5479478	23641	22716	554	0	0	0	0	0	22716	132	0	239	
5514409	237947	178494	9221	0	53831	0	0	0	178494	0	0	-3599	
5518023	53787	60068	-70986	0	54000	0	0	0	60068	8580	0	2125	
5528880	26612	26118	-369	0	0	0	0	0	26118	868	0	-5	
5538937	29841	25580	3847	0	0	0	0	0	25580	66	0	348	
5543735	21373	21178	-6	0	0	0	0	0	21178	0	0	201	
5561001	75334	52477	21814	0	0	0	0	0	52477	1043	0	0	
5574430	40465	38249	894	0	0	0	0	0	38249	224	0	1098	
5582846	845061	591691	243205	0	0	0	0	0	591691	10002	0	163	
5591633	17856	14516	3344	0	0	0	0	0	14516	0	0	-4	
5592340	120741	79389	7224	0	33750	0	0	0	79389	278	0	100	
5620869	43081	42933	148	0	0	0	0	0	42933	0	0	0	
5650923	52582	41709	386	0	10000	0	0	0	41709	57	0	430	
5660146	41653	36860	4793	0	0	0	0	0	36860	0	0	0	
5673191	46830	32027	-604	0	0	0	0	0	32027	15111	0	296	
5686089	72922	78088	-6468	0	0	0	0	0	78088	567	0	735	
5686324	20466	19263	599	0	0	0	0	0	19263	251	0	353	
5691319	13030	13084	-366	0	0	0	0	0	13084	61	0	251	
5692473	39913	38193	1240	0	0	0	0	0	38193	382	0	98	
5724226	23634	16429	-689	0	0	0	0	0	16429	7764	0	130	
5728916	28918	29845	-986	0	0	0	0	0	29845	32	0	27	
5755510	11801	11512	-2611	0	2900	0	0	0	11512	0	0	0	
5758436	20780	15128	3373	0	0	0	0	0	15128	2059	0	220	
5758445	8269	9098	-1080	0	0	0	0	0	9098	251	0	0	
5760439	43020	40432	2017	0	0	0	0	0	40432	283	0	288	
5760662	26989	23720	-103	0	0	0	0	-100	23620	1375	0	2097	
5777549	18841	19460	-903	0	0	0	0	0	19460	259	0	25	
5784921	14546	13686	574	0	0	0	0	0	13686	0	0	286	
5787418	15730	15858	-128	0	0	0	0	0	15858	0	0	0	
5788705	67728	29523	1663	0	0	0	0	0	29523	36542	0	0	
5805228	12780	15527	-3923	0	0	0	0	0	15527	1156	0	20	
5805424	14936	15232	-488	0	0	0	0	0	15232	191	0	1	
5805442	21546	21644	-118	0	0	0	0	0	21644	0	0	20	
5805451	50820	48412	2262	0	0	0	0	0	48412	134	0	12	
5805479	5768	7814	-2046	0	0	0	0	0	7814	0	0	0	
5805488	12968	10177	2791	0	0	0	0	0	10177	0	0	0	
5805817	18354	15588	2768	0	0	0	0	0	15588	0	0	-2	
5807400	24272	24647	-552	0	0	0	0	27	24674	0	0	150	
5837377	19323	20011	-764	0	0	0	0	0	20011	0	0	76	
5839915	9765	10309	-546	0	0	0	0	0	10309	0	0	2	
5859511	268813	188128	80680	0	0	0	0	0	188128	0	0	5	
5860740	20624	22074	-1960	0	0	0	0	0	22074	357	0	153	
5861541	21070	23935	-3055	0	0	0	0	0	23935	193	0	-3	
5879201	36115	37899	-1788	0	0	0	0	0	37899	0	0	4	
5882500	30109	0	-1648	0	0	0	0	0	0	31757	0	0	
5887420	8216	6852	-305	0	1669	0	0	0	6852	0	0	0	
5903517	21555	22224	-669	0	0	0	0	0	22224	0	0	0	
5906497	36306	0	-2365	0	0	0	0	0	0	38651	0	20	
5972661	14147	9583	4564	0	0	0	0	0	9583	0	0	0	
6009630	29623	26027	-6304	0	0	0	0	0	26027	9900	0	0	
