rssd_id,total_equity_capital,total_equity_capital_usd,bank_name
852218,331953000.0,331953000000.0,"JPMORGAN CHASE BANK, NATIONAL ASSOCIATION"
480228,251567000.0,251567000000.0,"BANK OF AMERICA, NATIONAL ASSOCIATION"
476810,177068000.0,177068000000.0,"CITIBANK, N.A."
451965,172663000.0,172663000000.0,"WELLS FARGO BANK, NATIONAL ASSOCIATION"
112837,97868410.0,97868410000.0,"CAPITAL ONE, NATIONAL ASSOCIATION"
504713,66797435.0,66797435000.0,U.S. BANK NATIONAL ASSOCIATION
2182786,65503000.0,65503000000.0,GOLDMAN SACHS BANK USA
852320,62581000.0,62581000000.0,TRUIST BANK
817824,57910433.0,57910433000.0,"PNC BANK, NATIONAL ASSOCIATION"
497404,49233714.0,49233714000.0,"TD BANK, NATIONAL ASSOCIATION"
75633,36775634.0,36775634000.0,BMO BANK NATIONAL ASSOCIATION
541101,29259000.0,29259000000.0,"BANK OF NEW YORK MELLON, THE"
35301,28896000.0,28896000000.0,STATE STREET BANK AND TRUST COMPANY
501105,28262985.0,28262985000.0,MANUFACTURERS AND TRADERS TRUST COMPANY
3303298,26409305.0,26409305000.0,"CITIZENS BANK, NATIONAL ASSOCIATION"
1456501,25985000.0,25985000000.0,"MORGAN STANLEY BANK, N.A."
723112,24160000.0,24160000000.0,"FIFTH THIRD BANK, NATIONAL ASSOCIATION"
491224,22326000.0,22326000000.0,FIRST-CITIZENS BANK & TRUST COMPANY
12311,21678641.0,21678641000.0,"HUNTINGTON NATIONAL BANK, THE"
3150447,21328000.0,21328000000.0,"CHARLES SCHWAB BANK, SSB"
280110,18803766.0,18803766000.0,KEYBANK NATIONAL ASSOCIATION
1394676,18165686.0,18165686000.0,AMERICAN EXPRESS NATIONAL BANK
233031,18047000.0,18047000000.0,REGIONS BANK
2489805,18034000.0,18034000000.0,"MORGAN STANLEY PRIVATE BANK, NATIONAL ASSOCIATION"
413208,16454465.0,16454465000.0,"HSBC BANK USA, NATIONAL ASSOCIATION"
3284070,15059000.0,15059000000.0,ALLY BANK
1216022,14743000.0,14743000000.0,SYNCHRONY BANK
722777,13646075.0,13646075000.0,"SANTANDER BANK, NATIONAL ASSOCIATION"
63069,12044659.0,12044659000.0,CITY NATIONAL BANK
210434,11258336.0,11258336000.0,"NORTHERN TRUST COMPANY, THE"
1842065,10928925.0,10928925000.0,CIBC BANK USA
761806,9859502.0,9859502000.0,"WEBSTER BANK, NATIONAL ASSOCIATION"
214807,9666000.0,9666000000.0,DEUTSCHE BANK TRUST COMPANY AMERICAS
1929247,9585598.0,9585598000.0,"SOUTHSTATE BANK, N.A."
3212149,9367765.0,9367765000.0,UBS BANK USA
485559,9317818.0,9317818000.0,FIRST HORIZON BANK
694904,8609465.0,8609465000.0,"FLAGSTAR BANK, NATIONAL ASSOCIATION"
143662,8092635.0,8092635000.0,COLUMBIA BANK
208244,8076852.0,8076852000.0,OLD NATIONAL BANK
229801,8063357.0,8063357000.0,VALLEY NATIONAL BANK
197478,8028345.0,8028345000.0,EAST WEST BANK
3138146,7662140.0,7662140000.0,WESTERN ALLIANCE BANK
664756,7422066.0,7422066000.0,PROSPERITY BANK
936855,7284913.0,7284913000.0,"UMB BANK, NATIONAL ASSOCIATION"
2925666,6936719.0,6936719000.0,PINNACLE BANK
276579,6864795.0,6864795000.0,"ZIONS BANCORPORATION, NATIONAL ASSOCIATION"
60143,6852000.0,6852000000.0,COMERICA BANK
379920,6557610.0,6557610000.0,FIRST NATIONAL BANK OF PENNSYLVANIA
2980209,6385000.0,6385000000.0,BARCLAYS BANK DELAWARE
107244,6093406.0,6093406000.0,BANK OZK
606046,6083096.0,6083096000.0,CADENCE BANK
962966,5815517.0,5815517000.0,"SOFI BANK, NATIONAL ASSOCIATION"
395238,5782764.0,5782764000.0,SYNOVUS BANK
693224,5617160.0,5617160000.0,ATLANTIC UNION BANK
339858,5525060.0,5525060000.0,"BOKF, NATIONAL ASSOCIATION"
365325,5514424.0,5514424000.0,UNITED BANK
619877,4987000.0,4987000000.0,USAA FEDERAL SAVINGS BANK
917742,4705377.0,4705377000.0,"ASSOCIATED BANK, NATIONAL ASSOCIATION"
2121196,4453947.0,4453947000.0,"TD BANK USA, NATIONAL ASSOCIATION"
682563,4405626.0,4405626000.0,FROST BANK
463735,4353344.0,4353344000.0,HANCOCK WHITNEY BANK
645625,4106171.0,4106171000.0,"WESBANCO BANK, INC."
2735146,4015976.0,4015976000.0,"EVERBANK, NATIONAL ASSOCIATION"
764030,4001678.0,4001678000.0,AMERIS BANK
749242,3986285.0,3986285000.0,RENASANT BANK
456045,3953510.0,3953510000.0,CENTENNIAL BANK
613008,3823772.0,3823772000.0,ROCKLAND TRUST COMPANY
494261,3791761.0,3791761000.0,BANC OF CALIFORNIA
595270,3751284.0,3751284000.0,MIDFIRST BANK
940311,3733000.0,3733000000.0,BANCO POPULAR DE PUERTO RICO
527954,3612952.0,3612952000.0,FIRST NATIONAL BANK OF OMAHA
2634191,3605942.0,3605942000.0,GLACIER BANK
128904,3525996.0,3525996000.0,EASTERN BANK
934329,3509000.0,3509000000.0,"BNY MELLON, NATIONAL ASSOCIATION"
1444021,3491301.0,3491301000.0,"BLACKROCK INSTITUTIONAL TRUST COMPANY, NATIONAL ASSOCIATION"
474919,3465630.0,3465630000.0,"FULTON BANK, NATIONAL ASSOCIATION"
2618780,3427056.0,3427056000.0,TEXAS CAPITAL BANK
659855,3387537.0,3387537000.0,FIRST INTERSTATE BANK
1017939,3381511.0,3381511000.0,UNITED COMMUNITY BANK
3938186,3196951.0,3196951000.0,"BANKUNITED, NATIONAL ASSOCIATION"
601050,3174852.0,3174852000.0,COMMERCE BANK
3284397,3152158.0,3152158000.0,BEAL BANK USA
204004,3105919.0,3105919000.0,PROVIDENT BANK
2193616,3105280.0,3105280000.0,RAYMOND JAMES BANK
663245,3092464.0,3092464000.0,SIMMONS BANK
656377,3042944.0,3042944000.0,WAFD BANK
3394278,3018141.0,3018141000.0,SALLIE MAE BANK
595869,2988300.0,2988300000.0,CATHAY BANK
936462,2972889.0,2972889000.0,MECHANICS BANK
814430,2815906.0,2815906000.0,CITY NATIONAL BANK OF FLORIDA
3202702,2788000.0,2788000000.0,"OPTUM BANK, INC."
980661,2721784.0,2721784000.0,FIRST HAWAIIAN BANK
437914,2572647.0,2572647000.0,"WILMINGTON SAVINGS FUND SOCIETY, FSB"
2917317,2534572.0,2534572000.0,AXOS BANK
165628,2526700.0,2526700000.0,FIRST FINANCIAL BANK
2567123,2469891.0,2469891000.0,"U.S. BANK TRUST COMPANY, NATIONAL ASSOCIATION"
416245,2443734.0,2443734000.0,BUSEY BANK
17147,2402836.0,2402836000.0,FIRST MERCHANTS BANK
782306,2400056.0,2400056000.0,BEACON BANK & TRUST
2797724,2397526.0,2397526000.0,TOWNEBANK
34537,2371481.0,2371481000.0,SEACOAST NATIONAL BANK
671464,2337200.0,2337200000.0,BANK OF HOPE
933966,2262447.0,2262447000.0,CITIZENS BUSINESS BANK
311845,2222223.0,2222223000.0,ARVEST BANK
342634,2189910.0,2189910000.0,TRUSTMARK BANK
963945,2179350.0,2179350000.0,MERCHANTS BANK OF INDIANA
1893049,2163000.0,2163000000.0,"CHARLES SCHWAB PREMIER BANK, SSB"
2354985,2076393.0,2076393000.0,CUSTOMERS BANK
2736291,2056153.0,2056153000.0,POPULAR BANK
436159,2003526.0,2003526000.0,FIRSTBANK
1190476,1960801.0,1960801000.0,ENTERPRISE BANK & TRUST
352772,1923344.0,1923344000.0,BANNER BANK
853952,1916411.0,1916411000.0,"CENTRAL TRUST BANK, THE"
1002878,1894417.0,1894417000.0,NORTHWEST BANK
1001152,1889845.0,1889845000.0,INTERNATIONAL BANK OF COMMERCE
2615190,1868621.0,1868621000.0,MERRICK BANK
1443266,1862000.0,1862000000.0,"BANK OF AMERICA CALIFORNIA, NATIONAL ASSOCIATION"
510871,1844434.0,1844434000.0,FIRSTBANK PUERTO RICO
3348888,1840205.0,1840205000.0,SERVISFIRST BANK
3224580,1826760.0,1826760000.0,COMENITY CAPITAL BANK
702117,1814351.0,1814351000.0,"NBT BANK, NATIONAL ASSOCIATION"
2850722,1812164.0,1812164000.0,BMW BANK OF NORTH AMERICA
288853,1786415.0,1786415000.0,FIRSTBANK
3221468,1762264.0,1762264000.0,VERITEX COMMUNITY BANK
915878,1743326.0,1743326000.0,THIRD FEDERAL SAVINGS & LOAN ASSOCIATION OF CLEVELAND
85472,1709563.0,1709563000.0,"OCEANFIRST BANK, NATIONAL ASSOCIATION"
795968,1692611.0,1692611000.0,BANK OF HAWAII
3317932,1680425.0,1680425000.0,CONNECTONE BANK
216922,1675983.0,1675983000.0,FIRST BANK
23504,1640606.0,1640606000.0,DIME COMMUNITY BANK
3579589,1638076.0,1638076000.0,STELLAR BANK
470050,1619931.0,1619931000.0,FIRST FINANCIAL BANK
3470239,1586455.0,1586455000.0,"AMERIPRISE BANK, FSB"
1225761,1571757.0,1571757000.0,WELLS FARGO NATIONAL BANK WEST
249612,1570814.0,1570814000.0,APPLE BANK
3475083,1557891.0,1557891000.0,TRISTATE CAPITAL BANK
202907,1552137.0,1552137000.0,"COMMUNITY BANK, NATIONAL ASSOCIATION"
42420,1506990.0,1506990000.0,FIRST COMMONWEALTH BANK
637451,1501342.0,1501342000.0,PLAINSCAPITAL BANK
509950,1475278.0,1475278000.0,FIRST UNITED BANK AND TRUST COMPANY
936426,1440106.0,1440106000.0,S & T BANK
929352,1420014.0,1420014000.0,BELL BANK
320119,1405832.0,1405832000.0,ISRAEL DISCOUNT BANK OF NEW YORK
871769,1403516.0,1403516000.0,FARMERS AND MERCHANTS BANK OF LONG BEACH
688079,1347089.0,1347089000.0,"WELLS FARGO TRUST COMPANY, NATIONAL ASSOCIATION"
918918,1344285.0,1344285000.0,SAFRA NATIONAL BANK OF NEW YORK
100562,1336847.0,1336847000.0,TRI COUNTIES BANK
3076248,1327978.0,1327978000.0,STIFEL BANK AND TRUST
1386251,1325701.0,1325701000.0,BANCFIRST
129732,1323007.0,1323007000.0,BYLINE BANK
229913,1313933.0,1313933000.0,MIZUHO BANK (USA)
245276,1300987.0,1300987000.0,ORIENTAL BANK
4210227,1279883.0,1279883000.0,NBH BANK
264772,1254986.0,1254986000.0,"LENDINGCLUB BANK, NATIONAL ASSOCIATION"
652874,1249824.0,1249824000.0,NEXBANK
961624,1248470.0,1248470000.0,"DOLLAR BANK, FEDERAL SAVINGS BANK"
3287660,1238261.0,1238261000.0,TOYOTA FINANCIAL SAVINGS BANK
137915,1206374.0,1206374000.0,EMIGRANT BANK
991340,1185493.0,1185493000.0,1ST SOURCE BANK
577128,1184905.0,1184905000.0,PEOPLES BANK
2941068,1182571.0,1182571000.0,NICOLET NATIONAL BANK
489623,1165612.0,1165612000.0,"PARK NATIONAL BANK, THE"
1176881,1163305.0,1163305000.0,MONET BANK
587800,1159193.0,1159193000.0,LIBERTY BANK
2652092,1138543.0,1138543000.0,EAGLEBANK
667757,1120771.0,1120771000.0,ORIGIN BANK
673440,1120037.0,1120037000.0,FIRST SECURITY BANK
37640,1104946.0,1104946000.0,GERMAN AMERICAN BANK
474759,1089389.0,1089389000.0,"SUNFLOWER BANK, NATIONAL ASSOCIATION"
3650808,1083479.0,1083479000.0,LIVE OAK BANKING COMPANY
398668,1074035.0,1074035000.0,"BANK OF NEW YORK MELLON TRUST COMPANY, NATIONAL ASSOCIATION, THE"
174572,1070928.0,1070928000.0,COLUMBIA BANK
2239288,1068799.0,1068799000.0,"WINTRUST BANK, NATIONAL ASSOCIATION"
3637685,1063445.0,1063445000.0,FIRST FOUNDATION BANK
3783313,1052926.0,1052926000.0,CROSS RIVER BANK
353555,1052749.0,1052749000.0,AMARILLO NATIONAL BANK
317342,1040300.0,1040300000.0,STOCK YARDS BANK & TRUST COMPANY
361167,1025626.0,1025626000.0,SOUTHSIDE BANK
316840,1022550.0,1022550000.0,REPUBLIC BANK & TRUST COMPANY
766164,1013316.0,1013316000.0,"TBK BANK, SSB"
1391778,1010711.0,1010711000.0,COMENITY BANK
968070,998042.0,998042000.0,CAPITOL FEDERAL SAVINGS BANK
83638,983417.0,983417000.0,"AMERANT BANK, NATIONAL ASSOCIATION"
3408728,955946.0,955946000.0,B1BANK
58971,955021.0,955021000.0,WASHINGTON TRUST BANK
2600039,950717.0,950717000.0,"COMPUTERSHARE TRUST COMPANY, NATIONAL ASSOCIATION"
930965,945155.0,945155000.0,SMBC MANUBANK
52719,944903.0,944903000.0,"DEPOSITORY TRUST COMPANY, THE"
783648,944207.0,944207000.0,CENTIER BANK
618807,935455.0,935455000.0,SALEM FIVE CENTS SAVINGS BANK
354310,930634.0,930634000.0,UNIVEST BANK AND TRUST CO.
762447,925736.0,925736000.0,"FIRST MID BANK & TRUST, NATIONAL ASSOCIATION"
859712,919767.0,919767000.0,RIDGEWOOD SAVINGS BANK
881478,915849.0,915849000.0,HERITAGE BANK
450856,909219.0,909219000.0,UNION BANK AND TRUST COMPANY
399517,906857.0,906857000.0,CNB BANK
936136,905453.0,905453000.0,OLD SECOND NATIONAL BANK
121642,902419.0,902419000.0,BANKPLUS
959304,901656.0,901656000.0,FLUSHING BANK
933621,890989.0,890989000.0,BURKE AND HERBERT BANK AND TRUST COMPANY
435077,885938.0,885938000.0,"PATHWARD, NATIONAL ASSOCIATION"
3187630,885432.0,885432000.0,FORBRIGHT BANK
479268,884102.0,884102000.0,BANK OF STOCKTON
2916963,874572.0,874572000.0,U.S. BANK TRUST NATIONAL ASSOCIATION
2858960,873849.0,873849000.0,"BANCORP BANK NATIONAL ASSOCIATION, THE"
657365,859671.0,859671000.0,HANMI BANK
2362458,851076.0,851076000.0,"WELLS FARGO BANK SOUTH CENTRAL, NATIONAL ASSOCIATION"
509811,848690.0,848690000.0,"COMMUNITY TRUST BANK, INC."
5582846,845060.0,845060000.0,"SQUARE FINANCIAL SERVICES, INC."
58243,840460.0,840460000.0,JOHNSON BANK
1917301,834604.0,834604000.0,"LAKE FOREST BANK & TRUST COMPANY, NATIONAL ASSOCIATION"
3783948,821975.0,821975000.0,"RBC BANK (GEORGIA), NATIONAL ASSOCIATION"
913856,820443.0,820443000.0,PINNACLE BANK
2998576,802450.0,802450000.0,CELTIC BANK CORPORATION
3076220,782557.0,782557000.0,STIFEL BANK
661308,780355.0,780355000.0,AMALGAMATED BANK
1918344,775642.0,775642000.0,PREFERRED BANK
786612,770973.0,770973000.0,MID PENN BANK
2992547,769003.0,769003000.0,"JOHN DEERE FINANCIAL, F.S.B."
888002,763162.0,763162000.0,MIDDLESEX SAVINGS BANK
29878,756650.0,756650000.0,MASPETH FEDERAL SAVINGS AND LOAN ASSOCIATION
2700984,752824.0,752824000.0,WEX BANK
5278251,752383.0,752383000.0,CHARLES SCHWAB TRUST BANK
412751,750099.0,750099000.0,WOODFOREST NATIONAL BANK
28013,747019.0,747019000.0,NORTHFIELD BANK
996260,744659.0,744659000.0,CTBC BANK CORP. (USA)
874845,741324.0,741324000.0,LAKE CITY BANK
130541,740923.0,740923000.0,HORIZON BANK
1011526,739801.0,739801000.0,CITY NATIONAL BANK OF WEST VIRGINIA
2608754,735948.0,735948000.0,MERCANTILE BANK
2209553,724780.0,724780000.0,HERITAGE BANK OF COMMERCE
139656,721033.0,721033000.0,EQUITY BANK
2705895,719561.0,719561000.0,METROPOLITAN COMMERCIAL BANK
433608,718853.0,718853000.0,TOMPKINS COMMUNITY BANK
236706,717685.0,717685000.0,PEAPACK PRIVATE BANK AND TRUST
633378,711527.0,711527000.0,KEARNY BANK
255659,708930.0,708930000.0,BANK OF COLORADO
593007,708720.0,708720000.0,CAMDEN NATIONAL BANK
651859,703708.0,703708000.0,STOCKMAN BANK OF MONTANA
663834,693539.0,693539000.0,OCEAN BANK
758703,689899.0,689899000.0,CAMBRIDGE SAVINGS BANK
811046,689483.0,689483000.0,BANKERS TRUST COMPANY
836843,686241.0,686241000.0,MIDWESTONE BANK
677176,675752.0,675752000.0,TRUSTCO BANK
701062,670856.0,670856000.0,CENTRAL PACIFIC BANK
2265456,665071.0,665071000.0,"WILMINGTON TRUST, NATIONAL ASSOCIATION"
3232204,661478.0,661478000.0,POPPY BANK
272302,660250.0,660250000.0,INSTITUTION FOR SAVINGS IN NEWBURYPORT AND ITS VICINITY
826956,659146.0,659146000.0,CHOICE FINANCIAL GROUP
260055,652703.0,652703000.0,ALPINE BANK
339773,651418.0,651418000.0,NEEDHAM BANK
601416,645650.0,645650000.0,FIVE STAR BANK
54973,645141.0,645141000.0,"AMERICAN SAVINGS BANK, F.S.B."
2737980,642670.0,642670000.0,NORTHPOINTE BANK
933023,639670.0,639670000.0,"SHORE UNITED BANK, NATIONAL ASSOCIATION"
850036,639273.0,639273000.0,FIRST AMERICAN BANK
426534,639267.0,639267000.0,HEARTLAND BANK AND TRUST COMPANY
2119773,638508.0,638508000.0,"HINSDALE BANK & TRUST COMPANY, NATIONAL ASSOCIATION"
572374,637215.0,637215000.0,GREAT SOUTHERN BANK
808260,632636.0,632636000.0,FARMERS & MERCHANTS BANK OF CENTRAL CALIFORNIA
697763,630899.0,630899000.0,WESTAMERICA BANK
639567,630881.0,630881000.0,"CREDIT ONE BANK, NATIONAL ASSOCIATION"
3630323,624315.0,624315000.0,THIRD COAST BANK
1187001,623897.0,623897000.0,INTERBANK
391575,621794.0,621794000.0,"UNITED FIDELITY BANK, FSB"
773247,621345.0,621345000.0,MIDLAND STATES BANK
2471239,617074.0,617074000.0,CFG BANK
3532641,614512.0,614512000.0,SMARTBANK
693345,612741.0,612741000.0,"FIRST FINANCIAL BANK, NATIONAL ASSOCIATION"
932978,603302.0,603302000.0,FIRSTRUST SAVINGS BANK
342410,600515.0,600515000.0,ORRSTOWN BANK
3447576,599378.0,599378000.0,AMERICAN MOMENTUM BANK
594947,596565.0,596565000.0,"BANK FIRST, NATIONAL ASSOCIATION"
3835454,590853.0,590853000.0,ROYAL BUSINESS BANK
278818,590315.0,590315000.0,PEOPLES SECURITY BANK AND TRUST COMPANY
212577,585814.0,585814000.0,HOMETRUST BANK
731247,584210.0,584210000.0,HILLS BANK AND TRUST COMPANY
3076453,574254.0,574254000.0,"CALIFORNIA BANK OF COMMERCE, NATIONAL ASSOCIATION"
3378773,572795.0,572795000.0,BRIDGEWATER BANK
3402913,571712.0,571712000.0,BANESCO USA
542528,569670.0,569670000.0,CIVISTA BANK
114260,567724.0,567724000.0,FIRST NATIONAL BANK ALASKA
664206,565601.0,565601000.0,CAPE COD FIVE CENTS SAVINGS BANK
725732,563551.0,563551000.0,BRADESCO BANK
522605,561644.0,561644000.0,BAR HARBOR BANK AND TRUST COMPANY
159636,551265.0,551265000.0,WILSON BANK & TRUST
933256,551253.0,551253000.0,"ALERUS FINANCIAL, NATIONAL ASSOCIATION"
2634351,546796.0,546796000.0,"MACATAWA BANK, NATIONAL ASSOCIATION"
816603,546466.0,546466000.0,"WASHINGTON TRUST COMPANY, OF WESTERLY, THE"
40499,544568.0,544568000.0,HARBORONE BANK
722544,541752.0,541752000.0,NATIONAL EXCHANGE BANK AND TRUST
809771,537708.0,537708000.0,YAKIMA FEDERAL SAVINGS AND LOAN ASSOCIATION
141556,536418.0,536418000.0,STEARNS BANK NATIONAL ASSOCIATION
2508751,533945.0,533945000.0,"BARRINGTON BANK & TRUST COMPANY, NATIONAL ASSOCIATION"
925411,532300.0,532300000.0,SUMITOMO MITSUI TRUST BANK (U.S.A.) LIMITED
3109146,530422.0,530422000.0,"LEADER BANK, NATIONAL ASSOCIATION"
413141,528936.0,528936000.0,FIRST NATIONAL BANK OF AMERICA
253468,527700.0,527700000.0,RIVER CITY BANK
230759,524218.0,524218000.0,INTERNATIONAL BANK OF COMMERCE
707354,521017.0,521017000.0,FIRST STATE COMMUNITY BANK
77851,520530.0,520530000.0,FIRST BANK & TRUST
169653,517579.0,517579000.0,FIRST BANK
660655,514354.0,514354000.0,AMERICAN NATIONAL BANK
468806,513648.0,513648000.0,NORTHEAST BANK
272272,513169.0,513169000.0,SOUTHERN BANK
949154,512801.0,512801000.0,TEXAS BANK AND TRUST COMPANY
384018,511598.0,511598000.0,WOORI AMERICA BANK
876634,510643.0,510643000.0,CAPITAL CITY BANK
2938198,507214.0,507214000.0,"NORTHBROOK BANK & TRUST COMPANY, NATIONAL ASSOCIATION"
825146,506267.0,506267000.0,MORTON COMMUNITY BANK
680813,501468.0,501468000.0,"FARMERS NATIONAL BANK OF CANFIELD, THE"
1867983,501130.0,501130000.0,CITIZENS FIRST BANK
897170,492764.0,492764000.0,PONCE BANK
324340,491679.0,491679000.0,CHOICEONE BANK
419406,488616.0,488616000.0,BANGOR SAVINGS BANK
56351,486826.0,486826000.0,"VERABANK, NATIONAL ASSOCIATION"
2867337,486115.0,486115000.0,FIVE STAR BANK
236153,485554.0,485554000.0,FIRST INTERNATIONAL BANK AND TRUST
1015560,484415.0,484415000.0,"INDUSTRIAL AND COMMERCIAL BANK OF CHINA (USA), NATIONAL ASSOCIATION"
636771,480475.0,480475000.0,INDEPENDENT BANK
2562164,476184.0,476184000.0,COASTAL COMMUNITY BANK
900306,476006.0,476006000.0,NORTHERN BANK & TRUST COMPANY
1007015,470609.0,470609000.0,CENTRAL BANK & TRUST COMPANY
913753,469776.0,469776000.0,INWOOD NATIONAL BANK
929978,465833.0,465833000.0,"HOME BANK, NATIONAL ASSOCIATION"
1883321,465466.0,465466000.0,"FIRST AMERICAN TRUST, FSB"
2353595,463864.0,463864000.0,FIRST COMMUNITY BANK
703767,463359.0,463359000.0,COMMUNITY WEST BANK
548351,463280.0,463280000.0,"AUSTIN BANK, TEXAS NATIONAL ASSOCIATION"
2390929,462817.0,462817000.0,BANK OF ANN ARBOR
673909,461705.0,461705000.0,HINGHAM INSTITUTION FOR SAVINGS
739560,460493.0,460493000.0,FREMONT BANK
2654911,460405.0,460405000.0,PRINCIPAL BANK
845573,459590.0,459590000.0,"SPENCER SAVINGS BANK, SAVINGS AND LOAN ASSOCIATION"
575254,458401.0,458401000.0,CITY BANK
374653,457757.0,457757000.0,FIRST PREMIER BANK
105473,455254.0,455254000.0,HOME FEDERAL BANK OF TENNESSEE
3029589,453386.0,453386000.0,CEDAR RAPIDS BANK AND TRUST COMPANY
474254,452691.0,452691000.0,BROADWAY NATIONAL BANK
13103,452592.0,452592000.0,BRISTOL COUNTY SAVINGS BANK
161273,451983.0,451983000.0,"NORTH SHORE BANK, A CO-OPERATIVE BANK"
557858,451585.0,451585000.0,"INTRUST BANK, NATIONAL ASSOCIATION"
945053,449789.0,449789000.0,RCB BANK
2693264,449616.0,449616000.0,"TOWN BANK, NATIONAL ASSOCIATION"
256553,449091.0,449091000.0,DACOTAH BANK
3437456,443365.0,443365000.0,METRO CITY BANK
355858,443065.0,443065000.0,FIRST NATIONAL BANK
161602,441521.0,441521000.0,"CANANDAIGUA NATIONAL BANK AND TRUST COMPANY, THE"
3228908,439072.0,439072000.0,MEDALLION BANK
933975,437525.0,437525000.0,BANK OF UTAH
662369,435186.0,435186000.0,BANK OF THE SIERRA
3401970,431875.0,431875000.0,FIRST BANK
99376,431727.0,431727000.0,"NATIONAL COOPERATIVE BANK, N.A."
1157415,431272.0,431272000.0,STATE BANK OF TEXAS
535753,430295.0,430295000.0,"ACADEMY BANK, N.A."
3325759,428747.0,428747000.0,PRIMIS BANK
384278,428255.0,428255000.0,FIRST FEDERAL BANK
1009354,426818.0,426818000.0,SECURITY BANK OF KANSAS CITY
2576134,422871.0,422871000.0,WEBBANK
2758613,419930.0,419930000.0,FIRST INTERNET BANK OF INDIANA
211271,419822.0,419822000.0,"NORTH AMERICAN SAVINGS BANK, FSB"
717924,419406.0,419406000.0,SOUTHERN BANK AND TRUST COMPANY
1436204,417865.0,417865000.0,BANK OF MARIN
866000,415635.0,415635000.0,ARROW BANK NATIONAL ASSOCIATION
911973,411434.0,411434000.0,UNION SAVINGS BANK
537449,410976.0,410976000.0,FIRST BUSINESS BANK
529958,409262.0,409262000.0,"TIB, NATIONAL ASSOCIATION"
914648,409091.0,409091000.0,BANKFIRST FINANCIAL SERVICES
26765,408463.0,408463000.0,VANTAGE BANK TEXAS
3547131,407375.0,407375000.0,FINEMARK NATIONAL BANK & TRUST
3017081,404524.0,404524000.0,NORTHWESTERN MUTUAL WEALTH MANAGEMENT COMPANY
3476192,404226.0,404226000.0,CARTER BANK & TRUST
876700,403964.0,403964000.0,CENTREVILLE BANK
584920,403386.0,403386000.0,"FIDELITY BANK, THE"
1001639,402999.0,402999000.0,PARKWAY BANK AND TRUST COMPANY
460033,401479.0,401479000.0,COMMUNITY BANK OF MISSISSIPPI
751656,399545.0,399545000.0,FRANDSEN BANK & TRUST
439338,399017.0,399017000.0,UNITED COMMUNITY BANK
2963266,396914.0,396914000.0,FIRST CAROLINA BANK
2734729,395546.0,395546000.0,AMERICAN BUSINESS BANK
223322,394810.0,394810000.0,"FIRST BANK AND TRUST COMPANY, THE"
613400,393819.0,393819000.0,PEOPLESBANK
976703,391952.0,391952000.0,"BESSEMER TRUST COMPANY, N.A."
5210,390540.0,390540000.0,ACNB BANK
2044811,390206.0,390206000.0,"WHEATON BANK & TRUST COMPANY, NATIONAL ASSOCIATION"
3804535,389587.0,389587000.0,GUARANTY BANK
2694681,385703.0,385703000.0,AMERICAN FIRST NATIONAL BANK
214414,383924.0,383924000.0,"FARMERS & MERCHANTS STATE BANK, THE"
995076,380146.0,380146000.0,CACHE VALLEY BANK
852544,379715.0,379715000.0,SOUTHERN BANCORP BANK
376273,379401.0,379401000.0,NORTH SHORE BANK
3235410,378334.0,378334000.0,WEST COAST COMMUNITY BANK
2849801,376239.0,376239000.0,SOUTHERN FIRST BANK
822556,376235.0,376235000.0,TEXAS EXCHANGE BANK
3212402,373561.0,373561000.0,PCB BANK
140362,364493.0,364493000.0,SUNWEST BANK
2954059,361572.0,361572000.0,BCB COMMUNITY BANK
1447639,360540.0,360540000.0,WESTSTAR BANK
557317,358469.0,358469000.0,LINKBANK
139740,356867.0,356867000.0,WEST BANK
254317,352157.0,352157000.0,BANK OF UTICA
657271,350596.0,350596000.0,GATE CITY BANK
671334,348338.0,348338000.0,REPUBLIC BANK OF CHICAGO
978118,348171.0,348171000.0,FIRST CITIZENS COMMUNITY BANK
3109043,347393.0,347393000.0,BANKWELL BANK
1018927,347213.0,347213000.0,1ST SECURITY BANK OF WASHINGTON
407506,346871.0,346871000.0,ION BANK
657459,346582.0,346582000.0,MIDWEST BANKCENTRE
330855,346401.0,346401000.0,"BANK OF MISSOURI, THE"
867650,345505.0,345505000.0,PINNACLE BANK
112163,345386.0,345386000.0,"GUARANTY BANK & TRUST, N.A."
2757205,343553.0,343553000.0,"MVB BANK, INC."
2743244,342569.0,342569000.0,RED RIVER BANK
278555,342525.0,342525000.0,"STRIDE BANK, NATIONAL ASSOCIATION"
842460,342426.0,342426000.0,LONE STAR NATIONAL BANK
971959,342345.0,342345000.0,BRAVERA BANK
4457536,342229.0,342229000.0,THRIVENT BANK
9807,341249.0,341249000.0,AMBOY BANK
110936,340626.0,340626000.0,BANCO DO BRASIL AMERICAS
2891622,338635.0,338635000.0,"CORNERSTONE CAPITAL BANK, SSB"
428547,335400.0,335400000.0,"ST. CHARLES BANK & TRUST COMPANY, NATIONAL ASSOCIATION"
1890525,334834.0,334834000.0,UNITY BANK
310978,333149.0,333149000.0,WATERSTONE BANK
936583,332936.0,332936000.0,THINK MUTUAL BANK
507068,332711.0,332711000.0,EXCHANGE BANK
525549,332585.0,332585000.0,LAKE RIDGE BANK
3189063,331715.0,331715000.0,COMMERCIAL BANK OF CALIFORNIA
324863,331326.0,331326000.0,"BANK OF COMMERCE, THE"
779351,329984.0,329984000.0,"MERCHANTS BANK, NATIONAL ASSOCIATION"
2298995,329389.0,329389000.0,"VILLAGE BANK & TRUST, NATIONAL ASSOCIATION"
823478,328785.0,328785000.0,NORTHEAST COMMUNITY BANK
2764212,326656.0,326656000.0,PARKE BANK
233527,326203.0,326203000.0,"BLUE RIDGE BANK, NATIONAL ASSOCIATION"
2808602,324526.0,324526000.0,"CAPITAL BANK, NATIONAL ASSOCIATION"
84541,324258.0,324258000.0,GUARANTY BANK AND TRUST COMPANY
961576,323152.0,323152000.0,"EL DORADO SAVINGS BANK, F.S.B."
491934,322541.0,322541000.0,COLONY BANK
3437157,321988.0,321988000.0,RIVER BANK & TRUST
599764,321555.0,321555000.0,"AMERICAN NATIONAL BANK OF TEXAS, THE"
328777,319043.0,319043000.0,PENN COMMUNITY BANK
160959,318524.0,318524000.0,KS STATEBANK
619701,318090.0,318090000.0,AVIDIA BANK
3281510,317627.0,317627000.0,UNITED BUSINESS BANK
762474,317600.0,317600000.0,"FIDELITY BANK, NATIONAL ASSOCIATION"
302656,317202.0,317202000.0,MINNWEST BANK
139843,316815.0,316815000.0,FIRST FARMERS BANK & TRUST CO.
543262,316583.0,316583000.0,D.L. EVANS BANK
234739,315101.0,315101000.0,BUILTWELL BANK
247140,312252.0,312252000.0,ONE COMMUNITY BANK
265407,310549.0,310549000.0,BANK OF NEW HAMPSHIRE
3449066,309317.0,309317000.0,"INVESTAR BANK, NATIONAL ASSOCIATION"
455972,308978.0,308978000.0,PEOPLES BANK
3374412,308527.0,308527000.0,OAKSTAR BANK
928421,307328.0,307328000.0,CITIZENS AND FARMERS BANK
459671,306749.0,306749000.0,MANASQUAN BANK
689209,306397.0,306397000.0,COUNTRY BANK FOR SAVINGS
441256,304868.0,304868000.0,FIRST DAKOTA NATIONAL BANK
443205,303706.0,303706000.0,UNION SAVINGS BANK
895710,303216.0,303216000.0,CITIZENS & NORTHERN BANK
1458608,302441.0,302441000.0,GULF COAST BANK AND TRUST COMPANY
1718188,301244.0,301244000.0,NORTHRIM BANK
397540,300949.0,300949000.0,"FIRST NATIONAL BANK OF FORT SMITH, THE"
293053,299253.0,299253000.0,COMMUNITY NATIONAL BANK
233554,298851.0,298851000.0,WESTERN STATE BANK
2142155,298385.0,298385000.0,QUAD CITY BANK AND TRUST COMPANY
622774,298349.0,298349000.0,CENTRAL BANK
18827,297402.0,297402000.0,"NEXTIER BANK, NA"
528960,296786.0,296786000.0,TEXAS COMMUNITY BANK
648242,295376.0,295376000.0,INDEPENDENCE BANK OF KENTUCKY
546003,295232.0,295232000.0,BANKNEWPORT
3158546,294969.0,294969000.0,FIRST WESTERN TRUST BANK
3386264,292960.0,292960000.0,FIRST GENERAL BANK
113601,292461.0,292461000.0,BANK OF NEW ENGLAND
2594240,290674.0,290674000.0,ENCORE BANK
1001648,290056.0,290056000.0,CARROLLTON BANK
645465,288715.0,288715000.0,VISTA BANK
232856,288457.0,288457000.0,TEXASBANK
42448,288094.0,288094000.0,FIRST NATIONAL BANK
1387605,284520.0,284520000.0,NORTHWEST BANK
137205,284409.0,284409000.0,MACHIAS SAVINGS BANK
965789,283509.0,283509000.0,SUSSER BANK
201834,283103.0,283103000.0,LAKESIDE BANK
536059,282545.0,282545000.0,"GOLDEN BANK, NATIONAL ASSOCIATION"
3214059,282050.0,282050000.0,AVIDBANK
3419416,281741.0,281741000.0,JOHN MARSHALL BANK
67656,280912.0,280912000.0,FIRST SAVINGS BANK
3110197,280719.0,280719000.0,SOUTHEAST BANK
656470,279816.0,279816000.0,STATE BANK OF SOUTHERN UTAH
3248849,278641.0,278641000.0,MAINSTREET BANK
3404207,278073.0,278073000.0,"OLD PLANK TRAIL COMMUNITY BANK, NATIONAL ASSOCIATION"
884303,277326.0,277326000.0,CHEMUNG CANAL TRUST COMPANY
613950,276935.0,276935000.0,FIRST NATIONAL BANK TEXAS DBA FIRST CONVENIENCE BANK
176101,276331.0,276331000.0,ORANGE BANK & TRUST COMPANY
547840,275656.0,275656000.0,STAR FINANCIAL BANK
237066,275414.0,275414000.0,WEST TEXAS NATIONAL BANK
785923,274235.0,274235000.0,LCNB NATIONAL BANK
37435,272641.0,272641000.0,UNITED BANK
670560,272119.0,272119000.0,DEUTSCHE BANK NATIONAL TRUST COMPANY
193809,272092.0,272092000.0,DEDHAM INSTITUTION FOR SAVINGS
273336,272051.0,272051000.0,"BANK OF TAMPA, THE"
2339795,271375.0,271375000.0,"LIBERTYVILLE BANK & TRUST COMPANY, NATIONAL ASSOCIATION"
3545258,271291.0,271291000.0,CALPRIVATE BANK
595430,270565.0,270565000.0,"STATE BANK OF THE LAKES, NATIONAL ASSOCIATION"
797775,269737.0,269737000.0,BLUE FOUNDRY BANK
237619,269218.0,269218000.0,"PIONEER BANK, NATIONAL ASSOCIATION"
214106,269068.0,269068000.0,"BANK OF GREENE COUNTY, THE"
5859511,268813.0,268813000.0,"TIAA TRUST, NATIONAL ASSOCIATION"
975751,268797.0,268797000.0,CIBC NATIONAL TRUST COMPANY
3851427,266827.0,266827000.0,GATEWAY FIRST BANK
345309,265123.0,265123000.0,CHELSEA GROTON BANK
3337097,265026.0,265026000.0,COMMONWEALTH BUSINESS BANK
3356191,264197.0,264197000.0,BRYANT BANK
12946,263831.0,263831000.0,FARMERS BANK & TRUST COMPANY
3614976,262110.0,262110000.0,FVCBANK
3595271,261774.0,261774000.0,"BANK OF PRINCETON, THE"
574976,261337.0,261337000.0,CASHMERE VALLEY BANK
294779,261021.0,261021000.0,TIMBERLAND BANK
497039,260955.0,260955000.0,COMMERCIAL BANK
3216017,259722.0,259722000.0,"BEVERLY BANK & TRUST COMPANY, NATIONAL ASSOCIATION"
422433,259570.0,259570000.0,FIRST GUARANTY BANK
539032,259144.0,259144000.0,BANK INDEPENDENT
670467,258528.0,258528000.0,PLUMAS BANK
538802,257595.0,257595000.0,INTERAUDI BANK
499501,256874.0,256874000.0,MAINE COMMUNITY BANK
380458,254760.0,254760000.0,TEXAS REGIONAL BANK
3047659,254481.0,254481000.0,DOGWOOD STATE BANK
564557,254385.0,254385000.0,FALCON INTERNATIONAL BANK
771609,254261.0,254261000.0,BAYCOAST BANK
2596646,253587.0,253587000.0,FIRST COMMUNITY BANK
2297998,252742.0,252742000.0,EVERTRUST BANK
339072,252308.0,252308000.0,"COLONIAL SAVINGS, FA"
807955,251897.0,251897000.0,"AMERICAN BANK, NATIONAL ASSOCIATION"
1718469,251496.0,251496000.0,COLORADO FEDERAL SAVINGS BANK
86675,251242.0,251242000.0,ROSEDALE BANK
289702,251100.0,251100000.0,NORWAY SAVINGS BANK
1494914,250811.0,250811000.0,SHINHAN BANK AMERICA
860053,249883.0,249883000.0,"SUNRISE BANKS, NATIONAL ASSOCIATION"
255574,249169.0,249169000.0,FIDELITY BANK
3016347,249158.0,249158000.0,GEORGIA BANKING COMPANY
892205,248575.0,248575000.0,WESTFIELD BANK
154770,248118.0,248118000.0,MUTUALONE BANK
3274709,246231.0,246231000.0,COASTAL STATES BANK
439404,245729.0,245729000.0,FIRST NATIONAL BANK
268006,245656.0,245656000.0,MASCOMA BANK
3447820,244385.0,244385000.0,"ESQUIRE BANK, NATIONAL ASSOCIATION"
687951,243843.0,243843000.0,FIRST WESTERN BANK AND TRUST
2531991,243393.0,243393000.0,"WELLS FARGO DELAWARE TRUST COMPANY, NATIONAL ASSOCIATION"
5069,243383.0,243383000.0,FIRST CREDIT BANK
200435,243129.0,243129000.0,CREWS BANK & TRUST
498362,242035.0,242035000.0,AMERICAN NATIONAL BANK & TRUST
18854,240684.0,240684000.0,BANK7
685676,240238.0,240238000.0,OPPORTUNITY BANK OF MONTANA
3146150,240015.0,240015000.0,U.S. CENTURY BANK
2970657,239712.0,239712000.0,"SCHAUMBURG BANK & TRUST COMPANY, NATIONAL ASSOCIATION"
552161,239694.0,239694000.0,CITIZENS NATIONAL BANK OF TEXAS
106359,239143.0,239143000.0,FIRST FIDELITY BANK
245016,239020.0,239020000.0,HABIB AMERICAN BANK
5514409,237947.0,237947000.0,NELNET BANK
243375,237918.0,237918000.0,GREEN DOT BANK
882701,237134.0,237134000.0,FAIRFIELD COUNTY BANK
864471,237064.0,237064000.0,PIEDMONT FEDERAL SAVINGS BANK
5050028,236592.0,236592000.0,INTERNATIONAL BANK OF COMMERCE
3271799,236037.0,236037000.0,MERIDIAN BANK
403151,235590.0,235590000.0,CORNERSTONE BANK
925037,234979.0,234979000.0,"INB, NATIONAL ASSOCIATION"
767974,233762.0,233762000.0,CFBANK NATIONAL ASSOCIATION
583905,233589.0,233589000.0,KENNEBEC SAVINGS BANK
773470,232166.0,232166000.0,"MALAGA BANK, FSB"
473266,232081.0,232081000.0,TEXAS FIRST BANK
2973386,232074.0,232074000.0,SEI PRIVATE TRUST COMPANY
397755,230582.0,230582000.0,LEGACY BANK & TRUST COMPANY
578255,229716.0,229716000.0,FIRST UNITED BANK
772008,229427.0,229427000.0,SOUTH SHORE BANK
1007819,229099.0,229099000.0,"FIDELITY DEPOSIT AND DISCOUNT BANK, THE"
546544,227797.0,227797000.0,CENTRAL BANK
962890,226801.0,226801000.0,CITIZENS COMMUNITY FEDERAL NATIONAL ASSOCIATION
177920,226754.0,226754000.0,"MIDDLEFIELD BANKING COMPANY, THE"
45560,226603.0,226603000.0,JEFFERSON BANK
806846,226213.0,226213000.0,BANK FIVE NINE
1445943,225443.0,225443000.0,"WHITAKER BANK, INC"
3793714,224904.0,224904000.0,HANOVER COMMUNITY BANK
526452,224746.0,224746000.0,1ST FINANCIAL BANK USA
625654,224578.0,224578000.0,COUNTRY CLUB BANK
482156,224308.0,224308000.0,FARMERS BANK & TRUST
711472,223418.0,223418000.0,BANK OF GUAM
113003,223411.0,223411000.0,STAFFORD SAVINGS BANK
2132941,222370.0,222370000.0,"NATIONAL BANK OF INDIANAPOLIS, THE"
48374,221264.0,221264000.0,FIRST FINANCIAL BANK
133850,220987.0,220987000.0,FIRST CITIZENS NATIONAL BANK
318974,220878.0,220878000.0,FIRST FEDERAL SAVINGS AND LOAN ASSOCIATION OF LAKEWOOD
972648,220701.0,220701000.0,PLANTERS BANK & TRUST COMPANY
275358,220012.0,220012000.0,AMERICAN BANK & TRUST
51253,219605.0,219605000.0,APEX BANK
3357219,219415.0,219415000.0,OPEN BANK
2497181,219335.0,219335000.0,"PLANTERS BANK, INC."
626101,218993.0,218993000.0,IVES BANK
785473,218344.0,218344000.0,FIRST SAVINGS BANK
923707,218119.0,218119000.0,"LOWELL FIVE CENT SAVINGS BANK, THE"
893855,218031.0,218031000.0,LEAD BANK
3678857,217983.0,217983000.0,NORTHWEST BANK
247355,217650.0,217650000.0,SECURITY STATE BANK & TRUST
738040,217347.0,217347000.0,UNITED BANK OF IOWA
375502,215887.0,215887000.0,BANKPROV
366238,215221.0,215221000.0,PINNACLE BANK
110413,215117.0,215117000.0,SUTTON BANK
2986407,214993.0,214993000.0,"WESTFIELD BANK, FSB"
3398623,214926.0,214926000.0,FFB BANK
939249,213402.0,213402000.0,FIDELITY BANK & TRUST
677644,213212.0,213212000.0,"FARMERS & MERCHANTS BANK, THE"
709602,212860.0,212860000.0,UNIBANK FOR SAVINGS
753324,212408.0,212408000.0,BANK OF CLARKE
3548567,212342.0,212342000.0,TEXAS PARTNERS BANK
433505,210705.0,210705000.0,BATH SAVINGS INSTITUTION
703552,210670.0,210670000.0,"HORIZON BANK, SSB"
59316,209864.0,209864000.0,WAYNE BANK
3344321,209526.0,209526000.0,TRADITION CAPITAL BANK
674849,209369.0,209369000.0,LUANA SAVINGS BANK
253356,207681.0,207681000.0,MOODY NATIONAL BANK
923752,207444.0,207444000.0,COMMUNITY NATIONAL BANK & TRUST
994435,207308.0,207308000.0,UNITED BANK
1459717,206847.0,206847000.0,FCB BANKS
775456,206756.0,206756000.0,NATIONAL BANK OF COMMERCE
627108,206150.0,206150000.0,CAPE ANN SAVINGS BANK
279105,205895.0,205895000.0,FLORENCE BANK
2140348,205399.0,205399000.0,"SERVBANK, NATIONAL ASSOCIATION"
2847142,205300.0,205300000.0,COGENT BANK
2736714,205264.0,205264000.0,MISSION BANK
502849,205042.0,205042000.0,BANTERRA BANK
61122,204321.0,204321000.0,FIRST UNITED BANK & TRUST
65858,203974.0,203974000.0,EMPRISE BANK
177751,203694.0,203694000.0,CASS COMMERCIAL BANK
783161,203097.0,203097000.0,FIRST NORTHERN BANK OF DIXON
3437483,202994.0,202994000.0,SIGNATURE BANK
418249,201037.0,201037000.0,"THE SECURITY NATIONAL BANK OF SIOUX CITY, IOWA"
786210,200908.0,200908000.0,"TRADITIONAL BANK, INC."
757377,200729.0,200729000.0,LIBERTY BANK FOR SAVINGS
859002,200439.0,200439000.0,BANKESB
423739,200437.0,200437000.0,MORRIS BANK
537560,200263.0,200263000.0,"EXTRACO BANKS, NATIONAL ASSOCIATION"
2344753,199207.0,199207000.0,THOMASVILLE NATIONAL BANK
774132,198872.0,198872000.0,VOLUNTEER BANK
2747587,198620.0,198620000.0,NBKC BANK
1864197,197973.0,197973000.0,OAK VALLEY COMMUNITY BANK
282075,196319.0,196319000.0,WASHINGTON FINANCIAL BANK
273662,195880.0,195880000.0,FIRST STATE BANK OF UVALDE
186744,195681.0,195681000.0,FIRST CITIZENS BANK
470452,195330.0,195330000.0,ARMSTRONG BANK
830542,194668.0,194668000.0,CBI BANK & TRUST
517049,193230.0,193230000.0,CHAMBERS BANK
983457,192752.0,192752000.0,"ARMED FORCES BANK, NATIONAL ASSOCIATION"
3719648,191234.0,191234000.0,MEADOWS BANK
242976,190255.0,190255000.0,BAYVANGUARD BANK
790543,190208.0,190208000.0,COMMUNITY STATE BANK
960935,189574.0,189574000.0,QUEENSBOROUGH NATIONAL BANK & TRUST COMPANY
6329,189501.0,189501000.0,ANDERSON BROTHERS BANK
159971,189488.0,189488000.0,SOMERSET REGAL BANK
69333,189466.0,189466000.0,"CITIZENS NATIONAL BANK OF MERIDIAN, THE"
2332910,189270.0,189270000.0,FIRST COMMERCIAL BANK (U.S.A)
473042,189002.0,189002000.0,"SOUTH CENTRAL BANK, INC."
425911,188689.0,188689000.0,EPHRATA NATIONAL BANK
631422,188496.0,188496000.0,"CONWAY NATIONAL BANK, THE"
369659,188138.0,188138000.0,FIRST NATIONAL BANK OF CENTRAL TEXAS
2624400,187577.0,187577000.0,"CRYSTAL LAKE BANK & TRUST COMPANY, NATIONAL ASSOCIATION"
326858,187157.0,187157000.0,"FIRST NATIONAL BANK IN SIOUX FALLS, THE"
2666400,187133.0,187133000.0,INDEPENDENT BANK
804338,187118.0,187118000.0,FIRST BANK CHICAGO
2068107,186529.0,186529000.0,CAPITAL COMMUNITY BANK
716833,186070.0,186070000.0,MARQUETTE BANK
187947,185898.0,185898000.0,BANK IOWA
3608751,185546.0,185546000.0,BENEFICIAL STATE BANK
2697963,185164.0,185164000.0,"CITY FIRST BANK, NATIONAL ASSOCIATION"
134437,185128.0,185128000.0,TROY BANK & TRUST COMPANY
2482824,184259.0,184259000.0,GREAT PLAINS NATIONAL BANK
1004470,184218.0,184218000.0,BANKHOMETOWN
49241,183730.0,183730000.0,RELYANCE BANK
645317,183592.0,183592000.0,"ADIRONDACK TRUST COMPANY, THE"
921178,183005.0,183005000.0,RIVERVIEW BANK
890742,182047.0,182047000.0,BLACKHAWK BANK & TRUST
340135,182020.0,182020000.0,BANK OF TENNESSEE
3807880,182000.0,182000000.0,ONE FLORIDA BANK
508346,181842.0,181842000.0,HAWTHORN BANK
74140,181550.0,181550000.0,ISABELLA BANK
771458,181544.0,181544000.0,FIRST AMERICAN BANK
899428,181462.0,181462000.0,FIRST BANK
276850,180852.0,180852000.0,SECURITY FIRST BANK
1011656,180634.0,180634000.0,"VERSABANK USA, NATIONAL ASSOCIATION"
881012,180440.0,180440000.0,JOURNEY BANK
242444,180090.0,180090000.0,TRI CITY NATIONAL BANK
490450,179838.0,179838000.0,NORTH DALLAS BANK & TRUST CO.
779968,179723.0,179723000.0,STATE BANK OF INDIA (CALIFORNIA)
328357,179652.0,179652000.0,"TITAN BANK, N.A."
132107,179611.0,179611000.0,ANDROSCOGGIN SAVINGS BANK
738769,179523.0,179523000.0,COMMUNITY NATIONAL BANK & TRUST OF TEXAS
290249,179066.0,179066000.0,WAUKESHA STATE BANK
2667920,178806.0,178806000.0,U.S. BANK TRUST NATIONAL ASSOCIATION SD
65205,178626.0,178626000.0,"TORRINGTON SAVINGS BANK, THE"
514066,178404.0,178404000.0,MONTECITO BANK & TRUST
212522,178393.0,178393000.0,SOMERSET TRUST COMPANY
403179,178378.0,178378000.0,FIRST FED BANK
958204,178205.0,178205000.0,FIRST COUNTY BANK
2708122,178142.0,178142000.0,VIRGINIA NATIONAL BANK
117458,178138.0,178138000.0,BANKFIRST
2785646,177712.0,177712000.0,OMB BANK
3720608,177593.0,177593000.0,OAKWORTH CAPITAL BANK
717737,177494.0,177494000.0,CITIZENS NATIONAL BANK
680457,177193.0,177193000.0,"YELLOWSTONE BANK, THE"
289515,176051.0,176051000.0,FARMERS AND MERCHANTS TRUST COMPANY OF CHAMBERSBURG
2748502,175677.0,175677000.0,SYNERGY BANK
481177,175580.0,175580000.0,LANDMARK NATIONAL BANK
146663,175563.0,175563000.0,SAVINGS BANK OF MENDOCINO COUNTY
3280625,175370.0,175370000.0,PROVIDENCE BANK & TRUST
778738,175279.0,175279000.0,CITIZENS BANK
2947556,174370.0,174370000.0,FIRST ELECTRONIC BANK
818401,174288.0,174288000.0,MAIN STREET BANK
309655,173913.0,173913000.0,REGENT BANK
463650,173498.0,173498000.0,ADAMS BANK & TRUST
3404506,173399.0,173399000.0,PROVIDENCE BANK
2921659,172880.0,172880000.0,CAPITAL BANK AND TRUST COMPANY
247908,172813.0,172813000.0,KENNEBUNK SAVINGS BANK
118156,172085.0,172085000.0,SECURITY BANK AND TRUST COMPANY
840363,171250.0,171250000.0,FIRSTBANK SOUTHWEST
3636446,171057.0,171057000.0,GBANK
3404373,170766.0,170766000.0,FIRST COMMERCE BANK
856243,170639.0,170639000.0,"AMERICAN COMMERCIAL BANK & TRUST, NATIONAL ASSOCIATION"
726953,170355.0,170355000.0,UNITED TEXAS BANK
2328137,170170.0,170170000.0,FIRST COMMUNITY BANK
3284490,170037.0,170037000.0,STERLING BANK
63733,169067.0,169067000.0,CITIZENS BANK
408642,168980.0,168980000.0,BANKERS' BANK
2736219,168890.0,168890000.0,"TRANSPORTATION ALLIANCE BANK, INC. DBA TAB BANK"
298218,168410.0,168410000.0,WATERTOWN SAVINGS BANK
173575,168335.0,168335000.0,"VILLAGE BANK, THE"
828651,167609.0,167609000.0,ANB BANK
584377,167429.0,167429000.0,KITSAP BANK
375043,166981.0,166981000.0,"PEOPLES NATIONAL BANK, NATIONAL ASSOCIATION"
844053,166496.0,166496000.0,SECURITY NATIONAL BANK OF OMAHA
3588424,166047.0,166047000.0,"WATERFORD BANK, NA"
933377,165928.0,165928000.0,FIDELITY CO-OPERATIVE BANK
2009605,165715.0,165715000.0,STARION BANK
454676,165608.0,165608000.0,"BANKFINANCIAL, NATIONAL ASSOCIATION"
594433,165179.0,165179000.0,"CB&S BANK, INC."
283737,165160.0,165160000.0,FIRST NATIONAL BANK OF TENNESSEE
150035,164962.0,164962000.0,FIRST FARMERS AND MERCHANTS BANK
209858,164939.0,164939000.0,INBANK
1009242,164807.0,164807000.0,BTC BANK
754929,164795.0,164795000.0,"NATIONAL BANK OF BLACKSBURG, THE"
646172,164645.0,164645000.0,FIRST PIEDMONT FEDERAL SAVINGS AND LOAN ASSOCIATION
120609,164643.0,164643000.0,THOMASTON SAVINGS BANK
568470,164430.0,164430000.0,PEOPLES BANK
527600,164380.0,164380000.0,NORTH EASTON SAVINGS BANK
248240,164363.0,164363000.0,BANK OF SPRINGFIELD
564052,164353.0,164353000.0,BANK OF ALMA
4536084,163844.0,163844000.0,BANK OF BIRD-IN-HAND
524579,163688.0,163688000.0,"GREAT MIDWEST BANK, STATE SAVINGS BANK"
2806877,163586.0,163586000.0,"FEDERAL SAVINGS BANK, THE"
214722,163563.0,163563000.0,CHESAPEAKE BANK
502111,163228.0,163228000.0,"NEWTEK BANK, NATIONAL ASSOCIATION"
97804,163001.0,163001000.0,MOUNTAINONE BANK
304173,162991.0,162991000.0,MARQUETTE SAVINGS BANK
220527,162786.0,162786000.0,PEOPLES BANK
1394621,162668.0,162668000.0,METRO BANK
2686211,162629.0,162629000.0,CROWN BANK
528849,162565.0,162565000.0,HORICON BANK
734538,162306.0,162306000.0,FIRST NATIONAL BANKERS BANK
982142,161936.0,161936000.0,"CECILIAN BANK, THE"
886204,161783.0,161783000.0,WATERTOWN SAVINGS BANK
887340,161686.0,161686000.0,FIRST STATE BANK
556936,161402.0,161402000.0,FORESIGHT BANK
171768,160479.0,160479000.0,"SOUTHSTAR BANK, S.S.B."
684455,159855.0,159855000.0,BOM BANK
613343,159731.0,159731000.0,"CNB BANK & TRUST, NA"
600419,159712.0,159712000.0,KISH BANK
577137,158635.0,158635000.0,PACIFIC NATIONAL BANK
3610718,157911.0,157911000.0,OLD DOMINION NATIONAL BANK
492650,157723.0,157723000.0,EXCHANGE BANK
371924,157290.0,157290000.0,COMMUNITY BANK
498317,157193.0,157193000.0,"OHIO VALLEY BANK COMPANY, THE"
2262718,156804.0,156804000.0,"SYNOVUS TRUST COMPANY, NATIONAL ASSOCIATION"
840747,156014.0,156014000.0,FARMERS STATE BANK
1011638,155990.0,155990000.0,PRIMESOUTH BANK
507509,155952.0,155952000.0,NEWTOWN SAVINGS BANK
3637247,155731.0,155731000.0,SOUTH ATLANTIC BANK
885869,155375.0,155375000.0,"COMMERCIAL BANK OF TEXAS, N.A."
119779,155359.0,155359000.0,CAPE & COAST BANK
606653,155329.0,155329000.0,INDEPENDENCE BANK
3465392,155317.0,155317000.0,PEGASUS BANK
754826,155133.0,155133000.0,VINTON COUNTY NATIONAL BANK
614313,155110.0,155110000.0,"STATE BANK AND TRUST COMPANY, THE"
758851,155104.0,155104000.0,FIRST BANK OF THE LAKE
1169650,154339.0,154339000.0,AMERASIA BANK
447100,154338.0,154338000.0,CORNERSTONE BANK
589943,153981.0,153981000.0,LINCOLN SAVINGS BANK
727174,153628.0,153628000.0,GUARDIAN SAVINGS BANK
1016231,153527.0,153527000.0,MOUNTAIN COMMERCE BANK
101037,153327.0,153327000.0,FIRST AMERICAN BANK AND TRUST
2880019,153300.0,153300000.0,FINWISE BANK
185859,153021.0,153021000.0,LINDELL BANK & TRUST COMPANY
735441,153011.0,153011000.0,AMERICAN STATE BANK
2325882,152640.0,152640000.0,"DEUTSCHE BANK TRUST COMPANY, NATIONAL ASSOCIATION"
3076604,152624.0,152624000.0,"SIGNATURE BANK, NATIONAL ASSOCIATION"
3633173,152424.0,152424000.0,ALMA BANK
624778,152023.0,152023000.0,FIRST FEDERAL SAVINGS AND LOAN ASSOCIATION OF GREENE COUNTY
323204,151479.0,151479000.0,"LYONS NATIONAL BANK, THE"
592448,151202.0,151202000.0,EVOLVE BANK & TRUST
3597211,151192.0,151192000.0,"CHAIN BRIDGE BANK, NATIONAL ASSOCIATION"
738303,151088.0,151088000.0,EAST CAMBRIDGE SAVINGS BANK
372538,150745.0,150745000.0,"EVANGELINE BANK AND TRUST COMPANY, THE"
952172,150633.0,150633000.0,EVERETT CO-OPERATIVE BANK
163549,150253.0,150253000.0,INCREDIBLEBANK
576608,150213.0,150213000.0,MEREDITH VILLAGE SAVINGS BANK
2605566,149901.0,149901000.0,EAGLEMARK SAVINGS BANK
396253,149771.0,149771000.0,SOVEREIGN BANK
88231,149566.0,149566000.0,BANKSOUTH
765505,149413.0,149413000.0,WEBSTER FIVE CENTS SAVINGS BANK
2877840,149156.0,149156000.0,FIRST IC BANK
540551,148790.0,148790000.0,"BANKWEST, INCORPORATED"
554857,148617.0,148617000.0,FIVE POINTS BANK
956750,148360.0,148360000.0,RIO BANK
1006148,148343.0,148343000.0,FARMERS STATE BANK
2625724,148108.0,148108000.0,SOUTHWESTERN NATIONAL BANK
520003,147778.0,147778000.0,NORTHFIELD SAVINGS BANK
403946,147543.0,147543000.0,"PARK BANK, THE"
783844,146915.0,146915000.0,CITIZENS BANK
972862,146902.0,146902000.0,PLAINS STATE BANK
286457,146715.0,146715000.0,PARK STATE BANK
859141,146298.0,146298000.0,AVAILA BANK
435750,146277.0,146277000.0,FIRST STATE BANK
822042,145798.0,145798000.0,SOUTHERN MICHIGAN BANK & TRUST
934271,145305.0,145305000.0,CENLAR FSB
741330,145210.0,145210000.0,F&M BANK
959715,144456.0,144456000.0,ATLANTIC COMMUNITY BANKERS BANK
729310,144318.0,144318000.0,PATHFINDER BANK
375566,144226.0,144226000.0,FIRST NATIONAL BANK
3320781,144149.0,144149000.0,TWO RIVERS BANK & TRUST
931038,143874.0,143874000.0,CENTRAL BANK ILLINOIS
465618,143546.0,143546000.0,"HONESDALE NATIONAL BANK, THE"
869663,143450.0,143450000.0,CITIZENS 1ST BANK
261360,142977.0,142977000.0,CITIZENS STATE BANK
207050,142595.0,142595000.0,WEST GATE BANK
444350,142383.0,142383000.0,FIRST TEXAS BANK
279954,142362.0,142362000.0,CITIZENS ALLIANCE BANK
972732,141781.0,141781000.0,FIRST NATIONAL BANK OF PULASKI
196800,141181.0,141181000.0,MARTHA'S VINEYARD BANK
1162017,141121.0,141121000.0,UNITED SECURITY BANK
3141726,141116.0,141116000.0,"FORCHT BANK, NATIONAL ASSOCIATION"
439356,140890.0,140890000.0,ELKHORN VALLEY BANK & TRUST
831008,140543.0,140543000.0,ASCEND BANK
995272,140315.0,140315000.0,HATBORO FEDERAL SAVINGS
348720,140071.0,140071000.0,FARMERS AND MERCHANTS BANK
67209,139190.0,139190000.0,NEWBURYPORT FIVE CENTS SAVINGS BANK
2451240,139149.0,139149000.0,PACIFIC COAST BANKERS' BANK
763677,138873.0,138873000.0,SECURITY FEDERAL BANK
162337,138701.0,138701000.0,CITIZENS TRI-COUNTY BANK
3470154,138685.0,138685000.0,US METRO BANK
3623110,138559.0,138559000.0,"AMERICAN PLUS BANK, NATIONAL ASSOCIATION"
1013070,138382.0,138382000.0,ONELOCAL BANK
985479,138274.0,138274000.0,MAIN STREET BANK CORP.
1228034,138253.0,138253000.0,FIRST BANK & TRUST COMPANY
153353,138048.0,138048000.0,PEOPLES BANK AND TRUST COMPANY
930358,137935.0,137935000.0,UNITED BANKERS' BANK
852713,137548.0,137548000.0,QNB BANK
3243282,137269.0,137269000.0,SUMMIT BANK
565750,137131.0,137131000.0,BANK OF WASHINGTON
928618,137104.0,137104000.0,AMERISERV FINANCIAL BANK
593052,137102.0,137102000.0,PLAINS COMMERCE BANK
33857,136453.0,136453000.0,FRONTIER BANK
340144,136349.0,136349000.0,PEOPLES STATE BANK
770657,136065.0,136065000.0,"NODAWAY VALLEY BANK, THE"
307679,135475.0,135475000.0,BANK OF THE PACIFIC
702612,135455.0,135455000.0,FIRST SOUTHERN NATIONAL BANK
283867,135413.0,135413000.0,WALLIS BANK
3052813,135401.0,135401000.0,COMMERCEWEST BANK
99536,135393.0,135393000.0,ONE BANK OF TENNESSEE
3529315,135381.0,135381000.0,EDWARD JONES TRUST COMPANY
594853,135260.0,135260000.0,"BONVENU BANK, N.A."
61355,135032.0,135032000.0,CORTRUST BANK NATIONAL ASSOCIATION
125855,135012.0,135012000.0,SABINE STATE BANK AND TRUST COMPANY
384652,134925.0,134925000.0,"DALLAS CAPITAL BANK, NATIONAL ASSOCIATION"
60330,134683.0,134683000.0,PEOPLES BANK OF ALABAMA
17978,134389.0,134389000.0,ELIZABETHTON FEDERAL SAVINGS BANK
3971,134373.0,134373000.0,MIDCOUNTRY BANK
3388482,134285.0,134285000.0,AMERICAN RIVIERA BANK
845247,134104.0,134104000.0,EDMONTON STATE BANK
632607,133973.0,133973000.0,GREENFIELD SAVINGS BANK
362717,133891.0,133891000.0,"CROGHAN COLONIAL BANK, THE"
956938,133792.0,133792000.0,PRIORITYONE BANK
498531,133761.0,133761000.0,EVABANK
311050,133569.0,133569000.0,AMERICAN HERITAGE BANK
833404,133520.0,133520000.0,FALL RIVER FIVE CENTS SAVINGS BANK
900502,133378.0,133378000.0,FULTON SAVINGS BANK
879457,133039.0,133039000.0,CORNERSTONE BANK
3386536,132976.0,132976000.0,SOUTHPOINT BANK
228000,132795.0,132795000.0,FRANKLIN SAVINGS BANK
300063,132554.0,132554000.0,"NEW OMNI BANK, NATIONAL ASSOCIATION"
215662,132535.0,132535000.0,AMERICAN BANK OF COMMERCE
234355,132093.0,132093000.0,CENTRAL NATIONAL BANK
133971,132034.0,132034000.0,LISLE SAVINGS BANK
777366,131879.0,131879000.0,BANK OF THE ORIENT
2719810,131492.0,131492000.0,"WINTRUST PRIVATE TRUST COMPANY, NATIONAL ASSOCIATION"
27070,131279.0,131279000.0,PREVAIL BANK
648130,131143.0,131143000.0,GROVE BANK & TRUST
397531,130909.0,130909000.0,AMALGAMATED BANK OF CHICAGO
304913,130901.0,130901000.0,DEUTSCHE BANK TRUST COMPANY DELAWARE
790918,130874.0,130874000.0,FIRST KEYSTONE COMMUNITY BANK
139553,130811.0,130811000.0,MABREY BANK
195111,130474.0,130474000.0,RHINEBECK BANK
419675,130240.0,130240000.0,FIRST BANK RICHMOND
3350724,129887.0,129887000.0,SIGNATURE BANK OF ARKANSAS
186717,129879.0,129879000.0,FIRST NORTHERN BANK AND TRUST COMPANY
339607,129746.0,129746000.0,SACO & BIDDEFORD SAVINGS INSTITUTION
856748,129666.0,129666000.0,"CITIZENS BANK, THE"
44433,129662.0,129662000.0,"INTERCREDIT BANK, NATIONAL ASSOCIATION"
927479,129568.0,129568000.0,BOGOTA SAVINGS BANK
930442,129538.0,129538000.0,BANK OF PONTIAC
666554,129408.0,129408000.0,HERITAGE BANK
154154,129236.0,129236000.0,"FIRST NATIONAL BANK AND TRUST COMPANY, CHICKASHA, OKLAHOMA, THE"
427353,129142.0,129142000.0,FIRSTAR BANK
589523,128512.0,128512000.0,BANK OF TRAVELERS REST
771140,128436.0,128436000.0,DIETERICH BANK
207845,128268.0,128268000.0,"FIRST NATIONAL BANK AND TRUST COMPANY, THE"
596062,127928.0,127928000.0,"CITY NATIONAL BANK OF SULPHUR SPRINGS, THE"
1396764,127785.0,127785000.0,"BERKSHIRE BANK, THE"
7009,127752.0,127752000.0,BESSEMER TRUST COMPANY
2997748,127747.0,127747000.0,"FIRST CENTURY BANK, NATIONAL ASSOCIATION"
716374,127684.0,127684000.0,FIRST HARRISON BANK
311603,127364.0,127364000.0,DIME BANK
613558,127208.0,127208000.0,MONTGOMERY BANK
784159,126873.0,126873000.0,PEOPLES COMMUNITY BANK
873259,126861.0,126861000.0,MID AMERICA BANK
68756,126682.0,126682000.0,LIBERTY NATIONAL BANK
283438,126604.0,126604000.0,LIBERTY BANK AND TRUST COMPANY
610128,126225.0,126225000.0,"BANK OF SOUTHSIDE VIRGINIA, THE"
671558,126109.0,126109000.0,WOOD & HUSTON BANK
314257,125962.0,125962000.0,DEERWOOD BANK
45551,125691.0,125691000.0,BANK MIDWEST
428060,125623.0,125623000.0,CENTRAL NATIONAL BANK
39327,125225.0,125225000.0,"CALVIN B. TAYLOR BANKING COMPANY OF BERLIN, MARYLAND"
582971,125067.0,125067000.0,FIRST FEDERAL SAVINGS BANK OF TWIN FALLS
1469677,125067.0,125067000.0,"HERITAGE BANK, INC."
699105,124914.0,124914000.0,BLUESTONE BANK
759045,124737.0,124737000.0,FIRST EAGLE BANK
3688043,124477.0,124477000.0,PARKSIDE FINANCIAL BANK AND TRUST
998844,124469.0,124469000.0,PEOPLES BANK
1016259,124348.0,124348000.0,"BENNINGTON STATE BANK, THE"
189129,124043.0,124043000.0,"COMMERCIAL AND SAVINGS BANK OF MILLERSBURG, OHIO, THE"
536554,123846.0,123846000.0,FIRSTIER BANK
928056,123529.0,123529000.0,"GNBANK, NATIONAL ASSOCIATION DBA GNBANK, N.A."
5135,123449.0,123449000.0,FIRST STATE BANK OF BLAKELY
270504,123399.0,123399000.0,COMMUNITY NATIONAL BANK
176464,123272.0,123272000.0,ALLIANCE BANK
94522,123196.0,123196000.0,BENCHMARK COMMUNITY BANK
517674,123108.0,123108000.0,FIRST FEDERAL BANK OF LOUISIANA
3297490,123013.0,123013000.0,HARMONY BANK
113441,122646.0,122646000.0,FARMERS STATE BANK
701222,122640.0,122640000.0,MERCHANTS NATIONAL BANK
2785477,122278.0,122278000.0,ASIAN BANK
3068579,122235.0,122235000.0,EMBASSY BANK FOR THE LEHIGH VALLEY
933041,122051.0,122051000.0,FARMERS NATIONAL BANK
74403,121735.0,121735000.0,MERRIMACK COUNTY SAVINGS BANK
501459,121666.0,121666000.0,ROYAL BANKS OF MISSOURI
2833882,121451.0,121451000.0,NEW MILLENNIUM BANK
601658,121428.0,121428000.0,ALLIANCE BANK CENTRAL TEXAS
113740,121390.0,121390000.0,FIRST STATE BANK
2732,121322.0,121322000.0,"ALBANY BANK & TRUST CO., NATIONAL ASSOCIATION"
561659,121115.0,121115000.0,PINNACLE BANK - WYOMING
666059,120912.0,120912000.0,M1 BANK
5592340,120741.0,120741000.0,CLIMATE FIRST BANK
982348,120656.0,120656000.0,IOWA STATE BANK
901938,120437.0,120437000.0,"FARMERS BANK, THE"
3284445,120392.0,120392000.0,"T BANK, NATIONAL ASSOCIATION"
980531,120387.0,120387000.0,JD BANK
2915461,120338.0,120338000.0,NORTH STATE BANK
780218,119832.0,119832000.0,"UNION BANK COMPANY, THE"
867632,119652.0,119652000.0,INTERNATIONAL FINANCE BANK
754853,119594.0,119594000.0,"FIRST NATIONAL BANK OF HUTCHINSON, THE"
31255,119586.0,119586000.0,CENTRAL BANK
300009,119225.0,119225000.0,PASSUMPSIC SAVINGS BANK
517357,118322.0,118322000.0,BLUE SKY BANK
3384952,118195.0,118195000.0,IDAHO FIRST BANK
980960,118150.0,118150000.0,BENCHMARK BANK
279842,118127.0,118127000.0,RIVER BANK
301800,118071.0,118071000.0,ULSTER SAVINGS BANK
682143,117576.0,117576000.0,COUNTY NATIONAL BANK
812557,117535.0,117535000.0,BANK FORWARD
483274,117446.0,117446000.0,FIRST SAVINGS BANK OF HEGEWISCH
56717,117419.0,117419000.0,"DIME BANK, THE"
63573,117249.0,117249000.0,WALPOLE CO-OPERATIVE BANK
83375,117106.0,117106000.0,CENTURY BANK
631570,116750.0,116750000.0,"PROVIDENT SAVINGS BANK, F.S.B."
1885932,116733.0,116733000.0,CRESCENT BANK
5205819,116555.0,116555000.0,STUDIO BANK
592644,116409.0,116409000.0,GREENFIELD BANKING COMPANY
151957,116245.0,116245000.0,DAYSPRING BANK
2953418,116178.0,116178000.0,OPTIMUMBANK
955977,116147.0,116147000.0,SOUTHWEST HERITAGE BANK
550279,116023.0,116023000.0,OLYMPIA FEDERAL SAVINGS AND LOAN ASSOCIATION
208057,116022.0,116022000.0,VERMILLION STATE BANK
898627,115741.0,115741000.0,"CITIZENS BANK, THE"
548771,115050.0,115050000.0,MAGYAR BANK
779016,114998.0,114998000.0,CENTRAL PENN BANK & TRUST
1001059,114929.0,114929000.0,SECURITY BANK & TRUST COMPANY
401906,114782.0,114782000.0,SKOWHEGAN SAVINGS BANK
5210989,114724.0,114724000.0,"GRASSHOPPER BANK, N.A."
894348,114341.0,114341000.0,BANK OF WISCONSIN DELLS
301574,114056.0,114056000.0,LAKE SHORE BANK
47247,113998.0,113998000.0,"DART BANK, THE"
100357,113963.0,113963000.0,"LEGEND BANK, N. A."
33259,113927.0,113927000.0,PREMIER BANK
908553,113873.0,113873000.0,HNB NATIONAL BANK
245557,113514.0,113514000.0,SUPERIOR NATIONAL BANK
429487,113444.0,113444000.0,SOUND COMMUNITY BANK
2869162,113439.0,113439000.0,AMERICAN COMMUNITY BANK & TRUST
9357,113371.0,113371000.0,SCALE BANK
150727,113220.0,113220000.0,"RICHWOOD BANKING COMPANY, INC., THE"
321273,113198.0,113198000.0,"AFFINITY BANK, NATIONAL ASSOCIATION"
3268249,113012.0,113012000.0,GREENE COUNTY COMMERCIAL BANK
886624,112874.0,112874000.0,"CLEAR MOUNTAIN BANK, INC."
183668,112624.0,112624000.0,HCN BANK
635907,112521.0,112521000.0,PENTUCKET BANK
2716088,112471.0,112471000.0,RESOURCE BANK
852704,112375.0,112375000.0,GENESEE REGIONAL BANK
2580243,112204.0,112204000.0,AMERICAN BANK
3015939,112145.0,112145000.0,AMG NATIONAL TRUST BANK
2358769,112118.0,112118000.0,BNC NATIONAL BANK
609609,112095.0,112095000.0,"HANA BANK USA, NATIONAL ASSOCIATION"
772446,112079.0,112079000.0,"COMERICA BANK & TRUST, NATIONAL ASSOCIATION"
12030,112006.0,112006000.0,FNB SOUTH
732178,111752.0,111752000.0,GRAND SAVINGS BANK
594451,111750.0,111750000.0,MAPLEMARK BANK
2465881,111610.0,111610000.0,PLATTE VALLEY BANK
691958,111518.0,111518000.0,MIDWEST REGIONAL BANK
585749,111430.0,111430000.0,PILOT GROVE SAVINGS BANK
2661861,111170.0,111170000.0,PEOPLE'S BANK OF COMMERCE
819855,111047.0,111047000.0,PEOPLES BANK
220974,111010.0,111010000.0,FIRST FEDERAL BANK
938859,110956.0,110956000.0,NEWFIRST NATIONAL BANK
285740,110900.0,110900000.0,"PADUCAH BANK AND TRUST COMPANY, THE"
1016857,110468.0,110468000.0,CITIZENS BANK OF LAS CRUCES
75259,110227.0,110227000.0,FIRST OKLAHOMA BANK
853804,110066.0,110066000.0,"BANK OF CANTON, THE"
436953,109859.0,109859000.0,SULLIVAN BANK
837970,109773.0,109773000.0,FIFTH DISTRICT SAVINGS BANK
448040,109759.0,109759000.0,OXFORD BANK
4845861,109661.0,109661000.0,PRIMARY BANK
259330,109555.0,109555000.0,FIRST US BANK
382649,109498.0,109498000.0,FIRST SOUTHERN BANK
99442,109401.0,109401000.0,BANK OF COMMERCE
2826017,109229.0,109229000.0,"GLENMEDE TRUST COMPANY, NATIONAL ASSOCIATION, THE"
921039,109159.0,109159000.0,FIRST AMERICAN BANK AND TRUST COMPANY
2515320,109100.0,109100000.0,FORTIS BANK
3435948,108780.0,108780000.0,COLUMN NATIONAL ASSOCIATION
2568063,108692.0,108692000.0,FIRST COMMAND BANK
3290240,108386.0,108386000.0,TRUXTON TRUST COMPANY
3614837,108284.0,108284000.0,ACCESS BANK
3391718,107915.0,107915000.0,BELMONT BANK & TRUST COMPANY
698144,107558.0,107558000.0,COMMUNITY FINANCIAL SERVICES BANK
1222519,107554.0,107554000.0,FIRST METRO BANK
499453,107513.0,107513000.0,FIRST STATE BANK NEBRASKA
536527,107351.0,107351000.0,INDUSTRIAL BANK
590976,107286.0,107286000.0,FINANCIAL FEDERAL BANK
606176,107072.0,107072000.0,PIONEER BANK
137652,107022.0,107022000.0,UNIVERSITY BANK
950178,106999.0,106999000.0,FIRST FEDERAL BANK OF KANSAS CITY
865151,106909.0,106909000.0,LEGENDS BANK
319551,106798.0,106798000.0,SECURITY STATE BANK
1414819,106797.0,106797000.0,HELM BANK USA
2006024,106778.0,106778000.0,INTERNATIONAL BANK OF CHICAGO
126834,106358.0,106358000.0,CITIZENS BANK
3619216,106063.0,106063000.0,TEXAS SECURITY BANK
526519,106048.0,106048000.0,1ST SUMMIT BANK
268976,105896.0,105896000.0,WINCHESTER CO-OPERATIVE BANK
3397233,105887.0,105887000.0,SOLERA NATIONAL BANK
3019982,105738.0,105738000.0,"FREEDOM BANK OF VIRGINIA, THE"
329345,105680.0,105680000.0,GENERATIONS BANK
3455227,105543.0,105543000.0,PINNACLE BANK
327305,105497.0,105497000.0,KATAHDIN TRUST COMPANY
627854,105315.0,105315000.0,"FIRST NATIONAL BANK OF BANGOR, THE"
327855,105236.0,105236000.0,CIERA BANK
2839790,105015.0,105015000.0,FIRST RELIANCE BANK
183770,105009.0,105009000.0,MECHANICS COOPERATIVE BANK
2877345,104790.0,104790000.0,INSBANK
738013,104778.0,104778000.0,"CITIZENS NATIONAL BANK OF BLUFFTON, THE"
115575,104437.0,104437000.0,COASTAL HERITAGE BANK
852973,104384.0,104384000.0,"PIONEER TRUST BANK, NATIONAL ASSOCIATION"
313577,104350.0,104350000.0,FORWARD BANK
3306280,104308.0,104308000.0,LEGACY NATIONAL BANK
88455,104307.0,104307000.0,HEARTLAND BANK
191935,104223.0,104223000.0,FIRST STATE BANK OF THE FLORIDA KEYS
150044,103925.0,103925000.0,UNITED BANK OF MICHIGAN
1429028,103746.0,103746000.0,"KEYSTONE BANK, SSB"
2819167,103735.0,103735000.0,FARM BUREAU BANK FSB
643078,103657.0,103657000.0,EASTERN SAVINGS BANK FEDERAL SAVINGS BANK
3821822,103312.0,103312000.0,COASTAL CAROLINA NATIONAL BANK
355120,103250.0,103250000.0,CAROLINA BANK & TRUST COMPANY
90328,103180.0,103180000.0,SKYLINE NATIONAL BANK
815156,103019.0,103019000.0,"DAKOTA COMMUNITY BANK & TRUST, NATIONAL ASSOCIATION"
5349218,102998.0,102998000.0,TRUSTAR BANK
2929392,102817.0,102817000.0,CORNERSTONE NATIONAL BANK & TRUST COMPANY
516855,102565.0,102565000.0,SECURITY BANK
345877,102561.0,102561000.0,CENTURY NEXT BANK
713926,102552.0,102552000.0,FARMERS & MERCHANTS BANK
3140822,102494.0,102494000.0,LIBERTY NATIONAL BANK
839068,102464.0,102464000.0,SECURITY STATE BANK
261940,102446.0,102446000.0,ANSTAFF BANK
343903,102433.0,102433000.0,ADAMS COMMUNITY BANK
583268,102402.0,102402000.0,SCHERTZ BANK & TRUST
497954,102384.0,102384000.0,TEXAS NATIONAL BANK
2849463,102301.0,102301000.0,FIRST CAPITAL BANK
111205,101955.0,101955000.0,PARTNERS BANK OF NEW ENGLAND
2948058,101693.0,101693000.0,STORY BANK DBA STORY FINANCIAL PARTNERS
972769,101598.0,101598000.0,GBC INTERNATIONAL BANK
498148,100791.0,100791000.0,FOCUS BANK
715340,100785.0,100785000.0,WEST MICHIGAN COMMUNITY BANK
542667,100618.0,100618000.0,MT. MCKINLEY BANK
3165357,100607.0,100607000.0,COMMUNITY FIRST BANK OF INDIANA
669555,100520.0,100520000.0,MIDWEST BANK
820048,100494.0,100494000.0,"FIRST NATIONAL BANK AMES, IOWA"
493844,100345.0,100345000.0,FRANKLIN BANK & TRUST COMPANY
780722,100114.0,100114000.0,HEBRON SAVINGS BANK
329952,99909.0,99909000.0,"FIRST NATIONAL BANK OF GRANBURY, THE"
561574,99728.0,99728000.0,SUMMIT STATE BANK
990352,99661.0,99661000.0,UNITED BANK & TRUST
488318,99617.0,99617000.0,BNY MELLON TRUST OF DELAWARE
14865,99429.0,99429000.0,BANK OF EASTERN OREGON
466754,99376.0,99376000.0,"BANK OF FAYETTE COUNTY, THE"
3374382,99363.0,99363000.0,TRIAD BANK
90337,99363.0,99363000.0,UNITED COMMUNITY BANK
72258,99350.0,99350000.0,"CONVERSE COUNTY BANK, THE"
616036,99251.0,99251000.0,SOUTH LOUISIANA BANK
451273,99222.0,99222000.0,GEDDES FEDERAL SAVINGS AND LOAN ASSOCIATION
870539,99198.0,99198000.0,"PEOPLES BANK, BILOXI, MISSISSIPPI, THE"
615217,99170.0,99170000.0,"NORTH SIDE BANK AND TRUST COMPANY, THE"
544652,99158.0,99158000.0,CORNHUSKER BANK
213471,99130.0,99130000.0,"SLOVENIAN SAVINGS AND LOAN ASSOCIATION OF CANONSBURG, PA"
590640,99094.0,99094000.0,FNB OXFORD BANK
737548,98863.0,98863000.0,BANKIOWA
534877,98831.0,98831000.0,BRENTWOOD BANK
2236821,98695.0,98695000.0,"PATRIOT BANK, NATIONAL ASSOCIATION"
41825,98677.0,98677000.0,MIDDLETOWN VALLEY BANK
805755,98146.0,98146000.0,FIRST NATIONAL BANK NORTH
899008,98038.0,98038000.0,WINCHESTER SAVINGS BANK
466240,97841.0,97841000.0,FIRST ARKANSAS BANK AND TRUST
65559,97702.0,97702000.0,PIONEER BANK & TRUST
680130,97559.0,97559000.0,CITIZENS TRUST BANK
1222948,97510.0,97510000.0,PRAIRIE STATE BANK & TRUST
2958972,97269.0,97269000.0,NORTHSTAR BANK
586027,96535.0,96535000.0,FIRST BANK OF OHIO
3671997,96308.0,96308000.0,AMERICAN PRIDE BANK
950141,95777.0,95777000.0,MID-MISSOURI BANK
2771694,95670.0,95670000.0,BAYFIRST NATIONAL BANK
653611,95666.0,95666000.0,"JONESTOWN BANK AND TRUST COMPANY OF JONESTOWN, PENNSYLVANIA"
665865,95609.0,95609000.0,ROUND TOP STATE BANK
340751,95581.0,95581000.0,CLEAR FORK BANK NATIONAL ASSOCIATION
976552,95548.0,95548000.0,CORE BANK
3821037,95433.0,95433000.0,R BANK
3224302,95354.0,95354000.0,FIRST SOUTHWEST BANK
94139,95354.0,95354000.0,MERCHANTS & MARINE BANK
307062,95283.0,95283000.0,FARMERS BANK
3690701,95264.0,95264000.0,PRIME MERIDIAN BANK
586072,95093.0,95093000.0,FIRST PALMETTO BANK
590220,94808.0,94808000.0,UWHARRIE BANK
898850,94799.0,94799000.0,FIRST LIBERTY BANK
326979,94788.0,94788000.0,GREENFIELD CO-OPERATIVE BANK
2797359,94778.0,94778000.0,FIRST CENTRAL SAVINGS BANK
614368,94774.0,94774000.0,FIRST NATIONAL BANK AND TRUST COMPANY OF WEATHERFORD DBA FIRST BANK TEXAS
629353,94386.0,94386000.0,FIRST LIBERTY BANK
291611,94226.0,94226000.0,HAMLIN BANK AND TRUST COMPANY
568359,94167.0,94167000.0,AMERICAN BANK OF FREEDOM
583754,93863.0,93863000.0,BANK OF HOUSTON
3309571,93648.0,93648000.0,PRIME ALLIANCE BANK
3472046,93605.0,93605000.0,FRONTIER BANK OF TEXAS
637554,93598.0,93598000.0,FIRST BANK OF OWASSO
2794732,93557.0,93557000.0,OPTUS BANK
333203,93358.0,93358000.0,UNION BANK
1454,93352.0,93352000.0,HILLTOP NATIONAL BANK
1007417,93316.0,93316000.0,FIRST NATIONAL BANK & TRUST COMPANY OF NEWTOWN
467658,93096.0,93096000.0,COMMERCIAL BANK & TRUST COMPANY
18050,93038.0,93038000.0,"FIRST NATIONAL BANK OF BASTROP, THE"
3459207,92968.0,92968000.0,MOUNTAIN PACIFIC BANK
239659,92939.0,92939000.0,FIRST BANK
639549,92876.0,92876000.0,FIRST CENTRAL STATE BANK
3153297,92648.0,92648000.0,FIRST COMMERCE BANK
2631846,92600.0,92600000.0,NORTH AMERICAN BANKING COMPANY
450632,92419.0,92419000.0,FIRST NATIONAL COMMUNITY BANK
414764,92366.0,92366000.0,TEXAS BANK
140157,92272.0,92272000.0,HOMESTEAD BANK
2838207,92195.0,92195000.0,SEATTLE BANK
3040418,92108.0,92108000.0,COMMUNITY FEDERAL SAVINGS BANK
423449,92102.0,92102000.0,"FARMERS BANK, FRANKFORT, INDIANA, INC., THE"
3404999,92051.0,92051000.0,FLAGSHIP BANK
163857,92037.0,92037000.0,F&M BANK
3588312,92029.0,92029000.0,BANK OF CENTRAL FLORIDA
739355,92016.0,92016000.0,TEXAS NATIONAL BANK OF JACKSONVILLE
501132,91772.0,91772000.0,WEST ALABAMA BANK & TRUST
967046,91710.0,91710000.0,FIRST STATE BANK OF MIDDLEBURY
924236,91621.0,91621000.0,FIRST STATE BANK
441050,91561.0,91561000.0,"FALLS CITY NATIONAL BANK, THE"
997847,91488.0,91488000.0,BANK OF PRAIRIE DU SAC
3354599,91483.0,91483000.0,SAINT LOUIS BANK
257233,91440.0,91440000.0,FIRST BANK OF ALABAMA
87234,91409.0,91409000.0,FIRST NATIONAL BANK OF MIDDLE TENNESSEE
450959,91107.0,91107000.0,SECURITY FINANCIAL BANK
712059,91038.0,91038000.0,UNITED PRAIRIE BANK
2316714,90968.0,90968000.0,TIME BANK
900146,90918.0,90918000.0,CUSB BANK
759625,90866.0,90866000.0,BANK OF BOTETOURT
916745,90769.0,90769000.0,BNA BANK
408875,90659.0,90659000.0,"AXIOM BANK, NATIONAL ASSOCIATION"
139478,90617.0,90617000.0,HARLEYSVILLE BANK
2736451,90581.0,90581000.0,"NEW PEOPLES BANK, INC."
915065,90570.0,90570000.0,HAWAII NATIONAL BANK
266945,90553.0,90553000.0,MONTICELLO BANKING COMPANY
393953,90452.0,90452000.0,"HOMETOWN BANK, NATIONAL ASSOCIATION"
3482111,90452.0,90452000.0,MRV BANKS
722816,90400.0,90400000.0,SOLVAY BANK
538473,90276.0,90276000.0,"PRESIDENTIAL BANK, FSB"
262844,90126.0,90126000.0,PEOPLES STATE BANK
543459,90011.0,90011000.0,"DREAM FIRST BANK, NATIONAL ASSOCIATION"
306908,89911.0,89911000.0,JEFF BANK
3224375,89767.0,89767000.0,GOLDEN STATE BANK
525053,89545.0,89545000.0,FIRST NATIONAL BANK OF OKLAHOMA
385471,89536.0,89536000.0,MADISON COUNTY BANK
785147,89529.0,89529000.0,"FARMERS NATIONAL BANK OF DANVILLE, THE"
376442,89483.0,89483000.0,FIRST BANK
977951,89435.0,89435000.0,BORDER BANK
576644,89361.0,89361000.0,"GREENWOOD'S STATE BANK, THE"
888271,89249.0,89249000.0,"HANCOCK COUNTY SAVINGS BANK, F.S.B."
2667957,89180.0,89180000.0,NEBRASKALAND BANK
754068,89179.0,89179000.0,"C3BANK, NATIONAL ASSOCIATION"
3122994,89146.0,89146000.0,SANIBEL CAPTIVA COMMUNITY BANK
269049,89124.0,89124000.0,VISIONBANK OF IOWA
918477,89119.0,89119000.0,HAVEN SAVINGS BANK
391977,88999.0,88999000.0,STURDY SAVINGS BANK
884358,88984.0,88984000.0,FIRST STATE BANK OF LIVINGSTON
3437148,88943.0,88943000.0,FIRST FREEDOM BANK
1014125,88918.0,88918000.0,BANK OF CHARLES TOWN
749635,88317.0,88317000.0,AUBURNBANK
3472859,88261.0,88261000.0,NEWBANK
1000641,87961.0,87961000.0,CITIZENS STATE BANK OF NEW CASTLE
824653,87814.0,87814000.0,TEXAS HERITAGE NATIONAL BANK
636276,87748.0,87748000.0,MUTUAL SAVINGS ASSOCIATION
819453,87696.0,87696000.0,BANK OF ODESSA
111942,87689.0,87689000.0,FORTIFI BANK
587677,87482.0,87482000.0,EUREKA SAVINGS BANK
3184228,87321.0,87321000.0,FALCON NATIONAL BANK
884442,87269.0,87269000.0,JACKSON COUNTY BANK
1188772,86983.0,86983000.0,FIRST COMMUNITY BANK OF TENNESSEE
831642,86967.0,86967000.0,FIRST CITIZENS STATE BANK
145545,86903.0,86903000.0,FIRST NATIONAL BANK OF WATERLOO
615954,86737.0,86737000.0,TRAILWEST BANK
160360,86685.0,86685000.0,OREGON PACIFIC BANKING CO. DBA OREGON PACIFIC BANK
98463,86294.0,86294000.0,CITIZENS BANK
806958,86195.0,86195000.0,MIDWEST BANK
56548,86189.0,86189000.0,DMB COMMUNITY BANK
495419,86000.0,86000000.0,"CITIZENS BANK OF KENTUCKY, INC"
3404467,85999.0,85999000.0,FIRST NATIONAL BANK OF MICHIGAN
531250,85895.0,85895000.0,CENTENNIAL BANK
3045383,85768.0,85768000.0,"VANGUARD NATIONAL TRUST COMPANY, NATIONAL ASSOCIATION"
1459735,85633.0,85633000.0,COUNTY BANK
2745426,85427.0,85427000.0,LEGENDS BANK
979629,85393.0,85393000.0,FIRST NATIONAL BANK
734350,85356.0,85356000.0,GIBSLAND BANK & TRUST COMPANY
341310,84723.0,84723000.0,WALDEN SAVINGS BANK
609476,84542.0,84542000.0,HUNTINGTON FEDERAL SAVINGS BANK
345756,84405.0,84405000.0,"FIRST STATE BANK OF ST. CHARLES, MISSOURI"
529341,84331.0,84331000.0,IXONIA BANK
344647,84178.0,84178000.0,"FIRST BANKERS TRUST COMPANY, NATIONAL ASSOCIATION"
920854,84027.0,84027000.0,PIONEER BANK
340256,84016.0,84016000.0,21ST CENTURY BANK
277820,83900.0,83900000.0,PALMETTO STATE BANK
2920773,83740.0,83740000.0,1ST COLONIAL COMMUNITY BANK
5227101,83596.0,83596000.0,COMMERCEONE BANK
853671,83382.0,83382000.0,OCONEE FEDERAL SAVINGS AND LOAN ASSOCIATION
340742,83233.0,83233000.0,CIBM BANK
67151,83154.0,83154000.0,KIRKPATRICK BANK
246956,83076.0,83076000.0,ALVA STATE BANK & TRUST COMPANY
3340725,82997.0,82997000.0,QUONTIC BANK
895055,82884.0,82884000.0,"FIRST NATIONAL BANK OF MCGREGOR, THE"
532042,82817.0,82817000.0,ROYAL BANK
934673,82748.0,82748000.0,CULLMAN SAVINGS BANK
3066025,82711.0,82711000.0,"GOLDMAN SACHS TRUST COMPANY, NATIONAL ASSOCIATION, THE"
835743,82626.0,82626000.0,"BANK OF HOLLY SPRINGS, THE"
479839,82400.0,82400000.0,TENNESSEE STATE BANK
3194692,82369.0,82369000.0,TRADITIONS BANK
447070,82306.0,82306000.0,HOYNE SAVINGS BANK
142955,82225.0,82225000.0,SPIRITBANK
3368925,82208.0,82208000.0,SPRING BANK
3166699,82142.0,82142000.0,TOLLESON PRIVATE BANK
219651,82101.0,82101000.0,CNB BANK
207872,81904.0,81904000.0,FIRST UTAH BANK
718145,81874.0,81874000.0,FIRST SECURITY BANK
953535,81857.0,81857000.0,FORTRESS BANK
477321,81652.0,81652000.0,CONSUMERS NATIONAL BANK
839572,81559.0,81559000.0,"LIBERTY SAVINGS BANK, F.S.B."
3488579,81409.0,81409000.0,CENTRAL BANK
711801,81251.0,81251000.0,"SAVINGS BANK, THE"
459372,81023.0,81023000.0,UNITED SAVINGS BANK
106452,80948.0,80948000.0,"PUEBLO BANK AND TRUST COMPANY, THE"
888833,80831.0,80831000.0,NORTHEAST GEORGIA BANK
51842,80804.0,80804000.0,FARMERS & MERCHANTS UNION BANK
545604,80755.0,80755000.0,NORTHWEST COMMUNITY BANK
917555,80622.0,80622000.0,UBANK
3357385,80614.0,80614000.0,BANK OF SAN FRANCISCO
505550,80268.0,80268000.0,HIAWATHA NATIONAL BANK
417626,80161.0,80161000.0,PUTNAM COUNTY BANK
2943615,80044.0,80044000.0,COMMUNITY BANK OF PICKENS COUNTY
42372,79900.0,79900000.0,FIRST FEDERAL SAVINGS BANK OF LINCOLNTON
1003839,79845.0,79845000.0,M C BANK & TRUST COMPANY
1002373,79739.0,79739000.0,SAVERS CO-OPERATIVE BANK
3547896,79691.0,79691000.0,MILLENNIUM BANK
3555248,79516.0,79516000.0,FIRST SECURITY BANK OF NEVADA
671147,79512.0,79512000.0,PRIMEBANK
296456,79490.0,79490000.0,FIRSTBANK
2398701,79457.0,79457000.0,"MODERN BANK, NATIONAL ASSOCIATION"
696430,79390.0,79390000.0,HOME STATE BANK/NATIONAL ASSOCIATION
192857,79246.0,79246000.0,PANHANDLE FIRST BANK
514655,78960.0,78960000.0,"TEXAS GULF BANK, NATIONAL ASSOCIATION"
988153,78883.0,78883000.0,WESTERN STATE BANK
264455,78808.0,78808000.0,FIRST STATE BANK
403870,78801.0,78801000.0,IROQUOIS FEDERAL SAVINGS AND LOAN ASSOCIATION
169756,78601.0,78601000.0,WESTERN COMMERCE BANK
844567,78527.0,78527000.0,POINTBANK
3729124,78454.0,78454000.0,FREEDOM BANK
455552,78412.0,78412000.0,FARMERS AND MERCHANTS BANK
583352,78259.0,78259000.0,FIRST NATIONAL BANK OF HUNTSVILLE
59352,78171.0,78171000.0,CITIZENS NATIONAL BANK
785950,78157.0,78157000.0,LEGACY BANK
55970,78088.0,78088000.0,EVERGREEN FEDERAL BANK
3272956,78051.0,78051000.0,"AMERICAN COMMERCE BANK, NATIONAL ASSOCIATION"
663955,78003.0,78003000.0,HORIZON BANK
760854,77911.0,77911000.0,SOUTHWEST MISSOURI BANK
872047,77787.0,77787000.0,DECORAH BANK AND TRUST COMPANY
549862,77752.0,77752000.0,"COMMUNITY BANK & TRUST, WACO, TEXAS"
447557,77716.0,77716000.0,CITIZENS STATE BANK - LA CROSSE
239556,77699.0,77699000.0,"FIRST BANK, UPPER MICHIGAN"
2687487,77581.0,77581000.0,"TCM BANK, NATIONAL ASSOCIATION"
721949,77559.0,77559000.0,"FIRST & FARMERS NATIONAL BANK, INC."
935250,77520.0,77520000.0,BLUE RIDGE BANK AND TRUST CO.
125154,77511.0,77511000.0,"FSNB, NATIONAL ASSOCIATION"
3267738,77453.0,77453000.0,VALLIANCE BANK
1005075,77443.0,77443000.0,DEARBORN FEDERAL SAVINGS BANK
2919898,77394.0,77394000.0,AMERICAN BANK & TRUST COMPANY INC.
827560,77292.0,77292000.0,"FINANCE FACTORS, LIMITED"
92676,77208.0,77208000.0,WINDSOR FEDERAL BANK
5192496,77170.0,77170000.0,ENDEAVOR BANK
505,77143.0,77143000.0,BALLSTON SPA NATIONAL BANK
228158,77103.0,77103000.0,FIRST MIDWEST BANK OF THE OZARKS
215345,77076.0,77076000.0,MANUFACTURERS BANK & TRUST COMPANY
561864,77033.0,77033000.0,SOUTHWEST BANK
574949,76976.0,76976000.0,"FARMERS & MERCHANTS BANK, THE"
2903123,76848.0,76848000.0,BANK OF OAK RIDGE
991621,76832.0,76832000.0,CITIZENS BANK AND TRUST COMPANY
540775,76747.0,76747000.0,"FIRST FEDERAL COMMUNITY BANK, NATIONAL ASSOCIATION"
262358,76384.0,76384000.0,AMERICAN STATE BANK
791821,76323.0,76323000.0,"NATIONAL CAPITAL BANK OF WASHINGTON, THE"
57451,76310.0,76310000.0,DAIRY STATE BANK
27847,76279.0,76279000.0,DIAMOND BANK
3293540,76225.0,76225000.0,PACIFIC VALLEY BANK
922559,76068.0,76068000.0,UNITED VALLEY BANK
361055,76042.0,76042000.0,COREFIRST BANK & TRUST
363657,75962.0,75962000.0,"FIRST NATIONAL BANK OF BEMIDJI, THE"
441359,75926.0,75926000.0,"MARIES COUNTY BANK, THE"
166652,75877.0,75877000.0,ALLIANCE BANK
797140,75860.0,75860000.0,"BANK OF NEW GLARUS, THE"
550635,75856.0,75856000.0,HICKORY POINT BANK AND TRUST
2649177,75831.0,75831000.0,"PITNEY BOWES BANK INC., THE"
86349,75753.0,75753000.0,UNION BANK
5136959,75684.0,75684000.0,BEACON COMMUNITY BANK
743679,75636.0,75636000.0,RELIANCE SAVINGS BANK
2914268,75581.0,75581000.0,"FIDELITY PERSONAL TRUST COMPANY, F.S.B."
767732,75561.0,75561000.0,SOUTH GEORGIA BANKING COMPANY
888552,75555.0,75555000.0,"FIRST STATE BANK, THE"
5382514,75529.0,75529000.0,GULF CAPITAL BANK
295011,75399.0,75399000.0,GREENVILLE NATIONAL BANK
1481745,75382.0,75382000.0,PREMIER BANK MINNESOTA
491402,75348.0,75348000.0,FRANKLIN SAVINGS BANK
5561001,75334.0,75334000.0,ANCHORAGE DIGITAL BANK NATIONAL ASSOCIATION
366078,75324.0,75324000.0,STURGIS BANK & TRUST COMPANY
724744,75280.0,75280000.0,GNB BANK
448554,75209.0,75209000.0,SAGE CAPITAL BANK
2954497,75074.0,75074000.0,WILLAMETTE VALLEY BANK
131436,75056.0,75056000.0,FIRST BANK
2787770,75042.0,75042000.0,BANK OF THE JAMES
3348468,75013.0,75013000.0,PEACH STATE BANK & TRUST
637170,74843.0,74843000.0,AMERICAN FEDERAL BANK
458544,74767.0,74767000.0,FIRST SERVICE BANK
561145,74689.0,74689000.0,FIRST STATE BANK
1017425,74597.0,74597000.0,"KILLBUCK SAVINGS BANK COMPANY, THE"
702911,74544.0,74544000.0,"PEOPLES BANK CO., THE"
2539960,74539.0,74539000.0,PREMIER BANK
1000052,74497.0,74497000.0,WASHINGTON COUNTY BANK
144052,74322.0,74322000.0,EXCHANGE BANK & TRUST
100777,74258.0,74258000.0,CFSBANK
3428258,74201.0,74201000.0,DR BANK
227151,74189.0,74189000.0,UNION STATE BANK
3217957,74179.0,74179000.0,MAINSTREET COMMUNITY BANK OF FLORIDA
909055,74165.0,74165000.0,PEOPLES BANK & TRUST CO.
863746,74137.0,74137000.0,FARMERS & MERCHANTS SAVINGS BANK
721350,74020.0,74020000.0,BANKNORTH
429021,73762.0,73762000.0,QUEENSTOWN BANK OF MARYLAND
898579,73740.0,73740000.0,"FIRST FEDERAL COMMUNITY BANK, SSB"
487357,73607.0,73607000.0,TOWN & COUNTRY BANK
3288452,73603.0,73603000.0,PARAGON BANK
413646,73483.0,73483000.0,"FIRST NEIGHBOR BANK, NATIONAL ASSOCIATION"
500256,73474.0,73474000.0,"FIRST NATIONAL BANK OF MERTZON, THE"
859552,73411.0,73411000.0,BANK OF THE WEST
1011955,73406.0,73406000.0,FIRST UNITED BANK
246134,73384.0,73384000.0,FIRST SOUTHERN STATE BANK
294023,73379.0,73379000.0,FIRST STATE BANK
205243,73365.0,73365000.0,FARMERS AND MERCHANTS BANK
678070,73353.0,73353000.0,SEWICKLEY SAVINGS BANK
695349,73321.0,73321000.0,TRI-COUNTY BANK
408307,73247.0,73247000.0,ATHOL SAVINGS BANK
75446,73240.0,73240000.0,SOUTH OTTUMWA SAVINGS BANK
345747,73201.0,73201000.0,STATE BANK
1007154,73165.0,73165000.0,PROGRESSIVE BANK
824671,73164.0,73164000.0,PHOENIXVILLE FEDERAL BANK AND TRUST
3039636,73120.0,73120000.0,MISSION VALLEY BANK
832546,73052.0,73052000.0,WEST SHORE BANK
875936,73039.0,73039000.0,FIRST BANK
333856,72998.0,72998000.0,GRANDVIEW BANK
5686089,72922.0,72922000.0,NAVE BANK
1863097,72893.0,72893000.0,LEDYARD NATIONAL BANK
210238,72616.0,72616000.0,SOUTHEASTERN BANK
744854,72606.0,72606000.0,CITIZENS BANK
238737,72601.0,72601000.0,"TERRABANK, NATIONAL ASSOCIATION"
5461,72487.0,72487000.0,BAC COMMUNITY BANK
891226,72477.0,72477000.0,FARMERS AND MERCHANTS BANK
121651,72456.0,72456000.0,JONESBORO STATE BANK
101671,72428.0,72428000.0,ADIRONDACK BANK
618740,72380.0,72380000.0,FIELD & MAIN BANK
775054,72361.0,72361000.0,"EASTERN COLORADO BANK, THE"
61757,72313.0,72313000.0,AMERICAN HERITAGE NATIONAL BANK
124344,72213.0,72213000.0,BANK OF SUN PRAIRIE
647218,72205.0,72205000.0,CUMBERLAND VALLEY NATIONAL BANK & TRUST COMPANY
2713920,72162.0,72162000.0,STIFEL TRUST COMPANY NATIONAL ASSOCIATION
397559,72162.0,72162000.0,DUNDEE BANK
420578,72147.0,72147000.0,CATALYST BANK
3626858,72144.0,72144000.0,"LOCUS BANK, INC."
755252,72099.0,72099000.0,CROSS KEYS BANK
908861,72051.0,72051000.0,"TRANSPECOS BANKS, SSB"
481627,72023.0,72023000.0,"CITIZENS BANK OF WEST VIRGINIA, INC."
209148,71947.0,71947000.0,"FIRST NATIONAL BANK OF CARMI, THE"
90579,71918.0,71918000.0,FIRST FEDERAL SAVINGS AND LOAN ASSOCIATION OF MCMINNVILLE
518037,71895.0,71895000.0,PEOPLESSOUTH BANK
3466988,71881.0,71881000.0,"FIRST BANK OF GREENWICH, THE"
473930,71862.0,71862000.0,"COTTONPORT BANK, THE"
1008674,71819.0,71819000.0,READING CO-OPERATIVE BANK
890050,71689.0,71689000.0,FIRST NATIONAL BANK OF GILLETTE
869551,71607.0,71607000.0,"DENISON STATE BANK, THE"
511832,71606.0,71606000.0,WAYNE COUNTY BANK
833749,71564.0,71564000.0,WOODTRUST BANK
199463,71548.0,71548000.0,WESTERN BANK
3174920,71539.0,71539000.0,CITIZENS BANK & TRUST
961400,71451.0,71451000.0,ESSEX SAVINGS BANK
248455,71448.0,71448000.0,FIRST STATE BANK & TRUST
812436,71385.0,71385000.0,ITASCA BANK & TRUST CO.
29636,71372.0,71372000.0,"CITIZENS BANK OF PHILADELPHIA, THE"
47500,71255.0,71255000.0,CLAREMONT SAVINGS BANK
2756909,71178.0,71178000.0,"CONNECTICUT COMMUNITY BANK, NATIONAL ASSOCIATION"
147923,71106.0,71106000.0,BANK OF OCEAN CITY
339456,70937.0,70937000.0,FIRST COMMUNITY BANK
584724,70932.0,70932000.0,UNIFIED BANK
625159,70889.0,70889000.0,COMMERCE BANK
507152,70864.0,70864000.0,QUAIL CREEK BANK
252041,70704.0,70704000.0,CITY STATE BANK
277240,70626.0,70626000.0,FIRST NATIONS BANK
494654,70571.0,70571000.0,"AMERICAN BANK, NATIONAL ASSOCIATION"
241157,70557.0,70557000.0,VISION BANK
524971,70299.0,70299000.0,WESTBURY BANK
542340,70266.0,70266000.0,SOUTH STORY BANK & TRUST
2791085,70219.0,70219000.0,SUNSTATE BANK
333650,70164.0,70164000.0,"BANK, THE"
93543,70130.0,70130000.0,SPRINGS VALLEY BANK & TRUST COMPANY
144913,70125.0,70125000.0,"NEFFS NATIONAL BANK, THE"
837608,70088.0,70088000.0,ROLLSTONE BANK & TRUST
2163477,70075.0,70075000.0,"RAYMOND JAMES TRUST, NATIONAL ASSOCIATION"
913146,69925.0,69925000.0,STONE BANK
514048,69821.0,69821000.0,CS BANK
580155,69775.0,69775000.0,PLATTE VALLEY BANK
3690635,69718.0,69718000.0,MEGA BANK
660927,69527.0,69527000.0,HARFORD BANK
951102,69483.0,69483000.0,MONSON SAVINGS BANK
651448,69391.0,69391000.0,"JPMORGAN CHASE BANK, DEARBORN"
182951,69303.0,69303000.0,"CLASSIC BANK, NATIONAL ASSOCIATION"
2835103,69214.0,69214000.0,FREEDOM BANK OF SOUTHERN MISSOURI
809276,68850.0,68850000.0,"UNITED MIDWEST SAVINGS BANK, NATIONAL ASSOCIATION"
697231,68821.0,68821000.0,FNBT BANK
944355,68425.0,68425000.0,FIRST NATIONAL BANK
710176,68389.0,68389000.0,VERIMORE BANK
2667939,68387.0,68387000.0,FARMERS & MERCHANTS BANK OF COLBY
868956,68374.0,68374000.0,FIRST NORTHERN BANK OF WYOMING
1629903,68341.0,68341000.0,"ASSOCIATED TRUST COMPANY, NATIONAL ASSOCIATION"
3832127,68145.0,68145000.0,PROMISEONE BANK
242257,68074.0,68074000.0,PEOPLES SAVINGS BANK OF RHINELAND
999935,67938.0,67938000.0,FIRST CENTURY BANK
521158,67936.0,67936000.0,"SOUTHTRUST BANK, N.A."
379649,67810.0,67810000.0,FIRST NATIONAL BANK OF IZARD COUNTY
510938,67796.0,67796000.0,MIDAMERICA NATIONAL BANK
317379,67787.0,67787000.0,HOME FEDERAL SAVINGS AND LOAN ASSOCIATION OF GRAND ISLAND
596156,67729.0,67729000.0,CAPITAL BANK
5788705,67728.0,67728000.0,BANK IRVINE
353238,67685.0,67685000.0,CENTRAL STATE BANK
370020,67677.0,67677000.0,"PENDLETON COMMUNITY BANK, INC."
911160,67655.0,67655000.0,PILGRIM BANK
1013744,67602.0,67602000.0,CAPRA BANK
2815879,67563.0,67563000.0,GREAT AMERICAN BANK
332224,67502.0,67502000.0,MECHANICS & FARMERS BANK
841838,67415.0,67415000.0,THREAD BANK
55336,67397.0,67397000.0,METAIRIE BANK & TRUST COMPANY
404653,67353.0,67353000.0,DOMINION BANK
2371816,67335.0,67335000.0,WEST POINTE BANK
632858,67325.0,67325000.0,FRONTIER STATE BANK
556459,67276.0,67276000.0,"KLEBERG BANK, N.A."
444556,67252.0,67252000.0,POINTS WEST COMMUNITY BANK
414102,67210.0,67210000.0,ALDEN STATE BANK
820301,67179.0,67179000.0,JEWETT CITY SAVINGS BANK
3821626,67171.0,67171000.0,"MINT NATIONAL BANK, THE"
3635029,67141.0,67141000.0,NANO BANC
2775179,66962.0,66962000.0,COMMUNITY FIRST BANK
604024,66949.0,66949000.0,MINSTER BANK
662949,66947.0,66947000.0,IOWA STATE BANK
943675,66915.0,66915000.0,MECHANICS BANK
803649,66879.0,66879000.0,GREEN BELT BANK & TRUST
815277,66877.0,66877000.0,QUAINT OAK BANK
312244,66858.0,66858000.0,FIRST BANK OF BERNE
153054,66848.0,66848000.0,"NORTHWESTERN BANK, THE"
66275,66831.0,66831000.0,FIRST SOUTHERN BANK
326344,66781.0,66781000.0,"PEOPLES STATE BANK OF NEWTON, ILLINOIS, THE"
382537,66769.0,66769000.0,"BANK OF VERNON, THE"
17950,66750.0,66750000.0,"BANK OF BRIDGER, NATIONAL ASSOCIATION"
451068,66740.0,66740000.0,FIRST BANK
208570,66656.0,66656000.0,UNIVERSAL BANK
937740,66637.0,66637000.0,"PORT WASHINGTON STATE BANK, THE"
729011,66633.0,66633000.0,"COMMUNITY BANK, THE"
734613,66615.0,66615000.0,"BANK OF LANDISBURG, THE"
2339599,66578.0,66578000.0,CAPITOL BANK
197302,66568.0,66568000.0,EAGLE BANK
689357,66476.0,66476000.0,NORTHEAST BANK
565170,66463.0,66463000.0,FIRST FEDERAL SAVINGS OF MIDDLETOWN
954279,66342.0,66342000.0,STONEHAMBANK
203043,66232.0,66232000.0,"MIDWEST HERITAGE BANK, FSB"
925653,66224.0,66224000.0,BANK OF TEXAS
145844,66042.0,66042000.0,"FOUNTAIN TRUST COMPANY, THE"
1007873,65976.0,65976000.0,CROSS COUNTY SAVINGS BANK
2858492,65974.0,65974000.0,FREEDOM BANK
133579,65950.0,65950000.0,"BANK OF BENNINGTON, THE"
188430,65935.0,65935000.0,"FLORIDA CAPITAL BANK, N.A."
483751,65923.0,65923000.0,LABETTE BANK
34742,65624.0,65624000.0,FIRST WESTERN BANK
3593307,65598.0,65598000.0,GOLD COAST BANK
879644,65454.0,65454000.0,"BANK OF ADVANCE, THE"
459130,65441.0,65441000.0,GULF COAST BANK
244149,65394.0,65394000.0,BANK OF ENGLAND
3816190,65387.0,65387000.0,OAK VIEW NATIONAL BANK
735067,65339.0,65339000.0,"TEXAS REPUBLIC BANK, NATIONAL ASSOCIATION"
489548,65330.0,65330000.0,"FIRST STATE BANK AND TRUST COMPANY, INC."
984258,65275.0,65275000.0,FIRST NATIONAL BANK AND TRUST COMPANY OF ARDMORE
906241,65016.0,65016000.0,"MALVERN NATIONAL BANK, THE"
54058,64995.0,64995000.0,"BANK OF TESCOTT, THE"
453446,64928.0,64928000.0,EAGLE BANK AND TRUST COMPANY
262741,64901.0,64901000.0,FARMERS BANK & TRUST COMPANY
73116,64810.0,64810000.0,ARTISANS' BANK
117074,64807.0,64807000.0,COLONIAL FEDERAL SAVINGS BANK
790271,64800.0,64800000.0,WASHINGTON SAVINGS BANK
496845,64761.0,64761000.0,BANK & TRUST COMPANY
694847,64736.0,64736000.0,CENTURY BANK AND TRUST
1940747,64698.0,64698000.0,"DESJARDINS BANK, NATIONAL ASSOCIATION"
763930,64674.0,64674000.0,FARMERS & MERCHANTS BANK
390372,64669.0,64669000.0,ARUNDEL FEDERAL SAVINGS BANK
910118,64579.0,64579000.0,"TIOGA STATE BANK, N.A."
114840,64485.0,64485000.0,FIRST STATE BANK
683449,64445.0,64445000.0,MAQUOKETA STATE BANK
980773,64347.0,64347000.0,EATON COMMUNITY BANK
72678,64244.0,64244000.0,BELMONT SAVINGS BANK
458665,64189.0,64189000.0,"FIRST NATIONAL BANK OF STANTON, THE"
3314043,64177.0,64177000.0,FIRST RESOURCE BANK
2729677,64129.0,64129000.0,"NATIONWIDE TRUST COMPANY, FSB"
44741,64045.0,64045000.0,CITIZENS BANK
982553,64045.0,64045000.0,STOCKMENS BANK
455253,64033.0,64033000.0,5STAR BANK
573036,63952.0,63952000.0,OCONEE STATE BANK
944627,63885.0,63885000.0,"CNB BANK, INC."
251745,63876.0,63876000.0,FIRST NATIONAL BANK OF EASTERN ARKANSAS
3048487,63869.0,63869000.0,1ST BANK YUMA
387671,63836.0,63836000.0,FIRST FEDERAL BANK & TRUST
819556,63824.0,63824000.0,CONCORDIA BANK & TRUST COMPANY
268828,63794.0,63794000.0,LEGACY BANK
472616,63687.0,63687000.0,FIRST NATIONAL BANK OF SCOTIA
697156,63646.0,63646000.0,HOMEBANK
698649,63532.0,63532000.0,THUMB BANK & TRUST
713476,63531.0,63531000.0,"PYRAMAX BANK, F.S.B."
303952,63395.0,63395000.0,FARMERS BANK OF NORTHERN MISSOURI
330239,63345.0,63345000.0,FIRST NATIONAL BANK
259442,63325.0,63325000.0,MOUND CITY BANK
5342974,63268.0,63268000.0,PIERMONT BANK
945071,63266.0,63266000.0,SAN LUIS VALLEY FEDERAL BANK
513256,63261.0,63261000.0,FIRST NATIONAL BANK COLORADO
3185896,63224.0,63224000.0,"TRINITY BANK, NATIONAL ASSOCIATION"
25357,63202.0,63202000.0,ALL AMERICA BANK
575834,63148.0,63148000.0,FIRST NATIONAL BANK OF LOUISIANA
670878,63140.0,63140000.0,SALEM CO-OPERATIVE BANK
571265,63132.0,63132000.0,DENALI STATE BANK
334264,62950.0,62950000.0,FIRST COMMUNITY BANK
575759,62869.0,62869000.0,MNB BANK
728948,62839.0,62839000.0,"MIDSTATES BANK, NATIONAL ASSOCIATION"
307361,62748.0,62748000.0,AMERICAN BANK NATIONAL ASSOCIATION
947749,62727.0,62727000.0,"NORTH SALEM STATE BANK, THE"
597313,62709.0,62709000.0,PS BANK
779650,62699.0,62699000.0,CHIPPEWA VALLEY BANK
63050,62686.0,62686000.0,"DOLORES STATE BANK, THE"
416674,62604.0,62604000.0,"KS BANK, INC."
640246,62598.0,62598000.0,"FAIRFIELD NATIONAL BANK, THE"
655839,62595.0,62595000.0,CCB COMMUNITY BANK
208655,62568.0,62568000.0,FIRST NORTHEAST BANK OF NEBRASKA
3636914,62560.0,62560000.0,BLUEHARBOR BANK
256058,62424.0,62424000.0,AMERICAN NATION BANK
630658,62405.0,62405000.0,"FIRST NATIONAL BANK OF LIVINGSTON, THE"
235530,62380.0,62380000.0,"RESOURCE BANK, NATIONAL ASSOCIATION"
830355,62364.0,62364000.0,FIRST NATIONAL BANK & TRUST COMPANY OF MCALESTER
935308,62341.0,62341000.0,ONEUNITED BANK
76854,62336.0,62336000.0,GRAND BANK
24949,62332.0,62332000.0,BARABOO STATE BANK
770853,62256.0,62256000.0,FIRST MIDWEST BANK OF DEXTER
100843,62194.0,62194000.0,FNBC BANK
254849,62167.0,62167000.0,FIRST INDEPENDENCE BANK
179700,62151.0,62151000.0,CLINTON SAVINGS BANK
3655933,62150.0,62150000.0,PARTNERS BANK OF CALIFORNIA
3277241,61991.0,61991000.0,EMPIRE STATE BANK
299868,61971.0,61971000.0,COMMUNITY COMMERCE BANK
347956,61941.0,61941000.0,"VAST BANK, N.A."
632410,61860.0,61860000.0,NEWFIELD NATIONAL BANK
553944,61715.0,61715000.0,"LINCOLN NATIONAL BANK OF HODGENVILLE, THE"
1836701,61694.0,61694000.0,ENTERPRISE BANK
105026,61621.0,61621000.0,"FARMERS BANK OF WILLARDS, THE"
635840,61505.0,61505000.0,LEGENCE BANK
43351,61440.0,61440000.0,OUTDOOR BANK
1014657,61210.0,61210000.0,NEW ERA BANK
598002,61186.0,61186000.0,SAVINGS BANK OF WALPOLE
192147,61150.0,61150000.0,CITIZENS BANK & TRUST COMPANY
579140,61130.0,61130000.0,REGIONAL MISSOURI BANK
544335,61064.0,61064000.0,UNITED MISSISSIPPI BANK
813853,60965.0,60965000.0,COMMUNITY RESOURCE BANK
3664588,60955.0,60955000.0,FIELDPOINT PRIVATE BANK & TRUST
598048,60951.0,60951000.0,"STEPHENSON NATIONAL BANK AND TRUST, THE"
257578,60846.0,60846000.0,FIRST FEDERAL SAVINGS BANK
995517,60846.0,60846000.0,"PEOPLES BANK OF KENTUCKY, INC."
882242,60736.0,60736000.0,ROLLING HILLS BANK & TRUST
880855,60710.0,60710000.0,"BANK OF OLD MONROE, THE"
331076,60689.0,60689000.0,FIRST FEDERAL BANK OF WISCONSIN
120542,60611.0,60611000.0,STATE BANK OF CHILTON
338646,60552.0,60552000.0,TRUSTBANK
97943,60409.0,60409000.0,MARION COUNTY STATE BANK
59370,60382.0,60382000.0,FIRST SHORE FEDERAL SAVINGS AND LOAN ASSOCIATION
355559,60334.0,60334000.0,RANGE BANK
320052,60271.0,60271000.0,LEGACY BANK
526854,60015.0,60015000.0,"HARDIN COUNTY BANK, THE"
2505451,59969.0,59969000.0,"CITIZENS BANK OF GEORGIA, THE"
218131,59863.0,59863000.0,CBBC BANK
294751,59752.0,59752000.0,"CITY NATIONAL BANK AND TRUST COMPANY OF LAWTON, OKLAHOMA, THE"
975256,59569.0,59569000.0,DELTA BANK
406059,59535.0,59535000.0,NBT FINANCIAL BANK
514132,59528.0,59528000.0,CITIZENS BANK
929932,59488.0,59488000.0,MIDSOUTH BANK
853747,59487.0,59487000.0,CITIZENS NATIONAL BANK OF ALBION
775773,59455.0,59455000.0,NORTH SHORE TRUST AND SAVINGS
206174,59414.0,59414000.0,AMBLER SAVINGS BANK
202514,59379.0,59379000.0,"CUMBERLAND SECURITY BANK, INC."
434203,59340.0,59340000.0,"FIRST HOPE BANK, A NATIONAL BANKING ASSOCIATION"
653134,59223.0,59223000.0,FARMERS-MERCHANTS BANK & TRUST COMPANY
3217331,59207.0,59207000.0,"HOMETOWN BANK OF ALABAMA, THE"
2849285,59170.0,59170000.0,BANKVISTA
610164,59140.0,59140000.0,HERRING BANK
804374,59091.0,59091000.0,HOME FEDERAL BANK
175140,59084.0,59084000.0,COMMUNITY FIRST BANK
870650,59083.0,59083000.0,CNB ST. LOUIS BANK
169354,59047.0,59047000.0,"STATE NATIONAL BANK OF BIG SPRING, THE"
460332,58937.0,58937000.0,MUNICIPAL TRUST AND SAVINGS BANK
385686,58883.0,58883000.0,LUSITANIA SAVINGS BANK
764058,58837.0,58837000.0,HIGHLAND BANK
321947,58775.0,58775000.0,"FCN BANK, NATIONAL ASSOCIATION"
93619,58730.0,58730000.0,"STATE STREET BANK AND TRUST COMPANY, NATIONAL ASSOCIATION"
649342,58647.0,58647000.0,IOWA TRUST & SAVINGS BANK
831576,58640.0,58640000.0,BANKTENNESSEE
2907439,58590.0,58590000.0,LIBERTY BANK N.A.
400141,58584.0,58584000.0,"FNB BANK, INC."
3216316,58581.0,58581000.0,AMERICAN CONTINENTAL BANK
3592047,58513.0,58513000.0,"GOLDWATER BANK, NATIONAL ASSOCIATION"
246022,58357.0,58357000.0,"BANK OF SOUTH CAROLINA, THE"
248633,58193.0,58193000.0,FIRST JACKSON BANK
227777,58128.0,58128000.0,MILFORD FEDERAL BANK
904171,58117.0,58117000.0,INFIRST BANK
109574,58091.0,58091000.0,HAVERHILL BANK
80150,58008.0,58008000.0,FIRST FIDELITY BANK
3349241,57968.0,57968000.0,FIRST RESOURCE BANK
282226,57861.0,57861000.0,FARMERS AND MERCHANTS BANK OF SOUTH CAROLINA
1015850,57781.0,57781000.0,LAKE ELMO BANK
472979,57774.0,57774000.0,"ROXBORO SAVINGS BANK, SSB"
536349,57736.0,57736000.0,SHELBY COUNTY STATE BANK
423159,57668.0,57668000.0,MCCURTAIN COUNTY NATIONAL BANK
443353,57646.0,57646000.0,UNITY BANK
720746,57543.0,57543000.0,"BRADFORD NATIONAL BANK OF GREENVILLE, THE"
69678,57534.0,57534000.0,BAKER BOYER NATIONAL BANK
3271986,57525.0,57525000.0,TIMBERLINE BANK
327435,57479.0,57479000.0,UNITED SOUTHERN BANK
3537897,57467.0,57467000.0,COMMENCEMENT BANK
3451050,57427.0,57427000.0,RIVER VALLEY COMMUNITY BANK
989347,57411.0,57411000.0,CROSS BANK
220059,57392.0,57392000.0,"WNB FINANCIAL, NATIONAL ASSOCIATION"
2797162,57207.0,57207000.0,SAUK VALLEY BANK & TRUST COMPANY
922344,57205.0,57205000.0,PEOPLES BANK & TRUST
1155,57100.0,57100000.0,RVR BANK
612159,57088.0,57088000.0,SOLUTIONS NORTH BANK
382069,57074.0,57074000.0,INTERNATIONAL BANK OF COMMERCE
67870,57016.0,57016000.0,TC FEDERAL BANK
722432,57005.0,57005000.0,"BANK OF ROMNEY, THE"
564324,56967.0,56967000.0,"OLD FORT BANKING COMPANY, THE"
709143,56925.0,56925000.0,MIDWEST BANK
621357,56858.0,56858000.0,STATE BANK OF DE KALB
513340,56844.0,56844000.0,COMMERCIAL BANK
418100,56836.0,56836000.0,SEAMENS BANK
392778,56792.0,56792000.0,CENTURY SAVINGS BANK
475653,56773.0,56773000.0,MOUNTAIN VALLEY BANK
457220,56688.0,56688000.0,"FARMERS SAVINGS BANK, THE"
3546862,56656.0,56656000.0,PACIFIC ALLIANCE BANK
762773,56622.0,56622000.0,ABACUS FEDERAL SAVINGS BANK
761543,56612.0,56612000.0,OHNWARD BANK & TRUST
97055,56487.0,56487000.0,HENDERSON STATE BANK
709639,56438.0,56438000.0,MACON BANK AND TRUST COMPANY
1872941,56388.0,56388000.0,ARBOR BANK
3150205,56351.0,56351000.0,WORTHINGTON BANK
1007734,56173.0,56173000.0,BARWICK BANKING COMPANY
361439,56057.0,56057000.0,ANDREW JOHNSON BANK
732758,56039.0,56039000.0,BANKERS' BANK OF THE WEST
386450,55995.0,55995000.0,FIVE POINTS BANK OF HASTINGS
622037,55940.0,55940000.0,"FIRST NATIONAL BANK OF JEANERETTE, THE"
3538009,55854.0,55854000.0,PLATINUM BANK
520423,55803.0,55803000.0,"FAHEY BANKING COMPANY, THE"
659341,55800.0,55800000.0,"CONSTITUTION BANK, NATIONAL ASSOCIATION"
251978,55638.0,55638000.0,HOMELAND FEDERAL SAVINGS BANK
1000276,55600.0,55600000.0,PITTSFIELD CO-OPERATIVE BANK
87579,55558.0,55558000.0,"MIDDLESEX FEDERAL SAVINGS, F.A."
748964,55536.0,55536000.0,TEXAS STATE BANK
630555,55497.0,55497000.0,AMERICAN BANK
3357620,55476.0,55476000.0,"HSBC TRUST COMPANY (DELAWARE), NATIONAL ASSOCIATION"
2806635,55474.0,55474000.0,YAMPA VALLEY BANK
823133,55436.0,55436000.0,PEOPLES NATIONAL BANK OF KEWANEE
108951,55371.0,55371000.0,RELIABANK DAKOTA
580548,55322.0,55322000.0,BANK OF LUXEMBURG
875132,55285.0,55285000.0,GRAND RIDGE NATIONAL BANK
2756730,55226.0,55226000.0,COMMERCIAL CAPITAL BANK
2505460,55213.0,55213000.0,"BANK, THE"
573335,55119.0,55119000.0,RIVERHILLS BANK
262237,55116.0,55116000.0,FIRST PORT CITY BANK
380533,54992.0,54992000.0,LONGVIEW BANK
811747,54953.0,54953000.0,SECURITY SAVINGS BANK
345345,54922.0,54922000.0,"AMERICAN BANK, NATIONAL ASSOCIATION"
905356,54913.0,54913000.0,PRISM BANK
643340,54820.0,54820000.0,EASTERN MICHIGAN BANK
354552,54809.0,54809000.0,COMMUNITY NATIONAL BANK
129910,54800.0,54800000.0,"PEOPLES EXCHANGE BANK, INC."
6039,54782.0,54782000.0,PINELAND BANK
2820604,54775.0,54775000.0,MILLENNIUM BANK
70638,54732.0,54732000.0,PEOPLES BANK
244251,54689.0,54689000.0,AMERICAN STATE BANK & TRUST COMPANY OF WILLISTON
273550,54527.0,54527000.0,"CITIZENS STATE BANK, THE"
71457,54509.0,54509000.0,BRUNING BANK
724904,54478.0,54478000.0,SHOREHAM BANK
3223305,54455.0,54455000.0,1ST STATE BANK
258306,54394.0,54394000.0,MILFORD BANK THE
400365,54343.0,54343000.0,"FIRST COMMERCIAL BANK, NATIONAL ASSOCIATION"
543945,54235.0,54235000.0,FARMERS TRUST AND SAVINGS BANK
1669,54196.0,54196000.0,"LIBERTY NATIONAL BANK IN PARIS, THE"
803957,54184.0,54184000.0,KODABANK
875057,54120.0,54120000.0,FARMERS STATE BANK
1012251,54070.0,54070000.0,FIRST STATE BANK AND TRUST COMPANY
197142,54059.0,54059000.0,SPRINGFIELD STATE BANK
215710,54043.0,54043000.0,"JUNIATA VALLEY BANK, THE"
799854,54036.0,54036000.0,"CITY NATIONAL BANK OF COLORADO CITY, THE"
309150,54015.0,54015000.0,"MISSOURI BANK, THE"
3645840,53889.0,53889000.0,TOUCHMARK NATIONAL BANK
2855866,53871.0,53871000.0,FOUR CORNERS COMMUNITY BANK
855741,53802.0,53802000.0,BANKORION
5518023,53787.0,53787000.0,"VARO BANK, NATIONAL ASSOCIATION"
692704,53684.0,53684000.0,WELLINGTON TRUST COMPANY NATIONAL ASSOCIATION
388557,53673.0,53673000.0,RIVERSTONE BANK
894544,53647.0,53647000.0,FIRST SECURITY BANK AND TRUST COMPANY
3247589,53647.0,53647000.0,REDWOOD CAPITAL BANK
601443,53570.0,53570000.0,BANK OF MAUSTON
2619714,53458.0,53458000.0,ALLIANCE BANK
32766,53049.0,53049000.0,LAKESIDE BANK
5143788,53032.0,53032000.0,WINTER PARK NATIONAL BANK
855563,53023.0,53023000.0,MURPHY BANK
607146,52889.0,52889000.0,CENTRAL STATE BANK
624246,52888.0,52888000.0,CONNECTION BANK
828473,52880.0,52880000.0,CITIZENS SAVINGS BANK
335346,52856.0,52856000.0,PARTNERS BANK
865544,52801.0,52801000.0,CLEAR LAKE BANK AND TRUST COMPANY
646556,52749.0,52749000.0,CONNECTIONS BANK
2925620,52739.0,52739000.0,"CHINO COMMERCIAL BANK, NATIONAL ASSOCIATION"
482053,52729.0,52729000.0,CITIZENS STATE BANK
608844,52704.0,52704000.0,FNBC BANK AND TRUST
3370133,52663.0,52663000.0,SUNRISE BANK
958558,52588.0,52588000.0,"STOCK EXCHANGE BANK, THE"
5650923,52583.0,52583000.0,WATERFALL BANK
100236,52581.0,52581000.0,SUNMARK COMMUNITY BANK
228345,52574.0,52574000.0,STATE BANK OF NEWBURG
3412417,52568.0,52568000.0,JONAH BANK OF WYOMING
835770,52509.0,52509000.0,FOX VALLEY SAVINGS BANK
591320,52499.0,52499000.0,ARTHUR STATE BANK
646743,52498.0,52498000.0,COMMUNITY SAVINGS BANK
3690121,52486.0,52486000.0,LIBERTY CAPITAL BANK
5313312,52477.0,52477000.0,WATERMARK BANK
5398355,52407.0,52407000.0,FOUNDERS BANK
445955,52342.0,52342000.0,"FIRST NATIONAL BANK OF EAST TEXAS, THE"
3407084,52303.0,52303000.0,MILESTONE BANK
144678,52293.0,52293000.0,FIRST FEDERAL SAVINGS AND LOAN ASSOCIATION OF LORAIN
975854,52268.0,52268000.0,GLENWOOD STATE BANK (INCORPORATED)
919456,52235.0,52235000.0,MID-AMERICA BANK
874050,52165.0,52165000.0,CITIZENS BANK MINNESOTA
972406,52151.0,52151000.0,BOSTON TRUST & INVESTMENT MANAGEMENT COMPANY
858528,51999.0,51999000.0,"BANK OF MARION, THE"
81175,51998.0,51998000.0,EQUITABLE BANK
357937,51985.0,51985000.0,CITIZENS BANK AND TRUST COMPANY
578116,51865.0,51865000.0,"SAVINGS BANK, THE"
613679,51812.0,51812000.0,FIRST FEDERAL SAVINGS BANK
944047,51776.0,51776000.0,"NAPOLEON STATE BANK, THE"
715872,51772.0,51772000.0,LIFESTORE BANK
284556,51757.0,51757000.0,CATTLEMENS BANK
2668598,51679.0,51679000.0,PORTAGE COMMUNITY BANK
475354,51633.0,51633000.0,FARMERS STATE BANK
510330,51633.0,51633000.0,F&M BANK
305442,51562.0,51562000.0,"NEW WASHINGTON STATE BANK, THE"
282824,51542.0,51542000.0,ELDERTON STATE BANK
524953,51415.0,51415000.0,FIRST PRYORITY BANK
234841,51414.0,51414000.0,NEW ALBIN SAVINGS BANK
20857,51330.0,51330000.0,FM BANK
591366,51277.0,51277000.0,"FIRST NATIONAL BANK OF SONORA, THE"
788559,51200.0,51200000.0,FARMERS AND DROVERS BANK
148238,51189.0,51189000.0,PEOPLES BANK
651121,51088.0,51088000.0,LUMBEE GUARANTY BANK
477349,51035.0,51035000.0,BANK OF LAKE MILLS
107570,50966.0,50966000.0,FIRST FEDERAL SAVINGS BANK
593249,50907.0,50907000.0,"PEOPLES BANK, THE"
504311,50879.0,50879000.0,"GENOA BANKING COMPANY, THE"
326054,50870.0,50870000.0,SILVER LAKE BANK
748357,50845.0,50845000.0,GLOBAL ONE BANK
502652,50837.0,50837000.0,BANK3
5805451,50820.0,50820000.0,"WESTERN ALLIANCE TRUST COMPANY, NATIONAL ASSOCIATION"
261146,50807.0,50807000.0,"MAGNOLIA BANK, INC"
499855,50781.0,50781000.0,SOUTHWEST NATIONAL BANK
2989006,50778.0,50778000.0,GUARDIAN BANK
902672,50667.0,50667000.0,HEARTHSIDE BANK CORPORATION
268677,50655.0,50655000.0,CARVER FEDERAL SAVINGS BANK
477648,50619.0,50619000.0,FARMERS STATE BANK
539340,50574.0,50574000.0,DEMOTTE STATE BANK
430036,50551.0,50551000.0,ROBERTSON BANKING COMPANY
5312593,50483.0,50483000.0,OHIO STATE BANK
751852,50475.0,50475000.0,CENTRAL BANK OF KANSAS CITY
2051127,50461.0,50461000.0,AMERICAN NATIONAL BANK-FOX CITIES
465038,50398.0,50398000.0,FIRST NATIONAL BANK OF BROOKFIELD
64552,50375.0,50375000.0,CHICKASAW COMMUNITY BANK
979759,50243.0,50243000.0,"KARNES COUNTY NATIONAL BANK OF KARNES CITY, THE"
410748,50215.0,50215000.0,BANK OF O'FALLON
701839,50160.0,50160000.0,CITIZENS BANK AND TRUST
3812147,50150.0,50150000.0,GRAND RIVER BANK
963002,50096.0,50096000.0,BAY STATE SAVINGS BANK
178851,50048.0,50048000.0,GRAND VALLEY BANK
613156,50028.0,50028000.0,"FIRST MONTANA BANK, INC."
625850,50018.0,50018000.0,BANK OF VERSAILLES
900034,50007.0,50007000.0,RAYNE STATE BANK & TRUST COMPANY
290838,50005.0,50005000.0,MERIT BANK
317258,49913.0,49913000.0,WEST PLAINS BANK AND TRUST COMPANY
870913,49878.0,49878000.0,BUCKEYE STATE BANK
188056,49870.0,49870000.0,NORTHERN STATE BANK OF THIEF RIVER FALLS
692946,49851.0,49851000.0,TOWN & COUNTRY BANK AND TRUST COMPANY
625065,49829.0,49829000.0,CITIZENS STATE BANK
478195,49663.0,49663000.0,BANK OF THE VALLEY
442244,49621.0,49621000.0,NORTHEAST SECURITY BANK
672537,49464.0,49464000.0,"EXCHANGE BANK OF ALABAMA, THE"
715144,49395.0,49395000.0,GRUNDY BANK
552974,49324.0,49324000.0,"SHELBY SAVINGS BANK, SSB"
5398627,49312.0,49312000.0,TRIAD BUSINESS BANK
193649,49242.0,49242000.0,"FIRST TRUST AND SAVINGS BANK OF WATSEKA, THE"
306337,49139.0,49139000.0,CASEY STATE BANK
2857600,49115.0,49115000.0,OAK BANK
425845,49101.0,49101000.0,SECURITY STATE BANK
394259,49066.0,49066000.0,"FIRST STATE BANK, THE"
3350658,49066.0,49066000.0,FIRST VISION BANK OF TENNESSEE
172475,49043.0,49043000.0,CREST SAVINGS BANK
58636,48999.0,48999000.0,CENTURY BANK
136338,48992.0,48992000.0,MERCHANTS & FARMERS BANK & TRUST COMPANY
683814,48911.0,48911000.0,KENTUCKY FARMERS BANK CORPORATION
977250,48876.0,48876000.0,MIDWEST INDEPENDENT BANKERSBANK
853934,48846.0,48846000.0,DLP BANK
594938,48845.0,48845000.0,APPLE RIVER STATE BANK
3720,48791.0,48791000.0,"BANK OF CLARENDON, THE"
835257,48788.0,48788000.0,COMMUNITY BANK MANKATO
166531,48785.0,48785000.0,BANK OF FRANKEWING
109136,48728.0,48728000.0,PEOPLES BANK & TRUST
623052,48717.0,48717000.0,"LAMESA NATIONAL BANK, THE"
371362,48679.0,48679000.0,WELLINGTON STATE BANK
899343,48642.0,48642000.0,WILSON & MUIR BANK & TRUST COMPANY
1016718,48598.0,48598000.0,JACKSON COUNTY BANK
351560,48589.0,48589000.0,SUMMIT BANK
2007991,48549.0,48549000.0,CITIZENS COMMUNITY BANK
16551,48544.0,48544000.0,NORTHVIEW BANK
2587916,48526.0,48526000.0,MARINE BANK & TRUST COMPANY
2916534,48524.0,48524000.0,"M.Y. SAFRA BANK, FSB"
2823221,48516.0,48516000.0,GEORGIA COMMUNITY BANK
198149,48508.0,48508000.0,ABBYBANK
425818,48402.0,48402000.0,UNITED CUMBERLAND BANK
788773,48386.0,48386000.0,HOMETOWN BANK
331713,48297.0,48297000.0,NEW TRIPOLI BANK
126553,48214.0,48214000.0,NORTH SHORE BANK OF COMMERCE
538754,48133.0,48133000.0,FIRST NATIONAL BANK IN PHILIP
1015252,48101.0,48101000.0,LEA COUNTY STATE BANK
228279,48047.0,48047000.0,CROSSROADS BANK
2467670,47995.0,47995000.0,APPLIED BANK
3252,47984.0,47984000.0,"FIRST NATIONAL BANK OF GORDON, THE"
623454,47980.0,47980000.0,"BANK AND TRUST, SSB, THE"
306159,47935.0,47935000.0,AMERICAN NATIONAL BANK OF MINNESOTA
860259,47929.0,47929000.0,PREMIER BANK NATIONAL ASSOCIATION
407645,47879.0,47879000.0,"STILLMAN BANCCORP, N.A."
664653,47828.0,47828000.0,"NATIVE AMERICAN BANK, NATIONAL ASSOCIATION"
675079,47811.0,47811000.0,"FAYETTE SAVINGS BANK, SSB"
77253,47811.0,47811000.0,TXN BANK
262059,47790.0,47790000.0,AVB BANK
520777,47760.0,47760000.0,COMMUNITY SAVINGS BANK
714978,47725.0,47725000.0,"COOPERATIVE BANK, THE"
285852,47631.0,47631000.0,FIRST OPTION BANK
443148,47599.0,47599000.0,"BIPPUS STATE BANK, THE"
5397639,47598.0,47598000.0,ADP TRUST COMPANY NATIONAL ASSOCIATION
11145,47546.0,47546000.0,LAKE-OSCEOLA STATE BANK
412845,47510.0,47510000.0,FIRST NATIONAL BANK IN OLNEY
3603961,47503.0,47503000.0,"VICTORY BANK, THE"
279,47476.0,47476000.0,"BROADSTREET BANK, SSB"
541231,47447.0,47447000.0,FIRST CITIZENS BANK
212018,47431.0,47431000.0,PENNIAN BANK
801047,47268.0,47268000.0,FIRST STATE BANK
790703,47262.0,47262000.0,LEE BANK
711548,47208.0,47208000.0,CHELSEA STATE BANK
452159,47171.0,47171000.0,AMERICAN BANK AND TRUST COMPANY
14155,47144.0,47144000.0,F & C BANK
815754,47143.0,47143000.0,LOCAL BANK
31826,47103.0,47103000.0,POWELL VALLEY NATIONAL BANK
602543,47026.0,47026000.0,"PETEFISH, SKILES & COMPANY"
119872,47014.0,47014000.0,FIRST SEACOAST BANK
502746,46882.0,46882000.0,COMMUNITY STATE BANK
579364,46855.0,46855000.0,TEXAS CHAMPION BANK
3721605,46832.0,46832000.0,SPRING BANK
5673191,46830.0,46830000.0,LOCALITY BANK
285928,46764.0,46764000.0,PEOPLES BANK THE
533124,46760.0,46760000.0,"HARBOR BANK OF MARYLAND, THE"
719656,46658.0,46658000.0,"CALLAWAY BANK, THE"
268136,46646.0,46646000.0,"CITIZENS BANK OF SWAINSBORO, THE"
1892154,46522.0,46522000.0,FIRST NATIONAL BANK OF COFFEE COUNTY
227357,46522.0,46522000.0,"BRENHAM NATIONAL BANK, THE"
529659,46500.0,46500000.0,CATTLE BANK & TRUST
750341,46459.0,46459000.0,HIGHPOINT COMMUNITY BANK
134848,46449.0,46449000.0,TEUTOPOLIS STATE BANK
236957,46404.0,46404000.0,UPPER PENINSULA STATE BANK
548267,46299.0,46299000.0,"WAGGONER NATIONAL BANK OF VERNON, THE"
907547,46299.0,46299000.0,PREMIERBANK
783246,46295.0,46295000.0,GRINNELL STATE BANK
582953,46285.0,46285000.0,CHARTER WEST BANK
866121,46284.0,46284000.0,MERCER COUNTY STATE BANK
137447,46197.0,46197000.0,"FNB COMMUNITY BANK,THE"
396244,46184.0,46184000.0,"RIVER CITY BANK, INC."
10250,46148.0,46148000.0,"BANK OF ELK RIVER, THE"
2805535,46129.0,46129000.0,FIRST SECURE COMMUNITY BANK
696168,46103.0,46103000.0,BALBOA THRIFT AND LOAN ASSOCIATION
44040,46098.0,46098000.0,"FIRST NATIONAL BANK OF MONTEREY, THE"
862057,46098.0,46098000.0,BANK OF COMMERCE
166111,46060.0,46060000.0,"NORTH COUNTRY SAVINGS BANK, THE"
974754,46010.0,46010000.0,COMMUNITY BANK OF LOUISIANA
92706,45999.0,45999000.0,SUGAR RIVER BANK
652043,45982.0,45982000.0,FREEDOMBANK
246657,45970.0,45970000.0,BANK OF LABOR
883959,45951.0,45951000.0,COWBOY BANK
897648,45931.0,45931000.0,PRODUCERS BANK & TRUST
968744,45798.0,45798000.0,FIRST CHOICE BANK
613839,45765.0,45765000.0,EXCHANGE BANK
562058,45678.0,45678000.0,UNITED BANK OF UNION
2631172,45613.0,45613000.0,STATE BANK FINANCIAL
541857,45556.0,45556000.0,CARROLL BANK AND TRUST
761851,45500.0,45500000.0,FIRST INDEPENDENT BANK
367543,45470.0,45470000.0,KENTLAND BANK
3342671,45462.0,45462000.0,ANCHOR BANK
2914727,45447.0,45447000.0,UNITED NATIONAL BANK
367431,45414.0,45414000.0,CITIZENS BANK OF THE SOUTH
829041,45373.0,45373000.0,CITIZENS BANK & TRUST COMPANY
862141,45370.0,45370000.0,TRUBANK
865450,45358.0,45358000.0,"PROFINIUM, INC."
1479470,45354.0,45354000.0,WOODLANDS BANK
298245,45307.0,45307000.0,"CITY NATIONAL BANK OF METROPOLIS, THE"
546535,45286.0,45286000.0,BANK OF DUDLEY
568126,45286.0,45286000.0,"ST. HENRY BANK, THE"
204826,45232.0,45232000.0,FIRST NATIONAL BANK IN NEW BREMEN
3463875,45230.0,45230000.0,AUSTIN COUNTY STATE BANK
660570,45200.0,45200000.0,PRESENCE BANK
389358,45163.0,45163000.0,SECURITY STATE BANK
891253,45126.0,45126000.0,COLUMBUS STATE BANK
342054,45075.0,45075000.0,PHELPS COUNTY BANK
2396592,45042.0,45042000.0,PEOPLE'S BANK OF SENECA
933340,45038.0,45038000.0,GRANT COUNTY STATE BANK
1001853,45028.0,45028000.0,CITIZENS BANK
278256,45018.0,45018000.0,"FARMERS STATE BANK OF OAKLEY, KANSAS, THE"
188177,44999.0,44999000.0,WESTMORELAND FEDERAL SAVINGS AND LOAN ASSOCIATION OF LATROBE
493741,44902.0,44902000.0,ALLIANCE BANK
3517590,44882.0,44882000.0,HYPERION BANK
3440803,44820.0,44820000.0,GOLDEN VALLEY BANK
19936,44820.0,44820000.0,CITIZENS BANK OF AMERICUS
638850,44815.0,44815000.0,"FIDELITY STATE BANK AND TRUST COMPANY, THE"
2233875,44812.0,44812000.0,"NATBANK, NATIONAL ASSOCIATION"
2793593,44784.0,44784000.0,SOUTHERN BANK OF TENNESSEE
7072,44780.0,44780000.0,WALLKILL VALLEY FEDERAL SAVINGS AND LOAN ASSOCIATION
420644,44769.0,44769000.0,"PEOPLES COMMUNITY BANK, THE"
436542,44676.0,44676000.0,WAUKON STATE BANK
508355,44637.0,44637000.0,AMERISTATE BANK
52951,44630.0,44630000.0,SECURITY STATE BANK OF OKLAHOMA
2343167,44627.0,44627000.0,PAN AMERICAN BANK & TRUST
839255,44624.0,44624000.0,FNB COMMUNITY BANK
248745,44605.0,44605000.0,OOSTBURG STATE BANK
676151,44520.0,44520000.0,UNISON BANK
205346,44445.0,44445000.0,FARMERS SAVINGS BANK
287007,44401.0,44401000.0,"PUTNAM COUNTY NATIONAL BANK OF CARMEL, THE"
733559,44314.0,44314000.0,GREAT PLAINS STATE BANK
783910,44313.0,44313000.0,NORTH VALLEY BANK
761244,44287.0,44287000.0,BELGRADE STATE BANK
143859,44254.0,44254000.0,NEBRASKA BANK
3636428,44207.0,44207000.0,"BLACK HILLS COMMUNITY BANK, NATIONAL ASSOCIATION"
454546,44190.0,44190000.0,"PEOPLES STATE BANK, THE"
504535,44176.0,44176000.0,"FIRST STATE BANK OF DEKALB COUNTY, INC."
206156,44172.0,44172000.0,SOUTHWEST CAPITAL BANK
761459,44068.0,44068000.0,PINE COUNTRY BANK
234506,44053.0,44053000.0,"NATIONAL BANK OF COXSACKIE, THE"
455459,44029.0,44029000.0,MAVERICK BANK
771878,43987.0,43987000.0,FIRST FEDERAL SAVINGS BANK
310754,43972.0,43972000.0,LUMINATE BANK
356239,43933.0,43933000.0,CITIZENS STATE BANK
900678,43930.0,43930000.0,"CARTHAGE SAVINGS AND LOAN, NATIONAL ASSOCIATION"
271529,43920.0,43920000.0,COUNTYBANK
329550,43820.0,43820000.0,INSOUTH BANK
101439,43701.0,43701000.0,"DURDEN BANKING COMPANY, INCORPORATED"
109659,43638.0,43638000.0,LOUISIANA NATIONAL BANK
3411773,43601.0,43601000.0,FIRST FARMBANK
102342,43577.0,43577000.0,RACCOON VALLEY BANK
479370,43558.0,43558000.0,HIGH COUNTRY BANK
877752,43489.0,43489000.0,"CITIZENS NATIONAL BANK OF PARK RAPIDS, THE"
523161,43372.0,43372000.0,CITIZENS STATE BANK
830748,43365.0,43365000.0,GERMANTOWN TRUST & SAVINGS BANK
222754,43359.0,43359000.0,"FIRST WESTROADS BANK, INC."
867856,43238.0,43238000.0,CITIZENS STATE BANK
3629484,43234.0,43234000.0,BANKFLORIDA
2819242,43232.0,43232000.0,"MURRAY BANK, THE"
2002222,43128.0,43128000.0,CITIZENS COMMUNITY BANK
121914,43120.0,43120000.0,COMMUNITY STATE BANK OF ORBISONIA
715050,43089.0,43089000.0,STAR BANK
5620869,43081.0,43081000.0,GENESIS BANK
263243,43071.0,43071000.0,"FIRST KENTUCKY BANK, INC."
3720336,43052.0,43052000.0,GENUBANK
628552,43031.0,43031000.0,WINNSBORO STATE BANK & TRUST COMPANY
5760439,43020.0,43020000.0,TEXAS TRADITIONS BANK
752831,42931.0,42931000.0,BANK OF MADISON
3116519,42908.0,42908000.0,AMERICAN EAGLE BANK
2871099,42884.0,42884000.0,TRISTAR BANK
851239,42880.0,42880000.0,"POCA VALLEY BANK, INC., THE"
899642,42868.0,42868000.0,FIRST STATE BANK AND TRUST
142179,42855.0,42855000.0,STREATOR HOME SAVINGS BANK
2396604,42846.0,42846000.0,"BANK OF STAR VALLEY, THE"
610913,42744.0,42744000.0,"FIRST NATIONAL BANK OF GRAYSON, THE"
777870,42724.0,42724000.0,ALTOONA FIRST SAVINGS BANK
430344,42703.0,42703000.0,COMMUNITY BANK
963730,42688.0,42688000.0,UNION NATIONAL BANK
2938787,42602.0,42602000.0,GREENLEAF TRUST NATIONAL ASSOCIATION
880332,42598.0,42598000.0,PIKE NATIONAL BANK
1014376,42563.0,42563000.0,CITIZENS SAVINGS BANK
382658,42551.0,42551000.0,PUTNAM COUNTY STATE BANK
230423,42530.0,42530000.0,"FIRST CITIZENS NATIONAL BANK OF UPPER SANDUSKY, THE"
33147,42524.0,42524000.0,FARMERS BANK AND TRUST COMPANY
302553,42503.0,42503000.0,BANK OF THE PLAINS
192558,42479.0,42479000.0,FIRST BANK KANSAS
357777,42370.0,42370000.0,GREENVILLE SAVINGS BANK
3229875,42362.0,42362000.0,FIRST NATIONAL TRUST COMPANY
3531176,42351.0,42351000.0,SOUTHERN INDEPENDENT BANK
433943,42308.0,42308000.0,WASHINGTON STATE BANK
58757,42257.0,42257000.0,KENSINGTON BANK
857745,42239.0,42239000.0,LIBERTYVILLE SAVINGS BANK
841753,42226.0,42226000.0,CITY BANK & TRUST CO.
3070545,42225.0,42225000.0,"UNITED COMMUNITY BANK OF WEST KENTUCKY, INC."
425108,42202.0,42202000.0,RONDOUT SAVINGS BANK
2948423,42172.0,42172000.0,"BANK OF CLOVIS, THE"
247551,42169.0,42169000.0,HIGH PLAINS BANK
968249,42152.0,42152000.0,PEOPLES BANK
2769570,42118.0,42118000.0,PETIT JEAN STATE BANK
522669,42116.0,42116000.0,HOMEBANK TEXAS
183958,42100.0,42100000.0,FIRST NATIONAL BANK AND TRUST
678744,42044.0,42044000.0,CENTRAL STATE BANK
58225,41990.0,41990000.0,"FARMERS BANK AND SAVINGS COMPANY, THE"
966722,41959.0,41959000.0,KINGSTON NATIONAL BANK
961259,41956.0,41956000.0,"CITIZENS BANK, THE"
300933,41904.0,41904000.0,PLANTERS FIRST BANK
173306,41898.0,41898000.0,NATIONAL BANK OF MIDDLEBURY
773443,41886.0,41886000.0,"CLINTON NATIONAL BANK, THE"
191355,41880.0,41880000.0,FRONTIER BANK
975153,41840.0,41840000.0,UNICO BANK
2614344,41823.0,41823000.0,PEOPLES BANK OF EAST TENNESSEE
540056,41793.0,41793000.0,FIRSTBANK OF NEBRASKA
829050,41772.0,41772000.0,"BANK, NATIONAL ASSOCIATION, THE"
439132,41756.0,41756000.0,GLENNVILLE BANK
3027763,41734.0,41734000.0,CORNERSTONE BANK
3347603,41732.0,41732000.0,"ECLIPSE BANK, INC."
382443,41729.0,41729000.0,FARMERS TRUST AND SAVINGS BANK
3410141,41716.0,41716000.0,"BANK OF LEXINGTON, INC."
36933,41691.0,41691000.0,FIRST STATE BANK
5660146,41653.0,41653000.0,ENTREBANK
848248,41631.0,41631000.0,FIDELITY BANK
865142,41536.0,41536000.0,IOWA STATE BANK
2505424,41530.0,41530000.0,WOLF RIVER COMMUNITY BANK
3120646,41460.0,41460000.0,PATRIOT BANK
542153,41455.0,41455000.0,F&M BANK
3034257,41437.0,41437000.0,FIRST COMMUNITY BANK OF CENTRAL ALABAMA
521970,41433.0,41433000.0,BIG HORN FEDERAL SAVINGS BANK
244158,41419.0,41419000.0,WAYPOINT BANK
11640,41395.0,41395000.0,FIRST NATIONAL BANK OF CLARKSDALE
194936,41379.0,41379000.0,BANKSOUTH
617743,41295.0,41295000.0,FNB BANK
591209,41284.0,41284000.0,PISCATAQUA SAVINGS BANK
50461,41196.0,41196000.0,CALIFORNIA PACIFIC BANK
468673,41135.0,41135000.0,"HOME LOAN SAVINGS BANK, THE"
825847,41089.0,41089000.0,FARMERS TRUST & SAVINGS BANK
822275,41035.0,41035000.0,"WINTER HILL BANK, FSB"
229070,41022.0,41022000.0,FIRST FEDERAL SAVINGS AND LOAN ASSOCIATION OF SAN RAFAEL
31134,40982.0,40982000.0,"FIRST NATIONAL BANK OF WAYNESBORO, THE"
197759,40945.0,40945000.0,FIRST NATIONAL BANK MINNESOTA
289739,40854.0,40854000.0,GUARANTY BANK AND TRUST COMPANY
463605,40852.0,40852000.0,PEOPLES TRUST COMPANY OF ST. ALBANS
3786435,40785.0,40785000.0,INTRACOASTAL BANK
605656,40765.0,40765000.0,FIRST STATE BANK AND TRUST
296474,40750.0,40750000.0,"HOME SAVINGS AND LOAN COMPANY OF KENTON, OHIO, THE DBA HSLC"
742944,40707.0,40707000.0,FORTE BANK
3270046,40681.0,40681000.0,VISIONBANK
217059,40633.0,40633000.0,FIRST FARMERS & MERCHANTS BANK
410560,40616.0,40616000.0,FIRST STATE BANK
5193989,40584.0,40584000.0,INFINITY BANK
734248,40563.0,40563000.0,IOWA STATE BANK
718538,40557.0,40557000.0,"GRANT COUNTY BANK, THE"
300353,40529.0,40529000.0,"SHAMROCK BANK, NATIONAL ASSOCIATION"
815147,40496.0,40496000.0,HONOR BANK
481159,40494.0,40494000.0,VALLEY BANK OF COMMERCE
3470930,40493.0,40493000.0,FIRST PACIFIC BANK
736550,40492.0,40492000.0,"UNION STATE BANK OF EVEREST, THE"
932745,40475.0,40475000.0,FIRST COMMUNITY BANK
5574430,40465.0,40465000.0,"ROCKPOINTBANK, NATIONAL ASSOCIATION"
578741,40420.0,40420000.0,BLC COMMUNITY BANK
1459799,40368.0,40368000.0,FIRST PEOPLES BANK
738143,40333.0,40333000.0,PROSPECT BANK
168571,40312.0,40312000.0,ARMOR BANK
597546,40305.0,40305000.0,PREMIER COMMUNITY BANK
3347911,40290.0,40290000.0,AUSTIN CAPITAL BANK SSB
863607,40245.0,40245000.0,NATIONAL GRAND BANK OF MARBLEHEAD
653947,40205.0,40205000.0,HOME STATE BANK
382050,40080.0,40080000.0,CENTRAL SAVINGS BANK
2730431,40078.0,40078000.0,ENTERPRISE BANK
20633,40078.0,40078000.0,MCNB BANK AND TRUST CO.
207470,40074.0,40074000.0,FIRST FEDERAL BANK OF OHIO
677448,39989.0,39989000.0,FIRST STATE BANK
406666,39925.0,39925000.0,WEST TEXAS STATE BANK
5692473,39913.0,39913000.0,EVERMORE BANK
2997216,39902.0,39902000.0,COMMUNITY BANK OF SANTA MARIA
987231,39901.0,39901000.0,COMMUNITY STATE BANK
725077,39873.0,39873000.0,OSB COMMUNITY BANK
917050,39776.0,39776000.0,FIRST STATE BANK
356752,39748.0,39748000.0,CITIZENS STATE BANK
989730,39740.0,39740000.0,TOWER COMMUNITY BANK
796152,39733.0,39733000.0,FIRST STATE BANK
631178,39705.0,39705000.0,SECURITY FEDERAL SAVINGS BANK OF MCMINNVILLE
552059,39695.0,39695000.0,BANK OF THE FLINT HILLS
416656,39648.0,39648000.0,"WELCH STATE BANK OF WELCH, OKLA."
750127,39631.0,39631000.0,"PEOPLES BANK, THE"
110945,39603.0,39603000.0,UNITED SOUTHERN BANK
152253,39559.0,39559000.0,CASTLE ROCK BANK
869953,39555.0,39555000.0,ALAMOSA STATE BANK
1188987,39515.0,39515000.0,PEOPLES INDEPENDENT BANK
791942,39504.0,39504000.0,NEKOOSA PORT EDWARDS STATE BANK
1016174,39381.0,39381000.0,OZARKS FEDERAL SAVINGS AND LOAN ASSOCIATION
457752,39379.0,39379000.0,COULEE BANK
73554,39376.0,39376000.0,PATHWAY BANK
3296859,39351.0,39351000.0,ONE WORLD BANK
173641,39261.0,39261000.0,"FIRST NATIONAL BANK OF RUSSELL SPRINGS, THE"
124830,39224.0,39224000.0,BANK OF CAMILLA
32971,39198.0,39198000.0,SECURITY FEDERAL SAVINGS BANK
313223,39175.0,39175000.0,OSGOOD BANK
365745,39148.0,39148000.0,PINNACLE BANK
529275,39125.0,39125000.0,LINCOLN FEDERAL SAVINGS BANK OF NEBRASKA
25647,39048.0,39048000.0,FIRST SECURE BANK AND TRUST CO.
653778,39040.0,39040000.0,"HARRISON BUILDING AND LOAN ASSOCIATION, THE"
959443,38974.0,38974000.0,"CITIZENS DEPOSIT BANK OF ARLINGTON, INC."
3567269,38915.0,38915000.0,SELECT BANK
528102,38894.0,38894000.0,NORTH BROOKFIELD SAVINGS BANK
148171,38871.0,38871000.0,"GOLDEN BELT BANK, FSA"
5412457,38854.0,38854000.0,LEXICON BANK
944337,38821.0,38821000.0,CENTURY BANK & TRUST
534756,38807.0,38807000.0,SOONER STATE BANK
2607412,38791.0,38791000.0,SPRING VALLEY BANK
432058,38759.0,38759000.0,FREEDOM BANK
485456,38736.0,38736000.0,KAW VALLEY BANK
859655,38695.0,38695000.0,"BANKERS BANK, THE"
145554,38684.0,38684000.0,"FIRST NATIONAL BANK AND TRUST COMPANY OF BROKEN ARROW, THE"
3446225,38672.0,38672000.0,TABLE ROCK COMMUNITY BANK
427241,38668.0,38668000.0,"FRIENDSHIP STATE BANK, THE"
275255,38660.0,38660000.0,BANNER CAPITAL BANK
325141,38589.0,38589000.0,FARMERS BANK
623874,38547.0,38547000.0,FIRST FEDERAL SAVINGS AND LOAN ASSOCIATION OF NEWARK
827458,38517.0,38517000.0,DAKOTA WESTERN BANK
712956,38509.0,38509000.0,FIRST NEW MEXICO BANK
2907019,38462.0,38462000.0,COMMUNITY FIRST NATIONAL BANK
920975,38414.0,38414000.0,FIRST SENTINEL BANK
860147,38395.0,38395000.0,FIRST NATIONAL BANK OF PANA
609010,38365.0,38365000.0,FIRST NATIONAL BANK OF ELMER
867070,38327.0,38327000.0,"STERLING FEDERAL BANK, FEDERAL SAVINGS BANK"
170275,38263.0,38263000.0,VOLUNTEER FEDERAL SAVINGS BANK
3489071,38257.0,38257000.0,LEWIS & CLARK BANK
964157,38228.0,38228000.0,VALUEBANK TEXAS
274829,38184.0,38184000.0,TRUPOINT BANK
566243,38184.0,38184000.0,GLENWOOD STATE BANK
901358,38167.0,38167000.0,"HERITAGE BANK, NATIONAL ASSOCIATION"
755458,38157.0,38157000.0,FORESIGHT BANK
537551,38110.0,38110000.0,LITTLE HORN STATE BANK
114149,38107.0,38107000.0,PARTNERS BANK
860334,38097.0,38097000.0,BANK OF ZACHARY
388744,38092.0,38092000.0,ALDEN STATE BANK
2871558,38070.0,38070000.0,AMERICAN COMMUNITY BANK
144856,38062.0,38062000.0,FIRST STATE BANK AND TRUST
686459,38048.0,38048000.0,EXCHANGE BANK OF MISSOURI
41629,38037.0,38037000.0,PIONEER BANK
253646,38020.0,38020000.0,NSB BANK
17110,37962.0,37962000.0,"HAVERFORD TRUST COMPANY, THE"
410917,37949.0,37949000.0,"CITIZENS NATIONAL BANK OF SOMERSET, THE"
568939,37947.0,37947000.0,FNB PICAYUNE BANK
922924,37898.0,37898000.0,BANK OF YORK
3322468,37864.0,37864000.0,VERUS BANK OF COMMERCE
660271,37813.0,37813000.0,"FIRST ROBINSON SAVINGS BANK, NATIONAL ASSOCIATION"
221775,37754.0,37754000.0,"INTERAMERICAN BANK, A FEDERAL SAVINGS BANK"
320070,37713.0,37713000.0,VALLEY CENTRAL BANK
130345,37684.0,37684000.0,COMMUNITY STATE BANK
465243,37664.0,37664000.0,"GARRETT STATE BANK, THE"
457060,37651.0,37651000.0,SPRING HILL STATE BANK
953843,37649.0,37649000.0,PONY EXPRESS BANK
1009756,37628.0,37628000.0,GUARANTY STATE BANK AND TRUST COMPANY
780955,37628.0,37628000.0,WAUMANDEE STATE BANK
849357,37598.0,37598000.0,"FIRST NATIONAL BANK OF HUGHES SPRINGS, THE"
519360,37572.0,37572000.0,MISSION NATIONAL BANK
1010015,37556.0,37556000.0,"CITIZENS BANK COMPANY, THE"
5751,37555.0,37555000.0,KCB BANK
364430,37512.0,37512000.0,BANK OF ST. FRANCISVILLE
3310287,37496.0,37496000.0,"BESSEMER TRUST COMPANY OF DELAWARE, NATIONAL ASSOCIATION"
2122997,37466.0,37466000.0,CREDIT FIRST NATIONAL ASSOCIATION
88352,37460.0,37460000.0,FIRST STATE BANK OF BEDIAS
175056,37452.0,37452000.0,BANK OF WESTERN OKLAHOMA
266851,37409.0,37409000.0,FARMERS AND MERCHANTS BANK OF ST. CLAIR
597452,37350.0,37350000.0,AMERICAN BANK
188720,37317.0,37317000.0,"FARMERS BANK OF APPOMATTOX, THE"
667029,37295.0,37295000.0,"UNION BANK, INC."
969255,37291.0,37291000.0,GUARANTY BANK & TRUST COMPANY OF DELHI
2759629,37284.0,37284000.0,"FIRST NATIONAL BANK OF HEREFORD, THE"
565143,37278.0,37278000.0,FIRST STATE BANK
449430,37268.0,37268000.0,22ND STATE BANKING COMPANY
837149,37205.0,37205000.0,"FIRST COMMUNITY BANK OF THE HEARTLAND, INC."
896155,37187.0,37187000.0,SHELL LAKE STATE BANK
566056,37185.0,37185000.0,SECURITY BANK
87476,37163.0,37163000.0,"WILMINGTON SAVINGS BANK, THE"
424240,37159.0,37159000.0,CITIZENS FIRST NATIONAL BANK
717670,37145.0,37145000.0,ARLO BANK
207452,37122.0,37122000.0,GRANT COUNTY BANK
80374,37046.0,37046000.0,FIRST FEDERAL SAVINGS AND LOAN ASSOCIATION OF DELTA
456054,37014.0,37014000.0,MINDEN EXCHANGE BANK & TRUST COMPANY
2732565,36999.0,36999000.0,PEOPLES SAVINGS BANK
469737,36905.0,36905000.0,"COMMERCIAL BANK, THE"
225559,36889.0,36889000.0,BANK OF BARTLETT
398837,36842.0,36842000.0,COPIAH BANK
2807173,36832.0,36832000.0,CURRENCY BANK
530655,36776.0,36776000.0,"PEOPLES BANK, THE"
254504,36774.0,36774000.0,CATTARAUGUS COUNTY BANK
79042,36766.0,36766000.0,WEST POINT BANK
2939391,36746.0,36746000.0,PEOPLES BANK
855264,36742.0,36742000.0,FIRST NATIONAL BANK IN PORT LAVACA
230610,36720.0,36720000.0,"HOCKING VALLEY BANK, THE"
175609,36683.0,36683000.0,BANK OF MILLBROOK
935559,36683.0,36683000.0,SOUTHERN HERITAGE BANK
631150,36646.0,36646000.0,FIRST-LOCKHART NATIONAL BANK
484776,36562.0,36562000.0,"VIKING BANK, NATIONAL ASSOCIATION"
864846,36560.0,36560000.0,BANK OF 1889
34555,36545.0,36545000.0,MA BANK
519146,36499.0,36499000.0,FIRST STATE BANK OF DEQUEEN
864378,36446.0,36446000.0,CITIZENS FEDERAL SAVINGS BANK
596978,36428.0,36428000.0,MARATHON BANK
285348,36425.0,36425000.0,FIRST SECURE STATE BANK
327556,36321.0,36321000.0,ANCHOR D BANK
5906497,36305.0,36305000.0,BANKMIAMI
556011,36271.0,36271000.0,SUSQUEHANNA COMMUNITY BANK
955959,36264.0,36264000.0,SECURITY STATE BANK
1218446,36255.0,36255000.0,BANKERS' BANK OF KANSAS
237954,36241.0,36241000.0,"IDABEL NATIONAL BANK, THE"
825548,36204.0,36204000.0,COMMUNITY STATE BANK OF MISSOURI
376947,36202.0,36202000.0,CITIZENS' BANK OF CHARLESTON
3561771,36169.0,36169000.0,GLOBAL BANK
3125557,36159.0,36159000.0,OREGON COAST BANK
3390627,36144.0,36144000.0,SIGNATURE BANK OF GEORGIA
22543,36120.0,36120000.0,STATE SAVINGS BANK
5879201,36115.0,36115000.0,INTEGRITY BANK SSB
906410,36110.0,36110000.0,"TURBOTVILLE NATIONAL BANK, THE"
588348,36080.0,36080000.0,SAVINGS BANK
760331,36052.0,36052000.0,BRANNEN BANK
2913702,36007.0,36007000.0,BANK OF FRANKLIN COUNTY
990642,35941.0,35941000.0,"FIRST NATIONAL BANK OF ALLENDALE, THE"
211338,35927.0,35927000.0,COFFEE COUNTY BANK
245351,35890.0,35890000.0,FRAZER BANK
176325,35821.0,35821000.0,FARMERS & MERCHANTS BANK
1015270,35811.0,35811000.0,HOME BANK SB
579636,35791.0,35791000.0,MERCHANTS AND PLANTERS BANK
621441,35747.0,35747000.0,BUENA VISTA NATIONAL BANK
98717,35683.0,35683000.0,"EASTBANK, NATIONAL ASSOCIATION"
5401273,35657.0,35657000.0,TANDEM BANK
517441,35581.0,35581000.0,"BANK OF BRODHEAD, THE"
937339,35523.0,35523000.0,STATE BANK OF GRAYMONT
858854,35514.0,35514000.0,"CITIZENS STATE BANK, THE"
645540,35493.0,35493000.0,EARLHAM SAVINGS BANK
514936,35488.0,35488000.0,RABUN COUNTY BANK
61832,35485.0,35485000.0,"FIRST NATIONAL BANK OF MOUNT DORA, THE"
3160978,35481.0,35481000.0,INTEGRITY BANK & TRUST
945026,35412.0,35412000.0,COMMERCIAL BANK & TRUST OF PA
733661,35383.0,35383000.0,HATCH BANK
147679,35382.0,35382000.0,ASCENDIA BANK
336361,35372.0,35372000.0,SANGER BANK
4165907,35361.0,35361000.0,LAKESIDE BANK
2861317,35352.0,35352000.0,BRANSON BANK
940731,35322.0,35322000.0,"HAVANA NATIONAL BANK, THE"
2684552,35281.0,35281000.0,AMERICAN BANK OF OKLAHOMA
930853,35267.0,35267000.0,CLB THE COMMUNITY BANK
3303944,35254.0,35254000.0,PACIFIC WEST BANK
957757,35246.0,35246000.0,COMMUNITY BANK AND TRUST
285151,35133.0,35133000.0,"COLORADO BANK AND TRUST COMPANY OF LA JUNTA, THE"
3374403,35122.0,35122000.0,BANK OF BELLEVILLE
398248,35096.0,35096000.0,CAMPBELL & FETTER BANK
190563,35096.0,35096000.0,FIRST STATE BANK OF TEXAS
173557,35091.0,35091000.0,ST. JOHNS BANK & TRUST COMPANY
572655,35023.0,35023000.0,COMMUNITY BANK
90177,34996.0,34996000.0,FIRST FEDERAL SAVINGS & LOAN ASSOCIATION OF PASCAGOULA-MOSS POINT
455150,34994.0,34994000.0,"PAYNE COUNTY BANK, THE"
381932,34962.0,34962000.0,COMMERCIAL BANKING COMPANY
860352,34960.0,34960000.0,DAKOTA HERITAGE BANK
2733263,34913.0,34913000.0,"AMERICAN BANK AND TRUST COMPANY, NATIONAL ASSOCIATION"
2594419,34913.0,34913000.0,EDISON NATIONAL BANK
476472,34905.0,34905000.0,COMMUNITY SAVINGS
225157,34899.0,34899000.0,ULTIMA BANK MINNESOTA
3134698,34853.0,34853000.0,BANK OF COMMERCE
452739,34798.0,34798000.0,"CLAXTON BANK, THE"
665146,34789.0,34789000.0,KERNDT BROTHERS SAVINGS BANK
646444,34770.0,34770000.0,FIRST BANK AND TRUST COMPANY OF ILLINOIS
723653,34640.0,34640000.0,WESTERN BANK
3445901,34591.0,34591000.0,RIVER CITY BANK
3199811,34588.0,34588000.0,HERITAGE BANK OF THE OZARKS
480433,34581.0,34581000.0,FIRST NATIONAL BANK IN DERIDDER
1010574,34570.0,34570000.0,AMERICAN COMMUNITY BANK OF INDIANA
746157,34504.0,34504000.0,SENTRY BANK
977616,34414.0,34414000.0,"NATIONAL BANK OF MALVERN, THE"
658474,34401.0,34401000.0,COLLINSVILLE BUILDING AND LOAN ASSOCIATION
656658,34332.0,34332000.0,TEXAS FINANCIAL BANK DBA THE EDEN STATE BANK
356659,34328.0,34328000.0,SOLOMON STATE BANK
786733,34269.0,34269000.0,JEFFERSON SECURITY BANK
693952,34228.0,34228000.0,SECURITY FIRST BANK OF NORTH DAKOTA
5472880,34209.0,34209000.0,CRAFT BANK
27614,34207.0,34207000.0,"ANDOVER BANK, THE"
370721,34178.0,34178000.0,"FARMERS STATE BANK, THE"
428462,34172.0,34172000.0,IRELAND BANK
126012,34150.0,34150000.0,CHAMPLAIN NATIONAL BANK
1006513,34120.0,34120000.0,BANK OF THE BLUEGRASS AND TRUST CO.
746755,34094.0,34094000.0,BANK OF HAYS
222156,34056.0,34056000.0,FIRST STATE BANK OF WYOMING
371223,34044.0,34044000.0,RIVERHILLS BANK
553038,34040.0,34040000.0,COMMUNITY BANKING COMPANY
924937,33989.0,33989000.0,ALLIANCE COMMUNITY BANK
842376,33980.0,33980000.0,WEST VIEW SAVINGS BANK
251558,33904.0,33904000.0,FIRST NATIONAL BANK & TRUST
2643595,33902.0,33902000.0,PACIFIC CREST BANK
79855,33897.0,33897000.0,CITY BANK & TRUST CO.
872579,33890.0,33890000.0,HIBERNIA BANK
646145,33887.0,33887000.0,"CASEY COUNTY BANK, INC., THE"
710859,33872.0,33872000.0,"CITIZENS BANK OF CLOVIS, THE"
644646,33868.0,33868000.0,LIBERTY TRUST & SAVINGS BANK
528241,33865.0,33865000.0,HOUGHTON STATE BANK
3594087,33820.0,33820000.0,HOMETOWN BANK OF PENNSYLVANIA
750051,33743.0,33743000.0,NORTH STAR BANK
456755,33737.0,33737000.0,EXCHANGE BANK AND TRUST COMPANY
703039,33728.0,33728000.0,"JEFFERSON BANK, THE"
42354,33724.0,33724000.0,"COMMERCIAL NATIONAL BANK OF BRADY, THE"
2889227,33718.0,33718000.0,ALPINE CAPITAL BANK
3120897,33704.0,33704000.0,HERITAGE BANK
350750,33701.0,33701000.0,NORTH VALLEY BANK
303653,33695.0,33695000.0,FIRST STATE BANK OF BURNET
137559,33654.0,33654000.0,FARMERS NATIONAL BANK
118736,33618.0,33618000.0,BANK OF YAZOO CITY
119153,33571.0,33571000.0,"SECURITY NATIONAL BANK OF ENID, THE"
776547,33565.0,33565000.0,"MEADE COUNTY BANK, INC."
311265,33545.0,33545000.0,"YOAKUM NATIONAL BANK, THE"
138051,33537.0,33537000.0,"FARMERS STATE BANK OF ALICEVILLE, KANSAS, THE"
364131,33514.0,33514000.0,GREAT OAKS BANK
2718596,33507.0,33507000.0,FIRST TRUST BANK OF ILLINOIS
661474,33477.0,33477000.0,WOODRUFF FEDERAL SAVINGS AND LOAN ASSOCIATION
280138,33467.0,33467000.0,WEST CENTRAL GEORGIA BANK
2529176,33466.0,33466000.0,SECURITY NATIONAL BANK OF SOUTH DAKOTA
875048,33435.0,33435000.0,COMMUNITY STATE BANK OF ROCK FALLS
567240,33349.0,33349000.0,BANK OF JAMESTOWN
851631,33336.0,33336000.0,BETTER BANKS
572459,33314.0,33314000.0,"CITIZENS STATE BANK, THE"
576354,33276.0,33276000.0,GREAT NORTH BANK
442011,33155.0,33155000.0,GENERATIONS BANK
276645,33137.0,33137000.0,AMERICAN STATE BANK
576952,33135.0,33135000.0,FIRST NEBRASKA BANK
139133,33052.0,33052000.0,AMERIFIRST BANK
380878,33045.0,33045000.0,GREENWAY BANK
828174,33037.0,33037000.0,FIRST FEDERAL SAVINGS & LOAN ASSOCIATION OF VALDOSTA
987259,33024.0,33024000.0,SANDHILLS STATE BANK
625757,32999.0,32999000.0,NORTHERN STATE BANK
458142,32973.0,32973000.0,HORATIO STATE BANK
402846,32933.0,32933000.0,POCAHONTAS STATE BANK
3385744,32850.0,32850000.0,NOBLEBANK & TRUST
1351,32830.0,32830000.0,BANK OF GRANDIN
3446784,32825.0,32825000.0,COMMUNITY BANK DELAWARE
822051,32806.0,32806000.0,CITIZENS STATE BANK OF ROSEAU
966731,32774.0,32774000.0,FIRST NATIONAL BANK
412667,32771.0,32771000.0,SUNDOWN STATE BANK
488653,32736.0,32736000.0,"NATIONAL BANK OF ANDREWS, THE"
716954,32699.0,32699000.0,CITIZENS FIRST BANK
718275,32691.0,32691000.0,BANK OF THE FEDERATED STATES OF MICRONESIA
347022,32578.0,32578000.0,FIRST NATIONAL BANK OF SOUTH CAROLINA
469559,32577.0,32577000.0,JONES BANK
666974,32545.0,32545000.0,FAIRFIELD FEDERAL SAVINGS AND LOAN ASSOCIATION OF LANCASTER
814551,32521.0,32521000.0,KEARNEY TRUST COMPANY
739832,32452.0,32452000.0,"FISHER NATIONAL BANK, THE"
3591004,32442.0,32442000.0,REDSTONE BANK
807656,32426.0,32426000.0,CITIZENS BANK OF ADA
10849,32426.0,32426000.0,FIRST STATE BANK
2562137,32425.0,32425000.0,NORTHSTAR BANK
555256,32370.0,32370000.0,FARMERS AND MERCHANTS BANK
530851,32322.0,32322000.0,PEOPLES STATE BANK OF HALLETTSVILLE
158376,32280.0,32280000.0,FIRST FEDERAL SAVINGS BANK OF ANGOLA
412153,32264.0,32264000.0,NEBRASKA STATE BANK AND TRUST COMPANY
2356091,32251.0,32251000.0,"FIRST UNITED BANK AND TRUST COMPANY, INC."
830113,32199.0,32199000.0,"FORT JENNINGS STATE BANK, THE"
501767,32198.0,32198000.0,"FIRST NATIONAL BANK OF WINNSBORO, THE"
289757,32145.0,32145000.0,MERCHANTS STATE BANK
2860271,32105.0,32105000.0,CROWN BANK
748254,32064.0,32064000.0,BANKCHEROKEE
570558,32052.0,32052000.0,ARROWHEAD BANK
323651,32047.0,32047000.0,GILMER NATIONAL BANK
179148,32044.0,32044000.0,SUCCESS BANK
661223,31970.0,31970000.0,LEE BANK & TRUST COMPANY
257756,31963.0,31963000.0,FMS BANK
102874,31954.0,31954000.0,"PAPER CITY SAVINGS BANK, S.A."
449935,31929.0,31929000.0,COUNTRY TRUST BANK
936640,31903.0,31903000.0,LEIGHTON STATE BANK
311939,31895.0,31895000.0,WASHINGTON STATE BANK
3368635,31883.0,31883000.0,PARADISE BANK
99143,31880.0,31880000.0,MERCHANTS & PLANTERS BANK
609467,31848.0,31848000.0,UNITED PACIFIC BANK
240954,31810.0,31810000.0,FIRST NATIONAL BANK OF BURLESON
535940,31765.0,31765000.0,STATE BANK OF TOULON
271275,31719.0,31719000.0,DEAN CO-OPERATIVE BANK
714839,31705.0,31705000.0,FIRST NATIONAL BANK USA
3134399,31696.0,31696000.0,PRIMEBANK OF TEXAS
610557,31693.0,31693000.0,THREE RIVERS BANK OF MONTANA
787842,31672.0,31672000.0,FIRST IOWA STATE BANK
109453,31667.0,31667000.0,BANKSTAR FINANCIAL
304762,31644.0,31644000.0,VICTORY BANK
522753,31642.0,31642000.0,MCBANK
204237,31625.0,31625000.0,MAGNOLIA STATE BANK
908450,31625.0,31625000.0,KIRKWOOD BANK AND TRUST COMPANY
563233,31606.0,31606000.0,FIRST NATIONAL BANK OF GRIFFIN
3067929,31598.0,31598000.0,TOWN & COUNTRY BANK
628356,31592.0,31592000.0,STERLING BANK
770639,31508.0,31508000.0,HOMETOWN NATIONAL BANK
9955,31496.0,31496000.0,FUSION BANK
795548,31490.0,31490000.0,CITIZENS STATE BANK
324153,31483.0,31483000.0,FIRST NATIONAL BANK OF GIDDINGS
236603,31480.0,31480000.0,"DELAWARE NATIONAL BANK OF DELHI, THE"
808653,31469.0,31469000.0,TRUCOMMUNITY BANK
604547,31450.0,31450000.0,HEARTLAND BANK
709554,31389.0,31389000.0,"WESTERN BANK, ARTESIA, NEW MEXICO"
330949,31329.0,31329000.0,"MORGANTOWN BANK & TRUST COMPANY, INCORPORATED"
305077,31308.0,31308000.0,PERU FEDERAL SAVINGS BANK
502559,31301.0,31301000.0,"GUNNISON BANK AND TRUST COMPANY, THE"
406974,31270.0,31270000.0,BRIGHTON BANK
785857,31239.0,31239000.0,JAMES POLK STONE COMMUNITY BANK
297761,31212.0,31212000.0,MONTEREY COUNTY BANK
3468450,31201.0,31201000.0,CENTRAL BANK
592550,31176.0,31176000.0,QUOIN FINANCIAL BANK
285544,31129.0,31129000.0,CAPITOL NATIONAL BANK
732253,31126.0,31126000.0,CITIZENS PROGRESSIVE BANK
158741,31123.0,31123000.0,CROSSROADS BANK
331375,31121.0,31121000.0,BANKGLOUCESTER
118660,31081.0,31081000.0,HOME BANK OF CALIFORNIA
390840,31067.0,31067000.0,UNION BANK
434539,31055.0,31055000.0,FARMERS & MERCHANTS BANK
3306598,30969.0,30969000.0,"UNITED CITIZENS BANK OF SOUTHERN KENTUCKY, INC."
830645,30925.0,30925000.0,LONGVIEW COMMUNITY BANK
2161,30913.0,30913000.0,LAMAR NATIONAL BANK
2747466,30905.0,30905000.0,EXCHANGE BANK OF NORTHEAST MISSOURI
23456,30887.0,30887000.0,"FIRST NATIONAL BANK OF HENNING, THE"
172457,30880.0,30880000.0,"CITIZENS BANK OF EDMOND, THE"
740249,30862.0,30862000.0,FIRST WHITNEY BANK AND TRUST
905673,30860.0,30860000.0,GOUVERNEUR SAVINGS AND LOAN ASSOCIATION
129349,30859.0,30859000.0,FIRST NATIONAL BANK OF STEELEVILLE
800853,30854.0,30854000.0,CENTINEL BANK OF TAOS
918954,30832.0,30832000.0,ESB FINANCIAL
942539,30808.0,30808000.0,PEOPLE'S BANK AND TRUST COMPANY OF PICKETT COUNTY
746979,30804.0,30804000.0,SPRATT SAVINGS BANK
931047,30757.0,30757000.0,BANK OF SALEM
2597223,30748.0,30748000.0,"LEGACY TRUST COMPANY, NATIONAL ASSOCIATION"
476539,30736.0,30736000.0,BANK OF COMMERCE & TRUST COMPANY
3223417,30713.0,30713000.0,GATEWAY BANK
435059,30710.0,30710000.0,ENNIS STATE BANK
837046,30710.0,30710000.0,CORYDON STATE BANK
539377,30706.0,30706000.0,UNITED BANK
60648,30690.0,30690000.0,FIRST NATIONAL BANK
2775151,30664.0,30664000.0,AB&T
349343,30653.0,30653000.0,TOWN AND COUNTRY BANK MIDWEST
641579,30615.0,30615000.0,CLACKAMAS COUNTY BANK
2328285,30565.0,30565000.0,"PRIVATE TRUST COMPANY, NATIONAL ASSOCIATION, THE"
307334,30565.0,30565000.0,SOUTHERN BANK
3548763,30538.0,30538000.0,PEOPLEFIRST BANK
68831,30525.0,30525000.0,BANK OF FRANKLIN
639633,30489.0,30489000.0,"CITIZENS BANK OF WESTON, INC., THE"
901134,30451.0,30451000.0,COMMUNITY BANK OF PARKERSBURG
3429219,30442.0,30442000.0,HERITAGE BANK & TRUST
94755,30436.0,30436000.0,SUNDANCE STATE BANK
989141,30411.0,30411000.0,IOWA FALLS STATE BANK
1014853,30410.0,30410000.0,CITIZENS BANK OF KANSAS
757452,30407.0,30407000.0,FARMERS STATE BANK
3049635,30372.0,30372000.0,DOUGLAS NATIONAL BANK
49858,30319.0,30319000.0,BANK OF SOUTH TEXAS
3010363,30303.0,30303000.0,BANKCDA
825753,30297.0,30297000.0,CITIZENS INDEPENDENT BANK
3341393,30278.0,30278000.0,FLINT COMMUNITY BANK
961343,30254.0,30254000.0,"SHELBY STATE BANK, THE"
1160509,30243.0,30243000.0,PREMIER BANK OF THE SOUTH
640442,30231.0,30231000.0,FIRST TRUST AND SAVINGS BANK
631039,30230.0,30230000.0,FIRST SOUTHERN BANK
605571,30205.0,30205000.0,"PEOPLES SAVINGS AND LOAN COMPANY, THE"
293651,30173.0,30173000.0,CAMPBELL COUNTY BANK
352745,30125.0,30125000.0,STATE STREET BANK AND TRUST COMPANY
5882500,30109.0,30109000.0,FIVE RIVERS BANK
5303724,30108.0,30108000.0,GULFSIDE BANK
3377235,30104.0,30104000.0,"SMARTBIZ BANK, N.A."
856346,30092.0,30092000.0,"FARMERS STATE BANK OF ALTO PASS, ILL."
368951,30056.0,30056000.0,"KAW VALLEY STATE BANK AND TRUST COMPANY, OF WAMEGO, KANSAS, THE"
1000959,30045.0,30045000.0,EAGLE BANK
479446,30037.0,30037000.0,CITIZENS STATE BANK OF LOYAL
144155,30007.0,30007000.0,STERLING STATE BANK
28675,29977.0,29977000.0,"CUMBERLAND FEDERAL BANK, FSB"
645577,29973.0,29973000.0,"GREENEVILLE FEDERAL BANK, F.S.B."
564463,29954.0,29954000.0,CROSSROADS BANK
2963864,29939.0,29939000.0,TRADITIONS FIRST BANK
170332,29938.0,29938000.0,FIRST EXCHANGE BANK
780263,29932.0,29932000.0,OZONA BANK
615851,29920.0,29920000.0,"FARMERS STATE BANK, THE"
480853,29874.0,29874000.0,FOUNDATION BANK
794345,29869.0,29869000.0,BLUE GRASS SAVINGS BANK
5538937,29841.0,29841000.0,CLASSIC CITY BANK
634955,29829.0,29829000.0,"PATRONS BANK, NATIONAL ASSOCIATION"
406022,29816.0,29816000.0,WOODSBORO BANK
954671,29795.0,29795000.0,FIRST SOUTHERN BANK
95051,29794.0,29794000.0,ONE AMERICAN BANK
815053,29735.0,29735000.0,GOPPERT FINANCIAL BANK
731050,29702.0,29702000.0,YORK STATE BANK
474450,29698.0,29698000.0,RIVERS EDGE BANK
615879,29694.0,29694000.0,"CENTRAL SAVINGS, F.S.B."
741974,29687.0,29687000.0,FIRST FEDERAL SAVINGS BANK OF KENTUCKY
311256,29671.0,29671000.0,GRANITE BANK
3816154,29639.0,29639000.0,"NEW HORIZON BANK, NATIONAL ASSOCIATION"
879747,29637.0,29637000.0,"FARMERS STATE BANK OF WAUPACA, THE"
479071,29630.0,29630000.0,STATE BANK NORTHWEST
6009630,29623.0,29623000.0,"FUNDBANK, NATIONAL ASSOCIATION"
666844,29594.0,29594000.0,VERMILION VALLEY BANK
3262788,29589.0,29589000.0,CEDARSTONE BANK
68671,29586.0,29586000.0,"GRAND BANK FOR SAVINGS, F.S.B."
2774707,29562.0,29562000.0,ITS BANK
849076,29536.0,29536000.0,HENDERSON FEDERAL SAVINGS BANK
534466,29532.0,29532000.0,METROPOLITAN BANK
805876,29528.0,29528000.0,PENNCREST BANK
3316739,29427.0,29427000.0,SOUTHERNTRUST BANK
3219269,29414.0,29414000.0,MEMBERS TRUST COMPANY
980951,29406.0,29406000.0,WOODLANDS NATIONAL BANK
813572,29398.0,29398000.0,CECIL BANK
148470,29385.0,29385000.0,1ST BANK OF SEA ISLE CITY
385547,29321.0,29321000.0,"CITIZENS-FARMERS BANK OF COLE CAMP, THE"
644842,29308.0,29308000.0,MERCHANTS AND FARMERS BANK
255556,29247.0,29247000.0,CITIZENS BANK & TRUST COMPANY OF ARDMORE
850456,29183.0,29183000.0,GOPPERT STATE SERVICE BANK
2329200,29179.0,29179000.0,BAY BANK
979151,29144.0,29144000.0,AUBURN STATE BANK
152440,29140.0,29140000.0,CENTRAL STATE BANK
2836306,29126.0,29126000.0,BUCKEYE COMMUNITY BANK
692450,29103.0,29103000.0,ST. CLAIR COUNTY STATE BANK
851172,29096.0,29096000.0,CBL STATE SAVINGS BANK
8462,29062.0,29062000.0,"PERRYTON NATIONAL BANK, THE"
541754,29044.0,29044000.0,WRAY STATE BANK
493152,29038.0,29038000.0,FLATWATER BANK
5448915,29034.0,29034000.0,"MILLYARD BANK, THE"
244037,29028.0,29028000.0,FRIEND BANK
988144,29018.0,29018000.0,"CLARE BANK, NATIONAL ASSOCIATION"
325534,29011.0,29011000.0,BYRON BANK
361279,28979.0,28979000.0,"COMMUNITY BANK, LEXINGTON, TENNESSEE"
181963,28969.0,28969000.0,"CITY NATIONAL BANK OF TAYLOR, THE"
799751,28960.0,28960000.0,MINNESOTA NATIONAL BANK
481944,28936.0,28936000.0,"FARMERS STATE BANK AND TRUST COMPANY, THE"
5728916,28919.0,28919000.0,"AGILITY BANK, N.A."
554343,28915.0,28915000.0,FOWLER STATE BANK
454975,28904.0,28904000.0,MASSENA SAVINGS AND LOAN
3470097,28875.0,28875000.0,BANK OF MONTANA
946555,28808.0,28808000.0,LLANO NATIONAL BANK
574079,28804.0,28804000.0,FRANKLIN BANK
296559,28791.0,28791000.0,COMMERCIAL BANK
233358,28764.0,28764000.0,CITIZENS NATIONAL BANK AT BROWNWOOD
2687133,28757.0,28757000.0,PREMIER BANK
269058,28756.0,28756000.0,LAKE CENTRAL BANK
441078,28754.0,28754000.0,COMMUNITY PARTNERS SAVINGS BANK
580874,28722.0,28722000.0,BRATTLEBORO SAVINGS & LOAN ASSOCIATION
885252,28671.0,28671000.0,CITIZENS BANK
324854,28658.0,28658000.0,BANK OF CROCKETT
648251,28645.0,28645000.0,MCCLAIN BANK
1404883,28644.0,28644000.0,BURLING BANK
367178,28542.0,28542000.0,MIAMI SAVINGS BANK
22048,28539.0,28539000.0,UNION BANK & TRUST COMPANY
605610,28517.0,28517000.0,SAWYER SAVINGS BANK
611031,28510.0,28510000.0,"PEOPLES BANK, THE"
855844,28448.0,28448000.0,ANNA-JONESBORO NATIONAL BANK
715630,28425.0,28425000.0,CITIZENS BANK AND TRUST COMPANY OF GRAINGER COUNTY
3309393,28412.0,28412000.0,"1ST TRUST BANK, INC."
533535,28412.0,28412000.0,FIRST BANK OF BOAZ
199137,28360.0,28360000.0,"WARRINGTON BANK, THE"
332671,28339.0,28339000.0,"MORGANTON SAVINGS BANK, S.S.B."
3487947,28333.0,28333000.0,UNIBANK
188449,28317.0,28317000.0,PCSB BANK
336576,28303.0,28303000.0,"EQUITABLE BANK, S.S.B., THE"
919344,28297.0,28297000.0,BANKOKOLONA
820842,28274.0,28274000.0,BLOOMSDALE BANK
2391588,28269.0,28269000.0,EAGLE ROCK BANK
357553,28262.0,28262000.0,FIRST PIONEER NATIONAL BANK
58551,28257.0,28257000.0,SECURITY STATE BANK
172859,28230.0,28230000.0,FIRST STATE BANK
164331,28221.0,28221000.0,LOGAN BANK & TRUST COMPANY
882952,28190.0,28190000.0,OZARK BANK
313009,28184.0,28184000.0,"UPSTATE NATIONAL BANK, THE"
2010722,28182.0,28182000.0,VILLAGE BANK
430054,28175.0,28175000.0,MAIN BANK
595337,28174.0,28174000.0,VALLEY STATE BANK
853251,28170.0,28170000.0,UNITY NATIONAL BANK OF HOUSTON
750846,28142.0,28142000.0,SECURITY STATE BANK
614948,28122.0,28122000.0,1NB BANK
31657,28101.0,28101000.0,"FIRST STATE BANK OF BEN WHEELER, TEXAS"
656032,28076.0,28076000.0,"FIRST NATIONAL BANK IN AMBOY, THE"
3358270,28072.0,28072000.0,HURON VALLEY STATE BANK
702359,28049.0,28049000.0,TEXAS HERITAGE BANK
243414,28042.0,28042000.0,"FIRST NATIONAL BANK OF BELLEVUE, THE"
185448,28036.0,28036000.0,SOLON STATE BANK
49054,28036.0,28036000.0,COMMERCE BANK
925354,28003.0,28003000.0,CALDWELL BANK & TRUST COMPANY
659556,27997.0,27997000.0,UNITED STATE BANK
265340,27960.0,27960000.0,"FARMERS BANK OF MILTON, THE"
980438,27941.0,27941000.0,FIRST STATE BANK OF FORREST
583071,27930.0,27930000.0,FIRST FEDERAL SAVINGS AND LOAN ASSOCIATION OF BATH
776369,27922.0,27922000.0,FIRST STATE BANK OF ODEM
3438958,27913.0,27913000.0,RIVERBANK
738255,27911.0,27911000.0,TOWN & COUNTRY BANK
74056,27861.0,27861000.0,SOUTH CENTRAL STATE BANK
436739,27820.0,27820000.0,"BANKCHAMPAIGN, NATIONAL ASSOCIATION"
424156,27818.0,27818000.0,STOCKGROWERS STATE BANK
849432,27789.0,27789000.0,"BANK OF MONROE, THE"
712648,27780.0,27780000.0,"PEOPLES BANK, THE"
924357,27777.0,27777000.0,"FIRST NATIONAL BANK OF MILACA, THE"
2877831,27774.0,27774000.0,BANK OF BROOKHAVEN
672573,27772.0,27772000.0,PROFILE BANK
609832,27709.0,27709000.0,TOMPKINS STATE BANK
352370,27688.0,27688000.0,SOUTHERN HILLS COMMUNITY BANK
273840,27686.0,27686000.0,COMMUNITY FIRST BANK OF THE HEARTLAND
654300,27667.0,27667000.0,WASHINGTON SAVINGS BANK
466044,27652.0,27652000.0,RELIANCE STATE BANK
275479,27629.0,27629000.0,COMMONWEALTH COOPERATIVE BANK
3220863,27616.0,27616000.0,CONTINENTAL BANK
283652,27594.0,27594000.0,"TRIAD BANK, NATIONAL ASSOCIATION"
942454,27574.0,27574000.0,"PEOPLES NATIONAL BANK OF CHECOTAH, THE"
774347,27550.0,27550000.0,FARMERS SAVINGS BANK
927134,27531.0,27531000.0,SOLUTIONS BANK
992851,27517.0,27517000.0,STOCK GROWERS BANK
638131,27508.0,27508000.0,BANK OF DICKSON
815772,27484.0,27484000.0,"CINCINNATUS SAVINGS AND LOAN COMPANY, THE"
213538,27469.0,27469000.0,BANK OF ABBEVILLE & TRUST COMPANY
277277,27469.0,27469000.0,SSB BANK
948531,27467.0,27467000.0,BANK OF NEWINGTON
4125778,27457.0,27457000.0,"STIFEL TRUST COMPANY DELAWARE, NATIONAL ASSOCIATION"
852254,27456.0,27456000.0,"UNION BANK, THE"
296755,27451.0,27451000.0,CITIZENS STATE BANK
485214,27448.0,27448000.0,FARMERS BANK
749943,27442.0,27442000.0,RARITAN STATE BANK
435255,27394.0,27394000.0,SECURITY BANK MIDWEST
782016,27370.0,27370000.0,BANK OF MAYSVILLE
970055,27351.0,27351000.0,FIRST BANK ELK RIVER
93244,27314.0,27314000.0,WOODFORD STATE BANK
2615220,27281.0,27281000.0,COMMUNITY FIRST BANKING COMPANY
235446,27245.0,27245000.0,SHELBY COUNTY STATE BANK
837158,27230.0,27230000.0,"FIRST NATIONAL BANK AND TRUST COMPANY OF MIAMI, THE"
551016,27230.0,27230000.0,FLEETWOOD BANK
198251,27168.0,27168000.0,SHERBURNE STATE BANK
67142,27165.0,27165000.0,PEOPLES TRUST AND SAVINGS BANK
955940,27144.0,27144000.0,O'BANNON BANKING COMPANY
917500,27118.0,27118000.0,"FIRST NATIONAL BANK OF GROTON, THE"
765662,27106.0,27106000.0,MUENSTER STATE BANK
1404481,27094.0,27094000.0,BANK OF THE LOWCOUNTRY
114457,27068.0,27068000.0,"FIRST NATIONAL BANK & TRUST, ELK CITY, OKLAHOMA"
43052,27062.0,27062000.0,SECURITY STATE BANK
956527,27057.0,27057000.0,INDEPENDENCE BANK
319047,27028.0,27028000.0,"RIDDELL NATIONAL BANK, THE"
1007752,27008.0,27008000.0,ARCADIAN BANK
278733,27008.0,27008000.0,"CITIZENS BANK OF COCHRAN, THE"
5760662,26989.0,26989000.0,"BUSINESS BANK, THE"
1387203,26984.0,26984000.0,LIBERTY BANK MINNESOTA
847157,26969.0,26969000.0,UNITED COMMUNITY BANK
616540,26967.0,26967000.0,SECURITY SAVINGS BANK
199436,26949.0,26949000.0,ALTAMAHA BANK AND TRUST COMPANY
678454,26948.0,26948000.0,MARION STATE BANK
828110,26941.0,26941000.0,"PENNSVILLE NATIONAL BANK, THE"
60545,26939.0,26939000.0,"HOME TRUST & SAVINGS BANK, THE"
455945,26935.0,26935000.0,BANK OF DELIGHT
2333140,26933.0,26933000.0,NEIGHBORHOOD NATIONAL BANK
849348,26909.0,26909000.0,COMMUNITY STATE BANK
809650,26844.0,26844000.0,"TEXANA BANK, NATIONAL ASSOCIATION"
3128923,26844.0,26844000.0,BANK OF LINCOLN COUNTY
160454,26820.0,26820000.0,"FIRST NATIONAL BANK OF BALLINGER, THE"
64730,26793.0,26793000.0,FARMERS & MERCHANTS BANK
638355,26766.0,26766000.0,"BANK OF DESOTO, NATIONAL ASSOCIATION"
3596250,26763.0,26763000.0,RELIANCE BANK
194440,26745.0,26745000.0,COMMERCIAL SAVINGS BANK
89957,26718.0,26718000.0,"CENDERA BANK, N.A."
300942,26680.0,26680000.0,PIONEER BANK
869346,26680.0,26680000.0,IOWA STATE SAVINGS BANK
5528880,26611.0,26611000.0,FIRST BANK OF CENTRAL OHIO
946274,26609.0,26609000.0,BEDFORD FEDERAL SAVINGS BANK
3387140,26608.0,26608000.0,UNITED REPUBLIC BANK
697147,26606.0,26606000.0,"HOMETOWN SAVINGS BANK, THE"
371232,26600.0,26600000.0,FIRST COMMUNITY BANK AND TRUST
477844,26582.0,26582000.0,COUNTY BANK
729842,26580.0,26580000.0,BANK OF WOLCOTT
396954,26576.0,26576000.0,"PECOS COUNTY STATE BANK, THE"
20053,26576.0,26576000.0,SECURITY BANK
936837,26535.0,26535000.0,GOODFIELD STATE BANK
2873598,26498.0,26498000.0,CYPRESS BANK & TRUST
412555,26492.0,26492000.0,SJN BANK OF KANSAS
686758,26433.0,26433000.0,"FIRST STATE BANK OF SHELBY, THE"
129853,26418.0,26418000.0,COMMERCIAL STATE BANK OF WAGNER
3374234,26399.0,26399000.0,RIVERLAND BANK
205542,26384.0,26384000.0,CHEROKEE STATE BANK
219044,26357.0,26357000.0,COLLINS STATE BANK
5316920,26351.0,26351000.0,NEW VALLEY BANK & TRUST
137643,26303.0,26303000.0,WEST IOWA BANK
589158,26295.0,26295000.0,GREAT PLAINS BANK
786555,26287.0,26287000.0,PEOPLES STATE BANK OF PLAINVIEW
362155,26281.0,26281000.0,"FIRST NATIONAL BANK OF ANDERSON, THE"
206473,26257.0,26257000.0,EQUITABLE SAVINGS AND LOAN ASSOCIATION
3022610,26219.0,26219000.0,FLATIRONS BANK
190956,26124.0,26124000.0,"WANDA STATE BANK, THE"
837448,26121.0,26121000.0,WARREN-BOYNTON STATE BANK
3286999,26106.0,26106000.0,BANK OF GRAND LAKE
954251,26082.0,26082000.0,CITIZENS BANK OF ELDON
126375,26077.0,26077000.0,VIDALIA FEDERAL SAVINGS BANK
826648,26073.0,26073000.0,MEDIAPOLIS SAVINGS BANK
786948,26068.0,26068000.0,FIRST BANK HAMPTON
742056,26066.0,26066000.0,CASTROVILLE STATE BANK
159953,26027.0,26027000.0,OKLAHOMA BANK AND TRUST COMPANY
241559,26012.0,26012000.0,COLUMBUS BANK AND TRUST COMPANY
346379,26003.0,26003000.0,FIRST FEDERAL COMMUNITY BANK OF BUCYRUS
79145,25997.0,25997000.0,FARMERS & MERCHANTS STATE BANK
452841,25997.0,25997000.0,SPRING VALLEY CITY BANK
706254,25985.0,25985000.0,"COMMUNITY STATE BANK, THE"
277736,25983.0,25983000.0,PEOPLES BANK OF THE SOUTH
116741,25981.0,25981000.0,UNITED BANK AND TRUST COMPANY
816304,25966.0,25966000.0,MARBLEHEAD BANK
3688548,25950.0,25950000.0,FIRST COLONY BANK OF FLORIDA
812614,25900.0,25900000.0,"COMMERCIAL BANK OF GRAYSON, THE"
293437,25892.0,25892000.0,"CITIZENS BANK OF WINFIELD, THE"
588245,25889.0,25889000.0,"BANK OF DEERFIELD, THE"
287342,25880.0,25880000.0,"READLYN SAVINGS BANK, THE"
857455,25868.0,25868000.0,TEJAS BANK
38740,25856.0,25856000.0,OWEN COUNTY STATE BANK
987651,25841.0,25841000.0,GARDEN PLAIN STATE BANK
926959,25824.0,25824000.0,BANK OF COUSHATTA
524766,25820.0,25820000.0,FIRST STATE BANK
193537,25818.0,25818000.0,BANK OF DAWSON
101738,25812.0,25812000.0,GREAT SOUTHERN BANK
904359,25811.0,25811000.0,CENTURY BANK OF THE OZARKS
366247,25810.0,25810000.0,TEMPLETON SAVINGS BANK
386432,25798.0,25798000.0,LIBERTY BANK
993250,25778.0,25778000.0,FIRST COMMUNITY BANK
823656,25777.0,25777000.0,FIRST STATE BANK SOUTHWEST
37949,25706.0,25706000.0,BANK OF RANTOUL
31835,25704.0,25704000.0,BANK OF ANGUILLA
1879016,25689.0,25689000.0,TODAY'S BANK
547251,25675.0,25675000.0,AMERICAN INTERSTATE BANK
599643,25673.0,25673000.0,ERGO BANK
861658,25671.0,25671000.0,FIRST SECURITY BANK - SLEEPY EYE
901974,25648.0,25648000.0,LYONS FEDERAL BANK
916857,25644.0,25644000.0,FIRSTOAK BANK
513546,25636.0,25636000.0,"FARMERS AND MERCHANTS NATIONAL BANK OF NASHVILLE, THE"
12647,25602.0,25602000.0,"PORTAGE COUNTY BANK, THE"
768458,25601.0,25601000.0,COMMUNITY 1ST BANK LAS VEGAS
83834,25594.0,25594000.0,AMERICAN BANK & TRUST COMPANY
363648,25591.0,25591000.0,SECURITY TRUST & SAVINGS BANK
145741,25568.0,25568000.0,FARMERS & MERCHANTS STATE BANK
651541,25556.0,25556000.0,IOWA STATE BANK AND TRUST COMPANY
465672,25554.0,25554000.0,CROSSBRIDGE COMMUNITY BANK
2305969,25551.0,25551000.0,TNBANK
729178,25447.0,25447000.0,"CYPRESS BANK, SSB"
969844,25423.0,25423000.0,GUTHRIE COUNTY STATE BANK
3617856,25399.0,25399000.0,COMMUNITY STATE BANK
761954,25356.0,25356000.0,COLEMAN COUNTY STATE BANK
646873,25311.0,25311000.0,NEW CARLISLE FEDERAL SAVINGS BANK
989534,25303.0,25303000.0,WHEELER COUNTY STATE BANK
260831,25300.0,25300000.0,GEORGIA FIRST BANK
497655,25258.0,25258000.0,FIRST STATE BANK
708379,25244.0,25244000.0,SECURITY SAVINGS BANK
2317672,25244.0,25244000.0,FIRST AMERICAN STATE BANK
85931,25227.0,25227000.0,PATTERSON STATE BANK
190648,25197.0,25197000.0,IOWA SAVINGS BANK
557438,25158.0,25158000.0,"GIFFORD STATE BANK, THE"
884648,25152.0,25152000.0,UNITED COMMUNITY BANK
3357077,25144.0,25144000.0,VISIONBANK
931270,25137.0,25137000.0,NORTH CAMBRIDGE CO-OPERATIVE BANK
5427684,25115.0,25115000.0,LOYAL TRUST BANK
352651,25111.0,25111000.0,BOC BANK
3667132,25105.0,25105000.0,GATEWAY COMMERCIAL BANK
604640,25104.0,25104000.0,WATERMAN BANK
644776,25101.0,25101000.0,UNITED ROOSEVELT SAVINGS BANK
903240,25084.0,25084000.0,BANK OF EDMONSON COUNTY
757779,25056.0,25056000.0,MCS BANK
800134,25021.0,25021000.0,"HARVARD STATE BANK, THE"
676049,24993.0,24993000.0,SMACKOVER STATE BANK
2881445,24986.0,24986000.0,"MASSMUTUAL PRIVATE WEALTH & TRUST, FSB"
700458,24942.0,24942000.0,MERCHANTS BANK
1008209,24841.0,24841000.0,"NATIONAL IRON BANK, THE"
89032,24815.0,24815000.0,PLAQUEMINE BANK AND TRUST COMPANY
3487433,24811.0,24811000.0,MERCHANTS COMMERCIAL BANK
969639,24808.0,24808000.0,"FNB BANK, INC."
1011432,24804.0,24804000.0,"MOUNTAIN VALLEY BANK, N.A."
926632,24803.0,24803000.0,FOREST PARK NATIONAL BANK AND TRUST COMPANY
209362,24790.0,24790000.0,"BANK OF WHITTIER, NATIONAL ASSOCIATION"
284154,24763.0,24763000.0,OKLAHOMA CAPITAL BANK
3213333,24760.0,24760000.0,COMMUNITY BANK OF GEORGIA
956956,24753.0,24753000.0,FARMERS STATE BANK OF CALHAN
658924,24728.0,24728000.0,FARMERS AND MINERS BANK
216164,24709.0,24709000.0,FIRST STATE BANK
347639,24695.0,24695000.0,DEVON BANK
831941,24689.0,24689000.0,TAYLOR COUNTY BANK
956554,24687.0,24687000.0,"BANK OF GRAIN VALLEY, THE"
677970,24684.0,24684000.0,UNION SAVINGS AND LOAN ASSOCIATION
2735137,24682.0,24682000.0,FREEDOM FINANCIAL BANK
220844,24676.0,24676000.0,DENVER SAVINGS BANK
117038,24619.0,24619000.0,HNB FIRST BANK
270531,24604.0,24604000.0,BRICKYARD BANK
19972,24601.0,24601000.0,FARMERS BUILDING AND SAVINGS BANK
773032,24555.0,24555000.0,FARMERS STATE BANK
805250,24547.0,24547000.0,FNB BANK
475345,24541.0,24541000.0,HURON COMMUNITY BANK
3285778,24510.0,24510000.0,NANTAHALA BANK & TRUST COMPANY
642437,24501.0,24501000.0,BANK OF FOREST
947525,24485.0,24485000.0,MARION CENTER BANK
152057,24450.0,24450000.0,BANK OF COMMERCE
475756,24440.0,24440000.0,BANK OF THE ROCKIES
823450,24420.0,24420000.0,FIRST NATIONAL BANK
820879,24405.0,24405000.0,"FIRST FEDERAL SAVINGS AND LOAN ASSOCIATION OF VAN WERT, OH"
51459,24302.0,24302000.0,CENTERA BANK
728957,24296.0,24296000.0,FARMERS AND MERCHANTS STATE BANK OF PIERZ
312356,24294.0,24294000.0,"CORNERSTONE BANK, THE"
488756,24282.0,24282000.0,FIRST STATE BANK
5807400,24272.0,24272000.0,NOVA BANK
974558,24233.0,24233000.0,FIRST NATIONAL BANK AND TRUST COMPANY OF BOTTINEAU
387055,24205.0,24205000.0,"STATE BANK, THE"
1006652,24200.0,24200000.0,FRANKLIN STATE BANK & TRUST COMPANY
346771,24191.0,24191000.0,FIRST FEDERAL SAVINGS BANK OF CHAMPAIGN-URBANA
810544,24184.0,24184000.0,CRAWFORD COUNTY TRUST AND SAVINGS BANK
23643,24169.0,24169000.0,COMMERCIAL BANK & TRUST COMPANY
5230790,24146.0,24146000.0,AMERICAN BANK OF THE CAROLINAS
990053,24141.0,24141000.0,SECURITY STATE BANK OF MARINE
3635551,24133.0,24133000.0,GUADALUPE BANK
256179,24098.0,24098000.0,UTAH INDEPENDENT BANK
5435988,24091.0,24091000.0,FWBANK
667524,24052.0,24052000.0,"BANK OF CHARLOTTE COUNTY, THE"
129358,24028.0,24028000.0,VALOR BANK
399973,23997.0,23997000.0,"FIRST FEDERAL SAVINGS AND LOAN ASSOCIATION OF CENTRAL ILLINOIS, S.B."
714437,23988.0,23988000.0,MOUNTAIN VALLEY BANK
305237,23966.0,23966000.0,"GEO. D. WARTHEN BANK, THE"
741068,23966.0,23966000.0,FIDELITY BANK OF TEXAS
756848,23953.0,23953000.0,COMMUNITY FIRST BANK
924058,23932.0,23932000.0,"JACKSBORO NATIONAL BANK, THE"
71859,23925.0,23925000.0,CBW BANK
764816,23921.0,23921000.0,CITIZENS GUARANTY BANK
942847,23880.0,23880000.0,BODCAW BANK
2753917,23870.0,23870000.0,IDAHO TRUST BANK
3816163,23862.0,23862000.0,CORNERSTONE BANK
624648,23853.0,23853000.0,FARMERS SAVINGS BANK
499743,23819.0,23819000.0,HERITAGE COMMUNITY BANK
373553,23817.0,23817000.0,FIRST BANK AND TRUST OF MEMPHIS
180845,23790.0,23790000.0,ILLINI STATE BANK
276074,23771.0,23771000.0,SENECA SAVINGS
875758,23759.0,23759000.0,FIRST TEXAS BANK
787459,23755.0,23755000.0,PRINSBANK
371942,23753.0,23753000.0,LIBERTY BANK
640956,23731.0,23731000.0,FIRST BANK & TRUST COMPANY
178244,23717.0,23717000.0,BELLEVUE STATE BANK
917854,23709.0,23709000.0,FIRST FARMERS & MERCHANTS NATIONAL BANK
1008076,23706.0,23706000.0,HADDON SAVINGS BANK
294827,23674.0,23674000.0,"PIONEER COMMUNITY BANK, INC."
12142,23661.0,23661000.0,"CLEVELAND STATE BANK, THE"
762045,23660.0,23660000.0,STATE SAVINGS BANK
372855,23658.0,23658000.0,STRYV BANK
825454,23653.0,23653000.0,FIRST MISSOURI STATE BANK
5479478,23641.0,23641000.0,RIVERSIDE BANK OF DUBLIN
5724226,23634.0,23634000.0,GULF COAST BUSINESS BANK
141958,23613.0,23613000.0,BANK OF GLEASON
298049,23602.0,23602000.0,IOWA STATE BANK
799948,23579.0,23579000.0,FIRST NATIONAL BANK OF COMMERCE
241009,23574.0,23574000.0,"FIRST NATIONAL BANK OF DRYDEN, THE"
148715,23565.0,23565000.0,"PBK BANK, INC"
2232757,23562.0,23562000.0,CHARLEVOIX STATE BANK
9553,23560.0,23560000.0,ADAMS COUNTY BANK
881852,23547.0,23547000.0,HIGH PLAINS BANK
59754,23545.0,23545000.0,METHOD BANK
617145,23544.0,23544000.0,"CITIZENS BANK, THE"
238139,23500.0,23500000.0,FIRST BANK OF MANHATTAN
179335,23421.0,23421000.0,BANK OF WIGGINS
656779,23409.0,23409000.0,UNION FEDERAL SAVINGS AND LOAN ASSOCIATION
914545,23404.0,23404000.0,TRI-COUNTY BANK & TRUST COMPANY
829032,23392.0,23392000.0,"BCBANK, INC."
1017957,23389.0,23389000.0,CENTER NATIONAL BANK
844138,23342.0,23342000.0,SIMMESPORT STATE BANK
998648,23301.0,23301000.0,ELKTON BANK & TRUST COMPANY
950758,23301.0,23301000.0,SECURITY BANK USA
157744,23299.0,23299000.0,HOOSIER HEARTLAND STATE BANK
199351,23277.0,23277000.0,WESTERN NATIONAL BANK
719964,23197.0,23197000.0,FIRST STATE BANK
3370357,23164.0,23164000.0,VALLEY BANK OF NEVADA
615253,23117.0,23117000.0,"FIRST STATE BANK OF MALTA, THE"
423636,23082.0,23082000.0,UBANK
3448162,23079.0,23079000.0,LONE STAR BANK
918132,23055.0,23055000.0,"WILLIAMSTOWN BANK, INC."
765318,22995.0,22995000.0,CITIZENS BANK & TRUST CO. OF JACKSON
1493319,22984.0,22984000.0,"GATEWAY BANK, F.S.B."
792640,22980.0,22980000.0,STATE SAVINGS BANK
479754,22960.0,22960000.0,COMMERCIAL STATE BANK
388155,22927.0,22927000.0,FIRST TEXOMA NATIONAL BANK
3482045,22915.0,22915000.0,EMBASSY NATIONAL BANK
368054,22913.0,22913000.0,MASON BANK
596455,22881.0,22881000.0,MADISON VALLEY BANK
377850,22819.0,22819000.0,FIRST SECURITY BANK AND TRUST COMPANY
1005552,22808.0,22808000.0,"VALLEY STATE BANK, THE"
53051,22779.0,22779000.0,"BUCKHOLTS STATE BANK, THE"
814458,22749.0,22749000.0,CHARTER BANK
23755,22739.0,22739000.0,FIRST NATIONAL COMMUNITY BANK
223845,22708.0,22708000.0,DANVILLE STATE SAVINGS BANK
695947,22646.0,22646000.0,EAGLE VALLEY BANK
443634,22641.0,22641000.0,SCOTT STATE BANK
28732,22620.0,22620000.0,PEOPLES BANK & TRUST COMPANY
746942,22619.0,22619000.0,UNION STATE BANK
449038,22601.0,22601000.0,"CITICORP TRUST DELAWARE, NATIONAL ASSOCIATION"
516154,22600.0,22600000.0,FARMERS AND MERCHANTS BANK
956376,22583.0,22583000.0,BANK OF EASTON
177443,22539.0,22539000.0,FIRST NATIONAL BANK IN TAYLORVILLE
45458,22513.0,22513000.0,VINTAGE BANK KANSAS
413543,22508.0,22508000.0,CITIZENS STATE BANK
21658,22504.0,22504000.0,ALLIANCE BANK
917630,22479.0,22479000.0,"FIRST NATIONAL BANK OF WILLIAMSON, THE"
956255,22472.0,22472000.0,"FIRST NATIONAL BANK OF RIVER FALLS, THE"
894272,22435.0,22435000.0,NEWPORT FEDERAL BANK
431323,22420.0,22420000.0,PEOPLES STATE BANK
925055,22409.0,22409000.0,CITIZENS BANK & TRUST COMPANY
976534,22409.0,22409000.0,BANK OF FARMINGTON
362856,22405.0,22405000.0,"BIG BEND BANKS, N.A. DBA MARFA NATIONAL BANK, THE"
581358,22401.0,22401000.0,STATE NEBRASKA BANK &TRUST
487142,22396.0,22396000.0,BANK OF KAMPSVILLE
2747279,22380.0,22380000.0,SETTLERS BANK
2705112,22379.0,22379000.0,CHARTER BANK
66154,22319.0,22319000.0,DECATUR COUNTY BANK
414858,22288.0,22288000.0,"INCOMMONS BANK, NATIONAL ASSOCIATION"
2218443,22277.0,22277000.0,FRONTIER BANK
614751,22263.0,22263000.0,MANHATTAN BANK
4231,22259.0,22259000.0,FARMERS AND MERCHANTS BANK
372640,22241.0,22241000.0,FARMERS AND MERCHANTS BANK
885430,22232.0,22232000.0,ST. LANDRY BANK AND TRUST COMPANY
480723,22191.0,22191000.0,1ST NATIONAL BANK
7045,22169.0,22169000.0,"PEOPLES BANK, THE"
87047,22165.0,22165000.0,FIRST STATE BANK OF PORTER
995571,22163.0,22163000.0,SOUTH GEORGIA BANK
218878,22163.0,22163000.0,"SECURITY BANK, S.B."
337340,22145.0,22145000.0,HERITAGE BANK OF SCHAUMBURG
262956,22141.0,22141000.0,PEOPLES STATE BANK OF MUNISING
540739,22137.0,22137000.0,FIRSTSTATE BANK
266244,22132.0,22132000.0,STATE BANK
147857,22104.0,22104000.0,FIRST BANK BLUE EARTH
846945,22092.0,22092000.0,BADGER BANK
62044,22062.0,22062000.0,SONATA BANK
407168,22056.0,22056000.0,FIRST STATE BANK
297051,22045.0,22045000.0,PATRIOTS BANK
1003558,22041.0,22041000.0,GRAND RAPIDS STATE BANK
284239,22039.0,22039000.0,BANK OF PERRY COUNTY
920733,22034.0,22034000.0,WEST CENTRAL BANK
497851,22026.0,22026000.0,SECURITY BANK
3232370,22013.0,22013000.0,FIRST NATIONAL BANK OF DECATUR COUNTY
212344,22009.0,22009000.0,CITIZENS STATE BANK
213912,21967.0,21967000.0,"APPLE CREEK BANKING COMPANY, THE"
918879,21958.0,21958000.0,LOGANSPORT SAVINGS BANK
2860039,21947.0,21947000.0,COMMUNITY BANK OF THE SOUTH
209559,21942.0,21942000.0,FNB WASHINGTON
661072,21910.0,21910000.0,MERCER SAVINGS BANK
401755,21872.0,21872000.0,"BANK OF THE WEST, THE"
854173,21848.0,21848000.0,INVESTMENT SAVINGS BANK
303701,21846.0,21846000.0,WELLS RIVER SAVINGS BANK
621151,21840.0,21840000.0,"FARMERS STATE BANK OF BRUSH, THE"
105530,21821.0,21821000.0,FARMERS STATE BANK
35057,21800.0,21800000.0,ALLIANT BANK
198961,21799.0,21799000.0,FIRST NATIONAL BANK OF BOSQUE COUNTY
202541,21798.0,21798000.0,IOWA TRUST AND SAVINGS BANK
63201,21759.0,21759000.0,CAYUGA LAKE NATIONAL BANK
3340903,21751.0,21751000.0,LEGACY STATE BANK
920210,21681.0,21681000.0,JIM THORPE NEIGHBORHOOD BANK
1225798,21654.0,21654000.0,PORT RICHMOND SAVINGS
178150,21651.0,21651000.0,LAONA STATE BANK
877350,21642.0,21642000.0,HORIZON FINANCIAL BANK
705556,21640.0,21640000.0,NEIGHBORHOOD NATIONAL BANK
18836,21599.0,21599000.0,CAPON VALLEY BANK
767255,21592.0,21592000.0,LAMAR BANK AND TRUST COMPANY
3614846,21583.0,21583000.0,NEBRASKA BANK OF COMMERCE
5903517,21555.0,21555000.0,FOUR STATES BANK
478140,21554.0,21554000.0,MURPHY-WALL STATE BANK AND TRUST COMPANY
5805442,21546.0,21546000.0,ZENITH BANK & TRUST
645157,21526.0,21526000.0,BANK NORTHWEST
333034,21506.0,21506000.0,STATE BANK OF COCHRAN
3485215,21505.0,21505000.0,"TEXAS ADVANTAGE COMMUNITY BANK, NATIONAL ASSOCIATION"
134455,21472.0,21472000.0,TENSAS STATE BANK
794149,21467.0,21467000.0,COMMERCIAL NATIONAL BANK OF TEXARKANA
5332603,21464.0,21464000.0,MI BANK
719610,21426.0,21426000.0,"FIRST NATIONAL BANK OF MANCHESTER, THE"
527178,21418.0,21418000.0,ANTHEM BANK & TRUST
756343,21411.0,21411000.0,MALVERN BANK
206772,21409.0,21409000.0,EASTERN INTERNATIONAL BANK
858818,21408.0,21408000.0,WSB MUNICIPAL BANK
702836,21398.0,21398000.0,FIRST FARMERS AND COMMERCIAL BANK
3623969,21395.0,21395000.0,"FIRST NEW MEXICO BANK, LAS CRUCES"
766052,21377.0,21377000.0,COMMUNITY BANK OF EL DORADO SPRINGS
5543735,21373.0,21373000.0,INTEGRITY BANK FOR BUSINESS
374774,21358.0,21358000.0,SURETY BANK
349129,21346.0,21346000.0,"COMMERCIAL BANK, THE"
623548,21342.0,21342000.0,"CLAY CITY BANKING CO., THE"
2037185,21314.0,21314000.0,FIRST COMMUNITY BANK OF EAST TENNESSEE
907444,21292.0,21292000.0,FIRST NATIONAL BANK OF KENTUCKY
44929,21278.0,21278000.0,"FIRST NATIONAL BANK OF MCCONNELSVILLE, THE"
1003950,21277.0,21277000.0,TBO BANK
328656,21267.0,21267000.0,UNITED FARMERS STATE BANK
364270,21259.0,21259000.0,"BANKPACIFIC, LTD."
706030,21256.0,21256000.0,SOUTH COAST BANK & TRUST
89854,21251.0,21251000.0,MINNSTAR BANK NATIONAL ASSOCIATION
235231,21215.0,21215000.0,UNION BANK
857941,21210.0,21210000.0,GREAT RIVERS BANK
550952,21189.0,21189000.0,RSNB BANK
821036,21183.0,21183000.0,PEOPLES BANK OF KANKAKEE COUNTY
741844,21175.0,21175000.0,FARMERS SAVINGS BANK
748441,21159.0,21159000.0,WARREN BANK AND TRUST COMPANY
2531562,21154.0,21154000.0,1ST EQUITY BANK
371559,21137.0,21137000.0,COMMUNITY NATIONAL BANK OF OKARCHE
368522,21128.0,21128000.0,APOLLO TRUST COMPANY
156970,21094.0,21094000.0,FAMILY BANK
3090833,21094.0,21094000.0,DRAKE BANK
1015841,21091.0,21091000.0,COMMUNITY BANK & TRUST COMPANY
537243,21086.0,21086000.0,FARMERS STATE BANK
5861541,21070.0,21070000.0,ALTOS BANK
1397471,21022.0,21022000.0,BANK OF LITTLE ROCK
167453,21016.0,21016000.0,BLUFF VIEW BANK
49951,20998.0,20998000.0,"FIRST SECURITY BANK, THE"
657178,20990.0,20990000.0,SCHUYLER SAVINGS BANK
841472,20978.0,20978000.0,MUTUAL SAVINGS BANK
196752,20965.0,20965000.0,TRICENTURY BANK
890649,20959.0,20959000.0,MOUNT VERNON BANK AND TRUST COMPANY
918150,20943.0,20943000.0,"FIRST BANK OF OKARCHE, THE"
805335,20938.0,20938000.0,BANK OF MONTICELLO
379470,20931.0,20931000.0,CANTON CO-OPERATIVE BANK
568135,20906.0,20906000.0,HOLCOMB BANK
315656,20849.0,20849000.0,FIRST ENTERPRISE BANK
416357,20839.0,20839000.0,CHAMBERS STATE BANK
414652,20824.0,20824000.0,"FIRST NATIONAL BANK OF SCOTT CITY, THE"
771748,20811.0,20811000.0,CHELSEA SAVINGS BANK
374130,20803.0,20803000.0,"CITIZENS BANK, THE"
449832,20793.0,20793000.0,MARION COMMUNITY BANK
5758436,20780.0,20780000.0,INTEGRO BANK
837541,20771.0,20771000.0,FARMERS STATE BANK OF HOFFMAN
668147,20726.0,20726000.0,DEWITT BANK & TRUST CO.
411624,20705.0,20705000.0,SOMERVILLE BANK
400767,20699.0,20699000.0,NEVADA BANK AND TRUST COMPANY
46053,20698.0,20698000.0,"STATE BANK OF FARIBAULT, THE"
457426,20695.0,20695000.0,ENTERPRISE BANK OF SOUTH CAROLINA
257345,20681.0,20681000.0,PESHTIGO NATIONAL BANK
773171,20642.0,20642000.0,MID-CENTRAL NATIONAL BANK
2847085,20639.0,20639000.0,SOUTHERN ILLINOIS BANK
547550,20639.0,20639000.0,BANK OF COMMERCE
358112,20633.0,20633000.0,COMMERCIAL BANK
931944,20625.0,20625000.0,KEYSTONE SAVINGS BANK
5860740,20624.0,20624000.0,COMMUNITY UNITY BANK
706656,20623.0,20623000.0,COMMUNITY BANK OF MARSHALL
2882983,20615.0,20615000.0,CITIZENS FIRST BANK
966973,20611.0,20611000.0,WEST PLAINS SAVINGS AND LOAN ASSOCIATION
634544,20596.0,20596000.0,BANK 21
628123,20595.0,20595000.0,"BANK OF GLEN BURNIE, THE"
3383665,20588.0,20588000.0,FIRST MISSOURI STATE BANK OF CAPE COUNTY
454658,20563.0,20563000.0,"PAULS VALLEY NATIONAL BANK, THE"
421539,20535.0,20535000.0,FIRST PEOPLES BANK OF TENNESSEE
5686324,20465.0,20465000.0,MOULTRIE BANK & TRUST
427960,20446.0,20446000.0,TWIN RIVER BANK
687830,20438.0,20438000.0,"FREDERICK COMMUNITY BANK, THE"
698546,20437.0,20437000.0,FIRST STATE BANK OF CAMPBELL HILL
365950,20379.0,20379000.0,GRAND MISSOURI BANK
947776,20360.0,20360000.0,CHARLES RIVER BANK
629522,20347.0,20347000.0,"FREEDOM BANK, INC."
1187551,20333.0,20333000.0,"INDEPENDENT CORRESPONDENT BANKERS' BANK, INC."
498625,20332.0,20332000.0,"CALHOUN COUNTY BANK, INC."
995674,20297.0,20297000.0,SSB COMMUNITY BANK
935577,20195.0,20195000.0,WCF FINANCIAL BANK
466932,20188.0,20188000.0,COMMUNITY NEIGHBOR BANK
446130,20188.0,20188000.0,FARMERS AND MERCHANTS BANK
127224,20168.0,20168000.0,FIRST UNITED NATIONAL BANK
386731,20166.0,20166000.0,STATE BANK & TRUST
3125315,20150.0,20150000.0,HIGHLANDS COMMUNITY BANK
1013650,20141.0,20141000.0,STATE BANK OF BERN
689759,20125.0,20125000.0,UNION BANK AND TRUST COMPANY
882541,20111.0,20111000.0,BRIDGE COMMUNITY BANK
1191352,20108.0,20108000.0,WAYCROSS BANK & TRUST
482446,20100.0,20100000.0,JERSEY STATE BANK
3282012,20073.0,20073000.0,PEOPLESTRUST BANK
567679,20072.0,20072000.0,GREENVILLE FEDERAL
2304636,20046.0,20046000.0,COMMUNITY BANK
792659,20040.0,20040000.0,NATIONAL BANK & TRUST
351878,20037.0,20037000.0,AROOSTOOK COUNTY FEDERAL SAVINGS & LOAN ASSOCIATION
435666,19980.0,19980000.0,SECURITY BANK OF TEXAS
751254,19978.0,19978000.0,PROGROWTH BANK
677756,19976.0,19976000.0,FARMERS AND MERCHANTS STATE BANK
967952,19971.0,19971000.0,WEST PLAINS BANK
706236,19969.0,19969000.0,GUARANTY BANK INC.
571920,19961.0,19961000.0,"FIRST NATIONAL BANK OF PANDORA, THE"
411062,19938.0,19938000.0,"FIRST NATIONAL BANK OF STERLING CITY, THE"
288376,19935.0,19935000.0,PINNACLE BANK
985451,19915.0,19915000.0,EXCHANGE BANK AND TRUST COMPANY
952846,19915.0,19915000.0,BANK
899651,19872.0,19872000.0,CITIZENS STATE BANK
953852,19849.0,19849000.0,YNB
3459216,19837.0,19837000.0,TOWN CENTER BANK
336147,19810.0,19810000.0,UNITED CITIZENS BANK & TRUST COMPANY
733951,19800.0,19800000.0,"CITIZENS STATE BANK AND TRUST CO., ELLSWORTH, KANSAS"
4149037,19796.0,19796000.0,NEUBERGER BERMAN TRUST COMPANY NATIONAL ASSOCIATION
149150,19775.0,19775000.0,CITIZENS STATE BANK
2577739,19702.0,19702000.0,"BANK OF JACKSON, THE"
895448,19675.0,19675000.0,MILLEDGEVILLE STATE BANK
948250,19642.0,19642000.0,PEOPLES BANK
291059,19621.0,19621000.0,BANK OF HYDRO
835444,19599.0,19599000.0,"BANK OF HERRIN, THE"
795249,19578.0,19578000.0,FIRST STATE BANK
972143,19576.0,19576000.0,WESTSIDE STATE BANK
3020447,19548.0,19548000.0,FARMERS BANK
114774,19541.0,19541000.0,"ABBEVILLE BUILDING AND LOAN, A STATE CHARTERED SAVINGS BANK"
94858,19535.0,19535000.0,ADRIAN BANK
208459,19527.0,19527000.0,"STEARNS BANK OF UPSALA, NATIONAL ASSOCIATION"
411651,19522.0,19522000.0,"FARMERS AND MERCHANTS STATE BANK, BLOOMFIELD, NEBRASKA"
189950,19514.0,19514000.0,FIRST STATE BANK OF ROSCOE
541642,19509.0,19509000.0,"COMMONWEALTH COMMUNITY BANK, INC."
840019,19470.0,19470000.0,CITIZENS BANK
839246,19442.0,19442000.0,BANK OF COLUMBIA
924553,19411.0,19411000.0,COMMERCIAL STATE BANK
640143,19407.0,19407000.0,FEDERATED BANK
135836,19380.0,19380000.0,SOUTH LAFOURCHE BANK & TRUST COMPANY
2796277,19367.0,19367000.0,"PHILADELPHIA TRUST COMPANY, THE"
250430,19362.0,19362000.0,"FIRST STATE BANK OF THE SOUTH, INC."
792453,19358.0,19358000.0,STATE BANK OF DOWNS
194570,19333.0,19333000.0,HERITAGE BANK OF SAINT TAMMANY
715032,19331.0,19331000.0,PEOPLES BANK
5837377,19323.0,19323000.0,FORTUNA BANK
385350,19322.0,19322000.0,COMMUNITY BANK OF CAMERON
807348,19320.0,19320000.0,BRISTOL MORGAN BANK
43959,19316.0,19316000.0,BRIDGE CITY STATE BANK
535034,19307.0,19307000.0,LANDMARK BANK
814476,19302.0,19302000.0,MILLVILLE SAVINGS BANK
258874,19271.0,19271000.0,"WORTHINGTON FEDERAL SAVINGS BANK, F.S.B."
801654,19260.0,19260000.0,"FIRST STATE BANK, THE"
433859,19252.0,19252000.0,FOWLER STATE BANK
991359,19246.0,19246000.0,FIRST MISSOURI BANK OF SEMO
49652,19224.0,19224000.0,FIRST BANK
922157,19219.0,19219000.0,FIRST HERITAGE BANK
958763,19211.0,19211000.0,NORMANGEE STATE BANK
272030,19202.0,19202000.0,"PEOPLES BANK OF GEORGIA, THE"
624956,19189.0,19189000.0,VALLEY BANK OF RONAN
2806840,19175.0,19175000.0,WYOMING COMMUNITY BANK
102557,19145.0,19145000.0,FOUNDATION ONE BANK
113030,19130.0,19130000.0,FARMERS STATE BANK
633640,19103.0,19103000.0,HENDRICKS COUNTY BANK AND TRUST COMPANY
760210,19095.0,19095000.0,"FARMERS AND MERCHANTS BANK, THE"
760434,19081.0,19081000.0,IPAVA STATE BANK
910239,19055.0,19055000.0,BANK OF SUNSET & TRUST COMPANY
82033,19055.0,19055000.0,FIRST NATIONAL BANK OF PASCO
932642,19048.0,19048000.0,LOGAN COUNTY BANK
613978,19042.0,19042000.0,JARRETTSVILLE FEDERAL SAVINGS AND LOAN ASSOCIATION
979133,19031.0,19031000.0,FLANAGAN STATE BANK
163343,19012.0,19012000.0,CENTREBANK
77422,18999.0,18999000.0,COMMUNITY BANKERS' BANK
966272,18989.0,18989000.0,"FIRST FEDERAL SAVINGS BANK OF MASCOUTAH, ILLINOIS"
814711,18972.0,18972000.0,PBT BANCORP
941804,18952.0,18952000.0,BANK OF HOLLAND
935719,18948.0,18948000.0,"FIRST NATIONAL BANK OF DENNISON, OHIO, THE"
538222,18942.0,18942000.0,"FIRST CENTRAL NATIONAL BANK OF SAINT PARIS, THE"
393252,18918.0,18918000.0,FIRST TEXAS NATIONAL BANK
986935,18910.0,18910000.0,BANK OF ALAPAHA
565536,18877.0,18877000.0,NORTH CENTRAL BANK
821157,18875.0,18875000.0,"GOOSE RIVER BANK, THE"
940674,18872.0,18872000.0,HOMETOWN BANK
510648,18872.0,18872000.0,AMERICAN BANK OF BEAVER DAM
467470,18849.0,18849000.0,CENTRAL FEDERAL SAVINGS AND LOAN ASSOCIATION
2897633,18843.0,18843000.0,HOMETOWN BANK OF CORBIN INC.
5777549,18840.0,18840000.0,ADELPHI BANK
446176,18837.0,18837000.0,FIDELITY FEDERAL SAVINGS AND LOAN ASSOCIATION OF DELAWARE
3317192,18833.0,18833000.0,1ST ADVANTAGE BANK
765877,18832.0,18832000.0,HOME SAVINGS BANK
495558,18817.0,18817000.0,FIRST NEW MEXICO BANK OF SILVER CITY
919773,18746.0,18746000.0,"BELMONT SAVINGS BANK, SSB"
763211,18738.0,18738000.0,BANK OF HINDMAN
553926,18724.0,18724000.0,"FIRST NATIONAL BANK OF SYCAMORE, THE"
791072,18701.0,18701000.0,INTERSTATE BANK
224954,18700.0,18700000.0,HEADWATERS STATE BANK
229342,18698.0,18698000.0,STATE BANK & TRUST CO.
2723376,18697.0,18697000.0,CLEARPOINT FEDERAL BANK & TRUST
794475,18696.0,18696000.0,EUREKA HOMESTEAD
647245,18692.0,18692000.0,HARDIN COUNTY SAVINGS BANK
1402384,18690.0,18690000.0,NORTH ALABAMA BANK
384830,18684.0,18684000.0,CITIZENS BANK & TRUST COMPANY
225054,18678.0,18678000.0,ANDOVER STATE BANK
2621940,18664.0,18664000.0,"COMMUNITY BANK, THE"
48440,18663.0,18663000.0,CLEVELAND STATE BANK
653433,18656.0,18656000.0,FARMERS STATE BANK OF WESTERN ILLINOIS
29476,18644.0,18644000.0,RIVERBANK
201254,18623.0,18623000.0,AMERICANA COMMUNITY BANK
760649,18615.0,18615000.0,AUDUBON STATE BANK
366854,18601.0,18601000.0,KENDALL BANK
832528,18577.0,18577000.0,"CLAY COUNTY BANK, INC."
143952,18571.0,18571000.0,PILLAR BANK
443625,18570.0,18570000.0,"OTTOVILLE BANK COMPANY, THE"
451246,18567.0,18567000.0,WAYNE BANK AND TRUST CO.
330248,18557.0,18557000.0,FIRST NATIONAL BANK OF NOKOMIS
647777,18548.0,18548000.0,CITIZENS FEDERAL SAVINGS & LOAN ASSOCIATION
393355,18535.0,18535000.0,BANK OF WESTON
132451,18528.0,18528000.0,"FIRST NATIONAL BANK OF LOUISBURG, THE"
22730,18490.0,18490000.0,WEST UNION BANK
855956,18470.0,18470000.0,UNION STATE BANK OF HAZEN
445674,18443.0,18443000.0,PIONEER FEDERAL SAVINGS & LOAN ASSOCIATION
2107181,18422.0,18422000.0,FDS BANK
470434,18417.0,18417000.0,LOCAL BANK
428855,18393.0,18393000.0,"SEYMOUR BANK, THE"
984856,18357.0,18357000.0,"TIPTON LATHAM BANK, NATIONAL ASSOCIATION, THE"
5805817,18354.0,18354000.0,DAYFORCE NATIONAL TRUST BANK
612878,18350.0,18350000.0,"HOME SAVINGS AND LOAN ASSOCIATION OF CARROLL COUNTY, F.A."
552545,18324.0,18324000.0,TS BANK
518877,18291.0,18291000.0,GREATER STATE BANK
564838,18195.0,18195000.0,CITIZENS COMMUNITY BANK
263627,18192.0,18192000.0,"FIRST NATIONAL BANK OF WAVERLY, THE"
112332,18180.0,18180000.0,FIRST NATIONAL BANK OF HARTFORD
837840,18165.0,18165000.0,UNITY BANK OF MISSISSIPPI
155759,18156.0,18156000.0,CLEO STATE BANK
767611,18143.0,18143000.0,BANK OF RICHMONDVILLE
208440,18109.0,18109000.0,FARMERS STATE BANK
207555,18094.0,18094000.0,"NORTHWESTERN BANK, NATIONAL ASSOCIATION"
426945,18072.0,18072000.0,BANK OF MILTON
773742,18068.0,18068000.0,CITIZENS NATIONAL BANK OF CHEBOYGAN
370954,18043.0,18043000.0,"COWBOY BANK OF TEXAS, THE"
871648,18028.0,18028000.0,SPENCER COUNTY BANK
527057,17998.0,17998000.0,COMMUNITY POINT BANK
287959,17982.0,17982000.0,KANSAS STATE BANK
601153,17979.0,17979000.0,FARMERS AND MERCHANTS STATE BANK
678557,17956.0,17956000.0,CITIZENS STATE BANK AND TRUST COMPANY
439730,17954.0,17954000.0,STATE BANK OF BEMENT
831875,17952.0,17952000.0,FIRST FEDERAL SAVINGS AND LOAN ASSOCIATION
791353,17949.0,17949000.0,BANKWEST
937759,17941.0,17941000.0,CITIZENS STATE BANK
850054,17930.0,17930000.0,FIRST NATIONAL BANK IN ORD
879439,17926.0,17926000.0,FELICIANA BANK & TRUST COMPANY
370833,17882.0,17882000.0,CARVER STATE BANK
5591633,17856.0,17856000.0,"PLANTE MORAN TRUST, NATIONAL ASSOCIATION"
400057,17814.0,17814000.0,FIRST STATE BANK OF PURDY
651952,17807.0,17807000.0,"FIRST NATIONAL BANK OF EAGLE LAKE, THE"
115146,17789.0,17789000.0,ST. ANSGAR STATE BANK
5475452,17764.0,17764000.0,GULF ATLANTIC BANK
3346633,17759.0,17759000.0,EAGLE BANK
580847,17740.0,17740000.0,LEWISBURG BANKING COMPANY
914853,17716.0,17716000.0,CORNERSTONE STATE BANK
931355,17696.0,17696000.0,HODGE BANK & TRUST COMPANY
535931,17661.0,17661000.0,LAFAYETTE STATE BANK
3224478,17660.0,17660000.0,HERITAGE COMMUNITY BANK
780049,17659.0,17659000.0,BANK OF KILMICHAEL
944739,17640.0,17640000.0,"BANK OF LAFAYETTE, THE"
353546,17631.0,17631000.0,"FIRST NATIONAL BANK IN TREMONT, THE"
916343,17612.0,17612000.0,ANDERSON STATE BANK
834175,17584.0,17584000.0,LAWRENCEBURG FEDERAL BANK
40855,17583.0,17583000.0,ESB BANK
499752,17574.0,17574000.0,BANK OF THE SOUTHWEST
682648,17562.0,17562000.0,FAIRFAX STATE SAVINGS BANK
920359,17561.0,17561000.0,BANK OF DIXON COUNTY
357526,17555.0,17555000.0,DAVIS TRUST COMPANY
977652,17540.0,17540000.0,JOHNSON CITY BANK
665258,17519.0,17519000.0,"LONE OAK BANK, NATIONAL ASSOCIATION"
747257,17495.0,17495000.0,"HALSTEAD BANK, THE"
210256,17482.0,17482000.0,WADENA STATE BANK
2920287,17479.0,17479000.0,"CENTURY BANK OF KENTUCKY, INC."
943974,17477.0,17477000.0,FIRST FEDERAL BANK
143372,17471.0,17471000.0,PROGRESSIVE OZARK BANK
473257,17469.0,17469000.0,VALLEY BANK OF KALISPELL
3314119,17458.0,17458000.0,FREEDOM BANK
472531,17450.0,17450000.0,"SAMSON BANKING COMPANY, THE"
474357,17441.0,17441000.0,COUNTRYSIDE BANK
670430,17434.0,17434000.0,FIRST NATIONAL BANK AND TRUST
962313,17428.0,17428000.0,"CITIZENS BANK, THE"
222558,17427.0,17427000.0,"BANK OF BAKER, THE"
892223,17409.0,17409000.0,"HICKSVILLE BANK, THE"
706058,17403.0,17403000.0,"FIRST NATIONAL BANK OF MOOSE LAKE, THE"
188917,17342.0,17342000.0,FIRST NATIONAL BANK OF ABSECON
652070,17314.0,17314000.0,HIGHLAND FEDERAL SAVINGS & LOAN ASSOCIATION
348159,17294.0,17294000.0,I3 BANK
548052,17289.0,17289000.0,RNB STATE BANK
1003455,17280.0,17280000.0,ASTRA BANK
382742,17265.0,17265000.0,BANK MICHIGAN
809070,17253.0,17253000.0,MUTUAL SAVINGS AND LOAN ASSOCIATION
55635,17243.0,17243000.0,CITIZENS SAVINGS BANK AND TRUST COMPANY
733540,17240.0,17240000.0,GATEWAY BANK
800442,17200.0,17200000.0,BANK OF WINONA
1008553,17176.0,17176000.0,COMMERCIAL BANK OF MOTT
270148,17168.0,17168000.0,STATE BANK OF WHITTINGTON
28152,17152.0,17152000.0,HARVEST BANK
359472,17128.0,17128000.0,HOMEWOOD FEDERAL SAVINGS BANK
1492817,17101.0,17101000.0,FIRST KANSAS BANK
921879,17085.0,17085000.0,FIRST FEDERAL SAVINGS AND LOAN ASSOCIATION OF GREENSBURG
1005851,17081.0,17081000.0,CEDAR RAPIDS STATE BANK
461058,17069.0,17069000.0,FARMERS STATE BANK
193162,17061.0,17061000.0,"FIRST NATIONAL BANK OF TOM BEAN, THE"
470032,17043.0,17043000.0,COMMUNITY SPIRIT BANK
839974,17032.0,17032000.0,"GRAHAM SAVINGS AND LOAN, SSB"
3943210,17023.0,17023000.0,LIBERTY BANK
379153,16992.0,16992000.0,"FIRST NATIONAL BANK OF EVANT, THE"
97457,16978.0,16978000.0,CITIZENS BANK
3633016,16976.0,16976000.0,FIRST CAHAWBA BANK
460770,16952.0,16952000.0,HOME SAVINGS BANK
3390337,16946.0,16946000.0,CALIFORNIA BUSINESS BANK
3479018,16909.0,16909000.0,"COMMUNITY BANK, THE"
2746245,16894.0,16894000.0,COMMERCE BANK
629746,16893.0,16893000.0,"FARMERS AND MERCHANTS BANK, THE"
1005655,16888.0,16888000.0,RED RIVER STATE BANK
331544,16868.0,16868000.0,RICHLAND COUNTY BANK
625953,16861.0,16861000.0,BANK OF WINNFIELD & TRUST COMPANY
897853,16853.0,16853000.0,SECURITY BANK OF SOUTHWEST MISSOURI
1002953,16826.0,16826000.0,AMERICAN BANK OF BAXTER SPRINGS
472018,16820.0,16820000.0,"SALYERSVILLE NATIONAL BANK, THE"
329149,16814.0,16814000.0,BANK PLUS
720344,16814.0,16814000.0,BANK OF CLARKSON
991555,16792.0,16792000.0,"CITIZENS NATIONAL BANK, THE"
673244,16785.0,16785000.0,FARMERS & MERCHANTS SAVINGS BANK
308340,16780.0,16780000.0,BATH STATE BANK
601041,16776.0,16776000.0,FIRST STATE BANK OF BEECHER CITY
171759,16659.0,16659000.0,"F & M COMMUNITY BANK, NATIONAL ASSOCIATION"
265676,16653.0,16653000.0,CENTRAL BANK
2901558,16649.0,16649000.0,CHAMPION BANK
903950,16637.0,16637000.0,CENTRAL BANK AND TRUST
117775,16626.0,16626000.0,"SOUTHERN BANK COMPANY, THE"
108072,16608.0,16608000.0,BUFFALO FEDERAL BANK
453147,16599.0,16599000.0,BANNER BANKS
403067,16591.0,16591000.0,"BEACON BUSINESS BANK, NATIONAL ASSOCIATION"
643658,16586.0,16586000.0,PIKES PEAK NATIONAL BANK
142049,16569.0,16569000.0,BANK 1ST
46941,16565.0,16565000.0,FARMERS BANK AND TRUST COMPANY
3185579,16561.0,16561000.0,CLARION COUNTY COMMUNITY BANK
35646,16532.0,16532000.0,BONDUEL STATE BANK
700430,16512.0,16512000.0,"COMMERCIAL BANK, THE"
274856,16512.0,16512000.0,CITIZENS STATE BANK OF ARLINGTON
988452,16510.0,16510000.0,FIRST BETHANY BANK & TRUST
71073,16509.0,16509000.0,HOME FEDERAL SAVINGS AND LOAN ASSOCIATION OF NILES OHIO
313157,16509.0,16509000.0,"SEILING STATE BANK, THE"
887827,16495.0,16495000.0,"HAMLER STATE BANK, THE"
673851,16486.0,16486000.0,BANK OF PRAIRIE VILLAGE
657954,16457.0,16457000.0,"TRI-COUNTY BANK, THE"
709451,16436.0,16436000.0,COMMERCIAL TRUST COMPANY OF FAYETTE
644963,16409.0,16409000.0,"FIRST NATIONAL BANK OF QUITAQUE, THE"
413758,16392.0,16392000.0,BRUNSWICK STATE BANK
3089752,16388.0,16388000.0,"CETERA TRUST COMPANY, N.A."
174321,16383.0,16383000.0,BLUE RIDGE BANK
696645,16378.0,16378000.0,"HOME NATIONAL BANK OF THORNTOWN, THE"
713252,16364.0,16364000.0,PEOPLES STATE BANK OF VELVA
865759,16349.0,16349000.0,UNION STATE BANK
45775,16345.0,16345000.0,IRON WORKERS SAVINGS BANK
868059,16320.0,16320000.0,SECURITY STATE BANK OF WARROAD
2769954,16280.0,16280000.0,NORTH GEORGIA NATIONAL BANK
796657,16272.0,16272000.0,"LYON COUNTY STATE BANK, THE"
754536,16257.0,16257000.0,VERMILION BANK & TRUST COMPANY
948278,16241.0,16241000.0,WRENTHAM CO-OPERATIVE BANK
96553,16216.0,16216000.0,HERSHEY BANK
657758,16215.0,16215000.0,CITIZENS BANK & TRUST COMPANY
427858,16209.0,16209000.0,EVERGREEN NATIONAL BANK
575375,16196.0,16196000.0,SUPERIOR SAVINGS BANK
242958,16184.0,16184000.0,BAYBANK
176642,16162.0,16162000.0,LNB COMMUNITY BANK
266253,16160.0,16160000.0,ACB BANK
586335,16145.0,16145000.0,BANK OF MOUNDVILLE
674344,16135.0,16135000.0,"PINERIES BANK, THE"
670748,16107.0,16107000.0,PRINCEVILLE STATE BANK
986551,16103.0,16103000.0,"FIRST NATIONAL BANK OF LE CENTER, THE"
648550,16072.0,16072000.0,FIRST NATIONAL BANK OF DUBLIN
1006559,16043.0,16043000.0,BANK STAR
51356,16042.0,16042000.0,LATIMER STATE BANK
937553,16042.0,16042000.0,BANK OF MONTICELLO
416339,16008.0,16008000.0,FIRST SECURITY BANK
171656,15970.0,15970000.0,CARSON BANK
863362,15968.0,15968000.0,BRAZOS NATIONAL BANK
837354,15966.0,15966000.0,"KEEN BANK, NATIONAL ASSOCIATION"
827355,15964.0,15964000.0,"FIRST NATIONAL BANK OF NEVADA, THE"
3253834,15960.0,15960000.0,LAKEVIEW BANK
126049,15941.0,15941000.0,CONNECT BANK
888141,15941.0,15941000.0,FARMERS & MERCHANTS BANK & TRUST
164377,15940.0,15940000.0,SHARON BANK
37051,15939.0,15939000.0,OAKWOOD BANK
484057,15931.0,15931000.0,MARION STATE BANK
280352,15926.0,15926000.0,FIRST BANK
314444,15890.0,15890000.0,FBT BANK & MORTGAGE
672247,15890.0,15890000.0,FARMERS & MERCHANTS BANK & TRUST
480059,15873.0,15873000.0,PARK STATE BANK & TRUST
258539,15856.0,15856000.0,STATE BANK OF CHERRY
259059,15852.0,15852000.0,F&M BANK
413673,15815.0,15815000.0,F&M BANK AND TRUST COMPANY
72454,15810.0,15810000.0,FREEPORT STATE BANK
688556,15769.0,15769000.0,BANK OF NEW MADRID
541307,15746.0,15746000.0,42 NORTH PRIVATE BANK
654047,15737.0,15737000.0,FIRST STATE BANK OF MICHIGAN
5787418,15730.0,15730000.0,WALDEN MUTUAL BANK
578554,15727.0,15727000.0,CITIZENS COMMUNITY BANK
50144,15721.0,15721000.0,STATE BANK OF MEDORA
2536633,15709.0,15709000.0,HIAWATHA BANK & TRUST COMPANY
1369870,15703.0,15703000.0,FIRST FINANCIAL TRUST NATIONAL ASSOCIATION
247476,15684.0,15684000.0,"RIVERSIDE SAVINGS BANK, SSB"
2059990,15683.0,15683000.0,PRIORITY BANK
603232,15677.0,15677000.0,BANK OF GUEYDAN
3843392,15673.0,15673000.0,NEW HAVEN BANK
847979,15667.0,15667000.0,COMMUNITY SAVINGS BANK
120953,15667.0,15667000.0,FARMERS STATE BANK
739346,15659.0,15659000.0,ATKINS SAVINGS BANK & TRUST
2949970,15630.0,15630000.0,UNITED TRUST BANK
4397164,15618.0,15618000.0,"CHILTON TRUST COMPANY, NATIONAL ASSOCIATION"
3393851,15605.0,15605000.0,PUTNAM 1ST MERCANTILE BANK
165758,15603.0,15603000.0,NEW MARKET BANK
923855,15593.0,15593000.0,COMMUNITY FIRST BANK
2597232,15584.0,15584000.0,"HIGHTOWER TRUST COMPANY, NATIONAL ASSOCIATION, THE"
2533043,15536.0,15536000.0,AMERICAN METRO BANK
305059,15530.0,15530000.0,"FIRST STATE BANK, THE"
422657,15504.0,15504000.0,SECURITY FIRST NATIONAL BANK OF HUGO
499154,15503.0,15503000.0,HOME LOAN STATE BANK
235174,15497.0,15497000.0,MUTUAL FEDERAL BANK
608358,15460.0,15460000.0,GARFIELD COUNTY BANK
381950,15450.0,15450000.0,"FIRST NATIONAL BANK OF SAINT IGNACE, THE"
837952,15446.0,15446000.0,FLINT HILLS BANK
136048,15446.0,15446000.0,PEOPLES SAVINGS BANK
255350,15437.0,15437000.0,"MINERS STATE BANK, THE"
2917184,15415.0,15415000.0,NEW FRONTIER BANK
696047,15415.0,15415000.0,BEDFORD LOAN & DEPOSIT BANK
687054,15398.0,15398000.0,BANK OF OAK RIDGE
370347,15393.0,15393000.0,"FIRST NATIONAL BANK OF LITCHFIELD, THE"
394156,15389.0,15389000.0,"SNB BANK, NATIONAL ASSOCIATION"
2754222,15380.0,15380000.0,NEW REPUBLIC BANK
804422,15366.0,15366000.0,"FARMERS AND MERCHANTS BANK OF CRAIG COUNTY, THE"
550354,15356.0,15356000.0,BANK OF ESTES PARK
134156,15338.0,15338000.0,FIRST CENTRAL BANK
503640,15276.0,15276000.0,NEIGHBORS BANK
961446,15271.0,15271000.0,BAY PORT STATE BANK
927077,15252.0,15252000.0,MONROE SAVINGS BANK
203052,15215.0,15215000.0,SENATH STATE BANK
232847,15205.0,15205000.0,FIRST STATE BANK SHANNON-POLO
2845782,15187.0,15187000.0,"BESSEMER TRUST COMPANY OF CALIFORNIA, NATIONAL ASSOCIATION"
774235,15186.0,15186000.0,"CITIZENS NATIONAL BANK OF QUITMAN, THE"
628039,15184.0,15184000.0,BANK OF HAZLEHURST
722227,15179.0,15179000.0,MOVEMENT BANK
765354,15150.0,15150000.0,BANK OF CROCKER
78241,15113.0,15113000.0,FIRST NATURALSTATE BANK
3041358,15105.0,15105000.0,FIRST COMMERCE BANK
366658,15083.0,15083000.0,FIRST INDEPENDENT BANK
208347,15063.0,15063000.0,BENTON STATE BANK
56258,15045.0,15045000.0,"CITIZENS BANK & TRUST CO., HUTCHINSON, MINN."
864855,15028.0,15028000.0,"FIRST STATE BANK OF HEALY, THE"
651158,14964.0,14964000.0,NORTHEAST MISSOURI STATE BANK
667346,14948.0,14948000.0,PHILO EXCHANGE BANK
575348,14942.0,14942000.0,"FARMERS NATIONAL BANK OF LEBANON, THE"
5805424,14936.0,14936000.0,BEACH CITIES COMMERCIAL BANK
295057,14918.0,14918000.0,SECURITY BANK MINNESOTA
157650,14897.0,14897000.0,MINNESOTA LAKES BANK
2960555,14865.0,14865000.0,AMERICAN HERITAGE BANK
391418,14862.0,14862000.0,FIRST & PEOPLES BANK AND TRUST COMPANY
465524,14851.0,14851000.0,BANK OF GREELEYVILLE
983550,14845.0,14845000.0,HOME STATE BANK
819172,14810.0,14810000.0,"PEOPLES SAVINGS BANK, THE"
835079,14761.0,14761000.0,"COVINGTON SAVINGS AND LOAN ASSOCIATION, THE"
98351,14732.0,14732000.0,"CITIZENS STATE BANK OF OURAY, THE"
458946,14731.0,14731000.0,BANK OF CASHTON
248352,14716.0,14716000.0,WESTERN NEBRASKA BANK
420877,14716.0,14716000.0,FIRST FIDELITY BANK
316859,14680.0,14680000.0,"EXCHANGE BANK, THE"
563457,14672.0,14672000.0,FIRST NATIONAL BANK OF JOHNSON
518176,14666.0,14666000.0,RAYNE BUILDING & LOAN ASSOCIATION
2598396,14656.0,14656000.0,PRAIRIE COMMUNITY BANK
1163283,14624.0,14624000.0,"CITIZENS BANK AND TRUST, INC."
729057,14616.0,14616000.0,PINE RIVER STATE BANK
127055,14579.0,14579000.0,WESTERN NATIONAL BANK
190947,14579.0,14579000.0,FIRST STATE BANK
3180136,14570.0,14570000.0,INDEPENDENCE BANK
2621285,14562.0,14562000.0,MILLENNIAL BANK
5784921,14546.0,14546000.0,GS&L MUNICIPAL BANK
249658,14529.0,14529000.0,ROCKY MOUNTAIN BANK AND TRUST
223452,14522.0,14522000.0,PEOPLES BANK OF WYACONDA
1293078,14507.0,14507000.0,PEOPLES BANK
805045,14501.0,14501000.0,EXCHANGE STATE BANK
397456,14500.0,14500000.0,FIRST NATIONAL BANK OF FORT STOCKTON
131940,14486.0,14486000.0,WALDO STATE BANK
446149,14444.0,14444000.0,"PEOPLES BANK, THE"
617275,14442.0,14442000.0,REDEMPTION BANK
397858,14398.0,14398000.0,SPIRO STATE BANK
968155,14398.0,14398000.0,"FIRST NATIONAL BANK, CORTEZ"
1225752,14395.0,14395000.0,COMMERCIAL BANK
367150,14388.0,14388000.0,COMMUNITY STATE BANK
1007051,14356.0,14356000.0,TPNB BANK
723158,14352.0,14352000.0,STATE BANK OF FAIRMONT
13457,14349.0,14349000.0,LEGENDS WEST BANK
952257,14331.0,14331000.0,"STATE BANK OF WYNNEWOOD, THE"
276551,14320.0,14320000.0,FIRST NATIONAL BANK OF HUGO
675042,14231.0,14231000.0,COMMUNITY BANK
567736,14226.0,14226000.0,FARMERS STATE BANK & TRUST COMPANY
840251,14225.0,14225000.0,HOME BANK AND TRUST COMPANY
784430,14221.0,14221000.0,"MERCHANTS & CITIZENS BANK, THE"
3939240,14208.0,14208000.0,"EVERCORE TRUST COMPANY, NATIONAL ASSOCIATION"
504647,14203.0,14203000.0,"INTERNATIONAL BANK OF AMHERST, THE"
742542,14202.0,14202000.0,FIRST COMMUNITY BANK
854753,14185.0,14185000.0,SAINT CLAIR STATE BANK (INCORPORATED)
699253,14177.0,14177000.0,"CITIZENS BANK OF EDINA, THE"
586960,14158.0,14158000.0,PEOPLES STATE BANK
5972661,14147.0,14147000.0,PAYCOM NATIONAL TRUST BANK
184656,14134.0,14134000.0,"CITIZENS NATIONAL BANK OF HILLSBORO, THE"
705378,14092.0,14092000.0,"DEL NORTE BANK, A SAVINGS AND LOAN ASSOCIATION"
368344,14087.0,14087000.0,FARMERS SAVINGS BANK & TRUST
265452,14077.0,14077000.0,"STOCKGROWERS STATE BANK, THE"
760340,14071.0,14071000.0,NATIONAL BANK OF ST. ANNE
544447,14054.0,14054000.0,CITIZENS SAVINGS BANK
691743,14042.0,14042000.0,ANNA STATE BANK
531157,14040.0,14040000.0,"BANK OF PROTECTION, THE"
164957,14033.0,14033000.0,CONCORDIA BANK
376237,14024.0,14024000.0,MERCHANTS & FARMERS BANK OF GREENE COUNTY
816256,13990.0,13990000.0,"FIRST NATIONAL BANK OF HOOKER, THE"
987848,13978.0,13978000.0,COMMUNITY STATE BANK
856869,13975.0,13975000.0,PRODUCER BANK OF TEXAS
233442,13973.0,13973000.0,"IUKA STATE BANK, THE"
380346,13955.0,13955000.0,FARMERS SAVINGS BANK
45056,13945.0,13945000.0,PLATTE VALLEY BANK
481579,13942.0,13942000.0,CUSTER FEDERAL STATE BANK
266655,13942.0,13942000.0,FIRST BANK AND TRUST OF FULLERTON
519445,13921.0,13921000.0,PEOPLES BANK
135854,13895.0,13895000.0,HEARTLAND STATE BANK
399731,13886.0,13886000.0,BANK OF ERATH
2809373,13868.0,13868000.0,NATIONAL ADVISORS TRUST COMPANY
911339,13867.0,13867000.0,"FIRST NEIGHBORHOOD BANK, INC."
11837,13864.0,13864000.0,"FARMERS BANK, THE"
1007930,13859.0,13859000.0,IROQUOIS FARMERS STATE BANK
764142,13842.0,13842000.0,FEDERATION BANK
474058,13837.0,13837000.0,FIRST NATIONAL BANK IN TRINIDAD
490348,13813.0,13813000.0,"STATE BANK OF TOLEDO, THE"
875655,13787.0,13787000.0,CITIZENS STATE BANK NORWOOD YOUNG AMERICA
256076,13786.0,13786000.0,"RG BANK, A SAVINGS AND LOAN ASSOCIATION"
233246,13777.0,13777000.0,FIRST COMMUNITY BANK
938354,13775.0,13775000.0,"FIRST NATIONAL BANK OF FAIRFAX, THE"
788652,13772.0,13772000.0,WOODLAND BANK
324975,13772.0,13772000.0,DEWITT SAVINGS BANK
898458,13768.0,13768000.0,BANK OF JACKSON HOLE TRUST
729945,13765.0,13765000.0,CITIZENS BANK AND TRUST COMPANY
141350,13728.0,13728000.0,"FIRST STATE BANK, THE"
472045,13704.0,13704000.0,HOME STATE BANK
660253,13696.0,13696000.0,STATE BANK OF TABLE ROCK
659640,13671.0,13671000.0,GENESIS BANK
536853,13636.0,13636000.0,WALTERS BANK AND TRUST COMPANY
563336,13635.0,13635000.0,"CITIZENS' BANK, INC."
817477,13630.0,13630000.0,UNION SAVINGS BANK
647414,13626.0,13626000.0,"SAVANNAH BANK, N.A."
14650,13625.0,13625000.0,ALL CAPITAL BANK
761833,13611.0,13611000.0,COMMUNITY BANK & TRUST - WEST GEORGIA
259956,13610.0,13610000.0,"STATE SAVINGS BANK OF MANISTIQUE, THE"
575133,13600.0,13600000.0,"PEOPLES BANK, THE"
258379,13588.0,13588000.0,"TAYLORSVILLE SAVINGS BANK, SSB"
483537,13551.0,13551000.0,PNB COMMUNITY BANK
697035,13531.0,13531000.0,COVINGTON COUNTY BANK
814074,13528.0,13528000.0,"FIRST FEDERAL BANK, A FSB"
750444,13525.0,13525000.0,TWIN CEDARS BANK
398051,13494.0,13494000.0,FARMERS AND MERCHANTS BANK OF ASHLAND
380944,13494.0,13494000.0,"BANK OF KAUKAUNA, THE"
104234,13449.0,13449000.0,"HARRISON COUNTY BANK, THE"
581237,13427.0,13427000.0,BANK OF PENSACOLA
654579,13423.0,13423000.0,"PEOPLES COMMUNITY BANK SB OF MONTICELLO, INDIANA"
476445,13418.0,13418000.0,BANK OF LAKE VILLAGE
950356,13416.0,13416000.0,SECURITY STATE BANK OF HIBBING
597041,13416.0,13416000.0,FIDELITY BANK
246451,13415.0,13415000.0,CITIZENS BANK OF ROGERSVILLE
44750,13385.0,13385000.0,CITIZENS BANK OF THE MIDWEST
198073,13385.0,13385000.0,FIRST FEDERAL SAVINGS AND LOAN BANK
811550,13342.0,13342000.0,AMERICAN EXCHANGE BANK
2702764,13329.0,13329000.0,COMMUNITY BANK OF OELWEIN
490843,13313.0,13313000.0,"CARROLL COUNTY TRUST COMPANY OF CARROLLTON, MISSOURI"
253730,13313.0,13313000.0,SWEET WATER STATE BANK
955753,13282.0,13282000.0,RIVER FALLS STATE BANK
474656,13274.0,13274000.0,COREBANK
141677,13269.0,13269000.0,FIRST SAVINGS AND LOAN ASSOCIATION
3626184,13263.0,13263000.0,TURTLE MOUNTAIN STATE BANK
2696180,13245.0,13245000.0,FIRST COMMUNITY BANK OF HILLSBORO
597658,13241.0,13241000.0,FIRST STATE BANK OF FORSYTH
3148613,13235.0,13235000.0,COMMERCE BANK & TRUST
711753,13222.0,13222000.0,SCRIBNER BANK
552956,13220.0,13220000.0,SILEX BANKING COMPANY
735973,13196.0,13196000.0,SCOTTSBURG BUILDING AND LOAN ASSOCIATION
304520,13179.0,13179000.0,CHESAPEAKE BANK & TRUST COMPANY
883351,13176.0,13176000.0,LIBERTY STATE BANK
49148,13162.0,13162000.0,RUSHVILLE STATE BANK
70218,13155.0,13155000.0,UNITED ORIENT BANK
646042,13151.0,13151000.0,FARMERS TRUST & SAVINGS BANK
489155,13145.0,13145000.0,CITIZENS STATE BANK
37,13139.0,13139000.0,BANK OF HANCOCK COUNTY
421445,13105.0,13105000.0,"FIRST NATIONAL BANK OF RAYMOND, THE"
1470150,13066.0,13066000.0,FIRST FARMERS & MERCHANTS NATIONAL BANK
675855,13060.0,13060000.0,PROGRESSIVE NATIONAL BANK
178356,13059.0,13059000.0,COLFAX BANKING COMPANY
675659,13044.0,13044000.0,STATE BANK & TRUST OF KENMARE
388874,13036.0,13036000.0,GUNNISON SAVINGS AND LOAN ASSOCIATION
5691319,13030.0,13030000.0,SCOTTSDALE COMMUNITY BANK
496434,13027.0,13027000.0,DOZIER BANK
223751,13026.0,13026000.0,BELT VALLEY BANK
733755,13013.0,13013000.0,JONESBURG STATE BANK
618777,13011.0,13011000.0,FAIRVIEW SAVINGS AND LOAN ASSOCIATION
535575,12985.0,12985000.0,"1ST FEDERAL SAVINGS BANK OF SC, INC."
764067,12983.0,12983000.0,"AMERICAN NATIONAL BANK OF MOUNT PLEASANT, THE"
322449,12969.0,12969000.0,COMMUNITY STATE BANK
5805488,12968.0,12968000.0,"INSPIRE TRUST COMPANY, NATIONAL ASSOCIATION"
923257,12962.0,12962000.0,PEOPLES BANK
795959,12938.0,12938000.0,KENNETT TRUST BANK
362940,12935.0,12935000.0,STATE BANK OF ST. JACOB
173959,12911.0,12911000.0,"FIRST NATIONAL BANK OF HEBBRONVILLE, THE"
1418255,12904.0,12904000.0,TUSTIN COMMUNITY BANK
123075,12884.0,12884000.0,MILTON SAVINGS BANK
157379,12883.0,12883000.0,METHUEN CO-OPERATIVE BANK
235950,12868.0,12868000.0,JOHNSON STATE BANK
292467,12863.0,12863000.0,POINTWEST BANK
101952,12850.0,12850000.0,"BRADY NATIONAL BANK, THE"
2973041,12846.0,12846000.0,"FIRST COMMUNITY TRUST, NATIONAL ASSOCIATION"
343770,12846.0,12846000.0,NASHVILLE SAVINGS BANK
940021,12819.0,12819000.0,"BANK OF MAGNOLIA COMPANY, THE"
164153,12789.0,12789000.0,LAKE REGION BANK
5805228,12780.0,12780000.0,ICON BUSINESS BANK
3223408,12775.0,12775000.0,HOMELAND COMMUNITY BANK
2726050,12766.0,12766000.0,FIRST CENTRAL BANK MCCOOK
284752,12748.0,12748000.0,NORTHWOODS BANK OF MINNESOTA
80431,12740.0,12740000.0,UNION BANK & TRUST COMPANY
593333,12700.0,12700000.0,"FIRST NATIONAL BANK OF ARENZVILLE, THE"
854847,12697.0,12697000.0,FIRST STATE BANK
85052,12696.0,12696000.0,UINTA BANK
290922,12693.0,12693000.0,"NATIONAL BANK OF ADAMS COUNTY OF WEST UNION, THE"
302030,12693.0,12693000.0,BANK OF BELLE GLADE
532752,12686.0,12686000.0,"RILEY STATE BANK OF RILEY KANSAS, THE"
901451,12680.0,12680000.0,CITIZENS NATIONAL BANK OF CROSBYTON
648345,12680.0,12680000.0,SIDNEY STATE BANK
218261,12670.0,12670000.0,ZAPATA NATIONAL BANK
745347,12610.0,12610000.0,BOONE BANK & TRUST CO.
91615,12588.0,12588000.0,"ANTWERP EXCHANGE BANK COMPANY, THE"
382854,12578.0,12578000.0,SECURITY BANK OF PULASKI COUNTY
364850,12572.0,12572000.0,FIRST STATE BANK OF BIGFORK
909756,12570.0,12570000.0,PRIME SECURITY BANK
938550,12557.0,12557000.0,COMMUNITY BANK
807432,12531.0,12531000.0,MOUNT VERNON BANK
660066,12510.0,12510000.0,PEOPLES STATE BANK
485139,12506.0,12506000.0,STATE BANK & TRUST COMPANY
991135,12501.0,12501000.0,"STATE BANK OF GENEVA, THE"
571135,12499.0,12499000.0,"CITIZENS BANK, THE"
7456,12483.0,12483000.0,BANK OF HARTINGTON
636753,12480.0,12480000.0,"FIRST NATIONAL BANK OF DIGHTON, THE"
818652,12479.0,12479000.0,STOCKMENS NATIONAL BANK IN COTULLA
3029253,12456.0,12456000.0,EVERENCE TRUST COMPANY
1009840,12452.0,12452000.0,MAYNARD SAVINGS BANK
881900,12437.0,12437000.0,MILLBURY NATIONAL BANK
971070,12437.0,12437000.0,"DALHART FEDERAL SAVINGS & LOAN ASSOCIATION, SSB"
572347,12416.0,12416000.0,BANK OF BILLINGS
3005097,12402.0,12402000.0,COMMUNITY BANK OF MISSOURI
926650,12398.0,12398000.0,STATE BANK OF SCOTIA
539452,12386.0,12386000.0,CARSON COMMUNITY BANK
830252,12350.0,12350000.0,"LYTLE STATE BANK OF LYTLE, TEXAS, THE"
770451,12350.0,12350000.0,FARMERS & MERCHANTS STATE BANK OF SPRINGFIELD
884376,12334.0,12334000.0,"PICKENS SAVINGS AND LOAN ASSOCIATION, FEDERAL ASSOCIATION"
327220,12323.0,12323000.0,FARMERS STATE BANK
3025929,12321.0,12321000.0,GOGEBIC RANGE BANK
402873,12320.0,12320000.0,"VERSAILLES SAVINGS AND LOAN COMPANY, THE"
286840,12318.0,12318000.0,STATE SAVINGS BANK
276159,12315.0,12315000.0,SOUTHWIND BANK
681043,12312.0,12312000.0,FIRST SECURITY STATE BANK
818540,12302.0,12302000.0,"FIRST NATIONAL BANK OF MANNING, THE"
747051,12253.0,12253000.0,HOMEPRIDE BANK
1017564,12247.0,12247000.0,COMMERCIAL STATE BANK
743950,12236.0,12236000.0,FARMERS BANK OF LOHMAN
911759,12234.0,12234000.0,NEBRASKA STATE BANK
546320,12229.0,12229000.0,"SHERWOOD STATE BANK, THE"
172251,12213.0,12213000.0,RANDALL STATE BANK
2745529,12202.0,12202000.0,THRIVENT TRUST CO.
779641,12198.0,12198000.0,"PORT AUSTIN STATE BANK, THE"
164975,12166.0,12166000.0,STOUGHTON CO-OPERATIVE BANK
644141,12150.0,12150000.0,KALAMAZOO COUNTY STATE BANK
716851,12131.0,12131000.0,COMMUNITY BANK OF RAYMORE
236256,12120.0,12120000.0,BANK OF BROOKFIELD-PURDIN NATIONAL ASSOCIATION
19356,12084.0,12084000.0,SECURITY BANK AND TRUST COMPANY
122153,12080.0,12080000.0,JACKSON PARISH BANK
772754,12077.0,12077000.0,METZ BANKING COMPANY
211851,12076.0,12076000.0,"SECURITY STATE BANK OF WANAMINGO, INCORPORATED"
1008955,12067.0,12067000.0,VALLEY PREMIER BANK
874452,12066.0,12066000.0,STATE BANK OF NEW RICHLAND
954158,12060.0,12060000.0,FARMERS & MERCHANTS BANK OF NORTH DAKOTA
812379,12052.0,12052000.0,FIRST COMMUNITY BANK OF CULLMAN
1002458,12037.0,12037000.0,SICILY ISLAND STATE BANK
560830,11991.0,11991000.0,"GRANVILLE NATIONAL BANK, THE"
340443,11975.0,11975000.0,FIRST NATIONAL BANK IN PINCKNEYVILLE
24659,11959.0,11959000.0,PRODUCE STATE BANK
3394380,11957.0,11957000.0,"CALIFORNIA INTERNATIONAL BANK, N.A."
293754,11938.0,11938000.0,STATE BANK OF SOUTHWEST MISSOURI
758842,11924.0,11924000.0,CITIZENS SAVINGS BANK
2805928,11911.0,11911000.0,MADISON COUNTY COMMUNITY BANK
2963275,11910.0,11910000.0,MISSION BANK
844455,11909.0,11909000.0,FIRST NATIONAL BANK IN FREDONIA
180144,11877.0,11877000.0,"SACRAMENTO DEPOSIT BANK, THE"
426758,11871.0,11871000.0,BANK OF SALEM
720858,11832.0,11832000.0,MCINTOSH COUNTY BANK
485054,11826.0,11826000.0,BANK OF ELGIN
269571,11824.0,11824000.0,ARMSTRONG COUNTY BUILDING AND LOAN ASSOCIATION
498942,11821.0,11821000.0,CLAY COUNTY STATE BANK
83955,11801.0,11801000.0,GREENFIELD BANKING COMPANY
5755510,11800.0,11800000.0,LEGACY BANK
725741,11764.0,11764000.0,HOLMES COUNTY BANK
106676,11753.0,11753000.0,BAR HARBOR SAVINGS AND LOAN ASSOCIATION
500658,11743.0,11743000.0,PAVILLION BANK
986159,11743.0,11743000.0,FIRST STATE BANK OF LE CENTER
568377,11740.0,11740000.0,SLOVENIAN SAVINGS & LOAN ASSOCIATION OF FRANKLIN-CONEMAUGH
35879,11727.0,11727000.0,EAST WISCONSIN SAVINGS BANK
137456,11715.0,11715000.0,"BANK OF BEAVER CITY, THE"
2921622,11698.0,11698000.0,"CITIZENS BANK OF CUMBERLAND COUNTY, INC."
344852,11693.0,11693000.0,PERENNIAL BANK
3103591,11678.0,11678000.0,UNITED BANK & TRUST CO.
820477,11663.0,11663000.0,MIDLAND FEDERAL SAVINGS AND LOAN ASSOCIATION
14977,11632.0,11632000.0,"FIRST FEDERAL BANK LITTLEFIELD, TEXAS, SSB"
62110,11617.0,11617000.0,"ROCKEFELLER TRUST COMPANY, NATIONAL ASSOCIATION"
369453,11583.0,11583000.0,IMPACT BANK
416272,11569.0,11569000.0,"ABBEVILLE FIRST BANK, SSB"
625056,11552.0,11552000.0,FIRST SECURITY BANK OF ROUNDUP
700252,11522.0,11522000.0,CITIZENS NATIONAL BANK
956152,11522.0,11522000.0,INDEPENDENT FARMERS BANK
1006157,11519.0,11519000.0,FARMERS STATE BANK OF HAMEL
801056,11506.0,11506000.0,"FARMERS STATE BANK, THE"
954653,11501.0,11501000.0,CITIZENS STATE BANK OF LULING
76443,11489.0,11489000.0,"PEOPLES BANK, THE"
359744,11486.0,11486000.0,WHITE STATE BANK
159645,11475.0,11475000.0,STATE BANK OF REESEVILLE
246947,11439.0,11439000.0,"FIRST NATIONAL BANK OF SPARTA, THE"
675248,11409.0,11409000.0,GREENLEAF BANK
108746,11397.0,11397000.0,MASON CITY NATIONAL BANK
835613,11388.0,11388000.0,SECURITY BANK AND TRUST COMPANY
964250,11374.0,11374000.0,CITIZENS BANK & TRUST
629148,11372.0,11372000.0,BANK OF CAVE CITY
123374,11344.0,11344000.0,BEAUREGARD FEDERAL SAVINGS BANK
132938,11343.0,11343000.0,PLANTERS AND CITIZENS BANK
564678,11331.0,11331000.0,GSL SAVINGS BANK
502447,11313.0,11313000.0,FREDONIA VALLEY BANK
285553,11292.0,11292000.0,"SECURITY STATE BANK, THE"
673477,11281.0,11281000.0,CITIZENS FEDERAL SAVINGS AND LOAN ASSOCIATION OF COVINGTON
108652,11280.0,11280000.0,B2 BANK NATIONAL ASSOCIATION
977045,11277.0,11277000.0,RIVERSIDE BANK
803658,11273.0,11273000.0,FARMERS STATE BANK OF TRIMONT
823638,11266.0,11266000.0,FIRST BANK OF COASTAL GEORGIA
803256,11258.0,11258000.0,TRIUMPH STATE BANK
22552,11243.0,11243000.0,FIRST SOUTHEAST BANK
291732,11237.0,11237000.0,FARMERS & MERCHANTS BANK
875879,11229.0,11229000.0,WARSAW FEDERAL SAVINGS AND LOAN ASSOCIATION
271136,11218.0,11218000.0,BANK OF LOUISIANA
437044,11207.0,11207000.0,"WATKINS SAVINGS BANK, THE"
7634,11187.0,11187000.0,"FOUR COUNTY BANK, THE"
534859,11183.0,11183000.0,EXCHANGE STATE BANK
782548,11168.0,11168000.0,CLINTON BANK
60554,11159.0,11159000.0,FIRST STATE BANK MINNESOTA
998657,11123.0,11123000.0,"FARMERS BANK, THE"
997155,11108.0,11108000.0,"BALDWIN STATE BANK, THE"
532453,11104.0,11104000.0,IPSWICH STATE BANK
389376,11091.0,11091000.0,TECUMSEH FEDERAL BANK
903754,11086.0,11086000.0,UNION STATE BANK
825940,11085.0,11085000.0,BANK OF BUFFALO
711520,11079.0,11079000.0,MINERS EXCHANGE BANK
401072,11077.0,11077000.0,CENTURY SAVINGS AND LOAN ASSOCIATION
685023,11036.0,11036000.0,"CITIZENS NATIONAL BANK OF MCCONNELSVILLE, THE"
339353,11019.0,11019000.0,FIRST SECURITY BANK - CANBY
860231,11018.0,11018000.0,FARMERS STATE BANK OF EMDEN
61953,11011.0,11011000.0,FNB COWETA
1462986,11010.0,11010000.0,ASIAN PACIFIC NATIONAL BANK
504142,10990.0,10990000.0,CHILLICOTHE STATE BANK
441630,10971.0,10971000.0,BANK OF DADE
4032791,10962.0,10962000.0,"BROWN BROTHERS HARRIMAN TRUST COMPANY OF DELAWARE, NA"
1014059,10962.0,10962000.0,SOUTHWEST BANK OF WEATHERFORD
386825,10958.0,10958000.0,"CITIZENS NATIONAL BANK OF WOODSFIELD, THE"
2651899,10930.0,10930000.0,CEDAR HILL NATIONAL BANK
109154,10906.0,10906000.0,FIRST SECURITY BANK
941541,10888.0,10888000.0,PEOPLES BANK OF ALTENBURG
391959,10885.0,10885000.0,FIRST BANK OF UTICA
346566,10875.0,10875000.0,FIRST NATIONAL BANK OF SOUTH PADRE ISLAND
753641,10874.0,10874000.0,HURON STATE BANK
630340,10867.0,10867000.0,UNITED SECURITY BANK
565844,10865.0,10865000.0,STATE BANK OF MISSOURI
354,10863.0,10863000.0,BISON STATE BANK
488420,10853.0,10853000.0,"FAYETTE COUNTY NATIONAL BANK OF FAYETTEVILLE, THE"
289056,10835.0,10835000.0,"NORTHERN INTERSTATE BANK, NATIONAL ASSOCIATION"
984351,10833.0,10833000.0,FARMERS BANK & TRUST
42037,10827.0,10827000.0,PEOPLES EXCHANGE BANK
715470,10785.0,10785000.0,FIRST WESTERN FEDERAL SAVINGS BANK
956358,10765.0,10765000.0,SECURITY BANK OF THE OZARKS
343958,10761.0,10761000.0,CURRIE STATE BANK
513854,10754.0,10754000.0,FIRST STATE BANK
809379,10728.0,10728000.0,INVESTORS COMMUNITY BANK
548472,10725.0,10725000.0,"MAPLE CITY SAVINGS BANK, FSB"
467144,10725.0,10725000.0,HUSTISFORD STATE BANK
195456,10711.0,10711000.0,FIRST NATIONAL BANK
1014246,10699.0,10699000.0,CEDAR VALLEY BANK & TRUST
1016848,10686.0,10686000.0,COUNTY BANK
3599804,10678.0,10678000.0,GREAT NATIONS BANK
582654,10659.0,10659000.0,KANSAS STATE BANK
510947,10652.0,10652000.0,FARMERS STATE BANK & TRUST CO.
576578,10650.0,10650000.0,MONROE FEDERAL SAVINGS AND LOAN ASSOCIATION
709956,10630.0,10630000.0,OKLAHOMA HERITAGE BANK
88259,10629.0,10629000.0,JANESVILLE STATE BANK
518354,10628.0,10628000.0,"PARK BANK, NATIONAL ASSOCIATION"
591357,10625.0,10625000.0,"PEOPLES BANK, THE"
365848,10616.0,10616000.0,WILLIAMSVILLE STATE BANK AND TRUST
332756,10612.0,10612000.0,ADAMS STATE BANK
550653,10593.0,10593000.0,CEDAR SECURITY BANK
411174,10570.0,10570000.0,FIRST FEDERAL SAVINGS AND LOAN ASSOCIATION
37341,10548.0,10548000.0,BANK OF ONTARIO
2044820,10536.0,10536000.0,COMMUNITY BANK OF ELMHURST
719030,10524.0,10524000.0,"FIRST NATIONAL BANK OF PETERSTOWN, THE"
871358,10518.0,10518000.0,"BANK OF HOLYROOD, THE"
811541,10504.0,10504000.0,AUBURN BANKING COMPANY
138556,10495.0,10495000.0,HOME BANKING COMPANY
493077,10476.0,10476000.0,"FIRST MUTUAL BANK, FSB"
392152,10450.0,10450000.0,NEW CENTURY BANK
769334,10445.0,10445000.0,EXCHANGE STATE BANK
372444,10443.0,10443000.0,"LITCHFIELD NATIONAL BANK, THE"
956134,10438.0,10438000.0,LASALLE STATE BANK
145059,10428.0,10428000.0,BANK OF HALLS
3308529,10403.0,10403000.0,BANK OF BOZEMAN
474245,10394.0,10394000.0,VILLA GROVE STATE BANK
826451,10370.0,10370000.0,"AMERICAN EXCHANGE BANK, LINDSAY, OKLAHOMA"
177500,10282.0,10282000.0,FIRST NATIONAL BANK OF ORWELL
808345,10265.0,10265000.0,STATE CENTRAL BANK
516873,10256.0,10256000.0,SUNNYSIDE FEDERAL SAVINGS AND LOAN ASSOCIATION OF IRVINGTON
960551,10249.0,10249000.0,PRAIRIE SUN BANK
647955,10233.0,10233000.0,ASCENT BANK
489249,10227.0,10227000.0,KINMUNDY BANK
411576,10215.0,10215000.0,MAYVILLE SAVINGS BANK
411231,10202.0,10202000.0,BRANTLEY BANK & TRUST COMPANY
78157,10189.0,10189000.0,BANDERA BANK
851060,10179.0,10179000.0,ATASCOSA BANK
399357,10163.0,10163000.0,MCCLAVE STATE BANK
249416,10148.0,10148000.0,UNB BANK
644954,10130.0,10130000.0,DAVIDSON TRUST CO.
598543,10120.0,10120000.0,SIBLEY STATE BANK
116554,10098.0,10098000.0,OLD GLORY BANK
30052,10084.0,10084000.0,AMISTAD BANK
943143,10072.0,10072000.0,FIRST SECURITY BANK
2610784,10061.0,10061000.0,KEY COMMUNITY BANK
1017555,10055.0,10055000.0,FIRST COMMUNITY BANK
2602828,10020.0,10020000.0,STATE BANK
3254297,10009.0,10009000.0,BANK OF WALKER COUNTY
767554,9992.0,9992000.0,"CITIZENS BANK & TRUST COMPANY OF VIVIAN, LOUISIANA"
1008151,9988.0,9988000.0,BENDENA STATE BANK
472951,9966.0,9966000.0,SIOUXLAND BANK
417710,9924.0,9924000.0,"PINNACLE BANK, INC"
989851,9910.0,9910000.0,BANK OF MAPLE PLAIN
619859,9908.0,9908000.0,FCNB BANK
363778,9898.0,9898000.0,PEOPLES FIRST SAVINGS BANK
203575,9870.0,9870000.0,"CONNEAUT SAVINGS BANK, THE"
641449,9865.0,9865000.0,"CITIZENS BANK AND TRUST OF LEBANON, INC."
679451,9856.0,9856000.0,ELK STATE BANK
501655,9844.0,9844000.0,WILSON STATE BANK
1435092,9837.0,9837000.0,TEXAS NATIONAL BANK
419947,9822.0,9822000.0,"HILL-DODGE BANKING COMPANY, THE"
257653,9793.0,9793000.0,FARMERS AND MERCHANTS BANK
1014554,9788.0,9788000.0,STATE BANK OF BOTTINEAU
715975,9784.0,9784000.0,AMORY FEDERAL SAVINGS AND LOAN ASSOCIATION
881441,9772.0,9772000.0,ALTON BANK
919568,9772.0,9772000.0,FIRST CAPITAL BANK
5839915,9765.0,9765000.0,GALA BANK
208972,9755.0,9755000.0,KEYSAVINGS BANK
243955,9754.0,9754000.0,PEOPLES BANK & TRUST COMPANY
426057,9747.0,9747000.0,SPECTRA BANK
774253,9743.0,9743000.0,NORTHERN STATE BANK OF VIRGINIA
753856,9741.0,9741000.0,"DONLEY COUNTY STATE BANK, THE"
213958,9709.0,9709000.0,CITIZENS STATE BANK OF WAVERLY (INCORPORATED)
343051,9708.0,9708000.0,BANK OF EUFAULA
540542,9706.0,9706000.0,G.W. JONES EXCHANGE BANK
491653,9694.0,9694000.0,"COMMERCIAL BANK, THE"
931207,9675.0,9675000.0,"BROWN BROTHERS HARRIMAN TRUST COMPANY, N.A."
972750,9674.0,9674000.0,CONWAY BANK
724940,9669.0,9669000.0,FARMERS & MERCHANTS BANK OF HUTSONVILLE
714165,9668.0,9668000.0,"CITY NATIONAL BANK OF SAN SABA, THE"
250850,9646.0,9646000.0,COMMUNITY BANK
945950,9645.0,9645000.0,GRAND MARAIS STATE BANK
527749,9619.0,9619000.0,SECURITY STATE BANK
786256,9616.0,9616000.0,FLAT BRANCH BANK
110972,9591.0,9591000.0,FIRST FEDERAL SAVINGS BANK OF WASHINGTON
943273,9569.0,9569000.0,"PEOPLES SAVINGS AND LOAN COMPANY, THE"
148340,9559.0,9559000.0,UNION STATE BANK
986757,9554.0,9554000.0,BATTLE CREEK STATE BANK
822631,9532.0,9532000.0,MIDLAND COMMUNITY BANK
2775692,9519.0,9519000.0,"COMMUNITY BANK OF WICHITA, INC."
855143,9514.0,9514000.0,RIVERWIND BANK
97279,9500.0,9500000.0,WOODSFIELD SAVINGS BANK
381026,9496.0,9496000.0,"TWIN VALLEY BANK, THE"
271341,9466.0,9466000.0,PEOPLES BANK MT WASHINGTON
250476,9416.0,9416000.0,GN BANK
136655,9397.0,9397000.0,"LYNDON STATE BANK, THE"
114859,9395.0,9395000.0,FIRST BANK AND TRUST COMPANY
969956,9393.0,9393000.0,ZAVALA COUNTY BANK
108269,9387.0,9387000.0,"FIRST NATIONAL BANK OF MOODY, THE"
460350,9381.0,9381000.0,"FIRST SECURITY BANK, THE"
819154,9362.0,9362000.0,FIRST SECURITY STATE BANK
965051,9352.0,9352000.0,FIRST STATE BANK
422116,9318.0,9318000.0,"BANK OF THE MOUNTAINS, INC."
75651,9310.0,9310000.0,CERESCOBANK
663638,9309.0,9309000.0,"GERBER STATE BANK, THE"
308836,9308.0,9308000.0,BANK OF BOURBONNAIS
89135,9305.0,9305000.0,FIRST NATIONAL BANK OF WAUCHULA
171133,9280.0,9280000.0,EASTERN NATIONAL BANK
354851,9230.0,9230000.0,"STATE EXCHANGE BANK, THE"
593940,9226.0,9226000.0,BANK OF STRONGHURST
944748,9224.0,9224000.0,FARMERS STATE BANK
413347,9220.0,9220000.0,FIRST STATE BANK OF OLMSTED
5336928,9217.0,9217000.0,GENERATIONS COMMERCIAL BANK
732637,9202.0,9202000.0,WHITESVILLE STATE BANK
617079,9190.0,9190000.0,BLUE GRASS FEDERAL SAVINGS AND LOAN ASSOCIATION
358448,9187.0,9187000.0,MAYVILLE STATE BANK
95677,9140.0,9140000.0,"ROCKLAND SAVINGS BANK, FSB"
943853,9135.0,9135000.0,FROST STATE BANK
2939001,9116.0,9116000.0,CENTURY BANK OF FLORIDA
534073,9110.0,9110000.0,LIBERTY BANK
508270,9100.0,9100000.0,GLEN BURNIE MUTUAL SAVINGS BANK
578237,9095.0,9095000.0,COMMONWEALTH NATIONAL BANK
275657,9091.0,9091000.0,"FIRST STATE BANK, THE"
960047,9088.0,9088000.0,BANK OF CALHOUN COUNTY
660879,9087.0,9087000.0,"ANGELINA SAVINGS BANK, SSB"
988256,9060.0,9060000.0,"FIRST NATIONAL BANK OF MCINTOSH, THE"
848453,9053.0,9053000.0,"BANK OF HOUSTON, THE"
913436,9052.0,9052000.0,MINERS AND MERCHANTS BANK
467733,9050.0,9050000.0,UNION STATE BANK
111157,9049.0,9049000.0,BANK OF LINDSAY
861854,9042.0,9042000.0,FIRST STATE BANK
43856,9041.0,9041000.0,"MINERS NATIONAL BANK OF EVELETH, THE"
897451,9033.0,9033000.0,INTEGRITY BANK PLUS
1945247,9018.0,9018000.0,UNITED BANK OF PHILADELPHIA
863652,9009.0,9009000.0,"FARMERS STATE BANK, THE"
598132,9005.0,9005000.0,"SECURITY STATE BANK, THE"
4368351,9003.0,9003000.0,KEY NATIONAL TRUST COMPANY OF DELAWARE
211114,8970.0,8970000.0,"HYDEN CITIZENS BANK, INC"
13251,8961.0,8961000.0,ELYSIAN BANK
276654,8949.0,8949000.0,FIRST FARMERS & MERCHANTS STATE BANK
677354,8937.0,8937000.0,FIRST NATIONAL BANK IN CIMARRON
662350,8936.0,8936000.0,WAHOO STATE BANK
688453,8913.0,8913000.0,"CITIZENS STATE BANK AT MOHALL, THE"
890957,8911.0,8911000.0,STRASBURG STATE BANK
1820979,8904.0,8904000.0,"TRUST COMPANY OF TOLEDO, NATIONAL ASSOCIATION, THE"
937843,8904.0,8904000.0,BLISSFIELD STATE BANK
931458,8897.0,8897000.0,VISTA NATIONAL BANK & TRUST
170257,8892.0,8892000.0,HASKELL NATIONAL BANK
147651,8888.0,8888000.0,COMMUNITY STATE BANK OF CANTON
377663,8884.0,8884000.0,FANNIN BANK
726458,8855.0,8855000.0,"FIRST NATIONAL BANK OF OSAKIS, THE"
242949,8848.0,8848000.0,FNNB BANK
378044,8843.0,8843000.0,COMMUNITY STATE BANK
361354,8842.0,8842000.0,GRANT COUNTY BANK
858443,8841.0,8841000.0,"FIRST NATIONAL BANK OF AVA, THE"
843953,8841.0,8841000.0,INTEGRITY BANK
1474309,8835.0,8835000.0,BANK47
177135,8827.0,8827000.0,FIRST PROGRESSIVE BANK
157155,8827.0,8827000.0,THAYER COUNTY BANK
351131,8822.0,8822000.0,BANK OF BREWTON
666358,8814.0,8814000.0,FIRST CITIZENS BANK OF BUTTE
238250,8777.0,8777000.0,PEOPLES STATE BANK
3308574,8768.0,8768000.0,PARAMOUNT BANK
280558,8711.0,8711000.0,"FIRST NATIONAL BANK OF COKATO, THE"
424352,8678.0,8678000.0,ANAHUAC NATIONAL BANK
984454,8677.0,8677000.0,SECURITY STATE BANK OF KENYON
79127,8665.0,8665000.0,HOME NATIONAL BANK
156457,8664.0,8664000.0,HOMETOWN COMMUNITY BANK
559179,8662.0,8662000.0,BROOKVILLE BUILDING AND SAVINGS ASSOCIATION
667551,8656.0,8656000.0,LINCOLN STATE BANK
471057,8628.0,8628000.0,"FIRST STATE BANK OF RANSOM, THE"
753052,8619.0,8619000.0,MONTROSE SAVINGS BANK
672238,8608.0,8608000.0,"ATLANTA NATIONAL BANK, THE"
492810,8581.0,8581000.0,OWINGSVILLE BANKING COMPANY
563934,8574.0,8574000.0,SOUTHEAST FIRST NATIONAL BANK
403656,8566.0,8566000.0,STATE BANK OF EAGLE BUTTE
41553,8561.0,8561000.0,FIRST STATE BANK
897237,8560.0,8560000.0,"CITIZENS BANK OF MORGANTOWN, INC."
513322,8541.0,8541000.0,DEDICATED COMMUNITY BANK
560438,8528.0,8528000.0,BANK OF EVERGREEN
804150,8513.0,8513000.0,VERGAS STATE BANK
273653,8500.0,8500000.0,CONCORDE BANK
1015458,8490.0,8490000.0,GLOBAL INNOVATIONS BANK
498456,8485.0,8485000.0,AVANA BANK
188739,8475.0,8475000.0,BASILE STATE BANK
392255,8469.0,8469000.0,FIRST NATIONAL BANK
595944,8467.0,8467000.0,SANBORN SAVINGS BANK
24378,8459.0,8459000.0,"GALION BUILDING AND LOAN BANK, THE"
3480069,8425.0,8425000.0,WEST VALLEY NATIONAL BANK
112510,8404.0,8404000.0,"BALTIC STATE BANK, THE"
75455,8379.0,8379000.0,"NORTHERN STATE BANK OF GONVICK, THE"
918356,8375.0,8375000.0,GRAND TIMBER BANK
174367,8364.0,8364000.0,COMMERCE BANK TEXAS
409265,8347.0,8347000.0,SPUR SECURITY BANK
647759,8332.0,8332000.0,"FARMERS STATE BANK, THE"
533227,8324.0,8324000.0,"METAMORA STATE BANK, THE"
432432,8312.0,8312000.0,PHENIX-GIRARD BANK
2750,8299.0,8299000.0,GENOA COMMUNITY BANK
122546,8293.0,8293000.0,MIDWEST NATIONAL BANK
644057,8279.0,8279000.0,"FIRST STATE BANK, THE"
670654,8274.0,8274000.0,FIRST SECURITY BANK OF DEER LODGE
5758445,8269.0,8269000.0,GAINEY BUSINESS BANK
958231,8269.0,8269000.0,COMMUNITY BANK OF EASTON
865852,8268.0,8268000.0,FARMERS STATE BANK OF UNDERWOOD
459644,8263.0,8263000.0,FIRST COMMUNITY BANK OF MOULTRIE COUNTY
176437,8251.0,8251000.0,BANK OF WRIGHTSVILLE
184759,8218.0,8218000.0,WASHITA VALLEY BANK
5887420,8216.0,8216000.0,"PREFERRED LEGACY NATIONAL TRUST BANK, THE"
2724766,8180.0,8180000.0,COMMUNITY BANK OF MEMPHIS
197254,8152.0,8152000.0,FIRST NATIONAL BANK OF SPEARVILLE
396057,8145.0,8145000.0,INDEPENDENCE STATE BANK
353957,8142.0,8142000.0,"FIRST FARMERS NATIONAL BANK OF WAURIKA, THE"
798512,8125.0,8125000.0,"FIRST NATIONAL BANK OF BROOKSVILLE, THE"
524757,8112.0,8112000.0,FARMERS BANK
287922,8099.0,8099000.0,"PEOPLES SAVINGS BANK, THE"
120476,8083.0,8083000.0,ARGENTINE FEDERAL SAVINGS
103134,8067.0,8067000.0,"BANK OF COMMERCE, THE"
321152,8065.0,8065000.0,LINEAGE BANK
735414,8032.0,8032000.0,"FIRST NATIONAL BANK OF BLANCHESTER, THE"
944935,8003.0,8003000.0,STATE BANK OF INDUSTRY
856542,7988.0,7988000.0,BREDA SAVINGS BANK
62147,7979.0,7979000.0,COMMUNITY FIRST BANK
112556,7972.0,7972000.0,STATE BANK OF CHANDLER
442655,7971.0,7971000.0,"FIRST NATIONAL BANK IN FALFURRIAS, THE"
457,7952.0,7952000.0,LOWRY STATE BANK
157856,7951.0,7951000.0,FIRST BANK AND TRUST COMPANY
195157,7926.0,7926000.0,"ELEVATE BANK, NATIONAL ASSOCIATION"
450669,7918.0,7918000.0,"FIRST NATIONAL BANK OF ELY, THE"
321330,7908.0,7908000.0,FARMERS AND MERCHANTS STATE BANK OF BUSHNELL
603540,7902.0,7902000.0,BLACK RIVER COUNTRY BANK
40033,7898.0,7898000.0,RICHTON BANK & TRUST COMPANY
77150,7848.0,7848000.0,FIRST FARMERS & MERCHANTS STATE BANK OF GRAND MEADOW
969059,7836.0,7836000.0,FIRST SECURITY BANK - WEST
760939,7835.0,7835000.0,FIRST BANK OF PIKE
401951,7832.0,7832000.0,PORTAGE BANK
858153,7831.0,7831000.0,STATE BANK OF CANTON
717232,7813.0,7813000.0,PEOPLES BANK OF GRACEVILLE
1007958,7799.0,7799000.0,CLARKSON BANK
1014451,7796.0,7796000.0,AMERICAN EXCHANGE BANK
269759,7780.0,7780000.0,FARMERS AND MERCHANTS STATE BANK OF APPLETON
915056,7777.0,7777000.0,PEOPLES BANK OF MONITEAU COUNTY
2641827,7775.0,7775000.0,"NEW COVENANT TRUST COMPANY, NATIONAL ASSOCIATION"
732954,7767.0,7767000.0,CARMINE STATE BANK
700140,7767.0,7767000.0,MONTEZUMA STATE BANK
276953,7714.0,7714000.0,COMMUNITY BANK
522454,7704.0,7704000.0,FIRST STATE BANK
371849,7676.0,7676000.0,BANK OF YATES CITY
741152,7649.0,7649000.0,JUNCTION NATIONAL BANK
814355,7639.0,7639000.0,SECURITY STATE BANK OF OKLEE
824738,7637.0,7637000.0,FIRST NATIONAL BANK OF LACON
328058,7632.0,7632000.0,FIRST BANK OF THOMAS
14753,7632.0,7632000.0,"FARMERS STATE BANK OF BUCKLIN, KANSAS, THE"
474544,7631.0,7631000.0,CITIZENS SAVINGS BANK
870856,7630.0,7630000.0,"FIRST NATIONAL BANK OF HOPE, THE"
754246,7620.0,7620000.0,LOGAN STATE BANK
2912750,7610.0,7610000.0,SECURITY NATIONAL TRUST CO.
924254,7596.0,7596000.0,"CITIZENS STATE BANK OF CHENEY, KANSAS, THE"
92144,7563.0,7563000.0,COMMUNITY STATE BANK
270652,7545.0,7545000.0,SECURITY STATE BANK
401559,7519.0,7519000.0,DNB NATIONAL BANK
366359,7513.0,7513000.0,"FIRST NATIONAL BANK OF ANSON, THE"
3285246,7505.0,7505000.0,FIRST STATE BANK
736158,7500.0,7500000.0,"POTTER STATE BANK OF POTTER, THE"
229454,7497.0,7497000.0,FIRST STATE BANK OF BROWNSBORO
997557,7476.0,7476000.0,FIRST STATE BANK OF HARVEY
777441,7459.0,7459000.0,FLORA BANK & TRUST
128258,7456.0,7456000.0,WESTERN DAKOTA BANK
824242,7443.0,7443000.0,BENTON COUNTY STATE BANK
412452,7439.0,7439000.0,COMMUNITY BANK OF OKLAHOMA
42457,7429.0,7429000.0,COMMERCIAL BANK
515979,7425.0,7425000.0,PEE DEE FEDERAL SAVINGS BANK
4146830,7423.0,7423000.0,NEUBERGER BERMAN TRUST COMPANY OF DELAWARE NATIONAL ASSOCIATION
324229,7412.0,7412000.0,"WATERFORD COMMERCIAL AND SAVINGS BANK, THE"
37659,7393.0,7393000.0,"FARMERS STATE BANK, ALLEN, OKLAHOMA"
655530,7392.0,7392000.0,ANCHOR STATE BANK
804860,7392.0,7392000.0,CITIZENS STATE BANK
697950,7365.0,7365000.0,CITY NATIONAL BANK
570651,7362.0,7362000.0,FIRST TRI-COUNTY BANK
304575,7358.0,7358000.0,SIDNEY FEDERAL SAVINGS AND LOAN ASSOCIATION
507349,7355.0,7355000.0,FARMERS STATE BANK
923949,7318.0,7318000.0,"STATE BANK OF PEARL CITY, THE"
116358,7315.0,7315000.0,STATE BANK OF COLD SPRING
505916,7309.0,7309000.0,"FIRST NATIONAL BANK OF GERMANTOWN, THE"
187648,7297.0,7297000.0,VERMONT STATE BANK
456344,7284.0,7284000.0,HART COUNTY BANK AND TRUST COMPANY
767152,7280.0,7280000.0,"FIRST NATIONAL BANK IN COOPER, THE"
333940,7274.0,7274000.0,"FIRST NATIONAL BANK OF OKAWVILLE, THE"
663656,7268.0,7268000.0,SMALL BUSINESS BANK
856458,7227.0,7227000.0,BANK OF HAZELTON
720157,7193.0,7193000.0,MARSHALL COUNTY STATE BANK
324256,7190.0,7190000.0,OKLAHOMA STATE BANK
460556,7189.0,7189000.0,"STATE NATIONAL BANK OF GROOM, THE"
894834,7180.0,7180000.0,"TRUST BANK, THE"
835659,7172.0,7172000.0,TRI-COUNTY TRUST COMPANY
411240,7161.0,7161000.0,"OLD EXCHANGE NATIONAL BANK OF OKAWVILLE, THE"
3353154,7148.0,7148000.0,BMO HARRIS CENTRAL NATIONAL ASSOCIATION
671053,7147.0,7147000.0,STOCK EXCHANGE BANK
686570,7141.0,7141000.0,LADYSMITH FEDERAL SAVINGS & LOAN ASSOCIATION
375650,7136.0,7136000.0,MENARD BANK
550448,7133.0,7133000.0,"STATE BANK, THE"
777254,7130.0,7130000.0,HERITAGE BANK MINNESOTA
658072,7125.0,7125000.0,COUNTY SAVINGS BANK
360777,7095.0,7095000.0,"JACKSON SAVINGS BANK, SSB"
104971,7086.0,7086000.0,MARTINSVILLE FIRST SAVINGS BANK
8631,7075.0,7075000.0,"PLEASANTS COUNTY BANK, THE"
73956,7023.0,7023000.0,SECURITY STATE BANK
21359,7021.0,7021000.0,AMERICAN STATE BANK OF GRYGLA
371755,7018.0,7018000.0,"FIRST NATIONAL BANK OF CHISHOLM, THE"
460275,7016.0,7016000.0,SECOND FEDERAL SAVINGS & LOAN ASSOCIATION OF PHILADELPHIA
73152,7015.0,7015000.0,"FARMERS AND MERCHANTS NATIONAL BANK OF FAIRVIEW, THE"
937834,7014.0,7014000.0,F & M BANK AND TRUST COMPANY
79257,7005.0,7005000.0,GROVE BANK
931159,7001.0,7001000.0,FIRST STATE BANK OF GOLVA
884657,6999.0,6999000.0,RUSHFORD STATE BANK (INCORPORATED)
442057,6993.0,6993000.0,"CITIZENS STATE BANK AND TRUST COMPANY, THE"
3448425,6961.0,6961000.0,COMMUNITY BANK OF PLEASANT HILL
231279,6927.0,6927000.0,CHESTER NATIONAL BANK
503547,6904.0,6904000.0,"FAIRMOUNT STATE BANK, THE"
835378,6875.0,6875000.0,"BEARDSTOWN SAVINGS, S.B."
2905761,6867.0,6867000.0,TWIN CITY BANK
987576,6854.0,6854000.0,"LIBERTY SAVINGS ASSOCIATION, FSA, THE"
668053,6805.0,6805000.0,ASPIRE BANK
311144,6791.0,6791000.0,BANK OF BEARDEN
292234,6772.0,6772000.0,FIRST FINANCIAL BANK
58355,6767.0,6767000.0,VANTAGE BANK
192651,6728.0,6728000.0,PEOPLES STATE BANK OF WELLS
2123930,6719.0,6719000.0,"BANK OF MILAN, THE"
338945,6715.0,6715000.0,1ST COMMUNITY BANK
1856,6689.0,6689000.0,WASHITA STATE BANK
871956,6675.0,6675000.0,"FIRST BANK OF CELESTE, THE"
837653,6674.0,6674000.0,HEARTLAND STATE BANK
107758,6668.0,6668000.0,BONANZA VALLEY STATE BANK
1176920,6662.0,6662000.0,COMMUNITY STATE BANK
775241,6655.0,6655000.0,COMMUNITY NATIONAL BANK IN MONMOUTH
72351,6635.0,6635000.0,FARMERS STATE BANK
146056,6603.0,6603000.0,ALLNATIONS BANK
229173,6588.0,6588000.0,"AUBURN SAVINGS BANK, FSB"
678052,6553.0,6553000.0,"BANK OF SAN JACINTO COUNTY, COLDSPRING, TEXAS, THE"
973252,6552.0,6552000.0,SWEDISH-AMERICAN STATE BANK
2797210,6548.0,6548000.0,"OLD POINT TRUST & FINANCIAL SERVICES, N.A."
649632,6545.0,6545000.0,ROCHELLE STATE BANK
998358,6536.0,6536000.0,HOWARD STATE BANK
354253,6529.0,6529000.0,SUNRISE BANK DAKOTA
760957,6524.0,6524000.0,"FIRST STATE BANK OF ROSEMOUNT, THE"
431350,6522.0,6522000.0,"BANK OF COMMERCE AND TRUST COMPANY, THE"
764151,6517.0,6517000.0,LOVELADY STATE BANK
618647,6517.0,6517000.0,FIRST HERITAGE BANK
391557,6467.0,6467000.0,LAKESIDE BANK OF SALINA
560214,6463.0,6463000.0,"CORN CITY STATE BANK, THE"
578862,6447.0,6447000.0,FIRST STATE BANK OF SAN DIEGO
721752,6442.0,6442000.0,"FARMERS & MERCHANTS STATE BANK OF NEW YORK MILLS, INCORPORATED"
840354,6420.0,6420000.0,FIRST FINANCIAL BANK IN WINNEBAGO
983158,6401.0,6401000.0,GRANT COUNTY STATE BANK
303747,6392.0,6392000.0,"FIRST BANK AND TRUST COMPANY OF MURPHYSBORO, THE"
800479,6386.0,6386000.0,"TARBORO SAVINGS BANK, SSB"
843476,6372.0,6372000.0,CORNERSTONE BANK
876157,6362.0,6362000.0,ODIN STATE BANK
857259,6354.0,6354000.0,BANK OF GREELEY
821643,6352.0,6352000.0,ASHTON STATE BANK
293352,6289.0,6289000.0,ADRIAN STATE BANK
302133,6246.0,6246000.0,CAMP GROVE STATE BANK
316934,6242.0,6242000.0,BUCKLEY STATE BANK
320034,6232.0,6232000.0,PEOPLES BANK OF GREENSBORO
3032833,6209.0,6209000.0,CHEYENNE STATE BANK
480246,6203.0,6203000.0,WASHINGTON STATE BANK
311658,6196.0,6196000.0,"FIRST NATIONAL BANK OF COLERAINE, THE"
678258,6175.0,6175000.0,STATE BANK OF LAKOTA
308256,6171.0,6171000.0,CENBANK
651149,6170.0,6170000.0,STATE BANK
82350,6167.0,6167000.0,"LAUDERDALE COUNTY BANK, THE"
309851,6167.0,6167000.0,ROOT RIVER STATE BANK
790150,6163.0,6163000.0,BANK OF IBERIA
132778,6136.0,6136000.0,HOMESTEAD SAVINGS BANK
91950,6070.0,6070000.0,FARMERS STATE BANK OF CANTON
267652,6066.0,6066000.0,SECURITY STATE BANK OF AITKIN
3139321,6061.0,6061000.0,COMMUNITY BANK OWATONNA
206950,6059.0,6059000.0,UNION STATE BANK
995955,6055.0,6055000.0,KRESS NATIONAL BANK
991078,6050.0,6050000.0,BOONVILLE FEDERAL SAVINGS BANK
701857,6038.0,6038000.0,CROWELL STATE BANK
877958,6035.0,6035000.0,"HOPETON STATE BANK, THE"
1016558,6026.0,6026000.0,GENERATIONS BANK
755421,6003.0,6003000.0,"BLUE GRASS VALLEY BANK, THE"
219679,5996.0,5996000.0,CARROLLTON FEDERAL BANK
975452,5968.0,5968000.0,"FIRST NATIONAL BANK OF GILBERT, THE"
603755,5958.0,5958000.0,FIRST STATE BANK
560353,5935.0,5935000.0,FIRST NATIONAL BANK OF LAKE JACKSON
272151,5895.0,5895000.0,"GRANGER NATIONAL BANK, THE"
940852,5877.0,5877000.0,CITIZENS STATE BANK OF LANKIN
252452,5875.0,5875000.0,PREFERRED BANK
82257,5817.0,5817000.0,BRYANT STATE BANK
544951,5812.0,5812000.0,COWBOY STATE BANK
723550,5792.0,5792000.0,"HAMILTON BANK, THE"
5805479,5768.0,5768000.0,"BESSEMER TRUST COMPANY OF NEVADA, NATIONAL ASSOCIATION"
411549,5751.0,5751000.0,TABLE GROVE STATE BANK
479567,5738.0,5738000.0,"FIRST NATIONAL BANK OF TRINITY, THE"
767572,5732.0,5732000.0,TUCUMCARI FEDERAL SAVINGS & LOAN ASSOCIATION
76153,5728.0,5728000.0,BANK OF CLARKS
1494482,5720.0,5720000.0,SOUND BANKING COMPANY
770545,5713.0,5713000.0,MIDDLETOWN STATE BANK
207041,5706.0,5706000.0,"FIRST NATIONAL BANK OF BROWNSTOWN, THE"
382256,5705.0,5705000.0,STANTON STATE BANK
918655,5694.0,5694000.0,FIRST STATE BANK OF CANDO
378110,5679.0,5679000.0,"PEOPLES BANK, THE"
284958,5661.0,5661000.0,FIRST STATE BANK
227656,5643.0,5643000.0,BRIGHTON BANK
582878,5613.0,5613000.0,HOME FEDERAL SAVINGS AND LOAN ASSOCIATION
803265,5593.0,5593000.0,ROBERT LEE STATE BANK
102333,5585.0,5585000.0,APEX BANKING COMPANY OF GEORGIA
2811086,5570.0,5570000.0,PREFERRED BANK
464853,5558.0,5558000.0,BANK 360
694771,5552.0,5552000.0,FARMERS STATE BANK
1004256,5528.0,5528000.0,BUTTE STATE BANK
887854,5469.0,5469000.0,SHERWOOD COMMUNITY BANK
33839,5434.0,5434000.0,PEOPLES STATE BANK OF COLFAX
404943,5403.0,5403000.0,TRI-VALLEY BANK
643274,5389.0,5389000.0,"PIONEER SAVINGS BANK, THE"
440978,5368.0,5368000.0,KINGSTREE FEDERAL SAVINGS AND LOAN ASSOCIATION
858452,5366.0,5366000.0,BANK OF PRAGUE
601032,5339.0,5339000.0,FAIRVIEW STATE BANKING COMPANY
215653,5328.0,5328000.0,WELCOME STATE BANK
426141,5322.0,5322000.0,FIRST STATE BANK OF ST. PETER
1000856,5322.0,5322000.0,"BAXTER STATE BANK, THE"
412872,5315.0,5315000.0,FARMERS AND MECHANICS FEDERAL SAVINGS BANK
741956,5307.0,5307000.0,"MER ROUGE STATE BANK, THE"
440857,5252.0,5252000.0,AMERICA'S COMMUNITY BANK
388753,5183.0,5183000.0,FARMERS AND MERCHANTS STATE BANK OF ALPHA
681249,5175.0,5175000.0,HIGHLAND STATE BANK
534242,5173.0,5173000.0,STATE BANK OF SCHALLER
343248,5139.0,5139000.0,"FIRST NATIONAL BANK OF PRIMGHAR, THE"
1012457,5111.0,5111000.0,ROLETTE STATE BANK
205458,5095.0,5095000.0,STATE BANK OF TAUNTON
444677,5090.0,5090000.0,"BLACK MOUNTAIN SAVINGS BANK, SSB"
388258,5076.0,5076000.0,MARQUETTE FARMERS STATE BANK OF MARQUETTE KANSAS
1014255,5075.0,5075000.0,STATE BANK OF JEFFERS
693073,5068.0,5068000.0,FIRST FEDERAL SAVINGS AND LOAN ASSOCIATION OF CENTERBURG
242,5056.0,5056000.0,FIRST COMMUNITY BANK XENIA-FLORA
167752,5052.0,5052000.0,"MARION NATIONAL BANK, THE"
749840,5042.0,5042000.0,FARMERS STATE BANK
540850,5041.0,5041000.0,FORD COUNTY STATE BANK
868572,5032.0,5032000.0,HOME SAVINGS BANK OF WAPAKONETA
131717,5005.0,5005000.0,"FARMERS STATE BANK, INC"
2490285,4995.0,4995000.0,FIRST NATIONAL BANK
3458,4961.0,4961000.0,FARMBANK
823142,4902.0,4902000.0,DU QUOIN STATE BANK
579319,4901.0,4901000.0,"COMMUNITY FIRST BANK, NATIONAL ASSOCIATION"
272058,4896.0,4896000.0,STATE BANK OF BELLINGHAM
866251,4889.0,4889000.0,UNION STATE BANK
482370,4873.0,4873000.0,NORTH COUNTY SAVINGS BANK
593771,4812.0,4812000.0,"LIBERTY BANK, INC."
292850,4785.0,4785000.0,"FIRST NATIONAL BANK OF WAKEFIELD, THE"
610539,4782.0,4782000.0,"BANK OF EDISON, THE"
481748,4732.0,4732000.0,SLOAN STATE BANK
741358,4700.0,4700000.0,PEOPLES STATE BANK
639857,4660.0,4660000.0,PEOPLES BANK OF DEER LODGE
138257,4655.0,4655000.0,"FIRST NATIONAL BANK OF ASPERMONT, THE"
322551,4641.0,4641000.0,FIRST SECURITY BANK
522034,4640.0,4640000.0,"COMMERCIAL BANK OF OZARK, THE"
514356,4624.0,4624000.0,FIRST SUMMIT BANK
99853,4586.0,4586000.0,FIRST STATE BANK
325459,4567.0,4567000.0,FIRST STATE BANK IN TEMPLE
321255,4515.0,4515000.0,FIRST AMERICAN BANK
738657,4501.0,4501000.0,"CITY STATE BANK, THE"
83852,4434.0,4434000.0,RICHLAND STATE BANK
833851,4422.0,4422000.0,FIRST STATE BANK OF SWANVILLE
3952904,4418.0,4418000.0,CANANDAIGUA NATIONAL TRUST COMPANY OF FLORIDA
362043,4393.0,4393000.0,"EXCHANGE STATE BANK, THE"
17259,4376.0,4376000.0,"FIRST NATIONAL BANK IN MARLOW, THE"
1017854,4368.0,4368000.0,"FARMERS STATE BANK OF BLUE MOUND, THE"
921655,4294.0,4294000.0,COTTONWOOD VALLEY BANK
771047,4272.0,4272000.0,CITIZENS STATE BANK OF MILFORD
839817,4250.0,4250000.0,FARMERS & TRADERS BANK OF CAMPTON
3153233,4221.0,4221000.0,METROPOLITAN CAPITAL BANK & TRUST
519874,4219.0,4219000.0,LAMONT BANK OF ST. JOHN
821559,4181.0,4181000.0,"MINNESOTA FIRST CREDIT AND SAVINGS, INCORPORATED"
856159,4168.0,4168000.0,SAINT MARTIN NATIONAL BANK
496957,4147.0,4147000.0,"FARMERS STATE BANK OF TURTON, THE"
1008450,4131.0,4131000.0,COMMUNITY STATE BANK
472148,4111.0,4111000.0,FIRST STATE BANK OF VAN ORIN
902645,4108.0,4108000.0,DEFIANCE STATE BANK
842853,4039.0,4039000.0,UNITED MINNESOTA BANK
912756,4032.0,4032000.0,STATE BANK OF LAKE PARK
373272,4020.0,4020000.0,COMPASS SAVINGS BANK
306056,4013.0,4013000.0,"FIRST NATIONAL BANK OF FLEMING, THE"
885579,3985.0,3985000.0,TIOGA-FRANKLIN SAVINGS BANK
646471,3977.0,3977000.0,HUNTINGDON SAVINGS BANK
904845,3958.0,3958000.0,BANK OF CADIZ AND TRUST COMPANY
983055,3946.0,3946000.0,FIRST BANK OF BANCROFT
879550,3945.0,3945000.0,BANK OF NEW CAMBRIA
603559,3937.0,3937000.0,FARMERS STATE BANK
823553,3906.0,3906000.0,"BANK OF DENTON, THE"
571957,3893.0,3893000.0,"STATE EXCHANGE BANK, THE"
175458,3881.0,3881000.0,BANK OF MEAD
691042,3880.0,3880000.0,"MERCHANTS & PLANTERS BANK, THE"
614256,3878.0,3878000.0,FIRST NATIONAL BANK OF KANSAS
104542,3873.0,3873000.0,MARSEILLES BANK
74449,3853.0,3853000.0,FIRST NATIONAL BANK IN TIGERTON
274052,3816.0,3816000.0,"FARMERS AND MERCHANTS BANK OF MOUND CITY, KANSAS"
2960788,3803.0,3803000.0,"WHEATON COLLEGE TRUST COMPANY, NATIONAL ASSOCIATION"
675341,3784.0,3784000.0,AMERICAN TRUST & SAVINGS BANK
379050,3774.0,3774000.0,STATE BANK OF EASTON
816751,3769.0,3769000.0,KINDRED STATE BANK
846132,3766.0,3766000.0,DEWEY BANK
278751,3749.0,3749000.0,WESTERN NATIONAL BANK OF CASS LAKE
542854,3693.0,3693000.0,FARMERS STATE BANK
981453,3685.0,3685000.0,FARMERS STATE BANK OF HOFFMAN
694146,3679.0,3679000.0,MAXWELL STATE BANK
90047,3663.0,3663000.0,PALO SAVINGS BANK
410159,3651.0,3651000.0,ANDES STATE BANK
2502825,3650.0,3650000.0,DSRM NATIONAL BANK
789051,3637.0,3637000.0,NINNESCAH VALLEY BANK
407850,3627.0,3627000.0,FARMERS STATE BANK
235558,3612.0,3612000.0,CITIZENS STATE BANK
375379,3582.0,3582000.0,NORTH SIDE FEDERAL SAVINGS AND LOAN ASSOCIATION OF CHICAGO
861153,3568.0,3568000.0,"HAVILAND STATE BANK, THE"
923350,3549.0,3549000.0,FIRST NATIONAL BANK IN FRANKFORT
768476,3518.0,3518000.0,CONNECT COMMUNITY BANK
472250,3517.0,3517000.0,BOELUS STATE BANK
70955,3505.0,3505000.0,NEBRASKA STATE BANK
363442,3467.0,3467000.0,SAINTE MARIE STATE BANK
509857,3428.0,3428000.0,FMB BANK
350657,3370.0,3370000.0,1ST BANK IN HOMINY
92902,3337.0,3337000.0,BANK OF CATTARAUGUS
425050,3307.0,3307000.0,"FARMERS AND MERCHANTS STATE BANK, THE"
994770,3285.0,3285000.0,"MILFORD BUILDING AND LOAN ASSOCIATION, SB"
270353,3268.0,3268000.0,ARLINGTON STATE BANK
630041,3258.0,3258000.0,"FIRST STATE BANK OF DONGOLA, THE"
915935,3199.0,3199000.0,CITIZENS BANK OF EDINBURG
783349,3193.0,3193000.0,STATE BANK OF NAUVOO
288152,3179.0,3179000.0,"FIRST NATIONAL BANK OF FREDERICK, THE"
33370,3154.0,3154000.0,"HOME SAVINGS BANK, FSB"
706450,3152.0,3152000.0,LAKE COUNTRY COMMUNITY BANK
418436,3135.0,3135000.0,PEOPLES BANK OF MACON
794653,3085.0,3085000.0,"FIRST NATIONAL BANK AT SAINT JAMES, THE"
441135,3056.0,3056000.0,CITIZENS BANK OF CHATSWORTH
2337335,3054.0,3054000.0,"UMB BANK & TRUST, NATIONAL ASSOCIATION"
424437,3051.0,3051000.0,CAMPUS STATE BANK
959630,3020.0,3020000.0,BANK OF LUMBER CITY
3268173,2982.0,2982000.0,EMIGRANT MERCANTILE BANK
480330,2937.0,2937000.0,"LEMONT NATIONAL BANK, THE"
514057,2900.0,2900000.0,NEBRASKA STATE BANK
2877484,2886.0,2886000.0,BHM BANK
981350,2875.0,2875000.0,DICKINSON COUNTY BANK
177555,2867.0,2867000.0,CORN GROWERS STATE BANK
768953,2810.0,2810000.0,"BANK OF TIOGA, THE"
731957,2795.0,2795000.0,"FIRST NATIONAL BANK OF PROCTOR, THE"
490955,2775.0,2775000.0,"WALTON STATE BANK, THE"
818559,2747.0,2747000.0,"FIRST STATE BANK OF RED WING, THE"
918776,2731.0,2731000.0,NEW FOUNDATION SAVINGS BANK
441470,2709.0,2709000.0,FIRST FEDERAL SAVINGS AND LOAN ASSOCIATION
811457,2669.0,2669000.0,"FIRST NATIONAL BANK OF LIPAN, THE"
838155,2647.0,2647000.0,"PEOPLES STATE BANK, FAIRMOUNT, NORTH DAKOTA"
577230,2583.0,2583000.0,TALBOT STATE BANK
652959,2549.0,2549000.0,FARMERS STATE BANK
469250,2440.0,2440000.0,PRESCOTT STATE BANK
273859,2363.0,2363000.0,FARMERS AND MERCHANTS BANK
910079,2341.0,2341000.0,"EQUITABLE SAVINGS AND LOAN COMPANY, THE"
943152,2337.0,2337000.0,"FIRST STATE BANK OF FOUNTAIN, THE"
295646,2308.0,2308000.0,FARMERS STATE BANK OF MEDORA
604033,2298.0,2298000.0,"FIRST NATIONAL BANK OF ASSUMPTION, THE"
921936,2294.0,2294000.0,FARMERS STATE BANK
67254,2252.0,2252000.0,YOUNG AMERICANS BANK
274025,2247.0,2247000.0,MT. VICTORY STATE BANK
971379,2227.0,2227000.0,"HERTFORD SAVINGS BANK, SSB"
185251,2208.0,2208000.0,"FIRST NATIONAL BANK OF FLETCHER, THE"
836656,2207.0,2207000.0,FARMERS AND MERCHANTS BANK
855303,2205.0,2205000.0,"CITIZENS NATIONAL BANK OF HAMMOND, THE"
225942,2201.0,2201000.0,HERITAGE BANK
1011852,2178.0,2178000.0,CULBERTSON BANK
976954,2137.0,2137000.0,FARMERS STATE BANK
767246,2068.0,2068000.0,CHESTERFIELD STATE BANK
78559,2005.0,2005000.0,SUMMIT NATIONAL BANK
539872,1963.0,1963000.0,"TRUSTTEXAS BANK, S.S.B."
596277,1957.0,1957000.0,COLUMBIA SAVINGS AND LOAN ASSOCIATION
384353,1925.0,1925000.0,BANK OF STEINAUER
358756,1916.0,1916000.0,TAMPA STATE BANK
602842,1806.0,1806000.0,DYSART STATE BANK
991854,1779.0,1779000.0,PEOPLES STATE BANK
286251,1707.0,1707000.0,BANK OF VICI
226949,1565.0,1565000.0,GRAND RIVERS COMMUNITY BANK
799939,1488.0,1488000.0,HARTSBURG STATE BANK
140634,1282.0,1282000.0,FIRST STATE BANK OF RANDOLPH COUNTY
289225,1172.0,1172000.0,"UNION BANKING COMPANY, THE"
403254,1022.0,1022000.0,"TRANSACT BANK, NATIONAL ASSOCIATION"
21256,889.0,889000.0,STATE BANK OF BURRTON
32234,667.0,667000.0,FIRST NATIONAL BANK AND TRUST COMPANY
382274,139.0,139000.0,KENTLAND FEDERAL SAVINGS AND LOAN ASSOCIATION
857811,-701.0,-701000.0,MAUCH CHUNK TRUST COMPANY
373601,-9314.0,-9314000.0,UNION COUNTY SAVINGS BANK
