rssd_id,total_equity_capital,total_equity_capital_usd,bank_name
852218,322777000.0,322777000000.0,"JPMORGAN CHASE BANK, NATIONAL ASSOCIATION"
480228,250540000.0,250540000000.0,"BANK OF AMERICA, NATIONAL ASSOCIATION"
476810,176115000.0,176115000000.0,"CITIBANK, N.A."
451965,171723000.0,171723000000.0,"WELLS FARGO BANK, NATIONAL ASSOCIATION"
112837,97139218.0,97139218000.0,"CAPITAL ONE, NATIONAL ASSOCIATION"
2182786,65578000.0,65578000000.0,GOLDMAN SACHS BANK USA
504713,65381988.0,65381988000.0,U.S. BANK NATIONAL ASSOCIATION
852320,61764000.0,61764000000.0,TRUIST BANK
817824,56652636.0,56652636000.0,"PNC BANK, NATIONAL ASSOCIATION"
497404,48637358.0,48637358000.0,"TD BANK, NATIONAL ASSOCIATION"
75633,36163575.0,36163575000.0,BMO BANK NATIONAL ASSOCIATION
541101,30917000.0,30917000000.0,"BANK OF NEW YORK MELLON, THE"
35301,29140000.0,29140000000.0,STATE STREET BANK AND TRUST COMPANY
501105,28382086.0,28382086000.0,MANUFACTURERS AND TRADERS TRUST COMPANY
3303298,25936975.0,25936975000.0,"CITIZENS BANK, NATIONAL ASSOCIATION"
1456501,24648000.0,24648000000.0,"MORGAN STANLEY BANK, N.A."
723112,23640000.0,23640000000.0,"FIFTH THIRD BANK, NATIONAL ASSOCIATION"
491224,22677000.0,22677000000.0,FIRST-CITIZENS BANK & TRUST COMPANY
3150447,21237000.0,21237000000.0,"CHARLES SCHWAB BANK, SSB"
12311,20790154.0,20790154000.0,"HUNTINGTON NATIONAL BANK, THE"
280110,18350963.0,18350963000.0,KEYBANK NATIONAL ASSOCIATION
1394676,18181353.0,18181353000.0,AMERICAN EXPRESS NATIONAL BANK
233031,17547000.0,17547000000.0,REGIONS BANK
2489805,17309000.0,17309000000.0,"MORGAN STANLEY PRIVATE BANK, NATIONAL ASSOCIATION"
413208,16405374.0,16405374000.0,"HSBC BANK USA, NATIONAL ASSOCIATION"
3284070,14722000.0,14722000000.0,ALLY BANK
1216022,14631000.0,14631000000.0,SYNCHRONY BANK
722777,13209716.0,13209716000.0,"SANTANDER BANK, NATIONAL ASSOCIATION"
63069,11787364.0,11787364000.0,CITY NATIONAL BANK
210434,11100794.0,11100794000.0,"NORTHERN TRUST COMPANY, THE"
1842065,10685061.0,10685061000.0,CIBC BANK USA
214807,10139000.0,10139000000.0,DEUTSCHE BANK TRUST COMPANY AMERICAS
761806,9724100.0,9724100000.0,"WEBSTER BANK, NATIONAL ASSOCIATION"
3212149,9650709.0,9650709000.0,UBS BANK USA
1929247,9383939.0,9383939000.0,"SOUTHSTATE BANK, N.A."
485559,9165820.0,9165820000.0,FIRST HORIZON BANK
694904,8577865.0,8577865000.0,"FLAGSTAR BANK, NATIONAL ASSOCIATION"
229801,8026050.0,8026050000.0,VALLEY NATIONAL BANK
208244,7871927.0,7871927000.0,OLD NATIONAL BANK
197478,7692029.0,7692029000.0,EAST WEST BANK
3138146,7399633.0,7399633000.0,WESTERN ALLIANCE BANK
664756,7357171.0,7357171000.0,PROSPERITY BANK
936855,7016315.0,7016315000.0,"UMB BANK, NATIONAL ASSOCIATION"
2925666,6725336.0,6725336000.0,PINNACLE BANK
60143,6706000.0,6706000000.0,COMERICA BANK
276579,6595765.0,6595765000.0,"ZIONS BANCORPORATION, NATIONAL ASSOCIATION"
379920,6435158.0,6435158000.0,FIRST NATIONAL BANK OF PENNSYLVANIA
2980209,6338000.0,6338000000.0,BARCLAYS BANK DELAWARE
107244,5924875.0,5924875000.0,BANK OZK
606046,5916283.0,5916283000.0,CADENCE BANK
143662,5687667.0,5687667000.0,UMPQUA BANK
395238,5602339.0,5602339000.0,SYNOVUS BANK
693224,5474359.0,5474359000.0,ATLANTIC UNION BANK
365325,5444304.0,5444304000.0,UNITED BANK
339858,5421153.0,5421153000.0,"BOKF, NATIONAL ASSOCIATION"
962966,4909174.0,4909174000.0,"SOFI BANK, NATIONAL ASSOCIATION"
619877,4697000.0,4697000000.0,USAA FEDERAL SAVINGS BANK
917742,4630554.0,4630554000.0,"ASSOCIATED BANK, NATIONAL ASSOCIATION"
2121196,4360230.0,4360230000.0,"TD BANK USA, NATIONAL ASSOCIATION"
463735,4250205.0,4250205000.0,HANCOCK WHITNEY BANK
682563,4093189.0,4093189000.0,FROST BANK
645625,4009841.0,4009841000.0,"WESBANCO BANK, INC."
749242,3943555.0,3943555000.0,RENASANT BANK
764030,3923758.0,3923758000.0,AMERIS BANK
456045,3868659.0,3868659000.0,CENTENNIAL BANK
2735146,3804817.0,3804817000.0,"EVERBANK, NATIONAL ASSOCIATION"
494261,3761094.0,3761094000.0,BANC OF CALIFORNIA
595270,3705039.0,3705039000.0,MIDFIRST BANK
1444021,3701404.0,3701404000.0,"BLACKROCK INSTITUTIONAL TRUST COMPANY, NATIONAL ASSOCIATION"
934329,3666000.0,3666000000.0,"BNY MELLON, NATIONAL ASSOCIATION"
940311,3580000.0,3580000000.0,BANCO POPULAR DE PUERTO RICO
663245,3576970.0,3576970000.0,SIMMONS BANK
2634191,3541761.0,3541761000.0,GLACIER BANK
128904,3538612.0,3538612000.0,EASTERN BANK
527954,3431685.0,3431685000.0,FIRST NATIONAL BANK OF OMAHA
474919,3385178.0,3385178000.0,"FULTON BANK, NATIONAL ASSOCIATION"
659855,3374327.0,3374327000.0,FIRST INTERSTATE BANK
1017939,3358442.0,3358442000.0,UNITED COMMUNITY BANK
2618780,3286843.0,3286843000.0,TEXAS CAPITAL BANK
613008,3170140.0,3170140000.0,ROCKLAND TRUST COMPANY
3938186,3136112.0,3136112000.0,"BANKUNITED, NATIONAL ASSOCIATION"
3284397,3105543.0,3105543000.0,BEAL BANK USA
2193616,3060842.0,3060842000.0,RAYMOND JAMES BANK
431172,3049834.0,3049834000.0,"PACIFIC PREMIER BANK, NATIONAL ASSOCIATION"
601050,3045795.0,3045795000.0,COMMERCE BANK
204004,3041989.0,3041989000.0,PROVIDENT BANK
656377,3026838.0,3026838000.0,WASHINGTON FEDERAL BANK
595869,2969033.0,2969033000.0,CATHAY BANK
3394278,2939336.0,2939336000.0,SALLIE MAE BANK
814430,2694108.0,2694108000.0,CITY NATIONAL BANK OF FLORIDA
980661,2684166.0,2684166000.0,FIRST HAWAIIAN BANK
3202702,2582000.0,2582000000.0,"OPTUM BANK, INC."
165628,2492942.0,2492942000.0,FIRST FINANCIAL BANK
2917317,2477714.0,2477714000.0,AXOS BANK
437914,2448204.0,2448204000.0,"WILMINGTON SAVINGS FUND SOCIETY, FSB"
936462,2416618.0,2416618000.0,MECHANICS BANK
416245,2407256.0,2407256000.0,BUSEY BANK
2567123,2362926.0,2362926000.0,"U.S. BANK TRUST COMPANY, NATIONAL ASSOCIATION"
17147,2333116.0,2333116000.0,FIRST MERCHANTS BANK
671464,2305561.0,2305561000.0,BANK OF HOPE
34537,2236532.0,2236532000.0,SEACOAST NATIONAL BANK
2797724,2231345.0,2231345000.0,TOWNEBANK
1893049,2227000.0,2227000000.0,"CHARLES SCHWAB PREMIER BANK, SSB"
933966,2218177.0,2218177000.0,CITIZENS BUSINESS BANK
342634,2155600.0,2155600000.0,TRUSTMARK NATIONAL BANK
963945,2138040.0,2138040000.0,MERCHANTS BANK OF INDIANA
311845,2133167.0,2133167000.0,ARVEST BANK
2736291,2034248.0,2034248000.0,POPULAR BANK
2354985,1924174.0,1924174000.0,CUSTOMERS BANK
1190476,1914810.0,1914810000.0,ENTERPRISE BANK & TRUST
3224580,1886203.0,1886203000.0,COMENITY CAPITAL BANK
853952,1883396.0,1883396000.0,"CENTRAL TRUST BANK, THE"
352772,1867450.0,1867450000.0,BANNER BANK
1443266,1847000.0,1847000000.0,"BANK OF AMERICA CALIFORNIA, NATIONAL ASSOCIATION"
2615190,1829700.0,1829700000.0,MERRICK BANK
1001152,1816884.0,1816884000.0,INTERNATIONAL BANK OF COMMERCE
510871,1790198.0,1790198000.0,FIRSTBANK PUERTO RICO
3348888,1780689.0,1780689000.0,SERVISFIRST BANK
702117,1778614.0,1778614000.0,"NBT BANK, NATIONAL ASSOCIATION"
2850722,1738957.0,1738957000.0,BMW BANK OF NORTH AMERICA
3221468,1727601.0,1727601000.0,VERITEX COMMUNITY BANK
915878,1721013.0,1721013000.0,THIRD FEDERAL SAVINGS & LOAN ASSOCIATION OF CLEVELAND
288853,1697518.0,1697518000.0,FIRSTBANK
85472,1683955.0,1683955000.0,"OCEANFIRST BANK, NATIONAL ASSOCIATION"
1002878,1643629.0,1643629000.0,NORTHWEST BANK
3317932,1634248.0,1634248000.0,CONNECTONE BANK
795968,1631421.0,1631421000.0,BANK OF HAWAII
216922,1630087.0,1630087000.0,FIRST BANK
23504,1618255.0,1618255000.0,DIME COMMUNITY BANK
3579589,1611658.0,1611658000.0,STELLAR BANK
470050,1603598.0,1603598000.0,FIRST FINANCIAL BANK
436159,1572273.0,1572273000.0,FIRSTBANK
249612,1546147.0,1546147000.0,APPLE BANK
1225761,1542724.0,1542724000.0,WELLS FARGO NATIONAL BANK WEST
637451,1502017.0,1502017000.0,PLAINSCAPITAL BANK
3475083,1498122.0,1498122000.0,TRISTATE CAPITAL BANK
202907,1491993.0,1491993000.0,"COMMUNITY BANK, NATIONAL ASSOCIATION"
42420,1478253.0,1478253000.0,FIRST COMMONWEALTH BANK
3470239,1469793.0,1469793000.0,"AMERIPRISE BANK, FSB"
509950,1427032.0,1427032000.0,FIRST UNITED BANK AND TRUST COMPANY
936426,1412875.0,1412875000.0,S & T BANK
929352,1395221.0,1395221000.0,BELL BANK
871769,1388352.0,1388352000.0,FARMERS AND MERCHANTS BANK OF LONG BEACH
320119,1371495.0,1371495000.0,ISRAEL DISCOUNT BANK OF NEW YORK
100562,1358229.0,1358229000.0,TRI COUNTIES BANK
3076248,1340387.0,1340387000.0,STIFEL BANK AND TRUST
688079,1340345.0,1340345000.0,"WELLS FARGO TRUST COMPANY, NATIONAL ASSOCIATION"
918918,1302736.0,1302736000.0,SAFRA NATIONAL BANK OF NEW YORK
652874,1293691.0,1293691000.0,NEXBANK
229913,1289970.0,1289970000.0,MIZUHO BANK (USA)
1386251,1288968.0,1288968000.0,BANCFIRST
129732,1284012.0,1284012000.0,BYLINE BANK
4210227,1250874.0,1250874000.0,NBH BANK
245276,1230446.0,1230446000.0,ORIENTAL BANK
961624,1216669.0,1216669000.0,"DOLLAR BANK, FEDERAL SAVINGS BANK"
264772,1204588.0,1204588000.0,"LENDINGCLUB BANK, NATIONAL ASSOCIATION"
2652092,1198338.0,1198338000.0,EAGLEBANK
3637685,1188835.0,1188835000.0,FIRST FOUNDATION BANK
473501,1180589.0,1180589000.0,BERKSHIRE BANK
2941068,1172644.0,1172644000.0,NICOLET NATIONAL BANK
1176881,1163738.0,1163738000.0,XD BANK
577128,1156916.0,1156916000.0,PEOPLES BANK
137915,1146447.0,1146447000.0,EMIGRANT BANK
991340,1146233.0,1146233000.0,1ST SOURCE BANK
489623,1139506.0,1139506000.0,"PARK NATIONAL BANK, THE"
667757,1137504.0,1137504000.0,ORIGIN BANK
587800,1118801.0,1118801000.0,LIBERTY BANK
174572,1083319.0,1083319000.0,COLUMBIA BANK
37640,1068934.0,1068934000.0,GERMAN AMERICAN BANK
2239288,1068072.0,1068072000.0,"WINTRUST BANK, NATIONAL ASSOCIATION"
398668,1066176.0,1066176000.0,"BANK OF NEW YORK MELLON TRUST COMPANY, NATIONAL ASSOCIATION, THE"
1391778,1057657.0,1057657000.0,COMENITY BANK
474759,1055113.0,1055113000.0,"SUNFLOWER BANK, NATIONAL ASSOCIATION"
3783313,1046854.0,1046854000.0,CROSS RIVER BANK
3650808,1040686.0,1040686000.0,LIVE OAK BANKING COMPANY
353555,1036595.0,1036595000.0,AMARILLO NATIONAL BANK
673440,1009089.0,1009089000.0,FIRST SECURITY BANK
317342,1005466.0,1005466000.0,STOCK YARDS BANK & TRUST COMPANY
766164,1005201.0,1005201000.0,"TBK BANK, SSB"
316840,1001407.0,1001407000.0,REPUBLIC BANK & TRUST COMPANY
968070,995623.0,995623000.0,CAPITOL FEDERAL SAVINGS BANK
83638,986938.0,986938000.0,"AMERANT BANK, NATIONAL ASSOCIATION"
930965,972160.0,972160000.0,SMBC MANUBANK
2600039,951284.0,951284000.0,"COMPUTERSHARE TRUST COMPANY, NATIONAL ASSOCIATION"
361167,948449.0,948449000.0,SOUTHSIDE BANK
2858960,942701.0,942701000.0,"BANCORP BANK NATIONAL ASSOCIATION, THE"
58971,934421.0,934421000.0,WASHINGTON TRUST BANK
3408728,919039.0,919039000.0,B1BANK
618807,915622.0,915622000.0,SALEM FIVE CENTS SAVINGS BANK
354310,914013.0,914013000.0,UNIVEST BANK AND TRUST CO.
52719,912202.0,912202000.0,"DEPOSITORY TRUST COMPANY, THE"
881478,903800.0,903800000.0,HERITAGE BANK
783648,902275.0,902275000.0,CENTIER BANK
859712,900109.0,900109000.0,RIDGEWOOD SAVINGS BANK
762447,897408.0,897408000.0,"FIRST MID BANK & TRUST, NATIONAL ASSOCIATION"
959304,885372.0,885372000.0,FLUSHING BANK
933621,880419.0,880419000.0,BURKE AND HERBERT BANK AND TRUST COMPANY
121642,878988.0,878988000.0,BANKPLUS
3287660,874586.0,874586000.0,TOYOTA FINANCIAL SAVINGS BANK
450856,874427.0,874427000.0,UNION BANK AND TRUST COMPANY
2916963,859677.0,859677000.0,U.S. BANK TRUST NATIONAL ASSOCIATION
435077,847532.0,847532000.0,"PATHWARD, NATIONAL ASSOCIATION"
3187630,846205.0,846205000.0,FORBRIGHT BANK
1917301,843041.0,843041000.0,"LAKE FOREST BANK & TRUST COMPANY, NATIONAL ASSOCIATION"
657365,841497.0,841497000.0,HANMI BANK
2362458,837716.0,837716000.0,"WELLS FARGO BANK SOUTH CENTRAL, NATIONAL ASSOCIATION"
130541,830212.0,830212000.0,HORIZON BANK
479268,825661.0,825661000.0,BANK OF STOCKTON
509811,824795.0,824795000.0,"COMMUNITY TRUST BANK, INC."
58243,816439.0,816439000.0,JOHNSON BANK
3783948,810623.0,810623000.0,"RBC BANK (GEORGIA), NATIONAL ASSOCIATION"
661308,793240.0,793240000.0,AMALGAMATED BANK
5278251,783648.0,783648000.0,CHARLES SCHWAB TRUST BANK
2992547,781289.0,781289000.0,"JOHN DEERE FINANCIAL, F.S.B."
913856,779725.0,779725000.0,PINNACLE BANK
2998576,763502.0,763502000.0,CELTIC BANK CORPORATION
3076220,760631.0,760631000.0,STIFEL BANK
29878,750349.0,750349000.0,MASPETH FEDERAL SAVINGS AND LOAN ASSOCIATION
1918344,747660.0,747660000.0,PREFERRED BANK
786612,746550.0,746550000.0,MID PENN BANK
888002,738192.0,738192000.0,MIDDLESEX SAVINGS BANK
28013,736907.0,736907000.0,NORTHFIELD BANK
996260,730453.0,730453000.0,CTBC BANK CORP. (USA)
936136,727855.0,727855000.0,OLD SECOND NATIONAL BANK
2705895,727710.0,727710000.0,METROPOLITAN COMMERCIAL BANK
5582846,721009.0,721009000.0,"SQUARE FINANCIAL SERVICES, INC."
2209553,717103.0,717103000.0,HERITAGE BANK OF COMMERCE
2608754,716418.0,716418000.0,MERCANTILE BANK
2700984,712764.0,712764000.0,WEX BANK
412751,709123.0,709123000.0,WOODFOREST NATIONAL BANK
874845,706276.0,706276000.0,LAKE CITY BANK
236706,704605.0,704605000.0,PEAPACK PRIVATE BANK AND TRUST
633378,702608.0,702608000.0,KEARNY BANK
433608,693936.0,693936000.0,TOMPKINS COMMUNITY BANK
1011526,692340.0,692340000.0,CITY NATIONAL BANK OF WEST VIRGINIA
593007,687541.0,687541000.0,CAMDEN NATIONAL BANK
255659,680927.0,680927000.0,BANK OF COLORADO
836843,680367.0,680367000.0,MIDWESTONE BANK
651859,673340.0,673340000.0,STOCKMAN BANK OF MONTANA
663834,668356.0,668356000.0,OCEAN BANK
677176,668261.0,668261000.0,TRUSTCO BANK
773247,659928.0,659928000.0,MIDLAND STATES BANK
811046,654511.0,654511000.0,BANKERS TRUST COMPANY
701062,650154.0,650154000.0,CENTRAL PACIFIC BANK
758703,645812.0,645812000.0,CAMBRIDGE SAVINGS BANK
639567,641360.0,641360000.0,"CREDIT ONE BANK, NATIONAL ASSOCIATION"
3232204,640744.0,640744000.0,POPPY BANK
826956,637397.0,637397000.0,CHOICE FINANCIAL GROUP
426534,636776.0,636776000.0,HEARTLAND BANK AND TRUST COMPANY
272302,635270.0,635270000.0,INSTITUTION FOR SAVINGS IN NEWBURYPORT AND ITS VICINITY
339773,633715.0,633715000.0,NEEDHAM BANK
2265456,633704.0,633704000.0,"WILMINGTON TRUST, NATIONAL ASSOCIATION"
572374,630013.0,630013000.0,GREAT SOUTHERN BANK
808260,629770.0,629770000.0,FARMERS & MERCHANTS BANK OF CENTRAL CALIFORNIA
260055,629043.0,629043000.0,ALPINE BANK
933023,627838.0,627838000.0,"SHORE UNITED BANK, NATIONAL ASSOCIATION"
601416,626818.0,626818000.0,FIVE STAR BANK
697763,623451.0,623451000.0,WESTAMERICA BANK
54973,616966.0,616966000.0,"AMERICAN SAVINGS BANK, F.S.B."
258771,615831.0,615831000.0,HOMESTREET BANK
399517,612287.0,612287000.0,CNB BANK
2737980,609454.0,609454000.0,NORTHPOINTE BANK
2119773,608169.0,608169000.0,"HINSDALE BANK & TRUST COMPANY, NATIONAL ASSOCIATION"
850036,607135.0,607135000.0,FIRST AMERICAN BANK
139656,606465.0,606465000.0,EQUITY BANK
391575,604463.0,604463000.0,"UNITED FIDELITY BANK, FSB"
3630323,603844.0,603844000.0,THIRD COAST BANK
782306,602299.0,602299000.0,BROOKLINE BANK
342410,601797.0,601797000.0,ORRSTOWN BANK
2471239,600419.0,600419000.0,CFG BANK
1187001,597684.0,597684000.0,INTERBANK
594947,590934.0,590934000.0,"BANK FIRST, NATIONAL ASSOCIATION"
932978,585981.0,585981000.0,FIRSTRUST SAVINGS BANK
3447576,585465.0,585465000.0,AMERICAN MOMENTUM BANK
3076453,584895.0,584895000.0,"CALIFORNIA BANK OF COMMERCE, NATIONAL ASSOCIATION"
3835454,577813.0,577813000.0,ROYAL BUSINESS BANK
693345,577657.0,577657000.0,"FIRST FINANCIAL BANK, NATIONAL ASSOCIATION"
212577,575353.0,575353000.0,HOMETRUST BANK
278818,574799.0,574799000.0,PEOPLES SECURITY BANK AND TRUST COMPANY
731247,561179.0,561179000.0,HILLS BANK AND TRUST COMPANY
664206,555686.0,555686000.0,CAPE COD FIVE CENTS SAVINGS BANK
3402913,553514.0,553514000.0,BANESCO USA
3532641,552150.0,552150000.0,SMARTBANK
114260,550135.0,550135000.0,FIRST NATIONAL BANK ALASKA
3378773,549676.0,549676000.0,BRIDGEWATER BANK
725732,548585.0,548585000.0,BRADESCO BANK
816603,544285.0,544285000.0,"WASHINGTON TRUST COMPANY, OF WESTERLY, THE"
40499,540468.0,540468000.0,HARBORONE BANK
933256,537757.0,537757000.0,"ALERUS FINANCIAL, NATIONAL ASSOCIATION"
809771,532745.0,532745000.0,YAKIMA FEDERAL SAVINGS AND LOAN ASSOCIATION
2634351,531667.0,531667000.0,"MACATAWA BANK, NATIONAL ASSOCIATION"
413141,527009.0,527009000.0,FIRST NATIONAL BANK OF AMERICA
159636,523234.0,523234000.0,WILSON BANK & TRUST
722544,521760.0,521760000.0,NATIONAL EXCHANGE BANK AND TRUST
3109146,518301.0,518301000.0,"LEADER BANK, NATIONAL ASSOCIATION"
141556,517409.0,517409000.0,STEARNS BANK NATIONAL ASSOCIATION
77851,513838.0,513838000.0,FIRST BANK & TRUST
2508751,511636.0,511636000.0,"BARRINGTON BANK & TRUST COMPANY, NATIONAL ASSOCIATION"
925411,511585.0,511585000.0,SUMITOMO MITSUI TRUST BANK (U.S.A.) LIMITED
253468,510018.0,510018000.0,RIVER CITY BANK
522605,503270.0,503270000.0,BAR HARBOR BANK AND TRUST COMPANY
384018,502383.0,502383000.0,WOORI AMERICA BANK
876634,501754.0,501754000.0,CAPITAL CITY BANK
230759,501444.0,501444000.0,INTERNATIONAL BANK OF COMMERCE
169653,498784.0,498784000.0,FIRST BANK
272272,498348.0,498348000.0,SOUTHERN BANK
707354,498204.0,498204000.0,FIRST STATE COMMUNITY BANK
949154,497028.0,497028000.0,TEXAS BANK AND TRUST COMPANY
468806,494286.0,494286000.0,NORTHEAST BANK
636771,492417.0,492417000.0,INDEPENDENT BANK
897170,483594.0,483594000.0,PONCE BANK
660655,482404.0,482404000.0,AMERICAN NATIONAL BANK
2938198,481369.0,481369000.0,"NORTHBROOK BANK & TRUST COMPANY, NATIONAL ASSOCIATION"
1015560,481086.0,481086000.0,"INDUSTRIAL AND COMMERCIAL BANK OF CHINA (USA), NATIONAL ASSOCIATION"
324340,477712.0,477712000.0,CHOICEONE BANK
680813,477013.0,477013000.0,"FARMERS NATIONAL BANK OF CANFIELD, THE"
3228908,473641.0,473641000.0,MEDALLION BANK
900306,473251.0,473251000.0,NORTHERN BANK & TRUST COMPANY
2867337,473015.0,473015000.0,FIVE STAR BANK
542528,471967.0,471967000.0,CIVISTA BANK
56351,469373.0,469373000.0,"VERABANK, NATIONAL ASSOCIATION"
419406,467639.0,467639000.0,BANGOR SAVINGS BANK
236153,466948.0,466948000.0,FIRST INTERNATIONAL BANK AND TRUST
1867983,463649.0,463649000.0,CITIZENS FIRST BANK
2353595,463039.0,463039000.0,FIRST COMMUNITY BANK
2562164,462376.0,462376000.0,COASTAL COMMUNITY BANK
913753,460915.0,460915000.0,INWOOD NATIONAL BANK
2758613,459935.0,459935000.0,FIRST INTERNET BANK OF INDIANA
1007015,457215.0,457215000.0,CENTRAL BANK & TRUST COMPANY
3029589,454518.0,454518000.0,CEDAR RAPIDS BANK AND TRUST COMPANY
845573,453624.0,453624000.0,"SPENCER SAVINGS BANK, SAVINGS AND LOAN ASSOCIATION"
825146,453599.0,453599000.0,MORTON COMMUNITY BANK
105473,453235.0,453235000.0,HOME FEDERAL BANK OF TENNESSEE
2390929,452413.0,452413000.0,BANK OF ANN ARBOR
739560,449774.0,449774000.0,FREMONT BANK
929978,449729.0,449729000.0,"HOME BANK, NATIONAL ASSOCIATION"
703767,446172.0,446172000.0,COMMUNITY WEST BANK
673909,445752.0,445752000.0,HINGHAM INSTITUTION FOR SAVINGS
548351,445408.0,445408000.0,"AUSTIN BANK, TEXAS NATIONAL ASSOCIATION"
13103,444136.0,444136000.0,BRISTOL COUNTY SAVINGS BANK
575254,443664.0,443664000.0,CITY BANK
161273,441541.0,441541000.0,"NORTH SHORE BANK, A CO-OPERATIVE BANK"
1356768,440718.0,440718000.0,ENTERPRISE BANK AND TRUST COMPANY
374653,439805.0,439805000.0,FIRST PREMIER BANK
945053,438403.0,438403000.0,RCB BANK
256553,437223.0,437223000.0,DACOTAH BANK
2654911,435366.0,435366000.0,PRINCIPAL BANK
3437456,433528.0,433528000.0,METRO CITY BANK
161602,431652.0,431652000.0,"CANANDAIGUA NATIONAL BANK AND TRUST COMPANY, THE"
662369,430250.0,430250000.0,BANK OF THE SIERRA
355858,429826.0,429826000.0,FIRST NATIONAL BANK
2693264,428439.0,428439000.0,"TOWN BANK, NATIONAL ASSOCIATION"
933975,424076.0,424076000.0,BANK OF UTAH
3401970,422380.0,422380000.0,FIRST BANK
535753,421125.0,421125000.0,"ACADEMY BANK, N.A."
99376,420749.0,420749000.0,"NATIONAL COOPERATIVE BANK, N.A."
474254,420287.0,420287000.0,BROADWAY NATIONAL BANK
3325759,419394.0,419394000.0,PRIMIS BANK
557858,416580.0,416580000.0,"INTRUST BANK, NATIONAL ASSOCIATION"
211271,412172.0,412172000.0,"NORTH AMERICAN SAVINGS BANK, FSB"
866000,408416.0,408416000.0,ARROW BANK NATIONAL ASSOCIATION
1436204,407114.0,407114000.0,BANK OF MARIN
2963266,405715.0,405715000.0,FIRST CAROLINA BANK
2576134,404650.0,404650000.0,WEBBANK
911973,404396.0,404396000.0,UNION SAVINGS BANK
822556,403957.0,403957000.0,TEXAS EXCHANGE BANK
1009354,400854.0,400854000.0,SECURITY BANK OF KANSAS CITY
529958,399255.0,399255000.0,"TIB, NATIONAL ASSOCIATION"
1157415,398341.0,398341000.0,STATE BANK OF TEXAS
537449,397453.0,397453000.0,FIRST BUSINESS BANK
1883321,397116.0,397116000.0,"FIRST AMERICAN TRUST, FSB"
384278,397108.0,397108000.0,FIRST FEDERAL BANK
1001639,395696.0,395696000.0,PARKWAY BANK AND TRUST COMPANY
3476192,394745.0,394745000.0,CARTER BANK & TRUST
3547131,394333.0,394333000.0,FINEMARK NATIONAL BANK & TRUST
26765,393934.0,393934000.0,VANTAGE BANK TEXAS
717924,391859.0,391859000.0,SOUTHERN BANK AND TRUST COMPANY
876700,389469.0,389469000.0,CENTREVILLE BANK
460033,389231.0,389231000.0,COMMUNITY BANK OF MISSISSIPPI
3804535,389152.0,389152000.0,GUARANTY BANK
3281510,389120.0,389120000.0,UNITED BUSINESS BANK
976703,385346.0,385346000.0,"BESSEMER TRUST COMPANY, N.A."
613400,384572.0,384572000.0,PEOPLESBANK
223322,384084.0,384084000.0,"FIRST BANK AND TRUST COMPANY, THE"
439338,379239.0,379239000.0,UNITED COMMUNITY BANK
2434113,379005.0,379005000.0,BANK RHODE ISLAND
376273,375873.0,375873000.0,NORTH SHORE BANK
5210,374810.0,374810000.0,ACNB BANK
584920,374075.0,374075000.0,"FIDELITY BANK, THE"
214414,372919.0,372919000.0,"FARMERS & MERCHANTS STATE BANK, THE"
2734729,372598.0,372598000.0,AMERICAN BUSINESS BANK
2694681,371040.0,371040000.0,AMERICAN FIRST NATIONAL BANK
751656,370996.0,370996000.0,FRANDSEN BANK & TRUST
2044811,368614.0,368614000.0,"WHEATON BANK & TRUST COMPANY, NATIONAL ASSOCIATION"
852544,368458.0,368458000.0,SOUTHERN BANCORP BANK
995076,368416.0,368416000.0,CACHE VALLEY BANK
3235410,368002.0,368002000.0,WEST COAST COMMUNITY BANK
3212402,366089.0,366089000.0,PCB BANK
2849801,365973.0,365973000.0,SOUTHERN FIRST BANK
3629420,365247.0,365247000.0,SOUTHERN STATES BANK
112163,362940.0,362940000.0,"GUARANTY BANK & TRUST, N.A."
2954059,357798.0,357798000.0,BCB COMMUNITY BANK
3017081,357013.0,357013000.0,NORTHWESTERN MUTUAL WEALTH MANAGEMENT COMPANY
2764212,353998.0,353998000.0,PARKE BANK
557317,351512.0,351512000.0,LINKBANK
9807,347330.0,347330000.0,AMBOY BANK
140362,346374.0,346374000.0,SUNWEST BANK
1018927,344920.0,344920000.0,1ST SECURITY BANK OF WASHINGTON
139740,344266.0,344266000.0,WEST BANK
4457536,341236.0,341236000.0,THRIVENT BANK
254317,340209.0,340209000.0,BANK OF UTICA
657271,339730.0,339730000.0,GATE CITY BANK
1447639,338663.0,338663000.0,WESTSTAR BANK
407506,338653.0,338653000.0,ION BANK
3109043,338327.0,338327000.0,BANKWELL BANK
657459,337193.0,337193000.0,MIDWEST BANKCENTRE
671334,336990.0,336990000.0,REPUBLIC BANK OF CHICAGO
330855,336807.0,336807000.0,"BANK OF MISSOURI, THE"
978118,334692.0,334692000.0,FIRST CITIZENS COMMUNITY BANK
2891622,334012.0,334012000.0,"CORNERSTONE CAPITAL BANK, SSB"
867650,333981.0,333981000.0,PINNACLE BANK
914648,331969.0,331969000.0,BANKFIRST FINANCIAL SERVICES
278555,328756.0,328756000.0,"STRIDE BANK, NATIONAL ASSOCIATION"
971959,327758.0,327758000.0,BRAVERA BANK
310978,326974.0,326974000.0,WATERSTONE BANK
2743244,326972.0,326972000.0,RED RIVER BANK
2298995,326406.0,326406000.0,"VILLAGE BANK & TRUST, NATIONAL ASSOCIATION"
110936,325984.0,325984000.0,BANCO DO BRASIL AMERICAS
936583,325759.0,325759000.0,THINK MUTUAL BANK
525549,322781.0,322781000.0,LAKE RIDGE BANK
2757205,321690.0,321690000.0,"MVB BANK, INC."
842460,319460.0,319460000.0,LONE STAR NATIONAL BANK
428547,319398.0,319398000.0,"ST. CHARLES BANK & TRUST COMPANY, NATIONAL ASSOCIATION"
779351,319298.0,319298000.0,"MERCHANTS BANK, NATIONAL ASSOCIATION"
961576,318191.0,318191000.0,"EL DORADO SAVINGS BANK, F.S.B."
507068,316421.0,316421000.0,EXCHANGE BANK
1890525,316299.0,316299000.0,UNITY BANK
823478,316108.0,316108000.0,NORTHEAST COMMUNITY BANK
84541,315671.0,315671000.0,GUARANTY BANK AND TRUST COMPANY
2808602,315212.0,315212000.0,"CAPITAL BANK, NATIONAL ASSOCIATION"
762474,314423.0,314423000.0,"FIDELITY BANK, NATIONAL ASSOCIATION"
3189063,314131.0,314131000.0,COMMERCIAL BANK OF CALIFORNIA
233527,313610.0,313610000.0,"BLUE RIDGE BANK, NATIONAL ASSOCIATION"
324863,312943.0,312943000.0,"BANK OF COMMERCE, THE"
491934,311867.0,311867000.0,COLONY BANK
160959,311726.0,311726000.0,KS STATEBANK
328777,308429.0,308429000.0,PENN COMMUNITY BANK
302656,306532.0,306532000.0,MINNWEST BANK
543262,302390.0,302390000.0,D.L. EVANS BANK
422433,301938.0,301938000.0,FIRST GUARANTY BANK
455972,301686.0,301686000.0,PEOPLES BANK
265407,301653.0,301653000.0,BANK OF NEW HAMPSHIRE
689209,299636.0,299636000.0,COUNTRY BANK FOR SAVINGS
3374412,298187.0,298187000.0,OAKSTAR BANK
3437157,298129.0,298129000.0,RIVER BANK & TRUST
2142155,297788.0,297788000.0,QUAD CITY BANK AND TRUST COMPANY
459671,297020.0,297020000.0,MANASQUAN BANK
139843,296496.0,296496000.0,FIRST FARMERS BANK & TRUST CO.
928421,296202.0,296202000.0,CITIZENS AND FARMERS BANK
895710,295898.0,295898000.0,CITIZENS & NORTHERN BANK
528960,292940.0,292940000.0,TEXAS COMMUNITY BANK
443205,292526.0,292526000.0,UNION SAVINGS BANK
1458608,291984.0,291984000.0,GULF COAST BANK AND TRUST COMPANY
3158546,291357.0,291357000.0,FIRST WESTERN TRUST BANK
441256,290963.0,290963000.0,FIRST DAKOTA NATIONAL BANK
24006,289842.0,289842000.0,PCSB BANK
397540,288704.0,288704000.0,"FIRST NATIONAL BANK OF FORT SMITH, THE"
546003,287866.0,287866000.0,BANKNEWPORT
1001648,287612.0,287612000.0,CARROLLTON BANK
293053,287541.0,287541000.0,COMMUNITY NATIONAL BANK
648242,286048.0,286048000.0,INDEPENDENCE BANK OF KENTUCKY
18827,286007.0,286007000.0,"NEXTIER BANK, NA"
1718188,285767.0,285767000.0,NORTHRIM BANK
233554,285754.0,285754000.0,WESTERN STATE BANK
622774,284967.0,284967000.0,CENTRAL BANK
3386264,284842.0,284842000.0,FIRST GENERAL BANK
599764,284176.0,284176000.0,"AMERICAN NATIONAL BANK OF TEXAS, THE"
201834,283406.0,283406000.0,LAKESIDE BANK
42448,283206.0,283206000.0,FIRST NATIONAL BANK
113601,282051.0,282051000.0,BANK OF NEW ENGLAND
232856,280564.0,280564000.0,TEXASBANK
645465,278238.0,278238000.0,VISTA BANK
2594240,277498.0,277498000.0,ENCORE BANK
3449066,277262.0,277262000.0,"INVESTAR BANK, NATIONAL ASSOCIATION"
1387605,277244.0,277244000.0,NORTHWEST BANK
3419416,276518.0,276518000.0,JOHN MARSHALL BANK
137205,275708.0,275708000.0,MACHIAS SAVINGS BANK
3110197,274900.0,274900000.0,SOUTHEAST BANK
3248849,274890.0,274890000.0,MAINSTREET BANK
965789,273268.0,273268000.0,SUSSER BANK
536059,272085.0,272085000.0,"GOLDEN BANK, NATIONAL ASSOCIATION"
67656,269651.0,269651000.0,FIRST SAVINGS BANK
797775,268499.0,268499000.0,BLUE FOUNDRY BANK
785923,268215.0,268215000.0,LCNB NATIONAL BANK
193809,267178.0,267178000.0,DEDHAM INSTITUTION FOR SAVINGS
670560,267110.0,267110000.0,DEUTSCHE BANK NATIONAL TRUST COMPANY
3404207,266592.0,266592000.0,"OLD PLANK TRAIL COMMUNITY BANK, NATIONAL ASSOCIATION"
884303,266539.0,266539000.0,CHEMUNG CANAL TRUST COMPANY
2339795,265236.0,265236000.0,"LIBERTYVILLE BANK & TRUST COMPANY, NATIONAL ASSOCIATION"
656470,264701.0,264701000.0,STATE BANK OF SOUTHERN UTAH
975751,264407.0,264407000.0,CIBC NATIONAL TRUST COMPANY
547840,264154.0,264154000.0,STAR FINANCIAL BANK
237619,263659.0,263659000.0,"PIONEER BANK, NATIONAL ASSOCIATION"
3851427,262742.0,262742000.0,GATEWAY FIRST BANK
3356191,262045.0,262045000.0,BRYANT BANK
237066,261863.0,261863000.0,WEST TEXAS NATIONAL BANK
3337097,261326.0,261326000.0,COMMONWEALTH BUSINESS BANK
3216017,261257.0,261257000.0,"BEVERLY BANK & TRUST COMPANY, NATIONAL ASSOCIATION"
3545258,260839.0,260839000.0,CALPRIVATE BANK
595430,259503.0,259503000.0,"STATE BANK OF THE LAKES, NATIONAL ASSOCIATION"
176101,258490.0,258490000.0,ORANGE BANK & TRUST COMPANY
214106,258333.0,258333000.0,"BANK OF GREENE COUNTY, THE"
613950,257181.0,257181000.0,FIRST NATIONAL BANK TEXAS DBA FIRST CONVENIENCE BANK
273336,256136.0,256136000.0,"BANK OF TAMPA, THE"
3595271,255677.0,255677000.0,"BANK OF PRINCETON, THE"
3614976,255609.0,255609000.0,FVCBANK
294779,254942.0,254942000.0,TIMBERLAND BANK
771609,254722.0,254722000.0,BAYCOAST BANK
345309,254696.0,254696000.0,CHELSEA GROTON BANK
2973386,254175.0,254175000.0,SEI PRIVATE TRUST COMPANY
37435,253623.0,253623000.0,UNITED BANK
497039,252003.0,252003000.0,COMMERCIAL BANK
2986407,251152.0,251152000.0,"WESTFIELD BANK, FSB"
499501,250972.0,250972000.0,MAINE COMMUNITY BANK
539032,250462.0,250462000.0,BANK INDEPENDENT
538802,249414.0,249414000.0,INTERAUDI BANK
86675,248816.0,248816000.0,ROSEDALE FEDERAL SAVINGS AND LOAN ASSOCIATION
12946,248652.0,248652000.0,FARMERS BANK & TRUST COMPANY
2297998,248565.0,248565000.0,EVERTRUST BANK
574976,248452.0,248452000.0,CASHMERE VALLEY BANK
247140,247622.0,247622000.0,ONE COMMUNITY BANK
1494914,246607.0,246607000.0,SHINHAN BANK AMERICA
3047659,246462.0,246462000.0,DOGWOOD STATE BANK
1718469,244897.0,244897000.0,COLORADO FEDERAL SAVINGS BANK
892205,244460.0,244460000.0,WESTFIELD BANK
564557,244457.0,244457000.0,FALCON INTERNATIONAL BANK
154770,244129.0,244129000.0,MUTUALONE BANK
255574,243297.0,243297000.0,FIDELITY BANK
339072,242778.0,242778000.0,"COLONIAL SAVINGS, FA"
860053,241670.0,241670000.0,"SUNRISE BANKS, NATIONAL ASSOCIATION"
2596646,241178.0,241178000.0,FIRST COMMUNITY BANK
2531991,240810.0,240810000.0,"WELLS FARGO DELAWARE TRUST COMPANY, NATIONAL ASSOCIATION"
3016347,239888.0,239888000.0,GEORGIA BANKING COMPANY
687951,239285.0,239285000.0,FIRST WESTERN BANK AND TRUST
5859511,239268.0,239268000.0,"TIAA TRUST, NATIONAL ASSOCIATION"
807955,238860.0,238860000.0,"AMERICAN BANK, NATIONAL ASSOCIATION"
289702,238741.0,238741000.0,NORWAY SAVINGS BANK
200435,238023.0,238023000.0,CREWS BANK & TRUST
498362,237979.0,237979000.0,AMERICAN NATIONAL BANK & TRUST
380458,237950.0,237950000.0,TEXAS REGIONAL BANK
552161,237253.0,237253000.0,CITIZENS NATIONAL BANK OF TEXAS
439404,236733.0,236733000.0,FIRST NATIONAL BANK
685676,235108.0,235108000.0,OPPORTUNITY BANK OF MONTANA
268006,235044.0,235044000.0,MASCOMA BANK
864471,234630.0,234630000.0,PIEDMONT FEDERAL SAVINGS BANK
5069,234580.0,234580000.0,FIRST CREDIT BANK
2970657,232657.0,232657000.0,"SCHAUMBURG BANK & TRUST COMPANY, NATIONAL ASSOCIATION"
245016,232517.0,232517000.0,HABIB AMERICAN BANK
767974,230975.0,230975000.0,CFBANK NATIONAL ASSOCIATION
882701,230948.0,230948000.0,FAIRFIELD COUNTY BANK
18854,230808.0,230808000.0,BANK7
3447820,230129.0,230129000.0,"ESQUIRE BANK, NATIONAL ASSOCIATION"
952677,229331.0,229331000.0,ESSA BANK & TRUST
925037,229052.0,229052000.0,"INB, NATIONAL ASSOCIATION"
773470,228985.0,228985000.0,"MALAGA BANK, FSB"
625654,228190.0,228190000.0,COUNTRY CLUB BANK
3271799,228127.0,228127000.0,MERIDIAN BANK
3146150,228063.0,228063000.0,U.S. CENTURY BANK
403151,226894.0,226894000.0,CORNERSTONE BANK
583905,226000.0,226000000.0,KENNEBEC SAVINGS BANK
5050028,225296.0,225296000.0,INTERNATIONAL BANK OF COMMERCE
59316,225018.0,225018000.0,WAYNE BANK
962890,224625.0,224625000.0,CITIZENS COMMUNITY FEDERAL NATIONAL ASSOCIATION
397755,224520.0,224520000.0,LEGACY BANK & TRUST COMPANY
106359,224350.0,224350000.0,FIRST FIDELITY BANK
526452,224173.0,224173000.0,1ST FINANCIAL BANK USA
5514409,224118.0,224118000.0,NELNET BANK
546544,223507.0,223507000.0,CENTRAL BANK
772008,222706.0,222706000.0,SOUTH SHORE BANK
3793714,222335.0,222335000.0,HANOVER COMMUNITY BANK
473266,221324.0,221324000.0,TEXAS FIRST BANK
3274709,220706.0,220706000.0,COASTAL STATES BANK
3214059,219042.0,219042000.0,AVIDBANK
48374,217754.0,217754000.0,FIRST FINANCIAL BANK
1007819,217636.0,217636000.0,"FIDELITY DEPOSIT AND DISCOUNT BANK, THE"
318974,217603.0,217603000.0,FIRST FEDERAL SAVINGS AND LOAN ASSOCIATION OF LAKEWOOD
711472,217227.0,217227000.0,BANK OF GUAM
578255,216973.0,216973000.0,FIRST UNITED BANK
177920,216783.0,216783000.0,"MIDDLEFIELD BANKING COMPANY, THE"
113003,214770.0,214770000.0,STAFFORD SAVINGS BANK
923707,214717.0,214717000.0,"LOWELL FIVE CENT SAVINGS BANK, THE"
619701,214195.0,214195000.0,AVIDIA BANK
626101,214009.0,214009000.0,IVES BANK
972648,212433.0,212433000.0,PLANTERS BANK & TRUST COMPANY
375502,212262.0,212262000.0,BANKPROV
482156,211719.0,211719000.0,FARMERS BANK & TRUST
2132941,211691.0,211691000.0,"NATIONAL BANK OF INDIANAPOLIS, THE"
3357219,211472.0,211472000.0,OPEN BANK
3548567,211092.0,211092000.0,TEXAS PARTNERS BANK
45560,211052.0,211052000.0,JEFFERSON BANK
51253,210468.0,210468000.0,APEX BANK
3678857,210068.0,210068000.0,NORTHWEST BANK
2497181,209412.0,209412000.0,"PLANTERS BANK, INC."
1445943,209290.0,209290000.0,"WHITAKER BANK, INC"
110413,209063.0,209063000.0,SUTTON BANK
785473,208597.0,208597000.0,FIRST SAVINGS BANK
234739,208043.0,208043000.0,BUILTWELL BANK
2697963,207269.0,207269000.0,"CITY FIRST BANK, NATIONAL ASSOCIATION"
939249,206955.0,206955000.0,FIDELITY BANK & TRUST
133850,206506.0,206506000.0,FIRST CITIZENS NATIONAL BANK
709602,206498.0,206498000.0,UNIBANK FOR SAVINGS
366238,206453.0,206453000.0,PINNACLE BANK
677644,205607.0,205607000.0,"FARMERS & MERCHANTS BANK, THE"
738040,205534.0,205534000.0,UNITED BANK OF IOWA
247355,204930.0,204930000.0,SECURITY STATE BANK & TRUST
753324,204734.0,204734000.0,BANK OF CLARKE
703552,204624.0,204624000.0,"HORIZON BANK, SSB"
3398623,204275.0,204275000.0,FFB BANK
433505,203598.0,203598000.0,BATH SAVINGS INSTITUTION
3344321,202441.0,202441000.0,TRADITION CAPITAL BANK
177751,200971.0,200971000.0,CASS COMMERCIAL BANK
627108,200877.0,200877000.0,CAPE ANN SAVINGS BANK
1459717,200733.0,200733000.0,FCB BANKS
674849,200187.0,200187000.0,LUANA SAVINGS BANK
994435,200103.0,200103000.0,UNITED BANK
243375,200077.0,200077000.0,GREEN DOT BANK
279105,199283.0,199283000.0,FLORENCE BANK
775456,199091.0,199091000.0,NATIONAL BANK OF COMMERCE
757377,198379.0,198379000.0,LIBERTY BANK FOR SAVINGS
65858,197096.0,197096000.0,EMPRISE BANK
859002,196738.0,196738000.0,BANKESB
61122,196404.0,196404000.0,FIRST UNITED BANK & TRUST
2140348,196135.0,196135000.0,"SERVBANK, SB"
2736714,195893.0,195893000.0,MISSION BANK
2344753,195755.0,195755000.0,THOMASVILLE NATIONAL BANK
2847142,195751.0,195751000.0,COGENT BANK
537560,195410.0,195410000.0,"EXTRACO BANKS, NATIONAL ASSOCIATION"
806846,195385.0,195385000.0,BANK FIVE NINE
774132,195301.0,195301000.0,VOLUNTEER BANK
2747587,194369.0,194369000.0,NBKC BANK
670467,194254.0,194254000.0,PLUMAS BANK
423739,193945.0,193945000.0,MORRIS BANK
502849,193890.0,193890000.0,BANTERRA BANK
418249,193740.0,193740000.0,"THE SECURITY NATIONAL BANK OF SIOUX CITY, IOWA"
783161,192282.0,192282000.0,FIRST NORTHERN BANK OF DIXON
282075,191895.0,191895000.0,WASHINGTON FINANCIAL BANK
3437483,191408.0,191408000.0,SIGNATURE BANK
253356,190899.0,190899000.0,MOODY NATIONAL BANK
159971,187968.0,187968000.0,SOMERSET REGAL BANK
242976,187964.0,187964000.0,BAYVANGUARD BANK
517049,187353.0,187353000.0,CHAMBERS BANK
2332910,186979.0,186979000.0,FIRST COMMERCIAL BANK (U.S.A)
2666400,186595.0,186595000.0,INDEPENDENT BANK
804338,186569.0,186569000.0,FIRST BANK CHICAGO
830542,186248.0,186248000.0,CBI BANK & TRUST
983457,185453.0,185453000.0,"ARMED FORCES BANK, NATIONAL ASSOCIATION"
786210,185443.0,185443000.0,"TRADITIONAL BANK, INC."
1864197,185405.0,185405000.0,OAK VALLEY COMMUNITY BANK
3719648,184484.0,184484000.0,MEADOWS BANK
186744,184443.0,184443000.0,FIRST CITIZENS BANK
69333,182773.0,182773000.0,"CITIZENS NATIONAL BANK OF MERIDIAN, THE"
790543,182700.0,182700000.0,COMMUNITY STATE BANK
716833,182255.0,182255000.0,MARQUETTE BANK
65205,182208.0,182208000.0,"TORRINGTON SAVINGS BANK, THE"
369659,181773.0,181773000.0,FIRST NATIONAL BANK OF CENTRAL TEXAS
473042,181574.0,181574000.0,"SOUTH CENTRAL BANK, INC."
921178,181494.0,181494000.0,RIVERVIEW BANK
960935,180636.0,180636000.0,QUEENSBOROUGH NATIONAL BANK & TRUST COMPANY
273662,180441.0,180441000.0,FIRST STATE BANK OF UVALDE
326858,179875.0,179875000.0,"FIRST NATIONAL BANK IN SIOUX FALLS, THE"
117458,179611.0,179611000.0,BANKFIRST
631422,179296.0,179296000.0,"CONWAY NATIONAL BANK, THE"
1004470,179080.0,179080000.0,BANKHOMETOWN
2482824,178985.0,178985000.0,GREAT PLAINS NATIONAL BANK
49241,178969.0,178969000.0,RELYANCE BANK
6329,178947.0,178947000.0,ANDERSON BROTHERS BANK
3608751,178824.0,178824000.0,BENEFICIAL STATE BANK
933377,178303.0,178303000.0,FIDELITY CO-OPERATIVE BANK
923752,178211.0,178211000.0,COMMUNITY NATIONAL BANK & TRUST
893855,177403.0,177403000.0,LEAD BANK
508346,177081.0,177081000.0,HAWTHORN BANK
490450,176583.0,176583000.0,NORTH DALLAS BANK & TRUST CO.
645317,176518.0,176518000.0,"ADIRONDACK TRUST COMPANY, THE"
2624400,176308.0,176308000.0,"CRYSTAL LAKE BANK & TRUST COMPANY, NATIONAL ASSOCIATION"
779968,175920.0,175920000.0,STATE BANK OF INDIA (CALIFORNIA)
425911,175645.0,175645000.0,EPHRATA NATIONAL BANK
132107,175467.0,175467000.0,ANDROSCOGGIN SAVINGS BANK
340135,175201.0,175201000.0,BANK OF TENNESSEE
958204,175187.0,175187000.0,FIRST COUNTY BANK
3807880,174820.0,174820000.0,ONE FLORIDA BANK
276850,174363.0,174363000.0,SECURITY FIRST BANK
2667920,174285.0,174285000.0,U.S. BANK TRUST NATIONAL ASSOCIATION SD
187947,174202.0,174202000.0,BANK IOWA
738769,174082.0,174082000.0,COMMUNITY NATIONAL BANK & TRUST OF TEXAS
134437,173700.0,173700000.0,TROY BANK & TRUST COMPANY
3284490,173009.0,173009000.0,STERLING BANK
403179,172717.0,172717000.0,FIRST FED BANK
890742,172700.0,172700000.0,BLACKHAWK BANK & TRUST
899428,172414.0,172414000.0,FIRST BANK
74140,172263.0,172263000.0,ISABELLA BANK
881012,172248.0,172248000.0,JOURNEY BANK
778738,171951.0,171951000.0,CITIZENS BANK
2708122,171945.0,171945000.0,VIRGINIA NATIONAL BANK
290249,171727.0,171727000.0,WAUKESHA STATE BANK
242444,170563.0,170563000.0,TRI CITY NATIONAL BANK
680457,170528.0,170528000.0,"YELLOWSTONE BANK, THE"
275358,170468.0,170468000.0,AMERICAN BANK & TRUST
514066,169412.0,169412000.0,MONTECITO BANK & TRUST
2748502,169295.0,169295000.0,SYNERGY BANK
481177,168999.0,168999000.0,LANDMARK NATIONAL BANK
3720608,168960.0,168960000.0,OAKWORTH CAPITAL BANK
726953,168847.0,168847000.0,UNITED TEXAS BANK
717737,168618.0,168618000.0,CITIZENS NATIONAL BANK
463650,168608.0,168608000.0,ADAMS BANK & TRUST
3404373,168419.0,168419000.0,FIRST COMMERCE BANK
2785646,168161.0,168161000.0,OMB BANK
3280625,167834.0,167834000.0,PROVIDENCE BANK & TRUST
309655,167573.0,167573000.0,REGENT BANK
289515,166962.0,166962000.0,FARMERS AND MERCHANTS TRUST COMPANY OF CHAMBERSBURG
3404506,166751.0,166751000.0,PROVIDENCE BANK
2068107,166263.0,166263000.0,CAPITAL COMMUNITY BANK
470452,165471.0,165471000.0,ARMSTRONG BANK
247908,165281.0,165281000.0,KENNEBUNK SAVINGS BANK
118156,164994.0,164994000.0,SECURITY BANK AND TRUST COMPANY
2328137,164658.0,164658000.0,FIRST COMMUNITY BANK
408642,164500.0,164500000.0,BANKERS' BANK
3636446,164398.0,164398000.0,GBANK
2736219,163437.0,163437000.0,"TRANSPORTATION ALLIANCE BANK, INC. DBA TAB BANK"
298218,163365.0,163365000.0,WATERTOWN SAVINGS BANK
454676,163232.0,163232000.0,"BANKFINANCIAL, NATIONAL ASSOCIATION"
734538,162839.0,162839000.0,FIRST NATIONAL BANKERS BANK
2947556,162488.0,162488000.0,FIRST ELECTRONIC BANK
146663,162117.0,162117000.0,SAVINGS BANK OF MENDOCINO COUNTY
646172,161889.0,161889000.0,FIRST PIEDMONT FEDERAL SAVINGS AND LOAN ASSOCIATION
209858,161803.0,161803000.0,INBANK
856243,161619.0,161619000.0,"AMERICAN COMMERCIAL BANK & TRUST, NATIONAL ASSOCIATION"
63733,161311.0,161311000.0,CITIZENS BANK
375043,161230.0,161230000.0,"PEOPLES NATIONAL BANK, NATIONAL ASSOCIATION"
524579,161168.0,161168000.0,"GREAT MIDWEST BANK, STATE SAVINGS BANK"
564052,160830.0,160830000.0,BANK OF ALMA
173575,160669.0,160669000.0,"VILLAGE BANK, THE"
2806877,160246.0,160246000.0,"FEDERAL SAVINGS BANK, THE"
818401,159975.0,159975000.0,MAIN STREET BANK
844053,159940.0,159940000.0,SECURITY NATIONAL BANK OF OMAHA
4536084,159883.0,159883000.0,BANK OF BIRD-IN-HAND
840363,159484.0,159484000.0,FIRSTBANK SOUTHWEST
3588424,159132.0,159132000.0,"WATERFORD BANK, NA"
527600,158841.0,158841000.0,NORTH EASTON SAVINGS BANK
2686211,158706.0,158706000.0,CROWN BANK
97804,158609.0,158609000.0,MOUNTAINONE BANK
528849,158416.0,158416000.0,HORICON BANK
584377,158151.0,158151000.0,KITSAP BANK
248240,158027.0,158027000.0,BANK OF SPRINGFIELD
212522,158008.0,158008000.0,SOMERSET TRUST COMPANY
886204,157946.0,157946000.0,WATERTOWN SAVINGS BANK
1009242,157891.0,157891000.0,BTC BANK
304173,157729.0,157729000.0,MARQUETTE SAVINGS BANK
220527,157363.0,157363000.0,PEOPLES BANK
771458,157300.0,157300000.0,FIRST AMERICAN BANK
982142,156955.0,156955000.0,"CECILIAN BANK, THE"
283737,156823.0,156823000.0,FIRST NATIONAL BANK OF TENNESSEE
1394621,156786.0,156786000.0,METRO BANK
887340,156779.0,156779000.0,FIRST STATE BANK
150035,156732.0,156732000.0,FIRST FARMERS AND MERCHANTS BANK
684455,156588.0,156588000.0,BOM BANK
2834759,156384.0,156384000.0,EVERGREEN BANK GROUP
592448,156241.0,156241000.0,EVOLVE BANK & TRUST
828651,156039.0,156039000.0,ANB BANK
727174,155240.0,155240000.0,GUARDIAN SAVINGS BANK
577137,154593.0,154593000.0,PACIFIC NATIONAL BANK
3610718,154555.0,154555000.0,OLD DOMINION NATIONAL BANK
214722,154336.0,154336000.0,CHESAPEAKE BANK
754929,154051.0,154051000.0,"NATIONAL BANK OF BLACKSBURG, THE"
614313,153922.0,153922000.0,"STATE BANK AND TRUST COMPANY, THE"
171768,153798.0,153798000.0,"SOUTHSTAR BANK, S.S.B."
498317,153726.0,153726000.0,"OHIO VALLEY BANK COMPANY, THE"
568470,153151.0,153151000.0,PEOPLES BANK
2262718,153069.0,153069000.0,"SYNOVUS TRUST COMPANY, NATIONAL ASSOCIATION"
375566,152777.0,152777000.0,FIRST NATIONAL BANK
371924,152541.0,152541000.0,COMMUNITY BANK
447100,152509.0,152509000.0,CORNERSTONE BANK
600419,152141.0,152141000.0,KISH BANK
1016231,152117.0,152117000.0,MOUNTAIN COMMERCE BANK
2009605,151865.0,151865000.0,STARION BANK
120609,151863.0,151863000.0,THOMASTON SAVINGS BANK
119779,151405.0,151405000.0,CAPE COD CO-OPERATIVE BANK
735441,150377.0,150377000.0,AMERICAN STATE BANK
624778,150292.0,150292000.0,FIRST FEDERAL SAVINGS AND LOAN ASSOCIATION OF GREENE COUNTY
507509,150184.0,150184000.0,NEWTOWN SAVINGS BANK
3633173,149994.0,149994000.0,ALMA BANK
502111,149943.0,149943000.0,"NEWTEK BANK, NATIONAL ASSOCIATION"
3076604,149475.0,149475000.0,"SIGNATURE BANK, NATIONAL ASSOCIATION"
2325882,149388.0,149388000.0,"DEUTSCHE BANK TRUST COMPANY, NATIONAL ASSOCIATION"
754826,148691.0,148691000.0,VINTON COUNTY NATIONAL BANK
3465392,148604.0,148604000.0,PEGASUS BANK
185859,148514.0,148514000.0,LINDELL BANK & TRUST COMPANY
738303,148408.0,148408000.0,EAST CAMBRIDGE SAVINGS BANK
613343,148221.0,148221000.0,"CNB BANK & TRUST, NA"
2880019,147957.0,147957000.0,FINWISE BANK
3637247,147767.0,147767000.0,SOUTH ATLANTIC BANK
952172,147671.0,147671000.0,EVERETT CO-OPERATIVE BANK
576608,147515.0,147515000.0,MEREDITH VILLAGE SAVINGS BANK
840747,147446.0,147446000.0,FARMERS STATE BANK
1169650,147034.0,147034000.0,AMERASIA BANK
1011638,147005.0,147005000.0,PRIMESOUTH BANK
589943,146914.0,146914000.0,LINCOLN SAVINGS BANK
372538,146541.0,146541000.0,"EVANGELINE BANK AND TRUST COMPANY, THE"
88231,146127.0,146127000.0,BANKSOUTH
101037,145568.0,145568000.0,FIRST AMERICAN BANK AND TRUST
765505,145158.0,145158000.0,WEBSTER FIVE CENTS SAVINGS BANK
556936,144924.0,144924000.0,FORESIGHT BANK
286457,144763.0,144763000.0,PARK STATE BANK
3597211,144685.0,144685000.0,"CHAIN BRIDGE BANK, NATIONAL ASSOCIATION"
403946,144045.0,144045000.0,"PARK BANK, THE"
741330,143881.0,143881000.0,F&M BANK
606653,143826.0,143826000.0,INDEPENDENCE BANK
323204,143753.0,143753000.0,"LYONS NATIONAL BANK, THE"
2877840,143452.0,143452000.0,FIRST IC BANK
163549,143408.0,143408000.0,INCREDIBLEBANK
885869,143325.0,143325000.0,"COMMERCIAL BANK OF TEXAS, N.A."
396253,143183.0,143183000.0,SOVEREIGN BANK
2625724,142979.0,142979000.0,SOUTHWESTERN NATIONAL BANK
540551,142975.0,142975000.0,"BANKWEST, INCORPORATED"
492650,142813.0,142813000.0,EXCHANGE BANK
934271,142731.0,142731000.0,CENLAR FSB
520003,142689.0,142689000.0,NORTHFIELD SAVINGS BANK
1006148,142636.0,142636000.0,FARMERS STATE BANK
729310,142599.0,142599000.0,PATHFINDER BANK
732918,141824.0,141824000.0,JERSEY SHORE STATE BANK
956750,141633.0,141633000.0,RIO BANK
2605566,141448.0,141448000.0,EAGLEMARK SAVINGS BANK
959715,141174.0,141174000.0,ATLANTIC COMMUNITY BANKERS BANK
822042,140887.0,140887000.0,SOUTHERN MICHIGAN BANK & TRUST
972862,140851.0,140851000.0,PLAINS STATE BANK
1162017,140837.0,140837000.0,UNITED SECURITY BANK
444350,140734.0,140734000.0,FIRST TEXAS BANK
594433,140533.0,140533000.0,"CB&S BANK, INC."
783844,140427.0,140427000.0,CITIZENS BANK
554857,140110.0,140110000.0,FIVE POINTS BANK
763677,140075.0,140075000.0,SECURITY FEDERAL BANK
2921659,139515.0,139515000.0,CAPITAL BANK AND TRUST COMPANY
2451240,139447.0,139447000.0,PACIFIC COAST BANKERS' BANK
3320781,139042.0,139042000.0,TWO RIVERS BANK & TRUST
67209,138933.0,138933000.0,NEWBURYPORT FIVE CENTS SAVINGS BANK
186221,138724.0,138724000.0,"OLD POINT NATIONAL BANK OF PHOEBUS, THE"
995272,138561.0,138561000.0,HATBORO FEDERAL SAVINGS
196800,137835.0,137835000.0,MARTHA'S VINEYARD BANK
758851,137801.0,137801000.0,FIRST BANK OF THE LAKE
3388482,137547.0,137547000.0,AMERICAN RIVIERA BANK
3141726,137130.0,137130000.0,"FORCHT BANK, NATIONAL ASSOCIATION"
261360,136354.0,136354000.0,CITIZENS STATE BANK
931038,136347.0,136347000.0,CENTRAL BANK ILLINOIS
465618,136135.0,136135000.0,"HONESDALE NATIONAL BANK, THE"
207050,135874.0,135874000.0,WEST GATE BANK
859141,135739.0,135739000.0,AVAILA BANK
930358,135663.0,135663000.0,UNITED BANKERS' BANK
3470154,135384.0,135384000.0,US METRO BANK
565750,135261.0,135261000.0,BANK OF WASHINGTON
439356,135067.0,135067000.0,ELKHORN VALLEY BANK & TRUST
3052813,134799.0,134799000.0,COMMERCEWEST BANK
1013070,134648.0,134648000.0,ONELOCAL BANK
125855,134624.0,134624000.0,SABINE STATE BANK AND TRUST COMPANY
3623110,134505.0,134505000.0,"AMERICAN PLUS BANK, NATIONAL ASSOCIATION"
279954,134003.0,134003000.0,CITIZENS ALLIANCE BANK
1228034,133921.0,133921000.0,FIRST BANK & TRUST COMPANY
869663,133822.0,133822000.0,CITIZENS 1ST BANK
593052,133707.0,133707000.0,PLAINS COMMERCE BANK
928618,133627.0,133627000.0,AMERISERV FINANCIAL BANK
972732,133517.0,133517000.0,FIRST NATIONAL BANK OF PULASKI
17978,133476.0,133476000.0,ELIZABETHTON FEDERAL SAVINGS BANK
283867,133394.0,133394000.0,WALLIS BANK
33857,133367.0,133367000.0,FRONTIER BANK
348720,132975.0,132975000.0,FARMERS AND MERCHANTS BANK
435750,132957.0,132957000.0,FIRST STATE BANK
3243282,132895.0,132895000.0,SUMMIT BANK
594853,132229.0,132229000.0,"BONVENU BANK, N.A."
3066025,132213.0,132213000.0,"GOLDMAN SACHS TRUST COMPANY, NATIONAL ASSOCIATION, THE"
384652,131658.0,131658000.0,"DALLAS CAPITAL BANK, NATIONAL ASSOCIATION"
985479,131604.0,131604000.0,MAIN STREET BANK CORP.
3529315,131478.0,131478000.0,EDWARD JONES TRUST COMPANY
307679,131397.0,131397000.0,BANK OF THE PACIFIC
300063,131324.0,131324000.0,"NEW OMNI BANK, NATIONAL ASSOCIATION"
3971,131109.0,131109000.0,MIDCOUNTRY BANK
61355,130928.0,130928000.0,CORTRUST BANK NATIONAL ASSOCIATION
340144,130805.0,130805000.0,PEOPLES STATE BANK
845247,130495.0,130495000.0,EDMONTON STATE BANK
228000,130465.0,130465000.0,FRANKLIN SAVINGS BANK
956938,130130.0,130130000.0,PRIORITYONE BANK
498531,130030.0,130030000.0,EVABANK
362717,129790.0,129790000.0,"CROGHAN COLONIAL BANK, THE"
2719810,129726.0,129726000.0,"WINTRUST PRIVATE TRUST COMPANY, NATIONAL ASSOCIATION"
304913,129725.0,129725000.0,DEUTSCHE BANK TRUST COMPANY DELAWARE
133971,129572.0,129572000.0,LISLE SAVINGS BANK
852713,129514.0,129514000.0,QNB BANK
777366,129455.0,129455000.0,BANK OF THE ORIENT
234355,129389.0,129389000.0,CENTRAL NATIONAL BANK
3386536,129152.0,129152000.0,SOUTHPOINT BANK
162337,128484.0,128484000.0,CITIZENS TRI-COUNTY BANK
833404,128337.0,128337000.0,FALL RIVER FIVE CENTS SAVINGS BANK
702612,128058.0,128058000.0,FIRST SOUTHERN NATIONAL BANK
632607,128015.0,128015000.0,GREENFIELD SAVINGS BANK
900502,127902.0,127902000.0,FULTON SAVINGS BANK
648130,127793.0,127793000.0,GROVE BANK & TRUST
27070,127460.0,127460000.0,PREVAIL BANK
927479,127283.0,127283000.0,BOGOTA SAVINGS BANK
397531,127118.0,127118000.0,AMALGAMATED BANK OF CHICAGO
1396764,126702.0,126702000.0,"BERKSHIRE BANK, THE"
339607,126615.0,126615000.0,SACO & BIDDEFORD SAVINGS INSTITUTION
790918,126508.0,126508000.0,FIRST KEYSTONE COMMUNITY BANK
427353,126039.0,126039000.0,FIRSTAR BANK
195111,125977.0,125977000.0,RHINEBECK BANK
153353,125948.0,125948000.0,PEOPLES BANK AND TRUST COMPANY
666554,125674.0,125674000.0,HERITAGE BANK
613558,125601.0,125601000.0,MONTGOMERY BANK
631570,125226.0,125226000.0,"PROVIDENT SAVINGS BANK, F.S.B."
856748,125140.0,125140000.0,"CITIZENS BANK, THE"
60330,125049.0,125049000.0,PEOPLES BANK OF ALABAMA
770657,124596.0,124596000.0,"NODAWAY VALLEY BANK, THE"
3350724,124536.0,124536000.0,SIGNATURE BANK OF ARKANSAS
879457,124413.0,124413000.0,CORNERSTONE BANK
99536,124320.0,124320000.0,ONE BANK OF TENNESSEE
186717,124277.0,124277000.0,FIRST NORTHERN BANK AND TRUST COMPANY
7009,124134.0,124134000.0,BESSEMER TRUST COMPANY
536554,123936.0,123936000.0,FIRSTIER BANK
311050,123590.0,123590000.0,AMERICAN HERITAGE BANK
207845,123280.0,123280000.0,"FIRST NATIONAL BANK AND TRUST COMPANY, THE"
419675,123251.0,123251000.0,FIRST BANK RICHMOND
311603,123199.0,123199000.0,DIME BANK
139553,123000.0,123000000.0,MABREY BANK
930442,122409.0,122409000.0,BANK OF PONTIAC
283438,122365.0,122365000.0,LIBERTY BANK AND TRUST COMPANY
873259,122105.0,122105000.0,MID AMERICA BANK
831008,121900.0,121900000.0,"GUILFORD SAVINGS BANK, THE"
314257,121846.0,121846000.0,DEERWOOD BANK
215662,121693.0,121693000.0,AMERICAN BANK OF COMMERCE
759045,121096.0,121096000.0,FIRST EAGLE BANK
3297490,120684.0,120684000.0,HARMONY BANK
39327,120608.0,120608000.0,"CALVIN B. TAYLOR BANKING COMPANY OF BERLIN, MARYLAND"
189129,120607.0,120607000.0,"COMMERCIAL AND SAVINGS BANK OF MILLERSBURG, OHIO, THE"
596062,120555.0,120555000.0,"CITY NATIONAL BANK OF SULPHUR SPRINGS, THE"
501459,120397.0,120397000.0,ROYAL BANKS OF MISSOURI
2785477,120280.0,120280000.0,ASIAN BANK
2732,120251.0,120251000.0,"ALBANY BANK & TRUST CO., NATIONAL ASSOCIATION"
428060,120146.0,120146000.0,CENTRAL NATIONAL BANK
5135,120121.0,120121000.0,FIRST STATE BANK OF BLAKELY
45551,120118.0,120118000.0,BANK MIDWEST
3688043,120091.0,120091000.0,PARKSIDE FINANCIAL BANK AND TRUST
699105,119617.0,119617000.0,BLUESTONE BANK
582971,119616.0,119616000.0,FIRST FEDERAL SAVINGS BANK OF TWIN FALLS
74403,119316.0,119316000.0,MERRIMACK COUNTY SAVINGS BANK
610128,118960.0,118960000.0,"BANK OF SOUTHSIDE VIRGINIA, THE"
517357,118670.0,118670000.0,BLUE SKY BANK
666059,118653.0,118653000.0,M1 BANK
784159,118633.0,118633000.0,PEOPLES COMMUNITY BANK
716374,118526.0,118526000.0,FIRST HARRISON BANK
928056,118492.0,118492000.0,"GNBANK, NATIONAL ASSOCIATION DBA GNBANK, N.A."
561659,118456.0,118456000.0,PINNACLE BANK - WYOMING
771140,118378.0,118378000.0,DIETERICH BANK
2833882,118300.0,118300000.0,NEW MILLENNIUM BANK
601658,118264.0,118264000.0,ALLIANCE BANK CENTRAL TEXAS
1885932,118253.0,118253000.0,CRESCENT BANK
701222,118215.0,118215000.0,MERCHANTS NATIONAL BANK
270504,118181.0,118181000.0,COMMUNITY NATIONAL BANK
517674,118023.0,118023000.0,FIRST FEDERAL BANK OF LOUISIANA
998844,117986.0,117986000.0,PEOPLES BANK
2915461,117905.0,117905000.0,NORTH STATE BANK
671558,117589.0,117589000.0,WOOD & HUSTON BANK
592644,117475.0,117475000.0,GREENFIELD BANKING COMPANY
483274,117272.0,117272000.0,FIRST SAVINGS BANK OF HEGEWISCH
94522,116878.0,116878000.0,BENCHMARK COMMUNITY BANK
113740,116807.0,116807000.0,FIRST STATE BANK
68756,116652.0,116652000.0,LIBERTY NATIONAL BANK
867632,116651.0,116651000.0,INTERNATIONAL FINANCE BANK
589523,116621.0,116621000.0,BANK OF TRAVELERS REST
3284445,116258.0,116258000.0,"T BANK, NATIONAL ASSOCIATION"
300009,116115.0,116115000.0,PASSUMPSIC SAVINGS BANK
980960,116099.0,116099000.0,BENCHMARK BANK
933041,116060.0,116060000.0,FARMERS NATIONAL BANK
1016259,115810.0,115810000.0,"BENNINGTON STATE BANK, THE"
63573,115801.0,115801000.0,WALPOLE CO-OPERATIVE BANK
154154,115688.0,115688000.0,"FIRST NATIONAL BANK AND TRUST COMPANY, CHICKASHA, OKLAHOMA, THE"
113441,115551.0,115551000.0,FARMERS STATE BANK
1001059,115253.0,115253000.0,SECURITY BANK & TRUST COMPANY
550279,115168.0,115168000.0,OLYMPIA FEDERAL SAVINGS AND LOAN ASSOCIATION
279842,114843.0,114843000.0,RIVER BANK
301800,114490.0,114490000.0,ULSTER SAVINGS BANK
31255,114451.0,114451000.0,CENTRAL BANK
3068579,114062.0,114062000.0,EMBASSY BANK FOR THE LEHIGH VALLEY
982348,114031.0,114031000.0,IOWA STATE BANK
2771694,113948.0,113948000.0,BAYFIRST NATIONAL BANK
2716088,113942.0,113942000.0,RESOURCE BANK
754853,113836.0,113836000.0,"FIRST NATIONAL BANK OF HUTCHINSON, THE"
1469677,113683.0,113683000.0,"HERITAGE BANK, INC."
901938,113658.0,113658000.0,"FARMERS BANK, THE"
812557,113374.0,113374000.0,BANK FORWARD
44433,112893.0,112893000.0,"INTERCREDIT BANK, NATIONAL ASSOCIATION"
548771,112623.0,112623000.0,MAGYAR BANK
176464,112583.0,112583000.0,ALLIANCE BANK
980531,112581.0,112581000.0,JD BANK
780218,112449.0,112449000.0,"UNION BANK COMPANY, THE"
2869162,112006.0,112006000.0,AMERICAN COMMUNITY BANK & TRUST
772446,111626.0,111626000.0,"COMERICA BANK & TRUST, NATIONAL ASSOCIATION"
151957,111536.0,111536000.0,DAYSPRING BANK
955977,111419.0,111419000.0,SOUTHWEST HERITAGE BANK
208057,111231.0,111231000.0,VERMILLION STATE BANK
429487,111225.0,111225000.0,SOUND COMMUNITY BANK
9357,111187.0,111187000.0,SCALE BANK
2953418,110827.0,110827000.0,OPTIMUMBANK
682143,110796.0,110796000.0,COUNTY NATIONAL BANK
3391718,110112.0,110112000.0,BELMONT BANK & TRUST COMPANY
401906,110106.0,110106000.0,SKOWHEGAN SAVINGS BANK
691958,110089.0,110089000.0,MIDWEST REGIONAL BANK
56717,110037.0,110037000.0,"DIME BANK, THE"
732178,109988.0,109988000.0,GRAND SAVINGS BANK
321273,109841.0,109841000.0,"AFFINITY BANK, NATIONAL ASSOCIATION"
635907,109760.0,109760000.0,PENTUCKET BANK
938859,109701.0,109701000.0,NEWFIRST NATIONAL BANK
2580243,109692.0,109692000.0,AMERICAN BANK
183668,109500.0,109500000.0,HCN BANK
3268249,109490.0,109490000.0,GREENE COUNTY COMMERCIAL BANK
898627,109444.0,109444000.0,"CITIZENS BANK, THE"
220974,109394.0,109394000.0,FIRST FEDERAL BANK
609609,109167.0,109167000.0,"HANA BANK USA, NATIONAL ASSOCIATION"
2465881,109110.0,109110000.0,PLATTE VALLEY BANK
837970,108867.0,108867000.0,FIFTH DISTRICT SAVINGS BANK
47247,108842.0,108842000.0,"DART BANK, THE"
259330,108623.0,108623000.0,FIRST US BANK
594451,108391.0,108391000.0,MAPLEMARK BANK
2358769,108324.0,108324000.0,BNC NATIONAL BANK
12030,108314.0,108314000.0,FNB SOUTH
908553,108204.0,108204000.0,HNB NATIONAL BANK
894348,108171.0,108171000.0,BANK OF WISCONSIN DELLS
2661861,108122.0,108122000.0,PEOPLE'S BANK OF COMMERCE
245557,107946.0,107946000.0,SUPERIOR NATIONAL BANK
853804,107895.0,107895000.0,"BANK OF CANTON, THE"
3015939,107845.0,107845000.0,AMG NATIONAL TRUST BANK
33259,107821.0,107821000.0,PREMIER BANK
436953,107789.0,107789000.0,SULLIVAN BANK
285740,107375.0,107375000.0,"PADUCAH BANK AND TRUST COMPANY, THE"
75259,107278.0,107278000.0,FIRST OKLAHOMA BANK
99442,106809.0,106809000.0,BANK OF COMMERCE
448040,106699.0,106699000.0,OXFORD BANK
5592340,106665.0,106665000.0,CLIMATE FIRST BANK
2515320,106618.0,106618000.0,FORTIS BANK
921039,106572.0,106572000.0,FIRST AMERICAN BANK AND TRUST COMPANY
1016857,106527.0,106527000.0,CITIZENS BANK OF LAS CRUCES
585749,106494.0,106494000.0,PILOT GROVE SAVINGS BANK
950178,106074.0,106074000.0,FIRST FEDERAL BANK OF KANSAS CITY
590976,105877.0,105877000.0,FINANCIAL FEDERAL BANK
4845861,105815.0,105815000.0,PRIMARY BANK
83375,105582.0,105582000.0,CENTURY BANK
886624,105504.0,105504000.0,"CLEAR MOUNTAIN BANK, INC."
852704,105322.0,105322000.0,GENESEE REGIONAL BANK
100357,105136.0,105136000.0,"LEGEND BANK, N. A."
268976,104873.0,104873000.0,WINCHESTER CO-OPERATIVE BANK
3614837,104382.0,104382000.0,ACCESS BANK
536527,104263.0,104263000.0,INDUSTRIAL BANK
3455227,104111.0,104111000.0,PINNACLE BANK
137652,103896.0,103896000.0,UNIVERSITY BANK
5210989,103714.0,103714000.0,"GRASSHOPPER BANK, N.A."
327855,103667.0,103667000.0,CIERA BANK
819855,103541.0,103541000.0,PEOPLES BANK
3384952,103355.0,103355000.0,IDAHO FIRST BANK
3290240,103332.0,103332000.0,TRUXTON TRUST COMPANY
499453,103311.0,103311000.0,FIRST STATE BANK NEBRASKA
2826017,103076.0,103076000.0,"GLENMEDE TRUST COMPANY, NATIONAL ASSOCIATION, THE"
865151,103042.0,103042000.0,LEGENDS BANK
115575,102799.0,102799000.0,COASTAL HERITAGE BANK
2877345,102495.0,102495000.0,INSBANK
3019982,102436.0,102436000.0,"FREEDOM BANK OF VIRGINIA, THE"
852973,102416.0,102416000.0,"PIONEER TRUST BANK, NATIONAL ASSOCIATION"
183770,102303.0,102303000.0,MECHANICS COOPERATIVE BANK
2839790,102292.0,102292000.0,FIRST RELIANCE BANK
627854,102208.0,102208000.0,"FIRST NATIONAL BANK OF BANGOR, THE"
2568063,102188.0,102188000.0,FIRST COMMAND BANK
319551,102048.0,102048000.0,SECURITY STATE BANK
2006024,101943.0,101943000.0,INTERNATIONAL BANK OF CHICAGO
191935,101634.0,101634000.0,FIRST STATE BANK OF THE FLORIDA KEYS
3140822,101477.0,101477000.0,LIBERTY NATIONAL BANK
606176,101294.0,101294000.0,PIONEER BANK
516855,101293.0,101293000.0,SECURITY BANK
3635029,100894.0,100894000.0,NANO BANC
5349218,100879.0,100879000.0,TRUSTAR BANK
150044,100861.0,100861000.0,UNITED BANK OF MICHIGAN
382649,100695.0,100695000.0,FIRST SOUTHERN BANK
2819167,100661.0,100661000.0,FARM BUREAU BANK FSB
3306280,100602.0,100602000.0,LEGACY NATIONAL BANK
327305,100553.0,100553000.0,KATAHDIN TRUST COMPANY
355120,100388.0,100388000.0,CAROLINA BANK & TRUST COMPANY
1429028,100261.0,100261000.0,"KEYSTONE BANK, SSB"
3619216,100060.0,100060000.0,TEXAS SECURITY BANK
972769,99990.0,99990000.0,GBC INTERNATIONAL BANK
313577,99897.0,99897000.0,FORWARD BANK
1414819,99866.0,99866000.0,HELM BANK USA
343903,99844.0,99844000.0,ADAMS COMMUNITY BANK
2929392,99699.0,99699000.0,CORNERSTONE NATIONAL BANK & TRUST COMPANY
643078,99434.0,99434000.0,EASTERN SAVINGS BANK FEDERAL SAVINGS BANK
2948058,99287.0,99287000.0,FIRST COMMERCIAL BANK
329345,99259.0,99259000.0,GENERATIONS BANK
1222519,99173.0,99173000.0,FIRST METRO BANK
90328,99083.0,99083000.0,SKYLINE NATIONAL BANK
1011656,99043.0,99043000.0,"VERSABANK USA, NATIONAL ASSOCIATION"
451273,98956.0,98956000.0,GEDDES FEDERAL SAVINGS AND LOAN ASSOCIATION
2849463,98817.0,98817000.0,FIRST CAPITAL BANK
583268,98695.0,98695000.0,SCHERTZ BANK & TRUST
526519,98574.0,98574000.0,1ST SUMMIT BANK
3821822,98522.0,98522000.0,COASTAL CAROLINA NATIONAL BANK
3165357,98457.0,98457000.0,COMMUNITY FIRST BANK OF INDIANA
561574,98108.0,98108000.0,SUMMIT STATE BANK
88455,98107.0,98107000.0,HEARTLAND BANK
738013,98061.0,98061000.0,"CITIZENS NATIONAL BANK OF BLUFFTON, THE"
498148,97968.0,97968000.0,FOCUS BANK
493844,97829.0,97829000.0,FRANKLIN BANK & TRUST COMPANY
213471,97772.0,97772000.0,"SLOVENIAN SAVINGS AND LOAN ASSOCIATION OF CANONSBURG, PA"
5205819,97706.0,97706000.0,STUDIO BANK
820048,97523.0,97523000.0,"FIRST NATIONAL BANK AMES, IOWA"
497954,97352.0,97352000.0,TEXAS NATIONAL BANK
90337,97276.0,97276000.0,UNITED COMMUNITY BANK
990352,97189.0,97189000.0,UNITED BANK & TRUST
345877,97062.0,97062000.0,CENTURY NEXT BANK
111205,97021.0,97021000.0,PARTNERS BANK OF NEW ENGLAND
1222948,96808.0,96808000.0,PRAIRIE STATE BANK & TRUST
150727,96658.0,96658000.0,"RICHWOOD BANKING COMPANY, INC., THE"
534877,96627.0,96627000.0,BRENTWOOD BANK
899008,96547.0,96547000.0,WINCHESTER SAVINGS BANK
72258,96301.0,96301000.0,"CONVERSE COUNTY BANK, THE"
780722,96120.0,96120000.0,HEBRON SAVINGS BANK
466754,96091.0,96091000.0,"BANK OF FAYETTE COUNTY, THE"
41825,95939.0,95939000.0,MIDDLETOWN VALLEY BANK
488318,95871.0,95871000.0,BNY MELLON TRUST OF DELAWARE
715340,95850.0,95850000.0,WEST MICHIGAN COMMUNITY BANK
713926,95762.0,95762000.0,FARMERS & MERCHANTS BANK
616036,95713.0,95713000.0,SOUTH LOUISIANA BANK
3374382,95686.0,95686000.0,TRIAD BANK
870539,95675.0,95675000.0,"PEOPLES BANK, BILOXI, MISSISSIPPI, THE"
698144,95633.0,95633000.0,COMMUNITY FINANCIAL SERVICES BANK
590640,95562.0,95562000.0,FNB OXFORD BANK
542667,95409.0,95409000.0,MT. MCKINLEY BANK
737548,95289.0,95289000.0,BANKIOWA
14865,95225.0,95225000.0,BANK OF EASTERN OREGON
950141,95091.0,95091000.0,MID-MISSOURI BANK
586027,94933.0,94933000.0,FIRST BANK OF OHIO
839068,94824.0,94824000.0,SECURITY STATE BANK
615217,94795.0,94795000.0,"NORTH SIDE BANK AND TRUST COMPANY, THE"
544652,94204.0,94204000.0,CORNHUSKER BANK
805755,94176.0,94176000.0,FIRST NATIONAL BANK NORTH
3482111,94034.0,94034000.0,MRV BANKS
261940,93945.0,93945000.0,ANSTAFF BANK
625159,93941.0,93941000.0,COMMERCE BANK
614368,93916.0,93916000.0,FIRST NATIONAL BANK AND TRUST COMPANY OF WEATHERFORD DBA FIRST BANK TEXAS
976552,93777.0,93777000.0,CORE BANK
669555,93734.0,93734000.0,MIDWEST BANK
2997748,93523.0,93523000.0,"FIRST CENTURY BANK, NATIONAL ASSOCIATION"
329952,93149.0,93149000.0,"FIRST NATIONAL BANK OF GRANBURY, THE"
3821037,93042.0,93042000.0,R BANK
144034,93018.0,93018000.0,BANK OF CLEVELAND
126834,93015.0,93015000.0,CITIZENS BANK
586072,92875.0,92875000.0,FIRST PALMETTO BANK
3397233,92766.0,92766000.0,SOLERA NATIONAL BANK
2958972,92463.0,92463000.0,NORTHSTAR BANK
898850,92294.0,92294000.0,FIRST LIBERTY BANK
2838207,92288.0,92288000.0,SEATTLE BANK
326979,92280.0,92280000.0,GREENFIELD CO-OPERATIVE BANK
637554,92181.0,92181000.0,FIRST BANK OF OWASSO
653611,92154.0,92154000.0,"JONESTOWN BANK AND TRUST COMPANY OF JONESTOWN, PENNSYLVANIA"
979629,92148.0,92148000.0,FIRST NATIONAL BANK
94139,92130.0,92130000.0,MERCHANTS & MARINE BANK
239659,92056.0,92056000.0,FIRST BANK
568359,91999.0,91999000.0,AMERICAN BANK OF FREEDOM
307062,91691.0,91691000.0,FARMERS BANK
408875,91672.0,91672000.0,"AXIOM BANK, NATIONAL ASSOCIATION"
3690701,91563.0,91563000.0,PRIME MERIDIAN BANK
2797359,91462.0,91462000.0,FIRST CENTRAL SAVINGS BANK
340751,91303.0,91303000.0,CLEAR FORK BANK NATIONAL ASSOCIATION
65559,91153.0,91153000.0,PIONEER BANK & TRUST
815156,91089.0,91089000.0,"DAKOTA COMMUNITY BANK & TRUST, NATIONAL ASSOCIATION"
583754,90760.0,90760000.0,BANK OF HOUSTON
590220,90741.0,90741000.0,UWHARRIE BANK
629353,90739.0,90739000.0,FIRST LIBERTY BANK
301574,90704.0,90704000.0,LAKE SHORE SAVINGS BANK
2920773,90697.0,90697000.0,1ST COLONIAL COMMUNITY BANK
266945,90528.0,90528000.0,MONTICELLO BANKING COMPANY
291611,90489.0,90489000.0,HAMLIN BANK AND TRUST COMPANY
3224302,90253.0,90253000.0,FIRST SOUTHWEST BANK
918477,90136.0,90136000.0,HAVEN SAVINGS BANK
739355,90124.0,90124000.0,TEXAS NATIONAL BANK OF JACKSONVILLE
441050,90121.0,90121000.0,"FALLS CITY NATIONAL BANK, THE"
3404999,90089.0,90089000.0,FLAGSHIP BANK
895055,89649.0,89649000.0,"FIRST NATIONAL BANK OF MCGREGOR, THE"
538473,89643.0,89643000.0,"PRESIDENTIAL BANK, FSB"
450632,89555.0,89555000.0,FIRST NATIONAL COMMUNITY BANK
3472046,89513.0,89513000.0,FRONTIER BANK OF TEXAS
269049,89510.0,89510000.0,VISIONBANK OF IOWA
3459207,89407.0,89407000.0,MOUNTAIN PACIFIC BANK
140157,89163.0,89163000.0,HOMESTEAD BANK
163857,89134.0,89134000.0,F&M BANK
139478,89125.0,89125000.0,HARLEYSVILLE BANK
87234,88832.0,88832000.0,FIRST NATIONAL BANK OF MIDDLE TENNESSEE
3040418,88783.0,88783000.0,COMMUNITY FEDERAL SAVINGS BANK
2316714,88779.0,88779000.0,TIME BANK
466240,88517.0,88517000.0,FIRST ARKANSAS BANK AND TRUST
915065,88504.0,88504000.0,HAWAII NATIONAL BANK
385471,88413.0,88413000.0,MADISON COUNTY BANK
3354599,88316.0,88316000.0,SAINT LOUIS BANK
665865,88198.0,88198000.0,ROUND TOP STATE BANK
3153297,88062.0,88062000.0,FIRST COMMERCE BANK
888271,88004.0,88004000.0,"HANCOCK COUNTY SAVINGS BANK, F.S.B."
924236,87975.0,87975000.0,FIRST STATE BANK
3671997,87975.0,87975000.0,AMERICAN PRIDE BANK
680130,87920.0,87920000.0,CITIZENS TRUST BANK
759625,87788.0,87788000.0,BANK OF BOTETOURT
2667957,87656.0,87656000.0,NEBRASKALAND BANK
639549,87594.0,87594000.0,FIRST CENTRAL STATE BANK
450959,87554.0,87554000.0,SECURITY FINANCIAL BANK
712059,87391.0,87391000.0,UNITED PRAIRIE BANK
722816,87042.0,87042000.0,SOLVAY BANK
467658,86971.0,86971000.0,COMMERCIAL BANK & TRUST COMPANY
3588312,86963.0,86963000.0,BANK OF CENTRAL FLORIDA
3224375,86762.0,86762000.0,GOLDEN STATE BANK
1188772,86634.0,86634000.0,FIRST COMMUNITY BANK OF TENNESSEE
423449,86526.0,86526000.0,"FARMERS BANK, FRANKFORT, INDIANA, INC., THE"
333203,86521.0,86521000.0,UNION BANK
376442,86404.0,86404000.0,FIRST BANK
754068,86358.0,86358000.0,"C3BANK, NATIONAL ASSOCIATION"
1014125,86202.0,86202000.0,BANK OF CHARLES TOWN
414764,86130.0,86130000.0,TEXAS BANK
3122994,85969.0,85969000.0,SANIBEL CAPTIVA COMMUNITY BANK
2736451,85953.0,85953000.0,"NEW PEOPLES BANK, INC."
977951,85930.0,85930000.0,BORDER BANK
3472859,85755.0,85755000.0,NEWBANK
3437148,85712.0,85712000.0,FIRST FREEDOM BANK
997847,85700.0,85700000.0,BANK OF PRAIRIE DU SAC
967046,85678.0,85678000.0,FIRST STATE BANK OF MIDDLEBURY
3435948,85676.0,85676000.0,COLUMN NATIONAL ASSOCIATION
160360,85573.0,85573000.0,OREGON PACIFIC BANKING CO. DBA OREGON PACIFIC BANK
1000641,85546.0,85546000.0,CITIZENS STATE BANK OF NEW CASTLE
609476,85442.0,85442000.0,HUNTINGTON FEDERAL SAVINGS BANK
636276,85411.0,85411000.0,MUTUAL SAVINGS ASSOCIATION
56548,85313.0,85313000.0,DMB COMMUNITY BANK
3184228,85307.0,85307000.0,FALCON NATIONAL BANK
306908,84937.0,84937000.0,JEFF BANK
831642,84836.0,84836000.0,FIRST CITIZENS STATE BANK
900146,84796.0,84796000.0,CUSB BANK
543459,84762.0,84762000.0,"DREAM FIRST BANK, NATIONAL ASSOCIATION"
749635,84747.0,84747000.0,AUBURNBANK
3045383,84572.0,84572000.0,"VANGUARD NATIONAL TRUST COMPANY, NATIONAL ASSOCIATION"
3404467,84512.0,84512000.0,FIRST NATIONAL BANK OF MICHIGAN
587677,84489.0,84489000.0,EUREKA SAVINGS BANK
1007417,84443.0,84443000.0,FIRST NATIONAL BANK & TRUST COMPANY OF NEWTOWN
391977,84442.0,84442000.0,STURDY SAVINGS BANK
111942,84314.0,84314000.0,FORTIFI BANK
615954,84308.0,84308000.0,TRAILWEST BANK
824653,84306.0,84306000.0,TEXAS HERITAGE NATIONAL BANK
916745,84299.0,84299000.0,BNA BANK
531250,84195.0,84195000.0,CENTENNIAL BANK
262844,84187.0,84187000.0,PEOPLES STATE BANK
884442,84151.0,84151000.0,JACKSON COUNTY BANK
501132,84002.0,84002000.0,WEST ALABAMA BANK & TRUST
819453,84001.0,84001000.0,BANK OF ODESSA
3309571,83734.0,83734000.0,PRIME ALLIANCE BANK
2631846,83664.0,83664000.0,NORTH AMERICAN BANKING COMPANY
525053,83600.0,83600000.0,FIRST NATIONAL BANK OF OKLAHOMA
145545,83480.0,83480000.0,FIRST NATIONAL BANK OF WATERLOO
785147,83226.0,83226000.0,"FARMERS NATIONAL BANK OF DANVILLE, THE"
2398701,83219.0,83219000.0,"MODERN BANK, NATIONAL ASSOCIATION"
806958,83067.0,83067000.0,MIDWEST BANK
393953,82533.0,82533000.0,"HOMETOWN BANK, NATIONAL ASSOCIATION"
734350,82502.0,82502000.0,GIBSLAND BANK & TRUST COMPANY
495419,82365.0,82365000.0,"CITIZENS BANK OF KENTUCKY, INC"
345756,82170.0,82170000.0,"FIRST STATE BANK OF ST. CHARLES, MISSOURI"
884358,82089.0,82089000.0,FIRST STATE BANK OF LIVINGSTON
3340725,81998.0,81998000.0,QUONTIC BANK
18050,81948.0,81948000.0,"FIRST NATIONAL BANK OF BASTROP, THE"
835743,81771.0,81771000.0,"BANK OF HOLLY SPRINGS, THE"
2236821,81722.0,81722000.0,"PATRIOT BANK, NATIONAL ASSOCIATION"
340742,81644.0,81644000.0,CIBM BANK
529341,81576.0,81576000.0,IXONIA BANK
2943615,81448.0,81448000.0,COMMUNITY BANK OF PICKENS COUNTY
3166699,81341.0,81341000.0,TOLLESON PRIVATE BANK
2794732,81320.0,81320000.0,OPTUS BANK
142955,81233.0,81233000.0,SPIRITBANK
934673,81016.0,81016000.0,CULLMAN SAVINGS BANK
2745426,80944.0,80944000.0,LEGENDS BANK
447070,80824.0,80824000.0,HOYNE SAVINGS BANK
532042,80771.0,80771000.0,ROYAL BANK
853671,80632.0,80632000.0,OCONEE FEDERAL SAVINGS AND LOAN ASSOCIATION
1454,80610.0,80610000.0,HILLTOP NATIONAL BANK
341310,80426.0,80426000.0,WALDEN SAVINGS BANK
3194692,80273.0,80273000.0,TRADITIONS BANK
98463,80160.0,80160000.0,CITIZENS BANK
459372,79973.0,79973000.0,UNITED SAVINGS BANK
257233,79829.0,79829000.0,FIRST BANK OF ALABAMA
953535,79796.0,79796000.0,FORTRESS BANK
920854,79708.0,79708000.0,PIONEER BANK
514655,79422.0,79422000.0,"TEXAS GULF BANK, NATIONAL ASSOCIATION"
5227101,79230.0,79230000.0,COMMERCEONE BANK
3368925,79213.0,79213000.0,SPRING BANK
207872,79161.0,79161000.0,FIRST UTAH BANK
711801,79129.0,79129000.0,"SAVINGS BANK, THE"
277820,78913.0,78913000.0,PALMETTO STATE BANK
479839,78856.0,78856000.0,TENNESSEE STATE BANK
340256,78659.0,78659000.0,21ST CENTURY BANK
3357385,78520.0,78520000.0,BANK OF SAN FRANCISCO
42372,78474.0,78474000.0,FIRST FEDERAL SAVINGS BANK OF LINCOLNTON
1003839,78265.0,78265000.0,M C BANK & TRUST COMPANY
67151,78206.0,78206000.0,KIRKPATRICK BANK
3555248,77999.0,77999000.0,FIRST SECURITY BANK OF NEVADA
3488579,77943.0,77943000.0,CENTRAL BANK
1459735,77839.0,77839000.0,COUNTY BANK
3547896,77823.0,77823000.0,MILLENNIUM BANK
839572,77781.0,77781000.0,"LIBERTY SAVINGS BANK, F.S.B."
505550,77720.0,77720000.0,HIAWATHA NATIONAL BANK
51842,77667.0,77667000.0,FARMERS & MERCHANTS UNION BANK
718145,77662.0,77662000.0,FIRST SECURITY BANK
1005075,77630.0,77630000.0,DEARBORN FEDERAL SAVINGS BANK
417626,77553.0,77553000.0,PUTNAM COUNTY BANK
2687487,77486.0,77486000.0,"TCM BANK, NATIONAL ASSOCIATION"
505,77408.0,77408000.0,BALLSTON SPA NATIONAL BANK
246956,77380.0,77380000.0,ALVA STATE BANK & TRUST COMPANY
917555,77274.0,77274000.0,UBANK
545604,77254.0,77254000.0,NORTHWEST COMMUNITY BANK
296456,77220.0,77220000.0,FIRSTBANK
344647,77174.0,77174000.0,"FIRST BANKERS TRUST COMPANY, NATIONAL ASSOCIATION"
3729124,77154.0,77154000.0,FREEDOM BANK
106452,77034.0,77034000.0,"PUEBLO BANK AND TRUST COMPANY, THE"
55970,76891.0,76891000.0,EVERGREEN FEDERAL BANK
228158,76604.0,76604000.0,FIRST MIDWEST BANK OF THE OZARKS
262358,76432.0,76432000.0,AMERICAN STATE BANK
219651,76356.0,76356000.0,CNB BANK
863746,76120.0,76120000.0,FARMERS & MERCHANTS SAVINGS BANK
3272956,75912.0,75912000.0,"AMERICAN COMMERCE BANK, NATIONAL ASSOCIATION"
671147,75855.0,75855000.0,PRIMEBANK
1002373,75844.0,75844000.0,SAVERS CO-OPERATIVE BANK
583352,75791.0,75791000.0,FIRST NATIONAL BANK OF HUNTSVILLE
827560,75748.0,75748000.0,"FINANCE FACTORS, LIMITED"
477321,75644.0,75644000.0,CONSUMERS NATIONAL BANK
59352,75638.0,75638000.0,CITIZENS NATIONAL BANK
5192496,75469.0,75469000.0,ENDEAVOR BANK
403870,75440.0,75440000.0,IROQUOIS FEDERAL SAVINGS AND LOAN ASSOCIATION
192857,75403.0,75403000.0,PANHANDLE FIRST BANK
696430,75316.0,75316000.0,HOME STATE BANK/NATIONAL ASSOCIATION
785950,75302.0,75302000.0,LEGACY BANK
663955,75286.0,75286000.0,HORIZON BANK
888833,75014.0,75014000.0,NORTHEAST GEORGIA BANK
872047,74912.0,74912000.0,DECORAH BANK AND TRUST COMPANY
550635,74789.0,74789000.0,HICKORY POINT BANK AND TRUST
239556,74757.0,74757000.0,"FIRST BANK, UPPER MICHIGAN"
3293540,74690.0,74690000.0,PACIFIC VALLEY BANK
447557,74654.0,74654000.0,CITIZENS STATE BANK - LA CROSSE
264455,74642.0,74642000.0,FIRST STATE BANK
5686089,74559.0,74559000.0,NAVE BANK
169756,74465.0,74465000.0,WESTERN COMMERCE BANK
2903123,74439.0,74439000.0,BANK OF OAK RIDGE
743679,74385.0,74385000.0,RELIANCE SAVINGS BANK
448554,74276.0,74276000.0,SAGE CAPITAL BANK
935250,74251.0,74251000.0,BLUE RIDGE BANK AND TRUST CO.
791821,74161.0,74161000.0,"NATIONAL CAPITAL BANK OF WASHINGTON, THE"
2919898,74090.0,74090000.0,AMERICAN BANK & TRUST COMPANY INC.
92676,74013.0,74013000.0,WINDSOR FEDERAL BANK
2954497,73912.0,73912000.0,WILLAMETTE VALLEY BANK
215345,73906.0,73906000.0,MANUFACTURERS BANK & TRUST COMPANY
922559,73778.0,73778000.0,UNITED VALLEY BANK
988153,73744.0,73744000.0,WESTERN STATE BANK
2649177,73431.0,73431000.0,"PITNEY BOWES BANK INC., THE"
166652,73428.0,73428000.0,ALLIANCE BANK
721949,73396.0,73396000.0,"FIRST & FARMERS NATIONAL BANK, INC."
57451,73322.0,73322000.0,DAIRY STATE BANK
991621,73140.0,73140000.0,CITIZENS BANK AND TRUST COMPANY
561864,73134.0,73134000.0,SOUTHWEST BANK
366078,72596.0,72596000.0,STURGIS BANK & TRUST COMPANY
767732,72590.0,72590000.0,SOUTH GEORGIA BANKING COMPANY
540775,72581.0,72581000.0,"FIRST FEDERAL COMMUNITY BANK, NATIONAL ASSOCIATION"
5382514,72564.0,72564000.0,GULF CAPITAL BANK
1481745,72538.0,72538000.0,PREMIER BANK MINNESOTA
100777,72409.0,72409000.0,CFSBANK
458544,72402.0,72402000.0,FIRST SERVICE BANK
637170,72333.0,72333000.0,AMERICAN FEDERAL BANK
721350,72090.0,72090000.0,BANKNORTH
724744,72020.0,72020000.0,GNB BANK
561145,71990.0,71990000.0,FIRST STATE BANK
898579,71784.0,71784000.0,"FIRST FEDERAL COMMUNITY BANK, SSB"
2800491,71780.0,71780000.0,HEARTLAND NATIONAL BANK
441359,71726.0,71726000.0,"MARIES COUNTY BANK, THE"
908861,71677.0,71677000.0,"TRANSPECOS BANKS, SSB"
1000052,71567.0,71567000.0,WASHINGTON COUNTY BANK
574949,71399.0,71399000.0,"FARMERS & MERCHANTS BANK, THE"
3348468,71325.0,71325000.0,PEACH STATE BANK & TRUST
125154,71315.0,71315000.0,"FSNB, NATIONAL ASSOCIATION"
420578,71287.0,71287000.0,CATALYST BANK
576644,71266.0,71266000.0,"GREENWOOD'S STATE BANK, THE"
227151,71238.0,71238000.0,UNION STATE BANK
144052,71220.0,71220000.0,EXCHANGE BANK & TRUST
524971,71195.0,71195000.0,WESTBURY BANK
295011,71153.0,71153000.0,GREENVILLE NATIONAL BANK
678070,71153.0,71153000.0,SEWICKLEY SAVINGS BANK
875936,71137.0,71137000.0,FIRST BANK
824671,71000.0,71000000.0,PHOENIXVILLE FEDERAL BANK AND TRUST
2539960,70962.0,70962000.0,PREMIER BANK
3288452,70961.0,70961000.0,PARAGON BANK
1007154,70893.0,70893000.0,PROGRESSIVE BANK
500256,70881.0,70881000.0,"FIRST NATIONAL BANK OF MERTZON, THE"
744854,70823.0,70823000.0,CITIZENS BANK
86349,70805.0,70805000.0,UNION BANK
429021,70723.0,70723000.0,QUEENSTOWN BANK OF MARYLAND
1017425,70686.0,70686000.0,"KILLBUCK SAVINGS BANK COMPANY, THE"
491402,70680.0,70680000.0,FRANKLIN SAVINGS BANK
124344,70661.0,70661000.0,BANK OF SUN PRAIRIE
760854,70645.0,70645000.0,SOUTHWEST MISSOURI BANK
3626858,70604.0,70604000.0,"LOCUS BANK, INC."
131436,70599.0,70599000.0,FIRST BANK
3039636,70571.0,70571000.0,MISSION VALLEY BANK
413646,70522.0,70522000.0,"FIRST NEIGHBOR BANK, NATIONAL ASSOCIATION"
210238,70515.0,70515000.0,SOUTHEASTERN BANK
27847,70453.0,70453000.0,DIAMOND BANK
5461,70403.0,70403000.0,BAC COMMUNITY BANK
797140,70279.0,70279000.0,"BANK OF NEW GLARUS, THE"
345747,70176.0,70176000.0,STATE BANK
3466988,70176.0,70176000.0,"FIRST BANK OF GREENWICH, THE"
61757,70162.0,70162000.0,AMERICAN HERITAGE NATIONAL BANK
859552,70124.0,70124000.0,BANK OF THE WEST
2914268,70119.0,70119000.0,"FIDELITY PERSONAL TRUST COMPANY, F.S.B."
2756909,70051.0,70051000.0,"CONNECTICUT COMMUNITY BANK, NATIONAL ASSOCIATION"
209148,70011.0,70011000.0,"FIRST NATIONAL BANK OF CARMI, THE"
1863097,69945.0,69945000.0,LEDYARD NATIONAL BANK
961400,69931.0,69931000.0,ESSEX SAVINGS BANK
837608,69881.0,69881000.0,ROLLSTONE BANK & TRUST
487357,69878.0,69878000.0,TOWN & COUNTRY BANK
101671,69827.0,69827000.0,ADIRONDACK BANK
2787770,69779.0,69779000.0,BANK OF THE JAMES
501815,69591.0,69591000.0,LUZERNE BANK
549862,69565.0,69565000.0,"COMMUNITY BANK & TRUST, WACO, TEXAS"
3217957,69562.0,69562000.0,MAINSTREET COMMUNITY BANK OF FLORIDA
888552,69552.0,69552000.0,"FIRST STATE BANK, THE"
5518023,69490.0,69490000.0,"VARO BANK, NATIONAL ASSOCIATION"
47500,69475.0,69475000.0,CLAREMONT SAVINGS BANK
809276,69381.0,69381000.0,"UNITED MIDWEST SAVINGS BANK, NATIONAL ASSOCIATION"
891226,69329.0,69329000.0,FARMERS AND MERCHANTS BANK
909055,69275.0,69275000.0,PEOPLES BANK & TRUST CO.
408307,69207.0,69207000.0,ATHOL SAVINGS BANK
695349,69170.0,69170000.0,TRI-COUNTY BANK
647218,69157.0,69157000.0,CUMBERLAND VALLEY NATIONAL BANK & TRUST COMPANY
277240,69142.0,69142000.0,FIRST NATIONS BANK
481627,69123.0,69123000.0,"CITIZENS BANK OF WEST VIRGINIA, INC."
2791085,69118.0,69118000.0,SUNSTATE BANK
1011955,69039.0,69039000.0,FIRST UNITED BANK
90579,69035.0,69035000.0,FIRST FEDERAL SAVINGS AND LOAN ASSOCIATION OF MCMINNVILLE
144913,69031.0,69031000.0,"NEFFS NATIONAL BANK, THE"
397559,68984.0,68984000.0,DUNDEE BANK
147923,68960.0,68960000.0,BANK OF OCEAN CITY
333650,68916.0,68916000.0,"BANK, THE"
542340,68856.0,68856000.0,SOUTH STORY BANK & TRUST
775054,68815.0,68815000.0,"EASTERN COLORADO BANK, THE"
651448,68813.0,68813000.0,"JPMORGAN CHASE BANK, DEARBORN"
238737,68786.0,68786000.0,"TERRABANK, NATIONAL ASSOCIATION"
252041,68783.0,68783000.0,CITY STATE BANK
812436,68751.0,68751000.0,ITASCA BANK & TRUST CO.
3690635,68746.0,68746000.0,MEGA BANK
662949,68640.0,68640000.0,IOWA STATE BANK
205243,68483.0,68483000.0,FARMERS AND MERCHANTS BANK
39756,68471.0,68471000.0,NBC OKLAHOMA
455552,68446.0,68446000.0,FARMERS AND MERCHANTS BANK
702911,68417.0,68417000.0,"PEOPLES BANK CO., THE"
511832,68335.0,68335000.0,WAYNE COUNTY BANK
473930,68326.0,68326000.0,"COTTONPORT BANK, THE"
618740,68271.0,68271000.0,FIELD & MAIN BANK
333856,68199.0,68199000.0,GRANDVIEW BANK
507152,68193.0,68193000.0,QUAIL CREEK BANK
199463,68152.0,68152000.0,WESTERN BANK
580155,68083.0,68083000.0,PLATTE VALLEY BANK
75446,68073.0,68073000.0,SOUTH OTTUMWA SAVINGS BANK
869551,67984.0,67984000.0,"DENISON STATE BANK, THE"
3267738,67933.0,67933000.0,VALLIANCE BANK
660927,67922.0,67922000.0,HARFORD BANK
697231,67858.0,67858000.0,FNBT BANK
755252,67648.0,67648000.0,CROSS KEYS BANK
1008674,67577.0,67577000.0,READING CO-OPERATIVE BANK
833749,67557.0,67557000.0,WOODTRUST BANK
494654,67545.0,67545000.0,"AMERICAN BANK, NATIONAL ASSOCIATION"
815277,67511.0,67511000.0,QUAINT OAK BANK
339456,67313.0,67313000.0,FIRST COMMUNITY BANK
5788705,67038.0,67038000.0,BANK IRVINE
514048,66893.0,66893000.0,CS BANK
844567,66851.0,66851000.0,POINTBANK
1629903,66812.0,66812000.0,"ASSOCIATED TRUST COMPANY, NATIONAL ASSOCIATION"
66275,66715.0,66715000.0,FIRST SOUTHERN BANK
361055,66657.0,66657000.0,COREFIRST BANK & TRUST
951102,66401.0,66401000.0,MONSON SAVINGS BANK
2713920,66259.0,66259000.0,STIFEL TRUST COMPANY NATIONAL ASSOCIATION
913146,66224.0,66224000.0,STONE BANK
379649,66159.0,66159000.0,FIRST NATIONAL BANK OF IZARD COUNTY
1013744,66151.0,66151000.0,CAPRA BANK
317379,66066.0,66066000.0,HOME FEDERAL SAVINGS AND LOAN ASSOCIATION OF GRAND ISLAND
246134,66059.0,66059000.0,FIRST SOUTHERN STATE BANK
182951,65995.0,65995000.0,"CLASSIC BANK, NATIONAL ASSOCIATION"
93543,65980.0,65980000.0,SPRINGS VALLEY BANK & TRUST COMPANY
294023,65951.0,65951000.0,FIRST STATE BANK
2371816,65949.0,65949000.0,WEST POINTE BANK
208570,65843.0,65843000.0,UNIVERSAL BANK
3821626,65842.0,65842000.0,"MINT NATIONAL BANK, THE"
5561001,65838.0,65838000.0,ANCHORAGE DIGITAL BANK NATIONAL ASSOCIATION
328357,65813.0,65813000.0,"TITAN BANK, N.A."
414102,65761.0,65761000.0,ALDEN STATE BANK
332224,65733.0,65733000.0,MECHANICS & FARMERS BANK
521158,65709.0,65709000.0,"SOUTHTRUST BANK, N.A."
510938,65682.0,65682000.0,MIDAMERICA NATIONAL BANK
943675,65664.0,65664000.0,MECHANICS BANK
890050,65634.0,65634000.0,FIRST NATIONAL BANK OF GILLETTE
2163477,65581.0,65581000.0,"RAYMOND JAMES TRUST, NATIONAL ASSOCIATION"
404653,65568.0,65568000.0,DOMINION BANK
632858,65566.0,65566000.0,FRONTIER STATE BANK
565170,65534.0,65534000.0,FIRST FEDERAL SAVINGS OF MIDDLETOWN
2835103,65506.0,65506000.0,FREEDOM BANK OF SOUTHERN MISSOURI
820301,65447.0,65447000.0,JEWETT CITY SAVINGS BANK
197302,65237.0,65237000.0,EAGLE BANK
999935,65234.0,65234000.0,FIRST CENTURY BANK
832546,65200.0,65200000.0,WEST SHORE BANK
242257,65189.0,65189000.0,PEOPLES SAVINGS BANK OF RHINELAND
944355,65139.0,65139000.0,FIRST NATIONAL BANK
584724,65079.0,65079000.0,UNIFIED BANK
2667939,65063.0,65063000.0,FARMERS & MERCHANTS BANK OF COLBY
370020,65060.0,65060000.0,"PENDLETON COMMUNITY BANK, INC."
3428258,65038.0,65038000.0,DR BANK
363657,65025.0,65025000.0,"FIRST NATIONAL BANK OF BEMIDJI, THE"
248455,64934.0,64934000.0,FIRST STATE BANK & TRUST
911160,64837.0,64837000.0,PILGRIM BANK
1007873,64765.0,64765000.0,CROSS COUNTY SAVINGS BANK
353238,64764.0,64764000.0,CENTRAL STATE BANK
803649,64712.0,64712000.0,GREEN BELT BANK & TRUST
331076,64707.0,64707000.0,FIRST FEDERAL BANK OF WISCONSIN
29636,64630.0,64630000.0,"CITIZENS BANK OF PHILADELPHIA, THE"
244149,64591.0,64591000.0,BANK OF ENGLAND
5342974,64529.0,64529000.0,PIERMONT BANK
117074,64476.0,64476000.0,COLONIAL FEDERAL SAVINGS BANK
2815879,64454.0,64454000.0,GREAT AMERICAN BANK
841838,64427.0,64427000.0,THREAD BANK
133579,64425.0,64425000.0,"BANK OF BENNINGTON, THE"
2339599,64403.0,64403000.0,CAPITOL BANK
3174920,64384.0,64384000.0,CITIZENS BANK & TRUST
483751,64318.0,64318000.0,LABETTE BANK
188430,64299.0,64299000.0,"FLORIDA CAPITAL BANK, N.A."
390372,64286.0,64286000.0,ARUNDEL FEDERAL SAVINGS BANK
2858492,64278.0,64278000.0,FREEDOM BANK
3832127,64231.0,64231000.0,PROMISEONE BANK
203043,64122.0,64122000.0,"MIDWEST HERITAGE BANK, FSB"
729011,64066.0,64066000.0,"COMMUNITY BANK, THE"
55336,64024.0,64024000.0,METAIRIE BANK & TRUST COMPANY
5136959,63922.0,63922000.0,BEACON COMMUNITY BANK
3593307,63909.0,63909000.0,GOLD COAST BANK
954279,63898.0,63898000.0,STONEHAMBANK
596156,63891.0,63891000.0,CAPITAL BANK
382537,63873.0,63873000.0,"BANK OF VERNON, THE"
153054,63489.0,63489000.0,"NORTHWESTERN BANK, THE"
2775179,63486.0,63486000.0,COMMUNITY FIRST BANK
1940747,63428.0,63428000.0,"DESJARDINS BANK, NATIONAL ASSOCIATION"
241157,63365.0,63365000.0,VISION BANK
734613,63190.0,63190000.0,"BANK OF LANDISBURG, THE"
735067,63154.0,63154000.0,"TEXAS REPUBLIC BANK, NATIONAL ASSOCIATION"
925653,63079.0,63079000.0,BANK OF TEXAS
937740,63047.0,63047000.0,"PORT WASHINGTON STATE BANK, THE"
34742,62792.0,62792000.0,FIRST WESTERN BANK
868956,62596.0,62596000.0,FIRST NORTHERN BANK OF WYOMING
779650,62539.0,62539000.0,CHIPPEWA VALLEY BANK
455253,62539.0,62539000.0,5STAR BANK
326344,62508.0,62508000.0,"PEOPLES STATE BANK OF NEWTON, ILLINOIS, THE"
73116,62345.0,62345000.0,ARTISANS' BANK
2729677,62260.0,62260000.0,"NATIONWIDE TRUST COMPANY, FSB"
444556,62258.0,62258000.0,POINTS WEST COMMUNITY BANK
179700,62208.0,62208000.0,CLINTON SAVINGS BANK
670878,62136.0,62136000.0,SALEM CO-OPERATIVE BANK
984258,62080.0,62080000.0,FIRST NATIONAL BANK AND TRUST COMPANY OF ARDMORE
459130,62073.0,62073000.0,GULF COAST BANK
763930,62045.0,62045000.0,FARMERS & MERCHANTS BANK
556459,62000.0,62000000.0,"KLEBERG BANK, N.A."
25357,61965.0,61965000.0,ALL AMERICA BANK
982553,61962.0,61962000.0,STOCKMENS BANK
262741,61954.0,61954000.0,FARMERS BANK & TRUST COMPANY
145844,61941.0,61941000.0,"FOUNTAIN TRUST COMPANY, THE"
496845,61928.0,61928000.0,BANK & TRUST COMPANY
694847,61909.0,61909000.0,CENTURY BANK AND TRUST
980773,61894.0,61894000.0,EATON COMMUNITY BANK
518037,61805.0,61805000.0,PEOPLESSOUTH BANK
713476,61736.0,61736000.0,"PYRAMAX BANK, F.S.B."
387671,61721.0,61721000.0,FIRST FEDERAL BANK & TRUST
604024,61664.0,61664000.0,MINSTER BANK
697156,61657.0,61657000.0,HOMEBANK
3314043,61490.0,61490000.0,FIRST RESOURCE BANK
879644,61455.0,61455000.0,"BANK OF ADVANCE, THE"
299868,61434.0,61434000.0,COMMUNITY COMMERCE BANK
451068,61426.0,61426000.0,FIRST BANK
54058,61407.0,61407000.0,"BANK OF TESCOTT, THE"
17950,61402.0,61402000.0,"BANK OF BRIDGER, NATIONAL ASSOCIATION"
472616,61373.0,61373000.0,FIRST NATIONAL BANK OF SCOTIA
910118,61371.0,61371000.0,"TIOGA STATE BANK, N.A."
790271,61366.0,61366000.0,WASHINGTON SAVINGS BANK
24949,61299.0,61299000.0,BARABOO STATE BANK
251745,61183.0,61183000.0,FIRST NATIONAL BANK OF EASTERN ARKANSAS
114840,61128.0,61128000.0,FIRST STATE BANK
268828,61123.0,61123000.0,LEGACY BANK
64552,61095.0,61095000.0,CHICKASAW COMMUNITY BANK
3277241,61092.0,61092000.0,EMPIRE STATE BANK
3816190,60989.0,60989000.0,OAK VIEW NATIONAL BANK
312244,60973.0,60973000.0,FIRST BANK OF BERNE
489548,60962.0,60962000.0,"FIRST STATE BANK AND TRUST COMPANY, INC."
3664588,60917.0,60917000.0,FIELDPOINT PRIVATE BANK & TRUST
830355,60908.0,60908000.0,FIRST NATIONAL BANK & TRUST COMPANY OF MCALESTER
259442,60851.0,60851000.0,MOUND CITY BANK
683449,60822.0,60822000.0,MAQUOKETA STATE BANK
307361,60749.0,60749000.0,AMERICAN BANK NATIONAL ASSOCIATION
43351,60678.0,60678000.0,OUTDOOR BANK
3048487,60648.0,60648000.0,1ST BANK YUMA
945071,60626.0,60626000.0,SAN LUIS VALLEY FEDERAL BANK
121651,60336.0,60336000.0,JONESBORO STATE BANK
698649,60260.0,60260000.0,THUMB BANK & TRUST
922344,60219.0,60219000.0,PEOPLES BANK & TRUST
347956,60198.0,60198000.0,"VAST BANK, N.A."
208655,60191.0,60191000.0,FIRST NORTHEAST BANK OF NEBRASKA
1016941,60156.0,60156000.0,INTERCITY STATE BANK
575834,60154.0,60154000.0,FIRST NATIONAL BANK OF LOUISIANA
2907439,60116.0,60116000.0,LIBERTY BANK N.A.
44741,60107.0,60107000.0,CITIZENS BANK
906241,60097.0,60097000.0,"MALVERN NATIONAL BANK, THE"
689357,59972.0,59972000.0,NORTHEAST BANK
575759,59937.0,59937000.0,MNB BANK
453446,59920.0,59920000.0,EAGLE BANK AND TRUST COMPANY
3655933,59839.0,59839000.0,PARTNERS BANK OF CALIFORNIA
105026,59798.0,59798000.0,"FARMERS BANK OF WILLARDS, THE"
254849,59797.0,59797000.0,FIRST INDEPENDENCE BANK
63050,59721.0,59721000.0,"DOLORES STATE BANK, THE"
72678,59699.0,59699000.0,BELMONT SAVINGS BANK
819556,59681.0,59681000.0,CONCORDIA BANK & TRUST COMPANY
59370,59668.0,59668000.0,FIRST SHORE FEDERAL SAVINGS AND LOAN ASSOCIATION
935308,59643.0,59643000.0,ONEUNITED BANK
571265,59604.0,59604000.0,DENALI STATE BANK
770853,59493.0,59493000.0,FIRST MIDWEST BANK OF DEXTER
553944,59422.0,59422000.0,"LINCOLN NATIONAL BANK OF HODGENVILLE, THE"
947749,59351.0,59351000.0,"NORTH SALEM STATE BANK, THE"
655839,59233.0,59233000.0,CCB COMMUNITY BANK
3636914,59180.0,59180000.0,BLUEHARBOR BANK
3185896,59151.0,59151000.0,"TRINITY BANK, NATIONAL ASSOCIATION"
257578,59103.0,59103000.0,FIRST FEDERAL SAVINGS BANK
597313,59096.0,59096000.0,PS BANK
544335,59059.0,59059000.0,UNITED MISSISSIPPI BANK
330239,59059.0,59059000.0,FIRST NATIONAL BANK
76854,58924.0,58924000.0,GRAND BANK
813853,58921.0,58921000.0,COMMUNITY RESOURCE BANK
882242,58917.0,58917000.0,ROLLING HILLS BANK & TRUST
1014657,58850.0,58850000.0,NEW ERA BANK
635840,58756.0,58756000.0,LEGENCE BANK
416674,58755.0,58755000.0,"KS BANK, INC."
995517,58646.0,58646000.0,"PEOPLES BANK OF KENTUCKY, INC."
256058,58618.0,58618000.0,AMERICAN NATION BANK
975256,58602.0,58602000.0,DELTA BANK
338646,58506.0,58506000.0,TRUSTBANK
598048,58488.0,58488000.0,"STEPHENSON NATIONAL BANK AND TRUST, THE"
728948,58471.0,58471000.0,"MIDSTATES BANK, NATIONAL ASSOCIATION"
598002,58470.0,58470000.0,SAVINGS BANK OF WALPOLE
303952,58420.0,58420000.0,FARMERS BANK OF NORTHERN MISSOURI
630658,58390.0,58390000.0,"FIRST NATIONAL BANK OF LIVINGSTON, THE"
70414,58381.0,58381000.0,"NORTHUMBERLAND NATIONAL BANK, THE"
320052,58248.0,58248000.0,LEGACY BANK
294751,58188.0,58188000.0,"CITY NATIONAL BANK AND TRUST COMPANY OF LAWTON, OKLAHOMA, THE"
579140,58117.0,58117000.0,REGIONAL MISSOURI BANK
775773,58097.0,58097000.0,NORTH SHORE TRUST AND SAVINGS
458665,58088.0,58088000.0,"FIRST NATIONAL BANK OF STANTON, THE"
385686,57975.0,57975000.0,LUSITANIA SAVINGS BANK
3592047,57927.0,57927000.0,"GOLDWATER BANK, NATIONAL ASSOCIATION"
120542,57916.0,57916000.0,STATE BANK OF CHILTON
355559,57876.0,57876000.0,RANGE BANK
804374,57819.0,57819000.0,HOME FEDERAL BANK
382069,57792.0,57792000.0,INTERNATIONAL BANK OF COMMERCE
3216316,57482.0,57482000.0,AMERICAN CONTINENTAL BANK
192147,57463.0,57463000.0,CITIZENS BANK & TRUST COMPANY
3247589,57442.0,57442000.0,REDWOOD CAPITAL BANK
406059,57374.0,57374000.0,NBT FINANCIAL BANK
2849285,57267.0,57267000.0,BANKVISTA
610164,57238.0,57238000.0,HERRING BANK
513256,57200.0,57200000.0,FIRST NATIONAL BANK COLORADO
227777,57065.0,57065000.0,MILFORD FEDERAL BANK
93619,57064.0,57064000.0,"STATE STREET BANK AND TRUST COMPANY, NATIONAL ASSOCIATION"
853747,57001.0,57001000.0,CITIZENS NATIONAL BANK OF ALBION
831576,56900.0,56900000.0,BANKTENNESSEE
443353,56807.0,56807000.0,UNITY BANK
536349,56732.0,56732000.0,SHELBY COUNTY STATE BANK
1836701,56719.0,56719000.0,ENTERPRISE BANK
3217331,56578.0,56578000.0,"HOMETOWN BANK OF ALABAMA, THE"
649342,56469.0,56469000.0,IOWA TRUST & SAVINGS BANK
632410,56425.0,56425000.0,NEWFIELD NATIONAL BANK
206174,56418.0,56418000.0,AMBLER SAVINGS BANK
235530,56378.0,56378000.0,"RESOURCE BANK, NATIONAL ASSOCIATION"
97943,56371.0,56371000.0,MARION COUNTY STATE BANK
762773,56366.0,56366000.0,ABACUS FEDERAL SAVINGS BANK
764058,56292.0,56292000.0,HIGHLAND BANK
460332,56259.0,56259000.0,MUNICIPAL TRUST AND SAVINGS BANK
779016,56246.0,56246000.0,MIFFLINBURG BANK AND TRUST COMPANY
653134,56199.0,56199000.0,FARMERS-MERCHANTS BANK & TRUST COMPANY
526854,56180.0,56180000.0,"HARDIN COUNTY BANK, THE"
334264,56178.0,56178000.0,FIRST COMMUNITY BANK
246022,56135.0,56135000.0,"BANK OF SOUTH CAROLINA, THE"
100843,56076.0,56076000.0,FNBC BANK
929932,56061.0,56061000.0,MIDSOUTH BANK
640246,56006.0,56006000.0,"FAIRFIELD NATIONAL BANK, THE"
418100,55977.0,55977000.0,SEAMENS BANK
904171,55940.0,55940000.0,INFIRST BANK
573036,55875.0,55875000.0,OCONEE STATE BANK
423159,55875.0,55875000.0,MCCURTAIN COUNTY NATIONAL BANK
2505451,55868.0,55868000.0,"CITIZENS BANK OF GEORGIA, THE"
514132,55818.0,55818000.0,CITIZENS BANK
175140,55605.0,55605000.0,COMMUNITY FIRST BANK
1015850,55599.0,55599000.0,LAKE ELMO BANK
3271986,55580.0,55580000.0,TIMBERLINE BANK
855741,55549.0,55549000.0,BANKORION
732758,55534.0,55534000.0,BANKERS' BANK OF THE WEST
69678,55527.0,55527000.0,BAKER BOYER NATIONAL BANK
722432,55526.0,55526000.0,"BANK OF ROMNEY, THE"
67870,55514.0,55514000.0,TC FEDERAL BANK
3349241,55510.0,55510000.0,FIRST RESOURCE BANK
434203,55494.0,55494000.0,"FIRST HOPE BANK, A NATIONAL BANKING ASSOCIATION"
220059,55492.0,55492000.0,"WNB FINANCIAL, NATIONAL ASSOCIATION"
218131,55448.0,55448000.0,CBBC BANK
248633,55391.0,55391000.0,FIRST JACKSON BANK
475653,55349.0,55349000.0,MOUNTAIN VALLEY BANK
3546862,55343.0,55343000.0,PACIFIC ALLIANCE BANK
621357,55323.0,55323000.0,STATE BANK OF DE KALB
3357620,55304.0,55304000.0,"HSBC TRUST COMPANY (DELAWARE), NATIONAL ASSOCIATION"
3451050,55283.0,55283000.0,RIVER VALLEY COMMUNITY BANK
1872941,55272.0,55272000.0,ARBOR BANK
989347,55259.0,55259000.0,CROSS BANK
513340,55224.0,55224000.0,COMMERCIAL BANK
109574,55103.0,55103000.0,HAVERHILL BANK
251978,55052.0,55052000.0,HOMELAND FEDERAL SAVINGS BANK
1000276,55017.0,55017000.0,PITTSFIELD CO-OPERATIVE BANK
2756730,55000.0,55000000.0,COMMERCIAL CAPITAL BANK
202514,54932.0,54932000.0,"CUMBERLAND SECURITY BANK, INC."
386450,54890.0,54890000.0,FIVE POINTS BANK OF HASTINGS
400141,54814.0,54814000.0,"FNB BANK, INC."
972406,54802.0,54802000.0,BOSTON TRUST & INVESTMENT MANAGEMENT COMPANY
520423,54684.0,54684000.0,"FAHEY BANKING COMPANY, THE"
724904,54676.0,54676000.0,SHOREHAM BANK
70638,54572.0,54572000.0,PEOPLES BANK
472979,54480.0,54480000.0,"ROXBORO SAVINGS BANK, SSB"
870650,54440.0,54440000.0,CNB ST. LOUIS BANK
612159,54382.0,54382000.0,SOLUTIONS NORTH BANK
761543,54268.0,54268000.0,OHNWARD BANK & TRUST
3537897,54252.0,54252000.0,COMMENCEMENT BANK
2797162,54209.0,54209000.0,SAUK VALLEY BANK & TRUST COMPANY
169354,54199.0,54199000.0,"STATE NATIONAL BANK OF BIG SPRING, THE"
3538009,54198.0,54198000.0,PLATINUM BANK
3150205,54170.0,54170000.0,WORTHINGTON BANK
1155,54114.0,54114000.0,RVR BANK
2505460,54002.0,54002000.0,"BANK, THE"
380533,53875.0,53875000.0,LONGVIEW BANK
811747,53835.0,53835000.0,SECURITY SAVINGS BANK
875132,53759.0,53759000.0,GRAND RIDGE NATIONAL BANK
345345,53712.0,53712000.0,"AMERICAN BANK, NATIONAL ASSOCIATION"
282226,53707.0,53707000.0,FARMERS AND MERCHANTS BANK OF SOUTH CAROLINA
3346268,53694.0,53694000.0,SAVIBANK
622037,53481.0,53481000.0,"FIRST NATIONAL BANK OF JEANERETTE, THE"
2820604,53306.0,53306000.0,MILLENNIUM BANK
361439,53261.0,53261000.0,ANDREW JOHNSON BANK
87579,53218.0,53218000.0,"MIDDLESEX FEDERAL SAVINGS, F.A."
97055,53173.0,53173000.0,HENDERSON STATE BANK
3645840,53097.0,53097000.0,TOUCHMARK NATIONAL BANK
803957,53043.0,53043000.0,KODABANK
720746,53004.0,53004000.0,"BRADFORD NATIONAL BANK OF GREENVILLE, THE"
3485420,52939.0,52939000.0,CORNERSTONE COMMUNITY BANK
400365,52878.0,52878000.0,"FIRST COMMERCIAL BANK, NATIONAL ASSOCIATION"
129910,52743.0,52743000.0,"PEOPLES EXCHANGE BANK, INC."
262237,52741.0,52741000.0,FIRST PORT CITY BANK
388557,52666.0,52666000.0,RIVERSTONE BANK
321947,52617.0,52617000.0,"FCN BANK, NATIONAL ASSOCIATION"
392778,52599.0,52599000.0,CENTURY SAVINGS BANK
828473,52539.0,52539000.0,CITIZENS SAVINGS BANK
659341,52509.0,52509000.0,"BANK OF HILLSBORO, NATIONAL ASSOCIATION"
258306,52423.0,52423000.0,MILFORD BANK THE
875057,52338.0,52338000.0,FARMERS STATE BANK
2855866,52328.0,52328000.0,FOUR CORNERS COMMUNITY BANK
608844,52315.0,52315000.0,FNBC BANK AND TRUST
3223305,52242.0,52242000.0,1ST STATE BANK
580548,52185.0,52185000.0,BANK OF LUXEMBURG
2806635,52166.0,52166000.0,YAMPA VALLEY BANK
80150,52142.0,52142000.0,FIRST FIDELITY BANK
6039,52141.0,52141000.0,PINELAND BANK
457220,52053.0,52053000.0,"FARMERS SAVINGS BANK, THE"
1669,52038.0,52038000.0,"LIBERTY NATIONAL BANK IN PARIS, THE"
1007734,52035.0,52035000.0,BARWICK BANKING COMPANY
543945,52008.0,52008000.0,FARMERS TRUST AND SAVINGS BANK
2619714,51917.0,51917000.0,ALLIANCE BANK
748964,51914.0,51914000.0,TEXAS STATE BANK
855563,51874.0,51874000.0,MURPHY BANK
601443,51841.0,51841000.0,BANK OF MAUSTON
905356,51835.0,51835000.0,PRISM BANK
32766,51813.0,51813000.0,LAKESIDE BANK
335346,51766.0,51766000.0,PARTNERS BANK
646556,51720.0,51720000.0,CONNECTIONS BANK
268677,51691.0,51691000.0,CARVER FEDERAL SAVINGS BANK
5398355,51606.0,51606000.0,FOUNDERS BANK
273550,51602.0,51602000.0,"CITIZENS STATE BANK, THE"
643340,51580.0,51580000.0,EASTERN MICHIGAN BANK
894544,51489.0,51489000.0,FIRST SECURITY BANK AND TRUST COMPANY
215710,51424.0,51424000.0,"JUNIATA VALLEY BANK, THE"
81175,51386.0,51386000.0,EQUITABLE BANK
144678,51329.0,51329000.0,FIRST FEDERAL SAVINGS AND LOAN ASSOCIATION OF LORAIN
197142,51244.0,51244000.0,SPRINGFIELD STATE BANK
919456,51225.0,51225000.0,MID-AMERICA BANK
624246,51169.0,51169000.0,CONNECTION BANK
228345,51166.0,51166000.0,STATE BANK OF NEWBURG
709143,51150.0,51150000.0,MIDWEST BANK
3370133,51102.0,51102000.0,SUNRISE BANK
692704,51089.0,51089000.0,WELLINGTON TRUST COMPANY NATIONAL ASSOCIATION
975854,51078.0,51078000.0,GLENWOOD STATE BANK (INCORPORATED)
2925620,51020.0,51020000.0,"CHINO COMMERCIAL BANK, NATIONAL ASSOCIATION"
5313312,50994.0,50994000.0,WATERMARK BANK
630555,50994.0,50994000.0,AMERICAN BANK
357937,50973.0,50973000.0,CITIZENS BANK AND TRUST COMPANY
865544,50969.0,50969000.0,CLEAR LAKE BANK AND TRUST COMPANY
327435,50950.0,50950000.0,UNITED SOUTHERN BANK
274829,50922.0,50922000.0,TRUPOINT BANK
71457,50913.0,50913000.0,BRUNING BANK
309150,50841.0,50841000.0,"MISSOURI BANK, THE"
100236,50819.0,50819000.0,SUNMARK COMMUNITY BANK
958558,50774.0,50774000.0,"STOCK EXCHANGE BANK, THE"
607146,50744.0,50744000.0,CENTRAL STATE BANK
284556,50666.0,50666000.0,CATTLEMENS BANK
3690121,50541.0,50541000.0,LIBERTY CAPITAL BANK
835770,50536.0,50536000.0,FOX VALLEY SAVINGS BANK
880855,50524.0,50524000.0,"BANK OF OLD MONROE, THE"
3407084,50484.0,50484000.0,MILESTONE BANK
751852,50399.0,50399000.0,CENTRAL BANK OF KANSAS CITY
573335,50398.0,50398000.0,RIVERHILLS BANK
502652,50270.0,50270000.0,BANK3
499855,50187.0,50187000.0,SOUTHWEST NATIONAL BANK
591320,50107.0,50107000.0,ARTHUR STATE BANK
578116,50092.0,50092000.0,"SAVINGS BANK, THE"
410748,50012.0,50012000.0,BANK OF O'FALLON
748357,49814.0,49814000.0,GLOBAL ONE BANK
944047,49802.0,49802000.0,"NAPOLEON STATE BANK, THE"
788559,49765.0,49765000.0,FARMERS AND DROVERS BANK
482053,49722.0,49722000.0,CITIZENS STATE BANK
524953,49710.0,49710000.0,FIRST PRYORITY BANK
305442,49693.0,49693000.0,"NEW WASHINGTON STATE BANK, THE"
5312593,49603.0,49603000.0,OHIO STATE BANK
874050,49570.0,49570000.0,CITIZENS BANK MINNESOTA
613679,49532.0,49532000.0,FIRST FEDERAL SAVINGS BANK
564324,49503.0,49503000.0,"OLD FORT BANKING COMPANY, THE"
282824,49486.0,49486000.0,ELDERTON STATE BANK
3812147,49482.0,49482000.0,GRAND RIVER BANK
591366,49463.0,49463000.0,"FIRST NATIONAL BANK OF SONORA, THE"
709639,49395.0,49395000.0,MACON BANK AND TRUST COMPANY
823133,49391.0,49391000.0,PEOPLES NATIONAL BANK OF KEWANEE
963002,49293.0,49293000.0,BAY STATE SAVINGS BANK
354552,49221.0,49221000.0,COMMUNITY NATIONAL BANK
148238,49217.0,49217000.0,PEOPLES BANK
326054,49211.0,49211000.0,SILVER LAKE BANK
715872,49197.0,49197000.0,LIFESTORE BANK
613156,49042.0,49042000.0,"FIRST MONTANA BANK, INC."
5805451,48988.0,48988000.0,"WESTERN ALLIANCE TRUST COMPANY, NATIONAL ASSOCIATION"
5143788,48939.0,48939000.0,WINTER PARK NATIONAL BANK
445955,48920.0,48920000.0,"FIRST NATIONAL BANK OF EAST TEXAS, THE"
902672,48853.0,48853000.0,HEARTHSIDE BANK CORPORATION
504311,48827.0,48827000.0,"GENOA BANKING COMPANY, THE"
477648,48820.0,48820000.0,FARMERS STATE BANK
2857600,48809.0,48809000.0,OAK BANK
2051127,48799.0,48799000.0,AMERICAN NATIONAL BANK-FOX CITIES
234841,48769.0,48769000.0,NEW ALBIN SAVINGS BANK
465038,48716.0,48716000.0,FIRST NATIONAL BANK OF BROOKFIELD
261146,48633.0,48633000.0,"MAGNOLIA BANK, INC"
870913,48608.0,48608000.0,BUCKEYE STATE BANK
646743,48518.0,48518000.0,COMMUNITY SAVINGS BANK
625850,48513.0,48513000.0,BANK OF VERSAILLES
351560,48455.0,48455000.0,SUMMIT BANK
188056,48449.0,48449000.0,NORTHERN STATE BANK OF THIEF RIVER FALLS
172475,48421.0,48421000.0,CREST SAVINGS BANK
3350658,48421.0,48421000.0,FIRST VISION BANK OF TENNESSEE
3412417,48401.0,48401000.0,JONAH BANK OF WYOMING
2668598,48399.0,48399000.0,PORTAGE COMMUNITY BANK
715144,48365.0,48365000.0,GRUNDY BANK
651121,48189.0,48189000.0,LUMBEE GUARANTY BANK
1012251,48182.0,48182000.0,FIRST STATE BANK AND TRUST COMPANY
710176,48175.0,48175000.0,VERIMORE BANK
510330,48096.0,48096000.0,F&M BANK
166531,48090.0,48090000.0,BANK OF FRANKEWING
442244,48016.0,48016000.0,NORTHEAST SECURITY BANK
2642598,47983.0,47983000.0,COMMUNITY FIRST BANK
107570,47969.0,47969000.0,FIRST FEDERAL SAVINGS BANK
2916534,47917.0,47917000.0,"M.Y. SAFRA BANK, FSB"
478195,47865.0,47865000.0,BANK OF THE VALLEY
452159,47845.0,47845000.0,AMERICAN BANK AND TRUST COMPANY
477349,47826.0,47826000.0,BANK OF LAKE MILLS
692946,47724.0,47724000.0,TOWN & COUNTRY BANK AND TRUST COMPANY
835257,47549.0,47549000.0,COMMUNITY BANK MANKATO
193649,47506.0,47506000.0,"FIRST TRUST AND SAVINGS BANK OF WATSEKA, THE"
244251,47471.0,47471000.0,AMERICAN STATE BANK & TRUST COMPANY OF WILLISTON
552974,47459.0,47459000.0,"SHELBY SAVINGS BANK, SSB"
1016718,47395.0,47395000.0,JACKSON COUNTY BANK
430036,47302.0,47302000.0,ROBERTSON BANKING COMPANY
593249,47291.0,47291000.0,"PEOPLES BANK, THE"
858528,47227.0,47227000.0,"BANK OF MARION, THE"
108951,47201.0,47201000.0,RELIABANK DAKOTA
853934,47197.0,47197000.0,DLP BANK
977250,47066.0,47066000.0,MIDWEST INDEPENDENT BANKERSBANK
672537,47029.0,47029000.0,"EXCHANGE BANK OF ALABAMA, THE"
425845,46952.0,46952000.0,SECURITY STATE BANK
714978,46936.0,46936000.0,"COOPERATIVE BANK, THE"
5673191,46911.0,46911000.0,LOCALITY BANK
520777,46895.0,46895000.0,COMMUNITY SAVINGS BANK
815754,46877.0,46877000.0,LOCAL BANK
696168,46854.0,46854000.0,BALBOA THRIFT AND LOAN ASSOCIATION
539340,46766.0,46766000.0,DEMOTTE STATE BANK
2823221,46754.0,46754000.0,GEORGIA COMMUNITY BANK
538754,46705.0,46705000.0,FIRST NATIONAL BANK IN PHILIP
2007991,46696.0,46696000.0,CITIZENS COMMUNITY BANK
3603961,46683.0,46683000.0,"VICTORY BANK, THE"
933340,46674.0,46674000.0,GRANT COUNTY STATE BANK
425818,46652.0,46652000.0,UNITED CUMBERLAND BANK
317258,46502.0,46502000.0,WEST PLAINS BANK AND TRUST COMPANY
533124,46452.0,46452000.0,"HARBOR BANK OF MARYLAND, THE"
306337,46420.0,46420000.0,CASEY STATE BANK
860259,46406.0,46406000.0,PREMIER BANK NATIONAL ASSOCIATION
3720,46303.0,46303000.0,"BANK OF CLARENDON, THE"
664653,46224.0,46224000.0,"NATIVE AMERICAN BANK, NATIONAL ASSOCIATION"
306159,46173.0,46173000.0,AMERICAN NATIONAL BANK OF MINNESOTA
5398627,46151.0,46151000.0,TRIAD BUSINESS BANK
979759,46129.0,46129000.0,"KARNES COUNTY NATIONAL BANK OF KARNES CITY, THE"
16551,46118.0,46118000.0,NORTHVIEW BANK
623052,46071.0,46071000.0,"LAMESA NATIONAL BANK, THE"
579364,45984.0,45984000.0,TEXAS CHAMPION BANK
198149,45971.0,45971000.0,ABBYBANK
331713,45950.0,45950000.0,NEW TRIPOLI BANK
788773,45926.0,45926000.0,HOMETOWN BANK
31826,45886.0,45886000.0,POWELL VALLEY NATIONAL BANK
475354,45701.0,45701000.0,FARMERS STATE BANK
228279,45699.0,45699000.0,CROSSROADS BANK
58636,45655.0,45655000.0,CENTURY BANK
279,45650.0,45650000.0,"BROADSTREET BANK, SSB"
2467670,45606.0,45606000.0,APPLIED BANK
126553,45518.0,45518000.0,NORTH SHORE BANK OF COMMERCE
3721605,45491.0,45491000.0,SPRING BANK
20857,45483.0,45483000.0,FM BANK
394259,45451.0,45451000.0,"FIRST STATE BANK, THE"
2805535,45438.0,45438000.0,FIRST SECURE COMMUNITY BANK
652043,45393.0,45393000.0,FREEDOMBANK
34434,45383.0,45383000.0,MAGNOLIA STATE BANK
412845,45376.0,45376000.0,FIRST NATIONAL BANK IN OLNEY
502746,45368.0,45368000.0,COMMUNITY STATE BANK
443148,45254.0,45254000.0,"BIPPUS STATE BANK, THE"
790703,45211.0,45211000.0,LEE BANK
675079,45144.0,45144000.0,"FAYETTE SAVINGS BANK, SSB"
683814,45102.0,45102000.0,KENTUCKY FARMERS BANK CORPORATION
109136,45086.0,45086000.0,PEOPLES BANK & TRUST
2989006,45068.0,45068000.0,GUARDIAN BANK
166111,45043.0,45043000.0,"NORTH COUNTRY SAVINGS BANK, THE"
602543,44992.0,44992000.0,"PETEFISH, SKILES & COMPANY"
900034,44954.0,44954000.0,RAYNE STATE BANK & TRUST COMPANY
236957,44941.0,44941000.0,UPPER PENINSULA STATE BANK
862057,44898.0,44898000.0,BANK OF COMMERCE
625065,44876.0,44876000.0,CITIZENS STATE BANK
285852,44843.0,44843000.0,FIRST OPTION BANK
719656,44841.0,44841000.0,"CALLAWAY BANK, THE"
262059,44834.0,44834000.0,AVB BANK
2233875,44642.0,44642000.0,"NATBANK, NATIONAL ASSOCIATION"
188177,44633.0,44633000.0,WESTMORELAND FEDERAL SAVINGS AND LOAN ASSOCIATION OF LATROBE
2587916,44612.0,44612000.0,MARINE BANK & TRUST COMPANY
3252,44572.0,44572000.0,"FIRST NATIONAL BANK OF GORDON, THE"
711548,44570.0,44570000.0,CHELSEA STATE BANK
750341,44556.0,44556000.0,HIGHPOINT COMMUNITY BANK
119872,44554.0,44554000.0,FIRST SEACOAST BANK
14155,44517.0,44517000.0,F & C BANK
178851,44485.0,44485000.0,GRAND VALLEY BANK
613839,44389.0,44389000.0,EXCHANGE BANK
801047,44371.0,44371000.0,FIRST STATE BANK
623454,44258.0,44258000.0,"BANK AND TRUST, SSB, THE"
546535,44214.0,44214000.0,BANK OF DUDLEY
212018,44199.0,44199000.0,PENNIAN BANK
2914727,44174.0,44174000.0,UNITED NATIONAL BANK
582953,44150.0,44150000.0,CHARTER WEST BANK
268136,44107.0,44107000.0,"CITIZENS BANK OF SWAINSBORO, THE"
761851,44071.0,44071000.0,FIRST INDEPENDENT BANK
92706,44056.0,44056000.0,SUGAR RIVER BANK
1892154,44040.0,44040000.0,FIRST NATIONAL BANK OF COFFEE COUNTY
136338,44029.0,44029000.0,MERCHANTS & FARMERS BANK & TRUST COMPANY
3517590,44010.0,44010000.0,HYPERION BANK
2396592,43974.0,43974000.0,PEOPLE'S BANK OF SENECA
1001853,43949.0,43949000.0,CITIZENS BANK
3342671,43917.0,43917000.0,ANCHOR BANK
660570,43893.0,43893000.0,PRESENCE BANK
7072,43892.0,43892000.0,WALLKILL VALLEY FEDERAL SAVINGS AND LOAN ASSOCIATION
287007,43872.0,43872000.0,"PUTNAM COUNTY NATIONAL BANK OF CARMEL, THE"
11145,43800.0,43800000.0,LAKE-OSCEOLA STATE BANK
367431,43751.0,43751000.0,CITIZENS BANK OF THE SOUTH
2343167,43750.0,43750000.0,PAN AMERICAN BANK & TRUST
206156,43746.0,43746000.0,SOUTHWEST CAPITAL BANK
5620869,43690.0,43690000.0,GENESIS BANK
594938,43538.0,43538000.0,APPLE RIVER STATE BANK
529659,43524.0,43524000.0,CATTLE BANK & TRUST
541231,43519.0,43519000.0,FIRST CITIZENS BANK
883959,43444.0,43444000.0,COWBOY BANK
899343,43440.0,43440000.0,WILSON & MUIR BANK & TRUST COMPANY
134848,43435.0,43435000.0,TEUTOPOLIS STATE BANK
733559,43434.0,43434000.0,GREAT PLAINS STATE BANK
638850,43431.0,43431000.0,"FIDELITY STATE BANK AND TRUST COMPANY, THE"
2793593,43410.0,43410000.0,SOUTHERN BANK OF TENNESSEE
783246,43409.0,43409000.0,GRINNELL STATE BANK
900678,43380.0,43380000.0,"CARTHAGE SAVINGS AND LOAN, NATIONAL ASSOCIATION"
33147,43361.0,43361000.0,FARMERS BANK AND TRUST COMPANY
771878,43333.0,43333000.0,FIRST FEDERAL SAVINGS BANK
865450,43255.0,43255000.0,"PROFINIUM, INC."
829041,43221.0,43221000.0,CITIZENS BANK & TRUST COMPANY
367543,43219.0,43219000.0,KENTLAND BANK
508355,43185.0,43185000.0,AMERISTATE BANK
204826,43181.0,43181000.0,FIRST NATIONAL BANK IN NEW BREMEN
862141,43171.0,43171000.0,TRUBANK
396244,43131.0,43131000.0,"RIVER CITY BANK, INC."
783910,43124.0,43124000.0,NORTH VALLEY BANK
389358,43112.0,43112000.0,SECURITY STATE BANK
1015252,43020.0,43020000.0,LEA COUNTY STATE BANK
541857,42984.0,42984000.0,CARROLL BANK AND TRUST
968744,42983.0,42983000.0,FIRST CHOICE BANK
227357,42911.0,42911000.0,"BRENHAM NATIONAL BANK, THE"
109659,42903.0,42903000.0,LOUISIANA NATIONAL BANK
1479470,42838.0,42838000.0,WOODLANDS BANK
142179,42827.0,42827000.0,STREATOR HOME SAVINGS BANK
10250,42766.0,42766000.0,"BANK OF ELK RIVER, THE"
562058,42744.0,42744000.0,UNITED BANK OF UNION
19936,42743.0,42743000.0,CITIZENS BANK OF AMERICUS
333034,42637.0,42637000.0,STATE BANK OF COCHRAN
3531176,42614.0,42614000.0,SOUTHERN INDEPENDENT BANK
839255,42595.0,42595000.0,FNB COMMUNITY BANK
891253,42592.0,42592000.0,COLUMBUS STATE BANK
3116519,42561.0,42561000.0,AMERICAN EAGLE BANK
420644,42526.0,42526000.0,"PEOPLES COMMUNITY BANK, THE"
479370,42521.0,42521000.0,HIGH COUNTRY BANK
436542,42506.0,42506000.0,WAUKON STATE BANK
944627,42457.0,42457000.0,"CNB BANK, INC."
907547,42452.0,42452000.0,PREMIERBANK
329550,42445.0,42445000.0,INSOUTH BANK
2631172,42423.0,42423000.0,STATE BANK FINANCIAL
143859,42347.0,42347000.0,NEBRASKA BANK
3720336,42339.0,42339000.0,GENUBANK
3440803,42308.0,42308000.0,GOLDEN VALLEY BANK
5650923,42269.0,42269000.0,WATERFALL BANK
3629484,42234.0,42234000.0,BANKFLORIDA
407645,42220.0,42220000.0,"STILLMAN BANCCORP, N.A."
298245,42174.0,42174000.0,"CITY NATIONAL BANK OF METROPOLIS, THE"
234506,42161.0,42161000.0,"NATIONAL BANK OF COXSACKIE, THE"
3463875,42148.0,42148000.0,AUSTIN COUNTY STATE BANK
3411773,42121.0,42121000.0,FIRST FARMBANK
877752,42084.0,42084000.0,"CITIZENS NATIONAL BANK OF PARK RAPIDS, THE"
371362,42073.0,42073000.0,WELLINGTON STATE BANK
5760439,42048.0,42048000.0,TEXAS TRADITIONS BANK
248745,42003.0,42003000.0,OOSTBURG STATE BANK
77253,42001.0,42001000.0,TXN BANK
357777,41994.0,41994000.0,GREENVILLE SAVINGS BANK
102342,41838.0,41838000.0,RACCOON VALLEY BANK
205346,41824.0,41824000.0,FARMERS SAVINGS BANK
715050,41817.0,41817000.0,STAR BANK
2938787,41812.0,41812000.0,GREENLEAF TRUST NATIONAL ASSOCIATION
44040,41776.0,41776000.0,"FIRST NATIONAL BANK OF MONTEREY, THE"
137447,41768.0,41768000.0,"FNB COMMUNITY BANK,THE"
867856,41739.0,41739000.0,CITIZENS STATE BANK
285928,41739.0,41739000.0,PEOPLES BANK THE
222754,41718.0,41718000.0,"FIRST WESTROADS BANK, INC."
247551,41700.0,41700000.0,HIGH PLAINS BANK
568126,41627.0,41627000.0,"ST. HENRY BANK, THE"
701839,41622.0,41622000.0,CITIZENS BANK AND TRUST
5397639,41606.0,41606000.0,ADP TRUST COMPANY NATIONAL ASSOCIATION
454546,41606.0,41606000.0,"PEOPLES STATE BANK, THE"
866121,41591.0,41591000.0,MERCER COUNTY STATE BANK
761459,41543.0,41543000.0,PINE COUNTRY BANK
504535,41522.0,41522000.0,"FIRST STATE BANK OF DEKALB COUNTY, INC."
628552,41491.0,41491000.0,WINNSBORO STATE BANK & TRUST COMPANY
548267,41288.0,41288000.0,"WAGGONER NATIONAL BANK OF VERNON, THE"
1014376,41186.0,41186000.0,CITIZENS SAVINGS BANK
963730,41121.0,41121000.0,UNION NATIONAL BANK
101439,41114.0,41114000.0,"DURDEN BANKING COMPANY, INCORPORATED"
2396604,41111.0,41111000.0,"BANK OF STAR VALLEY, THE"
229070,41039.0,41039000.0,FIRST FEDERAL SAVINGS AND LOAN ASSOCIATION OF SAN RAFAEL
3347603,41037.0,41037000.0,"ECLIPSE BANK, INC."
2819242,41032.0,41032000.0,"MURRAY BANK, THE"
302553,41029.0,41029000.0,BANK OF THE PLAINS
382658,41024.0,41024000.0,PUTNAM COUNTY STATE BANK
761244,40996.0,40996000.0,BELGRADE STATE BANK
822275,40903.0,40903000.0,"WINTER HILL BANK, FSB"
425108,40868.0,40868000.0,RONDOUT SAVINGS BANK
230423,40867.0,40867000.0,"FIRST CITIZENS NATIONAL BANK OF UPPER SANDUSKY, THE"
2769570,40864.0,40864000.0,PETIT JEAN STATE BANK
246657,40857.0,40857000.0,BANK OF LABOR
121914,40828.0,40828000.0,COMMUNITY STATE BANK OF ORBISONIA
975153,40825.0,40825000.0,UNICO BANK
342054,40818.0,40818000.0,PHELPS COUNTY BANK
263243,40799.0,40799000.0,"FIRST KENTUCKY BANK, INC."
477303,40753.0,40753000.0,WOODSVILLE GUARANTY SAVINGS BANK
880332,40720.0,40720000.0,PIKE NATIONAL BANK
825847,40690.0,40690000.0,FARMERS TRUST & SAVINGS BANK
50461,40569.0,40569000.0,CALIFORNIA PACIFIC BANK
58757,40542.0,40542000.0,KENSINGTON BANK
194936,40540.0,40540000.0,BANKSOUTH
382443,40495.0,40495000.0,FARMERS TRUST AND SAVINGS BANK
851239,40484.0,40484000.0,"POCA VALLEY BANK, INC., THE"
3027763,40431.0,40431000.0,CORNERSTONE BANK
610913,40420.0,40420000.0,"FIRST NATIONAL BANK OF GRAYSON, THE"
522669,40397.0,40397000.0,HOMEBANK TEXAS
58225,40396.0,40396000.0,"FARMERS BANK AND SAVINGS COMPANY, THE"
3270046,40312.0,40312000.0,VISIONBANK
521970,40287.0,40287000.0,BIG HORN FEDERAL SAVINGS BANK
777870,40271.0,40271000.0,ALTOONA FIRST SAVINGS BANK
296474,40174.0,40174000.0,"HOME SAVINGS AND LOAN COMPANY OF KENTON, OHIO, THE DBA HSLC"
676151,40171.0,40171000.0,UNISON BANK
493741,40163.0,40163000.0,ALLIANCE BANK
3410141,40153.0,40153000.0,"BANK OF LEXINGTON, INC."
356239,40132.0,40132000.0,CITIZENS STATE BANK
591209,40125.0,40125000.0,PISCATAQUA SAVINGS BANK
430344,40120.0,40120000.0,COMMUNITY BANK
2871099,40119.0,40119000.0,TRISTAR BANK
542153,40112.0,40112000.0,F&M BANK
2505424,40072.0,40072000.0,WOLF RIVER COMMUNITY BANK
2002222,40068.0,40068000.0,CITIZENS COMMUNITY BANK
899642,40007.0,40007000.0,FIRST STATE BANK AND TRUST
183958,39983.0,39983000.0,FIRST NATIONAL BANK AND TRUST
742944,39962.0,39962000.0,FORTE BANK
917050,39933.0,39933000.0,FIRST STATE BANK
678744,39917.0,39917000.0,CENTRAL STATE BANK
617743,39915.0,39915000.0,FNB BANK
841753,39897.0,39897000.0,CITY BANK & TRUST CO.
244158,39893.0,39893000.0,WAYPOINT BANK
865142,39846.0,39846000.0,IOWA STATE BANK
192558,39844.0,39844000.0,FIRST BANK KANSAS
289739,39817.0,39817000.0,GUARANTY BANK AND TRUST COMPANY
207470,39792.0,39792000.0,FIRST FEDERAL BANK OF OHIO
901358,39738.0,39738000.0,"HERITAGE BANK, NATIONAL ASSOCIATION"
3229875,39737.0,39737000.0,FIRST NATIONAL TRUST COMPANY
5660146,39714.0,39714000.0,ENTREBANK
752831,39706.0,39706000.0,BANK OF MADISON
5574430,39670.0,39670000.0,"ROCKPOINTBANK, NATIONAL ASSOCIATION"
3470930,39666.0,39666000.0,FIRST PACIFIC BANK
932745,39648.0,39648000.0,FIRST COMMUNITY BANK
217059,39604.0,39604000.0,FIRST FARMERS & MERCHANTS BANK
718538,39571.0,39571000.0,"GRANT COUNTY BANK, THE"
966722,39529.0,39529000.0,KINGSTON NATIONAL BANK
815147,39494.0,39494000.0,HONOR BANK
725077,39464.0,39464000.0,OSB COMMUNITY BANK
5692473,39403.0,39403000.0,EVERMORE BANK
857745,39379.0,39379000.0,LIBERTYVILLE SAVINGS BANK
31134,39284.0,39284000.0,"FIRST NATIONAL BANK OF WAYNESBORO, THE"
5193989,39252.0,39252000.0,INFINITY BANK
773443,39223.0,39223000.0,"CLINTON NATIONAL BANK, THE"
290838,39172.0,39172000.0,MERIT BANK
310754,39169.0,39169000.0,LUMINATE BANK
2730431,39143.0,39143000.0,ENTERPRISE BANK
468673,39105.0,39105000.0,"HOME LOAN SAVINGS BANK, THE"
523161,39059.0,39059000.0,CITIZENS STATE BANK
989730,39033.0,39033000.0,TOWER COMMUNITY BANK
168571,39029.0,39029000.0,ARMOR BANK
52951,38974.0,38974000.0,SECURITY STATE BANK OF OKLAHOMA
863607,38955.0,38955000.0,NATIONAL GRAND BANK OF MARBLEHEAD
987231,38933.0,38933000.0,COMMUNITY STATE BANK
597546,38866.0,38866000.0,PREMIER COMMUNITY BANK
830748,38859.0,38859000.0,GERMANTOWN TRUST & SAVINGS BANK
191355,38848.0,38848000.0,FRONTIER BANK
3120646,38788.0,38788000.0,PATRIOT BANK
463605,38788.0,38788000.0,PEOPLES TRUST COMPANY OF ST. ALBANS
2614344,38785.0,38785000.0,PEOPLES BANK OF EAST TENNESSEE
3347911,38770.0,38770000.0,AUSTIN CAPITAL BANK SSB
1016174,38758.0,38758000.0,OZARKS FEDERAL SAVINGS AND LOAN ASSOCIATION
605656,38733.0,38733000.0,FIRST STATE BANK AND TRUST
1459799,38725.0,38725000.0,FIRST PEOPLES BANK
750127,38707.0,38707000.0,"PEOPLES BANK, THE"
2948423,38695.0,38695000.0,"BANK OF CLOVIS, THE"
736550,38590.0,38590000.0,"UNION STATE BANK OF EVEREST, THE"
578741,38584.0,38584000.0,BLC COMMUNITY BANK
197759,38541.0,38541000.0,FIRST NATIONAL BANK MINNESOTA
20633,38504.0,38504000.0,MCNB BANK AND TRUST CO.
152253,38492.0,38492000.0,CASTLE ROCK BANK
2122997,38490.0,38490000.0,CREDIT FIRST NATIONAL ASSOCIATION
36933,38483.0,38483000.0,FIRST STATE BANK
791942,38439.0,38439000.0,NEKOOSA PORT EDWARDS STATE BANK
11640,38429.0,38429000.0,FIRST NATIONAL BANK OF CLARKSDALE
124830,38349.0,38349000.0,BANK OF CAMILLA
25647,38342.0,38342000.0,FIRST SECURE BANK AND TRUST CO.
653947,38331.0,38331000.0,HOME STATE BANK
3636428,38329.0,38329000.0,"BLACK HILLS COMMUNITY BANK, NATIONAL ASSOCIATION"
439132,38324.0,38324000.0,GLENNVILLE BANK
481159,38304.0,38304000.0,VALLEY BANK OF COMMERCE
173306,38291.0,38291000.0,NATIONAL BANK OF MIDDLEBURY
738143,38240.0,38240000.0,PROSPECT BANK
3296859,38213.0,38213000.0,ONE WORLD BANK
3034257,38196.0,38196000.0,FIRST COMMUNITY BANK OF CENTRAL ALABAMA
869953,38164.0,38164000.0,ALAMOSA STATE BANK
552059,38161.0,38161000.0,BANK OF THE FLINT HILLS
455459,38160.0,38160000.0,MAVERICK BANK
920975,38138.0,38138000.0,FIRST SENTINEL BANK
796152,38056.0,38056000.0,FIRST STATE BANK
410560,38021.0,38021000.0,FIRST STATE BANK
432058,38018.0,38018000.0,FREEDOM BANK
623874,38015.0,38015000.0,FIRST FEDERAL SAVINGS AND LOAN ASSOCIATION OF NEWARK
631178,38009.0,38009000.0,SECURITY FEDERAL SAVINGS BANK OF MCMINNVILLE
271529,38005.0,38005000.0,COUNTYBANK
300933,38004.0,38004000.0,PLANTERS FIRST BANK
32971,37961.0,37961000.0,SECURITY FEDERAL SAVINGS BANK
2997216,37866.0,37866000.0,COMMUNITY BANK OF SANTA MARIA
110945,37865.0,37865000.0,UNITED SOUTHERN BANK
829050,37856.0,37856000.0,"BANK, NATIONAL ASSOCIATION, THE"
2607412,37818.0,37818000.0,SPRING VALLEY BANK
1188987,37811.0,37811000.0,PEOPLES INDEPENDENT BANK
275255,37795.0,37795000.0,BANNER CAPITAL BANK
73554,37794.0,37794000.0,PATHWAY BANK
3489071,37761.0,37761000.0,LEWIS & CLARK BANK
677448,37747.0,37747000.0,FIRST STATE BANK
528102,37689.0,37689000.0,NORTH BROOKFIELD SAVINGS BANK
968249,37686.0,37686000.0,PEOPLES BANK
961259,37684.0,37684000.0,"CITIZENS BANK, THE"
734248,37671.0,37671000.0,IOWA STATE BANK
485456,37647.0,37647000.0,KAW VALLEY BANK
566243,37573.0,37573000.0,GLENWOOD STATE BANK
456054,37570.0,37570000.0,MINDEN EXCHANGE BANK & TRUST COMPANY
529275,37548.0,37548000.0,LINCOLN FEDERAL SAVINGS BANK OF NEBRASKA
148171,37541.0,37541000.0,"GOLDEN BELT BANK, FSA"
537551,37487.0,37487000.0,LITTLE HORN STATE BANK
712956,37442.0,37442000.0,FIRST NEW MEXICO BANK
320070,37425.0,37425000.0,VALLEY CENTRAL BANK
300353,37382.0,37382000.0,"SHAMROCK BANK, NATIONAL ASSOCIATION"
609010,37304.0,37304000.0,FIRST NATIONAL BANK OF ELMER
2907019,37295.0,37295000.0,COMMUNITY FIRST NATIONAL BANK
859655,37280.0,37280000.0,"BANKERS BANK, THE"
313223,37273.0,37273000.0,OSGOOD BANK
3322468,37263.0,37263000.0,VERUS BANK OF COMMERCE
519360,37250.0,37250000.0,MISSION NATIONAL BANK
717670,37242.0,37242000.0,ARLO BANK
173641,37154.0,37154000.0,"FIRST NATIONAL BANK OF RUSSELL SPRINGS, THE"
457752,37150.0,37150000.0,COULEE BANK
780955,37136.0,37136000.0,WAUMANDEE STATE BANK
221775,37119.0,37119000.0,"INTERAMERICAN BANK, A FEDERAL SAVINGS BANK"
867070,37082.0,37082000.0,"STERLING FEDERAL BANK, FEDERAL SAVINGS BANK"
145554,37063.0,37063000.0,"FIRST NATIONAL BANK AND TRUST COMPANY OF BROKEN ARROW, THE"
5906497,37047.0,37047000.0,BANKMIAMI
3070545,36973.0,36973000.0,"UNITED COMMUNITY BANK OF WEST KENTUCKY, INC."
41629,36861.0,36861000.0,PIONEER BANK
597452,36860.0,36860000.0,AMERICAN BANK
2871558,36838.0,36838000.0,AMERICAN COMMUNITY BANK
514936,36826.0,36826000.0,RABUN COUNTY BANK
3786435,36814.0,36814000.0,INTRACOASTAL BANK
17110,36735.0,36735000.0,"HAVERFORD TRUST COMPANY, THE"
382050,36726.0,36726000.0,CENTRAL SAVINGS BANK
969255,36705.0,36705000.0,GUARANTY BANK & TRUST COMPANY OF DELHI
860147,36648.0,36648000.0,FIRST NATIONAL BANK OF PANA
964157,36643.0,36643000.0,VALUEBANK TEXAS
457060,36625.0,36625000.0,SPRING HILL STATE BANK
959443,36614.0,36614000.0,"CITIZENS DEPOSIT BANK OF ARLINGTON, INC."
2684552,36592.0,36592000.0,AMERICAN BANK OF OKLAHOMA
114149,36553.0,36553000.0,PARTNERS BANK
427241,36502.0,36502000.0,"FRIENDSHIP STATE BANK, THE"
406666,36485.0,36485000.0,WEST TEXAS STATE BANK
660271,36484.0,36484000.0,"FIRST ROBINSON SAVINGS BANK, NATIONAL ASSOCIATION"
556011,36449.0,36449000.0,SUSQUEHANNA COMMUNITY BANK
755458,36415.0,36415000.0,FORESIGHT BANK
87476,36402.0,36402000.0,"WILMINGTON SAVINGS BANK, THE"
653778,36401.0,36401000.0,"HARRISON BUILDING AND LOAN ASSOCIATION, THE"
5879201,36382.0,36382000.0,INTEGRITY BANK SSB
416656,36372.0,36372000.0,"WELCH STATE BANK OF WELCH, OKLA."
568939,36302.0,36302000.0,FNB PICAYUNE BANK
5751,36284.0,36284000.0,KCB BANK
922924,36272.0,36272000.0,BANK OF YORK
534756,36261.0,36261000.0,SOONER STATE BANK
827458,36260.0,36260000.0,DAKOTA WESTERN BANK
365745,36252.0,36252000.0,PINNACLE BANK
1009756,36251.0,36251000.0,GUARANTY STATE BANK AND TRUST COMPANY
3567269,36247.0,36247000.0,SELECT BANK
381932,36236.0,36236000.0,COMMERCIAL BANKING COMPANY
325141,36197.0,36197000.0,FARMERS BANK
175056,36179.0,36179000.0,BANK OF WESTERN OKLAHOMA
465243,36153.0,36153000.0,"GARRETT STATE BANK, THE"
2733263,36151.0,36151000.0,"AMERICAN BANK AND TRUST COMPANY, NATIONAL ASSOCIATION"
170275,36102.0,36102000.0,VOLUNTEER FEDERAL SAVINGS BANK
953843,36071.0,36071000.0,PONY EXPRESS BANK
2807173,36031.0,36031000.0,CURRENCY BANK
266851,36022.0,36022000.0,FARMERS AND MERCHANTS BANK OF ST. CLAIR
686459,35978.0,35978000.0,EXCHANGE BANK OF MISSOURI
254504,35927.0,35927000.0,CATTARAUGUS COUNTY BANK
80374,35901.0,35901000.0,FIRST FEDERAL SAVINGS AND LOAN ASSOCIATION OF DELTA
388744,35891.0,35891000.0,ALDEN STATE BANK
849357,35883.0,35883000.0,"FIRST NATIONAL BANK OF HUGHES SPRINGS, THE"
88352,35877.0,35877000.0,FIRST STATE BANK OF BEDIAS
449430,35865.0,35865000.0,22ND STATE BANKING COMPANY
484776,35859.0,35859000.0,"VIKING BANK, NATIONAL ASSOCIATION"
860334,35850.0,35850000.0,BANK OF ZACHARY
596978,35813.0,35813000.0,MARATHON BANK
1218446,35798.0,35798000.0,BANKERS' BANK OF KANSAS
3561771,35699.0,35699000.0,GLOBAL BANK
631150,35650.0,35650000.0,FIRST-LOCKHART NATIONAL BANK
376947,35640.0,35640000.0,CITIZENS' BANK OF CHARLESTON
864378,35613.0,35613000.0,CITIZENS FEDERAL SAVINGS BANK
253646,35594.0,35594000.0,NSB BANK
356752,35590.0,35590000.0,CITIZENS STATE BANK
144856,35548.0,35548000.0,FIRST STATE BANK AND TRUST
207452,35537.0,35537000.0,GRANT COUNTY BANK
2759629,35530.0,35530000.0,"FIRST NATIONAL BANK OF HEREFORD, THE"
398837,35514.0,35514000.0,COPIAH BANK
566056,35501.0,35501000.0,SECURITY BANK
364430,35497.0,35497000.0,BANK OF ST. FRANCISVILLE
433943,35497.0,35497000.0,WASHINGTON STATE BANK
285348,35435.0,35435000.0,FIRST SECURE STATE BANK
245351,35414.0,35414000.0,FRAZER BANK
147679,35391.0,35391000.0,ASCENDIA BANK
22543,35382.0,35382000.0,STATE SAVINGS BANK
2594419,35325.0,35325000.0,EDISON NATIONAL BANK
3390627,35314.0,35314000.0,SIGNATURE BANK OF GEORGIA
455150,35248.0,35248000.0,"PAYNE COUNTY BANK, THE"
424240,35246.0,35246000.0,CITIZENS FIRST NATIONAL BANK
34555,35169.0,35169000.0,MA BANK
944337,35145.0,35145000.0,CENTURY BANK & TRUST
225559,35132.0,35132000.0,BANK OF BARTLETT
540056,35078.0,35078000.0,FIRSTBANK OF NEBRASKA
837149,35045.0,35045000.0,"FIRST COMMUNITY BANK OF THE HEARTLAND, INC."
776369,34979.0,34979000.0,FIRST STATE BANK OF ODEM
188720,34952.0,34952000.0,"FARMERS BANK OF APPOMATTOX, THE"
565143,34940.0,34940000.0,FIRST STATE BANK
278256,34906.0,34906000.0,"FARMERS STATE BANK OF OAKLEY, KANSAS, THE"
864846,34862.0,34862000.0,BANK OF 1889
579636,34854.0,34854000.0,MERCHANTS AND PLANTERS BANK
2939391,34760.0,34760000.0,PEOPLES BANK
130345,34758.0,34758000.0,COMMUNITY STATE BANK
4165907,34660.0,34660000.0,LAKESIDE BANK
848248,34659.0,34659000.0,FIDELITY BANK
645540,34658.0,34658000.0,EARLHAM SAVINGS BANK
530655,34644.0,34644000.0,"PEOPLES BANK, THE"
572655,34613.0,34613000.0,COMMUNITY BANK
336361,34606.0,34606000.0,SANGER BANK
90177,34603.0,34603000.0,FIRST FEDERAL SAVINGS & LOAN ASSOCIATION OF PASCAGOULA-MOSS POINT
230610,34602.0,34602000.0,"HOCKING VALLEY BANK, THE"
825548,34594.0,34594000.0,COMMUNITY STATE BANK OF MISSOURI
935559,34573.0,34573000.0,SOUTHERN HERITAGE BANK
2861317,34515.0,34515000.0,BRANSON BANK
3303944,34481.0,34481000.0,PACIFIC WEST BANK
398248,34466.0,34466000.0,CAMPBELL & FETTER BANK
285151,34463.0,34463000.0,"COLORADO BANK AND TRUST COMPANY OF LA JUNTA, THE"
237954,34457.0,34457000.0,"IDABEL NATIONAL BANK, THE"
906410,34400.0,34400000.0,"TURBOTVILLE NATIONAL BANK, THE"
3446225,34396.0,34396000.0,TABLE ROCK COMMUNITY BANK
658474,34378.0,34378000.0,COLLINSVILLE BUILDING AND LOAN ASSOCIATION
2913702,34371.0,34371000.0,BANK OF FRANKLIN COUNTY
896155,34341.0,34341000.0,SHELL LAKE STATE BANK
173557,34243.0,34243000.0,ST. JOHNS BANK & TRUST COMPANY
79042,34217.0,34217000.0,WEST POINT BANK
1010015,34216.0,34216000.0,"CITIZENS BANK COMPANY, THE"
211338,34179.0,34179000.0,COFFEE COUNTY BANK
175609,34140.0,34140000.0,BANK OF MILLBROOK
452739,34132.0,34132000.0,"CLAXTON BANK, THE"
588348,34096.0,34096000.0,SAVINGS BANK
517441,34059.0,34059000.0,"BANK OF BRODHEAD, THE"
327556,34057.0,34057000.0,ANCHOR D BANK
3160978,34034.0,34034000.0,INTEGRITY BANK & TRUST
667029,34018.0,34018000.0,"UNION BANK, INC."
872579,33951.0,33951000.0,HIBERNIA BANK
356659,33947.0,33947000.0,SOLOMON STATE BANK
3134698,33911.0,33911000.0,BANK OF COMMERCE
621441,33887.0,33887000.0,BUENA VISTA NATIONAL BANK
937339,33867.0,33867000.0,STATE BANK OF GRAYMONT
138051,33867.0,33867000.0,"FARMERS STATE BANK OF ALICEVILLE, KANSAS, THE"
955959,33823.0,33823000.0,SECURITY STATE BANK
665146,33822.0,33822000.0,KERNDT BROTHERS SAVINGS BANK
476472,33820.0,33820000.0,COMMUNITY SAVINGS
842376,33743.0,33743000.0,WEST VIEW SAVINGS BANK
940731,33742.0,33742000.0,"HAVANA NATIONAL BANK, THE"
225157,33618.0,33618000.0,ULTIMA BANK MINNESOTA
723653,33600.0,33600000.0,WESTERN BANK
2889227,33584.0,33584000.0,ALPINE CAPITAL BANK
646444,33579.0,33579000.0,FIRST BANK AND TRUST COMPANY OF ILLINOIS
858854,33533.0,33533000.0,"CITIZENS STATE BANK, THE"
990642,33456.0,33456000.0,"FIRST NATIONAL BANK OF ALLENDALE, THE"
1010574,33455.0,33455000.0,AMERICAN COMMUNITY BANK OF INDIANA
661474,33392.0,33392000.0,WOODRUFF FEDERAL SAVINGS AND LOAN ASSOCIATION
855264,33383.0,33383000.0,FIRST NATIONAL BANK IN PORT LAVACA
176325,33382.0,33382000.0,FARMERS & MERCHANTS BANK
1006513,33373.0,33373000.0,BANK OF THE BLUEGRASS AND TRUST CO.
693952,33372.0,33372000.0,SECURITY FIRST BANK OF NORTH DAKOTA
139133,33369.0,33369000.0,AMERIFIRST BANK
930853,33326.0,33326000.0,CLB THE COMMUNITY BANK
528241,33238.0,33238000.0,HOUGHTON STATE BANK
350750,33212.0,33212000.0,NORTH VALLEY BANK
79855,33188.0,33188000.0,CITY BANK & TRUST CO.
860352,33153.0,33153000.0,DAKOTA HERITAGE BANK
371223,33149.0,33149000.0,RIVERHILLS BANK
3199811,33073.0,33073000.0,HERITAGE BANK OF THE OZARKS
746157,33047.0,33047000.0,SENTRY BANK
137559,33019.0,33019000.0,FARMERS NATIONAL BANK
5472880,32985.0,32985000.0,CRAFT BANK
787459,32931.0,32931000.0,PRINSBANK
469737,32911.0,32911000.0,"COMMERCIAL BANK, THE"
442011,32895.0,32895000.0,GENERATIONS BANK
733661,32817.0,32817000.0,HATCH BANK
553038,32815.0,32815000.0,COMMUNITY BANKING COMPANY
3637706,32815.0,32815000.0,COMMUNITY VALLEY BANK
974754,32810.0,32810000.0,COMMUNITY BANK OF LOUISIANA
480433,32787.0,32787000.0,FIRST NATIONAL BANK IN DERIDDER
703039,32781.0,32781000.0,"JEFFERSON BANK, THE"
190563,32763.0,32763000.0,FIRST STATE BANK OF TEXAS
61832,32759.0,32759000.0,"FIRST NATIONAL BANK OF MOUNT DORA, THE"
786733,32713.0,32713000.0,JEFFERSON SECURITY BANK
280138,32575.0,32575000.0,WEST CENTRAL GEORGIA BANK
828174,32530.0,32530000.0,FIRST FEDERAL SAVINGS & LOAN ASSOCIATION OF VALDOSTA
2643595,32523.0,32523000.0,PACIFIC CREST SAVINGS BANK
428462,32487.0,32487000.0,IRELAND BANK
458142,32440.0,32440000.0,HORATIO STATE BANK
957757,32417.0,32417000.0,COMMUNITY BANK AND TRUST
3374403,32411.0,32411000.0,BANK OF BELLEVILLE
380878,32383.0,32383000.0,GREENWAY BANK
644646,32382.0,32382000.0,LIBERTY TRUST & SAVINGS BANK
3445901,32373.0,32373000.0,RIVER CITY BANK
2732565,32360.0,32360000.0,PEOPLES SAVINGS BANK
592550,32333.0,32333000.0,QUOIN FINANCIAL BANK
576354,32326.0,32326000.0,GREAT NORTH BANK
567240,32303.0,32303000.0,BANK OF JAMESTOWN
449935,32302.0,32302000.0,COUNTRY TRUST BANK
977616,32277.0,32277000.0,"NATIONAL BANK OF MALVERN, THE"
1351,32256.0,32256000.0,BANK OF GRANDIN
222156,32250.0,32250000.0,FIRST STATE BANK OF WYOMING
488653,32223.0,32223000.0,"NATIONAL BANK OF ANDREWS, THE"
3125557,32210.0,32210000.0,OREGON COAST BANK
666974,32196.0,32196000.0,FAIRFIELD FEDERAL SAVINGS AND LOAN ASSOCIATION OF LANCASTER
1015270,32196.0,32196000.0,HOME BANK SB
251558,32112.0,32112000.0,FIRST NATIONAL BANK & TRUST
3446784,32077.0,32077000.0,COMMUNITY BANK DELAWARE
746755,32033.0,32033000.0,BANK OF HAYS
799854,32032.0,32032000.0,"CITY NATIONAL BANK OF COLORADO CITY, THE"
118736,32006.0,32006000.0,BANK OF YAZOO CITY
158376,31958.0,31958000.0,FIRST FEDERAL SAVINGS BANK OF ANGOLA
945026,31932.0,31932000.0,COMMERCIAL BANK & TRUST OF PA
364131,31922.0,31922000.0,GREAT OAKS BANK
987259,31882.0,31882000.0,SANDHILLS STATE BANK
119153,31870.0,31870000.0,"SECURITY NATIONAL BANK OF ENID, THE"
3594087,31860.0,31860000.0,HOMETOWN BANK OF PENNSYLVANIA
240954,31853.0,31853000.0,FIRST NATIONAL BANK OF BURLESON
908450,31849.0,31849000.0,KIRKWOOD BANK AND TRUST COMPANY
2529176,31842.0,31842000.0,SECURITY NATIONAL BANK OF SOUTH DAKOTA
625757,31780.0,31780000.0,NORTHERN STATE BANK
646145,31706.0,31706000.0,"CASEY COUNTY BANK, INC., THE"
402846,31659.0,31659000.0,POCAHONTAS STATE BANK
609467,31569.0,31569000.0,UNITED PACIFIC BANK
776547,31548.0,31548000.0,"MEADE COUNTY BANK, INC."
822051,31520.0,31520000.0,CITIZENS STATE BANK OF ROSEAU
875048,31511.0,31511000.0,COMMUNITY STATE BANK OF ROCK FALLS
851631,31484.0,31484000.0,BETTER BANKS
2562137,31420.0,31420000.0,NORTHSTAR BANK
830113,31376.0,31376000.0,"FORT JENNINGS STATE BANK, THE"
576952,31361.0,31361000.0,FIRST NEBRASKA BANK
412153,31302.0,31302000.0,NEBRASKA STATE BANK AND TRUST COMPANY
750051,31274.0,31274000.0,NORTH STAR BANK
501767,31267.0,31267000.0,"FIRST NATIONAL BANK OF WINNSBORO, THE"
102874,31251.0,31251000.0,"PAPER CITY SAVINGS BANK, S.A."
718275,31210.0,31210000.0,BANK OF THE FEDERATED STATES OF MICRONESIA
572459,31178.0,31178000.0,"CITIZENS STATE BANK, THE"
303653,31170.0,31170000.0,FIRST STATE BANK OF BURNET
412667,31158.0,31158000.0,SUNDOWN STATE BANK
3591004,31151.0,31151000.0,REDSTONE BANK
311265,31022.0,31022000.0,"YOAKUM NATIONAL BANK, THE"
787842,31010.0,31010000.0,FIRST IOWA STATE BANK
118660,31004.0,31004000.0,HOME BANK OF CALIFORNIA
610557,31003.0,31003000.0,THREE RIVERS BANK OF MONTANA
179148,30961.0,30961000.0,SUCCESS BANK
628356,30946.0,30946000.0,STERLING BANK
748254,30919.0,30919000.0,BANKCHEROKEE
323651,30887.0,30887000.0,GILMER NATIONAL BANK
257756,30887.0,30887000.0,FMS BANK
924937,30859.0,30859000.0,ALLIANCE COMMUNITY BANK
95051,30793.0,30793000.0,ONE AMERICAN BANK
3470097,30753.0,30753000.0,BANK OF MONTANA
5882500,30746.0,30746000.0,FIVE RIVERS BANK
3377235,30714.0,30714000.0,"SMARTBIZ BANK, N.A."
716954,30700.0,30700000.0,CITIZENS FIRST BANK
126012,30697.0,30697000.0,CHAMPLAIN NATIONAL BANK
3310287,30681.0,30681000.0,"BESSEMER TRUST COMPANY OF DELAWARE, NATIONAL ASSOCIATION"
830645,30677.0,30677000.0,LONGVIEW COMMUNITY BANK
2860271,30670.0,30670000.0,CROWN BANK
746979,30667.0,30667000.0,SPRATT SAVINGS BANK
936640,30639.0,30639000.0,LEIGHTON STATE BANK
276645,30602.0,30602000.0,AMERICAN STATE BANK
347022,30598.0,30598000.0,FIRST NATIONAL BANK OF SOUTH CAROLINA
2881445,30578.0,30578000.0,"MASSMUTUAL PRIVATE WEALTH & TRUST, FSB"
311939,30564.0,30564000.0,WASHINGTON STATE BANK
570558,30554.0,30554000.0,ARROWHEAD BANK
714839,30529.0,30529000.0,FIRST NATIONAL BANK USA
10849,30525.0,30525000.0,FIRST STATE BANK
172457,30509.0,30509000.0,"CITIZENS BANK OF EDMOND, THE"
331375,30493.0,30493000.0,BANKGLOUCESTER
604547,30419.0,30419000.0,HEARTLAND BANK
289757,30418.0,30418000.0,MERCHANTS STATE BANK
3468450,30402.0,30402000.0,CENTRAL BANK
3134399,30397.0,30397000.0,PRIMEBANK OF TEXAS
732253,30369.0,30369000.0,CITIZENS PROGRESSIVE BANK
897648,30367.0,30367000.0,MCGEHEE BANK
456755,30288.0,30288000.0,EXCHANGE BANK AND TRUST COMPANY
410917,30265.0,30265000.0,"CITIZENS NATIONAL BANK OF SOMERSET, THE"
539377,30248.0,30248000.0,UNITED BANK
661223,30215.0,30215000.0,LEE BANK & TRUST COMPANY
109453,30197.0,30197000.0,BANKSTAR FINANCIAL
931047,30184.0,30184000.0,BANK OF SALEM
305077,30170.0,30170000.0,PERU FEDERAL SAVINGS BANK
5412457,30168.0,30168000.0,LEXICON BANK
204237,30127.0,30127000.0,MAGNOLIA STATE BANK
285544,30121.0,30121000.0,CAPITOL NATIONAL BANK
807656,30114.0,30114000.0,CITIZENS BANK OF ADA
2775151,30097.0,30097000.0,AB&T
9955,30090.0,30090000.0,FUSION BANK
3223417,30082.0,30082000.0,GATEWAY BANK
942539,30076.0,30076000.0,PEOPLE'S BANK AND TRUST COMPANY OF PICKETT COUNTY
770639,30037.0,30037000.0,HOMETOWN NATIONAL BANK
605571,30034.0,30034000.0,"PEOPLES SAVINGS AND LOAN COMPANY, THE"
99143,30033.0,30033000.0,MERCHANTS & PLANTERS BANK
966731,30023.0,30023000.0,FIRST NATIONAL BANK
856346,30018.0,30018000.0,"FARMERS STATE BANK OF ALTO PASS, ILL."
905673,30009.0,30009000.0,GOUVERNEUR SAVINGS AND LOAN ASSOCIATION
49858,29992.0,29992000.0,BANK OF SOUTH TEXAS
3067929,29991.0,29991000.0,TOWN & COUNTRY BANK
814551,29971.0,29971000.0,KEARNEY TRUST COMPANY
3219269,29958.0,29958000.0,MEMBERS TRUST COMPANY
2718596,29938.0,29938000.0,FIRST TRUST BANK OF ILLINOIS
304762,29933.0,29933000.0,VICTORY BANK
961811,29928.0,29928000.0,"FIRST STATE BANK OF THE SOUTHEAST, INC"
42354,29917.0,29917000.0,"COMMERCIAL NATIONAL BANK OF BRADY, THE"
3548763,29872.0,29872000.0,PEOPLEFIRST BANK
390840,29819.0,29819000.0,UNION BANK
502559,29797.0,29797000.0,"GUNNISON BANK AND TRUST COMPANY, THE"
648251,29792.0,29792000.0,MCCLAIN BANK
555256,29773.0,29773000.0,FARMERS AND MERCHANTS BANK
641579,29762.0,29762000.0,CLACKAMAS COUNTY BANK
901134,29746.0,29746000.0,COMMUNITY BANK OF PARKERSBURG
989141,29746.0,29746000.0,IOWA FALLS STATE BANK
530851,29742.0,29742000.0,PEOPLES STATE BANK OF HALLETTSVILLE
808653,29733.0,29733000.0,TRUCOMMUNITY BANK
406974,29731.0,29731000.0,BRIGHTON BANK
330949,29718.0,29718000.0,"MORGANTOWN BANK & TRUST COMPANY, INCORPORATED"
3368635,29678.0,29678000.0,PARADISE BANK
739832,29673.0,29673000.0,"FISHER NATIONAL BANK, THE"
760331,29671.0,29671000.0,BRANNEN BANK
271275,29569.0,29569000.0,DEAN CO-OPERATIVE BANK
3306598,29568.0,29568000.0,"UNITED CITIZENS BANK OF SOUTHERN KENTUCKY, INC."
236603,29548.0,29548000.0,"DELAWARE NATIONAL BANK OF DELHI, THE"
3385744,29541.0,29541000.0,NOBLEBANK & TRUST
3341393,29532.0,29532000.0,FLINT COMMUNITY BANK
2963864,29529.0,29529000.0,TRADITIONS FIRST BANK
64150,29524.0,29524000.0,WYOMING BANK & TRUST
3816154,29515.0,29515000.0,"NEW HORIZON BANK, NATIONAL ASSOCIATION"
370721,29490.0,29490000.0,"FARMERS STATE BANK, THE"
368951,29487.0,29487000.0,"KAW VALLEY STATE BANK AND TRUST COMPANY, OF WAMEGO, KANSAS, THE"
615879,29478.0,29478000.0,"CENTRAL SAVINGS, F.S.B."
152440,29474.0,29474000.0,CENTRAL STATE BANK
639633,29425.0,29425000.0,"CITIZENS BANK OF WESTON, INC., THE"
325534,29420.0,29420000.0,BYRON BANK
1160509,29407.0,29407000.0,PREMIER BANK OF THE SOUTH
710859,29400.0,29400000.0,"CITIZENS BANK OF CLOVIS, THE"
148470,29357.0,29357000.0,1ST BANK OF SEA ISLE CITY
158741,29336.0,29336000.0,CROSSROADS BANK
741974,29315.0,29315000.0,FIRST FEDERAL SAVINGS BANK OF KENTUCKY
645577,29309.0,29309000.0,"GREENEVILLE FEDERAL BANK, F.S.B."
2597223,29280.0,29280000.0,"LEGACY TRUST COMPANY, NATIONAL ASSOCIATION"
918954,29272.0,29272000.0,ESB FINANCIAL
709554,29260.0,29260000.0,"WESTERN BANK, ARTESIA, NEW MEXICO"
1000959,29257.0,29257000.0,EAGLE BANK
349343,29249.0,29249000.0,TOWN AND COUNTRY BANK MIDWEST
800853,29206.0,29206000.0,CENTINEL BANK OF TAOS
311256,29178.0,29178000.0,GRANITE BANK
534466,29176.0,29176000.0,METROPOLITAN BANK
68671,29154.0,29154000.0,"GRAND BANK FOR SAVINGS, F.S.B."
640442,29140.0,29140000.0,FIRST TRUST AND SAVINGS BANK
849076,29139.0,29139000.0,HENDERSON FEDERAL SAVINGS BANK
631039,29121.0,29121000.0,FIRST SOUTHERN BANK
3010363,29118.0,29118000.0,BANKCDA
2747466,29090.0,29090000.0,EXCHANGE BANK OF NORTHEAST MISSOURI
825753,29081.0,29081000.0,CITIZENS INDEPENDENT BANK
27614,29050.0,29050000.0,"ANDOVER BANK, THE"
535940,29007.0,29007000.0,STATE BANK OF TOULON
2774707,29005.0,29005000.0,ITS BANK
731050,29000.0,29000000.0,YORK STATE BANK
563233,28997.0,28997000.0,FIRST NATIONAL BANK OF GRIFFIN
5728916,28986.0,28986000.0,"AGILITY BANK, N.A."
3429219,28911.0,28911000.0,HERITAGE BANK & TRUST
813572,28909.0,28909000.0,CECIL BANK
68831,28894.0,28894000.0,BANK OF FRANKLIN
815053,28891.0,28891000.0,GOPPERT FINANCIAL BANK
129349,28872.0,28872000.0,FIRST NATIONAL BANK OF STEELEVILLE
851172,28871.0,28871000.0,CBL STATE SAVINGS BANK
1397471,28826.0,28826000.0,BANK OF LITTLE ROCK
23456,28792.0,28792000.0,"FIRST NATIONAL BANK OF HENNING, THE"
293651,28751.0,28751000.0,CAMPBELL COUNTY BANK
60648,28751.0,28751000.0,FIRST NATIONAL BANK
757452,28749.0,28749000.0,FARMERS STATE BANK
170332,28676.0,28676000.0,FIRST EXCHANGE BANK
2161,28656.0,28656000.0,LAMAR NATIONAL BANK
3049635,28607.0,28607000.0,DOUGLAS NATIONAL BANK
5448915,28607.0,28607000.0,"MILLYARD BANK, THE"
307334,28581.0,28581000.0,SOUTHERN BANK
5303724,28578.0,28578000.0,GULFSIDE BANK
692450,28558.0,28558000.0,ST. CLAIR COUNTY STATE BANK
3262788,28515.0,28515000.0,CEDARSTONE BANK
2356091,28506.0,28506000.0,"FIRST UNITED BANK AND TRUST COMPANY, INC."
481944,28496.0,28496000.0,"FARMERS STATE BANK AND TRUST COMPANY, THE"
98717,28468.0,28468000.0,"EASTBANK, NATIONAL ASSOCIATION"
94755,28464.0,28464000.0,SUNDANCE STATE BANK
850456,28458.0,28458000.0,GOPPERT STATE SERVICE BANK
480853,28452.0,28452000.0,FOUNDATION BANK
435059,28413.0,28413000.0,ENNIS STATE BANK
3316739,28362.0,28362000.0,SOUTHERNTRUST BANK
476539,28347.0,28347000.0,BANK OF COMMERCE & TRUST COMPANY
2836306,28344.0,28344000.0,BUCKEYE COMMUNITY BANK
454975,28342.0,28342000.0,MASSENA SAVINGS AND LOAN
324153,28339.0,28339000.0,FIRST NATIONAL BANK OF GIDDINGS
2328285,28311.0,28311000.0,"PRIVATE TRUST COMPANY, NATIONAL ASSOCIATION, THE"
961343,28301.0,28301000.0,"SHELBY STATE BANK, THE"
580874,28295.0,28295000.0,BRATTLEBORO SAVINGS & LOAN ASSOCIATION
522753,28285.0,28285000.0,MCBANK
434539,28282.0,28282000.0,FARMERS & MERCHANTS BANK
367178,28254.0,28254000.0,MIAMI SAVINGS BANK
361279,28229.0,28229000.0,"COMMUNITY BANK, LEXINGTON, TENNESSEE"
479071,28206.0,28206000.0,STATE BANK NORTHWEST
474450,28204.0,28204000.0,RIVERS EDGE BANK
479446,28194.0,28194000.0,CITIZENS STATE BANK OF LOYAL
244037,28191.0,28191000.0,FRIEND BANK
199137,28183.0,28183000.0,"WARRINGTON BANK, THE"
332671,28174.0,28174000.0,"MORGANTON SAVINGS BANK, S.S.B."
615851,28150.0,28150000.0,"FARMERS STATE BANK, THE"
805876,28148.0,28148000.0,PENNCREST BANK
5538937,28135.0,28135000.0,CLASSIC CITY BANK
28675,28127.0,28127000.0,"CUMBERLAND FEDERAL BANK, FSB"
954671,28011.0,28011000.0,FIRST SOUTHERN BANK
799751,28001.0,28001000.0,MINNESOTA NATIONAL BANK
666844,28000.0,28000000.0,VERMILION VALLEY BANK
6009630,27997.0,27997000.0,"FUNDBANK, NATIONAL ASSOCIATION"
2687133,27995.0,27995000.0,PREMIER BANK
644842,27994.0,27994000.0,MERCHANTS AND FARMERS BANK
980951,27934.0,27934000.0,WOODLANDS NATIONAL BANK
574079,27903.0,27903000.0,FRANKLIN BANK
605610,27878.0,27878000.0,SAWYER SAVINGS BANK
794345,27868.0,27868000.0,BLUE GRASS SAVINGS BANK
336576,27839.0,27839000.0,"EQUITABLE BANK, S.S.B., THE"
3487947,27813.0,27813000.0,UNIBANK
352745,27794.0,27794000.0,STATE STREET BANK AND TRUST COMPANY
837046,27782.0,27782000.0,CORYDON STATE BANK
313009,27738.0,27738000.0,"UPSTATE NATIONAL BANK, THE"
740249,27731.0,27731000.0,FIRST WHITNEY BANK AND TRUST
1404883,27725.0,27725000.0,BURLING BANK
634955,27694.0,27694000.0,"PATRONS BANK, NATIONAL ASSOCIATION"
31657,27661.0,27661000.0,"FIRST STATE BANK OF BEN WHEELER, TEXAS"
554343,27654.0,27654000.0,FOWLER STATE BANK
385547,27652.0,27652000.0,"CITIZENS-FARMERS BANK OF COLE CAMP, THE"
583071,27646.0,27646000.0,FIRST FEDERAL SAVINGS AND LOAN ASSOCIATION OF BATH
885252,27584.0,27584000.0,CITIZENS BANK
611031,27558.0,27558000.0,"PEOPLES BANK, THE"
430054,27554.0,27554000.0,MAIN BANK
406022,27510.0,27510000.0,WOODSBORO BANK
672573,27470.0,27470000.0,PROFILE BANK
49054,27468.0,27468000.0,COMMERCE BANK
750846,27460.0,27460000.0,SECURITY STATE BANK
879747,27426.0,27426000.0,"FARMERS STATE BANK OF WAUPACA, THE"
3220863,27421.0,27421000.0,CONTINENTAL BANK
2329200,27415.0,27415000.0,BAY BANK
493152,27411.0,27411000.0,FLATWATER BANK
181963,27381.0,27381000.0,"CITY NATIONAL BANK OF TAYLOR, THE"
541754,27372.0,27372000.0,WRAY STATE BANK
1007752,27368.0,27368000.0,ARCADIAN BANK
654300,27362.0,27362000.0,WASHINGTON SAVINGS BANK
172859,27361.0,27361000.0,FIRST STATE BANK
853251,27358.0,27358000.0,UNITY NATIONAL BANK OF HOUSTON
441078,27327.0,27327000.0,COMMUNITY PARTNERS SAVINGS BANK
3309393,27324.0,27324000.0,"1ST TRUST BANK, INC."
233358,27317.0,27317000.0,CITIZENS NATIONAL BANK AT BROWNWOOD
144155,27301.0,27301000.0,STERLING STATE BANK
297761,27290.0,27290000.0,MONTEREY COUNTY BANK
712648,27289.0,27289000.0,"PEOPLES BANK, THE"
436739,27286.0,27286000.0,"BANKCHAMPAIGN, NATIONAL ASSOCIATION"
785857,27264.0,27264000.0,JAMES POLK STONE COMMUNITY BANK
702359,27234.0,27234000.0,TEXAS HERITAGE BANK
185448,27230.0,27230000.0,SOLON STATE BANK
3358270,27209.0,27209000.0,HURON VALLEY STATE BANK
324854,27206.0,27206000.0,BANK OF CROCKETT
988144,27189.0,27189000.0,"CLARE BANK, NATIONAL ASSOCIATION"
67142,27161.0,27161000.0,PEOPLES TRUST AND SAVINGS BANK
357553,27155.0,27155000.0,FIRST PIONEER NATIONAL BANK
2391588,27118.0,27118000.0,EAGLE ROCK BANK
74056,27115.0,27115000.0,SOUTH CENTRAL STATE BANK
919344,27114.0,27114000.0,BANKOKOLONA
595337,27049.0,27049000.0,VALLEY STATE BANK
255556,26945.0,26945000.0,CITIZENS BANK & TRUST COMPANY OF ARDMORE
275479,26941.0,26941000.0,COMMONWEALTH COOPERATIVE BANK
925354,26936.0,26936000.0,CALDWELL BANK & TRUST COMPANY
980438,26927.0,26927000.0,FIRST STATE BANK OF FORREST
469559,26921.0,26921000.0,JONES BANK
352370,26884.0,26884000.0,SOUTHERN HILLS COMMUNITY BANK
815772,26875.0,26875000.0,"CINCINNATUS SAVINGS AND LOAN COMPANY, THE"
795548,26789.0,26789000.0,CITIZENS STATE BANK
780263,26733.0,26733000.0,OZONA BANK
3387140,26688.0,26688000.0,UNITED REPUBLIC BANK
22048,26670.0,26670000.0,UNION BANK & TRUST COMPANY
277277,26660.0,26660000.0,SSB BANK
849432,26659.0,26659000.0,"BANK OF MONROE, THE"
956527,26658.0,26658000.0,INDEPENDENCE BANK
296755,26650.0,26650000.0,CITIZENS STATE BANK
477844,26638.0,26638000.0,COUNTY BANK
424156,26636.0,26636000.0,STOCKGROWERS STATE BANK
485214,26631.0,26631000.0,FARMERS BANK
435255,26602.0,26602000.0,SECURITY BANK MIDWEST
659556,26548.0,26548000.0,UNITED STATE BANK
519146,26547.0,26547000.0,FIRST STATE BANK OF DEQUEEN
213538,26516.0,26516000.0,BANK OF ABBEVILLE & TRUST COMPANY
3438958,26510.0,26510000.0,RIVERBANK
8462,26503.0,26503000.0,"PERRYTON NATIONAL BANK, THE"
882952,26498.0,26498000.0,OZARK BANK
852254,26439.0,26439000.0,"UNION BANK, THE"
614948,26436.0,26436000.0,1NB BANK
466044,26411.0,26411000.0,RELIANCE STATE BANK
638355,26393.0,26393000.0,"BANK OF DESOTO, NATIONAL ASSOCIATION"
855844,26356.0,26356000.0,ANNA-JONESBORO NATIONAL BANK
89957,26345.0,26345000.0,"CENDERA BANK, N.A."
243414,26337.0,26337000.0,"FIRST NATIONAL BANK OF BELLEVUE, THE"
948531,26331.0,26331000.0,BANK OF NEWINGTON
749943,26330.0,26330000.0,RARITAN STATE BANK
656658,26315.0,26315000.0,TEXAS FINANCIAL BANK DBA THE EDEN STATE BANK
955940,26296.0,26296000.0,O'BANNON BANKING COMPANY
43052,26278.0,26278000.0,SECURITY STATE BANK
126375,26275.0,26275000.0,VIDALIA FEDERAL SAVINGS BANK
5528880,26262.0,26262000.0,FIRST BANK OF CENTRAL OHIO
273840,26248.0,26248000.0,COMMUNITY FIRST BANK OF THE HEARTLAND
551016,26227.0,26227000.0,FLEETWOOD BANK
782016,26223.0,26223000.0,BANK OF MAYSVILLE
269058,26159.0,26159000.0,LAKE CENTRAL BANK
924357,26136.0,26136000.0,"FIRST NATIONAL BANK OF MILACA, THE"
869346,26129.0,26129000.0,IOWA STATE SAVINGS BANK
979151,26127.0,26127000.0,AUBURN STATE BANK
809650,26119.0,26119000.0,"TEXANA BANK, NATIONAL ASSOCIATION"
206473,26095.0,26095000.0,EQUITABLE SAVINGS AND LOAN ASSOCIATION
455945,26058.0,26058000.0,BANK OF DELIGHT
2010722,26052.0,26052000.0,VILLAGE BANK
678454,26046.0,26046000.0,MARION STATE BANK
942454,26029.0,26029000.0,"PEOPLES NATIONAL BANK OF CHECOTAH, THE"
2873598,26007.0,26007000.0,CYPRESS BANK & TRUST
283652,25999.0,25999000.0,"TRIAD BANK, NATIONAL ASSOCIATION"
837158,25983.0,25983000.0,"FIRST NATIONAL BANK AND TRUST COMPANY OF MIAMI, THE"
946274,25972.0,25972000.0,BEDFORD FEDERAL SAVINGS BANK
265340,25947.0,25947000.0,"FARMERS BANK OF MILTON, THE"
3374234,25933.0,25933000.0,RIVERLAND BANK
774347,25885.0,25885000.0,FARMERS SAVINGS BANK
5316920,25878.0,25878000.0,NEW VALLEY BANK & TRUST
2877831,25843.0,25843000.0,BANK OF BROOKHAVEN
5760662,25838.0,25838000.0,BANK OF BURLINGTON
58551,25829.0,25829000.0,SECURITY STATE BANK
828110,25776.0,25776000.0,"PENNSVILLE NATIONAL BANK, THE"
970055,25770.0,25770000.0,FIRST BANK ELK RIVER
188449,25706.0,25706000.0,PCSB BANK
278733,25690.0,25690000.0,"CITIZENS BANK OF COCHRAN, THE"
20053,25688.0,25688000.0,SECURITY BANK
946555,25659.0,25659000.0,LLANO NATIONAL BANK
738255,25651.0,25651000.0,TOWN & COUNTRY BANK
3128923,25641.0,25641000.0,BANK OF LINCOLN COUNTY
786948,25626.0,25626000.0,FIRST BANK HAMPTON
816304,25619.0,25619000.0,MARBLEHEAD BANK
160454,25608.0,25608000.0,"FIRST NATIONAL BANK OF BALLINGER, THE"
5401273,25565.0,25565000.0,TANDEM BANK
904359,25558.0,25558000.0,CENTURY BANK OF THE OZARKS
564463,25539.0,25539000.0,CROSSROADS BANK
638131,25530.0,25530000.0,BANK OF DICKSON
219044,25529.0,25529000.0,COLLINS STATE BANK
277736,25523.0,25523000.0,PEOPLES BANK OF THE SOUTH
3596250,25511.0,25511000.0,RELIANCE BANK
79145,25427.0,25427000.0,FARMERS & MERCHANTS STATE BANK
198251,25391.0,25391000.0,SHERBURNE STATE BANK
194440,25360.0,25360000.0,COMMERCIAL SAVINGS BANK
589158,25359.0,25359000.0,GREAT PLAINS BANK
524766,25346.0,25346000.0,FIRST STATE BANK
366247,25277.0,25277000.0,TEMPLETON SAVINGS BANK
656032,25261.0,25261000.0,"FIRST NATIONAL BANK IN AMBOY, THE"
371232,25260.0,25260000.0,FIRST COMMUNITY BANK AND TRUST
916857,25241.0,25241000.0,FIRSTOAK BANK
190956,25238.0,25238000.0,"WANDA STATE BANK, THE"
3357077,25230.0,25230000.0,VISIONBANK
2615220,25230.0,25230000.0,COMMUNITY FIRST BANKING COMPANY
765662,25227.0,25227000.0,MUENSTER STATE BANK
346379,25184.0,25184000.0,FIRST FEDERAL COMMUNITY BANK OF BUCYRUS
287342,25183.0,25183000.0,"READLYN SAVINGS BANK, THE"
993250,25167.0,25167000.0,FIRST COMMUNITY BANK
954251,25138.0,25138000.0,CITIZENS BANK OF ELDON
137643,25096.0,25096000.0,WEST IOWA BANK
12647,25094.0,25094000.0,"PORTAGE COUNTY BANK, THE"
159953,25088.0,25088000.0,OKLAHOMA BANK AND TRUST COMPANY
300942,25086.0,25086000.0,PIONEER BANK
3286999,25086.0,25086000.0,BANK OF GRAND LAKE
616540,25074.0,25074000.0,SECURITY SAVINGS BANK
588245,25072.0,25072000.0,"BANK OF DEERFIELD, THE"
936837,25046.0,25046000.0,GOODFIELD STATE BANK
93244,25036.0,25036000.0,WOODFORD STATE BANK
362155,25030.0,25030000.0,"FIRST NATIONAL BANK OF ANDERSON, THE"
319047,25028.0,25028000.0,"RIDDELL NATIONAL BANK, THE"
199436,25023.0,25023000.0,ALTAMAHA BANK AND TRUST COMPANY
820842,25020.0,25020000.0,BLOOMSDALE BANK
917500,24974.0,24974000.0,"FIRST NATIONAL BANK OF GROTON, THE"
901974,24951.0,24951000.0,LYONS FEDERAL BANK
989534,24927.0,24927000.0,WHEELER COUNTY STATE BANK
241559,24885.0,24885000.0,COLUMBUS BANK AND TRUST COMPANY
812614,24868.0,24868000.0,"COMMERCIAL BANK OF GRAYSON, THE"
604640,24824.0,24824000.0,WATERMAN BANK
861658,24798.0,24798000.0,FIRST SECURITY BANK - SLEEPY EYE
497655,24793.0,24793000.0,FIRST STATE BANK
452841,24760.0,24760000.0,SPRING VALLEY CITY BANK
533535,24755.0,24755000.0,FIRST BANK OF BOAZ
931270,24734.0,24734000.0,NORTH CAMBRIDGE CO-OPERATIVE BANK
697147,24718.0,24718000.0,"HOMETOWN SAVINGS BANK, THE"
2735137,24716.0,24716000.0,FREEDOM FINANCIAL BANK
644776,24711.0,24711000.0,UNITED ROOSEVELT SAVINGS BANK
465672,24710.0,24710000.0,CROSSBRIDGE COMMUNITY BANK
2317672,24709.0,24709000.0,FIRST AMERICAN STATE BANK
296559,24652.0,24652000.0,COMMERCIAL BANK
729178,24639.0,24639000.0,"CYPRESS BANK, SSB"
64730,24628.0,24628000.0,FARMERS & MERCHANTS BANK
686758,24627.0,24627000.0,"FIRST STATE BANK OF SHELBY, THE"
715630,24622.0,24622000.0,CITIZENS BANK AND TRUST COMPANY OF GRAINGER COUNTY
742056,24622.0,24622000.0,CASTROVILLE STATE BANK
3688548,24612.0,24612000.0,FIRST COLONY BANK OF FLORIDA
145741,24608.0,24608000.0,FARMERS & MERCHANTS STATE BANK
826648,24584.0,24584000.0,MEDIAPOLIS SAVINGS BANK
205542,24577.0,24577000.0,CHEROKEE STATE BANK
193537,24558.0,24558000.0,BANK OF DAWSON
60545,24547.0,24547000.0,"HOME TRUST & SAVINGS BANK, THE"
209362,24506.0,24506000.0,"BANK OF WHITTIER, NATIONAL ASSOCIATION"
19972,24473.0,24473000.0,FARMERS BUILDING AND SAVINGS BANK
646873,24463.0,24463000.0,NEW CARLISLE FEDERAL SAVINGS BANK
85931,24453.0,24453000.0,PATTERSON STATE BANK
609832,24450.0,24450000.0,TOMPKINS STATE BANK
475756,24450.0,24450000.0,BANK OF THE ROCKIES
987651,24448.0,24448000.0,GARDEN PLAIN STATE BANK
1008209,24416.0,24416000.0,"NATIONAL IRON BANK, THE"
1387203,24415.0,24415000.0,LIBERTY BANK MINNESOTA
346771,24411.0,24411000.0,FIRST FEDERAL SAVINGS BANK OF CHAMPAIGN-URBANA
5427684,24404.0,24404000.0,LOYAL TRUST BANK
129853,24403.0,24403000.0,COMMERCIAL STATE BANK OF WAGNER
884648,24385.0,24385000.0,UNITED COMMUNITY BANK
547251,24383.0,24383000.0,AMERICAN INTERSTATE BANK
757779,24355.0,24355000.0,MCS BANK
2305969,24348.0,24348000.0,TNBANK
386432,24321.0,24321000.0,LIBERTY BANK
31835,24304.0,24304000.0,BANK OF ANGUILLA
557438,24287.0,24287000.0,"GIFFORD STATE BANK, THE"
284154,24267.0,24267000.0,OKLAHOMA CAPITAL BANK
3617856,24212.0,24212000.0,COMMUNITY STATE BANK
5807400,24196.0,24196000.0,NOVA BANK
847157,24175.0,24175000.0,UNITED COMMUNITY BANK
89032,24158.0,24158000.0,PLAQUEMINE BANK AND TRUST COMPANY
412555,24153.0,24153000.0,SJN BANK OF KANSAS
956554,24125.0,24125000.0,"BANK OF GRAIN VALLEY, THE"
38740,24100.0,24100000.0,OWEN COUNTY STATE BANK
676049,24076.0,24076000.0,SMACKOVER STATE BANK
825454,24066.0,24066000.0,FIRST MISSOURI STATE BANK
260831,24054.0,24054000.0,GEORGIA FIRST BANK
837448,24052.0,24052000.0,WARREN-BOYNTON STATE BANK
926959,24041.0,24041000.0,BANK OF COUSHATTA
741068,24035.0,24035000.0,FIDELITY BANK OF TEXAS
363648,24028.0,24028000.0,SECURITY TRUST & SAVINGS BANK
599643,24025.0,24025000.0,ERGO BANK
658924,24016.0,24016000.0,FARMERS AND MINERS BANK
700458,23990.0,23990000.0,MERCHANTS BANK
116741,23974.0,23974000.0,UNITED BANK AND TRUST COMPANY
83834,23965.0,23965000.0,AMERICAN BANK & TRUST COMPANY
903240,23964.0,23964000.0,BANK OF EDMONSON COUNTY
101738,23913.0,23913000.0,GREAT SOUTHERN BANK
164331,23905.0,23905000.0,LOGAN BANK & TRUST COMPANY
3022610,23891.0,23891000.0,FLATIRONS BANK
352651,23890.0,23890000.0,BOC BANK
2753917,23884.0,23884000.0,IDAHO TRUST BANK
677970,23852.0,23852000.0,UNION SAVINGS AND LOAN ASSOCIATION
396954,23833.0,23833000.0,"PECOS COUNTY STATE BANK, THE"
71859,23759.0,23759000.0,CBW BANK
820879,23753.0,23753000.0,"FIRST FEDERAL SAVINGS AND LOAN ASSOCIATION OF VAN WERT, OH"
270531,23735.0,23735000.0,BRICKYARD BANK
190648,23713.0,23713000.0,IOWA SAVINGS BANK
2333140,23693.0,23693000.0,NEIGHBORHOOD NATIONAL BANK
708379,23690.0,23690000.0,SECURITY SAVINGS BANK
220844,23673.0,23673000.0,DENVER SAVINGS BANK
315656,23657.0,23657000.0,FIRST ENTERPRISE BANK
974558,23656.0,23656000.0,FIRST NATIONAL BANK AND TRUST COMPANY OF BOTTINEAU
1879016,23652.0,23652000.0,TODAY'S BANK
449038,23648.0,23648000.0,"CITICORP TRUST DELAWARE, NATIONAL ASSOCIATION"
4125778,23647.0,23647000.0,"STIFEL TRUST COMPANY DELAWARE, NATIONAL ASSOCIATION"
3635551,23624.0,23624000.0,GUADALUPE BANK
37949,23623.0,23623000.0,BANK OF RANTOUL
347639,23618.0,23618000.0,DEVON BANK
312356,23612.0,23612000.0,"CORNERSTONE BANK, THE"
117038,23572.0,23572000.0,HNB FIRST BANK
926632,23524.0,23524000.0,FOREST PARK NATIONAL BANK AND TRUST COMPANY
942847,23509.0,23509000.0,BODCAW BANK
3667132,23497.0,23497000.0,GATEWAY COMMERCIAL BANK
1011432,23495.0,23495000.0,"MOUNTAIN VALLEY BANK, N.A."
969639,23480.0,23480000.0,"FNB BANK, INC."
1493319,23472.0,23472000.0,"GATEWAY BANK, F.S.B."
513546,23467.0,23467000.0,"FARMERS AND MERCHANTS NATIONAL BANK OF NASHVILLE, THE"
387055,23411.0,23411000.0,"STATE BANK, THE"
714437,23399.0,23399000.0,MOUNTAIN VALLEY BANK
3213333,23391.0,23391000.0,COMMUNITY BANK OF GEORGIA
5479478,23379.0,23379000.0,RIVERSIDE BANK OF DUBLIN
990053,23345.0,23345000.0,SECURITY STATE BANK OF MARINE
475345,23337.0,23337000.0,HURON COMMUNITY BANK
800134,23312.0,23312000.0,"HARVARD STATE BANK, THE"
656779,23311.0,23311000.0,UNION FEDERAL SAVINGS AND LOAN ASSOCIATION
3816163,23296.0,23296000.0,CORNERSTONE BANK
3285778,23254.0,23254000.0,NANTAHALA BANK & TRUST COMPANY
5230790,23239.0,23239000.0,AMERICAN BANK OF THE CAROLINAS
762045,23238.0,23238000.0,STATE SAVINGS BANK
857455,23217.0,23217000.0,TEJAS BANK
235446,23193.0,23193000.0,SHELBY COUNTY STATE BANK
764816,23146.0,23146000.0,CITIZENS GUARANTY BANK
786555,23121.0,23121000.0,PEOPLES STATE BANK OF PLAINVIEW
917854,23102.0,23102000.0,FIRST FARMERS & MERCHANTS NATIONAL BANK
152057,23101.0,23101000.0,BANK OF COMMERCE
276074,23074.0,23074000.0,SENECA SAVINGS
651541,23061.0,23061000.0,IOWA STATE BANK AND TRUST COMPANY
294827,23048.0,23048000.0,"PIONEER COMMUNITY BANK, INC."
810544,23047.0,23047000.0,CRAWFORD COUNTY TRUST AND SAVINGS BANK
881852,23046.0,23046000.0,HIGH PLAINS BANK
59754,23044.0,23044000.0,METHOD BANK
1006652,23032.0,23032000.0,FRANKLIN STATE BANK & TRUST COMPANY
805250,23015.0,23015000.0,FNB BANK
488756,22993.0,22993000.0,FIRST STATE BANK
399973,22991.0,22991000.0,"FIRST FEDERAL SAVINGS AND LOAN ASSOCIATION OF CENTRAL ILLINOIS, S.B."
756848,22988.0,22988000.0,COMMUNITY FIRST BANK
373553,22966.0,22966000.0,FIRST BANK AND TRUST OF MEMPHIS
1014853,22940.0,22940000.0,CITIZENS BANK OF KANSAS
298049,22912.0,22912000.0,IOWA STATE BANK
706254,22912.0,22912000.0,"COMMUNITY STATE BANK, THE"
305237,22909.0,22909000.0,"GEO. D. WARTHEN BANK, THE"
875758,22904.0,22904000.0,FIRST TEXAS BANK
969844,22894.0,22894000.0,GUTHRIE COUNTY STATE BANK
992851,22892.0,22892000.0,STOCK GROWERS BANK
216164,22841.0,22841000.0,FIRST STATE BANK
667524,22839.0,22839000.0,"BANK OF CHARLOTTE COUNTY, THE"
372855,22836.0,22836000.0,STRYV BANK
3370357,22830.0,22830000.0,VALLEY BANK OF NEVADA
2232757,22819.0,22819000.0,CHARLEVOIX STATE BANK
377850,22818.0,22818000.0,FIRST SECURITY BANK AND TRUST COMPANY
5435988,22813.0,22813000.0,FWBANK
947525,22803.0,22803000.0,MARION CENTER BANK
624648,22796.0,22796000.0,FARMERS SAVINGS BANK
956956,22787.0,22787000.0,FARMERS STATE BANK OF CALHAN
1008076,22780.0,22780000.0,HADDON SAVINGS BANK
129358,22753.0,22753000.0,VALOR BANK
499743,22751.0,22751000.0,HERITAGE COMMUNITY BANK
114457,22747.0,22747000.0,"FIRST NATIONAL BANK & TRUST, ELK CITY, OKLAHOMA"
849348,22720.0,22720000.0,COMMUNITY STATE BANK
844138,22714.0,22714000.0,SIMMESPORT STATE BANK
729842,22684.0,22684000.0,BANK OF WOLCOTT
371942,22662.0,22662000.0,LIBERTY BANK
918132,22645.0,22645000.0,"WILLIAMSTOWN BANK, INC."
1017957,22639.0,22639000.0,CENTER NATIONAL BANK
256179,22622.0,22622000.0,UTAH INDEPENDENT BANK
238139,22604.0,22604000.0,FIRST BANK OF MANHATTAN
998648,22599.0,22599000.0,ELKTON BANK & TRUST COMPANY
423636,22595.0,22595000.0,UBANK
3448162,22502.0,22502000.0,LONE STAR BANK
829032,22422.0,22422000.0,"BCBANK, INC."
51459,22409.0,22409000.0,CENTERA BANK
3482045,22397.0,22397000.0,EMBASSY NATIONAL BANK
178244,22379.0,22379000.0,BELLEVUE STATE BANK
617145,22369.0,22369000.0,"CITIZENS BANK, THE"
719964,22327.0,22327000.0,FIRST STATE BANK
773032,22303.0,22303000.0,FARMERS STATE BANK
831941,22278.0,22278000.0,TAYLOR COUNTY BANK
792640,22261.0,22261000.0,STATE SAVINGS BANK
479754,22212.0,22212000.0,COMMERCIAL STATE BANK
293437,22207.0,22207000.0,"CITIZENS BANK OF WINFIELD, THE"
199351,22206.0,22206000.0,WESTERN NATIONAL BANK
950758,22172.0,22172000.0,SECURITY BANK USA
148715,22164.0,22164000.0,"PBK BANK, INC"
823656,22153.0,22153000.0,FIRST STATE BANK SOUTHWEST
615253,22126.0,22126000.0,"FIRST STATE BANK OF MALTA, THE"
141958,22118.0,22118000.0,BANK OF GLEASON
223845,22091.0,22091000.0,DANVILLE STATE SAVINGS BANK
914545,22075.0,22075000.0,TRI-COUNTY BANK & TRUST COMPANY
366854,22066.0,22066000.0,KENDALL BANK
768458,22021.0,22021000.0,COMMUNITY 1ST BANK LAS VEGAS
53051,21992.0,21992000.0,"BUCKHOLTS STATE BANK, THE"
5861541,21970.0,21970000.0,ALTOS BANK
695947,21961.0,21961000.0,EAGLE VALLEY BANK
443634,21954.0,21954000.0,SCOTT STATE BANK
180845,21934.0,21934000.0,ILLINI STATE BANK
487142,21819.0,21819000.0,BANK OF KAMPSVILLE
179335,21734.0,21734000.0,BANK OF WIGGINS
4231,21725.0,21725000.0,FARMERS AND MERCHANTS BANK
401755,21723.0,21723000.0,"BANK OF THE WEST, THE"
413543,21718.0,21718000.0,CITIZENS STATE BANK
516154,21715.0,21715000.0,FARMERS AND MERCHANTS BANK
5903517,21685.0,21685000.0,FOUR STATES BANK
337340,21684.0,21684000.0,HERITAGE BANK OF SCHAUMBURG
956376,21670.0,21670000.0,BANK OF EASTON
596455,21653.0,21653000.0,MADISON VALLEY BANK
927134,21634.0,21634000.0,SOLUTIONS BANK
241009,21632.0,21632000.0,"FIRST NATIONAL BANK OF DRYDEN, THE"
284239,21586.0,21586000.0,BANK OF PERRY COUNTY
2747279,21579.0,21579000.0,SETTLERS BANK
9553,21561.0,21561000.0,ADAMS COUNTY BANK
746942,21545.0,21545000.0,UNION STATE BANK
640956,21530.0,21530000.0,FIRST BANK & TRUST COMPANY
28732,21521.0,21521000.0,PEOPLES BANK & TRUST COMPANY
728957,21513.0,21513000.0,FARMERS AND MERCHANTS STATE BANK OF PIERZ
5805442,21512.0,21512000.0,ZENITH BANK & TRUST
35057,21502.0,21502000.0,ALLIANT BANK
209559,21492.0,21492000.0,FNB WASHINGTON
765318,21464.0,21464000.0,CITIZENS BANK & TRUST CO. OF JACKSON
621151,21457.0,21457000.0,"FARMERS STATE BANK OF BRUSH, THE"
642437,21445.0,21445000.0,BANK OF FOREST
766052,21433.0,21433000.0,COMMUNITY BANK OF EL DORADO SPRINGS
854173,21418.0,21418000.0,INVESTMENT SAVINGS BANK
407168,21402.0,21402000.0,FIRST STATE BANK
1005552,21394.0,21394000.0,"VALLEY STATE BANK, THE"
480723,21367.0,21367000.0,1ST NATIONAL BANK
2037185,21335.0,21335000.0,FIRST COMMUNITY BANK OF EAST TENNESSEE
661072,21325.0,21325000.0,MERCER SAVINGS BANK
66154,21288.0,21288000.0,DECATUR COUNTY BANK
206772,21286.0,21286000.0,EASTERN INTERNATIONAL BANK
21658,21274.0,21274000.0,ALLIANCE BANK
5543735,21258.0,21258000.0,INTEGRITY BANK FOR BUSINESS
761954,21246.0,21246000.0,COLEMAN COUNTY STATE BANK
2705112,21246.0,21246000.0,CHARTER BANK
5860740,21230.0,21230000.0,COMMUNITY UNITY BANK
23643,21218.0,21218000.0,COMMERCIAL BANK & TRUST COMPANY
157744,21186.0,21186000.0,HOOSIER HEARTLAND STATE BANK
3614846,21172.0,21172000.0,NEBRASKA BANK OF COMMERCE
262956,21160.0,21160000.0,PEOPLES STATE BANK OF MUNISING
2107181,21154.0,21154000.0,FDS BANK
62044,21149.0,21149000.0,SONATA BANK
364270,21109.0,21109000.0,"BANKPACIFIC, LTD."
976534,21085.0,21085000.0,BANK OF FARMINGTON
89854,21028.0,21028000.0,MINNSTAR BANK NATIONAL ASSOCIATION
581358,21027.0,21027000.0,STATE NEBRASKA BANK &TRUST
23755,21025.0,21025000.0,FIRST NATIONAL COMMUNITY BANK
388155,21022.0,21022000.0,FIRST TEXOMA NATIONAL BANK
147857,21014.0,21014000.0,FIRST BANK BLUE EARTH
198961,21012.0,21012000.0,FIRST NATIONAL BANK OF BOSQUE COUNTY
5332603,20994.0,20994000.0,MI BANK
799948,20994.0,20994000.0,FIRST NATIONAL BANK OF COMMERCE
846945,20991.0,20991000.0,BADGER BANK
431323,20978.0,20978000.0,PEOPLES STATE BANK
756343,20974.0,20974000.0,MALVERN BANK
1225798,20965.0,20965000.0,PORT RICHMOND SAVINGS
2531562,20960.0,20960000.0,1ST EQUITY BANK
3623969,20955.0,20955000.0,"FIRST NEW MEXICO BANK, LAS CRUCES"
877350,20954.0,20954000.0,HORIZON FINANCIAL BANK
212344,20939.0,20939000.0,CITIZENS STATE BANK
767255,20933.0,20933000.0,LAMAR BANK AND TRUST COMPANY
18836,20904.0,20904000.0,CAPON VALLEY BANK
527178,20878.0,20878000.0,ANTHEM BANK & TRUST
657178,20873.0,20873000.0,SCHUYLER SAVINGS BANK
213912,20868.0,20868000.0,"APPLE CREEK BANKING COMPANY, THE"
702836,20837.0,20837000.0,FIRST FARMERS AND COMMERCIAL BANK
925055,20802.0,20802000.0,CITIZENS BANK & TRUST COMPANY
87047,20802.0,20802000.0,FIRST STATE BANK OF PORTER
3340903,20801.0,20801000.0,LEGACY STATE BANK
368054,20782.0,20782000.0,MASON BANK
3485215,20769.0,20769000.0,"TEXAS ADVANTAGE COMMUNITY BANK, NATIONAL ASSOCIATION"
12142,20756.0,20756000.0,"CLEVELAND STATE BANK, THE"
303701,20696.0,20696000.0,WELLS RIVER SAVINGS BANK
1003558,20673.0,20673000.0,GRAND RAPIDS STATE BANK
719610,20666.0,20666000.0,"FIRST NATIONAL BANK OF MANCHESTER, THE"
196752,20658.0,20658000.0,TRICENTURY BANK
368522,20640.0,20640000.0,APOLLO TRUST COMPANY
2218443,20637.0,20637000.0,FRONTIER BANK
372640,20636.0,20636000.0,FARMERS AND MERCHANTS BANK
3232370,20621.0,20621000.0,FIRST NATIONAL BANK OF DECATUR COUNTY
2304636,20617.0,20617000.0,COMMUNITY BANK
156970,20602.0,20602000.0,FAMILY BANK
411651,20572.0,20572000.0,"FARMERS AND MERCHANTS STATE BANK, BLOOMFIELD, NEBRASKA"
857941,20566.0,20566000.0,GREAT RIVERS BANK
885430,20549.0,20549000.0,ST. LANDRY BANK AND TRUST COMPANY
918879,20481.0,20481000.0,LOGANSPORT SAVINGS BANK
966973,20470.0,20470000.0,WEST PLAINS SAVINGS AND LOAN ASSOCIATION
995571,20452.0,20452000.0,SOUTH GEORGIA BANK
741844,20448.0,20448000.0,FARMERS SAVINGS BANK
349129,20448.0,20448000.0,"COMMERCIAL BANK, THE"
3090833,20434.0,20434000.0,DRAKE BANK
416357,20419.0,20419000.0,CHAMBERS STATE BANK
45458,20385.0,20385000.0,VINTAGE BANK KANSAS
773171,20374.0,20374000.0,MID-CENTRAL NATIONAL BANK
414858,20371.0,20371000.0,"INCOMMONS BANK, NATIONAL ASSOCIATION"
478140,20356.0,20356000.0,MURPHY-WALL STATE BANK AND TRUST COMPANY
497851,20353.0,20353000.0,SECURITY BANK
134455,20337.0,20337000.0,TENSAS STATE BANK
44929,20331.0,20331000.0,"FIRST NATIONAL BANK OF MCCONNELSVILLE, THE"
297051,20319.0,20319000.0,PATRIOTS BANK
748441,20296.0,20296000.0,WARREN BANK AND TRUST COMPANY
328656,20284.0,20284000.0,UNITED FARMERS STATE BANK
894272,20277.0,20277000.0,NEWPORT FEDERAL BANK
935577,20269.0,20269000.0,WCF FINANCIAL BANK
890649,20259.0,20259000.0,MOUNT VERNON BANK AND TRUST COMPANY
614751,20214.0,20214000.0,MANHATTAN BANK
178150,20212.0,20212000.0,LAONA STATE BANK
379470,20212.0,20212000.0,CANTON CO-OPERATIVE BANK
5724226,20204.0,20204000.0,GULF COAST BUSINESS BANK
623548,20196.0,20196000.0,"CLAY CITY BANKING CO., THE"
2860039,20183.0,20183000.0,COMMUNITY BANK OF THE SOUTH
105530,20180.0,20180000.0,FARMERS STATE BANK
918150,20177.0,20177000.0,"FIRST BANK OF OKARCHE, THE"
3383665,20129.0,20129000.0,FIRST MISSOURI STATE BANK OF CAPE COUNTY
858818,20113.0,20113000.0,WSB MUNICIPAL BANK
266244,20113.0,20113000.0,STATE BANK
371559,20092.0,20092000.0,COMMUNITY NATIONAL BANK OF OKARCHE
995674,20016.0,20016000.0,SSB COMMUNITY BANK
365950,20016.0,20016000.0,GRAND MISSOURI BANK
567679,19990.0,19990000.0,GREENVILLE FEDERAL
537243,19982.0,19982000.0,FARMERS STATE BANK
63201,19981.0,19981000.0,CAYUGA LAKE NATIONAL BANK
568135,19969.0,19969000.0,HOLCOMB BANK
1187551,19961.0,19961000.0,"INDEPENDENT CORRESPONDENT BANKERS' BANK, INC."
687830,19956.0,19956000.0,"FREDERICK COMMUNITY BANK, THE"
235231,19923.0,19923000.0,UNION BANK
668147,19868.0,19868000.0,DEWITT BANK & TRUST CO.
5686324,19866.0,19866000.0,MOULTRIE BANK & TRUST
634544,19864.0,19864000.0,BANK 21
414652,19855.0,19855000.0,"FIRST NATIONAL BANK OF SCOTT CITY, THE"
1404481,19825.0,19825000.0,BANK OF THE LOWCOUNTRY
907444,19817.0,19817000.0,FIRST NATIONAL BANK OF KENTUCKY
362856,19776.0,19776000.0,"BIG BEND BANKS, N.A. DBA MARFA NATIONAL BANK, THE"
920210,19774.0,19774000.0,JIM THORPE NEIGHBORHOOD BANK
715032,19771.0,19771000.0,PEOPLES BANK
967952,19705.0,19705000.0,WEST PLAINS BANK
645157,19704.0,19704000.0,BANK NORTHWEST
920733,19700.0,19700000.0,WEST CENTRAL BANK
837541,19663.0,19663000.0,FARMERS STATE BANK OF HOFFMAN
167453,19654.0,19654000.0,BLUFF VIEW BANK
698546,19625.0,19625000.0,FIRST STATE BANK OF CAMPBELL HILL
498625,19606.0,19606000.0,"CALHOUN COUNTY BANK, INC."
2847085,19604.0,19604000.0,SOUTHERN ILLINOIS BANK
427960,19600.0,19600000.0,TWIN RIVER BANK
177443,19592.0,19592000.0,FIRST NATIONAL BANK IN TAYLORVILLE
358112,19568.0,19568000.0,COMMERCIAL BANK
5837377,19561.0,19561000.0,FORTUNA BANK
814458,19517.0,19517000.0,CHARTER BANK
706236,19507.0,19507000.0,GUARANTY BANK INC.
435666,19489.0,19489000.0,SECURITY BANK OF TEXAS
466932,19473.0,19473000.0,COMMUNITY NEIGHBOR BANK
706030,19471.0,19471000.0,SOUTH COAST BANK & TRUST
114774,19464.0,19464000.0,"ABBEVILLE BUILDING AND LOAN, A STATE CHARTERED SAVINGS BANK"
4149037,19449.0,19449000.0,NEUBERGER BERMAN TRUST COMPANY NATIONAL ASSOCIATION
706656,19429.0,19429000.0,COMMUNITY BANK OF MARSHALL
3459216,19425.0,19425000.0,TOWN CENTER BANK
421539,19420.0,19420000.0,FIRST PEOPLES BANK OF TENNESSEE
689759,19411.0,19411000.0,UNION BANK AND TRUST COMPANY
947776,19411.0,19411000.0,CHARLES RIVER BANK
374130,19386.0,19386000.0,"CITIZENS BANK, THE"
924058,19376.0,19376000.0,"JACKSBORO NATIONAL BANK, THE"
374774,19319.0,19319000.0,SURETY BANK
202541,19313.0,19313000.0,IOWA TRUST AND SAVINGS BANK
291059,19295.0,19295000.0,BANK OF HYDRO
805335,19280.0,19280000.0,BANK OF MONTICELLO
257345,19274.0,19274000.0,PESHTIGO NATIONAL BANK
194570,19268.0,19268000.0,HERITAGE BANK OF SAINT TAMMANY
189950,19258.0,19258000.0,FIRST STATE BANK OF ROSCOE
3125315,19224.0,19224000.0,HIGHLANDS COMMUNITY BANK
400767,19222.0,19222000.0,NEVADA BANK AND TRUST COMPANY
351878,19214.0,19214000.0,AROOSTOOK COUNTY FEDERAL SAVINGS & LOAN ASSOCIATION
792453,19192.0,19192000.0,STATE BANK OF DOWNS
705556,19124.0,19124000.0,NEIGHBORHOOD NATIONAL BANK
1013650,19117.0,19117000.0,STATE BANK OF BERN
991359,19116.0,19116000.0,FIRST MISSOURI BANK OF SEMO
149150,19090.0,19090000.0,CITIZENS STATE BANK
823450,19088.0,19088000.0,FIRST NATIONAL BANK
953852,19074.0,19074000.0,YNB
3282012,19052.0,19052000.0,PEOPLESTRUST BANK
2796277,19012.0,19012000.0,"PHILADELPHIA TRUST COMPANY, THE"
125873,18978.0,18978000.0,CLAY COUNTY SAVINGS BANK
46053,18968.0,18968000.0,"STATE BANK OF FARIBAULT, THE"
49951,18958.0,18958000.0,"FIRST SECURITY BANK, THE"
931944,18941.0,18941000.0,KEYSTONE SAVINGS BANK
535034,18920.0,18920000.0,LANDMARK BANK
5777549,18896.0,18896000.0,ADELPHI BANK
457426,18872.0,18872000.0,ENTERPRISE BANK OF SOUTH CAROLINA
538222,18870.0,18870000.0,"FIRST CENTRAL NATIONAL BANK OF SAINT PARIS, THE"
628123,18869.0,18869000.0,"BANK OF GLEN BURNIE, THE"
2882983,18866.0,18866000.0,CITIZENS FIRST BANK
433859,18858.0,18858000.0,FOWLER STATE BANK
795249,18842.0,18842000.0,FIRST STATE BANK
541642,18831.0,18831000.0,"COMMONWEALTH COMMUNITY BANK, INC."
135836,18828.0,18828000.0,SOUTH LAFOURCHE BANK & TRUST COMPANY
102557,18827.0,18827000.0,FOUNDATION ONE BANK
794475,18820.0,18820000.0,EUREKA HOMESTEAD
336147,18811.0,18811000.0,UNITED CITIZENS BANK & TRUST COMPANY
840019,18788.0,18788000.0,CITIZENS BANK
899651,18771.0,18771000.0,CITIZENS STATE BANK
411624,18761.0,18761000.0,SOMERVILLE BANK
571920,18736.0,18736000.0,"FIRST NATIONAL BANK OF PANDORA, THE"
613978,18726.0,18726000.0,JARRETTSVILLE FEDERAL SAVINGS AND LOAN ASSOCIATION
821036,18726.0,18726000.0,PEOPLES BANK OF KANKAKEE COUNTY
760434,18720.0,18720000.0,IPAVA STATE BANK
807348,18718.0,18718000.0,BRISTOL MORGAN BANK
540739,18688.0,18688000.0,FIRSTSTATE BANK
629522,18669.0,18669000.0,"FREEDOM BANK, INC."
839246,18655.0,18655000.0,BANK OF COLUMBIA
547550,18640.0,18640000.0,BANK OF COMMERCE
841472,18639.0,18639000.0,MUTUAL SAVINGS BANK
677756,18615.0,18615000.0,FARMERS AND MERCHANTS STATE BANK
77422,18602.0,18602000.0,COMMUNITY BANKERS' BANK
985451,18582.0,18582000.0,EXCHANGE BANK AND TRUST COMPANY
972143,18568.0,18568000.0,WESTSIDE STATE BANK
467470,18556.0,18556000.0,CENTRAL FEDERAL SAVINGS AND LOAN ASSOCIATION
640143,18553.0,18553000.0,FEDERATED BANK
2577739,18552.0,18552000.0,"BANK OF JACKSON, THE"
924553,18544.0,18544000.0,COMMERCIAL STATE BANK
919773,18538.0,18538000.0,"BELMONT SAVINGS BANK, SSB"
163343,18529.0,18529000.0,CENTREBANK
624956,18525.0,18525000.0,VALLEY BANK OF RONAN
385350,18514.0,18514000.0,COMMUNITY BANK OF CAMERON
939070,18514.0,18514000.0,EASTERN CONNECTICUT SAVINGS BANK
760210,18482.0,18482000.0,"FARMERS AND MERCHANTS BANK, THE"
956255,18457.0,18457000.0,"FIRST NATIONAL BANK OF RIVER FALLS, THE"
3317192,18447.0,18447000.0,1ST ADVANTAGE BANK
482446,18435.0,18435000.0,JERSEY STATE BANK
250430,18410.0,18410000.0,"FIRST STATE BANK OF THE SOUTH, INC."
445674,18393.0,18393000.0,PIONEER FEDERAL SAVINGS & LOAN ASSOCIATION
224954,18381.0,18381000.0,HEADWATERS STATE BANK
1003950,18366.0,18366000.0,TBO BANK
932642,18362.0,18362000.0,LOGAN COUNTY BANK
733951,18353.0,18353000.0,"CITIZENS STATE BANK AND TRUST CO., ELLSWORTH, KANSAS"
454658,18348.0,18348000.0,"PAULS VALLEY NATIONAL BANK, THE"
966272,18330.0,18330000.0,"FIRST FEDERAL SAVINGS BANK OF MASCOUTAH, ILLINOIS"
113030,18284.0,18284000.0,FARMERS STATE BANK
443625,18260.0,18260000.0,"OTTOVILLE BANK COMPANY, THE"
958763,18255.0,18255000.0,NORMANGEE STATE BANK
1015841,18225.0,18225000.0,COMMUNITY BANK & TRUST COMPANY
814476,18224.0,18224000.0,MILLVILLE SAVINGS BANK
3020447,18203.0,18203000.0,FARMERS BANK
940674,18180.0,18180000.0,HOMETOWN BANK
821157,18171.0,18171000.0,"GOOSE RIVER BANK, THE"
765877,18167.0,18167000.0,HOME SAVINGS BANK
272030,18165.0,18165000.0,"PEOPLES BANK OF GEORGIA, THE"
633640,18165.0,18165000.0,HENDRICKS COUNTY BANK AND TRUST COMPANY
910239,18160.0,18160000.0,BANK OF SUNSET & TRUST COMPANY
393252,18157.0,18157000.0,FIRST TEXAS NATIONAL BANK
201254,18144.0,18144000.0,AMERICANA COMMUNITY BANK
832528,18135.0,18135000.0,"CLAY COUNTY BANK, INC."
794149,18121.0,18121000.0,COMMERCIAL NATIONAL BANK OF TEXARKANA
208459,18103.0,18103000.0,"STEARNS BANK OF UPSALA, NATIONAL ASSOCIATION"
384830,18102.0,18102000.0,CITIZENS BANK & TRUST COMPANY
510648,18101.0,18101000.0,AMERICAN BANK OF BEAVER DAM
771748,18088.0,18088000.0,CHELSEA SAVINGS BANK
495558,18074.0,18074000.0,FIRST NEW MEXICO BANK OF SILVER CITY
760649,18068.0,18068000.0,AUDUBON STATE BANK
895448,18062.0,18062000.0,MILLEDGEVILLE STATE BANK
229342,18042.0,18042000.0,STATE BANK & TRUST CO.
647777,18038.0,18038000.0,CITIZENS FEDERAL SAVINGS & LOAN ASSOCIATION
1402384,18035.0,18035000.0,NORTH ALABAMA BANK
29476,18028.0,18028000.0,RIVERBANK
225054,18026.0,18026000.0,ANDOVER STATE BANK
7045,18022.0,18022000.0,"PEOPLES BANK, THE"
263627,17971.0,17971000.0,"FIRST NATIONAL BANK OF WAVERLY, THE"
49652,17948.0,17948000.0,FIRST BANK
40855,17923.0,17923000.0,ESB BANK
94858,17911.0,17911000.0,ADRIAN BANK
941804,17900.0,17900000.0,BANK OF HOLLAND
460770,17864.0,17864000.0,HOME SAVINGS BANK
82033,17861.0,17861000.0,FIRST NATIONAL BANK OF PASCO
831875,17860.0,17860000.0,FIRST FEDERAL SAVINGS AND LOAN ASSOCIATION
612878,17812.0,17812000.0,"HOME SAVINGS AND LOAN ASSOCIATION OF CARROLL COUNTY, F.A."
446176,17796.0,17796000.0,FIDELITY FEDERAL SAVINGS AND LOAN ASSOCIATION OF DELAWARE
207555,17790.0,17790000.0,"NORTHWESTERN BANK, NATIONAL ASSOCIATION"
155759,17759.0,17759000.0,CLEO STATE BANK
115146,17715.0,17715000.0,ST. ANSGAR STATE BANK
792659,17709.0,17709000.0,NATIONAL BANK & TRUST
2621940,17690.0,17690000.0,"COMMUNITY BANK, THE"
449832,17684.0,17684000.0,MARION COMMUNITY BANK
948250,17676.0,17676000.0,PEOPLES BANK
518877,17647.0,17647000.0,GREATER STATE BANK
871648,17626.0,17626000.0,SPENCER COUNTY BANK
393355,17608.0,17608000.0,BANK OF WESTON
208440,17586.0,17586000.0,FARMERS STATE BANK
678557,17562.0,17562000.0,CITIZENS STATE BANK AND TRUST COMPANY
426945,17499.0,17499000.0,BANK OF MILTON
143952,17486.0,17486000.0,PILLAR BANK
751254,17485.0,17485000.0,PROGROWTH BANK
5805817,17478.0,17478000.0,DAYFORCE NATIONAL TRUST BANK
97457,17470.0,17470000.0,CITIZENS BANK
834175,17468.0,17468000.0,LAWRENCEBURG FEDERAL BANK
850054,17456.0,17456000.0,FIRST NATIONAL BANK IN ORD
499752,17451.0,17451000.0,BANK OF THE SOUTHWEST
1191352,17451.0,17451000.0,WAYCROSS BANK & TRUST
937759,17440.0,17440000.0,CITIZENS STATE BANK
48440,17416.0,17416000.0,CLEVELAND STATE BANK
330248,17407.0,17407000.0,FIRST NATIONAL BANK OF NOKOMIS
922157,17354.0,17354000.0,FIRST HERITAGE BANK
370954,17348.0,17348000.0,"COWBOY BANK OF TEXAS, THE"
439730,17345.0,17345000.0,STATE BANK OF BEMENT
446130,17338.0,17338000.0,FARMERS AND MERCHANTS BANK
2806840,17336.0,17336000.0,WYOMING COMMUNITY BANK
835444,17329.0,17329000.0,"BANK OF HERRIN, THE"
386731,17326.0,17326000.0,STATE BANK & TRUST
809070,17297.0,17297000.0,MUTUAL SAVINGS AND LOAN ASSOCIATION
55635,17246.0,17246000.0,CITIZENS SAVINGS BANK AND TRUST COMPANY
565536,17238.0,17238000.0,NORTH CENTRAL BANK
977652,17223.0,17223000.0,JOHNSON CITY BANK
451246,17222.0,17222000.0,WAYNE BANK AND TRUST CO.
3224478,17216.0,17216000.0,HERITAGE COMMUNITY BANK
653433,17199.0,17199000.0,FARMERS STATE BANK OF WESTERN ILLINOIS
652070,17189.0,17189000.0,HIGHLAND FEDERAL SAVINGS & LOAN ASSOCIATION
931355,17184.0,17184000.0,HODGE BANK & TRUST COMPANY
801654,17178.0,17178000.0,"FIRST STATE BANK, THE"
2920287,17158.0,17158000.0,"CENTURY BANK OF KENTUCKY, INC."
348159,17146.0,17146000.0,I3 BANK
3346633,17144.0,17144000.0,EAGLE BANK
132451,17124.0,17124000.0,"FIRST NATIONAL BANK OF LOUISBURG, THE"
541307,17121.0,17121000.0,42 NORTH PRIVATE BANK
143372,17105.0,17105000.0,PROGRESSIVE OZARK BANK
651952,17093.0,17093000.0,"FIRST NATIONAL BANK OF EAGLE LAKE, THE"
370833,17091.0,17091000.0,CARVER STATE BANK
984856,17047.0,17047000.0,"TIPTON LATHAM BANK, NATIONAL ASSOCIATION, THE"
43959,17042.0,17042000.0,BRIDGE CITY STATE BANK
222558,17029.0,17029000.0,"BANK OF BAKER, THE"
112332,17005.0,17005000.0,FIRST NATIONAL BANK OF HARTFORD
359472,17005.0,17005000.0,HOMEWOOD FEDERAL SAVINGS BANK
400057,16993.0,16993000.0,FIRST STATE BANK OF PURDY
3943210,16979.0,16979000.0,LIBERTY BANK
986935,16976.0,16976000.0,BANK OF ALAPAHA
287959,16958.0,16958000.0,KANSAS STATE BANK
763211,16958.0,16958000.0,BANK OF HINDMAN
474357,16954.0,16954000.0,COUNTRYSIDE BANK
879439,16953.0,16953000.0,FELICIANA BANK & TRUST COMPANY
270148,16951.0,16951000.0,STATE BANK OF WHITTINGTON
601153,16939.0,16939000.0,FARMERS AND MERCHANTS STATE BANK
814711,16911.0,16911000.0,PBT BANCORP
127224,16883.0,16883000.0,FIRST UNITED NATIONAL BANK
916343,16843.0,16843000.0,ANDERSON STATE BANK
1492817,16832.0,16832000.0,FIRST KANSAS BANK
3390337,16831.0,16831000.0,CALIFORNIA BUSINESS BANK
1005655,16813.0,16813000.0,RED RIVER STATE BANK
3314119,16777.0,16777000.0,FREEDOM BANK
837840,16756.0,16756000.0,UNITY BANK OF MISSISSIPPI
920359,16755.0,16755000.0,BANK OF DIXON COUNTY
28152,16755.0,16755000.0,HARVEST BANK
329149,16754.0,16754000.0,BANK PLUS
188917,16753.0,16753000.0,FIRST NATIONAL BANK OF ABSECON
665258,16751.0,16751000.0,"LONE OAK BANK, NATIONAL ASSOCIATION"
733540,16749.0,16749000.0,GATEWAY BANK
747257,16746.0,16746000.0,"HALSTEAD BANK, THE"
428855,16731.0,16731000.0,"SEYMOUR BANK, THE"
353546,16730.0,16730000.0,"FIRST NATIONAL BANK IN TREMONT, THE"
5591633,16717.0,16717000.0,"PLANTE MORAN TRUST, NATIONAL ASSOCIATION"
472531,16711.0,16711000.0,"SAMSON BANKING COMPANY, THE"
357526,16705.0,16705000.0,DAVIS TRUST COMPANY
193162,16702.0,16702000.0,"FIRST NATIONAL BANK OF TOM BEAN, THE"
552545,16698.0,16698000.0,TS BANK
935719,16693.0,16693000.0,"FIRST NATIONAL BANK OF DENNISON, OHIO, THE"
839974,16659.0,16659000.0,"GRAHAM SAVINGS AND LOAN, SSB"
527057,16648.0,16648000.0,COMMUNITY POINT BANK
5475452,16648.0,16648000.0,GULF ATLANTIC BANK
767611,16631.0,16631000.0,BANK OF RICHMONDVILLE
1005851,16604.0,16604000.0,CEDAR RAPIDS STATE BANK
2901558,16580.0,16580000.0,CHAMPION BANK
580847,16556.0,16556000.0,LEWISBURG BANKING COMPANY
2897633,16549.0,16549000.0,HOMETOWN BANK OF CORBIN INC.
673244,16464.0,16464000.0,FARMERS & MERCHANTS SAVINGS BANK
903950,16457.0,16457000.0,CENTRAL BANK AND TRUST
962313,16441.0,16441000.0,"CITIZENS BANK, THE"
921879,16409.0,16409000.0,FIRST FEDERAL SAVINGS AND LOAN ASSOCIATION OF GREENSBURG
473257,16343.0,16343000.0,VALLEY BANK OF KALISPELL
952846,16323.0,16323000.0,BANK
855956,16318.0,16318000.0,UNION STATE BANK OF HAZEN
3089752,16307.0,16307000.0,"CETERA TRUST COMPANY, N.A."
948278,16305.0,16305000.0,WRENTHAM CO-OPERATIVE BANK
1008553,16300.0,16300000.0,COMMERCIAL BANK OF MOTT
914853,16279.0,16279000.0,CORNERSTONE STATE BANK
791072,16276.0,16276000.0,INTERSTATE BANK
643658,16274.0,16274000.0,PIKES PEAK NATIONAL BANK
288376,16259.0,16259000.0,PINNACLE BANK
461058,16248.0,16248000.0,FARMERS STATE BANK
897853,16208.0,16208000.0,SECURITY BANK OF SOUTHWEST MISSOURI
331544,16207.0,16207000.0,RICHLAND COUNTY BANK
5758436,16198.0,16198000.0,INTEGRO BANK
3487433,16178.0,16178000.0,MERCHANTS COMMERCIAL BANK
117775,16168.0,16168000.0,"SOUTHERN BANK COMPANY, THE"
601041,16165.0,16165000.0,FIRST STATE BANK OF BEECHER CITY
553926,16164.0,16164000.0,"FIRST NATIONAL BANK OF SYCAMORE, THE"
108072,16160.0,16160000.0,BUFFALO FEDERAL BANK
564838,16127.0,16127000.0,CITIZENS COMMUNITY BANK
453147,16117.0,16117000.0,BANNER BANKS
575375,16097.0,16097000.0,SUPERIOR SAVINGS BANK
709451,16084.0,16084000.0,COMMERCIAL TRUST COMPANY OF FAYETTE
265676,16047.0,16047000.0,CENTRAL BANK
71073,16042.0,16042000.0,HOME FEDERAL SAVINGS AND LOAN ASSOCIATION OF NILES OHIO
535931,16023.0,16023000.0,LAFAYETTE STATE BANK
706058,16010.0,16010000.0,"FIRST NATIONAL BANK OF MOOSE LAKE, THE"
892223,16008.0,16008000.0,"HICKSVILLE BANK, THE"
413758,15997.0,15997000.0,BRUNSWICK STATE BANK
210256,15996.0,15996000.0,WADENA STATE BANK
725741,15988.0,15988000.0,HOLMES COUNTY BANK
45775,15981.0,15981000.0,IRON WORKERS SAVINGS BANK
629746,15976.0,15976000.0,"FARMERS AND MERCHANTS BANK, THE"
165758,15975.0,15975000.0,NEW MARKET BANK
2723376,15965.0,15965000.0,CLEARPOINT FEDERAL BANK & TRUST
979133,15946.0,15946000.0,FLANAGAN STATE BANK
2845782,15868.0,15868000.0,"BESSEMER TRUST COMPANY OF CALIFORNIA, NATIONAL ASSOCIATION"
654047,15860.0,15860000.0,FIRST STATE BANK OF DECATUR
887827,15854.0,15854000.0,"HAMLER STATE BANK, THE"
1002953,15853.0,15853000.0,AMERICAN BANK OF BAXTER SPRINGS
51356,15837.0,15837000.0,LATIMER STATE BANK
35646,15821.0,15821000.0,BONDUEL STATE BANK
673851,15812.0,15812000.0,BANK OF PRAIRIE VILLAGE
644963,15810.0,15810000.0,"FIRST NATIONAL BANK OF QUITAQUE, THE"
780049,15809.0,15809000.0,BANK OF KILMICHAEL
3633016,15794.0,15794000.0,FIRST CAHAWBA BANK
176642,15769.0,15769000.0,LNB COMMUNITY BANK
674344,15766.0,15766000.0,"PINERIES BANK, THE"
50144,15763.0,15763000.0,STATE BANK OF MEDORA
648550,15759.0,15759000.0,FIRST NATIONAL BANK OF DUBLIN
37051,15758.0,15758000.0,OAKWOOD BANK
274856,15754.0,15754000.0,CITIZENS STATE BANK OF ARLINGTON
3479018,15743.0,15743000.0,"COMMUNITY BANK, THE"
3185579,15734.0,15734000.0,CLARION COUNTY COMMUNITY BANK
791353,15728.0,15728000.0,BANKWEST
164377,15717.0,15717000.0,SHARON BANK
2746245,15707.0,15707000.0,COMMERCE BANK
403067,15704.0,15704000.0,"BEACON BUSINESS BANK, NATIONAL ASSOCIATION"
394156,15702.0,15702000.0,"SNB BANK, NATIONAL ASSOCIATION"
379153,15699.0,15699000.0,"FIRST NATIONAL BANK OF EVANT, THE"
5787418,15698.0,15698000.0,WALDEN MUTUAL BANK
96553,15686.0,15686000.0,HERSHEY BANK
943974,15681.0,15681000.0,FIRST FEDERAL BANK
863362,15671.0,15671000.0,BRAZOS NATIONAL BANK
696645,15657.0,15657000.0,"HOME NATIONAL BANK OF THORNTOWN, THE"
720344,15647.0,15647000.0,BANK OF CLARKSON
2754222,15636.0,15636000.0,NEW REPUBLIC BANK
174321,15631.0,15631000.0,BLUE RIDGE BANK
470032,15626.0,15626000.0,COMMUNITY SPIRIT BANK
2597232,15619.0,15619000.0,"HIGHTOWER TRUST COMPANY, NATIONAL ASSOCIATION, THE"
427858,15587.0,15587000.0,EVERGREEN NATIONAL BANK
280352,15583.0,15583000.0,FIRST BANK
472018,15566.0,15566000.0,"SALYERSVILLE NATIONAL BANK, THE"
647245,15555.0,15555000.0,HARDIN COUNTY SAVINGS BANK
847979,15525.0,15525000.0,COMMUNITY SAVINGS BANK
865759,15522.0,15522000.0,UNION STATE BANK
3843392,15516.0,15516000.0,NEW HAVEN BANK
218878,15516.0,15516000.0,"SECURITY BANK, S.B."
670430,15514.0,15514000.0,FIRST NATIONAL BANK AND TRUST
2809373,15507.0,15507000.0,NATIONAL ADVISORS TRUST COMPANY
411062,15494.0,15494000.0,"FIRST NATIONAL BANK OF STERLING CITY, THE"
416339,15449.0,15449000.0,FIRST SECURITY BANK
603232,15428.0,15428000.0,BANK OF GUEYDAN
754536,15426.0,15426000.0,VERMILION BANK & TRUST COMPANY
986551,15418.0,15418000.0,"FIRST NATIONAL BANK OF LE CENTER, THE"
2059990,15418.0,15418000.0,PRIORITY BANK
837354,15404.0,15404000.0,"KEEN BANK, NATIONAL ASSOCIATION"
1006559,15401.0,15401000.0,BANK STAR
682648,15400.0,15400000.0,FAIRFAX STATE SAVINGS BANK
800442,15400.0,15400000.0,BANK OF WINONA
171759,15399.0,15399000.0,"F & M COMMUNITY BANK, NATIONAL ASSOCIATION"
773742,15399.0,15399000.0,CITIZENS NATIONAL BANK OF CHEBOYGAN
657758,15377.0,15377000.0,CITIZENS BANK & TRUST COMPANY
868059,15375.0,15375000.0,SECURITY STATE BANK OF WARROAD
1369870,15374.0,15374000.0,FIRST FINANCIAL TRUST NATIONAL ASSOCIATION
4397164,15373.0,15373000.0,"CHILTON TRUST COMPANY, NATIONAL ASSOCIATION"
235174,15349.0,15349000.0,MUTUAL FEDERAL BANK
503640,15349.0,15349000.0,NEIGHBORS BANK
578554,15339.0,15339000.0,CITIZENS COMMUNITY BANK
625953,15339.0,15339000.0,BANK OF WINNFIELD & TRUST COMPANY
171656,15298.0,15298000.0,CARSON BANK
242958,15288.0,15288000.0,BAYBANK
2533043,15261.0,15261000.0,AMERICAN METRO BANK
72454,15250.0,15250000.0,FREEPORT STATE BANK
3253834,15244.0,15244000.0,LAKEVIEW BANK
258539,15243.0,15243000.0,STATE BANK OF CHERRY
2536633,15206.0,15206000.0,HIAWATHA BANK & TRUST COMPANY
672247,15201.0,15201000.0,FARMERS & MERCHANTS BANK & TRUST
259059,15128.0,15128000.0,F&M BANK
804422,15118.0,15118000.0,"FARMERS AND MERCHANTS BANK OF CRAIG COUNTY, THE"
670748,15111.0,15111000.0,PRINCEVILLE STATE BANK
2949970,15102.0,15102000.0,UNITED TRUST BANK
413673,15092.0,15092000.0,F&M BANK AND TRUST COMPANY
827355,15086.0,15086000.0,"FIRST NATIONAL BANK OF NEVADA, THE"
608358,15079.0,15079000.0,GARFIELD COUNTY BANK
687054,15075.0,15075000.0,BANK OF OAK RIDGE
266253,15072.0,15072000.0,ACB BANK
247476,15066.0,15066000.0,"RIVERSIDE SAVINGS BANK, SSB"
927077,15047.0,15047000.0,MONROE SAVINGS BANK
550952,15031.0,15031000.0,RSNB BANK
2917184,15014.0,15014000.0,NEW FRONTIER BANK
696047,15006.0,15006000.0,BEDFORD LOAN & DEPOSIT BANK
470434,14995.0,14995000.0,LOCAL BANK
688556,14994.0,14994000.0,BANK OF NEW MADRID
3180136,14970.0,14970000.0,INDEPENDENCE BANK
722227,14946.0,14946000.0,MOVEMENT BANK
5805424,14927.0,14927000.0,BEACH CITIES COMMERCIAL BANK
203052,14924.0,14924000.0,SENATH STATE BANK
480059,14907.0,14907000.0,PARK STATE BANK & TRUST
313157,14895.0,14895000.0,"SEILING STATE BANK, THE"
888141,14880.0,14880000.0,FARMERS & MERCHANTS BANK & TRUST
550354,14880.0,14880000.0,BANK OF ESTES PARK
46941,14878.0,14878000.0,FARMERS BANK AND TRUST COMPANY
923855,14867.0,14867000.0,COMMUNITY FIRST BANK
134156,14867.0,14867000.0,FIRST CENTRAL BANK
961446,14837.0,14837000.0,BAY PORT STATE BANK
126049,14822.0,14822000.0,CONNECT BANK
370347,14818.0,14818000.0,"FIRST NATIONAL BANK OF LITCHFIELD, THE"
22730,14799.0,14799000.0,WEST UNION BANK
305059,14796.0,14796000.0,"FIRST STATE BANK, THE"
3393851,14731.0,14731000.0,PUTNAM 1ST MERCANTILE BANK
713252,14712.0,14712000.0,PEOPLES STATE BANK OF VELVA
617051,14710.0,14710000.0,"CITIZENS BANK, NATIONAL ASSOCIATION"
796657,14678.0,14678000.0,"LYON COUNTY STATE BANK, THE"
422657,14667.0,14667000.0,SECURITY FIRST NATIONAL BANK OF HUGO
586335,14661.0,14661000.0,BANK OF MOUNDVILLE
35879,14588.0,14588000.0,EAST WISCONSIN SAVINGS BANK
835079,14582.0,14582000.0,"COVINGTON SAVINGS AND LOAN ASSOCIATION, THE"
78241,14571.0,14571000.0,FIRST NATURALSTATE BANK
255350,14562.0,14562000.0,"MINERS STATE BANK, THE"
136048,14540.0,14540000.0,PEOPLES SAVINGS BANK
563457,14539.0,14539000.0,FIRST NATIONAL BANK OF JOHNSON
308340,14529.0,14529000.0,BATH STATE BANK
157650,14504.0,14504000.0,MINNESOTA LAKES BANK
208347,14501.0,14501000.0,BENTON STATE BANK
882541,14499.0,14499000.0,BRIDGE COMMUNITY BANK
991555,14482.0,14482000.0,"CITIZENS NATIONAL BANK, THE"
837952,14479.0,14479000.0,FLINT HILLS BANK
295057,14477.0,14477000.0,SECURITY BANK MINNESOTA
127055,14459.0,14459000.0,WESTERN NATIONAL BANK
3041358,14454.0,14454000.0,FIRST COMMERCE BANK
366658,14423.0,14423000.0,FIRST INDEPENDENT BANK
819172,14409.0,14409000.0,"PEOPLES SAVINGS BANK, THE"
190947,14383.0,14383000.0,FIRST STATE BANK
2769954,14381.0,14381000.0,NORTH GEORGIA NATIONAL BANK
518176,14371.0,14371000.0,RAYNE BUILDING & LOAN ASSOCIATION
657954,14363.0,14363000.0,"TRI-COUNTY BANK, THE"
458946,14362.0,14362000.0,BANK OF CASHTON
937553,14351.0,14351000.0,BANK OF MONTICELLO
774235,14338.0,14338000.0,"CITIZENS NATIONAL BANK OF QUITMAN, THE"
223452,14333.0,14333000.0,PEOPLES BANK OF WYACONDA
3120897,14328.0,14328000.0,HERITAGE BANK
856869,14309.0,14309000.0,POWELL STATE BANK
397858,14290.0,14290000.0,SPIRO STATE BANK
617275,14283.0,14283000.0,HOLLADAY BANK AND TRUST
5784921,14223.0,14223000.0,GS&L MUNICIPAL BANK
739346,14223.0,14223000.0,ATKINS SAVINGS BANK & TRUST
142049,14221.0,14221000.0,BANK 1ST
667346,14209.0,14209000.0,PHILO EXCHANGE BANK
13457,14167.0,14167000.0,LEGENDS WEST BANK
446149,14161.0,14161000.0,"PEOPLES BANK, THE"
548052,14155.0,14155000.0,RNB STATE BANK
465524,14142.0,14142000.0,BANK OF GREELEYVILLE
2598396,14134.0,14134000.0,PRAIRIE COMMUNITY BANK
120953,14115.0,14115000.0,FARMERS STATE BANK
3939240,14097.0,14097000.0,"EVERCORE TRUST COMPANY, NATIONAL ASSOCIATION"
131940,14072.0,14072000.0,WALDO STATE BANK
805045,14066.0,14066000.0,EXCHANGE STATE BANK
765354,14037.0,14037000.0,BANK OF CROCKER
1003455,14024.0,14024000.0,ASTRA BANK
729057,14019.0,14019000.0,PINE RIVER STATE BANK
1293078,13989.0,13989000.0,PEOPLES BANK
2960555,13908.0,13908000.0,AMERICAN HERITAGE BANK
98351,13894.0,13894000.0,"CITIZENS STATE BANK OF OURAY, THE"
484057,13887.0,13887000.0,MARION STATE BANK
864855,13880.0,13880000.0,"FIRST STATE BANK OF HEALY, THE"
504647,13858.0,13858000.0,"INTERNATIONAL BANK OF AMHERST, THE"
691743,13849.0,13849000.0,ANNA STATE BANK
55653,13846.0,13846000.0,FIDELITY STATE BANK AND TRUST COMPANY
5805228,13838.0,13838000.0,ICON BUSINESS BANK
258874,13808.0,13808000.0,"WORTHINGTON FEDERAL SAVINGS BANK, F.S.B."
399731,13805.0,13805000.0,BANK OF ERATH
700430,13796.0,13796000.0,"COMMERCIAL BANK, THE"
675042,13763.0,13763000.0,COMMUNITY BANK
1163283,13752.0,13752000.0,"CITIZENS BANK AND TRUST, INC."
699253,13734.0,13734000.0,"CITIZENS BANK OF EDINA, THE"
840251,13733.0,13733000.0,HOME BANK AND TRUST COMPANY
575348,13731.0,13731000.0,"FARMERS NATIONAL BANK OF LEBANON, THE"
628039,13717.0,13717000.0,BANK OF HAZLEHURST
420877,13703.0,13703000.0,FIRST FIDELITY BANK
968155,13688.0,13688000.0,"FIRST NATIONAL BANK, CORTEZ"
750444,13685.0,13685000.0,TWIN CEDARS BANK
854753,13685.0,13685000.0,SAINT CLAIR STATE BANK (INCORPORATED)
2621285,13678.0,13678000.0,MILLENNIAL BANK
233442,13670.0,13670000.0,"IUKA STATE BANK, THE"
249658,13659.0,13659000.0,ROCKY MOUNTAIN BANK AND TRUST
723158,13655.0,13655000.0,STATE BANK OF FAIRMONT
938354,13642.0,13642000.0,"FIRST NATIONAL BANK OF FAIRFAX, THE"
760340,13631.0,13631000.0,NATIONAL BANK OF ST. ANNE
659640,13628.0,13628000.0,GENESIS BANK
490348,13621.0,13621000.0,"STATE BANK OF TOLEDO, THE"
705378,13607.0,13607000.0,"DEL NORTE BANK, A SAVINGS AND LOAN ASSOCIATION"
367150,13598.0,13598000.0,COMMUNITY STATE BANK
898458,13508.0,13508000.0,BANK OF JACKSON HOLE TRUST
481579,13502.0,13502000.0,CUSTER FEDERAL STATE BANK
233246,13490.0,13490000.0,FIRST COMMUNITY BANK
164957,13478.0,13478000.0,CONCORDIA BANK
135854,13463.0,13463000.0,HEARTLAND STATE BANK
651158,13457.0,13457000.0,NORTHEAST MISSOURI STATE BANK
266655,13415.0,13415000.0,FIRST BANK AND TRUST OF FULLERTON
575133,13396.0,13396000.0,"PEOPLES BANK, THE"
391418,13392.0,13392000.0,FIRST & PEOPLES BANK AND TRUST COMPANY
729945,13380.0,13380000.0,CITIZENS BANK AND TRUST COMPANY
788652,13374.0,13374000.0,WOODLAND BANK
198073,13372.0,13372000.0,FIRST FEDERAL SAVINGS AND LOAN BANK
1007051,13369.0,13369000.0,TPNB BANK
654579,13349.0,13349000.0,"PEOPLES COMMUNITY BANK SB OF MONTICELLO, INDIANA"
1007930,13344.0,13344000.0,IROQUOIS FARMERS STATE BANK
314444,13334.0,13334000.0,FBT BANK & MORTGAGE
742542,13324.0,13324000.0,FIRST COMMUNITY BANK
141677,13322.0,13322000.0,FIRST SAVINGS AND LOAN ASSOCIATION
472045,13310.0,13310000.0,HOME STATE BANK
376237,13307.0,13307000.0,MERCHANTS & FARMERS BANK OF GREENE COUNTY
265452,13307.0,13307000.0,"STOCKGROWERS STATE BANK, THE"
381950,13306.0,13306000.0,"FIRST NATIONAL BANK OF SAINT IGNACE, THE"
45056,13285.0,13285000.0,PLATTE VALLEY BANK
248352,13275.0,13275000.0,WESTERN NEBRASKA BANK
1225752,13267.0,13267000.0,COMMERCIAL BANK
531157,13229.0,13229000.0,"BANK OF PROTECTION, THE"
816256,13219.0,13219000.0,"FIRST NATIONAL BANK OF HOOKER, THE"
875655,13218.0,13218000.0,CITIZENS STATE BANK NORWOOD YOUNG AMERICA
597658,13216.0,13216000.0,FIRST STATE BANK OF FORSYTH
519445,13214.0,13214000.0,PEOPLES BANK
911339,13206.0,13206000.0,"FIRST NEIGHBORHOOD BANK, INC."
276551,13199.0,13199000.0,FIRST NATIONAL BANK OF HUGO
581237,13191.0,13191000.0,BANK OF PENSACOLA
70218,13187.0,13187000.0,UNITED ORIENT BANK
586960,13178.0,13178000.0,PEOPLES STATE BANK
536853,13178.0,13178000.0,WALTERS BANK AND TRUST COMPANY
316859,13177.0,13177000.0,"EXCHANGE BANK, THE"
567736,13158.0,13158000.0,FARMERS STATE BANK & TRUST COMPANY
660253,13156.0,13156000.0,STATE BANK OF TABLE ROCK
232847,13121.0,13121000.0,FIRST STATE BANK SHANNON-POLO
814074,13108.0,13108000.0,"FIRST FEDERAL BANK, A FSB"
380346,13073.0,13073000.0,FARMERS SAVINGS BANK
817477,13072.0,13072000.0,UNION SAVINGS BANK
952257,13047.0,13047000.0,"STATE BANK OF WYNNEWOOD, THE"
483537,13040.0,13040000.0,PNB COMMUNITY BANK
304520,13038.0,13038000.0,CHESAPEAKE BANK & TRUST COMPANY
697035,13028.0,13028000.0,COVINGTON COUNTY BANK
256076,13028.0,13028000.0,"RG BANK, A SAVINGS AND LOAN ASSOCIATION"
380944,13010.0,13010000.0,"BANK OF KAUKAUNA, THE"
489155,12999.0,12999000.0,CITIZENS STATE BANK
3626184,12974.0,12974000.0,TURTLE MOUNTAIN STATE BANK
988452,12963.0,12963000.0,FIRST BETHANY BANK & TRUST
1470150,12954.0,12954000.0,FIRST FARMERS & MERCHANTS NATIONAL BANK
398051,12947.0,12947000.0,FARMERS AND MERCHANTS BANK OF ASHLAND
5691319,12944.0,12944000.0,SCOTTSDALE COMMUNITY BANK
388874,12920.0,12920000.0,GUNNISON SAVINGS AND LOAN ASSOCIATION
258379,12915.0,12915000.0,"TAYLORSVILLE SAVINGS BANK, SSB"
955753,12896.0,12896000.0,RIVER FALLS STATE BANK
259956,12887.0,12887000.0,"STATE SAVINGS BANK OF MANISTIQUE, THE"
362940,12851.0,12851000.0,STATE BANK OF ST. JACOB
474656,12830.0,12830000.0,COREBANK
499154,12825.0,12825000.0,HOME LOAN STATE BANK
476445,12823.0,12823000.0,BANK OF LAKE VILLAGE
618777,12775.0,12775000.0,FAIRVIEW SAVINGS AND LOAN ASSOCIATION
5972661,12774.0,12774000.0,PAYCOM NATIONAL TRUST BANK
711753,12773.0,12773000.0,SCRIBNER BANK
14650,12769.0,12769000.0,ALL CAPITAL BANK
2702764,12765.0,12765000.0,COMMUNITY BANK OF OELWEIN
157379,12740.0,12740000.0,METHUEN CO-OPERATIVE BANK
11837,12734.0,12734000.0,"FARMERS BANK, THE"
811550,12729.0,12729000.0,AMERICAN EXCHANGE BANK
2973041,12710.0,12710000.0,"FIRST COMMUNITY TRUST, NATIONAL ASSOCIATION"
675855,12710.0,12710000.0,PROGRESSIVE NATIONAL BANK
647414,12707.0,12707000.0,"SAVANNAH BANK, N.A."
397456,12698.0,12698000.0,FIRST NATIONAL BANK OF FORT STOCKTON
246451,12673.0,12673000.0,CITIZENS BANK OF ROGERSVILLE
735973,12673.0,12673000.0,SCOTTSBURG BUILDING AND LOAN ASSOCIATION
552956,12667.0,12667000.0,SILEX BANKING COMPANY
597041,12608.0,12608000.0,FIDELITY BANK
950356,12603.0,12603000.0,SECURITY STATE BANK OF HIBBING
983550,12591.0,12591000.0,HOME STATE BANK
223751,12587.0,12587000.0,BELT VALLEY BANK
141350,12586.0,12586000.0,"FIRST STATE BANK, THE"
2726050,12580.0,12580000.0,FIRST CENTRAL BANK MCCOOK
496434,12578.0,12578000.0,DOZIER BANK
535575,12566.0,12566000.0,"1ST FEDERAL SAVINGS BANK OF SC, INC."
784430,12544.0,12544000.0,"MERCHANTS & CITIZENS BANK, THE"
5755510,12509.0,12509000.0,LEGACY BANK
184656,12501.0,12501000.0,"CITIZENS NATIONAL BANK OF HILLSBORO, THE"
343770,12499.0,12499000.0,NASHVILLE SAVINGS BANK
733755,12483.0,12483000.0,JONESBURG STATE BANK
909756,12473.0,12473000.0,PRIME SECURITY BANK
940021,12466.0,12466000.0,"BANK OF MAGNOLIA COMPANY, THE"
987848,12465.0,12465000.0,COMMUNITY STATE BANK
322449,12456.0,12456000.0,COMMUNITY STATE BANK
364850,12449.0,12449000.0,FIRST STATE BANK OF BIGFORK
795959,12433.0,12433000.0,KENNETT TRUST BANK
490843,12415.0,12415000.0,"CARROLL COUNTY TRUST COMPANY OF CARROLLTON, MISSOURI"
944739,12394.0,12394000.0,"BANK OF LAFAYETTE, THE"
302030,12381.0,12381000.0,BANK OF BELLE GLADE
648345,12361.0,12361000.0,SIDNEY STATE BANK
646042,12352.0,12352000.0,FARMERS TRUST & SAVINGS BANK
123075,12349.0,12349000.0,MILTON SAVINGS BANK
971070,12344.0,12344000.0,"DALHART FEDERAL SAVINGS & LOAN ASSOCIATION, SSB"
563336,12340.0,12340000.0,"CITIZENS' BANK, INC."
901451,12328.0,12328000.0,CITIZENS NATIONAL BANK OF CROSBYTON
218261,12328.0,12328000.0,ZAPATA NATIONAL BANK
3148613,12301.0,12301000.0,COMMERCE BANK & TRUST
178356,12269.0,12269000.0,COLFAX BANKING COMPANY
572347,12264.0,12264000.0,BANK OF BILLINGS
636753,12251.0,12251000.0,"FIRST NATIONAL BANK OF DIGHTON, THE"
764142,12246.0,12246000.0,FEDERATION BANK
812379,12245.0,12245000.0,FIRST COMMUNITY BANK OF CULLMAN
926650,12239.0,12239000.0,STATE BANK OF SCOTIA
44750,12226.0,12226000.0,CITIZENS BANK OF THE MIDWEST
2696180,12182.0,12182000.0,FIRST COMMUNITY BANK OF HILLSBORO
80431,12168.0,12168000.0,UNION BANK & TRUST COMPANY
253730,12157.0,12157000.0,SWEET WATER STATE BANK
402873,12151.0,12151000.0,"VERSAILLES SAVINGS AND LOAN COMPANY, THE"
991135,12146.0,12146000.0,"STATE BANK OF GENEVA, THE"
820477,12145.0,12145000.0,MIDLAND FEDERAL SAVINGS AND LOAN ASSOCIATION
747051,12144.0,12144000.0,HOMEPRIDE BANK
854847,12114.0,12114000.0,FIRST STATE BANK
881900,12083.0,12083000.0,MILLBURY NATIONAL BANK
544447,12066.0,12066000.0,CITIZENS SAVINGS BANK
235950,12064.0,12064000.0,JOHNSON STATE BANK
681043,12060.0,12060000.0,FIRST SECURITY STATE BANK
532752,12053.0,12053000.0,"RILEY STATE BANK OF RILEY KANSAS, THE"
923257,12045.0,12045000.0,PEOPLES BANK
104234,12044.0,12044000.0,"HARRISON COUNTY BANK, THE"
290922,12015.0,12015000.0,"NATIONAL BANK OF ADAMS COUNTY OF WEST UNION, THE"
324975,11993.0,11993000.0,DEWITT SAVINGS BANK
818540,11988.0,11988000.0,"FIRST NATIONAL BANK OF MANNING, THE"
3005097,11988.0,11988000.0,COMMUNITY BANK OF MISSOURI
24659,11978.0,11978000.0,PRODUCE STATE BANK
2745529,11961.0,11961000.0,THRIVENT TRUST CO.
382742,11961.0,11961000.0,BANK MICHIGAN
779641,11954.0,11954000.0,"PORT AUSTIN STATE BANK, THE"
286840,11930.0,11930000.0,STATE SAVINGS BANK
745347,11927.0,11927000.0,BOONE BANK & TRUST CO.
770451,11912.0,11912000.0,FARMERS & MERCHANTS STATE BANK OF SPRINGFIELD
255547,11896.0,11896000.0,COMMUNITY BANK OF TRENTON
106676,11891.0,11891000.0,BAR HARBOR SAVINGS AND LOAN ASSOCIATION
37,11886.0,11886000.0,BANK OF HANCOCK COUNTY
3029253,11876.0,11876000.0,EVERENCE TRUST COMPANY
938550,11871.0,11871000.0,COMMUNITY BANK
546320,11861.0,11861000.0,"SHERWOOD STATE BANK, THE"
593333,11845.0,11845000.0,"FIRST NATIONAL BANK OF ARENZVILLE, THE"
19356,11816.0,11816000.0,SECURITY BANK AND TRUST COMPANY
293754,11816.0,11816000.0,STATE BANK OF SOUTHWEST MISSOURI
91615,11797.0,11797000.0,"ANTWERP EXCHANGE BANK COMPANY, THE"
173959,11768.0,11768000.0,"FIRST NATIONAL BANK OF HEBBRONVILLE, THE"
269571,11764.0,11764000.0,ARMSTRONG COUNTY BUILDING AND LOAN ASSOCIATION
485139,11757.0,11757000.0,STATE BANK & TRUST COMPANY
382854,11716.0,11716000.0,SECURITY BANK OF PULASKI COUNTY
5805488,11708.0,11708000.0,"INSPIRE TRUST COMPANY, NATIONAL ASSOCIATION"
1009840,11704.0,11704000.0,MAYNARD SAVINGS BANK
3394380,11697.0,11697000.0,"CALIFORNIA INTERNATIONAL BANK, N.A."
368344,11692.0,11692000.0,FARMERS SAVINGS BANK & TRUST
500658,11686.0,11686000.0,PAVILLION BANK
911759,11680.0,11680000.0,NEBRASKA STATE BANK
164975,11648.0,11648000.0,STOUGHTON CO-OPERATIVE BANK
660066,11644.0,11644000.0,PEOPLES STATE BANK
743950,11607.0,11607000.0,FARMERS BANK OF LOHMAN
122153,11591.0,11591000.0,JACKSON PARISH BANK
954158,11560.0,11560000.0,FARMERS & MERCHANTS BANK OF NORTH DAKOTA
504142,11508.0,11508000.0,CHILLICOTHE STATE BANK
772754,11506.0,11506000.0,METZ BANKING COMPANY
884376,11506.0,11506000.0,"PICKENS SAVINGS AND LOAN ASSOCIATION, FEDERAL ASSOCIATION"
211851,11504.0,11504000.0,"SECURITY STATE BANK OF WANAMINGO, INCORPORATED"
14977,11494.0,11494000.0,"FIRST FEDERAL BANK LITTLEFIELD, TEXAS, SSB"
236256,11480.0,11480000.0,BANK OF BROOKFIELD-PURDIN NATIONAL ASSOCIATION
803256,11456.0,11456000.0,TRIUMPH STATE BANK
761833,11453.0,11453000.0,COMMUNITY BANK & TRUST - WEST GEORGIA
830252,11449.0,11449000.0,"LYTLE STATE BANK OF LYTLE, TEXAS, THE"
7456,11447.0,11447000.0,BANK OF HARTINGTON
818652,11445.0,11445000.0,STOCKMENS NATIONAL BANK IN COTULLA
1002458,11442.0,11442000.0,SICILY ISLAND STATE BANK
874452,11435.0,11435000.0,STATE BANK OF NEW RICHLAND
1418255,11433.0,11433000.0,TUSTIN COMMUNITY BANK
164153,11389.0,11389000.0,LAKE REGION BANK
148920,11378.0,11378000.0,"REPUBLIC BANKING COMPANY, THE"
560830,11365.0,11365000.0,"GRANVILLE NATIONAL BANK, THE"
644141,11364.0,11364000.0,KALAMAZOO COUNTY STATE BANK
3223408,11354.0,11354000.0,HOMELAND COMMUNITY BANK
101952,11344.0,11344000.0,"BRADY NATIONAL BANK, THE"
2963275,11335.0,11335000.0,MISSION BANK
954653,11328.0,11328000.0,CITIZENS STATE BANK OF LULING
3103591,11326.0,11326000.0,UNITED BANK & TRUST CO.
3025929,11317.0,11317000.0,GOGEBIC RANGE BANK
758842,11305.0,11305000.0,CITIZENS SAVINGS BANK
62110,11290.0,11290000.0,"ROCKEFELLER TRUST COMPANY, NATIONAL ASSOCIATION"
292467,11273.0,11273000.0,POINTWEST BANK
564678,11267.0,11267000.0,GSL SAVINGS BANK
108652,11258.0,11258000.0,B2 BANK NATIONAL ASSOCIATION
764067,11238.0,11238000.0,"AMERICAN NATIONAL BANK OF MOUNT PLEASANT, THE"
883351,11237.0,11237000.0,LIBERTY STATE BANK
284752,11235.0,11235000.0,NORTHWOODS BANK OF MINNESOTA
48057,11231.0,11231000.0,PRAIRIE BANK OF KANSAS
271136,11222.0,11222000.0,BANK OF LOUISIANA
123374,11209.0,11209000.0,BEAUREGARD FEDERAL SAVINGS BANK
673477,11207.0,11207000.0,CITIZENS FEDERAL SAVINGS AND LOAN ASSOCIATION OF COVINGTON
85052,11188.0,11188000.0,UINTA BANK
426758,11185.0,11185000.0,BANK OF SALEM
835613,11175.0,11175000.0,SECURITY BANK AND TRUST COMPANY
675659,11165.0,11165000.0,STATE BANK & TRUST OF KENMARE
485054,11163.0,11163000.0,BANK OF ELGIN
986159,11161.0,11161000.0,FIRST STATE BANK OF LE CENTER
2921622,11112.0,11112000.0,"CITIZENS BANK OF CUMBERLAND COUNTY, INC."
327220,11109.0,11109000.0,FARMERS STATE BANK
807432,11036.0,11036000.0,MOUNT VERNON BANK
625056,11029.0,11029000.0,FIRST SECURITY BANK OF ROUNDUP
285553,11025.0,11025000.0,"SECURITY STATE BANK, THE"
359744,11015.0,11015000.0,WHITE STATE BANK
568377,10960.0,10960000.0,SLOVENIAN SAVINGS & LOAN ASSOCIATION OF FRANKLIN-CONEMAUGH
571135,10954.0,10954000.0,"CITIZENS BANK, THE"
344852,10917.0,10917000.0,PERENNIAL BANK
964250,10909.0,10909000.0,CITIZENS BANK & TRUST
685023,10894.0,10894000.0,"CITIZENS NATIONAL BANK OF MCCONNELSVILLE, THE"
700252,10893.0,10893000.0,CITIZENS NATIONAL BANK
860231,10889.0,10889000.0,FARMERS STATE BANK OF EMDEN
49148,10873.0,10873000.0,RUSHVILLE STATE BANK
1017564,10873.0,10873000.0,COMMERCIAL STATE BANK
534859,10865.0,10865000.0,EXCHANGE STATE BANK
60554,10860.0,10860000.0,FIRST STATE BANK MINNESOTA
1462986,10850.0,10850000.0,ASIAN PACIFIC NATIONAL BANK
83955,10810.0,10810000.0,GREENFIELD BANKING COMPANY
56258,10808.0,10808000.0,"CITIZENS BANK & TRUST CO., HUTCHINSON, MINN."
276159,10806.0,10806000.0,SOUTHWIND BANK
416272,10805.0,10805000.0,"ABBEVILLE FIRST BANK, SSB"
389376,10784.0,10784000.0,TECUMSEH FEDERAL BANK
498942,10782.0,10782000.0,CLAY COUNTY STATE BANK
711520,10782.0,10782000.0,MINERS EXCHANGE BANK
803658,10773.0,10773000.0,FARMERS STATE BANK OF TRIMONT
715470,10738.0,10738000.0,FIRST WESTERN FEDERAL SAVINGS BANK
180144,10727.0,10727000.0,"SACRAMENTO DEPOSIT BANK, THE"
782548,10711.0,10711000.0,CLINTON BANK
958231,10705.0,10705000.0,COMMUNITY BANK OF EASTON
22552,10702.0,10702000.0,FIRST SOUTHEAST BANK
391959,10701.0,10701000.0,FIRST BANK OF UTICA
2651899,10701.0,10701000.0,CEDAR HILL NATIONAL BANK
565844,10699.0,10699000.0,STATE BANK OF MISSOURI
1008955,10677.0,10677000.0,VALLEY PREMIER BANK
1014059,10674.0,10674000.0,SOUTHWEST BANK OF WEATHERFORD
532453,10671.0,10671000.0,IPSWICH STATE BANK
518354,10651.0,10651000.0,"PARK BANK, NATIONAL ASSOCIATION"
502447,10613.0,10613000.0,FREDONIA VALLEY BANK
7634,10612.0,10612000.0,"FOUR COUNTY BANK, THE"
997155,10603.0,10603000.0,"BALDWIN STATE BANK, THE"
753641,10589.0,10589000.0,HURON STATE BANK
76443,10572.0,10572000.0,"PEOPLES BANK, THE"
598543,10570.0,10570000.0,SIBLEY STATE BANK
629148,10570.0,10570000.0,BANK OF CAVE CITY
844455,10534.0,10534000.0,FIRST NATIONAL BANK IN FREDONIA
437044,10527.0,10527000.0,"WATKINS SAVINGS BANK, THE"
421445,10476.0,10476000.0,"FIRST NATIONAL BANK OF RAYMOND, THE"
675248,10474.0,10474000.0,GREENLEAF BANK
132938,10471.0,10471000.0,PLANTERS AND CITIZENS BANK
411174,10470.0,10470000.0,FIRST FEDERAL SAVINGS AND LOAN ASSOCIATION
998657,10462.0,10462000.0,"FARMERS BANK, THE"
401072,10452.0,10452000.0,CENTURY SAVINGS AND LOAN ASSOCIATION
1014246,10424.0,10424000.0,CEDAR VALLEY BANK & TRUST
548472,10419.0,10419000.0,"MAPLE CITY SAVINGS BANK, FSB"
720858,10415.0,10415000.0,MCINTOSH COUNTY BANK
539452,10406.0,10406000.0,CARSON COMMUNITY BANK
246947,10393.0,10393000.0,"FIRST NATIONAL BANK OF SPARTA, THE"
343958,10375.0,10375000.0,CURRIE STATE BANK
516873,10369.0,10369000.0,SUNNYSIDE FEDERAL SAVINGS AND LOAN ASSOCIATION OF IRVINGTON
903754,10357.0,10357000.0,UNION STATE BANK
984351,10346.0,10346000.0,FARMERS BANK & TRUST
977045,10346.0,10346000.0,RIVERSIDE BANK
467144,10344.0,10344000.0,HUSTISFORD STATE BANK
550653,10341.0,10341000.0,CEDAR SECURITY BANK
195456,10324.0,10324000.0,FIRST NATIONAL BANK
591357,10292.0,10292000.0,"PEOPLES BANK, THE"
37341,10275.0,10275000.0,BANK OF ONTARIO
332756,10271.0,10271000.0,ADAMS STATE BANK
108746,10249.0,10249000.0,MASON CITY NATIONAL BANK
576578,10248.0,10248000.0,MONROE FEDERAL SAVINGS AND LOAN ASSOCIATION
474058,10237.0,10237000.0,FIRST NATIONAL BANK IN TRINIDAD
138556,10214.0,10214000.0,HOME BANKING COMPANY
3599804,10203.0,10203000.0,GREAT NATIONS BANK
109154,10190.0,10190000.0,FIRST SECURITY BANK
474245,10173.0,10173000.0,VILLA GROVE STATE BANK
42037,10163.0,10163000.0,PEOPLES EXCHANGE BANK
339353,10158.0,10158000.0,FIRST SECURITY BANK - CANBY
2805928,10155.0,10155000.0,MADISON COUNTY COMMUNITY BANK
825940,10130.0,10130000.0,BANK OF BUFFALO
871358,10124.0,10124000.0,"BANK OF HOLYROOD, THE"
88259,10109.0,10109000.0,JANESVILLE STATE BANK
137456,10092.0,10092000.0,"BANK OF BEAVER CITY, THE"
943143,10057.0,10057000.0,FIRST SECURITY BANK
386825,10055.0,10055000.0,"CITIZENS NATIONAL BANK OF WOODSFIELD, THE"
493077,10037.0,10037000.0,"FIRST MUTUAL BANK, FSB"
346566,10030.0,10030000.0,FIRST NATIONAL BANK OF SOUTH PADRE ISLAND
291732,10014.0,10014000.0,FARMERS & MERCHANTS BANK
719030,10012.0,10012000.0,"FIRST NATIONAL BANK OF PETERSTOWN, THE"
1006157,10009.0,10009000.0,FARMERS STATE BANK OF HAMEL
809379,9989.0,9989000.0,INVESTORS COMMUNITY BANK
510947,9979.0,9979000.0,FARMERS STATE BANK & TRUST CO.
145059,9979.0,9979000.0,BANK OF HALLS
513854,9967.0,9967000.0,FIRST STATE BANK
811541,9962.0,9962000.0,AUBURN BANKING COMPANY
630340,9954.0,9954000.0,UNITED SECURITY BANK
177500,9949.0,9949000.0,FIRST NATIONAL BANK OF ORWELL
5839915,9945.0,9945000.0,GALA BANK
956152,9942.0,9942000.0,INDEPENDENT FARMERS BANK
78157,9938.0,9938000.0,BANDERA BANK
369453,9927.0,9927000.0,IMPACT BANK
340443,9920.0,9920000.0,FIRST NATIONAL BANK IN PINCKNEYVILLE
582654,9910.0,9910000.0,KANSAS STATE BANK
956358,9889.0,9889000.0,SECURITY BANK OF THE OZARKS
411576,9889.0,9889000.0,MAYVILLE SAVINGS BANK
960551,9867.0,9867000.0,PRAIRIE SUN BANK
4032791,9862.0,9862000.0,"BROWN BROTHERS HARRIMAN TRUST COMPANY OF DELAWARE, NA"
171133,9861.0,9861000.0,EASTERN NATIONAL BANK
488420,9853.0,9853000.0,"FAYETTE COUNTY NATIONAL BANK OF FAYETTEVILLE, THE"
941541,9847.0,9847000.0,PEOPLES BANK OF ALTENBURG
116554,9836.0,9836000.0,OLD GLORY BANK
399357,9835.0,9835000.0,MCCLAVE STATE BANK
647955,9802.0,9802000.0,ASCENT BANK
392152,9799.0,9799000.0,NEW CENTURY BANK
365848,9794.0,9794000.0,WILLIAMSVILLE STATE BANK AND TRUST
1016848,9784.0,9784000.0,COUNTY BANK
30052,9765.0,9765000.0,AMISTAD BANK
363778,9745.0,9745000.0,PEOPLES FIRST SAVINGS BANK
472951,9718.0,9718000.0,SIOUXLAND BANK
417710,9706.0,9706000.0,"PINNACLE BANK, INC"
61953,9700.0,9700000.0,FNB COWETA
3308529,9692.0,9692000.0,BANK OF BOZEMAN
489249,9683.0,9683000.0,KINMUNDY BANK
2610784,9675.0,9675000.0,KEY COMMUNITY BANK
715975,9656.0,9656000.0,AMORY FEDERAL SAVINGS AND LOAN ASSOCIATION
372444,9649.0,9649000.0,"LITCHFIELD NATIONAL BANK, THE"
203575,9649.0,9649000.0,"CONNEAUT SAVINGS BANK, THE"
919568,9647.0,9647000.0,FIRST CAPITAL BANK
769334,9640.0,9640000.0,EXCHANGE STATE BANK
2602828,9632.0,9632000.0,STATE BANK
774253,9628.0,9628000.0,NORTHERN STATE BANK OF VIRGINIA
354,9613.0,9613000.0,BISON STATE BANK
2044820,9606.0,9606000.0,COMMUNITY BANK OF ELMHURST
289056,9606.0,9606000.0,"NORTHERN INTERSTATE BANK, NATIONAL ASSOCIATION"
644954,9580.0,9580000.0,DAVIDSON TRUST CO.
411231,9557.0,9557000.0,BRANTLEY BANK & TRUST COMPANY
786256,9548.0,9548000.0,FLAT BRANCH BANK
3254297,9513.0,9513000.0,BANK OF WALKER COUNTY
801056,9457.0,9457000.0,"FARMERS STATE BANK, THE"
1014554,9412.0,9412000.0,STATE BANK OF BOTTINEAU
419947,9410.0,9410000.0,"HILL-DODGE BANKING COMPANY, THE"
943273,9404.0,9404000.0,"PEOPLES SAVINGS AND LOAN COMPANY, THE"
110972,9396.0,9396000.0,FIRST FEDERAL SAVINGS BANK OF WASHINGTON
724940,9391.0,9391000.0,FARMERS & MERCHANTS BANK OF HUTSONVILLE
422116,9352.0,9352000.0,"BANK OF THE MOUNTAINS, INC."
426057,9352.0,9352000.0,SPECTRA BANK
826451,9350.0,9350000.0,"AMERICAN EXCHANGE BANK, LINDSAY, OKLAHOMA"
881441,9334.0,9334000.0,ALTON BANK
709956,9315.0,9315000.0,OKLAHOMA HERITAGE BANK
527749,9298.0,9298000.0,SECURITY STATE BANK
945950,9273.0,9273000.0,GRAND MARAIS STATE BANK
257653,9250.0,9250000.0,FARMERS AND MERCHANTS BANK
308836,9231.0,9231000.0,BANK OF BOURBONNAIS
679451,9202.0,9202000.0,ELK STATE BANK
753856,9194.0,9194000.0,"DONLEY COUNTY STATE BANK, THE"
501655,9179.0,9179000.0,WILSON STATE BANK
714165,9176.0,9176000.0,"CITY NATIONAL BANK OF SAN SABA, THE"
972750,9175.0,9175000.0,CONWAY BANK
1008151,9163.0,9163000.0,BENDENA STATE BANK
913436,9158.0,9158000.0,MINERS AND MERCHANTS BANK
540542,9154.0,9154000.0,G.W. JONES EXCHANGE BANK
159645,9147.0,9147000.0,STATE BANK OF REESEVILLE
989851,9147.0,9147000.0,BANK OF MAPLE PLAIN
617079,9141.0,9141000.0,BLUE GRASS FEDERAL SAVINGS AND LOAN ASSOCIATION
95677,9091.0,9091000.0,"ROCKLAND SAVINGS BANK, FSB"
97279,9079.0,9079000.0,WOODSFIELD SAVINGS BANK
148340,9067.0,9067000.0,UNION STATE BANK
250850,9059.0,9059000.0,COMMUNITY BANK
89135,9059.0,9059000.0,FIRST NATIONAL BANK OF WAUCHULA
136655,9058.0,9058000.0,"LYNDON STATE BANK, THE"
249416,9057.0,9057000.0,UNB BANK
851060,9049.0,9049000.0,ATASCOSA BANK
213958,9045.0,9045000.0,CITIZENS STATE BANK OF WAVERLY (INCORPORATED)
508270,9044.0,9044000.0,GLEN BURNIE MUTUAL SAVINGS BANK
354851,8987.0,8987000.0,"STATE EXCHANGE BANK, THE"
1945247,8985.0,8985000.0,UNITED BANK OF PHILADELPHIA
822631,8981.0,8981000.0,MIDLAND COMMUNITY BANK
2775692,8973.0,8973000.0,"COMMUNITY BANK OF WICHITA, INC."
108269,8972.0,8972000.0,"FIRST NATIONAL BANK OF MOODY, THE"
890957,8962.0,8962000.0,STRASBURG STATE BANK
931458,8946.0,8946000.0,VISTA NATIONAL BANK & TRUST
960047,8941.0,8941000.0,BANK OF CALHOUN COUNTY
808345,8931.0,8931000.0,STATE CENTRAL BANK
208972,8910.0,8910000.0,KEYSAVINGS BANK
5336928,8909.0,8909000.0,GENERATIONS COMMERCIAL BANK
965051,8901.0,8901000.0,FIRST STATE BANK
250476,8892.0,8892000.0,GN BANK
663656,8870.0,8870000.0,SMALL BUSINESS BANK
441630,8866.0,8866000.0,BANK OF DADE
534073,8853.0,8853000.0,LIBERTY BANK
943853,8852.0,8852000.0,FROST STATE BANK
988256,8840.0,8840000.0,"FIRST NATIONAL BANK OF MCINTOSH, THE"
4368351,8833.0,8833000.0,KEY NATIONAL TRUST COMPANY OF DELAWARE
413347,8827.0,8827000.0,FIRST STATE BANK OF OLMSTED
75651,8824.0,8824000.0,CERESCOBANK
43856,8817.0,8817000.0,"MINERS NATIONAL BANK OF EVELETH, THE"
848453,8814.0,8814000.0,"BANK OF HOUSTON, THE"
111157,8809.0,8809000.0,BANK OF LINDSAY
460350,8806.0,8806000.0,"FIRST SECURITY BANK, THE"
238250,8798.0,8798000.0,PEOPLES STATE BANK
491653,8795.0,8795000.0,"COMMERCIAL BANK, THE"
321152,8788.0,8788000.0,LINEAGE BANK
177135,8787.0,8787000.0,FIRST PROGRESSIVE BANK
660879,8783.0,8783000.0,"ANGELINA SAVINGS BANK, SSB"
378044,8743.0,8743000.0,COMMUNITY STATE BANK
861854,8727.0,8727000.0,FIRST STATE BANK
114859,8726.0,8726000.0,FIRST BANK AND TRUST COMPANY
13251,8713.0,8713000.0,ELYSIAN BANK
2939001,8678.0,8678000.0,CENTURY BANK OF FLORIDA
361354,8677.0,8677000.0,GRANT COUNTY BANK
578237,8674.0,8674000.0,COMMONWEALTH NATIONAL BANK
688453,8669.0,8669000.0,"CITIZENS STATE BANK AT MOHALL, THE"
271341,8668.0,8668000.0,PEOPLES BANK MT WASHINGTON
767554,8665.0,8665000.0,"CITIZENS BANK & TRUST COMPANY OF VIVIAN, LOUISIANA"
276654,8652.0,8652000.0,FIRST FARMERS & MERCHANTS STATE BANK
944748,8640.0,8640000.0,FARMERS STATE BANK
559179,8622.0,8622000.0,BROOKVILLE BUILDING AND SAVINGS ASSOCIATION
1017854,8591.0,8591000.0,"FARMERS STATE BANK OF BLUE MOUND, THE"
662350,8587.0,8587000.0,WAHOO STATE BANK
498456,8576.0,8576000.0,AVANA BANK
897451,8570.0,8570000.0,INTEGRITY BANK PLUS
666358,8561.0,8561000.0,FIRST CITIZENS BANK OF BUTTE
147651,8539.0,8539000.0,COMMUNITY STATE BANK OF CANTON
598132,8487.0,8487000.0,"SECURITY STATE BANK, THE"
188739,8472.0,8472000.0,BASILE STATE BANK
381026,8469.0,8469000.0,"TWIN VALLEY BANK, THE"
351131,8459.0,8459000.0,BANK OF BREWTON
726458,8454.0,8454000.0,"FIRST NATIONAL BANK OF OSAKIS, THE"
5758445,8450.0,8450000.0,GAINEY BUSINESS BANK
863652,8448.0,8448000.0,"FARMERS STATE BANK, THE"
956134,8435.0,8435000.0,LASALLE STATE BANK
563934,8426.0,8426000.0,SOUTHEAST FIRST NATIONAL BANK
984454,8426.0,8426000.0,SECURITY STATE BANK OF KENYON
170257,8410.0,8410000.0,HASKELL NATIONAL BANK
156457,8405.0,8405000.0,HOMETOWN COMMUNITY BANK
3480069,8389.0,8389000.0,WEST VALLEY NATIONAL BANK
855143,8376.0,8376000.0,RIVERWIND BANK
24378,8373.0,8373000.0,"GALION BUILDING AND LOAN BANK, THE"
897237,8348.0,8348000.0,"CITIZENS BANK OF MORGANTOWN, INC."
732637,8332.0,8332000.0,WHITESVILLE STATE BANK
343051,8329.0,8329000.0,BANK OF EUFAULA
471057,8319.0,8319000.0,"FIRST STATE BANK OF RANSOM, THE"
358448,8307.0,8307000.0,MAYVILLE STATE BANK
753052,8278.0,8278000.0,MONTROSE SAVINGS BANK
211114,8263.0,8263000.0,"HYDEN CITIZENS BANK, INC"
823638,8258.0,8258000.0,FIRST BANK OF COASTAL GEORGIA
593940,8250.0,8250000.0,BANK OF STRONGHURST
157155,8245.0,8245000.0,THAYER COUNTY BANK
804150,8245.0,8245000.0,VERGAS STATE BANK
1015458,8242.0,8242000.0,GLOBAL INNOVATIONS BANK
403656,8234.0,8234000.0,STATE BANK OF EAGLE BUTTE
595944,8227.0,8227000.0,SANBORN SAVINGS BANK
242949,8226.0,8226000.0,FNNB BANK
672238,8191.0,8191000.0,"ATLANTA NATIONAL BANK, THE"
280558,8188.0,8188000.0,"FIRST NATIONAL BANK OF COKATO, THE"
513322,8183.0,8183000.0,DEDICATED COMMUNITY BANK
75455,8176.0,8176000.0,"NORTHERN STATE BANK OF GONVICK, THE"
670654,8162.0,8162000.0,FIRST SECURITY BANK OF DEER LODGE
273653,8155.0,8155000.0,CONCORDE BANK
735414,8144.0,8144000.0,"FIRST NATIONAL BANK OF BLANCHESTER, THE"
79127,8126.0,8126000.0,HOME NATIONAL BANK
969956,8109.0,8109000.0,ZAVALA COUNTY BANK
492810,8099.0,8099000.0,OWINGSVILLE BANKING COMPANY
918356,8095.0,8095000.0,GRAND TIMBER BANK
843953,8088.0,8088000.0,INTEGRITY BANK
174367,8084.0,8084000.0,COMMERCE BANK TEXAS
120476,8070.0,8070000.0,ARGENTINE FEDERAL SAVINGS
184759,8050.0,8050000.0,WASHITA VALLEY BANK
931207,8024.0,8024000.0,"BROWN BROTHERS HARRIMAN TRUST COMPANY, N.A."
533227,8016.0,8016000.0,"METAMORA STATE BANK, THE"
275657,8015.0,8015000.0,"FIRST STATE BANK, THE"
392255,8001.0,8001000.0,FIRST NATIONAL BANK
442655,7999.0,7999000.0,"FIRST NATIONAL BANK IN FALFURRIAS, THE"
112510,7970.0,7970000.0,"BALTIC STATE BANK, THE"
467733,7966.0,7966000.0,UNION STATE BANK
937843,7961.0,7961000.0,BLISSFIELD STATE BANK
663638,7954.0,7954000.0,"GERBER STATE BANK, THE"
157856,7952.0,7952000.0,FIRST BANK AND TRUST COMPANY
2750,7950.0,7950000.0,GENOA COMMUNITY BANK
1474309,7942.0,7942000.0,BANK47
644057,7918.0,7918000.0,"FIRST STATE BANK, THE"
2724766,7903.0,7903000.0,COMMUNITY BANK OF MEMPHIS
197254,7880.0,7880000.0,FIRST NATIONAL BANK OF SPEARVILLE
103134,7864.0,7864000.0,"BANK OF COMMERCE, THE"
875879,7799.0,7799000.0,WARSAW FEDERAL SAVINGS AND LOAN ASSOCIATION
396057,7793.0,7793000.0,INDEPENDENCE STATE BANK
457,7790.0,7790000.0,LOWRY STATE BANK
5887420,7780.0,7780000.0,"PREFERRED LEGACY NATIONAL TRUST BANK, THE"
401951,7758.0,7758000.0,PORTAGE BANK
865852,7747.0,7747000.0,FARMERS STATE BANK OF UNDERWOOD
560438,7743.0,7743000.0,BANK OF EVERGREEN
798512,7737.0,7737000.0,"FIRST NATIONAL BANK OF BROOKSVILLE, THE"
858153,7714.0,7714000.0,STATE BANK OF CANTON
112556,7699.0,7699000.0,STATE BANK OF CHANDLER
459644,7697.0,7697000.0,FIRST COMMUNITY BANK OF MOULTRIE COUNTY
77150,7696.0,7696000.0,FIRST FARMERS & MERCHANTS STATE BANK OF GRAND MEADOW
122546,7680.0,7680000.0,MIDWEST NATIONAL BANK
195157,7676.0,7676000.0,"ELEVATE BANK, NATIONAL ASSOCIATION"
287922,7614.0,7614000.0,"PEOPLES SAVINGS BANK, THE"
460556,7589.0,7589000.0,"STATE NATIONAL BANK OF GROOM, THE"
619859,7574.0,7574000.0,FCNB BANK
456344,7553.0,7553000.0,HART COUNTY BANK AND TRUST COMPANY
40033,7539.0,7539000.0,RICHTON BANK & TRUST COMPANY
754246,7532.0,7532000.0,LOGAN STATE BANK
2641827,7522.0,7522000.0,"NEW COVENANT TRUST COMPANY, NATIONAL ASSOCIATION"
760939,7485.0,7485000.0,FIRST BANK OF PIKE
700140,7475.0,7475000.0,MONTEZUMA STATE BANK
269759,7458.0,7458000.0,FARMERS AND MERCHANTS STATE BANK OF APPLETON
858443,7455.0,7455000.0,"FIRST NATIONAL BANK OF AVA, THE"
944935,7454.0,7454000.0,STATE BANK OF INDUSTRY
474544,7447.0,7447000.0,CITIZENS SAVINGS BANK
1435092,7436.0,7436000.0,TEXAS NATIONAL BANK
814355,7430.0,7430000.0,SECURITY STATE BANK OF OKLEE
655530,7429.0,7429000.0,ANCHOR STATE BANK
824738,7420.0,7420000.0,FIRST NATIONAL BANK OF LACON
1007958,7413.0,7413000.0,CLARKSON BANK
243955,7413.0,7413000.0,PEOPLES BANK & TRUST COMPANY
276953,7383.0,7383000.0,COMMUNITY BANK
353957,7372.0,7372000.0,"FIRST FARMERS NATIONAL BANK OF WAURIKA, THE"
328058,7351.0,7351000.0,FIRST BANK OF THOMAS
14753,7346.0,7346000.0,"FARMERS STATE BANK OF BUCKLIN, KANSAS, THE"
3285246,7338.0,7338000.0,FIRST STATE BANK
4146830,7333.0,7333000.0,NEUBERGER BERMAN TRUST COMPANY OF DELAWARE NATIONAL ASSOCIATION
969059,7327.0,7327000.0,FIRST SECURITY BANK - WEST
92144,7319.0,7319000.0,COMMUNITY STATE BANK
667551,7319.0,7319000.0,LINCOLN STATE BANK
515979,7310.0,7310000.0,PEE DEE FEDERAL SAVINGS BANK
321330,7308.0,7308000.0,FARMERS AND MERCHANTS STATE BANK OF BUSHNELL
641449,7284.0,7284000.0,"CITIZENS BANK AND TRUST OF LEBANON, INC."
42457,7279.0,7279000.0,COMMERCIAL BANK
1014451,7275.0,7275000.0,AMERICAN EXCHANGE BANK
570651,7256.0,7256000.0,FIRST TRI-COUNTY BANK
717232,7226.0,7226000.0,PEOPLES BANK OF GRACEVILLE
37659,7202.0,7202000.0,"FARMERS STATE BANK, ALLEN, OKLAHOMA"
915056,7197.0,7197000.0,PEOPLES BANK OF MONITEAU COUNTY
371849,7186.0,7186000.0,BANK OF YATES CITY
824242,7181.0,7181000.0,BENTON COUNTY STATE BANK
324229,7181.0,7181000.0,"WATERFORD COMMERCIAL AND SAVINGS BANK, THE"
736158,7170.0,7170000.0,"POTTER STATE BANK OF POTTER, THE"
697950,7155.0,7155000.0,CITY NATIONAL BANK
409265,7150.0,7150000.0,SPUR SECURITY BANK
128258,7142.0,7142000.0,WESTERN DAKOTA BANK
366359,7141.0,7141000.0,"FIRST NATIONAL BANK OF ANSON, THE"
3353154,7140.0,7140000.0,BMO HARRIS CENTRAL NATIONAL ASSOCIATION
267652,7132.0,7132000.0,SECURITY STATE BANK OF AITKIN
917630,7123.0,7123000.0,"FIRST NATIONAL BANK OF WILLIAMSON, THE"
360777,7108.0,7108000.0,"JACKSON SAVINGS BANK, SSB"
1820979,7094.0,7094000.0,"TRUST COMPANY OF TOLEDO, NATIONAL ASSOCIATION, THE"
856458,7090.0,7090000.0,BANK OF HAZELTON
505916,7076.0,7076000.0,"FIRST NATIONAL BANK OF GERMANTOWN, THE"
819154,7075.0,7075000.0,FIRST SECURITY STATE BANK
658072,7068.0,7068000.0,COUNTY SAVINGS BANK
41553,7063.0,7063000.0,FIRST STATE BANK
104971,7059.0,7059000.0,MARTINSVILLE FIRST SAVINGS BANK
720157,7052.0,7052000.0,MARSHALL COUNTY STATE BANK
924254,7045.0,7045000.0,"CITIZENS STATE BANK OF CHENEY, KANSAS, THE"
603540,7037.0,7037000.0,BLACK RIVER COUNTRY BANK
304575,7035.0,7035000.0,SIDNEY FEDERAL SAVINGS AND LOAN ASSOCIATION
176437,7034.0,7034000.0,BANK OF WRIGHTSVILLE
767152,7031.0,7031000.0,"FIRST NATIONAL BANK IN COOPER, THE"
894834,7029.0,7029000.0,"TRUST BANK, THE"
377663,7023.0,7023000.0,FANNIN BANK
116358,7021.0,7021000.0,STATE BANK OF COLD SPRING
333940,7018.0,7018000.0,"FIRST NATIONAL BANK OF OKAWVILLE, THE"
677354,7010.0,7010000.0,FIRST NATIONAL BANK IN CIMARRON
62147,7005.0,7005000.0,COMMUNITY FIRST BANK
442057,6955.0,6955000.0,"CITIZENS STATE BANK AND TRUST COMPANY, THE"
187648,6954.0,6954000.0,VERMONT STATE BANK
856542,6942.0,6942000.0,BREDA SAVINGS BANK
923949,6940.0,6940000.0,"STATE BANK OF PEARL CITY, THE"
460275,6927.0,6927000.0,SECOND FEDERAL SAVINGS & LOAN ASSOCIATION OF PHILADELPHIA
804860,6918.0,6918000.0,CITIZENS STATE BANK
324256,6905.0,6905000.0,OKLAHOMA STATE BANK
401559,6897.0,6897000.0,DNB NATIONAL BANK
2912750,6876.0,6876000.0,SECURITY NATIONAL TRUST CO.
412452,6871.0,6871000.0,COMMUNITY BANK OF OKLAHOMA
987576,6845.0,6845000.0,"LIBERTY SAVINGS ASSOCIATION, FSA, THE"
671053,6844.0,6844000.0,STOCK EXCHANGE BANK
522454,6831.0,6831000.0,FIRST STATE BANK
8631,6799.0,6799000.0,"PLEASANTS COUNTY BANK, THE"
861153,6799.0,6799000.0,"HAVILAND STATE BANK, THE"
503547,6771.0,6771000.0,"FAIRMOUNT STATE BANK, THE"
870856,6769.0,6769000.0,"FIRST NATIONAL BANK OF HOPE, THE"
5805479,6763.0,6763000.0,"BESSEMER TRUST COMPANY OF NEVADA, NATIONAL ASSOCIATION"
338945,6747.0,6747000.0,1ST COMMUNITY BANK
270652,6736.0,6736000.0,SECURITY STATE BANK
524757,6734.0,6734000.0,FARMERS BANK
668053,6702.0,6702000.0,ASPIRE BANK
79257,6695.0,6695000.0,GROVE BANK
507349,6689.0,6689000.0,FARMERS STATE BANK
686570,6678.0,6678000.0,LADYSMITH FEDERAL SAVINGS & LOAN ASSOCIATION
1176920,6652.0,6652000.0,COMMUNITY STATE BANK
231279,6646.0,6646000.0,CHESTER NATIONAL BANK
1017555,6627.0,6627000.0,FIRST COMMUNITY BANK
884657,6603.0,6603000.0,RUSHFORD STATE BANK (INCORPORATED)
1856,6596.0,6596000.0,WASHITA STATE BANK
777254,6589.0,6589000.0,HERITAGE BANK MINNESOTA
871956,6522.0,6522000.0,"FIRST BANK OF CELESTE, THE"
997557,6497.0,6497000.0,FIRST STATE BANK OF HARVEY
2797210,6490.0,6490000.0,"OLD POINT TRUST & FINANCIAL SERVICES, N.A."
775241,6486.0,6486000.0,COMMUNITY NATIONAL BANK IN MONMOUTH
192651,6474.0,6474000.0,PEOPLES STATE BANK OF WELLS
983158,6465.0,6465000.0,GRANT COUNTY STATE BANK
800479,6462.0,6462000.0,"TARBORO SAVINGS BANK, SSB"
2905761,6454.0,6454000.0,TWIN CITY BANK
73956,6446.0,6446000.0,SECURITY STATE BANK
21359,6438.0,6438000.0,AMERICAN STATE BANK OF GRYGLA
835659,6425.0,6425000.0,TRI-COUNTY TRUST COMPANY
58355,6423.0,6423000.0,VANTAGE BANK
777441,6419.0,6419000.0,FLORA BANK & TRUST
107758,6414.0,6414000.0,BONANZA VALLEY STATE BANK
837653,6412.0,6412000.0,HEARTLAND STATE BANK
732954,6382.0,6382000.0,CARMINE STATE BANK
649632,6373.0,6373000.0,ROCHELLE STATE BANK
311144,6343.0,6343000.0,BANK OF BEARDEN
550448,6331.0,6331000.0,"STATE BANK, THE"
647759,6318.0,6318000.0,"FARMERS STATE BANK, THE"
371755,6317.0,6317000.0,"FIRST NATIONAL BANK OF CHISHOLM, THE"
578862,6315.0,6315000.0,FIRST STATE BANK OF SAN DIEGO
931159,6305.0,6305000.0,FIRST STATE BANK OF GOLVA
354253,6293.0,6293000.0,SUNRISE BANK DAKOTA
764151,6273.0,6273000.0,LOVELADY STATE BANK
229173,6269.0,6269000.0,"AUBURN SAVINGS BANK, FSB"
843476,6247.0,6247000.0,CORNERSTONE BANK
3032833,6244.0,6244000.0,CHEYENNE STATE BANK
146056,6243.0,6243000.0,ALLNATIONS BANK
391557,6212.0,6212000.0,LAKESIDE BANK OF SALINA
302133,6198.0,6198000.0,CAMP GROVE STATE BANK
741152,6194.0,6194000.0,JUNCTION NATIONAL BANK
973252,6180.0,6180000.0,SWEDISH-AMERICAN STATE BANK
293352,6174.0,6174000.0,ADRIAN STATE BANK
172251,6145.0,6145000.0,RANDALL STATE BANK
857259,6126.0,6126000.0,BANK OF GREELEY
760957,6124.0,6124000.0,"FIRST STATE BANK OF ROSEMOUNT, THE"
835378,6115.0,6115000.0,"BEARDSTOWN SAVINGS, S.B."
618647,6115.0,6115000.0,FIRST HERITAGE BANK
3308574,6102.0,6102000.0,PARAMOUNT BANK
411240,6097.0,6097000.0,"OLD EXCHANGE NATIONAL BANK OF OKAWVILLE, THE"
316934,6050.0,6050000.0,BUCKLEY STATE BANK
651149,6048.0,6048000.0,STATE BANK
3139321,6041.0,6041000.0,COMMUNITY BANK OWATONNA
678258,6033.0,6033000.0,STATE BANK OF LAKOTA
716851,6025.0,6025000.0,COMMUNITY BANK OF RAYMORE
308256,6020.0,6020000.0,CENBANK
132778,6004.0,6004000.0,HOMESTEAD SAVINGS BANK
678052,5995.0,5995000.0,"BANK OF SAN JACINTO COUNTY, COLDSPRING, TEXAS, THE"
991078,5986.0,5986000.0,BOONVILLE FEDERAL SAVINGS BANK
544951,5948.0,5948000.0,COWBOY STATE BANK
755421,5911.0,5911000.0,"BLUE GRASS VALLEY BANK, THE"
303747,5910.0,5910000.0,"FIRST BANK AND TRUST COMPANY OF MURPHYSBORO, THE"
790150,5908.0,5908000.0,BANK OF IBERIA
2123930,5902.0,5902000.0,"BANK OF MILAN, THE"
876157,5887.0,5887000.0,ODIN STATE BANK
1000856,5878.0,5878000.0,"BAXTER STATE BANK, THE"
877958,5862.0,5862000.0,"HOPETON STATE BANK, THE"
82350,5851.0,5851000.0,"LAUDERDALE COUNTY BANK, THE"
291376,5838.0,5838000.0,JACKSON FEDERAL SAVINGS & LOAN ASSOCIATION
821643,5820.0,5820000.0,ASHTON STATE BANK
975452,5818.0,5818000.0,"FIRST NATIONAL BANK OF GILBERT, THE"
82257,5817.0,5817000.0,BRYANT STATE BANK
995955,5817.0,5817000.0,KRESS NATIONAL BANK
840354,5782.0,5782000.0,FIRST FINANCIAL BANK IN WINNEBAGO
311658,5772.0,5772000.0,"FIRST NATIONAL BANK OF COLERAINE, THE"
72351,5753.0,5753000.0,FARMERS STATE BANK
767572,5738.0,5738000.0,TUCUMCARI FEDERAL SAVINGS & LOAN ASSOCIATION
219679,5718.0,5718000.0,CARROLLTON FEDERAL BANK
272151,5715.0,5715000.0,"GRANGER NATIONAL BANK, THE"
227656,5710.0,5710000.0,BRIGHTON BANK
1016558,5708.0,5708000.0,GENERATIONS BANK
701857,5703.0,5703000.0,CROWELL STATE BANK
998358,5696.0,5696000.0,HOWARD STATE BANK
309851,5651.0,5651000.0,ROOT RIVER STATE BANK
91950,5650.0,5650000.0,FARMERS STATE BANK OF CANTON
206950,5606.0,5606000.0,UNION STATE BANK
721752,5598.0,5598000.0,"FARMERS & MERCHANTS STATE BANK OF NEW YORK MILLS, INCORPORATED"
603755,5591.0,5591000.0,FIRST STATE BANK
320034,5574.0,5574000.0,PEOPLES BANK OF GREENSBORO
284958,5555.0,5555000.0,FIRST STATE BANK
582878,5550.0,5550000.0,HOME FEDERAL SAVINGS AND LOAN ASSOCIATION
770545,5542.0,5542000.0,MIDDLETOWN STATE BANK
480246,5518.0,5518000.0,WASHINGTON STATE BANK
464853,5514.0,5514000.0,BANK 360
382256,5471.0,5471000.0,STANTON STATE BANK
1004256,5446.0,5446000.0,BUTTE STATE BANK
229454,5431.0,5431000.0,FIRST STATE BANK OF BROWNSBORO
378110,5418.0,5418000.0,"PEOPLES BANK, THE"
375650,5413.0,5413000.0,MENARD BANK
1494482,5403.0,5403000.0,SOUND BANKING COMPANY
694771,5389.0,5389000.0,FARMERS STATE BANK
411549,5366.0,5366000.0,TABLE GROVE STATE BANK
431350,5345.0,5345000.0,"BANK OF COMMERCE AND TRUST COMPANY, THE"
440978,5342.0,5342000.0,KINGSTREE FEDERAL SAVINGS AND LOAN ASSOCIATION
534242,5323.0,5323000.0,STATE BANK OF SCHALLER
2811086,5298.0,5298000.0,PREFERRED BANK
102333,5222.0,5222000.0,APEX BANKING COMPANY OF GEORGIA
940852,5184.0,5184000.0,CITIZENS STATE BANK OF LANKIN
803265,5179.0,5179000.0,ROBERT LEE STATE BANK
560214,5158.0,5158000.0,"CORN CITY STATE BANK, THE"
207041,5157.0,5157000.0,"FIRST NATIONAL BANK OF BROWNSTOWN, THE"
444677,5145.0,5145000.0,"BLACK MOUNTAIN SAVINGS BANK, SSB"
601032,5144.0,5144000.0,FAIRVIEW STATE BANKING COMPANY
887854,5126.0,5126000.0,SHERWOOD COMMUNITY BANK
215653,5124.0,5124000.0,WELCOME STATE BANK
388753,5115.0,5115000.0,FARMERS AND MERCHANTS STATE BANK OF ALPHA
426141,5109.0,5109000.0,FIRST STATE BANK OF ST. PETER
681249,5106.0,5106000.0,HIGHLAND STATE BANK
693073,5092.0,5092000.0,FIRST FEDERAL SAVINGS AND LOAN ASSOCIATION OF CENTERBURG
3448425,5090.0,5090000.0,COMMUNITY BANK OF PLEASANT HILL
33839,5084.0,5084000.0,PEOPLES STATE BANK OF COLFAX
741956,5076.0,5076000.0,"MER ROUGE STATE BANK, THE"
404943,5051.0,5051000.0,TRI-VALLEY BANK
858452,5034.0,5034000.0,BANK OF PRAGUE
343248,5028.0,5028000.0,"FIRST NATIONAL BANK OF PRIMGHAR, THE"
440857,5023.0,5023000.0,AMERICA'S COMMUNITY BANK
73152,4988.0,4988000.0,"FARMERS AND MERCHANTS NATIONAL BANK OF FAIRVIEW, THE"
643274,4983.0,4983000.0,"PIONEER SAVINGS BANK, THE"
937834,4956.0,4956000.0,F & M BANK AND TRUST COMPANY
749840,4938.0,4938000.0,FARMERS STATE BANK
412872,4919.0,4919000.0,FARMERS AND MECHANICS FEDERAL SAVINGS BANK
76153,4917.0,4917000.0,BANK OF CLARKS
1014255,4915.0,4915000.0,STATE BANK OF JEFFERS
388258,4913.0,4913000.0,MARQUETTE FARMERS STATE BANK OF MARQUETTE KANSAS
593771,4899.0,4899000.0,"LIBERTY BANK, INC."
868572,4890.0,4890000.0,HOME SAVINGS BANK OF WAPAKONETA
1012457,4886.0,4886000.0,ROLETTE STATE BANK
167752,4861.0,4861000.0,"MARION NATIONAL BANK, THE"
205458,4805.0,4805000.0,STATE BANK OF TAUNTON
450669,4798.0,4798000.0,"FIRST NATIONAL BANK OF ELY, THE"
482370,4779.0,4779000.0,NORTH COUNTY SAVINGS BANK
986757,4768.0,4768000.0,BATTLE CREEK STATE BANK
579319,4748.0,4748000.0,"COMMUNITY FIRST BANK, NATIONAL ASSOCIATION"
741358,4747.0,4747000.0,PEOPLES STATE BANK
918655,4720.0,4720000.0,FIRST STATE BANK OF CANDO
540850,4666.0,4666000.0,FORD COUNTY STATE BANK
17259,4662.0,4662000.0,"FIRST NATIONAL BANK IN MARLOW, THE"
242,4657.0,4657000.0,FIRST COMMUNITY BANK XENIA-FLORA
131717,4650.0,4650000.0,"FARMERS STATE BANK, INC"
292850,4633.0,4633000.0,"FIRST NATIONAL BANK OF WAKEFIELD, THE"
866251,4621.0,4621000.0,UNION STATE BANK
3458,4614.0,4614000.0,FARMBANK
723550,4601.0,4601000.0,"HAMILTON BANK, THE"
479567,4561.0,4561000.0,"FIRST NATIONAL BANK OF TRINITY, THE"
252452,4547.0,4547000.0,PREFERRED BANK
1008450,4536.0,4536000.0,COMMUNITY STATE BANK
272058,4531.0,4531000.0,STATE BANK OF BELLINGHAM
321255,4507.0,4507000.0,FIRST AMERICAN BANK
949453,4501.0,4501000.0,FIRST SECURITY BANK - HENDRICKS
322551,4492.0,4492000.0,FIRST SECURITY BANK
514356,4477.0,4477000.0,FIRST SUMMIT BANK
83852,4464.0,4464000.0,RICHLAND STATE BANK
519874,4450.0,4450000.0,LAMONT BANK OF ST. JOHN
639857,4422.0,4422000.0,PEOPLES BANK OF DEER LODGE
833851,4302.0,4302000.0,FIRST STATE BANK OF SWANVILLE
99853,4284.0,4284000.0,FIRST STATE BANK
738657,4257.0,4257000.0,"CITY STATE BANK, THE"
3952904,4255.0,4255000.0,CANANDAIGUA NATIONAL TRUST COMPANY OF FLORIDA
325459,4245.0,4245000.0,FIRST STATE BANK IN TEMPLE
362043,4153.0,4153000.0,"EXCHANGE STATE BANK, THE"
821559,4150.0,4150000.0,"MINNESOTA FIRST CREDIT AND SAVINGS, INCORPORATED"
292234,4117.0,4117000.0,FIRST FINANCIAL BANK
610539,4083.0,4083000.0,"BANK OF EDISON, THE"
902645,3999.0,3999000.0,DEFIANCE STATE BANK
646471,3969.0,3969000.0,HUNTINGDON SAVINGS BANK
856159,3951.0,3951000.0,SAINT MARTIN NATIONAL BANK
823553,3934.0,3934000.0,"BANK OF DENTON, THE"
842853,3929.0,3929000.0,UNITED MINNESOTA BANK
496957,3928.0,3928000.0,"FARMERS STATE BANK OF TURTON, THE"
839817,3908.0,3908000.0,FARMERS & TRADERS BANK OF CAMPTON
84046,3847.0,3847000.0,FIRST TRUST & SAVINGS BANK
306056,3837.0,3837000.0,"FIRST NATIONAL BANK OF FLEMING, THE"
481748,3820.0,3820000.0,SLOAN STATE BANK
768476,3802.0,3802000.0,CONNECT COMMUNITY BANK
983055,3791.0,3791000.0,FIRST BANK OF BANCROFT
74449,3778.0,3778000.0,FIRST NATIONAL BANK IN TIGERTON
921655,3763.0,3763000.0,COTTONWOOD VALLEY BANK
2960788,3756.0,3756000.0,"WHEATON COLLEGE TRUST COMPANY, NATIONAL ASSOCIATION"
175458,3741.0,3741000.0,BANK OF MEAD
912756,3738.0,3738000.0,STATE BANK OF LAKE PARK
274052,3723.0,3723000.0,"FARMERS AND MERCHANTS BANK OF MOUND CITY, KANSAS"
879550,3697.0,3697000.0,BANK OF NEW CAMBRIA
472148,3692.0,3692000.0,FIRST STATE BANK OF VAN ORIN
379050,3691.0,3691000.0,STATE BANK OF EASTON
278751,3673.0,3673000.0,WESTERN NATIONAL BANK OF CASS LAKE
3153233,3671.0,3671000.0,METROPOLITAN CAPITAL BANK & TRUST
771047,3668.0,3668000.0,CITIZENS STATE BANK OF MILFORD
885579,3655.0,3655000.0,TIOGA-FRANKLIN SAVINGS BANK
2490285,3625.0,3625000.0,FIRST NATIONAL BANK
2502825,3625.0,3625000.0,DSRM NATIONAL BANK
235558,3595.0,3595000.0,CITIZENS STATE BANK
542854,3573.0,3573000.0,FARMERS STATE BANK
410159,3567.0,3567000.0,ANDES STATE BANK
846132,3556.0,3556000.0,DEWEY BANK
816751,3555.0,3555000.0,KINDRED STATE BANK
407850,3550.0,3550000.0,FARMERS STATE BANK
675341,3539.0,3539000.0,AMERICAN TRUST & SAVINGS BANK
603559,3504.0,3504000.0,FARMERS STATE BANK
375379,3498.0,3498000.0,NORTH SIDE FEDERAL SAVINGS AND LOAN ASSOCIATION OF CHICAGO
373272,3490.0,3490000.0,COMPASS SAVINGS BANK
691042,3475.0,3475000.0,"MERCHANTS & PLANTERS BANK, THE"
70955,3460.0,3460000.0,NEBRASKA STATE BANK
472250,3448.0,3448000.0,BOELUS STATE BANK
522034,3429.0,3429000.0,"COMMERCIAL BANK OF OZARK, THE"
981453,3390.0,3390000.0,FARMERS STATE BANK OF HOFFMAN
363442,3367.0,3367000.0,SAINTE MARIE STATE BANK
92902,3271.0,3271000.0,BANK OF CATTARAUGUS
994770,3266.0,3266000.0,"MILFORD BUILDING AND LOAN ASSOCIATION, SB"
104542,3250.0,3250000.0,MARSEILLES BANK
571957,3247.0,3247000.0,"STATE EXCHANGE BANK, THE"
33370,3228.0,3228000.0,"HOME SAVINGS BANK, FSB"
630041,3169.0,3169000.0,"FIRST STATE BANK OF DONGOLA, THE"
90047,3160.0,3160000.0,PALO SAVINGS BANK
783349,3147.0,3147000.0,STATE BANK OF NAUVOO
480330,3127.0,3127000.0,"LEMONT NATIONAL BANK, THE"
425050,3127.0,3127000.0,"FARMERS AND MERCHANTS STATE BANK, THE"
418436,3097.0,3097000.0,PEOPLES BANK OF MACON
915935,3074.0,3074000.0,CITIZENS BANK OF EDINBURG
432432,3059.0,3059000.0,PHENIX-GIRARD BANK
2337335,3053.0,3053000.0,"UMB BANK & TRUST, NATIONAL ASSOCIATION"
789051,3048.0,3048000.0,NINNESCAH VALLEY BANK
794653,3029.0,3029000.0,"FIRST NATIONAL BANK AT SAINT JAMES, THE"
424352,2998.0,2998000.0,ANAHUAC NATIONAL BANK
288152,2980.0,2980000.0,"FIRST NATIONAL BANK OF FREDERICK, THE"
3268173,2978.0,2978000.0,EMIGRANT MERCANTILE BANK
509857,2963.0,2963000.0,FMB BANK
424437,2955.0,2955000.0,CAMPUS STATE BANK
706450,2933.0,2933000.0,LAKE COUNTRY COMMUNITY BANK
959630,2925.0,2925000.0,BANK OF LUMBER CITY
514057,2917.0,2917000.0,NEBRASKA STATE BANK
270353,2893.0,2893000.0,ARLINGTON STATE BANK
350657,2884.0,2884000.0,1ST BANK IN HOMINY
923350,2858.0,2858000.0,FIRST NATIONAL BANK IN FRANKFORT
2877484,2855.0,2855000.0,ALAMERICA BANK
904845,2807.0,2807000.0,BANK OF CADIZ AND TRUST COMPANY
490955,2798.0,2798000.0,"WALTON STATE BANK, THE"
694146,2751.0,2751000.0,MAXWELL STATE BANK
981350,2751.0,2751000.0,DICKINSON COUNTY BANK
918776,2729.0,2729000.0,NEW FOUNDATION SAVINGS BANK
731957,2703.0,2703000.0,"FIRST NATIONAL BANK OF PROCTOR, THE"
441135,2701.0,2701000.0,CITIZENS BANK OF CHATSWORTH
177555,2700.0,2700000.0,CORN GROWERS STATE BANK
441470,2689.0,2689000.0,FIRST FEDERAL SAVINGS AND LOAN ASSOCIATION
614256,2668.0,2668000.0,FIRST NATIONAL BANK OF KANSAS
138257,2650.0,2650000.0,"FIRST NATIONAL BANK OF ASPERMONT, THE"
811457,2608.0,2608000.0,"FIRST NATIONAL BANK OF LIPAN, THE"
652959,2488.0,2488000.0,FARMERS STATE BANK
469250,2426.0,2426000.0,PRESCOTT STATE BANK
560353,2416.0,2416000.0,FIRST NATIONAL BANK OF LAKE JACKSON
78559,2399.0,2399000.0,SUMMIT NATIONAL BANK
651354,2384.0,2384000.0,KAW VALLEY STATE BANK
838155,2368.0,2368000.0,"PEOPLES STATE BANK, FAIRMOUNT, NORTH DAKOTA"
577230,2332.0,2332000.0,TALBOT STATE BANK
910079,2313.0,2313000.0,"EQUITABLE SAVINGS AND LOAN COMPANY, THE"
273859,2292.0,2292000.0,FARMERS AND MERCHANTS BANK
604033,2233.0,2233000.0,"FIRST NATIONAL BANK OF ASSUMPTION, THE"
971379,2228.0,2228000.0,"HERTFORD SAVINGS BANK, SSB"
855303,2209.0,2209000.0,"CITIZENS NATIONAL BANK OF HAMMOND, THE"
1011852,2207.0,2207000.0,CULBERTSON BANK
818559,2156.0,2156000.0,"FIRST STATE BANK OF RED WING, THE"
274025,2146.0,2146000.0,MT. VICTORY STATE BANK
836656,2093.0,2093000.0,FARMERS AND MERCHANTS BANK
295646,2089.0,2089000.0,FARMERS STATE BANK OF MEDORA
976954,2082.0,2082000.0,FARMERS STATE BANK
943152,2070.0,2070000.0,"FIRST STATE BANK OF FOUNTAIN, THE"
185251,2042.0,2042000.0,"FIRST NATIONAL BANK OF FLETCHER, THE"
596277,2041.0,2041000.0,COLUMBIA SAVINGS AND LOAN ASSOCIATION
823142,2026.0,2026000.0,DU QUOIN STATE BANK
225942,2017.0,2017000.0,HERITAGE BANK
767246,2013.0,2013000.0,CHESTERFIELD STATE BANK
67254,2008.0,2008000.0,YOUNG AMERICANS BANK
358756,1938.0,1938000.0,TAMPA STATE BANK
384353,1879.0,1879000.0,BANK OF STEINAUER
991854,1757.0,1757000.0,PEOPLES STATE BANK
602842,1728.0,1728000.0,DYSART STATE BANK
286251,1680.0,1680000.0,BANK OF VICI
226949,1581.0,1581000.0,GRAND RIVERS COMMUNITY BANK
921936,1505.0,1505000.0,FARMERS STATE BANK
799939,1400.0,1400000.0,HARTSBURG STATE BANK
403254,1028.0,1028000.0,"TRANSACT BANK, NATIONAL ASSOCIATION"
21256,931.0,931000.0,STATE BANK OF BURRTON
382274,288.0,288000.0,KENTLAND FEDERAL SAVINGS AND LOAN ASSOCIATION
32234,134.0,134000.0,FIRST NATIONAL BANK AND TRUST COMPANY
140634,114.0,114000.0,FIRST STATE BANK OF RANDOLPH COUNTY
289225,107.0,107000.0,"UNION BANKING COMPANY, THE"
768953,-438.0,-438000.0,"BANK OF TIOGA, THE"
539872,-2810.0,-2810000.0,"TRUSTTEXAS BANK, S.S.B."
733054,-2889.0,-2889000.0,INDUSTRY STATE BANK
857811,-3414.0,-3414000.0,MAUCH CHUNK TRUST COMPANY
373601,-25483.0,-25483000.0,UNION COUNTY SAVINGS BANK
3042234,-32016.0,-32016000.0,"BANK OF BRENHAM, NATIONAL ASSOCIATION"
91754,-35179.0,-35179000.0,"FIRST NATIONAL BANK OF BELLVILLE, THE"
450753,-46616.0,-46616000.0,FAYETTEVILLE BANK
342362,-59406.0,-59406000.0,"FIRST NATIONAL BANK OF SHINER, THE"
54656,-60395.0,-60395000.0,CITIZENS STATE BANK
