rssd_id,total_equity_capital,total_equity_capital_usd
852218,322777000.0,322777000000.0
480228,250540000.0,250540000000.0
476810,176115000.0,176115000000.0
451965,171723000.0,171723000000.0
112837,97139218.0,97139218000.0
2182786,65578000.0,65578000000.0
504713,65381988.0,65381988000.0
852320,61764000.0,61764000000.0
817824,56652636.0,56652636000.0
497404,48637358.0,48637358000.0
75633,36163575.0,36163575000.0
541101,30917000.0,30917000000.0
35301,29140000.0,29140000000.0
501105,28382086.0,28382086000.0
3303298,25936975.0,25936975000.0
1456501,24648000.0,24648000000.0
723112,23640000.0,23640000000.0
491224,22677000.0,22677000000.0
3150447,21237000.0,21237000000.0
12311,20790154.0,20790154000.0
280110,18350963.0,18350963000.0
1394676,18181353.0,18181353000.0
233031,17547000.0,17547000000.0
2489805,17309000.0,17309000000.0
413208,16405374.0,16405374000.0
3284070,14722000.0,14722000000.0
1216022,14631000.0,14631000000.0
722777,13209716.0,13209716000.0
63069,11787364.0,11787364000.0
210434,11100794.0,11100794000.0
1842065,10685061.0,10685061000.0
214807,10139000.0,10139000000.0
761806,9724100.0,9724100000.0
3212149,9650709.0,9650709000.0
1929247,9383939.0,9383939000.0
485559,9165820.0,9165820000.0
694904,8577865.0,8577865000.0
229801,8026050.0,8026050000.0
208244,7871927.0,7871927000.0
197478,7692029.0,7692029000.0
3138146,7399633.0,7399633000.0
664756,7357171.0,7357171000.0
936855,7016315.0,7016315000.0
2925666,6725336.0,6725336000.0
60143,6706000.0,6706000000.0
276579,6595765.0,6595765000.0
379920,6435158.0,6435158000.0
2980209,6338000.0,6338000000.0
107244,5924875.0,5924875000.0
606046,5916283.0,5916283000.0
143662,5687667.0,5687667000.0
395238,5602339.0,5602339000.0
693224,5474359.0,5474359000.0
365325,5444304.0,5444304000.0
339858,5421153.0,5421153000.0
962966,4909174.0,4909174000.0
619877,4697000.0,4697000000.0
917742,4630554.0,4630554000.0
2121196,4360230.0,4360230000.0
463735,4250205.0,4250205000.0
682563,4093189.0,4093189000.0
645625,4009841.0,4009841000.0
749242,3943555.0,3943555000.0
764030,3923758.0,3923758000.0
456045,3868659.0,3868659000.0
2735146,3804817.0,3804817000.0
494261,3761094.0,3761094000.0
595270,3705039.0,3705039000.0
1444021,3701404.0,3701404000.0
934329,3666000.0,3666000000.0
940311,3580000.0,3580000000.0
663245,3576970.0,3576970000.0
2634191,3541761.0,3541761000.0
128904,3538612.0,3538612000.0
527954,3431685.0,3431685000.0
474919,3385178.0,3385178000.0
659855,3374327.0,3374327000.0
1017939,3358442.0,3358442000.0
2618780,3286843.0,3286843000.0
613008,3170140.0,3170140000.0
3938186,3136112.0,3136112000.0
3284397,3105543.0,3105543000.0
2193616,3060842.0,3060842000.0
431172,3049834.0,3049834000.0
601050,3045795.0,3045795000.0
204004,3041989.0,3041989000.0
656377,3026838.0,3026838000.0
595869,2969033.0,2969033000.0
3394278,2939336.0,2939336000.0
814430,2694108.0,2694108000.0
980661,2684166.0,2684166000.0
3202702,2582000.0,2582000000.0
165628,2492942.0,2492942000.0
2917317,2477714.0,2477714000.0
437914,2448204.0,2448204000.0
936462,2416618.0,2416618000.0
416245,2407256.0,2407256000.0
2567123,2362926.0,2362926000.0
17147,2333116.0,2333116000.0
671464,2305561.0,2305561000.0
34537,2236532.0,2236532000.0
2797724,2231345.0,2231345000.0
1893049,2227000.0,2227000000.0
933966,2218177.0,2218177000.0
342634,2155600.0,2155600000.0
963945,2138040.0,2138040000.0
311845,2133167.0,2133167000.0
2736291,2034248.0,2034248000.0
2354985,1924174.0,1924174000.0
1190476,1914810.0,1914810000.0
3224580,1886203.0,1886203000.0
853952,1883396.0,1883396000.0
352772,1867450.0,1867450000.0
1443266,1847000.0,1847000000.0
2615190,1829700.0,1829700000.0
1001152,1816884.0,1816884000.0
510871,1790198.0,1790198000.0
3348888,1780689.0,1780689000.0
702117,1778614.0,1778614000.0
2850722,1738957.0,1738957000.0
3221468,1727601.0,1727601000.0
915878,1721013.0,1721013000.0
288853,1697518.0,1697518000.0
85472,1683955.0,1683955000.0
1002878,1643629.0,1643629000.0
3317932,1634248.0,1634248000.0
795968,1631421.0,1631421000.0
216922,1630087.0,1630087000.0
23504,1618255.0,1618255000.0
3579589,1611658.0,1611658000.0
470050,1603598.0,1603598000.0
436159,1572273.0,1572273000.0
249612,1546147.0,1546147000.0
1225761,1542724.0,1542724000.0
637451,1502017.0,1502017000.0
3475083,1498122.0,1498122000.0
202907,1491993.0,1491993000.0
42420,1478253.0,1478253000.0
3470239,1469793.0,1469793000.0
509950,1427032.0,1427032000.0
936426,1412875.0,1412875000.0
929352,1395221.0,1395221000.0
871769,1388352.0,1388352000.0
320119,1371495.0,1371495000.0
100562,1358229.0,1358229000.0
3076248,1340387.0,1340387000.0
688079,1340345.0,1340345000.0
918918,1302736.0,1302736000.0
652874,1293691.0,1293691000.0
229913,1289970.0,1289970000.0
1386251,1288968.0,1288968000.0
129732,1284012.0,1284012000.0
4210227,1250874.0,1250874000.0
245276,1230446.0,1230446000.0
961624,1216669.0,1216669000.0
264772,1204588.0,1204588000.0
2652092,1198338.0,1198338000.0
3637685,1188835.0,1188835000.0
473501,1180589.0,1180589000.0
2941068,1172644.0,1172644000.0
1176881,1163738.0,1163738000.0
577128,1156916.0,1156916000.0
137915,1146447.0,1146447000.0
991340,1146233.0,1146233000.0
489623,1139506.0,1139506000.0
667757,1137504.0,1137504000.0
587800,1118801.0,1118801000.0
174572,1083319.0,1083319000.0
37640,1068934.0,1068934000.0
2239288,1068072.0,1068072000.0
398668,1066176.0,1066176000.0
1391778,1057657.0,1057657000.0
474759,1055113.0,1055113000.0
3783313,1046854.0,1046854000.0
3650808,1040686.0,1040686000.0
353555,1036595.0,1036595000.0
673440,1009089.0,1009089000.0
317342,1005466.0,1005466000.0
766164,1005201.0,1005201000.0
316840,1001407.0,1001407000.0
968070,995623.0,995623000.0
83638,986938.0,986938000.0
930965,972160.0,972160000.0
2600039,951284.0,951284000.0
361167,948449.0,948449000.0
2858960,942701.0,942701000.0
58971,934421.0,934421000.0
3408728,919039.0,919039000.0
618807,915622.0,915622000.0
354310,914013.0,914013000.0
52719,912202.0,912202000.0
881478,903800.0,903800000.0
783648,902275.0,902275000.0
859712,900109.0,900109000.0
762447,897408.0,897408000.0
959304,885372.0,885372000.0
933621,880419.0,880419000.0
121642,878988.0,878988000.0
3287660,874586.0,874586000.0
450856,874427.0,874427000.0
2916963,859677.0,859677000.0
435077,847532.0,847532000.0
3187630,846205.0,846205000.0
1917301,843041.0,843041000.0
657365,841497.0,841497000.0
2362458,837716.0,837716000.0
130541,830212.0,830212000.0
479268,825661.0,825661000.0
509811,824795.0,824795000.0
58243,816439.0,816439000.0
3783948,810623.0,810623000.0
661308,793240.0,793240000.0
5278251,783648.0,783648000.0
2992547,781289.0,781289000.0
913856,779725.0,779725000.0
2998576,763502.0,763502000.0
3076220,760631.0,760631000.0
29878,750349.0,750349000.0
1918344,747660.0,747660000.0
786612,746550.0,746550000.0
888002,738192.0,738192000.0
28013,736907.0,736907000.0
996260,730453.0,730453000.0
936136,727855.0,727855000.0
2705895,727710.0,727710000.0
5582846,721009.0,721009000.0
2209553,717103.0,717103000.0
2608754,716418.0,716418000.0
2700984,712764.0,712764000.0
412751,709123.0,709123000.0
874845,706276.0,706276000.0
236706,704605.0,704605000.0
633378,702608.0,702608000.0
433608,693936.0,693936000.0
1011526,692340.0,692340000.0
593007,687541.0,687541000.0
255659,680927.0,680927000.0
836843,680367.0,680367000.0
651859,673340.0,673340000.0
663834,668356.0,668356000.0
677176,668261.0,668261000.0
773247,659928.0,659928000.0
811046,654511.0,654511000.0
701062,650154.0,650154000.0
758703,645812.0,645812000.0
639567,641360.0,641360000.0
3232204,640744.0,640744000.0
826956,637397.0,637397000.0
426534,636776.0,636776000.0
272302,635270.0,635270000.0
339773,633715.0,633715000.0
2265456,633704.0,633704000.0
572374,630013.0,630013000.0
808260,629770.0,629770000.0
260055,629043.0,629043000.0
933023,627838.0,627838000.0
601416,626818.0,626818000.0
697763,623451.0,623451000.0
54973,616966.0,616966000.0
258771,615831.0,615831000.0
399517,612287.0,612287000.0
2737980,609454.0,609454000.0
2119773,608169.0,608169000.0
850036,607135.0,607135000.0
139656,606465.0,606465000.0
391575,604463.0,604463000.0
3630323,603844.0,603844000.0
782306,602299.0,602299000.0
342410,601797.0,601797000.0
2471239,600419.0,600419000.0
1187001,597684.0,597684000.0
594947,590934.0,590934000.0
932978,585981.0,585981000.0
3447576,585465.0,585465000.0
3076453,584895.0,584895000.0
3835454,577813.0,577813000.0
693345,577657.0,577657000.0
212577,575353.0,575353000.0
278818,574799.0,574799000.0
731247,561179.0,561179000.0
664206,555686.0,555686000.0
3402913,553514.0,553514000.0
3532641,552150.0,552150000.0
114260,550135.0,550135000.0
3378773,549676.0,549676000.0
725732,548585.0,548585000.0
816603,544285.0,544285000.0
40499,540468.0,540468000.0
933256,537757.0,537757000.0
809771,532745.0,532745000.0
2634351,531667.0,531667000.0
413141,527009.0,527009000.0
159636,523234.0,523234000.0
722544,521760.0,521760000.0
3109146,518301.0,518301000.0
141556,517409.0,517409000.0
77851,513838.0,513838000.0
2508751,511636.0,511636000.0
925411,511585.0,511585000.0
253468,510018.0,510018000.0
522605,503270.0,503270000.0
384018,502383.0,502383000.0
876634,501754.0,501754000.0
230759,501444.0,501444000.0
169653,498784.0,498784000.0
272272,498348.0,498348000.0
707354,498204.0,498204000.0
949154,497028.0,497028000.0
468806,494286.0,494286000.0
636771,492417.0,492417000.0
897170,483594.0,483594000.0
660655,482404.0,482404000.0
2938198,481369.0,481369000.0
1015560,481086.0,481086000.0
324340,477712.0,477712000.0
680813,477013.0,477013000.0
3228908,473641.0,473641000.0
900306,473251.0,473251000.0
2867337,473015.0,473015000.0
542528,471967.0,471967000.0
56351,469373.0,469373000.0
419406,467639.0,467639000.0
236153,466948.0,466948000.0
1867983,463649.0,463649000.0
2353595,463039.0,463039000.0
2562164,462376.0,462376000.0
913753,460915.0,460915000.0
2758613,459935.0,459935000.0
1007015,457215.0,457215000.0
3029589,454518.0,454518000.0
845573,453624.0,453624000.0
825146,453599.0,453599000.0
105473,453235.0,453235000.0
2390929,452413.0,452413000.0
739560,449774.0,449774000.0
929978,449729.0,449729000.0
703767,446172.0,446172000.0
673909,445752.0,445752000.0
548351,445408.0,445408000.0
13103,444136.0,444136000.0
575254,443664.0,443664000.0
161273,441541.0,441541000.0
1356768,440718.0,440718000.0
374653,439805.0,439805000.0
945053,438403.0,438403000.0
256553,437223.0,437223000.0
2654911,435366.0,435366000.0
3437456,433528.0,433528000.0
161602,431652.0,431652000.0
662369,430250.0,430250000.0
355858,429826.0,429826000.0
2693264,428439.0,428439000.0
933975,424076.0,424076000.0
3401970,422380.0,422380000.0
535753,421125.0,421125000.0
99376,420749.0,420749000.0
474254,420287.0,420287000.0
3325759,419394.0,419394000.0
557858,416580.0,416580000.0
211271,412172.0,412172000.0
866000,408416.0,408416000.0
1436204,407114.0,407114000.0
2963266,405715.0,405715000.0
2576134,404650.0,404650000.0
911973,404396.0,404396000.0
822556,403957.0,403957000.0
1009354,400854.0,400854000.0
529958,399255.0,399255000.0
1157415,398341.0,398341000.0
537449,397453.0,397453000.0
1883321,397116.0,397116000.0
384278,397108.0,397108000.0
1001639,395696.0,395696000.0
3476192,394745.0,394745000.0
3547131,394333.0,394333000.0
26765,393934.0,393934000.0
717924,391859.0,391859000.0
876700,389469.0,389469000.0
460033,389231.0,389231000.0
3804535,389152.0,389152000.0
3281510,389120.0,389120000.0
976703,385346.0,385346000.0
613400,384572.0,384572000.0
223322,384084.0,384084000.0
439338,379239.0,379239000.0
2434113,379005.0,379005000.0
376273,375873.0,375873000.0
5210,374810.0,374810000.0
584920,374075.0,374075000.0
214414,372919.0,372919000.0
2734729,372598.0,372598000.0
2694681,371040.0,371040000.0
751656,370996.0,370996000.0
2044811,368614.0,368614000.0
852544,368458.0,368458000.0
995076,368416.0,368416000.0
3235410,368002.0,368002000.0
3212402,366089.0,366089000.0
2849801,365973.0,365973000.0
3629420,365247.0,365247000.0
112163,362940.0,362940000.0
2954059,357798.0,357798000.0
3017081,357013.0,357013000.0
2764212,353998.0,353998000.0
557317,351512.0,351512000.0
9807,347330.0,347330000.0
140362,346374.0,346374000.0
1018927,344920.0,344920000.0
139740,344266.0,344266000.0
4457536,341236.0,341236000.0
254317,340209.0,340209000.0
657271,339730.0,339730000.0
1447639,338663.0,338663000.0
407506,338653.0,338653000.0
3109043,338327.0,338327000.0
657459,337193.0,337193000.0
671334,336990.0,336990000.0
330855,336807.0,336807000.0
978118,334692.0,334692000.0
2891622,334012.0,334012000.0
867650,333981.0,333981000.0
914648,331969.0,331969000.0
278555,328756.0,328756000.0
971959,327758.0,327758000.0
310978,326974.0,326974000.0
2743244,326972.0,326972000.0
2298995,326406.0,326406000.0
110936,325984.0,325984000.0
936583,325759.0,325759000.0
525549,322781.0,322781000.0
2757205,321690.0,321690000.0
842460,319460.0,319460000.0
428547,319398.0,319398000.0
779351,319298.0,319298000.0
961576,318191.0,318191000.0
507068,316421.0,316421000.0
1890525,316299.0,316299000.0
823478,316108.0,316108000.0
84541,315671.0,315671000.0
2808602,315212.0,315212000.0
762474,314423.0,314423000.0
3189063,314131.0,314131000.0
233527,313610.0,313610000.0
324863,312943.0,312943000.0
491934,311867.0,311867000.0
160959,311726.0,311726000.0
328777,308429.0,308429000.0
302656,306532.0,306532000.0
543262,302390.0,302390000.0
422433,301938.0,301938000.0
455972,301686.0,301686000.0
265407,301653.0,301653000.0
689209,299636.0,299636000.0
3374412,298187.0,298187000.0
3437157,298129.0,298129000.0
2142155,297788.0,297788000.0
459671,297020.0,297020000.0
139843,296496.0,296496000.0
928421,296202.0,296202000.0
895710,295898.0,295898000.0
528960,292940.0,292940000.0
443205,292526.0,292526000.0
1458608,291984.0,291984000.0
3158546,291357.0,291357000.0
441256,290963.0,290963000.0
24006,289842.0,289842000.0
397540,288704.0,288704000.0
546003,287866.0,287866000.0
1001648,287612.0,287612000.0
293053,287541.0,287541000.0
648242,286048.0,286048000.0
18827,286007.0,286007000.0
1718188,285767.0,285767000.0
233554,285754.0,285754000.0
622774,284967.0,284967000.0
3386264,284842.0,284842000.0
599764,284176.0,284176000.0
201834,283406.0,283406000.0
42448,283206.0,283206000.0
113601,282051.0,282051000.0
232856,280564.0,280564000.0
645465,278238.0,278238000.0
2594240,277498.0,277498000.0
3449066,277262.0,277262000.0
1387605,277244.0,277244000.0
3419416,276518.0,276518000.0
137205,275708.0,275708000.0
3110197,274900.0,274900000.0
3248849,274890.0,274890000.0
965789,273268.0,273268000.0
536059,272085.0,272085000.0
67656,269651.0,269651000.0
797775,268499.0,268499000.0
785923,268215.0,268215000.0
193809,267178.0,267178000.0
670560,267110.0,267110000.0
3404207,266592.0,266592000.0
884303,266539.0,266539000.0
2339795,265236.0,265236000.0
656470,264701.0,264701000.0
975751,264407.0,264407000.0
547840,264154.0,264154000.0
237619,263659.0,263659000.0
3851427,262742.0,262742000.0
3356191,262045.0,262045000.0
237066,261863.0,261863000.0
3337097,261326.0,261326000.0
3216017,261257.0,261257000.0
3545258,260839.0,260839000.0
595430,259503.0,259503000.0
176101,258490.0,258490000.0
214106,258333.0,258333000.0
613950,257181.0,257181000.0
273336,256136.0,256136000.0
3595271,255677.0,255677000.0
3614976,255609.0,255609000.0
294779,254942.0,254942000.0
771609,254722.0,254722000.0
345309,254696.0,254696000.0
2973386,254175.0,254175000.0
37435,253623.0,253623000.0
497039,252003.0,252003000.0
2986407,251152.0,251152000.0
499501,250972.0,250972000.0
539032,250462.0,250462000.0
538802,249414.0,249414000.0
86675,248816.0,248816000.0
12946,248652.0,248652000.0
2297998,248565.0,248565000.0
574976,248452.0,248452000.0
247140,247622.0,247622000.0
1494914,246607.0,246607000.0
3047659,246462.0,246462000.0
1718469,244897.0,244897000.0
892205,244460.0,244460000.0
564557,244457.0,244457000.0
154770,244129.0,244129000.0
255574,243297.0,243297000.0
339072,242778.0,242778000.0
860053,241670.0,241670000.0
2596646,241178.0,241178000.0
2531991,240810.0,240810000.0
3016347,239888.0,239888000.0
687951,239285.0,239285000.0
5859511,239268.0,239268000.0
807955,238860.0,238860000.0
289702,238741.0,238741000.0
200435,238023.0,238023000.0
498362,237979.0,237979000.0
380458,237950.0,237950000.0
552161,237253.0,237253000.0
439404,236733.0,236733000.0
685676,235108.0,235108000.0
268006,235044.0,235044000.0
864471,234630.0,234630000.0
5069,234580.0,234580000.0
2970657,232657.0,232657000.0
245016,232517.0,232517000.0
767974,230975.0,230975000.0
882701,230948.0,230948000.0
18854,230808.0,230808000.0
3447820,230129.0,230129000.0
952677,229331.0,229331000.0
925037,229052.0,229052000.0
773470,228985.0,228985000.0
625654,228190.0,228190000.0
3271799,228127.0,228127000.0
3146150,228063.0,228063000.0
403151,226894.0,226894000.0
583905,226000.0,226000000.0
5050028,225296.0,225296000.0
59316,225018.0,225018000.0
962890,224625.0,224625000.0
397755,224520.0,224520000.0
106359,224350.0,224350000.0
526452,224173.0,224173000.0
5514409,224118.0,224118000.0
546544,223507.0,223507000.0
772008,222706.0,222706000.0
3793714,222335.0,222335000.0
473266,221324.0,221324000.0
3274709,220706.0,220706000.0
3214059,219042.0,219042000.0
48374,217754.0,217754000.0
1007819,217636.0,217636000.0
318974,217603.0,217603000.0
711472,217227.0,217227000.0
578255,216973.0,216973000.0
177920,216783.0,216783000.0
113003,214770.0,214770000.0
923707,214717.0,214717000.0
619701,214195.0,214195000.0
626101,214009.0,214009000.0
972648,212433.0,212433000.0
375502,212262.0,212262000.0
482156,211719.0,211719000.0
2132941,211691.0,211691000.0
3357219,211472.0,211472000.0
3548567,211092.0,211092000.0
45560,211052.0,211052000.0
51253,210468.0,210468000.0
3678857,210068.0,210068000.0
2497181,209412.0,209412000.0
1445943,209290.0,209290000.0
110413,209063.0,209063000.0
785473,208597.0,208597000.0
234739,208043.0,208043000.0
2697963,207269.0,207269000.0
939249,206955.0,206955000.0
133850,206506.0,206506000.0
709602,206498.0,206498000.0
366238,206453.0,206453000.0
677644,205607.0,205607000.0
738040,205534.0,205534000.0
247355,204930.0,204930000.0
753324,204734.0,204734000.0
703552,204624.0,204624000.0
3398623,204275.0,204275000.0
433505,203598.0,203598000.0
3344321,202441.0,202441000.0
177751,200971.0,200971000.0
627108,200877.0,200877000.0
1459717,200733.0,200733000.0
674849,200187.0,200187000.0
994435,200103.0,200103000.0
243375,200077.0,200077000.0
279105,199283.0,199283000.0
775456,199091.0,199091000.0
757377,198379.0,198379000.0
65858,197096.0,197096000.0
859002,196738.0,196738000.0
61122,196404.0,196404000.0
2140348,196135.0,196135000.0
2736714,195893.0,195893000.0
2344753,195755.0,195755000.0
2847142,195751.0,195751000.0
537560,195410.0,195410000.0
806846,195385.0,195385000.0
774132,195301.0,195301000.0
2747587,194369.0,194369000.0
670467,194254.0,194254000.0
423739,193945.0,193945000.0
502849,193890.0,193890000.0
418249,193740.0,193740000.0
783161,192282.0,192282000.0
282075,191895.0,191895000.0
3437483,191408.0,191408000.0
253356,190899.0,190899000.0
159971,187968.0,187968000.0
242976,187964.0,187964000.0
517049,187353.0,187353000.0
2332910,186979.0,186979000.0
2666400,186595.0,186595000.0
804338,186569.0,186569000.0
830542,186248.0,186248000.0
983457,185453.0,185453000.0
786210,185443.0,185443000.0
1864197,185405.0,185405000.0
3719648,184484.0,184484000.0
186744,184443.0,184443000.0
69333,182773.0,182773000.0
790543,182700.0,182700000.0
716833,182255.0,182255000.0
65205,182208.0,182208000.0
369659,181773.0,181773000.0
473042,181574.0,181574000.0
921178,181494.0,181494000.0
960935,180636.0,180636000.0
273662,180441.0,180441000.0
326858,179875.0,179875000.0
117458,179611.0,179611000.0
631422,179296.0,179296000.0
1004470,179080.0,179080000.0
2482824,178985.0,178985000.0
49241,178969.0,178969000.0
6329,178947.0,178947000.0
3608751,178824.0,178824000.0
933377,178303.0,178303000.0
923752,178211.0,178211000.0
893855,177403.0,177403000.0
508346,177081.0,177081000.0
490450,176583.0,176583000.0
645317,176518.0,176518000.0
2624400,176308.0,176308000.0
779968,175920.0,175920000.0
425911,175645.0,175645000.0
132107,175467.0,175467000.0
340135,175201.0,175201000.0
958204,175187.0,175187000.0
3807880,174820.0,174820000.0
276850,174363.0,174363000.0
2667920,174285.0,174285000.0
187947,174202.0,174202000.0
738769,174082.0,174082000.0
134437,173700.0,173700000.0
3284490,173009.0,173009000.0
403179,172717.0,172717000.0
890742,172700.0,172700000.0
899428,172414.0,172414000.0
74140,172263.0,172263000.0
881012,172248.0,172248000.0
778738,171951.0,171951000.0
2708122,171945.0,171945000.0
290249,171727.0,171727000.0
242444,170563.0,170563000.0
680457,170528.0,170528000.0
275358,170468.0,170468000.0
514066,169412.0,169412000.0
2748502,169295.0,169295000.0
481177,168999.0,168999000.0
3720608,168960.0,168960000.0
726953,168847.0,168847000.0
717737,168618.0,168618000.0
463650,168608.0,168608000.0
3404373,168419.0,168419000.0
2785646,168161.0,168161000.0
3280625,167834.0,167834000.0
309655,167573.0,167573000.0
289515,166962.0,166962000.0
3404506,166751.0,166751000.0
2068107,166263.0,166263000.0
470452,165471.0,165471000.0
247908,165281.0,165281000.0
118156,164994.0,164994000.0
2328137,164658.0,164658000.0
408642,164500.0,164500000.0
3636446,164398.0,164398000.0
2736219,163437.0,163437000.0
298218,163365.0,163365000.0
454676,163232.0,163232000.0
734538,162839.0,162839000.0
2947556,162488.0,162488000.0
146663,162117.0,162117000.0
646172,161889.0,161889000.0
209858,161803.0,161803000.0
856243,161619.0,161619000.0
63733,161311.0,161311000.0
375043,161230.0,161230000.0
524579,161168.0,161168000.0
564052,160830.0,160830000.0
173575,160669.0,160669000.0
2806877,160246.0,160246000.0
818401,159975.0,159975000.0
844053,159940.0,159940000.0
4536084,159883.0,159883000.0
840363,159484.0,159484000.0
3588424,159132.0,159132000.0
527600,158841.0,158841000.0
2686211,158706.0,158706000.0
97804,158609.0,158609000.0
528849,158416.0,158416000.0
584377,158151.0,158151000.0
248240,158027.0,158027000.0
212522,158008.0,158008000.0
886204,157946.0,157946000.0
1009242,157891.0,157891000.0
304173,157729.0,157729000.0
220527,157363.0,157363000.0
771458,157300.0,157300000.0
982142,156955.0,156955000.0
283737,156823.0,156823000.0
1394621,156786.0,156786000.0
887340,156779.0,156779000.0
150035,156732.0,156732000.0
684455,156588.0,156588000.0
2834759,156384.0,156384000.0
592448,156241.0,156241000.0
828651,156039.0,156039000.0
727174,155240.0,155240000.0
577137,154593.0,154593000.0
3610718,154555.0,154555000.0
214722,154336.0,154336000.0
754929,154051.0,154051000.0
614313,153922.0,153922000.0
171768,153798.0,153798000.0
498317,153726.0,153726000.0
568470,153151.0,153151000.0
2262718,153069.0,153069000.0
375566,152777.0,152777000.0
371924,152541.0,152541000.0
447100,152509.0,152509000.0
600419,152141.0,152141000.0
1016231,152117.0,152117000.0
2009605,151865.0,151865000.0
120609,151863.0,151863000.0
119779,151405.0,151405000.0
735441,150377.0,150377000.0
624778,150292.0,150292000.0
507509,150184.0,150184000.0
3633173,149994.0,149994000.0
502111,149943.0,149943000.0
3076604,149475.0,149475000.0
2325882,149388.0,149388000.0
754826,148691.0,148691000.0
3465392,148604.0,148604000.0
185859,148514.0,148514000.0
738303,148408.0,148408000.0
613343,148221.0,148221000.0
2880019,147957.0,147957000.0
3637247,147767.0,147767000.0
952172,147671.0,147671000.0
576608,147515.0,147515000.0
840747,147446.0,147446000.0
1169650,147034.0,147034000.0
1011638,147005.0,147005000.0
589943,146914.0,146914000.0
372538,146541.0,146541000.0
88231,146127.0,146127000.0
101037,145568.0,145568000.0
765505,145158.0,145158000.0
556936,144924.0,144924000.0
286457,144763.0,144763000.0
3597211,144685.0,144685000.0
403946,144045.0,144045000.0
741330,143881.0,143881000.0
606653,143826.0,143826000.0
323204,143753.0,143753000.0
2877840,143452.0,143452000.0
163549,143408.0,143408000.0
885869,143325.0,143325000.0
396253,143183.0,143183000.0
2625724,142979.0,142979000.0
540551,142975.0,142975000.0
492650,142813.0,142813000.0
934271,142731.0,142731000.0
520003,142689.0,142689000.0
1006148,142636.0,142636000.0
729310,142599.0,142599000.0
732918,141824.0,141824000.0
956750,141633.0,141633000.0
2605566,141448.0,141448000.0
959715,141174.0,141174000.0
822042,140887.0,140887000.0
972862,140851.0,140851000.0
1162017,140837.0,140837000.0
444350,140734.0,140734000.0
594433,140533.0,140533000.0
783844,140427.0,140427000.0
554857,140110.0,140110000.0
763677,140075.0,140075000.0
2921659,139515.0,139515000.0
2451240,139447.0,139447000.0
3320781,139042.0,139042000.0
67209,138933.0,138933000.0
186221,138724.0,138724000.0
995272,138561.0,138561000.0
196800,137835.0,137835000.0
758851,137801.0,137801000.0
3388482,137547.0,137547000.0
3141726,137130.0,137130000.0
261360,136354.0,136354000.0
931038,136347.0,136347000.0
465618,136135.0,136135000.0
207050,135874.0,135874000.0
859141,135739.0,135739000.0
930358,135663.0,135663000.0
3470154,135384.0,135384000.0
565750,135261.0,135261000.0
439356,135067.0,135067000.0
3052813,134799.0,134799000.0
1013070,134648.0,134648000.0
125855,134624.0,134624000.0
3623110,134505.0,134505000.0
279954,134003.0,134003000.0
1228034,133921.0,133921000.0
869663,133822.0,133822000.0
593052,133707.0,133707000.0
928618,133627.0,133627000.0
972732,133517.0,133517000.0
17978,133476.0,133476000.0
283867,133394.0,133394000.0
33857,133367.0,133367000.0
348720,132975.0,132975000.0
435750,132957.0,132957000.0
3243282,132895.0,132895000.0
594853,132229.0,132229000.0
3066025,132213.0,132213000.0
384652,131658.0,131658000.0
985479,131604.0,131604000.0
3529315,131478.0,131478000.0
307679,131397.0,131397000.0
300063,131324.0,131324000.0
3971,131109.0,131109000.0
61355,130928.0,130928000.0
340144,130805.0,130805000.0
845247,130495.0,130495000.0
228000,130465.0,130465000.0
956938,130130.0,130130000.0
498531,130030.0,130030000.0
362717,129790.0,129790000.0
2719810,129726.0,129726000.0
304913,129725.0,129725000.0
133971,129572.0,129572000.0
852713,129514.0,129514000.0
777366,129455.0,129455000.0
234355,129389.0,129389000.0
3386536,129152.0,129152000.0
162337,128484.0,128484000.0
833404,128337.0,128337000.0
702612,128058.0,128058000.0
632607,128015.0,128015000.0
900502,127902.0,127902000.0
648130,127793.0,127793000.0
27070,127460.0,127460000.0
927479,127283.0,127283000.0
397531,127118.0,127118000.0
1396764,126702.0,126702000.0
339607,126615.0,126615000.0
790918,126508.0,126508000.0
427353,126039.0,126039000.0
195111,125977.0,125977000.0
153353,125948.0,125948000.0
666554,125674.0,125674000.0
613558,125601.0,125601000.0
631570,125226.0,125226000.0
856748,125140.0,125140000.0
60330,125049.0,125049000.0
770657,124596.0,124596000.0
3350724,124536.0,124536000.0
879457,124413.0,124413000.0
99536,124320.0,124320000.0
186717,124277.0,124277000.0
7009,124134.0,124134000.0
536554,123936.0,123936000.0
311050,123590.0,123590000.0
207845,123280.0,123280000.0
419675,123251.0,123251000.0
311603,123199.0,123199000.0
139553,123000.0,123000000.0
930442,122409.0,122409000.0
283438,122365.0,122365000.0
873259,122105.0,122105000.0
831008,121900.0,121900000.0
314257,121846.0,121846000.0
215662,121693.0,121693000.0
759045,121096.0,121096000.0
3297490,120684.0,120684000.0
39327,120608.0,120608000.0
189129,120607.0,120607000.0
596062,120555.0,120555000.0
501459,120397.0,120397000.0
2785477,120280.0,120280000.0
2732,120251.0,120251000.0
428060,120146.0,120146000.0
5135,120121.0,120121000.0
45551,120118.0,120118000.0
3688043,120091.0,120091000.0
699105,119617.0,119617000.0
582971,119616.0,119616000.0
74403,119316.0,119316000.0
610128,118960.0,118960000.0
517357,118670.0,118670000.0
666059,118653.0,118653000.0
784159,118633.0,118633000.0
716374,118526.0,118526000.0
928056,118492.0,118492000.0
561659,118456.0,118456000.0
771140,118378.0,118378000.0
2833882,118300.0,118300000.0
601658,118264.0,118264000.0
1885932,118253.0,118253000.0
701222,118215.0,118215000.0
270504,118181.0,118181000.0
517674,118023.0,118023000.0
998844,117986.0,117986000.0
2915461,117905.0,117905000.0
671558,117589.0,117589000.0
592644,117475.0,117475000.0
483274,117272.0,117272000.0
94522,116878.0,116878000.0
113740,116807.0,116807000.0
68756,116652.0,116652000.0
867632,116651.0,116651000.0
589523,116621.0,116621000.0
3284445,116258.0,116258000.0
300009,116115.0,116115000.0
980960,116099.0,116099000.0
933041,116060.0,116060000.0
1016259,115810.0,115810000.0
63573,115801.0,115801000.0
154154,115688.0,115688000.0
113441,115551.0,115551000.0
1001059,115253.0,115253000.0
550279,115168.0,115168000.0
279842,114843.0,114843000.0
301800,114490.0,114490000.0
31255,114451.0,114451000.0
3068579,114062.0,114062000.0
982348,114031.0,114031000.0
2771694,113948.0,113948000.0
2716088,113942.0,113942000.0
754853,113836.0,113836000.0
1469677,113683.0,113683000.0
901938,113658.0,113658000.0
812557,113374.0,113374000.0
44433,112893.0,112893000.0
548771,112623.0,112623000.0
176464,112583.0,112583000.0
980531,112581.0,112581000.0
780218,112449.0,112449000.0
2869162,112006.0,112006000.0
772446,111626.0,111626000.0
151957,111536.0,111536000.0
955977,111419.0,111419000.0
208057,111231.0,111231000.0
429487,111225.0,111225000.0
9357,111187.0,111187000.0
2953418,110827.0,110827000.0
682143,110796.0,110796000.0
3391718,110112.0,110112000.0
401906,110106.0,110106000.0
691958,110089.0,110089000.0
56717,110037.0,110037000.0
732178,109988.0,109988000.0
321273,109841.0,109841000.0
635907,109760.0,109760000.0
938859,109701.0,109701000.0
2580243,109692.0,109692000.0
183668,109500.0,109500000.0
3268249,109490.0,109490000.0
898627,109444.0,109444000.0
220974,109394.0,109394000.0
609609,109167.0,109167000.0
2465881,109110.0,109110000.0
837970,108867.0,108867000.0
47247,108842.0,108842000.0
259330,108623.0,108623000.0
594451,108391.0,108391000.0
2358769,108324.0,108324000.0
12030,108314.0,108314000.0
908553,108204.0,108204000.0
894348,108171.0,108171000.0
2661861,108122.0,108122000.0
245557,107946.0,107946000.0
853804,107895.0,107895000.0
3015939,107845.0,107845000.0
33259,107821.0,107821000.0
436953,107789.0,107789000.0
285740,107375.0,107375000.0
75259,107278.0,107278000.0
99442,106809.0,106809000.0
448040,106699.0,106699000.0
5592340,106665.0,106665000.0
2515320,106618.0,106618000.0
921039,106572.0,106572000.0
1016857,106527.0,106527000.0
585749,106494.0,106494000.0
950178,106074.0,106074000.0
590976,105877.0,105877000.0
4845861,105815.0,105815000.0
83375,105582.0,105582000.0
886624,105504.0,105504000.0
852704,105322.0,105322000.0
100357,105136.0,105136000.0
268976,104873.0,104873000.0
3614837,104382.0,104382000.0
536527,104263.0,104263000.0
3455227,104111.0,104111000.0
137652,103896.0,103896000.0
5210989,103714.0,103714000.0
327855,103667.0,103667000.0
819855,103541.0,103541000.0
3384952,103355.0,103355000.0
3290240,103332.0,103332000.0
499453,103311.0,103311000.0
2826017,103076.0,103076000.0
865151,103042.0,103042000.0
115575,102799.0,102799000.0
2877345,102495.0,102495000.0
3019982,102436.0,102436000.0
852973,102416.0,102416000.0
183770,102303.0,102303000.0
2839790,102292.0,102292000.0
627854,102208.0,102208000.0
2568063,102188.0,102188000.0
319551,102048.0,102048000.0
2006024,101943.0,101943000.0
191935,101634.0,101634000.0
3140822,101477.0,101477000.0
606176,101294.0,101294000.0
516855,101293.0,101293000.0
3635029,100894.0,100894000.0
5349218,100879.0,100879000.0
150044,100861.0,100861000.0
382649,100695.0,100695000.0
2819167,100661.0,100661000.0
3306280,100602.0,100602000.0
327305,100553.0,100553000.0
355120,100388.0,100388000.0
1429028,100261.0,100261000.0
3619216,100060.0,100060000.0
972769,99990.0,99990000.0
313577,99897.0,99897000.0
1414819,99866.0,99866000.0
343903,99844.0,99844000.0
2929392,99699.0,99699000.0
643078,99434.0,99434000.0
2948058,99287.0,99287000.0
329345,99259.0,99259000.0
1222519,99173.0,99173000.0
90328,99083.0,99083000.0
1011656,99043.0,99043000.0
451273,98956.0,98956000.0
2849463,98817.0,98817000.0
583268,98695.0,98695000.0
526519,98574.0,98574000.0
3821822,98522.0,98522000.0
3165357,98457.0,98457000.0
561574,98108.0,98108000.0
88455,98107.0,98107000.0
738013,98061.0,98061000.0
498148,97968.0,97968000.0
493844,97829.0,97829000.0
213471,97772.0,97772000.0
5205819,97706.0,97706000.0
820048,97523.0,97523000.0
497954,97352.0,97352000.0
90337,97276.0,97276000.0
990352,97189.0,97189000.0
345877,97062.0,97062000.0
111205,97021.0,97021000.0
1222948,96808.0,96808000.0
150727,96658.0,96658000.0
534877,96627.0,96627000.0
899008,96547.0,96547000.0
72258,96301.0,96301000.0
780722,96120.0,96120000.0
466754,96091.0,96091000.0
41825,95939.0,95939000.0
488318,95871.0,95871000.0
715340,95850.0,95850000.0
713926,95762.0,95762000.0
616036,95713.0,95713000.0
3374382,95686.0,95686000.0
870539,95675.0,95675000.0
698144,95633.0,95633000.0
590640,95562.0,95562000.0
542667,95409.0,95409000.0
737548,95289.0,95289000.0
14865,95225.0,95225000.0
950141,95091.0,95091000.0
586027,94933.0,94933000.0
839068,94824.0,94824000.0
615217,94795.0,94795000.0
544652,94204.0,94204000.0
805755,94176.0,94176000.0
3482111,94034.0,94034000.0
261940,93945.0,93945000.0
625159,93941.0,93941000.0
614368,93916.0,93916000.0
976552,93777.0,93777000.0
669555,93734.0,93734000.0
2997748,93523.0,93523000.0
329952,93149.0,93149000.0
3821037,93042.0,93042000.0
144034,93018.0,93018000.0
126834,93015.0,93015000.0
586072,92875.0,92875000.0
3397233,92766.0,92766000.0
2958972,92463.0,92463000.0
898850,92294.0,92294000.0
2838207,92288.0,92288000.0
326979,92280.0,92280000.0
637554,92181.0,92181000.0
653611,92154.0,92154000.0
979629,92148.0,92148000.0
94139,92130.0,92130000.0
239659,92056.0,92056000.0
568359,91999.0,91999000.0
307062,91691.0,91691000.0
408875,91672.0,91672000.0
3690701,91563.0,91563000.0
2797359,91462.0,91462000.0
340751,91303.0,91303000.0
65559,91153.0,91153000.0
815156,91089.0,91089000.0
583754,90760.0,90760000.0
590220,90741.0,90741000.0
629353,90739.0,90739000.0
301574,90704.0,90704000.0
2920773,90697.0,90697000.0
266945,90528.0,90528000.0
291611,90489.0,90489000.0
3224302,90253.0,90253000.0
918477,90136.0,90136000.0
739355,90124.0,90124000.0
441050,90121.0,90121000.0
3404999,90089.0,90089000.0
895055,89649.0,89649000.0
538473,89643.0,89643000.0
450632,89555.0,89555000.0
3472046,89513.0,89513000.0
269049,89510.0,89510000.0
3459207,89407.0,89407000.0
140157,89163.0,89163000.0
163857,89134.0,89134000.0
139478,89125.0,89125000.0
87234,88832.0,88832000.0
3040418,88783.0,88783000.0
2316714,88779.0,88779000.0
466240,88517.0,88517000.0
915065,88504.0,88504000.0
385471,88413.0,88413000.0
3354599,88316.0,88316000.0
665865,88198.0,88198000.0
3153297,88062.0,88062000.0
888271,88004.0,88004000.0
924236,87975.0,87975000.0
3671997,87975.0,87975000.0
680130,87920.0,87920000.0
759625,87788.0,87788000.0
2667957,87656.0,87656000.0
639549,87594.0,87594000.0
450959,87554.0,87554000.0
712059,87391.0,87391000.0
722816,87042.0,87042000.0
467658,86971.0,86971000.0
3588312,86963.0,86963000.0
3224375,86762.0,86762000.0
1188772,86634.0,86634000.0
423449,86526.0,86526000.0
333203,86521.0,86521000.0
376442,86404.0,86404000.0
754068,86358.0,86358000.0
1014125,86202.0,86202000.0
414764,86130.0,86130000.0
3122994,85969.0,85969000.0
2736451,85953.0,85953000.0
977951,85930.0,85930000.0
3472859,85755.0,85755000.0
3437148,85712.0,85712000.0
997847,85700.0,85700000.0
967046,85678.0,85678000.0
3435948,85676.0,85676000.0
160360,85573.0,85573000.0
1000641,85546.0,85546000.0
609476,85442.0,85442000.0
636276,85411.0,85411000.0
56548,85313.0,85313000.0
3184228,85307.0,85307000.0
306908,84937.0,84937000.0
831642,84836.0,84836000.0
900146,84796.0,84796000.0
543459,84762.0,84762000.0
749635,84747.0,84747000.0
3045383,84572.0,84572000.0
3404467,84512.0,84512000.0
587677,84489.0,84489000.0
1007417,84443.0,84443000.0
391977,84442.0,84442000.0
111942,84314.0,84314000.0
615954,84308.0,84308000.0
824653,84306.0,84306000.0
916745,84299.0,84299000.0
531250,84195.0,84195000.0
262844,84187.0,84187000.0
884442,84151.0,84151000.0
501132,84002.0,84002000.0
819453,84001.0,84001000.0
3309571,83734.0,83734000.0
2631846,83664.0,83664000.0
525053,83600.0,83600000.0
145545,83480.0,83480000.0
785147,83226.0,83226000.0
2398701,83219.0,83219000.0
806958,83067.0,83067000.0
393953,82533.0,82533000.0
734350,82502.0,82502000.0
495419,82365.0,82365000.0
345756,82170.0,82170000.0
884358,82089.0,82089000.0
3340725,81998.0,81998000.0
18050,81948.0,81948000.0
835743,81771.0,81771000.0
2236821,81722.0,81722000.0
340742,81644.0,81644000.0
529341,81576.0,81576000.0
2943615,81448.0,81448000.0
3166699,81341.0,81341000.0
2794732,81320.0,81320000.0
142955,81233.0,81233000.0
934673,81016.0,81016000.0
2745426,80944.0,80944000.0
447070,80824.0,80824000.0
532042,80771.0,80771000.0
853671,80632.0,80632000.0
1454,80610.0,80610000.0
341310,80426.0,80426000.0
3194692,80273.0,80273000.0
98463,80160.0,80160000.0
459372,79973.0,79973000.0
257233,79829.0,79829000.0
953535,79796.0,79796000.0
920854,79708.0,79708000.0
514655,79422.0,79422000.0
5227101,79230.0,79230000.0
3368925,79213.0,79213000.0
207872,79161.0,79161000.0
711801,79129.0,79129000.0
277820,78913.0,78913000.0
479839,78856.0,78856000.0
340256,78659.0,78659000.0
3357385,78520.0,78520000.0
42372,78474.0,78474000.0
1003839,78265.0,78265000.0
67151,78206.0,78206000.0
3555248,77999.0,77999000.0
3488579,77943.0,77943000.0
1459735,77839.0,77839000.0
3547896,77823.0,77823000.0
839572,77781.0,77781000.0
505550,77720.0,77720000.0
51842,77667.0,77667000.0
718145,77662.0,77662000.0
1005075,77630.0,77630000.0
417626,77553.0,77553000.0
2687487,77486.0,77486000.0
505,77408.0,77408000.0
246956,77380.0,77380000.0
917555,77274.0,77274000.0
545604,77254.0,77254000.0
296456,77220.0,77220000.0
344647,77174.0,77174000.0
3729124,77154.0,77154000.0
106452,77034.0,77034000.0
55970,76891.0,76891000.0
228158,76604.0,76604000.0
262358,76432.0,76432000.0
219651,76356.0,76356000.0
863746,76120.0,76120000.0
3272956,75912.0,75912000.0
671147,75855.0,75855000.0
1002373,75844.0,75844000.0
583352,75791.0,75791000.0
827560,75748.0,75748000.0
477321,75644.0,75644000.0
59352,75638.0,75638000.0
5192496,75469.0,75469000.0
403870,75440.0,75440000.0
192857,75403.0,75403000.0
696430,75316.0,75316000.0
785950,75302.0,75302000.0
663955,75286.0,75286000.0
888833,75014.0,75014000.0
872047,74912.0,74912000.0
550635,74789.0,74789000.0
239556,74757.0,74757000.0
3293540,74690.0,74690000.0
447557,74654.0,74654000.0
264455,74642.0,74642000.0
5686089,74559.0,74559000.0
169756,74465.0,74465000.0
2903123,74439.0,74439000.0
743679,74385.0,74385000.0
448554,74276.0,74276000.0
935250,74251.0,74251000.0
791821,74161.0,74161000.0
2919898,74090.0,74090000.0
92676,74013.0,74013000.0
2954497,73912.0,73912000.0
215345,73906.0,73906000.0
922559,73778.0,73778000.0
988153,73744.0,73744000.0
2649177,73431.0,73431000.0
166652,73428.0,73428000.0
721949,73396.0,73396000.0
57451,73322.0,73322000.0
991621,73140.0,73140000.0
561864,73134.0,73134000.0
366078,72596.0,72596000.0
767732,72590.0,72590000.0
540775,72581.0,72581000.0
5382514,72564.0,72564000.0
1481745,72538.0,72538000.0
100777,72409.0,72409000.0
458544,72402.0,72402000.0
637170,72333.0,72333000.0
721350,72090.0,72090000.0
724744,72020.0,72020000.0
561145,71990.0,71990000.0
898579,71784.0,71784000.0
2800491,71780.0,71780000.0
441359,71726.0,71726000.0
908861,71677.0,71677000.0
1000052,71567.0,71567000.0
574949,71399.0,71399000.0
3348468,71325.0,71325000.0
125154,71315.0,71315000.0
420578,71287.0,71287000.0
576644,71266.0,71266000.0
227151,71238.0,71238000.0
144052,71220.0,71220000.0
524971,71195.0,71195000.0
295011,71153.0,71153000.0
678070,71153.0,71153000.0
875936,71137.0,71137000.0
824671,71000.0,71000000.0
2539960,70962.0,70962000.0
3288452,70961.0,70961000.0
1007154,70893.0,70893000.0
500256,70881.0,70881000.0
744854,70823.0,70823000.0
86349,70805.0,70805000.0
429021,70723.0,70723000.0
1017425,70686.0,70686000.0
491402,70680.0,70680000.0
124344,70661.0,70661000.0
760854,70645.0,70645000.0
3626858,70604.0,70604000.0
131436,70599.0,70599000.0
3039636,70571.0,70571000.0
413646,70522.0,70522000.0
210238,70515.0,70515000.0
27847,70453.0,70453000.0
5461,70403.0,70403000.0
797140,70279.0,70279000.0
345747,70176.0,70176000.0
3466988,70176.0,70176000.0
61757,70162.0,70162000.0
859552,70124.0,70124000.0
2914268,70119.0,70119000.0
2756909,70051.0,70051000.0
209148,70011.0,70011000.0
1863097,69945.0,69945000.0
961400,69931.0,69931000.0
837608,69881.0,69881000.0
487357,69878.0,69878000.0
101671,69827.0,69827000.0
2787770,69779.0,69779000.0
501815,69591.0,69591000.0
549862,69565.0,69565000.0
3217957,69562.0,69562000.0
888552,69552.0,69552000.0
5518023,69490.0,69490000.0
47500,69475.0,69475000.0
809276,69381.0,69381000.0
891226,69329.0,69329000.0
909055,69275.0,69275000.0
408307,69207.0,69207000.0
695349,69170.0,69170000.0
647218,69157.0,69157000.0
277240,69142.0,69142000.0
481627,69123.0,69123000.0
2791085,69118.0,69118000.0
1011955,69039.0,69039000.0
90579,69035.0,69035000.0
144913,69031.0,69031000.0
397559,68984.0,68984000.0
147923,68960.0,68960000.0
333650,68916.0,68916000.0
542340,68856.0,68856000.0
775054,68815.0,68815000.0
651448,68813.0,68813000.0
238737,68786.0,68786000.0
252041,68783.0,68783000.0
812436,68751.0,68751000.0
3690635,68746.0,68746000.0
662949,68640.0,68640000.0
205243,68483.0,68483000.0
39756,68471.0,68471000.0
455552,68446.0,68446000.0
702911,68417.0,68417000.0
511832,68335.0,68335000.0
473930,68326.0,68326000.0
618740,68271.0,68271000.0
333856,68199.0,68199000.0
507152,68193.0,68193000.0
199463,68152.0,68152000.0
580155,68083.0,68083000.0
75446,68073.0,68073000.0
869551,67984.0,67984000.0
3267738,67933.0,67933000.0
660927,67922.0,67922000.0
697231,67858.0,67858000.0
755252,67648.0,67648000.0
1008674,67577.0,67577000.0
833749,67557.0,67557000.0
494654,67545.0,67545000.0
815277,67511.0,67511000.0
339456,67313.0,67313000.0
5788705,67038.0,67038000.0
514048,66893.0,66893000.0
844567,66851.0,66851000.0
1629903,66812.0,66812000.0
66275,66715.0,66715000.0
361055,66657.0,66657000.0
951102,66401.0,66401000.0
2713920,66259.0,66259000.0
913146,66224.0,66224000.0
379649,66159.0,66159000.0
1013744,66151.0,66151000.0
317379,66066.0,66066000.0
246134,66059.0,66059000.0
182951,65995.0,65995000.0
93543,65980.0,65980000.0
294023,65951.0,65951000.0
2371816,65949.0,65949000.0
208570,65843.0,65843000.0
3821626,65842.0,65842000.0
5561001,65838.0,65838000.0
328357,65813.0,65813000.0
414102,65761.0,65761000.0
332224,65733.0,65733000.0
521158,65709.0,65709000.0
510938,65682.0,65682000.0
943675,65664.0,65664000.0
890050,65634.0,65634000.0
2163477,65581.0,65581000.0
404653,65568.0,65568000.0
632858,65566.0,65566000.0
565170,65534.0,65534000.0
2835103,65506.0,65506000.0
820301,65447.0,65447000.0
197302,65237.0,65237000.0
999935,65234.0,65234000.0
832546,65200.0,65200000.0
242257,65189.0,65189000.0
944355,65139.0,65139000.0
584724,65079.0,65079000.0
2667939,65063.0,65063000.0
370020,65060.0,65060000.0
3428258,65038.0,65038000.0
363657,65025.0,65025000.0
248455,64934.0,64934000.0
911160,64837.0,64837000.0
1007873,64765.0,64765000.0
353238,64764.0,64764000.0
803649,64712.0,64712000.0
331076,64707.0,64707000.0
29636,64630.0,64630000.0
244149,64591.0,64591000.0
5342974,64529.0,64529000.0
117074,64476.0,64476000.0
2815879,64454.0,64454000.0
841838,64427.0,64427000.0
133579,64425.0,64425000.0
2339599,64403.0,64403000.0
3174920,64384.0,64384000.0
483751,64318.0,64318000.0
188430,64299.0,64299000.0
390372,64286.0,64286000.0
2858492,64278.0,64278000.0
3832127,64231.0,64231000.0
203043,64122.0,64122000.0
729011,64066.0,64066000.0
55336,64024.0,64024000.0
5136959,63922.0,63922000.0
3593307,63909.0,63909000.0
954279,63898.0,63898000.0
596156,63891.0,63891000.0
382537,63873.0,63873000.0
153054,63489.0,63489000.0
2775179,63486.0,63486000.0
1940747,63428.0,63428000.0
241157,63365.0,63365000.0
734613,63190.0,63190000.0
735067,63154.0,63154000.0
925653,63079.0,63079000.0
937740,63047.0,63047000.0
34742,62792.0,62792000.0
868956,62596.0,62596000.0
779650,62539.0,62539000.0
455253,62539.0,62539000.0
326344,62508.0,62508000.0
73116,62345.0,62345000.0
2729677,62260.0,62260000.0
444556,62258.0,62258000.0
179700,62208.0,62208000.0
670878,62136.0,62136000.0
984258,62080.0,62080000.0
459130,62073.0,62073000.0
763930,62045.0,62045000.0
556459,62000.0,62000000.0
25357,61965.0,61965000.0
982553,61962.0,61962000.0
262741,61954.0,61954000.0
145844,61941.0,61941000.0
496845,61928.0,61928000.0
694847,61909.0,61909000.0
980773,61894.0,61894000.0
518037,61805.0,61805000.0
713476,61736.0,61736000.0
387671,61721.0,61721000.0
604024,61664.0,61664000.0
697156,61657.0,61657000.0
3314043,61490.0,61490000.0
879644,61455.0,61455000.0
299868,61434.0,61434000.0
451068,61426.0,61426000.0
54058,61407.0,61407000.0
17950,61402.0,61402000.0
472616,61373.0,61373000.0
910118,61371.0,61371000.0
790271,61366.0,61366000.0
24949,61299.0,61299000.0
251745,61183.0,61183000.0
114840,61128.0,61128000.0
268828,61123.0,61123000.0
64552,61095.0,61095000.0
3277241,61092.0,61092000.0
3816190,60989.0,60989000.0
312244,60973.0,60973000.0
489548,60962.0,60962000.0
3664588,60917.0,60917000.0
830355,60908.0,60908000.0
259442,60851.0,60851000.0
683449,60822.0,60822000.0
307361,60749.0,60749000.0
43351,60678.0,60678000.0
3048487,60648.0,60648000.0
945071,60626.0,60626000.0
121651,60336.0,60336000.0
698649,60260.0,60260000.0
922344,60219.0,60219000.0
347956,60198.0,60198000.0
208655,60191.0,60191000.0
1016941,60156.0,60156000.0
575834,60154.0,60154000.0
2907439,60116.0,60116000.0
44741,60107.0,60107000.0
906241,60097.0,60097000.0
689357,59972.0,59972000.0
575759,59937.0,59937000.0
453446,59920.0,59920000.0
3655933,59839.0,59839000.0
105026,59798.0,59798000.0
254849,59797.0,59797000.0
63050,59721.0,59721000.0
72678,59699.0,59699000.0
819556,59681.0,59681000.0
59370,59668.0,59668000.0
935308,59643.0,59643000.0
571265,59604.0,59604000.0
770853,59493.0,59493000.0
553944,59422.0,59422000.0
947749,59351.0,59351000.0
655839,59233.0,59233000.0
3636914,59180.0,59180000.0
3185896,59151.0,59151000.0
257578,59103.0,59103000.0
597313,59096.0,59096000.0
544335,59059.0,59059000.0
330239,59059.0,59059000.0
76854,58924.0,58924000.0
813853,58921.0,58921000.0
882242,58917.0,58917000.0
1014657,58850.0,58850000.0
635840,58756.0,58756000.0
416674,58755.0,58755000.0
995517,58646.0,58646000.0
256058,58618.0,58618000.0
975256,58602.0,58602000.0
338646,58506.0,58506000.0
598048,58488.0,58488000.0
728948,58471.0,58471000.0
598002,58470.0,58470000.0
303952,58420.0,58420000.0
630658,58390.0,58390000.0
70414,58381.0,58381000.0
320052,58248.0,58248000.0
294751,58188.0,58188000.0
579140,58117.0,58117000.0
775773,58097.0,58097000.0
458665,58088.0,58088000.0
385686,57975.0,57975000.0
3592047,57927.0,57927000.0
120542,57916.0,57916000.0
355559,57876.0,57876000.0
804374,57819.0,57819000.0
382069,57792.0,57792000.0
3216316,57482.0,57482000.0
192147,57463.0,57463000.0
3247589,57442.0,57442000.0
406059,57374.0,57374000.0
2849285,57267.0,57267000.0
610164,57238.0,57238000.0
513256,57200.0,57200000.0
227777,57065.0,57065000.0
93619,57064.0,57064000.0
853747,57001.0,57001000.0
831576,56900.0,56900000.0
443353,56807.0,56807000.0
536349,56732.0,56732000.0
1836701,56719.0,56719000.0
3217331,56578.0,56578000.0
649342,56469.0,56469000.0
632410,56425.0,56425000.0
206174,56418.0,56418000.0
235530,56378.0,56378000.0
97943,56371.0,56371000.0
762773,56366.0,56366000.0
764058,56292.0,56292000.0
460332,56259.0,56259000.0
779016,56246.0,56246000.0
653134,56199.0,56199000.0
526854,56180.0,56180000.0
334264,56178.0,56178000.0
246022,56135.0,56135000.0
100843,56076.0,56076000.0
929932,56061.0,56061000.0
640246,56006.0,56006000.0
418100,55977.0,55977000.0
904171,55940.0,55940000.0
573036,55875.0,55875000.0
423159,55875.0,55875000.0
2505451,55868.0,55868000.0
514132,55818.0,55818000.0
175140,55605.0,55605000.0
1015850,55599.0,55599000.0
3271986,55580.0,55580000.0
855741,55549.0,55549000.0
732758,55534.0,55534000.0
69678,55527.0,55527000.0
722432,55526.0,55526000.0
67870,55514.0,55514000.0
3349241,55510.0,55510000.0
434203,55494.0,55494000.0
220059,55492.0,55492000.0
218131,55448.0,55448000.0
248633,55391.0,55391000.0
475653,55349.0,55349000.0
3546862,55343.0,55343000.0
621357,55323.0,55323000.0
3357620,55304.0,55304000.0
3451050,55283.0,55283000.0
1872941,55272.0,55272000.0
989347,55259.0,55259000.0
513340,55224.0,55224000.0
109574,55103.0,55103000.0
251978,55052.0,55052000.0
1000276,55017.0,55017000.0
2756730,55000.0,55000000.0
202514,54932.0,54932000.0
386450,54890.0,54890000.0
400141,54814.0,54814000.0
972406,54802.0,54802000.0
520423,54684.0,54684000.0
724904,54676.0,54676000.0
70638,54572.0,54572000.0
472979,54480.0,54480000.0
870650,54440.0,54440000.0
612159,54382.0,54382000.0
761543,54268.0,54268000.0
3537897,54252.0,54252000.0
2797162,54209.0,54209000.0
169354,54199.0,54199000.0
3538009,54198.0,54198000.0
3150205,54170.0,54170000.0
1155,54114.0,54114000.0
2505460,54002.0,54002000.0
380533,53875.0,53875000.0
811747,53835.0,53835000.0
875132,53759.0,53759000.0
345345,53712.0,53712000.0
282226,53707.0,53707000.0
3346268,53694.0,53694000.0
622037,53481.0,53481000.0
2820604,53306.0,53306000.0
361439,53261.0,53261000.0
87579,53218.0,53218000.0
97055,53173.0,53173000.0
3645840,53097.0,53097000.0
803957,53043.0,53043000.0
720746,53004.0,53004000.0
3485420,52939.0,52939000.0
400365,52878.0,52878000.0
129910,52743.0,52743000.0
262237,52741.0,52741000.0
388557,52666.0,52666000.0
321947,52617.0,52617000.0
392778,52599.0,52599000.0
828473,52539.0,52539000.0
659341,52509.0,52509000.0
258306,52423.0,52423000.0
875057,52338.0,52338000.0
2855866,52328.0,52328000.0
608844,52315.0,52315000.0
3223305,52242.0,52242000.0
580548,52185.0,52185000.0
2806635,52166.0,52166000.0
80150,52142.0,52142000.0
6039,52141.0,52141000.0
457220,52053.0,52053000.0
1669,52038.0,52038000.0
1007734,52035.0,52035000.0
543945,52008.0,52008000.0
2619714,51917.0,51917000.0
748964,51914.0,51914000.0
855563,51874.0,51874000.0
601443,51841.0,51841000.0
905356,51835.0,51835000.0
32766,51813.0,51813000.0
335346,51766.0,51766000.0
646556,51720.0,51720000.0
268677,51691.0,51691000.0
5398355,51606.0,51606000.0
273550,51602.0,51602000.0
643340,51580.0,51580000.0
894544,51489.0,51489000.0
215710,51424.0,51424000.0
81175,51386.0,51386000.0
144678,51329.0,51329000.0
197142,51244.0,51244000.0
919456,51225.0,51225000.0
624246,51169.0,51169000.0
228345,51166.0,51166000.0
709143,51150.0,51150000.0
3370133,51102.0,51102000.0
692704,51089.0,51089000.0
975854,51078.0,51078000.0
2925620,51020.0,51020000.0
5313312,50994.0,50994000.0
630555,50994.0,50994000.0
357937,50973.0,50973000.0
865544,50969.0,50969000.0
327435,50950.0,50950000.0
274829,50922.0,50922000.0
71457,50913.0,50913000.0
309150,50841.0,50841000.0
100236,50819.0,50819000.0
958558,50774.0,50774000.0
607146,50744.0,50744000.0
284556,50666.0,50666000.0
3690121,50541.0,50541000.0
835770,50536.0,50536000.0
880855,50524.0,50524000.0
3407084,50484.0,50484000.0
751852,50399.0,50399000.0
573335,50398.0,50398000.0
502652,50270.0,50270000.0
499855,50187.0,50187000.0
591320,50107.0,50107000.0
578116,50092.0,50092000.0
410748,50012.0,50012000.0
748357,49814.0,49814000.0
944047,49802.0,49802000.0
788559,49765.0,49765000.0
482053,49722.0,49722000.0
524953,49710.0,49710000.0
305442,49693.0,49693000.0
5312593,49603.0,49603000.0
874050,49570.0,49570000.0
613679,49532.0,49532000.0
564324,49503.0,49503000.0
282824,49486.0,49486000.0
3812147,49482.0,49482000.0
591366,49463.0,49463000.0
709639,49395.0,49395000.0
823133,49391.0,49391000.0
963002,49293.0,49293000.0
354552,49221.0,49221000.0
148238,49217.0,49217000.0
326054,49211.0,49211000.0
715872,49197.0,49197000.0
613156,49042.0,49042000.0
5805451,48988.0,48988000.0
5143788,48939.0,48939000.0
445955,48920.0,48920000.0
902672,48853.0,48853000.0
504311,48827.0,48827000.0
477648,48820.0,48820000.0
2857600,48809.0,48809000.0
2051127,48799.0,48799000.0
234841,48769.0,48769000.0
465038,48716.0,48716000.0
261146,48633.0,48633000.0
870913,48608.0,48608000.0
646743,48518.0,48518000.0
625850,48513.0,48513000.0
351560,48455.0,48455000.0
188056,48449.0,48449000.0
172475,48421.0,48421000.0
3350658,48421.0,48421000.0
3412417,48401.0,48401000.0
2668598,48399.0,48399000.0
715144,48365.0,48365000.0
651121,48189.0,48189000.0
1012251,48182.0,48182000.0
710176,48175.0,48175000.0
510330,48096.0,48096000.0
166531,48090.0,48090000.0
442244,48016.0,48016000.0
2642598,47983.0,47983000.0
107570,47969.0,47969000.0
2916534,47917.0,47917000.0
478195,47865.0,47865000.0
452159,47845.0,47845000.0
477349,47826.0,47826000.0
692946,47724.0,47724000.0
835257,47549.0,47549000.0
193649,47506.0,47506000.0
244251,47471.0,47471000.0
552974,47459.0,47459000.0
1016718,47395.0,47395000.0
430036,47302.0,47302000.0
593249,47291.0,47291000.0
858528,47227.0,47227000.0
108951,47201.0,47201000.0
853934,47197.0,47197000.0
977250,47066.0,47066000.0
672537,47029.0,47029000.0
425845,46952.0,46952000.0
714978,46936.0,46936000.0
5673191,46911.0,46911000.0
520777,46895.0,46895000.0
815754,46877.0,46877000.0
696168,46854.0,46854000.0
539340,46766.0,46766000.0
2823221,46754.0,46754000.0
538754,46705.0,46705000.0
2007991,46696.0,46696000.0
3603961,46683.0,46683000.0
933340,46674.0,46674000.0
425818,46652.0,46652000.0
317258,46502.0,46502000.0
533124,46452.0,46452000.0
306337,46420.0,46420000.0
860259,46406.0,46406000.0
3720,46303.0,46303000.0
664653,46224.0,46224000.0
306159,46173.0,46173000.0
5398627,46151.0,46151000.0
979759,46129.0,46129000.0
16551,46118.0,46118000.0
623052,46071.0,46071000.0
579364,45984.0,45984000.0
198149,45971.0,45971000.0
331713,45950.0,45950000.0
788773,45926.0,45926000.0
31826,45886.0,45886000.0
475354,45701.0,45701000.0
228279,45699.0,45699000.0
58636,45655.0,45655000.0
279,45650.0,45650000.0
2467670,45606.0,45606000.0
126553,45518.0,45518000.0
3721605,45491.0,45491000.0
20857,45483.0,45483000.0
394259,45451.0,45451000.0
2805535,45438.0,45438000.0
652043,45393.0,45393000.0
34434,45383.0,45383000.0
412845,45376.0,45376000.0
502746,45368.0,45368000.0
443148,45254.0,45254000.0
790703,45211.0,45211000.0
675079,45144.0,45144000.0
683814,45102.0,45102000.0
109136,45086.0,45086000.0
2989006,45068.0,45068000.0
166111,45043.0,45043000.0
602543,44992.0,44992000.0
900034,44954.0,44954000.0
236957,44941.0,44941000.0
862057,44898.0,44898000.0
625065,44876.0,44876000.0
285852,44843.0,44843000.0
719656,44841.0,44841000.0
262059,44834.0,44834000.0
2233875,44642.0,44642000.0
188177,44633.0,44633000.0
2587916,44612.0,44612000.0
3252,44572.0,44572000.0
711548,44570.0,44570000.0
750341,44556.0,44556000.0
119872,44554.0,44554000.0
14155,44517.0,44517000.0
178851,44485.0,44485000.0
613839,44389.0,44389000.0
801047,44371.0,44371000.0
623454,44258.0,44258000.0
546535,44214.0,44214000.0
212018,44199.0,44199000.0
2914727,44174.0,44174000.0
582953,44150.0,44150000.0
268136,44107.0,44107000.0
761851,44071.0,44071000.0
92706,44056.0,44056000.0
1892154,44040.0,44040000.0
136338,44029.0,44029000.0
3517590,44010.0,44010000.0
2396592,43974.0,43974000.0
1001853,43949.0,43949000.0
3342671,43917.0,43917000.0
660570,43893.0,43893000.0
7072,43892.0,43892000.0
287007,43872.0,43872000.0
11145,43800.0,43800000.0
367431,43751.0,43751000.0
2343167,43750.0,43750000.0
206156,43746.0,43746000.0
5620869,43690.0,43690000.0
594938,43538.0,43538000.0
529659,43524.0,43524000.0
541231,43519.0,43519000.0
883959,43444.0,43444000.0
899343,43440.0,43440000.0
134848,43435.0,43435000.0
733559,43434.0,43434000.0
638850,43431.0,43431000.0
2793593,43410.0,43410000.0
783246,43409.0,43409000.0
900678,43380.0,43380000.0
33147,43361.0,43361000.0
771878,43333.0,43333000.0
865450,43255.0,43255000.0
829041,43221.0,43221000.0
367543,43219.0,43219000.0
508355,43185.0,43185000.0
204826,43181.0,43181000.0
862141,43171.0,43171000.0
396244,43131.0,43131000.0
783910,43124.0,43124000.0
389358,43112.0,43112000.0
1015252,43020.0,43020000.0
541857,42984.0,42984000.0
968744,42983.0,42983000.0
227357,42911.0,42911000.0
109659,42903.0,42903000.0
1479470,42838.0,42838000.0
142179,42827.0,42827000.0
10250,42766.0,42766000.0
562058,42744.0,42744000.0
19936,42743.0,42743000.0
333034,42637.0,42637000.0
3531176,42614.0,42614000.0
839255,42595.0,42595000.0
891253,42592.0,42592000.0
3116519,42561.0,42561000.0
420644,42526.0,42526000.0
479370,42521.0,42521000.0
436542,42506.0,42506000.0
944627,42457.0,42457000.0
907547,42452.0,42452000.0
329550,42445.0,42445000.0
2631172,42423.0,42423000.0
143859,42347.0,42347000.0
3720336,42339.0,42339000.0
3440803,42308.0,42308000.0
5650923,42269.0,42269000.0
3629484,42234.0,42234000.0
407645,42220.0,42220000.0
298245,42174.0,42174000.0
234506,42161.0,42161000.0
3463875,42148.0,42148000.0
3411773,42121.0,42121000.0
877752,42084.0,42084000.0
371362,42073.0,42073000.0
5760439,42048.0,42048000.0
248745,42003.0,42003000.0
77253,42001.0,42001000.0
357777,41994.0,41994000.0
102342,41838.0,41838000.0
205346,41824.0,41824000.0
715050,41817.0,41817000.0
2938787,41812.0,41812000.0
44040,41776.0,41776000.0
137447,41768.0,41768000.0
867856,41739.0,41739000.0
285928,41739.0,41739000.0
222754,41718.0,41718000.0
247551,41700.0,41700000.0
568126,41627.0,41627000.0
701839,41622.0,41622000.0
5397639,41606.0,41606000.0
454546,41606.0,41606000.0
866121,41591.0,41591000.0
761459,41543.0,41543000.0
504535,41522.0,41522000.0
628552,41491.0,41491000.0
548267,41288.0,41288000.0
1014376,41186.0,41186000.0
963730,41121.0,41121000.0
101439,41114.0,41114000.0
2396604,41111.0,41111000.0
229070,41039.0,41039000.0
3347603,41037.0,41037000.0
2819242,41032.0,41032000.0
302553,41029.0,41029000.0
382658,41024.0,41024000.0
761244,40996.0,40996000.0
822275,40903.0,40903000.0
425108,40868.0,40868000.0
230423,40867.0,40867000.0
2769570,40864.0,40864000.0
246657,40857.0,40857000.0
121914,40828.0,40828000.0
975153,40825.0,40825000.0
342054,40818.0,40818000.0
263243,40799.0,40799000.0
477303,40753.0,40753000.0
880332,40720.0,40720000.0
825847,40690.0,40690000.0
50461,40569.0,40569000.0
58757,40542.0,40542000.0
194936,40540.0,40540000.0
382443,40495.0,40495000.0
851239,40484.0,40484000.0
3027763,40431.0,40431000.0
610913,40420.0,40420000.0
522669,40397.0,40397000.0
58225,40396.0,40396000.0
3270046,40312.0,40312000.0
521970,40287.0,40287000.0
777870,40271.0,40271000.0
296474,40174.0,40174000.0
676151,40171.0,40171000.0
493741,40163.0,40163000.0
3410141,40153.0,40153000.0
356239,40132.0,40132000.0
591209,40125.0,40125000.0
430344,40120.0,40120000.0
2871099,40119.0,40119000.0
542153,40112.0,40112000.0
2505424,40072.0,40072000.0
2002222,40068.0,40068000.0
899642,40007.0,40007000.0
183958,39983.0,39983000.0
742944,39962.0,39962000.0
917050,39933.0,39933000.0
678744,39917.0,39917000.0
617743,39915.0,39915000.0
841753,39897.0,39897000.0
244158,39893.0,39893000.0
865142,39846.0,39846000.0
192558,39844.0,39844000.0
289739,39817.0,39817000.0
207470,39792.0,39792000.0
901358,39738.0,39738000.0
3229875,39737.0,39737000.0
5660146,39714.0,39714000.0
752831,39706.0,39706000.0
5574430,39670.0,39670000.0
3470930,39666.0,39666000.0
932745,39648.0,39648000.0
217059,39604.0,39604000.0
718538,39571.0,39571000.0
966722,39529.0,39529000.0
815147,39494.0,39494000.0
725077,39464.0,39464000.0
5692473,39403.0,39403000.0
857745,39379.0,39379000.0
31134,39284.0,39284000.0
5193989,39252.0,39252000.0
773443,39223.0,39223000.0
290838,39172.0,39172000.0
310754,39169.0,39169000.0
2730431,39143.0,39143000.0
468673,39105.0,39105000.0
523161,39059.0,39059000.0
989730,39033.0,39033000.0
168571,39029.0,39029000.0
52951,38974.0,38974000.0
863607,38955.0,38955000.0
987231,38933.0,38933000.0
597546,38866.0,38866000.0
830748,38859.0,38859000.0
191355,38848.0,38848000.0
3120646,38788.0,38788000.0
463605,38788.0,38788000.0
2614344,38785.0,38785000.0
3347911,38770.0,38770000.0
1016174,38758.0,38758000.0
605656,38733.0,38733000.0
1459799,38725.0,38725000.0
750127,38707.0,38707000.0
2948423,38695.0,38695000.0
736550,38590.0,38590000.0
578741,38584.0,38584000.0
197759,38541.0,38541000.0
20633,38504.0,38504000.0
152253,38492.0,38492000.0
2122997,38490.0,38490000.0
36933,38483.0,38483000.0
791942,38439.0,38439000.0
11640,38429.0,38429000.0
124830,38349.0,38349000.0
25647,38342.0,38342000.0
653947,38331.0,38331000.0
3636428,38329.0,38329000.0
439132,38324.0,38324000.0
481159,38304.0,38304000.0
173306,38291.0,38291000.0
738143,38240.0,38240000.0
3296859,38213.0,38213000.0
3034257,38196.0,38196000.0
869953,38164.0,38164000.0
552059,38161.0,38161000.0
455459,38160.0,38160000.0
920975,38138.0,38138000.0
796152,38056.0,38056000.0
410560,38021.0,38021000.0
432058,38018.0,38018000.0
623874,38015.0,38015000.0
631178,38009.0,38009000.0
271529,38005.0,38005000.0
300933,38004.0,38004000.0
32971,37961.0,37961000.0
2997216,37866.0,37866000.0
110945,37865.0,37865000.0
829050,37856.0,37856000.0
2607412,37818.0,37818000.0
1188987,37811.0,37811000.0
275255,37795.0,37795000.0
73554,37794.0,37794000.0
3489071,37761.0,37761000.0
677448,37747.0,37747000.0
528102,37689.0,37689000.0
968249,37686.0,37686000.0
961259,37684.0,37684000.0
734248,37671.0,37671000.0
485456,37647.0,37647000.0
566243,37573.0,37573000.0
456054,37570.0,37570000.0
529275,37548.0,37548000.0
148171,37541.0,37541000.0
537551,37487.0,37487000.0
712956,37442.0,37442000.0
320070,37425.0,37425000.0
300353,37382.0,37382000.0
609010,37304.0,37304000.0
2907019,37295.0,37295000.0
859655,37280.0,37280000.0
313223,37273.0,37273000.0
3322468,37263.0,37263000.0
519360,37250.0,37250000.0
717670,37242.0,37242000.0
173641,37154.0,37154000.0
457752,37150.0,37150000.0
780955,37136.0,37136000.0
221775,37119.0,37119000.0
867070,37082.0,37082000.0
145554,37063.0,37063000.0
5906497,37047.0,37047000.0
3070545,36973.0,36973000.0
41629,36861.0,36861000.0
597452,36860.0,36860000.0
2871558,36838.0,36838000.0
514936,36826.0,36826000.0
3786435,36814.0,36814000.0
17110,36735.0,36735000.0
382050,36726.0,36726000.0
969255,36705.0,36705000.0
860147,36648.0,36648000.0
964157,36643.0,36643000.0
457060,36625.0,36625000.0
959443,36614.0,36614000.0
2684552,36592.0,36592000.0
114149,36553.0,36553000.0
427241,36502.0,36502000.0
406666,36485.0,36485000.0
660271,36484.0,36484000.0
556011,36449.0,36449000.0
755458,36415.0,36415000.0
87476,36402.0,36402000.0
653778,36401.0,36401000.0
5879201,36382.0,36382000.0
416656,36372.0,36372000.0
568939,36302.0,36302000.0
5751,36284.0,36284000.0
922924,36272.0,36272000.0
534756,36261.0,36261000.0
827458,36260.0,36260000.0
365745,36252.0,36252000.0
1009756,36251.0,36251000.0
3567269,36247.0,36247000.0
381932,36236.0,36236000.0
325141,36197.0,36197000.0
175056,36179.0,36179000.0
465243,36153.0,36153000.0
2733263,36151.0,36151000.0
170275,36102.0,36102000.0
953843,36071.0,36071000.0
2807173,36031.0,36031000.0
266851,36022.0,36022000.0
686459,35978.0,35978000.0
254504,35927.0,35927000.0
80374,35901.0,35901000.0
388744,35891.0,35891000.0
849357,35883.0,35883000.0
88352,35877.0,35877000.0
449430,35865.0,35865000.0
484776,35859.0,35859000.0
860334,35850.0,35850000.0
596978,35813.0,35813000.0
1218446,35798.0,35798000.0
3561771,35699.0,35699000.0
631150,35650.0,35650000.0
376947,35640.0,35640000.0
864378,35613.0,35613000.0
253646,35594.0,35594000.0
356752,35590.0,35590000.0
144856,35548.0,35548000.0
207452,35537.0,35537000.0
2759629,35530.0,35530000.0
398837,35514.0,35514000.0
566056,35501.0,35501000.0
364430,35497.0,35497000.0
433943,35497.0,35497000.0
285348,35435.0,35435000.0
245351,35414.0,35414000.0
147679,35391.0,35391000.0
22543,35382.0,35382000.0
2594419,35325.0,35325000.0
3390627,35314.0,35314000.0
455150,35248.0,35248000.0
424240,35246.0,35246000.0
34555,35169.0,35169000.0
944337,35145.0,35145000.0
225559,35132.0,35132000.0
540056,35078.0,35078000.0
837149,35045.0,35045000.0
776369,34979.0,34979000.0
188720,34952.0,34952000.0
565143,34940.0,34940000.0
278256,34906.0,34906000.0
864846,34862.0,34862000.0
579636,34854.0,34854000.0
2939391,34760.0,34760000.0
130345,34758.0,34758000.0
4165907,34660.0,34660000.0
848248,34659.0,34659000.0
645540,34658.0,34658000.0
530655,34644.0,34644000.0
572655,34613.0,34613000.0
336361,34606.0,34606000.0
90177,34603.0,34603000.0
230610,34602.0,34602000.0
825548,34594.0,34594000.0
935559,34573.0,34573000.0
2861317,34515.0,34515000.0
3303944,34481.0,34481000.0
398248,34466.0,34466000.0
285151,34463.0,34463000.0
237954,34457.0,34457000.0
906410,34400.0,34400000.0
3446225,34396.0,34396000.0
658474,34378.0,34378000.0
2913702,34371.0,34371000.0
896155,34341.0,34341000.0
173557,34243.0,34243000.0
79042,34217.0,34217000.0
1010015,34216.0,34216000.0
211338,34179.0,34179000.0
175609,34140.0,34140000.0
452739,34132.0,34132000.0
588348,34096.0,34096000.0
517441,34059.0,34059000.0
327556,34057.0,34057000.0
3160978,34034.0,34034000.0
667029,34018.0,34018000.0
872579,33951.0,33951000.0
356659,33947.0,33947000.0
3134698,33911.0,33911000.0
621441,33887.0,33887000.0
937339,33867.0,33867000.0
138051,33867.0,33867000.0
955959,33823.0,33823000.0
665146,33822.0,33822000.0
476472,33820.0,33820000.0
842376,33743.0,33743000.0
940731,33742.0,33742000.0
225157,33618.0,33618000.0
723653,33600.0,33600000.0
2889227,33584.0,33584000.0
646444,33579.0,33579000.0
858854,33533.0,33533000.0
990642,33456.0,33456000.0
1010574,33455.0,33455000.0
661474,33392.0,33392000.0
855264,33383.0,33383000.0
176325,33382.0,33382000.0
1006513,33373.0,33373000.0
693952,33372.0,33372000.0
139133,33369.0,33369000.0
930853,33326.0,33326000.0
528241,33238.0,33238000.0
350750,33212.0,33212000.0
79855,33188.0,33188000.0
860352,33153.0,33153000.0
371223,33149.0,33149000.0
3199811,33073.0,33073000.0
746157,33047.0,33047000.0
137559,33019.0,33019000.0
5472880,32985.0,32985000.0
787459,32931.0,32931000.0
469737,32911.0,32911000.0
442011,32895.0,32895000.0
733661,32817.0,32817000.0
553038,32815.0,32815000.0
3637706,32815.0,32815000.0
974754,32810.0,32810000.0
480433,32787.0,32787000.0
703039,32781.0,32781000.0
190563,32763.0,32763000.0
61832,32759.0,32759000.0
786733,32713.0,32713000.0
280138,32575.0,32575000.0
828174,32530.0,32530000.0
2643595,32523.0,32523000.0
428462,32487.0,32487000.0
458142,32440.0,32440000.0
957757,32417.0,32417000.0
3374403,32411.0,32411000.0
380878,32383.0,32383000.0
644646,32382.0,32382000.0
3445901,32373.0,32373000.0
2732565,32360.0,32360000.0
592550,32333.0,32333000.0
576354,32326.0,32326000.0
567240,32303.0,32303000.0
449935,32302.0,32302000.0
977616,32277.0,32277000.0
1351,32256.0,32256000.0
222156,32250.0,32250000.0
488653,32223.0,32223000.0
3125557,32210.0,32210000.0
666974,32196.0,32196000.0
1015270,32196.0,32196000.0
251558,32112.0,32112000.0
3446784,32077.0,32077000.0
746755,32033.0,32033000.0
799854,32032.0,32032000.0
118736,32006.0,32006000.0
158376,31958.0,31958000.0
945026,31932.0,31932000.0
364131,31922.0,31922000.0
987259,31882.0,31882000.0
119153,31870.0,31870000.0
3594087,31860.0,31860000.0
240954,31853.0,31853000.0
908450,31849.0,31849000.0
2529176,31842.0,31842000.0
625757,31780.0,31780000.0
646145,31706.0,31706000.0
402846,31659.0,31659000.0
609467,31569.0,31569000.0
776547,31548.0,31548000.0
822051,31520.0,31520000.0
875048,31511.0,31511000.0
851631,31484.0,31484000.0
2562137,31420.0,31420000.0
830113,31376.0,31376000.0
576952,31361.0,31361000.0
412153,31302.0,31302000.0
750051,31274.0,31274000.0
501767,31267.0,31267000.0
102874,31251.0,31251000.0
718275,31210.0,31210000.0
572459,31178.0,31178000.0
303653,31170.0,31170000.0
412667,31158.0,31158000.0
3591004,31151.0,31151000.0
311265,31022.0,31022000.0
787842,31010.0,31010000.0
118660,31004.0,31004000.0
610557,31003.0,31003000.0
179148,30961.0,30961000.0
628356,30946.0,30946000.0
748254,30919.0,30919000.0
323651,30887.0,30887000.0
257756,30887.0,30887000.0
924937,30859.0,30859000.0
95051,30793.0,30793000.0
3470097,30753.0,30753000.0
5882500,30746.0,30746000.0
3377235,30714.0,30714000.0
716954,30700.0,30700000.0
126012,30697.0,30697000.0
3310287,30681.0,30681000.0
830645,30677.0,30677000.0
2860271,30670.0,30670000.0
746979,30667.0,30667000.0
936640,30639.0,30639000.0
276645,30602.0,30602000.0
347022,30598.0,30598000.0
2881445,30578.0,30578000.0
311939,30564.0,30564000.0
570558,30554.0,30554000.0
714839,30529.0,30529000.0
10849,30525.0,30525000.0
172457,30509.0,30509000.0
331375,30493.0,30493000.0
604547,30419.0,30419000.0
289757,30418.0,30418000.0
3468450,30402.0,30402000.0
3134399,30397.0,30397000.0
732253,30369.0,30369000.0
897648,30367.0,30367000.0
456755,30288.0,30288000.0
410917,30265.0,30265000.0
539377,30248.0,30248000.0
661223,30215.0,30215000.0
109453,30197.0,30197000.0
931047,30184.0,30184000.0
305077,30170.0,30170000.0
5412457,30168.0,30168000.0
204237,30127.0,30127000.0
285544,30121.0,30121000.0
807656,30114.0,30114000.0
2775151,30097.0,30097000.0
9955,30090.0,30090000.0
3223417,30082.0,30082000.0
942539,30076.0,30076000.0
770639,30037.0,30037000.0
605571,30034.0,30034000.0
99143,30033.0,30033000.0
966731,30023.0,30023000.0
856346,30018.0,30018000.0
905673,30009.0,30009000.0
49858,29992.0,29992000.0
3067929,29991.0,29991000.0
814551,29971.0,29971000.0
3219269,29958.0,29958000.0
2718596,29938.0,29938000.0
304762,29933.0,29933000.0
961811,29928.0,29928000.0
42354,29917.0,29917000.0
3548763,29872.0,29872000.0
390840,29819.0,29819000.0
502559,29797.0,29797000.0
648251,29792.0,29792000.0
555256,29773.0,29773000.0
641579,29762.0,29762000.0
901134,29746.0,29746000.0
989141,29746.0,29746000.0
530851,29742.0,29742000.0
808653,29733.0,29733000.0
406974,29731.0,29731000.0
330949,29718.0,29718000.0
3368635,29678.0,29678000.0
739832,29673.0,29673000.0
760331,29671.0,29671000.0
271275,29569.0,29569000.0
3306598,29568.0,29568000.0
236603,29548.0,29548000.0
3385744,29541.0,29541000.0
3341393,29532.0,29532000.0
2963864,29529.0,29529000.0
64150,29524.0,29524000.0
3816154,29515.0,29515000.0
370721,29490.0,29490000.0
368951,29487.0,29487000.0
615879,29478.0,29478000.0
152440,29474.0,29474000.0
639633,29425.0,29425000.0
325534,29420.0,29420000.0
1160509,29407.0,29407000.0
710859,29400.0,29400000.0
148470,29357.0,29357000.0
158741,29336.0,29336000.0
741974,29315.0,29315000.0
645577,29309.0,29309000.0
2597223,29280.0,29280000.0
918954,29272.0,29272000.0
709554,29260.0,29260000.0
1000959,29257.0,29257000.0
349343,29249.0,29249000.0
800853,29206.0,29206000.0
311256,29178.0,29178000.0
534466,29176.0,29176000.0
68671,29154.0,29154000.0
640442,29140.0,29140000.0
849076,29139.0,29139000.0
631039,29121.0,29121000.0
3010363,29118.0,29118000.0
2747466,29090.0,29090000.0
825753,29081.0,29081000.0
27614,29050.0,29050000.0
535940,29007.0,29007000.0
2774707,29005.0,29005000.0
731050,29000.0,29000000.0
563233,28997.0,28997000.0
5728916,28986.0,28986000.0
3429219,28911.0,28911000.0
813572,28909.0,28909000.0
68831,28894.0,28894000.0
815053,28891.0,28891000.0
129349,28872.0,28872000.0
851172,28871.0,28871000.0
1397471,28826.0,28826000.0
23456,28792.0,28792000.0
293651,28751.0,28751000.0
60648,28751.0,28751000.0
757452,28749.0,28749000.0
170332,28676.0,28676000.0
2161,28656.0,28656000.0
3049635,28607.0,28607000.0
5448915,28607.0,28607000.0
307334,28581.0,28581000.0
5303724,28578.0,28578000.0
692450,28558.0,28558000.0
3262788,28515.0,28515000.0
2356091,28506.0,28506000.0
481944,28496.0,28496000.0
98717,28468.0,28468000.0
94755,28464.0,28464000.0
850456,28458.0,28458000.0
480853,28452.0,28452000.0
435059,28413.0,28413000.0
3316739,28362.0,28362000.0
476539,28347.0,28347000.0
2836306,28344.0,28344000.0
454975,28342.0,28342000.0
324153,28339.0,28339000.0
2328285,28311.0,28311000.0
961343,28301.0,28301000.0
580874,28295.0,28295000.0
522753,28285.0,28285000.0
434539,28282.0,28282000.0
367178,28254.0,28254000.0
361279,28229.0,28229000.0
479071,28206.0,28206000.0
474450,28204.0,28204000.0
479446,28194.0,28194000.0
244037,28191.0,28191000.0
199137,28183.0,28183000.0
332671,28174.0,28174000.0
615851,28150.0,28150000.0
805876,28148.0,28148000.0
5538937,28135.0,28135000.0
28675,28127.0,28127000.0
954671,28011.0,28011000.0
799751,28001.0,28001000.0
666844,28000.0,28000000.0
6009630,27997.0,27997000.0
2687133,27995.0,27995000.0
644842,27994.0,27994000.0
980951,27934.0,27934000.0
574079,27903.0,27903000.0
605610,27878.0,27878000.0
794345,27868.0,27868000.0
336576,27839.0,27839000.0
3487947,27813.0,27813000.0
352745,27794.0,27794000.0
837046,27782.0,27782000.0
313009,27738.0,27738000.0
740249,27731.0,27731000.0
1404883,27725.0,27725000.0
634955,27694.0,27694000.0
31657,27661.0,27661000.0
554343,27654.0,27654000.0
385547,27652.0,27652000.0
583071,27646.0,27646000.0
885252,27584.0,27584000.0
611031,27558.0,27558000.0
430054,27554.0,27554000.0
406022,27510.0,27510000.0
672573,27470.0,27470000.0
49054,27468.0,27468000.0
750846,27460.0,27460000.0
879747,27426.0,27426000.0
3220863,27421.0,27421000.0
2329200,27415.0,27415000.0
493152,27411.0,27411000.0
181963,27381.0,27381000.0
541754,27372.0,27372000.0
1007752,27368.0,27368000.0
654300,27362.0,27362000.0
172859,27361.0,27361000.0
853251,27358.0,27358000.0
441078,27327.0,27327000.0
3309393,27324.0,27324000.0
233358,27317.0,27317000.0
144155,27301.0,27301000.0
297761,27290.0,27290000.0
712648,27289.0,27289000.0
436739,27286.0,27286000.0
785857,27264.0,27264000.0
702359,27234.0,27234000.0
185448,27230.0,27230000.0
3358270,27209.0,27209000.0
324854,27206.0,27206000.0
988144,27189.0,27189000.0
67142,27161.0,27161000.0
357553,27155.0,27155000.0
2391588,27118.0,27118000.0
74056,27115.0,27115000.0
919344,27114.0,27114000.0
595337,27049.0,27049000.0
255556,26945.0,26945000.0
275479,26941.0,26941000.0
925354,26936.0,26936000.0
980438,26927.0,26927000.0
469559,26921.0,26921000.0
352370,26884.0,26884000.0
815772,26875.0,26875000.0
795548,26789.0,26789000.0
780263,26733.0,26733000.0
3387140,26688.0,26688000.0
22048,26670.0,26670000.0
277277,26660.0,26660000.0
849432,26659.0,26659000.0
956527,26658.0,26658000.0
296755,26650.0,26650000.0
477844,26638.0,26638000.0
424156,26636.0,26636000.0
485214,26631.0,26631000.0
435255,26602.0,26602000.0
659556,26548.0,26548000.0
519146,26547.0,26547000.0
213538,26516.0,26516000.0
3438958,26510.0,26510000.0
8462,26503.0,26503000.0
882952,26498.0,26498000.0
852254,26439.0,26439000.0
614948,26436.0,26436000.0
466044,26411.0,26411000.0
638355,26393.0,26393000.0
855844,26356.0,26356000.0
89957,26345.0,26345000.0
243414,26337.0,26337000.0
948531,26331.0,26331000.0
749943,26330.0,26330000.0
656658,26315.0,26315000.0
955940,26296.0,26296000.0
43052,26278.0,26278000.0
126375,26275.0,26275000.0
5528880,26262.0,26262000.0
273840,26248.0,26248000.0
551016,26227.0,26227000.0
782016,26223.0,26223000.0
269058,26159.0,26159000.0
924357,26136.0,26136000.0
869346,26129.0,26129000.0
979151,26127.0,26127000.0
809650,26119.0,26119000.0
206473,26095.0,26095000.0
455945,26058.0,26058000.0
2010722,26052.0,26052000.0
678454,26046.0,26046000.0
942454,26029.0,26029000.0
2873598,26007.0,26007000.0
283652,25999.0,25999000.0
837158,25983.0,25983000.0
946274,25972.0,25972000.0
265340,25947.0,25947000.0
3374234,25933.0,25933000.0
774347,25885.0,25885000.0
5316920,25878.0,25878000.0
2877831,25843.0,25843000.0
5760662,25838.0,25838000.0
58551,25829.0,25829000.0
828110,25776.0,25776000.0
970055,25770.0,25770000.0
188449,25706.0,25706000.0
278733,25690.0,25690000.0
20053,25688.0,25688000.0
946555,25659.0,25659000.0
738255,25651.0,25651000.0
3128923,25641.0,25641000.0
786948,25626.0,25626000.0
816304,25619.0,25619000.0
160454,25608.0,25608000.0
5401273,25565.0,25565000.0
904359,25558.0,25558000.0
564463,25539.0,25539000.0
638131,25530.0,25530000.0
219044,25529.0,25529000.0
277736,25523.0,25523000.0
3596250,25511.0,25511000.0
79145,25427.0,25427000.0
198251,25391.0,25391000.0
194440,25360.0,25360000.0
589158,25359.0,25359000.0
524766,25346.0,25346000.0
366247,25277.0,25277000.0
656032,25261.0,25261000.0
371232,25260.0,25260000.0
916857,25241.0,25241000.0
190956,25238.0,25238000.0
3357077,25230.0,25230000.0
2615220,25230.0,25230000.0
765662,25227.0,25227000.0
346379,25184.0,25184000.0
287342,25183.0,25183000.0
993250,25167.0,25167000.0
954251,25138.0,25138000.0
137643,25096.0,25096000.0
12647,25094.0,25094000.0
159953,25088.0,25088000.0
300942,25086.0,25086000.0
3286999,25086.0,25086000.0
616540,25074.0,25074000.0
588245,25072.0,25072000.0
936837,25046.0,25046000.0
93244,25036.0,25036000.0
362155,25030.0,25030000.0
319047,25028.0,25028000.0
199436,25023.0,25023000.0
820842,25020.0,25020000.0
917500,24974.0,24974000.0
901974,24951.0,24951000.0
989534,24927.0,24927000.0
241559,24885.0,24885000.0
812614,24868.0,24868000.0
604640,24824.0,24824000.0
861658,24798.0,24798000.0
497655,24793.0,24793000.0
452841,24760.0,24760000.0
533535,24755.0,24755000.0
931270,24734.0,24734000.0
697147,24718.0,24718000.0
2735137,24716.0,24716000.0
644776,24711.0,24711000.0
465672,24710.0,24710000.0
2317672,24709.0,24709000.0
296559,24652.0,24652000.0
729178,24639.0,24639000.0
64730,24628.0,24628000.0
686758,24627.0,24627000.0
715630,24622.0,24622000.0
742056,24622.0,24622000.0
3688548,24612.0,24612000.0
145741,24608.0,24608000.0
826648,24584.0,24584000.0
205542,24577.0,24577000.0
193537,24558.0,24558000.0
60545,24547.0,24547000.0
209362,24506.0,24506000.0
19972,24473.0,24473000.0
646873,24463.0,24463000.0
85931,24453.0,24453000.0
609832,24450.0,24450000.0
475756,24450.0,24450000.0
987651,24448.0,24448000.0
1008209,24416.0,24416000.0
1387203,24415.0,24415000.0
346771,24411.0,24411000.0
5427684,24404.0,24404000.0
129853,24403.0,24403000.0
884648,24385.0,24385000.0
547251,24383.0,24383000.0
757779,24355.0,24355000.0
2305969,24348.0,24348000.0
386432,24321.0,24321000.0
31835,24304.0,24304000.0
557438,24287.0,24287000.0
284154,24267.0,24267000.0
3617856,24212.0,24212000.0
5807400,24196.0,24196000.0
847157,24175.0,24175000.0
89032,24158.0,24158000.0
412555,24153.0,24153000.0
956554,24125.0,24125000.0
38740,24100.0,24100000.0
676049,24076.0,24076000.0
825454,24066.0,24066000.0
260831,24054.0,24054000.0
837448,24052.0,24052000.0
926959,24041.0,24041000.0
741068,24035.0,24035000.0
363648,24028.0,24028000.0
599643,24025.0,24025000.0
658924,24016.0,24016000.0
700458,23990.0,23990000.0
116741,23974.0,23974000.0
83834,23965.0,23965000.0
903240,23964.0,23964000.0
101738,23913.0,23913000.0
164331,23905.0,23905000.0
3022610,23891.0,23891000.0
352651,23890.0,23890000.0
2753917,23884.0,23884000.0
677970,23852.0,23852000.0
396954,23833.0,23833000.0
71859,23759.0,23759000.0
820879,23753.0,23753000.0
270531,23735.0,23735000.0
190648,23713.0,23713000.0
2333140,23693.0,23693000.0
708379,23690.0,23690000.0
220844,23673.0,23673000.0
315656,23657.0,23657000.0
974558,23656.0,23656000.0
1879016,23652.0,23652000.0
449038,23648.0,23648000.0
4125778,23647.0,23647000.0
3635551,23624.0,23624000.0
37949,23623.0,23623000.0
347639,23618.0,23618000.0
312356,23612.0,23612000.0
117038,23572.0,23572000.0
926632,23524.0,23524000.0
942847,23509.0,23509000.0
3667132,23497.0,23497000.0
1011432,23495.0,23495000.0
969639,23480.0,23480000.0
1493319,23472.0,23472000.0
513546,23467.0,23467000.0
387055,23411.0,23411000.0
714437,23399.0,23399000.0
3213333,23391.0,23391000.0
5479478,23379.0,23379000.0
990053,23345.0,23345000.0
475345,23337.0,23337000.0
800134,23312.0,23312000.0
656779,23311.0,23311000.0
3816163,23296.0,23296000.0
3285778,23254.0,23254000.0
5230790,23239.0,23239000.0
762045,23238.0,23238000.0
857455,23217.0,23217000.0
235446,23193.0,23193000.0
764816,23146.0,23146000.0
786555,23121.0,23121000.0
917854,23102.0,23102000.0
152057,23101.0,23101000.0
276074,23074.0,23074000.0
651541,23061.0,23061000.0
294827,23048.0,23048000.0
810544,23047.0,23047000.0
881852,23046.0,23046000.0
59754,23044.0,23044000.0
1006652,23032.0,23032000.0
805250,23015.0,23015000.0
488756,22993.0,22993000.0
399973,22991.0,22991000.0
756848,22988.0,22988000.0
373553,22966.0,22966000.0
1014853,22940.0,22940000.0
298049,22912.0,22912000.0
706254,22912.0,22912000.0
305237,22909.0,22909000.0
875758,22904.0,22904000.0
969844,22894.0,22894000.0
992851,22892.0,22892000.0
216164,22841.0,22841000.0
667524,22839.0,22839000.0
372855,22836.0,22836000.0
3370357,22830.0,22830000.0
2232757,22819.0,22819000.0
377850,22818.0,22818000.0
5435988,22813.0,22813000.0
947525,22803.0,22803000.0
624648,22796.0,22796000.0
956956,22787.0,22787000.0
1008076,22780.0,22780000.0
129358,22753.0,22753000.0
499743,22751.0,22751000.0
114457,22747.0,22747000.0
849348,22720.0,22720000.0
844138,22714.0,22714000.0
729842,22684.0,22684000.0
371942,22662.0,22662000.0
918132,22645.0,22645000.0
1017957,22639.0,22639000.0
256179,22622.0,22622000.0
238139,22604.0,22604000.0
998648,22599.0,22599000.0
423636,22595.0,22595000.0
3448162,22502.0,22502000.0
829032,22422.0,22422000.0
51459,22409.0,22409000.0
3482045,22397.0,22397000.0
178244,22379.0,22379000.0
617145,22369.0,22369000.0
719964,22327.0,22327000.0
773032,22303.0,22303000.0
831941,22278.0,22278000.0
792640,22261.0,22261000.0
479754,22212.0,22212000.0
293437,22207.0,22207000.0
199351,22206.0,22206000.0
950758,22172.0,22172000.0
148715,22164.0,22164000.0
823656,22153.0,22153000.0
615253,22126.0,22126000.0
141958,22118.0,22118000.0
223845,22091.0,22091000.0
914545,22075.0,22075000.0
366854,22066.0,22066000.0
768458,22021.0,22021000.0
53051,21992.0,21992000.0
5861541,21970.0,21970000.0
695947,21961.0,21961000.0
443634,21954.0,21954000.0
180845,21934.0,21934000.0
487142,21819.0,21819000.0
179335,21734.0,21734000.0
4231,21725.0,21725000.0
401755,21723.0,21723000.0
413543,21718.0,21718000.0
516154,21715.0,21715000.0
5903517,21685.0,21685000.0
337340,21684.0,21684000.0
956376,21670.0,21670000.0
596455,21653.0,21653000.0
927134,21634.0,21634000.0
241009,21632.0,21632000.0
284239,21586.0,21586000.0
2747279,21579.0,21579000.0
9553,21561.0,21561000.0
746942,21545.0,21545000.0
640956,21530.0,21530000.0
28732,21521.0,21521000.0
728957,21513.0,21513000.0
5805442,21512.0,21512000.0
35057,21502.0,21502000.0
209559,21492.0,21492000.0
765318,21464.0,21464000.0
621151,21457.0,21457000.0
642437,21445.0,21445000.0
766052,21433.0,21433000.0
854173,21418.0,21418000.0
407168,21402.0,21402000.0
1005552,21394.0,21394000.0
480723,21367.0,21367000.0
2037185,21335.0,21335000.0
661072,21325.0,21325000.0
66154,21288.0,21288000.0
206772,21286.0,21286000.0
21658,21274.0,21274000.0
5543735,21258.0,21258000.0
761954,21246.0,21246000.0
2705112,21246.0,21246000.0
5860740,21230.0,21230000.0
23643,21218.0,21218000.0
157744,21186.0,21186000.0
3614846,21172.0,21172000.0
262956,21160.0,21160000.0
2107181,21154.0,21154000.0
62044,21149.0,21149000.0
364270,21109.0,21109000.0
976534,21085.0,21085000.0
89854,21028.0,21028000.0
581358,21027.0,21027000.0
23755,21025.0,21025000.0
388155,21022.0,21022000.0
147857,21014.0,21014000.0
198961,21012.0,21012000.0
5332603,20994.0,20994000.0
799948,20994.0,20994000.0
846945,20991.0,20991000.0
431323,20978.0,20978000.0
756343,20974.0,20974000.0
1225798,20965.0,20965000.0
2531562,20960.0,20960000.0
3623969,20955.0,20955000.0
877350,20954.0,20954000.0
212344,20939.0,20939000.0
767255,20933.0,20933000.0
18836,20904.0,20904000.0
527178,20878.0,20878000.0
657178,20873.0,20873000.0
213912,20868.0,20868000.0
702836,20837.0,20837000.0
925055,20802.0,20802000.0
87047,20802.0,20802000.0
3340903,20801.0,20801000.0
368054,20782.0,20782000.0
3485215,20769.0,20769000.0
12142,20756.0,20756000.0
303701,20696.0,20696000.0
1003558,20673.0,20673000.0
719610,20666.0,20666000.0
196752,20658.0,20658000.0
368522,20640.0,20640000.0
2218443,20637.0,20637000.0
372640,20636.0,20636000.0
3232370,20621.0,20621000.0
2304636,20617.0,20617000.0
156970,20602.0,20602000.0
411651,20572.0,20572000.0
857941,20566.0,20566000.0
885430,20549.0,20549000.0
918879,20481.0,20481000.0
966973,20470.0,20470000.0
995571,20452.0,20452000.0
741844,20448.0,20448000.0
349129,20448.0,20448000.0
3090833,20434.0,20434000.0
416357,20419.0,20419000.0
45458,20385.0,20385000.0
773171,20374.0,20374000.0
414858,20371.0,20371000.0
478140,20356.0,20356000.0
497851,20353.0,20353000.0
134455,20337.0,20337000.0
44929,20331.0,20331000.0
297051,20319.0,20319000.0
748441,20296.0,20296000.0
328656,20284.0,20284000.0
894272,20277.0,20277000.0
935577,20269.0,20269000.0
890649,20259.0,20259000.0
614751,20214.0,20214000.0
178150,20212.0,20212000.0
379470,20212.0,20212000.0
5724226,20204.0,20204000.0
623548,20196.0,20196000.0
2860039,20183.0,20183000.0
105530,20180.0,20180000.0
918150,20177.0,20177000.0
3383665,20129.0,20129000.0
858818,20113.0,20113000.0
266244,20113.0,20113000.0
371559,20092.0,20092000.0
995674,20016.0,20016000.0
365950,20016.0,20016000.0
567679,19990.0,19990000.0
537243,19982.0,19982000.0
63201,19981.0,19981000.0
568135,19969.0,19969000.0
1187551,19961.0,19961000.0
687830,19956.0,19956000.0
235231,19923.0,19923000.0
668147,19868.0,19868000.0
5686324,19866.0,19866000.0
634544,19864.0,19864000.0
414652,19855.0,19855000.0
1404481,19825.0,19825000.0
907444,19817.0,19817000.0
362856,19776.0,19776000.0
920210,19774.0,19774000.0
715032,19771.0,19771000.0
967952,19705.0,19705000.0
645157,19704.0,19704000.0
920733,19700.0,19700000.0
837541,19663.0,19663000.0
167453,19654.0,19654000.0
698546,19625.0,19625000.0
498625,19606.0,19606000.0
2847085,19604.0,19604000.0
427960,19600.0,19600000.0
177443,19592.0,19592000.0
358112,19568.0,19568000.0
5837377,19561.0,19561000.0
814458,19517.0,19517000.0
706236,19507.0,19507000.0
435666,19489.0,19489000.0
466932,19473.0,19473000.0
706030,19471.0,19471000.0
114774,19464.0,19464000.0
4149037,19449.0,19449000.0
706656,19429.0,19429000.0
3459216,19425.0,19425000.0
421539,19420.0,19420000.0
689759,19411.0,19411000.0
947776,19411.0,19411000.0
374130,19386.0,19386000.0
924058,19376.0,19376000.0
374774,19319.0,19319000.0
202541,19313.0,19313000.0
291059,19295.0,19295000.0
805335,19280.0,19280000.0
257345,19274.0,19274000.0
194570,19268.0,19268000.0
189950,19258.0,19258000.0
3125315,19224.0,19224000.0
400767,19222.0,19222000.0
351878,19214.0,19214000.0
792453,19192.0,19192000.0
705556,19124.0,19124000.0
1013650,19117.0,19117000.0
991359,19116.0,19116000.0
149150,19090.0,19090000.0
823450,19088.0,19088000.0
953852,19074.0,19074000.0
3282012,19052.0,19052000.0
2796277,19012.0,19012000.0
125873,18978.0,18978000.0
46053,18968.0,18968000.0
49951,18958.0,18958000.0
931944,18941.0,18941000.0
535034,18920.0,18920000.0
5777549,18896.0,18896000.0
457426,18872.0,18872000.0
538222,18870.0,18870000.0
628123,18869.0,18869000.0
2882983,18866.0,18866000.0
433859,18858.0,18858000.0
795249,18842.0,18842000.0
541642,18831.0,18831000.0
135836,18828.0,18828000.0
102557,18827.0,18827000.0
794475,18820.0,18820000.0
336147,18811.0,18811000.0
840019,18788.0,18788000.0
899651,18771.0,18771000.0
411624,18761.0,18761000.0
571920,18736.0,18736000.0
613978,18726.0,18726000.0
821036,18726.0,18726000.0
760434,18720.0,18720000.0
807348,18718.0,18718000.0
540739,18688.0,18688000.0
629522,18669.0,18669000.0
839246,18655.0,18655000.0
547550,18640.0,18640000.0
841472,18639.0,18639000.0
677756,18615.0,18615000.0
77422,18602.0,18602000.0
985451,18582.0,18582000.0
972143,18568.0,18568000.0
467470,18556.0,18556000.0
640143,18553.0,18553000.0
2577739,18552.0,18552000.0
924553,18544.0,18544000.0
919773,18538.0,18538000.0
163343,18529.0,18529000.0
624956,18525.0,18525000.0
385350,18514.0,18514000.0
939070,18514.0,18514000.0
760210,18482.0,18482000.0
956255,18457.0,18457000.0
3317192,18447.0,18447000.0
482446,18435.0,18435000.0
250430,18410.0,18410000.0
445674,18393.0,18393000.0
224954,18381.0,18381000.0
1003950,18366.0,18366000.0
932642,18362.0,18362000.0
733951,18353.0,18353000.0
454658,18348.0,18348000.0
966272,18330.0,18330000.0
113030,18284.0,18284000.0
443625,18260.0,18260000.0
958763,18255.0,18255000.0
1015841,18225.0,18225000.0
814476,18224.0,18224000.0
3020447,18203.0,18203000.0
940674,18180.0,18180000.0
821157,18171.0,18171000.0
765877,18167.0,18167000.0
272030,18165.0,18165000.0
633640,18165.0,18165000.0
910239,18160.0,18160000.0
393252,18157.0,18157000.0
201254,18144.0,18144000.0
832528,18135.0,18135000.0
794149,18121.0,18121000.0
208459,18103.0,18103000.0
384830,18102.0,18102000.0
510648,18101.0,18101000.0
771748,18088.0,18088000.0
495558,18074.0,18074000.0
760649,18068.0,18068000.0
895448,18062.0,18062000.0
229342,18042.0,18042000.0
647777,18038.0,18038000.0
1402384,18035.0,18035000.0
29476,18028.0,18028000.0
225054,18026.0,18026000.0
7045,18022.0,18022000.0
263627,17971.0,17971000.0
49652,17948.0,17948000.0
40855,17923.0,17923000.0
94858,17911.0,17911000.0
941804,17900.0,17900000.0
460770,17864.0,17864000.0
82033,17861.0,17861000.0
831875,17860.0,17860000.0
612878,17812.0,17812000.0
446176,17796.0,17796000.0
207555,17790.0,17790000.0
155759,17759.0,17759000.0
115146,17715.0,17715000.0
792659,17709.0,17709000.0
2621940,17690.0,17690000.0
449832,17684.0,17684000.0
948250,17676.0,17676000.0
518877,17647.0,17647000.0
871648,17626.0,17626000.0
393355,17608.0,17608000.0
208440,17586.0,17586000.0
678557,17562.0,17562000.0
426945,17499.0,17499000.0
143952,17486.0,17486000.0
751254,17485.0,17485000.0
5805817,17478.0,17478000.0
97457,17470.0,17470000.0
834175,17468.0,17468000.0
850054,17456.0,17456000.0
499752,17451.0,17451000.0
1191352,17451.0,17451000.0
937759,17440.0,17440000.0
48440,17416.0,17416000.0
330248,17407.0,17407000.0
922157,17354.0,17354000.0
370954,17348.0,17348000.0
439730,17345.0,17345000.0
446130,17338.0,17338000.0
2806840,17336.0,17336000.0
835444,17329.0,17329000.0
386731,17326.0,17326000.0
809070,17297.0,17297000.0
55635,17246.0,17246000.0
565536,17238.0,17238000.0
977652,17223.0,17223000.0
451246,17222.0,17222000.0
3224478,17216.0,17216000.0
653433,17199.0,17199000.0
652070,17189.0,17189000.0
931355,17184.0,17184000.0
801654,17178.0,17178000.0
2920287,17158.0,17158000.0
348159,17146.0,17146000.0
3346633,17144.0,17144000.0
132451,17124.0,17124000.0
541307,17121.0,17121000.0
143372,17105.0,17105000.0
651952,17093.0,17093000.0
370833,17091.0,17091000.0
984856,17047.0,17047000.0
43959,17042.0,17042000.0
222558,17029.0,17029000.0
112332,17005.0,17005000.0
359472,17005.0,17005000.0
400057,16993.0,16993000.0
3943210,16979.0,16979000.0
986935,16976.0,16976000.0
287959,16958.0,16958000.0
763211,16958.0,16958000.0
474357,16954.0,16954000.0
879439,16953.0,16953000.0
270148,16951.0,16951000.0
601153,16939.0,16939000.0
814711,16911.0,16911000.0
127224,16883.0,16883000.0
916343,16843.0,16843000.0
1492817,16832.0,16832000.0
3390337,16831.0,16831000.0
1005655,16813.0,16813000.0
3314119,16777.0,16777000.0
837840,16756.0,16756000.0
920359,16755.0,16755000.0
28152,16755.0,16755000.0
329149,16754.0,16754000.0
188917,16753.0,16753000.0
665258,16751.0,16751000.0
733540,16749.0,16749000.0
747257,16746.0,16746000.0
428855,16731.0,16731000.0
353546,16730.0,16730000.0
5591633,16717.0,16717000.0
472531,16711.0,16711000.0
357526,16705.0,16705000.0
193162,16702.0,16702000.0
552545,16698.0,16698000.0
935719,16693.0,16693000.0
839974,16659.0,16659000.0
527057,16648.0,16648000.0
5475452,16648.0,16648000.0
767611,16631.0,16631000.0
1005851,16604.0,16604000.0
2901558,16580.0,16580000.0
580847,16556.0,16556000.0
2897633,16549.0,16549000.0
673244,16464.0,16464000.0
903950,16457.0,16457000.0
962313,16441.0,16441000.0
921879,16409.0,16409000.0
473257,16343.0,16343000.0
952846,16323.0,16323000.0
855956,16318.0,16318000.0
3089752,16307.0,16307000.0
948278,16305.0,16305000.0
1008553,16300.0,16300000.0
914853,16279.0,16279000.0
791072,16276.0,16276000.0
643658,16274.0,16274000.0
288376,16259.0,16259000.0
461058,16248.0,16248000.0
897853,16208.0,16208000.0
331544,16207.0,16207000.0
5758436,16198.0,16198000.0
3487433,16178.0,16178000.0
117775,16168.0,16168000.0
601041,16165.0,16165000.0
553926,16164.0,16164000.0
108072,16160.0,16160000.0
564838,16127.0,16127000.0
453147,16117.0,16117000.0
575375,16097.0,16097000.0
709451,16084.0,16084000.0
265676,16047.0,16047000.0
71073,16042.0,16042000.0
535931,16023.0,16023000.0
706058,16010.0,16010000.0
892223,16008.0,16008000.0
413758,15997.0,15997000.0
210256,15996.0,15996000.0
725741,15988.0,15988000.0
45775,15981.0,15981000.0
629746,15976.0,15976000.0
165758,15975.0,15975000.0
2723376,15965.0,15965000.0
979133,15946.0,15946000.0
2845782,15868.0,15868000.0
654047,15860.0,15860000.0
887827,15854.0,15854000.0
1002953,15853.0,15853000.0
51356,15837.0,15837000.0
35646,15821.0,15821000.0
673851,15812.0,15812000.0
644963,15810.0,15810000.0
780049,15809.0,15809000.0
3633016,15794.0,15794000.0
176642,15769.0,15769000.0
674344,15766.0,15766000.0
50144,15763.0,15763000.0
648550,15759.0,15759000.0
37051,15758.0,15758000.0
274856,15754.0,15754000.0
3479018,15743.0,15743000.0
3185579,15734.0,15734000.0
791353,15728.0,15728000.0
164377,15717.0,15717000.0
2746245,15707.0,15707000.0
403067,15704.0,15704000.0
394156,15702.0,15702000.0
379153,15699.0,15699000.0
5787418,15698.0,15698000.0
96553,15686.0,15686000.0
943974,15681.0,15681000.0
863362,15671.0,15671000.0
696645,15657.0,15657000.0
720344,15647.0,15647000.0
2754222,15636.0,15636000.0
174321,15631.0,15631000.0
470032,15626.0,15626000.0
2597232,15619.0,15619000.0
427858,15587.0,15587000.0
280352,15583.0,15583000.0
472018,15566.0,15566000.0
647245,15555.0,15555000.0
847979,15525.0,15525000.0
865759,15522.0,15522000.0
3843392,15516.0,15516000.0
218878,15516.0,15516000.0
670430,15514.0,15514000.0
2809373,15507.0,15507000.0
411062,15494.0,15494000.0
416339,15449.0,15449000.0
603232,15428.0,15428000.0
754536,15426.0,15426000.0
986551,15418.0,15418000.0
2059990,15418.0,15418000.0
837354,15404.0,15404000.0
1006559,15401.0,15401000.0
682648,15400.0,15400000.0
800442,15400.0,15400000.0
171759,15399.0,15399000.0
773742,15399.0,15399000.0
657758,15377.0,15377000.0
868059,15375.0,15375000.0
1369870,15374.0,15374000.0
4397164,15373.0,15373000.0
235174,15349.0,15349000.0
503640,15349.0,15349000.0
578554,15339.0,15339000.0
625953,15339.0,15339000.0
171656,15298.0,15298000.0
242958,15288.0,15288000.0
2533043,15261.0,15261000.0
72454,15250.0,15250000.0
3253834,15244.0,15244000.0
258539,15243.0,15243000.0
2536633,15206.0,15206000.0
672247,15201.0,15201000.0
259059,15128.0,15128000.0
804422,15118.0,15118000.0
670748,15111.0,15111000.0
2949970,15102.0,15102000.0
413673,15092.0,15092000.0
827355,15086.0,15086000.0
608358,15079.0,15079000.0
687054,15075.0,15075000.0
266253,15072.0,15072000.0
247476,15066.0,15066000.0
927077,15047.0,15047000.0
550952,15031.0,15031000.0
2917184,15014.0,15014000.0
696047,15006.0,15006000.0
470434,14995.0,14995000.0
688556,14994.0,14994000.0
3180136,14970.0,14970000.0
722227,14946.0,14946000.0
5805424,14927.0,14927000.0
203052,14924.0,14924000.0
480059,14907.0,14907000.0
313157,14895.0,14895000.0
888141,14880.0,14880000.0
550354,14880.0,14880000.0
46941,14878.0,14878000.0
923855,14867.0,14867000.0
134156,14867.0,14867000.0
961446,14837.0,14837000.0
126049,14822.0,14822000.0
370347,14818.0,14818000.0
22730,14799.0,14799000.0
305059,14796.0,14796000.0
3393851,14731.0,14731000.0
713252,14712.0,14712000.0
617051,14710.0,14710000.0
796657,14678.0,14678000.0
422657,14667.0,14667000.0
586335,14661.0,14661000.0
35879,14588.0,14588000.0
835079,14582.0,14582000.0
78241,14571.0,14571000.0
255350,14562.0,14562000.0
136048,14540.0,14540000.0
563457,14539.0,14539000.0
308340,14529.0,14529000.0
157650,14504.0,14504000.0
208347,14501.0,14501000.0
882541,14499.0,14499000.0
991555,14482.0,14482000.0
837952,14479.0,14479000.0
295057,14477.0,14477000.0
127055,14459.0,14459000.0
3041358,14454.0,14454000.0
366658,14423.0,14423000.0
819172,14409.0,14409000.0
190947,14383.0,14383000.0
2769954,14381.0,14381000.0
518176,14371.0,14371000.0
657954,14363.0,14363000.0
458946,14362.0,14362000.0
937553,14351.0,14351000.0
774235,14338.0,14338000.0
223452,14333.0,14333000.0
3120897,14328.0,14328000.0
856869,14309.0,14309000.0
397858,14290.0,14290000.0
617275,14283.0,14283000.0
5784921,14223.0,14223000.0
739346,14223.0,14223000.0
142049,14221.0,14221000.0
667346,14209.0,14209000.0
13457,14167.0,14167000.0
446149,14161.0,14161000.0
548052,14155.0,14155000.0
465524,14142.0,14142000.0
2598396,14134.0,14134000.0
120953,14115.0,14115000.0
3939240,14097.0,14097000.0
131940,14072.0,14072000.0
805045,14066.0,14066000.0
765354,14037.0,14037000.0
1003455,14024.0,14024000.0
729057,14019.0,14019000.0
1293078,13989.0,13989000.0
2960555,13908.0,13908000.0
98351,13894.0,13894000.0
484057,13887.0,13887000.0
864855,13880.0,13880000.0
504647,13858.0,13858000.0
691743,13849.0,13849000.0
55653,13846.0,13846000.0
5805228,13838.0,13838000.0
258874,13808.0,13808000.0
399731,13805.0,13805000.0
700430,13796.0,13796000.0
675042,13763.0,13763000.0
1163283,13752.0,13752000.0
699253,13734.0,13734000.0
840251,13733.0,13733000.0
575348,13731.0,13731000.0
628039,13717.0,13717000.0
420877,13703.0,13703000.0
968155,13688.0,13688000.0
750444,13685.0,13685000.0
854753,13685.0,13685000.0
2621285,13678.0,13678000.0
233442,13670.0,13670000.0
249658,13659.0,13659000.0
723158,13655.0,13655000.0
938354,13642.0,13642000.0
760340,13631.0,13631000.0
659640,13628.0,13628000.0
490348,13621.0,13621000.0
705378,13607.0,13607000.0
367150,13598.0,13598000.0
898458,13508.0,13508000.0
481579,13502.0,13502000.0
233246,13490.0,13490000.0
164957,13478.0,13478000.0
135854,13463.0,13463000.0
651158,13457.0,13457000.0
266655,13415.0,13415000.0
575133,13396.0,13396000.0
391418,13392.0,13392000.0
729945,13380.0,13380000.0
788652,13374.0,13374000.0
198073,13372.0,13372000.0
1007051,13369.0,13369000.0
654579,13349.0,13349000.0
1007930,13344.0,13344000.0
314444,13334.0,13334000.0
742542,13324.0,13324000.0
141677,13322.0,13322000.0
472045,13310.0,13310000.0
376237,13307.0,13307000.0
265452,13307.0,13307000.0
381950,13306.0,13306000.0
45056,13285.0,13285000.0
248352,13275.0,13275000.0
1225752,13267.0,13267000.0
531157,13229.0,13229000.0
816256,13219.0,13219000.0
875655,13218.0,13218000.0
597658,13216.0,13216000.0
519445,13214.0,13214000.0
911339,13206.0,13206000.0
276551,13199.0,13199000.0
581237,13191.0,13191000.0
70218,13187.0,13187000.0
586960,13178.0,13178000.0
536853,13178.0,13178000.0
316859,13177.0,13177000.0
567736,13158.0,13158000.0
660253,13156.0,13156000.0
232847,13121.0,13121000.0
814074,13108.0,13108000.0
380346,13073.0,13073000.0
817477,13072.0,13072000.0
952257,13047.0,13047000.0
483537,13040.0,13040000.0
304520,13038.0,13038000.0
697035,13028.0,13028000.0
256076,13028.0,13028000.0
380944,13010.0,13010000.0
489155,12999.0,12999000.0
3626184,12974.0,12974000.0
988452,12963.0,12963000.0
1470150,12954.0,12954000.0
398051,12947.0,12947000.0
5691319,12944.0,12944000.0
388874,12920.0,12920000.0
258379,12915.0,12915000.0
955753,12896.0,12896000.0
259956,12887.0,12887000.0
362940,12851.0,12851000.0
474656,12830.0,12830000.0
499154,12825.0,12825000.0
476445,12823.0,12823000.0
618777,12775.0,12775000.0
5972661,12774.0,12774000.0
711753,12773.0,12773000.0
14650,12769.0,12769000.0
2702764,12765.0,12765000.0
157379,12740.0,12740000.0
11837,12734.0,12734000.0
811550,12729.0,12729000.0
2973041,12710.0,12710000.0
675855,12710.0,12710000.0
647414,12707.0,12707000.0
397456,12698.0,12698000.0
246451,12673.0,12673000.0
735973,12673.0,12673000.0
552956,12667.0,12667000.0
597041,12608.0,12608000.0
950356,12603.0,12603000.0
983550,12591.0,12591000.0
223751,12587.0,12587000.0
141350,12586.0,12586000.0
2726050,12580.0,12580000.0
496434,12578.0,12578000.0
535575,12566.0,12566000.0
784430,12544.0,12544000.0
5755510,12509.0,12509000.0
184656,12501.0,12501000.0
343770,12499.0,12499000.0
733755,12483.0,12483000.0
909756,12473.0,12473000.0
940021,12466.0,12466000.0
987848,12465.0,12465000.0
322449,12456.0,12456000.0
364850,12449.0,12449000.0
795959,12433.0,12433000.0
490843,12415.0,12415000.0
944739,12394.0,12394000.0
302030,12381.0,12381000.0
648345,12361.0,12361000.0
646042,12352.0,12352000.0
123075,12349.0,12349000.0
971070,12344.0,12344000.0
563336,12340.0,12340000.0
901451,12328.0,12328000.0
218261,12328.0,12328000.0
3148613,12301.0,12301000.0
178356,12269.0,12269000.0
572347,12264.0,12264000.0
636753,12251.0,12251000.0
764142,12246.0,12246000.0
812379,12245.0,12245000.0
926650,12239.0,12239000.0
44750,12226.0,12226000.0
2696180,12182.0,12182000.0
80431,12168.0,12168000.0
253730,12157.0,12157000.0
402873,12151.0,12151000.0
991135,12146.0,12146000.0
820477,12145.0,12145000.0
747051,12144.0,12144000.0
854847,12114.0,12114000.0
881900,12083.0,12083000.0
544447,12066.0,12066000.0
235950,12064.0,12064000.0
681043,12060.0,12060000.0
532752,12053.0,12053000.0
923257,12045.0,12045000.0
104234,12044.0,12044000.0
290922,12015.0,12015000.0
324975,11993.0,11993000.0
818540,11988.0,11988000.0
3005097,11988.0,11988000.0
24659,11978.0,11978000.0
2745529,11961.0,11961000.0
382742,11961.0,11961000.0
779641,11954.0,11954000.0
286840,11930.0,11930000.0
745347,11927.0,11927000.0
770451,11912.0,11912000.0
255547,11896.0,11896000.0
106676,11891.0,11891000.0
37,11886.0,11886000.0
3029253,11876.0,11876000.0
938550,11871.0,11871000.0
546320,11861.0,11861000.0
593333,11845.0,11845000.0
19356,11816.0,11816000.0
293754,11816.0,11816000.0
91615,11797.0,11797000.0
173959,11768.0,11768000.0
269571,11764.0,11764000.0
485139,11757.0,11757000.0
382854,11716.0,11716000.0
5805488,11708.0,11708000.0
1009840,11704.0,11704000.0
3394380,11697.0,11697000.0
368344,11692.0,11692000.0
500658,11686.0,11686000.0
911759,11680.0,11680000.0
164975,11648.0,11648000.0
660066,11644.0,11644000.0
743950,11607.0,11607000.0
122153,11591.0,11591000.0
954158,11560.0,11560000.0
504142,11508.0,11508000.0
772754,11506.0,11506000.0
884376,11506.0,11506000.0
211851,11504.0,11504000.0
14977,11494.0,11494000.0
236256,11480.0,11480000.0
803256,11456.0,11456000.0
761833,11453.0,11453000.0
830252,11449.0,11449000.0
7456,11447.0,11447000.0
818652,11445.0,11445000.0
1002458,11442.0,11442000.0
874452,11435.0,11435000.0
1418255,11433.0,11433000.0
164153,11389.0,11389000.0
148920,11378.0,11378000.0
560830,11365.0,11365000.0
644141,11364.0,11364000.0
3223408,11354.0,11354000.0
101952,11344.0,11344000.0
2963275,11335.0,11335000.0
954653,11328.0,11328000.0
3103591,11326.0,11326000.0
3025929,11317.0,11317000.0
758842,11305.0,11305000.0
62110,11290.0,11290000.0
292467,11273.0,11273000.0
564678,11267.0,11267000.0
108652,11258.0,11258000.0
764067,11238.0,11238000.0
883351,11237.0,11237000.0
284752,11235.0,11235000.0
48057,11231.0,11231000.0
271136,11222.0,11222000.0
123374,11209.0,11209000.0
673477,11207.0,11207000.0
85052,11188.0,11188000.0
426758,11185.0,11185000.0
835613,11175.0,11175000.0
675659,11165.0,11165000.0
485054,11163.0,11163000.0
986159,11161.0,11161000.0
2921622,11112.0,11112000.0
327220,11109.0,11109000.0
807432,11036.0,11036000.0
625056,11029.0,11029000.0
285553,11025.0,11025000.0
359744,11015.0,11015000.0
568377,10960.0,10960000.0
571135,10954.0,10954000.0
344852,10917.0,10917000.0
964250,10909.0,10909000.0
685023,10894.0,10894000.0
700252,10893.0,10893000.0
860231,10889.0,10889000.0
49148,10873.0,10873000.0
1017564,10873.0,10873000.0
534859,10865.0,10865000.0
60554,10860.0,10860000.0
1462986,10850.0,10850000.0
83955,10810.0,10810000.0
56258,10808.0,10808000.0
276159,10806.0,10806000.0
416272,10805.0,10805000.0
389376,10784.0,10784000.0
498942,10782.0,10782000.0
711520,10782.0,10782000.0
803658,10773.0,10773000.0
715470,10738.0,10738000.0
180144,10727.0,10727000.0
782548,10711.0,10711000.0
958231,10705.0,10705000.0
22552,10702.0,10702000.0
391959,10701.0,10701000.0
2651899,10701.0,10701000.0
565844,10699.0,10699000.0
1008955,10677.0,10677000.0
1014059,10674.0,10674000.0
532453,10671.0,10671000.0
518354,10651.0,10651000.0
502447,10613.0,10613000.0
7634,10612.0,10612000.0
997155,10603.0,10603000.0
753641,10589.0,10589000.0
76443,10572.0,10572000.0
598543,10570.0,10570000.0
629148,10570.0,10570000.0
844455,10534.0,10534000.0
437044,10527.0,10527000.0
421445,10476.0,10476000.0
675248,10474.0,10474000.0
132938,10471.0,10471000.0
411174,10470.0,10470000.0
998657,10462.0,10462000.0
401072,10452.0,10452000.0
1014246,10424.0,10424000.0
548472,10419.0,10419000.0
720858,10415.0,10415000.0
539452,10406.0,10406000.0
246947,10393.0,10393000.0
343958,10375.0,10375000.0
516873,10369.0,10369000.0
903754,10357.0,10357000.0
984351,10346.0,10346000.0
977045,10346.0,10346000.0
467144,10344.0,10344000.0
550653,10341.0,10341000.0
195456,10324.0,10324000.0
591357,10292.0,10292000.0
37341,10275.0,10275000.0
332756,10271.0,10271000.0
108746,10249.0,10249000.0
576578,10248.0,10248000.0
474058,10237.0,10237000.0
138556,10214.0,10214000.0
3599804,10203.0,10203000.0
109154,10190.0,10190000.0
474245,10173.0,10173000.0
42037,10163.0,10163000.0
339353,10158.0,10158000.0
2805928,10155.0,10155000.0
825940,10130.0,10130000.0
871358,10124.0,10124000.0
88259,10109.0,10109000.0
137456,10092.0,10092000.0
943143,10057.0,10057000.0
386825,10055.0,10055000.0
493077,10037.0,10037000.0
346566,10030.0,10030000.0
291732,10014.0,10014000.0
719030,10012.0,10012000.0
1006157,10009.0,10009000.0
809379,9989.0,9989000.0
510947,9979.0,9979000.0
145059,9979.0,9979000.0
513854,9967.0,9967000.0
811541,9962.0,9962000.0
630340,9954.0,9954000.0
177500,9949.0,9949000.0
5839915,9945.0,9945000.0
956152,9942.0,9942000.0
78157,9938.0,9938000.0
369453,9927.0,9927000.0
340443,9920.0,9920000.0
582654,9910.0,9910000.0
956358,9889.0,9889000.0
411576,9889.0,9889000.0
960551,9867.0,9867000.0
4032791,9862.0,9862000.0
171133,9861.0,9861000.0
488420,9853.0,9853000.0
941541,9847.0,9847000.0
116554,9836.0,9836000.0
399357,9835.0,9835000.0
647955,9802.0,9802000.0
392152,9799.0,9799000.0
365848,9794.0,9794000.0
1016848,9784.0,9784000.0
30052,9765.0,9765000.0
363778,9745.0,9745000.0
472951,9718.0,9718000.0
417710,9706.0,9706000.0
61953,9700.0,9700000.0
3308529,9692.0,9692000.0
489249,9683.0,9683000.0
2610784,9675.0,9675000.0
715975,9656.0,9656000.0
372444,9649.0,9649000.0
203575,9649.0,9649000.0
919568,9647.0,9647000.0
769334,9640.0,9640000.0
2602828,9632.0,9632000.0
774253,9628.0,9628000.0
354,9613.0,9613000.0
2044820,9606.0,9606000.0
289056,9606.0,9606000.0
644954,9580.0,9580000.0
411231,9557.0,9557000.0
786256,9548.0,9548000.0
3254297,9513.0,9513000.0
801056,9457.0,9457000.0
1014554,9412.0,9412000.0
419947,9410.0,9410000.0
943273,9404.0,9404000.0
110972,9396.0,9396000.0
724940,9391.0,9391000.0
422116,9352.0,9352000.0
426057,9352.0,9352000.0
826451,9350.0,9350000.0
881441,9334.0,9334000.0
709956,9315.0,9315000.0
527749,9298.0,9298000.0
945950,9273.0,9273000.0
257653,9250.0,9250000.0
308836,9231.0,9231000.0
679451,9202.0,9202000.0
753856,9194.0,9194000.0
501655,9179.0,9179000.0
714165,9176.0,9176000.0
972750,9175.0,9175000.0
1008151,9163.0,9163000.0
913436,9158.0,9158000.0
540542,9154.0,9154000.0
159645,9147.0,9147000.0
989851,9147.0,9147000.0
617079,9141.0,9141000.0
95677,9091.0,9091000.0
97279,9079.0,9079000.0
148340,9067.0,9067000.0
250850,9059.0,9059000.0
89135,9059.0,9059000.0
136655,9058.0,9058000.0
249416,9057.0,9057000.0
851060,9049.0,9049000.0
213958,9045.0,9045000.0
508270,9044.0,9044000.0
354851,8987.0,8987000.0
1945247,8985.0,8985000.0
822631,8981.0,8981000.0
2775692,8973.0,8973000.0
108269,8972.0,8972000.0
890957,8962.0,8962000.0
931458,8946.0,8946000.0
960047,8941.0,8941000.0
808345,8931.0,8931000.0
208972,8910.0,8910000.0
5336928,8909.0,8909000.0
965051,8901.0,8901000.0
250476,8892.0,8892000.0
663656,8870.0,8870000.0
441630,8866.0,8866000.0
534073,8853.0,8853000.0
943853,8852.0,8852000.0
988256,8840.0,8840000.0
4368351,8833.0,8833000.0
413347,8827.0,8827000.0
75651,8824.0,8824000.0
43856,8817.0,8817000.0
848453,8814.0,8814000.0
111157,8809.0,8809000.0
460350,8806.0,8806000.0
238250,8798.0,8798000.0
491653,8795.0,8795000.0
321152,8788.0,8788000.0
177135,8787.0,8787000.0
660879,8783.0,8783000.0
378044,8743.0,8743000.0
861854,8727.0,8727000.0
114859,8726.0,8726000.0
13251,8713.0,8713000.0
2939001,8678.0,8678000.0
361354,8677.0,8677000.0
578237,8674.0,8674000.0
688453,8669.0,8669000.0
271341,8668.0,8668000.0
767554,8665.0,8665000.0
276654,8652.0,8652000.0
944748,8640.0,8640000.0
559179,8622.0,8622000.0
1017854,8591.0,8591000.0
662350,8587.0,8587000.0
498456,8576.0,8576000.0
897451,8570.0,8570000.0
666358,8561.0,8561000.0
147651,8539.0,8539000.0
598132,8487.0,8487000.0
188739,8472.0,8472000.0
381026,8469.0,8469000.0
351131,8459.0,8459000.0
726458,8454.0,8454000.0
5758445,8450.0,8450000.0
863652,8448.0,8448000.0
956134,8435.0,8435000.0
563934,8426.0,8426000.0
984454,8426.0,8426000.0
170257,8410.0,8410000.0
156457,8405.0,8405000.0
3480069,8389.0,8389000.0
855143,8376.0,8376000.0
24378,8373.0,8373000.0
897237,8348.0,8348000.0
732637,8332.0,8332000.0
343051,8329.0,8329000.0
471057,8319.0,8319000.0
358448,8307.0,8307000.0
753052,8278.0,8278000.0
211114,8263.0,8263000.0
823638,8258.0,8258000.0
593940,8250.0,8250000.0
157155,8245.0,8245000.0
804150,8245.0,8245000.0
1015458,8242.0,8242000.0
403656,8234.0,8234000.0
595944,8227.0,8227000.0
242949,8226.0,8226000.0
672238,8191.0,8191000.0
280558,8188.0,8188000.0
513322,8183.0,8183000.0
75455,8176.0,8176000.0
670654,8162.0,8162000.0
273653,8155.0,8155000.0
735414,8144.0,8144000.0
79127,8126.0,8126000.0
969956,8109.0,8109000.0
492810,8099.0,8099000.0
918356,8095.0,8095000.0
843953,8088.0,8088000.0
174367,8084.0,8084000.0
120476,8070.0,8070000.0
184759,8050.0,8050000.0
931207,8024.0,8024000.0
533227,8016.0,8016000.0
275657,8015.0,8015000.0
392255,8001.0,8001000.0
442655,7999.0,7999000.0
112510,7970.0,7970000.0
467733,7966.0,7966000.0
937843,7961.0,7961000.0
663638,7954.0,7954000.0
157856,7952.0,7952000.0
2750,7950.0,7950000.0
1474309,7942.0,7942000.0
644057,7918.0,7918000.0
2724766,7903.0,7903000.0
197254,7880.0,7880000.0
103134,7864.0,7864000.0
875879,7799.0,7799000.0
396057,7793.0,7793000.0
457,7790.0,7790000.0
5887420,7780.0,7780000.0
401951,7758.0,7758000.0
865852,7747.0,7747000.0
560438,7743.0,7743000.0
798512,7737.0,7737000.0
858153,7714.0,7714000.0
112556,7699.0,7699000.0
459644,7697.0,7697000.0
77150,7696.0,7696000.0
122546,7680.0,7680000.0
195157,7676.0,7676000.0
287922,7614.0,7614000.0
460556,7589.0,7589000.0
619859,7574.0,7574000.0
456344,7553.0,7553000.0
40033,7539.0,7539000.0
754246,7532.0,7532000.0
2641827,7522.0,7522000.0
760939,7485.0,7485000.0
700140,7475.0,7475000.0
269759,7458.0,7458000.0
858443,7455.0,7455000.0
944935,7454.0,7454000.0
474544,7447.0,7447000.0
1435092,7436.0,7436000.0
814355,7430.0,7430000.0
655530,7429.0,7429000.0
824738,7420.0,7420000.0
1007958,7413.0,7413000.0
243955,7413.0,7413000.0
276953,7383.0,7383000.0
353957,7372.0,7372000.0
328058,7351.0,7351000.0
14753,7346.0,7346000.0
3285246,7338.0,7338000.0
4146830,7333.0,7333000.0
969059,7327.0,7327000.0
92144,7319.0,7319000.0
667551,7319.0,7319000.0
515979,7310.0,7310000.0
321330,7308.0,7308000.0
641449,7284.0,7284000.0
42457,7279.0,7279000.0
1014451,7275.0,7275000.0
570651,7256.0,7256000.0
717232,7226.0,7226000.0
37659,7202.0,7202000.0
915056,7197.0,7197000.0
371849,7186.0,7186000.0
824242,7181.0,7181000.0
324229,7181.0,7181000.0
736158,7170.0,7170000.0
697950,7155.0,7155000.0
409265,7150.0,7150000.0
128258,7142.0,7142000.0
366359,7141.0,7141000.0
3353154,7140.0,7140000.0
267652,7132.0,7132000.0
917630,7123.0,7123000.0
360777,7108.0,7108000.0
1820979,7094.0,7094000.0
856458,7090.0,7090000.0
505916,7076.0,7076000.0
819154,7075.0,7075000.0
658072,7068.0,7068000.0
41553,7063.0,7063000.0
104971,7059.0,7059000.0
720157,7052.0,7052000.0
924254,7045.0,7045000.0
603540,7037.0,7037000.0
304575,7035.0,7035000.0
176437,7034.0,7034000.0
767152,7031.0,7031000.0
894834,7029.0,7029000.0
377663,7023.0,7023000.0
116358,7021.0,7021000.0
333940,7018.0,7018000.0
677354,7010.0,7010000.0
62147,7005.0,7005000.0
442057,6955.0,6955000.0
187648,6954.0,6954000.0
856542,6942.0,6942000.0
923949,6940.0,6940000.0
460275,6927.0,6927000.0
804860,6918.0,6918000.0
324256,6905.0,6905000.0
401559,6897.0,6897000.0
2912750,6876.0,6876000.0
412452,6871.0,6871000.0
987576,6845.0,6845000.0
671053,6844.0,6844000.0
522454,6831.0,6831000.0
8631,6799.0,6799000.0
861153,6799.0,6799000.0
503547,6771.0,6771000.0
870856,6769.0,6769000.0
5805479,6763.0,6763000.0
338945,6747.0,6747000.0
270652,6736.0,6736000.0
524757,6734.0,6734000.0
668053,6702.0,6702000.0
79257,6695.0,6695000.0
507349,6689.0,6689000.0
686570,6678.0,6678000.0
1176920,6652.0,6652000.0
231279,6646.0,6646000.0
1017555,6627.0,6627000.0
884657,6603.0,6603000.0
1856,6596.0,6596000.0
777254,6589.0,6589000.0
871956,6522.0,6522000.0
997557,6497.0,6497000.0
2797210,6490.0,6490000.0
775241,6486.0,6486000.0
192651,6474.0,6474000.0
983158,6465.0,6465000.0
800479,6462.0,6462000.0
2905761,6454.0,6454000.0
73956,6446.0,6446000.0
21359,6438.0,6438000.0
835659,6425.0,6425000.0
58355,6423.0,6423000.0
777441,6419.0,6419000.0
107758,6414.0,6414000.0
837653,6412.0,6412000.0
732954,6382.0,6382000.0
649632,6373.0,6373000.0
311144,6343.0,6343000.0
550448,6331.0,6331000.0
647759,6318.0,6318000.0
371755,6317.0,6317000.0
578862,6315.0,6315000.0
931159,6305.0,6305000.0
354253,6293.0,6293000.0
764151,6273.0,6273000.0
229173,6269.0,6269000.0
843476,6247.0,6247000.0
3032833,6244.0,6244000.0
146056,6243.0,6243000.0
391557,6212.0,6212000.0
302133,6198.0,6198000.0
741152,6194.0,6194000.0
973252,6180.0,6180000.0
293352,6174.0,6174000.0
172251,6145.0,6145000.0
857259,6126.0,6126000.0
760957,6124.0,6124000.0
835378,6115.0,6115000.0
618647,6115.0,6115000.0
3308574,6102.0,6102000.0
411240,6097.0,6097000.0
316934,6050.0,6050000.0
651149,6048.0,6048000.0
3139321,6041.0,6041000.0
678258,6033.0,6033000.0
716851,6025.0,6025000.0
308256,6020.0,6020000.0
132778,6004.0,6004000.0
678052,5995.0,5995000.0
991078,5986.0,5986000.0
544951,5948.0,5948000.0
755421,5911.0,5911000.0
303747,5910.0,5910000.0
790150,5908.0,5908000.0
2123930,5902.0,5902000.0
876157,5887.0,5887000.0
1000856,5878.0,5878000.0
877958,5862.0,5862000.0
82350,5851.0,5851000.0
291376,5838.0,5838000.0
821643,5820.0,5820000.0
975452,5818.0,5818000.0
82257,5817.0,5817000.0
995955,5817.0,5817000.0
840354,5782.0,5782000.0
311658,5772.0,5772000.0
72351,5753.0,5753000.0
767572,5738.0,5738000.0
219679,5718.0,5718000.0
272151,5715.0,5715000.0
227656,5710.0,5710000.0
1016558,5708.0,5708000.0
701857,5703.0,5703000.0
998358,5696.0,5696000.0
309851,5651.0,5651000.0
91950,5650.0,5650000.0
206950,5606.0,5606000.0
721752,5598.0,5598000.0
603755,5591.0,5591000.0
320034,5574.0,5574000.0
284958,5555.0,5555000.0
582878,5550.0,5550000.0
770545,5542.0,5542000.0
480246,5518.0,5518000.0
464853,5514.0,5514000.0
382256,5471.0,5471000.0
1004256,5446.0,5446000.0
229454,5431.0,5431000.0
378110,5418.0,5418000.0
375650,5413.0,5413000.0
1494482,5403.0,5403000.0
694771,5389.0,5389000.0
411549,5366.0,5366000.0
431350,5345.0,5345000.0
440978,5342.0,5342000.0
534242,5323.0,5323000.0
2811086,5298.0,5298000.0
102333,5222.0,5222000.0
940852,5184.0,5184000.0
803265,5179.0,5179000.0
560214,5158.0,5158000.0
207041,5157.0,5157000.0
444677,5145.0,5145000.0
601032,5144.0,5144000.0
887854,5126.0,5126000.0
215653,5124.0,5124000.0
388753,5115.0,5115000.0
426141,5109.0,5109000.0
681249,5106.0,5106000.0
693073,5092.0,5092000.0
3448425,5090.0,5090000.0
33839,5084.0,5084000.0
741956,5076.0,5076000.0
404943,5051.0,5051000.0
858452,5034.0,5034000.0
343248,5028.0,5028000.0
440857,5023.0,5023000.0
73152,4988.0,4988000.0
643274,4983.0,4983000.0
937834,4956.0,4956000.0
749840,4938.0,4938000.0
412872,4919.0,4919000.0
76153,4917.0,4917000.0
1014255,4915.0,4915000.0
388258,4913.0,4913000.0
593771,4899.0,4899000.0
868572,4890.0,4890000.0
1012457,4886.0,4886000.0
167752,4861.0,4861000.0
205458,4805.0,4805000.0
450669,4798.0,4798000.0
482370,4779.0,4779000.0
986757,4768.0,4768000.0
579319,4748.0,4748000.0
741358,4747.0,4747000.0
918655,4720.0,4720000.0
540850,4666.0,4666000.0
17259,4662.0,4662000.0
242,4657.0,4657000.0
131717,4650.0,4650000.0
292850,4633.0,4633000.0
866251,4621.0,4621000.0
3458,4614.0,4614000.0
723550,4601.0,4601000.0
479567,4561.0,4561000.0
252452,4547.0,4547000.0
1008450,4536.0,4536000.0
272058,4531.0,4531000.0
321255,4507.0,4507000.0
949453,4501.0,4501000.0
322551,4492.0,4492000.0
514356,4477.0,4477000.0
83852,4464.0,4464000.0
519874,4450.0,4450000.0
639857,4422.0,4422000.0
833851,4302.0,4302000.0
99853,4284.0,4284000.0
738657,4257.0,4257000.0
3952904,4255.0,4255000.0
325459,4245.0,4245000.0
362043,4153.0,4153000.0
821559,4150.0,4150000.0
292234,4117.0,4117000.0
610539,4083.0,4083000.0
902645,3999.0,3999000.0
646471,3969.0,3969000.0
856159,3951.0,3951000.0
823553,3934.0,3934000.0
842853,3929.0,3929000.0
496957,3928.0,3928000.0
839817,3908.0,3908000.0
84046,3847.0,3847000.0
306056,3837.0,3837000.0
481748,3820.0,3820000.0
768476,3802.0,3802000.0
983055,3791.0,3791000.0
74449,3778.0,3778000.0
921655,3763.0,3763000.0
2960788,3756.0,3756000.0
175458,3741.0,3741000.0
912756,3738.0,3738000.0
274052,3723.0,3723000.0
879550,3697.0,3697000.0
472148,3692.0,3692000.0
379050,3691.0,3691000.0
278751,3673.0,3673000.0
3153233,3671.0,3671000.0
771047,3668.0,3668000.0
885579,3655.0,3655000.0
2490285,3625.0,3625000.0
2502825,3625.0,3625000.0
235558,3595.0,3595000.0
542854,3573.0,3573000.0
410159,3567.0,3567000.0
846132,3556.0,3556000.0
816751,3555.0,3555000.0
407850,3550.0,3550000.0
675341,3539.0,3539000.0
603559,3504.0,3504000.0
375379,3498.0,3498000.0
373272,3490.0,3490000.0
691042,3475.0,3475000.0
70955,3460.0,3460000.0
472250,3448.0,3448000.0
522034,3429.0,3429000.0
981453,3390.0,3390000.0
363442,3367.0,3367000.0
92902,3271.0,3271000.0
994770,3266.0,3266000.0
104542,3250.0,3250000.0
571957,3247.0,3247000.0
33370,3228.0,3228000.0
630041,3169.0,3169000.0
90047,3160.0,3160000.0
783349,3147.0,3147000.0
480330,3127.0,3127000.0
425050,3127.0,3127000.0
418436,3097.0,3097000.0
915935,3074.0,3074000.0
432432,3059.0,3059000.0
2337335,3053.0,3053000.0
789051,3048.0,3048000.0
794653,3029.0,3029000.0
424352,2998.0,2998000.0
288152,2980.0,2980000.0
3268173,2978.0,2978000.0
509857,2963.0,2963000.0
424437,2955.0,2955000.0
706450,2933.0,2933000.0
959630,2925.0,2925000.0
514057,2917.0,2917000.0
270353,2893.0,2893000.0
350657,2884.0,2884000.0
923350,2858.0,2858000.0
2877484,2855.0,2855000.0
904845,2807.0,2807000.0
490955,2798.0,2798000.0
694146,2751.0,2751000.0
981350,2751.0,2751000.0
918776,2729.0,2729000.0
731957,2703.0,2703000.0
441135,2701.0,2701000.0
177555,2700.0,2700000.0
441470,2689.0,2689000.0
614256,2668.0,2668000.0
138257,2650.0,2650000.0
811457,2608.0,2608000.0
652959,2488.0,2488000.0
469250,2426.0,2426000.0
560353,2416.0,2416000.0
78559,2399.0,2399000.0
651354,2384.0,2384000.0
838155,2368.0,2368000.0
577230,2332.0,2332000.0
910079,2313.0,2313000.0
273859,2292.0,2292000.0
604033,2233.0,2233000.0
971379,2228.0,2228000.0
855303,2209.0,2209000.0
1011852,2207.0,2207000.0
818559,2156.0,2156000.0
274025,2146.0,2146000.0
836656,2093.0,2093000.0
295646,2089.0,2089000.0
976954,2082.0,2082000.0
943152,2070.0,2070000.0
185251,2042.0,2042000.0
596277,2041.0,2041000.0
823142,2026.0,2026000.0
225942,2017.0,2017000.0
767246,2013.0,2013000.0
67254,2008.0,2008000.0
358756,1938.0,1938000.0
384353,1879.0,1879000.0
991854,1757.0,1757000.0
602842,1728.0,1728000.0
286251,1680.0,1680000.0
226949,1581.0,1581000.0
921936,1505.0,1505000.0
799939,1400.0,1400000.0
403254,1028.0,1028000.0
21256,931.0,931000.0
382274,288.0,288000.0
32234,134.0,134000.0
140634,114.0,114000.0
289225,107.0,107000.0
768953,-438.0,-438000.0
539872,-2810.0,-2810000.0
733054,-2889.0,-2889000.0
857811,-3414.0,-3414000.0
373601,-25483.0,-25483000.0
3042234,-32016.0,-32016000.0
91754,-35179.0,-35179000.0
450753,-46616.0,-46616000.0
342362,-59406.0,-59406000.0
54656,-60395.0,-60395000.0
