rssd_id,total_equity_capital,total_equity_capital_usd
852218,335936000.0,335936000000.0
480228,246250000.0,246250000000.0
476810,176530000.0,176530000000.0
451965,173751000.0,173751000000.0
112837,97584212.0,97584212000.0
504713,67960628.0,67960628000.0
2182786,65331000.0,65331000000.0
852320,63223000.0,63223000000.0
817824,59441103.0,59441103000.0
497404,49728084.0,49728084000.0
75633,37358799.0,37358799000.0
541101,29822000.0,29822000000.0
35301,28919000.0,28919000000.0
501105,28333192.0,28333192000.0
3303298,26838113.0,26838113000.0
1456501,25576000.0,25576000000.0
723112,24648000.0,24648000000.0
12311,24293048.0,24293048000.0
491224,23371000.0,23371000000.0
280110,19074946.0,19074946000.0
1394676,19010556.0,19010556000.0
3150447,18658000.0,18658000000.0
233031,18071000.0,18071000000.0
2489805,17721000.0,17721000000.0
413208,16200640.0,16200640000.0
3284070,15277000.0,15277000000.0
1216022,14552000.0,14552000000.0
722777,14170802.0,14170802000.0
63069,12386276.0,12386276000.0
210434,11411586.0,11411586000.0
1842065,11175461.0,11175461000.0
214807,9808000.0,9808000000.0
761806,9774130.0,9774130000.0
3212149,9741941.0,9741941000.0
1929247,9669919.0,9669919000.0
485559,9188421.0,9188421000.0
229801,8185196.0,8185196000.0
197478,8151065.0,8151065000.0
694904,8144856.0,8144856000.0
143662,8141845.0,8141845000.0
208244,8112742.0,8112742000.0
3138146,7815796.0,7815796000.0
936855,7527586.0,7527586000.0
664756,7369747.0,7369747000.0
60143,7238000.0,7238000000.0
276579,7179703.0,7179703000.0
2925666,6929788.0,6929788000.0
379920,6711049.0,6711049000.0
2980209,6403000.0,6403000000.0
606046,6243661.0,6243661000.0
107244,6129851.0,6129851000.0
962966,6030419.0,6030419000.0
395238,5825211.0,5825211000.0
693224,5716082.0,5716082000.0
365325,5577829.0,5577829000.0
339858,5495781.0,5495781000.0
619877,5260000.0,5260000000.0
917742,4800581.0,4800581000.0
682563,4541125.0,4541125000.0
463735,4341452.0,4341452000.0
2634191,4199764.0,4199764000.0
645625,4160466.0,4160466000.0
128904,4143226.0,4143226000.0
2735146,4100958.0,4100958000.0
764030,4070169.0,4070169000.0
749242,4049369.0,4049369000.0
456045,3997010.0,3997010000.0
595270,3903444.0,3903444000.0
613008,3875657.0,3875657000.0
2121196,3863507.0,3863507000.0
494261,3862210.0,3862210000.0
940311,3778000.0,3778000000.0
527954,3749154.0,3749154000.0
1444021,3681564.0,3681564000.0
2618780,3555602.0,3555602000.0
474919,3530379.0,3530379000.0
934329,3496000.0,3496000000.0
1017939,3391455.0,3391455000.0
659855,3371314.0,3371314000.0
601050,3280934.0,3280934000.0
663245,3197586.0,3197586000.0
3938186,3166950.0,3166950000.0
2193616,3166096.0,3166096000.0
204004,3165569.0,3165569000.0
936462,3062588.0,3062588000.0
656377,3055489.0,3055489000.0
34537,3036739.0,3036739000.0
595869,3013158.0,3013158000.0
3202702,2955000.0,2955000000.0
814430,2907244.0,2907244000.0
3394278,2889845.0,2889845000.0
3284397,2787886.0,2787886000.0
980661,2757205.0,2757205000.0
165628,2736506.0,2736506000.0
437914,2678024.0,2678024000.0
2917317,2604036.0,2604036000.0
2567123,2551032.0,2551032000.0
782306,2508972.0,2508972000.0
416245,2483450.0,2483450000.0
17147,2469036.0,2469036000.0
2797724,2422066.0,2422066000.0
671464,2366522.0,2366522000.0
311845,2296768.0,2296768000.0
933966,2270968.0,2270968000.0
963945,2235386.0,2235386000.0
342634,2215483.0,2215483000.0
2354985,2155427.0,2155427000.0
2736291,2091633.0,2091633000.0
1190476,2006846.0,2006846000.0
1893049,1995000.0,1995000000.0
436159,1975296.0,1975296000.0
1001152,1971227.0,1971227000.0
1002878,1962200.0,1962200000.0
352772,1951461.0,1951461000.0
510871,1898022.0,1898022000.0
1443266,1886000.0,1886000000.0
3348888,1878159.0,1878159000.0
2615190,1878028.0,1878028000.0
853952,1874332.0,1874332000.0
288853,1860280.0,1860280000.0
702117,1848419.0,1848419000.0
3224580,1770490.0,1770490000.0
795968,1751664.0,1751664000.0
470050,1741248.0,1741248000.0
2850722,1739304.0,1739304000.0
85472,1737430.0,1737430000.0
3317932,1711901.0,1711901000.0
216922,1707303.0,1707303000.0
915878,1702152.0,1702152000.0
23504,1645437.0,1645437000.0
3579589,1636813.0,1636813000.0
202907,1615176.0,1615176000.0
3475083,1613294.0,1613294000.0
871769,1606287.0,1606287000.0
1225761,1603560.0,1603560000.0
3470239,1581355.0,1581355000.0
249612,1577445.0,1577445000.0
509950,1558770.0,1558770000.0
42420,1510142.0,1510142000.0
637451,1505737.0,1505737000.0
3287660,1469328.0,1469328000.0
936426,1461635.0,1461635000.0
320119,1429190.0,1429190000.0
929352,1412593.0,1412593000.0
1386251,1366130.0,1366130000.0
100562,1362147.0,1362147000.0
129732,1354170.0,1354170000.0
229913,1344023.0,1344023000.0
3076248,1334746.0,1334746000.0
245276,1331724.0,1331724000.0
918918,1329866.0,1329866000.0
264772,1305655.0,1305655000.0
961624,1280006.0,1280006000.0
688079,1258897.0,1258897000.0
4210227,1246458.0,1246458000.0
991340,1218532.0,1218532000.0
652874,1207876.0,1207876000.0
137915,1206231.0,1206231000.0
2941068,1190618.0,1190618000.0
673440,1189776.0,1189776000.0
577128,1184257.0,1184257000.0
1176881,1183716.0,1183716000.0
489623,1181597.0,1181597000.0
587800,1172614.0,1172614000.0
2652092,1149492.0,1149492000.0
3650808,1137648.0,1137648000.0
667757,1130219.0,1130219000.0
37640,1119548.0,1119548000.0
474759,1111067.0,1111067000.0
174572,1102652.0,1102652000.0
398668,1081671.0,1081671000.0
353555,1077040.0,1077040000.0
317342,1074255.0,1074255000.0
3637685,1065989.0,1065989000.0
3783313,1064323.0,1064323000.0
361167,1064248.0,1064248000.0
2239288,1059419.0,1059419000.0
1391778,1050341.0,1050341000.0
766164,1038102.0,1038102000.0
316840,1037177.0,1037177000.0
968070,994543.0,994543000.0
5582846,991223.0,991223000.0
783648,982190.0,982190000.0
83638,978367.0,978367000.0
52719,969650.0,969650000.0
3408728,969217.0,969217000.0
58971,967306.0,967306000.0
618807,963423.0,963423000.0
450856,955606.0,955606000.0
859712,940937.0,940937000.0
2600039,938493.0,938493000.0
762447,935216.0,935216000.0
881478,933152.0,933152000.0
399517,932937.0,932937000.0
933621,923510.0,923510000.0
3187630,923028.0,923028000.0
121642,921813.0,921813000.0
959304,913216.0,913216000.0
354310,907055.0,907055000.0
936136,904949.0,904949000.0
930965,893497.0,893497000.0
2916963,893396.0,893396000.0
435077,891754.0,891754000.0
3783948,881476.0,881476000.0
479268,880031.0,880031000.0
509811,873449.0,873449000.0
657365,872646.0,872646000.0
2858960,870023.0,870023000.0
58243,863340.0,863340000.0
1917301,861379.0,861379000.0
913856,857917.0,857917000.0
2998576,850455.0,850455000.0
2992547,821810.0,821810000.0
3076220,812790.0,812790000.0
661308,812710.0,812710000.0
786612,794362.0,794362000.0
433608,791954.0,791954000.0
888002,791412.0,791412000.0
1918344,789477.0,789477000.0
339773,779187.0,779187000.0
874845,769144.0,769144000.0
130541,768929.0,768929000.0
2700984,766567.0,766567000.0
5278251,765803.0,765803000.0
29878,760599.0,760599000.0
996260,760231.0,760231000.0
2362458,758293.0,758293000.0
412751,756563.0,756563000.0
139656,749340.0,749340000.0
255659,738863.0,738863000.0
2209553,733625.0,733625000.0
236706,733441.0,733441000.0
651859,731828.0,731828000.0
2705895,726723.0,726723000.0
2608754,725795.0,725795000.0
593007,724700.0,724700000.0
28013,724186.0,724186000.0
811046,716295.0,716295000.0
633378,714644.0,714644000.0
758703,703531.0,703531000.0
836843,702818.0,702818000.0
663834,697385.0,697385000.0
260055,696311.0,696311000.0
850036,688880.0,688880000.0
3232204,685307.0,685307000.0
826956,683175.0,683175000.0
54973,669876.0,669876000.0
2265456,669410.0,669410000.0
272302,668188.0,668188000.0
2119773,663722.0,663722000.0
2737980,662331.0,662331000.0
601416,662253.0,662253000.0
1011526,656501.0,656501000.0
426534,654269.0,654269000.0
808260,652993.0,652993000.0
391575,648770.0,648770000.0
933023,648279.0,648279000.0
3630323,644479.0,644479000.0
693345,640560.0,640560000.0
2471239,639837.0,639837000.0
701062,633711.0,633711000.0
3532641,631558.0,631558000.0
697763,629879.0,629879000.0
342410,623489.0,623489000.0
542528,617072.0,617072000.0
1187001,613832.0,613832000.0
3447576,612971.0,612971000.0
773247,610247.0,610247000.0
572374,610219.0,610219000.0
3835454,603502.0,603502000.0
731247,602537.0,602537000.0
594947,600598.0,600598000.0
278818,599582.0,599582000.0
932978,595723.0,595723000.0
212577,595578.0,595578000.0
3378773,595035.0,595035000.0
3076453,591819.0,591819000.0
3402913,587670.0,587670000.0
159636,578498.0,578498000.0
664206,577879.0,577879000.0
725732,576231.0,576231000.0
522605,573304.0,573304000.0
114260,569246.0,569246000.0
2634351,562996.0,562996000.0
933256,561482.0,561482000.0
141556,559272.0,559272000.0
816603,557843.0,557843000.0
722544,554120.0,554120000.0
639567,553548.0,553548000.0
230759,551663.0,551663000.0
925411,550275.0,550275000.0
253468,548491.0,548491000.0
707354,543347.0,543347000.0
809771,543070.0,543070000.0
3109146,539119.0,539119000.0
660655,538080.0,538080000.0
413141,536580.0,536580000.0
468806,536018.0,536018000.0
169653,535671.0,535671000.0
949154,532932.0,532932000.0
825146,531314.0,531314000.0
77851,528711.0,528711000.0
680813,527939.0,527939000.0
419406,527458.0,527458000.0
272272,527168.0,527168000.0
677176,524296.0,524296000.0
384018,523117.0,523117000.0
2508751,519730.0,519730000.0
876634,517794.0,517794000.0
2938198,514335.0,514335000.0
236153,510926.0,510926000.0
1883321,509891.0,509891000.0
324340,506677.0,506677000.0
56351,506054.0,506054000.0
897170,504790.0,504790000.0
2867337,501068.0,501068000.0
2562164,493126.0,493126000.0
2654911,491065.0,491065000.0
636771,490911.0,490911000.0
3437456,489243.0,489243000.0
1015560,488960.0,488960000.0
913753,483128.0,483128000.0
1007015,482314.0,482314000.0
673909,479708.0,479708000.0
548351,477799.0,477799000.0
161273,477526.0,477526000.0
374653,476590.0,476590000.0
2390929,475668.0,475668000.0
474254,474474.0,474474000.0
703767,472495.0,472495000.0
929978,472495.0,472495000.0
3029589,469366.0,469366000.0
3325759,468103.0,468103000.0
845573,467973.0,467973000.0
2693264,465492.0,465492000.0
575254,465084.0,465084000.0
2353595,464626.0,464626000.0
945053,463818.0,463818000.0
557858,463056.0,463056000.0
256553,462083.0,462083000.0
900306,461910.0,461910000.0
13103,461463.0,461463000.0
535753,460437.0,460437000.0
739560,460215.0,460215000.0
2916534,459100.0,459100000.0
161602,457962.0,457962000.0
105473,455089.0,455089000.0
355858,454013.0,454013000.0
99376,450731.0,450731000.0
3228908,450173.0,450173000.0
933975,447472.0,447472000.0
384278,445531.0,445531000.0
3401970,443502.0,443502000.0
2576134,442934.0,442934000.0
662369,442092.0,442092000.0
1009354,434850.0,434850000.0
584920,433014.0,433014000.0
866000,429428.0,429428000.0
26765,426357.0,426357000.0
2758613,426347.0,426347000.0
211271,425633.0,425633000.0
717924,424415.0,424415000.0
537449,423364.0,423364000.0
914648,422241.0,422241000.0
751656,419018.0,419018000.0
529958,417156.0,417156000.0
460033,413982.0,413982000.0
1001639,411686.0,411686000.0
876700,411379.0,411379000.0
2734729,411125.0,411125000.0
911973,409499.0,409499000.0
2044811,407550.0,407550000.0
1157415,407265.0,407265000.0
223322,405973.0,405973000.0
2963266,405322.0,405322000.0
1436204,403614.0,403614000.0
439338,402792.0,402792000.0
613400,399382.0,399382000.0
5210,398301.0,398301000.0
491934,397645.0,397645000.0
3476192,397632.0,397632000.0
971959,394626.0,394626000.0
214414,392654.0,392654000.0
3804535,392102.0,392102000.0
852544,387684.0,387684000.0
2849801,387473.0,387473000.0
376273,386283.0,386283000.0
822556,385601.0,385601000.0
976703,384535.0,384535000.0
3235410,382597.0,382597000.0
140362,382263.0,382263000.0
2694681,380970.0,380970000.0
3547131,379363.0,379363000.0
3212402,378457.0,378457000.0
657459,369052.0,369052000.0
1447639,368341.0,368341000.0
139740,366241.0,366241000.0
1718188,362213.0,362213000.0
842460,361598.0,361598000.0
657271,359688.0,359688000.0
254317,359132.0,359132000.0
557317,358943.0,358943000.0
978118,358001.0,358001000.0
671334,357979.0,357979000.0
278555,357690.0,357690000.0
867650,356407.0,356407000.0
2743244,356093.0,356093000.0
110936,353783.0,353783000.0
895710,351132.0,351132000.0
2757205,351093.0,351093000.0
1018927,349514.0,349514000.0
3109043,348347.0,348347000.0
2954059,347934.0,347934000.0
428547,347402.0,347402000.0
330855,346932.0,346932000.0
507068,346727.0,346727000.0
2298995,346066.0,346066000.0
1890525,345269.0,345269000.0
3189063,343808.0,343808000.0
995076,343688.0,343688000.0
4457536,342091.0,342091000.0
823478,340428.0,340428000.0
2891622,339948.0,339948000.0
525549,339447.0,339447000.0
3437157,339061.0,339061000.0
936583,338568.0,338568000.0
310978,337807.0,337807000.0
2764212,335785.0,335785000.0
779351,335617.0,335617000.0
9807,334969.0,334969000.0
2808602,334760.0,334760000.0
84541,331940.0,331940000.0
407506,329905.0,329905000.0
328777,327987.0,327987000.0
961576,327815.0,327815000.0
543262,327182.0,327182000.0
160959,326971.0,326971000.0
139843,326929.0,326929000.0
3281510,326553.0,326553000.0
302656,326042.0,326042000.0
619701,325519.0,325519000.0
762474,323504.0,323504000.0
324863,323151.0,323151000.0
599764,322897.0,322897000.0
265407,318554.0,318554000.0
247140,318326.0,318326000.0
459671,314993.0,314993000.0
3374412,314485.0,314485000.0
928421,314343.0,314343000.0
455972,314011.0,314011000.0
3449066,313191.0,313191000.0
443205,312625.0,312625000.0
293053,311205.0,311205000.0
1458608,310958.0,310958000.0
689209,310889.0,310889000.0
233554,309697.0,309697000.0
622774,308697.0,308697000.0
441256,307916.0,307916000.0
645465,304840.0,304840000.0
2142155,303794.0,303794000.0
113601,303349.0,303349000.0
648242,302853.0,302853000.0
546003,302154.0,302154000.0
233527,301407.0,301407000.0
2594240,299780.0,299780000.0
3158546,299667.0,299667000.0
201834,296757.0,296757000.0
232856,295575.0,295575000.0
18827,294804.0,294804000.0
5514409,294602.0,294602000.0
3386264,294224.0,294224000.0
137205,292957.0,292957000.0
1001648,292610.0,292610000.0
3110197,292363.0,292363000.0
656470,292151.0,292151000.0
965789,291936.0,291936000.0
176101,291742.0,291742000.0
1387605,291537.0,291537000.0
536059,291063.0,291063000.0
3214059,290401.0,290401000.0
547840,290339.0,290339000.0
67656,289675.0,289675000.0
3404207,288713.0,288713000.0
42448,288641.0,288641000.0
613950,288525.0,288525000.0
884303,287571.0,287571000.0
237066,285772.0,285772000.0
2339795,284697.0,284697000.0
3419416,283047.0,283047000.0
273336,282946.0,282946000.0
3248849,282643.0,282643000.0
397540,282107.0,282107000.0
193809,280541.0,280541000.0
214106,280273.0,280273000.0
595430,279569.0,279569000.0
237619,278781.0,278781000.0
243375,278639.0,278639000.0
785923,278357.0,278357000.0
3545258,277267.0,277267000.0
3017081,276769.0,276769000.0
670560,275484.0,275484000.0
975751,274641.0,274641000.0
12946,274503.0,274503000.0
670467,272899.0,272899000.0
574976,271293.0,271293000.0
3356191,270247.0,270247000.0
528960,270018.0,270018000.0
797775,269659.0,269659000.0
3851427,269490.0,269490000.0
345309,269162.0,269162000.0
3337097,268380.0,268380000.0
3614976,266740.0,266740000.0
539032,266560.0,266560000.0
294779,266477.0,266477000.0
3595271,266089.0,266089000.0
2596646,266052.0,266052000.0
538802,266009.0,266009000.0
380458,265688.0,265688000.0
499501,264487.0,264487000.0
422433,263878.0,263878000.0
564557,262775.0,262775000.0
3216017,262321.0,262321000.0
771609,258869.0,258869000.0
3016347,257999.0,257999000.0
939249,257757.0,257757000.0
3447820,257617.0,257617000.0
289702,257610.0,257610000.0
1718469,257150.0,257150000.0
2297998,256248.0,256248000.0
3047659,255542.0,255542000.0
3274709,255365.0,255365000.0
552161,255031.0,255031000.0
860053,254812.0,254812000.0
439404,254234.0,254234000.0
1494914,253768.0,253768000.0
86675,253725.0,253725000.0
234739,253257.0,253257000.0
892205,252553.0,252553000.0
3357219,252357.0,252357000.0
154770,252008.0,252008000.0
268006,251763.0,251763000.0
687951,250236.0,250236000.0
18854,249944.0,249944000.0
3146150,248230.0,248230000.0
498362,247684.0,247684000.0
255574,247400.0,247400000.0
578255,246324.0,246324000.0
106359,246097.0,246097000.0
5050028,245713.0,245713000.0
685676,245319.0,245319000.0
2970657,244983.0,244983000.0
339072,244735.0,244735000.0
245016,244433.0,244433000.0
3271799,243943.0,243943000.0
403151,243166.0,243166000.0
925037,241697.0,241697000.0
882701,241401.0,241401000.0
497039,240934.0,240934000.0
473266,240828.0,240828000.0
200435,239908.0,239908000.0
864471,239669.0,239669000.0
767974,239269.0,239269000.0
583905,239166.0,239166000.0
1007819,238763.0,238763000.0
37435,238320.0,238320000.0
45560,237860.0,237860000.0
772008,237372.0,237372000.0
397755,235891.0,235891000.0
2531991,235720.0,235720000.0
773470,234999.0,234999000.0
5069,234573.0,234573000.0
177920,234365.0,234365000.0
482156,231288.0,231288000.0
133850,231220.0,231220000.0
546544,231198.0,231198000.0
806846,230735.0,230735000.0
247355,229182.0,229182000.0
785473,228761.0,228761000.0
113003,228495.0,228495000.0
923707,228146.0,228146000.0
275358,227951.0,227951000.0
2132941,227949.0,227949000.0
972648,227917.0,227917000.0
526452,225781.0,225781000.0
893855,225602.0,225602000.0
2497181,224954.0,224954000.0
3678857,224159.0,224159000.0
318974,224057.0,224057000.0
3793714,223880.0,223880000.0
711472,223652.0,223652000.0
366238,223434.0,223434000.0
738040,222753.0,222753000.0
626101,222580.0,222580000.0
1445943,222175.0,222175000.0
3548567,221630.0,221630000.0
48374,221572.0,221572000.0
3398623,220723.0,220723000.0
709602,220667.0,220667000.0
110413,220659.0,220659000.0
2973386,220446.0,220446000.0
677644,218073.0,218073000.0
2847142,217815.0,217815000.0
753324,217434.0,217434000.0
5859511,217290.0,217290000.0
59316,217184.0,217184000.0
502849,216724.0,216724000.0
3344321,216378.0,216378000.0
433505,216374.0,216374000.0
3437483,215058.0,215058000.0
253356,214570.0,214570000.0
609609,214170.0,214170000.0
775456,213807.0,213807000.0
923752,213657.0,213657000.0
994435,213039.0,213039000.0
962890,212958.0,212958000.0
2736714,211447.0,211447000.0
1459717,211270.0,211270000.0
807955,211185.0,211185000.0
783161,209558.0,209558000.0
627108,208908.0,208908000.0
279105,208814.0,208814000.0
703552,208007.0,208007000.0
674849,207997.0,207997000.0
61122,207810.0,207810000.0
1864197,207600.0,207600000.0
537560,207438.0,207438000.0
65858,206772.0,206772000.0
786210,206380.0,206380000.0
470452,205798.0,205798000.0
423739,204494.0,204494000.0
2068107,204369.0,204369000.0
186744,204232.0,204232000.0
273662,204036.0,204036000.0
51253,203416.0,203416000.0
774132,202874.0,202874000.0
757377,202834.0,202834000.0
2747587,201444.0,201444000.0
177751,201368.0,201368000.0
2344753,201220.0,201220000.0
418249,200067.0,200067000.0
282075,199830.0,199830000.0
517049,199797.0,199797000.0
830542,199311.0,199311000.0
425911,198640.0,198640000.0
3719648,197921.0,197921000.0
771458,197259.0,197259000.0
6329,196549.0,196549000.0
2624400,196177.0,196177000.0
309655,196088.0,196088000.0
804338,195863.0,195863000.0
187947,195330.0,195330000.0
790543,195240.0,195240000.0
473042,194364.0,194364000.0
326858,193377.0,193377000.0
2666400,192776.0,192776000.0
859002,192443.0,192443000.0
134437,191941.0,191941000.0
2482824,191307.0,191307000.0
2332910,191053.0,191053000.0
645317,190167.0,190167000.0
738769,189543.0,189543000.0
369659,189452.0,189452000.0
716833,189446.0,189446000.0
3807880,189078.0,189078000.0
212522,188780.0,188780000.0
49241,188771.0,188771000.0
408642,188638.0,188638000.0
2947556,188614.0,188614000.0
717737,188564.0,188564000.0
340135,188456.0,188456000.0
881012,188437.0,188437000.0
899428,188393.0,188393000.0
2785646,187322.0,187322000.0
2697963,187152.0,187152000.0
276850,186904.0,186904000.0
3608751,186815.0,186815000.0
1004470,186570.0,186570000.0
890742,186250.0,186250000.0
680457,185563.0,185563000.0
242444,185280.0,185280000.0
508346,185247.0,185247000.0
159971,185033.0,185033000.0
69333,185014.0,185014000.0
3610718,184962.0,184962000.0
2708122,184821.0,184821000.0
117458,184752.0,184752000.0
289515,184524.0,184524000.0
921178,184482.0,184482000.0
631422,184375.0,184375000.0
132107,183919.0,183919000.0
490450,183482.0,183482000.0
2667920,183377.0,183377000.0
3280625,183334.0,183334000.0
3720608,182754.0,182754000.0
1011656,182655.0,182655000.0
958204,182651.0,182651000.0
779968,182567.0,182567000.0
146663,182385.0,182385000.0
290249,182269.0,182269000.0
514066,182060.0,182060000.0
960935,181629.0,181629000.0
247908,181566.0,181566000.0
828651,181332.0,181332000.0
65205,180639.0,180639000.0
481177,180230.0,180230000.0
463650,179608.0,179608000.0
403179,179586.0,179586000.0
3404506,179404.0,179404000.0
983457,178897.0,178897000.0
74140,178794.0,178794000.0
3636446,178715.0,178715000.0
856243,178080.0,178080000.0
594433,178065.0,178065000.0
818401,177705.0,177705000.0
2140348,176120.0,176120000.0
375043,175878.0,175878000.0
2328137,175726.0,175726000.0
118156,175562.0,175562000.0
63733,175309.0,175309000.0
3404373,174011.0,174011000.0
2736219,173615.0,173615000.0
568470,173490.0,173490000.0
778738,173289.0,173289000.0
173575,172501.0,172501000.0
2009605,172479.0,172479000.0
214722,172377.0,172377000.0
3588424,172322.0,172322000.0
4536084,172065.0,172065000.0
150035,171992.0,171992000.0
120609,171980.0,171980000.0
844053,171958.0,171958000.0
726953,171923.0,171923000.0
3284490,171358.0,171358000.0
840363,171022.0,171022000.0
220527,170380.0,170380000.0
492650,170367.0,170367000.0
248240,169935.0,169935000.0
298218,169581.0,169581000.0
1009242,168179.0,168179000.0
527600,168051.0,168051000.0
502111,167364.0,167364000.0
646172,167276.0,167276000.0
454676,167019.0,167019000.0
564052,166887.0,166887000.0
304173,166761.0,166761000.0
2748502,166376.0,166376000.0
528849,166114.0,166114000.0
524579,165675.0,165675000.0
2806877,165334.0,165334000.0
556936,165241.0,165241000.0
886204,165238.0,165238000.0
887340,165184.0,165184000.0
613343,165136.0,165136000.0
600419,165114.0,165114000.0
97804,165083.0,165083000.0
171768,164726.0,164726000.0
734538,164695.0,164695000.0
209858,164375.0,164375000.0
982142,163242.0,163242000.0
2686211,163184.0,163184000.0
840747,163129.0,163129000.0
371924,162779.0,162779000.0
577137,162646.0,162646000.0
498317,162558.0,162558000.0
2262718,162380.0,162380000.0
592448,162355.0,162355000.0
885869,162114.0,162114000.0
1394621,162043.0,162043000.0
754929,162028.0,162028000.0
3465392,161751.0,161751000.0
606653,161309.0,161309000.0
3637247,161170.0,161170000.0
1011638,161154.0,161154000.0
933377,161093.0,161093000.0
507509,160459.0,160459000.0
758851,160351.0,160351000.0
242976,160152.0,160152000.0
101037,160092.0,160092000.0
447100,159646.0,159646000.0
754826,159362.0,159362000.0
684455,158523.0,158523000.0
2605566,158175.0,158175000.0
3597211,157933.0,157933000.0
323204,157841.0,157841000.0
119779,157711.0,157711000.0
735441,157574.0,157574000.0
2880019,157551.0,157551000.0
3076604,157485.0,157485000.0
185859,157350.0,157350000.0
741330,157040.0,157040000.0
614313,156678.0,156678000.0
3470154,156250.0,156250000.0
163549,156123.0,156123000.0
540551,155935.0,155935000.0
727174,155719.0,155719000.0
3633173,155214.0,155214000.0
934271,155173.0,155173000.0
88231,155036.0,155036000.0
589943,154882.0,154882000.0
554857,154731.0,154731000.0
972862,154298.0,154298000.0
396253,154143.0,154143000.0
1016231,153968.0,153968000.0
952172,153754.0,153754000.0
738303,153585.0,153585000.0
576608,153382.0,153382000.0
435750,153281.0,153281000.0
624778,153161.0,153161000.0
2625724,153120.0,153120000.0
765505,152220.0,152220000.0
520003,152107.0,152107000.0
1169650,151848.0,151848000.0
783844,151048.0,151048000.0
403946,151024.0,151024000.0
1006148,150873.0,150873000.0
859141,150808.0,150808000.0
822042,149950.0,149950000.0
372538,149943.0,149943000.0
2325882,149773.0,149773000.0
956750,149762.0,149762000.0
465618,148546.0,148546000.0
931038,147644.0,147644000.0
959715,147157.0,147157000.0
702612,147120.0,147120000.0
601658,147087.0,147087000.0
279954,146646.0,146646000.0
207050,146565.0,146565000.0
283737,146443.0,146443000.0
3320781,146309.0,146309000.0
261360,146306.0,146306000.0
584377,146187.0,146187000.0
439356,145967.0,145967000.0
852713,145258.0,145258000.0
99536,144953.0,144953000.0
3141726,144382.0,144382000.0
763677,144343.0,144343000.0
153353,144343.0,144343000.0
44433,144277.0,144277000.0
348720,143998.0,143998000.0
444350,143739.0,143739000.0
286457,143610.0,143610000.0
3623110,143580.0,143580000.0
770657,143526.0,143526000.0
5592340,143167.0,143167000.0
831008,143122.0,143122000.0
985479,143004.0,143004000.0
1228034,142902.0,142902000.0
1162017,142754.0,142754000.0
196800,142143.0,142143000.0
972732,142122.0,142122000.0
60330,142087.0,142087000.0
3243282,142025.0,142025000.0
995272,141776.0,141776000.0
565750,141635.0,141635000.0
1013070,141623.0,141623000.0
928618,141452.0,141452000.0
879457,141288.0,141288000.0
930358,140593.0,140593000.0
2451240,140541.0,140541000.0
869663,140389.0,140389000.0
33857,140336.0,140336000.0
3529315,140284.0,140284000.0
3388482,140190.0,140190000.0
3052813,140111.0,140111000.0
215662,139483.0,139483000.0
5210989,139139.0,139139000.0
67209,139137.0,139137000.0
594853,139100.0,139100000.0
956938,138968.0,138968000.0
307679,138744.0,138744000.0
384652,138675.0,138675000.0
593052,138474.0,138474000.0
900502,138387.0,138387000.0
729310,138225.0,138225000.0
340144,138213.0,138213000.0
632607,137558.0,137558000.0
228000,137461.0,137461000.0
139553,137303.0,137303000.0
362717,137049.0,137049000.0
61355,137027.0,137027000.0
419675,136124.0,136124000.0
154154,135846.0,135846000.0
3297490,135595.0,135595000.0
17978,135376.0,135376000.0
125855,135230.0,135230000.0
856748,135177.0,135177000.0
3350724,135037.0,135037000.0
833404,134981.0,134981000.0
397531,134506.0,134506000.0
283867,134478.0,134478000.0
27070,134446.0,134446000.0
68756,134443.0,134443000.0
498531,134248.0,134248000.0
1469677,134204.0,134204000.0
771140,134099.0,134099000.0
162337,134093.0,134093000.0
339607,133998.0,133998000.0
195111,133851.0,133851000.0
648130,133792.0,133792000.0
930442,133598.0,133598000.0
589523,133503.0,133503000.0
716374,133481.0,133481000.0
2719810,133389.0,133389000.0
133971,133309.0,133309000.0
300063,133067.0,133067000.0
777366,132815.0,132815000.0
3971,132802.0,132802000.0
666554,132766.0,132766000.0
596062,132743.0,132743000.0
845247,132287.0,132287000.0
234355,132183.0,132183000.0
186717,132159.0,132159000.0
784159,131788.0,131788000.0
304913,131347.0,131347000.0
790918,131334.0,131334000.0
311603,131037.0,131037000.0
311050,131013.0,131013000.0
873259,130662.0,130662000.0
613558,130452.0,130452000.0
927479,130298.0,130298000.0
2997748,130250.0,130250000.0
582971,129732.0,129732000.0
428060,129372.0,129372000.0
314257,129164.0,129164000.0
982348,129134.0,129134000.0
998844,129128.0,129128000.0
699105,129093.0,129093000.0
3688043,129027.0,129027000.0
3384952,128809.0,128809000.0
45551,128741.0,128741000.0
759045,128040.0,128040000.0
427353,127696.0,127696000.0
610128,127590.0,127590000.0
3068579,127354.0,127354000.0
928056,127188.0,127188000.0
176464,126773.0,126773000.0
94522,126736.0,126736000.0
39327,126583.0,126583000.0
1396764,126230.0,126230000.0
980531,125877.0,125877000.0
901938,125672.0,125672000.0
113441,125529.0,125529000.0
270504,125522.0,125522000.0
561659,125479.0,125479000.0
5135,125270.0,125270000.0
3284445,125254.0,125254000.0
99442,125106.0,125106000.0
189129,125088.0,125088000.0
207845,125068.0,125068000.0
517674,124953.0,124953000.0
780218,124927.0,124927000.0
1016259,124823.0,124823000.0
2833882,124735.0,124735000.0
867632,124633.0,124633000.0
113740,124628.0,124628000.0
3435948,124296.0,124296000.0
501459,124127.0,124127000.0
933041,124098.0,124098000.0
7009,123903.0,123903000.0
31255,123861.0,123861000.0
671558,123683.0,123683000.0
754853,123356.0,123356000.0
2785477,123261.0,123261000.0
74403,123150.0,123150000.0
447070,122828.0,122828000.0
1001059,122644.0,122644000.0
2732,122587.0,122587000.0
283438,122355.0,122355000.0
682143,122172.0,122172000.0
2915461,121921.0,121921000.0
812557,121849.0,121849000.0
56717,121732.0,121732000.0
279842,121673.0,121673000.0
536554,121471.0,121471000.0
592644,121396.0,121396000.0
301800,121238.0,121238000.0
300009,121002.0,121002000.0
151957,120961.0,120961000.0
5205819,120847.0,120847000.0
2953418,120824.0,120824000.0
701222,120160.0,120160000.0
517357,120158.0,120158000.0
63573,119651.0,119651000.0
208057,119216.0,119216000.0
150727,118644.0,118644000.0
631570,118539.0,118539000.0
779016,118457.0,118457000.0
955977,118394.0,118394000.0
401906,117819.0,117819000.0
329345,117624.0,117624000.0
886624,117561.0,117561000.0
898627,117502.0,117502000.0
483274,117496.0,117496000.0
548771,117412.0,117412000.0
245557,117339.0,117339000.0
83375,117226.0,117226000.0
2921659,117048.0,117048000.0
301574,116993.0,116993000.0
3268249,116985.0,116985000.0
3386536,116956.0,116956000.0
980960,116841.0,116841000.0
550279,116787.0,116787000.0
732178,116703.0,116703000.0
666059,116581.0,116581000.0
852704,116549.0,116549000.0
908553,116374.0,116374000.0
429487,116197.0,116197000.0
3015939,115721.0,115721000.0
585749,115630.0,115630000.0
47247,115471.0,115471000.0
635907,115421.0,115421000.0
3821822,115419.0,115419000.0
100357,115206.0,115206000.0
2358769,115083.0,115083000.0
2716088,115042.0,115042000.0
382649,114805.0,114805000.0
819855,114759.0,114759000.0
1885932,114442.0,114442000.0
894348,114376.0,114376000.0
2465881,114024.0,114024000.0
2869162,113865.0,113865000.0
75259,113585.0,113585000.0
772446,113570.0,113570000.0
499453,113498.0,113498000.0
436953,113494.0,113494000.0
220974,113481.0,113481000.0
183668,113420.0,113420000.0
594451,113318.0,113318000.0
9357,113218.0,113218000.0
3290240,113213.0,113213000.0
285740,113188.0,113188000.0
3619216,113100.0,113100000.0
4845861,113049.0,113049000.0
321273,112758.0,112758000.0
126834,112713.0,112713000.0
2661861,112705.0,112705000.0
606176,112689.0,112689000.0
921039,112497.0,112497000.0
2515320,112297.0,112297000.0
853804,112093.0,112093000.0
2826017,111962.0,111962000.0
1016857,111953.0,111953000.0
448040,111825.0,111825000.0
2006024,111787.0,111787000.0
691958,111696.0,111696000.0
33259,111285.0,111285000.0
865151,110626.0,110626000.0
497954,110606.0,110606000.0
938859,110586.0,110586000.0
837970,110584.0,110584000.0
2580243,110013.0,110013000.0
815156,109715.0,109715000.0
698144,109658.0,109658000.0
259330,109607.0,109607000.0
526519,109098.0,109098000.0
12030,108878.0,108878000.0
2839790,108681.0,108681000.0
3614837,108671.0,108671000.0
1222519,108655.0,108655000.0
137652,108607.0,108607000.0
327305,108456.0,108456000.0
738013,108315.0,108315000.0
327855,108269.0,108269000.0
713926,107982.0,107982000.0
627854,107855.0,107855000.0
183770,107790.0,107790000.0
536527,107510.0,107510000.0
319551,107467.0,107467000.0
3306280,107458.0,107458000.0
90328,107309.0,107309000.0
3397233,107302.0,107302000.0
268976,107128.0,107128000.0
590976,107053.0,107053000.0
345877,106899.0,106899000.0
3391718,106823.0,106823000.0
583268,106465.0,106465000.0
852973,106345.0,106345000.0
150044,106336.0,106336000.0
3455227,106328.0,106328000.0
1414819,106293.0,106293000.0
343903,106128.0,106128000.0
2849463,106126.0,106126000.0
261940,106102.0,106102000.0
643078,106098.0,106098000.0
115575,105926.0,105926000.0
375566,105703.0,105703000.0
355120,105502.0,105502000.0
111205,105129.0,105129000.0
313577,105085.0,105085000.0
669555,105027.0,105027000.0
1007417,105027.0,105027000.0
191935,104954.0,104954000.0
5349218,104673.0,104673000.0
3066025,104657.0,104657000.0
820048,104542.0,104542000.0
950178,104345.0,104345000.0
1429028,103749.0,103749000.0
972769,103491.0,103491000.0
3671997,103451.0,103451000.0
498148,103372.0,103372000.0
516855,103251.0,103251000.0
542667,103208.0,103208000.0
2877345,103050.0,103050000.0
3140822,103005.0,103005000.0
466240,102983.0,102983000.0
2819167,102796.0,102796000.0
3165357,102775.0,102775000.0
3374382,102660.0,102660000.0
493844,102587.0,102587000.0
3224375,102530.0,102530000.0
590640,102515.0,102515000.0
780722,102303.0,102303000.0
839068,102284.0,102284000.0
990352,102277.0,102277000.0
615217,101848.0,101848000.0
680130,101797.0,101797000.0
3019982,101783.0,101783000.0
14865,101780.0,101780000.0
3309571,101772.0,101772000.0
2236821,101769.0,101769000.0
2929392,101432.0,101432000.0
2948058,101396.0,101396000.0
340751,101374.0,101374000.0
88455,101325.0,101325000.0
41825,101252.0,101252000.0
294023,101252.0,101252000.0
561574,101171.0,101171000.0
737548,100970.0,100970000.0
213471,100694.0,100694000.0
466754,100577.0,100577000.0
590220,99963.0,99963000.0
72258,99924.0,99924000.0
870539,99787.0,99787000.0
544652,99720.0,99720000.0
1222948,99575.0,99575000.0
899008,99214.0,99214000.0
488318,99094.0,99094000.0
451273,99005.0,99005000.0
329952,98905.0,98905000.0
307062,98895.0,98895000.0
3472046,98833.0,98833000.0
976552,98791.0,98791000.0
534877,98774.0,98774000.0
65559,98441.0,98441000.0
90337,98394.0,98394000.0
653611,98341.0,98341000.0
715340,97921.0,97921000.0
94139,97900.0,97900000.0
586027,97633.0,97633000.0
629353,97590.0,97590000.0
2631846,97514.0,97514000.0
1454,97391.0,97391000.0
291611,97176.0,97176000.0
333203,97021.0,97021000.0
326979,96917.0,96917000.0
3459207,96814.0,96814000.0
3588312,96754.0,96754000.0
616036,96720.0,96720000.0
3821037,96698.0,96698000.0
665865,96652.0,96652000.0
637554,96576.0,96576000.0
450959,96571.0,96571000.0
583754,96427.0,96427000.0
414764,96320.0,96320000.0
2794732,96062.0,96062000.0
805755,96050.0,96050000.0
262844,95927.0,95927000.0
643340,95785.0,95785000.0
950141,95778.0,95778000.0
639549,95689.0,95689000.0
423449,95500.0,95500000.0
450632,95376.0,95376000.0
18050,95349.0,95349000.0
266945,95311.0,95311000.0
586072,95074.0,95074000.0
3690701,95014.0,95014000.0
898850,94996.0,94996000.0
2797359,94955.0,94955000.0
3153297,94928.0,94928000.0
140157,94917.0,94917000.0
239659,94885.0,94885000.0
712059,94885.0,94885000.0
2958972,94827.0,94827000.0
5518023,94666.0,94666000.0
568359,94526.0,94526000.0
257233,94512.0,94512000.0
467658,94139.0,94139000.0
2736451,94130.0,94130000.0
3404999,94080.0,94080000.0
614368,93806.0,93806000.0
997847,93774.0,93774000.0
3354599,93746.0,93746000.0
967046,93734.0,93734000.0
2568063,93702.0,93702000.0
785147,93634.0,93634000.0
3040418,93624.0,93624000.0
501132,93603.0,93603000.0
759625,93517.0,93517000.0
841838,93495.0,93495000.0
2771694,93436.0,93436000.0
2316714,93379.0,93379000.0
739355,93170.0,93170000.0
306908,93146.0,93146000.0
977951,92950.0,92950000.0
900146,92945.0,92945000.0
722816,92773.0,92773000.0
163857,92726.0,92726000.0
915065,92573.0,92573000.0
1459735,92470.0,92470000.0
543459,92265.0,92265000.0
139478,92121.0,92121000.0
3437148,91988.0,91988000.0
754068,91916.0,91916000.0
2838207,91800.0,91800000.0
391977,91757.0,91757000.0
525053,91596.0,91596000.0
441050,91504.0,91504000.0
376442,91332.0,91332000.0
824653,91130.0,91130000.0
269049,91103.0,91103000.0
538473,91015.0,91015000.0
3122994,90997.0,90997000.0
924236,90918.0,90918000.0
1014125,90910.0,90910000.0
819453,90817.0,90817000.0
749635,90760.0,90760000.0
385471,90622.0,90622000.0
393953,90610.0,90610000.0
576644,90308.0,90308000.0
888271,90196.0,90196000.0
408875,90024.0,90024000.0
3472859,89754.0,89754000.0
1000641,89652.0,89652000.0
1188772,89409.0,89409000.0
918477,89345.0,89345000.0
615954,89325.0,89325000.0
636276,89316.0,89316000.0
3184228,89304.0,89304000.0
495419,89202.0,89202000.0
884442,89134.0,89134000.0
884358,89105.0,89105000.0
587677,88950.0,88950000.0
87234,88780.0,88780000.0
806958,88710.0,88710000.0
831642,88663.0,88663000.0
341310,88379.0,88379000.0
145545,88304.0,88304000.0
2745426,88074.0,88074000.0
67151,88000.0,88000000.0
3404467,87985.0,87985000.0
111942,87866.0,87866000.0
916745,87778.0,87778000.0
2667957,87624.0,87624000.0
56548,87567.0,87567000.0
160360,87542.0,87542000.0
98463,87524.0,87524000.0
3224302,87499.0,87499000.0
340256,87239.0,87239000.0
529341,87212.0,87212000.0
979629,87138.0,87138000.0
3045383,86904.0,86904000.0
219651,86853.0,86853000.0
888833,86768.0,86768000.0
734350,86560.0,86560000.0
5227101,86471.0,86471000.0
344647,86399.0,86399000.0
920854,86396.0,86396000.0
477321,86310.0,86310000.0
345756,86134.0,86134000.0
3194692,85841.0,85841000.0
895055,85532.0,85532000.0
5561001,85470.0,85470000.0
169756,85373.0,85373000.0
2233875,85367.0,85367000.0
3482111,85333.0,85333000.0
3340725,84865.0,84865000.0
2920773,84781.0,84781000.0
142955,84611.0,84611000.0
532042,84529.0,84529000.0
51842,84462.0,84462000.0
3368925,84367.0,84367000.0
609476,84273.0,84273000.0
531250,84137.0,84137000.0
479839,84046.0,84046000.0
455552,83998.0,83998000.0
917555,83994.0,83994000.0
545604,83439.0,83439000.0
760854,83350.0,83350000.0
207872,83189.0,83189000.0
106452,83070.0,83070000.0
3166699,83069.0,83069000.0
3357385,83057.0,83057000.0
839572,83020.0,83020000.0
505550,83017.0,83017000.0
2943615,82904.0,82904000.0
3690121,82879.0,82879000.0
953535,82825.0,82825000.0
3488579,82824.0,82824000.0
363657,82439.0,82439000.0
844567,82288.0,82288000.0
711801,82105.0,82105000.0
459372,82074.0,82074000.0
696430,82045.0,82045000.0
988153,81998.0,81998000.0
239556,81958.0,81958000.0
403870,81650.0,81650000.0
59352,81427.0,81427000.0
934673,81370.0,81370000.0
853671,81307.0,81307000.0
785950,81282.0,81282000.0
3555248,81158.0,81158000.0
417626,81156.0,81156000.0
27847,81078.0,81078000.0
42372,80998.0,80998000.0
264455,80921.0,80921000.0
3039636,80807.0,80807000.0
671147,80757.0,80757000.0
192857,80580.0,80580000.0
340742,80577.0,80577000.0
1003839,80513.0,80513000.0
2919898,80420.0,80420000.0
447557,80399.0,80399000.0
718145,80374.0,80374000.0
935250,80366.0,80366000.0
277820,80321.0,80321000.0
3272956,80297.0,80297000.0
3816190,80134.0,80134000.0
549862,80103.0,80103000.0
514655,80080.0,80080000.0
540775,80047.0,80047000.0
215345,79959.0,79959000.0
574949,79808.0,79808000.0
702911,79755.0,79755000.0
991621,79584.0,79584000.0
3729124,79545.0,79545000.0
2903123,79541.0,79541000.0
872047,79532.0,79532000.0
125154,79462.0,79462000.0
5192496,79352.0,79352000.0
92676,79345.0,79345000.0
1002373,79341.0,79341000.0
3267738,79297.0,79297000.0
55970,79291.0,79291000.0
3547896,79080.0,79080000.0
3217957,79003.0,79003000.0
328357,78961.0,78961000.0
561145,78665.0,78665000.0
5382514,78523.0,78523000.0
441359,78470.0,78470000.0
2787770,78412.0,78412000.0
505,78402.0,78402000.0
166652,78324.0,78324000.0
296456,78308.0,78308000.0
797140,78303.0,78303000.0
3428258,78296.0,78296000.0
791821,78254.0,78254000.0
2649177,78219.0,78219000.0
448554,78170.0,78170000.0
888552,78113.0,78113000.0
743679,77969.0,77969000.0
491402,77776.0,77776000.0
922559,77776.0,77776000.0
121651,77733.0,77733000.0
827560,77673.0,77673000.0
57451,77649.0,77649000.0
1000052,77555.0,77555000.0
1481745,77505.0,77505000.0
366078,77501.0,77501000.0
550635,77461.0,77461000.0
131436,77449.0,77449000.0
835743,77361.0,77361000.0
724744,77171.0,77171000.0
1017425,77148.0,77148000.0
1005075,77137.0,77137000.0
227151,77102.0,77102000.0
2539960,77092.0,77092000.0
333856,77077.0,77077000.0
228158,76884.0,76884000.0
3293540,76838.0,76838000.0
458544,76807.0,76807000.0
242257,76801.0,76801000.0
262358,76653.0,76653000.0
487357,76649.0,76649000.0
2687487,76617.0,76617000.0
246134,76609.0,76609000.0
721350,76564.0,76564000.0
663955,76563.0,76563000.0
909055,76544.0,76544000.0
246956,76422.0,76422000.0
721949,76355.0,76355000.0
695349,76278.0,76278000.0
583352,76142.0,76142000.0
2954497,76094.0,76094000.0
5136959,76086.0,76086000.0
1863097,76033.0,76033000.0
863746,75957.0,75957000.0
144052,75944.0,75944000.0
238737,75814.0,75814000.0
891226,75797.0,75797000.0
890050,75696.0,75696000.0
413646,75662.0,75662000.0
561864,75640.0,75640000.0
625159,75549.0,75549000.0
295011,75427.0,75427000.0
100777,75378.0,75378000.0
898579,75355.0,75355000.0
1011955,75127.0,75127000.0
345747,75020.0,75020000.0
767732,74986.0,74986000.0
859552,74957.0,74957000.0
3288452,74929.0,74929000.0
875936,74919.0,74919000.0
755252,74897.0,74897000.0
744854,74873.0,74873000.0
29636,74866.0,74866000.0
507152,74832.0,74832000.0
832546,74790.0,74790000.0
775054,74717.0,74717000.0
500256,74622.0,74622000.0
824671,74592.0,74592000.0
397559,74560.0,74560000.0
647218,74534.0,74534000.0
101671,74525.0,74525000.0
210238,74499.0,74499000.0
2163477,74470.0,74470000.0
473930,74297.0,74297000.0
75446,74296.0,74296000.0
1008674,74256.0,74256000.0
361055,74185.0,74185000.0
584724,73862.0,73862000.0
5461,73779.0,73779000.0
86349,73724.0,73724000.0
429021,73606.0,73606000.0
511832,73586.0,73586000.0
618740,73579.0,73579000.0
961400,73557.0,73557000.0
208459,73540.0,73540000.0
339456,73404.0,73404000.0
678070,73266.0,73266000.0
3174920,73257.0,73257000.0
494654,73203.0,73203000.0
90579,73197.0,73197000.0
209148,73142.0,73142000.0
812436,73103.0,73103000.0
2820604,73083.0,73083000.0
420578,73026.0,73026000.0
248455,73014.0,73014000.0
481627,72953.0,72953000.0
908861,72886.0,72886000.0
199463,72860.0,72860000.0
93543,72853.0,72853000.0
61757,72814.0,72814000.0
333650,72617.0,72617000.0
147923,72555.0,72555000.0
3466988,72385.0,72385000.0
277240,72361.0,72361000.0
580155,72347.0,72347000.0
3626858,72344.0,72344000.0
5686089,72219.0,72219000.0
451068,72194.0,72194000.0
518037,71980.0,71980000.0
869551,71919.0,71919000.0
514048,71873.0,71873000.0
47500,71687.0,71687000.0
951102,71669.0,71669000.0
205243,71639.0,71639000.0
3690635,71540.0,71540000.0
252041,71498.0,71498000.0
2756909,71489.0,71489000.0
182951,71473.0,71473000.0
353238,71372.0,71372000.0
144913,71352.0,71352000.0
305442,71310.0,71310000.0
241157,71266.0,71266000.0
542340,71247.0,71247000.0
660927,71202.0,71202000.0
2791085,71029.0,71029000.0
913146,70904.0,70904000.0
312244,70819.0,70819000.0
944355,70728.0,70728000.0
1013744,70593.0,70593000.0
937740,70036.0,70036000.0
651448,69943.0,69943000.0
868956,69905.0,69905000.0
3348468,69898.0,69898000.0
370020,69854.0,69854000.0
999935,69763.0,69763000.0
1007154,69672.0,69672000.0
317379,69635.0,69635000.0
689357,69450.0,69450000.0
837608,69351.0,69351000.0
710176,69287.0,69287000.0
556459,69115.0,69115000.0
197302,69058.0,69058000.0
489548,69054.0,69054000.0
326344,68995.0,68995000.0
596156,68976.0,68976000.0
662949,68970.0,68970000.0
943675,68934.0,68934000.0
809276,68927.0,68927000.0
2667939,68924.0,68924000.0
880855,68920.0,68920000.0
820301,68784.0,68784000.0
925653,68754.0,68754000.0
55336,68727.0,68727000.0
3821626,68724.0,68724000.0
521158,68714.0,68714000.0
984258,68653.0,68653000.0
17950,68640.0,68640000.0
729011,68637.0,68637000.0
444556,68629.0,68629000.0
404653,68520.0,68520000.0
2713920,68505.0,68505000.0
66275,68496.0,68496000.0
133579,68471.0,68471000.0
954279,68415.0,68415000.0
483751,68413.0,68413000.0
1629903,68387.0,68387000.0
2775179,68375.0,68375000.0
203043,68371.0,68371000.0
5788705,68281.0,68281000.0
332224,68186.0,68186000.0
632858,68185.0,68185000.0
911160,68162.0,68162000.0
379649,68114.0,68114000.0
153054,68032.0,68032000.0
697231,67952.0,67952000.0
763930,67913.0,67913000.0
414102,67797.0,67797000.0
3832127,67796.0,67796000.0
735067,67778.0,67778000.0
803649,67758.0,67758000.0
2371816,67626.0,67626000.0
382537,67612.0,67612000.0
408307,67545.0,67545000.0
2339599,67527.0,67527000.0
815277,67443.0,67443000.0
2835103,67326.0,67326000.0
637170,67185.0,67185000.0
2815879,67149.0,67149000.0
208570,67129.0,67129000.0
3593307,67054.0,67054000.0
2858492,67014.0,67014000.0
145844,67000.0,67000000.0
188430,66975.0,66975000.0
2398701,66973.0,66973000.0
513256,66914.0,66914000.0
565170,66870.0,66870000.0
73116,66797.0,66797000.0
632410,66774.0,66774000.0
459130,66767.0,66767000.0
1007873,66754.0,66754000.0
573036,66687.0,66687000.0
262741,66660.0,66660000.0
114840,66636.0,66636000.0
3185896,66611.0,66611000.0
906241,66573.0,66573000.0
496845,66566.0,66566000.0
604024,66514.0,66514000.0
734613,66498.0,66498000.0
251745,66415.0,66415000.0
34742,66379.0,66379000.0
334264,66367.0,66367000.0
124344,66359.0,66359000.0
330239,66304.0,66304000.0
472616,66293.0,66293000.0
683449,66280.0,66280000.0
303952,66246.0,66246000.0
510938,66209.0,66209000.0
790271,66185.0,66185000.0
453446,66168.0,66168000.0
44741,66163.0,66163000.0
944627,66115.0,66115000.0
694847,66084.0,66084000.0
982553,65987.0,65987000.0
416674,65816.0,65816000.0
3314043,65813.0,65813000.0
54058,65711.0,65711000.0
575834,65624.0,65624000.0
728948,65605.0,65605000.0
244149,65578.0,65578000.0
455253,65461.0,65461000.0
597313,65452.0,65452000.0
259442,65418.0,65418000.0
697156,65391.0,65391000.0
3636914,65292.0,65292000.0
1940747,65231.0,65231000.0
698649,65149.0,65149000.0
575759,65104.0,65104000.0
390372,65103.0,65103000.0
97055,65069.0,65069000.0
770853,64932.0,64932000.0
945071,64837.0,64837000.0
713476,64789.0,64789000.0
387671,64621.0,64621000.0
72678,64565.0,64565000.0
819556,64473.0,64473000.0
972406,64472.0,64472000.0
980773,64399.0,64399000.0
3349241,64375.0,64375000.0
208655,64319.0,64319000.0
3655933,64288.0,64288000.0
630658,64275.0,64275000.0
640246,64136.0,64136000.0
254849,64135.0,64135000.0
347956,64132.0,64132000.0
63050,64127.0,64127000.0
2729677,64093.0,64093000.0
830355,63816.0,63816000.0
524971,63768.0,63768000.0
24949,63736.0,63736000.0
910118,63652.0,63652000.0
670878,63637.0,63637000.0
25357,63584.0,63584000.0
100843,63524.0,63524000.0
598002,63457.0,63457000.0
256058,63417.0,63417000.0
76854,63303.0,63303000.0
235530,63259.0,63259000.0
635840,63251.0,63251000.0
1836701,63117.0,63117000.0
274829,63050.0,63050000.0
321947,62982.0,62982000.0
3277241,62964.0,62964000.0
268828,62953.0,62953000.0
779650,62892.0,62892000.0
43351,62842.0,62842000.0
307361,62827.0,62827000.0
553944,62821.0,62821000.0
947749,62801.0,62801000.0
813853,62763.0,62763000.0
935308,62695.0,62695000.0
929932,62667.0,62667000.0
355559,62638.0,62638000.0
1014657,62577.0,62577000.0
120542,62499.0,62499000.0
299868,62340.0,62340000.0
882242,62283.0,62283000.0
579140,62102.0,62102000.0
5342974,62005.0,62005000.0
458665,61934.0,61934000.0
995517,61845.0,61845000.0
331076,61821.0,61821000.0
1007734,61803.0,61803000.0
175140,61767.0,61767000.0
169354,61699.0,61699000.0
544335,61668.0,61668000.0
218131,61628.0,61628000.0
406059,61597.0,61597000.0
655839,61511.0,61511000.0
2505451,61503.0,61503000.0
338646,61487.0,61487000.0
327435,61465.0,61465000.0
105026,61373.0,61373000.0
870650,61095.0,61095000.0
97943,61091.0,61091000.0
2849285,61078.0,61078000.0
3217331,61045.0,61045000.0
879644,61018.0,61018000.0
2756730,61018.0,61018000.0
59370,60943.0,60943000.0
598048,60909.0,60909000.0
392778,60857.0,60857000.0
2914268,60808.0,60808000.0
192147,60709.0,60709000.0
206174,60697.0,60697000.0
434203,60652.0,60652000.0
775773,60606.0,60606000.0
653134,60567.0,60567000.0
975256,60477.0,60477000.0
833749,60441.0,60441000.0
244251,60273.0,60273000.0
93619,60232.0,60232000.0
804374,60229.0,60229000.0
109574,60189.0,60189000.0
382069,60161.0,60161000.0
257578,60059.0,60059000.0
514132,60058.0,60058000.0
248633,59986.0,59986000.0
3537897,59966.0,59966000.0
80150,59946.0,59946000.0
526854,59915.0,59915000.0
831576,59810.0,59810000.0
3271986,59688.0,59688000.0
3216316,59683.0,59683000.0
400141,59679.0,59679000.0
472979,59571.0,59571000.0
108951,59551.0,59551000.0
904171,59548.0,59548000.0
246022,59526.0,59526000.0
720746,59455.0,59455000.0
320052,59260.0,59260000.0
649342,59243.0,59243000.0
3451050,59208.0,59208000.0
2797162,59205.0,59205000.0
385686,59203.0,59203000.0
709143,59122.0,59122000.0
282226,59071.0,59071000.0
709639,58948.0,58948000.0
227777,58884.0,58884000.0
3150205,58873.0,58873000.0
179700,58832.0,58832000.0
659341,58819.0,58819000.0
610164,58791.0,58791000.0
423159,58750.0,58750000.0
220059,58719.0,58719000.0
989347,58700.0,58700000.0
361439,58690.0,58690000.0
621357,58629.0,58629000.0
853747,58624.0,58624000.0
251978,58590.0,58590000.0
564324,58517.0,58517000.0
1872941,58488.0,58488000.0
536349,58436.0,58436000.0
69678,58427.0,58427000.0
905356,58357.0,58357000.0
3538009,58252.0,58252000.0
580548,58193.0,58193000.0
1155,58188.0,58188000.0
722432,58144.0,58144000.0
761543,58143.0,58143000.0
622037,58074.0,58074000.0
3592047,58029.0,58029000.0
294751,58024.0,58024000.0
625065,58013.0,58013000.0
2907439,57985.0,57985000.0
630555,57902.0,57902000.0
418100,57822.0,57822000.0
262237,57774.0,57774000.0
2806635,57756.0,57756000.0
823133,57509.0,57509000.0
345345,57478.0,57478000.0
71457,57458.0,57458000.0
475653,57438.0,57438000.0
513340,57426.0,57426000.0
764058,57425.0,57425000.0
612159,57286.0,57286000.0
853934,57277.0,57277000.0
1015850,57220.0,57220000.0
273550,57016.0,57016000.0
899343,56836.0,56836000.0
732758,56834.0,56834000.0
875132,56833.0,56833000.0
520423,56825.0,56825000.0
762773,56768.0,56768000.0
386450,56707.0,56707000.0
354552,56626.0,56626000.0
922344,56534.0,56534000.0
3223305,56534.0,56534000.0
87579,56512.0,56512000.0
2505460,56485.0,56485000.0
129910,56478.0,56478000.0
215710,56392.0,56392000.0
3546862,56360.0,56360000.0
6039,56068.0,56068000.0
855741,56046.0,56046000.0
400365,55876.0,55876000.0
380533,55850.0,55850000.0
2855866,55845.0,55845000.0
3664588,55808.0,55808000.0
70638,55792.0,55792000.0
258306,55757.0,55757000.0
811747,55665.0,55665000.0
197142,55508.0,55508000.0
701839,55447.0,55447000.0
894544,55385.0,55385000.0
1000276,55344.0,55344000.0
543945,55343.0,55343000.0
799854,55274.0,55274000.0
1015252,55246.0,55246000.0
3357620,55184.0,55184000.0
482053,55047.0,55047000.0
608844,54963.0,54963000.0
724904,54924.0,54924000.0
20857,54887.0,54887000.0
309150,54881.0,54881000.0
202514,54710.0,54710000.0
1012251,54648.0,54648000.0
3247589,54602.0,54602000.0
388557,54561.0,54561000.0
975854,54532.0,54532000.0
32766,54261.0,54261000.0
858528,54243.0,54243000.0
601443,54237.0,54237000.0
2925620,54205.0,54205000.0
919456,54164.0,54164000.0
607146,54137.0,54137000.0
477349,54129.0,54129000.0
875057,54092.0,54092000.0
835770,53918.0,53918000.0
475354,53894.0,53894000.0
335346,53884.0,53884000.0
5313312,53856.0,53856000.0
692704,53829.0,53829000.0
591320,53812.0,53812000.0
261146,53781.0,53781000.0
613679,53681.0,53681000.0
5398355,53605.0,53605000.0
855563,53594.0,53594000.0
624246,53569.0,53569000.0
510330,53494.0,53494000.0
715872,53479.0,53479000.0
317258,53456.0,53456000.0
646743,53429.0,53429000.0
748357,53373.0,53373000.0
865544,53365.0,53365000.0
828473,53299.0,53299000.0
357937,53297.0,53297000.0
3370133,53262.0,53262000.0
284556,53223.0,53223000.0
326054,53200.0,53200000.0
803957,53191.0,53191000.0
445955,53163.0,53163000.0
81175,53150.0,53150000.0
460332,53119.0,53119000.0
2668598,53091.0,53091000.0
573335,53049.0,53049000.0
144678,53013.0,53013000.0
5650923,52919.0,52919000.0
228345,52911.0,52911000.0
591366,52855.0,52855000.0
902672,52845.0,52845000.0
107570,52778.0,52778000.0
524953,52758.0,52758000.0
178851,52758.0,52758000.0
504311,52732.0,52732000.0
874050,52497.0,52497000.0
578116,52458.0,52458000.0
788559,52441.0,52441000.0
958558,52434.0,52434000.0
539340,52424.0,52424000.0
944047,52415.0,52415000.0
3645840,52366.0,52366000.0
5805451,52357.0,52357000.0
443353,52355.0,52355000.0
2051127,52315.0,52315000.0
715144,52214.0,52214000.0
974754,52195.0,52195000.0
465038,52009.0,52009000.0
748964,51962.0,51962000.0
664653,51894.0,51894000.0
571265,51861.0,51861000.0
3407084,51860.0,51860000.0
646556,51828.0,51828000.0
1459799,51768.0,51768000.0
2587916,51766.0,51766000.0
234841,51732.0,51732000.0
651121,51685.0,51685000.0
672537,51671.0,51671000.0
282824,51619.0,51619000.0
1669,51605.0,51605000.0
425845,51559.0,51559000.0
5312593,51536.0,51536000.0
148238,51467.0,51467000.0
870913,51446.0,51446000.0
136338,51311.0,51311000.0
290838,51251.0,51251000.0
394259,51231.0,51231000.0
613156,51222.0,51222000.0
683814,51208.0,51208000.0
538754,51190.0,51190000.0
502652,51165.0,51165000.0
963002,51006.0,51006000.0
692946,50943.0,50943000.0
900034,50932.0,50932000.0
442244,50825.0,50825000.0
593249,50809.0,50809000.0
2857600,50776.0,50776000.0
477648,50775.0,50775000.0
2989006,50736.0,50736000.0
2823221,50709.0,50709000.0
788773,50626.0,50626000.0
126553,50611.0,50611000.0
751852,50583.0,50583000.0
5398627,50568.0,50568000.0
979759,50508.0,50508000.0
478195,50482.0,50482000.0
625850,50445.0,50445000.0
198149,50391.0,50391000.0
306337,50389.0,50389000.0
371362,50381.0,50381000.0
77253,50212.0,50212000.0
193649,50158.0,50158000.0
2619714,50139.0,50139000.0
64552,50132.0,50132000.0
228279,50055.0,50055000.0
3252,50047.0,50047000.0
594938,50000.0,50000000.0
262059,49977.0,49977000.0
835257,49918.0,49918000.0
3350658,49878.0,49878000.0
172475,49831.0,49831000.0
268677,49798.0,49798000.0
285852,49751.0,49751000.0
58636,49725.0,49725000.0
3412417,49615.0,49615000.0
407645,49600.0,49600000.0
410748,49563.0,49563000.0
10250,49538.0,49538000.0
16551,49509.0,49509000.0
499855,49460.0,49460000.0
3812147,49448.0,49448000.0
331713,49396.0,49396000.0
623052,49364.0,49364000.0
109136,49344.0,49344000.0
425818,49335.0,49335000.0
623454,49250.0,49250000.0
306159,49243.0,49243000.0
2007991,49155.0,49155000.0
2684552,49150.0,49150000.0
212018,49146.0,49146000.0
443148,49126.0,49126000.0
246657,49086.0,49086000.0
552974,49012.0,49012000.0
790703,48888.0,48888000.0
351560,48887.0,48887000.0
541231,48807.0,48807000.0
11145,48796.0,48796000.0
1016718,48785.0,48785000.0
310754,48766.0,48766000.0
268136,48765.0,48765000.0
3721605,48754.0,48754000.0
568126,48743.0,48743000.0
279,48665.0,48665000.0
977250,48622.0,48622000.0
452159,48611.0,48611000.0
675079,48524.0,48524000.0
801047,48496.0,48496000.0
227357,48433.0,48433000.0
14155,48425.0,48425000.0
541857,48424.0,48424000.0
1892154,48419.0,48419000.0
907547,48344.0,48344000.0
166531,48320.0,48320000.0
31826,48254.0,48254000.0
502746,48162.0,48162000.0
714978,48144.0,48144000.0
166111,48141.0,48141000.0
783246,48083.0,48083000.0
188056,48065.0,48065000.0
5673191,48065.0,48065000.0
430036,48019.0,48019000.0
711548,48019.0,48019000.0
455459,47985.0,47985000.0
137447,47981.0,47981000.0
520777,47965.0,47965000.0
396244,47929.0,47929000.0
479370,47837.0,47837000.0
412845,47801.0,47801000.0
529659,47775.0,47775000.0
3603961,47741.0,47741000.0
761851,47617.0,47617000.0
100236,47600.0,47600000.0
298245,47583.0,47583000.0
579364,47553.0,47553000.0
342054,47539.0,47539000.0
3463875,47493.0,47493000.0
1479470,47483.0,47483000.0
92706,47438.0,47438000.0
750341,47421.0,47421000.0
865450,47339.0,47339000.0
676151,47332.0,47332000.0
719656,47266.0,47266000.0
271529,47253.0,47253000.0
367431,47237.0,47237000.0
866121,47231.0,47231000.0
3636428,47230.0,47230000.0
44040,47140.0,47140000.0
815754,47127.0,47127000.0
533124,47121.0,47121000.0
119872,47062.0,47062000.0
830748,47022.0,47022000.0
3342671,46965.0,46965000.0
3440803,46957.0,46957000.0
582953,46863.0,46863000.0
546535,46860.0,46860000.0
2631172,46806.0,46806000.0
356239,46799.0,46799000.0
236957,46716.0,46716000.0
2805535,46685.0,46685000.0
19936,46570.0,46570000.0
205346,46565.0,46565000.0
2914727,46555.0,46555000.0
562058,46553.0,46553000.0
2396592,46509.0,46509000.0
540056,46436.0,46436000.0
613839,46419.0,46419000.0
134848,46406.0,46406000.0
652043,46326.0,46326000.0
2793593,46294.0,46294000.0
3517590,46242.0,46242000.0
33147,46240.0,46240000.0
285928,46233.0,46233000.0
862057,46155.0,46155000.0
829041,45990.0,45990000.0
1001853,45920.0,45920000.0
454546,45680.0,45680000.0
900678,45615.0,45615000.0
420644,45574.0,45574000.0
3720,45572.0,45572000.0
143859,45531.0,45531000.0
109659,45477.0,45477000.0
206156,45462.0,45462000.0
761459,45439.0,45439000.0
761244,45413.0,45413000.0
204826,45394.0,45394000.0
897648,45394.0,45394000.0
696168,45390.0,45390000.0
839255,45361.0,45361000.0
7072,45330.0,45330000.0
2343167,45316.0,45316000.0
602543,45220.0,45220000.0
783910,45199.0,45199000.0
287007,45196.0,45196000.0
877752,45195.0,45195000.0
504535,45157.0,45157000.0
862141,45156.0,45156000.0
2871099,45147.0,45147000.0
848248,45083.0,45083000.0
968744,45022.0,45022000.0
493741,45015.0,45015000.0
188177,44998.0,44998000.0
278256,44850.0,44850000.0
248745,44824.0,44824000.0
867856,44800.0,44800000.0
329550,44798.0,44798000.0
3411773,44721.0,44721000.0
367543,44629.0,44629000.0
508355,44620.0,44620000.0
548267,44596.0,44596000.0
234506,44594.0,44594000.0
851239,44585.0,44585000.0
3470930,44566.0,44566000.0
638850,44517.0,44517000.0
771878,44507.0,44507000.0
101439,44506.0,44506000.0
961259,44395.0,44395000.0
2819242,44346.0,44346000.0
3629484,44328.0,44328000.0
629522,44327.0,44327000.0
263243,44300.0,44300000.0
5760439,44274.0,44274000.0
430344,44142.0,44142000.0
121914,44070.0,44070000.0
715050,44062.0,44062000.0
773443,44036.0,44036000.0
777870,44020.0,44020000.0
733559,44002.0,44002000.0
5620869,43941.0,43941000.0
933340,43887.0,43887000.0
3720336,43866.0,43866000.0
5574430,43837.0,43837000.0
3531176,43828.0,43828000.0
173306,43809.0,43809000.0
5660146,43763.0,43763000.0
192558,43691.0,43691000.0
883959,43688.0,43688000.0
389358,43683.0,43683000.0
2948423,43681.0,43681000.0
966722,43651.0,43651000.0
857745,43646.0,43646000.0
899642,43644.0,43644000.0
102342,43590.0,43590000.0
302553,43580.0,43580000.0
247551,43430.0,43430000.0
522669,43340.0,43340000.0
468673,43322.0,43322000.0
183958,43267.0,43267000.0
3034257,43263.0,43263000.0
425108,43259.0,43259000.0
975153,43239.0,43239000.0
3229875,43218.0,43218000.0
36933,43195.0,43195000.0
523161,43182.0,43182000.0
2505424,43125.0,43125000.0
3410141,43117.0,43117000.0
410560,43111.0,43111000.0
891253,43111.0,43111000.0
3116519,43109.0,43109000.0
2769570,43097.0,43097000.0
142179,43083.0,43083000.0
230423,43080.0,43080000.0
356752,43024.0,43024000.0
628552,42997.0,42997000.0
3070545,42982.0,42982000.0
1014376,42953.0,42953000.0
191355,42952.0,42952000.0
433943,42951.0,42951000.0
2002222,42950.0,42950000.0
752831,42892.0,42892000.0
521970,42888.0,42888000.0
357777,42870.0,42870000.0
58225,42870.0,42870000.0
244158,42770.0,42770000.0
382443,42743.0,42743000.0
660570,42655.0,42655000.0
481159,42633.0,42633000.0
436542,42607.0,42607000.0
2614344,42602.0,42602000.0
197759,42578.0,42578000.0
3347603,42421.0,42421000.0
738143,42381.0,42381000.0
463605,42335.0,42335000.0
52951,42329.0,42329000.0
3786435,42310.0,42310000.0
222754,42289.0,42289000.0
406666,42273.0,42273000.0
617743,42254.0,42254000.0
217059,42193.0,42193000.0
968249,42162.0,42162000.0
3027763,42148.0,42148000.0
605656,42143.0,42143000.0
289739,42139.0,42139000.0
5193989,42126.0,42126000.0
734248,42096.0,42096000.0
718538,42002.0,42002000.0
3347911,41981.0,41981000.0
2396604,41920.0,41920000.0
168571,41804.0,41804000.0
610913,41739.0,41739000.0
2997216,41723.0,41723000.0
591209,41659.0,41659000.0
58757,41649.0,41649000.0
31134,41634.0,41634000.0
631178,41624.0,41624000.0
578741,41600.0,41600000.0
880332,41552.0,41552000.0
3635029,41534.0,41534000.0
863607,41449.0,41449000.0
742944,41446.0,41446000.0
597546,41436.0,41436000.0
300933,41433.0,41433000.0
825847,41418.0,41418000.0
653778,41299.0,41299000.0
439132,41261.0,41261000.0
296474,41244.0,41244000.0
2467670,41182.0,41182000.0
822275,41180.0,41180000.0
678744,41149.0,41149000.0
229070,41134.0,41134000.0
796152,41113.0,41113000.0
416656,41104.0,41104000.0
860259,41078.0,41078000.0
736550,41063.0,41063000.0
20633,41012.0,41012000.0
50461,41010.0,41010000.0
410917,41005.0,41005000.0
677448,40951.0,40951000.0
552059,40926.0,40926000.0
382050,40870.0,40870000.0
865142,40861.0,40861000.0
194936,40856.0,40856000.0
932745,40805.0,40805000.0
1188987,40760.0,40760000.0
173641,40729.0,40729000.0
653947,40675.0,40675000.0
2730431,40659.0,40659000.0
867070,40637.0,40637000.0
944337,40619.0,40619000.0
568939,40610.0,40610000.0
3120646,40539.0,40539000.0
791942,40508.0,40508000.0
869953,40468.0,40468000.0
32971,40463.0,40463000.0
841753,40463.0,40463000.0
860147,40431.0,40431000.0
5412457,40411.0,40411000.0
5692473,40408.0,40408000.0
427241,40380.0,40380000.0
829050,40318.0,40318000.0
207470,40296.0,40296000.0
148171,40268.0,40268000.0
110945,40260.0,40260000.0
2732565,40228.0,40228000.0
987231,40216.0,40216000.0
3567269,40215.0,40215000.0
725077,40182.0,40182000.0
275255,40149.0,40149000.0
815147,40102.0,40102000.0
364131,40089.0,40089000.0
152253,40073.0,40073000.0
528102,40059.0,40059000.0
3296859,40013.0,40013000.0
349343,40004.0,40004000.0
5472880,39991.0,39991000.0
534756,39984.0,39984000.0
2907019,39982.0,39982000.0
145554,39960.0,39960000.0
1016174,39907.0,39907000.0
382658,39890.0,39890000.0
989730,39874.0,39874000.0
529275,39848.0,39848000.0
827458,39764.0,39764000.0
130345,39742.0,39742000.0
124830,39737.0,39737000.0
25647,39715.0,39715000.0
1010015,39712.0,39712000.0
2607412,39695.0,39695000.0
566243,39640.0,39640000.0
660271,39614.0,39614000.0
959443,39603.0,39603000.0
485456,39551.0,39551000.0
755458,39548.0,39548000.0
365745,39519.0,39519000.0
859655,39512.0,39512000.0
325141,39468.0,39468000.0
170275,39438.0,39438000.0
537551,39391.0,39391000.0
920975,39360.0,39360000.0
300353,39352.0,39352000.0
11640,39351.0,39351000.0
3446225,39334.0,39334000.0
469737,39271.0,39271000.0
2871558,39249.0,39249000.0
313223,39235.0,39235000.0
917050,39234.0,39234000.0
712956,39152.0,39152000.0
860334,39075.0,39075000.0
73554,39039.0,39039000.0
623874,39032.0,39032000.0
5879201,39018.0,39018000.0
41629,38994.0,38994000.0
609010,38989.0,38989000.0
188720,38943.0,38943000.0
565143,38939.0,38939000.0
686459,38883.0,38883000.0
175056,38863.0,38863000.0
144856,38804.0,38804000.0
597452,38794.0,38794000.0
1009756,38780.0,38780000.0
79042,38729.0,38729000.0
88352,38716.0,38716000.0
388744,38655.0,38655000.0
2759629,38646.0,38646000.0
114149,38626.0,38626000.0
266851,38611.0,38611000.0
465243,38607.0,38607000.0
955959,38551.0,38551000.0
901358,38550.0,38550000.0
253646,38547.0,38547000.0
457060,38514.0,38514000.0
953843,38482.0,38482000.0
225559,38445.0,38445000.0
780955,38363.0,38363000.0
3125557,38334.0,38334000.0
327556,38325.0,38325000.0
457752,38313.0,38313000.0
3374403,38170.0,38170000.0
1015270,38119.0,38119000.0
80374,38088.0,38088000.0
254504,38077.0,38077000.0
542153,38002.0,38002000.0
34555,37938.0,37938000.0
364430,37936.0,37936000.0
87476,37933.0,37933000.0
963730,37880.0,37880000.0
320070,37844.0,37844000.0
896155,37843.0,37843000.0
221775,37714.0,37714000.0
825548,37674.0,37674000.0
519146,37665.0,37665000.0
424240,37625.0,37625000.0
2733263,37621.0,37621000.0
398837,37616.0,37616000.0
717670,37616.0,37616000.0
176325,37587.0,37587000.0
2807173,37504.0,37504000.0
456054,37474.0,37474000.0
855264,37423.0,37423000.0
2122997,37417.0,37417000.0
432058,37415.0,37415000.0
935559,37384.0,37384000.0
2939391,37384.0,37384000.0
211338,37376.0,37376000.0
27614,37296.0,37296000.0
588348,37292.0,37292000.0
969255,37291.0,37291000.0
207452,37281.0,37281000.0
285348,37269.0,37269000.0
3390627,37253.0,37253000.0
631150,37226.0,37226000.0
837149,37173.0,37173000.0
519360,37172.0,37172000.0
596978,37122.0,37122000.0
922924,37086.0,37086000.0
175609,37085.0,37085000.0
858854,36919.0,36919000.0
733661,36894.0,36894000.0
514936,36882.0,36882000.0
381932,36878.0,36878000.0
990642,36855.0,36855000.0
864378,36848.0,36848000.0
61832,36822.0,36822000.0
237954,36817.0,36817000.0
126012,36796.0,36796000.0
5751,36795.0,36795000.0
3322468,36779.0,36779000.0
3160978,36771.0,36771000.0
22543,36752.0,36752000.0
517441,36731.0,36731000.0
940731,36684.0,36684000.0
5401273,36666.0,36666000.0
945026,36625.0,36625000.0
484776,36604.0,36604000.0
786733,36545.0,36545000.0
2913702,36531.0,36531000.0
1218446,36442.0,36442000.0
530655,36419.0,36419000.0
230610,36337.0,36337000.0
17110,36330.0,36330000.0
566056,36316.0,36316000.0
455150,36301.0,36301000.0
190563,36245.0,36245000.0
906410,36218.0,36218000.0
746157,36213.0,36213000.0
937339,36206.0,36206000.0
2861317,36199.0,36199000.0
3561771,36167.0,36167000.0
3445901,36081.0,36081000.0
285151,36061.0,36061000.0
476472,36061.0,36061000.0
245351,36055.0,36055000.0
4165907,36038.0,36038000.0
860352,36033.0,36033000.0
964157,36010.0,36010000.0
957757,35970.0,35970000.0
1006513,35962.0,35962000.0
449430,35939.0,35939000.0
723653,35903.0,35903000.0
646145,35883.0,35883000.0
480433,35871.0,35871000.0
173557,35861.0,35861000.0
746755,35808.0,35808000.0
665146,35780.0,35780000.0
225157,35767.0,35767000.0
370721,35667.0,35667000.0
5906497,35647.0,35647000.0
376947,35641.0,35641000.0
579636,35594.0,35594000.0
3303944,35569.0,35569000.0
646444,35537.0,35537000.0
710859,35511.0,35511000.0
795548,35495.0,35495000.0
3199811,35495.0,35495000.0
147679,35483.0,35483000.0
693952,35471.0,35471000.0
398248,35419.0,35419000.0
428462,35417.0,35417000.0
2594419,35410.0,35410000.0
864846,35402.0,35402000.0
621441,35341.0,35341000.0
977616,35330.0,35330000.0
251558,35322.0,35322000.0
456755,35295.0,35295000.0
452739,35276.0,35276000.0
469559,35259.0,35259000.0
90177,35220.0,35220000.0
336361,35204.0,35204000.0
3385744,35202.0,35202000.0
2754222,35185.0,35185000.0
79855,35173.0,35173000.0
645540,35041.0,35041000.0
851631,35036.0,35036000.0
98717,35033.0,35033000.0
930853,35010.0,35010000.0
776547,34990.0,34990000.0
3594087,34985.0,34985000.0
750051,34870.0,34870000.0
667029,34819.0,34819000.0
303653,34780.0,34780000.0
656658,34779.0,34779000.0
2718596,34717.0,34717000.0
3134698,34686.0,34686000.0
644646,34606.0,34606000.0
276645,34569.0,34569000.0
785857,34483.0,34483000.0
924937,34476.0,34476000.0
658474,34473.0,34473000.0
567240,34459.0,34459000.0
528241,34411.0,34411000.0
572655,34329.0,34329000.0
814551,34257.0,34257000.0
2938787,34250.0,34250000.0
222156,34210.0,34210000.0
3120897,34138.0,34138000.0
350750,34127.0,34127000.0
371223,34104.0,34104000.0
2356091,34099.0,34099000.0
137559,34094.0,34094000.0
842376,34045.0,34045000.0
572459,34019.0,34019000.0
875048,34010.0,34010000.0
5760662,34007.0,34007000.0
2889227,33961.0,33961000.0
3816154,33958.0,33958000.0
966731,33908.0,33908000.0
1010574,33891.0,33891000.0
822051,33852.0,33852000.0
718275,33852.0,33852000.0
280138,33837.0,33837000.0
356659,33812.0,33812000.0
347022,33806.0,33806000.0
458142,33785.0,33785000.0
1014853,33780.0,33780000.0
739832,33761.0,33761000.0
402846,33747.0,33747000.0
118736,33719.0,33719000.0
576952,33696.0,33696000.0
716954,33599.0,33599000.0
830113,33583.0,33583000.0
987259,33577.0,33577000.0
625757,33574.0,33574000.0
661474,33549.0,33549000.0
3591004,33545.0,33545000.0
412153,33540.0,33540000.0
138051,33538.0,33538000.0
412667,33528.0,33528000.0
872579,33521.0,33521000.0
119153,33506.0,33506000.0
380878,33483.0,33483000.0
576354,33470.0,33470000.0
3446784,33463.0,33463000.0
748254,33439.0,33439000.0
42354,33399.0,33399000.0
522753,33330.0,33330000.0
553038,33315.0,33315000.0
1351,33224.0,33224000.0
93244,33177.0,33177000.0
289757,33166.0,33166000.0
703039,33144.0,33144000.0
435059,33133.0,33133000.0
2562137,33125.0,33125000.0
3310287,33110.0,33110000.0
760331,33059.0,33059000.0
908450,33034.0,33034000.0
570558,33031.0,33031000.0
10849,33025.0,33025000.0
109453,33011.0,33011000.0
610557,32999.0,32999000.0
770639,32879.0,32879000.0
666974,32876.0,32876000.0
604547,32776.0,32776000.0
563233,32766.0,32766000.0
23456,32743.0,32743000.0
800853,32728.0,32728000.0
714839,32704.0,32704000.0
828174,32703.0,32703000.0
530851,32692.0,32692000.0
271275,32684.0,32684000.0
2161,32681.0,32681000.0
158376,32661.0,32661000.0
304762,32614.0,32614000.0
2643595,32611.0,32611000.0
936640,32595.0,32595000.0
324153,32588.0,32588000.0
179148,32586.0,32586000.0
99143,32572.0,32572000.0
139133,32545.0,32545000.0
555256,32544.0,32544000.0
102874,32543.0,32543000.0
993250,32516.0,32516000.0
2860271,32476.0,32476000.0
9955,32465.0,32465000.0
740249,32427.0,32427000.0
837046,32388.0,32388000.0
330949,32381.0,32381000.0
172457,32380.0,32380000.0
368951,32299.0,32299000.0
5303724,32265.0,32265000.0
535940,32239.0,32239000.0
808653,32228.0,32228000.0
856346,32216.0,32216000.0
3049635,32187.0,32187000.0
501767,32184.0,32184000.0
323651,32184.0,32184000.0
849357,32165.0,32165000.0
919344,32138.0,32138000.0
661223,32135.0,32135000.0
476539,32126.0,32126000.0
305077,32113.0,32113000.0
297761,32100.0,32100000.0
3468450,32093.0,32093000.0
3306598,32092.0,32092000.0
3134399,32076.0,32076000.0
3368635,32024.0,32024000.0
931047,32007.0,32007000.0
609467,31969.0,31969000.0
406022,31946.0,31946000.0
352745,31916.0,31916000.0
830645,31909.0,31909000.0
434539,31885.0,31885000.0
390840,31876.0,31876000.0
3223417,31865.0,31865000.0
780263,31856.0,31856000.0
2597223,31855.0,31855000.0
2529176,31846.0,31846000.0
311939,31844.0,31844000.0
285544,31826.0,31826000.0
60648,31802.0,31802000.0
406974,31801.0,31801000.0
158741,31770.0,31770000.0
3429219,31741.0,31741000.0
331375,31717.0,31717000.0
961343,31636.0,31636000.0
442011,31536.0,31536000.0
942539,31531.0,31531000.0
502559,31516.0,31516000.0
905673,31506.0,31506000.0
296559,31477.0,31477000.0
311265,31476.0,31476000.0
1160509,31470.0,31470000.0
144155,31468.0,31468000.0
5538937,31444.0,31444000.0
307334,31428.0,31428000.0
449935,31422.0,31422000.0
236603,31417.0,31417000.0
293651,31411.0,31411000.0
68831,31342.0,31342000.0
474450,31332.0,31332000.0
641579,31265.0,31265000.0
3262788,31212.0,31212000.0
257756,31158.0,31158000.0
539377,31157.0,31157000.0
918954,31138.0,31138000.0
3341393,31127.0,31127000.0
118660,31124.0,31124000.0
1000959,31107.0,31107000.0
2775151,31096.0,31096000.0
825753,31079.0,31079000.0
979151,31051.0,31051000.0
989141,31038.0,31038000.0
901134,30989.0,30989000.0
757452,30947.0,30947000.0
49858,30920.0,30920000.0
746979,30919.0,30919000.0
488653,30897.0,30897000.0
787842,30880.0,30880000.0
631039,30849.0,30849000.0
628356,30833.0,30833000.0
2747466,30827.0,30827000.0
709554,30812.0,30812000.0
2963864,30795.0,30795000.0
640442,30756.0,30756000.0
639633,30739.0,30739000.0
564463,30738.0,30738000.0
2329200,30735.0,30735000.0
3010363,30723.0,30723000.0
28675,30715.0,30715000.0
269058,30689.0,30689000.0
479446,30688.0,30688000.0
970055,30634.0,30634000.0
954671,30592.0,30592000.0
732253,30584.0,30584000.0
3470097,30497.0,30497000.0
3548763,30497.0,30497000.0
980951,30490.0,30490000.0
479071,30487.0,30487000.0
815053,30476.0,30476000.0
731050,30474.0,30474000.0
615851,30459.0,30459000.0
592550,30448.0,30448000.0
129349,30429.0,30429000.0
645577,30417.0,30417000.0
807656,30401.0,30401000.0
605571,30318.0,30318000.0
3316739,30246.0,30246000.0
170332,30212.0,30212000.0
541754,30162.0,30162000.0
805876,30138.0,30138000.0
850456,30104.0,30104000.0
741974,30085.0,30085000.0
946555,30063.0,30063000.0
1404883,30063.0,30063000.0
311256,29965.0,29965000.0
240954,29955.0,29955000.0
22048,29941.0,29941000.0
2774707,29936.0,29936000.0
988144,29930.0,29930000.0
534466,29905.0,29905000.0
849076,29889.0,29889000.0
68671,29862.0,29862000.0
666844,29776.0,29776000.0
325534,29756.0,29756000.0
1404481,29697.0,29697000.0
457426,29697.0,29697000.0
152440,29693.0,29693000.0
692450,29684.0,29684000.0
820842,29683.0,29683000.0
574079,29679.0,29679000.0
799751,29637.0,29637000.0
5448915,29573.0,29573000.0
533535,29569.0,29569000.0
2687133,29554.0,29554000.0
148470,29524.0,29524000.0
648251,29514.0,29514000.0
634955,29485.0,29485000.0
885252,29482.0,29482000.0
3309393,29477.0,29477000.0
441078,29471.0,29471000.0
615879,29470.0,29470000.0
813572,29465.0,29465000.0
204237,29405.0,29405000.0
611031,29405.0,29405000.0
5882500,29404.0,29404000.0
265340,29395.0,29395000.0
2836306,29384.0,29384000.0
164331,29376.0,29376000.0
8462,29364.0,29364000.0
715630,29337.0,29337000.0
992851,29327.0,29327000.0
656032,29322.0,29322000.0
480853,29321.0,29321000.0
436739,29294.0,29294000.0
454975,29271.0,29271000.0
361279,29260.0,29260000.0
924357,29259.0,29259000.0
794345,29258.0,29258000.0
493152,29240.0,29240000.0
980438,29237.0,29237000.0
2391588,29228.0,29228000.0
3438958,29218.0,29218000.0
244037,29112.0,29112000.0
851172,29094.0,29094000.0
481944,29091.0,29091000.0
233358,29080.0,29080000.0
5728916,29073.0,29073000.0
3219269,29066.0,29066000.0
243414,29061.0,29061000.0
580874,29051.0,29051000.0
188449,29041.0,29041000.0
852254,29020.0,29020000.0
172859,29008.0,29008000.0
855844,28973.0,28973000.0
3067929,28958.0,28958000.0
357553,28936.0,28936000.0
2010722,28923.0,28923000.0
185448,28910.0,28910000.0
313009,28889.0,28889000.0
367178,28887.0,28887000.0
605610,28879.0,28879000.0
847157,28846.0,28846000.0
750846,28822.0,28822000.0
336576,28806.0,28806000.0
94755,28801.0,28801000.0
595337,28791.0,28791000.0
198251,28780.0,28780000.0
614948,28779.0,28779000.0
776369,28753.0,28753000.0
49054,28720.0,28720000.0
396954,28669.0,28669000.0
809650,28647.0,28647000.0
255556,28605.0,28605000.0
199137,28594.0,28594000.0
3487947,28546.0,28546000.0
849432,28545.0,28545000.0
199436,28532.0,28532000.0
235446,28531.0,28531000.0
332671,28501.0,28501000.0
849348,28488.0,28488000.0
927134,28486.0,28486000.0
609832,28479.0,28479000.0
385547,28394.0,28394000.0
277277,28392.0,28392000.0
659556,28386.0,28386000.0
955940,28385.0,28385000.0
583071,28365.0,28365000.0
2615220,28357.0,28357000.0
31835,28351.0,28351000.0
485214,28305.0,28305000.0
424156,28285.0,28285000.0
882952,28264.0,28264000.0
3487433,28253.0,28253000.0
95051,28246.0,28246000.0
697147,28213.0,28213000.0
729842,28212.0,28212000.0
296755,28212.0,28212000.0
430054,28190.0,28190000.0
58551,28189.0,28189000.0
879747,28185.0,28185000.0
1007752,28160.0,28160000.0
213538,28157.0,28157000.0
1387203,28141.0,28141000.0
283652,28137.0,28137000.0
466044,28127.0,28127000.0
815772,28125.0,28125000.0
925354,28113.0,28113000.0
828110,28107.0,28107000.0
273840,28098.0,28098000.0
181963,28091.0,28091000.0
774347,28091.0,28091000.0
853251,28082.0,28082000.0
4125778,28045.0,28045000.0
194440,28041.0,28041000.0
435255,28041.0,28041000.0
275479,28033.0,28033000.0
638131,28027.0,28027000.0
654300,28021.0,28021000.0
948531,28018.0,28018000.0
3377235,27998.0,27998000.0
67142,27948.0,27948000.0
936837,27923.0,27923000.0
672573,27903.0,27903000.0
554343,27891.0,27891000.0
278733,27876.0,27876000.0
352370,27875.0,27875000.0
114457,27851.0,27851000.0
786555,27843.0,27843000.0
782016,27837.0,27837000.0
551016,27824.0,27824000.0
2328285,27786.0,27786000.0
43052,27786.0,27786000.0
5397639,27779.0,27779000.0
64730,27778.0,27778000.0
749943,27770.0,27770000.0
644842,27749.0,27749000.0
738255,27746.0,27746000.0
31657,27709.0,27709000.0
823656,27700.0,27700000.0
300942,27692.0,27692000.0
137643,27680.0,27680000.0
3220863,27647.0,27647000.0
946274,27641.0,27641000.0
324854,27609.0,27609000.0
3596250,27603.0,27603000.0
129853,27576.0,27576000.0
160454,27530.0,27530000.0
293437,27508.0,27508000.0
319047,27507.0,27507000.0
942454,27504.0,27504000.0
3022610,27481.0,27481000.0
3128923,27430.0,27430000.0
20053,27421.0,27421000.0
616540,27396.0,27396000.0
276074,27386.0,27386000.0
2333140,27368.0,27368000.0
917500,27298.0,27298000.0
678454,27238.0,27238000.0
2877831,27224.0,27224000.0
241559,27190.0,27190000.0
869346,27174.0,27174000.0
37949,27160.0,27160000.0
706254,27156.0,27156000.0
2873598,27130.0,27130000.0
219044,27127.0,27127000.0
861658,27117.0,27117000.0
712648,27115.0,27115000.0
956527,27115.0,27115000.0
116741,27094.0,27094000.0
346379,27074.0,27074000.0
60545,27056.0,27056000.0
74056,27033.0,27033000.0
205542,26981.0,26981000.0
5316920,26975.0,26975000.0
89957,26955.0,26955000.0
987651,26860.0,26860000.0
3358270,26855.0,26855000.0
969844,26800.0,26800000.0
190956,26771.0,26771000.0
412555,26768.0,26768000.0
728957,26711.0,26711000.0
513546,26690.0,26690000.0
638355,26687.0,26687000.0
66154,26685.0,26685000.0
499743,26676.0,26676000.0
800134,26662.0,26662000.0
2305969,26646.0,26646000.0
3374234,26577.0,26577000.0
588245,26528.0,26528000.0
926959,26512.0,26512000.0
371232,26498.0,26498000.0
5528880,26487.0,26487000.0
901974,26484.0,26484000.0
287342,26476.0,26476000.0
101738,26468.0,26468000.0
3617856,26451.0,26451000.0
6009630,26451.0,26451000.0
3688548,26440.0,26440000.0
260831,26429.0,26429000.0
786948,26425.0,26425000.0
5435988,26415.0,26415000.0
651541,26399.0,26399000.0
742056,26390.0,26390000.0
206473,26375.0,26375000.0
465672,26370.0,26370000.0
837158,26362.0,26362000.0
708379,26346.0,26346000.0
1879016,26346.0,26346000.0
954251,26285.0,26285000.0
589158,26282.0,26282000.0
816304,26271.0,26271000.0
159953,26250.0,26250000.0
823450,26241.0,26241000.0
38740,26206.0,26206000.0
524766,26191.0,26191000.0
904359,26114.0,26114000.0
363648,26088.0,26088000.0
644776,26072.0,26072000.0
452841,26062.0,26062000.0
812614,26055.0,26055000.0
277736,26043.0,26043000.0
12647,26041.0,26041000.0
557438,26034.0,26034000.0
126375,26007.0,26007000.0
145741,26001.0,26001000.0
387055,25984.0,25984000.0
646873,25951.0,25951000.0
837448,25935.0,25935000.0
599643,25894.0,25894000.0
366247,25837.0,25837000.0
916857,25835.0,25835000.0
85931,25804.0,25804000.0
497655,25794.0,25794000.0
686758,25780.0,25780000.0
729178,25748.0,25748000.0
2881445,25737.0,25737000.0
83834,25735.0,25735000.0
956956,25730.0,25730000.0
884648,25697.0,25697000.0
346771,25639.0,25639000.0
79145,25638.0,25638000.0
386432,25572.0,25572000.0
947525,25566.0,25566000.0
362155,25562.0,25562000.0
761954,25555.0,25555000.0
3285778,25545.0,25545000.0
2317672,25543.0,25543000.0
216164,25532.0,25532000.0
3387140,25519.0,25519000.0
2753917,25518.0,25518000.0
757779,25496.0,25496000.0
826648,25489.0,25489000.0
3286999,25487.0,25487000.0
677970,25477.0,25477000.0
768458,25477.0,25477000.0
700458,25475.0,25475000.0
765662,25474.0,25474000.0
990053,25452.0,25452000.0
488756,25437.0,25437000.0
347639,25436.0,25436000.0
799948,25396.0,25396000.0
604640,25393.0,25393000.0
1008209,25376.0,25376000.0
903240,25366.0,25366000.0
475345,25360.0,25360000.0
3213333,25352.0,25352000.0
117038,25318.0,25318000.0
23755,25307.0,25307000.0
5724226,25296.0,25296000.0
455945,25265.0,25265000.0
209362,25236.0,25236000.0
129358,25217.0,25217000.0
220844,25206.0,25206000.0
931270,25202.0,25202000.0
640956,25168.0,25168000.0
5427684,25167.0,25167000.0
3357077,25074.0,25074000.0
926632,25060.0,25060000.0
764816,25041.0,25041000.0
51459,25035.0,25035000.0
810544,25027.0,25027000.0
642437,25026.0,25026000.0
676049,25020.0,25020000.0
89032,25000.0,25000000.0
352651,24983.0,24983000.0
270531,24971.0,24971000.0
399973,24886.0,24886000.0
5230790,24871.0,24871000.0
193537,24867.0,24867000.0
2735137,24847.0,24847000.0
23643,24836.0,24836000.0
969639,24824.0,24824000.0
1011432,24806.0,24806000.0
617145,24766.0,24766000.0
942847,24761.0,24761000.0
19972,24748.0,24748000.0
449038,24724.0,24724000.0
1008076,24710.0,24710000.0
305237,24686.0,24686000.0
535034,24679.0,24679000.0
831941,24678.0,24678000.0
917854,24674.0,24674000.0
787459,24663.0,24663000.0
475756,24658.0,24658000.0
741068,24645.0,24645000.0
624648,24640.0,24640000.0
714437,24609.0,24609000.0
373553,24588.0,24588000.0
71859,24563.0,24563000.0
820879,24543.0,24543000.0
5807400,24542.0,24542000.0
372855,24464.0,24464000.0
875758,24425.0,24425000.0
312356,24393.0,24393000.0
238139,24386.0,24386000.0
3635551,24372.0,24372000.0
956554,24364.0,24364000.0
773032,24335.0,24335000.0
5479478,24324.0,24324000.0
857455,24313.0,24313000.0
658924,24292.0,24292000.0
3667132,24249.0,24249000.0
950758,24246.0,24246000.0
21658,24218.0,24218000.0
762045,24184.0,24184000.0
547251,24179.0,24179000.0
9553,24147.0,24147000.0
59754,24122.0,24122000.0
298049,24118.0,24118000.0
141958,24086.0,24086000.0
157744,24086.0,24086000.0
814711,24020.0,24020000.0
294827,23984.0,23984000.0
2232757,23983.0,23983000.0
479754,23958.0,23958000.0
45458,23957.0,23957000.0
615253,23934.0,23934000.0
371942,23850.0,23850000.0
180845,23799.0,23799000.0
1017957,23788.0,23788000.0
3448162,23753.0,23753000.0
53051,23733.0,23733000.0
199351,23728.0,23728000.0
719964,23728.0,23728000.0
3370357,23711.0,23711000.0
914545,23695.0,23695000.0
825454,23659.0,23659000.0
377850,23652.0,23652000.0
3816163,23647.0,23647000.0
284154,23623.0,23623000.0
148715,23605.0,23605000.0
178244,23596.0,23596000.0
814458,23546.0,23546000.0
656779,23545.0,23545000.0
3482045,23535.0,23535000.0
695947,23533.0,23533000.0
5975224,23532.0,23532000.0
844138,23532.0,23532000.0
62044,23515.0,23515000.0
12142,23489.0,23489000.0
516154,23488.0,23488000.0
152057,23477.0,23477000.0
894272,23444.0,23444000.0
667524,23444.0,23444000.0
362856,23432.0,23432000.0
885430,23431.0,23431000.0
443634,23426.0,23426000.0
423636,23405.0,23405000.0
540739,23399.0,23399000.0
918132,23388.0,23388000.0
241009,23335.0,23335000.0
956376,23314.0,23314000.0
4231,23294.0,23294000.0
413543,23293.0,23293000.0
924058,23270.0,23270000.0
765318,23266.0,23266000.0
414858,23263.0,23263000.0
596455,23224.0,23224000.0
998648,23183.0,23183000.0
614751,23149.0,23149000.0
256179,23136.0,23136000.0
368054,23129.0,23129000.0
995571,23105.0,23105000.0
925055,23100.0,23100000.0
147857,23098.0,23098000.0
223845,23091.0,23091000.0
2218443,23064.0,23064000.0
28732,23029.0,23029000.0
431323,23017.0,23017000.0
372640,23012.0,23012000.0
917630,23001.0,23001000.0
105530,22991.0,22991000.0
581358,22958.0,22958000.0
918879,22930.0,22930000.0
956255,22915.0,22915000.0
480723,22892.0,22892000.0
705556,22886.0,22886000.0
746942,22874.0,22874000.0
487142,22870.0,22870000.0
989534,22843.0,22843000.0
190648,22842.0,22842000.0
284239,22811.0,22811000.0
1005552,22804.0,22804000.0
7045,22796.0,22796000.0
87047,22791.0,22791000.0
303701,22785.0,22785000.0
645157,22756.0,22756000.0
177443,22723.0,22723000.0
1003558,22713.0,22713000.0
976534,22670.0,22670000.0
2882983,22669.0,22669000.0
213912,22640.0,22640000.0
2747279,22615.0,22615000.0
337340,22605.0,22605000.0
974558,22603.0,22603000.0
792640,22589.0,22589000.0
407168,22583.0,22583000.0
858818,22536.0,22536000.0
841472,22512.0,22512000.0
550952,22496.0,22496000.0
805250,22490.0,22490000.0
297051,22467.0,22467000.0
920733,22450.0,22450000.0
3340903,22433.0,22433000.0
374774,22428.0,22428000.0
3232370,22421.0,22421000.0
877350,22409.0,22409000.0
262956,22391.0,22391000.0
881852,22346.0,22346000.0
449832,22345.0,22345000.0
2860039,22337.0,22337000.0
167453,22310.0,22310000.0
198961,22296.0,22296000.0
2705112,22249.0,22249000.0
661072,22249.0,22249000.0
1397471,22221.0,22221000.0
202541,22200.0,22200000.0
209559,22193.0,22193000.0
328656,22193.0,22193000.0
766052,22189.0,22189000.0
621151,22171.0,22171000.0
623548,22148.0,22148000.0
18836,22137.0,22137000.0
920210,22117.0,22117000.0
1493319,22089.0,22089000.0
854173,22076.0,22076000.0
907444,22054.0,22054000.0
821036,22035.0,22035000.0
349129,22010.0,22010000.0
1003950,22002.0,22002000.0
212344,21992.0,21992000.0
3614846,21975.0,21975000.0
46053,21956.0,21956000.0
767255,21942.0,21942000.0
134455,21928.0,21928000.0
401755,21914.0,21914000.0
178150,21912.0,21912000.0
454658,21900.0,21900000.0
179335,21900.0,21900000.0
49951,21882.0,21882000.0
846945,21870.0,21870000.0
266244,21863.0,21863000.0
771748,21858.0,21858000.0
497851,21835.0,21835000.0
196752,21796.0,21796000.0
35057,21777.0,21777000.0
835444,21769.0,21769000.0
288376,21767.0,21767000.0
235231,21747.0,21747000.0
890649,21723.0,21723000.0
374130,21713.0,21713000.0
3485215,21691.0,21691000.0
411624,21690.0,21690000.0
44929,21682.0,21682000.0
3623969,21673.0,21673000.0
156970,21657.0,21657000.0
702836,21642.0,21642000.0
719610,21633.0,21633000.0
568135,21621.0,21621000.0
5332603,21621.0,21621000.0
388155,21602.0,21602000.0
748441,21602.0,21602000.0
756848,21588.0,21588000.0
364270,21582.0,21582000.0
386731,21566.0,21566000.0
5805442,21565.0,21565000.0
400767,21562.0,21562000.0
206772,21561.0,21561000.0
1015841,21557.0,21557000.0
218878,21552.0,21552000.0
527178,21548.0,21548000.0
882541,21520.0,21520000.0
668147,21473.0,21473000.0
5543735,21471.0,21471000.0
368522,21452.0,21452000.0
647245,21443.0,21443000.0
2847085,21409.0,21409000.0
634544,21406.0,21406000.0
741844,21376.0,21376000.0
414652,21370.0,21370000.0
837541,21358.0,21358000.0
628123,21338.0,21338000.0
411062,21330.0,21330000.0
706656,21325.0,21325000.0
257345,21296.0,21296000.0
379470,21293.0,21293000.0
5903517,21270.0,21270000.0
366854,21266.0,21266000.0
421539,21264.0,21264000.0
1006652,21250.0,21250000.0
427960,21243.0,21243000.0
89854,21238.0,21238000.0
537243,21228.0,21228000.0
756343,21160.0,21160000.0
657178,21132.0,21132000.0
63201,21126.0,21126000.0
5686324,21124.0,21124000.0
2304636,21107.0,21107000.0
315656,21075.0,21075000.0
706030,21066.0,21066000.0
127224,21033.0,21033000.0
947776,21022.0,21022000.0
689759,21017.0,21017000.0
857941,20945.0,20945000.0
773171,20937.0,20937000.0
794149,20925.0,20925000.0
547550,20905.0,20905000.0
918150,20888.0,20888000.0
5860740,20858.0,20858000.0
541642,20833.0,20833000.0
43959,20831.0,20831000.0
931944,20831.0,20831000.0
805335,20811.0,20811000.0
446130,20809.0,20809000.0
371559,20797.0,20797000.0
1013650,20746.0,20746000.0
2531562,20727.0,20727000.0
677756,20724.0,20724000.0
498625,20706.0,20706000.0
1225798,20688.0,20688000.0
966973,20686.0,20686000.0
733951,20684.0,20684000.0
5758436,20661.0,20661000.0
416357,20642.0,20642000.0
365950,20635.0,20635000.0
1187551,20633.0,20633000.0
482446,20620.0,20620000.0
687830,20617.0,20617000.0
773742,20609.0,20609000.0
3282012,20586.0,20586000.0
967952,20542.0,20542000.0
922157,20503.0,20503000.0
792659,20501.0,20501000.0
3125315,20492.0,20492000.0
895448,20486.0,20486000.0
953852,20467.0,20467000.0
411651,20406.0,20406000.0
995674,20402.0,20402000.0
571920,20360.0,20360000.0
698546,20359.0,20359000.0
351878,20344.0,20344000.0
3459216,20329.0,20329000.0
478140,20321.0,20321000.0
948250,20285.0,20285000.0
567679,20264.0,20264000.0
5475452,20253.0,20253000.0
435666,20252.0,20252000.0
149150,20232.0,20232000.0
706236,20231.0,20231000.0
751254,20227.0,20227000.0
795249,20208.0,20208000.0
358112,20196.0,20196000.0
189950,20181.0,20181000.0
972143,20170.0,20170000.0
272030,20167.0,20167000.0
2723376,20141.0,20141000.0
336147,20123.0,20123000.0
952846,20123.0,20123000.0
291059,20101.0,20101000.0
899651,20043.0,20043000.0
466932,20042.0,20042000.0
1191352,20042.0,20042000.0
2806840,20023.0,20023000.0
94858,20012.0,20012000.0
4149037,19944.0,19944000.0
979133,19942.0,19942000.0
715032,19926.0,19926000.0
135836,19882.0,19882000.0
941804,19877.0,19877000.0
565536,19828.0,19828000.0
801654,19820.0,19820000.0
2897633,19820.0,19820000.0
5805817,19818.0,19818000.0
5861541,19793.0,19793000.0
814476,19730.0,19730000.0
2577739,19727.0,19727000.0
113030,19717.0,19717000.0
640143,19686.0,19686000.0
82033,19669.0,19669000.0
821157,19669.0,19669000.0
763211,19654.0,19654000.0
633640,19634.0,19634000.0
495558,19633.0,19633000.0
143952,19626.0,19626000.0
194570,19616.0,19616000.0
428855,19587.0,19587000.0
451246,19584.0,19584000.0
3090833,19559.0,19559000.0
839246,19559.0,19559000.0
114774,19548.0,19548000.0
840019,19527.0,19527000.0
2621940,19526.0,19526000.0
966272,19510.0,19510000.0
163343,19463.0,19463000.0
258874,19460.0,19460000.0
553926,19453.0,19453000.0
958763,19424.0,19424000.0
250430,19401.0,19401000.0
1003455,19391.0,19391000.0
552545,19371.0,19371000.0
229342,19362.0,19362000.0
3020447,19354.0,19354000.0
924553,19349.0,19349000.0
535931,19313.0,19313000.0
991359,19289.0,19289000.0
792453,19274.0,19274000.0
510648,19270.0,19270000.0
935719,19247.0,19247000.0
653433,19233.0,19233000.0
624956,19232.0,19232000.0
765877,19231.0,19231000.0
613978,19225.0,19225000.0
940674,19206.0,19206000.0
760210,19183.0,19183000.0
837840,19172.0,19172000.0
77422,19168.0,19168000.0
1402384,19132.0,19132000.0
910239,19124.0,19124000.0
393252,19122.0,19122000.0
225054,19117.0,19117000.0
791353,19103.0,19103000.0
22730,19100.0,19100000.0
433859,19095.0,19095000.0
393355,19089.0,19089000.0
2796277,19081.0,19081000.0
102557,19074.0,19074000.0
932642,19053.0,19053000.0
855956,19052.0,19052000.0
224954,19051.0,19051000.0
49652,19049.0,19049000.0
914853,19049.0,19049000.0
647777,19041.0,19041000.0
3346633,19027.0,19027000.0
5837377,19013.0,19013000.0
919773,19011.0,19011000.0
467470,19008.0,19008000.0
201254,18998.0,18998000.0
580847,18992.0,18992000.0
29476,18992.0,18992000.0
443625,18978.0,18978000.0
3383665,18978.0,18978000.0
807348,18970.0,18970000.0
3317192,18967.0,18967000.0
384830,18957.0,18957000.0
760434,18955.0,18955000.0
112332,18952.0,18952000.0
382742,18941.0,18941000.0
985451,18931.0,18931000.0
210256,18902.0,18902000.0
446176,18881.0,18881000.0
682648,18873.0,18873000.0
986935,18852.0,18852000.0
132451,18823.0,18823000.0
5777549,18805.0,18805000.0
548052,18733.0,18733000.0
767611,18729.0,18729000.0
385350,18726.0,18726000.0
208440,18710.0,18710000.0
48440,18685.0,18685000.0
612878,18684.0,18684000.0
330248,18638.0,18638000.0
538222,18637.0,18637000.0
760649,18628.0,18628000.0
794475,18619.0,18619000.0
518877,18527.0,18527000.0
370954,18523.0,18523000.0
832528,18516.0,18516000.0
678557,18486.0,18486000.0
445674,18474.0,18474000.0
780049,18456.0,18456000.0
270148,18407.0,18407000.0
40855,18362.0,18362000.0
400057,18358.0,18358000.0
670430,18354.0,18354000.0
1492817,18332.0,18332000.0
473257,18326.0,18326000.0
871648,18268.0,18268000.0
984856,18256.0,18256000.0
263627,18246.0,18246000.0
3314119,18225.0,18225000.0
943974,18197.0,18197000.0
426945,18195.0,18195000.0
651952,18177.0,18177000.0
188917,18160.0,18160000.0
207555,18151.0,18151000.0
193162,18126.0,18126000.0
353546,18096.0,18096000.0
892223,18087.0,18087000.0
250850,18076.0,18076000.0
348159,18075.0,18075000.0
439730,18070.0,18070000.0
962313,18059.0,18059000.0
381950,18044.0,18044000.0
28152,18037.0,18037000.0
3224478,18033.0,18033000.0
831875,18027.0,18027000.0
850054,18019.0,18019000.0
879439,18003.0,18003000.0
944739,17973.0,17973000.0
472531,17972.0,17972000.0
706058,17946.0,17946000.0
470434,17892.0,17892000.0
470032,17878.0,17878000.0
155759,17868.0,17868000.0
3479018,17864.0,17864000.0
308340,17861.0,17861000.0
937759,17859.0,17859000.0
2920287,17854.0,17854000.0
115146,17834.0,17834000.0
920359,17822.0,17822000.0
1008553,17807.0,17807000.0
916343,17799.0,17799000.0
796657,17797.0,17797000.0
791072,17797.0,17797000.0
977652,17765.0,17765000.0
379153,17757.0,17757000.0
834175,17756.0,17756000.0
722227,17742.0,17742000.0
222558,17738.0,17738000.0
313157,17721.0,17721000.0
143372,17720.0,17720000.0
357526,17657.0,17657000.0
474357,17618.0,17618000.0
931355,17597.0,17597000.0
720344,17586.0,17586000.0
935577,17572.0,17572000.0
921879,17560.0,17560000.0
991555,17523.0,17523000.0
287959,17489.0,17489000.0
3633016,17461.0,17461000.0
331544,17457.0,17457000.0
601153,17451.0,17451000.0
461058,17450.0,17450000.0
700430,17426.0,17426000.0
55635,17402.0,17402000.0
652070,17400.0,17400000.0
3943210,17372.0,17372000.0
625953,17365.0,17365000.0
403067,17362.0,17362000.0
329149,17342.0,17342000.0
733540,17337.0,17337000.0
988452,17331.0,17331000.0
3390337,17326.0,17326000.0
713252,17325.0,17325000.0
897853,17322.0,17322000.0
747257,17320.0,17320000.0
601041,17273.0,17273000.0
839974,17268.0,17268000.0
46941,17245.0,17245000.0
1002953,17235.0,17235000.0
460770,17218.0,17218000.0
472018,17218.0,17218000.0
108072,17212.0,17212000.0
117775,17210.0,17210000.0
809070,17209.0,17209000.0
629746,17205.0,17205000.0
657954,17194.0,17194000.0
359472,17169.0,17169000.0
673244,17111.0,17111000.0
499752,17090.0,17090000.0
527057,17062.0,17062000.0
761833,17037.0,17037000.0
3185579,17030.0,17030000.0
868059,17020.0,17020000.0
937553,17008.0,17008000.0
265676,16963.0,16963000.0
453147,16962.0,16962000.0
274856,16951.0,16951000.0
171759,16948.0,16948000.0
71073,16946.0,16946000.0
673851,16931.0,16931000.0
531157,16916.0,16916000.0
665258,16910.0,16910000.0
887827,16900.0,16900000.0
696645,16900.0,16900000.0
903950,16857.0,16857000.0
280352,16826.0,16826000.0
35646,16817.0,16817000.0
644963,16793.0,16793000.0
865759,16793.0,16793000.0
643658,16780.0,16780000.0
800442,16773.0,16773000.0
314444,16746.0,16746000.0
754536,16741.0,16741000.0
45775,16738.0,16738000.0
484057,16730.0,16730000.0
242958,16729.0,16729000.0
391418,16703.0,16703000.0
174321,16687.0,16687000.0
370833,16685.0,16685000.0
427858,16683.0,16683000.0
3253834,16666.0,16666000.0
888141,16615.0,16615000.0
171656,16607.0,16607000.0
3089752,16605.0,16605000.0
2901558,16600.0,16600000.0
96553,16588.0,16588000.0
413673,16588.0,16588000.0
1006559,16585.0,16585000.0
142049,16579.0,16579000.0
1005851,16538.0,16538000.0
657758,16499.0,16499000.0
688556,16495.0,16495000.0
176642,16477.0,16477000.0
827355,16475.0,16475000.0
1005655,16471.0,16471000.0
575375,16404.0,16404000.0
983550,16383.0,16383000.0
51356,16381.0,16381000.0
416339,16371.0,16371000.0
628039,16370.0,16370000.0
674344,16365.0,16365000.0
266253,16351.0,16351000.0
165758,16301.0,16301000.0
648550,16300.0,16300000.0
3393851,16284.0,16284000.0
480059,16282.0,16282000.0
837952,16280.0,16280000.0
37051,16224.0,16224000.0
72454,16223.0,16223000.0
863362,16220.0,16220000.0
670748,16213.0,16213000.0
13457,16172.0,16172000.0
586335,16166.0,16166000.0
948278,16158.0,16158000.0
164377,16156.0,16156000.0
2536633,16125.0,16125000.0
305059,16123.0,16123000.0
837354,16111.0,16111000.0
2746245,16093.0,16093000.0
258539,16093.0,16093000.0
56258,16090.0,16090000.0
578554,16083.0,16083000.0
672247,16079.0,16079000.0
120953,16074.0,16074000.0
1369870,16065.0,16065000.0
413758,16050.0,16050000.0
709451,15988.0,15988000.0
136048,15957.0,15957000.0
247476,15946.0,15946000.0
14650,15924.0,15924000.0
370347,15906.0,15906000.0
2949970,15899.0,15899000.0
3843392,15897.0,15897000.0
608358,15871.0,15871000.0
603232,15834.0,15834000.0
651158,15832.0,15832000.0
774235,15823.0,15823000.0
847979,15794.0,15794000.0
232847,15773.0,15773000.0
3041358,15772.0,15772000.0
961446,15763.0,15763000.0
203052,15752.0,15752000.0
134156,15747.0,15747000.0
2960555,15737.0,15737000.0
2533043,15734.0,15734000.0
864855,15725.0,15725000.0
499154,15718.0,15718000.0
696047,15700.0,15700000.0
4397164,15690.0,15690000.0
667346,15686.0,15686000.0
474058,15679.0,15679000.0
2917184,15674.0,15674000.0
765354,15658.0,15658000.0
235174,15644.0,15644000.0
5972661,15640.0,15640000.0
550354,15631.0,15631000.0
804422,15600.0,15600000.0
184656,15585.0,15585000.0
98351,15571.0,15571000.0
208347,15518.0,15518000.0
2059990,15513.0,15513000.0
654047,15500.0,15500000.0
739346,15494.0,15494000.0
316859,15489.0,15489000.0
927077,15465.0,15465000.0
2597232,15458.0,15458000.0
544447,15427.0,15427000.0
575348,15413.0,15413000.0
687054,15384.0,15384000.0
255350,15381.0,15381000.0
729057,15360.0,15360000.0
366658,15342.0,15342000.0
923855,15321.0,15321000.0
1163283,15303.0,15303000.0
97457,15301.0,15301000.0
259059,15267.0,15267000.0
465524,15249.0,15249000.0
157650,15223.0,15223000.0
2621285,15197.0,15197000.0
420877,15192.0,15192000.0
597658,15187.0,15187000.0
2598396,15179.0,15179000.0
5591633,15170.0,15170000.0
1225752,15130.0,15130000.0
819172,15125.0,15125000.0
78241,15090.0,15090000.0
249658,15082.0,15082000.0
586960,15077.0,15077000.0
2809373,15068.0,15068000.0
397456,15030.0,15030000.0
295057,15010.0,15010000.0
394156,15000.0,15000000.0
1293078,14990.0,14990000.0
835079,14970.0,14970000.0
126049,14969.0,14969000.0
567736,14963.0,14963000.0
986551,14955.0,14955000.0
248352,14949.0,14949000.0
368344,14923.0,14923000.0
968155,14911.0,14911000.0
190947,14887.0,14887000.0
458946,14869.0,14869000.0
446149,14850.0,14850000.0
367150,14837.0,14837000.0
5805424,14837.0,14837000.0
5784921,14791.0,14791000.0
265452,14784.0,14784000.0
1007051,14755.0,14755000.0
324975,14746.0,14746000.0
563457,14730.0,14730000.0
5787418,14721.0,14721000.0
2845782,14713.0,14713000.0
883351,14707.0,14707000.0
131940,14683.0,14683000.0
518176,14678.0,14678000.0
3939240,14655.0,14655000.0
1007930,14642.0,14642000.0
760340,14631.0,14631000.0
699253,14607.0,14607000.0
742542,14606.0,14606000.0
675042,14602.0,14602000.0
276551,14573.0,14573000.0
519445,14533.0,14533000.0
223452,14523.0,14523000.0
705378,14503.0,14503000.0
127055,14492.0,14492000.0
764142,14488.0,14488000.0
258379,14485.0,14485000.0
784430,14481.0,14481000.0
805045,14479.0,14479000.0
952257,14475.0,14475000.0
11837,14473.0,14473000.0
397858,14437.0,14437000.0
563336,14377.0,14377000.0
380346,14332.0,14332000.0
399731,14325.0,14325000.0
597041,14307.0,14307000.0
875655,14279.0,14279000.0
911339,14274.0,14274000.0
854753,14258.0,14258000.0
840251,14250.0,14250000.0
376237,14250.0,14250000.0
541307,14244.0,14244000.0
788652,14239.0,14239000.0
504647,14222.0,14222000.0
2905761,14209.0,14209000.0
44750,14207.0,14207000.0
256076,14181.0,14181000.0
987848,14172.0,14172000.0
950356,14159.0,14159000.0
817477,14155.0,14155000.0
764067,14151.0,14151000.0
164957,14146.0,14146000.0
617275,14112.0,14112000.0
647414,14074.0,14074000.0
816256,14069.0,14069000.0
3180136,14062.0,14062000.0
135854,14058.0,14058000.0
856869,14057.0,14057000.0
141350,14046.0,14046000.0
266655,14032.0,14032000.0
723158,13991.0,13991000.0
259956,13991.0,13991000.0
472045,13984.0,13984000.0
660253,13976.0,13976000.0
998657,13969.0,13969000.0
481579,13950.0,13950000.0
786256,13927.0,13927000.0
233246,13920.0,13920000.0
380944,13900.0,13900000.0
898458,13891.0,13891000.0
2696180,13870.0,13870000.0
104234,13859.0,13859000.0
3148613,13800.0,13800000.0
691743,13795.0,13795000.0
564838,13791.0,13791000.0
729945,13779.0,13779000.0
575133,13738.0,13738000.0
246451,13735.0,13735000.0
581237,13722.0,13722000.0
811550,13711.0,13711000.0
474656,13709.0,13709000.0
490348,13702.0,13702000.0
398051,13698.0,13698000.0
536853,13675.0,13675000.0
49148,13666.0,13666000.0
253730,13665.0,13665000.0
750444,13665.0,13665000.0
362940,13655.0,13655000.0
716851,13643.0,13643000.0
37,13639.0,13639000.0
659640,13623.0,13623000.0
675659,13600.0,13600000.0
503640,13581.0,13581000.0
5805488,13576.0,13576000.0
3626184,13562.0,13562000.0
711753,13528.0,13528000.0
2726050,13527.0,13527000.0
421445,13524.0,13524000.0
178356,13504.0,13504000.0
80431,13498.0,13498000.0
490843,13497.0,13497000.0
955753,13489.0,13489000.0
654579,13487.0,13487000.0
85052,13479.0,13479000.0
539452,13465.0,13465000.0
292467,13456.0,13456000.0
164153,13435.0,13435000.0
938354,13416.0,13416000.0
1470150,13405.0,13405000.0
735973,13377.0,13377000.0
483537,13362.0,13362000.0
646042,13354.0,13354000.0
814074,13353.0,13353000.0
141677,13305.0,13305000.0
496434,13299.0,13299000.0
489155,13291.0,13291000.0
552956,13286.0,13286000.0
660066,13284.0,13284000.0
648345,13282.0,13282000.0
854847,13281.0,13281000.0
3223408,13279.0,13279000.0
198073,13265.0,13265000.0
382854,13247.0,13247000.0
535575,13214.0,13214000.0
45056,13187.0,13187000.0
223751,13173.0,13173000.0
343770,13173.0,13173000.0
388874,13162.0,13162000.0
1009840,13157.0,13157000.0
476445,13153.0,13153000.0
733755,13146.0,13146000.0
304520,13136.0,13136000.0
422657,13123.0,13123000.0
70218,13113.0,13113000.0
101952,13099.0,13099000.0
5691319,13094.0,13094000.0
2702764,13074.0,13074000.0
807432,13069.0,13069000.0
745347,13053.0,13053000.0
618777,13034.0,13034000.0
322449,13032.0,13032000.0
593333,13028.0,13028000.0
485139,13017.0,13017000.0
123075,13014.0,13014000.0
2805928,13012.0,13012000.0
157379,13001.0,13001000.0
284752,13000.0,13000000.0
901451,12973.0,12973000.0
881900,12960.0,12960000.0
940021,12958.0,12958000.0
911759,12952.0,12952000.0
1418255,12949.0,12949000.0
327220,12900.0,12900000.0
1006157,12885.0,12885000.0
3394380,12883.0,12883000.0
697035,12871.0,12871000.0
364850,12854.0,12854000.0
302030,12820.0,12820000.0
884376,12809.0,12809000.0
91615,12795.0,12795000.0
770451,12759.0,12759000.0
532752,12745.0,12745000.0
173959,12738.0,12738000.0
233442,12736.0,12736000.0
354,12729.0,12729000.0
1008955,12726.0,12726000.0
823638,12720.0,12720000.0
954158,12697.0,12697000.0
991135,12688.0,12688000.0
3029253,12670.0,12670000.0
909756,12662.0,12662000.0
218261,12660.0,12660000.0
2973041,12601.0,12601000.0
923257,12600.0,12600000.0
3005097,12584.0,12584000.0
211851,12584.0,12584000.0
572347,12580.0,12580000.0
235950,12553.0,12553000.0
971070,12524.0,12524000.0
636753,12519.0,12519000.0
5805228,12519.0,12519000.0
747051,12485.0,12485000.0
344852,12482.0,12482000.0
560830,12468.0,12468000.0
830252,12465.0,12465000.0
159645,12454.0,12454000.0
2963275,12450.0,12450000.0
743950,12446.0,12446000.0
644141,12435.0,12435000.0
546320,12402.0,12402000.0
675855,12389.0,12389000.0
485054,12369.0,12369000.0
164975,12366.0,12366000.0
795959,12344.0,12344000.0
236256,12343.0,12343000.0
758842,12331.0,12331000.0
1008151,12324.0,12324000.0
293754,12288.0,12288000.0
772754,12271.0,12271000.0
571135,12262.0,12262000.0
122153,12251.0,12251000.0
801056,12243.0,12243000.0
290922,12239.0,12239000.0
172251,12228.0,12228000.0
137456,12226.0,12226000.0
779641,12223.0,12223000.0
246947,12200.0,12200000.0
7456,12178.0,12178000.0
926650,12173.0,12173000.0
1017564,12148.0,12148000.0
818540,12143.0,12143000.0
35879,12120.0,12120000.0
24659,12119.0,12119000.0
276159,12118.0,12118000.0
19356,12118.0,12118000.0
568377,12037.0,12037000.0
675248,12021.0,12021000.0
83955,12016.0,12016000.0
402873,12011.0,12011000.0
2745529,12010.0,12010000.0
359744,12005.0,12005000.0
681043,11953.0,11953000.0
986159,11950.0,11950000.0
426758,11927.0,11927000.0
3103591,11921.0,11921000.0
500658,11907.0,11907000.0
844455,11903.0,11903000.0
625056,11899.0,11899000.0
964250,11897.0,11897000.0
106676,11827.0,11827000.0
269571,11823.0,11823000.0
416272,11808.0,11808000.0
700252,11779.0,11779000.0
369453,11778.0,11778000.0
3308574,11769.0,11769000.0
803256,11718.0,11718000.0
123374,11710.0,11710000.0
76443,11709.0,11709000.0
7634,11708.0,11708000.0
629148,11704.0,11704000.0
132938,11695.0,11695000.0
285553,11689.0,11689000.0
14977,11683.0,11683000.0
498942,11674.0,11674000.0
818652,11597.0,11597000.0
954653,11582.0,11582000.0
903754,11582.0,11582000.0
60554,11575.0,11575000.0
984351,11574.0,11574000.0
22552,11564.0,11564000.0
822631,11540.0,11540000.0
339353,11514.0,11514000.0
502447,11509.0,11509000.0
825940,11501.0,11501000.0
534859,11494.0,11494000.0
291732,11491.0,11491000.0
532453,11453.0,11453000.0
997155,11435.0,11435000.0
977045,11419.0,11419000.0
875879,11403.0,11403000.0
564678,11346.0,11346000.0
1002458,11332.0,11332000.0
2044820,11327.0,11327000.0
685023,11312.0,11312000.0
673477,11306.0,11306000.0
803658,11278.0,11278000.0
874452,11273.0,11273000.0
956134,11267.0,11267000.0
513854,11258.0,11258000.0
753641,11251.0,11251000.0
782548,11239.0,11239000.0
630340,11232.0,11232000.0
711520,11231.0,11231000.0
386825,11224.0,11224000.0
108652,11224.0,11224000.0
1014059,11184.0,11184000.0
271136,11179.0,11179000.0
289056,11174.0,11174000.0
441630,11169.0,11169000.0
109154,11156.0,11156000.0
108746,11155.0,11155000.0
2651899,11154.0,11154000.0
389376,11143.0,11143000.0
391959,11132.0,11132000.0
811541,11127.0,11127000.0
1462986,11107.0,11107000.0
437044,11102.0,11102000.0
343958,11089.0,11089000.0
956152,11084.0,11084000.0
941541,11074.0,11074000.0
88259,11068.0,11068000.0
504142,11055.0,11055000.0
565844,11045.0,11045000.0
2921622,11043.0,11043000.0
860231,11028.0,11028000.0
42037,11010.0,11010000.0
576578,11002.0,11002000.0
582654,10994.0,10994000.0
488420,10987.0,10987000.0
3599804,10952.0,10952000.0
715470,10911.0,10911000.0
62110,10896.0,10896000.0
1016848,10873.0,10873000.0
820477,10873.0,10873000.0
591357,10867.0,10867000.0
5755510,10864.0,10864000.0
37341,10860.0,10860000.0
180144,10841.0,10841000.0
809379,10836.0,10836000.0
548472,10831.0,10831000.0
1014246,10813.0,10813000.0
835613,10810.0,10810000.0
332756,10808.0,10808000.0
401072,10807.0,10807000.0
467733,10804.0,10804000.0
550653,10794.0,10794000.0
392152,10781.0,10781000.0
956358,10774.0,10774000.0
518354,10772.0,10772000.0
346566,10760.0,10760000.0
510947,10755.0,10755000.0
365848,10719.0,10719000.0
3308529,10714.0,10714000.0
493077,10712.0,10712000.0
372444,10703.0,10703000.0
709956,10684.0,10684000.0
647955,10677.0,10677000.0
138556,10655.0,10655000.0
340443,10652.0,10652000.0
467144,10642.0,10642000.0
938550,10640.0,10640000.0
769334,10636.0,10636000.0
61953,10634.0,10634000.0
871358,10629.0,10629000.0
960551,10604.0,10604000.0
720858,10600.0,10600000.0
30052,10576.0,10576000.0
719030,10560.0,10560000.0
1017555,10553.0,10553000.0
641449,10553.0,10553000.0
411174,10540.0,10540000.0
598543,10537.0,10537000.0
2610784,10535.0,10535000.0
516873,10520.0,10520000.0
619859,10503.0,10503000.0
411576,10444.0,10444000.0
399357,10435.0,10435000.0
472951,10388.0,10388000.0
808345,10383.0,10383000.0
474245,10383.0,10383000.0
145059,10372.0,10372000.0
78157,10361.0,10361000.0
249416,10356.0,10356000.0
491653,10298.0,10298000.0
3254297,10297.0,10297000.0
213958,10286.0,10286000.0
1435092,10262.0,10262000.0
767554,10251.0,10251000.0
2602828,10250.0,10250000.0
489249,10247.0,10247000.0
1014554,10171.0,10171000.0
177500,10154.0,10154000.0
881441,10137.0,10137000.0
411231,10106.0,10106000.0
774253,10072.0,10072000.0
855143,10064.0,10064000.0
501655,10058.0,10058000.0
203575,10024.0,10024000.0
753856,10008.0,10008000.0
663638,9995.0,9995000.0
851060,9965.0,9965000.0
208972,9964.0,9964000.0
257653,9960.0,9960000.0
426057,9936.0,9936000.0
943143,9917.0,9917000.0
363778,9914.0,9914000.0
381026,9901.0,9901000.0
679451,9897.0,9897000.0
148340,9893.0,9893000.0
715975,9891.0,9891000.0
424352,9878.0,9878000.0
527749,9840.0,9840000.0
354851,9812.0,9812000.0
417710,9808.0,9808000.0
343051,9806.0,9806000.0
540542,9806.0,9806000.0
819154,9793.0,9793000.0
965051,9774.0,9774000.0
714165,9767.0,9767000.0
211114,9719.0,9719000.0
945950,9719.0,9719000.0
136655,9716.0,9716000.0
110972,9696.0,9696000.0
97279,9686.0,9686000.0
271341,9669.0,9669000.0
944748,9655.0,9655000.0
943273,9626.0,9626000.0
195456,9603.0,9603000.0
5839915,9580.0,9580000.0
986757,9573.0,9573000.0
116554,9562.0,9562000.0
89135,9556.0,9556000.0
75651,9541.0,9541000.0
644954,9534.0,9534000.0
732637,9533.0,9533000.0
2775692,9529.0,9529000.0
308836,9524.0,9524000.0
937843,9516.0,9516000.0
275657,9514.0,9514000.0
243955,9505.0,9505000.0
989851,9499.0,9499000.0
593940,9487.0,9487000.0
108269,9487.0,9487000.0
972750,9474.0,9474000.0
250476,9436.0,9436000.0
919568,9429.0,9429000.0
2939001,9426.0,9426000.0
114859,9425.0,9425000.0
826451,9406.0,9406000.0
598132,9406.0,9406000.0
863652,9401.0,9401000.0
111157,9351.0,9351000.0
377663,9350.0,9350000.0
660879,9345.0,9345000.0
897451,9337.0,9337000.0
413347,9330.0,9330000.0
422116,9326.0,9326000.0
988256,9296.0,9296000.0
534073,9291.0,9291000.0
843953,9272.0,9272000.0
724940,9271.0,9271000.0
617079,9243.0,9243000.0
460350,9235.0,9235000.0
960047,9233.0,9233000.0
578237,9231.0,9231000.0
4368351,9229.0,9229000.0
157155,9201.0,9201000.0
358448,9192.0,9192000.0
508270,9185.0,9185000.0
662350,9173.0,9173000.0
280558,9156.0,9156000.0
848453,9154.0,9154000.0
95677,9153.0,9153000.0
890957,9122.0,9122000.0
238250,9108.0,9108000.0
647759,9105.0,9105000.0
667551,9105.0,9105000.0
43856,9088.0,9088000.0
13251,9068.0,9068000.0
492810,9063.0,9063000.0
242949,9060.0,9060000.0
351131,9058.0,9058000.0
688453,9051.0,9051000.0
276654,9038.0,9038000.0
969956,9038.0,9038000.0
897237,9028.0,9028000.0
753052,9012.0,9012000.0
378044,9002.0,9002000.0
726458,8996.0,8996000.0
170257,8989.0,8989000.0
560438,8966.0,8966000.0
913436,8965.0,8965000.0
156457,8927.0,8927000.0
147651,8926.0,8926000.0
3025929,8897.0,8897000.0
361354,8891.0,8891000.0
177135,8883.0,8883000.0
498456,8872.0,8872000.0
984454,8870.0,8870000.0
861854,8832.0,8832000.0
176437,8816.0,8816000.0
931458,8808.0,8808000.0
1945247,8806.0,8806000.0
865852,8802.0,8802000.0
432432,8801.0,8801000.0
5887420,8792.0,8792000.0
409265,8791.0,8791000.0
79127,8750.0,8750000.0
513322,8748.0,8748000.0
273653,8741.0,8741000.0
403656,8720.0,8720000.0
459644,8719.0,8719000.0
188739,8712.0,8712000.0
471057,8671.0,8671000.0
677354,8665.0,8665000.0
559179,8651.0,8651000.0
1015458,8633.0,8633000.0
41553,8598.0,8598000.0
563934,8593.0,8593000.0
672238,8590.0,8590000.0
112510,8574.0,8574000.0
595944,8570.0,8570000.0
697950,8565.0,8565000.0
804150,8564.0,8564000.0
24378,8556.0,8556000.0
62147,8527.0,8527000.0
396057,8507.0,8507000.0
732954,8507.0,8507000.0
655530,8458.0,8458000.0
2724766,8456.0,8456000.0
392255,8450.0,8450000.0
533227,8447.0,8447000.0
174367,8446.0,8446000.0
858443,8445.0,8445000.0
666358,8444.0,8444000.0
122546,8404.0,8404000.0
918356,8401.0,8401000.0
644057,8356.0,8356000.0
969059,8327.0,8327000.0
2750,8322.0,8322000.0
958231,8319.0,8319000.0
670654,8305.0,8305000.0
353957,8274.0,8274000.0
524757,8235.0,8235000.0
287922,8232.0,8232000.0
944935,8207.0,8207000.0
269759,8205.0,8205000.0
184759,8178.0,8178000.0
321330,8147.0,8147000.0
40033,8145.0,8145000.0
798512,8141.0,8141000.0
401559,8137.0,8137000.0
120476,8136.0,8136000.0
229454,8114.0,8114000.0
931159,8103.0,8103000.0
2641827,8101.0,8101000.0
457,8097.0,8097000.0
735414,8080.0,8080000.0
103134,8064.0,8064000.0
77150,8058.0,8058000.0
171133,8053.0,8053000.0
915056,8045.0,8045000.0
157856,8041.0,8041000.0
450669,8029.0,8029000.0
741152,7997.0,7997000.0
5758445,7980.0,7980000.0
75455,7977.0,7977000.0
824738,7956.0,7956000.0
401951,7954.0,7954000.0
1474309,7936.0,7936000.0
858153,7930.0,7930000.0
1007958,7926.0,7926000.0
870856,7920.0,7920000.0
760939,7917.0,7917000.0
700140,7900.0,7900000.0
14753,7897.0,7897000.0
371849,7890.0,7890000.0
507349,7881.0,7881000.0
997557,7865.0,7865000.0
197254,7864.0,7864000.0
717232,7851.0,7851000.0
777441,7840.0,7840000.0
328058,7822.0,7822000.0
128258,7794.0,7794000.0
754246,7780.0,7780000.0
195157,7770.0,7770000.0
856542,7759.0,7759000.0
366359,7740.0,7740000.0
42457,7738.0,7738000.0
276953,7735.0,7735000.0
474544,7727.0,7727000.0
442655,7711.0,7711000.0
835659,7671.0,7671000.0
411240,7637.0,7637000.0
92144,7636.0,7636000.0
3448425,7626.0,7626000.0
116358,7626.0,7626000.0
412452,7611.0,7611000.0
304575,7593.0,7593000.0
924254,7582.0,7582000.0
187648,7581.0,7581000.0
856458,7539.0,7539000.0
375650,7538.0,7538000.0
505916,7528.0,7528000.0
931207,7522.0,7522000.0
3285246,7518.0,7518000.0
324229,7508.0,7508000.0
112556,7507.0,7507000.0
4146830,7505.0,7505000.0
515979,7499.0,7499000.0
824242,7467.0,7467000.0
3480069,7464.0,7464000.0
937834,7436.0,7436000.0
456344,7426.0,7426000.0
814355,7426.0,7426000.0
522454,7422.0,7422000.0
686570,7376.0,7376000.0
37659,7376.0,7376000.0
333940,7361.0,7361000.0
550448,7353.0,7353000.0
570651,7347.0,7347000.0
270652,7338.0,7338000.0
603540,7319.0,7319000.0
671053,7317.0,7317000.0
884657,7297.0,7297000.0
767152,7290.0,7290000.0
923949,7272.0,7272000.0
777254,7271.0,7271000.0
292234,7267.0,7267000.0
21359,7262.0,7262000.0
321152,7237.0,7237000.0
658072,7173.0,7173000.0
3353154,7162.0,7162000.0
460556,7160.0,7160000.0
104971,7148.0,7148000.0
460275,7119.0,7119000.0
835378,7113.0,7113000.0
721752,7105.0,7105000.0
360777,7094.0,7094000.0
442057,7092.0,7092000.0
72351,7087.0,7087000.0
73152,7045.0,7045000.0
8631,7041.0,7041000.0
58355,7032.0,7032000.0
79257,7032.0,7032000.0
4032791,7021.0,7021000.0
894834,6999.0,6999000.0
668053,6983.0,6983000.0
231279,6980.0,6980000.0
73956,6967.0,6967000.0
973252,6951.0,6951000.0
107758,6941.0,6941000.0
354253,6917.0,6917000.0
503547,6910.0,6910000.0
720157,6908.0,6908000.0
876157,6866.0,6866000.0
2123930,6843.0,6843000.0
2797210,6839.0,6839000.0
3139321,6835.0,6835000.0
987576,6819.0,6819000.0
560353,6802.0,6802000.0
871956,6801.0,6801000.0
431350,6785.0,6785000.0
229173,6776.0,6776000.0
192651,6775.0,6775000.0
998358,6768.0,6768000.0
649632,6706.0,6706000.0
775241,6675.0,6675000.0
1176920,6671.0,6671000.0
618647,6667.0,6667000.0
338945,6664.0,6664000.0
678052,6631.0,6631000.0
1017854,6631.0,6631000.0
760957,6629.0,6629000.0
267652,6626.0,6626000.0
837653,6607.0,6607000.0
146056,6605.0,6605000.0
311144,6559.0,6559000.0
840354,6555.0,6555000.0
578862,6528.0,6528000.0
560214,6521.0,6521000.0
324256,6470.0,6470000.0
303747,6469.0,6469000.0
91950,6469.0,6469000.0
311658,6464.0,6464000.0
723550,6461.0,6461000.0
1856,6458.0,6458000.0
843476,6454.0,6454000.0
82350,6408.0,6408000.0
764151,6387.0,6387000.0
918655,6353.0,6353000.0
132778,6325.0,6325000.0
821643,6322.0,6322000.0
480246,6321.0,6321000.0
983158,6320.0,6320000.0
800479,6308.0,6308000.0
309851,6300.0,6300000.0
940852,6293.0,6293000.0
302133,6268.0,6268000.0
316934,6256.0,6256000.0
790150,6254.0,6254000.0
252452,6253.0,6253000.0
651149,6227.0,6227000.0
293352,6224.0,6224000.0
995955,6222.0,6222000.0
308256,6216.0,6216000.0
544951,6202.0,6202000.0
857259,6202.0,6202000.0
206950,6187.0,6187000.0
678258,6144.0,6144000.0
991078,6138.0,6138000.0
219679,6132.0,6132000.0
479567,6093.0,6093000.0
3032833,6071.0,6071000.0
877958,6059.0,6059000.0
82257,6044.0,6044000.0
736158,6016.0,6016000.0
975452,6008.0,6008000.0
411549,5963.0,5963000.0
1014451,5947.0,5947000.0
755421,5932.0,5932000.0
603755,5912.0,5912000.0
1016558,5901.0,5901000.0
207041,5889.0,5889000.0
1004256,5844.0,5844000.0
2912750,5841.0,5841000.0
272151,5817.0,5817000.0
102333,5816.0,5816000.0
770545,5804.0,5804000.0
767572,5791.0,5791000.0
378110,5790.0,5790000.0
391557,5772.0,5772000.0
5805479,5740.0,5740000.0
76153,5736.0,5736000.0
382256,5707.0,5707000.0
803265,5684.0,5684000.0
701857,5682.0,5682000.0
284958,5681.0,5681000.0
823142,5671.0,5671000.0
582878,5655.0,5655000.0
694771,5637.0,5637000.0
2811086,5608.0,5608000.0
887854,5608.0,5608000.0
464853,5594.0,5594000.0
1494482,5555.0,5555000.0
412872,5550.0,5550000.0
440857,5542.0,5542000.0
522034,5533.0,5533000.0
227656,5513.0,5513000.0
215653,5491.0,5491000.0
601032,5465.0,5465000.0
2490285,5463.0,5463000.0
858452,5457.0,5457000.0
643274,5443.0,5443000.0
320034,5418.0,5418000.0
131717,5388.0,5388000.0
138257,5365.0,5365000.0
534242,5340.0,5340000.0
741956,5334.0,5334000.0
426141,5328.0,5328000.0
440978,5314.0,5314000.0
33839,5308.0,5308000.0
681249,5284.0,5284000.0
242,5282.0,5282000.0
540850,5267.0,5267000.0
388753,5216.0,5216000.0
388258,5172.0,5172000.0
444677,5155.0,5155000.0
167752,5116.0,5116000.0
868572,5105.0,5105000.0
343248,5102.0,5102000.0
519874,5089.0,5089000.0
272058,5077.0,5077000.0
1014255,5039.0,5039000.0
749840,5026.0,5026000.0
693073,5008.0,5008000.0
482370,5002.0,5002000.0
579319,4988.0,4988000.0
1012457,4973.0,4973000.0
205458,4934.0,4934000.0
866251,4926.0,4926000.0
292850,4857.0,4857000.0
1000856,4848.0,4848000.0
404943,4841.0,4841000.0
481748,4797.0,4797000.0
322551,4745.0,4745000.0
83852,4734.0,4734000.0
17259,4712.0,4712000.0
99853,4685.0,4685000.0
593771,4654.0,4654000.0
610539,4644.0,4644000.0
741358,4633.0,4633000.0
325459,4619.0,4619000.0
3952904,4616.0,4616000.0
839817,4598.0,4598000.0
514356,4594.0,4594000.0
639857,4561.0,4561000.0
738657,4558.0,4558000.0
771047,4556.0,4556000.0
321255,4539.0,4539000.0
362043,4528.0,4528000.0
833851,4417.0,4417000.0
904845,4390.0,4390000.0
663656,4330.0,4330000.0
921655,4314.0,4314000.0
912756,4260.0,4260000.0
1820979,4244.0,4244000.0
496957,4221.0,4221000.0
104542,4204.0,4204000.0
821559,4200.0,4200000.0
472148,4154.0,4154000.0
856159,4146.0,4146000.0
614256,4131.0,4131000.0
571957,4121.0,4121000.0
603559,4115.0,4115000.0
842853,4113.0,4113000.0
902645,4055.0,4055000.0
373272,4004.0,4004000.0
646471,3997.0,3997000.0
816751,3952.0,3952000.0
306056,3942.0,3942000.0
74449,3902.0,3902000.0
274052,3875.0,3875000.0
981453,3873.0,3873000.0
691042,3858.0,3858000.0
923350,3853.0,3853000.0
542854,3851.0,3851000.0
379050,3841.0,3841000.0
846132,3833.0,3833000.0
2960788,3833.0,3833000.0
278751,3819.0,3819000.0
175458,3805.0,3805000.0
441135,3800.0,3800000.0
768953,3764.0,3764000.0
789051,3747.0,3747000.0
410159,3739.0,3739000.0
675341,3719.0,3719000.0
235558,3716.0,3716000.0
2502825,3678.0,3678000.0
539872,3671.0,3671000.0
90047,3654.0,3654000.0
363442,3645.0,3645000.0
270353,3641.0,3641000.0
375379,3597.0,3597000.0
694146,3561.0,3561000.0
70955,3551.0,3551000.0
472250,3549.0,3549000.0
509857,3521.0,3521000.0
350657,3487.0,3487000.0
425050,3474.0,3474000.0
630041,3329.0,3329000.0
994770,3325.0,3325000.0
92902,3325.0,3325000.0
768476,3304.0,3304000.0
288152,3276.0,3276000.0
818559,3228.0,3228000.0
915935,3210.0,3210000.0
783349,3157.0,3157000.0
706450,3151.0,3151000.0
794653,3091.0,3091000.0
33370,3081.0,3081000.0
2337335,3055.0,3055000.0
418436,3044.0,3044000.0
424437,3022.0,3022000.0
3268173,2983.0,2983000.0
959630,2960.0,2960000.0
981350,2942.0,2942000.0
514057,2923.0,2923000.0
177555,2918.0,2918000.0
731957,2832.0,2832000.0
2877484,2766.0,2766000.0
918776,2733.0,2733000.0
441470,2728.0,2728000.0
490955,2723.0,2723000.0
811457,2695.0,2695000.0
885579,2622.0,2622000.0
838155,2620.0,2620000.0
577230,2589.0,2589000.0
652959,2477.0,2477000.0
469250,2464.0,2464000.0
943152,2397.0,2397000.0
295646,2362.0,2362000.0
604033,2360.0,2360000.0
836656,2328.0,2328000.0
910079,2296.0,2296000.0
273859,2259.0,2259000.0
67254,2246.0,2246000.0
274025,2242.0,2242000.0
971379,2210.0,2210000.0
225942,2182.0,2182000.0
921936,2141.0,2141000.0
855303,2094.0,2094000.0
185251,2045.0,2045000.0
857811,1994.0,1994000.0
976954,1990.0,1990000.0
286251,1964.0,1964000.0
602842,1848.0,1848000.0
384353,1809.0,1809000.0
991854,1763.0,1763000.0
799939,1539.0,1539000.0
767246,1493.0,1493000.0
596277,1473.0,1473000.0
226949,1458.0,1458000.0
140634,1455.0,1455000.0
78559,1393.0,1393000.0
289225,1382.0,1382000.0
480330,1298.0,1298000.0
403254,1060.0,1060000.0
32234,911.0,911000.0
21256,890.0,890000.0
382274,112.0,112000.0
3153233,-1774.0,-1774000.0
373601,-7010.0,-7010000.0
