rssd_id,ndfi_loans_total,ndfi_loans_total_usd,bank_name,quarter_end
1000276,360.0,360000.0,PITTSFIELD CO-OPERATIVE BANK,2025-06-30
1000276,197.0,197000.0,PITTSFIELD CO-OPERATIVE BANK,2025-09-30
1000276,264.0,264000.0,PITTSFIELD CO-OPERATIVE BANK,2025-12-31
1000276,1282.0,1282000.0,PITTSFIELD CO-OPERATIVE BANK,2026-03-31
1001152,1.0,1000.0,INTERNATIONAL BANK OF COMMERCE,2025-06-30
1001152,1.0,1000.0,INTERNATIONAL BANK OF COMMERCE,2025-09-30
1001648,8775.0,8775000.0,CARROLLTON BANK,2025-06-30
1001648,8550.0,8550000.0,CARROLLTON BANK,2025-09-30
1001648,8325.0,8325000.0,CARROLLTON BANK,2025-12-31
1001648,7875.0,7875000.0,CARROLLTON BANK,2026-03-31
1002878,40000.0,40000000.0,NORTHWEST BANK,2025-09-30
1002878,40000.0,40000000.0,NORTHWEST BANK,2025-12-31
1002878,40000.0,40000000.0,NORTHWEST BANK,2026-03-31
1003839,1000.0,1000000.0,M C BANK & TRUST COMPANY,2025-06-30
1003839,1000.0,1000000.0,M C BANK & TRUST COMPANY,2025-09-30
1003839,1000.0,1000000.0,M C BANK & TRUST COMPANY,2025-12-31
1003839,2750.0,2750000.0,M C BANK & TRUST COMPANY,2026-03-31
1006157,2.0,2000.0,FARMERS STATE BANK OF HAMEL,2025-09-30
1007015,2420.0,2420000.0,CENTRAL BANK & TRUST COMPANY,2025-06-30
1007015,2341.0,2341000.0,CENTRAL BANK & TRUST COMPANY,2025-09-30
1007015,2261.0,2261000.0,CENTRAL BANK & TRUST COMPANY,2025-12-31
1007015,2153.0,2153000.0,CENTRAL BANK & TRUST COMPANY,2026-03-31
100843,4655.0,4655000.0,FNBC BANK,2025-06-30
100843,4655.0,4655000.0,FNBC BANK,2025-09-30
100843,4655.0,4655000.0,FNBC BANK,2025-12-31
100843,4655.0,4655000.0,FNBC BANK,2026-03-31
1013744,6743.0,6743000.0,CAPRA BANK,2025-12-31
1013744,13811.0,13811000.0,CAPRA BANK,2026-03-31
1014125,593.0,593000.0,"POTOMAC BANK, INC.",2026-03-31
1014853,4787.0,4787000.0,CITIZENS BANK OF KANSAS,2025-06-30
1014853,4505.0,4505000.0,CITIZENS BANK OF KANSAS,2025-09-30
1014853,3672.0,3672000.0,CITIZENS BANK OF KANSAS,2025-12-31
1014853,3457.0,3457000.0,CITIZENS BANK OF KANSAS,2026-03-31
1015252,8342.0,8342000.0,LEA COUNTY STATE BANK,2025-06-30
1015252,8865.0,8865000.0,LEA COUNTY STATE BANK,2025-09-30
1015252,9138.0,9138000.0,LEA COUNTY STATE BANK,2025-12-31
1015252,9145.0,9145000.0,LEA COUNTY STATE BANK,2026-03-31
1015560,4350.0,4350000.0,"INDUSTRIAL AND COMMERCIAL BANK OF CHINA (USA), NATIONAL ASSOCIATION",2025-06-30
1015560,4615.0,4615000.0,"INDUSTRIAL AND COMMERCIAL BANK OF CHINA (USA), NATIONAL ASSOCIATION",2025-09-30
1015560,4551.0,4551000.0,"INDUSTRIAL AND COMMERCIAL BANK OF CHINA (USA), NATIONAL ASSOCIATION",2025-12-31
1015560,4579.0,4579000.0,"INDUSTRIAL AND COMMERCIAL BANK OF CHINA (USA), NATIONAL ASSOCIATION",2026-03-31
1016857,3392.0,3392000.0,CITIZENS BANK OF LAS CRUCES,2025-06-30
1016857,4240.0,4240000.0,CITIZENS BANK OF LAS CRUCES,2025-09-30
1016857,4240.0,4240000.0,CITIZENS BANK OF LAS CRUCES,2025-12-31
1016857,1600.0,1600000.0,CITIZENS BANK OF LAS CRUCES,2026-03-31
1017425,1538.0,1538000.0,"KILLBUCK SAVINGS BANK COMPANY, THE",2025-06-30
1017425,1461.0,1461000.0,"KILLBUCK SAVINGS BANK COMPANY, THE",2025-09-30
1017425,1384.0,1384000.0,"KILLBUCK SAVINGS BANK COMPANY, THE",2025-12-31
1017425,538.0,538000.0,"KILLBUCK SAVINGS BANK COMPANY, THE",2026-03-31
1017555,512.0,512000.0,FIRST COMMUNITY BANK,2025-06-30
1017555,487.0,487000.0,FIRST COMMUNITY BANK,2025-09-30
1017555,540.0,540000.0,FIRST COMMUNITY BANK,2025-12-31
1017939,4769.0,4769000.0,UNITED COMMUNITY BANK,2025-06-30
1017939,5859.0,5859000.0,UNITED COMMUNITY BANK,2025-09-30
1017939,58984.0,58984000.0,UNITED COMMUNITY BANK,2025-12-31
1017939,99322.0,99322000.0,UNITED COMMUNITY BANK,2026-03-31
1018927,32893.0,32893000.0,1ST SECURITY BANK OF WASHINGTON,2025-06-30
1018927,29565.0,29565000.0,1ST SECURITY BANK OF WASHINGTON,2025-09-30
1018927,38488.0,38488000.0,1ST SECURITY BANK OF WASHINGTON,2025-12-31
1018927,26075.0,26075000.0,1ST SECURITY BANK OF WASHINGTON,2026-03-31
106359,257.0,257000.0,FIRST FIDELITY BANK,2026-03-31
107244,3163310.0,3163310000.0,BANK OZK,2025-06-30
107244,2586860.0,2586860000.0,BANK OZK,2025-09-30
107244,2742514.0,2742514000.0,BANK OZK,2025-12-31
107244,3057519.0,3057519000.0,BANK OZK,2026-03-31
112510,364.0,364000.0,"BALTIC STATE BANK, THE",2025-06-30
112510,360.0,360000.0,"BALTIC STATE BANK, THE",2025-09-30
112510,357.0,357000.0,"BALTIC STATE BANK, THE",2025-12-31
112510,354.0,354000.0,"BALTIC STATE BANK, THE",2026-03-31
112837,35352560.0,35352560000.0,"CAPITAL ONE, NATIONAL ASSOCIATION",2025-06-30
112837,35923735.0,35923735000.0,"CAPITAL ONE, NATIONAL ASSOCIATION",2025-09-30
112837,36841667.0,36841667000.0,"CAPITAL ONE, NATIONAL ASSOCIATION",2025-12-31
112837,37544000.0,37544000000.0,"CAPITAL ONE, NATIONAL ASSOCIATION",2026-03-31
113441,657.0,657000.0,FARMERS STATE BANK,2025-06-30
113740,2606.0,2606000.0,FIRST STATE BANK,2025-06-30
113740,29912.0,29912000.0,FIRST STATE BANK,2025-09-30
113740,46167.0,46167000.0,FIRST STATE BANK,2025-12-31
113740,48686.0,48686000.0,FIRST STATE BANK,2026-03-31
11837,15.0,15000.0,"FARMERS BANK, THE",2025-06-30
1187551,12265.0,12265000.0,"INDEPENDENT CORRESPONDENT BANKERS' BANK, INC.",2025-06-30
1187551,14474.0,14474000.0,"INDEPENDENT CORRESPONDENT BANKERS' BANK, INC.",2025-09-30
1187551,13627.0,13627000.0,"INDEPENDENT CORRESPONDENT BANKERS' BANK, INC.",2025-12-31
1187551,15537.0,15537000.0,"INDEPENDENT CORRESPONDENT BANKERS' BANK, INC.",2026-03-31
1190476,153564.0,153564000.0,ENTERPRISE BANK & TRUST,2025-06-30
1190476,571920.0,571920000.0,ENTERPRISE BANK & TRUST,2025-09-30
1190476,634416.0,634416000.0,ENTERPRISE BANK & TRUST,2025-12-31
1190476,602593.0,602593000.0,ENTERPRISE BANK & TRUST,2026-03-31
1216022,75000.0,75000000.0,SYNCHRONY BANK,2025-06-30
1216022,75000.0,75000000.0,SYNCHRONY BANK,2025-09-30
1216022,73000.0,73000000.0,SYNCHRONY BANK,2025-12-31
1216022,71000.0,71000000.0,SYNCHRONY BANK,2026-03-31
121642,3296.0,3296000.0,BANKPLUS,2025-06-30
121642,3559.0,3559000.0,BANKPLUS,2025-09-30
121642,4595.0,4595000.0,BANKPLUS,2025-12-31
121642,5607.0,5607000.0,BANKPLUS,2026-03-31
121651,13730.0,13730000.0,JONESBORO STATE BANK,2025-06-30
121651,14200.0,14200000.0,JONESBORO STATE BANK,2025-09-30
121651,13200.0,13200000.0,JONESBORO STATE BANK,2025-12-31
121651,13150.0,13150000.0,JONESBORO STATE BANK,2026-03-31
1218446,24476.0,24476000.0,BANKERS' BANK OF KANSAS,2025-06-30
1218446,26645.0,26645000.0,BANKERS' BANK OF KANSAS,2025-09-30
1218446,31376.0,31376000.0,BANKERS' BANK OF KANSAS,2025-12-31
1218446,32040.0,32040000.0,BANKERS' BANK OF KANSAS,2026-03-31
1225752,2645.0,2645000.0,COMMERCIAL BANK,2025-12-31
1225752,3396.0,3396000.0,COMMERCIAL BANK,2026-03-31
12311,10400871.0,10400871000.0,"HUNTINGTON NATIONAL BANK, THE",2025-06-30
12311,11523007.0,11523007000.0,"HUNTINGTON NATIONAL BANK, THE",2025-09-30
12311,15320689.0,15320689000.0,"HUNTINGTON NATIONAL BANK, THE",2025-12-31
12311,16368218.0,16368218000.0,"HUNTINGTON NATIONAL BANK, THE",2026-03-31
125855,7250.0,7250000.0,SABINE STATE BANK AND TRUST COMPANY,2025-06-30
125855,7250.0,7250000.0,SABINE STATE BANK AND TRUST COMPANY,2025-09-30
125855,7250.0,7250000.0,SABINE STATE BANK AND TRUST COMPANY,2025-12-31
125855,7250.0,7250000.0,SABINE STATE BANK AND TRUST COMPANY,2026-03-31
128904,502112.0,502112000.0,EASTERN BANK,2025-06-30
128904,538905.0,538905000.0,EASTERN BANK,2025-09-30
128904,552756.0,552756000.0,EASTERN BANK,2025-12-31
128904,557267.0,557267000.0,EASTERN BANK,2026-03-31
129732,264738.0,264738000.0,BYLINE BANK,2025-06-30
129732,221280.0,221280000.0,BYLINE BANK,2025-09-30
129732,171904.0,171904000.0,BYLINE BANK,2025-12-31
129732,167721.0,167721000.0,BYLINE BANK,2026-03-31
130541,32436.0,32436000.0,HORIZON BANK,2025-06-30
130541,32242.0,32242000.0,HORIZON BANK,2025-09-30
130541,108731.0,108731000.0,HORIZON BANK,2025-12-31
130541,150152.0,150152000.0,HORIZON BANK,2026-03-31
132107,8104.0,8104000.0,ANDROSCOGGIN SAVINGS BANK,2025-06-30
132107,7923.0,7923000.0,ANDROSCOGGIN SAVINGS BANK,2025-09-30
132107,7883.0,7883000.0,ANDROSCOGGIN SAVINGS BANK,2025-12-31
132107,8779.0,8779000.0,ANDROSCOGGIN SAVINGS BANK,2026-03-31
132938,954.0,954000.0,PLANTERS AND CITIZENS BANK,2025-06-30
132938,1254.0,1254000.0,PLANTERS AND CITIZENS BANK,2025-09-30
132938,1415.0,1415000.0,PLANTERS AND CITIZENS BANK,2025-12-31
132938,1313.0,1313000.0,PLANTERS AND CITIZENS BANK,2026-03-31
133850,500.0,500000.0,FIRST CITIZENS NATIONAL BANK,2025-06-30
133850,500.0,500000.0,FIRST CITIZENS NATIONAL BANK,2025-09-30
136338,160.0,160000.0,MERCHANTS & FARMERS BANK & TRUST COMPANY,2025-12-31
136338,191.0,191000.0,MERCHANTS & FARMERS BANK & TRUST COMPANY,2026-03-31
137643,6376.0,6376000.0,WEST IOWA BANK,2025-06-30
137643,6230.0,6230000.0,WEST IOWA BANK,2025-09-30
137643,6618.0,6618000.0,WEST IOWA BANK,2025-12-31
137643,4369.0,4369000.0,WEST IOWA BANK,2026-03-31
137652,48945.0,48945000.0,UNIVERSITY BANK,2025-09-30
137652,48126.0,48126000.0,UNIVERSITY BANK,2025-12-31
137652,44723.0,44723000.0,UNIVERSITY BANK,2026-03-31
137915,620360.0,620360000.0,EMIGRANT BANK,2025-06-30
137915,561594.0,561594000.0,EMIGRANT BANK,2025-09-30
137915,528632.0,528632000.0,EMIGRANT BANK,2025-12-31
137915,489883.0,489883000.0,EMIGRANT BANK,2026-03-31
1386251,3663.0,3663000.0,BANCFIRST,2025-06-30
1386251,2663.0,2663000.0,BANCFIRST,2025-09-30
1386251,2663.0,2663000.0,BANCFIRST,2025-12-31
1386251,3063.0,3063000.0,BANCFIRST,2026-03-31
1394676,1356610.0,1356610000.0,AMERICAN EXPRESS NATIONAL BANK,2025-06-30
1394676,1451279.0,1451279000.0,AMERICAN EXPRESS NATIONAL BANK,2025-09-30
1394676,1540337.0,1540337000.0,AMERICAN EXPRESS NATIONAL BANK,2025-12-31
1394676,1620493.0,1620493000.0,AMERICAN EXPRESS NATIONAL BANK,2026-03-31
140362,147959.0,147959000.0,SUNWEST BANK,2025-06-30
140362,61051.0,61051000.0,SUNWEST BANK,2025-09-30
140362,89650.0,89650000.0,SUNWEST BANK,2025-12-31
140362,74632.0,74632000.0,SUNWEST BANK,2026-03-31
141350,750.0,750000.0,"FIRST STATE BANK, THE",2025-06-30
141350,750.0,750000.0,"FIRST STATE BANK, THE",2025-09-30
141350,750.0,750000.0,"FIRST STATE BANK, THE",2025-12-31
141350,750.0,750000.0,"FIRST STATE BANK, THE",2026-03-31
141556,68245.0,68245000.0,STEARNS BANK NATIONAL ASSOCIATION,2025-06-30
141556,80973.0,80973000.0,STEARNS BANK NATIONAL ASSOCIATION,2025-09-30
141556,86419.0,86419000.0,STEARNS BANK NATIONAL ASSOCIATION,2025-12-31
141556,76092.0,76092000.0,STEARNS BANK NATIONAL ASSOCIATION,2026-03-31
1436204,21824.0,21824000.0,BANK OF MARIN,2025-06-30
1436204,19246.0,19246000.0,BANK OF MARIN,2025-09-30
1436204,16514.0,16514000.0,BANK OF MARIN,2025-12-31
1436204,14407.0,14407000.0,BANK OF MARIN,2026-03-31
143662,407898.0,407898000.0,UMPQUA BANK,2025-06-30
143662,495948.0,495948000.0,COLUMBIA BANK,2025-09-30
143662,444930.0,444930000.0,COLUMBIA BANK,2025-12-31
143662,938162.0,938162000.0,COLUMBIA BANK,2026-03-31
143859,2100.0,2100000.0,NEBRASKA BANK,2025-06-30
143859,750.0,750000.0,NEBRASKA BANK,2026-03-31
143952,750.0,750000.0,PILLAR BANK,2025-06-30
143952,750.0,750000.0,PILLAR BANK,2025-09-30
143952,750.0,750000.0,PILLAR BANK,2025-12-31
143952,750.0,750000.0,PILLAR BANK,2026-03-31
1447639,87412.0,87412000.0,WESTSTAR BANK,2025-06-30
1447639,78161.0,78161000.0,WESTSTAR BANK,2025-09-30
1447639,90926.0,90926000.0,WESTSTAR BANK,2025-12-31
1447639,76056.0,76056000.0,WESTSTAR BANK,2026-03-31
1456501,64030000.0,64030000000.0,"MORGAN STANLEY BANK, N.A.",2025-06-30
1456501,68423000.0,68423000000.0,"MORGAN STANLEY BANK, N.A.",2025-09-30
1456501,75824000.0,75824000000.0,"MORGAN STANLEY BANK, N.A.",2025-12-31
1456501,78280000.0,78280000000.0,"MORGAN STANLEY BANK, N.A.",2026-03-31
1469677,4787.0,4787000.0,"HERITAGE BANK, INC.",2025-06-30
1469677,4812.0,4812000.0,"HERITAGE BANK, INC.",2025-09-30
1469677,4370.0,4370000.0,"HERITAGE BANK, INC.",2025-12-31
1469677,4602.0,4602000.0,"HERITAGE BANK, INC.",2026-03-31
149150,779.0,779000.0,CITIZENS STATE BANK,2025-06-30
149150,706.0,706000.0,CITIZENS STATE BANK,2025-09-30
149150,621.0,621000.0,CITIZENS STATE BANK,2025-12-31
149150,546.0,546000.0,CITIZENS STATE BANK,2026-03-31
1492817,402.0,402000.0,FIRST KANSAS BANK,2025-06-30
1492817,377.0,377000.0,FIRST KANSAS BANK,2025-09-30
1492817,352.0,352000.0,FIRST KANSAS BANK,2025-12-31
1492817,327.0,327000.0,FIRST KANSAS BANK,2026-03-31
150035,1864.0,1864000.0,FIRST FARMERS AND MERCHANTS BANK,2025-06-30
150035,1826.0,1826000.0,FIRST FARMERS AND MERCHANTS BANK,2025-09-30
150035,1837.0,1837000.0,FIRST FARMERS AND MERCHANTS BANK,2025-12-31
150035,1798.0,1798000.0,FIRST FARMERS AND MERCHANTS BANK,2026-03-31
150727,1864.0,1864000.0,"RICHWOOD BANKING COMPANY, INC., THE",2025-06-30
150727,1870.0,1870000.0,"RICHWOOD BANKING COMPANY, INC., THE",2025-09-30
154770,118198.0,118198000.0,MUTUALONE BANK,2026-03-31
160959,9715.0,9715000.0,KS STATEBANK,2025-06-30
160959,20410.0,20410000.0,KS STATEBANK,2025-09-30
160959,19829.0,19829000.0,KS STATEBANK,2025-12-31
160959,19625.0,19625000.0,KS STATEBANK,2026-03-31
162337,397.0,397000.0,CITIZENS TRI-COUNTY BANK,2025-06-30
162337,382.0,382000.0,CITIZENS TRI-COUNTY BANK,2025-09-30
162337,364.0,364000.0,CITIZENS TRI-COUNTY BANK,2025-12-31
162337,345.0,345000.0,CITIZENS TRI-COUNTY BANK,2026-03-31
163857,9228.0,9228000.0,F&M BANK,2025-06-30
163857,8421.0,8421000.0,F&M BANK,2025-09-30
163857,8370.0,8370000.0,F&M BANK,2025-12-31
163857,8902.0,8902000.0,F&M BANK,2026-03-31
165628,517660.0,517660000.0,FIRST FINANCIAL BANK,2025-06-30
165628,434142.0,434142000.0,FIRST FINANCIAL BANK,2025-09-30
165628,461097.0,461097000.0,FIRST FINANCIAL BANK,2025-12-31
165628,433557.0,433557000.0,FIRST FINANCIAL BANK,2026-03-31
167453,1000.0,1000000.0,BLUFF VIEW BANK,2025-06-30
167453,1000.0,1000000.0,BLUFF VIEW BANK,2025-09-30
167453,1000.0,1000000.0,BLUFF VIEW BANK,2025-12-31
167453,1000.0,1000000.0,BLUFF VIEW BANK,2026-03-31
169653,268618.0,268618000.0,FIRST BANK,2025-06-30
169653,294590.0,294590000.0,FIRST BANK,2025-09-30
169653,308162.0,308162000.0,FIRST BANK,2025-12-31
169653,419870.0,419870000.0,FIRST BANK,2026-03-31
17147,66385.0,66385000.0,FIRST MERCHANTS BANK,2025-06-30
17147,53948.0,53948000.0,FIRST MERCHANTS BANK,2025-09-30
17147,256212.0,256212000.0,FIRST MERCHANTS BANK,2025-12-31
17147,266592.0,266592000.0,FIRST MERCHANTS BANK,2026-03-31
171768,181176.0,181176000.0,"SOUTHSTAR BANK, S.S.B.",2025-06-30
171768,174146.0,174146000.0,"SOUTHSTAR BANK, S.S.B.",2025-09-30
171768,191064.0,191064000.0,"SOUTHSTAR BANK, S.S.B.",2025-12-31
171768,199560.0,199560000.0,"SOUTHSTAR BANK, S.S.B.",2026-03-31
1718469,62228.0,62228000.0,COLORADO FEDERAL SAVINGS BANK,2025-06-30
1718469,91979.0,91979000.0,COLORADO FEDERAL SAVINGS BANK,2025-09-30
1718469,85997.0,85997000.0,COLORADO FEDERAL SAVINGS BANK,2025-12-31
1718469,97009.0,97009000.0,COLORADO FEDERAL SAVINGS BANK,2026-03-31
172457,3000.0,3000000.0,"CITIZENS BANK OF EDMOND, THE",2025-06-30
172457,3000.0,3000000.0,"CITIZENS BANK OF EDMOND, THE",2025-09-30
172457,2971.0,2971000.0,"CITIZENS BANK OF EDMOND, THE",2025-12-31
172457,3000.0,3000000.0,"CITIZENS BANK OF EDMOND, THE",2026-03-31
173306,1770.0,1770000.0,NATIONAL BANK OF MIDDLEBURY,2025-06-30
173306,2107.0,2107000.0,NATIONAL BANK OF MIDDLEBURY,2025-09-30
173306,1706.0,1706000.0,NATIONAL BANK OF MIDDLEBURY,2025-12-31
173306,1505.0,1505000.0,NATIONAL BANK OF MIDDLEBURY,2026-03-31
176325,619.0,619000.0,FARMERS & MERCHANTS BANK,2025-06-30
176325,588.0,588000.0,FARMERS & MERCHANTS BANK,2025-09-30
176325,248.0,248000.0,FARMERS & MERCHANTS BANK,2025-12-31
176325,217.0,217000.0,FARMERS & MERCHANTS BANK,2026-03-31
176464,18622.0,18622000.0,ALLIANCE BANK,2025-06-30
176464,17195.0,17195000.0,ALLIANCE BANK,2025-09-30
176464,14552.0,14552000.0,ALLIANCE BANK,2025-12-31
176464,19905.0,19905000.0,ALLIANCE BANK,2026-03-31
177920,739.0,739000.0,"MIDDLEFIELD BANKING COMPANY, THE",2025-06-30
177920,628.0,628000.0,"MIDDLEFIELD BANKING COMPANY, THE",2025-09-30
177920,511.0,511000.0,"MIDDLEFIELD BANKING COMPANY, THE",2025-12-31
1842065,7654563.0,7654563000.0,CIBC BANK USA,2025-06-30
1842065,7666168.0,7666168000.0,CIBC BANK USA,2025-09-30
1842065,8205612.0,8205612000.0,CIBC BANK USA,2025-12-31
1842065,8606867.0,8606867000.0,CIBC BANK USA,2026-03-31
186221,1808.0,1808000.0,"OLD POINT NATIONAL BANK OF PHOEBUS, THE",2025-06-30
186744,5592.0,5592000.0,FIRST CITIZENS BANK,2025-06-30
186744,553.0,553000.0,FIRST CITIZENS BANK,2025-09-30
186744,478.0,478000.0,FIRST CITIZENS BANK,2025-12-31
186744,386.0,386000.0,FIRST CITIZENS BANK,2026-03-31
187947,231.0,231000.0,BANK IOWA,2025-06-30
187947,226.0,226000.0,BANK IOWA,2025-09-30
187947,221.0,221000.0,BANK IOWA,2025-12-31
187947,216.0,216000.0,BANK IOWA,2026-03-31
18827,17.0,17000.0,"NEXTIER BANK, NA",2025-06-30
18827,298.0,298000.0,"NEXTIER BANK, NA",2025-09-30
188430,43534.0,43534000.0,"FLORIDA CAPITAL BANK, N.A.",2025-06-30
188430,46079.0,46079000.0,"FLORIDA CAPITAL BANK, N.A.",2025-09-30
188430,45896.0,45896000.0,"FLORIDA CAPITAL BANK, N.A.",2025-12-31
188430,44493.0,44493000.0,"FLORIDA CAPITAL BANK, N.A.",2026-03-31
1885932,5074.0,5074000.0,CRESCENT BANK,2025-12-31
1885932,195210.0,195210000.0,CRESCENT BANK,2026-03-31
1917301,126934.0,126934000.0,"LAKE FOREST BANK & TRUST COMPANY, NATIONAL ASSOCIATION",2025-06-30
1917301,305493.0,305493000.0,"LAKE FOREST BANK & TRUST COMPANY, NATIONAL ASSOCIATION",2025-09-30
1917301,360799.0,360799000.0,"LAKE FOREST BANK & TRUST COMPANY, NATIONAL ASSOCIATION",2025-12-31
1917301,326750.0,326750000.0,"LAKE FOREST BANK & TRUST COMPANY, NATIONAL ASSOCIATION",2026-03-31
192857,750.0,750000.0,PANHANDLE FIRST BANK,2025-06-30
192857,750.0,750000.0,PANHANDLE FIRST BANK,2025-09-30
192857,750.0,750000.0,PANHANDLE FIRST BANK,2025-12-31
192857,750.0,750000.0,PANHANDLE FIRST BANK,2026-03-31
1929247,616541.0,616541000.0,"SOUTHSTATE BANK, N.A.",2025-06-30
1929247,689066.0,689066000.0,"SOUTHSTATE BANK, N.A.",2025-09-30
1929247,760369.0,760369000.0,"SOUTHSTATE BANK, N.A.",2025-12-31
1929247,857557.0,857557000.0,"SOUTHSTATE BANK, N.A.",2026-03-31
197478,5999873.0,5999873000.0,EAST WEST BANK,2025-06-30
197478,6150942.0,6150942000.0,EAST WEST BANK,2025-09-30
197478,6246257.0,6246257000.0,EAST WEST BANK,2025-12-31
197478,6677826.0,6677826000.0,EAST WEST BANK,2026-03-31
202514,2928.0,2928000.0,"CUMBERLAND SECURITY BANK, INC.",2025-06-30
202514,2928.0,2928000.0,"CUMBERLAND SECURITY BANK, INC.",2025-09-30
202514,2562.0,2562000.0,"CUMBERLAND SECURITY BANK, INC.",2025-12-31
202514,2562.0,2562000.0,"CUMBERLAND SECURITY BANK, INC.",2026-03-31
202907,21154.0,21154000.0,"COMMUNITY BANK, NATIONAL ASSOCIATION",2025-06-30
202907,22841.0,22841000.0,"COMMUNITY BANK, NATIONAL ASSOCIATION",2025-09-30
202907,26767.0,26767000.0,"COMMUNITY BANK, NATIONAL ASSOCIATION",2025-12-31
202907,26653.0,26653000.0,"COMMUNITY BANK, NATIONAL ASSOCIATION",2026-03-31
2037185,5859.0,5859000.0,FIRST COMMUNITY BANK OF EAST TENNESSEE,2025-06-30
2037185,5362.0,5362000.0,FIRST COMMUNITY BANK OF EAST TENNESSEE,2025-09-30
204004,240134.0,240134000.0,PROVIDENT BANK,2025-06-30
204004,292396.0,292396000.0,PROVIDENT BANK,2025-09-30
204004,357051.0,357051000.0,PROVIDENT BANK,2025-12-31
204004,334829.0,334829000.0,PROVIDENT BANK,2026-03-31
2044811,42407.0,42407000.0,"WHEATON BANK & TRUST COMPANY, NATIONAL ASSOCIATION",2025-06-30
2044811,92884.0,92884000.0,"WHEATON BANK & TRUST COMPANY, NATIONAL ASSOCIATION",2025-09-30
2044811,109928.0,109928000.0,"WHEATON BANK & TRUST COMPANY, NATIONAL ASSOCIATION",2025-12-31
2044811,126738.0,126738000.0,"WHEATON BANK & TRUST COMPANY, NATIONAL ASSOCIATION",2026-03-31
204826,4235.0,4235000.0,FIRST NATIONAL BANK IN NEW BREMEN,2025-06-30
204826,4156.0,4156000.0,FIRST NATIONAL BANK IN NEW BREMEN,2025-09-30
204826,4075.0,4075000.0,FIRST NATIONAL BANK IN NEW BREMEN,2025-12-31
204826,3991.0,3991000.0,FIRST NATIONAL BANK IN NEW BREMEN,2026-03-31
207050,19211.0,19211000.0,WEST GATE BANK,2025-06-30
207050,19211.0,19211000.0,WEST GATE BANK,2025-09-30
207050,20960.0,20960000.0,WEST GATE BANK,2025-12-31
207050,22079.0,22079000.0,WEST GATE BANK,2026-03-31
208244,124766.0,124766000.0,OLD NATIONAL BANK,2025-06-30
208244,144374.0,144374000.0,OLD NATIONAL BANK,2025-09-30
208244,309254.0,309254000.0,OLD NATIONAL BANK,2025-12-31
208244,609042.0,609042000.0,OLD NATIONAL BANK,2026-03-31
208347,557.0,557000.0,BENTON STATE BANK,2025-06-30
208347,1111.0,1111000.0,BENTON STATE BANK,2025-09-30
208347,433.0,433000.0,CONSERVATION FIRST BANK,2025-12-31
208347,782.0,782000.0,CONSERVATION FIRST BANK,2026-03-31
210434,3480532.0,3480532000.0,"NORTHERN TRUST COMPANY, THE",2025-06-30
210434,4040425.0,4040425000.0,"NORTHERN TRUST COMPANY, THE",2025-09-30
210434,3775022.0,3775022000.0,"NORTHERN TRUST COMPANY, THE",2025-12-31
210434,5029002.0,5029002000.0,"NORTHERN TRUST COMPANY, THE",2026-03-31
2119773,483040.0,483040000.0,"HINSDALE BANK & TRUST COMPANY, NATIONAL ASSOCIATION",2025-06-30
2119773,543747.0,543747000.0,"HINSDALE BANK & TRUST COMPANY, NATIONAL ASSOCIATION",2025-09-30
2119773,603844.0,603844000.0,"HINSDALE BANK & TRUST COMPANY, NATIONAL ASSOCIATION",2025-12-31
2119773,667240.0,667240000.0,"HINSDALE BANK & TRUST COMPANY, NATIONAL ASSOCIATION",2026-03-31
2121196,27194.0,27194000.0,"TD BANK USA, NATIONAL ASSOCIATION",2025-06-30
2121196,40179.0,40179000.0,"TD BANK USA, NATIONAL ASSOCIATION",2025-09-30
2121196,40328.0,40328000.0,"TD BANK USA, NATIONAL ASSOCIATION",2025-12-31
2121196,40214.0,40214000.0,"TD BANK USA, NATIONAL ASSOCIATION",2026-03-31
213538,221.0,221000.0,BANK OF ABBEVILLE & TRUST COMPANY,2026-03-31
2140348,700.0,700000.0,"SERVBANK, NATIONAL ASSOCIATION",2025-09-30
2142155,85253.0,85253000.0,QUAD CITY BANK AND TRUST COMPANY,2025-06-30
2142155,86001.0,86001000.0,QUAD CITY BANK AND TRUST COMPANY,2025-09-30
2142155,80614.0,80614000.0,QUAD CITY BANK AND TRUST COMPANY,2025-12-31
2142155,74088.0,74088000.0,QUAD CITY BANK AND TRUST COMPANY,2026-03-31
214807,168000.0,168000000.0,DEUTSCHE BANK TRUST COMPANY AMERICAS,2025-06-30
214807,371000.0,371000000.0,DEUTSCHE BANK TRUST COMPANY AMERICAS,2025-09-30
214807,359000.0,359000000.0,DEUTSCHE BANK TRUST COMPANY AMERICAS,2025-12-31
214807,366000.0,366000000.0,DEUTSCHE BANK TRUST COMPANY AMERICAS,2026-03-31
215710,6610.0,6610000.0,"JUNIATA VALLEY BANK, THE",2025-06-30
215710,5433.0,5433000.0,"JUNIATA VALLEY BANK, THE",2025-09-30
215710,4456.0,4456000.0,"JUNIATA VALLEY BANK, THE",2025-12-31
215710,6330.0,6330000.0,"JUNIATA VALLEY BANK, THE",2026-03-31
216922,3407.0,3407000.0,FIRST BANK,2025-06-30
216922,4030.0,4030000.0,FIRST BANK,2025-09-30
216922,3380.0,3380000.0,FIRST BANK,2025-12-31
216922,5119.0,5119000.0,FIRST BANK,2026-03-31
2182786,103846000.0,103846000000.0,GOLDMAN SACHS BANK USA,2025-06-30
2182786,107264000.0,107264000000.0,GOLDMAN SACHS BANK USA,2025-09-30
2182786,117409000.0,117409000000.0,GOLDMAN SACHS BANK USA,2025-12-31
2182786,122334000.0,122334000000.0,GOLDMAN SACHS BANK USA,2026-03-31
2193616,3421626.0,3421626000.0,RAYMOND JAMES BANK,2025-06-30
2193616,3636118.0,3636118000.0,RAYMOND JAMES BANK,2025-09-30
2193616,3975253.0,3975253000.0,RAYMOND JAMES BANK,2025-12-31
2193616,3845501.0,3845501000.0,RAYMOND JAMES BANK,2026-03-31
220844,10500.0,10500000.0,DENVER SAVINGS BANK,2025-06-30
220844,11998.0,11998000.0,DENVER SAVINGS BANK,2025-09-30
220844,11500.0,11500000.0,DENVER SAVINGS BANK,2025-12-31
220844,10250.0,10250000.0,DENVER SAVINGS BANK,2026-03-31
2209553,12065.0,12065000.0,HERITAGE BANK OF COMMERCE,2025-09-30
2209553,7453.0,7453000.0,HERITAGE BANK OF COMMERCE,2025-12-31
2209553,5741.0,5741000.0,HERITAGE BANK OF COMMERCE,2026-03-31
2232757,283.0,283000.0,CHARLEVOIX STATE BANK,2025-06-30
2232757,281.0,281000.0,CHARLEVOIX STATE BANK,2025-09-30
2232757,278.0,278000.0,CHARLEVOIX STATE BANK,2025-12-31
2232757,275.0,275000.0,CHARLEVOIX STATE BANK,2026-03-31
223322,7.0,7000.0,"FIRST BANK AND TRUST COMPANY, THE",2025-12-31
223322,90.0,90000.0,"FIRST BANK AND TRUST COMPANY, THE",2026-03-31
2236821,23.0,23000.0,"PATRIOT BANK, NATIONAL ASSOCIATION",2025-09-30
2236821,17.0,17000.0,"PATRIOT BANK, NATIONAL ASSOCIATION",2025-12-31
2239288,121162.0,121162000.0,"WINTRUST BANK, NATIONAL ASSOCIATION",2025-06-30
2239288,425901.0,425901000.0,"WINTRUST BANK, NATIONAL ASSOCIATION",2025-09-30
2239288,450560.0,450560000.0,"WINTRUST BANK, NATIONAL ASSOCIATION",2025-12-31
2239288,446010.0,446010000.0,"WINTRUST BANK, NATIONAL ASSOCIATION",2026-03-31
228000,37.0,37000.0,FRANKLIN SAVINGS BANK,2025-06-30
228000,36.0,36000.0,FRANKLIN SAVINGS BANK,2025-09-30
228000,33.0,33000.0,FRANKLIN SAVINGS BANK,2025-12-31
228000,31.0,31000.0,FRANKLIN SAVINGS BANK,2026-03-31
229342,3250.0,3250000.0,STATE BANK & TRUST CO.,2025-06-30
229342,3192.0,3192000.0,STATE BANK & TRUST CO.,2025-09-30
229342,3132.0,3132000.0,STATE BANK & TRUST CO.,2025-12-31
229342,3071.0,3071000.0,STATE BANK & TRUST CO.,2026-03-31
229801,828434.0,828434000.0,VALLEY NATIONAL BANK,2025-06-30
229801,803430.0,803430000.0,VALLEY NATIONAL BANK,2025-09-30
229801,1371794.0,1371794000.0,VALLEY NATIONAL BANK,2025-12-31
229801,1343752.0,1343752000.0,VALLEY NATIONAL BANK,2026-03-31
2298995,28823.0,28823000.0,"VILLAGE BANK & TRUST, NATIONAL ASSOCIATION",2025-06-30
2298995,183918.0,183918000.0,"VILLAGE BANK & TRUST, NATIONAL ASSOCIATION",2025-09-30
2298995,223830.0,223830000.0,"VILLAGE BANK & TRUST, NATIONAL ASSOCIATION",2025-12-31
2298995,244198.0,244198000.0,"VILLAGE BANK & TRUST, NATIONAL ASSOCIATION",2026-03-31
229913,1543633.0,1543633000.0,MIZUHO BANK (USA),2025-06-30
229913,1641721.0,1641721000.0,MIZUHO BANK (USA),2025-09-30
229913,1333993.0,1333993000.0,MIZUHO BANK (USA),2025-12-31
229913,285374.0,285374000.0,MIZUHO BANK (USA),2026-03-31
2316714,74526.0,74526000.0,TIME BANK,2025-06-30
2316714,96293.0,96293000.0,TIME BANK,2025-09-30
2316714,95350.0,95350000.0,TIME BANK,2025-12-31
2316714,83543.0,83543000.0,TIME BANK,2026-03-31
233031,11527000.0,11527000000.0,REGIONS BANK,2025-06-30
233031,11519000.0,11519000000.0,REGIONS BANK,2025-09-30
233031,11912000.0,11912000000.0,REGIONS BANK,2025-12-31
233031,12831000.0,12831000000.0,REGIONS BANK,2026-03-31
2332910,10000.0,10000000.0,FIRST COMMERCIAL BANK (U.S.A),2026-03-31
2339795,843.0,843000.0,"LIBERTYVILLE BANK & TRUST COMPANY, NATIONAL ASSOCIATION",2025-06-30
2339795,66376.0,66376000.0,"LIBERTYVILLE BANK & TRUST COMPANY, NATIONAL ASSOCIATION",2025-09-30
2339795,108744.0,108744000.0,"LIBERTYVILLE BANK & TRUST COMPANY, NATIONAL ASSOCIATION",2025-12-31
2339795,73068.0,73068000.0,"LIBERTYVILLE BANK & TRUST COMPANY, NATIONAL ASSOCIATION",2026-03-31
23504,395018.0,395018000.0,DIME COMMUNITY BANK,2025-06-30
23504,442366.0,442366000.0,DIME COMMUNITY BANK,2025-09-30
23504,572750.0,572750000.0,DIME COMMUNITY BANK,2025-12-31
23504,628019.0,628019000.0,DIME COMMUNITY BANK,2026-03-31
2354985,5289124.0,5289124000.0,CUSTOMERS BANK,2025-06-30
2354985,5746681.0,5746681000.0,CUSTOMERS BANK,2025-09-30
2354985,5586855.0,5586855000.0,CUSTOMERS BANK,2025-12-31
2354985,6023028.0,6023028000.0,CUSTOMERS BANK,2026-03-31
236706,1175.0,1175000.0,PEAPACK PRIVATE BANK AND TRUST,2025-06-30
236706,7804.0,7804000.0,PEAPACK PRIVATE BANK AND TRUST,2025-09-30
236706,5663.0,5663000.0,PEAPACK PRIVATE BANK AND TRUST,2025-12-31
236706,7335.0,7335000.0,PEAPACK PRIVATE BANK AND TRUST,2026-03-31
2398701,10014.0,10014000.0,"MODERN BANK, NATIONAL ASSOCIATION",2025-06-30
2398701,10021.0,10021000.0,"MODERN BANK, NATIONAL ASSOCIATION",2025-09-30
2398701,10028.0,10028000.0,"MODERN BANK, NATIONAL ASSOCIATION",2025-12-31
2398701,23018.0,23018000.0,"MODERN BANK, NATIONAL ASSOCIATION",2026-03-31
242257,7154.0,7154000.0,PEOPLES SAVINGS BANK OF RHINELAND,2025-06-30
242257,7014.0,7014000.0,PEOPLES SAVINGS BANK OF RHINELAND,2025-09-30
242257,6753.0,6753000.0,PEOPLES SAVINGS BANK OF RHINELAND,2025-12-31
242257,683.0,683000.0,PSB BANK,2026-03-31
242976,14650.0,14650000.0,BAYVANGUARD BANK,2025-06-30
242976,23322.0,23322000.0,BAYVANGUARD BANK,2025-09-30
242976,17732.0,17732000.0,BAYVANGUARD BANK,2025-12-31
242976,11112.0,11112000.0,BAYVANGUARD BANK,2026-03-31
244037,1000.0,1000000.0,FRIEND BANK,2025-06-30
244037,1000.0,1000000.0,FRIEND BANK,2025-09-30
244037,1000.0,1000000.0,FRIEND BANK,2025-12-31
244037,1000.0,1000000.0,FRIEND BANK,2026-03-31
2451240,11500.0,11500000.0,PACIFIC COAST BANKERS' BANK,2025-12-31
2451240,11718.0,11718000.0,PACIFIC COAST BANKERS' BANK,2026-03-31
245276,197651.0,197651000.0,ORIENTAL BANK,2025-06-30
245276,194070.0,194070000.0,ORIENTAL BANK,2025-09-30
245276,176185.0,176185000.0,ORIENTAL BANK,2025-12-31
245276,200969.0,200969000.0,ORIENTAL BANK,2026-03-31
246947,200.0,200000.0,"FIRST NATIONAL BANK OF SPARTA, THE",2026-03-31
247140,200.0,200000.0,ONE COMMUNITY BANK,2025-06-30
247140,200.0,200000.0,ONE COMMUNITY BANK,2025-09-30
247140,200.0,200000.0,ONE COMMUNITY BANK,2025-12-31
247140,200.0,200000.0,ONE COMMUNITY BANK,2026-03-31
248240,4868.0,4868000.0,BANK OF SPRINGFIELD,2025-06-30
248240,4704.0,4704000.0,BANK OF SPRINGFIELD,2025-09-30
248240,4333.0,4333000.0,BANK OF SPRINGFIELD,2025-12-31
248240,4156.0,4156000.0,BANK OF SPRINGFIELD,2026-03-31
248745,4250.0,4250000.0,OOSTBURG STATE BANK,2025-12-31
248745,4250.0,4250000.0,OOSTBURG STATE BANK,2026-03-31
2489805,5298000.0,5298000000.0,"MORGAN STANLEY PRIVATE BANK, NATIONAL ASSOCIATION",2025-06-30
2489805,5607000.0,5607000000.0,"MORGAN STANLEY PRIVATE BANK, NATIONAL ASSOCIATION",2025-09-30
2489805,5796000.0,5796000000.0,"MORGAN STANLEY PRIVATE BANK, NATIONAL ASSOCIATION",2025-12-31
2489805,4848000.0,4848000000.0,"MORGAN STANLEY PRIVATE BANK, NATIONAL ASSOCIATION",2026-03-31
249612,2615006.0,2615006000.0,APPLE BANK,2025-06-30
249612,2946586.0,2946586000.0,APPLE BANK,2025-09-30
249612,3076938.0,3076938000.0,APPLE BANK,2025-12-31
249612,3226798.0,3226798000.0,APPLE BANK,2026-03-31
249658,500.0,500000.0,ROCKY MOUNTAIN BANK AND TRUST,2025-06-30
249658,500.0,500000.0,ROCKY MOUNTAIN BANK AND TRUST,2025-09-30
249658,500.0,500000.0,ROCKY MOUNTAIN BANK AND TRUST,2025-12-31
249658,500.0,500000.0,ROCKY MOUNTAIN BANK AND TRUST,2026-03-31
2497181,1889.0,1889000.0,"PLANTERS BANK, INC.",2025-06-30
2497181,1879.0,1879000.0,"PLANTERS BANK, INC.",2025-09-30
2497181,1717.0,1717000.0,"PLANTERS BANK, INC.",2025-12-31
2497181,1598.0,1598000.0,"PLANTERS BANK, INC.",2026-03-31
2508751,12641.0,12641000.0,"BARRINGTON BANK & TRUST COMPANY, NATIONAL ASSOCIATION",2025-06-30
2508751,68134.0,68134000.0,"BARRINGTON BANK & TRUST COMPANY, NATIONAL ASSOCIATION",2025-09-30
2508751,108895.0,108895000.0,"BARRINGTON BANK & TRUST COMPANY, NATIONAL ASSOCIATION",2025-12-31
2508751,118680.0,118680000.0,"BARRINGTON BANK & TRUST COMPANY, NATIONAL ASSOCIATION",2026-03-31
2515320,6971.0,6971000.0,FORTIS BANK,2025-06-30
2515320,11121.0,11121000.0,FORTIS BANK,2025-09-30
2515320,14375.0,14375000.0,FORTIS BANK,2025-12-31
2515320,14418.0,14418000.0,FORTIS BANK,2026-03-31
2529176,2363.0,2363000.0,SECURITY NATIONAL BANK OF SOUTH DAKOTA,2025-06-30
2529176,2306.0,2306000.0,SECURITY NATIONAL BANK OF SOUTH DAKOTA,2025-09-30
2529176,2250.0,2250000.0,SECURITY NATIONAL BANK OF SOUTH DAKOTA,2025-12-31
2529176,2194.0,2194000.0,SECURITY NATIONAL BANK OF SOUTH DAKOTA,2026-03-31
254849,33573.0,33573000.0,FIRST INDEPENDENCE BANK,2025-12-31
254849,32989.0,32989000.0,FIRST INDEPENDENCE BANK,2026-03-31
256058,5000.0,5000000.0,AMERICAN NATION BANK,2026-03-31
2562164,200.0,200000.0,COASTAL COMMUNITY BANK,2025-06-30
2562164,200.0,200000.0,COASTAL COMMUNITY BANK,2025-09-30
2562164,18214.0,18214000.0,COASTAL COMMUNITY BANK,2025-12-31
2562164,14809.0,14809000.0,COASTAL COMMUNITY BANK,2026-03-31
258771,15012.0,15012000.0,HOMESTREET BANK,2025-06-30
2608754,87982.0,87982000.0,MERCANTILE BANK,2025-12-31
2608754,96299.0,96299000.0,MERCANTILE BANK,2026-03-31
261146,2150.0,2150000.0,"MAGNOLIA BANK, INC",2025-06-30
261146,1815.0,1815000.0,"MAGNOLIA BANK, INC",2025-09-30
261146,1475.0,1475000.0,"MAGNOLIA BANK, INC",2025-12-31
261146,1608.0,1608000.0,"MAGNOLIA BANK, INC",2026-03-31
2618780,8528218.0,8528218000.0,TEXAS CAPITAL BANK,2025-06-30
2618780,8711993.0,8711993000.0,TEXAS CAPITAL BANK,2025-09-30
2618780,9255038.0,9255038000.0,TEXAS CAPITAL BANK,2025-12-31
2618780,10099304.0,10099304000.0,TEXAS CAPITAL BANK,2026-03-31
261940,3600.0,3600000.0,ANSTAFF BANK,2025-06-30
261940,3600.0,3600000.0,ANSTAFF BANK,2025-09-30
261940,3200.0,3200000.0,ANSTAFF BANK,2025-12-31
261940,3160.0,3160000.0,ANSTAFF BANK,2026-03-31
262059,8002.0,8002000.0,AVB BANK,2025-06-30
262059,2945.0,2945000.0,AVB BANK,2025-09-30
262059,4752.0,4752000.0,AVB BANK,2025-12-31
262059,6199.0,6199000.0,AVB BANK,2026-03-31
2624400,39297.0,39297000.0,"CRYSTAL LAKE BANK & TRUST COMPANY, NATIONAL ASSOCIATION",2025-06-30
2624400,64233.0,64233000.0,"CRYSTAL LAKE BANK & TRUST COMPANY, NATIONAL ASSOCIATION",2025-09-30
2624400,101676.0,101676000.0,"CRYSTAL LAKE BANK & TRUST COMPANY, NATIONAL ASSOCIATION",2025-12-31
2624400,57341.0,57341000.0,"CRYSTAL LAKE BANK & TRUST COMPANY, NATIONAL ASSOCIATION",2026-03-31
262741,4592.0,4592000.0,FARMERS BANK & TRUST COMPANY,2025-06-30
262741,4483.0,4483000.0,FARMERS BANK & TRUST COMPANY,2025-09-30
262741,5049.0,5049000.0,FARMERS BANK & TRUST COMPANY,2025-12-31
262741,5049.0,5049000.0,FARMERS BANK & TRUST COMPANY,2026-03-31
2631172,1372.0,1372000.0,STATE BANK FINANCIAL,2025-06-30
2631172,1340.0,1340000.0,STATE BANK FINANCIAL,2025-09-30
2631172,3314.0,3314000.0,STATE BANK FINANCIAL,2025-12-31
2631172,3282.0,3282000.0,STATE BANK FINANCIAL,2026-03-31
2631846,30406.0,30406000.0,NORTH AMERICAN BANKING COMPANY,2025-06-30
2631846,28656.0,28656000.0,NORTH AMERICAN BANKING COMPANY,2025-09-30
2631846,30956.0,30956000.0,NORTH AMERICAN BANKING COMPANY,2025-12-31
2631846,30056.0,30056000.0,NORTH AMERICAN BANKING COMPANY,2026-03-31
2634191,12655.0,12655000.0,GLACIER BANK,2025-06-30
2634191,11022.0,11022000.0,GLACIER BANK,2025-09-30
2634191,16428.0,16428000.0,GLACIER BANK,2025-12-31
2634191,19013.0,19013000.0,GLACIER BANK,2026-03-31
2634351,227.0,227000.0,"MACATAWA BANK, NATIONAL ASSOCIATION",2025-06-30
2634351,95782.0,95782000.0,"MACATAWA BANK, NATIONAL ASSOCIATION",2025-09-30
2634351,95655.0,95655000.0,"MACATAWA BANK, NATIONAL ASSOCIATION",2025-12-31
2634351,95783.0,95783000.0,"MACATAWA BANK, NATIONAL ASSOCIATION",2026-03-31
2652092,173003.0,173003000.0,EAGLEBANK,2025-06-30
2652092,153416.0,153416000.0,EAGLEBANK,2025-09-30
2652092,182156.0,182156000.0,EAGLEBANK,2025-12-31
2652092,135330.0,135330000.0,EAGLEBANK,2026-03-31
2667957,9000.0,9000000.0,NEBRASKALAND BANK,2025-06-30
2667957,9000.0,9000000.0,NEBRASKALAND BANK,2025-09-30
2667957,9000.0,9000000.0,NEBRASKALAND BANK,2025-12-31
2667957,9000.0,9000000.0,NEBRASKALAND BANK,2026-03-31
26765,41425.0,41425000.0,VANTAGE BANK TEXAS,2025-06-30
26765,51774.0,51774000.0,VANTAGE BANK TEXAS,2025-09-30
26765,56470.0,56470000.0,VANTAGE BANK TEXAS,2025-12-31
26765,62915.0,62915000.0,VANTAGE BANK TEXAS,2026-03-31
2684552,537.0,537000.0,AMERICAN BANK OF OKLAHOMA,2025-06-30
2684552,526.0,526000.0,AMERICAN BANK OF OKLAHOMA,2025-09-30
2684552,501.0,501000.0,AMERICAN BANK OF OKLAHOMA,2025-12-31
2693264,25376.0,25376000.0,"TOWN BANK, NATIONAL ASSOCIATION",2025-06-30
2693264,121963.0,121963000.0,"TOWN BANK, NATIONAL ASSOCIATION",2025-09-30
2693264,141350.0,141350000.0,"TOWN BANK, NATIONAL ASSOCIATION",2025-12-31
2693264,156774.0,156774000.0,"TOWN BANK, NATIONAL ASSOCIATION",2026-03-31
270504,2105.0,2105000.0,COMMUNITY NATIONAL BANK,2025-06-30
270504,2291.0,2291000.0,COMMUNITY NATIONAL BANK,2025-09-30
270504,1203.0,1203000.0,COMMUNITY NATIONAL BANK,2025-12-31
270504,3195.0,3195000.0,COMMUNITY NATIONAL BANK,2026-03-31
271529,57.0,57000.0,COUNTYBANK,2025-06-30
271529,57.0,57000.0,COUNTYBANK,2025-09-30
271529,57.0,57000.0,COUNTYBANK,2025-12-31
271529,57.0,57000.0,COUNTYBANK,2026-03-31
272272,33959.0,33959000.0,SOUTHERN BANK,2025-06-30
272272,34270.0,34270000.0,SOUTHERN BANK,2025-09-30
272272,34537.0,34537000.0,SOUTHERN BANK,2025-12-31
272272,32690.0,32690000.0,SOUTHERN BANK,2026-03-31
2726050,223.0,223000.0,FIRST CENTRAL BANK MCCOOK,2025-06-30
2726050,222.0,222000.0,FIRST CENTRAL BANK MCCOOK,2025-09-30
2726050,221.0,221000.0,FIRST CENTRAL BANK MCCOOK,2025-12-31
2726050,209.0,209000.0,FIRST CENTRAL BANK MCCOOK,2026-03-31
273336,2.0,2000.0,"BANK OF TAMPA, THE",2025-06-30
273336,1.0,1000.0,"BANK OF TAMPA, THE",2025-09-30
2734729,3066.0,3066000.0,AMERICAN BUSINESS BANK,2025-06-30
2734729,3199.0,3199000.0,AMERICAN BUSINESS BANK,2025-09-30
2734729,3857.0,3857000.0,AMERICAN BUSINESS BANK,2025-12-31
2734729,5855.0,5855000.0,AMERICAN BUSINESS BANK,2026-03-31
2735146,13046870.0,13046870000.0,"EVERBANK, NATIONAL ASSOCIATION",2025-06-30
2735146,13378913.0,13378913000.0,"EVERBANK, NATIONAL ASSOCIATION",2025-09-30
2735146,15052876.0,15052876000.0,"EVERBANK, NATIONAL ASSOCIATION",2025-12-31
2735146,16436239.0,16436239000.0,"EVERBANK, NATIONAL ASSOCIATION",2026-03-31
2736219,101126.0,101126000.0,"TRANSPORTATION ALLIANCE BANK, INC. DBA TAB BANK",2025-06-30
2736219,94651.0,94651000.0,"TRANSPORTATION ALLIANCE BANK, INC. DBA TAB BANK",2025-09-30
2736219,88375.0,88375000.0,"TRANSPORTATION ALLIANCE BANK, INC. DBA TAB BANK",2025-12-31
2736219,118331.0,118331000.0,"TRANSPORTATION ALLIANCE BANK, INC. DBA TAB BANK",2026-03-31
2736291,80534.0,80534000.0,POPULAR BANK,2025-06-30
2736291,74009.0,74009000.0,POPULAR BANK,2025-09-30
2736291,98949.0,98949000.0,POPULAR BANK,2025-12-31
2736291,101243.0,101243000.0,POPULAR BANK,2026-03-31
2736451,1500.0,1500000.0,"NEW PEOPLES BANK, INC.",2025-06-30
2736451,1500.0,1500000.0,"NEW PEOPLES BANK, INC.",2025-09-30
2737980,2891902.0,2891902000.0,NORTHPOINTE BANK,2025-06-30
2737980,3364886.0,3364886000.0,NORTHPOINTE BANK,2025-09-30
2737980,3424935.0,3424935000.0,NORTHPOINTE BANK,2025-12-31
2737980,3860663.0,3860663000.0,NORTHPOINTE BANK,2026-03-31
273840,2537.0,2537000.0,COMMUNITY FIRST BANK OF THE HEARTLAND,2025-06-30
273840,2425.0,2425000.0,COMMUNITY FIRST BANK OF THE HEARTLAND,2025-09-30
273840,2313.0,2313000.0,COMMUNITY FIRST BANK OF THE HEARTLAND,2025-12-31
273840,2200.0,2200000.0,COMMUNITY FIRST BANK OF THE HEARTLAND,2026-03-31
2743244,17857.0,17857000.0,RED RIVER BANK,2025-06-30
2743244,16462.0,16462000.0,RED RIVER BANK,2025-09-30
2743244,17336.0,17336000.0,RED RIVER BANK,2025-12-31
2743244,16244.0,16244000.0,RED RIVER BANK,2026-03-31
2748502,540.0,540000.0,SYNERGY BANK,2025-06-30
2748502,166.0,166000.0,SYNERGY BANK,2025-09-30
2748502,185.0,185000.0,SYNERGY BANK,2025-12-31
2748502,138.0,138000.0,SYNERGY BANK,2026-03-31
276579,2244351.0,2244351000.0,"ZIONS BANCORPORATION, NATIONAL ASSOCIATION",2025-06-30
276579,2036966.0,2036966000.0,"ZIONS BANCORPORATION, NATIONAL ASSOCIATION",2025-09-30
276579,1997098.0,1997098000.0,"ZIONS BANCORPORATION, NATIONAL ASSOCIATION",2025-12-31
276579,2033937.0,2033937000.0,"ZIONS BANCORPORATION, NATIONAL ASSOCIATION",2026-03-31
276850,14492.0,14492000.0,SECURITY FIRST BANK,2025-06-30
276850,13788.0,13788000.0,SECURITY FIRST BANK,2025-09-30
276850,16534.0,16534000.0,SECURITY FIRST BANK,2025-12-31
276850,15217.0,15217000.0,SECURITY FIRST BANK,2026-03-31
2797724,12595.0,12595000.0,TOWNEBANK,2025-06-30
2797724,119204.0,119204000.0,TOWNEBANK,2025-09-30
2797724,116452.0,116452000.0,TOWNEBANK,2025-12-31
2797724,112285.0,112285000.0,TOWNEBANK,2026-03-31
279954,9500.0,9500000.0,CITIZENS ALLIANCE BANK,2025-06-30
279954,14910.0,14910000.0,CITIZENS ALLIANCE BANK,2025-09-30
279954,14239.0,14239000.0,CITIZENS ALLIANCE BANK,2025-12-31
279954,14282.0,14282000.0,CITIZENS ALLIANCE BANK,2026-03-31
280110,17723718.0,17723718000.0,KEYBANK NATIONAL ASSOCIATION,2025-06-30
280110,18205204.0,18205204000.0,KEYBANK NATIONAL ASSOCIATION,2025-09-30
280110,18391249.0,18391249000.0,KEYBANK NATIONAL ASSOCIATION,2025-12-31
280110,20817165.0,20817165000.0,KEYBANK NATIONAL ASSOCIATION,2026-03-31
2808602,32457.0,32457000.0,"CAPITAL BANK, NATIONAL ASSOCIATION",2025-06-30
2808602,31808.0,31808000.0,"CAPITAL BANK, NATIONAL ASSOCIATION",2025-09-30
2808602,41368.0,41368000.0,"CAPITAL BANK, NATIONAL ASSOCIATION",2025-12-31
2808602,43615.0,43615000.0,"CAPITAL BANK, NATIONAL ASSOCIATION",2026-03-31
2815879,14513.0,14513000.0,GREAT AMERICAN BANK,2025-06-30
2815879,15987.0,15987000.0,GREAT AMERICAN BANK,2025-09-30
2815879,18780.0,18780000.0,GREAT AMERICAN BANK,2025-12-31
2815879,19061.0,19061000.0,GREAT AMERICAN BANK,2026-03-31
2820604,2186.0,2186000.0,MILLENNIUM BANK,2025-06-30
2820604,3050.0,3050000.0,MILLENNIUM BANK,2025-09-30
2820604,3205.0,3205000.0,MILLENNIUM BANK,2025-12-31
2820604,3697.0,3697000.0,MILLENNIUM BANK,2026-03-31
283737,15.0,15000.0,FIRST NATIONAL BANK OF TENNESSEE,2025-06-30
283737,46.0,46000.0,FIRST NATIONAL BANK OF TENNESSEE,2025-09-30
283737,56.0,56000.0,FIRST NATIONAL BANK OF TENNESSEE,2025-12-31
283737,56.0,56000.0,FIRST NATIONAL BANK OF TENNESSEE,2026-03-31
2838207,30840.0,30840000.0,SEATTLE BANK,2025-06-30
2838207,33548.0,33548000.0,SEATTLE BANK,2025-09-30
2838207,24195.0,24195000.0,SEATTLE BANK,2025-12-31
2838207,26476.0,26476000.0,SEATTLE BANK,2026-03-31
2849285,3000.0,3000000.0,BANKVISTA,2025-06-30
2849285,3000.0,3000000.0,BANKVISTA,2025-09-30
2849285,3000.0,3000000.0,BANKVISTA,2025-12-31
2849285,2400.0,2400000.0,BANKVISTA,2026-03-31
285544,24055.0,24055000.0,CAPITOL NATIONAL BANK,2025-12-31
285544,18324.0,18324000.0,CAPITOL NATIONAL BANK,2026-03-31
2855866,15030.0,15030000.0,FOUR CORNERS COMMUNITY BANK,2025-06-30
2855866,20103.0,20103000.0,FOUR CORNERS COMMUNITY BANK,2025-09-30
2855866,16686.0,16686000.0,FOUR CORNERS COMMUNITY BANK,2025-12-31
2855866,17691.0,17691000.0,FOUR CORNERS COMMUNITY BANK,2026-03-31
2861317,1255.0,1255000.0,BRANSON BANK,2025-06-30
2877345,9319.0,9319000.0,INSBANK,2025-06-30
2877345,9319.0,9319000.0,INSBANK,2025-09-30
2877345,9319.0,9319000.0,INSBANK,2025-12-31
2877345,9319.0,9319000.0,INSBANK,2026-03-31
287959,640.0,640000.0,KANSAS STATE BANK,2025-06-30
287959,841.0,841000.0,KANSAS STATE BANK,2025-09-30
287959,173.0,173000.0,KANSAS STATE BANK,2025-12-31
287959,604.0,604000.0,KANSAS STATE BANK,2026-03-31
2889227,10.0,10000.0,ALPINE CAPITAL BANK,2025-06-30
2889227,10.0,10000.0,ALPINE CAPITAL BANK,2025-09-30
2889227,10.0,10000.0,ALPINE CAPITAL BANK,2025-12-31
2889227,10.0,10000.0,ALPINE CAPITAL BANK,2026-03-31
2891622,24902.0,24902000.0,"CORNERSTONE CAPITAL BANK, SSB",2025-06-30
2891622,27370.0,27370000.0,"CORNERSTONE CAPITAL BANK, SSB",2025-09-30
2891622,32111.0,32111000.0,"CORNERSTONE CAPITAL BANK, SSB",2025-12-31
2891622,29108.0,29108000.0,"CORNERSTONE CAPITAL BANK, SSB",2026-03-31
289702,6849.0,6849000.0,NORWAY SAVINGS BANK,2025-06-30
289702,6800.0,6800000.0,NORWAY SAVINGS BANK,2025-09-30
289702,6800.0,6800000.0,NORWAY SAVINGS BANK,2025-12-31
289702,6800.0,6800000.0,NORWAY SAVINGS BANK,2026-03-31
2897633,230.0,230000.0,HOMETOWN BANK OF CORBIN INC.,2025-06-30
2897633,286.0,286000.0,HOMETOWN BANK OF CORBIN INC.,2025-09-30
2897633,308.0,308000.0,HOMETOWN BANK OF CORBIN INC.,2025-12-31
2897633,204.0,204000.0,HOMETOWN BANK OF CORBIN INC.,2026-03-31
290249,10401.0,10401000.0,WAUKESHA STATE BANK,2026-03-31
2907019,208.0,208000.0,COMMUNITY FIRST NATIONAL BANK,2025-06-30
2907019,208.0,208000.0,COMMUNITY FIRST NATIONAL BANK,2025-09-30
2907019,208.0,208000.0,COMMUNITY FIRST NATIONAL BANK,2025-12-31
2907019,208.0,208000.0,COMMUNITY FIRST NATIONAL BANK,2026-03-31
2917317,8317615.0,8317615000.0,AXOS BANK,2025-06-30
2917317,8421485.0,8421485000.0,AXOS BANK,2025-09-30
2917317,9419188.0,9419188000.0,AXOS BANK,2025-12-31
2917317,10073726.0,10073726000.0,AXOS BANK,2026-03-31
2925620,2754.0,2754000.0,"CHINO COMMERCIAL BANK, NATIONAL ASSOCIATION",2025-06-30
2925620,2753.0,2753000.0,"CHINO COMMERCIAL BANK, NATIONAL ASSOCIATION",2025-09-30
2925620,2753.0,2753000.0,"CHINO COMMERCIAL BANK, NATIONAL ASSOCIATION",2025-12-31
2925620,2753.0,2753000.0,"CHINO COMMERCIAL BANK, NATIONAL ASSOCIATION",2026-03-31
2925666,1431647.0,1431647000.0,PINNACLE BANK,2025-06-30
2925666,1246677.0,1246677000.0,PINNACLE BANK,2025-09-30
2925666,1347758.0,1347758000.0,PINNACLE BANK,2025-12-31
2925666,7254099.0,7254099000.0,PINNACLE BANK,2026-03-31
293053,18744.0,18744000.0,COMMUNITY NATIONAL BANK,2025-06-30
293053,24416.0,24416000.0,COMMUNITY NATIONAL BANK,2025-09-30
293053,25204.0,25204000.0,COMMUNITY NATIONAL BANK,2025-12-31
293053,23904.0,23904000.0,COMMUNITY NATIONAL BANK,2026-03-31
2938198,108863.0,108863000.0,"NORTHBROOK BANK & TRUST COMPANY, NATIONAL ASSOCIATION",2025-06-30
2938198,272306.0,272306000.0,"NORTHBROOK BANK & TRUST COMPANY, NATIONAL ASSOCIATION",2025-09-30
2938198,342751.0,342751000.0,"NORTHBROOK BANK & TRUST COMPANY, NATIONAL ASSOCIATION",2025-12-31
2938198,287079.0,287079000.0,"NORTHBROOK BANK & TRUST COMPANY, NATIONAL ASSOCIATION",2026-03-31
2941068,104.0,104000.0,NICOLET NATIONAL BANK,2025-06-30
2941068,86.0,86000.0,NICOLET NATIONAL BANK,2025-09-30
2941068,72.0,72000.0,NICOLET NATIONAL BANK,2025-12-31
2941068,14767.0,14767000.0,NICOLET NATIONAL BANK,2026-03-31
2948058,664.0,664000.0,FIRST COMMERCIAL BANK,2025-06-30
2948058,753.0,753000.0,STORY BANK DBA STORY FINANCIAL PARTNERS,2025-09-30
2948058,650.0,650000.0,STORY BANK DBA STORY FINANCIAL PARTNERS,2025-12-31
2948058,750.0,750000.0,STORY BANK DBA STORY FINANCIAL PARTNERS,2026-03-31
295011,619.0,619000.0,GREENVILLE NATIONAL BANK,2025-06-30
295011,588.0,588000.0,GREENVILLE NATIONAL BANK,2025-09-30
295011,248.0,248000.0,GREENVILLE NATIONAL BANK,2025-12-31
295011,217.0,217000.0,GREENVILLE NATIONAL BANK,2026-03-31
297051,1739.0,1739000.0,PATRIOTS BANK,2025-06-30
297051,1514.0,1514000.0,PATRIOTS BANK,2025-09-30
297051,1000.0,1000000.0,PATRIOTS BANK,2025-12-31
297051,768.0,768000.0,PATRIOTS BANK,2026-03-31
2970657,26255.0,26255000.0,"SCHAUMBURG BANK & TRUST COMPANY, NATIONAL ASSOCIATION",2025-06-30
2970657,51481.0,51481000.0,"SCHAUMBURG BANK & TRUST COMPANY, NATIONAL ASSOCIATION",2025-09-30
2970657,57568.0,57568000.0,"SCHAUMBURG BANK & TRUST COMPANY, NATIONAL ASSOCIATION",2025-12-31
2970657,62796.0,62796000.0,"SCHAUMBURG BANK & TRUST COMPANY, NATIONAL ASSOCIATION",2026-03-31
3010363,2900.0,2900000.0,BANKCDA,2025-06-30
3010363,2900.0,2900000.0,BANKCDA,2025-09-30
3010363,2900.0,2900000.0,BANKCDA,2025-12-31
3010363,2900.0,2900000.0,BANKCDA,2026-03-31
301574,50.0,50000.0,LAKE SHORE SAVINGS BANK,2025-06-30
301574,49.0,49000.0,LAKE SHORE BANK,2025-09-30
301574,46.0,46000.0,LAKE SHORE BANK,2025-12-31
301574,45.0,45000.0,LAKE SHORE BANK,2026-03-31
3015939,925.0,925000.0,AMG NATIONAL TRUST BANK,2025-06-30
3015939,925.0,925000.0,AMG NATIONAL TRUST BANK,2025-09-30
3015939,925.0,925000.0,AMG NATIONAL TRUST BANK,2025-12-31
3015939,740.0,740000.0,AMG NATIONAL TRUST BANK,2026-03-31
3016347,104091.0,104091000.0,GEORGIA BANKING COMPANY,2025-06-30
3016347,101750.0,101750000.0,GEORGIA BANKING COMPANY,2025-09-30
3016347,96529.0,96529000.0,GEORGIA BANKING COMPANY,2025-12-31
3016347,72925.0,72925000.0,GEORGIA BANKING COMPANY,2026-03-31
3022610,4871.0,4871000.0,FLATIRONS BANK,2025-06-30
3022610,1180.0,1180000.0,FLATIRONS BANK,2025-09-30
3022610,1096.0,1096000.0,FLATIRONS BANK,2025-12-31
3022610,965.0,965000.0,FLATIRONS BANK,2026-03-31
302656,1000.0,1000000.0,MINNWEST BANK,2025-09-30
3029589,13648.0,13648000.0,CEDAR RAPIDS BANK AND TRUST COMPANY,2025-06-30
3029589,13617.0,13617000.0,CEDAR RAPIDS BANK AND TRUST COMPANY,2025-09-30
3029589,13624.0,13624000.0,CEDAR RAPIDS BANK AND TRUST COMPANY,2025-12-31
3029589,13426.0,13426000.0,CEDAR RAPIDS BANK AND TRUST COMPANY,2026-03-31
3076220,84152.0,84152000.0,STIFEL BANK,2025-06-30
3076220,62768.0,62768000.0,STIFEL BANK,2025-09-30
3076220,3358468.0,3358468000.0,STIFEL BANK,2025-12-31
3076220,3271099.0,3271099000.0,STIFEL BANK,2026-03-31
3076248,323842.0,323842000.0,STIFEL BANK AND TRUST,2025-06-30
3076248,350779.0,350779000.0,STIFEL BANK AND TRUST,2025-09-30
3076248,1671825.0,1671825000.0,STIFEL BANK AND TRUST,2025-12-31
3076248,1499585.0,1499585000.0,STIFEL BANK AND TRUST,2026-03-31
3076453,38298.0,38298000.0,"CALIFORNIA BANK OF COMMERCE, NATIONAL ASSOCIATION",2025-12-31
3076453,31693.0,31693000.0,"CALIFORNIA BANK OF COMMERCE, NATIONAL ASSOCIATION",2026-03-31
309150,1603.0,1603000.0,"MISSOURI BANK, THE",2025-06-30
309150,1594.0,1594000.0,"MISSOURI BANK, THE",2025-09-30
309150,1572.0,1572000.0,"MISSOURI BANK, THE",2025-12-31
309150,1539.0,1539000.0,"MISSOURI BANK, THE",2026-03-31
309655,13904.0,13904000.0,REGENT BANK,2025-06-30
309655,16553.0,16553000.0,REGENT BANK,2025-09-30
309655,5657.0,5657000.0,REGENT BANK,2025-12-31
309655,8614.0,8614000.0,REGENT BANK,2026-03-31
311845,45000.0,45000000.0,ARVEST BANK,2025-09-30
311845,30000.0,30000000.0,ARVEST BANK,2025-12-31
31255,55073.0,55073000.0,CENTRAL BANK,2025-06-30
31255,52901.0,52901000.0,CENTRAL BANK,2025-09-30
31255,53135.0,53135000.0,CENTRAL BANK,2025-12-31
31255,50791.0,50791000.0,CENTRAL BANK,2026-03-31
3138146,12960728.0,12960728000.0,WESTERN ALLIANCE BANK,2025-06-30
3138146,13577407.0,13577407000.0,WESTERN ALLIANCE BANK,2025-09-30
3138146,14671792.0,14671792000.0,WESTERN ALLIANCE BANK,2025-12-31
3138146,14927699.0,14927699000.0,WESTERN ALLIANCE BANK,2026-03-31
3146150,10401.0,10401000.0,U.S. CENTURY BANK,2025-06-30
3146150,14733.0,14733000.0,U.S. CENTURY BANK,2025-09-30
3146150,19589.0,19589000.0,U.S. CENTURY BANK,2025-12-31
3146150,18060.0,18060000.0,U.S. CENTURY BANK,2026-03-31
3150447,419000.0,419000000.0,"CHARLES SCHWAB BANK, SSB",2025-06-30
3150447,414000.0,414000000.0,"CHARLES SCHWAB BANK, SSB",2025-09-30
3150447,472000.0,472000000.0,"CHARLES SCHWAB BANK, SSB",2025-12-31
3150447,423000.0,423000000.0,"CHARLES SCHWAB BANK, SSB",2026-03-31
315656,139.0,139000.0,FIRST ENTERPRISE BANK,2025-06-30
315656,135.0,135000.0,FIRST ENTERPRISE BANK,2025-09-30
315656,131.0,131000.0,FIRST ENTERPRISE BANK,2025-12-31
3166699,2056.0,2056000.0,TOLLESON PRIVATE BANK,2025-06-30
3166699,2456.0,2456000.0,TOLLESON PRIVATE BANK,2025-09-30
3166699,1656.0,1656000.0,TOLLESON PRIVATE BANK,2025-12-31
3166699,1656.0,1656000.0,TOLLESON PRIVATE BANK,2026-03-31
316840,672026.0,672026000.0,REPUBLIC BANK & TRUST COMPANY,2025-06-30
316840,609992.0,609992000.0,REPUBLIC BANK & TRUST COMPANY,2025-09-30
316840,755353.0,755353000.0,REPUBLIC BANK & TRUST COMPANY,2025-12-31
316840,630876.0,630876000.0,REPUBLIC BANK & TRUST COMPANY,2026-03-31
317342,45942.0,45942000.0,STOCK YARDS BANK & TRUST COMPANY,2025-06-30
317342,44430.0,44430000.0,STOCK YARDS BANK & TRUST COMPANY,2025-09-30
317342,52772.0,52772000.0,STOCK YARDS BANK & TRUST COMPANY,2025-12-31
317342,50510.0,50510000.0,STOCK YARDS BANK & TRUST COMPANY,2026-03-31
3187630,1629349.0,1629349000.0,FORBRIGHT BANK,2025-06-30
3187630,1797024.0,1797024000.0,FORBRIGHT BANK,2025-09-30
3187630,1893292.0,1893292000.0,FORBRIGHT BANK,2025-12-31
3187630,1950243.0,1950243000.0,FORBRIGHT BANK,2026-03-31
320119,410548.0,410548000.0,ISRAEL DISCOUNT BANK OF NEW YORK,2025-06-30
320119,423734.0,423734000.0,ISRAEL DISCOUNT BANK OF NEW YORK,2025-09-30
320119,471983.0,471983000.0,ISRAEL DISCOUNT BANK OF NEW YORK,2025-12-31
320119,451671.0,451671000.0,ISRAEL DISCOUNT BANK OF NEW YORK,2026-03-31
3202702,119000.0,119000000.0,"OPTUM BANK, INC.",2025-06-30
3202702,120000.0,120000000.0,"OPTUM BANK, INC.",2025-09-30
3202702,136000.0,136000000.0,"OPTUM BANK, INC.",2025-12-31
3202702,143000.0,143000000.0,"OPTUM BANK, INC.",2026-03-31
3212149,5579092.0,5579092000.0,UBS BANK USA,2025-06-30
3212149,5797314.0,5797314000.0,UBS BANK USA,2025-09-30
3212149,5617037.0,5617037000.0,UBS BANK USA,2025-12-31
3212149,5745141.0,5745141000.0,"UBS BANK USA, NATIONAL ASSOCIATION",2026-03-31
3212402,159177.0,159177000.0,PCB BANK,2025-06-30
3212402,126389.0,126389000.0,PCB BANK,2025-09-30
3212402,152395.0,152395000.0,PCB BANK,2025-12-31
3212402,169986.0,169986000.0,PCB BANK,2026-03-31
3214059,26747.0,26747000.0,AVIDBANK,2025-06-30
3214059,76666.0,76666000.0,AVIDBANK,2025-09-30
3214059,86170.0,86170000.0,AVIDBANK,2025-12-31
3214059,66402.0,66402000.0,AVIDBANK,2026-03-31
3216017,40201.0,40201000.0,"BEVERLY BANK & TRUST COMPANY, NATIONAL ASSOCIATION",2025-06-30
3216017,97563.0,97563000.0,"BEVERLY BANK & TRUST COMPANY, NATIONAL ASSOCIATION",2025-09-30
3216017,131252.0,131252000.0,"BEVERLY BANK & TRUST COMPANY, NATIONAL ASSOCIATION",2025-12-31
3216017,132959.0,132959000.0,"BEVERLY BANK & TRUST COMPANY, NATIONAL ASSOCIATION",2026-03-31
3221468,2135234.0,2135234000.0,VERITEX COMMUNITY BANK,2025-06-30
3221468,2182608.0,2182608000.0,VERITEX COMMUNITY BANK,2025-09-30
3224375,19235.0,19235000.0,GOLDEN STATE BANK,2025-06-30
3224375,18235.0,18235000.0,GOLDEN STATE BANK,2025-09-30
3224375,15985.0,15985000.0,GOLDEN STATE BANK,2025-12-31
3224375,17085.0,17085000.0,GOLDEN STATE BANK,2026-03-31
323204,237.0,237000.0,"LYONS NATIONAL BANK, THE",2025-06-30
323204,163.0,163000.0,"LYONS NATIONAL BANK, THE",2025-09-30
323204,128.0,128000.0,"LYONS NATIONAL BANK, THE",2025-12-31
323204,98.0,98000.0,"LYONS NATIONAL BANK, THE",2026-03-31
324340,3033.0,3033000.0,CHOICEONE BANK,2025-06-30
324340,58987.0,58987000.0,CHOICEONE BANK,2025-12-31
324340,51187.0,51187000.0,CHOICEONE BANK,2026-03-31
3248849,30248.0,30248000.0,MAINSTREET BANK,2025-06-30
3248849,35415.0,35415000.0,MAINSTREET BANK,2025-09-30
3248849,38464.0,38464000.0,MAINSTREET BANK,2025-12-31
3248849,32939.0,32939000.0,MAINSTREET BANK,2026-03-31
327220,450.0,450000.0,FARMERS STATE BANK,2025-06-30
327220,428.0,428000.0,FARMERS STATE BANK,2025-09-30
327220,180.0,180000.0,FARMERS STATE BANK,2025-12-31
327220,158.0,158000.0,FARMERS STATE BANK,2026-03-31
327855,2131.0,2131000.0,CIERA BANK,2025-06-30
327855,1425.0,1425000.0,CIERA BANK,2025-09-30
327855,1425.0,1425000.0,CIERA BANK,2025-12-31
327855,9719.0,9719000.0,CIERA BANK,2026-03-31
3280625,2000.0,2000000.0,PROVIDENCE BANK & TRUST,2025-06-30
3280625,2000.0,2000000.0,PROVIDENCE BANK & TRUST,2025-09-30
3280625,1500.0,1500000.0,PROVIDENCE BANK & TRUST,2025-12-31
3280625,1500.0,1500000.0,PROVIDENCE BANK & TRUST,2026-03-31
3281510,5061.0,5061000.0,UNITED BUSINESS BANK,2025-06-30
3281510,53.0,53000.0,UNITED BUSINESS BANK,2025-09-30
3281510,46.0,46000.0,UNITED BUSINESS BANK,2025-12-31
3281510,38.0,38000.0,UNITED BUSINESS BANK,2026-03-31
328357,5000.0,5000000.0,"TITAN BANK, N.A.",2025-06-30
328357,5000.0,5000000.0,"TITAN BANK, N.A.",2025-09-30
328357,5000.0,5000000.0,"TITAN BANK, N.A.",2025-12-31
328357,5000.0,5000000.0,"TITAN BANK, N.A.",2026-03-31
3284070,4218000.0,4218000000.0,ALLY BANK,2025-06-30
3284070,4336000.0,4336000000.0,ALLY BANK,2025-09-30
3284070,5141000.0,5141000000.0,ALLY BANK,2025-12-31
3284070,5474000.0,5474000000.0,ALLY BANK,2026-03-31
3284445,198.0,198000.0,"T BANK, NATIONAL ASSOCIATION",2025-06-30
3284445,196.0,196000.0,"T BANK, NATIONAL ASSOCIATION",2025-09-30
3284445,194.0,194000.0,"T BANK, NATIONAL ASSOCIATION",2025-12-31
3284445,192.0,192000.0,"T BANK, NATIONAL ASSOCIATION",2026-03-31
328777,5828.0,5828000.0,PENN COMMUNITY BANK,2025-06-30
328777,5831.0,5831000.0,PENN COMMUNITY BANK,2025-09-30
328777,6551.0,6551000.0,PENN COMMUNITY BANK,2025-12-31
328777,6501.0,6501000.0,PENN COMMUNITY BANK,2026-03-31
3293540,13750.0,13750000.0,PACIFIC VALLEY BANK,2025-06-30
3293540,13750.0,13750000.0,PACIFIC VALLEY BANK,2025-09-30
3293540,13750.0,13750000.0,PACIFIC VALLEY BANK,2025-12-31
3293540,15750.0,15750000.0,PACIFIC VALLEY BANK,2026-03-31
329550,6281.0,6281000.0,INSOUTH BANK,2025-06-30
329550,6247.0,6247000.0,INSOUTH BANK,2025-09-30
329550,7977.0,7977000.0,INSOUTH BANK,2025-12-31
329550,7633.0,7633000.0,INSOUTH BANK,2026-03-31
329952,4005.0,4005000.0,"FIRST NATIONAL BANK OF GRANBURY, THE",2025-06-30
329952,4006.0,4006000.0,"FIRST NATIONAL BANK OF GRANBURY, THE",2025-09-30
3303298,15934871.0,15934871000.0,"CITIZENS BANK, NATIONAL ASSOCIATION",2025-06-30
3303298,17343753.0,17343753000.0,"CITIZENS BANK, NATIONAL ASSOCIATION",2025-09-30
3303298,18674999.0,18674999000.0,"CITIZENS BANK, NATIONAL ASSOCIATION",2025-12-31
3303298,19610625.0,19610625000.0,"CITIZENS BANK, NATIONAL ASSOCIATION",2026-03-31
3303944,718.0,718000.0,PACIFIC WEST BANK,2025-06-30
3303944,185.0,185000.0,PACIFIC WEST BANK,2025-09-30
3303944,299.0,299000.0,PACIFIC WEST BANK,2026-03-31
3314043,2509.0,2509000.0,FIRST RESOURCE BANK,2025-06-30
3314043,2797.0,2797000.0,FIRST RESOURCE BANK,2025-09-30
3314043,3045.0,3045000.0,FIRST RESOURCE BANK,2025-12-31
3314043,3001.0,3001000.0,FIRST RESOURCE BANK,2026-03-31
3317932,16663.0,16663000.0,CONNECTONE BANK,2025-09-30
3317932,20451.0,20451000.0,CONNECTONE BANK,2025-12-31
3317932,148707.0,148707000.0,CONNECTONE BANK,2026-03-31
3325759,248773.0,248773000.0,PRIMIS BANK,2025-06-30
3325759,389291.0,389291000.0,PRIMIS BANK,2025-09-30
3325759,405119.0,405119000.0,PRIMIS BANK,2025-12-31
3325759,554670.0,554670000.0,PRIMIS BANK,2026-03-31
333650,2000.0,2000000.0,"BANK, THE",2025-09-30
333650,2000.0,2000000.0,"BANK, THE",2025-12-31
333650,2000.0,2000000.0,"BANK, THE",2026-03-31
3344321,29744.0,29744000.0,TRADITION CAPITAL BANK,2025-06-30
3344321,72442.0,72442000.0,TRADITION CAPITAL BANK,2025-09-30
3344321,67695.0,67695000.0,TRADITION CAPITAL BANK,2025-12-31
3344321,26634.0,26634000.0,TRADITION CAPITAL BANK,2026-03-31
3348888,98104.0,98104000.0,SERVISFIRST BANK,2025-06-30
3348888,71630.0,71630000.0,SERVISFIRST BANK,2025-09-30
3348888,92651.0,92651000.0,SERVISFIRST BANK,2025-12-31
3348888,83719.0,83719000.0,SERVISFIRST BANK,2026-03-31
3350658,1725.0,1725000.0,FIRST VISION BANK OF TENNESSEE,2025-06-30
3350658,1650.0,1650000.0,FIRST VISION BANK OF TENNESSEE,2025-09-30
3350658,1625.0,1625000.0,FIRST VISION BANK OF TENNESSEE,2025-12-31
3350658,1600.0,1600000.0,FIRST VISION BANK OF TENNESSEE,2026-03-31
3356191,11789.0,11789000.0,BRYANT BANK,2025-06-30
3356191,11389.0,11389000.0,BRYANT BANK,2025-09-30
3356191,10989.0,10989000.0,BRYANT BANK,2025-12-31
3356191,10575.0,10575000.0,BRYANT BANK,2026-03-31
3357219,85563.0,85563000.0,OPEN BANK,2025-06-30
3357219,104516.0,104516000.0,OPEN BANK,2025-09-30
3357219,110005.0,110005000.0,OPEN BANK,2025-12-31
3357219,108670.0,108670000.0,OPEN BANK,2026-03-31
3378773,12640.0,12640000.0,BRIDGEWATER BANK,2025-06-30
3378773,11519.0,11519000.0,BRIDGEWATER BANK,2025-09-30
3378773,11260.0,11260000.0,BRIDGEWATER BANK,2025-12-31
3378773,11372.0,11372000.0,BRIDGEWATER BANK,2026-03-31
3390337,11.0,11000.0,CALIFORNIA BUSINESS BANK,2025-06-30
3390337,4.0,4000.0,CALIFORNIA BUSINESS BANK,2025-09-30
3391718,5862.0,5862000.0,BELMONT BANK & TRUST COMPANY,2025-06-30
3391718,2876.0,2876000.0,BELMONT BANK & TRUST COMPANY,2025-09-30
3391718,2355.0,2355000.0,BELMONT BANK & TRUST COMPANY,2025-12-31
3391718,3158.0,3158000.0,BELMONT BANK & TRUST COMPANY,2026-03-31
339773,280845.0,280845000.0,NEEDHAM BANK,2025-12-31
339773,277093.0,277093000.0,NEEDHAM BANK,2026-03-31
339858,534968.0,534968000.0,"BOKF, NATIONAL ASSOCIATION",2025-06-30
339858,505766.0,505766000.0,"BOKF, NATIONAL ASSOCIATION",2025-09-30
339858,689470.0,689470000.0,"BOKF, NATIONAL ASSOCIATION",2025-12-31
339858,817199.0,817199000.0,"BOKF, NATIONAL ASSOCIATION",2026-03-31
3398623,7375.0,7375000.0,FFB BANK,2025-06-30
3398623,12498.0,12498000.0,FFB BANK,2025-09-30
3398623,7462.0,7462000.0,FFB BANK,2025-12-31
3398623,6328.0,6328000.0,FFB BANK,2026-03-31
340144,226.0,226000.0,PEOPLES STATE BANK,2025-06-30
340144,224.0,224000.0,PEOPLES STATE BANK,2025-09-30
340144,221.0,221000.0,PEOPLES STATE BANK,2025-12-31
340144,219.0,219000.0,PEOPLES STATE BANK,2026-03-31
3401970,101805.0,101805000.0,FIRST BANK,2025-09-30
3401970,102869.0,102869000.0,FIRST BANK,2025-12-31
3401970,115930.0,115930000.0,FIRST BANK,2026-03-31
3402913,67764.0,67764000.0,BANESCO USA,2025-06-30
3402913,67046.0,67046000.0,BANESCO USA,2025-09-30
3402913,65680.0,65680000.0,BANESCO USA,2025-12-31
3402913,86973.0,86973000.0,BANESCO USA,2026-03-31
3404207,33293.0,33293000.0,"OLD PLANK TRAIL COMMUNITY BANK, NATIONAL ASSOCIATION",2025-06-30
3404207,50065.0,50065000.0,"OLD PLANK TRAIL COMMUNITY BANK, NATIONAL ASSOCIATION",2025-09-30
3404207,60883.0,60883000.0,"OLD PLANK TRAIL COMMUNITY BANK, NATIONAL ASSOCIATION",2025-12-31
3404207,83972.0,83972000.0,"OLD PLANK TRAIL COMMUNITY BANK, NATIONAL ASSOCIATION",2026-03-31
340742,6000.0,6000000.0,CIBM BANK,2025-06-30
340742,6000.0,6000000.0,CIBM BANK,2025-09-30
340742,6000.0,6000000.0,CIBM BANK,2025-12-31
340742,6000.0,6000000.0,CIBM BANK,2026-03-31
3408728,62261.0,62261000.0,B1BANK,2025-06-30
3408728,164457.0,164457000.0,B1BANK,2025-09-30
3408728,295429.0,295429000.0,B1BANK,2025-12-31
3408728,298895.0,298895000.0,B1BANK,2026-03-31
342410,15473.0,15473000.0,ORRSTOWN BANK,2025-06-30
342410,4015.0,4015000.0,ORRSTOWN BANK,2025-09-30
342410,1004.0,1004000.0,ORRSTOWN BANK,2025-12-31
342410,1000.0,1000000.0,ORRSTOWN BANK,2026-03-31
342634,261858.0,261858000.0,TRUSTMARK NATIONAL BANK,2025-06-30
342634,292209.0,292209000.0,TRUSTMARK BANK,2025-09-30
342634,276453.0,276453000.0,TRUSTMARK BANK,2025-12-31
342634,285350.0,285350000.0,TRUSTMARK BANK,2026-03-31
3437148,17233.0,17233000.0,FIRST FREEDOM BANK,2025-06-30
3437148,17049.0,17049000.0,FIRST FREEDOM BANK,2025-09-30
3437148,23166.0,23166000.0,FIRST FREEDOM BANK,2025-12-31
3437148,16088.0,16088000.0,FIRST FREEDOM BANK,2026-03-31
3447820,2755.0,2755000.0,"ESQUIRE BANK, NATIONAL ASSOCIATION",2025-06-30
3447820,11400.0,11400000.0,"ESQUIRE BANK, NATIONAL ASSOCIATION",2025-12-31
3447820,8945.0,8945000.0,"ESQUIRE BANK, NATIONAL ASSOCIATION",2026-03-31
3448425,266.0,266000.0,COMMUNITY BANK OF PLEASANT HILL,2025-06-30
3448425,266.0,266000.0,COMMUNITY BANK OF PLEASANT HILL,2025-09-30
3448425,228.0,228000.0,COMMUNITY BANK OF PLEASANT HILL,2025-12-31
3448425,228.0,228000.0,COMMUNITY BANK OF PLEASANT HILL,2026-03-31
34537,9189.0,9189000.0,SEACOAST NATIONAL BANK,2025-06-30
34537,73958.0,73958000.0,SEACOAST NATIONAL BANK,2025-09-30
34537,81093.0,81093000.0,SEACOAST NATIONAL BANK,2025-12-31
34537,73190.0,73190000.0,SEACOAST NATIONAL BANK,2026-03-31
3459207,13250.0,13250000.0,MOUNTAIN PACIFIC BANK,2025-06-30
3459207,12000.0,12000000.0,MOUNTAIN PACIFIC BANK,2025-09-30
3459207,12000.0,12000000.0,MOUNTAIN PACIFIC BANK,2025-12-31
3459207,7500.0,7500000.0,MOUNTAIN PACIFIC BANK,2026-03-31
3465392,60002.0,60002000.0,PEGASUS BANK,2025-09-30
3465392,48086.0,48086000.0,PEGASUS BANK,2025-12-31
3465392,60992.0,60992000.0,PEGASUS BANK,2026-03-31
3470154,53753.0,53753000.0,US METRO BANK,2025-06-30
3470154,42805.0,42805000.0,US METRO BANK,2025-09-30
3470154,50304.0,50304000.0,US METRO BANK,2025-12-31
3470154,56584.0,56584000.0,US METRO BANK,2026-03-31
3470239,164206.0,164206000.0,"AMERIPRISE BANK, FSB",2026-03-31
3475083,1185445.0,1185445000.0,TRISTATE CAPITAL BANK,2025-06-30
3475083,1151914.0,1151914000.0,TRISTATE CAPITAL BANK,2025-09-30
3475083,1137681.0,1137681000.0,TRISTATE CAPITAL BANK,2025-12-31
3475083,1129318.0,1129318000.0,TRISTATE CAPITAL BANK,2026-03-31
3485420,7646.0,7646000.0,CORNERSTONE COMMUNITY BANK,2025-06-30
3488579,2693.0,2693000.0,CENTRAL BANK,2025-06-30
3488579,2686.0,2686000.0,CENTRAL BANK,2025-09-30
3488579,2673.0,2673000.0,CENTRAL BANK,2025-12-31
3488579,2628.0,2628000.0,CENTRAL BANK,2026-03-31
349129,169.0,169000.0,"COMMERCIAL BANK, THE",2025-12-31
3517590,809.0,809000.0,HYPERION BANK,2025-12-31
352772,24968.0,24968000.0,BANNER BANK,2025-12-31
352772,22551.0,22551000.0,BANNER BANK,2026-03-31
35301,26013000.0,26013000000.0,STATE STREET BANK AND TRUST COMPANY,2025-06-30
35301,25476000.0,25476000000.0,STATE STREET BANK AND TRUST COMPANY,2025-09-30
35301,27101000.0,27101000000.0,STATE STREET BANK AND TRUST COMPANY,2025-12-31
35301,27878000.0,27878000000.0,STATE STREET BANK AND TRUST COMPANY,2026-03-31
353546,925.0,925000.0,"FIRST NATIONAL BANK IN TREMONT, THE",2025-06-30
353546,906.0,906000.0,"FIRST NATIONAL BANK IN TREMONT, THE",2025-09-30
353546,888.0,888000.0,"FIRST NATIONAL BANK IN TREMONT, THE",2025-12-31
353546,880.0,880000.0,"FIRST NATIONAL BANK IN TREMONT, THE",2026-03-31
353555,98353.0,98353000.0,AMARILLO NATIONAL BANK,2025-06-30
353555,106184.0,106184000.0,AMARILLO NATIONAL BANK,2025-09-30
353555,99038.0,99038000.0,AMARILLO NATIONAL BANK,2025-12-31
353555,108299.0,108299000.0,AMARILLO NATIONAL BANK,2026-03-31
3538009,1023.0,1023000.0,PLATINUM BANK,2025-06-30
3538009,1023.0,1023000.0,PLATINUM BANK,2025-09-30
3538009,852.0,852000.0,PLATINUM BANK,2025-12-31
3538009,852.0,852000.0,PLATINUM BANK,2026-03-31
3545258,14981.0,14981000.0,CALPRIVATE BANK,2025-06-30
3545258,14980.0,14980000.0,CALPRIVATE BANK,2025-09-30
3545258,20978.0,20978000.0,CALPRIVATE BANK,2025-12-31
3545258,14981.0,14981000.0,CALPRIVATE BANK,2026-03-31
355559,2000.0,2000000.0,RANGE BANK,2025-09-30
355559,2000.0,2000000.0,RANGE BANK,2025-12-31
355559,2000.0,2000000.0,RANGE BANK,2026-03-31
3579589,203534.0,203534000.0,STELLAR BANK,2025-06-30
3579589,226337.0,226337000.0,STELLAR BANK,2025-09-30
3579589,257993.0,257993000.0,STELLAR BANK,2025-12-31
3579589,246072.0,246072000.0,STELLAR BANK,2026-03-31
3588424,13643.0,13643000.0,"WATERFORD BANK, NA",2025-06-30
3588424,12961.0,12961000.0,"WATERFORD BANK, NA",2025-09-30
3588424,12356.0,12356000.0,"WATERFORD BANK, NA",2025-12-31
3588424,12838.0,12838000.0,"WATERFORD BANK, NA",2026-03-31
3595271,7686.0,7686000.0,"BANK OF PRINCETON, THE",2025-06-30
3595271,6733.0,6733000.0,"BANK OF PRINCETON, THE",2025-09-30
3595271,5686.0,5686000.0,"BANK OF PRINCETON, THE",2025-12-31
3595271,7878.0,7878000.0,"BANK OF PRINCETON, THE",2026-03-31
3597211,500.0,500000.0,"CHAIN BRIDGE BANK, NATIONAL ASSOCIATION",2025-06-30
3597211,500.0,500000.0,"CHAIN BRIDGE BANK, NATIONAL ASSOCIATION",2025-09-30
3597211,500.0,500000.0,"CHAIN BRIDGE BANK, NATIONAL ASSOCIATION",2025-12-31
3597211,500.0,500000.0,"CHAIN BRIDGE BANK, NATIONAL ASSOCIATION",2026-03-31
361167,1001.0,1001000.0,SOUTHSIDE BANK,2025-06-30
361167,349.0,349000.0,SOUTHSIDE BANK,2025-09-30
361167,19384.0,19384000.0,SOUTHSIDE BANK,2025-12-31
361167,19845.0,19845000.0,SOUTHSIDE BANK,2026-03-31
3614976,5006.0,5006000.0,FVCBANK,2025-09-30
3614976,13625.0,13625000.0,FVCBANK,2025-12-31
3614976,14897.0,14897000.0,FVCBANK,2026-03-31
3630323,40140.0,40140000.0,THIRD COAST BANK,2025-06-30
3630323,62918.0,62918000.0,THIRD COAST BANK,2025-09-30
3630323,103161.0,103161000.0,THIRD COAST BANK,2025-12-31
3630323,46943.0,46943000.0,THIRD COAST BANK,2026-03-31
3637685,919048.0,919048000.0,FIRST FOUNDATION BANK,2025-06-30
3637685,908081.0,908081000.0,FIRST FOUNDATION BANK,2025-09-30
3637685,631607.0,631607000.0,FIRST FOUNDATION BANK,2025-12-31
3637685,347542.0,347542000.0,FIRST FOUNDATION BANK,2026-03-31
3650808,732175.0,732175000.0,LIVE OAK BANKING COMPANY,2025-06-30
3650808,871035.0,871035000.0,LIVE OAK BANKING COMPANY,2025-09-30
3650808,986463.0,986463000.0,LIVE OAK BANKING COMPANY,2025-12-31
3650808,1118723.0,1118723000.0,LIVE OAK BANKING COMPANY,2026-03-31
365325,404982.0,404982000.0,UNITED BANK,2025-06-30
365325,309993.0,309993000.0,UNITED BANK,2025-09-30
365325,361492.0,361492000.0,UNITED BANK,2025-12-31
365325,330355.0,330355000.0,UNITED BANK,2026-03-31
366854,562.0,562000.0,KENDALL BANK,2025-12-31
366854,87.0,87000.0,KENDALL BANK,2026-03-31
3688043,31690.0,31690000.0,PARKSIDE FINANCIAL BANK AND TRUST,2025-06-30
3688043,24398.0,24398000.0,PARKSIDE FINANCIAL BANK AND TRUST,2025-09-30
3688043,28035.0,28035000.0,PARKSIDE FINANCIAL BANK AND TRUST,2025-12-31
3688043,27160.0,27160000.0,PARKSIDE FINANCIAL BANK AND TRUST,2026-03-31
3690121,37675.0,37675000.0,LIBERTY CAPITAL BANK,2025-06-30
3690121,53383.0,53383000.0,LIBERTY CAPITAL BANK,2025-09-30
3690121,38654.0,38654000.0,LIBERTY CAPITAL BANK,2025-12-31
3690121,13182.0,13182000.0,LIBERTY CAPITAL BANK,2026-03-31
3690635,19995.0,19995000.0,MEGA BANK,2025-06-30
3690635,18188.0,18188000.0,MEGA BANK,2025-09-30
3690635,16510.0,16510000.0,MEGA BANK,2025-12-31
3690635,15488.0,15488000.0,MEGA BANK,2026-03-31
3690701,11200.0,11200000.0,PRIME MERIDIAN BANK,2025-06-30
3690701,11200.0,11200000.0,PRIME MERIDIAN BANK,2025-09-30
3690701,11200.0,11200000.0,PRIME MERIDIAN BANK,2025-12-31
369659,39416.0,39416000.0,FIRST NATIONAL BANK OF CENTRAL TEXAS,2025-06-30
369659,37802.0,37802000.0,FIRST NATIONAL BANK OF CENTRAL TEXAS,2025-09-30
369659,23457.0,23457000.0,FIRST NATIONAL BANK OF CENTRAL TEXAS,2025-12-31
369659,25901.0,25901000.0,FIRST NATIONAL BANK OF CENTRAL TEXAS,2026-03-31
370020,24614.0,24614000.0,"PENDLETON COMMUNITY BANK, INC.",2025-12-31
370020,19471.0,19471000.0,"PENDLETON COMMUNITY BANK, INC.",2026-03-31
370347,110.0,110000.0,"FIRST NATIONAL BANK OF LITCHFIELD, THE",2025-06-30
370347,90.0,90000.0,"FIRST NATIONAL BANK OF LITCHFIELD, THE",2025-09-30
370347,50.0,50000.0,"FIRST NATIONAL BANK OF LITCHFIELD, THE",2025-12-31
371232,4796.0,4796000.0,FIRST COMMUNITY BANK AND TRUST,2025-06-30
371232,4768.0,4768000.0,FIRST COMMUNITY BANK AND TRUST,2025-09-30
371232,4904.0,4904000.0,FIRST COMMUNITY BANK AND TRUST,2025-12-31
371232,4757.0,4757000.0,FIRST COMMUNITY BANK AND TRUST,2026-03-31
3720,57.0,57000.0,"BANK OF CLARENDON, THE",2025-06-30
3720,57.0,57000.0,"BANK OF CLARENDON, THE",2025-09-30
3720,57.0,57000.0,"BANK OF CLARENDON, THE",2025-12-31
3720,57.0,57000.0,"BANK OF CLARENDON, THE",2026-03-31
3720608,3504.0,3504000.0,OAKWORTH CAPITAL BANK,2025-09-30
3720608,4635.0,4635000.0,OAKWORTH CAPITAL BANK,2025-12-31
3720608,8071.0,8071000.0,OAKWORTH CAPITAL BANK,2026-03-31
375043,10911.0,10911000.0,"PEOPLES NATIONAL BANK, NATIONAL ASSOCIATION",2025-06-30
375043,10911.0,10911000.0,"PEOPLES NATIONAL BANK, NATIONAL ASSOCIATION",2025-09-30
375043,10911.0,10911000.0,"PEOPLES NATIONAL BANK, NATIONAL ASSOCIATION",2025-12-31
375043,10911.0,10911000.0,"PEOPLES NATIONAL BANK, NATIONAL ASSOCIATION",2026-03-31
375502,284154.0,284154000.0,BANKPROV,2025-06-30
375502,252208.0,252208000.0,BANKPROV,2025-09-30
3783313,1302264.0,1302264000.0,CROSS RIVER BANK,2025-06-30
3783313,1381086.0,1381086000.0,CROSS RIVER BANK,2025-09-30
3783313,1382372.0,1382372000.0,CROSS RIVER BANK,2025-12-31
3783313,1547270.0,1547270000.0,CROSS RIVER BANK,2026-03-31
379920,450675.0,450675000.0,FIRST NATIONAL BANK OF PENNSYLVANIA,2025-06-30
379920,471790.0,471790000.0,FIRST NATIONAL BANK OF PENNSYLVANIA,2025-09-30
379920,529726.0,529726000.0,FIRST NATIONAL BANK OF PENNSYLVANIA,2025-12-31
379920,481779.0,481779000.0,FIRST NATIONAL BANK OF PENNSYLVANIA,2026-03-31
380533,9017.0,9017000.0,LONGVIEW BANK,2025-12-31
380533,12000.0,12000000.0,LONGVIEW BANK,2026-03-31
380878,5193.0,5193000.0,GREENWAY BANK,2025-06-30
380878,503.0,503000.0,GREENWAY BANK,2025-09-30
380878,1.0,1000.0,GREENWAY BANK,2025-12-31
381026,1500.0,1500000.0,"TWIN VALLEY BANK, THE",2025-09-30
381026,1500.0,1500000.0,"TWIN VALLEY BANK, THE",2025-12-31
381026,1247.0,1247000.0,"TWIN VALLEY BANK, THE",2026-03-31
382050,5167.0,5167000.0,CENTRAL SAVINGS BANK,2025-06-30
382050,4087.0,4087000.0,CENTRAL SAVINGS BANK,2025-09-30
382050,28918.0,28918000.0,CENTRAL SAVINGS BANK,2025-12-31
382050,23250.0,23250000.0,CENTRAL SAVINGS BANK,2026-03-31
3821037,323.0,323000.0,R BANK,2025-06-30
3821037,365.0,365000.0,R BANK,2025-09-30
3821037,365.0,365000.0,R BANK,2025-12-31
3821037,428.0,428000.0,R BANK,2026-03-31
382649,987.0,987000.0,FIRST SOUTHERN BANK,2025-06-30
382649,988.0,988000.0,FIRST SOUTHERN BANK,2025-09-30
382649,988.0,988000.0,FIRST SOUTHERN BANK,2025-12-31
382649,993.0,993000.0,FIRST SOUTHERN BANK,2026-03-31
3832127,885.0,885000.0,PROMISEONE BANK,2025-06-30
3832127,768.0,768000.0,PROMISEONE BANK,2025-09-30
3832127,987.0,987000.0,PROMISEONE BANK,2025-12-31
3832127,695.0,695000.0,PROMISEONE BANK,2026-03-31
3835454,7317.0,7317000.0,ROYAL BUSINESS BANK,2025-06-30
3835454,6791.0,6791000.0,ROYAL BUSINESS BANK,2025-09-30
3835454,6596.0,6596000.0,ROYAL BUSINESS BANK,2025-12-31
3835454,4263.0,4263000.0,ROYAL BUSINESS BANK,2026-03-31
384278,224472.0,224472000.0,FIRST FEDERAL BANK,2025-06-30
384278,200115.0,200115000.0,FIRST FEDERAL BANK,2025-09-30
384278,209510.0,209510000.0,FIRST FEDERAL BANK,2025-12-31
384278,200341.0,200341000.0,FIRST FEDERAL BANK,2026-03-31
384652,169724.0,169724000.0,"DALLAS CAPITAL BANK, NATIONAL ASSOCIATION",2025-06-30
384652,129109.0,129109000.0,"DALLAS CAPITAL BANK, NATIONAL ASSOCIATION",2025-09-30
384652,141066.0,141066000.0,"DALLAS CAPITAL BANK, NATIONAL ASSOCIATION",2025-12-31
384652,154696.0,154696000.0,"DALLAS CAPITAL BANK, NATIONAL ASSOCIATION",2026-03-31
389358,213.0,213000.0,SECURITY STATE BANK,2025-09-30
391418,47581.0,47581000.0,FIRST & PEOPLES BANK AND TRUST COMPANY,2025-06-30
391418,26963.0,26963000.0,FIRST & PEOPLES BANK AND TRUST COMPANY,2025-09-30
391418,26040.0,26040000.0,FIRST & PEOPLES BANK AND TRUST COMPANY,2025-12-31
391418,25152.0,25152000.0,FIRST & PEOPLES BANK AND TRUST COMPANY,2026-03-31
392255,19.0,19000.0,FIRST NATIONAL BANK,2025-09-30
393355,1900.0,1900000.0,BANK OF WESTON,2025-06-30
393355,1900.0,1900000.0,BANK OF WESTON,2025-09-30
393355,1900.0,1900000.0,BANK OF WESTON,2025-12-31
393355,1900.0,1900000.0,BANK OF WESTON,2026-03-31
3938186,2008677.0,2008677000.0,"BANKUNITED, NATIONAL ASSOCIATION",2025-06-30
3938186,1974368.0,1974368000.0,"BANKUNITED, NATIONAL ASSOCIATION",2025-09-30
3938186,2211631.0,2211631000.0,"BANKUNITED, NATIONAL ASSOCIATION",2025-12-31
3938186,2245505.0,2245505000.0,"BANKUNITED, NATIONAL ASSOCIATION",2026-03-31
3943210,3000.0,3000000.0,LIBERTY BANK,2025-06-30
3943210,2500.0,2500000.0,LIBERTY BANK,2025-09-30
3943210,2500.0,2500000.0,LIBERTY BANK,2025-12-31
3943210,2500.0,2500000.0,LIBERTY BANK,2026-03-31
395238,5001597.0,5001597000.0,SYNOVUS BANK,2025-06-30
395238,5240648.0,5240648000.0,SYNOVUS BANK,2025-09-30
395238,5213229.0,5213229000.0,SYNOVUS BANK,2025-12-31
399517,5786.0,5786000.0,CNB BANK,2025-06-30
399517,3228.0,3228000.0,CNB BANK,2025-09-30
399517,1290.0,1290000.0,CNB BANK,2025-12-31
399517,1.0,1000.0,CNB BANK,2026-03-31
400141,6908.0,6908000.0,"FNB BANK, INC.",2025-06-30
400141,6771.0,6771000.0,"FNB BANK, INC.",2025-09-30
400141,6631.0,6631000.0,"FNB BANK, INC.",2025-12-31
400141,6489.0,6489000.0,"FNB BANK, INC.",2026-03-31
400365,2000.0,2000000.0,"FIRST COMMERCIAL BANK, NATIONAL ASSOCIATION",2025-06-30
400365,2000.0,2000000.0,"FIRST COMMERCIAL BANK, NATIONAL ASSOCIATION",2025-09-30
401906,500.0,500000.0,SKOWHEGAN SAVINGS BANK,2025-06-30
401906,500.0,500000.0,SKOWHEGAN SAVINGS BANK,2025-09-30
401906,500.0,500000.0,SKOWHEGAN SAVINGS BANK,2025-12-31
401906,500.0,500000.0,SKOWHEGAN SAVINGS BANK,2026-03-31
403151,52435.0,52435000.0,CORNERSTONE BANK,2025-06-30
403151,50445.0,50445000.0,CORNERSTONE BANK,2025-09-30
403151,57569.0,57569000.0,CORNERSTONE BANK,2025-12-31
403151,39173.0,39173000.0,CORNERSTONE BANK,2026-03-31
403179,18941.0,18941000.0,FIRST FED BANK,2025-12-31
403179,41951.0,41951000.0,FIRST FED BANK,2026-03-31
403946,16000.0,16000000.0,"PARK BANK, THE",2025-06-30
403946,11000.0,11000000.0,"PARK BANK, THE",2025-09-30
403946,11000.0,11000000.0,"PARK BANK, THE",2025-12-31
403946,7000.0,7000000.0,"PARK BANK, THE",2026-03-31
406059,3000.0,3000000.0,NBT FINANCIAL BANK,2025-06-30
406059,1000.0,1000000.0,NBT FINANCIAL BANK,2025-09-30
406059,1000.0,1000000.0,NBT FINANCIAL BANK,2025-12-31
406059,2695.0,2695000.0,NBT FINANCIAL BANK,2026-03-31
407168,791.0,791000.0,FIRST STATE BANK,2025-12-31
407168,739.0,739000.0,FIRST STATE BANK,2026-03-31
407506,25271.0,25271000.0,ION BANK,2025-06-30
407506,26146.0,26146000.0,ION BANK,2025-09-30
407506,35203.0,35203000.0,ION BANK,2025-12-31
407506,35985.0,35985000.0,ION BANK,2026-03-31
408642,251689.0,251689000.0,BANKERS' BANK,2025-06-30
408642,266264.0,266264000.0,BANKERS' BANK,2025-09-30
408642,282117.0,282117000.0,BANKERS' BANK,2025-12-31
408642,291772.0,291772000.0,BANKERS' BANK,2026-03-31
408875,46265.0,46265000.0,"AXIOM BANK, NATIONAL ASSOCIATION",2025-06-30
408875,36644.0,36644000.0,"AXIOM BANK, NATIONAL ASSOCIATION",2025-09-30
408875,31546.0,31546000.0,"AXIOM BANK, NATIONAL ASSOCIATION",2025-12-31
408875,33568.0,33568000.0,"AXIOM BANK, NATIONAL ASSOCIATION",2026-03-31
412751,545678.0,545678000.0,WOODFOREST NATIONAL BANK,2025-06-30
412751,541017.0,541017000.0,WOODFOREST NATIONAL BANK,2025-09-30
412751,581940.0,581940000.0,WOODFOREST NATIONAL BANK,2025-12-31
412751,553796.0,553796000.0,WOODFOREST NATIONAL BANK,2026-03-31
413208,8254516.0,8254516000.0,"HSBC BANK USA, NATIONAL ASSOCIATION",2025-06-30
413208,8011328.0,8011328000.0,"HSBC BANK USA, NATIONAL ASSOCIATION",2025-09-30
413208,8079255.0,8079255000.0,"HSBC BANK USA, NATIONAL ASSOCIATION",2025-12-31
413208,9525981.0,9525981000.0,"HSBC BANK USA, NATIONAL ASSOCIATION",2026-03-31
416245,91166.0,91166000.0,BUSEY BANK,2025-06-30
416245,102909.0,102909000.0,BUSEY BANK,2025-09-30
416245,489519.0,489519000.0,BUSEY BANK,2025-12-31
416245,495019.0,495019000.0,BUSEY BANK,2026-03-31
41629,12281.0,12281000.0,PIONEER BANK,2025-12-31
41629,8581.0,8581000.0,PIONEER BANK,2026-03-31
416674,22.0,22000.0,"KS BANK, INC.",2025-06-30
416674,19.0,19000.0,"KS BANK, INC.",2025-09-30
416674,16.0,16000.0,"KS BANK, INC.",2025-12-31
416674,12.0,12000.0,"KS BANK, INC.",2026-03-31
417710,672.0,672000.0,"PINNACLE BANK, INC",2025-06-30
417710,713.0,713000.0,"PINNACLE BANK, INC",2025-09-30
417710,629.0,629000.0,"PINNACLE BANK, INC",2025-12-31
417710,588.0,588000.0,"PINNACLE BANK, INC",2026-03-31
418249,16700.0,16700000.0,"THE SECURITY NATIONAL BANK OF SIOUX CITY, IOWA",2025-06-30
418249,16773.0,16773000.0,"THE SECURITY NATIONAL BANK OF SIOUX CITY, IOWA",2025-09-30
418249,16029.0,16029000.0,"THE SECURITY NATIONAL BANK OF SIOUX CITY, IOWA",2025-12-31
418249,15756.0,15756000.0,"THE SECURITY NATIONAL BANK OF SIOUX CITY, IOWA",2026-03-31
420644,1987.0,1987000.0,"PEOPLES COMMUNITY BANK, THE",2025-06-30
420644,1987.0,1987000.0,"PEOPLES COMMUNITY BANK, THE",2025-09-30
420644,1987.0,1987000.0,"PEOPLES COMMUNITY BANK, THE",2025-12-31
420644,1987.0,1987000.0,"PEOPLES COMMUNITY BANK, THE",2026-03-31
4210227,45000.0,45000000.0,NBH BANK,2025-12-31
421539,3602.0,3602000.0,FIRST PEOPLES BANK OF TENNESSEE,2025-09-30
421539,186.0,186000.0,FIRST PEOPLES BANK OF TENNESSEE,2025-12-31
421539,3032.0,3032000.0,FIRST PEOPLES BANK OF TENNESSEE,2026-03-31
422433,33467.0,33467000.0,FIRST GUARANTY BANK,2025-09-30
422433,33467.0,33467000.0,FIRST GUARANTY BANK,2025-12-31
422433,89530.0,89530000.0,FIRST GUARANTY BANK,2026-03-31
42448,67.0,67000.0,FIRST NATIONAL BANK,2025-09-30
42448,66.0,66000.0,FIRST NATIONAL BANK,2025-12-31
42448,75.0,75000.0,FIRST NATIONAL BANK,2026-03-31
426534,65777.0,65777000.0,HEARTLAND BANK AND TRUST COMPANY,2025-06-30
426534,93138.0,93138000.0,HEARTLAND BANK AND TRUST COMPANY,2025-09-30
426534,82939.0,82939000.0,HEARTLAND BANK AND TRUST COMPANY,2025-12-31
426534,74301.0,74301000.0,HEARTLAND BANK AND TRUST COMPANY,2026-03-31
428060,10436.0,10436000.0,CENTRAL NATIONAL BANK,2025-12-31
428060,10990.0,10990000.0,CENTRAL NATIONAL BANK,2026-03-31
428547,75545.0,75545000.0,"ST. CHARLES BANK & TRUST COMPANY, NATIONAL ASSOCIATION",2025-06-30
428547,138718.0,138718000.0,"ST. CHARLES BANK & TRUST COMPANY, NATIONAL ASSOCIATION",2025-09-30
428547,179852.0,179852000.0,"ST. CHARLES BANK & TRUST COMPANY, NATIONAL ASSOCIATION",2025-12-31
428547,161954.0,161954000.0,"ST. CHARLES BANK & TRUST COMPANY, NATIONAL ASSOCIATION",2026-03-31
431172,55667.0,55667000.0,"PACIFIC PREMIER BANK, NATIONAL ASSOCIATION",2025-06-30
435255,3000.0,3000000.0,SECURITY BANK MIDWEST,2026-03-31
435750,44310.0,44310000.0,FIRST STATE BANK,2025-06-30
435750,47683.0,47683000.0,FIRST STATE BANK,2025-09-30
435750,32157.0,32157000.0,FIRST STATE BANK,2025-12-31
435750,1176.0,1176000.0,FIRST STATE BANK,2026-03-31
436159,23578.0,23578000.0,FIRSTBANK,2025-06-30
436159,23580.0,23580000.0,FIRSTBANK,2025-09-30
436159,25514.0,25514000.0,FIRSTBANK,2025-12-31
436159,69410.0,69410000.0,FIRSTBANK,2026-03-31
437914,463344.0,463344000.0,"WILMINGTON SAVINGS FUND SOCIETY, FSB",2025-06-30
437914,420830.0,420830000.0,"WILMINGTON SAVINGS FUND SOCIETY, FSB",2025-09-30
437914,415430.0,415430000.0,"WILMINGTON SAVINGS FUND SOCIETY, FSB",2025-12-31
437914,443828.0,443828000.0,"WILMINGTON SAVINGS FUND SOCIETY, FSB",2026-03-31
43856,558.0,558000.0,"MINERS NATIONAL BANK OF EVELETH, THE",2025-06-30
43856,519.0,519000.0,"MINERS NATIONAL BANK OF EVELETH, THE",2025-09-30
43856,478.0,478000.0,"MINERS NATIONAL BANK OF EVELETH, THE",2025-12-31
43856,437.0,437000.0,"MINERS NATIONAL BANK OF EVELETH, THE",2026-03-31
439338,2767.0,2767000.0,UNITED COMMUNITY BANK,2025-06-30
439338,2422.0,2422000.0,UNITED COMMUNITY BANK,2025-09-30
439338,2371.0,2371000.0,UNITED COMMUNITY BANK,2025-12-31
439338,2318.0,2318000.0,UNITED COMMUNITY BANK,2026-03-31
442244,5844.0,5844000.0,NORTHEAST SECURITY BANK,2025-06-30
442244,5209.0,5209000.0,NORTHEAST SECURITY BANK,2025-09-30
442244,5097.0,5097000.0,NORTHEAST SECURITY BANK,2025-12-31
442244,4956.0,4956000.0,NORTHEAST SECURITY BANK,2026-03-31
450632,745.0,745000.0,FIRST NATIONAL COMMUNITY BANK,2025-06-30
450632,2411.0,2411000.0,FIRST NATIONAL COMMUNITY BANK,2025-09-30
450632,1251.0,1251000.0,FIRST NATIONAL COMMUNITY BANK,2025-12-31
450632,621.0,621000.0,FIRST NATIONAL COMMUNITY BANK,2026-03-31
450856,82819.0,82819000.0,UNION BANK AND TRUST COMPANY,2025-06-30
450856,124052.0,124052000.0,UNION BANK AND TRUST COMPANY,2025-09-30
450856,148952.0,148952000.0,UNION BANK AND TRUST COMPANY,2025-12-31
450856,141283.0,141283000.0,UNION BANK AND TRUST COMPANY,2026-03-31
451246,1748.0,1748000.0,WAYNE BANK AND TRUST CO.,2025-12-31
451965,155191000.0,155191000000.0,"WELLS FARGO BANK, NATIONAL ASSOCIATION",2025-06-30
451965,164785000.0,164785000000.0,"WELLS FARGO BANK, NATIONAL ASSOCIATION",2025-09-30
451965,186720000.0,186720000000.0,"WELLS FARGO BANK, NATIONAL ASSOCIATION",2025-12-31
451965,201617000.0,201617000000.0,"WELLS FARGO BANK, NATIONAL ASSOCIATION",2026-03-31
455459,5985.0,5985000.0,MAVERICK BANK,2026-03-31
45551,15000.0,15000000.0,BANK MIDWEST,2025-06-30
45551,15000.0,15000000.0,BANK MIDWEST,2025-09-30
45551,15000.0,15000000.0,BANK MIDWEST,2025-12-31
45551,15000.0,15000000.0,BANK MIDWEST,2026-03-31
45560,250.0,250000.0,JEFFERSON BANK,2025-06-30
45560,193.0,193000.0,JEFFERSON BANK,2025-09-30
45560,176.0,176000.0,JEFFERSON BANK,2025-12-31
45560,158.0,158000.0,JEFFERSON BANK,2026-03-31
455972,5326.0,5326000.0,PEOPLES BANK,2025-06-30
455972,5245.0,5245000.0,PEOPLES BANK,2025-09-30
455972,5096.0,5096000.0,PEOPLES BANK,2025-12-31
455972,2761.0,2761000.0,PEOPLES BANK,2026-03-31
456045,33325.0,33325000.0,CENTENNIAL BANK,2025-06-30
456045,36159.0,36159000.0,CENTENNIAL BANK,2025-09-30
456045,24844.0,24844000.0,CENTENNIAL BANK,2025-12-31
456045,25162.0,25162000.0,CENTENNIAL BANK,2026-03-31
458665,3022.0,3022000.0,"FIRST NATIONAL BANK OF STANTON, THE",2025-06-30
458665,2599.0,2599000.0,"FIRST NATIONAL BANK OF STANTON, THE",2025-09-30
458665,2600.0,2600000.0,"FIRST NATIONAL BANK OF STANTON, THE",2025-12-31
458665,2618.0,2618000.0,"FIRST NATIONAL BANK OF STANTON, THE",2026-03-31
459130,20.0,20000.0,GULF COAST BANK,2025-06-30
459130,20.0,20000.0,GULF COAST BANK,2025-09-30
459130,20.0,20000.0,GULF COAST BANK,2025-12-31
459130,20.0,20000.0,GULF COAST BANK,2026-03-31
459644,594.0,594000.0,FIRST COMMUNITY BANK OF MOULTRIE COUNTY,2025-06-30
459644,390.0,390000.0,FIRST COMMUNITY BANK OF MOULTRIE COUNTY,2025-09-30
459644,597.0,597000.0,FIRST COMMUNITY BANK OF MOULTRIE COUNTY,2025-12-31
459644,268.0,268000.0,FIRST COMMUNITY BANK OF MOULTRIE COUNTY,2026-03-31
463735,455584.0,455584000.0,HANCOCK WHITNEY BANK,2025-06-30
463735,407737.0,407737000.0,HANCOCK WHITNEY BANK,2025-09-30
463735,462970.0,462970000.0,HANCOCK WHITNEY BANK,2025-12-31
463735,447252.0,447252000.0,HANCOCK WHITNEY BANK,2026-03-31
468673,2563.0,2563000.0,"HOME LOAN SAVINGS BANK, THE",2025-06-30
468673,2563.0,2563000.0,"HOME LOAN SAVINGS BANK, THE",2025-09-30
468673,2563.0,2563000.0,"HOME LOAN SAVINGS BANK, THE",2025-12-31
468673,2563.0,2563000.0,"HOME LOAN SAVINGS BANK, THE",2026-03-31
468806,771637.0,771637000.0,NORTHEAST BANK,2025-12-31
468806,896273.0,896273000.0,NORTHEAST BANK,2026-03-31
470050,55025.0,55025000.0,FIRST FINANCIAL BANK,2025-09-30
470050,62816.0,62816000.0,FIRST FINANCIAL BANK,2025-12-31
470050,54704.0,54704000.0,FIRST FINANCIAL BANK,2026-03-31
473266,21250.0,21250000.0,TEXAS FIRST BANK,2025-06-30
473266,15500.0,15500000.0,TEXAS FIRST BANK,2025-09-30
473266,15500.0,15500000.0,TEXAS FIRST BANK,2025-12-31
473266,15500.0,15500000.0,TEXAS FIRST BANK,2026-03-31
473501,561.0,561000.0,BERKSHIRE BANK,2025-06-30
474254,26306.0,26306000.0,BROADWAY NATIONAL BANK,2025-06-30
474254,66120.0,66120000.0,BROADWAY NATIONAL BANK,2025-09-30
474254,62227.0,62227000.0,BROADWAY NATIONAL BANK,2025-12-31
474254,58506.0,58506000.0,BROADWAY NATIONAL BANK,2026-03-31
474759,126126.0,126126000.0,"SUNFLOWER BANK, NATIONAL ASSOCIATION",2025-06-30
474759,369476.0,369476000.0,"SUNFLOWER BANK, NATIONAL ASSOCIATION",2025-09-30
474759,500316.0,500316000.0,"SUNFLOWER BANK, NATIONAL ASSOCIATION",2025-12-31
474759,469686.0,469686000.0,"SUNFLOWER BANK, NATIONAL ASSOCIATION",2026-03-31
474919,36911.0,36911000.0,"FULTON BANK, NATIONAL ASSOCIATION",2025-06-30
474919,139781.0,139781000.0,"FULTON BANK, NATIONAL ASSOCIATION",2025-09-30
474919,137936.0,137936000.0,"FULTON BANK, NATIONAL ASSOCIATION",2025-12-31
474919,131079.0,131079000.0,"FULTON BANK, NATIONAL ASSOCIATION",2026-03-31
475354,6000.0,6000000.0,FARMERS STATE BANK,2025-06-30
475354,6000.0,6000000.0,FARMERS STATE BANK,2025-09-30
475354,6000.0,6000000.0,FARMERS STATE BANK,2025-12-31
475354,6000.0,6000000.0,FARMERS STATE BANK,2026-03-31
475653,4000.0,4000000.0,MOUNTAIN VALLEY BANK,2025-06-30
475653,4000.0,4000000.0,MOUNTAIN VALLEY BANK,2025-09-30
475653,4000.0,4000000.0,MOUNTAIN VALLEY BANK,2025-12-31
475653,4000.0,4000000.0,MOUNTAIN VALLEY BANK,2026-03-31
476810,66439000.0,66439000000.0,"CITIBANK, N.A.",2025-06-30
476810,71894000.0,71894000000.0,"CITIBANK, N.A.",2025-09-30
476810,77611000.0,77611000000.0,"CITIBANK, N.A.",2025-12-31
476810,79559000.0,79559000000.0,"CITIBANK, N.A.",2026-03-31
477303,934.0,934000.0,WOODSVILLE GUARANTY SAVINGS BANK,2025-06-30
477321,19360.0,19360000.0,CONSUMERS NATIONAL BANK,2025-12-31
477321,19130.0,19130000.0,CONSUMERS NATIONAL BANK,2026-03-31
477648,4935.0,4935000.0,FARMERS STATE BANK,2025-06-30
477648,4935.0,4935000.0,FARMERS STATE BANK,2025-09-30
477648,4835.0,4835000.0,FARMERS STATE BANK,2025-12-31
477648,4515.0,4515000.0,FARMERS STATE BANK,2026-03-31
479370,1791.0,1791000.0,HIGH COUNTRY BANK,2025-06-30
479370,1521.0,1521000.0,HIGH COUNTRY BANK,2025-09-30
479370,2339.0,2339000.0,HIGH COUNTRY BANK,2025-12-31
479370,3680.0,3680000.0,HIGH COUNTRY BANK,2026-03-31
479446,7093.0,7093000.0,CITIZENS STATE BANK OF LOYAL,2025-06-30
479446,6974.0,6974000.0,CITIZENS STATE BANK OF LOYAL,2025-09-30
479446,9656.0,9656000.0,CITIZENS STATE BANK OF LOYAL,2025-12-31
479446,9243.0,9243000.0,CITIZENS STATE BANK OF LOYAL,2026-03-31
479754,125.0,125000.0,COMMERCIAL STATE BANK,2025-12-31
480228,143604000.0,143604000000.0,"BANK OF AMERICA, NATIONAL ASSOCIATION",2025-06-30
480228,151343000.0,151343000000.0,"BANK OF AMERICA, NATIONAL ASSOCIATION",2025-09-30
480228,151170000.0,151170000000.0,"BANK OF AMERICA, NATIONAL ASSOCIATION",2025-12-31
480228,157955000.0,157955000000.0,"BANK OF AMERICA, NATIONAL ASSOCIATION",2026-03-31
482156,34094.0,34094000.0,FARMERS BANK & TRUST,2025-06-30
482156,47636.0,47636000.0,FARMERS BANK & TRUST,2025-09-30
482156,49305.0,49305000.0,FARMERS BANK & TRUST,2025-12-31
482156,48266.0,48266000.0,FARMERS BANK & TRUST,2026-03-31
485559,7696080.0,7696080000.0,FIRST HORIZON BANK,2025-06-30
485559,7776222.0,7776222000.0,FIRST HORIZON BANK,2025-09-30
485559,8568247.0,8568247000.0,FIRST HORIZON BANK,2025-12-31
485559,8729024.0,8729024000.0,FIRST HORIZON BANK,2026-03-31
487357,707.0,707000.0,TOWN & COUNTRY BANK,2025-06-30
487357,707.0,707000.0,TOWN & COUNTRY BANK,2025-09-30
487357,606.0,606000.0,TOWN & COUNTRY BANK,2025-12-31
487357,606.0,606000.0,TOWN & COUNTRY BANK,2026-03-31
489623,292999.0,292999000.0,"PARK NATIONAL BANK, THE",2025-06-30
489623,260831.0,260831000.0,"PARK NATIONAL BANK, THE",2025-09-30
489623,274133.0,274133000.0,"PARK NATIONAL BANK, THE",2025-12-31
489623,268886.0,268886000.0,"PARK NATIONAL BANK, THE",2026-03-31
491224,30801000.0,30801000000.0,FIRST-CITIZENS BANK & TRUST COMPANY,2025-06-30
491224,33590000.0,33590000000.0,FIRST-CITIZENS BANK & TRUST COMPANY,2025-09-30
491224,37593000.0,37593000000.0,FIRST-CITIZENS BANK & TRUST COMPANY,2025-12-31
491224,38780000.0,38780000000.0,FIRST-CITIZENS BANK & TRUST COMPANY,2026-03-31
49148,2099.0,2099000.0,RUSHVILLE STATE BANK,2025-06-30
49148,2016.0,2016000.0,RUSHVILLE STATE BANK,2025-09-30
49148,2016.0,2016000.0,RUSHVILLE STATE BANK,2025-12-31
49148,1941.0,1941000.0,RUSHVILLE STATE BANK,2026-03-31
491934,495.0,495000.0,COLONY BANK,2025-09-30
494261,4147312.0,4147312000.0,BANC OF CALIFORNIA,2025-06-30
494261,4333899.0,4333899000.0,BANC OF CALIFORNIA,2025-09-30
494261,5122046.0,5122046000.0,BANC OF CALIFORNIA,2025-12-31
494261,5130594.0,5130594000.0,BANC OF CALIFORNIA,2026-03-31
495558,17.0,17000.0,FIRST NEW MEXICO BANK OF SILVER CITY,2025-09-30
497039,23828.0,23828000.0,COMMERCIAL BANK,2025-12-31
497039,23828.0,23828000.0,COMMERCIAL BANK,2026-03-31
497404,10688699.0,10688699000.0,"TD BANK, NATIONAL ASSOCIATION",2025-06-30
497404,9974010.0,9974010000.0,"TD BANK, NATIONAL ASSOCIATION",2025-09-30
497404,9371547.0,9371547000.0,"TD BANK, NATIONAL ASSOCIATION",2025-12-31
497404,9702030.0,9702030000.0,"TD BANK, NATIONAL ASSOCIATION",2026-03-31
497954,8026.0,8026000.0,TEXAS NATIONAL BANK,2025-06-30
497954,8026.0,8026000.0,TEXAS NATIONAL BANK,2025-09-30
497954,8026.0,8026000.0,TEXAS NATIONAL BANK,2025-12-31
498148,2.0,2000.0,FOCUS BANK,2025-06-30
498148,6.0,6000.0,FOCUS BANK,2025-09-30
498148,4.0,4000.0,FOCUS BANK,2025-12-31
498148,3.0,3000.0,FOCUS BANK,2026-03-31
498317,8500.0,8500000.0,"OHIO VALLEY BANK COMPANY, THE",2025-06-30
498317,8500.0,8500000.0,"OHIO VALLEY BANK COMPANY, THE",2025-09-30
498317,10560.0,10560000.0,"OHIO VALLEY BANK COMPANY, THE",2025-12-31
498317,9750.0,9750000.0,"OHIO VALLEY BANK COMPANY, THE",2026-03-31
498362,65163.0,65163000.0,AMERICAN NATIONAL BANK & TRUST,2025-06-30
498362,66649.0,66649000.0,AMERICAN NATIONAL BANK & TRUST,2025-09-30
498362,57245.0,57245000.0,AMERICAN NATIONAL BANK & TRUST,2025-12-31
498362,65726.0,65726000.0,AMERICAN NATIONAL BANK & TRUST,2026-03-31
499154,254.0,254000.0,HOME LOAN STATE BANK,2025-06-30
499154,493.0,493000.0,HOME LOAN STATE BANK,2025-09-30
499154,1682.0,1682000.0,HOME LOAN STATE BANK,2025-12-31
499154,449.0,449000.0,HOME LOAN STATE BANK,2026-03-31
499453,16357.0,16357000.0,FIRST STATE BANK NEBRASKA,2025-06-30
499453,15352.0,15352000.0,FIRST STATE BANK NEBRASKA,2025-09-30
499453,14917.0,14917000.0,FIRST STATE BANK NEBRASKA,2025-12-31
499453,14793.0,14793000.0,FIRST STATE BANK NEBRASKA,2026-03-31
499501,3020.0,3020000.0,MAINE COMMUNITY BANK,2025-06-30
499501,3014.0,3014000.0,MAINE COMMUNITY BANK,2025-09-30
499501,2831.0,2831000.0,MAINE COMMUNITY BANK,2025-12-31
499501,5379.0,5379000.0,MAINE COMMUNITY BANK,2026-03-31
501105,10795563.0,10795563000.0,MANUFACTURERS AND TRADERS TRUST COMPANY,2025-06-30
501105,11859702.0,11859702000.0,MANUFACTURERS AND TRADERS TRUST COMPANY,2025-09-30
501105,12478028.0,12478028000.0,MANUFACTURERS AND TRADERS TRUST COMPANY,2025-12-31
501105,13283000.0,13283000000.0,MANUFACTURERS AND TRADERS TRUST COMPANY,2026-03-31
504713,44040403.0,44040403000.0,U.S. BANK NATIONAL ASSOCIATION,2025-06-30
504713,45063016.0,45063016000.0,U.S. BANK NATIONAL ASSOCIATION,2025-09-30
504713,49886812.0,49886812000.0,U.S. BANK NATIONAL ASSOCIATION,2025-12-31
504713,50179492.0,50179492000.0,U.S. BANK NATIONAL ASSOCIATION,2026-03-31
505,127.0,127000.0,BALLSTON SPA NATIONAL BANK,2025-06-30
505,251.0,251000.0,BALLSTON SPA NATIONAL BANK,2025-09-30
505,245.0,245000.0,BALLSTON SPA NATIONAL BANK,2025-12-31
505,245.0,245000.0,BALLSTON SPA NATIONAL BANK,2026-03-31
509811,54925.0,54925000.0,"COMMUNITY TRUST BANK, INC.",2025-06-30
509811,42877.0,42877000.0,"COMMUNITY TRUST BANK, INC.",2025-09-30
509811,20392.0,20392000.0,"COMMUNITY TRUST BANK, INC.",2025-12-31
509811,7745.0,7745000.0,"COMMUNITY TRUST BANK, INC.",2026-03-31
509950,46265.0,46265000.0,FIRST UNITED BANK AND TRUST COMPANY,2025-06-30
509950,49768.0,49768000.0,FIRST UNITED BANK AND TRUST COMPANY,2025-09-30
509950,44389.0,44389000.0,FIRST UNITED BANK AND TRUST COMPANY,2025-12-31
509950,44382.0,44382000.0,FIRST UNITED BANK AND TRUST COMPANY,2026-03-31
510871,231483.0,231483000.0,FIRSTBANK PUERTO RICO,2025-06-30
510871,226478.0,226478000.0,FIRSTBANK PUERTO RICO,2025-09-30
510871,222978.0,222978000.0,FIRSTBANK PUERTO RICO,2025-12-31
510871,232068.0,232068000.0,FIRSTBANK PUERTO RICO,2026-03-31
510947,150.0,150000.0,FARMERS STATE BANK & TRUST CO.,2025-06-30
51253,6180.0,6180000.0,APEX BANK,2025-06-30
51253,6341.0,6341000.0,APEX BANK,2025-09-30
51253,6274.0,6274000.0,APEX BANK,2025-12-31
51253,6208.0,6208000.0,APEX BANK,2026-03-31
513256,1361.0,1361000.0,FIRST NATIONAL BANK COLORADO,2025-06-30
513256,1348.0,1348000.0,FIRST NATIONAL BANK COLORADO,2025-09-30
513256,1083.0,1083000.0,FIRST NATIONAL BANK COLORADO,2025-12-31
513256,1070.0,1070000.0,FIRST NATIONAL BANK COLORADO,2026-03-31
5143788,3856.0,3856000.0,WINTER PARK NATIONAL BANK,2025-06-30
5143788,4384.0,4384000.0,WINTER PARK NATIONAL BANK,2025-09-30
514655,7723.0,7723000.0,"TEXAS GULF BANK, NATIONAL ASSOCIATION",2025-06-30
514655,5600.0,5600000.0,"TEXAS GULF BANK, NATIONAL ASSOCIATION",2025-09-30
514655,5575.0,5575000.0,"TEXAS GULF BANK, NATIONAL ASSOCIATION",2025-12-31
514655,7087.0,7087000.0,"TEXAS GULF BANK, NATIONAL ASSOCIATION",2026-03-31
522454,154.0,154000.0,FIRST STATE BANK,2025-06-30
522454,160.0,160000.0,FIRST STATE BANK,2025-09-30
522454,185.0,185000.0,FIRST STATE BANK,2025-12-31
522454,156.0,156000.0,FIRST STATE BANK,2026-03-31
522605,42872.0,42872000.0,BAR HARBOR BANK AND TRUST COMPANY,2025-06-30
522605,43130.0,43130000.0,BAR HARBOR BANK AND TRUST COMPANY,2025-09-30
522605,38971.0,38971000.0,BAR HARBOR BANK AND TRUST COMPANY,2025-12-31
522605,41183.0,41183000.0,BAR HARBOR BANK AND TRUST COMPANY,2026-03-31
524953,1000.0,1000000.0,FIRST PRYORITY BANK,2025-06-30
524953,1000.0,1000000.0,FIRST PRYORITY BANK,2025-09-30
524953,1000.0,1000000.0,FIRST PRYORITY BANK,2025-12-31
524953,1000.0,1000000.0,FIRST PRYORITY BANK,2026-03-31
524971,2003.0,2003000.0,WESTBURY BANK,2025-06-30
524971,2003.0,2003000.0,WESTBURY BANK,2025-09-30
524971,2003.0,2003000.0,WESTBURY BANK,2025-12-31
524971,2003.0,2003000.0,WESTBURY BANK,2026-03-31
525549,29798.0,29798000.0,LAKE RIDGE BANK,2025-06-30
525549,28088.0,28088000.0,LAKE RIDGE BANK,2025-09-30
525549,30887.0,30887000.0,LAKE RIDGE BANK,2025-12-31
525549,29049.0,29049000.0,LAKE RIDGE BANK,2026-03-31
526452,750.0,750000.0,1ST FINANCIAL BANK USA,2025-06-30
526452,750.0,750000.0,1ST FINANCIAL BANK USA,2025-09-30
526452,750.0,750000.0,1ST FINANCIAL BANK USA,2026-03-31
527954,96514.0,96514000.0,FIRST NATIONAL BANK OF OMAHA,2025-06-30
527954,97954.0,97954000.0,FIRST NATIONAL BANK OF OMAHA,2025-09-30
527954,108044.0,108044000.0,FIRST NATIONAL BANK OF OMAHA,2025-12-31
527954,98829.0,98829000.0,FIRST NATIONAL BANK OF OMAHA,2026-03-31
528849,24707.0,24707000.0,HORICON BANK,2025-06-30
528849,24591.0,24591000.0,HORICON BANK,2025-09-30
528849,24444.0,24444000.0,HORICON BANK,2025-12-31
528849,21276.0,21276000.0,HORICON BANK,2026-03-31
529958,454895.0,454895000.0,"TIB, NATIONAL ASSOCIATION",2025-06-30
529958,441307.0,441307000.0,"TIB, NATIONAL ASSOCIATION",2025-09-30
529958,398174.0,398174000.0,"TIB, NATIONAL ASSOCIATION",2025-12-31
529958,442364.0,442364000.0,"TIB, NATIONAL ASSOCIATION",2026-03-31
531250,74864.0,74864000.0,CENTENNIAL BANK,2025-06-30
531250,67072.0,67072000.0,CENTENNIAL BANK,2025-09-30
531250,63322.0,63322000.0,CENTENNIAL BANK,2025-12-31
531250,60826.0,60826000.0,CENTENNIAL BANK,2026-03-31
5313312,5915.0,5915000.0,WATERMARK BANK,2025-06-30
5313312,3794.0,3794000.0,WATERMARK BANK,2025-09-30
5313312,4091.0,4091000.0,WATERMARK BANK,2025-12-31
5313312,4973.0,4973000.0,WATERMARK BANK,2026-03-31
5342974,12212.0,12212000.0,PIERMONT BANK,2025-06-30
5342974,6834.0,6834000.0,PIERMONT BANK,2025-09-30
5342974,9121.0,9121000.0,PIERMONT BANK,2025-12-31
5342974,16651.0,16651000.0,PIERMONT BANK,2026-03-31
5382514,13684.0,13684000.0,GULF CAPITAL BANK,2025-09-30
5382514,13797.0,13797000.0,GULF CAPITAL BANK,2025-12-31
5382514,11999.0,11999000.0,GULF CAPITAL BANK,2026-03-31
538802,60589.0,60589000.0,INTERAUDI BANK,2025-06-30
538802,61055.0,61055000.0,INTERAUDI BANK,2025-09-30
538802,52803.0,52803000.0,INTERAUDI BANK,2025-12-31
538802,55192.0,55192000.0,INTERAUDI BANK,2026-03-31
540551,21750.0,21750000.0,"BANKWEST, INCORPORATED",2025-06-30
540551,21500.0,21500000.0,"BANKWEST, INCORPORATED",2025-09-30
540551,21500.0,21500000.0,"BANKWEST, INCORPORATED",2025-12-31
540551,21500.0,21500000.0,"BANKWEST, INCORPORATED",2026-03-31
541101,6439000.0,6439000000.0,"BANK OF NEW YORK MELLON, THE",2025-06-30
541101,6293000.0,6293000000.0,"BANK OF NEW YORK MELLON, THE",2025-09-30
541101,7160000.0,7160000000.0,"BANK OF NEW YORK MELLON, THE",2025-12-31
541101,8461000.0,8461000000.0,"BANK OF NEW YORK MELLON, THE",2026-03-31
543459,3976.0,3976000.0,"DREAM FIRST BANK, NATIONAL ASSOCIATION",2025-06-30
543459,3986.0,3986000.0,"DREAM FIRST BANK, NATIONAL ASSOCIATION",2025-09-30
543459,3489.0,3489000.0,"DREAM FIRST BANK, NATIONAL ASSOCIATION",2025-12-31
543459,3498.0,3498000.0,"DREAM FIRST BANK, NATIONAL ASSOCIATION",2026-03-31
546003,11000.0,11000000.0,BANKNEWPORT,2025-06-30
546003,11000.0,11000000.0,BANKNEWPORT,2025-09-30
546003,16388.0,16388000.0,BANKNEWPORT,2025-12-31
546003,16291.0,16291000.0,BANKNEWPORT,2026-03-31
54973,193.0,193000.0,"AMERICAN SAVINGS BANK, F.S.B.",2025-06-30
54973,197.0,197000.0,"AMERICAN SAVINGS BANK, F.S.B.",2025-09-30
54973,21743.0,21743000.0,"AMERICAN SAVINGS BANK, F.S.B.",2025-12-31
54973,20686.0,20686000.0,"AMERICAN SAVINGS BANK, NATIONAL ASSOCIATION",2026-03-31
550448,698.0,698000.0,"STATE BANK, THE",2025-06-30
550448,355.0,355000.0,"STATE BANK, THE",2025-09-30
550448,346.0,346000.0,"STATE BANK, THE",2025-12-31
550448,336.0,336000.0,"STATE BANK, THE",2026-03-31
550952,690.0,690000.0,RSNB BANK,2025-06-30
550952,679.0,679000.0,RSNB BANK,2025-09-30
550952,668.0,668000.0,RSNB BANK,2025-12-31
550952,657.0,657000.0,RSNB BANK,2026-03-31
552974,8430.0,8430000.0,"SHELBY SAVINGS BANK, SSB",2025-06-30
552974,7951.0,7951000.0,"SHELBY SAVINGS BANK, SSB",2025-09-30
552974,7201.0,7201000.0,"SHELBY SAVINGS BANK, SSB",2025-12-31
552974,6751.0,6751000.0,"SHELBY SAVINGS BANK, SSB",2026-03-31
55635,985.0,985000.0,CITIZENS SAVINGS BANK AND TRUST COMPANY,2025-06-30
55635,985.0,985000.0,CITIZENS SAVINGS BANK AND TRUST COMPANY,2025-09-30
55635,986.0,986000.0,CITIZENS SAVINGS BANK AND TRUST COMPANY,2025-12-31
55635,986.0,986000.0,CITIZENS SAVINGS BANK AND TRUST COMPANY,2026-03-31
556459,10114.0,10114000.0,"KLEBERG BANK, N.A.",2025-06-30
556459,10965.0,10965000.0,"KLEBERG BANK, N.A.",2025-09-30
556459,11296.0,11296000.0,"KLEBERG BANK, N.A.",2025-12-31
556459,11983.0,11983000.0,"KLEBERG BANK, N.A.",2026-03-31
556936,3000.0,3000000.0,FORESIGHT BANK,2025-06-30
556936,2500.0,2500000.0,FORESIGHT BANK,2025-09-30
556936,2500.0,2500000.0,FORESIGHT BANK,2025-12-31
556936,2500.0,2500000.0,FORESIGHT BANK,2026-03-31
557317,500.0,500000.0,LINKBANK,2025-09-30
557317,500.0,500000.0,LINKBANK,2025-12-31
557317,500.0,500000.0,LINKBANK,2026-03-31
557858,17162.0,17162000.0,"INTRUST BANK, NATIONAL ASSOCIATION",2025-06-30
557858,30665.0,30665000.0,"INTRUST BANK, NATIONAL ASSOCIATION",2025-09-30
557858,30624.0,30624000.0,"INTRUST BANK, NATIONAL ASSOCIATION",2025-12-31
557858,24844.0,24844000.0,"INTRUST BANK, NATIONAL ASSOCIATION",2026-03-31
5592340,10519.0,10519000.0,CLIMATE FIRST BANK,2025-06-30
5592340,8287.0,8287000.0,CLIMATE FIRST BANK,2025-09-30
5592340,5396.0,5396000.0,CLIMATE FIRST BANK,2025-12-31
5592340,4486.0,4486000.0,CLIMATE FIRST BANK,2026-03-31
561574,1329.0,1329000.0,SUMMIT STATE BANK,2026-03-31
56351,1250.0,1250000.0,"VERABANK, NATIONAL ASSOCIATION",2025-06-30
56351,1250.0,1250000.0,"VERABANK, NATIONAL ASSOCIATION",2025-09-30
56351,1250.0,1250000.0,"VERABANK, NATIONAL ASSOCIATION",2025-12-31
56351,3153.0,3153000.0,"VERABANK, NATIONAL ASSOCIATION",2026-03-31
565750,10324.0,10324000.0,BANK OF WASHINGTON,2025-06-30
565750,10097.0,10097000.0,BANK OF WASHINGTON,2025-09-30
565750,9870.0,9870000.0,BANK OF WASHINGTON,2025-12-31
565750,9467.0,9467000.0,BANK OF WASHINGTON,2026-03-31
568359,8710.0,8710000.0,AMERICAN BANK OF FREEDOM,2025-06-30
568359,11216.0,11216000.0,AMERICAN BANK OF FREEDOM,2025-09-30
568359,10692.0,10692000.0,AMERICAN BANK OF FREEDOM,2025-12-31
568359,8050.0,8050000.0,AMERICAN BANK OF FREEDOM,2026-03-31
5686089,1245.0,1245000.0,NAVE BANK,2025-06-30
5686089,4447.0,4447000.0,NAVE BANK,2025-09-30
5686089,4947.0,4947000.0,NAVE BANK,2025-12-31
5686089,4947.0,4947000.0,NAVE BANK,2026-03-31
574976,4522.0,4522000.0,CASHMERE VALLEY BANK,2025-06-30
575254,19139.0,19139000.0,CITY BANK,2025-06-30
575254,28636.0,28636000.0,CITY BANK,2025-09-30
575254,45900.0,45900000.0,CITY BANK,2025-12-31
575254,73933.0,73933000.0,CITY BANK,2026-03-31
576578,544.0,544000.0,MONROE FEDERAL SAVINGS AND LOAN ASSOCIATION,2025-06-30
576578,517.0,517000.0,MONROE FEDERAL SAVINGS AND LOAN ASSOCIATION,2025-09-30
576578,217.0,217000.0,MONROE FEDERAL SAVINGS AND LOAN ASSOCIATION,2025-12-31
576578,190.0,190000.0,MONROE FEDERAL SAVINGS AND LOAN ASSOCIATION,2026-03-31
578862,81.0,81000.0,FIRST STATE BANK OF SAN DIEGO,2025-06-30
578862,81.0,81000.0,FIRST STATE BANK OF SAN DIEGO,2025-09-30
578862,81.0,81000.0,FIRST STATE BANK OF SAN DIEGO,2025-12-31
578862,84.0,84000.0,FIRST STATE BANK OF SAN DIEGO,2026-03-31
580155,4500.0,4500000.0,PLATTE VALLEY BANK,2025-06-30
580155,2000.0,2000000.0,PLATTE VALLEY BANK,2025-09-30
580155,2000.0,2000000.0,PLATTE VALLEY BANK,2025-12-31
580155,2000.0,2000000.0,PLATTE VALLEY BANK,2026-03-31
580847,360.0,360000.0,LEWISBURG BANKING COMPANY,2025-06-30
580847,300.0,300000.0,LEWISBURG BANKING COMPANY,2025-09-30
580847,300.0,300000.0,LEWISBURG BANKING COMPANY,2025-12-31
580847,300.0,300000.0,LEWISBURG BANKING COMPANY,2026-03-31
581358,825.0,825000.0,STATE NEBRASKA BANK &TRUST,2025-12-31
581358,825.0,825000.0,STATE NEBRASKA BANK &TRUST,2026-03-31
58243,13147.0,13147000.0,JOHNSON BANK,2025-06-30
58243,14691.0,14691000.0,JOHNSON BANK,2025-09-30
58243,16462.0,16462000.0,JOHNSON BANK,2025-12-31
58243,18069.0,18069000.0,JOHNSON BANK,2026-03-31
58757,441.0,441000.0,KENSINGTON BANK,2026-03-31
589523,143.0,143000.0,BANK OF TRAVELERS REST,2025-06-30
589523,143.0,143000.0,BANK OF TRAVELERS REST,2025-09-30
589523,143.0,143000.0,BANK OF TRAVELERS REST,2025-12-31
589523,143.0,143000.0,BANK OF TRAVELERS REST,2026-03-31
58971,22278.0,22278000.0,WASHINGTON TRUST BANK,2025-06-30
58971,22481.0,22481000.0,WASHINGTON TRUST BANK,2025-09-30
58971,21747.0,21747000.0,WASHINGTON TRUST BANK,2025-12-31
58971,20211.0,20211000.0,WASHINGTON TRUST BANK,2026-03-31
593052,46887.0,46887000.0,PLAINS COMMERCE BANK,2025-06-30
593052,51039.0,51039000.0,PLAINS COMMERCE BANK,2025-09-30
593052,56206.0,56206000.0,PLAINS COMMERCE BANK,2025-12-31
593052,68396.0,68396000.0,PLAINS COMMERCE BANK,2026-03-31
59316,2000.0,2000000.0,WAYNE BANK,2026-03-31
594853,30994.0,30994000.0,"BONVENU BANK, N.A.",2025-06-30
594853,29807.0,29807000.0,"BONVENU BANK, N.A.",2025-09-30
594853,35106.0,35106000.0,"BONVENU BANK, N.A.",2025-12-31
594853,37004.0,37004000.0,"BONVENU BANK, N.A.",2026-03-31
594947,14721.0,14721000.0,"BANK FIRST, NATIONAL ASSOCIATION",2025-09-30
594947,14461.0,14461000.0,"BANK FIRST, NATIONAL ASSOCIATION",2025-12-31
594947,14200.0,14200000.0,"BANK FIRST, NATIONAL ASSOCIATION",2026-03-31
595270,17252.0,17252000.0,MIDFIRST BANK,2025-06-30
595270,17478.0,17478000.0,MIDFIRST BANK,2025-09-30
595270,27371.0,27371000.0,MIDFIRST BANK,2025-12-31
595270,33580.0,33580000.0,MIDFIRST BANK,2026-03-31
595430,67850.0,67850000.0,"STATE BANK OF THE LAKES, NATIONAL ASSOCIATION",2025-06-30
595430,93235.0,93235000.0,"STATE BANK OF THE LAKES, NATIONAL ASSOCIATION",2025-09-30
595430,110575.0,110575000.0,"STATE BANK OF THE LAKES, NATIONAL ASSOCIATION",2025-12-31
595430,116957.0,116957000.0,"STATE BANK OF THE LAKES, NATIONAL ASSOCIATION",2026-03-31
595869,295672.0,295672000.0,CATHAY BANK,2025-06-30
595869,314269.0,314269000.0,CATHAY BANK,2025-09-30
595869,227535.0,227535000.0,CATHAY BANK,2025-12-31
595869,250738.0,250738000.0,CATHAY BANK,2026-03-31
596062,4665.0,4665000.0,"CITY NATIONAL BANK OF SULPHUR SPRINGS, THE",2025-06-30
596062,4511.0,4511000.0,"CITY NATIONAL BANK OF SULPHUR SPRINGS, THE",2025-09-30
596062,3594.0,3594000.0,"CITY NATIONAL BANK OF SULPHUR SPRINGS, THE",2025-12-31
596062,3553.0,3553000.0,"CITY NATIONAL BANK OF SULPHUR SPRINGS, THE",2026-03-31
597313,9161.0,9161000.0,PS BANK,2025-06-30
597313,9461.0,9461000.0,PS BANK,2025-09-30
597313,9127.0,9127000.0,PS BANK,2025-12-31
597313,9116.0,9116000.0,PS BANK,2026-03-31
597546,7000.0,7000000.0,PREMIER COMMUNITY BANK,2025-06-30
597546,7000.0,7000000.0,PREMIER COMMUNITY BANK,2025-09-30
597546,7000.0,7000000.0,PREMIER COMMUNITY BANK,2025-12-31
597546,6200.0,6200000.0,PREMIER COMMUNITY BANK,2026-03-31
600419,16037.0,16037000.0,KISH BANK,2025-06-30
600419,18753.0,18753000.0,KISH BANK,2025-09-30
600419,21384.0,21384000.0,KISH BANK,2025-12-31
600419,21394.0,21394000.0,KISH BANK,2026-03-31
601050,262825.0,262825000.0,COMMERCE BANK,2025-06-30
601050,295335.0,295335000.0,COMMERCE BANK,2025-09-30
601050,358200.0,358200000.0,COMMERCE BANK,2025-12-31
601050,365575.0,365575000.0,COMMERCE BANK,2026-03-31
60143,2225000.0,2225000000.0,COMERICA BANK,2025-06-30
60143,2672000.0,2672000000.0,COMERICA BANK,2025-09-30
60143,2797000.0,2797000000.0,COMERICA BANK,2025-12-31
604024,7738.0,7738000.0,MINSTER BANK,2025-06-30
604024,7542.0,7542000.0,MINSTER BANK,2025-09-30
604024,6575.0,6575000.0,MINSTER BANK,2025-12-31
604024,6372.0,6372000.0,MINSTER BANK,2026-03-31
606046,717624.0,717624000.0,CADENCE BANK,2025-06-30
606046,746169.0,746169000.0,CADENCE BANK,2025-09-30
606046,682918.0,682918000.0,CADENCE BANK,2025-12-31
613008,13367.0,13367000.0,ROCKLAND TRUST COMPANY,2025-06-30
613008,5558.0,5558000.0,ROCKLAND TRUST COMPANY,2025-09-30
613008,7320.0,7320000.0,ROCKLAND TRUST COMPANY,2025-12-31
613008,7833.0,7833000.0,ROCKLAND TRUST COMPANY,2026-03-31
613343,1167.0,1167000.0,"CNB BANK & TRUST, NA",2025-06-30
613343,1314.0,1314000.0,"CNB BANK & TRUST, NA",2025-09-30
613343,2370.0,2370000.0,"CNB BANK & TRUST, NA",2025-12-31
615954,414.0,414000.0,TRAILWEST BANK,2025-06-30
615954,395.0,395000.0,TRAILWEST BANK,2025-09-30
615954,374.0,374000.0,TRAILWEST BANK,2025-12-31
615954,314.0,314000.0,TRAILWEST BANK,2026-03-31
616036,385.0,385000.0,SOUTH LOUISIANA BANK,2025-06-30
616036,360.0,360000.0,SOUTH LOUISIANA BANK,2025-09-30
616036,419.0,419000.0,SOUTH LOUISIANA BANK,2025-12-31
616036,403.0,403000.0,SOUTH LOUISIANA BANK,2026-03-31
617145,117.0,117000.0,"CITIZENS BANK, THE",2025-06-30
617145,114.0,114000.0,"CITIZENS BANK, THE",2025-09-30
617145,112.0,112000.0,"CITIZENS BANK, THE",2025-12-31
617145,109.0,109000.0,"CITIZENS BANK, THE",2026-03-31
622037,965.0,965000.0,"FIRST NATIONAL BANK OF JEANERETTE, THE",2025-06-30
622037,926.0,926000.0,"FIRST NATIONAL BANK OF JEANERETTE, THE",2025-09-30
622037,886.0,886000.0,"FIRST NATIONAL BANK OF JEANERETTE, THE",2025-12-31
622037,859.0,859000.0,"FIRST NATIONAL BANK OF JEANERETTE, THE",2026-03-31
622774,217.0,217000.0,CENTRAL BANK,2025-06-30
622774,193.0,193000.0,CENTRAL BANK,2025-09-30
622774,170.0,170000.0,CENTRAL BANK,2025-12-31
622774,145.0,145000.0,CENTRAL BANK,2026-03-31
623454,44.0,44000.0,"BANK AND TRUST, SSB, THE",2025-06-30
623454,49.0,49000.0,"BANK AND TRUST, SSB, THE",2025-09-30
623454,62.0,62000.0,"BANK AND TRUST, SSB, THE",2025-12-31
623454,56.0,56000.0,"BANK AND TRUST, SSB, THE",2026-03-31
625757,1594.0,1594000.0,NORTHERN STATE BANK,2025-06-30
625757,1580.0,1580000.0,NORTHERN STATE BANK,2025-09-30
625757,1565.0,1565000.0,NORTHERN STATE BANK,2025-12-31
625757,1550.0,1550000.0,NORTHERN STATE BANK,2026-03-31
625953,1700.0,1700000.0,BANK OF WINNFIELD & TRUST COMPANY,2025-06-30
625953,2034.0,2034000.0,BANK OF WINNFIELD & TRUST COMPANY,2025-09-30
625953,1700.0,1700000.0,BANK OF WINNFIELD & TRUST COMPANY,2025-12-31
625953,1700.0,1700000.0,BANK OF WINNFIELD & TRUST COMPANY,2026-03-31
626101,1586.0,1586000.0,IVES BANK,2025-06-30
626101,1586.0,1586000.0,IVES BANK,2025-09-30
626101,2003.0,2003000.0,IVES BANK,2025-12-31
626101,2003.0,2003000.0,IVES BANK,2026-03-31
628552,1292.0,1292000.0,WINNSBORO STATE BANK & TRUST COMPANY,2025-06-30
628552,1243.0,1243000.0,WINNSBORO STATE BANK & TRUST COMPANY,2025-09-30
628552,843.0,843000.0,WINNSBORO STATE BANK & TRUST COMPANY,2025-12-31
628552,810.0,810000.0,WINNSBORO STATE BANK & TRUST COMPANY,2026-03-31
63069,7328226.0,7328226000.0,CITY NATIONAL BANK,2025-06-30
63069,7682768.0,7682768000.0,CITY NATIONAL BANK,2025-09-30
63069,8799396.0,8799396000.0,CITY NATIONAL BANK,2025-12-31
63069,8553811.0,8553811000.0,CITY NATIONAL BANK,2026-03-31
632858,27818.0,27818000.0,FRONTIER STATE BANK,2025-06-30
632858,25157.0,25157000.0,FRONTIER STATE BANK,2025-09-30
632858,23006.0,23006000.0,FRONTIER STATE BANK,2025-12-31
632858,21765.0,21765000.0,FRONTIER STATE BANK,2026-03-31
634544,5193.0,5193000.0,BANK 21,2025-06-30
634544,5192.0,5192000.0,BANK 21,2025-09-30
634544,5192.0,5192000.0,BANK 21,2025-12-31
634544,4708.0,4708000.0,BANK 21,2026-03-31
634955,1500.0,1500000.0,"PATRONS BANK, NATIONAL ASSOCIATION",2025-06-30
634955,1500.0,1500000.0,"PATRONS BANK, NATIONAL ASSOCIATION",2025-09-30
634955,1500.0,1500000.0,"PATRONS BANK, NATIONAL ASSOCIATION",2025-12-31
634955,1500.0,1500000.0,"PATRONS BANK, NATIONAL ASSOCIATION",2026-03-31
637170,64.0,64000.0,AMERICAN FEDERAL BANK,2025-06-30
637170,61.0,61000.0,AMERICAN FEDERAL BANK,2025-09-30
637170,57.0,57000.0,AMERICAN FEDERAL BANK,2025-12-31
637170,54.0,54000.0,AMERICAN FEDERAL BANK,2026-03-31
63733,1587.0,1587000.0,CITIZENS BANK,2025-06-30
63733,2004.0,2004000.0,CITIZENS BANK,2025-09-30
63733,2041.0,2041000.0,WELLWORTH BANK,2025-12-31
63733,2090.0,2090000.0,WELLWORTH BANK,2026-03-31
637451,509211.0,509211000.0,PLAINSCAPITAL BANK,2025-06-30
637451,475834.0,475834000.0,PLAINSCAPITAL BANK,2025-09-30
637451,444518.0,444518000.0,PLAINSCAPITAL BANK,2025-12-31
637451,399390.0,399390000.0,PLAINSCAPITAL BANK,2026-03-31
640143,8722.0,8722000.0,FEDERATED BANK,2025-12-31
640143,8722.0,8722000.0,FEDERATED BANK,2026-03-31
644776,999.0,999000.0,UNITED ROOSEVELT SAVINGS BANK,2025-06-30
644776,999.0,999000.0,UNITED ROOSEVELT SAVINGS BANK,2025-09-30
644776,999.0,999000.0,UNITED ROOSEVELT SAVINGS BANK,2025-12-31
645317,3342.0,3342000.0,"ADIRONDACK TRUST COMPANY, THE",2025-06-30
645317,3223.0,3223000.0,"ADIRONDACK TRUST COMPANY, THE",2025-09-30
645317,3103.0,3103000.0,"ADIRONDACK TRUST COMPANY, THE",2025-12-31
645317,2981.0,2981000.0,"ADIRONDACK TRUST COMPANY, THE",2026-03-31
645625,22241.0,22241000.0,"WESBANCO BANK, INC.",2025-06-30
645625,16403.0,16403000.0,"WESBANCO BANK, INC.",2025-09-30
645625,18353.0,18353000.0,"WESBANCO BANK, INC.",2025-12-31
645625,19587.0,19587000.0,"WESBANCO BANK, INC.",2026-03-31
646556,2375.0,2375000.0,CONNECTIONS BANK,2025-06-30
646556,2375.0,2375000.0,CONNECTIONS BANK,2025-09-30
646556,2187.0,2187000.0,CONNECTIONS BANK,2025-12-31
646556,750.0,750000.0,CONNECTIONS BANK,2026-03-31
646743,2100.0,2100000.0,COMMUNITY SAVINGS BANK,2025-06-30
646743,2062.0,2062000.0,COMMUNITY SAVINGS BANK,2025-09-30
646743,2013.0,2013000.0,COMMUNITY SAVINGS BANK,2025-12-31
646743,1954.0,1954000.0,COMMUNITY SAVINGS BANK,2026-03-31
647955,500.0,500000.0,ASCENT BANK,2025-06-30
647955,500.0,500000.0,ASCENT BANK,2025-09-30
647955,1400.0,1400000.0,ASCENT BANK,2025-12-31
647955,1400.0,1400000.0,ASCENT BANK,2026-03-31
648242,2748.0,2748000.0,INDEPENDENCE BANK OF KENTUCKY,2025-06-30
648242,3821.0,3821000.0,INDEPENDENCE BANK OF KENTUCKY,2025-09-30
648242,4131.0,4131000.0,INDEPENDENCE BANK OF KENTUCKY,2025-12-31
648242,5978.0,5978000.0,INDEPENDENCE BANK OF KENTUCKY,2026-03-31
649342,3463.0,3463000.0,IOWA TRUST & SAVINGS BANK,2025-06-30
649342,3374.0,3374000.0,IOWA TRUST & SAVINGS BANK,2025-09-30
649342,7349.0,7349000.0,IOWA TRUST & SAVINGS BANK,2025-12-31
649342,7259.0,7259000.0,IOWA TRUST & SAVINGS BANK,2026-03-31
651541,2146.0,2146000.0,IOWA STATE BANK AND TRUST COMPANY,2025-06-30
651541,2112.0,2112000.0,IOWA STATE BANK AND TRUST COMPANY,2025-09-30
651541,2078.0,2078000.0,IOWA STATE BANK AND TRUST COMPANY,2025-12-31
651541,2043.0,2043000.0,IOWA STATE BANK AND TRUST COMPANY,2026-03-31
651859,338.0,338000.0,STOCKMAN BANK OF MONTANA,2025-06-30
651859,338.0,338000.0,STOCKMAN BANK OF MONTANA,2025-09-30
651859,338.0,338000.0,STOCKMAN BANK OF MONTANA,2025-12-31
651859,148.0,148000.0,STOCKMAN BANK OF MONTANA,2026-03-31
652874,2107624.0,2107624000.0,NEXBANK,2025-06-30
652874,1837722.0,1837722000.0,NEXBANK,2025-09-30
652874,1957949.0,1957949000.0,NEXBANK,2025-12-31
652874,1759962.0,1759962000.0,NEXBANK,2026-03-31
653134,400.0,400000.0,FARMERS-MERCHANTS BANK & TRUST COMPANY,2025-06-30
653134,2509.0,2509000.0,FARMERS-MERCHANTS BANK & TRUST COMPANY,2025-09-30
653134,3986.0,3986000.0,FARMERS-MERCHANTS BANK & TRUST COMPANY,2025-12-31
653134,3798.0,3798000.0,FARMERS-MERCHANTS BANK & TRUST COMPANY,2026-03-31
656377,46771.0,46771000.0,WASHINGTON FEDERAL BANK,2025-06-30
656377,43760.0,43760000.0,WAFD BANK,2025-09-30
656377,48401.0,48401000.0,WAFD BANK,2025-12-31
656377,35536.0,35536000.0,WAFD BANK,2026-03-31
657365,95427.0,95427000.0,HANMI BANK,2025-06-30
657365,248995.0,248995000.0,HANMI BANK,2025-09-30
657365,236050.0,236050000.0,HANMI BANK,2025-12-31
657365,250453.0,250453000.0,HANMI BANK,2026-03-31
65858,823.0,823000.0,EMPRISE BANK,2026-03-31
659341,4150.0,4150000.0,"BANK OF HILLSBORO, NATIONAL ASSOCIATION",2025-06-30
659341,3650.0,3650000.0,"CONSTITUTION BANK, NATIONAL ASSOCIATION",2025-09-30
659341,3650.0,3650000.0,"CONSTITUTION BANK, NATIONAL ASSOCIATION",2025-12-31
659341,3400.0,3400000.0,"CONSTITUTION BANK, NATIONAL ASSOCIATION",2026-03-31
659855,79750.0,79750000.0,FIRST INTERSTATE BANK,2025-12-31
659855,107723.0,107723000.0,FIRST INTERSTATE BANK,2026-03-31
660570,2000.0,2000000.0,PRESENCE BANK,2025-06-30
660570,2000.0,2000000.0,PRESENCE BANK,2025-09-30
660570,2000.0,2000000.0,PRESENCE BANK,2025-12-31
660655,73710.0,73710000.0,AMERICAN NATIONAL BANK,2025-06-30
660655,66729.0,66729000.0,AMERICAN NATIONAL BANK,2025-09-30
660655,73945.0,73945000.0,AMERICAN NATIONAL BANK,2025-12-31
660655,72363.0,72363000.0,AMERICAN NATIONAL BANK,2026-03-31
661308,144.0,144000.0,AMALGAMATED BANK,2025-06-30
661308,142.0,142000.0,AMALGAMATED BANK,2025-09-30
661308,141.0,141000.0,AMALGAMATED BANK,2025-12-31
661308,139.0,139000.0,AMALGAMATED BANK,2026-03-31
662369,401896.0,401896000.0,BANK OF THE SIERRA,2025-06-30
662369,452683.0,452683000.0,BANK OF THE SIERRA,2025-09-30
662369,518333.0,518333000.0,BANK OF THE SIERRA,2025-12-31
662369,478454.0,478454000.0,BANK OF THE SIERRA,2026-03-31
663245,344110.0,344110000.0,SIMMONS BANK,2025-06-30
663245,464143.0,464143000.0,SIMMONS BANK,2025-09-30
663245,673768.0,673768000.0,SIMMONS BANK,2025-12-31
663245,844074.0,844074000.0,SIMMONS BANK,2026-03-31
663834,177442.0,177442000.0,OCEAN BANK,2025-06-30
663834,129737.0,129737000.0,OCEAN BANK,2025-09-30
663834,107874.0,107874000.0,OCEAN BANK,2025-12-31
663834,80919.0,80919000.0,OCEAN BANK,2026-03-31
664756,1703111.0,1703111000.0,PROSPERITY BANK,2025-06-30
664756,1668477.0,1668477000.0,PROSPERITY BANK,2025-09-30
664756,1648468.0,1648468000.0,PROSPERITY BANK,2025-12-31
664756,1706353.0,1706353000.0,PROSPERITY BANK,2026-03-31
667757,835277.0,835277000.0,ORIGIN BANK,2025-06-30
667757,700701.0,700701000.0,ORIGIN BANK,2025-09-30
667757,874785.0,874785000.0,ORIGIN BANK,2025-12-31
667757,919968.0,919968000.0,ORIGIN BANK,2026-03-31
670654,1847.0,1847000.0,FIRST SECURITY BANK OF DEER LODGE,2025-06-30
670654,1847.0,1847000.0,FIRST SECURITY BANK OF DEER LODGE,2025-09-30
670654,1782.0,1782000.0,FIRST SECURITY BANK OF DEER LODGE,2025-12-31
670654,260.0,260000.0,FIRST SECURITY BANK OF DEER LODGE,2026-03-31
671464,627328.0,627328000.0,BANK OF HOPE,2025-06-30
671464,654345.0,654345000.0,BANK OF HOPE,2025-09-30
671464,714720.0,714720000.0,BANK OF HOPE,2025-12-31
671464,715048.0,715048000.0,BANK OF HOPE,2026-03-31
67209,464.0,464000.0,NEWBURYPORT FIVE CENTS SAVINGS BANK,2025-06-30
67209,464.0,464000.0,NEWBURYPORT FIVE CENTS SAVINGS BANK,2025-09-30
67209,464.0,464000.0,NEWBURYPORT FIVE CENTS SAVINGS BANK,2025-12-31
67209,464.0,464000.0,NEWBURYPORT FIVE CENTS SAVINGS BANK,2026-03-31
674849,2520.0,2520000.0,LUANA SAVINGS BANK,2025-06-30
674849,6150.0,6150000.0,LUANA SAVINGS BANK,2025-09-30
674849,6375.0,6375000.0,LUANA SAVINGS BANK,2025-12-31
674849,6070.0,6070000.0,LUANA SAVINGS BANK,2026-03-31
675248,746.0,746000.0,GREENLEAF BANK,2025-06-30
675248,742.0,742000.0,GREENLEAF BANK,2025-09-30
675248,737.0,737000.0,GREENLEAF BANK,2025-12-31
675248,733.0,733000.0,GREENLEAF BANK,2026-03-31
675659,12.0,12000.0,STATE BANK & TRUST OF KENMARE,2025-06-30
675659,12.0,12000.0,STATE BANK & TRUST OF KENMARE,2025-09-30
675659,12.0,12000.0,STATE BANK & TRUST OF KENMARE,2025-12-31
675659,11.0,11000.0,STATE BANK & TRUST OF KENMARE,2026-03-31
677644,30194.0,30194000.0,"FARMERS & MERCHANTS BANK, THE",2025-06-30
677644,29803.0,29803000.0,"FARMERS & MERCHANTS BANK, THE",2025-09-30
677644,28962.0,28962000.0,"FARMERS & MERCHANTS BANK, THE",2025-12-31
677644,28344.0,28344000.0,"FARMERS & MERCHANTS BANK, THE",2026-03-31
680813,500.0,500000.0,"FARMERS NATIONAL BANK OF CANFIELD, THE",2025-06-30
680813,550.0,550000.0,"FARMERS NATIONAL BANK OF CANFIELD, THE",2025-09-30
680813,525.0,525000.0,"FARMERS NATIONAL BANK OF CANFIELD, THE",2025-12-31
680813,5100.0,5100000.0,"FARMERS NATIONAL BANK OF CANFIELD, THE",2026-03-31
682563,815855.0,815855000.0,FROST BANK,2025-06-30
682563,854282.0,854282000.0,FROST BANK,2025-09-30
682563,947796.0,947796000.0,FROST BANK,2025-12-31
682563,1017555.0,1017555000.0,FROST BANK,2026-03-31
685676,10095.0,10095000.0,OPPORTUNITY BANK OF MONTANA,2025-06-30
685676,7090.0,7090000.0,OPPORTUNITY BANK OF MONTANA,2025-09-30
685676,7184.0,7184000.0,OPPORTUNITY BANK OF MONTANA,2025-12-31
685676,6678.0,6678000.0,OPPORTUNITY BANK OF MONTANA,2026-03-31
691743,1000.0,1000000.0,ANNA STATE BANK,2025-09-30
691743,1000.0,1000000.0,ANNA STATE BANK,2025-12-31
691743,1000.0,1000000.0,ANNA STATE BANK,2026-03-31
693224,244508.0,244508000.0,ATLANTIC UNION BANK,2025-06-30
693224,249394.0,249394000.0,ATLANTIC UNION BANK,2025-09-30
693224,269530.0,269530000.0,ATLANTIC UNION BANK,2025-12-31
693224,247451.0,247451000.0,ATLANTIC UNION BANK,2026-03-31
69333,27662.0,27662000.0,"CITIZENS NATIONAL BANK OF MERIDIAN, THE",2025-06-30
69333,33653.0,33653000.0,"CITIZENS NATIONAL BANK OF MERIDIAN, THE",2025-09-30
69333,33064.0,33064000.0,"CITIZENS NATIONAL BANK OF MERIDIAN, THE",2025-12-31
69333,33967.0,33967000.0,"CITIZENS NATIONAL BANK OF MERIDIAN, THE",2026-03-31
693952,5750.0,5750000.0,SECURITY FIRST BANK OF NORTH DAKOTA,2025-06-30
693952,5750.0,5750000.0,SECURITY FIRST BANK OF NORTH DAKOTA,2025-09-30
693952,5750.0,5750000.0,SECURITY FIRST BANK OF NORTH DAKOTA,2025-12-31
693952,6000.0,6000000.0,SECURITY FIRST BANK OF NORTH DAKOTA,2026-03-31
694904,2138864.0,2138864000.0,"FLAGSTAR BANK, NATIONAL ASSOCIATION",2025-06-30
694904,2368122.0,2368122000.0,"FLAGSTAR BANK, NATIONAL ASSOCIATION",2025-09-30
694904,2356521.0,2356521000.0,"FLAGSTAR BANK, NATIONAL ASSOCIATION",2025-12-31
694904,2889636.0,2889636000.0,"FLAGSTAR BANK, NATIONAL ASSOCIATION",2026-03-31
697950,500.0,500000.0,CITY NATIONAL BANK,2025-06-30
697950,1250.0,1250000.0,CITY NATIONAL BANK,2025-09-30
697950,1750.0,1750000.0,CITY NATIONAL BANK,2025-12-31
697950,1750.0,1750000.0,CITY NATIONAL BANK,2026-03-31
698144,25464.0,25464000.0,COMMUNITY FINANCIAL SERVICES BANK,2025-06-30
698144,34854.0,34854000.0,COMMUNITY FINANCIAL SERVICES BANK,2025-09-30
698144,32936.0,32936000.0,COMMUNITY FINANCIAL SERVICES BANK,2025-12-31
698144,30978.0,30978000.0,COMMUNITY FINANCIAL SERVICES BANK,2026-03-31
701062,750.0,750000.0,CENTRAL PACIFIC BANK,2025-06-30
701062,750.0,750000.0,CENTRAL PACIFIC BANK,2025-09-30
701062,5800.0,5800000.0,CENTRAL PACIFIC BANK,2025-12-31
701062,5748.0,5748000.0,CENTRAL PACIFIC BANK,2026-03-31
701857,126.0,126000.0,CROWELL STATE BANK,2025-09-30
702117,7172.0,7172000.0,"NBT BANK, NATIONAL ASSOCIATION",2025-06-30
702117,3298.0,3298000.0,"NBT BANK, NATIONAL ASSOCIATION",2025-09-30
702117,3577.0,3577000.0,"NBT BANK, NATIONAL ASSOCIATION",2025-12-31
702117,3565.0,3565000.0,"NBT BANK, NATIONAL ASSOCIATION",2026-03-31
703552,19668.0,19668000.0,"HORIZON BANK, SSB",2025-06-30
703552,34400.0,34400000.0,"HORIZON BANK, SSB",2025-09-30
703552,32500.0,32500000.0,"HORIZON BANK, SSB",2025-12-31
703552,35625.0,35625000.0,"HORIZON BANK, SSB",2026-03-31
707354,2000.0,2000000.0,FIRST STATE COMMUNITY BANK,2025-06-30
710176,44.0,44000.0,VERIMORE BANK,2026-03-31
710859,46536.0,46536000.0,"CITIZENS BANK OF CLOVIS, THE",2025-06-30
710859,43592.0,43592000.0,"CITIZENS BANK OF CLOVIS, THE",2025-09-30
710859,42961.0,42961000.0,"CITIZENS BANK OF CLOVIS, THE",2025-12-31
710859,43283.0,43283000.0,"CITIZENS BANK OF CLOVIS, THE",2026-03-31
716851,3393.0,3393000.0,COMMUNITY BANK OF RAYMORE,2026-03-31
719656,4000.0,4000000.0,"CALLAWAY BANK, THE",2025-06-30
719656,2800.0,2800000.0,"CALLAWAY BANK, THE",2025-09-30
719656,2800.0,2800000.0,"CALLAWAY BANK, THE",2025-12-31
719656,2800.0,2800000.0,"CALLAWAY BANK, THE",2026-03-31
722544,40948.0,40948000.0,NATIONAL EXCHANGE BANK AND TRUST,2025-06-30
722544,39344.0,39344000.0,NATIONAL EXCHANGE BANK AND TRUST,2025-09-30
722544,36887.0,36887000.0,NATIONAL EXCHANGE BANK AND TRUST,2025-12-31
722544,35264.0,35264000.0,NATIONAL EXCHANGE BANK AND TRUST,2026-03-31
722777,1411351.0,1411351000.0,"SANTANDER BANK, NATIONAL ASSOCIATION",2025-06-30
722777,1441823.0,1441823000.0,"SANTANDER BANK, NATIONAL ASSOCIATION",2025-09-30
722777,1389016.0,1389016000.0,"SANTANDER BANK, NATIONAL ASSOCIATION",2025-12-31
722777,1408458.0,1408458000.0,"SANTANDER BANK, NATIONAL ASSOCIATION",2026-03-31
723112,8736000.0,8736000000.0,"FIFTH THIRD BANK, NATIONAL ASSOCIATION",2025-06-30
723112,10249000.0,10249000000.0,"FIFTH THIRD BANK, NATIONAL ASSOCIATION",2025-09-30
723112,9551000.0,9551000000.0,"FIFTH THIRD BANK, NATIONAL ASSOCIATION",2025-12-31
723112,13127000.0,13127000000.0,"FIFTH THIRD BANK, NATIONAL ASSOCIATION",2026-03-31
724744,9801.0,9801000.0,GNB BANK,2025-06-30
724744,9726.0,9726000.0,GNB BANK,2025-09-30
724744,7500.0,7500000.0,GNB BANK,2025-12-31
724744,7500.0,7500000.0,GNB BANK,2026-03-31
725732,154763.0,154763000.0,BRADESCO BANK,2025-06-30
725732,148615.0,148615000.0,BRADESCO BANK,2025-09-30
725732,181144.0,181144000.0,BRADESCO BANK,2025-12-31
725732,170243.0,170243000.0,BRADESCO BANK,2026-03-31
726953,19179.0,19179000.0,UNITED TEXAS BANK,2025-06-30
726953,22028.0,22028000.0,UNITED TEXAS BANK,2025-09-30
726953,13773.0,13773000.0,UNITED TEXAS BANK,2025-12-31
726953,20670.0,20670000.0,UNITED TEXAS BANK,2026-03-31
732758,22577.0,22577000.0,BANKERS' BANK OF THE WEST,2025-06-30
732758,23878.0,23878000.0,BANKERS' BANK OF THE WEST,2025-09-30
732758,26562.0,26562000.0,BANKERS' BANK OF THE WEST,2025-12-31
732758,23220.0,23220000.0,BANKERS' BANK OF THE WEST,2026-03-31
734538,84111.0,84111000.0,FIRST NATIONAL BANKERS BANK,2025-06-30
734538,84620.0,84620000.0,FIRST NATIONAL BANKERS BANK,2025-09-30
734538,81690.0,81690000.0,FIRST NATIONAL BANKERS BANK,2025-12-31
734538,83786.0,83786000.0,FIRST NATIONAL BANKERS BANK,2026-03-31
74140,11509.0,11509000.0,ISABELLA BANK,2025-06-30
74140,20100.0,20100000.0,ISABELLA BANK,2025-09-30
74140,103975.0,103975000.0,ISABELLA BANK,2025-12-31
74140,99300.0,99300000.0,ISABELLA BANK,2026-03-31
749242,280207.0,280207000.0,RENASANT BANK,2025-06-30
749242,275672.0,275672000.0,RENASANT BANK,2025-09-30
749242,250100.0,250100000.0,RENASANT BANK,2025-12-31
749242,243396.0,243396000.0,RENASANT BANK,2026-03-31
749840,145.0,145000.0,FARMERS STATE BANK,2025-06-30
749840,145.0,145000.0,FARMERS STATE BANK,2025-09-30
749840,145.0,145000.0,FARMERS STATE BANK,2025-12-31
754536,293.0,293000.0,VERMILION BANK & TRUST COMPANY,2025-06-30
754536,293.0,293000.0,VERMILION BANK & TRUST COMPANY,2025-09-30
754536,293.0,293000.0,VERMILION BANK & TRUST COMPANY,2025-12-31
754536,293.0,293000.0,VERMILION BANK & TRUST COMPANY,2026-03-31
754853,16690.0,16690000.0,"FIRST NATIONAL BANK OF HUTCHINSON, THE",2025-06-30
754853,12845.0,12845000.0,"FIRST NATIONAL BANK OF HUTCHINSON, THE",2025-09-30
754853,12488.0,12488000.0,"FIRST NATIONAL BANK OF HUTCHINSON, THE",2025-12-31
754853,12254.0,12254000.0,"FIRST NATIONAL BANK OF HUTCHINSON, THE",2026-03-31
755252,1083.0,1083000.0,CROSS KEYS BANK,2025-06-30
755252,833.0,833000.0,CROSS KEYS BANK,2025-09-30
75633,18020787.0,18020787000.0,BMO BANK NATIONAL ASSOCIATION,2025-06-30
75633,17518459.0,17518459000.0,BMO BANK NATIONAL ASSOCIATION,2025-09-30
75633,18553296.0,18553296000.0,BMO BANK NATIONAL ASSOCIATION,2025-12-31
75633,18266936.0,18266936000.0,BMO BANK NATIONAL ASSOCIATION,2026-03-31
761806,5734861.0,5734861000.0,"WEBSTER BANK, NATIONAL ASSOCIATION",2025-06-30
761806,6119904.0,6119904000.0,"WEBSTER BANK, NATIONAL ASSOCIATION",2025-09-30
761806,7077451.0,7077451000.0,"WEBSTER BANK, NATIONAL ASSOCIATION",2025-12-31
761806,7478430.0,7478430000.0,"WEBSTER BANK, NATIONAL ASSOCIATION",2026-03-31
761833,18.0,18000.0,COMMUNITY BANK & TRUST - WEST GEORGIA,2025-06-30
762045,1075.0,1075000.0,STATE SAVINGS BANK,2025-06-30
762045,1044.0,1044000.0,STATE SAVINGS BANK,2025-09-30
762045,1012.0,1012000.0,STATE SAVINGS BANK,2025-12-31
762045,980.0,980000.0,STATE SAVINGS BANK,2026-03-31
762447,14760.0,14760000.0,"FIRST MID BANK & TRUST, NATIONAL ASSOCIATION",2025-06-30
762447,14844.0,14844000.0,"FIRST MID BANK & TRUST, NATIONAL ASSOCIATION",2025-09-30
762447,15161.0,15161000.0,"FIRST MID BANK & TRUST, NATIONAL ASSOCIATION",2025-12-31
762447,16366.0,16366000.0,"FIRST MID BANK & TRUST, NATIONAL ASSOCIATION",2026-03-31
764030,1249665.0,1249665000.0,AMERIS BANK,2025-06-30
764030,1284658.0,1284658000.0,AMERIS BANK,2025-09-30
764030,1354082.0,1354082000.0,AMERIS BANK,2025-12-31
764030,1421870.0,1421870000.0,AMERIS BANK,2026-03-31
765662,2750.0,2750000.0,MUENSTER STATE BANK,2025-06-30
765662,2250.0,2250000.0,MUENSTER STATE BANK,2025-09-30
765662,2250.0,2250000.0,MUENSTER STATE BANK,2025-12-31
765662,2250.0,2250000.0,MUENSTER STATE BANK,2026-03-31
765877,402.0,402000.0,HOME SAVINGS BANK,2025-06-30
765877,699.0,699000.0,HOME SAVINGS BANK,2025-09-30
765877,536.0,536000.0,HOME SAVINGS BANK,2025-12-31
765877,327.0,327000.0,HOME SAVINGS BANK,2026-03-31
766164,1209695.0,1209695000.0,"TBK BANK, SSB",2025-06-30
766164,1202445.0,1202445000.0,"TBK BANK, SSB",2025-09-30
766164,1156334.0,1156334000.0,"TBK BANK, SSB",2025-12-31
766164,1180875.0,1180875000.0,"TBK BANK, SSB",2026-03-31
773247,315822.0,315822000.0,MIDLAND STATES BANK,2025-06-30
773247,341345.0,341345000.0,MIDLAND STATES BANK,2025-09-30
773247,335239.0,335239000.0,MIDLAND STATES BANK,2025-12-31
773247,334540.0,334540000.0,MIDLAND STATES BANK,2026-03-31
77422,3150.0,3150000.0,COMMUNITY BANKERS' BANK,2025-06-30
77422,3150.0,3150000.0,COMMUNITY BANKERS' BANK,2025-09-30
77422,2900.0,2900000.0,COMMUNITY BANKERS' BANK,2025-12-31
77422,2900.0,2900000.0,COMMUNITY BANKERS' BANK,2026-03-31
775456,22689.0,22689000.0,NATIONAL BANK OF COMMERCE,2025-06-30
775456,18792.0,18792000.0,NATIONAL BANK OF COMMERCE,2025-09-30
775456,14442.0,14442000.0,NATIONAL BANK OF COMMERCE,2025-12-31
775456,13809.0,13809000.0,NATIONAL BANK OF COMMERCE,2026-03-31
777366,609.0,609000.0,BANK OF THE ORIENT,2025-06-30
777366,604.0,604000.0,BANK OF THE ORIENT,2025-09-30
777366,600.0,600000.0,BANK OF THE ORIENT,2025-12-31
777366,595.0,595000.0,BANK OF THE ORIENT,2026-03-31
77851,64048.0,64048000.0,FIRST BANK & TRUST,2025-06-30
77851,68440.0,68440000.0,FIRST BANK & TRUST,2025-09-30
77851,64561.0,64561000.0,FIRST BANK & TRUST,2025-12-31
77851,65574.0,65574000.0,FIRST BANK & TRUST,2026-03-31
778738,4060.0,4060000.0,CITIZENS BANK,2025-06-30
778738,4060.0,4060000.0,CITIZENS BANK,2025-09-30
778738,3805.0,3805000.0,CITIZENS BANK,2025-12-31
778738,4310.0,4310000.0,CITIZENS BANK,2026-03-31
779650,247164.0,247164000.0,CHIPPEWA VALLEY BANK,2025-06-30
779650,257631.0,257631000.0,CHIPPEWA VALLEY BANK,2025-09-30
779650,251840.0,251840000.0,CHIPPEWA VALLEY BANK,2025-12-31
779650,257774.0,257774000.0,CHIPPEWA VALLEY BANK,2026-03-31
779968,10465.0,10465000.0,STATE BANK OF INDIA (CALIFORNIA),2025-06-30
779968,10457.0,10457000.0,STATE BANK OF INDIA (CALIFORNIA),2025-09-30
779968,10386.0,10386000.0,STATE BANK OF INDIA (CALIFORNIA),2025-12-31
779968,10247.0,10247000.0,STATE BANK OF INDIA (CALIFORNIA),2026-03-31
780955,2429.0,2429000.0,WAUMANDEE STATE BANK,2025-06-30
780955,2429.0,2429000.0,WAUMANDEE STATE BANK,2025-09-30
780955,2429.0,2429000.0,WAUMANDEE STATE BANK,2025-12-31
780955,2429.0,2429000.0,WAUMANDEE STATE BANK,2026-03-31
782306,477.0,477000.0,BEACON BANK & TRUST,2025-09-30
782306,446.0,446000.0,BEACON BANK & TRUST,2025-12-31
782306,415.0,415000.0,BEACON BANK & TRUST,2026-03-31
783161,30000.0,30000000.0,FIRST NORTHERN BANK OF DIXON,2026-03-31
783648,1498076.0,1498076000.0,CENTIER BANK,2025-06-30
783648,1604721.0,1604721000.0,CENTIER BANK,2025-09-30
783648,1443504.0,1443504000.0,CENTIER BANK,2025-12-31
783648,1829323.0,1829323000.0,CENTIER BANK,2026-03-31
783844,1400.0,1400000.0,CITIZENS BANK,2025-06-30
783844,1225.0,1225000.0,CITIZENS BANK,2025-09-30
783844,1225.0,1225000.0,CITIZENS BANK,2025-12-31
783844,1050.0,1050000.0,CITIZENS BANK,2026-03-31
785473,5710.0,5710000.0,FIRST SAVINGS BANK,2025-06-30
785473,7985.0,7985000.0,FIRST SAVINGS BANK,2025-09-30
785473,9110.0,9110000.0,FIRST SAVINGS BANK,2025-12-31
787459,533.0,533000.0,PRINSBANK,2026-03-31
795968,117844.0,117844000.0,BANK OF HAWAII,2025-06-30
795968,85023.0,85023000.0,BANK OF HAWAII,2025-09-30
795968,80788.0,80788000.0,BANK OF HAWAII,2025-12-31
795968,63445.0,63445000.0,BANK OF HAWAII,2026-03-31
806958,20314.0,20314000.0,MIDWEST BANK,2025-06-30
806958,21851.0,21851000.0,MIDWEST BANK,2025-09-30
806958,22820.0,22820000.0,MIDWEST BANK,2025-12-31
806958,21552.0,21552000.0,MIDWEST BANK,2026-03-31
811046,156224.0,156224000.0,BANKERS TRUST COMPANY,2025-06-30
811046,150524.0,150524000.0,BANKERS TRUST COMPANY,2025-09-30
811046,148777.0,148777000.0,BANKERS TRUST COMPANY,2025-12-31
811046,135294.0,135294000.0,BANKERS TRUST COMPANY,2026-03-31
814430,997124.0,997124000.0,CITY NATIONAL BANK OF FLORIDA,2025-06-30
814430,1350603.0,1350603000.0,CITY NATIONAL BANK OF FLORIDA,2025-09-30
814430,1446443.0,1446443000.0,CITY NATIONAL BANK OF FLORIDA,2025-12-31
814430,1687647.0,1687647000.0,CITY NATIONAL BANK OF FLORIDA,2026-03-31
814458,8012.0,8012000.0,CHARTER BANK,2025-06-30
814458,7682.0,7682000.0,CHARTER BANK,2025-09-30
814458,7861.0,7861000.0,CHARTER BANK,2025-12-31
814458,8963.0,8963000.0,CHARTER BANK,2026-03-31
817824,61764934.0,61764934000.0,"PNC BANK, NATIONAL ASSOCIATION",2025-06-30
817824,61878443.0,61878443000.0,"PNC BANK, NATIONAL ASSOCIATION",2025-09-30
817824,65090363.0,65090363000.0,"PNC BANK, NATIONAL ASSOCIATION",2025-12-31
817824,72693957.0,72693957000.0,"PNC BANK, NATIONAL ASSOCIATION",2026-03-31
825146,14421.0,14421000.0,MORTON COMMUNITY BANK,2025-06-30
825146,12836.0,12836000.0,MORTON COMMUNITY BANK,2025-09-30
825146,12685.0,12685000.0,MORTON COMMUNITY BANK,2025-12-31
825146,12477.0,12477000.0,MORTON COMMUNITY BANK,2026-03-31
827458,1250.0,1250000.0,DAKOTA WESTERN BANK,2025-06-30
827458,1250.0,1250000.0,DAKOTA WESTERN BANK,2025-09-30
827458,1000.0,1000000.0,DAKOTA WESTERN BANK,2025-12-31
827458,1000.0,1000000.0,DAKOTA WESTERN BANK,2026-03-31
830645,1697.0,1697000.0,LONGVIEW COMMUNITY BANK,2025-12-31
830645,1774.0,1774000.0,LONGVIEW COMMUNITY BANK,2026-03-31
83375,1840.0,1840000.0,CENTURY BANK,2025-06-30
835444,1256.0,1256000.0,"BANK OF HERRIN, THE",2025-06-30
835444,1230.0,1230000.0,"BANK OF HERRIN, THE",2025-09-30
835444,1232.0,1232000.0,"BANK OF HERRIN, THE",2025-12-31
83638,156918.0,156918000.0,"AMERANT BANK, NATIONAL ASSOCIATION",2025-06-30
83638,164974.0,164974000.0,"AMERANT BANK, NATIONAL ASSOCIATION",2025-09-30
83638,148602.0,148602000.0,"AMERANT BANK, NATIONAL ASSOCIATION",2025-12-31
83638,112667.0,112667000.0,"AMERANT BANK, NATIONAL ASSOCIATION",2026-03-31
836843,15595.0,15595000.0,MIDWESTONE BANK,2025-06-30
836843,16006.0,16006000.0,MIDWESTONE BANK,2025-09-30
836843,14861.0,14861000.0,MIDWESTONE BANK,2025-12-31
837840,335.0,335000.0,UNITY BANK OF MISSISSIPPI,2025-06-30
837840,329.0,329000.0,UNITY BANK OF MISSISSIPPI,2025-09-30
837840,317.0,317000.0,UNITY BANK OF MISSISSIPPI,2025-12-31
837840,305.0,305000.0,UNITY BANK OF MISSISSIPPI,2026-03-31
839255,2950.0,2950000.0,FNB COMMUNITY BANK,2025-06-30
839255,3250.0,3250000.0,FNB COMMUNITY BANK,2025-09-30
839255,3250.0,3250000.0,FNB COMMUNITY BANK,2025-12-31
839255,3000.0,3000000.0,FNB COMMUNITY BANK,2026-03-31
840363,19088.0,19088000.0,FIRSTBANK SOUTHWEST,2025-06-30
840363,22181.0,22181000.0,FIRSTBANK SOUTHWEST,2025-09-30
840363,18390.0,18390000.0,FIRSTBANK SOUTHWEST,2025-12-31
840363,20749.0,20749000.0,FIRSTBANK SOUTHWEST,2026-03-31
841838,3000.0,3000000.0,THREAD BANK,2025-09-30
841838,3000.0,3000000.0,THREAD BANK,2026-03-31
84541,4778.0,4778000.0,GUARANTY BANK AND TRUST COMPANY,2025-06-30
84541,4478.0,4478000.0,GUARANTY BANK AND TRUST COMPANY,2025-09-30
84541,4279.0,4279000.0,GUARANTY BANK AND TRUST COMPANY,2025-12-31
84541,3752.0,3752000.0,GUARANTY BANK AND TRUST COMPANY,2026-03-31
846945,2354.0,2354000.0,BADGER BANK,2025-06-30
846945,2239.0,2239000.0,BADGER BANK,2025-09-30
846945,1876.0,1876000.0,BADGER BANK,2025-12-31
846945,1777.0,1777000.0,BADGER BANK,2026-03-31
851239,3575.0,3575000.0,"POCA VALLEY BANK, INC., THE",2025-06-30
851239,3575.0,3575000.0,"POCA VALLEY BANK, INC., THE",2025-09-30
851239,3575.0,3575000.0,"POCA VALLEY BANK, INC., THE",2025-12-31
851239,3475.0,3475000.0,"POCA VALLEY BANK, INC., THE",2026-03-31
852218,168029000.0,168029000000.0,"JPMORGAN CHASE BANK, NATIONAL ASSOCIATION",2025-06-30
852218,187155000.0,187155000000.0,"JPMORGAN CHASE BANK, NATIONAL ASSOCIATION",2025-09-30
852218,195774000.0,195774000000.0,"JPMORGAN CHASE BANK, NATIONAL ASSOCIATION",2025-12-31
852218,195781000.0,195781000000.0,"JPMORGAN CHASE BANK, NATIONAL ASSOCIATION",2026-03-31
852320,34705000.0,34705000000.0,TRUIST BANK,2025-06-30
852320,36485000.0,36485000000.0,TRUIST BANK,2025-09-30
852320,38091000.0,38091000000.0,TRUIST BANK,2025-12-31
852320,39909000.0,39909000000.0,TRUIST BANK,2026-03-31
852704,19202.0,19202000.0,GENESEE REGIONAL BANK,2025-06-30
852704,20598.0,20598000.0,GENESEE REGIONAL BANK,2025-09-30
852704,30014.0,30014000.0,GENESEE REGIONAL BANK,2025-12-31
852704,27522.0,27522000.0,GENESEE REGIONAL BANK,2026-03-31
853952,101970.0,101970000.0,"CENTRAL TRUST BANK, THE",2025-06-30
853952,81525.0,81525000.0,"CENTRAL TRUST BANK, THE",2025-09-30
853952,81166.0,81166000.0,"CENTRAL TRUST BANK, THE",2025-12-31
853952,88343.0,88343000.0,"CENTRAL TRUST BANK, THE",2026-03-31
85472,256228.0,256228000.0,"OCEANFIRST BANK, NATIONAL ASSOCIATION",2025-06-30
85472,293911.0,293911000.0,"OCEANFIRST BANK, NATIONAL ASSOCIATION",2025-09-30
85472,331684.0,331684000.0,"OCEANFIRST BANK, NATIONAL ASSOCIATION",2025-12-31
85472,350265.0,350265000.0,"OCEANFIRST BANK, NATIONAL ASSOCIATION",2026-03-31
858443,2375.0,2375000.0,"FIRST NATIONAL BANK OF AVA, THE",2025-09-30
858443,2355.0,2355000.0,"FIRST NATIONAL BANK OF AVA, THE",2025-12-31
858443,2335.0,2335000.0,"FIRST NATIONAL BANK OF AVA, THE",2026-03-31
859552,19321.0,19321000.0,BANK OF THE WEST,2025-06-30
859552,19083.0,19083000.0,BANK OF THE WEST,2025-09-30
859552,18368.0,18368000.0,BANK OF THE WEST,2025-12-31
859552,18180.0,18180000.0,BANK OF THE WEST,2026-03-31
859655,30362.0,30362000.0,"BANKERS BANK, THE",2025-06-30
859655,23988.0,23988000.0,"BANKERS BANK, THE",2025-09-30
859655,23928.0,23928000.0,"BANKERS BANK, THE",2025-12-31
859655,23575.0,23575000.0,"BANKERS BANK, THE",2026-03-31
862141,366.0,366000.0,TRUBANK,2025-06-30
862141,366.0,366000.0,TRUBANK,2025-09-30
862141,277.0,277000.0,TRUBANK,2025-12-31
862141,188.0,188000.0,TRUBANK,2026-03-31
865544,3988.0,3988000.0,CLEAR LAKE BANK AND TRUST COMPANY,2025-06-30
865544,4085.0,4085000.0,CLEAR LAKE BANK AND TRUST COMPANY,2025-09-30
865544,4223.0,4223000.0,CLEAR LAKE BANK AND TRUST COMPANY,2025-12-31
865544,4160.0,4160000.0,CLEAR LAKE BANK AND TRUST COMPANY,2026-03-31
867632,24201.0,24201000.0,INTERNATIONAL FINANCE BANK,2025-06-30
867632,22822.0,22822000.0,INTERNATIONAL FINANCE BANK,2025-09-30
867632,30818.0,30818000.0,INTERNATIONAL FINANCE BANK,2025-12-31
867632,36028.0,36028000.0,INTERNATIONAL FINANCE BANK,2026-03-31
867650,3400.0,3400000.0,PINNACLE BANK,2025-06-30
867650,3381.0,3381000.0,PINNACLE BANK,2025-09-30
867650,3274.0,3274000.0,PINNACLE BANK,2025-12-31
869346,3000.0,3000000.0,IOWA STATE SAVINGS BANK,2025-06-30
869346,2890.0,2890000.0,IOWA STATE SAVINGS BANK,2025-09-30
869346,2854.0,2854000.0,IOWA STATE SAVINGS BANK,2025-12-31
869346,2742.0,2742000.0,IOWA STATE SAVINGS BANK,2026-03-31
870913,2057.0,2057000.0,BUCKEYE STATE BANK,2025-06-30
870913,2045.0,2045000.0,BUCKEYE STATE BANK,2025-09-30
870913,1359.0,1359000.0,BUCKEYE STATE BANK,2025-12-31
871769,95002.0,95002000.0,FARMERS AND MERCHANTS BANK OF LONG BEACH,2025-06-30
871769,60573.0,60573000.0,FARMERS AND MERCHANTS BANK OF LONG BEACH,2025-09-30
871769,64367.0,64367000.0,FARMERS AND MERCHANTS BANK OF LONG BEACH,2025-12-31
871769,123690.0,123690000.0,FARMERS AND MERCHANTS BANK OF LONG BEACH,2026-03-31
879457,450.0,450000.0,CORNERSTONE BANK,2025-06-30
879457,254.0,254000.0,CORNERSTONE BANK,2025-09-30
879457,166.0,166000.0,CORNERSTONE BANK,2025-12-31
880332,2692.0,2692000.0,PIKE NATIONAL BANK,2025-06-30
880332,2903.0,2903000.0,PIKE NATIONAL BANK,2025-09-30
880332,2830.0,2830000.0,PIKE NATIONAL BANK,2025-12-31
880332,2676.0,2676000.0,PIKE NATIONAL BANK,2026-03-31
881478,20581.0,20581000.0,HERITAGE BANK,2025-06-30
881478,22683.0,22683000.0,HERITAGE BANK,2025-09-30
881478,23548.0,23548000.0,HERITAGE BANK,2025-12-31
881478,26731.0,26731000.0,HERITAGE BANK,2026-03-31
883959,7275.0,7275000.0,COWBOY BANK,2025-06-30
883959,7057.0,7057000.0,COWBOY BANK,2025-09-30
883959,13426.0,13426000.0,COWBOY BANK,2025-12-31
883959,13233.0,13233000.0,COWBOY BANK,2026-03-31
884648,2110.0,2110000.0,UNITED COMMUNITY BANK,2025-06-30
884648,2217.0,2217000.0,UNITED COMMUNITY BANK,2025-09-30
884648,2336.0,2336000.0,UNITED COMMUNITY BANK,2025-12-31
884648,2556.0,2556000.0,UNITED COMMUNITY BANK,2026-03-31
885430,867.0,867000.0,ST. LANDRY BANK AND TRUST COMPANY,2025-06-30
885430,667.0,667000.0,ST. LANDRY BANK AND TRUST COMPANY,2025-09-30
892205,12004.0,12004000.0,WESTFIELD BANK,2025-06-30
892205,12003.0,12003000.0,WESTFIELD BANK,2025-09-30
892205,7002.0,7002000.0,WESTFIELD BANK,2025-12-31
892205,7002.0,7002000.0,WESTFIELD BANK,2026-03-31
899428,2744.0,2744000.0,FIRST BANK,2025-06-30
899428,1744.0,1744000.0,FIRST BANK,2025-09-30
899428,1744.0,1744000.0,FIRST BANK,2025-12-31
899428,1495.0,1495000.0,FIRST BANK,2026-03-31
901938,2400.0,2400000.0,"FARMERS BANK, THE",2025-06-30
901938,2400.0,2400000.0,"FARMERS BANK, THE",2025-09-30
901938,2100.0,2100000.0,"FARMERS BANK, THE",2025-12-31
901938,2100.0,2100000.0,"FARMERS BANK, THE",2026-03-31
90328,3005.0,3005000.0,SKYLINE NATIONAL BANK,2025-06-30
90328,1000.0,1000000.0,SKYLINE NATIONAL BANK,2025-09-30
90328,1000.0,1000000.0,SKYLINE NATIONAL BANK,2025-12-31
90328,1000.0,1000000.0,SKYLINE NATIONAL BANK,2026-03-31
909055,1615.0,1615000.0,PEOPLES BANK & TRUST CO.,2025-06-30
909055,1596.0,1596000.0,PEOPLES BANK & TRUST CO.,2025-09-30
909055,1577.0,1577000.0,PEOPLES BANK & TRUST CO.,2025-12-31
913753,652.0,652000.0,INWOOD NATIONAL BANK,2025-06-30
913753,652.0,652000.0,INWOOD NATIONAL BANK,2025-09-30
913753,364.0,364000.0,INWOOD NATIONAL BANK,2025-12-31
913753,364.0,364000.0,INWOOD NATIONAL BANK,2026-03-31
913856,56752.0,56752000.0,PINNACLE BANK,2025-06-30
913856,57509.0,57509000.0,PINNACLE BANK,2025-09-30
913856,57595.0,57595000.0,PINNACLE BANK,2025-12-31
913856,72765.0,72765000.0,PINNACLE BANK,2026-03-31
914648,1.0,1000.0,BANKFIRST FINANCIAL SERVICES,2025-09-30
914648,1.0,1000.0,BANKFIRST FINANCIAL SERVICES,2025-12-31
915065,2019.0,2019000.0,HAWAII NATIONAL BANK,2025-06-30
915065,997.0,997000.0,HAWAII NATIONAL BANK,2025-09-30
915065,2859.0,2859000.0,HAWAII NATIONAL BANK,2025-12-31
915065,452.0,452000.0,HAWAII NATIONAL BANK,2026-03-31
916745,7056.0,7056000.0,BNA BANK,2025-06-30
916745,7056.0,7056000.0,BNA BANK,2025-09-30
916745,7056.0,7056000.0,BNA BANK,2025-12-31
916745,2730.0,2730000.0,BNA BANK,2026-03-31
917742,2377040.0,2377040000.0,"ASSOCIATED BANK, NATIONAL ASSOCIATION",2025-06-30
917742,2925734.0,2925734000.0,"ASSOCIATED BANK, NATIONAL ASSOCIATION",2025-09-30
917742,2729459.0,2729459000.0,"ASSOCIATED BANK, NATIONAL ASSOCIATION",2025-12-31
917742,2886553.0,2886553000.0,"ASSOCIATED BANK, NATIONAL ASSOCIATION",2026-03-31
918918,62471.0,62471000.0,SAFRA NATIONAL BANK OF NEW YORK,2025-06-30
918918,63271.0,63271000.0,SAFRA NATIONAL BANK OF NEW YORK,2025-09-30
918918,7271.0,7271000.0,SAFRA NATIONAL BANK OF NEW YORK,2025-12-31
918918,177870.0,177870000.0,SAFRA NATIONAL BANK OF NEW YORK,2026-03-31
924236,3208.0,3208000.0,FIRST STATE BANK,2025-06-30
924236,3182.0,3182000.0,FIRST STATE BANK,2025-09-30
924236,4149.0,4149000.0,FIRST STATE BANK,2025-12-31
924236,4848.0,4848000.0,FIRST STATE BANK,2026-03-31
926632,79.0,79000.0,FOREST PARK NATIONAL BANK AND TRUST COMPANY,2025-06-30
927134,2978.0,2978000.0,SOLUTIONS BANK,2025-06-30
927134,2255.0,2255000.0,SOLUTIONS BANK,2025-09-30
927134,2198.0,2198000.0,SOLUTIONS BANK,2025-12-31
927134,2141.0,2141000.0,SOLUTIONS BANK,2026-03-31
928618,4721.0,4721000.0,AMERISERV FINANCIAL BANK,2025-06-30
928618,4624.0,4624000.0,AMERISERV FINANCIAL BANK,2025-09-30
928618,5095.0,5095000.0,AMERISERV FINANCIAL BANK,2025-12-31
928618,5529.0,5529000.0,AMERISERV FINANCIAL BANK,2026-03-31
929352,368387.0,368387000.0,BELL BANK,2025-06-30
929352,381557.0,381557000.0,BELL BANK,2025-09-30
929352,371198.0,371198000.0,BELL BANK,2025-12-31
929352,417858.0,417858000.0,BELL BANK,2026-03-31
930358,161521.0,161521000.0,UNITED BANKERS' BANK,2025-06-30
930358,167206.0,167206000.0,UNITED BANKERS' BANK,2025-09-30
930358,170321.0,170321000.0,UNITED BANKERS' BANK,2025-12-31
930358,171006.0,171006000.0,UNITED BANKERS' BANK,2026-03-31
930965,72170.0,72170000.0,SMBC MANUBANK,2025-06-30
930965,71275.0,71275000.0,SMBC MANUBANK,2025-09-30
930965,75660.0,75660000.0,SMBC MANUBANK,2025-12-31
930965,45289.0,45289000.0,SMBC MANUBANK,2026-03-31
933023,15083.0,15083000.0,"SHORE UNITED BANK, NATIONAL ASSOCIATION",2025-06-30
933023,15023.0,15023000.0,"SHORE UNITED BANK, NATIONAL ASSOCIATION",2025-09-30
933023,4964.0,4964000.0,"SHORE UNITED BANK, NATIONAL ASSOCIATION",2025-12-31
933023,4911.0,4911000.0,"SHORE UNITED BANK, NATIONAL ASSOCIATION",2026-03-31
933256,31967.0,31967000.0,"ALERUS FINANCIAL, NATIONAL ASSOCIATION",2026-03-31
933621,65738.0,65738000.0,BURKE AND HERBERT BANK AND TRUST COMPANY,2025-06-30
933621,67711.0,67711000.0,BURKE AND HERBERT BANK AND TRUST COMPANY,2025-09-30
933621,14472.0,14472000.0,BURKE AND HERBERT BANK AND TRUST COMPANY,2025-12-31
934329,702000.0,702000000.0,"BNY MELLON, NATIONAL ASSOCIATION",2025-06-30
934329,702000.0,702000000.0,"BNY MELLON, NATIONAL ASSOCIATION",2025-09-30
934329,675000.0,675000000.0,"BNY MELLON, NATIONAL ASSOCIATION",2025-12-31
934329,158000.0,158000000.0,"BNY MELLON, NATIONAL ASSOCIATION",2026-03-31
935250,386.0,386000.0,BLUE RIDGE BANK AND TRUST CO.,2025-06-30
935250,336.0,336000.0,BLUE RIDGE BANK AND TRUST CO.,2025-09-30
9357,90892.0,90892000.0,SCALE BANK,2025-06-30
9357,97724.0,97724000.0,SCALE BANK,2025-09-30
9357,73474.0,73474000.0,SCALE BANK,2025-12-31
9357,82270.0,82270000.0,SCALE BANK,2026-03-31
936136,3338.0,3338000.0,OLD SECOND NATIONAL BANK,2025-06-30
936136,3063.0,3063000.0,OLD SECOND NATIONAL BANK,2025-09-30
936136,4055.0,4055000.0,OLD SECOND NATIONAL BANK,2025-12-31
936136,3752.0,3752000.0,OLD SECOND NATIONAL BANK,2026-03-31
936426,130696.0,130696000.0,S & T BANK,2025-06-30
936426,148044.0,148044000.0,S & T BANK,2025-09-30
936426,166963.0,166963000.0,S & T BANK,2025-12-31
936426,158519.0,158519000.0,S & T BANK,2026-03-31
936462,4617.0,4617000.0,MECHANICS BANK,2025-06-30
936462,47391.0,47391000.0,MECHANICS BANK,2025-09-30
936462,12223.0,12223000.0,MECHANICS BANK,2025-12-31
936462,4917.0,4917000.0,MECHANICS BANK,2026-03-31
936855,79512.0,79512000.0,"UMB BANK, NATIONAL ASSOCIATION",2025-06-30
936855,2139192.0,2139192000.0,"UMB BANK, NATIONAL ASSOCIATION",2025-09-30
936855,2430468.0,2430468000.0,"UMB BANK, NATIONAL ASSOCIATION",2025-12-31
936855,2632290.0,2632290000.0,"UMB BANK, NATIONAL ASSOCIATION",2026-03-31
937740,635.0,635000.0,"PORT WASHINGTON STATE BANK, THE",2025-06-30
937740,554.0,554000.0,"PORT WASHINGTON STATE BANK, THE",2025-09-30
937740,473.0,473000.0,"PORT WASHINGTON STATE BANK, THE",2025-12-31
937740,120.0,120000.0,"PORT WASHINGTON STATE BANK, THE",2026-03-31
939249,11443.0,11443000.0,FIDELITY BANK & TRUST,2025-06-30
939249,11271.0,11271000.0,FIDELITY BANK & TRUST,2025-09-30
939249,11095.0,11095000.0,FIDELITY BANK & TRUST,2025-12-31
939249,10917.0,10917000.0,FIDELITY BANK & TRUST,2026-03-31
940311,233000.0,233000000.0,BANCO POPULAR DE PUERTO RICO,2025-06-30
940311,370000.0,370000000.0,BANCO POPULAR DE PUERTO RICO,2025-09-30
940311,446000.0,446000000.0,BANCO POPULAR DE PUERTO RICO,2025-12-31
940311,440000.0,440000000.0,BANCO POPULAR DE PUERTO RICO,2026-03-31
947749,879.0,879000.0,"NORTH SALEM STATE BANK, THE",2025-06-30
947749,879.0,879000.0,"NORTH SALEM STATE BANK, THE",2025-09-30
947749,695.0,695000.0,"NORTH SALEM STATE BANK, THE",2025-12-31
947749,695.0,695000.0,"NORTH SALEM STATE BANK, THE",2026-03-31
950356,974.0,974000.0,SECURITY STATE BANK OF HIBBING,2025-06-30
950356,982.0,982000.0,SECURITY STATE BANK OF HIBBING,2025-09-30
950356,976.0,976000.0,SECURITY STATE BANK OF HIBBING,2025-12-31
950356,567.0,567000.0,SECURITY STATE BANK OF HIBBING,2026-03-31
956134,2000.0,2000000.0,LASALLE STATE BANK,2025-06-30
956134,2250.0,2250000.0,LASALLE STATE BANK,2025-09-30
956134,2750.0,2750000.0,LASALLE STATE BANK,2025-12-31
956134,2750.0,2750000.0,LASALLE STATE BANK,2026-03-31
956358,3020.0,3020000.0,SECURITY BANK OF THE OZARKS,2025-06-30
956358,2332.0,2332000.0,SECURITY BANK OF THE OZARKS,2025-09-30
956358,2054.0,2054000.0,SECURITY BANK OF THE OZARKS,2025-12-31
956358,2016.0,2016000.0,SECURITY BANK OF THE OZARKS,2026-03-31
959715,9729.0,9729000.0,ATLANTIC COMMUNITY BANKERS BANK,2025-06-30
959715,5944.0,5944000.0,ATLANTIC COMMUNITY BANKERS BANK,2025-09-30
959715,4426.0,4426000.0,ATLANTIC COMMUNITY BANKERS BANK,2025-12-31
959715,2934.0,2934000.0,ATLANTIC COMMUNITY BANKERS BANK,2026-03-31
962890,5000.0,5000000.0,CITIZENS COMMUNITY FEDERAL NATIONAL ASSOCIATION,2025-06-30
962890,5003.0,5003000.0,CITIZENS COMMUNITY FEDERAL NATIONAL ASSOCIATION,2025-09-30
962890,5003.0,5003000.0,CITIZENS COMMUNITY FEDERAL NATIONAL ASSOCIATION,2025-12-31
962890,5003.0,5003000.0,CITIZENS COMMUNITY FEDERAL NATIONAL ASSOCIATION,2026-03-31
963945,6275400.0,6275400000.0,MERCHANTS BANK OF INDIANA,2025-06-30
963945,6299833.0,6299833000.0,MERCHANTS BANK OF INDIANA,2025-09-30
963945,6573404.0,6573404000.0,MERCHANTS BANK OF INDIANA,2025-12-31
963945,7872364.0,7872364000.0,MERCHANTS BANK OF INDIANA,2026-03-31
965789,129306.0,129306000.0,SUSSER BANK,2025-09-30
965789,180041.0,180041000.0,SUSSER BANK,2025-12-31
965789,179336.0,179336000.0,SUSSER BANK,2026-03-31
968070,12234.0,12234000.0,CAPITOL FEDERAL SAVINGS BANK,2025-06-30
968070,12235.0,12235000.0,CAPITOL FEDERAL SAVINGS BANK,2025-09-30
968070,10872.0,10872000.0,CAPITOL FEDERAL SAVINGS BANK,2025-12-31
968070,10872.0,10872000.0,CAPITOL FEDERAL SAVINGS BANK,2026-03-31
972648,7840.0,7840000.0,PLANTERS BANK & TRUST COMPANY,2025-06-30
972648,7477.0,7477000.0,PLANTERS BANK & TRUST COMPANY,2025-09-30
972648,8083.0,8083000.0,PLANTERS BANK & TRUST COMPANY,2025-12-31
972648,7963.0,7963000.0,PLANTERS BANK & TRUST COMPANY,2026-03-31
972732,4163.0,4163000.0,FIRST NATIONAL BANK OF PULASKI,2025-06-30
972732,3717.0,3717000.0,FIRST NATIONAL BANK OF PULASKI,2025-09-30
972732,3835.0,3835000.0,FIRST NATIONAL BANK OF PULASKI,2025-12-31
972732,3253.0,3253000.0,FIRST NATIONAL BANK OF PULASKI,2026-03-31
977250,125813.0,125813000.0,MIDWEST INDEPENDENT BANKERSBANK,2025-06-30
977250,128810.0,128810000.0,MIDWEST INDEPENDENT BANKERSBANK,2025-09-30
977250,121721.0,121721000.0,MIDWEST INDEPENDENT BANKERSBANK,2025-12-31
977250,125384.0,125384000.0,MIDWEST INDEPENDENT BANKERSBANK,2026-03-31
977951,6481.0,6481000.0,BORDER BANK,2025-06-30
977951,6411.0,6411000.0,BORDER BANK,2025-09-30
977951,6221.0,6221000.0,BORDER BANK,2025-12-31
977951,5978.0,5978000.0,BORDER BANK,2026-03-31
978118,18220.0,18220000.0,FIRST CITIZENS COMMUNITY BANK,2025-09-30
978118,19301.0,19301000.0,FIRST CITIZENS COMMUNITY BANK,2025-12-31
978118,13805.0,13805000.0,FIRST CITIZENS COMMUNITY BANK,2026-03-31
980661,147341.0,147341000.0,FIRST HAWAIIAN BANK,2025-06-30
980661,167237.0,167237000.0,FIRST HAWAIIAN BANK,2025-09-30
980661,170585.0,170585000.0,FIRST HAWAIIAN BANK,2025-12-31
980661,135553.0,135553000.0,FIRST HAWAIIAN BANK,2026-03-31
980960,81953.0,81953000.0,BENCHMARK BANK,2025-06-30
980960,160027.0,160027000.0,BENCHMARK BANK,2025-09-30
980960,136957.0,136957000.0,BENCHMARK BANK,2025-12-31
980960,131086.0,131086000.0,BENCHMARK BANK,2026-03-31
982348,7906.0,7906000.0,IOWA STATE BANK,2025-06-30
982348,4043.0,4043000.0,IOWA STATE BANK,2025-09-30
984258,292.0,292000.0,FIRST NATIONAL BANK AND TRUST COMPANY OF ARDMORE,2025-06-30
984258,198.0,198000.0,FIRST NATIONAL BANK AND TRUST COMPANY OF ARDMORE,2025-09-30
984258,198.0,198000.0,FIRST NATIONAL BANK AND TRUST COMPANY OF ARDMORE,2025-12-31
990642,2267.0,2267000.0,"FIRST NATIONAL BANK OF ALLENDALE, THE",2025-06-30
990642,2189.0,2189000.0,"FIRST NATIONAL BANK OF ALLENDALE, THE",2025-09-30
990642,2051.0,2051000.0,"FIRST NATIONAL BANK OF ALLENDALE, THE",2025-12-31
990642,1972.0,1972000.0,"FIRST NATIONAL BANK OF ALLENDALE, THE",2026-03-31
991359,2883.0,2883000.0,FIRST MISSOURI BANK OF SEMO,2025-06-30
991359,2883.0,2883000.0,FIRST MISSOURI BANK OF SEMO,2025-09-30
994435,7749.0,7749000.0,UNITED BANK,2025-06-30
994435,7749.0,7749000.0,UNITED BANK,2025-09-30
994435,6499.0,6499000.0,UNITED BANK,2025-12-31
994435,6491.0,6491000.0,UNITED BANK,2026-03-31
