rssd_id,total_equity_capital,total_equity_capital_usd,bank_name
852218,335931000.0,335931000000.0,"JPMORGAN CHASE BANK, NATIONAL ASSOCIATION"
480228,241710000.0,241710000000.0,"BANK OF AMERICA, NATIONAL ASSOCIATION"
451965,173016000.0,173016000000.0,"WELLS FARGO BANK, NATIONAL ASSOCIATION"
476810,171401000.0,171401000000.0,"CITIBANK, N.A."
112837,97280000.0,97280000000.0,"CAPITAL ONE, NATIONAL ASSOCIATION"
504713,67968276.0,67968276000.0,U.S. BANK NATIONAL ASSOCIATION
2182786,63958000.0,63958000000.0,GOLDMAN SACHS BANK USA
852320,63082000.0,63082000000.0,TRUIST BANK
817824,59440316.0,59440316000.0,"PNC BANK, NATIONAL ASSOCIATION"
497404,50028687.0,50028687000.0,"TD BANK, NATIONAL ASSOCIATION"
1456501,41955000.0,41955000000.0,"MORGAN STANLEY BANK, N.A."
75633,37611001.0,37611001000.0,BMO BANK NATIONAL ASSOCIATION
723112,37413000.0,37413000000.0,"FIFTH THIRD BANK, NATIONAL ASSOCIATION"
12311,33143721.0,33143721000.0,"HUNTINGTON NATIONAL BANK, THE"
541101,29100000.0,29100000000.0,"BANK OF NEW YORK MELLON, THE"
35301,28711000.0,28711000000.0,STATE STREET BANK AND TRUST COMPANY
501105,28171000.0,28171000000.0,MANUFACTURERS AND TRADERS TRUST COMPANY
3303298,26651224.0,26651224000.0,"CITIZENS BANK, NATIONAL ASSOCIATION"
491224,23476000.0,23476000000.0,FIRST-CITIZENS BANK & TRUST COMPANY
1394676,19007749.0,19007749000.0,AMERICAN EXPRESS NATIONAL BANK
280110,18841264.0,18841264000.0,KEYBANK NATIONAL ASSOCIATION
2489805,18425000.0,18425000000.0,"MORGAN STANLEY PRIVATE BANK, NATIONAL ASSOCIATION"
3150447,18260000.0,18260000000.0,"CHARLES SCHWAB BANK, SSB"
233031,18064000.0,18064000000.0,REGIONS BANK
413208,16439241.0,16439241000.0,"HSBC BANK USA, NATIONAL ASSOCIATION"
3284070,15378000.0,15378000000.0,ALLY BANK
1216022,14688000.0,14688000000.0,SYNCHRONY BANK
2925666,14486990.0,14486990000.0,PINNACLE BANK
722777,13611611.0,13611611000.0,"SANTANDER BANK, NATIONAL ASSOCIATION"
63069,11687991.0,11687991000.0,CITY NATIONAL BANK
210434,11546963.0,11546963000.0,"NORTHERN TRUST COMPANY, THE"
1842065,11331822.0,11331822000.0,CIBC BANK USA
214807,9862000.0,9862000000.0,DEUTSCHE BANK TRUST COMPANY AMERICAS
761806,9669972.0,9669972000.0,"WEBSTER BANK, NATIONAL ASSOCIATION"
1929247,9590534.0,9590534000.0,"SOUTHSTATE BANK, N.A."
485559,9404506.0,9404506000.0,FIRST HORIZON BANK
3212149,9037413.0,9037413000.0,"UBS BANK USA, NATIONAL ASSOCIATION"
229801,8231825.0,8231825000.0,VALLEY NATIONAL BANK
197478,8218667.0,8218667000.0,EAST WEST BANK
208244,8213684.0,8213684000.0,OLD NATIONAL BANK
694904,8120652.0,8120652000.0,"FLAGSTAR BANK, NATIONAL ASSOCIATION"
664756,8018697.0,8018697000.0,PROSPERITY BANK
143662,7965503.0,7965503000.0,COLUMBIA BANK
3138146,7718589.0,7718589000.0,WESTERN ALLIANCE BANK
936855,7675387.0,7675387000.0,"UMB BANK, NATIONAL ASSOCIATION"
276579,7295506.0,7295506000.0,"ZIONS BANCORPORATION, NATIONAL ASSOCIATION"
379920,6758324.0,6758324000.0,FIRST NATIONAL BANK OF PENNSYLVANIA
2980209,6537000.0,6537000000.0,BARCLAYS BANK DELAWARE
962966,6326023.0,6326023000.0,"SOFI BANK, NATIONAL ASSOCIATION"
107244,6156210.0,6156210000.0,BANK OZK
693224,5759867.0,5759867000.0,ATLANTIC UNION BANK
339858,5595833.0,5595833000.0,"BOKF, NATIONAL ASSOCIATION"
365325,5588486.0,5588486000.0,UNITED BANK
619877,5571000.0,5571000000.0,USAA FEDERAL SAVINGS BANK
917742,4831236.0,4831236000.0,"ASSOCIATED BANK, NATIONAL ASSOCIATION"
288853,4556491.0,4556491000.0,FIRSTBANK
682563,4524619.0,4524619000.0,FROST BANK
463735,4348018.0,4348018000.0,HANCOCK WHITNEY BANK
2634191,4261906.0,4261906000.0,GLACIER BANK
645625,4189598.0,4189598000.0,"WESBANCO BANK, INC."
2735146,4176323.0,4176323000.0,"EVERBANK, NATIONAL ASSOCIATION"
749242,4101456.0,4101456000.0,RENASANT BANK
595270,4084668.0,4084668000.0,MIDFIRST BANK
128904,4069197.0,4069197000.0,EASTERN BANK
764030,4049054.0,4049054000.0,AMERIS BANK
456045,4022556.0,4022556000.0,CENTENNIAL BANK
494261,3909677.0,3909677000.0,BANC OF CALIFORNIA
613008,3894664.0,3894664000.0,ROCKLAND TRUST COMPANY
527954,3873637.0,3873637000.0,FIRST NATIONAL BANK OF OMAHA
601050,3831715.0,3831715000.0,COMMERCE BANK
940311,3813000.0,3813000000.0,BANCO POPULAR DE PUERTO RICO
2121196,3765538.0,3765538000.0,"TD BANK USA, NATIONAL ASSOCIATION"
2618780,3623133.0,3623133000.0,TEXAS CAPITAL BANK
1444021,3568437.0,3568437000.0,"BLACKROCK INSTITUTIONAL TRUST COMPANY, NATIONAL ASSOCIATION"
474919,3533824.0,3533824000.0,"FULTON BANK, NATIONAL ASSOCIATION"
934329,3527000.0,3527000000.0,"BNY MELLON, NATIONAL ASSOCIATION"
1017939,3386971.0,3386971000.0,UNITED COMMUNITY BANK
2193616,3285057.0,3285057000.0,RAYMOND JAMES BANK
659855,3267869.0,3267869000.0,FIRST INTERSTATE BANK
204004,3200744.0,3200744000.0,PROVIDENT BANK
663245,3200157.0,3200157000.0,SIMMONS BANK
3938186,3191890.0,3191890000.0,"BANKUNITED, NATIONAL ASSOCIATION"
3202702,3073000.0,3073000000.0,"OPTUM BANK, INC."
595869,3072117.0,3072117000.0,CATHAY BANK
34537,3032154.0,3032154000.0,SEACOAST NATIONAL BANK
3394278,3021095.0,3021095000.0,SALLIE MAE BANK
656377,2996598.0,2996598000.0,WAFD BANK
814430,2990876.0,2990876000.0,CITY NATIONAL BANK OF FLORIDA
165628,2959898.0,2959898000.0,FIRST FINANCIAL BANK
936462,2927457.0,2927457000.0,MECHANICS BANK
3284397,2896864.0,2896864000.0,BEAL BANK USA
2797724,2891687.0,2891687000.0,TOWNEBANK
980661,2759143.0,2759143000.0,FIRST HAWAIIAN BANK
17147,2711800.0,2711800000.0,FIRST MERCHANTS BANK
2917317,2707033.0,2707033000.0,AXOS BANK
2567123,2677111.0,2677111000.0,"U.S. BANK TRUST COMPANY, NATIONAL ASSOCIATION"
437914,2660496.0,2660496000.0,"WILMINGTON SAVINGS FUND SOCIETY, FSB"
782306,2510964.0,2510964000.0,BEACON BANK & TRUST
416245,2462098.0,2462098000.0,BUSEY BANK
671464,2340087.0,2340087000.0,BANK OF HOPE
311845,2317753.0,2317753000.0,ARVEST BANK
2941068,2307196.0,2307196000.0,NICOLET NATIONAL BANK
933966,2295693.0,2295693000.0,"CITIZENS BUSINESS BANK, NATIONAL ASSOCIATION"
2354985,2292297.0,2292297000.0,CUSTOMERS BANK
963945,2256785.0,2256785000.0,MERCHANTS BANK OF INDIANA
342634,2217852.0,2217852000.0,TRUSTMARK BANK
2736291,2125932.0,2125932000.0,POPULAR BANK
1893049,2039000.0,2039000000.0,"CHARLES SCHWAB PREMIER BANK, SSB"
1001152,2031659.0,2031659000.0,INTERNATIONAL BANK OF COMMERCE
1190476,2010243.0,2010243000.0,ENTERPRISE BANK & TRUST
436159,2000070.0,2000070000.0,FIRSTBANK
1002878,1975369.0,1975369000.0,NORTHWEST BANK
352772,1952235.0,1952235000.0,BANNER BANK
3348888,1941413.0,1941413000.0,SERVISFIRST BANK
1443266,1914000.0,1914000000.0,"BANK OF AMERICA CALIFORNIA, NATIONAL ASSOCIATION"
510871,1898589.0,1898589000.0,FIRSTBANK PUERTO RICO
702117,1850985.0,1850985000.0,"NBT BANK, NATIONAL ASSOCIATION"
853952,1837236.0,1837236000.0,"CENTRAL TRUST BANK, THE"
2850722,1810370.0,1810370000.0,BMW BANK OF NORTH AMERICA
795968,1766233.0,1766233000.0,BANK OF HAWAII
85472,1762354.0,1762354000.0,"OCEANFIRST BANK, NATIONAL ASSOCIATION"
470050,1750393.0,1750393000.0,FIRST FINANCIAL BANK
216922,1740064.0,1740064000.0,FIRST BANK
915878,1739969.0,1739969000.0,THIRD FEDERAL SAVINGS & LOAN ASSOCIATION OF CLEVELAND
3317932,1736592.0,1736592000.0,CONNECTONE BANK
3224580,1729050.0,1729050000.0,COMENITY CAPITAL BANK
3287660,1706691.0,1706691000.0,TOYOTA FINANCIAL SAVINGS BANK
2615190,1679668.0,1679668000.0,MERRICK BANK
23504,1667496.0,1667496000.0,DIME COMMUNITY BANK
3475083,1647755.0,1647755000.0,TRISTATE CAPITAL BANK
1225761,1644056.0,1644056000.0,WELLS FARGO NATIONAL BANK WEST
202907,1637751.0,1637751000.0,"COMMUNITY BANK, NATIONAL ASSOCIATION"
3579589,1630415.0,1630415000.0,STELLAR BANK
4210227,1628283.0,1628283000.0,NBH BANK
871769,1608179.0,1608179000.0,FARMERS AND MERCHANTS BANK OF LONG BEACH
509950,1590098.0,1590098000.0,FIRST UNITED BANK AND TRUST COMPANY
249612,1577311.0,1577311000.0,APPLE BANK
489623,1544588.0,1544588000.0,"PARK NATIONAL BANK, THE"
3470239,1503678.0,1503678000.0,"AMERIPRISE BANK, FSB"
42420,1501696.0,1501696000.0,FIRST COMMONWEALTH BANK
929352,1449675.0,1449675000.0,BELL BANK
320119,1444189.0,1444189000.0,ISRAEL DISCOUNT BANK OF NEW YORK
936426,1405738.0,1405738000.0,S & T BANK
1386251,1397026.0,1397026000.0,BANCFIRST
129732,1372940.0,1372940000.0,BYLINE BANK
264772,1362131.0,1362131000.0,"LENDINGCLUB BANK, NATIONAL ASSOCIATION"
100562,1358983.0,1358983000.0,TRI COUNTIES BANK
3076248,1358805.0,1358805000.0,STIFEL BANK AND TRUST
637451,1352312.0,1352312000.0,PLAINSCAPITAL BANK
918918,1335294.0,1335294000.0,SAFRA NATIONAL BANK OF NEW YORK
245276,1304754.0,1304754000.0,ORIENTAL BANK
961624,1295063.0,1295063000.0,"DOLLAR BANK, FEDERAL SAVINGS BANK"
688079,1265199.0,1265199000.0,"WELLS FARGO TRUST COMPANY, NATIONAL ASSOCIATION"
991340,1232524.0,1232524000.0,1ST SOURCE BANK
137915,1215716.0,1215716000.0,EMIGRANT BANK
577128,1192224.0,1192224000.0,PEOPLES BANK
652874,1177717.0,1177717000.0,NEXBANK
587800,1174665.0,1174665000.0,LIBERTY BANK
3650808,1171333.0,1171333000.0,LIVE OAK BANKING COMPANY
2652092,1165171.0,1165171000.0,EAGLEBANK
5582846,1161727.0,1161727000.0,"SQUARE FINANCIAL SERVICES, INC."
229913,1160446.0,1160446000.0,MIZUHO BANK (USA)
667757,1152007.0,1152007000.0,ORIGIN BANK
673440,1135855.0,1135855000.0,FIRST SECURITY BANK
474759,1135050.0,1135050000.0,"SUNFLOWER BANK, NATIONAL ASSOCIATION"
37640,1124368.0,1124368000.0,GERMAN AMERICAN BANK
881478,1122561.0,1122561000.0,HERITAGE BANK
174572,1114522.0,1114522000.0,COLUMBIA BANK
398668,1113451.0,1113451000.0,"BANK OF NEW YORK MELLON TRUST COMPANY, NATIONAL ASSOCIATION, THE"
353555,1102543.0,1102543000.0,AMARILLO NATIONAL BANK
317342,1100339.0,1100339000.0,STOCK YARDS BANK & TRUST COMPANY
2239288,1097369.0,1097369000.0,"WINTRUST BANK, NATIONAL ASSOCIATION"
316840,1066354.0,1066354000.0,REPUBLIC BANK & TRUST COMPANY
3637685,1061915.0,1061915000.0,FIRST FOUNDATION BANK
1391778,1053954.0,1053954000.0,COMENITY BANK
361167,1051941.0,1051941000.0,SOUTHSIDE BANK
3408728,1049120.0,1049120000.0,B1BANK
766164,1039191.0,1039191000.0,"TBK BANK, SSB"
3783313,1035165.0,1035165000.0,CROSS RIVER BANK
783648,996441.0,996441000.0,CENTIER BANK
52719,995319.0,995319000.0,"DEPOSITORY TRUST COMPANY, THE"
58971,988282.0,988282000.0,WASHINGTON TRUST BANK
618807,985268.0,985268000.0,SALEM FIVE CENTS SAVINGS BANK
968070,982486.0,982486000.0,CAPITOL FEDERAL SAVINGS BANK
83638,979090.0,979090000.0,"AMERANT BANK, NATIONAL ASSOCIATION"
1176881,960951.0,960951000.0,MONET BANK
450856,956018.0,956018000.0,UNION BANK AND TRUST COMPANY
859712,948428.0,948428000.0,RIDGEWOOD SAVINGS BANK
2705895,946437.0,946437000.0,METROPOLITAN COMMERCIAL BANK
2600039,941024.0,941024000.0,"COMPUTERSHARE TRUST COMPANY, NATIONAL ASSOCIATION"
399517,940263.0,940263000.0,CNB BANK
933621,935191.0,935191000.0,BURKE AND HERBERT BANK AND TRUST COMPANY
3187630,933686.0,933686000.0,FORBRIGHT BANK
121642,933445.0,933445000.0,BANKPLUS
762447,933301.0,933301000.0,"FIRST MID BANK & TRUST, NATIONAL ASSOCIATION"
936136,930255.0,930255000.0,OLD SECOND NATIONAL BANK
959304,922694.0,922694000.0,FLUSHING BANK
354310,916595.0,916595000.0,UNIVEST BANK AND TRUST CO.
3783948,911456.0,911456000.0,"RBC BANK (GEORGIA), NATIONAL ASSOCIATION"
2916963,910169.0,910169000.0,U.S. BANK TRUST NATIONAL ASSOCIATION
479268,897924.0,897924000.0,BANK OF STOCKTON
2998576,886590.0,886590000.0,CELTIC BANK CORPORATION
509811,886359.0,886359000.0,"COMMUNITY TRUST BANK, INC."
435077,883557.0,883557000.0,"PATHWARD, NATIONAL ASSOCIATION"
657365,882329.0,882329000.0,HANMI BANK
58243,881316.0,881316000.0,JOHNSON BANK
139656,879573.0,879573000.0,EQUITY BANK
2858960,872722.0,872722000.0,"BANCORP BANK NATIONAL ASSOCIATION, THE"
2992547,869513.0,869513000.0,"JOHN DEERE FINANCIAL, F.S.B."
1917301,863101.0,863101000.0,"LAKE FOREST BANK & TRUST COMPANY, NATIONAL ASSOCIATION"
426534,854228.0,854228000.0,HEARTLAND BANK AND TRUST COMPANY
786612,854148.0,854148000.0,MID PENN BANK
913856,848552.0,848552000.0,PINNACLE BANK
661308,836173.0,836173000.0,AMALGAMATED BANK
680813,823202.0,823202000.0,"FARMERS NATIONAL BANK OF CANFIELD, THE"
433608,802330.0,802330000.0,TOMPKINS COMMUNITY BANK
594947,798992.0,798992000.0,"BANK FIRST, NATIONAL ASSOCIATION"
3076220,794395.0,794395000.0,STIFEL BANK
888002,794349.0,794349000.0,MIDDLESEX SAVINGS BANK
339773,791078.0,791078000.0,NEEDHAM BANK
3630323,783352.0,783352000.0,THIRD COAST BANK
130541,778223.0,778223000.0,HORIZON BANK
996260,771902.0,771902000.0,CTBC BANK CORP. (USA)
412751,770572.0,770572000.0,WOODFOREST NATIONAL BANK
1918344,770199.0,770199000.0,PREFERRED BANK
2362458,769960.0,769960000.0,"WELLS FARGO BANK SOUTH CENTRAL, NATIONAL ASSOCIATION"
5278251,769377.0,769377000.0,CHARLES SCHWAB TRUST BANK
29878,766168.0,766168000.0,MASPETH FEDERAL SAVINGS AND LOAN ASSOCIATION
874845,758832.0,758832000.0,LAKE CITY BANK
930965,757734.0,757734000.0,SMBC MANUBANK
2700984,751287.0,751287000.0,WEX BANK
255659,744952.0,744952000.0,BANK OF COLORADO
651859,741782.0,741782000.0,STOCKMAN BANK OF MONTANA
28013,736873.0,736873000.0,NORTHFIELD BANK
593007,735662.0,735662000.0,CAMDEN NATIONAL BANK
2608754,725831.0,725831000.0,MERCANTILE BANK
633378,719278.0,719278000.0,KEARNY BANK
811046,718092.0,718092000.0,BANKERS TRUST COMPANY
663834,714119.0,714119000.0,OCEAN BANK
2209553,713936.0,713936000.0,HERITAGE BANK OF COMMERCE
3232204,710629.0,710629000.0,POPPY BANK
260055,710613.0,710613000.0,ALPINE BANK
758703,704889.0,704889000.0,CAMBRIDGE SAVINGS BANK
826956,700003.0,700003000.0,CHOICE FINANCIAL GROUP
850036,687740.0,687740000.0,FIRST AMERICAN BANK
2737980,685615.0,685615000.0,NORTHPOINTE BANK
1011526,684999.0,684999000.0,CITY NATIONAL BANK OF WEST VIRGINIA
236706,682261.0,682261000.0,PEAPACK PRIVATE BANK AND TRUST
54973,681470.0,681470000.0,"AMERICAN SAVINGS BANK, NATIONAL ASSOCIATION"
2265456,673101.0,673101000.0,"WILMINGTON TRUST, NATIONAL ASSOCIATION"
601416,670148.0,670148000.0,FIVE STAR BANK
272302,668148.0,668148000.0,INSTITUTION FOR SAVINGS IN NEWBURYPORT AND ITS VICINITY
808260,663574.0,663574000.0,FARMERS & MERCHANTS BANK OF CENTRAL CALIFORNIA
2119773,661217.0,661217000.0,"HINSDALE BANK & TRUST COMPANY, NATIONAL ASSOCIATION"
933023,660598.0,660598000.0,"SHORE UNITED BANK, NATIONAL ASSOCIATION"
3532641,644529.0,644529000.0,SMARTBANK
391575,643869.0,643869000.0,"UNITED FIDELITY BANK, FSB"
2471239,643607.0,643607000.0,CFG BANK
693345,640022.0,640022000.0,"FIRST FINANCIAL BANK, NATIONAL ASSOCIATION"
1187001,638267.0,638267000.0,INTERBANK
342410,636248.0,636248000.0,ORRSTOWN BANK
701062,635758.0,635758000.0,CENTRAL PACIFIC BANK
542528,629946.0,629946000.0,CIVISTA BANK
3447576,622111.0,622111000.0,AMERICAN MOMENTUM BANK
639567,619629.0,619629000.0,"CREDIT ONE BANK, NATIONAL ASSOCIATION"
3835454,615419.0,615419000.0,ROYAL BUSINESS BANK
697763,614723.0,614723000.0,WESTAMERICA BANK
572374,609744.0,609744000.0,GREAT SOUTHERN BANK
3378773,609046.0,609046000.0,BRIDGEWATER BANK
932978,607077.0,607077000.0,FIRSTRUST SAVINGS BANK
278818,606624.0,606624000.0,PEOPLES SECURITY BANK AND TRUST COMPANY
773247,605286.0,605286000.0,MIDLAND STATES BANK
3076453,604080.0,604080000.0,"CALIFORNIA BANK OF COMMERCE, NATIONAL ASSOCIATION"
3402913,600903.0,600903000.0,BANESCO USA
6053129,600608.0,600608000.0,"EREBOR BANK, NATIONAL ASSOCIATION"
731247,597653.0,597653000.0,HILLS BANK AND TRUST COMPANY
725732,591229.0,591229000.0,BRADESCO BANK
212577,590135.0,590135000.0,HOMETRUST BANK
664206,585632.0,585632000.0,CAPE COD FIVE CENTS SAVINGS BANK
159636,584702.0,584702000.0,WILSON BANK & TRUST
522605,584298.0,584298000.0,BAR HARBOR BANK AND TRUST COMPANY
114260,576437.0,576437000.0,FIRST NATIONAL BANK ALASKA
933256,573187.0,573187000.0,"ALERUS FINANCIAL, NATIONAL ASSOCIATION"
468806,567664.0,567664000.0,NORTHEAST BANK
230759,567446.0,567446000.0,INTERNATIONAL BANK OF COMMERCE
253468,563858.0,563858000.0,RIVER CITY BANK
816603,561398.0,561398000.0,"WASHINGTON TRUST COMPANY, OF WESTERLY, THE"
2634351,558174.0,558174000.0,"MACATAWA BANK, NATIONAL ASSOCIATION"
722544,555430.0,555430000.0,NATIONAL EXCHANGE BANK AND TRUST
809771,547805.0,547805000.0,YAKIMA FEDERAL SAVINGS AND LOAN ASSOCIATION
3109146,546763.0,546763000.0,"LEADER BANK, NATIONAL ASSOCIATION"
169653,546151.0,546151000.0,FIRST BANK
413141,541254.0,541254000.0,FIRST NATIONAL BANK OF AMERICA
707354,541234.0,541234000.0,FIRST STATE COMMUNITY BANK
949154,540068.0,540068000.0,TEXAS BANK AND TRUST COMPANY
677176,539461.0,539461000.0,TRUSTCO BANK
77851,534944.0,534944000.0,FIRST BANK & TRUST
419406,533969.0,533969000.0,BANGOR SAVINGS BANK
272272,531559.0,531559000.0,SOUTHERN BANK
660655,530591.0,530591000.0,AMERICAN NATIONAL BANK
141556,529600.0,529600000.0,STEARNS BANK NATIONAL ASSOCIATION
925411,527666.0,527666000.0,SUMITOMO MITSUI TRUST BANK (U.S.A.) LIMITED
384018,526790.0,526790000.0,WOORI AMERICA BANK
876634,522432.0,522432000.0,CAPITAL CITY BANK
236153,519765.0,519765000.0,FIRST INTERNATIONAL BANK AND TRUST
56351,519576.0,519576000.0,"VERABANK, NATIONAL ASSOCIATION"
2508751,516645.0,516645000.0,"BARRINGTON BANK & TRUST COMPANY, NATIONAL ASSOCIATION"
897170,514836.0,514836000.0,"PONCE BANK, NATIONAL ASSOCIATION"
825146,514392.0,514392000.0,MORTON COMMUNITY BANK
2938198,513073.0,513073000.0,"NORTHBROOK BANK & TRUST COMPANY, NATIONAL ASSOCIATION"
2867337,511773.0,511773000.0,FIVE STAR BANK
1883321,509200.0,509200000.0,"FIRST AMERICAN TRUST, FSB"
324340,509156.0,509156000.0,CHOICEONE BANK
2562164,507330.0,507330000.0,COASTAL COMMUNITY BANK
3437456,501227.0,501227000.0,METRO CITY BANK
2353595,500540.0,500540000.0,FIRST COMMUNITY BANK
636771,497636.0,497636000.0,INDEPENDENT BANK
548351,492945.0,492945000.0,"AUSTIN BANK, TEXAS NATIONAL ASSOCIATION"
1015560,492687.0,492687000.0,"INDUSTRIAL AND COMMERCIAL BANK OF CHINA (USA), NATIONAL ASSOCIATION"
913753,492370.0,492370000.0,INWOOD NATIONAL BANK
330855,491150.0,491150000.0,"BANK OF MISSOURI, THE"
1007015,490379.0,490379000.0,CENTRAL BANK & TRUST COMPANY
374653,487803.0,487803000.0,FIRST PREMIER BANK
161273,485360.0,485360000.0,TRUNORTH BANK
929978,484460.0,484460000.0,"HOME BANK, NATIONAL ASSOCIATION"
673909,482663.0,482663000.0,HINGHAM INSTITUTION FOR SAVINGS
2654911,482656.0,482656000.0,PRINCIPAL BANK
3476192,482010.0,482010000.0,CARTER BANK & TRUST
2390929,481038.0,481038000.0,BANK OF ANN ARBOR
557858,478765.0,478765000.0,"INTRUST BANK, NATIONAL ASSOCIATION"
703767,477341.0,477341000.0,COMMUNITY WEST BANK
3029589,476302.0,476302000.0,CEDAR RAPIDS BANK AND TRUST COMPANY
845573,472910.0,472910000.0,"SPENCER SAVINGS BANK, SAVINGS AND LOAN ASSOCIATION"
3325759,472108.0,472108000.0,PRIMIS BANK
474254,471857.0,471857000.0,BROADWAY NATIONAL BANK
256553,469536.0,469536000.0,DACOTAH BANK
2693264,469431.0,469431000.0,"TOWN BANK, NATIONAL ASSOCIATION"
945053,469298.0,469298000.0,RCB BANK
900306,468832.0,468832000.0,NORTHERN BANK & TRUST COMPANY
575254,468364.0,468364000.0,CITY BANK
13103,465672.0,465672000.0,BRISTOL COUNTY SAVINGS BANK
355858,465633.0,465633000.0,FIRST NATIONAL BANK
2576134,464477.0,464477000.0,WEBBANK
535753,464197.0,464197000.0,"ACADEMY BANK, N.A."
161602,463756.0,463756000.0,"CANANDAIGUA NATIONAL BANK AND TRUST COMPANY, THE"
99376,463725.0,463725000.0,"NATIONAL COOPERATIVE BANK, N.A."
739560,463020.0,463020000.0,FREMONT BANK
2916534,458818.0,458818000.0,"BTG PACTUAL BANK, NATIONAL ASSOCIATION"
105473,456613.0,456613000.0,HOME FEDERAL BANK OF TENNESSEE
933975,456067.0,456067000.0,BANK OF UTAH
3401970,449378.0,449378000.0,FIRST BANK
584920,448895.0,448895000.0,"FIDELITY BANK, THE"
384278,443582.0,443582000.0,FIRST FEDERAL BANK
3228908,443457.0,443457000.0,MEDALLION BANK
1009354,443039.0,443039000.0,SECURITY BANK OF KANSAS CITY
662369,439623.0,439623000.0,BANK OF THE SIERRA
3449066,438051.0,438051000.0,"INVESTAR BANK, NATIONAL ASSOCIATION"
866000,437460.0,437460000.0,ARROW BANK NATIONAL ASSOCIATION
26765,434653.0,434653000.0,VANTAGE BANK TEXAS
717924,431692.0,431692000.0,SOUTHERN BANK AND TRUST COMPANY
211271,431367.0,431367000.0,"NORTH AMERICAN SAVINGS BANK, FSB"
537449,430824.0,430824000.0,FIRST BUSINESS BANK
914648,430723.0,430723000.0,BANKFIRST FINANCIAL SERVICES
2758613,430017.0,430017000.0,FIRST INTERNET BANK OF INDIANA
751656,426118.0,426118000.0,FRANDSEN BANK & TRUST
529958,421818.0,421818000.0,"TIB, NATIONAL ASSOCIATION"
2734729,421541.0,421541000.0,AMERICAN BUSINESS BANK
460033,421032.0,421032000.0,COMMUNITY BANK OF MISSISSIPPI
2044811,420495.0,420495000.0,"WHEATON BANK & TRUST COMPANY, NATIONAL ASSOCIATION"
1001639,418334.0,418334000.0,PARKWAY BANK AND TRUST COMPANY
876700,416929.0,416929000.0,CENTREVILLE BANK
223322,414707.0,414707000.0,"FIRST BANK AND TRUST COMPANY, THE"
2963266,412876.0,412876000.0,FIRST CAROLINA BANK
439338,410524.0,410524000.0,UNITED COMMUNITY BANK
1436204,408578.0,408578000.0,BANK OF MARIN
5210,407202.0,407202000.0,ACNB BANK
491934,406797.0,406797000.0,COLONY BANK
911973,406745.0,406745000.0,UNION SAVINGS BANK
976703,404982.0,404982000.0,"BESSEMER TRUST COMPANY, N.A."
613400,403231.0,403231000.0,PEOPLESBANK
1157415,401316.0,401316000.0,STATE BANK OF TEXAS
971959,397927.0,397927000.0,BRAVERA BANK
2694681,397699.0,397699000.0,AMERICAN FIRST NATIONAL BANK
2849801,397340.0,397340000.0,SOUTHERN FIRST BANK
140362,396165.0,396165000.0,SUNWEST BANK
2891622,395779.0,395779000.0,"CORNERSTONE CAPITAL BANK, SSB"
214414,394985.0,394985000.0,"FARMERS & MERCHANTS STATE BANK, THE"
3235410,394557.0,394557000.0,WEST COAST COMMUNITY BANK
3804535,393754.0,393754000.0,GUARANTY BANK
376273,392631.0,392631000.0,NORTH SHORE BANK
822556,388714.0,388714000.0,TEXAS EXCHANGE BANK
3212402,384935.0,384935000.0,PCB BANK
278555,375867.0,375867000.0,"STRIDE BANK, NATIONAL ASSOCIATION"
657459,374199.0,374199000.0,MIDWEST BANKCENTRE
1447639,374108.0,374108000.0,WESTSTAR BANK
1718188,373426.0,373426000.0,NORTHRIM BANK
254317,370040.0,370040000.0,BANK OF UTICA
139740,369406.0,369406000.0,WEST BANK
842460,367566.0,367566000.0,LONE STAR NATIONAL BANK
852544,366837.0,366837000.0,SOUTHERN BANCORP BANK
657271,364250.0,364250000.0,GATE CITY BANK
110936,364237.0,364237000.0,BANCO DO BRASIL AMERICAS
2743244,364050.0,364050000.0,RED RIVER BANK
2298995,361991.0,361991000.0,"VILLAGE BANK & TRUST, NATIONAL ASSOCIATION"
557317,360622.0,360622000.0,LINKBANK
774132,358838.0,358838000.0,LAWRENCE BANK
1890525,358096.0,358096000.0,UNITY BANK
428547,355158.0,355158000.0,"ST. CHARLES BANK & TRUST COMPANY, NATIONAL ASSOCIATION"
1018927,354984.0,354984000.0,1ST SECURITY BANK OF WASHINGTON
978118,352961.0,352961000.0,FIRST CITIZENS COMMUNITY BANK
995076,352624.0,352624000.0,CACHE VALLEY BANK
3109043,351041.0,351041000.0,BANKWELL BANK
2954059,350240.0,350240000.0,BCB COMMUNITY BANK
507068,350061.0,350061000.0,EXCHANGE BANK
3189063,349663.0,349663000.0,COMMERCIAL BANK OF CALIFORNIA
867650,348134.0,348134000.0,PINNACLE BANK
2764212,347961.0,347961000.0,PARKE BANK
9807,345766.0,345766000.0,AMBOY BANK
895710,345187.0,345187000.0,CITIZENS & NORTHERN BANK
5514409,342756.0,342756000.0,NELNET BANK
3437157,342408.0,342408000.0,RIVER BANK & TRUST
823478,341103.0,341103000.0,NORTHEAST COMMUNITY BANK
525549,340777.0,340777000.0,LAKE RIDGE BANK
779351,340547.0,340547000.0,"MERCHANTS BANK, NATIONAL ASSOCIATION"
2808602,340149.0,340149000.0,"CAPITAL BANK, NATIONAL ASSOCIATION"
4457536,340014.0,340014000.0,THRIVENT BANK
936583,339662.0,339662000.0,THINK MUTUAL BANK
310978,339063.0,339063000.0,WATERSTONE BANK
324863,335657.0,335657000.0,"BANK OF COMMERCE, THE"
3281510,335455.0,335455000.0,UNITED BUSINESS BANK
407506,335004.0,335004000.0,ION BANK
84541,333460.0,333460000.0,GUARANTY BANK AND TRUST COMPANY
160959,333350.0,333350000.0,KS STATEBANK
543262,332169.0,332169000.0,D.L. EVANS BANK
961576,331944.0,331944000.0,"EL DORADO SAVINGS BANK, F.S.B."
328777,331250.0,331250000.0,PENN COMMUNITY BANK
619701,330967.0,330967000.0,AVIDIA BANK
302656,330456.0,330456000.0,MINNWEST BANK
599764,327844.0,327844000.0,"AMERICAN NATIONAL BANK OF TEXAS, THE"
139843,326648.0,326648000.0,FIRST FARMERS BANK & TRUST CO.
459671,325946.0,325946000.0,MANASQUAN BANK
2757205,325854.0,325854000.0,"MVB BANK, INC."
762474,324480.0,324480000.0,"FIDELITY BANK, NATIONAL ASSOCIATION"
3017081,323450.0,323450000.0,NORTHWESTERN MUTUAL WEALTH MANAGEMENT COMPANY
247140,323246.0,323246000.0,ONE COMMUNITY BANK
265407,322368.0,322368000.0,BANK OF NEW HAMPSHIRE
233554,321333.0,321333000.0,WESTERN STATE BANK
293053,319461.0,319461000.0,COMMUNITY NATIONAL BANK
441256,319132.0,319132000.0,FIRST DAKOTA NATIONAL BANK
443205,318643.0,318643000.0,UNION SAVINGS BANK
928421,316264.0,316264000.0,CITIZENS AND FARMERS BANK
455972,316151.0,316151000.0,PEOPLES BANK
1458608,315362.0,315362000.0,GULF COAST BANK AND TRUST COMPANY
3374412,315258.0,315258000.0,OAKSTAR BANK
671334,314991.0,314991000.0,REPUBLIC BANK OF CHICAGO
689209,312988.0,312988000.0,COUNTRY BANK FOR SAVINGS
622774,311439.0,311439000.0,CENTRAL BANK
648242,309349.0,309349000.0,INDEPENDENCE BANK OF KENTUCKY
3158546,308405.0,308405000.0,FIRST WESTERN TRUST BANK
2142155,307860.0,307860000.0,QUAD CITY BANK AND TRUST COMPANY
546003,307459.0,307459000.0,BANKNEWPORT
972648,305588.0,305588000.0,PLANTERS BANK & TRUST COMPANY
232856,304944.0,304944000.0,TEXASBANK
656470,301522.0,301522000.0,STATE BANK OF SOUTHERN UTAH
18827,301388.0,301388000.0,"NEXTIER BANK, NA"
3386264,301123.0,301123000.0,FIRST GENERAL BANK
201834,299904.0,299904000.0,LAKESIDE BANK
243375,299874.0,299874000.0,GREEN DOT BANK
3214059,299683.0,299683000.0,AVIDBANK
965789,299656.0,299656000.0,SUSSER BANK
536059,299026.0,299026000.0,"GOLDEN BANK, NATIONAL ASSOCIATION"
67656,298695.0,298695000.0,FIRST SAVINGS BANK
137205,298634.0,298634000.0,MACHIAS SAVINGS BANK
3110197,298365.0,298365000.0,SOUTHEAST BANK
2594240,298351.0,298351000.0,ENCORE BANK
176101,298178.0,298178000.0,ORANGE BANK & TRUST COMPANY
613950,297911.0,297911000.0,FIRST NATIONAL BANK TEXAS DBA FIRST CONVENIENCE BANK
884303,296423.0,296423000.0,CHEMUNG CANAL TRUST COMPANY
1387605,295081.0,295081000.0,NORTHWEST BANK
539032,293452.0,293452000.0,BANK INDEPENDENT
2339795,292849.0,292849000.0,"LIBERTYVILLE BANK & TRUST COMPANY, NATIONAL ASSOCIATION"
113601,292778.0,292778000.0,BANK OF NEW ENGLAND
1001648,292110.0,292110000.0,CARROLLTON BANK
214106,291608.0,291608000.0,"BANK OF GREENE COUNTY, THE"
42448,291414.0,291414000.0,FIRST NATIONAL BANK
547840,289216.0,289216000.0,STAR FINANCIAL BANK
670560,288813.0,288813000.0,DEUTSCHE BANK NATIONAL TRUST COMPANY
3545258,288521.0,288521000.0,CALPRIVATE BANK
3419416,287307.0,287307000.0,JOHN MARSHALL BANK
237066,286519.0,286519000.0,WEST TEXAS NATIONAL BANK
3404207,285902.0,285902000.0,"OLD PLANK TRAIL COMMUNITY BANK, NATIONAL ASSOCIATION"
273336,285031.0,285031000.0,"BANK OF TAMPA, THE"
397540,284714.0,284714000.0,"FIRST NATIONAL BANK OF FORT SMITH, THE"
237619,283232.0,283232000.0,"PIONEER BANK, NATIONAL ASSOCIATION"
193809,281944.0,281944000.0,DEDHAM INSTITUTION FOR SAVINGS
12946,281646.0,281646000.0,FARMERS BANK & TRUST COMPANY
785923,281256.0,281256000.0,LCNB NATIONAL BANK
797775,280382.0,280382000.0,BLUE FOUNDRY BANK
528960,278209.0,278209000.0,TEXAS COMMUNITY BANK
670467,277145.0,277145000.0,PLUMAS BANK
3851427,276970.0,276970000.0,GATEWAY FIRST BANK
595430,276941.0,276941000.0,"STATE BANK OF THE LAKES, NATIONAL ASSOCIATION"
3248849,275721.0,275721000.0,MAINSTREET BANK
975751,274809.0,274809000.0,CIBC NATIONAL TRUST COMPANY
3356191,274103.0,274103000.0,BRYANT BANK
3337097,272805.0,272805000.0,COMMONWEALTH BUSINESS BANK
345309,272705.0,272705000.0,CHELSEA GROTON BANK
3216017,272195.0,272195000.0,"BEVERLY BANK & TRUST COMPANY, NATIONAL ASSOCIATION"
499501,271101.0,271101000.0,MAINE COMMUNITY BANK
294779,270708.0,270708000.0,TIMBERLAND BANK
3614976,270641.0,270641000.0,FVCBANK
2596646,269873.0,269873000.0,FIRST COMMUNITY BANK
3595271,269272.0,269272000.0,"BANK OF PRINCETON, THE"
564557,267692.0,267692000.0,FALCON INTERNATIONAL BANK
3447820,267499.0,267499000.0,"ESQUIRE BANK, NATIONAL ASSOCIATION"
3016347,266039.0,266039000.0,GEORGIA BANKING COMPANY
59316,265933.0,265933000.0,WAYNE BANK
380458,264330.0,264330000.0,TEXAS REGIONAL BANK
234739,263406.0,263406000.0,BUILTWELL BANK
538802,262702.0,262702000.0,INTERAUDI BANK
289702,261337.0,261337000.0,NORWAY SAVINGS BANK
422433,261194.0,261194000.0,FIRST GUARANTY BANK
939249,261001.0,261001000.0,FIDELITY BANK & TRUST
2297998,258927.0,258927000.0,EVERTRUST BANK
18854,258769.0,258769000.0,BANK7
3274709,258503.0,258503000.0,COASTAL STATES BANK
771609,258226.0,258226000.0,BAYCOAST BANK
439404,258102.0,258102000.0,FIRST NATIONAL BANK
574976,257986.0,257986000.0,CASHMERE VALLEY BANK
3357219,257675.0,257675000.0,OPEN BANK
1718469,257356.0,257356000.0,COLORADO FEDERAL SAVINGS BANK
552161,257062.0,257062000.0,CITIZENS NATIONAL BANK OF TEXAS
1494914,256367.0,256367000.0,SHINHAN BANK AMERICA
3146150,256161.0,256161000.0,U.S. CENTURY BANK
268006,254057.0,254057000.0,MASCOMA BANK
687951,254056.0,254056000.0,FIRST WESTERN BANK AND TRUST
86675,253721.0,253721000.0,ROSEDALE BANK
860053,253513.0,253513000.0,"SUNRISE BANKS, NATIONAL ASSOCIATION"
892205,253406.0,253406000.0,WESTFIELD BANK
154770,252660.0,252660000.0,MUTUALONE BANK
245016,251407.0,251407000.0,HABIB AMERICAN BANK
497039,251167.0,251167000.0,COMMERCIAL BANK
498362,251118.0,251118000.0,AMERICAN NATIONAL BANK & TRUST
106359,249607.0,249607000.0,FIRST FIDELITY BANK
37435,248811.0,248811000.0,UNITED BANK
5050028,248787.0,248787000.0,INTERNATIONAL BANK OF COMMERCE
233527,247388.0,247388000.0,"BLUE RIDGE BANK, NATIONAL ASSOCIATION"
578255,246294.0,246294000.0,FIRST UNITED BANK
685676,245239.0,245239000.0,OPPORTUNITY BANK OF MONTANA
403151,245029.0,245029000.0,CORNERSTONE BANK
255574,244700.0,244700000.0,FIDELITY BANK
3271799,244622.0,244622000.0,MERIDIAN BANK
1007819,244341.0,244341000.0,"FIDELITY DEPOSIT AND DISCOUNT BANK, THE"
882701,243946.0,243946000.0,FAIRFIELD COUNTY BANK
200435,243884.0,243884000.0,CREWS BANK & TRUST
767974,243444.0,243444000.0,CFBANK NATIONAL ASSOCIATION
925037,243148.0,243148000.0,"INB, NATIONAL ASSOCIATION"
583905,241223.0,241223000.0,KENNEBEC SAVINGS BANK
339072,240484.0,240484000.0,"COLONIAL SAVINGS, FA"
45560,240465.0,240465000.0,JEFFERSON BANK
275358,239592.0,239592000.0,AMERICAN BANK & TRUST
772008,239550.0,239550000.0,SOUTH SHORE BANK
864471,239320.0,239320000.0,PIEDMONT FEDERAL SAVINGS BANK
5069,238909.0,238909000.0,FIRST CREDIT BANK
773470,238756.0,238756000.0,"MALAGA BANK, FSB"
2531991,238206.0,238206000.0,"WELLS FARGO DELAWARE TRUST COMPANY, NATIONAL ASSOCIATION"
806846,236890.0,236890000.0,BANK FIVE NINE
247355,234257.0,234257000.0,SECURITY STATE BANK & TRUST
893855,234166.0,234166000.0,LEAD BANK
482156,234080.0,234080000.0,FARMERS BANK & TRUST
2970657,233201.0,233201000.0,"SCHAUMBURG BANK & TRUST COMPANY, NATIONAL ASSOCIATION"
546544,232844.0,232844000.0,CENTRAL BANK
2132941,232448.0,232448000.0,"NATIONAL BANK OF INDIANAPOLIS, THE"
113003,230994.0,230994000.0,STAFFORD SAVINGS BANK
923707,230798.0,230798000.0,"LOWELL FIVE CENT SAVINGS BANK, THE"
318974,230757.0,230757000.0,FIRST FEDERAL SAVINGS AND LOAN ASSOCIATION OF LAKEWOOD
3793714,230462.0,230462000.0,HANOVER COMMUNITY BANK
447100,229244.0,229244000.0,CORNERSTONE BANK
2847142,229196.0,229196000.0,COGENT BANK
2328137,228986.0,228986000.0,FIRST COMMUNITY BANK
3678857,228706.0,228706000.0,NORTHWEST BANK
2497181,228628.0,228628000.0,"PLANTERS BANK, INC."
738040,228151.0,228151000.0,UNITED BANK OF IOWA
709602,227773.0,227773000.0,UNIBANK FOR SAVINGS
526452,227288.0,227288000.0,1ST FINANCIAL BANK USA
711472,226878.0,226878000.0,BANK OF GUAM
626101,226286.0,226286000.0,IVES BANK
48374,224640.0,224640000.0,FIRST FINANCIAL BANK
366238,224635.0,224635000.0,PINNACLE BANK
110413,224057.0,224057000.0,SUTTON BANK
3437483,222405.0,222405000.0,SIGNATURE BANK
473266,221692.0,221692000.0,TEXAS FIRST BANK
3344321,221268.0,221268000.0,TRADITION CAPITAL BANK
397755,221261.0,221261000.0,LEGACY BANK & TRUST COMPANY
677644,221215.0,221215000.0,"FARMERS & MERCHANTS BANK, THE"
2736714,219980.0,219980000.0,MISSION BANK
5859511,219792.0,219792000.0,"TIAA TRUST, NATIONAL ASSOCIATION"
1445943,219483.0,219483000.0,"WHITAKER BANK, INC"
753324,218318.0,218318000.0,BANK OF CLARKE
253356,218129.0,218129000.0,MOODY NATIONAL BANK
962890,217842.0,217842000.0,CITIZENS COMMUNITY FEDERAL NATIONAL ASSOCIATION
470452,217327.0,217327000.0,ARMSTRONG BANK
425911,216795.0,216795000.0,EPHRATA NATIONAL BANK
923752,216134.0,216134000.0,COMMUNITY NATIONAL BANK & TRUST
994435,215898.0,215898000.0,UNITED BANK
609609,215669.0,215669000.0,"HANA BANK USA, NATIONAL ASSOCIATION"
433505,215352.0,215352000.0,BATH SAVINGS INSTITUTION
502849,213925.0,213925000.0,BANTERRA BANK
2344753,213570.0,213570000.0,THOMASVILLE NATIONAL BANK
1459717,213515.0,213515000.0,FCB BANKS
2140348,213039.0,213039000.0,"SERVBANK, NATIONAL ASSOCIATION"
775456,212705.0,212705000.0,NATIONAL BANK OF COMMERCE
279105,212686.0,212686000.0,FLORENCE BANK
783161,212455.0,212455000.0,FIRST NORTHERN BANK OF DIXON
537560,212423.0,212423000.0,"EXTRACO BANKS, NATIONAL ASSOCIATION"
51253,211625.0,211625000.0,APEX BANK
627108,211484.0,211484000.0,CAPE ANN SAVINGS BANK
61122,211266.0,211266000.0,FIRST UNITED BANK & TRUST
2973386,210069.0,210069000.0,SEI PRIVATE TRUST COMPANY
786210,209922.0,209922000.0,"TRADITIONAL BANK, INC."
527600,209728.0,209728000.0,NORTH EASTON SAVINGS BANK
674849,208295.0,208295000.0,LUANA SAVINGS BANK
65858,207367.0,207367000.0,EMPRISE BANK
273662,207078.0,207078000.0,FIRST STATE BANK OF UVALDE
2747587,205899.0,205899000.0,NBKC BANK
1864197,205338.0,205338000.0,OAK VALLEY COMMUNITY BANK
186744,205130.0,205130000.0,FIRST CITIZENS BANK
309655,204602.0,204602000.0,REGENT BANK
703552,203775.0,203775000.0,"HORIZON BANK, SSB"
282075,203260.0,203260000.0,WASHINGTON FINANCIAL BANK
418249,202586.0,202586000.0,"THE SECURITY NATIONAL BANK OF SIOUX CITY, IOWA"
757377,202484.0,202484000.0,LIBERTY BANK FOR SAVINGS
2624400,202408.0,202408000.0,"CRYSTAL LAKE BANK & TRUST COMPANY, NATIONAL ASSOCIATION"
177751,201417.0,201417000.0,CASS COMMERCIAL BANK
6329,201081.0,201081000.0,ANDERSON BROTHERS BANK
790543,200462.0,200462000.0,COMMUNITY STATE BANK
830542,199648.0,199648000.0,CBI BANK & TRUST
423739,199486.0,199486000.0,MORRIS BANK
2068107,199370.0,199370000.0,CAPITAL COMMUNITY BANK
473042,198278.0,198278000.0,"SOUTH CENTRAL BANK, INC."
517049,197841.0,197841000.0,CHAMBERS BANK
804338,196779.0,196779000.0,FIRST BANK CHICAGO
2785646,196652.0,196652000.0,OMB BANK
2947556,196221.0,196221000.0,FIRST ELECTRONIC BANK
2482824,195607.0,195607000.0,GREAT PLAINS NATIONAL BANK
3807880,195338.0,195338000.0,ONE FLORIDA BANK
859002,195302.0,195302000.0,BANKESB
3719648,194516.0,194516000.0,MEADOWS BANK
134437,194349.0,194349000.0,TROY BANK & TRUST COMPANY
645317,193839.0,193839000.0,"ADIRONDACK TRUST COMPANY, THE"
2332910,193604.0,193604000.0,FIRST COMMERCIAL BANK (U.S.A)
369659,193193.0,193193000.0,FIRST NATIONAL BANK OF CENTRAL TEXAS
187947,192312.0,192312000.0,BANK IOWA
326858,191996.0,191996000.0,"FIRST NATIONAL BANK IN SIOUX FALLS, THE"
340135,191583.0,191583000.0,BANK OF TENNESSEE
828651,191547.0,191547000.0,ANB BANK
69333,191369.0,191369000.0,"CITIZENS NATIONAL BANK OF MERIDIAN, THE"
408642,191340.0,191340000.0,BANKERS' BANK
899428,190754.0,190754000.0,FIRST BANK
771458,190649.0,190649000.0,FIRST AMERICAN BANK
890742,190498.0,190498000.0,BLACKHAWK BANK & TRUST
117458,189822.0,189822000.0,BANKFIRST
1004470,189812.0,189812000.0,BANKHOMETOWN
716833,189664.0,189664000.0,MARQUETTE BANK
276850,189630.0,189630000.0,SECURITY FIRST BANK
49241,189464.0,189464000.0,RELYANCE BANK
3610718,189279.0,189279000.0,OLD DOMINION NATIONAL BANK
2666400,189160.0,189160000.0,INDEPENDENT BANK
631422,188919.0,188919000.0,"CONWAY NATIONAL BANK, THE"
738769,188833.0,188833000.0,COMMUNITY NATIONAL BANK & TRUST OF TEXAS
289515,188242.0,188242000.0,FARMERS AND MERCHANTS TRUST COMPANY OF CHAMBERSBURG
3280625,188168.0,188168000.0,PROVIDENCE BANK & TRUST
3404373,187925.0,187925000.0,FIRST COMMERCE BANK
881012,187872.0,187872000.0,JOURNEY BANK
212522,187790.0,187790000.0,SOMERSET TRUST COMPANY
2697963,187705.0,187705000.0,"CITY FIRST BANK, NATIONAL ASSOCIATION"
2667920,187118.0,187118000.0,U.S. BANK TRUST NATIONAL ASSOCIATION SD
717737,186973.0,186973000.0,CITIZENS NATIONAL BANK
2708122,186827.0,186827000.0,VIRGINIA NATIONAL BANK
242444,186642.0,186642000.0,TRI CITY NATIONAL BANK
132107,186427.0,186427000.0,ANDROSCOGGIN SAVINGS BANK
247908,185652.0,185652000.0,KENNEBUNK SAVINGS BANK
3720608,185584.0,185584000.0,OAKWORTH CAPITAL BANK
958204,185486.0,185486000.0,FIRST COUNTY BANK
490450,185101.0,185101000.0,NORTH DALLAS BANK & TRUST CO.
3398623,184942.0,184942000.0,FFB BANK
514066,184903.0,184903000.0,MONTECITO BANK & TRUST
1011656,184874.0,184874000.0,"VERSABANK USA, NATIONAL ASSOCIATION"
960935,184380.0,184380000.0,QUEENSBOROUGH NATIONAL BANK & TRUST COMPANY
3608751,184179.0,184179000.0,BENEFICIAL STATE BANK
74140,183968.0,183968000.0,ISABELLA BANK
779968,183857.0,183857000.0,STATE BANK OF INDIA (CALIFORNIA)
508346,183114.0,183114000.0,HAWTHORN BANK
502111,182464.0,182464000.0,"NEWTEK BANK, NATIONAL ASSOCIATION"
3404506,182050.0,182050000.0,PROVIDENCE BANK
65205,181985.0,181985000.0,"TORRINGTON SAVINGS BANK, THE"
856243,181821.0,181821000.0,"AMERICAN COMMERCIAL BANK & TRUST, NATIONAL ASSOCIATION"
159971,181317.0,181317000.0,SOMERSET REGAL BANK
463650,180952.0,180952000.0,ADAMS BANK & TRUST
481177,180623.0,180623000.0,LANDMARK NATIONAL BANK
983457,180619.0,180619000.0,"ARMED FORCES BANK, NATIONAL ASSOCIATION"
818401,180003.0,180003000.0,MAIN STREET BANK
3636446,179928.0,179928000.0,GBANK
403179,179321.0,179321000.0,FIRST FED BANK
146663,178773.0,178773000.0,SAVINGS BANK OF MENDOCINO COUNTY
375043,177950.0,177950000.0,"PEOPLES NATIONAL BANK, NATIONAL ASSOCIATION"
214722,176926.0,176926000.0,CHESAPEAKE BANK
118156,176780.0,176780000.0,SECURITY BANK AND TRUST COMPANY
63733,176583.0,176583000.0,WELLWORTH BANK
2009605,176488.0,176488000.0,STARION BANK
844053,176446.0,176446000.0,SECURITY NATIONAL BANK OF OMAHA
120609,175837.0,175837000.0,THOMASTON SAVINGS BANK
3588424,175487.0,175487000.0,"WATERFORD BANK, NA"
778738,175441.0,175441000.0,CITIZENS BANK
44433,175184.0,175184000.0,"INTERCREDIT BANK, NATIONAL ASSOCIATION"
840363,175120.0,175120000.0,FIRSTBANK SOUTHWEST
2736219,174934.0,174934000.0,"TRANSPORTATION ALLIANCE BANK, INC. DBA TAB BANK"
248240,174704.0,174704000.0,BANK OF SPRINGFIELD
4536084,174302.0,174302000.0,BANK OF BIRD-IN-HAND
150035,174196.0,174196000.0,FIRST FARMERS AND MERCHANTS BANK
298218,173697.0,173697000.0,WATERTOWN SAVINGS BANK
173575,173363.0,173363000.0,"VILLAGE BANK, THE"
3284490,173361.0,173361000.0,STERLING BANK
1009242,171524.0,171524000.0,BTC BANK
220527,171320.0,171320000.0,PEOPLES BANK
568470,171191.0,171191000.0,PEOPLES BANK
2748502,170764.0,170764000.0,SYNERGY BANK
646172,169754.0,169754000.0,FIRST PIEDMONT FEDERAL SAVINGS AND LOAN ASSOCIATION
600419,169660.0,169660000.0,KISH BANK
564052,169651.0,169651000.0,BANK OF ALMA
3597211,169118.0,169118000.0,"CHAIN BRIDGE BANK, NATIONAL ASSOCIATION"
887340,169110.0,169110000.0,FIRST STATE BANK
290249,169051.0,169051000.0,WAUKESHA STATE BANK
528849,168676.0,168676000.0,HORICON BANK
680457,168041.0,168041000.0,"YELLOWSTONE BANK, THE"
524579,167927.0,167927000.0,"GREAT MIDWEST BANK, STATE SAVINGS BANK"
556936,167841.0,167841000.0,FORESIGHT BANK
209858,167670.0,167670000.0,INBANK
758851,167603.0,167603000.0,FIRST BANK OF THE LAKE
3465392,167435.0,167435000.0,PEGASUS BANK
97804,167420.0,167420000.0,MOUNTAINONE BANK
1011638,167382.0,167382000.0,PRIMESOUTH BANK
171768,167219.0,167219000.0,"SOUTHSTAR BANK, S.S.B."
734538,167050.0,167050000.0,FIRST NATIONAL BANKERS BANK
577137,166604.0,166604000.0,PACIFIC NATIONAL BANK
885869,166424.0,166424000.0,"COMMERCIAL BANK OF TEXAS, N.A."
921178,166418.0,166418000.0,RIVERVIEW BANK
726953,166411.0,166411000.0,UNITED TEXAS BANK
2605566,166367.0,166367000.0,EAGLEMARK SAVINGS BANK
3637247,166094.0,166094000.0,SOUTH ATLANTIC BANK
886204,165965.0,165965000.0,WATERTOWN SAVINGS BANK
1394621,165643.0,165643000.0,METRO BANK
304173,165388.0,165388000.0,MARQUETTE SAVINGS BANK
371924,165278.0,165278000.0,COMMUNITY BANK
684455,164994.0,164994000.0,BOM BANK
754929,164583.0,164583000.0,"NATIONAL BANK OF BLACKSBURG, THE"
2625724,164506.0,164506000.0,SOUTHWESTERN NATIONAL BANK
2806877,164318.0,164318000.0,"FEDERAL SAVINGS BANK, THE"
492650,164020.0,164020000.0,EXCHANGE BANK
840747,163516.0,163516000.0,FARMERS STATE BANK
507509,163298.0,163298000.0,NEWTOWN SAVINGS BANK
498317,163224.0,163224000.0,"OHIO VALLEY BANK COMPANY, THE"
606653,162929.0,162929000.0,INDEPENDENCE BANK
589943,162845.0,162845000.0,LINCOLN SAVINGS BANK
2686211,162769.0,162769000.0,CROWN BANK
982142,162755.0,162755000.0,"CECILIAN BANK, THE"
5592340,162671.0,162671000.0,CLIMATE FIRST BANK
185859,162264.0,162264000.0,LINDELL BANK & TRUST COMPANY
754826,162081.0,162081000.0,VINTON COUNTY NATIONAL BANK
242976,161893.0,161893000.0,BAYVANGUARD BANK
592448,161850.0,161850000.0,EVOLVE BANK & TRUST
933377,161170.0,161170000.0,FIDELITY CO-OPERATIVE BANK
2880019,161145.0,161145000.0,FINWISE BANK
614313,160962.0,160962000.0,"STATE BANK AND TRUST COMPANY, THE"
1885932,160761.0,160761000.0,CRESCENT BANK
727174,160427.0,160427000.0,GUARDIAN SAVINGS BANK
323204,160006.0,160006000.0,"LYONS NATIONAL BANK, THE"
554857,159921.0,159921000.0,FIVE POINTS BANK
3076604,159275.0,159275000.0,"SIGNATURE BANK, NATIONAL ASSOCIATION"
2921659,159048.0,159048000.0,CAPITAL BANK AND TRUST COMPANY
88231,158818.0,158818000.0,BANKSOUTH
3470154,158805.0,158805000.0,US METRO BANK
101037,158309.0,158309000.0,FIRST AMERICAN BANK AND TRUST
119779,158250.0,158250000.0,CAPE & COAST BANK
952172,158055.0,158055000.0,EVERETT CO-OPERATIVE BANK
163549,157969.0,157969000.0,INCREDIBLEBANK
735441,157000.0,157000000.0,AMERICAN STATE BANK
3633173,156641.0,156641000.0,ALMA BANK
1169650,156336.0,156336000.0,AMERASIA BANK
396253,155814.0,155814000.0,SOVEREIGN BANK
372538,155448.0,155448000.0,"EVANGELINE BANK AND TRUST COMPANY, THE"
576608,155434.0,155434000.0,MEREDITH VILLAGE SAVINGS BANK
540551,155421.0,155421000.0,"BANKWEST, INCORPORATED"
738303,154507.0,154507000.0,EAST CAMBRIDGE SAVINGS BANK
859141,154270.0,154270000.0,AVAILA BANK
934271,154069.0,154069000.0,CENLAR FSB
765505,153798.0,153798000.0,WEBSTER FIVE CENTS SAVINGS BANK
624778,153516.0,153516000.0,FIRST FEDERAL SAVINGS AND LOAN ASSOCIATION OF GREENE COUNTY
520003,153358.0,153358000.0,NORTHFIELD SAVINGS BANK
2325882,153000.0,153000000.0,"DEUTSCHE BANK TRUST COMPANY, NATIONAL ASSOCIATION"
1016231,152917.0,152917000.0,MOUNTAIN COMMERCE BANK
594433,152810.0,152810000.0,"CB&S BANK, INC."
403946,152484.0,152484000.0,"PARK BANK, THE"
283737,152010.0,152010000.0,FIRST NATIONAL BANK OF TENNESSEE
972862,151996.0,151996000.0,PLAINS STATE BANK
822042,151693.0,151693000.0,SOUTHERN MICHIGAN BANK & TRUST
1006148,151596.0,151596000.0,FARMERS STATE BANK
435750,151211.0,151211000.0,FIRST STATE BANK
959715,150611.0,150611000.0,ATLANTIC COMMUNITY BANKERS BANK
439356,150531.0,150531000.0,ELKHORN VALLEY BANK & TRUST
956750,150472.0,150472000.0,RIO BANK
261360,150317.0,150317000.0,CITIZENS STATE BANK
465618,149831.0,149831000.0,"HONESDALE NATIONAL BANK, THE"
153353,149546.0,149546000.0,PEOPLES BANK AND TRUST COMPANY
783844,149388.0,149388000.0,CITIZENS BANK
3350724,148843.0,148843000.0,SIGNATURE BANK OF ARKANSAS
702612,148780.0,148780000.0,FIRST SOUTHERN NATIONAL BANK
931038,148115.0,148115000.0,CENTRAL BANK ILLINOIS
763677,146980.0,146980000.0,SECURITY FEDERAL BANK
985479,146917.0,146917000.0,MAIN STREET BANK CORP.
3243282,146880.0,146880000.0,SUMMIT BANK
2262718,146843.0,146843000.0,"SYNOVUS TRUST COMPANY, NATIONAL ASSOCIATION"
207050,146793.0,146793000.0,WEST GATE BANK
831008,146552.0,146552000.0,ASCEND BANK
601658,146364.0,146364000.0,ALLIANCE BANK CENTRAL TEXAS
348720,146219.0,146219000.0,FARMERS AND MERCHANTS BANK
972732,145943.0,145943000.0,FIRST NATIONAL BANK OF PULASKI
852713,145814.0,145814000.0,QNB BANK
3623110,145383.0,145383000.0,"AMERICAN PLUS BANK, NATIONAL ASSOCIATION"
3435948,145340.0,145340000.0,COLUMN NATIONAL ASSOCIATION
286457,145004.0,145004000.0,PARK STATE BANK
99536,144948.0,144948000.0,ONE BANK OF TENNESSEE
196800,144832.0,144832000.0,MARTHA'S VINEYARD BANK
444350,144351.0,144351000.0,FIRST TEXAS BANK
3141726,144318.0,144318000.0,"FORCHT BANK, NATIONAL ASSOCIATION"
3388482,144058.0,144058000.0,AMERICAN RIVIERA BANK
869663,143992.0,143992000.0,CITIZENS 1ST BANK
1162017,143981.0,143981000.0,UNITED SECURITY BANK
879457,143725.0,143725000.0,CORNERSTONE BANK
589523,143528.0,143528000.0,BANK OF TRAVELERS REST
770657,143478.0,143478000.0,"NODAWAY VALLEY BANK, THE"
1013070,143317.0,143317000.0,ONELOCAL BANK
60330,143145.0,143145000.0,PEOPLES BANK OF ALABAMA
995272,143141.0,143141000.0,HATBORO FEDERAL SAVINGS
1228034,143054.0,143054000.0,FIRST BANK & TRUST COMPANY
856748,143048.0,143048000.0,"CITIZENS BANK, THE"
279954,142563.0,142563000.0,CITIZENS ALLIANCE BANK
5210989,142295.0,142295000.0,"GRASSHOPPER BANK, N.A."
930358,142092.0,142092000.0,UNITED BANKERS' BANK
928618,142024.0,142024000.0,AMERISERV FINANCIAL BANK
3529315,141682.0,141682000.0,EDWARD JONES TRUST COMPANY
956938,140867.0,140867000.0,PRIORITYONE BANK
162337,140704.0,140704000.0,CITIZENS TRI-COUNTY BANK
565750,140096.0,140096000.0,BANK OF WASHINGTON
215662,140058.0,140058000.0,AMERICAN BANK OF COMMERCE
729310,139717.0,139717000.0,PATHFINDER BANK
2451240,139700.0,139700000.0,PACIFIC COAST BANKERS' BANK
67209,139593.0,139593000.0,NEWBURYPORT FIVE CENTS SAVINGS BANK
228000,139300.0,139300000.0,FRANKLIN SAVINGS BANK
340144,139297.0,139297000.0,PEOPLES STATE BANK
593052,139294.0,139294000.0,PLAINS COMMERCE BANK
307679,139245.0,139245000.0,BANK OF THE PACIFIC
300063,139165.0,139165000.0,"NEW OMNI BANK, NATIONAL ASSOCIATION"
3384952,139105.0,139105000.0,IDAHO FIRST BANK
384652,138949.0,138949000.0,"DALLAS CAPITAL BANK, NATIONAL ASSOCIATION"
3052813,138649.0,138649000.0,COMMERCEWEST BANK
61355,138376.0,138376000.0,CORTRUST BANK NATIONAL ASSOCIATION
139553,138370.0,138370000.0,MABREY BANK
900502,138057.0,138057000.0,FULTON SAVINGS BANK
632607,137579.0,137579000.0,GREENFIELD SAVINGS BANK
845247,137495.0,137495000.0,EDMONTON STATE BANK
3297490,137466.0,137466000.0,HARMONY BANK
397531,136943.0,136943000.0,AMALGAMATED BANK OF CHICAGO
234355,136815.0,136815000.0,CENTRAL NATIONAL BANK
930442,136772.0,136772000.0,BANK OF PONTIAC
771140,136482.0,136482000.0,DIETERICH BANK
1469677,136436.0,136436000.0,"HERITAGE BANK, INC."
154154,136428.0,136428000.0,"FIRST NATIONAL BANK AND TRUST COMPANY, CHICKASHA, OKLAHOMA, THE"
17978,136319.0,136319000.0,ELIZABETHTON FEDERAL SAVINGS BANK
594853,136228.0,136228000.0,"BONVENU BANK, N.A."
195111,136067.0,136067000.0,RHINEBECK BANK
648130,135956.0,135956000.0,GROVE BANK & TRUST
362717,135954.0,135954000.0,"CROGHAN COLONIAL BANK, THE"
498531,135721.0,135721000.0,EVABANK
777366,135384.0,135384000.0,BANK OF THE ORIENT
784159,135329.0,135329000.0,PEOPLES COMMUNITY BANK
283867,135256.0,135256000.0,WALLIS BANK
339607,135165.0,135165000.0,SACO & BIDDEFORD SAVINGS INSTITUTION
3971,135020.0,135020000.0,MIDCOUNTRY BANK
2719810,134988.0,134988000.0,"WINTRUST PRIVATE TRUST COMPANY, NATIONAL ASSOCIATION"
833404,134864.0,134864000.0,FALL RIVER FIVE CENTS SAVINGS BANK
666554,134526.0,134526000.0,HERITAGE BANK
3320781,134338.0,134338000.0,TWO RIVERS BANK & TRUST
427353,134178.0,134178000.0,FIRSTAR BANK
419675,134075.0,134075000.0,FIRST BANK RICHMOND
311050,133775.0,133775000.0,AMERICAN HERITAGE BANK
27070,133498.0,133498000.0,PREVAIL BANK
716374,133422.0,133422000.0,FIRST HARRISON BANK
133971,133405.0,133405000.0,LISLE SAVINGS BANK
311603,133246.0,133246000.0,DIME BANK
613558,132958.0,132958000.0,MONTGOMERY BANK
68756,132954.0,132954000.0,LIBERTY NATIONAL BANK
2997748,132876.0,132876000.0,"FIRST CENTURY BANK, NATIONAL ASSOCIATION"
3688043,132754.0,132754000.0,PARKSIDE FINANCIAL BANK AND TRUST
304913,132744.0,132744000.0,DEUTSCHE BANK TRUST COMPANY DELAWARE
873259,132563.0,132563000.0,MID AMERICA BANK
582971,132550.0,132550000.0,FIRST FEDERAL SAVINGS BANK OF TWIN FALLS
186717,132522.0,132522000.0,FIRST NORTHERN BANK AND TRUST COMPANY
790918,132241.0,132241000.0,FIRST KEYSTONE COMMUNITY BANK
998844,132191.0,132191000.0,PEOPLES BANK
314257,131845.0,131845000.0,DEERWOOD BANK
927479,131502.0,131502000.0,BOGOTA SAVINGS BANK
596062,131357.0,131357000.0,"CITY NATIONAL BANK OF SULPHUR SPRINGS, THE"
45551,131227.0,131227000.0,BANK MIDWEST
428060,131150.0,131150000.0,CENTRAL NATIONAL BANK
7009,130108.0,130108000.0,BESSEMER TRUST COMPANY
759045,129717.0,129717000.0,FIRST EAGLE BANK
94522,129456.0,129456000.0,BENCHMARK COMMUNITY BANK
867632,129443.0,129443000.0,INTERNATIONAL FINANCE BANK
982348,129320.0,129320000.0,IOWA STATE BANK
699105,129120.0,129120000.0,BLUESTONE BANK
270504,128868.0,128868000.0,COMMUNITY NATIONAL BANK
671558,128675.0,128675000.0,WOOD & HUSTON BANK
3284445,128661.0,128661000.0,"T BANK, NATIONAL ASSOCIATION"
176464,128655.0,128655000.0,ALLIANCE BANK
517357,128493.0,128493000.0,BLUE SKY BANK
610128,128353.0,128353000.0,"BANK OF SOUTHSIDE VIRGINIA, THE"
5135,128016.0,128016000.0,FIRST STATE BANK OF BLAKELY
189129,127769.0,127769000.0,"COMMERCIAL AND SAVINGS BANK OF MILLERSBURG, OHIO, THE"
2833882,127750.0,127750000.0,NEW MILLENNIUM BANK
1016259,127540.0,127540000.0,"BENNINGTON STATE BANK, THE"
113740,127462.0,127462000.0,FIRST STATE BANK
39327,127398.0,127398000.0,"CALVIN B. TAYLOR BANKING COMPANY OF BERLIN, MARYLAND"
1396764,126730.0,126730000.0,"BERKSHIRE BANK, THE"
901938,126580.0,126580000.0,"FARMERS BANK, THE"
980531,126516.0,126516000.0,JD BANK
113441,126491.0,126491000.0,FARMERS STATE BANK
812557,126057.0,126057000.0,BANK FORWARD
2953418,125760.0,125760000.0,OPTIMUMBANK
31255,125400.0,125400000.0,CENTRAL BANK
99442,125367.0,125367000.0,BANK OF COMMERCE
501459,125312.0,125312000.0,ROYAL BANKS OF MISSOURI
933041,125190.0,125190000.0,FARMERS NATIONAL BANK
3066025,124958.0,124958000.0,"GOLDMAN SACHS TRUST COMPANY, NATIONAL ASSOCIATION, THE"
517674,124958.0,124958000.0,FIRST FEDERAL BANK OF LOUISIANA
2785477,124624.0,124624000.0,ASIAN BANK
74403,124602.0,124602000.0,MERRIMACK COUNTY SAVINGS BANK
928056,124490.0,124490000.0,"GNBANK, NATIONAL ASSOCIATION DBA GNBANK, N.A."
3068579,124423.0,124423000.0,EMBASSY BANK FOR THE LEHIGH VALLEY
754853,124232.0,124232000.0,"FIRST NATIONAL BANK OF HUTCHINSON, THE"
592644,124156.0,124156000.0,GREENFIELD BANKING COMPANY
1001059,124004.0,124004000.0,SECURITY BANK & TRUST COMPANY
56717,124000.0,124000000.0,"DIME BANK, THE"
283438,123509.0,123509000.0,LIBERTY BANK AND TRUST COMPANY
2732,123448.0,123448000.0,"ALBANY BANK & TRUST CO., NATIONAL ASSOCIATION"
682143,123279.0,123279000.0,COUNTY NATIONAL BANK
536554,122986.0,122986000.0,FIRSTIER BANK
701222,122964.0,122964000.0,MERCHANTS NATIONAL BANK
301800,122873.0,122873000.0,ULSTER SAVINGS BANK
447070,122719.0,122719000.0,HOYNE SAVINGS BANK
779016,122332.0,122332000.0,CENTRAL PENN BANK & TRUST
279842,122297.0,122297000.0,RIVER BANK
300009,121930.0,121930000.0,PASSUMPSIC SAVINGS BANK
5205819,121926.0,121926000.0,STUDIO BANK
151957,121762.0,121762000.0,DAYSPRING BANK
2915461,121658.0,121658000.0,NORTH STATE BANK
908553,121650.0,121650000.0,HNB NATIONAL BANK
3268249,121225.0,121225000.0,GREENE COUNTY COMMERCIAL BANK
63573,121125.0,121125000.0,WALPOLE CO-OPERATIVE BANK
208057,120724.0,120724000.0,VERMILLION STATE BANK
561659,120286.0,120286000.0,PINNACLE BANK - WYOMING
852704,120257.0,120257000.0,GENESEE REGIONAL BANK
631570,120189.0,120189000.0,"PROVIDENT SAVINGS BANK, F.S.B."
955977,119979.0,119979000.0,SOUTHWEST HERITAGE BANK
548771,119855.0,119855000.0,MAGYAR BANK
401906,119592.0,119592000.0,SKOWHEGAN SAVINGS BANK
150727,119581.0,119581000.0,"RICHWOOD BANKING COMPANY, INC., THE"
125855,119557.0,119557000.0,SABINE STATE BANK AND TRUST COMPANY
898627,119554.0,119554000.0,"CITIZENS BANK, THE"
886624,119460.0,119460000.0,"CLEAR MOUNTAIN BANK, INC."
100357,119423.0,119423000.0,"LEGEND BANK, N. A."
3015939,119194.0,119194000.0,AMG NATIONAL TRUST BANK
83375,118999.0,118999000.0,CENTURY BANK
585749,118851.0,118851000.0,PILOT GROVE SAVINGS BANK
3821822,118793.0,118793000.0,COASTAL CAROLINA NATIONAL BANK
780218,118471.0,118471000.0,"UNION BANK COMPANY, THE"
2716088,118381.0,118381000.0,RESOURCE BANK
301574,118373.0,118373000.0,LAKE SHORE BANK
329345,118078.0,118078000.0,GENERATIONS BANK
2869162,117949.0,117949000.0,AMERICAN COMMUNITY BANK & TRUST
483274,117814.0,117814000.0,FIRST SAVINGS BANK OF HEGEWISCH
2358769,117805.0,117805000.0,BNC NATIONAL BANK
550279,117593.0,117593000.0,OLYMPIA FEDERAL SAVINGS AND LOAN ASSOCIATION
894348,117223.0,117223000.0,BANK OF WISCONSIN DELLS
436953,117114.0,117114000.0,SULLIVAN BANK
732178,117028.0,117028000.0,GRAND SAVINGS BANK
980960,116868.0,116868000.0,BENCHMARK BANK
2465881,116836.0,116836000.0,PLATTE VALLEY BANK
245557,116801.0,116801000.0,SUPERIOR NATIONAL BANK
4845861,116781.0,116781000.0,PRIMARY BANK
2826017,116760.0,116760000.0,"GLENMEDE TRUST COMPANY, NATIONAL ASSOCIATION, THE"
635907,116718.0,116718000.0,PENTUCKET BANK
33259,116584.0,116584000.0,PREMIER BANK
47247,116376.0,116376000.0,"DART BANK, THE"
3290240,116109.0,116109000.0,TRUXTON TRUST COMPANY
313577,116087.0,116087000.0,FORWARD BANK
429487,116052.0,116052000.0,SOUND COMMUNITY BANK
75259,116005.0,116005000.0,FIRST OKLAHOMA BANK
3386536,115835.0,115835000.0,SOUTHPOINT BANK
183770,115701.0,115701000.0,MECHANICS COOPERATIVE BANK
321273,115301.0,115301000.0,"AFFINITY BANK, NATIONAL ASSOCIATION"
938859,115282.0,115282000.0,NEWFIRST NATIONAL BANK
3619216,115213.0,115213000.0,TEXAS SECURITY BANK
921039,114838.0,114838000.0,FIRST AMERICAN BANK AND TRUST COMPANY
1016857,114813.0,114813000.0,CITIZENS BANK OF LAS CRUCES
2006024,114777.0,114777000.0,INTERNATIONAL BANK OF CHICAGO
9357,114577.0,114577000.0,SCALE BANK
594451,114406.0,114406000.0,MAPLEMARK BANK
2515320,114403.0,114403000.0,FORTIS BANK
220974,114239.0,114239000.0,FIRST FEDERAL BANK
499453,114098.0,114098000.0,FIRST STATE BANK NEBRASKA
2849463,113885.0,113885000.0,FIRST CAPITAL BANK
183668,113544.0,113544000.0,HCN BANK
2661861,113233.0,113233000.0,PEOPLE'S BANK OF COMMERCE
12030,113103.0,113103000.0,FNB SOUTH
497954,112810.0,112810000.0,TEXAS NATIONAL BANK
865151,112709.0,112709000.0,LEGENDS BANK
448040,112670.0,112670000.0,OXFORD BANK
691958,111867.0,111867000.0,MIDWEST REGIONAL BANK
2839790,111688.0,111688000.0,FIRST RELIANCE BANK
3614837,111557.0,111557000.0,ACCESS BANK
606176,111359.0,111359000.0,PIONEER BANK
853804,111256.0,111256000.0,"BANK OF CANTON, THE"
627854,110967.0,110967000.0,"FIRST NATIONAL BANK OF BANGOR, THE"
382649,110934.0,110934000.0,FIRST SOUTHERN BANK
837970,110854.0,110854000.0,FIFTH DISTRICT SAVINGS BANK
3309571,110819.0,110819000.0,PRIME ALLIANCE BANK
3306280,110673.0,110673000.0,LEGACY NATIONAL BANK
2580243,110603.0,110603000.0,AMERICAN BANK
815156,110589.0,110589000.0,"DAKOTA COMMUNITY BANK & TRUST, NATIONAL ASSOCIATION"
583268,110237.0,110237000.0,SCHERTZ BANK & TRUST
261940,109958.0,109958000.0,ANSTAFF BANK
345877,109911.0,109911000.0,CENTURY NEXT BANK
1222519,109838.0,109838000.0,FIRST METRO BANK
90328,109838.0,109838000.0,SKYLINE NATIONAL BANK
713926,109749.0,109749000.0,FARMERS & MERCHANTS BANK
3397233,109737.0,109737000.0,SOLERA NATIONAL BANK
590976,109678.0,109678000.0,FINANCIAL FEDERAL BANK
531250,109642.0,109642000.0,CENTENNIAL BANK
319551,109613.0,109613000.0,SECURITY STATE BANK
259330,109478.0,109478000.0,FIRST US BANK
137652,109296.0,109296000.0,UNIVERSITY BANK
3391718,109224.0,109224000.0,BELMONT BANK & TRUST COMPANY
327855,109028.0,109028000.0,CIERA BANK
33147,109017.0,109017000.0,FM BANK AND TRUST
327305,108923.0,108923000.0,KATAHDIN TRUST COMPANY
355120,108838.0,108838000.0,CAROLINA BANK & TRUST COMPANY
268976,108575.0,108575000.0,WINCHESTER CO-OPERATIVE BANK
150044,108172.0,108172000.0,UNITED BANK OF MICHIGAN
516855,107993.0,107993000.0,SECURITY BANK
3455227,107908.0,107908000.0,PINNACLE BANK
643078,107714.0,107714000.0,EASTERN SAVINGS BANK FEDERAL SAVINGS BANK
738013,107698.0,107698000.0,"CITIZENS NATIONAL BANK OF BLUFFTON, THE"
852973,107437.0,107437000.0,"PIONEER TRUST BANK, NATIONAL ASSOCIATION"
698144,107343.0,107343000.0,COMMUNITY FINANCIAL SERVICES BANK
1414819,107313.0,107313000.0,HELM BANK USA
111205,107169.0,107169000.0,PARTNERS BANK OF NEW ENGLAND
536527,107019.0,107019000.0,INDUSTRIAL BANK
343903,106908.0,106908000.0,ADAMS COMMUNITY BANK
115575,106765.0,106765000.0,COASTAL HERITAGE BANK
3374382,106765.0,106765000.0,TRIAD BANK
257233,106467.0,106467000.0,FIRST BANK OF ALABAMA
526519,106379.0,106379000.0,1ST SUMMIT BANK
5349218,106205.0,106205000.0,TRUSTAR BANK
1007417,106035.0,106035000.0,FIRST NATIONAL BANK & TRUST COMPANY OF NEWTOWN
839068,105949.0,105949000.0,SECURITY STATE BANK
3224375,105518.0,105518000.0,GOLDEN STATE BANK
972769,105210.0,105210000.0,GBC INTERNATIONAL BANK
669555,105200.0,105200000.0,MIDWEST BANK
780722,105161.0,105161000.0,HEBRON SAVINGS BANK
3165357,105052.0,105052000.0,COMMUNITY FIRST BANK OF INDIANA
493844,104974.0,104974000.0,FRANKLIN BANK & TRUST COMPANY
191935,104764.0,104764000.0,FIRST STATE BANK
950178,104747.0,104747000.0,FIRST FEDERAL BANK OF KANSAS CITY
2877345,104711.0,104711000.0,INSBANK
126834,104331.0,104331000.0,CITIZENS BANK
88455,104118.0,104118000.0,HEARTLAND BANK
3671997,104058.0,104058000.0,AMERICAN PRIDE BANK
990352,104054.0,104054000.0,UNITED BANK & TRUST
2948058,103923.0,103923000.0,STORY BANK DBA STORY FINANCIAL PARTNERS
14865,103868.0,103868000.0,BANK OF EASTERN OREGON
680130,103801.0,103801000.0,CITIZENS TRUST BANK
41825,103747.0,103747000.0,MIDDLETOWN VALLEY BANK
285740,103728.0,103728000.0,"PADUCAH BANK AND TRUST COMPANY, THE"
18050,103676.0,103676000.0,"FIRST NATIONAL BANK OF BASTROP, THE"
820048,103127.0,103127000.0,"FIRST NATIONAL BANK AMES, IOWA"
542667,103117.0,103117000.0,MT. MCKINLEY BANK
715340,103036.0,103036000.0,WEST MICHIGAN COMMUNITY BANK
590640,103033.0,103033000.0,FNB OXFORD BANK
488318,102981.0,102981000.0,BNY MELLON TRUST OF DELAWARE
3019982,102905.0,102905000.0,"FREEDOM BANK OF VIRGINIA, THE"
561574,102661.0,102661000.0,SUMMIT STATE BANK
72258,102637.0,102637000.0,"CONVERSE COUNTY BANK, THE"
3140822,102614.0,102614000.0,LIBERTY NATIONAL BANK
737548,102394.0,102394000.0,BANKIOWA
466240,102251.0,102251000.0,FIRST ARKANSAS BANK AND TRUST
615217,102215.0,102215000.0,"NORTH SIDE BANK AND TRUST COMPANY, THE"
294023,102058.0,102058000.0,FIRST STATE BANK
466754,102033.0,102033000.0,"BANK OF FAYETTE COUNTY, THE"
213471,102003.0,102003000.0,"SLOVENIAN SAVINGS AND LOAN ASSOCIATION OF CANONSBURG, PA"
340751,101929.0,101929000.0,CLEAR FORK BANK NATIONAL ASSOCIATION
498148,101874.0,101874000.0,FOCUS BANK
65559,101873.0,101873000.0,PIONEER BANK & TRUST
2819167,101700.0,101700000.0,FARM BUREAU BANK FSB
307062,101627.0,101627000.0,FARMERS BANK
590220,101596.0,101596000.0,UWHARRIE BANK
329952,101115.0,101115000.0,"FIRST NATIONAL BANK OF GRANBURY, THE"
2236821,101024.0,101024000.0,"PATRIOT BANK, NATIONAL ASSOCIATION"
805755,100996.0,100996000.0,FIRST NATIONAL BANK NORTH
2929392,100966.0,100966000.0,CORNERSTONE NATIONAL BANK & TRUST COMPANY
51842,100807.0,100807000.0,FARMERS & MERCHANTS UNION BANK
328357,100719.0,100719000.0,"TITAN BANK, N.A."
870539,100595.0,100595000.0,"PEOPLES BANK, BILOXI, MISSISSIPPI, THE"
544652,100508.0,100508000.0,CORNHUSKER BANK
653611,100434.0,100434000.0,"JONESTOWN BANK AND TRUST COMPANY OF JONESTOWN, PENNSYLVANIA"
3472046,100332.0,100332000.0,FRONTIER BANK OF TEXAS
899008,100068.0,100068000.0,WINCHESTER SAVINGS BANK
1222948,99636.0,99636000.0,PRAIRIE STATE BANK & TRUST
414764,99536.0,99536000.0,TEXAS BANK
451273,99513.0,99513000.0,GEDDES FEDERAL SAVINGS AND LOAN ASSOCIATION
3459207,99435.0,99435000.0,MOUNTAIN PACIFIC BANK
2958972,99336.0,99336000.0,NORTHSTAR BANK
586072,99123.0,99123000.0,FIRST PALMETTO BANK
976552,99096.0,99096000.0,CORE BANK
586027,98767.0,98767000.0,FIRST BANK OF OHIO
2568063,98750.0,98750000.0,FIRST COMMAND BANK
534877,98721.0,98721000.0,BRENTWOOD BANK
616036,98601.0,98601000.0,SOUTH LOUISIANA BANK
3821037,98419.0,98419000.0,R BANK
505,98111.0,98111000.0,BALLSTON SPA NATIONAL BANK
2794732,98084.0,98084000.0,OPTUS BANK
94139,98066.0,98066000.0,MERCHANTS & MARINE BANK
665865,97957.0,97957000.0,ROUND TOP STATE BANK
450632,97909.0,97909000.0,FIRST NATIONAL COMMUNITY BANK
291611,97852.0,97852000.0,HAMLIN BANK AND TRUST COMPANY
266945,97823.0,97823000.0,MONTICELLO BANKING COMPANY
629353,97798.0,97798000.0,FIRST LIBERTY BANK
950141,97517.0,97517000.0,MID-MISSOURI BANK
2797359,97488.0,97488000.0,FIRST CENTRAL SAVINGS BANK
326979,97469.0,97469000.0,GREENFIELD CO-OPERATIVE BANK
1454,97321.0,97321000.0,HILLTOP NATIONAL BANK
639549,96903.0,96903000.0,FIRST CENTRAL STATE BANK
643340,96847.0,96847000.0,EASTERN MICHIGAN BANK
140157,96793.0,96793000.0,HOMESTEAD BANK
1459735,96720.0,96720000.0,COUNTY BANK
637554,96675.0,96675000.0,FIRST BANK OF OWASSO
525053,96573.0,96573000.0,FIRST NATIONAL BANK OF OKLAHOMA
333203,96397.0,96397000.0,UNION BANK
3437148,96350.0,96350000.0,FIRST FREEDOM BANK
898850,96205.0,96205000.0,FIRST LIBERTY BANK
759625,96141.0,96141000.0,BANK OF BOTETOURT
501132,96067.0,96067000.0,WEST ALABAMA BANK & TRUST
3588312,96035.0,96035000.0,BANK OF CENTRAL FLORIDA
262844,96030.0,96030000.0,PEOPLES STATE BANK
3153297,95926.0,95926000.0,FIRST COMMERCE BANK
3404999,95833.0,95833000.0,FLAGSHIP BANK
568359,95658.0,95658000.0,AMERICAN BANK OF FREEDOM
163857,95478.0,95478000.0,F&M BANK
467658,95288.0,95288000.0,COMMERCIAL BANK & TRUST COMPANY
423449,95203.0,95203000.0,"FARMERS BANK, FRANKFORT, INDIANA, INC., THE"
239659,95017.0,95017000.0,FIRST BANK
2316714,94941.0,94941000.0,TIME BANK
2631846,94689.0,94689000.0,NORTH AMERICAN BANKING COMPANY
3354599,94684.0,94684000.0,SAINT LOUIS BANK
450959,94665.0,94665000.0,SECURITY FINANCIAL BANK
139478,94552.0,94552000.0,HARLEYSVILLE BANK
997847,94528.0,94528000.0,BANK OF PRAIRIE DU SAC
614368,94494.0,94494000.0,FIRST NATIONAL BANK AND TRUST COMPANY OF WEATHERFORD DBA FIRST BANK TEXAS
441050,94490.0,94490000.0,"FALLS CITY NATIONAL BANK, THE"
2736451,94322.0,94322000.0,"NEW PEOPLES BANK, INC."
2838207,94248.0,94248000.0,SEATTLE BANK
900146,94145.0,94145000.0,CUSB BANK
391977,94065.0,94065000.0,STURDY SAVINGS BANK
145844,94050.0,94050000.0,"FOUNTAIN TRUST COMPANY, THE"
977951,94017.0,94017000.0,BORDER BANK
615954,93958.0,93958000.0,TRAILWEST BANK
785147,93668.0,93668000.0,"FARMERS NATIONAL BANK OF DANVILLE, THE"
3122994,93661.0,93661000.0,SANIBEL CAPTIVA COMMUNITY BANK
306908,93627.0,93627000.0,JEFF BANK
376442,93550.0,93550000.0,FIRST BANK
841838,93455.0,93455000.0,THREAD BANK
90337,93451.0,93451000.0,UNITED COMMUNITY BANK
915065,93247.0,93247000.0,HAWAII NATIONAL BANK
967046,93157.0,93157000.0,FIRST STATE BANK OF MIDDLEBURY
393953,93032.0,93032000.0,"HOMETOWN BANK, NATIONAL ASSOCIATION"
1014125,93024.0,93024000.0,"POTOMAC BANK, INC."
5561001,93012.0,93012000.0,ANCHORAGE DIGITAL BANK NATIONAL ASSOCIATION
824653,92752.0,92752000.0,TEXAS HERITAGE NATIONAL BANK
543459,92636.0,92636000.0,"DREAM FIRST BANK, NATIONAL ASSOCIATION"
712059,92605.0,92605000.0,UNITED PRAIRIE BANK
722816,92555.0,92555000.0,SOLVAY BANK
806958,92507.0,92507000.0,MIDWEST BANK
269049,92477.0,92477000.0,VISIONBANK OF IOWA
576644,92379.0,92379000.0,BANK CMG
385471,91645.0,91645000.0,MADISON COUNTY BANK
754068,91495.0,91495000.0,"C3BANK, NATIONAL ASSOCIATION"
5518023,91450.0,91450000.0,"VARO BANK, NATIONAL ASSOCIATION"
888271,91431.0,91431000.0,"HANCOCK COUNTY SAVINGS BANK, F.S.B."
5192496,91330.0,91330000.0,ENDEAVOR BANK
1000641,91237.0,91237000.0,CITIZENS STATE BANK OF NEW CASTLE
734350,91195.0,91195000.0,GIBSLAND BANK & TRUST COMPANY
87234,91060.0,91060000.0,FIRST NATIONAL BANK OF MIDDLE TENNESSEE
538473,91030.0,91030000.0,"PRESIDENTIAL BANK, FSB"
341310,90912.0,90912000.0,WALDEN SAVINGS BANK
831642,90857.0,90857000.0,FIRST CITIZENS STATE BANK
529341,90813.0,90813000.0,IXONIA BANK
749635,90812.0,90812000.0,AUBURNBANK
924236,90734.0,90734000.0,FIRST STATE BANK
3040418,90557.0,90557000.0,COMMUNITY FEDERAL SAVINGS BANK
636276,90540.0,90540000.0,MUTUAL SAVINGS ASSOCIATION
884358,90483.0,90483000.0,FIRST STATE BANK OF LIVINGSTON
884442,90173.0,90173000.0,JACKSON COUNTY BANK
587677,89972.0,89972000.0,EUREKA SAVINGS BANK
2745426,89734.0,89734000.0,LEGENDS BANK
916745,89653.0,89653000.0,BNA BANK
3184228,89592.0,89592000.0,FALCON NATIONAL BANK
3404467,89508.0,89508000.0,FIRST NATIONAL BANK OF MICHIGAN
1188772,89507.0,89507000.0,FIRST COMMUNITY BANK OF TENNESSEE
219651,89095.0,89095000.0,CNB BANK
920854,89069.0,89069000.0,PIONEER BANK
3472859,88879.0,88879000.0,NEWBANK
145545,88789.0,88789000.0,FIRST NATIONAL BANK OF WATERLOO
455459,88783.0,88783000.0,MAVERICK BANK
3482111,88767.0,88767000.0,MRV BANKS
2667957,88719.0,88719000.0,NEBRASKALAND BANK
408875,88703.0,88703000.0,"AXIOM BANK, NATIONAL ASSOCIATION"
3194692,88633.0,88633000.0,TRADITIONS BANK
3045383,88507.0,88507000.0,"VANGUARD NATIONAL TRUST COMPANY, NATIONAL ASSOCIATION"
495419,88480.0,88480000.0,"CITIZENS BANK OF KENTUCKY, INC"
67151,88330.0,88330000.0,KIRKPATRICK BANK
819453,88254.0,88254000.0,BANK OF ODESSA
2771694,87937.0,87937000.0,BAYFIRST NATIONAL BANK
895055,87912.0,87912000.0,"FIRST NATIONAL BANK OF MCGREGOR, THE"
918477,87819.0,87819000.0,HAVEN SAVINGS BANK
56548,87736.0,87736000.0,DMB COMMUNITY BANK
344647,87705.0,87705000.0,"FIRST BANKERS TRUST COMPANY, NATIONAL ASSOCIATION"
111942,87643.0,87643000.0,FORTIFI BANK
3224302,87615.0,87615000.0,FIRST SOUTHWEST BANK
917555,87280.0,87280000.0,UBANK
160360,87113.0,87113000.0,OREGON PACIFIC BANKING CO. DBA OREGON PACIFIC BANK
477321,86976.0,86976000.0,CONSUMERS NATIONAL BANK
98463,86737.0,86737000.0,CITIZENS BANK
2943615,86404.0,86404000.0,COMMUNITY BANK OF PICKENS COUNTY
3368925,86123.0,86123000.0,SPRING BANK
979629,85642.0,85642000.0,FIRST NATIONAL BANK
2233875,85639.0,85639000.0,"NATBANK, NATIONAL ASSOCIATION"
3340725,85624.0,85624000.0,QUONTIC BANK
2539960,85462.0,85462000.0,PREMIER BANK
397559,85383.0,85383000.0,DUNDEE BANK
532042,85345.0,85345000.0,ROYAL BANK
106452,85276.0,85276000.0,PB&T BANK
3357385,85118.0,85118000.0,BANK OF SAN FRANCISCO
3488579,85015.0,85015000.0,CENTRAL BANK
545604,84972.0,84972000.0,NORTHWEST COMMUNITY BANK
944355,84676.0,84676000.0,FIRST NATIONAL BANK
3690121,84579.0,84579000.0,LIBERTY CAPITAL BANK
953535,84459.0,84459000.0,FORTRESS BANK
844567,84341.0,84341000.0,POINTBANK
455552,84266.0,84266000.0,FARMERS AND MERCHANTS BANK
505550,84235.0,84235000.0,HIAWATHA NATIONAL BANK
207872,84162.0,84162000.0,FIRST UTAH BANK
479839,84121.0,84121000.0,TENNESSEE STATE BANK
3166699,83958.0,83958000.0,TOLLESON PRIVATE BANK
142955,83768.0,83768000.0,SPIRITBANK
609476,83651.0,83651000.0,HUNTINGTON FEDERAL SAVINGS BANK
264455,83418.0,83418000.0,FIRST STATE BANK
696430,83378.0,83378000.0,HOME STATE BANK/NATIONAL ASSOCIATION
540775,83153.0,83153000.0,"FIRST FEDERAL COMMUNITY BANK, NATIONAL ASSOCIATION"
59352,83149.0,83149000.0,CITIZENS NATIONAL BANK
345756,83022.0,83022000.0,"FIRST STATE BANK OF ST. CHARLES, MISSOURI"
3555248,82957.0,82957000.0,FIRST SECURITY BANK OF NEVADA
239556,82930.0,82930000.0,"FIRST BANK, UPPER MICHIGAN"
459372,82917.0,82917000.0,UNITED SAVINGS BANK
458544,82807.0,82807000.0,FIRST SERVICE BANK
839572,82800.0,82800000.0,"LIBERTY SAVINGS BANK, F.S.B."
785950,82744.0,82744000.0,LEGACY BANK
671147,82711.0,82711000.0,PRIMEBANK
417626,82550.0,82550000.0,PUTNAM COUNTY BANK
3272956,82482.0,82482000.0,"AMERICAN COMMERCE BANK, NATIONAL ASSOCIATION"
3428258,82459.0,82459000.0,DR BANK
935250,82424.0,82424000.0,BLUE RIDGE BANK AND TRUST CO.
853671,82182.0,82182000.0,OCONEE FEDERAL SAVINGS AND LOAN ASSOCIATION
934673,82084.0,82084000.0,CULLMAN SAVINGS BANK
2919898,82024.0,82024000.0,AMERICAN BANK & TRUST COMPANY INC.
340256,82003.0,82003000.0,21ST CENTURY BANK
711801,81993.0,81993000.0,"SAVINGS BANK, THE"
447557,81930.0,81930000.0,CITIZENS STATE BANK - LA CROSSE
3039636,81833.0,81833000.0,MISSION VALLEY BANK
192857,81783.0,81783000.0,PANHANDLE FIRST BANK
42372,81713.0,81713000.0,FIRST FEDERAL SAVINGS BANK OF LINCOLNTON
760854,81558.0,81558000.0,SOUTHWEST MISSOURI BANK
254849,81453.0,81453000.0,FIRST INDEPENDENCE BANK
514655,81382.0,81382000.0,"TEXAS GULF BANK, NATIONAL ASSOCIATION"
1013744,81376.0,81376000.0,CAPRA BANK
5227101,81324.0,81324000.0,COMMERCEONE BANK
702911,81178.0,81178000.0,"PEOPLES BANK CO., THE"
333856,81157.0,81157000.0,GRANDVIEW BANK
340742,80987.0,80987000.0,CIBM BANK
277820,80967.0,80967000.0,PALMETTO STATE BANK
3729124,80950.0,80950000.0,FREEDOM BANK
988153,80942.0,80942000.0,WESTERN STATE BANK
27847,80936.0,80936000.0,DIAMOND BANK
1003839,80878.0,80878000.0,M C BANK & TRUST COMPANY
739355,80838.0,80838000.0,TEXAS NATIONAL BANK OF JACKSONVILLE
55970,80794.0,80794000.0,EVERGREEN FEDERAL BANK
3217957,80691.0,80691000.0,MAINSTREET COMMUNITY BANK OF FLORIDA
718145,80628.0,80628000.0,FIRST SECURITY BANK
3314043,80623.0,80623000.0,FIRST RESOURCE BANK
991621,80605.0,80605000.0,CITIZENS BANK AND TRUST COMPANY
549862,80491.0,80491000.0,"COMMUNITY BANK & TRUST, WACO, TEXAS"
797140,80461.0,80461000.0,"BANK OF NEW GLARUS, THE"
169756,80414.0,80414000.0,WESTERN COMMERCE BANK
663955,80341.0,80341000.0,HORIZON BANK
29636,80335.0,80335000.0,"CITIZENS BANK OF PHILADELPHIA, THE"
92676,80260.0,80260000.0,WINDSOR FEDERAL BANK
2903123,80220.0,80220000.0,BANK OF OAK RIDGE
574949,80219.0,80219000.0,"FARMERS & MERCHANTS BANK, THE"
166652,79944.0,79944000.0,ALLIANCE BANK
3547896,79940.0,79940000.0,MILLENNIUM BANK
1002373,79937.0,79937000.0,SAVERS CO-OPERATIVE BANK
491402,79919.0,79919000.0,FRANKLIN SAVINGS BANK
100236,79827.0,79827000.0,SUNMARK COMMUNITY BANK
57451,79749.0,79749000.0,DAIRY STATE BANK
2787770,79708.0,79708000.0,BANK OF THE JAMES
1000052,79707.0,79707000.0,WASHINGTON COUNTY BANK
487357,79566.0,79566000.0,TOWN & COUNTRY BANK
3267738,79253.0,79253000.0,VALLIANCE BANK
296456,79077.0,79077000.0,FIRSTBANK
872047,79077.0,79077000.0,DECORAH BANK AND TRUST COMPANY
835743,78995.0,78995000.0,"BANK OF HOLLY SPRINGS, THE"
695349,78879.0,78879000.0,TRI-COUNTY BANK
791821,78856.0,78856000.0,"NATIONAL CAPITAL BANK OF WASHINGTON, THE"
366078,78844.0,78844000.0,STURGIS BANK & TRUST COMPANY
125154,78838.0,78838000.0,"FSNB, NATIONAL ASSOCIATION"
441359,78655.0,78655000.0,"MARIES COUNTY BANK, THE"
1017425,78604.0,78604000.0,"KILLBUCK SAVINGS BANK COMPANY, THE"
242257,78550.0,78550000.0,PSB BANK
550635,78255.0,78255000.0,HICKORY POINT BANK AND TRUST
363657,78229.0,78229000.0,"FIRST NATIONAL BANK OF BEMIDJI, THE"
583352,78208.0,78208000.0,FIRST NATIONAL BANK OF HUNTSVILLE
888552,78185.0,78185000.0,"FIRST STATE BANK, THE"
215345,78153.0,78153000.0,MANUFACTURERS BANK & TRUST COMPANY
3293540,78144.0,78144000.0,PACIFIC VALLEY BANK
5382514,78106.0,78106000.0,GULF CAPITAL BANK
246134,77948.0,77948000.0,FIRST SOUTHERN STATE BANK
922559,77943.0,77943000.0,UNITED VALLEY BANK
2649177,77915.0,77915000.0,"PITNEY BOWES BANK INC., THE"
448554,77797.0,77797000.0,SAGE CAPITAL BANK
743679,77753.0,77753000.0,RELIANCE SAVINGS BANK
295011,77715.0,77715000.0,GREENVILLE NATIONAL BANK
413646,77699.0,77699000.0,"FIRST NEIGHBOR BANK, NATIONAL ASSOCIATION"
228158,77528.0,77528000.0,FIRST MIDWEST BANK OF THE OZARKS
827560,77384.0,77384000.0,"FINANCE FACTORS, LIMITED"
891226,77361.0,77361000.0,FARMERS AND MERCHANTS BANK
5136959,77298.0,77298000.0,BEACON COMMUNITY BANK
345747,77260.0,77260000.0,STATE BANK
724744,77257.0,77257000.0,GNB BANK
888833,77170.0,77170000.0,NORTHEAST GEORGIA BANK
863746,77133.0,77133000.0,FARMERS & MERCHANTS SAVINGS BANK
1005075,77126.0,77126000.0,DEARBORN FEDERAL SAVINGS BANK
144052,77114.0,77114000.0,EXCHANGE BANK & TRUST
1863097,76981.0,76981000.0,LEDYARD NATIONAL BANK
625159,76922.0,76922000.0,COMMERCE BANK
767732,76747.0,76747000.0,SOUTH GEORGIA BANKING COMPANY
832546,76630.0,76630000.0,WEST SHORE BANK
500256,76625.0,76625000.0,"FIRST NATIONAL BANK OF MERTZON, THE"
93543,76623.0,76623000.0,SPRINGS VALLEY BANK & TRUST COMPANY
227151,76548.0,76548000.0,UNION STATE BANK
238737,76539.0,76539000.0,"TERRABANK, NATIONAL ASSOCIATION"
86349,76520.0,76520000.0,UNION BANK
721350,76492.0,76492000.0,BANKNORTH
561145,76490.0,76490000.0,FIRST STATE BANK
721949,76420.0,76420000.0,"FIRST & FARMERS NATIONAL BANK, INC."
246956,76414.0,76414000.0,ALVA STATE BANK & TRUST COMPANY
898579,76412.0,76412000.0,"FIRST FEDERAL COMMUNITY BANK, SSB"
494654,76349.0,76349000.0,"AMERICAN BANK, NATIONAL ASSOCIATION"
262358,76324.0,76324000.0,AMERICAN STATE BANK
890050,76244.0,76244000.0,FIRST NATIONAL BANK OF GILLETTE
859552,76217.0,76217000.0,BANK OF THE WEST
1011955,76186.0,76186000.0,FIRST UNITED BANK
775054,76027.0,76027000.0,"EASTERN COLORADO BANK, THE"
481627,76013.0,76013000.0,"CITIZENS BANK OF WEST VIRGINIA, INC."
210238,75885.0,75885000.0,SOUTHEASTERN BANK
3816190,75858.0,75858000.0,OAK VIEW NATIONAL BANK
199463,75823.0,75823000.0,WESTERN BANK
3288452,75812.0,75812000.0,PARAGON BANK
511832,75797.0,75797000.0,WAYNE COUNTY BANK
131436,75757.0,75757000.0,FIRST BANK
824671,75723.0,75723000.0,PHOENIXVILLE FEDERAL BANK AND TRUST
5461,75719.0,75719000.0,BAC COMMUNITY BANK
3174920,75666.0,75666000.0,CITIZENS BANK & TRUST
2954497,75656.0,75656000.0,WILLAMETTE VALLEY BANK
75446,75646.0,75646000.0,SOUTH OTTUMWA SAVINGS BANK
361055,75516.0,75516000.0,COREFIRST BANK & TRUST
1008674,75501.0,75501000.0,READING CO-OPERATIVE BANK
909055,75468.0,75468000.0,PEOPLES BANK & TRUST CO.
2687487,75426.0,75426000.0,"TCM BANK, NATIONAL ASSOCIATION"
100777,75380.0,75380000.0,CFSBANK
518037,75330.0,75330000.0,PEOPLESSOUTH BANK
580155,75195.0,75195000.0,PLATTE VALLEY BANK
507152,75165.0,75165000.0,QUAIL CREEK BANK
618740,75085.0,75085000.0,FIELD & MAIN BANK
429021,75081.0,75081000.0,QUEENSTOWN BANK OF MARYLAND
473930,75043.0,75043000.0,"COTTONPORT BANK, THE"
252041,74915.0,74915000.0,CITY STATE BANK
147923,74807.0,74807000.0,BANK OF OCEAN CITY
961400,74795.0,74795000.0,ESSEX BANK
647218,74619.0,74619000.0,CUMBERLAND VALLEY NATIONAL BANK & TRUST COMPANY
121651,74481.0,74481000.0,JONESBORO STATE BANK
875936,74344.0,74344000.0,FIRST BANK
61757,74237.0,74237000.0,AMERICAN HERITAGE NATIONAL BANK
248455,73977.0,73977000.0,FIRST STATE BANK & TRUST
3466988,73834.0,73834000.0,"FIRST BANK OF GREENWICH, THE"
420578,73802.0,73802000.0,CATALYST BANK
153054,73802.0,73802000.0,"NORTHWESTERN BANK, THE"
812436,73723.0,73723000.0,ITASCA BANK & TRUST CO.
277240,73681.0,73681000.0,FIRST NATIONS BANK
209148,73661.0,73661000.0,"FIRST NATIONAL BANK OF CARMI, THE"
353238,73551.0,73551000.0,CENTRAL STATE BANK
869551,73541.0,73541000.0,"DENISON STATE BANK, THE"
101671,73464.0,73464000.0,ADIRONDACK BANK
347956,73378.0,73378000.0,"VAST BANK, N.A."
514048,73327.0,73327000.0,CS BANK
3626858,73267.0,73267000.0,"LOCUS BANK, INC."
90579,73242.0,73242000.0,FIRST FEDERAL SAVINGS AND LOAN ASSOCIATION OF MCMINNVILLE
182951,73187.0,73187000.0,"CLASSIC BANK, NATIONAL ASSOCIATION"
205243,73037.0,73037000.0,FARMERS AND MERCHANTS BANK
561864,72768.0,72768000.0,SOUTHWEST BANK
951102,72752.0,72752000.0,MONSON SAVINGS BANK
2820604,72713.0,72713000.0,MILLENNIUM BANK
660927,72690.0,72690000.0,HARFORD BANK
241157,72637.0,72637000.0,VISION BANK
913146,72576.0,72576000.0,STONE BANK
339456,72347.0,72347000.0,FIRST COMMUNITY BANK
3690635,72252.0,72252000.0,MEGA BANK
556459,72196.0,72196000.0,"KLEBERG BANK, N.A."
305442,72095.0,72095000.0,"NEW WASHINGTON STATE BANK, THE"
542340,72064.0,72064000.0,SOUTH STORY BANK & TRUST
999935,72004.0,72004000.0,FIRST CENTURY BANK
3348468,71924.0,71924000.0,PEACH STATE BANK & TRUST
47500,71898.0,71898000.0,CLAREMONT SAVINGS BANK
809276,71738.0,71738000.0,"UNITED MIDWEST SAVINGS BANK, NATIONAL ASSOCIATION"
678070,71728.0,71728000.0,SEWICKLEY SAVINGS BANK
2756909,71704.0,71704000.0,"CONNECTICUT COMMUNITY BANK, NATIONAL ASSOCIATION"
2791085,71511.0,71511000.0,SUNSTATE BANK
333650,71447.0,71447000.0,"BANK, THE"
584724,71431.0,71431000.0,UNIFIED BANK
370020,71361.0,71361000.0,"PENDLETON COMMUNITY BANK, INC."
596156,71199.0,71199000.0,CAPITAL BANK
144913,71123.0,71123000.0,"NEFFS NATIONAL BANK, THE"
317379,70891.0,70891000.0,HOME FEDERAL SAVINGS AND LOAN ASSOCIATION OF GRAND ISLAND
5686089,70886.0,70886000.0,NAVE BANK
312244,70862.0,70862000.0,FIRST BANK OF BERNE
763930,70736.0,70736000.0,FARMERS & MERCHANTS BANK
2667939,70735.0,70735000.0,FARMERS & MERCHANTS BANK OF COLBY
583754,70648.0,70648000.0,BANK OF HOUSTON
55336,70523.0,70523000.0,METAIRIE BANK & TRUST COMPANY
651448,70429.0,70429000.0,"JPMORGAN CHASE BANK, DEARBORN"
2371816,70277.0,70277000.0,WEST POINTE BANK
984258,70196.0,70196000.0,FIRST NATIONAL BANK AND TRUST COMPANY OF ARDMORE
208459,70139.0,70139000.0,"BATTLE BANK, NATIONAL ASSOCIATION"
937740,70114.0,70114000.0,"PORT WASHINGTON STATE BANK, THE"
710176,70101.0,70101000.0,VERIMORE BANK
2835103,70066.0,70066000.0,FREEDOM BANK OF SOUTHERN MISSOURI
735067,70051.0,70051000.0,"TEXAS REPUBLIC BANK, NATIONAL ASSOCIATION"
3821626,70031.0,70031000.0,"MINT NATIONAL BANK, THE"
943675,70010.0,70010000.0,MECHANICS BANK
326344,69994.0,69994000.0,"PEOPLES STATE BANK OF NEWTON, ILLINOIS, THE"
133579,69837.0,69837000.0,"BANK OF BENNINGTON, THE"
404653,69806.0,69806000.0,DOMINION BANK
444556,69727.0,69727000.0,POINTS WEST COMMUNITY BANK
379649,69716.0,69716000.0,FIRST NATIONAL BANK OF IZARD COUNTY
489548,69689.0,69689000.0,"FIRST STATE BANK AND TRUST COMPANY, INC."
820301,69468.0,69468000.0,JEWETT CITY SAVINGS BANK
954279,69434.0,69434000.0,STONEHAMBANK
837608,69382.0,69382000.0,ROLLSTONE BANK & TRUST
203043,69249.0,69249000.0,"MIDWEST HERITAGE BANK, FSB"
197302,69207.0,69207000.0,EAGLE BANK
521158,69147.0,69147000.0,"SOUTHTRUST BANK, N.A."
382537,69082.0,69082000.0,"BANK OF VERNON, THE"
637170,69067.0,69067000.0,AMERICAN FEDERAL BANK
483751,69055.0,69055000.0,LABETTE BANK
5788705,69038.0,69038000.0,BANK IRVINE
2775179,69010.0,69010000.0,COMMUNITY FIRST BANK
2163477,68996.0,68996000.0,"RAYMOND JAMES TRUST, NATIONAL ASSOCIATION"
451068,68986.0,68986000.0,FIRST BANK
803649,68946.0,68946000.0,GREEN BELT BANK & TRUST
729011,68885.0,68885000.0,"COMMUNITY BANK, THE"
188430,68736.0,68736000.0,"FLORIDA CAPITAL BANK, N.A."
2339599,68659.0,68659000.0,CAPITOL BANK
3593307,68486.0,68486000.0,GOLD COAST BANK
3832127,68484.0,68484000.0,PROMISEONE BANK
868956,68484.0,68484000.0,FIRST NORTHERN BANK OF WYOMING
908861,68452.0,68452000.0,"TRANSPECOS BANKS, SSB"
697231,68434.0,68434000.0,FNBT BANK
34742,68426.0,68426000.0,FIRST WESTERN BANK
662949,68344.0,68344000.0,IOWA STATE BANK
262741,68220.0,68220000.0,FARMERS BANK & TRUST COMPANY
2858492,68186.0,68186000.0,FREEDOM BANK
414102,68158.0,68158000.0,ALDEN STATE BANK
334264,68150.0,68150000.0,FIRST COMMUNITY BANK
925653,68125.0,68125000.0,BANK OF TEXAS
982553,68109.0,68109000.0,STOCKMENS BANK
815277,67997.0,67997000.0,QUAINT OAK BANK
604024,67954.0,67954000.0,MINSTER BANK
332224,67848.0,67848000.0,MECHANICS & FARMERS BANK
17950,67838.0,67838000.0,"BANK OF BRIDGER, NATIONAL ASSOCIATION"
565170,67827.0,67827000.0,FIRST FEDERAL SAVINGS OF MIDDLETOWN
734613,67791.0,67791000.0,"BANK OF LANDISBURG, THE"
632858,67668.0,67668000.0,FRONTIER STATE BANK
496845,67458.0,67458000.0,BANK & TRUST COMPANY
770853,67385.0,67385000.0,FIRST MIDWEST BANK OF DEXTER
694847,67377.0,67377000.0,CENTURY BANK AND TRUST
459130,67374.0,67374000.0,GULF COAST BANK
455253,67324.0,67324000.0,5STAR BANK
911160,67237.0,67237000.0,PILGRIM BANK
1007734,67212.0,67212000.0,BARWICK BANKING COMPANY
1007873,67179.0,67179000.0,CROSS COUNTY SAVINGS BANK
944627,67177.0,67177000.0,"CNB BANK, INC."
416674,67176.0,67176000.0,"KS BANK, INC."
73116,67154.0,67154000.0,ARTISANS' BANK
597313,67130.0,67130000.0,PS BANK
575834,67102.0,67102000.0,FIRST NATIONAL BANK OF LOUISIANA
689357,67017.0,67017000.0,NORTHEAST BANK
790271,66926.0,66926000.0,WASHINGTON SAVINGS BANK
2398701,66918.0,66918000.0,"MODERN BANK, NATIONAL ASSOCIATION"
697156,66891.0,66891000.0,HOMEBANK
1629903,66839.0,66839000.0,"ASSOCIATED TRUST COMPANY, NATIONAL ASSOCIATION"
208570,66833.0,66833000.0,UNIVERSAL BANK
3349241,66821.0,66821000.0,FIRST RESOURCE BANK
114840,66807.0,66807000.0,FIRST STATE BANK
472616,66804.0,66804000.0,FIRST NATIONAL BANK OF SCOTIA
259442,66721.0,66721000.0,MOUND CITY BANK
54058,66599.0,66599000.0,"BANK OF TESCOTT, THE"
510938,66597.0,66597000.0,MIDAMERICA NATIONAL BANK
97055,66571.0,66571000.0,HENDERSON STATE BANK
683449,66556.0,66556000.0,MAQUOKETA STATE BANK
833749,66489.0,66489000.0,WOODTRUST BANK
3655933,66488.0,66488000.0,PARTNERS BANK OF CALIFORNIA
728948,66433.0,66433000.0,"MIDSTATES BANK, NATIONAL ASSOCIATION"
1940747,66431.0,66431000.0,"DESJARDINS BANK, NATIONAL ASSOCIATION"
573036,66417.0,66417000.0,OCONEE STATE BANK
632410,66374.0,66374000.0,NEWFIELD NATIONAL BANK
2713920,66234.0,66234000.0,STIFEL TRUST COMPANY NATIONAL ASSOCIATION
2914268,66182.0,66182000.0,"FIDELITY PERSONAL TRUST COMPANY, F.S.B."
453446,66114.0,66114000.0,EAGLE BANK AND TRUST COMPANY
3271986,66099.0,66099000.0,TIMBERLINE BANK
640246,66023.0,66023000.0,"FAIRFIELD NATIONAL BANK, THE"
3185896,66001.0,66001000.0,"TRINITY BANK, NATIONAL ASSOCIATION"
124344,65990.0,65990000.0,BANK OF SUN PRAIRIE
945071,65937.0,65937000.0,SAN LUIS VALLEY FEDERAL BANK
3636914,65910.0,65910000.0,BLUEHARBOR BANK
2815879,65863.0,65863000.0,GREAT AMERICAN BANK
63050,65673.0,65673000.0,"DOLORES STATE BANK, THE"
947749,65651.0,65651000.0,"NORTH SALEM STATE BANK, THE"
251745,65644.0,65644000.0,FIRST NATIONAL BANK OF EASTERN ARKANSAS
330239,65627.0,65627000.0,FIRST NATIONAL BANK
630658,65411.0,65411000.0,"FIRST NATIONAL BANK OF LIVINGSTON, THE"
387671,65407.0,65407000.0,FIRST FEDERAL BANK & TRUST
906241,65391.0,65391000.0,"MALVERN NATIONAL BANK, THE"
575759,65169.0,65169000.0,MNB BANK
513256,65163.0,65163000.0,FIRST NATIONAL BANK COLORADO
713476,65133.0,65133000.0,"PYRAMAX BANK, F.S.B."
244149,65102.0,65102000.0,BANK OF ENGLAND
524971,65016.0,65016000.0,WESTBURY BANK
76854,64977.0,64977000.0,GRAND BANK
307361,64845.0,64845000.0,AMERICAN BANK NATIONAL ASSOCIATION
1481745,64819.0,64819000.0,PREMIER BANK MINNESOTA
980773,64796.0,64796000.0,EATON COMMUNITY BANK
905356,64767.0,64767000.0,PRISM BANK
24949,64715.0,64715000.0,BARABOO STATE BANK
256058,64627.0,64627000.0,AMERICAN NATION BANK
910118,64568.0,64568000.0,"TIOGA STATE BANK, N.A."
598002,64476.0,64476000.0,SAVINGS BANK OF WALPOLE
390372,64323.0,64323000.0,ARUNDEL FEDERAL SAVINGS BANK
2729677,64303.0,64303000.0,"NATIONWIDE TRUST COMPANY, FSB"
819556,64264.0,64264000.0,CONCORDIA BANK & TRUST COMPANY
698649,64250.0,64250000.0,THUMB BANK & TRUST
120542,64187.0,64187000.0,STATE BANK OF CHILTON
880855,64179.0,64179000.0,"BANK OF OLD MONROE, THE"
720746,64133.0,64133000.0,"BRADFORD NATIONAL BANK OF GREENVILLE, THE"
274829,64082.0,64082000.0,TRUPOINT BANK
458665,64027.0,64027000.0,"FIRST NATIONAL BANK OF STANTON, THE"
100843,64020.0,64020000.0,FNBC BANK
303952,64007.0,64007000.0,FARMERS BANK OF NORTHERN MISSOURI
72678,63854.0,63854000.0,BELMONT SAVINGS BANK
268828,63850.0,63850000.0,LEGACY BANK
355559,63812.0,63812000.0,RANGE BANK
670878,63788.0,63788000.0,SALEM CO-OPERATIVE BANK
779650,63788.0,63788000.0,CHIPPEWA VALLEY BANK
2756730,63767.0,63767000.0,COMMERCIAL CAPITAL BANK
879644,63682.0,63682000.0,"BANK OF ADVANCE, THE"
553944,63641.0,63641000.0,"LINCOLN NATIONAL BANK OF HODGENVILLE, THE"
43351,63525.0,63525000.0,OUTDOOR BANK
208655,63521.0,63521000.0,FIRST NORTHEAST BANK OF NEBRASKA
579140,63436.0,63436000.0,REGIONAL MISSOURI BANK
813853,63401.0,63401000.0,COMMUNITY RESOURCE BANK
1836701,63374.0,63374000.0,ENTERPRISE BANK
235530,63317.0,63317000.0,"RESOURCE BANK, NATIONAL ASSOCIATION"
3277241,63250.0,63250000.0,EMPIRE STATE BANK
44741,63184.0,63184000.0,CITIZENS BANK
2505451,63181.0,63181000.0,"CITIZENS BANK OF GEORGIA, THE"
25357,63034.0,63034000.0,ALL AMERICA BANK
406059,62999.0,62999000.0,NBT FINANCIAL BANK
830355,62991.0,62991000.0,FIRST NATIONAL BANK & TRUST COMPANY OF MCALESTER
635840,62966.0,62966000.0,LEGENCE BANK
105026,62899.0,62899000.0,"FARMERS BANK OF WILLARDS, THE"
299868,62824.0,62824000.0,COMMUNITY COMMERCE BANK
544335,62800.0,62800000.0,UNITED MISSISSIPPI BANK
392778,62722.0,62722000.0,CENTURY SAVINGS BANK
1014657,62651.0,62651000.0,NEW ERA BANK
870650,62494.0,62494000.0,CNB ST. LOUIS BANK
331076,62299.0,62299000.0,FIRST FEDERAL BANK OF WISCONSIN
327435,62243.0,62243000.0,UNITED SOUTHERN BANK
93619,62198.0,62198000.0,"STATE STREET BANK AND TRUST COMPANY, NATIONAL ASSOCIATION"
175140,62195.0,62195000.0,COMMUNITY FIRST BANK
655839,62141.0,62141000.0,CCB COMMUNITY BANK
218131,62060.0,62060000.0,CBBC BANK
338646,62034.0,62034000.0,TRUSTBANK
192147,62023.0,62023000.0,CITIZENS BANK & TRUST COMPANY
882242,61725.0,61725000.0,ROLLING HILLS BANK & TRUST
59370,61454.0,61454000.0,FIRST SHORE FEDERAL SAVINGS AND LOAN ASSOCIATION
526854,61398.0,61398000.0,"HARDIN COUNTY BANK, THE"
382069,61384.0,61384000.0,INTERNATIONAL BANK OF COMMERCE
2849285,61374.0,61374000.0,BANKVISTA
97943,61343.0,61343000.0,MARION COUNTY STATE BANK
3537897,61287.0,61287000.0,COMMENCEMENT BANK
929932,61275.0,61275000.0,MIDSOUTH BANK
80150,61201.0,61201000.0,FIRST FIDELITY BANK
3216316,61164.0,61164000.0,AMERICAN CONTINENTAL BANK
257578,61061.0,61061000.0,FIRST FEDERAL SAVINGS BANK
434203,61046.0,61046000.0,"FIRST HOPE BANK, A NATIONAL BANKING ASSOCIATION"
321947,60987.0,60987000.0,"FCN BANK, NATIONAL ASSOCIATION"
248633,60923.0,60923000.0,FIRST JACKSON BANK
775773,60868.0,60868000.0,NORTH SHORE TRUST AND SAVINGS
3150205,60810.0,60810000.0,WORTHINGTON BANK
282226,60765.0,60765000.0,FARMERS AND MERCHANTS BANK OF SOUTH CAROLINA
598048,60745.0,60745000.0,"STEPHENSON NATIONAL BANK AND TRUST, THE"
904171,60743.0,60743000.0,INFIRST BANK
66275,60730.0,60730000.0,FIRST SOUTHERN BANK
206174,60692.0,60692000.0,AMBLER SAVINGS BANK
169354,60676.0,60676000.0,"STATE NATIONAL BANK OF BIG SPRING, THE"
989347,60642.0,60642000.0,CROSS BANK
621357,60604.0,60604000.0,STATE BANK OF DE KALB
709639,60571.0,60571000.0,MACON BANK AND TRUST COMPANY
804374,60541.0,60541000.0,HOME FEDERAL BANK
831576,60461.0,60461000.0,BANKTENNESSEE
472979,60437.0,60437000.0,"ROXBORO SAVINGS BANK, SSB"
975256,60426.0,60426000.0,DELTA BANK
709143,60380.0,60380000.0,MIDWEST BANK
109574,60322.0,60322000.0,HAVERHILL BANK
108951,60273.0,60273000.0,RELIABANK DAKOTA
935308,60185.0,60185000.0,ONEUNITED BANK
3217331,60102.0,60102000.0,"HOMETOWN BANK OF ALABAMA, THE"
1872941,60070.0,60070000.0,ARBOR BANK
622037,60043.0,60043000.0,"FIRST NATIONAL BANK OF JEANERETTE, THE"
244251,59997.0,59997000.0,AMERICAN STATE BANK & TRUST COMPANY OF WILLISTON
995517,59989.0,59989000.0,"PEOPLES BANK OF KENTUCKY, INC."
853747,59972.0,59972000.0,CITIZENS NATIONAL BANK OF ALBION
3451050,59933.0,59933000.0,RIVER VALLEY COMMUNITY BANK
3538009,59869.0,59869000.0,PLATINUM BANK
659341,59837.0,59837000.0,"CONSTITUTION BANK, NATIONAL ASSOCIATION"
246022,59783.0,59783000.0,"BANK OF SOUTH CAROLINA, THE"
385686,59626.0,59626000.0,LUSITANIA SAVINGS BANK
262237,59532.0,59532000.0,FIRST PORT CITY BANK
5342974,59483.0,59483000.0,PIERMONT BANK
400141,59449.0,59449000.0,"FNB BANK, INC."
1015850,59361.0,59361000.0,LAKE ELMO BANK
761543,59356.0,59356000.0,OHNWARD BANK & TRUST
361439,59274.0,59274000.0,ANDREW JOHNSON BANK
423159,59204.0,59204000.0,MCCURTAIN COUNTY NATIONAL BANK
610164,59116.0,59116000.0,HERRING BANK
722432,59080.0,59080000.0,"BANK OF ROMNEY, THE"
215710,59065.0,59065000.0,"JUNIATA VALLEY BANK, THE"
2797162,59030.0,59030000.0,SAUK VALLEY BANK & TRUST COMPANY
227777,59030.0,59030000.0,MILFORD FEDERAL BANK
761851,58997.0,58997000.0,FIRST INDEPENDENT BANK
625065,58981.0,58981000.0,CITIZENS STATE BANK
974754,58947.0,58947000.0,COMMUNITY BANK OF LOUISIANA
284556,58916.0,58916000.0,CATTLEMENS BANK
220059,58900.0,58900000.0,"WNB FINANCIAL, NATIONAL ASSOCIATION"
580548,58857.0,58857000.0,BANK OF LUXEMBURG
69678,58754.0,58754000.0,BAKER BOYER NATIONAL BANK
649342,58671.0,58671000.0,IOWA TRUST & SAVINGS BANK
875132,58610.0,58610000.0,GRAND RIDGE NATIONAL BANK
179700,58605.0,58605000.0,CLINTON SAVINGS BANK
3546862,58571.0,58571000.0,PACIFIC ALLIANCE BANK
630555,58540.0,58540000.0,AMERICAN BANK
3592047,58447.0,58447000.0,"GOLDWATER BANK, NATIONAL ASSOCIATION"
514132,58444.0,58444000.0,CITIZENS BANK
536349,58306.0,58306000.0,SHELBY COUNTY STATE BANK
520423,58280.0,58280000.0,"FAHEY BANKING COMPANY, THE"
475653,58238.0,58238000.0,MOUNTAIN VALLEY BANK
320052,58230.0,58230000.0,LEGACY BANK
418100,58187.0,58187000.0,SEAMENS BANK
6039,58139.0,58139000.0,PINELAND BANK
251978,58054.0,58054000.0,HOMELAND FEDERAL SAVINGS BANK
922344,57935.0,57935000.0,PEOPLES BANK & TRUST
294751,57909.0,57909000.0,"CITY NATIONAL BANK AND TRUST COMPANY OF LAWTON, OKLAHOMA, THE"
701839,57763.0,57763000.0,CITIZENS BANK AND TRUST
853934,57701.0,57701000.0,DLP BANK
612159,57700.0,57700000.0,SOLUTIONS NORTH BANK
823133,57623.0,57623000.0,PEOPLES NATIONAL BANK OF KEWANEE
2907439,57553.0,57553000.0,LIBERTY BANK N.A.
1155,57526.0,57526000.0,RVR BANK
129910,57488.0,57488000.0,"PEOPLES EXCHANGE BANK, INC."
386450,57481.0,57481000.0,FIVE POINTS BANK OF HASTINGS
855741,57455.0,57455000.0,BANKORION
380533,57399.0,57399000.0,LONGVIEW BANK
71457,57346.0,57346000.0,BRUNING BANK
2505460,57345.0,57345000.0,"BANK, THE"
202514,57341.0,57341000.0,"CUMBERLAND SECURITY BANK, INC."
764058,57234.0,57234000.0,HIGHLAND BANK
3223305,57161.0,57161000.0,1ST STATE BANK
345345,57092.0,57092000.0,"AMERICAN BANK, NATIONAL ASSOCIATION"
762773,56958.0,56958000.0,ABACUS FEDERAL SAVINGS BANK
564324,56917.0,56917000.0,"OLD FORT BANKING COMPANY, THE"
2855866,56818.0,56818000.0,FOUR CORNERS COMMUNITY BANK
732758,56793.0,56793000.0,BANKERS' BANK OF THE WEST
258306,56645.0,56645000.0,MILFORD BANK THE
513340,56591.0,56591000.0,COMMERCIAL BANK
87579,56585.0,56585000.0,"MIDDLESEX FEDERAL SAVINGS, F.A."
400365,56541.0,56541000.0,"FIRST COMMERCIAL BANK, NATIONAL ASSOCIATION"
273550,56345.0,56345000.0,"CITIZENS STATE BANK, THE"
975854,56327.0,56327000.0,GLENWOOD STATE BANK (INCORPORATED)
811747,56267.0,56267000.0,SECURITY SAVINGS BANK
3664588,56030.0,56030000.0,FIELDPOINT PRIVATE BANK & TRUST
20857,55941.0,55941000.0,FM BANK
460332,55904.0,55904000.0,MUNICIPAL TRUST AND SAVINGS BANK
3629484,55715.0,55715000.0,BANKFLORIDA
197142,55613.0,55613000.0,SPRINGFIELD STATE BANK
354552,55601.0,55601000.0,COMMUNITY NATIONAL BANK
309150,55589.0,55589000.0,"MISSOURI BANK, THE"
601443,55482.0,55482000.0,BANK OF MAUSTON
919456,55465.0,55465000.0,MID-AMERICA BANK
261146,55461.0,55461000.0,"MAGNOLIA BANK, INC"
388557,55455.0,55455000.0,RIVERSTONE BANK
3357620,55424.0,55424000.0,"HSBC TRUST COMPANY (DELAWARE), NATIONAL ASSOCIATION"
2925620,55400.0,55400000.0,"CHINO COMMERCIAL BANK, NATIONAL ASSOCIATION"
858528,55379.0,55379000.0,"BANK OF MARION, THE"
1000276,55258.0,55258000.0,PITTSFIELD CO-OPERATIVE BANK
543945,55251.0,55251000.0,FARMERS TRUST AND SAVINGS BANK
5313312,55239.0,55239000.0,WATERMARK BANK
865544,55145.0,55145000.0,CLEAR LAKE BANK AND TRUST COMPANY
803957,55106.0,55106000.0,KODABANK
591320,55024.0,55024000.0,ARTHUR STATE BANK
326054,54990.0,54990000.0,SILVER LAKE BANK
894544,54939.0,54939000.0,FIRST SECURITY BANK AND TRUST COMPANY
2806635,54932.0,54932000.0,YAMPA VALLEY BANK
608844,54826.0,54826000.0,FNBC BANK AND TRUST
899343,54819.0,54819000.0,WILSON & MUIR BANK & TRUST COMPANY
724904,54818.0,54818000.0,SHOREHAM BANK
3247589,54771.0,54771000.0,REDWOOD CAPITAL BANK
317258,54693.0,54693000.0,WEST PLAINS BANK AND TRUST COMPANY
5805451,54621.0,54621000.0,"WESTERN ALLIANCE TRUST COMPANY, NATIONAL ASSOCIATION"
2668598,54618.0,54618000.0,PORTAGE COMMUNITY BANK
228345,54613.0,54613000.0,STATE BANK OF NEWBURG
32766,54575.0,54575000.0,LAKESIDE BANK
335346,54481.0,54481000.0,PARTNERS BANK
573335,54400.0,54400000.0,RIVERHILLS BANK
524953,54362.0,54362000.0,FIRST PRYORITY BANK
81175,54318.0,54318000.0,EQUITABLE BANK
357937,54299.0,54299000.0,CITIZENS BANK AND TRUST COMPANY
799854,54280.0,54280000.0,"CITY NATIONAL BANK OF COLORADO CITY, THE"
624246,54249.0,54249000.0,CONNECTION BANK
692704,54186.0,54186000.0,WELLINGTON TRUST COMPANY NATIONAL ASSOCIATION
5398355,54092.0,54092000.0,FOUNDERS BANK
715872,54057.0,54057000.0,LIFESTORE BANK
482053,54044.0,54044000.0,CITIZENS STATE BANK
944047,54023.0,54023000.0,"NAPOLEON STATE BANK, THE"
875057,53986.0,53986000.0,FARMERS STATE BANK
571265,53924.0,53924000.0,DENALI STATE BANK
445955,53842.0,53842000.0,"FIRST NATIONAL BANK OF EAST TEXAS, THE"
874050,53826.0,53826000.0,CITIZENS BANK MINNESOTA
958558,53741.0,53741000.0,"STOCK EXCHANGE BANK, THE"
465038,53712.0,53712000.0,FIRST NATIONAL BANK OF BROOKFIELD
107570,53690.0,53690000.0,FIRST FEDERAL SAVINGS BANK
475354,53595.0,53595000.0,FARMERS STATE BANK
1015252,53554.0,53554000.0,LEA COUNTY STATE BANK
282824,53514.0,53514000.0,ELDERTON STATE BANK
748357,53495.0,53495000.0,GLOBAL ONE BANK
828473,53469.0,53469000.0,CITIZENS SAVINGS BANK
504311,53467.0,53467000.0,"GENOA BANKING COMPANY, THE"
3342671,53398.0,53398000.0,ANCHOR BANK
653134,53388.0,53388000.0,FARMERS-MERCHANTS BANK & TRUST COMPANY
748964,53341.0,53341000.0,TEXAS STATE BANK
835770,53242.0,53242000.0,FOX VALLEY SAVINGS BANK
715144,53186.0,53186000.0,GRUNDY BANK
902672,53152.0,53152000.0,HEARTHSIDE BANK CORPORATION
144678,53141.0,53141000.0,FIRST FEDERAL SAVINGS AND LOAN ASSOCIATION OF LORAIN
148238,53122.0,53122000.0,PEOPLES BANK
646743,53109.0,53109000.0,COMMUNITY SAVINGS BANK
1669,53069.0,53069000.0,"LIBERTY NATIONAL BANK IN PARIS, THE"
607146,53044.0,53044000.0,CENTRAL STATE BANK
510330,53031.0,53031000.0,F&M BANK
646556,52955.0,52955000.0,CONNECTIONS BANK
1459799,52878.0,52878000.0,FIRST PEOPLES BANK
591366,52837.0,52837000.0,"FIRST NATIONAL BANK OF SONORA, THE"
664653,52793.0,52793000.0,"NATIVE AMERICAN BANK, NATIONAL ASSOCIATION"
788559,52793.0,52793000.0,FARMERS AND DROVERS BANK
578116,52784.0,52784000.0,"SAVINGS BANK, THE"
5312593,52782.0,52782000.0,OHIO STATE BANK
5650923,52778.0,52778000.0,WATERFALL BANK
306337,52546.0,52546000.0,CASEY STATE BANK
394259,52545.0,52545000.0,"FIRST STATE BANK, THE"
613679,52481.0,52481000.0,FIRST FEDERAL SAVINGS BANK
3370133,52480.0,52480000.0,SUNRISE BANK
3645840,52442.0,52442000.0,TOUCHMARK NATIONAL BANK
477349,52422.0,52422000.0,BANK OF LAKE MILLS
425845,52419.0,52419000.0,SECURITY STATE BANK
3407084,52358.0,52358000.0,MILESTONE BANK
2051127,52345.0,52345000.0,AMERICAN NATIONAL BANK-FOX CITIES
855563,52323.0,52323000.0,MURPHY BANK
178851,52244.0,52244000.0,GRAND VALLEY BANK
2989006,52216.0,52216000.0,GUARDIAN BANK
3412417,52215.0,52215000.0,JONAH BANK OF WYOMING
443353,52057.0,52057000.0,UNITY BANK
651121,52003.0,52003000.0,LUMBEE GUARANTY BANK
625850,51913.0,51913000.0,BANK OF VERSAILLES
870913,51865.0,51865000.0,BUCKEYE STATE BANK
900034,51853.0,51853000.0,RAYNE STATE BANK & TRUST COMPANY
1012251,51849.0,51849000.0,FIRST STATE BANK AND TRUST COMPANY
310754,51741.0,51741000.0,LUMINATE BANK
285852,51606.0,51606000.0,FIRST OPTION BANK
234841,51558.0,51558000.0,NEW ALBIN SAVINGS BANK
539340,51544.0,51544000.0,DEMOTTE STATE BANK
613156,51534.0,51534000.0,"FIRST MONTANA BANK, INC."
788773,51473.0,51473000.0,HOMETOWN BANK
594938,51413.0,51413000.0,APPLE RIVER STATE BANK
502652,51399.0,51399000.0,BANK3
290838,51382.0,51382000.0,MERIT BANK
672537,51375.0,51375000.0,"EXCHANGE BANK OF ALABAMA, THE"
70638,51332.0,51332000.0,PEOPLES BANK
963002,51332.0,51332000.0,BAY STATE SAVINGS BANK
136338,51301.0,51301000.0,MERCHANTS & FARMERS BANK & TRUST COMPANY
2619714,51256.0,51256000.0,ALLIANCE BANK
692946,51253.0,51253000.0,TOWN & COUNTRY BANK AND TRUST COMPANY
478195,51251.0,51251000.0,BANK OF THE VALLEY
593249,51063.0,51063000.0,"PEOPLES BANK, THE"
331713,51006.0,51006000.0,NEW TRIPOLI BANK
477648,50996.0,50996000.0,FARMERS STATE BANK
538754,50949.0,50949000.0,FIRST NATIONAL BANK IN PHILIP
198149,50877.0,50877000.0,ABBYBANK
675079,50805.0,50805000.0,"FAYETTE SAVINGS BANK, SSB"
410748,50787.0,50787000.0,BANK OF O'FALLON
2857600,50695.0,50695000.0,OAK BANK
835257,50689.0,50689000.0,COMMUNITY BANK MANKATO
64552,50688.0,50688000.0,CHICKASAW COMMUNITY BANK
2823221,50665.0,50665000.0,GEORGIA COMMUNITY BANK
5398627,50648.0,50648000.0,TRIAD BUSINESS BANK
623052,50635.0,50635000.0,"LAMESA NATIONAL BANK, THE"
751852,50592.0,50592000.0,CENTRAL BANK OF KANSAS CITY
109136,50504.0,50504000.0,PEOPLES BANK & TRUST
228279,50433.0,50433000.0,CROSSROADS BANK
3350658,50427.0,50427000.0,FIRST VISION BANK OF TENNESSEE
944337,50389.0,50389000.0,CENTURY BANK & TRUST
172475,50358.0,50358000.0,CREST SAVINGS BANK
14155,50343.0,50343000.0,F & C BANK
3721605,50277.0,50277000.0,SPRING BANK
3812147,50256.0,50256000.0,GRAND RIVER BANK
371362,50184.0,50184000.0,WELLINGTON STATE BANK
443148,50117.0,50117000.0,"BIPPUS STATE BANK, THE"
11145,50114.0,50114000.0,LAKE-OSCEOLA STATE BANK
790703,50105.0,50105000.0,LEE BANK
77253,50042.0,50042000.0,TXN BANK
442244,49967.0,49967000.0,NORTHEAST SECURITY BANK
58636,49958.0,49958000.0,CENTURY BANK
541231,49934.0,49934000.0,FIRST CITIZENS BANK
246657,49933.0,49933000.0,BANK OF LABOR
143859,49894.0,49894000.0,NEBRASKA BANK
977250,49873.0,49873000.0,MIDWEST INDEPENDENT BANKERSBANK
193649,49768.0,49768000.0,"FIRST TRUST AND SAVINGS BANK OF WATSEKA, THE"
342054,49766.0,49766000.0,PHELPS COUNTY BANK
452159,49668.0,49668000.0,AMERICAN BANK AND TRUST COMPANY
126553,49666.0,49666000.0,NORTH SHORE BANK OF COMMERCE
425818,49664.0,49664000.0,UNITED CUMBERLAND BANK
979759,49611.0,49611000.0,"KARNES COUNTY NATIONAL BANK OF KARNES CITY, THE"
3252,49581.0,49581000.0,"FIRST NATIONAL BANK OF GORDON, THE"
16551,49546.0,49546000.0,NORTHVIEW BANK
351560,49480.0,49480000.0,SUMMIT BANK
676151,49343.0,49343000.0,UNISON BANK
623454,49320.0,49320000.0,"BANK AND TRUST, SSB, THE"
430036,49314.0,49314000.0,ROBERTSON BANKING COMPANY
306159,49273.0,49273000.0,AMERICAN NATIONAL BANK OF MINNESOTA
166111,49244.0,49244000.0,"NORTH COUNTRY SAVINGS BANK, THE"
1016718,49231.0,49231000.0,JACKSON COUNTY BANK
3636428,49217.0,49217000.0,"BLACK HILLS COMMUNITY BANK, NATIONAL ASSOCIATION"
31826,49184.0,49184000.0,POWELL VALLEY NATIONAL BANK
2007991,49030.0,49030000.0,CITIZENS COMMUNITY BANK
499855,48988.0,48988000.0,SOUTHWEST NATIONAL BANK
137447,48976.0,48976000.0,"FNB COMMUNITY BANK,THE"
268136,48900.0,48900000.0,"CITIZENS BANK OF SWAINSBORO, THE"
407645,48900.0,48900000.0,"STILLMAN BANCCORP, N.A."
541857,48869.0,48869000.0,CARROLL BANK AND TRUST
801047,48840.0,48840000.0,FIRST STATE BANK
568126,48693.0,48693000.0,"ST. HENRY BANK, THE"
166531,48664.0,48664000.0,BANK OF FRANKEWING
5760439,48578.0,48578000.0,TEXAS TRADITIONS BANK
479370,48564.0,48564000.0,HIGH COUNTRY BANK
262059,48552.0,48552000.0,AVB BANK
268677,48516.0,48516000.0,CARVER FEDERAL SAVINGS BANK
719656,48394.0,48394000.0,"CALLAWAY BANK, THE"
396244,48366.0,48366000.0,"RIVER CITY BANK, INC."
212018,48340.0,48340000.0,PENNIAN BANK
279,48338.0,48338000.0,"BROADSTREET BANK, SSB"
783246,48279.0,48279000.0,GRINNELL STATE BANK
227357,48270.0,48270000.0,"BRENHAM NATIONAL BANK, THE"
714978,48170.0,48170000.0,"COOPERATIVE BANK, THE"
44040,48160.0,48160000.0,"FIRST NATIONAL BANK OF MONTEREY, THE"
5673191,48142.0,48142000.0,LOCALITY BANK
529659,48137.0,48137000.0,CATTLE BANK & TRUST
2793593,48115.0,48115000.0,SOUTHERN BANK OF TENNESSEE
907547,48089.0,48089000.0,PREMIERBANK
188056,48057.0,48057000.0,NORTHERN STATE BANK OF THIEF RIVER FALLS
356239,48029.0,48029000.0,CITIZENS STATE BANK
683814,48011.0,48011000.0,KENTUCKY FARMERS BANK CORPORATION
1479470,48011.0,48011000.0,WOODLANDS BANK
502746,47955.0,47955000.0,COMMUNITY STATE BANK
92706,47916.0,47916000.0,SUGAR RIVER BANK
546535,47891.0,47891000.0,BANK OF DUDLEY
236957,47681.0,47681000.0,UPPER PENINSULA STATE BANK
865450,47559.0,47559000.0,"PROFINIUM, INC."
652043,47531.0,47531000.0,FREEDOMBANK
6095071,47517.0,47517000.0,LIBERTY BANK OF NEW JERSEY
2396592,47515.0,47515000.0,PEOPLE'S BANK OF SENECA
3440803,47513.0,47513000.0,GOLDEN VALLEY BANK
412845,47508.0,47508000.0,FIRST NATIONAL BANK IN OLNEY
285928,47484.0,47484000.0,PEOPLES BANK THE
750341,47468.0,47468000.0,HIGHPOINT COMMUNITY BANK
520777,47456.0,47456000.0,COMMUNITY SAVINGS BANK
205346,47449.0,47449000.0,FARMERS SAVINGS BANK
866121,47414.0,47414000.0,MERCER COUNTY STATE BANK
298245,47314.0,47314000.0,"CITY NATIONAL BANK OF METROPOLIS, THE"
862057,47292.0,47292000.0,BANK OF COMMERCE
552974,47143.0,47143000.0,"SHELBY SAVINGS BANK, SSB"
533124,47127.0,47127000.0,"HARBOR BANK OF MARYLAND, THE"
3463875,47061.0,47061000.0,AUSTIN COUNTY STATE BANK
19936,47056.0,47056000.0,CITIZENS BANK OF AMERICUS
2631172,47051.0,47051000.0,STATE BANK FINANCIAL
134848,47027.0,47027000.0,TEUTOPOLIS STATE BANK
2914727,46979.0,46979000.0,UNITED NATIONAL BANK
493741,46978.0,46978000.0,ALLIANCE BANK
504535,46961.0,46961000.0,"FIRST STATE BANK OF DEKALB COUNTY, INC."
815754,46927.0,46927000.0,LOCAL BANK
562058,46880.0,46880000.0,UNITED BANK OF UNION
2805535,46859.0,46859000.0,FIRST SECURE COMMUNITY BANK
367431,46814.0,46814000.0,CITIZENS BANK OF THE SOUTH
3517590,46783.0,46783000.0,HYPERION BANK
1001853,46777.0,46777000.0,CITIZENS BANK
389358,46759.0,46759000.0,SECURITY STATE BANK
579364,46730.0,46730000.0,TEXAS CHAMPION BANK
761244,46729.0,46729000.0,BELGRADE STATE BANK
109659,46697.0,46697000.0,LOUISIANA NATIONAL BANK
3720,46660.0,46660000.0,"BANK OF CLARENDON, THE"
582953,46644.0,46644000.0,CHARTER WEST BANK
839255,46621.0,46621000.0,FNB COMMUNITY BANK
2819242,46579.0,46579000.0,"MURRAY BANK, THE"
897648,46573.0,46573000.0,PRODUCERS BANK & TRUST
206156,46569.0,46569000.0,SOUTHWEST CAPITAL BANK
830748,46549.0,46549000.0,GERMANTOWN TRUST & SAVINGS BANK
761459,46545.0,46545000.0,PINE COUNTRY BANK
420644,46485.0,46485000.0,"PEOPLES COMMUNITY BANK, THE"
933340,46424.0,46424000.0,GRANT COUNTY STATE BANK
10250,46319.0,46319000.0,"BANK OF ELK RIVER, THE"
204826,46318.0,46318000.0,FIRST NATIONAL BANK IN NEW BREMEN
900678,46275.0,46275000.0,"CARTHAGE SAVINGS AND LOAN, NATIONAL ASSOCIATION"
271529,46206.0,46206000.0,COUNTYBANK
883959,46166.0,46166000.0,COWBOY BANK
829041,46154.0,46154000.0,CITIZENS BANK & TRUST COMPANY
119872,46125.0,46125000.0,FIRST SEACOAST BANK
7072,46047.0,46047000.0,WALLKILL VALLEY FEDERAL SAVINGS AND LOAN ASSOCIATION
5660146,45917.0,45917000.0,ENTREBANK
867856,45880.0,45880000.0,CITIZENS STATE BANK
454546,45850.0,45850000.0,"PEOPLES STATE BANK, THE"
711548,45846.0,45846000.0,CHELSEA STATE BANK
877752,45683.0,45683000.0,"CITIZENS NATIONAL BANK OF PARK RAPIDS, THE"
862141,45674.0,45674000.0,TRUBANK
287007,45637.0,45637000.0,"PUTNAM COUNTY NATIONAL BANK OF CARMEL, THE"
1892154,45571.0,45571000.0,FIRST NATIONAL BANK OF COFFEE COUNTY
783910,45556.0,45556000.0,NORTH VALLEY BANK
468673,45486.0,45486000.0,"HOME LOAN SAVINGS BANK, THE"
508355,45445.0,45445000.0,AMERISTATE BANK
2343167,45416.0,45416000.0,PAN AMERICAN BANK & TRUST
3411773,45401.0,45401000.0,FIRST FARMBANK
638850,45351.0,45351000.0,"FIDELITY STATE BANK AND TRUST COMPANY, THE"
248745,45314.0,45314000.0,OOSTBURG STATE BANK
192558,45310.0,45310000.0,FIRST BANK KANSAS
278256,45252.0,45252000.0,"FARMERS STATE BANK OF OAKLEY, KANSAS, THE"
3470930,45203.0,45203000.0,FIRST PACIFIC BANK
36933,45197.0,45197000.0,FIRST STATE BANK
629522,45131.0,45131000.0,"FREEDOM BANK, INC."
602543,45107.0,45107000.0,"PETEFISH, SKILES & COMPANY"
3603961,45074.0,45074000.0,"VICTORY BANK, THE"
356752,45009.0,45009000.0,CITIZENS STATE BANK
3229875,44970.0,44970000.0,FIRST NATIONAL TRUST COMPANY
851239,44960.0,44960000.0,"POCA VALLEY BANK, INC., THE"
188177,44854.0,44854000.0,WESTMORELAND FEDERAL SAVINGS AND LOAN ASSOCIATION OF LATROBE
771878,44841.0,44841000.0,FIRST FEDERAL SAVINGS BANK
777870,44788.0,44788000.0,ALTOONA FIRST SAVINGS BANK
696168,44774.0,44774000.0,BALBOA THRIFT AND LOAN ASSOCIATION
733559,44646.0,44646000.0,GREAT PLAINS STATE BANK
121914,44630.0,44630000.0,COMMUNITY STATE BANK OF ORBISONIA
752831,44614.0,44614000.0,BANK OF MADISON
52951,44548.0,44548000.0,SECURITY STATE BANK OF OKLAHOMA
329550,44541.0,44541000.0,INSOUTH BANK
430344,44493.0,44493000.0,COMMUNITY BANK
102342,44490.0,44490000.0,RACCOON VALLEY BANK
436542,44483.0,44483000.0,WAUKON STATE BANK
367543,44478.0,44478000.0,KENTLAND BANK
522669,44473.0,44473000.0,HOMEBANK TEXAS
2948423,44346.0,44346000.0,"BANK OF CLOVIS, THE"
263243,44303.0,44303000.0,"FIRST KENTUCKY BANK, INC."
173306,44251.0,44251000.0,NATIONAL BANK OF MIDDLEBURY
3034257,44204.0,44204000.0,FIRST COMMUNITY BANK OF CENTRAL ALABAMA
2002222,44204.0,44204000.0,CITIZENS COMMUNITY BANK
3410141,44198.0,44198000.0,"BANK OF LEXINGTON, INC."
2505424,44194.0,44194000.0,WOLF RIVER COMMUNITY BANK
2871099,44192.0,44192000.0,TRISTAR BANK
3720336,44181.0,44181000.0,GENUBANK
5574430,44176.0,44176000.0,"ROCKPOINTBANK, NATIONAL ASSOCIATION"
968744,44126.0,44126000.0,FIRST CHOICE BANK
3531176,44071.0,44071000.0,SOUTHERN INDEPENDENT BANK
183958,44045.0,44045000.0,FIRST NATIONAL BANK AND TRUST
548267,44043.0,44043000.0,"WAGGONER NATIONAL BANK OF VERNON, THE"
234506,44031.0,44031000.0,"NATIONAL BANK OF COXSACKIE, THE"
523161,43988.0,43988000.0,CITIZENS STATE BANK
101439,43971.0,43971000.0,"DURDEN BANKING COMPANY, INCORPORATED"
773443,43851.0,43851000.0,"CLINTON NATIONAL BANK, THE"
848248,43850.0,43850000.0,FIDELITY BANK
1014376,43818.0,43818000.0,CITIZENS SAVINGS BANK
5620869,43775.0,43775000.0,GENESIS BANK
628552,43741.0,43741000.0,WINNSBORO STATE BANK & TRUST COMPANY
3786435,43722.0,43722000.0,INTRACOASTAL BANK
891253,43650.0,43650000.0,COLUMBUS STATE BANK
406666,43644.0,43644000.0,WEST TEXAS STATE BANK
3027763,43633.0,43633000.0,CORNERSTONE BANK
966722,43568.0,43568000.0,KINGSTON NATIONAL BANK
521970,43545.0,43545000.0,BIG HORN FEDERAL SAVINGS BANK
197759,43543.0,43543000.0,FIRST NATIONAL BANK MINNESOTA
382443,43477.0,43477000.0,FARMERS TRUST AND SAVINGS BANK
899642,43423.0,43423000.0,FIRST STATE BANK AND TRUST
247551,43395.0,43395000.0,HIGH PLAINS BANK
357777,43369.0,43369000.0,GREENVILLE SAVINGS BANK
610913,43261.0,43261000.0,"FIRST NATIONAL BANK OF GRAYSON, THE"
3116519,43225.0,43225000.0,AMERICAN EAGLE BANK
222754,43183.0,43183000.0,"FIRST WESTROADS BANK, INC."
715050,43159.0,43159000.0,STAR BANK
425108,43153.0,43153000.0,RONDOUT SAVINGS BANK
5193989,43066.0,43066000.0,INFINITY BANK
2614344,43064.0,43064000.0,PEOPLES BANK OF EAST TENNESSEE
3347603,43046.0,43046000.0,"ECLIPSE BANK, INC."
382050,43042.0,43042000.0,CENTRAL SAVINGS BANK
2467670,43024.0,43024000.0,APPLIED BANK
58757,43006.0,43006000.0,KENSINGTON BANK
433943,43006.0,43006000.0,WASHINGTON STATE BANK
631178,43004.0,43004000.0,SECURITY FEDERAL SAVINGS BANK OF MCMINNVILLE
975153,42982.0,42982000.0,UNICO BANK
968249,42933.0,42933000.0,PEOPLES BANK
300353,42897.0,42897000.0,"SHAMROCK BANK, NATIONAL ASSOCIATION"
58225,42896.0,42896000.0,"FARMERS BANK AND SAVINGS COMPANY, THE"
31134,42889.0,42889000.0,"FIRST NATIONAL BANK OF WAYNESBORO, THE"
230423,42880.0,42880000.0,"FIRST CITIZENS NATIONAL BANK OF UPPER SANDUSKY, THE"
617743,42853.0,42853000.0,FNB BANK
244158,42821.0,42821000.0,WAYPOINT BANK
2769570,42787.0,42787000.0,PETIT JEAN STATE BANK
718538,42679.0,42679000.0,"GRANT COUNTY BANK, THE"
463605,42633.0,42633000.0,PEOPLES TRUST COMPANY OF ST. ALBANS
578741,42608.0,42608000.0,BLC COMMUNITY BANK
168571,42570.0,42570000.0,ARMOR BANK
857745,42535.0,42535000.0,LIBERTYVILLE SAVINGS BANK
3347911,42489.0,42489000.0,AUSTIN CAPITAL BANK SSB
3070545,42485.0,42485000.0,"UNITED COMMUNITY BANK OF WEST KENTUCKY, INC."
410560,42484.0,42484000.0,FIRST STATE BANK
2396604,42483.0,42483000.0,"BANK OF STAR VALLEY, THE"
302553,42390.0,42390000.0,BANK OF THE PLAINS
865142,42293.0,42293000.0,IOWA STATE BANK
439132,42289.0,42289000.0,GLENNVILLE BANK
191355,42234.0,42234000.0,FRONTIER BANK
289739,42124.0,42124000.0,GUARANTY BANK AND TRUST COMPANY
860259,42123.0,42123000.0,PREMIER BANK NATIONAL ASSOCIATION
742944,42055.0,42055000.0,FORTE BANK
880332,42014.0,42014000.0,PIKE NATIONAL BANK
605656,41990.0,41990000.0,FIRST STATE BANK AND TRUST
738143,41930.0,41930000.0,PROSPECT BANK
961259,41874.0,41874000.0,"CITIZENS BANK, THE"
796152,41851.0,41851000.0,FIRST STATE BANK
829050,41775.0,41775000.0,"BANK, NATIONAL ASSOCIATION, THE"
597546,41724.0,41724000.0,PREMIER COMMUNITY BANK
5412457,41706.0,41706000.0,LEXICON BANK
841753,41681.0,41681000.0,CITY BANK & TRUST CO.
145554,41678.0,41678000.0,"FIRST NATIONAL BANK AND TRUST COMPANY OF BROKEN ARROW, THE"
736550,41636.0,41636000.0,"UNION STATE BANK OF EVEREST, THE"
296474,41632.0,41632000.0,"HOME SAVINGS AND LOAN COMPANY OF KENTON, OHIO, THE DBA HSLC"
678744,41625.0,41625000.0,CENTRAL STATE BANK
653947,41621.0,41621000.0,HOME STATE BANK
300933,41574.0,41574000.0,PLANTERS FIRST BANK
534756,41554.0,41554000.0,SOONER STATE BANK
686459,41537.0,41537000.0,EXCHANGE BANK OF MISSOURI
3567269,41482.0,41482000.0,SELECT BANK
566243,41455.0,41455000.0,GLENWOOD STATE BANK
50461,41450.0,41450000.0,CALIFORNIA PACIFIC BANK
552059,41428.0,41428000.0,BANK OF THE FLINT HILLS
349343,41425.0,41425000.0,TOWN AND COUNTRY BANK MIDWEST
591209,41413.0,41413000.0,PISCATAQUA SAVINGS BANK
194936,41404.0,41404000.0,BANKSOUTH
734248,41403.0,41403000.0,IOWA STATE BANK
860147,41334.0,41334000.0,FIRST NATIONAL BANK OF PANA
173641,41326.0,41326000.0,"FIRST NATIONAL BANK OF RUSSELL SPRINGS, THE"
110945,41322.0,41322000.0,UNITED SOUTHERN BANK
2730431,41292.0,41292000.0,ENTERPRISE BANK
822275,41287.0,41287000.0,"WINTER HILL BANK, FSB"
217059,41277.0,41277000.0,FIRST FARMERS & MERCHANTS BANK
481159,41228.0,41228000.0,VALLEY BANK OF COMMERCE
3635029,41196.0,41196000.0,NANO BANC
5692473,41194.0,41194000.0,EVERMORE BANK
229070,41187.0,41187000.0,FIRST FEDERAL SAVINGS AND LOAN ASSOCIATION OF SAN RAFAEL
382658,41154.0,41154000.0,PUTNAM COUNTY STATE BANK
815147,41090.0,41090000.0,HONOR BANK
653778,41084.0,41084000.0,"HARRISON BUILDING AND LOAN ASSOCIATION, THE"
32971,41066.0,41066000.0,SECURITY FEDERAL SAVINGS BANK
540056,40990.0,40990000.0,FIRSTBANK OF NEBRASKA
863607,40981.0,40981000.0,NATIONAL GRAND BANK OF MARBLEHEAD
20633,40909.0,40909000.0,MCNB BANK AND TRUST CO.
313223,40902.0,40902000.0,OSGOOD BANK
537551,40856.0,40856000.0,LITTLE HORN STATE BANK
5472880,40843.0,40843000.0,CRAFT BANK
869953,40734.0,40734000.0,ALAMOSA STATE BANK
457426,40732.0,40732000.0,ENTERPRISE BANK OF SOUTH CAROLINA
485456,40644.0,40644000.0,KAW VALLEY BANK
3120646,40594.0,40594000.0,PATRIOT BANK
1016174,40515.0,40515000.0,OZARKS FEDERAL SAVINGS AND LOAN ASSOCIATION
207470,40510.0,40510000.0,FIRST FEDERAL BANK OF OHIO
427241,40498.0,40498000.0,"FRIENDSHIP STATE BANK, THE"
987231,40454.0,40454000.0,COMMUNITY STATE BANK
932745,40339.0,40339000.0,FIRST COMMUNITY BANK
528102,40334.0,40334000.0,NORTH BROOKFIELD SAVINGS BANK
2607412,40329.0,40329000.0,SPRING VALLEY BANK
410917,40314.0,40314000.0,"CITIZENS NATIONAL BANK OF SOMERSET, THE"
725077,40314.0,40314000.0,OSB COMMUNITY BANK
917050,40274.0,40274000.0,FIRST STATE BANK
867070,40273.0,40273000.0,"STERLING FEDERAL BANK, FEDERAL SAVINGS BANK"
17110,40272.0,40272000.0,"HAVERFORD TRUST COMPANY, THE"
791942,40253.0,40253000.0,NEKOOSA PORT EDWARDS STATE BANK
25647,40238.0,40238000.0,FIRST SECURE BANK AND TRUST CO.
41629,40194.0,40194000.0,PIONEER BANK
529275,40163.0,40163000.0,LINCOLN FEDERAL SAVINGS BANK OF NEBRASKA
416656,40118.0,40118000.0,"WELCH STATE BANK OF WELCH, OKLA."
365745,40100.0,40100000.0,PINNACLE BANK
130345,40086.0,40086000.0,COMMUNITY STATE BANK
963730,40078.0,40078000.0,UNION NATIONAL BANK
989730,40069.0,40069000.0,TOWER COMMUNITY BANK
568939,40065.0,40065000.0,FNB PICAYUNE BANK
3446225,40032.0,40032000.0,TABLE ROCK COMMUNITY BANK
275255,39996.0,39996000.0,BANNER CAPITAL BANK
827458,39950.0,39950000.0,DAKOTA WESTERN BANK
565143,39916.0,39916000.0,FIRST STATE BANK
73554,39916.0,39916000.0,PATHWAY BANK
152253,39895.0,39895000.0,CASTLE ROCK BANK
530655,39888.0,39888000.0,"PEOPLES BANK, THE"
1010015,39871.0,39871000.0,"CITIZENS BANK COMPANY, THE"
1188987,39835.0,39835000.0,PEOPLES INDEPENDENT BANK
677448,39780.0,39780000.0,FIRST STATE BANK
79042,39779.0,39779000.0,WEST POINT BANK
712956,39708.0,39708000.0,FIRST NEW MEXICO BANK
2759629,39690.0,39690000.0,"FIRST NATIONAL BANK OF HEREFORD, THE"
170275,39583.0,39583000.0,VOLUNTEER FEDERAL SAVINGS BANK
755458,39565.0,39565000.0,FORESIGHT BANK
388744,39513.0,39513000.0,ALDEN STATE BANK
2732565,39487.0,39487000.0,PEOPLES SAVINGS BANK
3160978,39478.0,39478000.0,INTEGRITY BANK & TRUST
542153,39471.0,39471000.0,F&M BANK
959443,39459.0,39459000.0,"CITIZENS DEPOSIT BANK OF ARLINGTON, INC."
920975,39454.0,39454000.0,FIRST SENTINEL BANK
175056,39444.0,39444000.0,BANK OF WESTERN OKLAHOMA
609010,39411.0,39411000.0,FIRST NATIONAL BANK OF ELMER
623874,39408.0,39408000.0,FIRST FEDERAL SAVINGS AND LOAN ASSOCIATION OF NEWARK
11640,39393.0,39393000.0,FIRST NATIONAL BANK OF CLARKSDALE
5879201,39269.0,39269000.0,INTEGRITY BANK SSB
3374403,39230.0,39230000.0,BANK OF BELLEVILLE
124830,39215.0,39215000.0,BANK OF CAMILLA
660271,39197.0,39197000.0,"FIRST ROBINSON SAVINGS BANK, NATIONAL ASSOCIATION"
953843,39150.0,39150000.0,PONY EXPRESS BANK
114149,39122.0,39122000.0,PARTNERS BANK
457060,39121.0,39121000.0,SPRING HILL STATE BANK
2871558,39109.0,39109000.0,AMERICAN COMMUNITY BANK
364131,39086.0,39086000.0,GREAT OAKS BANK
266851,39085.0,39085000.0,FARMERS AND MERCHANTS BANK OF ST. CLAIR
88352,39084.0,39084000.0,FIRST STATE BANK OF BEDIAS
733661,39083.0,39083000.0,HATCH BANK
2122997,39079.0,39079000.0,CREDIT FIRST NATIONAL ASSOCIATION
2733263,39055.0,39055000.0,"AMERICAN BANK AND TRUST COMPANY, NATIONAL ASSOCIATION"
597452,39004.0,39004000.0,AMERICAN BANK
859655,38922.0,38922000.0,"BANKERS BANK, THE"
3125557,38922.0,38922000.0,OREGON COAST BANK
225559,38912.0,38912000.0,BANK OF BARTLETT
465243,38889.0,38889000.0,"GARRETT STATE BANK, THE"
325141,38842.0,38842000.0,FARMERS BANK
2907019,38812.0,38812000.0,COMMUNITY FIRST NATIONAL BANK
144856,38788.0,38788000.0,FIRST STATE BANK AND TRUST
364430,38715.0,38715000.0,BANK OF ST. FRANCISVILLE
3296859,38690.0,38690000.0,ONE WORLD BANK
860334,38644.0,38644000.0,BANK OF ZACHARY
412667,38609.0,38609000.0,SUNDOWN STATE BANK
176325,38593.0,38593000.0,FARMERS & MERCHANTS BANK
969255,38522.0,38522000.0,GUARANTY BANK & TRUST COMPANY OF DELHI
175609,38491.0,38491000.0,BANK OF MILLBROOK
858854,38397.0,38397000.0,"CITIZENS STATE BANK, THE"
80374,38365.0,38365000.0,FIRST FEDERAL SAVINGS AND LOAN ASSOCIATION OF DELTA
211338,38355.0,38355000.0,COFFEE COUNTY BANK
87476,38351.0,38351000.0,"WILMINGTON SAVINGS BANK, THE"
922924,38264.0,38264000.0,BANK OF YORK
1009756,38206.0,38206000.0,GUARANTY STATE BANK AND TRUST COMPANY
221775,38169.0,38169000.0,"INTERAMERICAN BANK, A FEDERAL SAVINGS BANK"
1015270,38151.0,38151000.0,HOME BANK SB
780955,38132.0,38132000.0,WAUMANDEE STATE BANK
188720,38132.0,38132000.0,"FARMERS BANK OF APPOMATTOX, THE"
717670,38131.0,38131000.0,ARLO BANK
837149,38094.0,38094000.0,"FIRST COMMUNITY BANK OF THE HEARTLAND, INC."
935559,38087.0,38087000.0,SOUTHERN HERITAGE BANK
424240,38066.0,38066000.0,CITIZENS FIRST NATIONAL BANK
2594419,38057.0,38057000.0,EDISON NATIONAL BANK
514936,38049.0,38049000.0,RABUN COUNTY BANK
990642,38040.0,38040000.0,"FIRST NATIONAL BANK OF ALLENDALE, THE"
457752,38003.0,38003000.0,COULEE BANK
469737,37994.0,37994000.0,"COMMERCIAL BANK, THE"
327556,37975.0,37975000.0,ANCHOR D BANK
455150,37953.0,37953000.0,"PAYNE COUNTY BANK, THE"
253646,37933.0,37933000.0,NSB BANK
2939391,37930.0,37930000.0,PEOPLES BANK
896155,37899.0,37899000.0,SHELL LAKE STATE BANK
613839,37890.0,37890000.0,EXCHANGE BANK
320070,37888.0,37888000.0,VALLEY CENTRAL BANK
398837,37875.0,37875000.0,COPIAH BANK
254504,37859.0,37859000.0,CATTARAUGUS COUNTY BANK
2807173,37824.0,37824000.0,CURRENCY BANK
3445901,37823.0,37823000.0,RIVER CITY BANK
901358,37813.0,37813000.0,"HERITAGE BANK, NATIONAL ASSOCIATION"
432058,37807.0,37807000.0,FREEDOM BANK
596978,37747.0,37747000.0,MARATHON BANK
2997216,37710.0,37710000.0,COMMUNITY BANK OF SANTA MARIA
855264,37631.0,37631000.0,FIRST NATIONAL BANK IN PORT LAVACA
588348,37614.0,37614000.0,SAVINGS BANK
285348,37573.0,37573000.0,FIRST SECURE STATE BANK
361279,37538.0,37538000.0,"COMMUNITY BANK, LEXINGTON, TENNESSEE"
631150,37525.0,37525000.0,FIRST LOCKHART BANK
5401273,37492.0,37492000.0,TANDEM BANK
484776,37406.0,37406000.0,"VIKING BANK, NATIONAL ASSOCIATION"
456054,37397.0,37397000.0,MINDEN EXCHANGE BANK & TRUST COMPANY
1493319,37342.0,37342000.0,"GATEWAY BANK, F.S.B."
34555,37324.0,37324000.0,MA BANK
786733,37304.0,37304000.0,JEFFERSON SECURITY BANK
230610,37199.0,37199000.0,"HOCKING VALLEY BANK, THE"
22543,37194.0,37194000.0,STATE SAVINGS BANK
237954,37180.0,37180000.0,"IDABEL NATIONAL BANK, THE"
760331,37171.0,37171000.0,BRANNEN BANK
955959,37161.0,37161000.0,SECURITY STATE BANK
906410,37148.0,37148000.0,"TURBOTVILLE NATIONAL BANK, THE"
3322468,37141.0,37141000.0,VERUS BANK OF COMMERCE
148171,37048.0,37048000.0,"GOLDEN BELT BANK, FSA"
476472,37018.0,37018000.0,COMMUNITY SAVINGS
864846,36959.0,36959000.0,BANK OF 1889
864378,36948.0,36948000.0,CITIZENS FEDERAL SAVINGS BANK
2913702,36938.0,36938000.0,BANK OF FRANKLIN COUNTY
860352,36901.0,36901000.0,DAKOTA HERITAGE BANK
2861317,36897.0,36897000.0,BRANSON BANK
566056,36867.0,36867000.0,SECURITY BANK
126012,36797.0,36797000.0,CHAMPLAIN NATIONAL BANK
964157,36762.0,36762000.0,VALUEBANK TEXAS
665146,36752.0,36752000.0,KERNDT BROTHERS SAVINGS BANK
937339,36732.0,36732000.0,STATE BANK OF GRAYMONT
825847,36728.0,36728000.0,FARMERS TRUST & SAVINGS BANK
646145,36724.0,36724000.0,"CASEY COUNTY BANK, INC., THE"
693952,36716.0,36716000.0,SECURITY FIRST BANK OF NORTH DAKOTA
381932,36709.0,36709000.0,COMMERCIAL BANKING COMPANY
517441,36705.0,36705000.0,"BANK OF BRODHEAD, THE"
42354,36675.0,36675000.0,"COMMERCIAL NATIONAL BANK OF BRADY, THE"
456755,36618.0,36618000.0,EXCHANGE BANK AND TRUST COMPANY
646444,36580.0,36580000.0,FIRST BANK AND TRUST COMPANY OF ILLINOIS
940731,36513.0,36513000.0,"HAVANA NATIONAL BANK, THE"
376947,36486.0,36486000.0,CITIZENS' BANK OF CHARLESTON
3199811,36480.0,36480000.0,HERITAGE BANK OF THE OZARKS
957757,36459.0,36459000.0,COMMUNITY BANK AND TRUST
480433,36449.0,36449000.0,FIRST NATIONAL BANK IN DERIDDER
572655,36414.0,36414000.0,COMMUNITY BANK
173557,36286.0,36286000.0,ST. JOHNS BANK & TRUST COMPANY
621441,36266.0,36266000.0,BUENA VISTA NATIONAL BANK
5397639,36259.0,36259000.0,ADP TRUST COMPANY NATIONAL ASSOCIATION
1218446,36248.0,36248000.0,BANKERS' BANK OF KANSAS
285151,36213.0,36213000.0,"COLORADO BANK AND TRUST COMPANY OF LA JUNTA, THE"
3561771,36204.0,36204000.0,GLOBAL BANK
27614,36190.0,36190000.0,"ANDOVER BANK, THE"
370721,36152.0,36152000.0,"FARMERS STATE BANK, THE"
2754222,36107.0,36107000.0,NEW REPUBLIC BANK
245351,36064.0,36064000.0,FRAZER BANK
61832,36058.0,36058000.0,"FIRST NATIONAL BANK OF MOUNT DORA, THE"
4165907,36020.0,36020000.0,LAKESIDE BANK
723653,36006.0,36006000.0,WESTERN BANK
3594087,35987.0,35987000.0,HOMETOWN BANK OF PENNSYLVANIA
519360,35975.0,35975000.0,MISSION NATIONAL BANK
190563,35943.0,35943000.0,FIRST STATE BANK OF TEXAS
336361,35870.0,35870000.0,SANGER BANK
398248,35868.0,35868000.0,CAMPBELL & FETTER BANK
776547,35867.0,35867000.0,"MEADE COUNTY BANK, INC."
645540,35862.0,35862000.0,EARLHAM SAVINGS BANK
251558,35861.0,35861000.0,FIRST NATIONAL BANK & TRUST
2938787,35861.0,35861000.0,GREENLEAF TRUST NATIONAL ASSOCIATION
79855,35824.0,35824000.0,CITY BANK & TRUST CO.
579636,35770.0,35770000.0,MERCHANTS AND PLANTERS BANK
930853,35747.0,35747000.0,CLB THE COMMUNITY BANK
428462,35737.0,35737000.0,IRELAND BANK
3385744,35671.0,35671000.0,NOBLEBANK & TRUST
3303944,35660.0,35660000.0,PACIFIC WEST BANK
5751,35653.0,35653000.0,KCB BANK
795548,35615.0,35615000.0,CITIZENS STATE BANK
147679,35606.0,35606000.0,ASCENDIA BANK
90177,35539.0,35539000.0,FIRST FEDERAL SAVINGS & LOAN ASSOCIATION OF PASCAGOULA-MOSS POINT
750051,35529.0,35529000.0,NORTH STAR BANK
1006513,35487.0,35487000.0,BANK OF THE BLUEGRASS AND TRUST CO.
449430,35412.0,35412000.0,22ND STATE BANKING COMPANY
2356091,35392.0,35392000.0,"FIRST UNITED BANK AND TRUST COMPANY, INC."
746157,35378.0,35378000.0,SENTRY BANK
5906497,35288.0,35288000.0,BANKMIAMI
207452,35285.0,35285000.0,GRANT COUNTY BANK
814551,35281.0,35281000.0,KEARNEY TRUST COMPANY
452739,35192.0,35192000.0,"CLAXTON BANK, THE"
3120897,35154.0,35154000.0,HERITAGE BANK
371223,35116.0,35116000.0,RIVERHILLS BANK
977616,35042.0,35042000.0,"NATIONAL BANK OF MALVERN, THE"
5760662,35015.0,35015000.0,"BUSINESS BANK, THE"
825548,35011.0,35011000.0,COMMUNITY STATE BANK OF MISSOURI
2718596,34989.0,34989000.0,FIRST TRUST BANK OF ILLINOIS
469559,34965.0,34965000.0,JONES BANK
1010574,34947.0,34947000.0,AMERICAN COMMUNITY BANK OF INDIANA
98717,34937.0,34937000.0,"EASTBANK, NATIONAL ASSOCIATION"
303653,34926.0,34926000.0,FIRST STATE BANK OF BURNET
945026,34882.0,34882000.0,COMMERCIAL BANK & TRUST OF PA
528241,34764.0,34764000.0,HOUGHTON STATE BANK
137559,34748.0,34748000.0,FARMERS NATIONAL BANK
710859,34708.0,34708000.0,"CITIZENS BANK OF CLOVIS, THE"
3134698,34676.0,34676000.0,BANK OF COMMERCE
785857,34658.0,34658000.0,JAMES POLK STONE COMMUNITY BANK
800853,34633.0,34633000.0,CENTINEL BANK OF TAOS
350750,34631.0,34631000.0,NORTH VALLEY BANK
567240,34540.0,34540000.0,BANK OF JAMESTOWN
138051,34530.0,34530000.0,"FARMERS STATE BANK OF ALICEVILLE, KANSAS, THE"
658474,34490.0,34490000.0,COLLINSVILLE BUILDING AND LOAN ASSOCIATION
656658,34480.0,34480000.0,TEXAS FINANCIAL BANK DBA THE EDEN STATE BANK
347022,34460.0,34460000.0,FIRST NATIONAL BANK OF SOUTH CAROLINA
276645,34454.0,34454000.0,AMERICAN STATE BANK
644646,34431.0,34431000.0,LIBERTY TRUST & SAVINGS BANK
787459,34389.0,34389000.0,PRINSBANK
851631,34372.0,34372000.0,BETTER BANKS
2889227,34331.0,34331000.0,ALPINE CAPITAL BANK
576354,34325.0,34325000.0,GREAT NORTH BANK
225157,34296.0,34296000.0,ULTIMA BANK MINNESOTA
842376,34190.0,34190000.0,WEST VIEW SAVINGS BANK
703039,34144.0,34144000.0,"JEFFERSON BANK, THE"
572459,34128.0,34128000.0,"CITIZENS STATE BANK, THE"
356659,34123.0,34123000.0,SOLOMON STATE BANK
849357,34113.0,34113000.0,"FIRST NATIONAL BANK OF HUGHES SPRINGS, THE"
822051,34090.0,34090000.0,CITIZENS STATE BANK OF ROSEAU
3591004,34068.0,34068000.0,REDSTONE BANK
553038,34052.0,34052000.0,COMMUNITY BANKING COMPANY
604547,34049.0,34049000.0,HEARTLAND BANK
644776,34039.0,34039000.0,UNITED ROOSEVELT SAVINGS BANK
830113,34034.0,34034000.0,"FORT JENNINGS STATE BANK, THE"
924937,34031.0,34031000.0,ALLIANCE COMMUNITY BANK
458142,34008.0,34008000.0,HORATIO STATE BANK
118736,33983.0,33983000.0,BANK OF YAZOO CITY
718275,33977.0,33977000.0,BANK OF THE FEDERATED STATES OF MICRONESIA
280138,33910.0,33910000.0,WEST CENTRAL GEORGIA BANK
522753,33894.0,33894000.0,MCBANK
739832,33873.0,33873000.0,"FISHER NATIONAL BANK, THE"
570558,33870.0,33870000.0,ARROWHEAD BANK
402846,33867.0,33867000.0,POCAHONTAS STATE BANK
875048,33849.0,33849000.0,COMMUNITY STATE BANK OF ROCK FALLS
119153,33823.0,33823000.0,"SECURITY NATIONAL BANK OF ENID, THE"
412153,33740.0,33740000.0,NEBRASKA STATE BANK AND TRUST COMPANY
748254,33730.0,33730000.0,BANKCHEROKEE
2562137,33698.0,33698000.0,NORTHSTAR BANK
1351,33688.0,33688000.0,BANK OF GRANDIN
289757,33683.0,33683000.0,MERCHANTS STATE BANK
3446784,33681.0,33681000.0,COMMUNITY BANK DELAWARE
5303724,33652.0,33652000.0,GULFSIDE BANK
661474,33628.0,33628000.0,WOODRUFF FEDERAL SAVINGS AND LOAN ASSOCIATION
966731,33565.0,33565000.0,FIRST NATIONAL BANK
746755,33560.0,33560000.0,BANK OF HAYS
435059,33558.0,33558000.0,TRINITY CAPITAL BANK OF TEXAS
3816154,33531.0,33531000.0,"NEW HORIZON BANK, NATIONAL ASSOCIATION"
3310287,33526.0,33526000.0,"BESSEMER TRUST COMPANY OF DELAWARE, NATIONAL ASSOCIATION"
872579,33509.0,33509000.0,HIBERNIA BANK
519146,33465.0,33465000.0,FIRST STATE BANK OF DEQUEEN
714839,33448.0,33448000.0,FIRST NATIONAL BANK USA
109453,33427.0,33427000.0,BANKSTAR FINANCIAL
936640,33415.0,33415000.0,LEIGHTON STATE BANK
555256,33400.0,33400000.0,FARMERS AND MERCHANTS BANK
576952,33356.0,33356000.0,FIRST NEBRASKA BANK
770639,33336.0,33336000.0,HOMETOWN NATIONAL BANK
987259,33331.0,33331000.0,SANDHILLS STATE BANK
368951,33308.0,33308000.0,"KAW VALLEY STATE BANK AND TRUST COMPANY, OF WAMEGO, KANSAS, THE"
10849,33297.0,33297000.0,FIRST STATE BANK
139133,33293.0,33293000.0,AMERIFIRST BANK
828174,33284.0,33284000.0,FIRST FEDERAL SAVINGS & LOAN ASSOCIATION OF VALDOSTA
449935,33284.0,33284000.0,COUNTRY TRUST BANK
297761,33269.0,33269000.0,MONTEREY COUNTY BANK
908450,33108.0,33108000.0,KIRKWOOD BANK AND TRUST COMPANY
488653,33101.0,33101000.0,"NATIONAL BANK OF ANDREWS, THE"
3134399,33088.0,33088000.0,PRIMEBANK OF TEXAS
2529176,33086.0,33086000.0,SECURITY NATIONAL BANK OF SOUTH DAKOTA
856346,33065.0,33065000.0,"FARMERS STATE BANK OF ALTO PASS, ILL."
666974,33058.0,33058000.0,FAIRFIELD FEDERAL SAVINGS AND LOAN ASSOCIATION OF LANCASTER
380878,33037.0,33037000.0,GREENWAY BANK
406974,33020.0,33020000.0,BRIGHTON BANK
102874,33014.0,33014000.0,"PAPER CITY SAVINGS BANK, S.A."
330949,32991.0,32991000.0,"MORGANTOWN BANK & TRUST COMPANY, INCORPORATED"
158376,32969.0,32969000.0,FIRST FEDERAL SAVINGS BANK OF ANGOLA
535940,32926.0,32926000.0,STATE BANK OF TOULON
23456,32903.0,32903000.0,"MY KIND OF BANK, NATIONAL ASSOCIATION"
993250,32887.0,32887000.0,FIRST COMMUNITY BANK
222156,32875.0,32875000.0,FIRST STATE BANK OF WYOMING
2597223,32858.0,32858000.0,"LEGACY TRUST COMPANY, NATIONAL ASSOCIATION"
563233,32812.0,32812000.0,FIRST NATIONAL BANK OF GRIFFIN
9955,32801.0,32801000.0,FUSION BANK
93244,32783.0,32783000.0,WOODFORD STATE BANK
530851,32766.0,32766000.0,PEOPLES STATE BANK OF HALLETTSVILLE
625757,32756.0,32756000.0,NORTHERN STATE BANK
285544,32751.0,32751000.0,CAPITOL NATIONAL BANK
406022,32716.0,32716000.0,WOODSBORO BANK
311939,32708.0,32708000.0,WASHINGTON STATE BANK
324153,32691.0,32691000.0,FIRST NATIONAL BANK OF GIDDINGS
3468450,32678.0,32678000.0,CENTRAL BANK
661223,32677.0,32677000.0,LEE BANK & TRUST COMPANY
5538937,32650.0,32650000.0,CLASSIC CITY BANK
323651,32631.0,32631000.0,GILMER NATIONAL BANK
787842,32614.0,32614000.0,FIRST IOWA STATE BANK
271275,32613.0,32613000.0,DEAN CO-OPERATIVE BANK
179148,32598.0,32598000.0,SUCCESS BANK
744854,32593.0,32593000.0,CITIZENS BANK
716954,32590.0,32590000.0,CITIZENS FIRST BANK
304762,32555.0,32555000.0,VICTORY BANK
3429219,32546.0,32546000.0,HERITAGE BANK & TRUST
99143,32533.0,32533000.0,MERCHANTS & PLANTERS BANK
2860271,32516.0,32516000.0,CROWN BANK
2643595,32515.0,32515000.0,PACIFIC CREST BANK
501767,32510.0,32510000.0,"FIRST NATIONAL BANK OF WINNSBORO, THE"
610557,32436.0,32436000.0,THREE RIVERS BANK OF MONTANA
931047,32421.0,32421000.0,BANK OF SALEM
476539,32342.0,32342000.0,BANK OF COMMERCE & TRUST COMPANY
564463,32259.0,32259000.0,CROSSROADS BANK
780263,32242.0,32242000.0,OZONA BANK
305077,32222.0,32222000.0,PERU FEDERAL SAVINGS BANK
628356,32211.0,32211000.0,STERLING BANK
434539,32204.0,32204000.0,FARMERS & MERCHANTS BANK
502559,32158.0,32158000.0,"GUNNISON BANK AND TRUST COMPANY, THE"
60648,32154.0,32154000.0,FIRST NATIONAL BANK
311265,32128.0,32128000.0,YOAKUM BANK
830645,32107.0,32107000.0,LONGVIEW COMMUNITY BANK
331375,32098.0,32098000.0,BANKGLOUCESTER
942539,32098.0,32098000.0,PEOPLE'S BANK AND TRUST COMPANY OF PICKETT COUNTY
609467,32090.0,32090000.0,UNITED PACIFIC BANK
390840,32085.0,32085000.0,UNION BANK
919344,31999.0,31999000.0,BANKOKOLONA
2161,31944.0,31944000.0,LAMAR NATIONAL BANK
158741,31928.0,31928000.0,CROSSROADS BANK
709554,31882.0,31882000.0,"WESTERN BANK, ARTESIA, NEW MEXICO"
68831,31847.0,31847000.0,BANK OF FRANKLIN
808653,31832.0,31832000.0,TRUCOMMUNITY BANK
905673,31816.0,31816000.0,GOUVERNEUR SAVINGS AND LOAN ASSOCIATION
479071,31780.0,31780000.0,STATE BANK NORTHWEST
631039,31730.0,31730000.0,FIRST SOUTHERN BANK
837046,31632.0,31632000.0,CORYDON STATE BANK
352745,31580.0,31580000.0,STATE STREET BANK AND TRUST COMPANY
3306598,31552.0,31552000.0,"UNITED CITIZENS BANK OF SOUTHERN KENTUCKY, INC."
1160509,31547.0,31547000.0,PREMIER BANK OF THE SOUTH
961343,31535.0,31535000.0,"SHELBY STATE BANK, THE"
3341393,31525.0,31525000.0,FLINT COMMUNITY BANK
640442,31521.0,31521000.0,FIRST TRUST AND SAVINGS BANK
539377,31517.0,31517000.0,UNITED BANK
240954,31504.0,31504000.0,FIRST NATIONAL BANK OF BURLESON
325534,31499.0,31499000.0,BYRON BANK
807656,31496.0,31496000.0,CITIZENS BANK OF ADA
144155,31434.0,31434000.0,STERLING STATE BANK
639633,31417.0,31417000.0,"CITIZENS BANK OF WESTON, INC., THE"
1000959,31416.0,31416000.0,EAGLE BANK
2963864,31404.0,31404000.0,TRADITIONS FIRST BANK
757452,31403.0,31403000.0,FARMERS STATE BANK
474450,31383.0,31383000.0,RIVERS EDGE BANK
28675,31241.0,31241000.0,"CUMBERLAND FEDERAL BANK, FSB"
172457,31241.0,31241000.0,"CITIZENS BANK OF EDMOND, THE"
641579,31219.0,31219000.0,CLACKAMAS COUNTY BANK
49858,31188.0,31188000.0,BANK OF SOUTH TEXAS
236603,31154.0,31154000.0,"DELAWARE NATIONAL BANK OF DELHI, THE"
731050,31147.0,31147000.0,YORK STATE BANK
901134,31091.0,31091000.0,COMMUNITY BANK OF PARKERSBURG
2775151,31085.0,31085000.0,AB&T
152440,31078.0,31078000.0,CENTRAL STATE BANK
850456,31072.0,31072000.0,GOPPERT STATE SERVICE BANK
3316739,31036.0,31036000.0,SOUTHERNTRUST BANK
307334,31018.0,31018000.0,SOUTHERN BANK
946555,30924.0,30924000.0,LLANO NATIONAL BANK
746979,30922.0,30922000.0,SPRATT SAVINGS BANK
479446,30910.0,30910000.0,CITIZENS STATE BANK OF LOYAL
970055,30871.0,30871000.0,FIRST BANK ELK RIVER
3010363,30862.0,30862000.0,BANKCDA
645577,30860.0,30860000.0,"GREENEVILLE FEDERAL BANK, F.S.B."
257756,30806.0,30806000.0,FMS BANK
1404883,30806.0,30806000.0,BURLING BANK
918954,30780.0,30780000.0,ESB FINANCIAL
732253,30779.0,30779000.0,CITIZENS PROGRESSIVE BANK
3548763,30773.0,30773000.0,PEOPLEFIRST BANK
293651,30760.0,30760000.0,CAMPBELL COUNTY BANK
541754,30757.0,30757000.0,WRAY STATE BANK
2329200,30731.0,30731000.0,BAY BANK
615851,30730.0,30730000.0,"FARMERS STATE BANK, THE"
605571,30724.0,30724000.0,"PEOPLES SAVINGS AND LOAN COMPANY, THE"
954671,30641.0,30641000.0,FIRST SOUTHERN BANK
815053,30623.0,30623000.0,GOPPERT FINANCIAL BANK
741974,30541.0,30541000.0,FIRST FEDERAL SAVINGS BANK OF KENTUCKY
1014853,30465.0,30465000.0,CITIZENS BANK OF KANSAS
170332,30462.0,30462000.0,FIRST EXCHANGE BANK
648251,30452.0,30452000.0,MCCLAIN BANK
2747466,30440.0,30440000.0,EXCHANGE BANK CO.
988144,30439.0,30439000.0,"CLARE BANK, NATIONAL ASSOCIATION"
666844,30430.0,30430000.0,VERMILION VALLEY BANK
22048,30393.0,30393000.0,UNION BANK & TRUST COMPANY
3049635,30354.0,30354000.0,DOUGLAS NATIONAL BANK
480853,30322.0,30322000.0,FOUNDATION BANK
3067929,30276.0,30276000.0,TOWN & COUNTRY BANK
3470097,30272.0,30272000.0,BANK OF MONTANA
2328285,30264.0,30264000.0,"PRIVATE TRUST COMPANY, NATIONAL ASSOCIATION, THE"
3438958,30260.0,30260000.0,RIVERBANK
989141,30240.0,30240000.0,IOWA FALLS STATE BANK
611031,30232.0,30232000.0,"PEOPLES BANK, THE"
235446,30224.0,30224000.0,SHELBY COUNTY STATE BANK
172859,30217.0,30217000.0,FIRST STATE BANK
311256,30173.0,30173000.0,GRANITE BANK
692450,30173.0,30173000.0,ST. CLAIR COUNTY STATE BANK
534466,30158.0,30158000.0,METROPOLITAN BANK
574079,30124.0,30124000.0,FRANKLIN BANK
849076,30117.0,30117000.0,HENDERSON FEDERAL SAVINGS BANK
129349,30076.0,30076000.0,FIRST NATIONAL BANK OF STEELEVILLE
68671,30072.0,30072000.0,"GRAND BANK FOR SAVINGS, F.S.B."
5448915,30049.0,30049000.0,"MILLYARD BANK, THE"
164331,30041.0,30041000.0,LOGAN BANK & TRUST COMPANY
204237,30027.0,30027000.0,MAGNOLIA STATE BANK
820842,30004.0,30004000.0,BLOOMSDALE BANK
2774707,29997.0,29997000.0,ITS BANK
94755,29973.0,29973000.0,SUNDANCE STATE BANK
3309393,29950.0,29950000.0,"1ST TRUST BANK, INC."
8462,29946.0,29946000.0,"PERRYTON NATIONAL BANK, THE"
2391588,29944.0,29944000.0,EAGLE ROCK BANK
634955,29854.0,29854000.0,"PATRONS BANK, NATIONAL ASSOCIATION"
118660,29851.0,29851000.0,HOME BANK OF CALIFORNIA
885252,29812.0,29812000.0,CITIZENS BANK
825753,29768.0,29768000.0,CITIZENS INDEPENDENT BANK
454975,29767.0,29767000.0,MASSENA SAVINGS AND LOAN
592550,29737.0,29737000.0,QUOIN FINANCIAL BANK
980951,29734.0,29734000.0,WOODLANDS NATIONAL BANK
2836306,29710.0,29710000.0,BUCKEYE COMMUNITY BANK
615879,29694.0,29694000.0,"CENTRAL SAVINGS, F.S.B."
805876,29677.0,29677000.0,PENNCREST BANK
809650,29668.0,29668000.0,"TEXANA BANK, NATIONAL ASSOCIATION"
776369,29654.0,29654000.0,FIRST STATE BANK OF ODEM
799751,29623.0,29623000.0,MINNESOTA NATIONAL BANK
185448,29596.0,29596000.0,SOLON STATE BANK
148470,29579.0,29579000.0,1ST BANK OF SEA ISLE CITY
794345,29563.0,29563000.0,BLUE GRASS SAVINGS BANK
255556,29562.0,29562000.0,CITIZENS BANK & TRUST COMPANY OF ARDMORE
436739,29560.0,29560000.0,"BANKCHAMPAIGN, NATIONAL ASSOCIATION"
2687133,29524.0,29524000.0,PREMIER BANK
277277,29435.0,29435000.0,SSB BANK
385547,29416.0,29416000.0,"CITIZENS-FARMERS BANK OF COLE CAMP, THE"
979151,29416.0,29416000.0,AUBURN STATE BANK
396954,29414.0,29414000.0,"PECOS COUNTY STATE BANK, THE"
481944,29386.0,29386000.0,"FARMERS STATE BANK AND TRUST COMPANY, THE"
656032,29386.0,29386000.0,"FIRST NATIONAL BANK IN AMBOY, THE"
580874,29339.0,29339000.0,BRATTLEBORO SAVINGS & LOAN ASSOCIATION
750846,29301.0,29301000.0,SECURITY STATE BANK
659556,29298.0,29298000.0,UNITED STATE BANK
367178,29195.0,29195000.0,MIAMI SAVINGS BANK
441078,29180.0,29180000.0,COMMUNITY PARTNERS SAVINGS BANK
851172,29159.0,29159000.0,CBL STATE SAVINGS BANK
493152,29104.0,29104000.0,FLATWATER BANK
269058,29104.0,29104000.0,LAKE CENTRAL BANK
243414,29093.0,29093000.0,"FIRST NATIONAL BANK OF BELLEVUE, THE"
855844,29076.0,29076000.0,ANNA-JONESBORO NATIONAL BANK
357553,29054.0,29054000.0,FIRST PIONEER NATIONAL BANK
435255,29022.0,29022000.0,SECURITY BANK MIDWEST
980438,29008.0,29008000.0,FIRST STATE BANK OF FORREST
336576,29000.0,29000000.0,"EQUITABLE BANK, S.S.B., THE"
424156,28997.0,28997000.0,STOCKGROWERS STATE BANK
605610,28977.0,28977000.0,SAWYER SAVINGS BANK
924357,28943.0,28943000.0,"FIRST NATIONAL BANK OF MILACA, THE"
244037,28940.0,28940000.0,FRIEND BANK
729842,28939.0,28939000.0,BANK OF WOLCOTT
485214,28931.0,28931000.0,FARMERS BANK
925354,28913.0,28913000.0,CALDWELL BANK & TRUST COMPANY
188449,28908.0,28908000.0,PCSB BANK
1404481,28893.0,28893000.0,BANK OF THE LOWCOUNTRY
3219269,28869.0,28869000.0,MEMBERS TRUST COMPANY
49054,28867.0,28867000.0,COMMERCE BANK
5728916,28867.0,28867000.0,"AGILITY BANK, N.A."
233358,28853.0,28853000.0,CITIZENS NATIONAL BANK AT BROWNWOOD
296755,28831.0,28831000.0,CITIZENS STATE BANK
313009,28827.0,28827000.0,"UPSTATE NATIONAL BANK, THE"
614948,28804.0,28804000.0,1NB BANK
936837,28795.0,28795000.0,GOODFIELD STATE BANK
3368635,28792.0,28792000.0,PARADISE BANK
849432,28743.0,28743000.0,"BANK OF MONROE, THE"
278733,28741.0,28741000.0,"CITIZENS BANK OF COCHRAN, THE"
946274,28717.0,28717000.0,BEDFORD FEDERAL SAVINGS BANK
198251,28715.0,28715000.0,SHERBURNE STATE BANK
715630,28688.0,28688000.0,CITIZENS BANK AND TRUST COMPANY OF GRAINGER COUNTY
595337,28672.0,28672000.0,VALLEY STATE BANK
609832,28672.0,28672000.0,TOMPKINS STATE BANK
324854,28641.0,28641000.0,BANK OF CROCKETT
948531,28640.0,28640000.0,BANK OF NEWINGTON
852254,28625.0,28625000.0,"UNION BANK, THE"
58551,28620.0,28620000.0,SECURITY STATE BANK
31835,28619.0,28619000.0,BANK OF ANGUILLA
64730,28598.0,28598000.0,FARMERS & MERCHANTS BANK
332671,28596.0,28596000.0,"MORGANTON SAVINGS BANK, S.S.B."
740249,28578.0,28578000.0,FIRST WHITNEY BANK AND TRUST
142179,28577.0,28577000.0,STREATOR HOME SAVINGS BANK
583071,28553.0,28553000.0,FIRST FEDERAL SAVINGS AND LOAN ASSOCIATION OF BATH
199137,28551.0,28551000.0,"WARRINGTON BANK, THE"
3220863,28536.0,28536000.0,CONTINENTAL BANK
260831,28532.0,28532000.0,GEORGIA FIRST BANK
265340,28528.0,28528000.0,"FARMERS BANK OF MILTON, THE"
430054,28518.0,28518000.0,MAIN BANK
644842,28514.0,28514000.0,MERCHANTS AND FARMERS BANK
5882500,28498.0,28498000.0,FIVE RIVERS BANK
554343,28497.0,28497000.0,FOWLER STATE BANK
181963,28457.0,28457000.0,"CITY NATIONAL BANK OF TAYLOR, THE"
74056,28450.0,28450000.0,SOUTH CENTRAL STATE BANK
738255,28440.0,28440000.0,TOWN & COUNTRY BANK
300942,28426.0,28426000.0,PIONEER BANK
879747,28407.0,28407000.0,"FARMERS STATE BANK OF WAUPACA, THE"
20053,28395.0,28395000.0,SECURITY BANK
31657,28370.0,28370000.0,"FIRST STATE BANK OF BEN WHEELER, TEXAS"
551016,28344.0,28344000.0,FLEETWOOD BANK
319047,28331.0,28331000.0,"RIDDELL NATIONAL BANK, THE"
847157,28309.0,28309000.0,UNITED COMMUNITY BANK
955940,28298.0,28298000.0,O'BANNON BANKING COMPANY
2010722,28294.0,28294000.0,VILLAGE BANK
3022610,28279.0,28279000.0,FLATIRONS BANK
3128923,28267.0,28267000.0,BANK OF LINCOLN COUNTY
3377235,28244.0,28244000.0,"SMARTBIZ BANK, N.A."
296559,28242.0,28242000.0,COMMERCIAL BANK
372855,28238.0,28238000.0,STRYV BANK
199436,28220.0,28220000.0,ALTAMAHA BANK AND TRUST COMPANY
749943,28214.0,28214000.0,RARITAN STATE BANK
28152,28210.0,28210000.0,HARVEST BANK
638131,28208.0,28208000.0,BANK OF DICKSON
4125778,28196.0,28196000.0,"STIFEL TRUST COMPANY DELAWARE, NATIONAL ASSOCIATION"
672573,28137.0,28137000.0,PROFILE BANK
815772,28133.0,28133000.0,"CINCINNATUS SAVINGS AND LOAN COMPANY, THE"
3487947,28118.0,28118000.0,UNIBANK
283652,28115.0,28115000.0,"TRIAD BANK, NATIONAL ASSOCIATION"
533535,28115.0,28115000.0,FIRST BANK OF BOAZ
114457,28109.0,28109000.0,"FIRST NATIONAL BANK & TRUST, ELK CITY, OKLAHOMA"
782016,28108.0,28108000.0,BANK OF MAYSVILLE
275479,28106.0,28106000.0,COMMONWEALTH COOPERATIVE BANK
882952,28082.0,28082000.0,OZARK BANK
706254,28071.0,28071000.0,"COMMUNITY STATE BANK, THE"
654300,28053.0,28053000.0,WASHINGTON SAVINGS BANK
466044,28000.0,28000000.0,RELIANCE STATE BANK
712648,27880.0,27880000.0,"PEOPLES BANK, THE"
160454,27871.0,27871000.0,"FIRST NATIONAL BANK OF BALLINGER, THE"
137643,27841.0,27841000.0,WEST IOWA BANK
2873598,27841.0,27841000.0,CYPRESS BANK & TRUST
678454,27827.0,27827000.0,MARION STATE BANK
616540,27808.0,27808000.0,SECURITY SAVINGS BANK
219044,27785.0,27785000.0,COLLINS STATE BANK
194440,27778.0,27778000.0,COMMERCIAL SAVINGS BANK
67142,27777.0,27777000.0,PEOPLES TRUST AND SAVINGS BANK
43052,27738.0,27738000.0,SECURITY STATE BANK
942454,27737.0,27737000.0,"PEOPLES NATIONAL BANK OF CHECOTAH, THE"
1007752,27735.0,27735000.0,ARCADIAN BANK
2333140,27717.0,27717000.0,NEIGHBORHOOD NATIONAL BANK
213538,27677.0,27677000.0,BANK OF ABBEVILLE & TRUST COMPANY
828110,27654.0,27654000.0,"PENNSVILLE NATIONAL BANK, THE"
49951,27634.0,27634000.0,"FIRST SECURITY BANK, THE"
2877831,27608.0,27608000.0,BANK OF BROOKHAVEN
927134,27601.0,27601000.0,SOLUTIONS BANK
276074,27578.0,27578000.0,"SENECA SAVINGS BANK, NATIONAL ASSOCIATION"
774347,27552.0,27552000.0,FARMERS SAVINGS BANK
2615220,27533.0,27533000.0,COMMUNITY FIRST BANKING COMPANY
352370,27501.0,27501000.0,SOUTHERN HILLS COMMUNITY BANK
786555,27495.0,27495000.0,PEOPLES STATE BANK OF PLAINVIEW
861658,27484.0,27484000.0,FIRST SECURITY BANK - SLEEPY EYE
346379,27464.0,27464000.0,FIRST FEDERAL COMMUNITY BANK OF BUCYRUS
5316920,27456.0,27456000.0,NEW VALLEY BANK & TRUST
956527,27448.0,27448000.0,INDEPENDENCE BANK
129853,27445.0,27445000.0,COMMERCIAL STATE BANK OF WAGNER
917500,27440.0,27440000.0,"FIRST NATIONAL BANK OF GROTON, THE"
3358270,27436.0,27436000.0,HURON VALLEY STATE BANK
697147,27431.0,27431000.0,"HOMETOWN SAVINGS BANK, THE"
513546,27367.0,27367000.0,"FARMERS AND MERCHANTS NATIONAL BANK OF NASHVILLE, THE"
273840,27366.0,27366000.0,COMMUNITY FIRST BANK OF THE HEARTLAND
60545,27361.0,27361000.0,"HOME TRUST & SAVINGS BANK, THE"
241559,27213.0,27213000.0,COLUMBUS BANK AND TRUST COMPANY
588245,27173.0,27173000.0,"BANK OF DEERFIELD, THE"
116741,27124.0,27124000.0,UNITED BANK AND TRUST COMPANY
3596250,27101.0,27101000.0,RELIANCE BANK
849348,27100.0,27100000.0,COMMUNITY STATE BANK
954251,27093.0,27093000.0,CITIZENS BANK OF ELDON
708379,27085.0,27085000.0,SECURITY SAVINGS BANK
3487433,27075.0,27075000.0,MERCHANTS COMMERCIAL BANK
465672,27065.0,27065000.0,CROSSBRIDGE COMMUNITY BANK
89957,27034.0,27034000.0,CENDERA BANK
742056,27018.0,27018000.0,CASTROVILLE STATE BANK
901974,27004.0,27004000.0,LYONS FEDERAL BANK
3223417,27000.0,27000000.0,GATEWAY BANK
1387203,26980.0,26980000.0,LIBERTY BANK MINNESOTA
3374234,26913.0,26913000.0,RIVERLAND BANK
786948,26912.0,26912000.0,FIRST BANK HAMPTON
2881445,26900.0,26900000.0,"MASSMUTUAL PRIVATE WEALTH & TRUST, FSB"
869346,26884.0,26884000.0,IOWA STATE SAVINGS BANK
66154,26852.0,26852000.0,DECATUR COUNTY BANK
277736,26845.0,26845000.0,PEOPLES BANK OF THE SOUTH
992851,26836.0,26836000.0,STOCK GROWERS BANK
293437,26823.0,26823000.0,"CITIZENS BANK OF WINFIELD, THE"
1879016,26788.0,26788000.0,TODAY'S BANK
987651,26777.0,26777000.0,GARDEN PLAIN STATE BANK
837158,26744.0,26744000.0,"FIRST NATIONAL BANK AND TRUST COMPANY OF MIAMI, THE"
205542,26732.0,26732000.0,CHEROKEE STATE BANK
589158,26647.0,26647000.0,GREAT PLAINS BANK
287342,26639.0,26639000.0,"READLYN SAVINGS BANK, THE"
853251,26633.0,26633000.0,UNITY NATIONAL BANK OF HOUSTON
638355,26626.0,26626000.0,"BANK OF DESOTO, NATIONAL ASSOCIATION"
12647,26606.0,26606000.0,"PORTAGE COUNTY BANK, THE"
190956,26594.0,26594000.0,"WANDA STATE BANK, THE"
38740,26587.0,26587000.0,OWEN COUNTY STATE BANK
646873,26585.0,26585000.0,NEW CARLISLE FEDERAL SAVINGS BANK
499743,26550.0,26550000.0,HERITAGE COMMUNITY BANK
651541,26519.0,26519000.0,IOWA STATE BANK AND TRUST COMPANY
3213333,26511.0,26511000.0,COMMUNITY BANK OF GEORGIA
826648,26502.0,26502000.0,MEDIAPOLIS SAVINGS BANK
904359,26485.0,26485000.0,CENTURY BANK OF THE OZARKS
386432,26483.0,26483000.0,LIBERTY BANK
524766,26478.0,26478000.0,FIRST STATE BANK
5435988,26474.0,26474000.0,FWBANK
37949,26450.0,26450000.0,BANK OF RANTOUL
206473,26399.0,26399000.0,EQUITABLE SAVINGS AND LOAN ASSOCIATION
95051,26371.0,26371000.0,ONE AMERICAN BANK
159953,26370.0,26370000.0,OKLAHOMA BANK AND TRUST COMPANY
5528880,26306.0,26306000.0,FIRST BANK OF CENTRAL OHIO
3285778,26286.0,26286000.0,NANTAHALA BANK & TRUST COMPANY
3688548,26279.0,26279000.0,FIRST COLONY BANK OF FLORIDA
765662,26264.0,26264000.0,MUENSTER STATE BANK
2305969,26251.0,26251000.0,TNBANK
837448,26246.0,26246000.0,WARREN-BOYNTON STATE BANK
497655,26239.0,26239000.0,FIRST STATE BANK
926959,26232.0,26232000.0,BANK OF COUSHATTA
764816,26227.0,26227000.0,CITIZENS GUARANTY BANK
969844,26198.0,26198000.0,GUTHRIE COUNTY STATE BANK
455945,26190.0,26190000.0,BANK OF DELIGHT
101738,26179.0,26179000.0,GREAT SOUTHERN BANK
816304,26166.0,26166000.0,MARBLEHEAD BANK
366247,26161.0,26161000.0,TEMPLETON SAVINGS BANK
129358,26122.0,26122000.0,VALOR BANK
85931,26112.0,26112000.0,PATTERSON STATE BANK
145741,26108.0,26108000.0,FARMERS & MERCHANTS STATE BANK
371232,26090.0,26090000.0,FIRST COMMUNITY BANK AND TRUST
363648,26079.0,26079000.0,SECURITY TRUST & SAVINGS BANK
79145,26075.0,26075000.0,FARMERS & MERCHANTS STATE BANK
677970,26068.0,26068000.0,UNION SAVINGS AND LOAN ASSOCIATION
362155,26031.0,26031000.0,"FIRST NATIONAL BANK OF ANDERSON, THE"
823450,26029.0,26029000.0,FIRST NATIONAL BANK
884648,26023.0,26023000.0,UNITED COMMUNITY BANK
23755,26022.0,26022000.0,FIRST NATIONAL COMMUNITY BANK
452841,26001.0,26001000.0,SPRING VALLEY CITY BANK
2753917,25991.0,25991000.0,IDAHO TRUST BANK
947525,25977.0,25977000.0,MARION CENTER BANK
729178,25959.0,25959000.0,"CYPRESS BANK, SSB"
83834,25957.0,25957000.0,AMERICAN BANK & TRUST COMPANY
412555,25947.0,25947000.0,SJN BANK OF KANSAS
3286999,25926.0,25926000.0,BANK OF GRAND LAKE
800134,25911.0,25911000.0,"HARVARD STATE BANK, THE"
956956,25871.0,25871000.0,FARMERS STATE BANK OF CALHAN
700458,25854.0,25854000.0,MERCHANTS BANK
916857,25845.0,25845000.0,FIRSTOAK BANK
6058562,25839.0,25839000.0,GENERATIONS COMMUNITY BANK
757779,25838.0,25838000.0,MCS BANK
686758,25829.0,25829000.0,"FIRST STATE BANK OF SHELBY, THE"
3357077,25794.0,25794000.0,VISIONBANK
216164,25771.0,25771000.0,FIRST STATE BANK
761954,25719.0,25719000.0,COLEMAN COUNTY STATE BANK
768458,25713.0,25713000.0,COMMUNITY 1ST BANK LAS VEGAS
193537,25667.0,25667000.0,BANK OF DAWSON
126375,25660.0,25660000.0,VIDALIA FEDERAL SAVINGS BANK
346771,25636.0,25636000.0,FIRST FEDERAL SAVINGS BANK OF CHAMPAIGN-URBANA
5230790,25599.0,25599000.0,AMERICAN BANK OF THE CAROLINAS
209362,25593.0,25593000.0,"BANK OF WHITTIER, NATIONAL ASSOCIATION"
604640,25569.0,25569000.0,WATERMAN BANK
475756,25560.0,25560000.0,BANK OF THE ROCKIES
5724226,25542.0,25542000.0,GULF COAST BUSINESS BANK
676049,25516.0,25516000.0,SMACKOVER STATE BANK
642437,25515.0,25515000.0,BANK OF FOREST
640956,25514.0,25514000.0,FIRST BANK & TRUST COMPANY
903240,25494.0,25494000.0,BANK OF EDMONSON COUNTY
831941,25487.0,25487000.0,TAYLOR COUNTY BANK
270531,25473.0,25473000.0,BRICKYARD BANK
3387140,25464.0,25464000.0,UNITED REPUBLIC BANK
5427684,25442.0,25442000.0,LOYAL TRUST BANK
399973,25409.0,25409000.0,"FIRST FEDERAL SAVINGS AND LOAN ASSOCIATION OF CENTRAL ILLINOIS, S.B."
810544,25371.0,25371000.0,CRAWFORD COUNTY TRUST AND SAVINGS BANK
1008209,25371.0,25371000.0,"NATIONAL IRON BANK, THE"
942847,25334.0,25334000.0,BODCAW BANK
3635551,25319.0,25319000.0,GUADALUPE BANK
220844,25316.0,25316000.0,DENVER SAVINGS BANK
547251,25304.0,25304000.0,AMERICAN INTERSTATE BANK
599643,25302.0,25302000.0,ERGO BANK
823656,25299.0,25299000.0,FIRST STATE BANK SOUTHWEST
1011432,25239.0,25239000.0,"MOUNTAIN VALLEY BANK, N.A."
2317672,25209.0,25209000.0,FIRST AMERICAN STATE BANK
926632,25120.0,25120000.0,FOREST PARK NATIONAL BANK AND TRUST COMPANY
89032,25092.0,25092000.0,PLAQUEMINE BANK AND TRUST COMPANY
62044,25089.0,25089000.0,SONATA BANK
773032,25079.0,25079000.0,FARMERS STATE BANK
969639,25073.0,25073000.0,"FNB BANK, INC."
23643,25067.0,25067000.0,COMMERCIAL BANK & TRUST COMPANY
2735137,25066.0,25066000.0,FREEDOM FINANCIAL BANK
347639,25064.0,25064000.0,DEVON BANK
373553,25062.0,25062000.0,BANK19
157744,25057.0,25057000.0,HOOSIER HEARTLAND STATE BANK
475345,25016.0,25016000.0,HURON COMMUNITY BANK
117038,25009.0,25009000.0,HNB FIRST BANK
950758,24977.0,24977000.0,SECURITY BANK USA
19972,24925.0,24925000.0,FARMERS BUILDING AND SAVINGS BANK
875758,24910.0,24910000.0,FIRST TEXAS BANK
3667132,24908.0,24908000.0,GATEWAY COMMERCIAL BANK
352651,24894.0,24894000.0,BOC BANK
624648,24887.0,24887000.0,FARMERS SAVINGS BANK
617145,24884.0,24884000.0,"CITIZENS BANK, THE"
21658,24875.0,24875000.0,ALLIANCE BANK
238139,24873.0,24873000.0,FIRST BANK OF MANHATTAN
552545,24836.0,24836000.0,TS BANK
658924,24830.0,24830000.0,FARMERS AND MINERS BANK
931270,24821.0,24821000.0,NORTH CAMBRIDGE CO-OPERATIVE BANK
714437,24761.0,24761000.0,MOUNTAIN VALLEY BANK
3617856,24725.0,24725000.0,COMMUNITY STATE BANK
312356,24718.0,24718000.0,"CORNERSTONE BANK, THE"
535034,24704.0,24704000.0,LANDMARK BANK
256179,24663.0,24663000.0,UTAH INDEPENDENT BANK
762045,24636.0,24636000.0,STATE SAVINGS BANK
956554,24632.0,24632000.0,"BANK OF GRAIN VALLEY, THE"
5807400,24600.0,24600000.0,NOVA BANK
479754,24598.0,24598000.0,COMMERCIAL STATE BANK
820879,24595.0,24595000.0,"FIRST FEDERAL SAVINGS AND LOAN ASSOCIATION OF VAN WERT, OH"
5479478,24575.0,24575000.0,RIVERSIDE BANK OF DUBLIN
799948,24547.0,24547000.0,FIRST NATIONAL BANK OF COMMERCE
990053,24546.0,24546000.0,SECURITY STATE BANK OF MARINE
3448162,24527.0,24527000.0,LONE STAR BANK
917854,24526.0,24526000.0,FIRST FARMERS & MERCHANTS NATIONAL BANK
178244,24495.0,24495000.0,BELLEVUE STATE BANK
741068,24492.0,24492000.0,FIDELITY BANK OF TEXAS
298049,24465.0,24465000.0,IOWA STATE BANK
305237,24403.0,24403000.0,"GEO. D. WARTHEN BANK, THE"
372640,24395.0,24395000.0,FARMERS AND MERCHANTS BANK
812614,24387.0,24387000.0,"COMMERCIAL BANK OF GRAYSON, THE"
199351,24367.0,24367000.0,WESTERN NATIONAL BANK
1008076,24331.0,24331000.0,HADDON SAVINGS BANK
51459,24327.0,24327000.0,CENTERA BANK
152057,24316.0,24316000.0,BANK OF COMMERCE
414858,24306.0,24306000.0,"INCOMMONS BANK, NATIONAL ASSOCIATION"
6009630,24304.0,24304000.0,"FUNDBANK, NATIONAL ASSOCIATION"
59754,24270.0,24270000.0,METHOD BANK
371942,24228.0,24228000.0,LIBERTY BANK
180845,24198.0,24198000.0,ILLINI STATE BANK
284154,24186.0,24186000.0,OKLAHOMA CAPITAL BANK
844138,24185.0,24185000.0,SIMMESPORT STATE BANK
377850,24171.0,24171000.0,FIRST SECURITY BANK AND TRUST COMPANY
516154,24166.0,24166000.0,FARMERS AND MERCHANTS BANK
294827,24158.0,24158000.0,"PIONEER COMMUNITY BANK, INC."
719964,24155.0,24155000.0,FIRST STATE BANK
3816163,24125.0,24125000.0,CORNERSTONE BANK
3482045,24083.0,24083000.0,EMBASSY NATIONAL BANK
914545,24056.0,24056000.0,TRI-COUNTY BANK & TRUST COMPANY
2232757,24026.0,24026000.0,CHARLEVOIX STATE BANK
3370357,23998.0,23998000.0,VALLEY BANK OF NEVADA
45458,23955.0,23955000.0,VINTAGE BANK KANSAS
667524,23949.0,23949000.0,"BANK OF CHARLOTTE COUNTY, THE"
148715,23896.0,23896000.0,"PBK BANK, INC"
924058,23871.0,23871000.0,"JACKSBORO NATIONAL BANK, THE"
53051,23864.0,23864000.0,"BUCKHOLTS STATE BANK, THE"
488756,23846.0,23846000.0,FIRST STATE BANK
9553,23828.0,23828000.0,ADAMS COUNTY BANK
71859,23814.0,23814000.0,CBW BANK
841472,23741.0,23741000.0,MUTUAL SAVINGS BANK
695947,23728.0,23728000.0,EAGLE VALLEY BANK
4231,23705.0,23705000.0,FARMERS AND MERCHANTS BANK
12142,23689.0,23689000.0,"CLEVELAND STATE BANK, THE"
28732,23675.0,23675000.0,PEOPLES BANK & TRUST COMPANY
1017957,23646.0,23646000.0,CENTER NATIONAL BANK
413543,23622.0,23622000.0,CITIZENS STATE BANK
998648,23606.0,23606000.0,ELKTON BANK & TRUST COMPANY
431323,23576.0,23576000.0,PEOPLES STATE BANK
656779,23573.0,23573000.0,UNION FEDERAL SAVINGS AND LOAN ASSOCIATION
213912,23533.0,23533000.0,"APPLE CREEK BANKING COMPANY, THE"
956376,23522.0,23522000.0,BANK OF EASTON
443634,23520.0,23520000.0,SCOTT STATE BANK
368054,23477.0,23477000.0,MASON BANK
885430,23470.0,23470000.0,ST. LANDRY BANK AND TRUST COMPANY
550952,23467.0,23467000.0,RSNB BANK
7045,23463.0,23463000.0,"PEOPLES BANK, THE"
177443,23461.0,23461000.0,FIRST NATIONAL BANK IN TAYLORVILLE
918132,23448.0,23448000.0,"WILLIAMSTOWN BANK, INC."
581358,23421.0,23421000.0,STATE NEBRASKA BANK &TRUST
423636,23414.0,23414000.0,UBANK
297051,23408.0,23408000.0,PATRIOTS BANK
792640,23373.0,23373000.0,STATE SAVINGS BANK
614751,23367.0,23367000.0,MANHATTAN BANK
956255,23364.0,23364000.0,"FIRST NATIONAL BANK OF RIVER FALLS, THE"
141958,23341.0,23341000.0,BANK OF GLEASON
241009,23341.0,23341000.0,"FIRST NATIONAL BANK OF DRYDEN, THE"
894272,23334.0,23334000.0,NEWPORT FEDERAL BANK
449832,23294.0,23294000.0,MARION COMMUNITY BANK
925055,23256.0,23256000.0,CITIZENS BANK & TRUST COMPANY
814711,23154.0,23154000.0,PBT BANCORP
198961,23137.0,23137000.0,FIRST NATIONAL BANK OF BOSQUE COUNTY
746942,23133.0,23133000.0,UNION STATE BANK
596455,23093.0,23093000.0,MADISON VALLEY BANK
5975224,23032.0,23032000.0,SOLUTIONS PLUS BANK
407168,23018.0,23018000.0,FIRST STATE BANK
362856,23016.0,23016000.0,"BIG BEND BANKS, N.A. DBA MARFA NATIONAL BANK, THE"
284239,22998.0,22998000.0,BANK OF PERRY COUNTY
771748,22969.0,22969000.0,CHELSEA SAVINGS BANK
1005552,22958.0,22958000.0,"VALLEY STATE BANK, THE"
858818,22935.0,22935000.0,WSB MUNICIPAL BANK
917630,22923.0,22923000.0,"FIRST NATIONAL BANK OF WILLIAMSON, THE"
147857,22922.0,22922000.0,FIRST BANK BLUE EARTH
995571,22922.0,22922000.0,SOUTH GEORGIA BANK
907444,22921.0,22921000.0,FIRST NATIONAL BANK OF KENTUCKY
974558,22907.0,22907000.0,FIRST NATIONAL BANK AND TRUST COMPANY OF BOTTINEAU
568135,22849.0,22849000.0,HOLCOMB BANK
976534,22843.0,22843000.0,BANK OF FARMINGTON
1003558,22832.0,22832000.0,GRAND RAPIDS STATE BANK
615253,22817.0,22817000.0,"FIRST STATE BANK OF MALTA, THE"
2218443,22787.0,22787000.0,FRONTIER BANK
303701,22779.0,22779000.0,WELLS RIVER SAVINGS BANK
918879,22768.0,22768000.0,LOGANSPORT SAVINGS BANK
2882983,22765.0,22765000.0,CITIZENS FIRST BANK
814458,22736.0,22736000.0,CHARTER BANK
3340903,22729.0,22729000.0,LEGACY STATE BANK
705556,22720.0,22720000.0,NEIGHBORHOOD NATIONAL BANK
540739,22716.0,22716000.0,FIRSTSTATE BANK
881852,22715.0,22715000.0,HIGH PLAINS BANK
46053,22681.0,22681000.0,"STATE BANK OF FARIBAULT, THE"
623548,22677.0,22677000.0,"CLAY CITY BANKING CO., THE"
766052,22676.0,22676000.0,COMMUNITY BANK OF EL DORADO SPRINGS
2747279,22638.0,22638000.0,SETTLERS BANK
661072,22626.0,22626000.0,MERCER SAVINGS BANK
805250,22621.0,22621000.0,FNB BANK
337340,22615.0,22615000.0,HERITAGE BANK OF SCHAUMBURG
487142,22610.0,22610000.0,BANK OF KAMPSVILLE
349129,22596.0,22596000.0,"COMMERCIAL BANK, THE"
2705112,22585.0,22585000.0,CHARTER BANK
920733,22585.0,22585000.0,WEST CENTRAL BANK
202541,22582.0,22582000.0,IOWA TRUST AND SAVINGS BANK
449038,22569.0,22569000.0,"CITICORP TRUST DELAWARE, NATIONAL ASSOCIATION"
3232370,22527.0,22527000.0,FIRST NATIONAL BANK OF DECATUR COUNTY
209559,22521.0,22521000.0,FNB WASHINGTON
262956,22504.0,22504000.0,PEOPLES STATE BANK OF MUNISING
87047,22497.0,22497000.0,FIRST STATE BANK OF PORTER
3614846,22446.0,22446000.0,NEBRASKA BANK OF COMMERCE
18836,22419.0,22419000.0,CAPON VALLEY BANK
190648,22405.0,22405000.0,IOWA SAVINGS BANK
765318,22389.0,22389000.0,CITIZENS BANK & TRUST CO. OF JACKSON
35057,22385.0,22385000.0,ALLIANT BANK
105530,22342.0,22342000.0,FARMERS STATE BANK
223845,22328.0,22328000.0,DANVILLE STATE SAVINGS BANK
634544,22326.0,22326000.0,BANK 21
756848,22322.0,22322000.0,COMMUNITY FIRST BANK
156970,22305.0,22305000.0,FAMILY BANK
668147,22298.0,22298000.0,DEWITT BANK & TRUST CO.
5332603,22257.0,22257000.0,MI BANK
266244,22255.0,22255000.0,STATE BANK
846945,22252.0,22252000.0,BADGER BANK
328656,22250.0,22250000.0,UNITED FARMERS STATE BANK
388155,22230.0,22230000.0,FIRST TEXOMA NATIONAL BANK
454658,22215.0,22215000.0,"PAULS VALLEY NATIONAL BANK, THE"
1003950,22197.0,22197000.0,TBO BANK
480723,22197.0,22197000.0,1ST NATIONAL BANK
1397471,22197.0,22197000.0,BANK OF LITTLE ROCK
821036,22181.0,22181000.0,PEOPLES BANK OF KANKAKEE COUNTY
621151,22150.0,22150000.0,"FARMERS STATE BANK OF BRUSH, THE"
756343,22132.0,22132000.0,MALVERN BANK
374774,22128.0,22128000.0,SURETY BANK
374130,22112.0,22112000.0,"CITIZENS BANK, THE"
497851,22095.0,22095000.0,SECURITY BANK
854173,22088.0,22088000.0,INVESTMENT SAVINGS BANK
527057,22068.0,22068000.0,COMMUNITY POINT BANK
794149,22065.0,22065000.0,COMMERCIAL NATIONAL BANK OF TEXARKANA
44929,22064.0,22064000.0,"FIRST NATIONAL BANK OF MCCONNELSVILLE, THE"
1006652,22048.0,22048000.0,FRANKLIN STATE BANK & TRUST COMPANY
805335,22047.0,22047000.0,BANK OF MONTICELLO
767255,22032.0,22032000.0,LAMAR BANK AND TRUST COMPANY
702836,22012.0,22012000.0,FIRST FARMERS AND COMMERCIAL BANK
890649,21994.0,21994000.0,MOUNT VERNON BANK AND TRUST COMPANY
748441,21981.0,21981000.0,WARREN BANK AND TRUST COMPANY
1015841,21977.0,21977000.0,COMMUNITY BANK & TRUST COMPANY
196752,21970.0,21970000.0,TRICENTURY BANK
411062,21956.0,21956000.0,"FIRST NATIONAL BANK OF STERLING CITY, THE"
882541,21948.0,21948000.0,BRIDGE COMMUNITY BANK
920210,21924.0,21924000.0,JIM THORPE NEIGHBORHOOD BANK
89854,21915.0,21915000.0,MINNSTAR BANK NATIONAL ASSOCIATION
706030,21898.0,21898000.0,SOUTH COAST BANK & TRUST
414652,21880.0,21880000.0,"FIRST NATIONAL BANK OF SCOTT CITY, THE"
719610,21879.0,21879000.0,"FIRST NATIONAL BANK OF MANCHESTER, THE"
364270,21871.0,21871000.0,"BANKPACIFIC, LTD."
179335,21868.0,21868000.0,BANK OF WIGGINS
3623969,21867.0,21867000.0,"FIRST NEW MEXICO BANK, LAS CRUCES"
368522,21864.0,21864000.0,APOLLO TRUST COMPANY
728957,21822.0,21822000.0,FARMERS AND MERCHANTS STATE BANK OF PIERZ
212344,21785.0,21785000.0,CITIZENS STATE BANK
218878,21757.0,21757000.0,"SECURITY BANK, S.B."
427960,21703.0,21703000.0,TWIN RIVER BANK
3485215,21690.0,21690000.0,"TEXAS ADVANTAGE COMMUNITY BANK, NATIONAL ASSOCIATION"
134455,21675.0,21675000.0,TENSAS STATE BANK
206772,21672.0,21672000.0,EASTERN INTERNATIONAL BANK
178150,21668.0,21668000.0,LAONA STATE BANK
741844,21652.0,21652000.0,FARMERS SAVINGS BANK
235231,21644.0,21644000.0,UNION BANK
918150,21615.0,21615000.0,"FIRST BANK OF OKARCHE, THE"
366854,21612.0,21612000.0,KENDALL BANK
547550,21581.0,21581000.0,BANK OF COMMERCE
5805442,21580.0,21580000.0,ZENITH BANK & TRUST
272030,21576.0,21576000.0,"PEOPLES BANK OF GEORGIA, THE"
421539,21563.0,21563000.0,FIRST PEOPLES BANK OF TENNESSEE
857941,21549.0,21549000.0,GREAT RIVERS BANK
411624,21545.0,21545000.0,SOMERVILLE BANK
400767,21536.0,21536000.0,NEVADA BANK AND TRUST COMPANY
5475452,21494.0,21494000.0,GULF ATLANTIC BANK
5543735,21456.0,21456000.0,INTEGRITY BANK FOR BUSINESS
167453,21420.0,21420000.0,BLUFF VIEW BANK
288376,21418.0,21418000.0,PINNACLE BANK
527178,21415.0,21415000.0,ANTHEM BANK & TRUST
127224,21408.0,21408000.0,FIRST UNITED NATIONAL BANK
2847085,21404.0,21404000.0,SOUTHERN ILLINOIS BANK
2531562,21392.0,21392000.0,1ST EQUITY BANK
5686324,21330.0,21330000.0,MOULTRIE BANK & TRUST
1225798,21324.0,21324000.0,PORT RICHMOND SAVINGS
386731,21305.0,21305000.0,STATE BANK & TRUST
416357,21298.0,21298000.0,CHAMBERS STATE BANK
5903517,21273.0,21273000.0,FOUR STATES BANK
647245,21257.0,21257000.0,HARDIN COUNTY SAVINGS BANK
837541,21239.0,21239000.0,FARMERS STATE BANK OF HOFFMAN
537243,21238.0,21238000.0,FARMERS STATE BANK
947776,21232.0,21232000.0,CHARLES RIVER BANK
379470,21206.0,21206000.0,CANTON CO-OPERATIVE BANK
498625,21206.0,21206000.0,"CALHOUN COUNTY BANK, INC."
773171,21119.0,21119000.0,MID-CENTRAL NATIONAL BANK
657178,21042.0,21042000.0,SCHUYLER SAVINGS BANK
931944,20994.0,20994000.0,KEYSTONE SAVINGS BANK
899651,20987.0,20987000.0,CITIZENS STATE BANK
365950,20984.0,20984000.0,GRAND MISSOURI BANK
411651,20977.0,20977000.0,"FARMERS AND MERCHANTS STATE BANK, BLOOMFIELD, NEBRASKA"
63201,20936.0,20936000.0,CAYUGA LAKE NATIONAL BANK
733951,20927.0,20927000.0,"CITIZENS STATE BANK AND TRUST CO., ELLSWORTH, KANSAS"
541642,20919.0,20919000.0,"COMMONWEALTH COMMUNITY BANK, INC."
628123,20895.0,20895000.0,"BANK OF GLEN BURNIE, THE"
5805817,20873.0,20873000.0,DAYFORCE NATIONAL TRUST BANK
706656,20852.0,20852000.0,COMMUNITY BANK OF MARSHALL
966973,20829.0,20829000.0,WEST PLAINS SAVINGS AND LOAN ASSOCIATION
571920,20808.0,20808000.0,"FIRST NATIONAL BANK OF PANDORA, THE"
698546,20804.0,20804000.0,FIRST STATE BANK OF CAMPBELL HILL
1187551,20797.0,20797000.0,"INDEPENDENT CORRESPONDENT BANKERS' BANK, INC."
972143,20767.0,20767000.0,WESTSIDE STATE BANK
3282012,20727.0,20727000.0,PEOPLESTRUST BANK
877350,20726.0,20726000.0,HORIZON FINANCIAL BANK
257345,20712.0,20712000.0,PESHTIGO NATIONAL BANK
773742,20709.0,20709000.0,CITIZENS NATIONAL BANK OF CHEBOYGAN
358112,20691.0,20691000.0,COMMERCIAL BANK
351878,20668.0,20668000.0,AROOSTOOK COUNTY FEDERAL SAVINGS & LOAN ASSOCIATION
336147,20667.0,20667000.0,UNITED CITIZENS BANK & TRUST COMPANY
149150,20632.0,20632000.0,CITIZENS STATE BANK
792659,20618.0,20618000.0,NATIONAL BANK & TRUST
1191352,20608.0,20608000.0,WAYCROSS BANK & TRUST
466932,20608.0,20608000.0,COMMUNITY NEIGHBOR BANK
446130,20608.0,20608000.0,FARMERS AND MERCHANTS BANK
995674,20600.0,20600000.0,SSB COMMUNITY BANK
482446,20540.0,20540000.0,JERSEY STATE BANK
3459216,20533.0,20533000.0,TOWN CENTER BANK
435666,20511.0,20511000.0,SECURITY BANK OF TEXAS
3346633,20502.0,20502000.0,EAGLE BANK
941804,20491.0,20491000.0,BANK OF HOLLAND
687830,20459.0,20459000.0,"FREDERICK COMMUNITY BANK, THE"
315656,20447.0,20447000.0,FIRST ENTERPRISE BANK
715032,20440.0,20440000.0,PEOPLES BANK
633640,20420.0,20420000.0,HENDRICKS COUNTY BANK AND TRUST COMPANY
478140,20411.0,20411000.0,MURPHY-WALL STATE BANK AND TRUST COMPANY
689759,20408.0,20408000.0,UNION BANK AND TRUST COMPANY
553926,20402.0,20402000.0,"FIRST NATIONAL BANK OF SYCAMORE, THE"
291059,20400.0,20400000.0,BANK OF HYDRO
1013650,20394.0,20394000.0,STATE BANK OF BERN
567679,20378.0,20378000.0,GREENVILLE FEDERAL
495558,20358.0,20358000.0,FIRST NEW MEXICO BANK OF SILVER CITY
835444,20333.0,20333000.0,"BANK OF HERRIN, THE"
5860740,20331.0,20331000.0,COMMUNITY UNITY BANK
4149037,20331.0,20331000.0,NEUBERGER BERMAN TRUST COMPANY NATIONAL ASSOCIATION
795249,20293.0,20293000.0,FIRST STATE BANK
3125315,20287.0,20287000.0,HIGHLANDS COMMUNITY BANK
979133,20273.0,20273000.0,FLANAGAN STATE BANK
94858,20232.0,20232000.0,ADRIAN BANK
922157,20186.0,20186000.0,FIRST HERITAGE BANK
706236,20176.0,20176000.0,GUARANTY BANK INC.
43959,20157.0,20157000.0,BRIDGE CITY STATE BANK
2806840,20157.0,20157000.0,WYOMING COMMUNITY BANK
952846,20131.0,20131000.0,BANK
189950,20116.0,20116000.0,FIRST STATE BANK OF ROSCOE
143952,20079.0,20079000.0,PILLAR BANK
953852,20057.0,20057000.0,YNB
5758436,20019.0,20019000.0,INTEGRO BANK
840019,20019.0,20019000.0,CITIZENS BANK
451246,19992.0,19992000.0,WAYNE BANK AND TRUST CO.
910239,19961.0,19961000.0,BANK OF SUNSET & TRUST COMPANY
677756,19947.0,19947000.0,FARMERS AND MERCHANTS STATE BANK
801654,19928.0,19928000.0,"FIRST STATE BANK, THE"
2304636,19898.0,19898000.0,COMMUNITY BANK
985451,19896.0,19896000.0,EXCHANGE BANK AND TRUST COMPANY
2860039,19886.0,19886000.0,COMMUNITY BANK OF THE SOUTH
135836,19885.0,19885000.0,SOUTH LAFOURCHE BANK & TRUST COMPANY
113030,19881.0,19881000.0,FARMERS STATE BANK
895448,19840.0,19840000.0,MILLEDGEVILLE STATE BANK
163343,19833.0,19833000.0,CENTREBANK
393252,19809.0,19809000.0,FIRST TEXAS NATIONAL BANK
792453,19797.0,19797000.0,STATE BANK OF DOWNS
839246,19795.0,19795000.0,BANK OF COLUMBIA
966272,19788.0,19788000.0,"FIRST FEDERAL SAVINGS BANK OF MASCOUTAH, ILLINOIS"
433859,19751.0,19751000.0,FOWLER STATE BANK
535931,19723.0,19723000.0,LAFAYETTE STATE BANK
22730,19720.0,19720000.0,WEST UNION BANK
1402384,19717.0,19717000.0,NORTH ALABAMA BANK
2897633,19716.0,19716000.0,HOMETOWN BANK OF CORBIN INC.
82033,19711.0,19711000.0,FIRST NATIONAL BANK OF PASCO
401755,19710.0,19710000.0,"BANK OF THE WEST, THE"
225054,19679.0,19679000.0,ANDOVER STATE BANK
258874,19679.0,19679000.0,"WORTHINGTON FEDERAL SAVINGS BANK, F.S.B."
624956,19621.0,19621000.0,VALLEY BANK OF RONAN
132451,19606.0,19606000.0,"FIRST NATIONAL BANK OF LOUISBURG, THE"
114774,19591.0,19591000.0,"ABBEVILLE BUILDING AND LOAN, A STATE CHARTERED SAVINGS BANK"
967952,19572.0,19572000.0,WEST PLAINS BANK
948250,19569.0,19569000.0,PEOPLES BANK
385350,19561.0,19561000.0,COMMUNITY BANK OF CAMERON
29476,19560.0,19560000.0,RIVERBANK
760210,19550.0,19550000.0,"FARMERS AND MERCHANTS BANK, THE"
814476,19547.0,19547000.0,MILLVILLE SAVINGS BANK
821157,19537.0,19537000.0,"GOOSE RIVER BANK, THE"
653433,19536.0,19536000.0,FARMERS STATE BANK OF WESTERN ILLINOIS
640143,19519.0,19519000.0,FEDERATED BANK
3317192,19509.0,19509000.0,1ST ADVANTAGE BANK
112332,19483.0,19483000.0,FIRST NATIONAL BANK OF HARTFORD
250430,19477.0,19477000.0,"FIRST STATE BANK OF THE SOUTH, INC."
751254,19472.0,19472000.0,PROGROWTH BANK
565536,19442.0,19442000.0,NORTH CENTRAL BANK
760434,19403.0,19403000.0,IPAVA STATE BANK
855956,19402.0,19402000.0,UNION STATE BANK OF HAZEN
102557,19384.0,19384000.0,FOUNDATION ONE BANK
393355,19369.0,19369000.0,BANK OF WESTON
765877,19367.0,19367000.0,HOME SAVINGS BANK
958763,19363.0,19363000.0,NORMANGEE STATE BANK
201254,19311.0,19311000.0,AMERICANA COMMUNITY BANK
807348,19306.0,19306000.0,BRISTOL MORGAN BANK
384830,19293.0,19293000.0,CITIZENS BANK & TRUST COMPANY
932642,19261.0,19261000.0,LOGAN COUNTY BANK
2621940,19219.0,19219000.0,"COMMUNITY BANK, THE"
613978,19211.0,19211000.0,JARRETTSVILLE FEDERAL SAVINGS AND LOAN ASSOCIATION
940674,19209.0,19209000.0,HOMETOWN BANK
2796277,19205.0,19205000.0,"PHILADELPHIA TRUST COMPANY, THE"
48440,19199.0,19199000.0,CLEVELAND STATE BANK
229342,19139.0,19139000.0,STATE BANK & TRUST CO.
924553,19137.0,19137000.0,COMMERCIAL STATE BANK
3020447,19135.0,19135000.0,FARMERS BANK
986935,19103.0,19103000.0,BANK OF ALAPAHA
919773,19098.0,19098000.0,"BELMONT SAVINGS BANK, SSB"
518877,19084.0,19084000.0,GREATER STATE BANK
77422,19068.0,19068000.0,COMMUNITY BANKERS' BANK
962313,19068.0,19068000.0,"CITIZENS BANK, THE"
224954,19059.0,19059000.0,HEADWATERS STATE BANK
645157,19050.0,19050000.0,BANK NORTHWEST
763211,19018.0,19018000.0,BANK OF HINDMAN
382742,19003.0,19003000.0,BANK MICHIGAN
791353,18994.0,18994000.0,BANKWEST
467470,18987.0,18987000.0,CENTRAL FEDERAL SAVINGS AND LOAN ASSOCIATION
400057,18959.0,18959000.0,FIRST STATE BANK OF THE OZARKS
837840,18958.0,18958000.0,UNITY BANK OF MISSISSIPPI
647777,18956.0,18956000.0,CITIZENS FEDERAL SAVINGS & LOAN ASSOCIATION
1003455,18896.0,18896000.0,ASTRA BANK
612878,18875.0,18875000.0,"HOME SAVINGS AND LOAN ASSOCIATION OF CARROLL COUNTY, F.A."
208440,18850.0,18850000.0,FARMERS STATE BANK
760649,18810.0,18810000.0,AUDUBON STATE BANK
446176,18795.0,18795000.0,FIDELITY FEDERAL SAVINGS AND LOAN ASSOCIATION OF DELAWARE
379153,18783.0,18783000.0,"FIRST NATIONAL BANK OF EVANT, THE"
5777549,18782.0,18782000.0,ADELPHI BANK
2723376,18765.0,18765000.0,CLEARPOINT FEDERAL BANK & TRUST
40855,18696.0,18696000.0,ESB BANK
538222,18692.0,18692000.0,"FIRST CENTRAL NATIONAL BANK OF SAINT PARIS, THE"
250850,18681.0,18681000.0,COMMUNITY BANK
935719,18678.0,18678000.0,"FIRST NATIONAL BANK OF DENNISON, OHIO, THE"
443625,18654.0,18654000.0,"OTTOVILLE BANK COMPANY, THE"
780049,18654.0,18654000.0,BANK OF KILMICHAEL
313157,18630.0,18630000.0,"SEILING STATE BANK, THE"
651952,18629.0,18629000.0,"FIRST NATIONAL BANK OF EAGLE LAKE, THE"
850054,18623.0,18623000.0,FIRST NATIONAL BANK IN ORD
2920287,18578.0,18578000.0,"CENTURY BANK OF KENTUCKY, INC."
428855,18556.0,18556000.0,"SEYMOUR BANK, THE"
914853,18552.0,18552000.0,CORNERSTONE STATE BANK
794475,18541.0,18541000.0,EUREKA HOMESTEAD
832528,18521.0,18521000.0,"CLAY COUNTY BANK, INC."
5861541,18508.0,18508000.0,ALTOS BANK
678557,18486.0,18486000.0,CITIZENS STATE BANK AND TRUST COMPANY
353546,18470.0,18470000.0,"FIRST NATIONAL BANK IN TREMONT, THE"
871648,18463.0,18463000.0,SPENCER COUNTY BANK
49652,18448.0,18448000.0,FIRST BANK
580847,18432.0,18432000.0,LEWISBURG BANKING COMPANY
892223,18419.0,18419000.0,"HICKSVILLE BANK, THE"
263627,18396.0,18396000.0,"FIRST NATIONAL BANK OF WAVERLY, THE"
193162,18357.0,18357000.0,"FIRST NATIONAL BANK OF TOM BEAN, THE"
270148,18342.0,18342000.0,STATE BANK OF WHITTINGTON
330248,18335.0,18335000.0,FIRST NATIONAL BANK OF NOKOMIS
155759,18317.0,18317000.0,CLEO STATE BANK
984856,18308.0,18308000.0,"TIPTON LATHAM BANK, NATIONAL ASSOCIATION, THE"
920359,18277.0,18277000.0,BANK OF DIXON COUNTY
767611,18264.0,18264000.0,BANK OF RICHMONDVILLE
548052,18260.0,18260000.0,RNB STATE BANK
439730,18255.0,18255000.0,STATE BANK OF BEMENT
5837377,18253.0,18253000.0,FORTUNA BANK
706058,18248.0,18248000.0,"FIRST NATIONAL BANK OF MOOSE LAKE, THE"
445674,18233.0,18233000.0,PIONEER FEDERAL SAVINGS & LOAN ASSOCIATION
831875,18200.0,18200000.0,FIRST FEDERAL SAVINGS AND LOAN ASSOCIATION
207555,18196.0,18196000.0,"NORTHWESTERN BANK, NATIONAL ASSOCIATION"
222558,18196.0,18196000.0,"BANK OF BAKER, THE"
879439,18194.0,18194000.0,FELICIANA BANK & TRUST COMPANY
670430,18194.0,18194000.0,FIRST NATIONAL BANK AND TRUST
321152,18183.0,18183000.0,LINEAGE BANK
3224478,18153.0,18153000.0,HERITAGE COMMUNITY BANK
370954,18126.0,18126000.0,"COWBOY BANK OF TEXAS, THE"
916343,18075.0,18075000.0,ANDERSON STATE BANK
115146,18071.0,18071000.0,ST. ANSGAR STATE BANK
287959,18067.0,18067000.0,KANSAS STATE BANK
188917,18053.0,18053000.0,FIRST NATIONAL BANK OF ABSECON
143372,18021.0,18021000.0,PROGRESSIVE OZARK BANK
943974,17997.0,17997000.0,FIRST FEDERAL BANK
601153,17997.0,17997000.0,FARMERS AND MERCHANTS STATE BANK
357526,17985.0,17985000.0,DAVIS TRUST COMPANY
1492817,17984.0,17984000.0,FIRST KANSAS BANK
700430,17983.0,17983000.0,"COMMERCIAL BANK, THE"
470032,17982.0,17982000.0,COMMUNITY SPIRIT BANK
931355,17963.0,17963000.0,HODGE BANK & TRUST COMPANY
897853,17948.0,17948000.0,SECURITY BANK OF SOUTHWEST MISSOURI
722227,17936.0,17936000.0,MOVEMENT BANK
665258,17932.0,17932000.0,"LONE OAK BANK, NATIONAL ASSOCIATION"
834175,17931.0,17931000.0,LAWRENCEBURG FEDERAL BANK
937759,17898.0,17898000.0,CITIZENS STATE BANK
733540,17894.0,17894000.0,GATEWAY BANK
13457,17876.0,17876000.0,LEGENDS WEST BANK
791072,17839.0,17839000.0,INTERSTATE BANK
348159,17812.0,17812000.0,I3 BANK
977652,17800.0,17800000.0,JOHNSON CITY BANK
988452,17788.0,17788000.0,FIRST BETHANY BANK & TRUST
108072,17765.0,17765000.0,BUFFALO FEDERAL BANK
381950,17764.0,17764000.0,"FIRST NATIONAL BANK OF SAINT IGNACE, THE"
747257,17760.0,17760000.0,"HALSTEAD BANK, THE"
3633016,17760.0,17760000.0,FIRST CAHAWBA BANK
472531,17737.0,17737000.0,"SAMSON BANKING COMPANY, THE"
839974,17725.0,17725000.0,"GRAHAM SAVINGS AND LOAN, SSB"
474357,17706.0,17706000.0,COUNTRYSIDE BANK
629746,17677.0,17677000.0,"FARMERS AND MERCHANTS BANK, THE"
14650,17665.0,17665000.0,ALL CAPITAL BANK
682648,17664.0,17664000.0,FAIRFAX STATE SAVINGS BANK
3479018,17646.0,17646000.0,"COMMUNITY BANK, THE"
720344,17645.0,17645000.0,BANK OF CLARKSON
308340,17634.0,17634000.0,BATH STATE BANK
472018,17615.0,17615000.0,"SALYERSVILLE NATIONAL BANK, THE"
3943210,17601.0,17601000.0,LIBERTY BANK
55635,17576.0,17576000.0,CITIZENS SAVINGS BANK AND TRUST COMPANY
935577,17570.0,17570000.0,WCF FINANCIAL BANK
46941,17548.0,17548000.0,FARMERS BANK AND TRUST COMPANY
426945,17543.0,17543000.0,BANK OF MILTON
921879,17514.0,17514000.0,FIRST FEDERAL SAVINGS AND LOAN ASSOCIATION OF GREENSBURG
652070,17512.0,17512000.0,HIGHLAND FEDERAL SAVINGS & LOAN ASSOCIATION
117775,17504.0,17504000.0,"SOUTHERN BANK COMPANY, THE"
3390337,17432.0,17432000.0,CALIFORNIA BUSINESS BANK
531157,17422.0,17422000.0,"BANK OF PROTECTION, THE"
657954,17417.0,17417000.0,"TRI-COUNTY BANK, THE"
5972661,17411.0,17411000.0,PAYCOM NATIONAL TRUST BANK
713252,17394.0,17394000.0,PEOPLES STATE BANK OF VELVA
473257,17387.0,17387000.0,VALLEY BANK OF KALISPELL
3314119,17378.0,17378000.0,FREEDOM BANK
903950,17361.0,17361000.0,CENTRAL BANK AND TRUST
644963,17280.0,17280000.0,"FIRST NATIONAL BANK OF QUITAQUE, THE"
331544,17274.0,17274000.0,RICHLAND COUNTY BANK
470434,17274.0,17274000.0,LOCAL BANK
265676,17269.0,17269000.0,CENTRAL BANK
754536,17264.0,17264000.0,VERMILION BANK & TRUST COMPANY
673851,17262.0,17262000.0,BANK OF PRAIRIE VILLAGE
484057,17253.0,17253000.0,MARION STATE BANK
461058,17253.0,17253000.0,FARMERS STATE BANK
601041,17250.0,17250000.0,FIRST STATE BANK OF BEECHER CITY
944739,17230.0,17230000.0,"BANK OF LAFAYETTE, THE"
696645,17228.0,17228000.0,"HOME NATIONAL BANK OF THORNTOWN, THE"
242958,17197.0,17197000.0,BAYBANK
359472,17181.0,17181000.0,HOMEWOOD FEDERAL SAVINGS BANK
809070,17157.0,17157000.0,MUTUAL SAVINGS AND LOAN ASSOCIATION
3185579,17135.0,17135000.0,CLARION COUNTY COMMUNITY BANK
171759,17119.0,17119000.0,"F & M COMMUNITY BANK, NATIONAL ASSOCIATION"
796657,17115.0,17115000.0,"LYON COUNTY STATE BANK, THE"
71073,17114.0,17114000.0,HOME FEDERAL SAVINGS AND LOAN ASSOCIATION OF NILES OHIO
888141,17110.0,17110000.0,FARMERS & MERCHANTS BANK & TRUST
499752,17102.0,17102000.0,BANK OF THE SOUTHWEST
1005655,17092.0,17092000.0,RED RIVER STATE BANK
142049,17079.0,17079000.0,BANK 1ST
991555,17077.0,17077000.0,"CITIZENS NATIONAL BANK, THE"
1008553,17076.0,17076000.0,COMMERCIAL BANK OF MOTT
427858,17060.0,17060000.0,EVERGREEN NATIONAL BANK
35646,17049.0,17049000.0,BONDUEL STATE BANK
865759,16984.0,16984000.0,UNION STATE BANK
329149,16966.0,16966000.0,BANK PLUS
403067,16917.0,16917000.0,"BEACON BUSINESS BANK, NATIONAL ASSOCIATION"
266253,16910.0,16910000.0,ACB BANK
673244,16898.0,16898000.0,FARMERS & MERCHANTS SAVINGS BANK
837354,16883.0,16883000.0,"KEEN BANK, NATIONAL ASSOCIATION"
625953,16878.0,16878000.0,BANK OF WINNFIELD & TRUST COMPANY
643658,16854.0,16854000.0,PIKES PEAK NATIONAL BANK
171656,16814.0,16814000.0,CARSON BANK
45775,16789.0,16789000.0,IRON WORKERS SAVINGS BANK
413673,16763.0,16763000.0,F&M BANK AND TRUST COMPANY
1002953,16759.0,16759000.0,AMERICAN BANK OF BAXTER SPRINGS
674344,16751.0,16751000.0,"PINERIES BANK, THE"
370833,16741.0,16741000.0,CARVER STATE BANK
176642,16726.0,16726000.0,LNB COMMUNITY BANK
868059,16724.0,16724000.0,SECURITY STATE BANK OF WARROAD
210256,16721.0,16721000.0,WADENA STATE BANK
274856,16712.0,16712000.0,CITIZENS STATE BANK OF ARLINGTON
194570,16661.0,16661000.0,HERITAGE BANK OF SAINT TAMMANY
648550,16645.0,16645000.0,FIRST NATIONAL BANK OF DUBLIN
2746245,16642.0,16642000.0,COMMERCE BANK
575375,16631.0,16631000.0,SUPERIOR SAVINGS BANK
1006559,16615.0,16615000.0,BANK STAR
174321,16613.0,16613000.0,BLUE RIDGE BANK
72454,16608.0,16608000.0,FREEPORT STATE BANK
3090833,16587.0,16587000.0,DRAKE BANK
416339,16584.0,16584000.0,FIRST SECURITY BANK
3089752,16556.0,16556000.0,"CETERA TRUST COMPANY, N.A."
165758,16533.0,16533000.0,NEW MARKET BANK
3393851,16524.0,16524000.0,PUTNAM 1ST MERCANTILE BANK
1005851,16506.0,16506000.0,CEDAR RAPIDS STATE BANK
688556,16504.0,16504000.0,BANK OF NEW MADRID
670748,16496.0,16496000.0,PRINCEVILLE STATE BANK
460770,16486.0,16486000.0,HOME SAVINGS BANK
37051,16451.0,16451000.0,OAKWOOD BANK
945950,16424.0,16424000.0,GRAND MARAIS STATE BANK
453147,16423.0,16423000.0,BANNER BANKS
3253834,16402.0,16402000.0,LAKEVIEW BANK
672247,16384.0,16384000.0,FARMERS & MERCHANTS BANK & TRUST
56258,16384.0,16384000.0,"CITIZENS BANK & TRUST CO., HUTCHINSON, MINN."
2901558,16384.0,16384000.0,CHAMPION BANK
887827,16379.0,16379000.0,"HAMLER STATE BANK, THE"
51356,16374.0,16374000.0,LATIMER STATE BANK
280352,16360.0,16360000.0,FIRST BANK
208347,16283.0,16283000.0,CONSERVATION FIRST BANK
863362,16279.0,16279000.0,BRAZOS NATIONAL BANK
2949970,16275.0,16275000.0,UNITED TRUST BANK
800442,16266.0,16266000.0,BANK OF WINONA
1369870,16252.0,16252000.0,FIRST FINANCIAL TRUST NATIONAL ASSOCIATION
96553,16246.0,16246000.0,HERSHEY BANK
578554,16224.0,16224000.0,CITIZENS COMMUNITY BANK
136048,16222.0,16222000.0,PEOPLES SAVINGS BANK
164377,16190.0,16190000.0,SHARON BANK
586335,16175.0,16175000.0,BANK OF MOUNDVILLE
232847,16172.0,16172000.0,FIRST STATE BANK SHANNON-POLO
5591633,16168.0,16168000.0,"PLANTE MORAN TRUST, NATIONAL ASSOCIATION"
948278,16158.0,16158000.0,WRENTHAM CO-OPERATIVE BANK
709451,16142.0,16142000.0,COMMERCIAL TRUST COMPANY OF FAYETTE
314444,16141.0,16141000.0,FBT BANK & MORTGAGE
3041358,16133.0,16133000.0,FIRST COMMERCE BANK
983550,16099.0,16099000.0,HOME STATE BANK
413758,16083.0,16083000.0,BRUNSWICK STATE BANK
837952,16056.0,16056000.0,FLINT HILLS BANK
305059,16054.0,16054000.0,"FIRST STATE BANK, THE"
120953,16051.0,16051000.0,FARMERS STATE BANK
2533043,16044.0,16044000.0,AMERICAN METRO BANK
961446,16041.0,16041000.0,BAY PORT STATE BANK
480059,16022.0,16022000.0,PARK STATE BANK & TRUST
2059990,16018.0,16018000.0,PRIORITY BANK
5805228,16012.0,16012000.0,ICON BUSINESS BANK
575348,16005.0,16005000.0,"FARMERS NATIONAL BANK OF LEBANON, THE"
827355,16004.0,16004000.0,"FIRST NATIONAL BANK OF NEVADA, THE"
864855,15987.0,15987000.0,"FIRST STATE BANK OF HEALY, THE"
651158,15978.0,15978000.0,NORTHEAST MISSOURI STATE BANK
499154,15951.0,15951000.0,HOME LOAN STATE BANK
2536633,15934.0,15934000.0,HIAWATHA BANK & TRUST COMPANY
3843392,15913.0,15913000.0,NEW HAVEN BANK
937553,15886.0,15886000.0,BANK OF MONTICELLO
847979,15870.0,15870000.0,COMMUNITY SAVINGS BANK
134156,15860.0,15860000.0,FIRST CENTRAL BANK
4397164,15845.0,15845000.0,"CHILTON TRUST COMPANY, NATIONAL ASSOCIATION"
247476,15837.0,15837000.0,"RIVERSIDE SAVINGS BANK, SSB"
608358,15804.0,15804000.0,GARFIELD COUNTY BANK
235174,15787.0,15787000.0,MUTUAL FEDERAL BANK
370347,15765.0,15765000.0,"FIRST NATIONAL BANK OF LITCHFIELD, THE"
657758,15761.0,15761000.0,CITIZENS BANK & TRUST COMPANY
98351,15732.0,15732000.0,"CITIZENS STATE BANK OF OURAY, THE"
687054,15725.0,15725000.0,BANK OF OAK RIDGE
5805424,15703.0,15703000.0,BEACH CITIES COMMERCIAL BANK
739346,15675.0,15675000.0,ATKINS SAVINGS BANK & TRUST
927077,15631.0,15631000.0,MONROE SAVINGS BANK
923855,15621.0,15621000.0,COMMUNITY FIRST BANK
2809373,15605.0,15605000.0,NATIONAL ADVISORS TRUST COMPANY
2917184,15599.0,15599000.0,NEW FRONTIER BANK
986551,15597.0,15597000.0,"FIRST NATIONAL BANK OF LE CENTER, THE"
586960,15582.0,15582000.0,PEOPLES STATE BANK
259059,15569.0,15569000.0,F&M BANK
391418,15545.0,15545000.0,FIRST & PEOPLES BANK AND TRUST COMPANY
804422,15539.0,15539000.0,"FARMERS AND MERCHANTS BANK OF CRAIG COUNTY, THE"
366658,15518.0,15518000.0,FIRST INDEPENDENT BANK
249658,15516.0,15516000.0,ROCKY MOUNTAIN BANK AND TRUST
765354,15509.0,15509000.0,BANK OF CROCKER
126049,15504.0,15504000.0,CONNECT BANK
248352,15494.0,15494000.0,WESTERN NEBRASKA BANK
465524,15488.0,15488000.0,BANK OF GREELEYVILLE
541307,15474.0,15474000.0,42 NORTH PRIVATE BANK
258539,15472.0,15472000.0,STATE BANK OF CHERRY
696047,15465.0,15465000.0,BEDFORD LOAN & DEPOSIT BANK
184656,15457.0,15457000.0,"CITIZENS NATIONAL BANK OF HILLSBORO, THE"
2621285,15454.0,15454000.0,MILLENNIAL BANK
819172,15450.0,15450000.0,"PEOPLES SAVINGS BANK, THE"
255350,15394.0,15394000.0,"MINERS STATE BANK, THE"
603232,15381.0,15381000.0,BANK OF GUEYDAN
2598396,15365.0,15365000.0,PRAIRIE COMMUNITY BANK
203052,15273.0,15273000.0,SENATH STATE BANK
265452,15267.0,15267000.0,"STOCKGROWERS STATE BANK, THE"
78241,15255.0,15255000.0,FIRST NATURALSTATE BANK
190947,15214.0,15214000.0,FIRST STATE BANK
1225752,15209.0,15209000.0,COMMERCIAL BANK
2597232,15168.0,15168000.0,"HIGHTOWER TRUST COMPANY, NATIONAL ASSOCIATION, THE"
550354,15160.0,15160000.0,BANK OF ESTES PARK
667346,15148.0,15148000.0,PHILO EXCHANGE BANK
654047,15142.0,15142000.0,FIRST STATE BANK OF MICHIGAN
805045,15140.0,15140000.0,EXCHANGE STATE BANK
157650,15140.0,15140000.0,MINNESOTA LAKES BANK
835079,15134.0,15134000.0,"COVINGTON SAVINGS AND LOAN ASSOCIATION, THE"
397456,15133.0,15133000.0,FIRST NATIONAL BANK OF FORT STOCKTON
597658,15119.0,15119000.0,FIRST STATE BANK OF FORSYTH
628039,15118.0,15118000.0,BANK OF HAZLEHURST
316859,15112.0,15112000.0,"EXCHANGE BANK, THE"
368344,15093.0,15093000.0,FARMERS SAVINGS BANK & TRUST
952257,15085.0,15085000.0,"STATE BANK OF WYNNEWOOD, THE"
474058,15078.0,15078000.0,FIRST NATIONAL BANK IN TRINIDAD
5805488,15043.0,15043000.0,"INSPIRE TRUST COMPANY, NATIONAL ASSOCIATION"
367150,15002.0,15002000.0,COMMUNITY STATE BANK
276551,14971.0,14971000.0,FIRST NATIONAL BANK OF HUGO
394156,14964.0,14964000.0,"SNB BANK, NATIONAL ASSOCIATION"
1293078,14964.0,14964000.0,PEOPLES BANK
446149,14956.0,14956000.0,"PEOPLES BANK, THE"
97457,14953.0,14953000.0,CITIZENS BANK
1007051,14937.0,14937000.0,TPNB BANK
5784921,14930.0,14930000.0,GS&L MUNICIPAL BANK
742542,14899.0,14899000.0,FIRST COMMUNITY BANK
840251,14897.0,14897000.0,HOME BANK AND TRUST COMPANY
729057,14853.0,14853000.0,PINE RIVER STATE BANK
699253,14850.0,14850000.0,"CITIZENS BANK OF EDINA, THE"
563457,14850.0,14850000.0,FIRST NATIONAL BANK OF JOHNSON
258379,14846.0,14846000.0,"TAYLORSVILLE SAVINGS BANK, SSB"
11837,14836.0,14836000.0,"FARMERS BANK, THE"
3939240,14835.0,14835000.0,"EVERCORE TRUST COMPANY, NATIONAL ASSOCIATION"
458946,14804.0,14804000.0,BANK OF CASHTON
705378,14802.0,14802000.0,"DEL NORTE BANK, A SAVINGS AND LOAN ASSOCIATION"
131940,14795.0,14795000.0,WALDO STATE BANK
519445,14736.0,14736000.0,PEOPLES BANK
883351,14728.0,14728000.0,LIBERTY STATE BANK
1007930,14726.0,14726000.0,IROQUOIS FARMERS STATE BANK
5787418,14724.0,14724000.0,WALDEN MUTUAL BANK
223452,14720.0,14720000.0,PEOPLES BANK OF WYACONDA
675042,14668.0,14668000.0,COMMUNITY BANK
764142,14648.0,14648000.0,FEDERATION BANK
854753,14573.0,14573000.0,SAINT CLAIR STATE BANK (INCORPORATED)
164957,14544.0,14544000.0,CONCORDIA BANK
544447,14528.0,14528000.0,CITIZENS SAVINGS BANK
760340,14518.0,14518000.0,NATIONAL BANK OF ST. ANNE
723158,14482.0,14482000.0,STATE BANK OF FAIRMONT
376237,14469.0,14469000.0,MERCHANTS & FARMERS BANK OF GREENE COUNTY
256076,14458.0,14458000.0,"RG BANK, A SAVINGS AND LOAN ASSOCIATION"
987848,14431.0,14431000.0,COMMUNITY STATE BANK
2905761,14397.0,14397000.0,TWIN CITY BANK
1163283,14368.0,14368000.0,"CITIZENS BANK AND TRUST, INC."
518176,14356.0,14356000.0,RAYNE BUILDING & LOAN ASSOCIATION
399731,14356.0,14356000.0,BANK OF ERATH
563336,14335.0,14335000.0,"CITIZENS' BANK, INC."
816256,14329.0,14329000.0,"FIRST NATIONAL BANK OF HOOKER, THE"
127055,14290.0,14290000.0,WESTERN NATIONAL BANK
141350,14274.0,14274000.0,"FIRST STATE BANK, THE"
504647,14269.0,14269000.0,"INTERNATIONAL BANK OF AMHERST, THE"
397858,14257.0,14257000.0,SPIRO STATE BANK
998657,14249.0,14249000.0,"FARMERS BANK, THE"
660253,14245.0,14245000.0,STATE BANK OF TABLE ROCK
564838,14238.0,14238000.0,CITIZENS COMMUNITY BANK
295057,14229.0,14229000.0,SECURITY BANK MINNESOTA
324975,14225.0,14225000.0,DEWITT SAVINGS BANK
2960555,14213.0,14213000.0,AMERICAN HERITAGE BANK
2696180,14188.0,14188000.0,FIRST COMMUNITY BANK OF HILLSBORO
266655,14150.0,14150000.0,FIRST BANK AND TRUST OF FULLERTON
104234,14142.0,14142000.0,"HARRISON COUNTY BANK, THE"
380346,14138.0,14138000.0,FARMERS SAVINGS BANK
817477,14134.0,14134000.0,UNION SAVINGS BANK
911339,14082.0,14082000.0,"FIRST NEIGHBORHOOD BANK, INC."
44750,14065.0,14065000.0,CITIZENS BANK OF THE MIDWEST
398051,14063.0,14063000.0,FARMERS AND MERCHANTS BANK OF ASHLAND
784430,14030.0,14030000.0,"MERCHANTS & CITIZENS BANK, THE"
2845782,14027.0,14027000.0,"BESSEMER TRUST COMPANY OF CALIFORNIA, NATIONAL ASSOCIATION"
691743,14026.0,14026000.0,ANNA STATE BANK
135854,14014.0,14014000.0,HEARTLAND STATE BANK
968155,14003.0,14003000.0,"FIRST NATIONAL BANK, CORTEZ"
474656,13997.0,13997000.0,COREBANK
481579,13973.0,13973000.0,CUSTER FEDERAL STATE BANK
49148,13969.0,13969000.0,RUSHVILLE STATE BANK
380944,13960.0,13960000.0,"BANK OF KAUKAUNA, THE"
421445,13957.0,13957000.0,"FIRST NATIONAL BANK OF RAYMOND, THE"
233246,13953.0,13953000.0,FIRST COMMUNITY BANK
875655,13951.0,13951000.0,CITIZENS STATE BANK NORWOOD YOUNG AMERICA
788652,13947.0,13947000.0,WOODLAND BANK
898458,13942.0,13942000.0,BANK OF JACKSON HOLE TRUST
3148613,13913.0,13913000.0,COMMERCE BANK & TRUST
659640,13885.0,13885000.0,GENESIS BANK
729945,13882.0,13882000.0,CITIZENS BANK AND TRUST COMPANY
617275,13881.0,13881000.0,REDEMPTION BANK
856869,13872.0,13872000.0,PRODUCER BANK OF TEXAS
259956,13867.0,13867000.0,"STATE SAVINGS BANK OF MANISTIQUE, THE"
774235,13857.0,13857000.0,"CITIZENS NATIONAL BANK OF QUITMAN, THE"
483537,13848.0,13848000.0,PNB COMMUNITY BANK
422657,13840.0,13840000.0,SECURITY FIRST NATIONAL BANK OF HUGO
575133,13825.0,13825000.0,"PEOPLES BANK, THE"
711753,13777.0,13777000.0,SCRIBNER BANK
647414,13764.0,13764000.0,"SAVANNAH BANK, N.A."
490348,13760.0,13760000.0,"STATE BANK OF TOLEDO, THE"
955753,13760.0,13760000.0,RIVER FALLS STATE BANK
581237,13754.0,13754000.0,BANK OF PENSACOLA
2726050,13740.0,13740000.0,FIRST CENTRAL BANK MCCOOK
716851,13728.0,13728000.0,COMMUNITY BANK OF RAYMORE
597041,13726.0,13726000.0,FIDELITY BANK
654579,13615.0,13615000.0,"PEOPLES COMMUNITY BANK SB OF MONTICELLO, INDIANA"
811550,13606.0,13606000.0,AMERICAN EXCHANGE BANK
814074,13604.0,13604000.0,"FIRST FEDERAL BANK, A FSB"
3626184,13570.0,13570000.0,TURTLE MOUNTAIN STATE BANK
750444,13562.0,13562000.0,TWIN CEDARS BANK
3180136,13558.0,13558000.0,INDEPENDENCE BANK
938354,13535.0,13535000.0,"FIRST NATIONAL BANK OF FAIRFAX, THE"
3029253,13532.0,13532000.0,EVERENCE TRUST COMPANY
646042,13505.0,13505000.0,FARMERS TRUST & SAVINGS BANK
292467,13501.0,13501000.0,POINTWEST BANK
552956,13485.0,13485000.0,SILEX BANKING COMPANY
496434,13482.0,13482000.0,DOZIER BANK
3223408,13478.0,13478000.0,HOMELAND COMMUNITY BANK
472045,13455.0,13455000.0,HOME STATE BANK
101952,13453.0,13453000.0,"BRADY NATIONAL BANK, THE"
567736,13453.0,13453000.0,FARMERS STATE BANK & TRUST COMPANY
322449,13452.0,13452000.0,COMMUNITY STATE BANK
539452,13447.0,13447000.0,CARSON COMMUNITY BANK
1470150,13440.0,13440000.0,FIRST FARMERS & MERCHANTS NATIONAL BANK
343770,13429.0,13429000.0,NASHVILLE SAVINGS BANK
489155,13428.0,13428000.0,CITIZENS STATE BANK
37,13426.0,13426000.0,BANK OF HANCOCK COUNTY
733755,13412.0,13412000.0,JONESBURG STATE BANK
735973,13412.0,13412000.0,SCOTTSBURG BUILDING AND LOAN ASSOCIATION
198073,13402.0,13402000.0,FIRST FEDERAL SAVINGS AND LOAN BANK
950356,13389.0,13389000.0,SECURITY STATE BANK OF HIBBING
490843,13386.0,13386000.0,"CARROLL COUNTY TRUST COMPANY OF CARROLLTON, MISSOURI"
382854,13383.0,13383000.0,SECURITY BANK OF PULASKI COUNTY
675659,13372.0,13372000.0,STATE BANK & TRUST OF KENMARE
485139,13370.0,13370000.0,STATE BANK & TRUST COMPANY
2702764,13369.0,13369000.0,COMMUNITY BANK OF OELWEIN
45056,13358.0,13358000.0,PLATTE VALLEY BANK
141677,13347.0,13347000.0,FIRST SAVINGS AND LOAN ASSOCIATION
536853,13335.0,13335000.0,WALTERS BANK AND TRUST COMPANY
535575,13330.0,13330000.0,"1ST FEDERAL SAVINGS BANK OF SC, INC."
246451,13320.0,13320000.0,CITIZENS BANK OF ROGERSVILLE
178356,13271.0,13271000.0,COLFAX BANKING COMPANY
786256,13264.0,13264000.0,FLAT BRANCH BANK
354,13262.0,13262000.0,BISON STATE BANK
618777,13260.0,13260000.0,FAIRVIEW SAVINGS AND LOAN ASSOCIATION
476445,13239.0,13239000.0,BANK OF LAKE VILLAGE
648345,13233.0,13233000.0,SIDNEY STATE BANK
697035,13202.0,13202000.0,COVINGTON COUNTY BANK
940021,13200.0,13200000.0,"BANK OF MAGNOLIA COMPANY, THE"
302030,13199.0,13199000.0,BANK OF BELLE GLADE
3394380,13188.0,13188000.0,"CALIFORNIA INTERNATIONAL BANK, N.A."
388874,13182.0,13182000.0,GUNNISON SAVINGS AND LOAN ASSOCIATION
1418255,13157.0,13157000.0,TUSTIN COMMUNITY BANK
157379,13114.0,13114000.0,METHUEN CO-OPERATIVE BANK
304520,13107.0,13107000.0,CHESAPEAKE BANK & TRUST COMPANY
284752,13098.0,13098000.0,NORTHWOODS BANK OF MINNESOTA
881900,13095.0,13095000.0,MILLBURY NATIONAL BANK
70218,13088.0,13088000.0,UNITED ORIENT BANK
854847,13084.0,13084000.0,FIRST STATE BANK
5691319,13079.0,13079000.0,SCOTTSDALE COMMUNITY BANK
233442,13047.0,13047000.0,"IUKA STATE BANK, THE"
901451,13043.0,13043000.0,CITIZENS NATIONAL BANK OF CROSBYTON
532752,13034.0,13034000.0,"RILEY STATE BANK OF RILEY KANSAS, THE"
909756,13027.0,13027000.0,PRIME SECURITY BANK
85052,13014.0,13014000.0,UINTA BANK
327220,12958.0,12958000.0,FARMERS STATE BANK
364850,12914.0,12914000.0,FIRST STATE BANK OF BIGFORK
923257,12899.0,12899000.0,PEOPLES BANK
660066,12887.0,12887000.0,PEOPLES STATE BANK
123075,12882.0,12882000.0,MILTON SAVINGS BANK
218261,12862.0,12862000.0,ZAPATA NATIONAL BANK
1008955,12855.0,12855000.0,VALLEY PREMIER BANK
290922,12831.0,12831000.0,"NATIONAL BANK OF ADAMS COUNTY OF WEST UNION, THE"
764067,12830.0,12830000.0,"AMERICAN NATIONAL BANK OF MOUNT PLEASANT, THE"
745347,12825.0,12825000.0,BOONE BANK & TRUST CO.
991135,12819.0,12819000.0,"STATE BANK OF GENEVA, THE"
223751,12819.0,12819000.0,BELT VALLEY BANK
807432,12814.0,12814000.0,MOUNT VERNON BANK
823638,12772.0,12772000.0,FIRST BANK OF COASTAL GEORGIA
636753,12771.0,12771000.0,"FIRST NATIONAL BANK OF DIGHTON, THE"
2973041,12770.0,12770000.0,"FIRST COMMUNITY TRUST, NATIONAL ASSOCIATION"
91615,12761.0,12761000.0,"ANTWERP EXCHANGE BANK COMPANY, THE"
137456,12722.0,12722000.0,"BANK OF BEAVER CITY, THE"
2963275,12691.0,12691000.0,MISSION BANK
1009840,12687.0,12687000.0,MAYNARD SAVINGS BANK
884376,12655.0,12655000.0,"PICKENS SAVINGS AND LOAN ASSOCIATION, FEDERAL ASSOCIATION"
675855,12636.0,12636000.0,PROGRESSIVE NATIONAL BANK
801056,12630.0,12630000.0,"FARMERS STATE BANK, THE"
758842,12626.0,12626000.0,CITIZENS SAVINGS BANK
593333,12625.0,12625000.0,"FIRST NATIONAL BANK OF ARENZVILLE, THE"
572347,12625.0,12625000.0,BANK OF BILLINGS
772754,12619.0,12619000.0,METZ BANKING COMPANY
19356,12576.0,12576000.0,SECURITY BANK AND TRUST COMPANY
747051,12566.0,12566000.0,HOMEPRIDE BANK
3005097,12538.0,12538000.0,COMMUNITY BANK OF MISSOURI
7456,12537.0,12537000.0,BANK OF HARTINGTON
426758,12525.0,12525000.0,BANK OF SALEM
546320,12507.0,12507000.0,"SHERWOOD STATE BANK, THE"
173959,12504.0,12504000.0,"FIRST NATIONAL BANK OF HEBBRONVILLE, THE"
164975,12495.0,12495000.0,STOUGHTON CO-OPERATIVE BANK
2610784,12467.0,12467000.0,KEY COMMUNITY BANK
1008151,12453.0,12453000.0,BENDENA STATE BANK
235950,12442.0,12442000.0,JOHNSON STATE BANK
293754,12406.0,12406000.0,STATE BANK OF SOUTHWEST MISSOURI
172251,12389.0,12389000.0,RANDALL STATE BANK
1017564,12388.0,12388000.0,COMMERCIAL STATE BANK
503640,12364.0,12364000.0,NEIGHBORS BANK
211851,12349.0,12349000.0,"SECURITY STATE BANK OF WANAMINGO, INCORPORATED"
779641,12338.0,12338000.0,"PORT AUSTIN STATE BANK, THE"
971070,12332.0,12332000.0,"DALHART FEDERAL SAVINGS & LOAN ASSOCIATION, SSB"
571135,12326.0,12326000.0,"CITIZENS BANK, THE"
122153,12324.0,12324000.0,JACKSON PARISH BANK
830252,12307.0,12307000.0,"LYTLE STATE BANK OF LYTLE, TEXAS, THE"
795959,12300.0,12300000.0,KENNETT TRUST BANK
236256,12297.0,12297000.0,BANK OF BROOKFIELD-PURDIN NATIONAL ASSOCIATION
818540,12295.0,12295000.0,"FIRST NATIONAL BANK OF MANNING, THE"
644141,12278.0,12278000.0,KALAMAZOO COUNTY STATE BANK
743950,12263.0,12263000.0,FARMERS BANK OF LOHMAN
560830,12258.0,12258000.0,"GRANVILLE NATIONAL BANK, THE"
926650,12252.0,12252000.0,STATE BANK OF SCOTIA
253730,12224.0,12224000.0,SWEET WATER STATE BANK
2745529,12224.0,12224000.0,THRIVENT TRUST CO.
344852,12184.0,12184000.0,PERENNIAL BANK
276159,12172.0,12172000.0,SOUTHWIND BANK
402873,12161.0,12161000.0,"VERSAILLES SAVINGS AND LOAN COMPANY, THE"
2805928,12161.0,12161000.0,MADISON COUNTY COMMUNITY BANK
681043,12156.0,12156000.0,FIRST SECURITY STATE BANK
675248,12153.0,12153000.0,GREENLEAF BANK
80431,12114.0,12114000.0,UNION BANK & TRUST COMPANY
954158,12104.0,12104000.0,FARMERS & MERCHANTS BANK OF NORTH DAKOTA
818652,12026.0,12026000.0,STOCKMENS NATIONAL BANK IN COTULLA
123374,12021.0,12021000.0,BEAUREGARD FEDERAL SAVINGS BANK
159645,11983.0,11983000.0,STATE BANK OF REESEVILLE
35879,11979.0,11979000.0,EAST WISCONSIN SAVINGS BANK
285553,11964.0,11964000.0,"SECURITY STATE BANK, THE"
22552,11957.0,11957000.0,FIRST SOUTHEAST BANK
500658,11950.0,11950000.0,PAVILLION BANK
625056,11948.0,11948000.0,FIRST SECURITY BANK OF ROUNDUP
874452,11946.0,11946000.0,STATE BANK OF NEW RICHLAND
106676,11918.0,11918000.0,BAR HARBOR SAVINGS AND LOAN ASSOCIATION
246947,11914.0,11914000.0,"FIRST NATIONAL BANK OF SPARTA, THE"
903754,11912.0,11912000.0,UNION STATE BANK
24659,11895.0,11895000.0,PRODUCE STATE BANK
498942,11889.0,11889000.0,CLAY COUNTY STATE BANK
83955,11883.0,11883000.0,GREENFIELD BANKING COMPANY
825940,11878.0,11878000.0,BANK OF BUFFALO
269571,11855.0,11855000.0,ARMSTRONG COUNTY BUILDING AND LOAN ASSOCIATION
568377,11849.0,11849000.0,SLOVENIAN SAVINGS & LOAN ASSOCIATION OF FRANKLIN-CONEMAUGH
534859,11843.0,11843000.0,EXCHANGE STATE BANK
700252,11831.0,11831000.0,CITIZENS NATIONAL BANK
770451,11816.0,11816000.0,FARMERS & MERCHANTS STATE BANK OF SPRINGFIELD
822631,11815.0,11815000.0,MIDLAND COMMUNITY BANK
339353,11804.0,11804000.0,FIRST SECURITY BANK - CANBY
3103591,11788.0,11788000.0,UNITED BANK & TRUST CO.
803256,11772.0,11772000.0,TRIUMPH STATE BANK
14977,11756.0,11756000.0,"FIRST FEDERAL BANK LITTLEFIELD, TEXAS, SSB"
964250,11736.0,11736000.0,CITIZENS BANK & TRUST
416272,11710.0,11710000.0,"ABBEVILLE FIRST BANK, SSB"
164153,11685.0,11685000.0,LAKE REGION BANK
1006157,11671.0,11671000.0,FARMERS STATE BANK OF HAMEL
132938,11667.0,11667000.0,PLANTERS AND CITIZENS BANK
60554,11661.0,11661000.0,FIRST STATE BANK MINNESOTA
954653,11635.0,11635000.0,CITIZENS STATE BANK OF LULING
359744,11614.0,11614000.0,WHITE STATE BANK
1002458,11612.0,11612000.0,SICILY ISLAND STATE BANK
986159,11600.0,11600000.0,FIRST STATE BANK OF LE CENTER
3308574,11572.0,11572000.0,PARAMOUNT BANK
977045,11562.0,11562000.0,RIVERSIDE BANK
386825,11560.0,11560000.0,"CITIZENS NATIONAL BANK OF WOODSFIELD, THE"
369453,11557.0,11557000.0,IMPACT BANK
76443,11537.0,11537000.0,"PEOPLES BANK, THE"
911759,11481.0,11481000.0,NEBRASKA STATE BANK
485054,11457.0,11457000.0,BANK OF ELGIN
2651899,11444.0,11444000.0,CEDAR HILL NATIONAL BANK
984351,11441.0,11441000.0,FARMERS BANK & TRUST
844455,11423.0,11423000.0,FIRST NATIONAL BANK IN FREDONIA
502447,11408.0,11408000.0,FREDONIA VALLEY BANK
753641,11404.0,11404000.0,HURON STATE BANK
2044820,11385.0,11385000.0,COMMUNITY BANK OF ELMHURST
811541,11381.0,11381000.0,AUBURN BANKING COMPANY
685023,11375.0,11375000.0,"CITIZENS NATIONAL BANK OF MCCONNELSVILLE, THE"
180144,11335.0,11335000.0,"SACRAMENTO DEPOSIT BANK, THE"
956134,11327.0,11327000.0,LASALLE STATE BANK
875879,11324.0,11324000.0,WARSAW FEDERAL SAVINGS AND LOAN ASSOCIATION
629148,11317.0,11317000.0,BANK OF CAVE CITY
437044,11317.0,11317000.0,"WATKINS SAVINGS BANK, THE"
673477,11306.0,11306000.0,CITIZENS FEDERAL SAVINGS AND LOAN ASSOCIATION OF COVINGTON
62110,11300.0,11300000.0,"ROCKEFELLER TRUST COMPANY, NATIONAL ASSOCIATION"
564678,11291.0,11291000.0,GSL SAVINGS BANK
340443,11269.0,11269000.0,FIRST NATIONAL BANK IN PINCKNEYVILLE
938550,11220.0,11220000.0,COMMUNITY BANK
1462986,11216.0,11216000.0,ASIAN PACIFIC NATIONAL BANK
467733,11209.0,11209000.0,UNION STATE BANK
392152,11207.0,11207000.0,NEW CENTURY BANK
42037,11205.0,11205000.0,PEOPLES EXCHANGE BANK
504142,11197.0,11197000.0,CHILLICOTHE STATE BANK
271136,11179.0,11179000.0,BANK OF LOUISIANA
860231,11164.0,11164000.0,FARMERS STATE BANK OF EMDEN
941541,11154.0,11154000.0,PEOPLES BANK CO.
389376,11152.0,11152000.0,TECUMSEH FEDERAL BANK
720858,11138.0,11138000.0,MCINTOSH COUNTY BANK
488420,11130.0,11130000.0,"FAYETTE COUNTY NATIONAL BANK OF FAYETTEVILLE, THE"
630340,11128.0,11128000.0,UNITED SECURITY BANK
3599804,11126.0,11126000.0,GREAT NATIONS BANK
346566,11125.0,11125000.0,FIRST NATIONAL BANK OF SOUTH PADRE ISLAND
711520,11108.0,11108000.0,MINERS EXCHANGE BANK
2921622,11092.0,11092000.0,"CITIZENS BANK OF CUMBERLAND COUNTY, INC."
956152,11086.0,11086000.0,INDEPENDENT FARMERS BANK
291732,11084.0,11084000.0,FARMERS & MERCHANTS BANK
550653,11059.0,11059000.0,CEDAR SECURITY BANK
61953,11046.0,11046000.0,FNB COWETA
835613,11044.0,11044000.0,SECURITY BANK AND TRUST COMPANY
1014246,11025.0,11025000.0,CEDAR VALLEY BANK & TRUST
715470,11015.0,11015000.0,FIRST WESTERN FEDERAL SAVINGS BANK
37341,10999.0,10999000.0,BANK OF ONTARIO
548472,10977.0,10977000.0,"MAPLE CITY SAVINGS BANK, FSB"
108652,10932.0,10932000.0,B2 BANK NATIONAL ASSOCIATION
391959,10931.0,10931000.0,FIRST BANK OF UTICA
782548,10929.0,10929000.0,CLINTON BANK
109154,10923.0,10923000.0,FIRST SECURITY BANK
138556,10921.0,10921000.0,HOME BANKING COMPANY
582654,10898.0,10898000.0,KANSAS STATE BANK
372444,10892.0,10892000.0,"LITCHFIELD NATIONAL BANK, THE"
332756,10881.0,10881000.0,ADAMS STATE BANK
289056,10879.0,10879000.0,"NORTHERN INTERSTATE BANK, NATIONAL ASSOCIATION"
510947,10870.0,10870000.0,FARMERS STATE BANK & TRUST CO.
576578,10861.0,10861000.0,MONROE FEDERAL SAVINGS AND LOAN ASSOCIATION
108746,10826.0,10826000.0,MASON CITY NATIONAL BANK
565844,10813.0,10813000.0,STATE BANK OF MISSOURI
591357,10809.0,10809000.0,"PEOPLES BANK, THE"
7634,10806.0,10806000.0,"FOUR COUNTY BANK, THE"
1016848,10806.0,10806000.0,COUNTY BANK
518354,10790.0,10790000.0,"PARK BANK, NATIONAL ASSOCIATION"
997155,10784.0,10784000.0,"BALDWIN STATE BANK, THE"
467144,10776.0,10776000.0,HUSTISFORD STATE BANK
803658,10751.0,10751000.0,FARMERS STATE BANK OF TRIMONT
598543,10748.0,10748000.0,SIBLEY STATE BANK
3308529,10738.0,10738000.0,BANK OF BOZEMAN
472951,10722.0,10722000.0,SIOUXLAND BANK
719030,10716.0,10716000.0,"FIRST NATIONAL BANK OF PETERSTOWN, THE"
871358,10705.0,10705000.0,"BANK OF HOLYROOD, THE"
532453,10702.0,10702000.0,IPSWICH STATE BANK
709956,10701.0,10701000.0,OKLAHOMA HERITAGE BANK
809379,10698.0,10698000.0,INVESTORS COMMUNITY BANK
401072,10663.0,10663000.0,CENTURY SAVINGS AND LOAN ASSOCIATION
493077,10659.0,10659000.0,"FIRST MUTUAL BANK, FSB"
931207,10650.0,10650000.0,"BROWN BROTHERS HARRIMAN TRUST COMPANY, N.A."
1014059,10628.0,10628000.0,SOUTHWEST BANK OF WEATHERFORD
377663,10619.0,10619000.0,FANNIN BANK
399357,10618.0,10618000.0,MCCLAVE STATE BANK
489249,10601.0,10601000.0,KINMUNDY BANK
30052,10597.0,10597000.0,AMISTAD BANK
474245,10584.0,10584000.0,VILLA GROVE STATE BANK
145059,10574.0,10574000.0,BANK OF HALLS
411576,10547.0,10547000.0,MAYVILLE SAVINGS BANK
411174,10522.0,10522000.0,FIRST FEDERAL SAVINGS AND LOAN ASSOCIATION
2602828,10512.0,10512000.0,STATE BANK
960551,10507.0,10507000.0,PRAIRIE SUN BANK
177500,10497.0,10497000.0,FIRST NATIONAL BANK OF ORWELL
365848,10476.0,10476000.0,WILLIAMSVILLE STATE BANK AND TRUST
956358,10470.0,10470000.0,SECURITY BANK OF THE OZARKS
881441,10449.0,10449000.0,ALTON BANK
808345,10436.0,10436000.0,STATE CENTRAL BANK
513854,10413.0,10413000.0,FIRST STATE BANK
619859,10407.0,10407000.0,FCNB BANK
78157,10371.0,10371000.0,BANDERA BANK
343958,10355.0,10355000.0,CURRIE STATE BANK
769334,10323.0,10323000.0,EXCHANGE STATE BANK
88259,10289.0,10289000.0,JANESVILLE STATE BANK
411231,10254.0,10254000.0,BRANTLEY BANK & TRUST COMPANY
148340,10225.0,10225000.0,UNION STATE BANK
501655,10200.0,10200000.0,WILSON STATE BANK
203575,10142.0,10142000.0,"CONNEAUT SAVINGS BANK, THE"
753856,10137.0,10137000.0,"DONLEY COUNTY STATE BANK, THE"
540542,10132.0,10132000.0,G.W. JONES EXCHANGE BANK
774253,10128.0,10128000.0,NORTHERN STATE BANK OF VIRGINIA
381026,10125.0,10125000.0,"TWIN VALLEY BANK, THE"
516873,10120.0,10120000.0,SUNNYSIDE FEDERAL SAVINGS AND LOAN ASSOCIATION OF IRVINGTON
5755510,10107.0,10107000.0,LEGACY BANK
136655,10063.0,10063000.0,"LYNDON STATE BANK, THE"
257653,10041.0,10041000.0,FARMERS AND MERCHANTS BANK
363778,10036.0,10036000.0,PEOPLES FIRST SAVINGS BANK
943143,10016.0,10016000.0,FIRST SECURITY BANK
663638,10005.0,10005000.0,"GERBER STATE BANK, THE"
767554,10005.0,10005000.0,"CITIZENS BANK & TRUST COMPANY OF VIVIAN, LOUISIANA"
195456,9990.0,9990000.0,FIRST NATIONAL BANK
641449,9986.0,9986000.0,"CITIZENS BANK AND TRUST OF LEBANON, INC."
491653,9977.0,9977000.0,"COMMERCIAL BANK, THE"
441630,9974.0,9974000.0,BANK OF DADE
3254297,9952.0,9952000.0,BANK OF WALKER COUNTY
851060,9950.0,9950000.0,ATASCOSA BANK
919568,9932.0,9932000.0,FIRST CAPITAL BANK
75651,9922.0,9922000.0,CERESCOBANK
426057,9916.0,9916000.0,SPECTRA BANK
249416,9907.0,9907000.0,UNB BANK
855143,9904.0,9904000.0,RIVERWIND BANK
679451,9892.0,9892000.0,ELK STATE BANK
647759,9856.0,9856000.0,"FARMERS STATE BANK, THE"
644954,9854.0,9854000.0,DAVIDSON TRUST CO.
965051,9831.0,9831000.0,FIRST STATE BANK
97279,9824.0,9824000.0,WOODSFIELD SAVINGS BANK
354851,9802.0,9802000.0,"STATE EXCHANGE BANK, THE"
715975,9802.0,9802000.0,"AMORY FIRST SAVINGS AND LOAN BANK, SSB"
110972,9792.0,9792000.0,FIRST FEDERAL SAVINGS BANK OF WASHINGTON
2775692,9787.0,9787000.0,"COMMUNITY BANK OF WICHITA, INC."
5887420,9786.0,9786000.0,"PREFERRED LEGACY NATIONAL TRUST BANK, THE"
417710,9786.0,9786000.0,"PINNACLE BANK, INC"
943273,9769.0,9769000.0,"PEOPLES SAVINGS AND LOAN COMPANY, THE"
826451,9763.0,9763000.0,"AMERICAN EXCHANGE BANK, LINDSAY, OKLAHOMA"
1435092,9723.0,9723000.0,TEXAS NATIONAL BANK
714165,9709.0,9709000.0,"CITY NATIONAL BANK OF SAN SABA, THE"
6060882,9705.0,9705000.0,"ALVAREZ & MARSAL TRUST COMPANY, NATIONAL ASSOCIATION"
343051,9700.0,9700000.0,BANK OF EUFAULA
1014554,9684.0,9684000.0,STATE BANK OF BOTTINEAU
820477,9667.0,9667000.0,MIDLAND FEDERAL SAVINGS AND LOAN ASSOCIATION
986757,9661.0,9661000.0,BATTLE CREEK STATE BANK
89135,9653.0,9653000.0,FIRST NATIONAL BANK OF WAUCHULA
271341,9620.0,9620000.0,PEOPLES BANK MT WASHINGTON
819154,9610.0,9610000.0,FIRST SECURITY STATE BANK
527749,9599.0,9599000.0,SECURITY STATE BANK
308836,9595.0,9595000.0,BANK OF BOURBONNAIS
593940,9587.0,9587000.0,BANK OF STRONGHURST
660879,9561.0,9561000.0,"ANGELINA SAVINGS BANK, SSB"
972750,9530.0,9530000.0,CONWAY BANK
724940,9530.0,9530000.0,FARMERS & MERCHANTS BANK OF HUTSONVILLE
208972,9524.0,9524000.0,KEYSAVINGS BANK
989851,9501.0,9501000.0,BANK OF MAPLE PLAIN
413347,9497.0,9497000.0,FIRST STATE BANK OF OLMSTED
897451,9467.0,9467000.0,INTEGRITY BANK PLUS
677354,9446.0,9446000.0,FIRST NATIONAL BANK IN CIMARRON
848453,9434.0,9434000.0,"BANK OF HOUSTON, THE"
243955,9432.0,9432000.0,PEOPLES BANK & TRUST COMPANY
732637,9387.0,9387000.0,WHITESVILLE STATE BANK
5839915,9376.0,9376000.0,GALA BANK
4368351,9370.0,9370000.0,KEY NATIONAL TRUST COMPANY OF DELAWARE
211114,9363.0,9363000.0,"HYDEN CITIZENS BANK, INC"
534073,9348.0,9348000.0,LIBERTY BANK
156457,9340.0,9340000.0,HOMETOWN COMMUNITY BANK
662350,9331.0,9331000.0,WAHOO STATE BANK
937843,9330.0,9330000.0,BLISSFIELD STATE BANK
667551,9325.0,9325000.0,LINCOLN STATE BANK
358448,9325.0,9325000.0,MAYVILLE STATE BANK
988256,9312.0,9312000.0,"FIRST NATIONAL BANK OF MCINTOSH, THE"
2939001,9300.0,9300000.0,CENTURY BANK OF FLORIDA
43856,9290.0,9290000.0,"MINERS NATIONAL BANK OF EVELETH, THE"
460350,9287.0,9287000.0,"FIRST SECURITY BANK, THE"
617079,9285.0,9285000.0,BLUE GRASS FEDERAL SAVINGS AND LOAN ASSOCIATION
280558,9279.0,9279000.0,"FIRST NATIONAL BANK OF COKATO, THE"
422116,9274.0,9274000.0,"BANK OF THE MOUNTAINS, INC."
276654,9265.0,9265000.0,FIRST FARMERS & MERCHANTS STATE BANK
95677,9256.0,9256000.0,"ROCKLAND SAVINGS BANK, FSB"
960047,9253.0,9253000.0,BANK OF CALHOUN COUNTY
863652,9235.0,9235000.0,"FARMERS STATE BANK, THE"
508270,9235.0,9235000.0,GLEN BURNIE MUTUAL SAVINGS BANK
111157,9210.0,9210000.0,BANK OF LINDSAY
944748,9197.0,9197000.0,FARMERS STATE BANK
147651,9190.0,9190000.0,COMMUNITY STATE BANK OF CANTON
969956,9177.0,9177000.0,ZAVALA COUNTY BANK
242949,9173.0,9173000.0,FNNB BANK
108269,9144.0,9144000.0,"FIRST NATIONAL BANK OF MOODY, THE"
275657,9141.0,9141000.0,"FIRST STATE BANK, THE"
688453,9140.0,9140000.0,"CITIZENS STATE BANK AT MOHALL, THE"
157155,9128.0,9128000.0,THAYER COUNTY BANK
13251,9122.0,9122000.0,ELYSIAN BANK
492810,9113.0,9113000.0,OWINGSVILLE BANKING COMPANY
170257,9112.0,9112000.0,HASKELL NATIONAL BANK
726458,9093.0,9093000.0,"FIRST NATIONAL BANK OF OSAKIS, THE"
897237,9080.0,9080000.0,"CITIZENS BANK OF MORGANTOWN, INC."
424352,9075.0,9075000.0,ANAHUAC NATIONAL BANK
647955,9072.0,9072000.0,ASCENT BANK
409265,9031.0,9031000.0,SPUR SECURITY BANK
753052,9021.0,9021000.0,MONTROSE SAVINGS BANK
378044,9018.0,9018000.0,COMMUNITY STATE BANK
351131,8994.0,8994000.0,BANK OF BREWTON
890957,8957.0,8957000.0,STRASBURG STATE BANK
560438,8928.0,8928000.0,BANK OF EVERGREEN
361354,8912.0,8912000.0,GRANT COUNTY BANK
598132,8904.0,8904000.0,"SECURITY STATE BANK, THE"
114859,8903.0,8903000.0,FIRST BANK AND TRUST COMPANY
578237,8890.0,8890000.0,COMMONWEALTH NATIONAL BANK
459644,8861.0,8861000.0,FIRST COMMUNITY BANK OF MOULTRIE COUNTY
177135,8861.0,8861000.0,FIRST PROGRESSIVE BANK
1015458,8843.0,8843000.0,GLOBAL INNOVATIONS BANK
392255,8832.0,8832000.0,FIRST NATIONAL BANK
250476,8828.0,8828000.0,GN BANK
112510,8824.0,8824000.0,"BALTIC STATE BANK, THE"
498456,8797.0,8797000.0,AVANA BANK
116554,8792.0,8792000.0,OLD GLORY BANK
861854,8789.0,8789000.0,FIRST STATE BANK
403656,8774.0,8774000.0,STATE BANK OF EAGLE BUTTE
188739,8760.0,8760000.0,BASILE STATE BANK
843953,8753.0,8753000.0,INTEGRITY BANK
238250,8751.0,8751000.0,PEOPLES STATE BANK
931458,8735.0,8735000.0,VENTURA NATIONAL BANK & TRUST
122546,8727.0,8727000.0,MIDWEST NATIONAL BANK
513322,8722.0,8722000.0,DEDICATED COMMUNITY BANK
471057,8708.0,8708000.0,"FIRST STATE BANK OF RANSOM, THE"
804150,8698.0,8698000.0,VERGAS STATE BANK
865852,8698.0,8698000.0,FARMERS STATE BANK OF UNDERWOOD
672238,8698.0,8698000.0,"ATLANTA NATIONAL BANK, THE"
62147,8681.0,8681000.0,COMMUNITY FIRST BANK
559179,8667.0,8667000.0,BROOKVILLE BUILDING AND SAVINGS ASSOCIATION
918356,8640.0,8640000.0,GRAND TIMBER BANK
24378,8633.0,8633000.0,"GALION BUILDING AND LOAN BANK, THE"
595944,8630.0,8630000.0,SANBORN SAVINGS BANK
79127,8618.0,8618000.0,HOME NATIONAL BANK
655530,8602.0,8602000.0,ANCHOR STATE BANK
273653,8601.0,8601000.0,CONCORDE BANK
41553,8596.0,8596000.0,FIRST STATE BANK
858443,8586.0,8586000.0,"FIRST NATIONAL BANK OF AVA, THE"
533227,8567.0,8567000.0,BANK419
4032791,8506.0,8506000.0,"BROWN BROTHERS HARRIMAN TRUST COMPANY OF DELAWARE, NA"
353957,8500.0,8500000.0,"FIRST FARMERS NATIONAL BANK OF WAURIKA, THE"
984454,8498.0,8498000.0,SECURITY STATE BANK OF KENYON
670654,8474.0,8474000.0,FIRST SECURITY BANK OF DEER LODGE
321330,8409.0,8409000.0,FARMERS AND MERCHANTS STATE BANK OF BUSHNELL
563934,8409.0,8409000.0,SOUTHEAST FIRST NATIONAL BANK
396057,8386.0,8386000.0,INDEPENDENCE STATE BANK
958231,8377.0,8377000.0,COMMUNITY BANK OF EASTON
944935,8368.0,8368000.0,STATE BANK OF INDUSTRY
1474309,8368.0,8368000.0,BANK47
184759,8345.0,8345000.0,WASHITA VALLEY BANK
2750,8328.0,8328000.0,GENOA COMMUNITY BANK
77150,8321.0,8321000.0,FIRST FARMERS & MERCHANTS STATE BANK OF GRAND MEADOW
457,8320.0,8320000.0,LOWRY STATE BANK
174367,8319.0,8319000.0,COMMERCE BANK TEXAS
229454,8309.0,8309000.0,FIRST STATE BANK OF BROWNSBORO
735414,8300.0,8300000.0,"FIRST NATIONAL BANK OF BLANCHESTER, THE"
1945247,8294.0,8294000.0,UNITED BANK OF PHILADELPHIA
2724766,8291.0,8291000.0,COMMUNITY BANK OF MEMPHIS
2641827,8285.0,8285000.0,"NEW COVENANT TRUST COMPANY, NATIONAL ASSOCIATION"
287922,8279.0,8279000.0,"PEOPLES SAVINGS BANK, THE"
524757,8275.0,8275000.0,FARMERS BANK
741152,8255.0,8255000.0,JUNCTION NATIONAL BANK
644057,8254.0,8254000.0,"FIRST STATE BANK, THE"
969059,8238.0,8238000.0,FIRST SECURITY BANK - WEST
157856,8221.0,8221000.0,FIRST BANK AND TRUST COMPANY
915056,8201.0,8201000.0,PEOPLES BANK OF MONITEAU COUNTY
103134,8188.0,8188000.0,"BANK OF COMMERCE, THE"
760939,8182.0,8182000.0,FIRST BANK OF PIKE
717232,8181.0,8181000.0,PEOPLES BANK OF GRACEVILLE
120476,8161.0,8161000.0,ARGENTINE FEDERAL SAVINGS
798512,8140.0,8140000.0,"FIRST NATIONAL BANK OF BROOKSVILLE, THE"
371849,8121.0,8121000.0,BANK OF YATES CITY
187648,8109.0,8109000.0,VERMONT STATE BANK
697950,8096.0,8096000.0,CITY NATIONAL BANK
14753,8046.0,8046000.0,"FARMERS STATE BANK OF BUCKLIN, KANSAS, THE"
924254,8043.0,8043000.0,"CITIZENS STATE BANK OF CHENEY, KANSAS, THE"
375650,8030.0,8030000.0,MENARD BANK
450669,8019.0,8019000.0,"FIRST NATIONAL BANK OF ELY, THE"
1007958,7993.0,7993000.0,CLARKSON BANK
3448425,7987.0,7987000.0,COMMUNITY BANK OF PLEASANT HILL
401951,7980.0,7980000.0,PORTAGE BANK
442655,7970.0,7970000.0,"FIRST NATIONAL BANK IN FALFURRIAS, THE"
128258,7967.0,7967000.0,WESTERN DAKOTA BANK
75455,7960.0,7960000.0,"NORTHERN STATE BANK OF GONVICK, THE"
411240,7934.0,7934000.0,"OLD EXCHANGE NATIONAL BANK OF OKAWVILLE, THE"
197254,7926.0,7926000.0,FIRST NATIONAL BANK OF SPEARVILLE
40033,7919.0,7919000.0,RICHTON BANK & TRUST COMPANY
858153,7915.0,7915000.0,STATE BANK OF CANTON
5758445,7910.0,7910000.0,GAINEY BUSINESS BANK
754246,7890.0,7890000.0,LOGAN STATE BANK
732954,7876.0,7876000.0,CARMINE STATE BANK
474544,7872.0,7872000.0,CITIZENS SAVINGS BANK
366359,7855.0,7855000.0,"FIRST NATIONAL BANK OF ANSON, THE"
276953,7853.0,7853000.0,COMMUNITY BANK
777441,7837.0,7837000.0,FLORA BANK & TRUST
856458,7790.0,7790000.0,BANK OF HAZELTON
856542,7779.0,7779000.0,BREDA SAVINGS BANK
700140,7749.0,7749000.0,MONTEZUMA STATE BANK
997557,7736.0,7736000.0,FIRST STATE BANK OF HARVEY
269759,7697.0,7697000.0,FARMERS AND MERCHANTS STATE BANK OF APPLETON
304575,7678.0,7678000.0,SIDNEY FEDERAL SAVINGS AND LOAN ASSOCIATION
42457,7677.0,7677000.0,COMMERCIAL BANK
603540,7646.0,7646000.0,BLACK RIVER COUNTRY BANK
3285246,7626.0,7626000.0,FIRST STATE BANK
937834,7617.0,7617000.0,F & M BANK AND TRUST COMPANY
824738,7616.0,7616000.0,FIRST NATIONAL BANK OF LACON
92144,7613.0,7613000.0,COMMUNITY STATE BANK
195157,7590.0,7590000.0,"ELEVATE BANK, NATIONAL ASSOCIATION"
515979,7589.0,7589000.0,PEE DEE FEDERAL SAVINGS BANK
4146830,7586.0,7586000.0,NEUBERGER BERMAN TRUST COMPANY OF DELAWARE NATIONAL ASSOCIATION
671053,7582.0,7582000.0,STOCK EXCHANGE BANK
116358,7582.0,7582000.0,STATE BANK OF COLD SPRING
456344,7570.0,7570000.0,HART COUNTY BANK AND TRUST COMPANY
401559,7566.0,7566000.0,DNB NATIONAL BANK
870856,7565.0,7565000.0,"FIRST NATIONAL BANK OF HOPE, THE"
324229,7560.0,7560000.0,"WATERFORD COMMERCIAL AND SAVINGS BANK, THE"
686570,7553.0,7553000.0,LADYSMITH FEDERAL SAVINGS & LOAN ASSOCIATION
37659,7529.0,7529000.0,"FARMERS STATE BANK, ALLEN, OKLAHOMA"
507349,7498.0,7498000.0,FARMERS STATE BANK
814355,7483.0,7483000.0,SECURITY STATE BANK OF OKLEE
270652,7482.0,7482000.0,SECURITY STATE BANK
824242,7471.0,7471000.0,BENTON COUNTY STATE BANK
412452,7466.0,7466000.0,COMMUNITY BANK OF OKLAHOMA
931159,7457.0,7457000.0,FIRST STATE BANK OF GOLVA
112556,7431.0,7431000.0,STATE BANK OF CHANDLER
767152,7426.0,7426000.0,"FIRST NATIONAL BANK IN COOPER, THE"
777254,7391.0,7391000.0,HERITAGE BANK MINNESOTA
73152,7387.0,7387000.0,"FARMERS AND MERCHANTS NATIONAL BANK OF FAIRVIEW, THE"
505916,7375.0,7375000.0,"FIRST NATIONAL BANK OF GERMANTOWN, THE"
58355,7375.0,7375000.0,VANTAGE BANK
998358,7372.0,7372000.0,HOWARD STATE BANK
333940,7360.0,7360000.0,"FIRST NATIONAL BANK OF OKAWVILLE, THE"
2123930,7334.0,7334000.0,"BANK OF MILAN, THE"
550448,7327.0,7327000.0,"STATE BANK, THE"
460556,7321.0,7321000.0,"STATE NATIONAL BANK OF GROOM, THE"
231279,7294.0,7294000.0,CHESTER NATIONAL BANK
570651,7288.0,7288000.0,FIRST TRI-COUNTY BANK
328058,7286.0,7286000.0,FIRST BANK OF THOMAS
835378,7265.0,7265000.0,"BEARDSTOWN SAVINGS, S.B."
522454,7262.0,7262000.0,FIRST STATE BANK
442057,7258.0,7258000.0,"CITIZENS STATE BANK AND TRUST COMPANY, THE"
923949,7234.0,7234000.0,"STATE BANK OF PEARL CITY, THE"
658072,7213.0,7213000.0,COUNTY SAVINGS BANK
460275,7177.0,7177000.0,SECOND FEDERAL SAVINGS & LOAN ASSOCIATION OF PHILADELPHIA
3353154,7174.0,7174000.0,BMO HARRIS CENTRAL NATIONAL ASSOCIATION
894834,7154.0,7154000.0,"TRUST BANK, THE"
668053,7148.0,7148000.0,ASPIRE BANK
104971,7141.0,7141000.0,MARTINSVILLE FIRST SAVINGS BANK
73956,7132.0,7132000.0,SECURITY STATE BANK
884657,7114.0,7114000.0,RUSHFORD STATE BANK (INCORPORATED)
360777,7113.0,7113000.0,"JACKSON SAVINGS BANK, SSB"
2797210,7095.0,7095000.0,"TOWNE TRUST COMPANY, NATIONAL ASSOCIATION"
768953,7091.0,7091000.0,"BANK OF TIOGA, THE"
973252,7085.0,7085000.0,SWEDISH-AMERICAN STATE BANK
8631,7073.0,7073000.0,"PLEASANTS COUNTY BANK, THE"
503547,7020.0,7020000.0,"FAIRMOUNT STATE BANK, THE"
3480069,6972.0,6972000.0,WEST VALLEY NATIONAL BANK
618647,6970.0,6970000.0,FIRST HERITAGE BANK
835659,6956.0,6956000.0,TRI-COUNTY TRUST COMPANY
21359,6935.0,6935000.0,AMERICAN STATE BANK OF GRYGLA
3139321,6933.0,6933000.0,COMMUNITY BANK OWATONNA
354253,6921.0,6921000.0,SUNRISE BANK DAKOTA
871956,6904.0,6904000.0,"FIRST BANK OF CELESTE, THE"
79257,6903.0,6903000.0,GROVE BANK
107758,6902.0,6902000.0,BONANZA VALLEY STATE BANK
720157,6886.0,6886000.0,MARSHALL COUNTY STATE BANK
72351,6850.0,6850000.0,FARMERS STATE BANK
987576,6834.0,6834000.0,"LIBERTY SAVINGS ASSOCIATION, FSA, THE"
560214,6833.0,6833000.0,"CORN CITY STATE BANK, THE"
146056,6810.0,6810000.0,ALLNATIONS BANK
229173,6800.0,6800000.0,"AUBURN SAVINGS BANK, FSB"
1017854,6772.0,6772000.0,"FARMERS STATE BANK OF BLUE MOUND, THE"
432432,6768.0,6768000.0,PHENIX-GIRARD BANK
775241,6765.0,6765000.0,COMMUNITY NATIONAL BANK IN MONMOUTH
292234,6761.0,6761000.0,FIRST FINANCIAL BANK
560353,6739.0,6739000.0,FIRST NATIONAL BANK OF LAKE JACKSON
324256,6736.0,6736000.0,OKLAHOMA STATE BANK
649632,6726.0,6726000.0,ROCHELLE STATE BANK
1176920,6702.0,6702000.0,COMMUNITY STATE BANK
431350,6695.0,6695000.0,"BANK OF COMMERCE AND TRUST COMPANY, THE"
721752,6684.0,6684000.0,"FARMERS & MERCHANTS STATE BANK OF NEW YORK MILLS, INCORPORATED"
311144,6676.0,6676000.0,BANK OF BEARDEN
837653,6663.0,6663000.0,HEARTLAND STATE BANK
171133,6642.0,6642000.0,EASTERN NATIONAL BANK
338945,6609.0,6609000.0,1ST COMMUNITY BANK
2912750,6581.0,6581000.0,SECURITY NATIONAL TRUST CO.
843476,6544.0,6544000.0,CORNERSTONE BANK
303747,6524.0,6524000.0,"FIRST BANK AND TRUST COMPANY OF MURPHYSBORO, THE"
764151,6516.0,6516000.0,LOVELADY STATE BANK
678052,6507.0,6507000.0,"BANK OF SAN JACINTO COUNTY, COLDSPRING, TEXAS, THE"
983158,6468.0,6468000.0,GRANT COUNTY STATE BANK
132778,6451.0,6451000.0,HOMESTEAD SAVINGS BANK
311658,6423.0,6423000.0,"FIRST NATIONAL BANK OF COLERAINE, THE"
1856,6421.0,6421000.0,WASHITA STATE BANK
760957,6419.0,6419000.0,"FIRST STATE BANK OF ROSEMOUNT, THE"
91950,6408.0,6408000.0,FARMERS STATE BANK OF CANTON
840354,6404.0,6404000.0,FIRST FINANCIAL BANK IN WINNEBAGO
480246,6380.0,6380000.0,WASHINGTON STATE BANK
857259,6349.0,6349000.0,BANK OF GREELEY
790150,6336.0,6336000.0,BANK OF IBERIA
316934,6328.0,6328000.0,BUCKLEY STATE BANK
821643,6312.0,6312000.0,ASHTON STATE BANK
206950,6291.0,6291000.0,UNION STATE BANK
82350,6289.0,6289000.0,"LAUDERDALE COUNTY BANK, THE"
800479,6282.0,6282000.0,"TARBORO SAVINGS BANK, SSB"
252452,6248.0,6248000.0,PREFERRED BANK
302133,6243.0,6243000.0,CAMP GROVE STATE BANK
578862,6242.0,6242000.0,FIRST STATE BANK OF SAN DIEGO
678258,6230.0,6230000.0,STATE BANK OF LAKOTA
1014451,6217.0,6217000.0,AMERICAN EXCHANGE BANK
991078,6208.0,6208000.0,BOONVILLE FEDERAL SAVINGS BANK
267652,6170.0,6170000.0,SECURITY STATE BANK OF AITKIN
309851,6165.0,6165000.0,ROOT RIVER STATE BANK
651149,6164.0,6164000.0,STATE BANK
1820979,6094.0,6094000.0,"TRUST COMPANY OF TOLEDO, NATIONAL ASSOCIATION, THE"
82257,6091.0,6091000.0,BRYANT STATE BANK
479567,6087.0,6087000.0,"FIRST NATIONAL BANK OF TRINITY, THE"
219679,6085.0,6085000.0,CARROLLTON FEDERAL BANK
975452,6071.0,6071000.0,"FIRST NATIONAL BANK OF GILBERT, THE"
918655,6028.0,6028000.0,FIRST STATE BANK OF CANDO
723550,6023.0,6023000.0,"HAMILTON BANK, THE"
391557,6018.0,6018000.0,LAKESIDE BANK OF SALINA
995955,6008.0,6008000.0,KRESS NATIONAL BANK
755421,5999.0,5999000.0,"BLUE GRASS VALLEY BANK, THE"
877958,5968.0,5968000.0,"HOPETON STATE BANK, THE"
887854,5962.0,5962000.0,SHERWOOD COMMUNITY BANK
1016558,5945.0,5945000.0,GENERATIONS BANK
940852,5940.0,5940000.0,CITIZENS STATE BANK OF LANKIN
701857,5920.0,5920000.0,CROWELL STATE BANK
382256,5896.0,5896000.0,STANTON STATE BANK
876157,5866.0,5866000.0,ODIN STATE BANK
694771,5833.0,5833000.0,FARMERS STATE BANK
603755,5817.0,5817000.0,FIRST STATE BANK
1494482,5812.0,5812000.0,SOUND BANKING COMPANY
207041,5800.0,5800000.0,"FIRST NATIONAL BANK OF BROWNSTOWN, THE"
767572,5791.0,5791000.0,TUCUMCARI FEDERAL SAVINGS & LOAN ASSOCIATION
440857,5783.0,5783000.0,AMERICA'S COMMUNITY BANK
102333,5775.0,5775000.0,APEX BANKING COMPANY OF GEORGIA
76153,5765.0,5765000.0,BANK OF CLARKS
544951,5762.0,5762000.0,COWBOY STATE BANK
2490285,5754.0,5754000.0,FIRST NATIONAL BANK
378110,5744.0,5744000.0,"PEOPLES BANK, THE"
320034,5682.0,5682000.0,PEOPLES BANK OF GREENSBORO
770545,5680.0,5680000.0,MIDDLETOWN STATE BANK
582878,5679.0,5679000.0,HOME FEDERAL SAVINGS AND LOAN ASSOCIATION
803265,5678.0,5678000.0,ROBERT LEE STATE BANK
2811086,5626.0,5626000.0,PREFERRED BANK
272151,5617.0,5617000.0,"GRANGER NATIONAL BANK, THE"
215653,5610.0,5610000.0,WELCOME STATE BANK
464853,5579.0,5579000.0,BANK 360
411549,5546.0,5546000.0,TABLE GROVE STATE BANK
858452,5539.0,5539000.0,BANK OF PRAGUE
284958,5523.0,5523000.0,FIRST STATE BANK
601032,5503.0,5503000.0,FAIRVIEW STATE BANKING COMPANY
534242,5472.0,5472000.0,STATE BANK OF SCHALLER
741956,5443.0,5443000.0,"MER ROUGE STATE BANK, THE"
33839,5440.0,5440000.0,PEOPLES STATE BANK OF COLFAX
681249,5413.0,5413000.0,HIGHLAND STATE BANK
643274,5402.0,5402000.0,"PIONEER SAVINGS BANK, THE"
192651,5347.0,5347000.0,PEOPLES STATE BANK OF WELLS
242,5342.0,5342000.0,FIRST COMMUNITY BANK XENIA-FLORA
138257,5309.0,5309000.0,"FIRST NATIONAL BANK OF ASPERMONT, THE"
1014255,5282.0,5282000.0,STATE BANK OF JEFFERS
1004256,5275.0,5275000.0,BUTTE STATE BANK
227656,5270.0,5270000.0,BRIGHTON BANK
440978,5253.0,5253000.0,KINGSTREE FEDERAL SAVINGS AND LOAN ASSOCIATION
426141,5245.0,5245000.0,FIRST STATE BANK OF ST. PETER
167752,5244.0,5244000.0,"MARION NATIONAL BANK, THE"
412872,5231.0,5231000.0,FARMERS AND MECHANICS FEDERAL SAVINGS BANK
540850,5211.0,5211000.0,FORD COUNTY STATE BANK
131717,5205.0,5205000.0,"FARMERS STATE BANK, INC"
388753,5191.0,5191000.0,FARMERS AND MERCHANTS STATE BANK OF ALPHA
343248,5190.0,5190000.0,"FIRST NATIONAL BANK OF PRIMGHAR, THE"
388258,5146.0,5146000.0,MARQUETTE FARMERS STATE BANK OF MARQUETTE KANSAS
444677,5131.0,5131000.0,"BLACK MOUNTAIN SAVINGS BANK, SSB"
868572,5129.0,5129000.0,HOME SAVINGS BANK OF WAPAKONETA
749840,5124.0,5124000.0,FARMERS STATE BANK
1012457,5119.0,5119000.0,ROLETTE STATE BANK
272058,5078.0,5078000.0,STATE BANK OF BELLINGHAM
5805479,5059.0,5059000.0,"BESSEMER TRUST COMPANY OF NEVADA, NATIONAL ASSOCIATION"
579319,5024.0,5024000.0,"COMMUNITY FIRST BANK, NATIONAL ASSOCIATION"
693073,5008.0,5008000.0,FIRST FEDERAL SAVINGS AND LOAN ASSOCIATION OF CENTERBURG
482370,4989.0,4989000.0,NORTH COUNTY SAVINGS BANK
866251,4984.0,4984000.0,UNION STATE BANK
522034,4931.0,4931000.0,"COMMERCIAL BANK OF OZARK, THE"
17259,4919.0,4919000.0,"FIRST NATIONAL BANK IN MARLOW, THE"
1000856,4881.0,4881000.0,"BAXTER STATE BANK, THE"
481748,4858.0,4858000.0,SLOAN STATE BANK
3952904,4829.0,4829000.0,CANANDAIGUA NATIONAL TRUST COMPANY OF FLORIDA
741358,4814.0,4814000.0,PEOPLES STATE BANK
292850,4810.0,4810000.0,"FIRST NATIONAL BANK OF WAKEFIELD, THE"
639857,4783.0,4783000.0,PEOPLES BANK OF DEER LODGE
205458,4769.0,4769000.0,STATE BANK OF TAUNTON
322551,4751.0,4751000.0,FIRST SECURITY BANK
404943,4723.0,4723000.0,TRI-VALLEY BANK
610539,4722.0,4722000.0,"BANK OF EDISON, THE"
325459,4685.0,4685000.0,FIRST STATE BANK IN TEMPLE
514356,4684.0,4684000.0,FIRST SUMMIT BANK
99853,4636.0,4636000.0,FIRST STATE BANK
738657,4579.0,4579000.0,"CITY STATE BANK, THE"
321255,4572.0,4572000.0,FIRST AMERICAN BANK
771047,4548.0,4548000.0,CITIZENS STATE BANK OF MILFORD
833851,4510.0,4510000.0,FIRST STATE BANK OF SWANVILLE
362043,4497.0,4497000.0,"EXCHANGE STATE BANK, THE"
839817,4468.0,4468000.0,FARMERS & TRADERS BANK OF CAMPTON
83852,4442.0,4442000.0,RICHLAND STATE BANK
593771,4382.0,4382000.0,"LIBERTY BANK, INC."
921655,4225.0,4225000.0,COTTONWOOD VALLEY BANK
472148,4218.0,4218000.0,FIRST STATE BANK OF VAN ORIN
821559,4215.0,4215000.0,"MINNESOTA FIRST CREDIT AND SAVINGS, INCORPORATED"
104542,4214.0,4214000.0,MARSEILLES BANK
614256,4170.0,4170000.0,FIRST NATIONAL BANK OF KANSAS
496957,4168.0,4168000.0,"FARMERS STATE BANK OF TURTON, THE"
571957,4130.0,4130000.0,"STATE EXCHANGE BANK, THE"
902645,4128.0,4128000.0,DEFIANCE STATE BANK
823142,4113.0,4113000.0,DU QUOIN STATE BANK
856159,4112.0,4112000.0,SAINT MARTIN NATIONAL BANK
306056,4037.0,4037000.0,"FIRST NATIONAL BANK OF FLEMING, THE"
842853,4036.0,4036000.0,UNITED MINNESOTA BANK
912756,4025.0,4025000.0,STATE BANK OF LAKE PARK
646471,4014.0,4014000.0,HUNTINGDON SAVINGS BANK
74449,3993.0,3993000.0,FIRST NATIONAL BANK IN TIGERTON
373272,3958.0,3958000.0,COMPASS SAVINGS BANK
274052,3927.0,3927000.0,"FARMERS AND MERCHANTS BANK OF MOUND CITY, KANSAS"
542854,3918.0,3918000.0,FARMERS STATE BANK
603559,3903.0,3903000.0,FARMERS STATE BANK
789051,3889.0,3889000.0,NINNESCAH VALLEY BANK
379050,3875.0,3875000.0,STATE BANK OF EASTON
175458,3864.0,3864000.0,BANK OF MEAD
846132,3860.0,3860000.0,DEWEY BANK
278751,3853.0,3853000.0,WESTERN NATIONAL BANK OF CASS LAKE
235558,3850.0,3850000.0,CITIZENS STATE BANK
761833,3826.0,3826000.0,COMMUNITY BANK & TRUST - WEST GEORGIA
2960788,3826.0,3826000.0,"WHEATON COLLEGE TRUST COMPANY, NATIONAL ASSOCIATION"
904845,3813.0,3813000.0,BANK OF CADIZ AND TRUST COMPANY
90047,3797.0,3797000.0,PALO SAVINGS BANK
410159,3793.0,3793000.0,ANDES STATE BANK
981453,3793.0,3793000.0,FARMERS STATE BANK OF HOFFMAN
691042,3771.0,3771000.0,"MERCHANTS & PLANTERS BANK, THE"
375379,3719.0,3719000.0,NORTH SIDE FEDERAL SAVINGS AND LOAN ASSOCIATION OF CHICAGO
2502825,3707.0,3707000.0,DSRM NATIONAL BANK
816751,3691.0,3691000.0,KINDRED STATE BANK
923350,3690.0,3690000.0,FIRST NATIONAL BANK IN FRANKFORT
363442,3661.0,3661000.0,SAINTE MARIE STATE BANK
441135,3609.0,3609000.0,CITIZENS BANK OF CHATSWORTH
472250,3601.0,3601000.0,BOELUS STATE BANK
70955,3598.0,3598000.0,NEBRASKA STATE BANK
675341,3559.0,3559000.0,AMERICAN TRUST & SAVINGS BANK
663656,3547.0,3547000.0,SMALL BUSINESS BANK
509857,3474.0,3474000.0,FMB BANK
92902,3414.0,3414000.0,BANK OF CATTARAUGUS
425050,3383.0,3383000.0,"FARMERS AND MERCHANTS STATE BANK, THE"
350657,3367.0,3367000.0,1ST BANK IN HOMINY
994770,3342.0,3342000.0,"MILFORD BUILDING AND LOAN ASSOCIATION, SB"
630041,3342.0,3342000.0,"FIRST STATE BANK OF DONGOLA, THE"
694146,3328.0,3328000.0,MAXWELL STATE BANK
288152,3322.0,3322000.0,"FIRST NATIONAL BANK OF FREDERICK, THE"
270353,3266.0,3266000.0,ARLINGTON STATE BANK
915935,3249.0,3249000.0,CITIZENS BANK OF EDINBURG
783349,3183.0,3183000.0,STATE BANK OF NAUVOO
519874,3172.0,3172000.0,LAMONT BANK OF ST. JOHN
794653,3145.0,3145000.0,"FIRST NATIONAL BANK AT SAINT JAMES, THE"
539872,3137.0,3137000.0,"TRUSTTEXAS BANK, S.S.B."
706450,3125.0,3125000.0,LAKE COUNTRY COMMUNITY BANK
424437,3102.0,3102000.0,CAMPUS STATE BANK
418436,3063.0,3063000.0,PEOPLES BANK OF MACON
2337335,3056.0,3056000.0,"UMB BANK & TRUST, NATIONAL ASSOCIATION"
32234,3022.0,3022000.0,FIRST NATIONAL BANK AND TRUST COMPANY
33370,3012.0,3012000.0,"HOME SAVINGS BANK, FSB"
3268173,2981.0,2981000.0,EMIGRANT MERCANTILE BANK
768476,2974.0,2974000.0,CONNECT COMMUNITY BANK
514057,2962.0,2962000.0,NEBRASKA STATE BANK
981350,2962.0,2962000.0,DICKINSON COUNTY BANK
177555,2933.0,2933000.0,CORN GROWERS STATE BANK
731957,2795.0,2795000.0,"FIRST NATIONAL BANK OF PROCTOR, THE"
490955,2794.0,2794000.0,"WALTON STATE BANK, THE"
959630,2783.0,2783000.0,BANK OF LUMBER CITY
818559,2769.0,2769000.0,"FIRST STATE BANK OF RED WING, THE"
811457,2761.0,2761000.0,"FIRST NATIONAL BANK OF LIPAN, THE"
441470,2743.0,2743000.0,FIRST FEDERAL SAVINGS AND LOAN ASSOCIATION
918776,2676.0,2676000.0,NEW FOUNDATION SAVINGS BANK
838155,2646.0,2646000.0,"PEOPLES STATE BANK, FAIRMOUNT, NORTH DAKOTA"
652959,2567.0,2567000.0,FARMERS STATE BANK
469250,2492.0,2492000.0,PRESCOTT STATE BANK
2877484,2482.0,2482000.0,BHM BANK
295646,2360.0,2360000.0,FARMERS STATE BANK OF MEDORA
836656,2342.0,2342000.0,FARMERS AND MERCHANTS BANK
604033,2331.0,2331000.0,"FIRST NATIONAL BANK OF ASSUMPTION, THE"
943152,2326.0,2326000.0,"FIRST STATE BANK OF FOUNTAIN, THE"
577230,2314.0,2314000.0,TALBOT STATE BANK
274025,2289.0,2289000.0,MT. VICTORY STATE BANK
273859,2287.0,2287000.0,FARMERS AND MERCHANTS BANK
910079,2229.0,2229000.0,"EQUITABLE SAVINGS AND LOAN COMPANY, THE"
971379,2196.0,2196000.0,"HERTFORD SAVINGS BANK, SSB"
921936,2196.0,2196000.0,FARMERS STATE BANK
225942,2101.0,2101000.0,HERITAGE BANK
67254,2038.0,2038000.0,YOUNG AMERICANS BANK
185251,2037.0,2037000.0,"FIRST NATIONAL BANK OF FLETCHER, THE"
976954,2027.0,2027000.0,FARMERS STATE BANK
855303,1975.0,1975000.0,"CITIZENS NATIONAL BANK OF HAMMOND, THE"
602842,1888.0,1888000.0,DYSART STATE BANK
286251,1882.0,1882000.0,BANK OF VICI
384353,1861.0,1861000.0,BANK OF STEINAUER
991854,1791.0,1791000.0,PEOPLES STATE BANK
885579,1709.0,1709000.0,TIOGA-FRANKLIN SAVINGS BANK
78559,1592.0,1592000.0,SUMMIT NATIONAL BANK
767246,1573.0,1573000.0,CHESTERFIELD STATE BANK
799939,1526.0,1526000.0,HARTSBURG STATE BANK
857811,1515.0,1515000.0,MAUCH CHUNK TRUST COMPANY
140634,1338.0,1338000.0,FIRST STATE BANK OF RANDOLPH COUNTY
226949,1327.0,1327000.0,GRAND RIVERS COMMUNITY BANK
596277,1281.0,1281000.0,COLUMBIA SAVINGS AND LOAN ASSOCIATION
403254,1071.0,1071000.0,"TRANSACT BANK, NATIONAL ASSOCIATION"
289225,973.0,973000.0,"UNION BANKING COMPANY, THE"
21256,895.0,895000.0,STATE BANK OF BURRTON
382274,67.0,67000.0,KENTLAND FEDERAL SAVINGS AND LOAN ASSOCIATION
373601,-17116.0,-17116000.0,UNION COUNTY SAVINGS BANK
