rssd_id,total_equity_capital,total_equity_capital_usd
852218,335931000.0,335931000000.0
480228,241710000.0,241710000000.0
451965,173016000.0,173016000000.0
476810,171401000.0,171401000000.0
112837,97280000.0,97280000000.0
504713,67968276.0,67968276000.0
2182786,63958000.0,63958000000.0
852320,63082000.0,63082000000.0
817824,59440316.0,59440316000.0
497404,50028687.0,50028687000.0
1456501,41955000.0,41955000000.0
75633,37611001.0,37611001000.0
723112,37413000.0,37413000000.0
12311,33143721.0,33143721000.0
541101,29100000.0,29100000000.0
35301,28711000.0,28711000000.0
501105,28171000.0,28171000000.0
3303298,26651224.0,26651224000.0
491224,23476000.0,23476000000.0
1394676,19007749.0,19007749000.0
280110,18841264.0,18841264000.0
2489805,18425000.0,18425000000.0
3150447,18260000.0,18260000000.0
233031,18064000.0,18064000000.0
413208,16439241.0,16439241000.0
3284070,15378000.0,15378000000.0
1216022,14688000.0,14688000000.0
2925666,14486990.0,14486990000.0
722777,13611611.0,13611611000.0
63069,11687991.0,11687991000.0
210434,11546963.0,11546963000.0
1842065,11331822.0,11331822000.0
214807,9862000.0,9862000000.0
761806,9669972.0,9669972000.0
1929247,9590534.0,9590534000.0
485559,9404506.0,9404506000.0
3212149,9037413.0,9037413000.0
229801,8231825.0,8231825000.0
197478,8218667.0,8218667000.0
208244,8213684.0,8213684000.0
694904,8120652.0,8120652000.0
664756,8018697.0,8018697000.0
143662,7965503.0,7965503000.0
3138146,7718589.0,7718589000.0
936855,7675387.0,7675387000.0
276579,7295506.0,7295506000.0
379920,6758324.0,6758324000.0
2980209,6537000.0,6537000000.0
962966,6326023.0,6326023000.0
107244,6156210.0,6156210000.0
693224,5759867.0,5759867000.0
339858,5595833.0,5595833000.0
365325,5588486.0,5588486000.0
619877,5571000.0,5571000000.0
917742,4831236.0,4831236000.0
288853,4556491.0,4556491000.0
682563,4524619.0,4524619000.0
463735,4348018.0,4348018000.0
2634191,4261906.0,4261906000.0
645625,4189598.0,4189598000.0
2735146,4176323.0,4176323000.0
749242,4101456.0,4101456000.0
595270,4084668.0,4084668000.0
128904,4069197.0,4069197000.0
764030,4049054.0,4049054000.0
456045,4022556.0,4022556000.0
494261,3909677.0,3909677000.0
613008,3894664.0,3894664000.0
527954,3873637.0,3873637000.0
601050,3831715.0,3831715000.0
940311,3813000.0,3813000000.0
2121196,3765538.0,3765538000.0
2618780,3623133.0,3623133000.0
1444021,3568437.0,3568437000.0
474919,3533824.0,3533824000.0
934329,3527000.0,3527000000.0
1017939,3386971.0,3386971000.0
2193616,3285057.0,3285057000.0
659855,3267869.0,3267869000.0
204004,3200744.0,3200744000.0
663245,3200157.0,3200157000.0
3938186,3191890.0,3191890000.0
3202702,3073000.0,3073000000.0
595869,3072117.0,3072117000.0
34537,3032154.0,3032154000.0
3394278,3021095.0,3021095000.0
656377,2996598.0,2996598000.0
814430,2990876.0,2990876000.0
165628,2959898.0,2959898000.0
936462,2927457.0,2927457000.0
3284397,2896864.0,2896864000.0
2797724,2891687.0,2891687000.0
980661,2759143.0,2759143000.0
17147,2711800.0,2711800000.0
2917317,2707033.0,2707033000.0
2567123,2677111.0,2677111000.0
437914,2660496.0,2660496000.0
782306,2510964.0,2510964000.0
416245,2462098.0,2462098000.0
671464,2340087.0,2340087000.0
311845,2317753.0,2317753000.0
2941068,2307196.0,2307196000.0
933966,2295693.0,2295693000.0
2354985,2292297.0,2292297000.0
963945,2256785.0,2256785000.0
342634,2217852.0,2217852000.0
2736291,2125932.0,2125932000.0
1893049,2039000.0,2039000000.0
1001152,2031659.0,2031659000.0
1190476,2010243.0,2010243000.0
436159,2000070.0,2000070000.0
1002878,1975369.0,1975369000.0
352772,1952235.0,1952235000.0
3348888,1941413.0,1941413000.0
1443266,1914000.0,1914000000.0
510871,1898589.0,1898589000.0
702117,1850985.0,1850985000.0
853952,1837236.0,1837236000.0
2850722,1810370.0,1810370000.0
795968,1766233.0,1766233000.0
85472,1762354.0,1762354000.0
470050,1750393.0,1750393000.0
216922,1740064.0,1740064000.0
915878,1739969.0,1739969000.0
3317932,1736592.0,1736592000.0
3224580,1729050.0,1729050000.0
3287660,1706691.0,1706691000.0
2615190,1679668.0,1679668000.0
23504,1667496.0,1667496000.0
3475083,1647755.0,1647755000.0
1225761,1644056.0,1644056000.0
202907,1637751.0,1637751000.0
3579589,1630415.0,1630415000.0
4210227,1628283.0,1628283000.0
871769,1608179.0,1608179000.0
509950,1590098.0,1590098000.0
249612,1577311.0,1577311000.0
489623,1544588.0,1544588000.0
3470239,1503678.0,1503678000.0
42420,1501696.0,1501696000.0
929352,1449675.0,1449675000.0
320119,1444189.0,1444189000.0
936426,1405738.0,1405738000.0
1386251,1397026.0,1397026000.0
129732,1372940.0,1372940000.0
264772,1362131.0,1362131000.0
100562,1358983.0,1358983000.0
3076248,1358805.0,1358805000.0
637451,1352312.0,1352312000.0
918918,1335294.0,1335294000.0
245276,1304754.0,1304754000.0
961624,1295063.0,1295063000.0
688079,1265199.0,1265199000.0
991340,1232524.0,1232524000.0
137915,1215716.0,1215716000.0
577128,1192224.0,1192224000.0
652874,1177717.0,1177717000.0
587800,1174665.0,1174665000.0
3650808,1171333.0,1171333000.0
2652092,1165171.0,1165171000.0
5582846,1161727.0,1161727000.0
229913,1160446.0,1160446000.0
667757,1152007.0,1152007000.0
673440,1135855.0,1135855000.0
474759,1135050.0,1135050000.0
37640,1124368.0,1124368000.0
881478,1122561.0,1122561000.0
174572,1114522.0,1114522000.0
398668,1113451.0,1113451000.0
353555,1102543.0,1102543000.0
317342,1100339.0,1100339000.0
2239288,1097369.0,1097369000.0
316840,1066354.0,1066354000.0
3637685,1061915.0,1061915000.0
1391778,1053954.0,1053954000.0
361167,1051941.0,1051941000.0
3408728,1049120.0,1049120000.0
766164,1039191.0,1039191000.0
3783313,1035165.0,1035165000.0
783648,996441.0,996441000.0
52719,995319.0,995319000.0
58971,988282.0,988282000.0
618807,985268.0,985268000.0
968070,982486.0,982486000.0
83638,979090.0,979090000.0
1176881,960951.0,960951000.0
450856,956018.0,956018000.0
859712,948428.0,948428000.0
2705895,946437.0,946437000.0
2600039,941024.0,941024000.0
399517,940263.0,940263000.0
933621,935191.0,935191000.0
3187630,933686.0,933686000.0
121642,933445.0,933445000.0
762447,933301.0,933301000.0
936136,930255.0,930255000.0
959304,922694.0,922694000.0
354310,916595.0,916595000.0
3783948,911456.0,911456000.0
2916963,910169.0,910169000.0
479268,897924.0,897924000.0
2998576,886590.0,886590000.0
509811,886359.0,886359000.0
435077,883557.0,883557000.0
657365,882329.0,882329000.0
58243,881316.0,881316000.0
139656,879573.0,879573000.0
2858960,872722.0,872722000.0
2992547,869513.0,869513000.0
1917301,863101.0,863101000.0
426534,854228.0,854228000.0
786612,854148.0,854148000.0
913856,848552.0,848552000.0
661308,836173.0,836173000.0
680813,823202.0,823202000.0
433608,802330.0,802330000.0
594947,798992.0,798992000.0
3076220,794395.0,794395000.0
888002,794349.0,794349000.0
339773,791078.0,791078000.0
3630323,783352.0,783352000.0
130541,778223.0,778223000.0
996260,771902.0,771902000.0
412751,770572.0,770572000.0
1918344,770199.0,770199000.0
2362458,769960.0,769960000.0
5278251,769377.0,769377000.0
29878,766168.0,766168000.0
874845,758832.0,758832000.0
930965,757734.0,757734000.0
2700984,751287.0,751287000.0
255659,744952.0,744952000.0
651859,741782.0,741782000.0
28013,736873.0,736873000.0
593007,735662.0,735662000.0
2608754,725831.0,725831000.0
633378,719278.0,719278000.0
811046,718092.0,718092000.0
663834,714119.0,714119000.0
2209553,713936.0,713936000.0
3232204,710629.0,710629000.0
260055,710613.0,710613000.0
758703,704889.0,704889000.0
826956,700003.0,700003000.0
850036,687740.0,687740000.0
2737980,685615.0,685615000.0
1011526,684999.0,684999000.0
236706,682261.0,682261000.0
54973,681470.0,681470000.0
2265456,673101.0,673101000.0
601416,670148.0,670148000.0
272302,668148.0,668148000.0
808260,663574.0,663574000.0
2119773,661217.0,661217000.0
933023,660598.0,660598000.0
3532641,644529.0,644529000.0
391575,643869.0,643869000.0
2471239,643607.0,643607000.0
693345,640022.0,640022000.0
1187001,638267.0,638267000.0
342410,636248.0,636248000.0
701062,635758.0,635758000.0
542528,629946.0,629946000.0
3447576,622111.0,622111000.0
639567,619629.0,619629000.0
3835454,615419.0,615419000.0
697763,614723.0,614723000.0
572374,609744.0,609744000.0
3378773,609046.0,609046000.0
932978,607077.0,607077000.0
278818,606624.0,606624000.0
773247,605286.0,605286000.0
3076453,604080.0,604080000.0
3402913,600903.0,600903000.0
6053129,600608.0,600608000.0
731247,597653.0,597653000.0
725732,591229.0,591229000.0
212577,590135.0,590135000.0
664206,585632.0,585632000.0
159636,584702.0,584702000.0
522605,584298.0,584298000.0
114260,576437.0,576437000.0
933256,573187.0,573187000.0
468806,567664.0,567664000.0
230759,567446.0,567446000.0
253468,563858.0,563858000.0
816603,561398.0,561398000.0
2634351,558174.0,558174000.0
722544,555430.0,555430000.0
809771,547805.0,547805000.0
3109146,546763.0,546763000.0
169653,546151.0,546151000.0
413141,541254.0,541254000.0
707354,541234.0,541234000.0
949154,540068.0,540068000.0
677176,539461.0,539461000.0
77851,534944.0,534944000.0
419406,533969.0,533969000.0
272272,531559.0,531559000.0
660655,530591.0,530591000.0
141556,529600.0,529600000.0
925411,527666.0,527666000.0
384018,526790.0,526790000.0
876634,522432.0,522432000.0
236153,519765.0,519765000.0
56351,519576.0,519576000.0
2508751,516645.0,516645000.0
897170,514836.0,514836000.0
825146,514392.0,514392000.0
2938198,513073.0,513073000.0
2867337,511773.0,511773000.0
1883321,509200.0,509200000.0
324340,509156.0,509156000.0
2562164,507330.0,507330000.0
3437456,501227.0,501227000.0
2353595,500540.0,500540000.0
636771,497636.0,497636000.0
548351,492945.0,492945000.0
1015560,492687.0,492687000.0
913753,492370.0,492370000.0
330855,491150.0,491150000.0
1007015,490379.0,490379000.0
374653,487803.0,487803000.0
161273,485360.0,485360000.0
929978,484460.0,484460000.0
673909,482663.0,482663000.0
2654911,482656.0,482656000.0
3476192,482010.0,482010000.0
2390929,481038.0,481038000.0
557858,478765.0,478765000.0
703767,477341.0,477341000.0
3029589,476302.0,476302000.0
845573,472910.0,472910000.0
3325759,472108.0,472108000.0
474254,471857.0,471857000.0
256553,469536.0,469536000.0
2693264,469431.0,469431000.0
945053,469298.0,469298000.0
900306,468832.0,468832000.0
575254,468364.0,468364000.0
13103,465672.0,465672000.0
355858,465633.0,465633000.0
2576134,464477.0,464477000.0
535753,464197.0,464197000.0
161602,463756.0,463756000.0
99376,463725.0,463725000.0
739560,463020.0,463020000.0
2916534,458818.0,458818000.0
105473,456613.0,456613000.0
933975,456067.0,456067000.0
3401970,449378.0,449378000.0
584920,448895.0,448895000.0
384278,443582.0,443582000.0
3228908,443457.0,443457000.0
1009354,443039.0,443039000.0
662369,439623.0,439623000.0
3449066,438051.0,438051000.0
866000,437460.0,437460000.0
26765,434653.0,434653000.0
717924,431692.0,431692000.0
211271,431367.0,431367000.0
537449,430824.0,430824000.0
914648,430723.0,430723000.0
2758613,430017.0,430017000.0
751656,426118.0,426118000.0
529958,421818.0,421818000.0
2734729,421541.0,421541000.0
460033,421032.0,421032000.0
2044811,420495.0,420495000.0
1001639,418334.0,418334000.0
876700,416929.0,416929000.0
223322,414707.0,414707000.0
2963266,412876.0,412876000.0
439338,410524.0,410524000.0
1436204,408578.0,408578000.0
5210,407202.0,407202000.0
491934,406797.0,406797000.0
911973,406745.0,406745000.0
976703,404982.0,404982000.0
613400,403231.0,403231000.0
1157415,401316.0,401316000.0
971959,397927.0,397927000.0
2694681,397699.0,397699000.0
2849801,397340.0,397340000.0
140362,396165.0,396165000.0
2891622,395779.0,395779000.0
214414,394985.0,394985000.0
3235410,394557.0,394557000.0
3804535,393754.0,393754000.0
376273,392631.0,392631000.0
822556,388714.0,388714000.0
3212402,384935.0,384935000.0
278555,375867.0,375867000.0
657459,374199.0,374199000.0
1447639,374108.0,374108000.0
1718188,373426.0,373426000.0
254317,370040.0,370040000.0
139740,369406.0,369406000.0
842460,367566.0,367566000.0
852544,366837.0,366837000.0
657271,364250.0,364250000.0
110936,364237.0,364237000.0
2743244,364050.0,364050000.0
2298995,361991.0,361991000.0
557317,360622.0,360622000.0
774132,358838.0,358838000.0
1890525,358096.0,358096000.0
428547,355158.0,355158000.0
1018927,354984.0,354984000.0
978118,352961.0,352961000.0
995076,352624.0,352624000.0
3109043,351041.0,351041000.0
2954059,350240.0,350240000.0
507068,350061.0,350061000.0
3189063,349663.0,349663000.0
867650,348134.0,348134000.0
2764212,347961.0,347961000.0
9807,345766.0,345766000.0
895710,345187.0,345187000.0
5514409,342756.0,342756000.0
3437157,342408.0,342408000.0
823478,341103.0,341103000.0
525549,340777.0,340777000.0
779351,340547.0,340547000.0
2808602,340149.0,340149000.0
4457536,340014.0,340014000.0
936583,339662.0,339662000.0
310978,339063.0,339063000.0
324863,335657.0,335657000.0
3281510,335455.0,335455000.0
407506,335004.0,335004000.0
84541,333460.0,333460000.0
160959,333350.0,333350000.0
543262,332169.0,332169000.0
961576,331944.0,331944000.0
328777,331250.0,331250000.0
619701,330967.0,330967000.0
302656,330456.0,330456000.0
599764,327844.0,327844000.0
139843,326648.0,326648000.0
459671,325946.0,325946000.0
2757205,325854.0,325854000.0
762474,324480.0,324480000.0
3017081,323450.0,323450000.0
247140,323246.0,323246000.0
265407,322368.0,322368000.0
233554,321333.0,321333000.0
293053,319461.0,319461000.0
441256,319132.0,319132000.0
443205,318643.0,318643000.0
928421,316264.0,316264000.0
455972,316151.0,316151000.0
1458608,315362.0,315362000.0
3374412,315258.0,315258000.0
671334,314991.0,314991000.0
689209,312988.0,312988000.0
622774,311439.0,311439000.0
648242,309349.0,309349000.0
3158546,308405.0,308405000.0
2142155,307860.0,307860000.0
546003,307459.0,307459000.0
972648,305588.0,305588000.0
232856,304944.0,304944000.0
656470,301522.0,301522000.0
18827,301388.0,301388000.0
3386264,301123.0,301123000.0
201834,299904.0,299904000.0
243375,299874.0,299874000.0
3214059,299683.0,299683000.0
965789,299656.0,299656000.0
536059,299026.0,299026000.0
67656,298695.0,298695000.0
137205,298634.0,298634000.0
3110197,298365.0,298365000.0
2594240,298351.0,298351000.0
176101,298178.0,298178000.0
613950,297911.0,297911000.0
884303,296423.0,296423000.0
1387605,295081.0,295081000.0
539032,293452.0,293452000.0
2339795,292849.0,292849000.0
113601,292778.0,292778000.0
1001648,292110.0,292110000.0
214106,291608.0,291608000.0
42448,291414.0,291414000.0
547840,289216.0,289216000.0
670560,288813.0,288813000.0
3545258,288521.0,288521000.0
3419416,287307.0,287307000.0
237066,286519.0,286519000.0
3404207,285902.0,285902000.0
273336,285031.0,285031000.0
397540,284714.0,284714000.0
237619,283232.0,283232000.0
193809,281944.0,281944000.0
12946,281646.0,281646000.0
785923,281256.0,281256000.0
797775,280382.0,280382000.0
528960,278209.0,278209000.0
670467,277145.0,277145000.0
3851427,276970.0,276970000.0
595430,276941.0,276941000.0
3248849,275721.0,275721000.0
975751,274809.0,274809000.0
3356191,274103.0,274103000.0
3337097,272805.0,272805000.0
345309,272705.0,272705000.0
3216017,272195.0,272195000.0
499501,271101.0,271101000.0
294779,270708.0,270708000.0
3614976,270641.0,270641000.0
2596646,269873.0,269873000.0
3595271,269272.0,269272000.0
564557,267692.0,267692000.0
3447820,267499.0,267499000.0
3016347,266039.0,266039000.0
59316,265933.0,265933000.0
380458,264330.0,264330000.0
234739,263406.0,263406000.0
538802,262702.0,262702000.0
289702,261337.0,261337000.0
422433,261194.0,261194000.0
939249,261001.0,261001000.0
2297998,258927.0,258927000.0
18854,258769.0,258769000.0
3274709,258503.0,258503000.0
771609,258226.0,258226000.0
439404,258102.0,258102000.0
574976,257986.0,257986000.0
3357219,257675.0,257675000.0
1718469,257356.0,257356000.0
552161,257062.0,257062000.0
1494914,256367.0,256367000.0
3146150,256161.0,256161000.0
268006,254057.0,254057000.0
687951,254056.0,254056000.0
86675,253721.0,253721000.0
860053,253513.0,253513000.0
892205,253406.0,253406000.0
154770,252660.0,252660000.0
245016,251407.0,251407000.0
497039,251167.0,251167000.0
498362,251118.0,251118000.0
106359,249607.0,249607000.0
37435,248811.0,248811000.0
5050028,248787.0,248787000.0
233527,247388.0,247388000.0
578255,246294.0,246294000.0
685676,245239.0,245239000.0
403151,245029.0,245029000.0
255574,244700.0,244700000.0
3271799,244622.0,244622000.0
1007819,244341.0,244341000.0
882701,243946.0,243946000.0
200435,243884.0,243884000.0
767974,243444.0,243444000.0
925037,243148.0,243148000.0
583905,241223.0,241223000.0
339072,240484.0,240484000.0
45560,240465.0,240465000.0
275358,239592.0,239592000.0
772008,239550.0,239550000.0
864471,239320.0,239320000.0
5069,238909.0,238909000.0
773470,238756.0,238756000.0
2531991,238206.0,238206000.0
806846,236890.0,236890000.0
247355,234257.0,234257000.0
893855,234166.0,234166000.0
482156,234080.0,234080000.0
2970657,233201.0,233201000.0
546544,232844.0,232844000.0
2132941,232448.0,232448000.0
113003,230994.0,230994000.0
923707,230798.0,230798000.0
318974,230757.0,230757000.0
3793714,230462.0,230462000.0
447100,229244.0,229244000.0
2847142,229196.0,229196000.0
2328137,228986.0,228986000.0
3678857,228706.0,228706000.0
2497181,228628.0,228628000.0
738040,228151.0,228151000.0
709602,227773.0,227773000.0
526452,227288.0,227288000.0
711472,226878.0,226878000.0
626101,226286.0,226286000.0
48374,224640.0,224640000.0
366238,224635.0,224635000.0
110413,224057.0,224057000.0
3437483,222405.0,222405000.0
473266,221692.0,221692000.0
3344321,221268.0,221268000.0
397755,221261.0,221261000.0
677644,221215.0,221215000.0
2736714,219980.0,219980000.0
5859511,219792.0,219792000.0
1445943,219483.0,219483000.0
753324,218318.0,218318000.0
253356,218129.0,218129000.0
962890,217842.0,217842000.0
470452,217327.0,217327000.0
425911,216795.0,216795000.0
923752,216134.0,216134000.0
994435,215898.0,215898000.0
609609,215669.0,215669000.0
433505,215352.0,215352000.0
502849,213925.0,213925000.0
2344753,213570.0,213570000.0
1459717,213515.0,213515000.0
2140348,213039.0,213039000.0
775456,212705.0,212705000.0
279105,212686.0,212686000.0
783161,212455.0,212455000.0
537560,212423.0,212423000.0
51253,211625.0,211625000.0
627108,211484.0,211484000.0
61122,211266.0,211266000.0
2973386,210069.0,210069000.0
786210,209922.0,209922000.0
527600,209728.0,209728000.0
674849,208295.0,208295000.0
65858,207367.0,207367000.0
273662,207078.0,207078000.0
2747587,205899.0,205899000.0
1864197,205338.0,205338000.0
186744,205130.0,205130000.0
309655,204602.0,204602000.0
703552,203775.0,203775000.0
282075,203260.0,203260000.0
418249,202586.0,202586000.0
757377,202484.0,202484000.0
2624400,202408.0,202408000.0
177751,201417.0,201417000.0
6329,201081.0,201081000.0
790543,200462.0,200462000.0
830542,199648.0,199648000.0
423739,199486.0,199486000.0
2068107,199370.0,199370000.0
473042,198278.0,198278000.0
517049,197841.0,197841000.0
804338,196779.0,196779000.0
2785646,196652.0,196652000.0
2947556,196221.0,196221000.0
2482824,195607.0,195607000.0
3807880,195338.0,195338000.0
859002,195302.0,195302000.0
3719648,194516.0,194516000.0
134437,194349.0,194349000.0
645317,193839.0,193839000.0
2332910,193604.0,193604000.0
369659,193193.0,193193000.0
187947,192312.0,192312000.0
326858,191996.0,191996000.0
340135,191583.0,191583000.0
828651,191547.0,191547000.0
69333,191369.0,191369000.0
408642,191340.0,191340000.0
899428,190754.0,190754000.0
771458,190649.0,190649000.0
890742,190498.0,190498000.0
117458,189822.0,189822000.0
1004470,189812.0,189812000.0
716833,189664.0,189664000.0
276850,189630.0,189630000.0
49241,189464.0,189464000.0
3610718,189279.0,189279000.0
2666400,189160.0,189160000.0
631422,188919.0,188919000.0
738769,188833.0,188833000.0
289515,188242.0,188242000.0
3280625,188168.0,188168000.0
3404373,187925.0,187925000.0
881012,187872.0,187872000.0
212522,187790.0,187790000.0
2697963,187705.0,187705000.0
2667920,187118.0,187118000.0
717737,186973.0,186973000.0
2708122,186827.0,186827000.0
242444,186642.0,186642000.0
132107,186427.0,186427000.0
247908,185652.0,185652000.0
3720608,185584.0,185584000.0
958204,185486.0,185486000.0
490450,185101.0,185101000.0
3398623,184942.0,184942000.0
514066,184903.0,184903000.0
1011656,184874.0,184874000.0
960935,184380.0,184380000.0
3608751,184179.0,184179000.0
74140,183968.0,183968000.0
779968,183857.0,183857000.0
508346,183114.0,183114000.0
502111,182464.0,182464000.0
3404506,182050.0,182050000.0
65205,181985.0,181985000.0
856243,181821.0,181821000.0
159971,181317.0,181317000.0
463650,180952.0,180952000.0
481177,180623.0,180623000.0
983457,180619.0,180619000.0
818401,180003.0,180003000.0
3636446,179928.0,179928000.0
403179,179321.0,179321000.0
146663,178773.0,178773000.0
375043,177950.0,177950000.0
214722,176926.0,176926000.0
118156,176780.0,176780000.0
63733,176583.0,176583000.0
2009605,176488.0,176488000.0
844053,176446.0,176446000.0
120609,175837.0,175837000.0
3588424,175487.0,175487000.0
778738,175441.0,175441000.0
44433,175184.0,175184000.0
840363,175120.0,175120000.0
2736219,174934.0,174934000.0
248240,174704.0,174704000.0
4536084,174302.0,174302000.0
150035,174196.0,174196000.0
298218,173697.0,173697000.0
173575,173363.0,173363000.0
3284490,173361.0,173361000.0
1009242,171524.0,171524000.0
220527,171320.0,171320000.0
568470,171191.0,171191000.0
2748502,170764.0,170764000.0
646172,169754.0,169754000.0
600419,169660.0,169660000.0
564052,169651.0,169651000.0
3597211,169118.0,169118000.0
887340,169110.0,169110000.0
290249,169051.0,169051000.0
528849,168676.0,168676000.0
680457,168041.0,168041000.0
524579,167927.0,167927000.0
556936,167841.0,167841000.0
209858,167670.0,167670000.0
758851,167603.0,167603000.0
3465392,167435.0,167435000.0
97804,167420.0,167420000.0
1011638,167382.0,167382000.0
171768,167219.0,167219000.0
734538,167050.0,167050000.0
577137,166604.0,166604000.0
885869,166424.0,166424000.0
921178,166418.0,166418000.0
726953,166411.0,166411000.0
2605566,166367.0,166367000.0
3637247,166094.0,166094000.0
886204,165965.0,165965000.0
1394621,165643.0,165643000.0
304173,165388.0,165388000.0
371924,165278.0,165278000.0
684455,164994.0,164994000.0
754929,164583.0,164583000.0
2625724,164506.0,164506000.0
2806877,164318.0,164318000.0
492650,164020.0,164020000.0
840747,163516.0,163516000.0
507509,163298.0,163298000.0
498317,163224.0,163224000.0
606653,162929.0,162929000.0
589943,162845.0,162845000.0
2686211,162769.0,162769000.0
982142,162755.0,162755000.0
5592340,162671.0,162671000.0
185859,162264.0,162264000.0
754826,162081.0,162081000.0
242976,161893.0,161893000.0
592448,161850.0,161850000.0
933377,161170.0,161170000.0
2880019,161145.0,161145000.0
614313,160962.0,160962000.0
1885932,160761.0,160761000.0
727174,160427.0,160427000.0
323204,160006.0,160006000.0
554857,159921.0,159921000.0
3076604,159275.0,159275000.0
2921659,159048.0,159048000.0
88231,158818.0,158818000.0
3470154,158805.0,158805000.0
101037,158309.0,158309000.0
119779,158250.0,158250000.0
952172,158055.0,158055000.0
163549,157969.0,157969000.0
735441,157000.0,157000000.0
3633173,156641.0,156641000.0
1169650,156336.0,156336000.0
396253,155814.0,155814000.0
372538,155448.0,155448000.0
576608,155434.0,155434000.0
540551,155421.0,155421000.0
738303,154507.0,154507000.0
859141,154270.0,154270000.0
934271,154069.0,154069000.0
765505,153798.0,153798000.0
624778,153516.0,153516000.0
520003,153358.0,153358000.0
2325882,153000.0,153000000.0
1016231,152917.0,152917000.0
594433,152810.0,152810000.0
403946,152484.0,152484000.0
283737,152010.0,152010000.0
972862,151996.0,151996000.0
822042,151693.0,151693000.0
1006148,151596.0,151596000.0
435750,151211.0,151211000.0
959715,150611.0,150611000.0
439356,150531.0,150531000.0
956750,150472.0,150472000.0
261360,150317.0,150317000.0
465618,149831.0,149831000.0
153353,149546.0,149546000.0
783844,149388.0,149388000.0
3350724,148843.0,148843000.0
702612,148780.0,148780000.0
931038,148115.0,148115000.0
763677,146980.0,146980000.0
985479,146917.0,146917000.0
3243282,146880.0,146880000.0
2262718,146843.0,146843000.0
207050,146793.0,146793000.0
831008,146552.0,146552000.0
601658,146364.0,146364000.0
348720,146219.0,146219000.0
972732,145943.0,145943000.0
852713,145814.0,145814000.0
3623110,145383.0,145383000.0
3435948,145340.0,145340000.0
286457,145004.0,145004000.0
99536,144948.0,144948000.0
196800,144832.0,144832000.0
444350,144351.0,144351000.0
3141726,144318.0,144318000.0
3388482,144058.0,144058000.0
869663,143992.0,143992000.0
1162017,143981.0,143981000.0
879457,143725.0,143725000.0
589523,143528.0,143528000.0
770657,143478.0,143478000.0
1013070,143317.0,143317000.0
60330,143145.0,143145000.0
995272,143141.0,143141000.0
1228034,143054.0,143054000.0
856748,143048.0,143048000.0
279954,142563.0,142563000.0
5210989,142295.0,142295000.0
930358,142092.0,142092000.0
928618,142024.0,142024000.0
3529315,141682.0,141682000.0
956938,140867.0,140867000.0
162337,140704.0,140704000.0
565750,140096.0,140096000.0
215662,140058.0,140058000.0
729310,139717.0,139717000.0
2451240,139700.0,139700000.0
67209,139593.0,139593000.0
228000,139300.0,139300000.0
340144,139297.0,139297000.0
593052,139294.0,139294000.0
307679,139245.0,139245000.0
300063,139165.0,139165000.0
3384952,139105.0,139105000.0
384652,138949.0,138949000.0
3052813,138649.0,138649000.0
61355,138376.0,138376000.0
139553,138370.0,138370000.0
900502,138057.0,138057000.0
632607,137579.0,137579000.0
845247,137495.0,137495000.0
3297490,137466.0,137466000.0
397531,136943.0,136943000.0
234355,136815.0,136815000.0
930442,136772.0,136772000.0
771140,136482.0,136482000.0
1469677,136436.0,136436000.0
154154,136428.0,136428000.0
17978,136319.0,136319000.0
594853,136228.0,136228000.0
195111,136067.0,136067000.0
648130,135956.0,135956000.0
362717,135954.0,135954000.0
498531,135721.0,135721000.0
777366,135384.0,135384000.0
784159,135329.0,135329000.0
283867,135256.0,135256000.0
339607,135165.0,135165000.0
3971,135020.0,135020000.0
2719810,134988.0,134988000.0
833404,134864.0,134864000.0
666554,134526.0,134526000.0
3320781,134338.0,134338000.0
427353,134178.0,134178000.0
419675,134075.0,134075000.0
311050,133775.0,133775000.0
27070,133498.0,133498000.0
716374,133422.0,133422000.0
133971,133405.0,133405000.0
311603,133246.0,133246000.0
613558,132958.0,132958000.0
68756,132954.0,132954000.0
2997748,132876.0,132876000.0
3688043,132754.0,132754000.0
304913,132744.0,132744000.0
873259,132563.0,132563000.0
582971,132550.0,132550000.0
186717,132522.0,132522000.0
790918,132241.0,132241000.0
998844,132191.0,132191000.0
314257,131845.0,131845000.0
927479,131502.0,131502000.0
596062,131357.0,131357000.0
45551,131227.0,131227000.0
428060,131150.0,131150000.0
7009,130108.0,130108000.0
759045,129717.0,129717000.0
94522,129456.0,129456000.0
867632,129443.0,129443000.0
982348,129320.0,129320000.0
699105,129120.0,129120000.0
270504,128868.0,128868000.0
671558,128675.0,128675000.0
3284445,128661.0,128661000.0
176464,128655.0,128655000.0
517357,128493.0,128493000.0
610128,128353.0,128353000.0
5135,128016.0,128016000.0
189129,127769.0,127769000.0
2833882,127750.0,127750000.0
1016259,127540.0,127540000.0
113740,127462.0,127462000.0
39327,127398.0,127398000.0
1396764,126730.0,126730000.0
901938,126580.0,126580000.0
980531,126516.0,126516000.0
113441,126491.0,126491000.0
812557,126057.0,126057000.0
2953418,125760.0,125760000.0
31255,125400.0,125400000.0
99442,125367.0,125367000.0
501459,125312.0,125312000.0
933041,125190.0,125190000.0
3066025,124958.0,124958000.0
517674,124958.0,124958000.0
2785477,124624.0,124624000.0
74403,124602.0,124602000.0
928056,124490.0,124490000.0
3068579,124423.0,124423000.0
754853,124232.0,124232000.0
592644,124156.0,124156000.0
1001059,124004.0,124004000.0
56717,124000.0,124000000.0
283438,123509.0,123509000.0
2732,123448.0,123448000.0
682143,123279.0,123279000.0
536554,122986.0,122986000.0
701222,122964.0,122964000.0
301800,122873.0,122873000.0
447070,122719.0,122719000.0
779016,122332.0,122332000.0
279842,122297.0,122297000.0
300009,121930.0,121930000.0
5205819,121926.0,121926000.0
151957,121762.0,121762000.0
2915461,121658.0,121658000.0
908553,121650.0,121650000.0
3268249,121225.0,121225000.0
63573,121125.0,121125000.0
208057,120724.0,120724000.0
561659,120286.0,120286000.0
852704,120257.0,120257000.0
631570,120189.0,120189000.0
955977,119979.0,119979000.0
548771,119855.0,119855000.0
401906,119592.0,119592000.0
150727,119581.0,119581000.0
125855,119557.0,119557000.0
898627,119554.0,119554000.0
886624,119460.0,119460000.0
100357,119423.0,119423000.0
3015939,119194.0,119194000.0
83375,118999.0,118999000.0
585749,118851.0,118851000.0
3821822,118793.0,118793000.0
780218,118471.0,118471000.0
2716088,118381.0,118381000.0
301574,118373.0,118373000.0
329345,118078.0,118078000.0
2869162,117949.0,117949000.0
483274,117814.0,117814000.0
2358769,117805.0,117805000.0
550279,117593.0,117593000.0
894348,117223.0,117223000.0
436953,117114.0,117114000.0
732178,117028.0,117028000.0
980960,116868.0,116868000.0
2465881,116836.0,116836000.0
245557,116801.0,116801000.0
4845861,116781.0,116781000.0
2826017,116760.0,116760000.0
635907,116718.0,116718000.0
33259,116584.0,116584000.0
47247,116376.0,116376000.0
3290240,116109.0,116109000.0
313577,116087.0,116087000.0
429487,116052.0,116052000.0
75259,116005.0,116005000.0
3386536,115835.0,115835000.0
183770,115701.0,115701000.0
321273,115301.0,115301000.0
938859,115282.0,115282000.0
3619216,115213.0,115213000.0
921039,114838.0,114838000.0
1016857,114813.0,114813000.0
2006024,114777.0,114777000.0
9357,114577.0,114577000.0
594451,114406.0,114406000.0
2515320,114403.0,114403000.0
220974,114239.0,114239000.0
499453,114098.0,114098000.0
2849463,113885.0,113885000.0
183668,113544.0,113544000.0
2661861,113233.0,113233000.0
12030,113103.0,113103000.0
497954,112810.0,112810000.0
865151,112709.0,112709000.0
448040,112670.0,112670000.0
691958,111867.0,111867000.0
2839790,111688.0,111688000.0
3614837,111557.0,111557000.0
606176,111359.0,111359000.0
853804,111256.0,111256000.0
627854,110967.0,110967000.0
382649,110934.0,110934000.0
837970,110854.0,110854000.0
3309571,110819.0,110819000.0
3306280,110673.0,110673000.0
2580243,110603.0,110603000.0
815156,110589.0,110589000.0
583268,110237.0,110237000.0
261940,109958.0,109958000.0
345877,109911.0,109911000.0
1222519,109838.0,109838000.0
90328,109838.0,109838000.0
713926,109749.0,109749000.0
3397233,109737.0,109737000.0
590976,109678.0,109678000.0
531250,109642.0,109642000.0
319551,109613.0,109613000.0
259330,109478.0,109478000.0
137652,109296.0,109296000.0
3391718,109224.0,109224000.0
327855,109028.0,109028000.0
33147,109017.0,109017000.0
327305,108923.0,108923000.0
355120,108838.0,108838000.0
268976,108575.0,108575000.0
150044,108172.0,108172000.0
516855,107993.0,107993000.0
3455227,107908.0,107908000.0
643078,107714.0,107714000.0
738013,107698.0,107698000.0
852973,107437.0,107437000.0
698144,107343.0,107343000.0
1414819,107313.0,107313000.0
111205,107169.0,107169000.0
536527,107019.0,107019000.0
343903,106908.0,106908000.0
115575,106765.0,106765000.0
3374382,106765.0,106765000.0
257233,106467.0,106467000.0
526519,106379.0,106379000.0
5349218,106205.0,106205000.0
1007417,106035.0,106035000.0
839068,105949.0,105949000.0
3224375,105518.0,105518000.0
972769,105210.0,105210000.0
669555,105200.0,105200000.0
780722,105161.0,105161000.0
3165357,105052.0,105052000.0
493844,104974.0,104974000.0
191935,104764.0,104764000.0
950178,104747.0,104747000.0
2877345,104711.0,104711000.0
126834,104331.0,104331000.0
88455,104118.0,104118000.0
3671997,104058.0,104058000.0
990352,104054.0,104054000.0
2948058,103923.0,103923000.0
14865,103868.0,103868000.0
680130,103801.0,103801000.0
41825,103747.0,103747000.0
285740,103728.0,103728000.0
18050,103676.0,103676000.0
820048,103127.0,103127000.0
542667,103117.0,103117000.0
715340,103036.0,103036000.0
590640,103033.0,103033000.0
488318,102981.0,102981000.0
3019982,102905.0,102905000.0
561574,102661.0,102661000.0
72258,102637.0,102637000.0
3140822,102614.0,102614000.0
737548,102394.0,102394000.0
466240,102251.0,102251000.0
615217,102215.0,102215000.0
294023,102058.0,102058000.0
466754,102033.0,102033000.0
213471,102003.0,102003000.0
340751,101929.0,101929000.0
498148,101874.0,101874000.0
65559,101873.0,101873000.0
2819167,101700.0,101700000.0
307062,101627.0,101627000.0
590220,101596.0,101596000.0
329952,101115.0,101115000.0
2236821,101024.0,101024000.0
805755,100996.0,100996000.0
2929392,100966.0,100966000.0
51842,100807.0,100807000.0
328357,100719.0,100719000.0
870539,100595.0,100595000.0
544652,100508.0,100508000.0
653611,100434.0,100434000.0
3472046,100332.0,100332000.0
899008,100068.0,100068000.0
1222948,99636.0,99636000.0
414764,99536.0,99536000.0
451273,99513.0,99513000.0
3459207,99435.0,99435000.0
2958972,99336.0,99336000.0
586072,99123.0,99123000.0
976552,99096.0,99096000.0
586027,98767.0,98767000.0
2568063,98750.0,98750000.0
534877,98721.0,98721000.0
616036,98601.0,98601000.0
3821037,98419.0,98419000.0
505,98111.0,98111000.0
2794732,98084.0,98084000.0
94139,98066.0,98066000.0
665865,97957.0,97957000.0
450632,97909.0,97909000.0
291611,97852.0,97852000.0
266945,97823.0,97823000.0
629353,97798.0,97798000.0
950141,97517.0,97517000.0
2797359,97488.0,97488000.0
326979,97469.0,97469000.0
1454,97321.0,97321000.0
639549,96903.0,96903000.0
643340,96847.0,96847000.0
140157,96793.0,96793000.0
1459735,96720.0,96720000.0
637554,96675.0,96675000.0
525053,96573.0,96573000.0
333203,96397.0,96397000.0
3437148,96350.0,96350000.0
898850,96205.0,96205000.0
759625,96141.0,96141000.0
501132,96067.0,96067000.0
3588312,96035.0,96035000.0
262844,96030.0,96030000.0
3153297,95926.0,95926000.0
3404999,95833.0,95833000.0
568359,95658.0,95658000.0
163857,95478.0,95478000.0
467658,95288.0,95288000.0
423449,95203.0,95203000.0
239659,95017.0,95017000.0
2316714,94941.0,94941000.0
2631846,94689.0,94689000.0
3354599,94684.0,94684000.0
450959,94665.0,94665000.0
139478,94552.0,94552000.0
997847,94528.0,94528000.0
614368,94494.0,94494000.0
441050,94490.0,94490000.0
2736451,94322.0,94322000.0
2838207,94248.0,94248000.0
900146,94145.0,94145000.0
391977,94065.0,94065000.0
145844,94050.0,94050000.0
977951,94017.0,94017000.0
615954,93958.0,93958000.0
785147,93668.0,93668000.0
3122994,93661.0,93661000.0
306908,93627.0,93627000.0
376442,93550.0,93550000.0
841838,93455.0,93455000.0
90337,93451.0,93451000.0
915065,93247.0,93247000.0
967046,93157.0,93157000.0
393953,93032.0,93032000.0
1014125,93024.0,93024000.0
5561001,93012.0,93012000.0
824653,92752.0,92752000.0
543459,92636.0,92636000.0
712059,92605.0,92605000.0
722816,92555.0,92555000.0
806958,92507.0,92507000.0
269049,92477.0,92477000.0
576644,92379.0,92379000.0
385471,91645.0,91645000.0
754068,91495.0,91495000.0
5518023,91450.0,91450000.0
888271,91431.0,91431000.0
5192496,91330.0,91330000.0
1000641,91237.0,91237000.0
734350,91195.0,91195000.0
87234,91060.0,91060000.0
538473,91030.0,91030000.0
341310,90912.0,90912000.0
831642,90857.0,90857000.0
529341,90813.0,90813000.0
749635,90812.0,90812000.0
924236,90734.0,90734000.0
3040418,90557.0,90557000.0
636276,90540.0,90540000.0
884358,90483.0,90483000.0
884442,90173.0,90173000.0
587677,89972.0,89972000.0
2745426,89734.0,89734000.0
916745,89653.0,89653000.0
3184228,89592.0,89592000.0
3404467,89508.0,89508000.0
1188772,89507.0,89507000.0
219651,89095.0,89095000.0
920854,89069.0,89069000.0
3472859,88879.0,88879000.0
145545,88789.0,88789000.0
455459,88783.0,88783000.0
3482111,88767.0,88767000.0
2667957,88719.0,88719000.0
408875,88703.0,88703000.0
3194692,88633.0,88633000.0
3045383,88507.0,88507000.0
495419,88480.0,88480000.0
67151,88330.0,88330000.0
819453,88254.0,88254000.0
2771694,87937.0,87937000.0
895055,87912.0,87912000.0
918477,87819.0,87819000.0
56548,87736.0,87736000.0
344647,87705.0,87705000.0
111942,87643.0,87643000.0
3224302,87615.0,87615000.0
917555,87280.0,87280000.0
160360,87113.0,87113000.0
477321,86976.0,86976000.0
98463,86737.0,86737000.0
2943615,86404.0,86404000.0
3368925,86123.0,86123000.0
979629,85642.0,85642000.0
2233875,85639.0,85639000.0
3340725,85624.0,85624000.0
2539960,85462.0,85462000.0
397559,85383.0,85383000.0
532042,85345.0,85345000.0
106452,85276.0,85276000.0
3357385,85118.0,85118000.0
3488579,85015.0,85015000.0
545604,84972.0,84972000.0
944355,84676.0,84676000.0
3690121,84579.0,84579000.0
953535,84459.0,84459000.0
844567,84341.0,84341000.0
455552,84266.0,84266000.0
505550,84235.0,84235000.0
207872,84162.0,84162000.0
479839,84121.0,84121000.0
3166699,83958.0,83958000.0
142955,83768.0,83768000.0
609476,83651.0,83651000.0
264455,83418.0,83418000.0
696430,83378.0,83378000.0
540775,83153.0,83153000.0
59352,83149.0,83149000.0
345756,83022.0,83022000.0
3555248,82957.0,82957000.0
239556,82930.0,82930000.0
459372,82917.0,82917000.0
458544,82807.0,82807000.0
839572,82800.0,82800000.0
785950,82744.0,82744000.0
671147,82711.0,82711000.0
417626,82550.0,82550000.0
3272956,82482.0,82482000.0
3428258,82459.0,82459000.0
935250,82424.0,82424000.0
853671,82182.0,82182000.0
934673,82084.0,82084000.0
2919898,82024.0,82024000.0
340256,82003.0,82003000.0
711801,81993.0,81993000.0
447557,81930.0,81930000.0
3039636,81833.0,81833000.0
192857,81783.0,81783000.0
42372,81713.0,81713000.0
760854,81558.0,81558000.0
254849,81453.0,81453000.0
514655,81382.0,81382000.0
1013744,81376.0,81376000.0
5227101,81324.0,81324000.0
702911,81178.0,81178000.0
333856,81157.0,81157000.0
340742,80987.0,80987000.0
277820,80967.0,80967000.0
3729124,80950.0,80950000.0
988153,80942.0,80942000.0
27847,80936.0,80936000.0
1003839,80878.0,80878000.0
739355,80838.0,80838000.0
55970,80794.0,80794000.0
3217957,80691.0,80691000.0
718145,80628.0,80628000.0
3314043,80623.0,80623000.0
991621,80605.0,80605000.0
549862,80491.0,80491000.0
797140,80461.0,80461000.0
169756,80414.0,80414000.0
663955,80341.0,80341000.0
29636,80335.0,80335000.0
92676,80260.0,80260000.0
2903123,80220.0,80220000.0
574949,80219.0,80219000.0
166652,79944.0,79944000.0
3547896,79940.0,79940000.0
1002373,79937.0,79937000.0
491402,79919.0,79919000.0
100236,79827.0,79827000.0
57451,79749.0,79749000.0
2787770,79708.0,79708000.0
1000052,79707.0,79707000.0
487357,79566.0,79566000.0
3267738,79253.0,79253000.0
296456,79077.0,79077000.0
872047,79077.0,79077000.0
835743,78995.0,78995000.0
695349,78879.0,78879000.0
791821,78856.0,78856000.0
366078,78844.0,78844000.0
125154,78838.0,78838000.0
441359,78655.0,78655000.0
1017425,78604.0,78604000.0
242257,78550.0,78550000.0
550635,78255.0,78255000.0
363657,78229.0,78229000.0
583352,78208.0,78208000.0
888552,78185.0,78185000.0
215345,78153.0,78153000.0
3293540,78144.0,78144000.0
5382514,78106.0,78106000.0
246134,77948.0,77948000.0
922559,77943.0,77943000.0
2649177,77915.0,77915000.0
448554,77797.0,77797000.0
743679,77753.0,77753000.0
295011,77715.0,77715000.0
413646,77699.0,77699000.0
228158,77528.0,77528000.0
827560,77384.0,77384000.0
891226,77361.0,77361000.0
5136959,77298.0,77298000.0
345747,77260.0,77260000.0
724744,77257.0,77257000.0
888833,77170.0,77170000.0
863746,77133.0,77133000.0
1005075,77126.0,77126000.0
144052,77114.0,77114000.0
1863097,76981.0,76981000.0
625159,76922.0,76922000.0
767732,76747.0,76747000.0
832546,76630.0,76630000.0
500256,76625.0,76625000.0
93543,76623.0,76623000.0
227151,76548.0,76548000.0
238737,76539.0,76539000.0
86349,76520.0,76520000.0
721350,76492.0,76492000.0
561145,76490.0,76490000.0
721949,76420.0,76420000.0
246956,76414.0,76414000.0
898579,76412.0,76412000.0
494654,76349.0,76349000.0
262358,76324.0,76324000.0
890050,76244.0,76244000.0
859552,76217.0,76217000.0
1011955,76186.0,76186000.0
775054,76027.0,76027000.0
481627,76013.0,76013000.0
210238,75885.0,75885000.0
3816190,75858.0,75858000.0
199463,75823.0,75823000.0
3288452,75812.0,75812000.0
511832,75797.0,75797000.0
131436,75757.0,75757000.0
824671,75723.0,75723000.0
5461,75719.0,75719000.0
3174920,75666.0,75666000.0
2954497,75656.0,75656000.0
75446,75646.0,75646000.0
361055,75516.0,75516000.0
1008674,75501.0,75501000.0
909055,75468.0,75468000.0
2687487,75426.0,75426000.0
100777,75380.0,75380000.0
518037,75330.0,75330000.0
580155,75195.0,75195000.0
507152,75165.0,75165000.0
618740,75085.0,75085000.0
429021,75081.0,75081000.0
473930,75043.0,75043000.0
252041,74915.0,74915000.0
147923,74807.0,74807000.0
961400,74795.0,74795000.0
647218,74619.0,74619000.0
121651,74481.0,74481000.0
875936,74344.0,74344000.0
61757,74237.0,74237000.0
248455,73977.0,73977000.0
3466988,73834.0,73834000.0
420578,73802.0,73802000.0
153054,73802.0,73802000.0
812436,73723.0,73723000.0
277240,73681.0,73681000.0
209148,73661.0,73661000.0
353238,73551.0,73551000.0
869551,73541.0,73541000.0
101671,73464.0,73464000.0
347956,73378.0,73378000.0
514048,73327.0,73327000.0
3626858,73267.0,73267000.0
90579,73242.0,73242000.0
182951,73187.0,73187000.0
205243,73037.0,73037000.0
561864,72768.0,72768000.0
951102,72752.0,72752000.0
2820604,72713.0,72713000.0
660927,72690.0,72690000.0
241157,72637.0,72637000.0
913146,72576.0,72576000.0
339456,72347.0,72347000.0
3690635,72252.0,72252000.0
556459,72196.0,72196000.0
305442,72095.0,72095000.0
542340,72064.0,72064000.0
999935,72004.0,72004000.0
3348468,71924.0,71924000.0
47500,71898.0,71898000.0
809276,71738.0,71738000.0
678070,71728.0,71728000.0
2756909,71704.0,71704000.0
2791085,71511.0,71511000.0
333650,71447.0,71447000.0
584724,71431.0,71431000.0
370020,71361.0,71361000.0
596156,71199.0,71199000.0
144913,71123.0,71123000.0
317379,70891.0,70891000.0
5686089,70886.0,70886000.0
312244,70862.0,70862000.0
763930,70736.0,70736000.0
2667939,70735.0,70735000.0
583754,70648.0,70648000.0
55336,70523.0,70523000.0
651448,70429.0,70429000.0
2371816,70277.0,70277000.0
984258,70196.0,70196000.0
208459,70139.0,70139000.0
937740,70114.0,70114000.0
710176,70101.0,70101000.0
2835103,70066.0,70066000.0
735067,70051.0,70051000.0
3821626,70031.0,70031000.0
943675,70010.0,70010000.0
326344,69994.0,69994000.0
133579,69837.0,69837000.0
404653,69806.0,69806000.0
444556,69727.0,69727000.0
379649,69716.0,69716000.0
489548,69689.0,69689000.0
820301,69468.0,69468000.0
954279,69434.0,69434000.0
837608,69382.0,69382000.0
203043,69249.0,69249000.0
197302,69207.0,69207000.0
521158,69147.0,69147000.0
382537,69082.0,69082000.0
637170,69067.0,69067000.0
483751,69055.0,69055000.0
5788705,69038.0,69038000.0
2775179,69010.0,69010000.0
2163477,68996.0,68996000.0
451068,68986.0,68986000.0
803649,68946.0,68946000.0
729011,68885.0,68885000.0
188430,68736.0,68736000.0
2339599,68659.0,68659000.0
3593307,68486.0,68486000.0
3832127,68484.0,68484000.0
868956,68484.0,68484000.0
908861,68452.0,68452000.0
697231,68434.0,68434000.0
34742,68426.0,68426000.0
662949,68344.0,68344000.0
262741,68220.0,68220000.0
2858492,68186.0,68186000.0
414102,68158.0,68158000.0
334264,68150.0,68150000.0
925653,68125.0,68125000.0
982553,68109.0,68109000.0
815277,67997.0,67997000.0
604024,67954.0,67954000.0
332224,67848.0,67848000.0
17950,67838.0,67838000.0
565170,67827.0,67827000.0
734613,67791.0,67791000.0
632858,67668.0,67668000.0
496845,67458.0,67458000.0
770853,67385.0,67385000.0
694847,67377.0,67377000.0
459130,67374.0,67374000.0
455253,67324.0,67324000.0
911160,67237.0,67237000.0
1007734,67212.0,67212000.0
1007873,67179.0,67179000.0
944627,67177.0,67177000.0
416674,67176.0,67176000.0
73116,67154.0,67154000.0
597313,67130.0,67130000.0
575834,67102.0,67102000.0
689357,67017.0,67017000.0
790271,66926.0,66926000.0
2398701,66918.0,66918000.0
697156,66891.0,66891000.0
1629903,66839.0,66839000.0
208570,66833.0,66833000.0
3349241,66821.0,66821000.0
114840,66807.0,66807000.0
472616,66804.0,66804000.0
259442,66721.0,66721000.0
54058,66599.0,66599000.0
510938,66597.0,66597000.0
97055,66571.0,66571000.0
683449,66556.0,66556000.0
833749,66489.0,66489000.0
3655933,66488.0,66488000.0
728948,66433.0,66433000.0
1940747,66431.0,66431000.0
573036,66417.0,66417000.0
632410,66374.0,66374000.0
2713920,66234.0,66234000.0
2914268,66182.0,66182000.0
453446,66114.0,66114000.0
3271986,66099.0,66099000.0
640246,66023.0,66023000.0
3185896,66001.0,66001000.0
124344,65990.0,65990000.0
945071,65937.0,65937000.0
3636914,65910.0,65910000.0
2815879,65863.0,65863000.0
63050,65673.0,65673000.0
947749,65651.0,65651000.0
251745,65644.0,65644000.0
330239,65627.0,65627000.0
630658,65411.0,65411000.0
387671,65407.0,65407000.0
906241,65391.0,65391000.0
575759,65169.0,65169000.0
513256,65163.0,65163000.0
713476,65133.0,65133000.0
244149,65102.0,65102000.0
524971,65016.0,65016000.0
76854,64977.0,64977000.0
307361,64845.0,64845000.0
1481745,64819.0,64819000.0
980773,64796.0,64796000.0
905356,64767.0,64767000.0
24949,64715.0,64715000.0
256058,64627.0,64627000.0
910118,64568.0,64568000.0
598002,64476.0,64476000.0
390372,64323.0,64323000.0
2729677,64303.0,64303000.0
819556,64264.0,64264000.0
698649,64250.0,64250000.0
120542,64187.0,64187000.0
880855,64179.0,64179000.0
720746,64133.0,64133000.0
274829,64082.0,64082000.0
458665,64027.0,64027000.0
100843,64020.0,64020000.0
303952,64007.0,64007000.0
72678,63854.0,63854000.0
268828,63850.0,63850000.0
355559,63812.0,63812000.0
670878,63788.0,63788000.0
779650,63788.0,63788000.0
2756730,63767.0,63767000.0
879644,63682.0,63682000.0
553944,63641.0,63641000.0
43351,63525.0,63525000.0
208655,63521.0,63521000.0
579140,63436.0,63436000.0
813853,63401.0,63401000.0
1836701,63374.0,63374000.0
235530,63317.0,63317000.0
3277241,63250.0,63250000.0
44741,63184.0,63184000.0
2505451,63181.0,63181000.0
25357,63034.0,63034000.0
406059,62999.0,62999000.0
830355,62991.0,62991000.0
635840,62966.0,62966000.0
105026,62899.0,62899000.0
299868,62824.0,62824000.0
544335,62800.0,62800000.0
392778,62722.0,62722000.0
1014657,62651.0,62651000.0
870650,62494.0,62494000.0
331076,62299.0,62299000.0
327435,62243.0,62243000.0
93619,62198.0,62198000.0
175140,62195.0,62195000.0
655839,62141.0,62141000.0
218131,62060.0,62060000.0
338646,62034.0,62034000.0
192147,62023.0,62023000.0
882242,61725.0,61725000.0
59370,61454.0,61454000.0
526854,61398.0,61398000.0
382069,61384.0,61384000.0
2849285,61374.0,61374000.0
97943,61343.0,61343000.0
3537897,61287.0,61287000.0
929932,61275.0,61275000.0
80150,61201.0,61201000.0
3216316,61164.0,61164000.0
257578,61061.0,61061000.0
434203,61046.0,61046000.0
321947,60987.0,60987000.0
248633,60923.0,60923000.0
775773,60868.0,60868000.0
3150205,60810.0,60810000.0
282226,60765.0,60765000.0
598048,60745.0,60745000.0
904171,60743.0,60743000.0
66275,60730.0,60730000.0
206174,60692.0,60692000.0
169354,60676.0,60676000.0
989347,60642.0,60642000.0
621357,60604.0,60604000.0
709639,60571.0,60571000.0
804374,60541.0,60541000.0
831576,60461.0,60461000.0
472979,60437.0,60437000.0
975256,60426.0,60426000.0
709143,60380.0,60380000.0
109574,60322.0,60322000.0
108951,60273.0,60273000.0
935308,60185.0,60185000.0
3217331,60102.0,60102000.0
1872941,60070.0,60070000.0
622037,60043.0,60043000.0
244251,59997.0,59997000.0
995517,59989.0,59989000.0
853747,59972.0,59972000.0
3451050,59933.0,59933000.0
3538009,59869.0,59869000.0
659341,59837.0,59837000.0
246022,59783.0,59783000.0
385686,59626.0,59626000.0
262237,59532.0,59532000.0
5342974,59483.0,59483000.0
400141,59449.0,59449000.0
1015850,59361.0,59361000.0
761543,59356.0,59356000.0
361439,59274.0,59274000.0
423159,59204.0,59204000.0
610164,59116.0,59116000.0
722432,59080.0,59080000.0
215710,59065.0,59065000.0
2797162,59030.0,59030000.0
227777,59030.0,59030000.0
761851,58997.0,58997000.0
625065,58981.0,58981000.0
974754,58947.0,58947000.0
284556,58916.0,58916000.0
220059,58900.0,58900000.0
580548,58857.0,58857000.0
69678,58754.0,58754000.0
649342,58671.0,58671000.0
875132,58610.0,58610000.0
179700,58605.0,58605000.0
3546862,58571.0,58571000.0
630555,58540.0,58540000.0
3592047,58447.0,58447000.0
514132,58444.0,58444000.0
536349,58306.0,58306000.0
520423,58280.0,58280000.0
475653,58238.0,58238000.0
320052,58230.0,58230000.0
418100,58187.0,58187000.0
6039,58139.0,58139000.0
251978,58054.0,58054000.0
922344,57935.0,57935000.0
294751,57909.0,57909000.0
701839,57763.0,57763000.0
853934,57701.0,57701000.0
612159,57700.0,57700000.0
823133,57623.0,57623000.0
2907439,57553.0,57553000.0
1155,57526.0,57526000.0
129910,57488.0,57488000.0
386450,57481.0,57481000.0
855741,57455.0,57455000.0
380533,57399.0,57399000.0
71457,57346.0,57346000.0
2505460,57345.0,57345000.0
202514,57341.0,57341000.0
764058,57234.0,57234000.0
3223305,57161.0,57161000.0
345345,57092.0,57092000.0
762773,56958.0,56958000.0
564324,56917.0,56917000.0
2855866,56818.0,56818000.0
732758,56793.0,56793000.0
258306,56645.0,56645000.0
513340,56591.0,56591000.0
87579,56585.0,56585000.0
400365,56541.0,56541000.0
273550,56345.0,56345000.0
975854,56327.0,56327000.0
811747,56267.0,56267000.0
3664588,56030.0,56030000.0
20857,55941.0,55941000.0
460332,55904.0,55904000.0
3629484,55715.0,55715000.0
197142,55613.0,55613000.0
354552,55601.0,55601000.0
309150,55589.0,55589000.0
601443,55482.0,55482000.0
919456,55465.0,55465000.0
261146,55461.0,55461000.0
388557,55455.0,55455000.0
3357620,55424.0,55424000.0
2925620,55400.0,55400000.0
858528,55379.0,55379000.0
1000276,55258.0,55258000.0
543945,55251.0,55251000.0
5313312,55239.0,55239000.0
865544,55145.0,55145000.0
803957,55106.0,55106000.0
591320,55024.0,55024000.0
326054,54990.0,54990000.0
894544,54939.0,54939000.0
2806635,54932.0,54932000.0
608844,54826.0,54826000.0
899343,54819.0,54819000.0
724904,54818.0,54818000.0
3247589,54771.0,54771000.0
317258,54693.0,54693000.0
5805451,54621.0,54621000.0
2668598,54618.0,54618000.0
228345,54613.0,54613000.0
32766,54575.0,54575000.0
335346,54481.0,54481000.0
573335,54400.0,54400000.0
524953,54362.0,54362000.0
81175,54318.0,54318000.0
357937,54299.0,54299000.0
799854,54280.0,54280000.0
624246,54249.0,54249000.0
692704,54186.0,54186000.0
5398355,54092.0,54092000.0
715872,54057.0,54057000.0
482053,54044.0,54044000.0
944047,54023.0,54023000.0
875057,53986.0,53986000.0
571265,53924.0,53924000.0
445955,53842.0,53842000.0
874050,53826.0,53826000.0
958558,53741.0,53741000.0
465038,53712.0,53712000.0
107570,53690.0,53690000.0
475354,53595.0,53595000.0
1015252,53554.0,53554000.0
282824,53514.0,53514000.0
748357,53495.0,53495000.0
828473,53469.0,53469000.0
504311,53467.0,53467000.0
3342671,53398.0,53398000.0
653134,53388.0,53388000.0
748964,53341.0,53341000.0
835770,53242.0,53242000.0
715144,53186.0,53186000.0
902672,53152.0,53152000.0
144678,53141.0,53141000.0
148238,53122.0,53122000.0
646743,53109.0,53109000.0
1669,53069.0,53069000.0
607146,53044.0,53044000.0
510330,53031.0,53031000.0
646556,52955.0,52955000.0
1459799,52878.0,52878000.0
591366,52837.0,52837000.0
664653,52793.0,52793000.0
788559,52793.0,52793000.0
578116,52784.0,52784000.0
5312593,52782.0,52782000.0
5650923,52778.0,52778000.0
306337,52546.0,52546000.0
394259,52545.0,52545000.0
613679,52481.0,52481000.0
3370133,52480.0,52480000.0
3645840,52442.0,52442000.0
477349,52422.0,52422000.0
425845,52419.0,52419000.0
3407084,52358.0,52358000.0
2051127,52345.0,52345000.0
855563,52323.0,52323000.0
178851,52244.0,52244000.0
2989006,52216.0,52216000.0
3412417,52215.0,52215000.0
443353,52057.0,52057000.0
651121,52003.0,52003000.0
625850,51913.0,51913000.0
870913,51865.0,51865000.0
900034,51853.0,51853000.0
1012251,51849.0,51849000.0
310754,51741.0,51741000.0
285852,51606.0,51606000.0
234841,51558.0,51558000.0
539340,51544.0,51544000.0
613156,51534.0,51534000.0
788773,51473.0,51473000.0
594938,51413.0,51413000.0
502652,51399.0,51399000.0
290838,51382.0,51382000.0
672537,51375.0,51375000.0
70638,51332.0,51332000.0
963002,51332.0,51332000.0
136338,51301.0,51301000.0
2619714,51256.0,51256000.0
692946,51253.0,51253000.0
478195,51251.0,51251000.0
593249,51063.0,51063000.0
331713,51006.0,51006000.0
477648,50996.0,50996000.0
538754,50949.0,50949000.0
198149,50877.0,50877000.0
675079,50805.0,50805000.0
410748,50787.0,50787000.0
2857600,50695.0,50695000.0
835257,50689.0,50689000.0
64552,50688.0,50688000.0
2823221,50665.0,50665000.0
5398627,50648.0,50648000.0
623052,50635.0,50635000.0
751852,50592.0,50592000.0
109136,50504.0,50504000.0
228279,50433.0,50433000.0
3350658,50427.0,50427000.0
944337,50389.0,50389000.0
172475,50358.0,50358000.0
14155,50343.0,50343000.0
3721605,50277.0,50277000.0
3812147,50256.0,50256000.0
371362,50184.0,50184000.0
443148,50117.0,50117000.0
11145,50114.0,50114000.0
790703,50105.0,50105000.0
77253,50042.0,50042000.0
442244,49967.0,49967000.0
58636,49958.0,49958000.0
541231,49934.0,49934000.0
246657,49933.0,49933000.0
143859,49894.0,49894000.0
977250,49873.0,49873000.0
193649,49768.0,49768000.0
342054,49766.0,49766000.0
452159,49668.0,49668000.0
126553,49666.0,49666000.0
425818,49664.0,49664000.0
979759,49611.0,49611000.0
3252,49581.0,49581000.0
16551,49546.0,49546000.0
351560,49480.0,49480000.0
676151,49343.0,49343000.0
623454,49320.0,49320000.0
430036,49314.0,49314000.0
306159,49273.0,49273000.0
166111,49244.0,49244000.0
1016718,49231.0,49231000.0
3636428,49217.0,49217000.0
31826,49184.0,49184000.0
2007991,49030.0,49030000.0
499855,48988.0,48988000.0
137447,48976.0,48976000.0
268136,48900.0,48900000.0
407645,48900.0,48900000.0
541857,48869.0,48869000.0
801047,48840.0,48840000.0
568126,48693.0,48693000.0
166531,48664.0,48664000.0
5760439,48578.0,48578000.0
479370,48564.0,48564000.0
262059,48552.0,48552000.0
268677,48516.0,48516000.0
719656,48394.0,48394000.0
396244,48366.0,48366000.0
212018,48340.0,48340000.0
279,48338.0,48338000.0
783246,48279.0,48279000.0
227357,48270.0,48270000.0
714978,48170.0,48170000.0
44040,48160.0,48160000.0
5673191,48142.0,48142000.0
529659,48137.0,48137000.0
2793593,48115.0,48115000.0
907547,48089.0,48089000.0
188056,48057.0,48057000.0
356239,48029.0,48029000.0
683814,48011.0,48011000.0
1479470,48011.0,48011000.0
502746,47955.0,47955000.0
92706,47916.0,47916000.0
546535,47891.0,47891000.0
236957,47681.0,47681000.0
865450,47559.0,47559000.0
652043,47531.0,47531000.0
6095071,47517.0,47517000.0
2396592,47515.0,47515000.0
3440803,47513.0,47513000.0
412845,47508.0,47508000.0
285928,47484.0,47484000.0
750341,47468.0,47468000.0
520777,47456.0,47456000.0
205346,47449.0,47449000.0
866121,47414.0,47414000.0
298245,47314.0,47314000.0
862057,47292.0,47292000.0
552974,47143.0,47143000.0
533124,47127.0,47127000.0
3463875,47061.0,47061000.0
19936,47056.0,47056000.0
2631172,47051.0,47051000.0
134848,47027.0,47027000.0
2914727,46979.0,46979000.0
493741,46978.0,46978000.0
504535,46961.0,46961000.0
815754,46927.0,46927000.0
562058,46880.0,46880000.0
2805535,46859.0,46859000.0
367431,46814.0,46814000.0
3517590,46783.0,46783000.0
1001853,46777.0,46777000.0
389358,46759.0,46759000.0
579364,46730.0,46730000.0
761244,46729.0,46729000.0
109659,46697.0,46697000.0
3720,46660.0,46660000.0
582953,46644.0,46644000.0
839255,46621.0,46621000.0
2819242,46579.0,46579000.0
897648,46573.0,46573000.0
206156,46569.0,46569000.0
830748,46549.0,46549000.0
761459,46545.0,46545000.0
420644,46485.0,46485000.0
933340,46424.0,46424000.0
10250,46319.0,46319000.0
204826,46318.0,46318000.0
900678,46275.0,46275000.0
271529,46206.0,46206000.0
883959,46166.0,46166000.0
829041,46154.0,46154000.0
119872,46125.0,46125000.0
7072,46047.0,46047000.0
5660146,45917.0,45917000.0
867856,45880.0,45880000.0
454546,45850.0,45850000.0
711548,45846.0,45846000.0
877752,45683.0,45683000.0
862141,45674.0,45674000.0
287007,45637.0,45637000.0
1892154,45571.0,45571000.0
783910,45556.0,45556000.0
468673,45486.0,45486000.0
508355,45445.0,45445000.0
2343167,45416.0,45416000.0
3411773,45401.0,45401000.0
638850,45351.0,45351000.0
248745,45314.0,45314000.0
192558,45310.0,45310000.0
278256,45252.0,45252000.0
3470930,45203.0,45203000.0
36933,45197.0,45197000.0
629522,45131.0,45131000.0
602543,45107.0,45107000.0
3603961,45074.0,45074000.0
356752,45009.0,45009000.0
3229875,44970.0,44970000.0
851239,44960.0,44960000.0
188177,44854.0,44854000.0
771878,44841.0,44841000.0
777870,44788.0,44788000.0
696168,44774.0,44774000.0
733559,44646.0,44646000.0
121914,44630.0,44630000.0
752831,44614.0,44614000.0
52951,44548.0,44548000.0
329550,44541.0,44541000.0
430344,44493.0,44493000.0
102342,44490.0,44490000.0
436542,44483.0,44483000.0
367543,44478.0,44478000.0
522669,44473.0,44473000.0
2948423,44346.0,44346000.0
263243,44303.0,44303000.0
173306,44251.0,44251000.0
3034257,44204.0,44204000.0
2002222,44204.0,44204000.0
3410141,44198.0,44198000.0
2505424,44194.0,44194000.0
2871099,44192.0,44192000.0
3720336,44181.0,44181000.0
5574430,44176.0,44176000.0
968744,44126.0,44126000.0
3531176,44071.0,44071000.0
183958,44045.0,44045000.0
548267,44043.0,44043000.0
234506,44031.0,44031000.0
523161,43988.0,43988000.0
101439,43971.0,43971000.0
773443,43851.0,43851000.0
848248,43850.0,43850000.0
1014376,43818.0,43818000.0
5620869,43775.0,43775000.0
628552,43741.0,43741000.0
3786435,43722.0,43722000.0
891253,43650.0,43650000.0
406666,43644.0,43644000.0
3027763,43633.0,43633000.0
966722,43568.0,43568000.0
521970,43545.0,43545000.0
197759,43543.0,43543000.0
382443,43477.0,43477000.0
899642,43423.0,43423000.0
247551,43395.0,43395000.0
357777,43369.0,43369000.0
610913,43261.0,43261000.0
3116519,43225.0,43225000.0
222754,43183.0,43183000.0
715050,43159.0,43159000.0
425108,43153.0,43153000.0
5193989,43066.0,43066000.0
2614344,43064.0,43064000.0
3347603,43046.0,43046000.0
382050,43042.0,43042000.0
2467670,43024.0,43024000.0
58757,43006.0,43006000.0
433943,43006.0,43006000.0
631178,43004.0,43004000.0
975153,42982.0,42982000.0
968249,42933.0,42933000.0
300353,42897.0,42897000.0
58225,42896.0,42896000.0
31134,42889.0,42889000.0
230423,42880.0,42880000.0
617743,42853.0,42853000.0
244158,42821.0,42821000.0
2769570,42787.0,42787000.0
718538,42679.0,42679000.0
463605,42633.0,42633000.0
578741,42608.0,42608000.0
168571,42570.0,42570000.0
857745,42535.0,42535000.0
3347911,42489.0,42489000.0
3070545,42485.0,42485000.0
410560,42484.0,42484000.0
2396604,42483.0,42483000.0
302553,42390.0,42390000.0
865142,42293.0,42293000.0
439132,42289.0,42289000.0
191355,42234.0,42234000.0
289739,42124.0,42124000.0
860259,42123.0,42123000.0
742944,42055.0,42055000.0
880332,42014.0,42014000.0
605656,41990.0,41990000.0
738143,41930.0,41930000.0
961259,41874.0,41874000.0
796152,41851.0,41851000.0
829050,41775.0,41775000.0
597546,41724.0,41724000.0
5412457,41706.0,41706000.0
841753,41681.0,41681000.0
145554,41678.0,41678000.0
736550,41636.0,41636000.0
296474,41632.0,41632000.0
678744,41625.0,41625000.0
653947,41621.0,41621000.0
300933,41574.0,41574000.0
534756,41554.0,41554000.0
686459,41537.0,41537000.0
3567269,41482.0,41482000.0
566243,41455.0,41455000.0
50461,41450.0,41450000.0
552059,41428.0,41428000.0
349343,41425.0,41425000.0
591209,41413.0,41413000.0
194936,41404.0,41404000.0
734248,41403.0,41403000.0
860147,41334.0,41334000.0
173641,41326.0,41326000.0
110945,41322.0,41322000.0
2730431,41292.0,41292000.0
822275,41287.0,41287000.0
217059,41277.0,41277000.0
481159,41228.0,41228000.0
3635029,41196.0,41196000.0
5692473,41194.0,41194000.0
229070,41187.0,41187000.0
382658,41154.0,41154000.0
815147,41090.0,41090000.0
653778,41084.0,41084000.0
32971,41066.0,41066000.0
540056,40990.0,40990000.0
863607,40981.0,40981000.0
20633,40909.0,40909000.0
313223,40902.0,40902000.0
537551,40856.0,40856000.0
5472880,40843.0,40843000.0
869953,40734.0,40734000.0
457426,40732.0,40732000.0
485456,40644.0,40644000.0
3120646,40594.0,40594000.0
1016174,40515.0,40515000.0
207470,40510.0,40510000.0
427241,40498.0,40498000.0
987231,40454.0,40454000.0
932745,40339.0,40339000.0
528102,40334.0,40334000.0
2607412,40329.0,40329000.0
410917,40314.0,40314000.0
725077,40314.0,40314000.0
917050,40274.0,40274000.0
867070,40273.0,40273000.0
17110,40272.0,40272000.0
791942,40253.0,40253000.0
25647,40238.0,40238000.0
41629,40194.0,40194000.0
529275,40163.0,40163000.0
416656,40118.0,40118000.0
365745,40100.0,40100000.0
130345,40086.0,40086000.0
963730,40078.0,40078000.0
989730,40069.0,40069000.0
568939,40065.0,40065000.0
3446225,40032.0,40032000.0
275255,39996.0,39996000.0
827458,39950.0,39950000.0
565143,39916.0,39916000.0
73554,39916.0,39916000.0
152253,39895.0,39895000.0
530655,39888.0,39888000.0
1010015,39871.0,39871000.0
1188987,39835.0,39835000.0
677448,39780.0,39780000.0
79042,39779.0,39779000.0
712956,39708.0,39708000.0
2759629,39690.0,39690000.0
170275,39583.0,39583000.0
755458,39565.0,39565000.0
388744,39513.0,39513000.0
2732565,39487.0,39487000.0
3160978,39478.0,39478000.0
542153,39471.0,39471000.0
959443,39459.0,39459000.0
920975,39454.0,39454000.0
175056,39444.0,39444000.0
609010,39411.0,39411000.0
623874,39408.0,39408000.0
11640,39393.0,39393000.0
5879201,39269.0,39269000.0
3374403,39230.0,39230000.0
124830,39215.0,39215000.0
660271,39197.0,39197000.0
953843,39150.0,39150000.0
114149,39122.0,39122000.0
457060,39121.0,39121000.0
2871558,39109.0,39109000.0
364131,39086.0,39086000.0
266851,39085.0,39085000.0
88352,39084.0,39084000.0
733661,39083.0,39083000.0
2122997,39079.0,39079000.0
2733263,39055.0,39055000.0
597452,39004.0,39004000.0
859655,38922.0,38922000.0
3125557,38922.0,38922000.0
225559,38912.0,38912000.0
465243,38889.0,38889000.0
325141,38842.0,38842000.0
2907019,38812.0,38812000.0
144856,38788.0,38788000.0
364430,38715.0,38715000.0
3296859,38690.0,38690000.0
860334,38644.0,38644000.0
412667,38609.0,38609000.0
176325,38593.0,38593000.0
969255,38522.0,38522000.0
175609,38491.0,38491000.0
858854,38397.0,38397000.0
80374,38365.0,38365000.0
211338,38355.0,38355000.0
87476,38351.0,38351000.0
922924,38264.0,38264000.0
1009756,38206.0,38206000.0
221775,38169.0,38169000.0
1015270,38151.0,38151000.0
780955,38132.0,38132000.0
188720,38132.0,38132000.0
717670,38131.0,38131000.0
837149,38094.0,38094000.0
935559,38087.0,38087000.0
424240,38066.0,38066000.0
2594419,38057.0,38057000.0
514936,38049.0,38049000.0
990642,38040.0,38040000.0
457752,38003.0,38003000.0
469737,37994.0,37994000.0
327556,37975.0,37975000.0
455150,37953.0,37953000.0
253646,37933.0,37933000.0
2939391,37930.0,37930000.0
896155,37899.0,37899000.0
613839,37890.0,37890000.0
320070,37888.0,37888000.0
398837,37875.0,37875000.0
254504,37859.0,37859000.0
2807173,37824.0,37824000.0
3445901,37823.0,37823000.0
901358,37813.0,37813000.0
432058,37807.0,37807000.0
596978,37747.0,37747000.0
2997216,37710.0,37710000.0
855264,37631.0,37631000.0
588348,37614.0,37614000.0
285348,37573.0,37573000.0
361279,37538.0,37538000.0
631150,37525.0,37525000.0
5401273,37492.0,37492000.0
484776,37406.0,37406000.0
456054,37397.0,37397000.0
1493319,37342.0,37342000.0
34555,37324.0,37324000.0
786733,37304.0,37304000.0
230610,37199.0,37199000.0
22543,37194.0,37194000.0
237954,37180.0,37180000.0
760331,37171.0,37171000.0
955959,37161.0,37161000.0
906410,37148.0,37148000.0
3322468,37141.0,37141000.0
148171,37048.0,37048000.0
476472,37018.0,37018000.0
864846,36959.0,36959000.0
864378,36948.0,36948000.0
2913702,36938.0,36938000.0
860352,36901.0,36901000.0
2861317,36897.0,36897000.0
566056,36867.0,36867000.0
126012,36797.0,36797000.0
964157,36762.0,36762000.0
665146,36752.0,36752000.0
937339,36732.0,36732000.0
825847,36728.0,36728000.0
646145,36724.0,36724000.0
693952,36716.0,36716000.0
381932,36709.0,36709000.0
517441,36705.0,36705000.0
42354,36675.0,36675000.0
456755,36618.0,36618000.0
646444,36580.0,36580000.0
940731,36513.0,36513000.0
376947,36486.0,36486000.0
3199811,36480.0,36480000.0
957757,36459.0,36459000.0
480433,36449.0,36449000.0
572655,36414.0,36414000.0
173557,36286.0,36286000.0
621441,36266.0,36266000.0
5397639,36259.0,36259000.0
1218446,36248.0,36248000.0
285151,36213.0,36213000.0
3561771,36204.0,36204000.0
27614,36190.0,36190000.0
370721,36152.0,36152000.0
2754222,36107.0,36107000.0
245351,36064.0,36064000.0
61832,36058.0,36058000.0
4165907,36020.0,36020000.0
723653,36006.0,36006000.0
3594087,35987.0,35987000.0
519360,35975.0,35975000.0
190563,35943.0,35943000.0
336361,35870.0,35870000.0
398248,35868.0,35868000.0
776547,35867.0,35867000.0
645540,35862.0,35862000.0
251558,35861.0,35861000.0
2938787,35861.0,35861000.0
79855,35824.0,35824000.0
579636,35770.0,35770000.0
930853,35747.0,35747000.0
428462,35737.0,35737000.0
3385744,35671.0,35671000.0
3303944,35660.0,35660000.0
5751,35653.0,35653000.0
795548,35615.0,35615000.0
147679,35606.0,35606000.0
90177,35539.0,35539000.0
750051,35529.0,35529000.0
1006513,35487.0,35487000.0
449430,35412.0,35412000.0
2356091,35392.0,35392000.0
746157,35378.0,35378000.0
5906497,35288.0,35288000.0
207452,35285.0,35285000.0
814551,35281.0,35281000.0
452739,35192.0,35192000.0
3120897,35154.0,35154000.0
371223,35116.0,35116000.0
977616,35042.0,35042000.0
5760662,35015.0,35015000.0
825548,35011.0,35011000.0
2718596,34989.0,34989000.0
469559,34965.0,34965000.0
1010574,34947.0,34947000.0
98717,34937.0,34937000.0
303653,34926.0,34926000.0
945026,34882.0,34882000.0
528241,34764.0,34764000.0
137559,34748.0,34748000.0
710859,34708.0,34708000.0
3134698,34676.0,34676000.0
785857,34658.0,34658000.0
800853,34633.0,34633000.0
350750,34631.0,34631000.0
567240,34540.0,34540000.0
138051,34530.0,34530000.0
658474,34490.0,34490000.0
656658,34480.0,34480000.0
347022,34460.0,34460000.0
276645,34454.0,34454000.0
644646,34431.0,34431000.0
787459,34389.0,34389000.0
851631,34372.0,34372000.0
2889227,34331.0,34331000.0
576354,34325.0,34325000.0
225157,34296.0,34296000.0
842376,34190.0,34190000.0
703039,34144.0,34144000.0
572459,34128.0,34128000.0
356659,34123.0,34123000.0
849357,34113.0,34113000.0
822051,34090.0,34090000.0
3591004,34068.0,34068000.0
553038,34052.0,34052000.0
604547,34049.0,34049000.0
644776,34039.0,34039000.0
830113,34034.0,34034000.0
924937,34031.0,34031000.0
458142,34008.0,34008000.0
118736,33983.0,33983000.0
718275,33977.0,33977000.0
280138,33910.0,33910000.0
522753,33894.0,33894000.0
739832,33873.0,33873000.0
570558,33870.0,33870000.0
402846,33867.0,33867000.0
875048,33849.0,33849000.0
119153,33823.0,33823000.0
412153,33740.0,33740000.0
748254,33730.0,33730000.0
2562137,33698.0,33698000.0
1351,33688.0,33688000.0
289757,33683.0,33683000.0
3446784,33681.0,33681000.0
5303724,33652.0,33652000.0
661474,33628.0,33628000.0
966731,33565.0,33565000.0
746755,33560.0,33560000.0
435059,33558.0,33558000.0
3816154,33531.0,33531000.0
3310287,33526.0,33526000.0
872579,33509.0,33509000.0
519146,33465.0,33465000.0
714839,33448.0,33448000.0
109453,33427.0,33427000.0
936640,33415.0,33415000.0
555256,33400.0,33400000.0
576952,33356.0,33356000.0
770639,33336.0,33336000.0
987259,33331.0,33331000.0
368951,33308.0,33308000.0
10849,33297.0,33297000.0
139133,33293.0,33293000.0
828174,33284.0,33284000.0
449935,33284.0,33284000.0
297761,33269.0,33269000.0
908450,33108.0,33108000.0
488653,33101.0,33101000.0
3134399,33088.0,33088000.0
2529176,33086.0,33086000.0
856346,33065.0,33065000.0
666974,33058.0,33058000.0
380878,33037.0,33037000.0
406974,33020.0,33020000.0
102874,33014.0,33014000.0
330949,32991.0,32991000.0
158376,32969.0,32969000.0
535940,32926.0,32926000.0
23456,32903.0,32903000.0
993250,32887.0,32887000.0
222156,32875.0,32875000.0
2597223,32858.0,32858000.0
563233,32812.0,32812000.0
9955,32801.0,32801000.0
93244,32783.0,32783000.0
530851,32766.0,32766000.0
625757,32756.0,32756000.0
285544,32751.0,32751000.0
406022,32716.0,32716000.0
311939,32708.0,32708000.0
324153,32691.0,32691000.0
3468450,32678.0,32678000.0
661223,32677.0,32677000.0
5538937,32650.0,32650000.0
323651,32631.0,32631000.0
787842,32614.0,32614000.0
271275,32613.0,32613000.0
179148,32598.0,32598000.0
744854,32593.0,32593000.0
716954,32590.0,32590000.0
304762,32555.0,32555000.0
3429219,32546.0,32546000.0
99143,32533.0,32533000.0
2860271,32516.0,32516000.0
2643595,32515.0,32515000.0
501767,32510.0,32510000.0
610557,32436.0,32436000.0
931047,32421.0,32421000.0
476539,32342.0,32342000.0
564463,32259.0,32259000.0
780263,32242.0,32242000.0
305077,32222.0,32222000.0
628356,32211.0,32211000.0
434539,32204.0,32204000.0
502559,32158.0,32158000.0
60648,32154.0,32154000.0
311265,32128.0,32128000.0
830645,32107.0,32107000.0
331375,32098.0,32098000.0
942539,32098.0,32098000.0
609467,32090.0,32090000.0
390840,32085.0,32085000.0
919344,31999.0,31999000.0
2161,31944.0,31944000.0
158741,31928.0,31928000.0
709554,31882.0,31882000.0
68831,31847.0,31847000.0
808653,31832.0,31832000.0
905673,31816.0,31816000.0
479071,31780.0,31780000.0
631039,31730.0,31730000.0
837046,31632.0,31632000.0
352745,31580.0,31580000.0
3306598,31552.0,31552000.0
1160509,31547.0,31547000.0
961343,31535.0,31535000.0
3341393,31525.0,31525000.0
640442,31521.0,31521000.0
539377,31517.0,31517000.0
240954,31504.0,31504000.0
325534,31499.0,31499000.0
807656,31496.0,31496000.0
144155,31434.0,31434000.0
639633,31417.0,31417000.0
1000959,31416.0,31416000.0
2963864,31404.0,31404000.0
757452,31403.0,31403000.0
474450,31383.0,31383000.0
28675,31241.0,31241000.0
172457,31241.0,31241000.0
641579,31219.0,31219000.0
49858,31188.0,31188000.0
236603,31154.0,31154000.0
731050,31147.0,31147000.0
901134,31091.0,31091000.0
2775151,31085.0,31085000.0
152440,31078.0,31078000.0
850456,31072.0,31072000.0
3316739,31036.0,31036000.0
307334,31018.0,31018000.0
946555,30924.0,30924000.0
746979,30922.0,30922000.0
479446,30910.0,30910000.0
970055,30871.0,30871000.0
3010363,30862.0,30862000.0
645577,30860.0,30860000.0
257756,30806.0,30806000.0
1404883,30806.0,30806000.0
918954,30780.0,30780000.0
732253,30779.0,30779000.0
3548763,30773.0,30773000.0
293651,30760.0,30760000.0
541754,30757.0,30757000.0
2329200,30731.0,30731000.0
615851,30730.0,30730000.0
605571,30724.0,30724000.0
954671,30641.0,30641000.0
815053,30623.0,30623000.0
741974,30541.0,30541000.0
1014853,30465.0,30465000.0
170332,30462.0,30462000.0
648251,30452.0,30452000.0
2747466,30440.0,30440000.0
988144,30439.0,30439000.0
666844,30430.0,30430000.0
22048,30393.0,30393000.0
3049635,30354.0,30354000.0
480853,30322.0,30322000.0
3067929,30276.0,30276000.0
3470097,30272.0,30272000.0
2328285,30264.0,30264000.0
3438958,30260.0,30260000.0
989141,30240.0,30240000.0
611031,30232.0,30232000.0
235446,30224.0,30224000.0
172859,30217.0,30217000.0
311256,30173.0,30173000.0
692450,30173.0,30173000.0
534466,30158.0,30158000.0
574079,30124.0,30124000.0
849076,30117.0,30117000.0
129349,30076.0,30076000.0
68671,30072.0,30072000.0
5448915,30049.0,30049000.0
164331,30041.0,30041000.0
204237,30027.0,30027000.0
820842,30004.0,30004000.0
2774707,29997.0,29997000.0
94755,29973.0,29973000.0
3309393,29950.0,29950000.0
8462,29946.0,29946000.0
2391588,29944.0,29944000.0
634955,29854.0,29854000.0
118660,29851.0,29851000.0
885252,29812.0,29812000.0
825753,29768.0,29768000.0
454975,29767.0,29767000.0
592550,29737.0,29737000.0
980951,29734.0,29734000.0
2836306,29710.0,29710000.0
615879,29694.0,29694000.0
805876,29677.0,29677000.0
809650,29668.0,29668000.0
776369,29654.0,29654000.0
799751,29623.0,29623000.0
185448,29596.0,29596000.0
148470,29579.0,29579000.0
794345,29563.0,29563000.0
255556,29562.0,29562000.0
436739,29560.0,29560000.0
2687133,29524.0,29524000.0
277277,29435.0,29435000.0
385547,29416.0,29416000.0
979151,29416.0,29416000.0
396954,29414.0,29414000.0
481944,29386.0,29386000.0
656032,29386.0,29386000.0
580874,29339.0,29339000.0
750846,29301.0,29301000.0
659556,29298.0,29298000.0
367178,29195.0,29195000.0
441078,29180.0,29180000.0
851172,29159.0,29159000.0
493152,29104.0,29104000.0
269058,29104.0,29104000.0
243414,29093.0,29093000.0
855844,29076.0,29076000.0
357553,29054.0,29054000.0
435255,29022.0,29022000.0
980438,29008.0,29008000.0
336576,29000.0,29000000.0
424156,28997.0,28997000.0
605610,28977.0,28977000.0
924357,28943.0,28943000.0
244037,28940.0,28940000.0
729842,28939.0,28939000.0
485214,28931.0,28931000.0
925354,28913.0,28913000.0
188449,28908.0,28908000.0
1404481,28893.0,28893000.0
3219269,28869.0,28869000.0
49054,28867.0,28867000.0
5728916,28867.0,28867000.0
233358,28853.0,28853000.0
296755,28831.0,28831000.0
313009,28827.0,28827000.0
614948,28804.0,28804000.0
936837,28795.0,28795000.0
3368635,28792.0,28792000.0
849432,28743.0,28743000.0
278733,28741.0,28741000.0
946274,28717.0,28717000.0
198251,28715.0,28715000.0
715630,28688.0,28688000.0
595337,28672.0,28672000.0
609832,28672.0,28672000.0
324854,28641.0,28641000.0
948531,28640.0,28640000.0
852254,28625.0,28625000.0
58551,28620.0,28620000.0
31835,28619.0,28619000.0
64730,28598.0,28598000.0
332671,28596.0,28596000.0
740249,28578.0,28578000.0
142179,28577.0,28577000.0
583071,28553.0,28553000.0
199137,28551.0,28551000.0
3220863,28536.0,28536000.0
260831,28532.0,28532000.0
265340,28528.0,28528000.0
430054,28518.0,28518000.0
644842,28514.0,28514000.0
5882500,28498.0,28498000.0
554343,28497.0,28497000.0
181963,28457.0,28457000.0
74056,28450.0,28450000.0
738255,28440.0,28440000.0
300942,28426.0,28426000.0
879747,28407.0,28407000.0
20053,28395.0,28395000.0
31657,28370.0,28370000.0
551016,28344.0,28344000.0
319047,28331.0,28331000.0
847157,28309.0,28309000.0
955940,28298.0,28298000.0
2010722,28294.0,28294000.0
3022610,28279.0,28279000.0
3128923,28267.0,28267000.0
3377235,28244.0,28244000.0
296559,28242.0,28242000.0
372855,28238.0,28238000.0
199436,28220.0,28220000.0
749943,28214.0,28214000.0
28152,28210.0,28210000.0
638131,28208.0,28208000.0
4125778,28196.0,28196000.0
672573,28137.0,28137000.0
815772,28133.0,28133000.0
3487947,28118.0,28118000.0
283652,28115.0,28115000.0
533535,28115.0,28115000.0
114457,28109.0,28109000.0
782016,28108.0,28108000.0
275479,28106.0,28106000.0
882952,28082.0,28082000.0
706254,28071.0,28071000.0
654300,28053.0,28053000.0
466044,28000.0,28000000.0
712648,27880.0,27880000.0
160454,27871.0,27871000.0
137643,27841.0,27841000.0
2873598,27841.0,27841000.0
678454,27827.0,27827000.0
616540,27808.0,27808000.0
219044,27785.0,27785000.0
194440,27778.0,27778000.0
67142,27777.0,27777000.0
43052,27738.0,27738000.0
942454,27737.0,27737000.0
1007752,27735.0,27735000.0
2333140,27717.0,27717000.0
213538,27677.0,27677000.0
828110,27654.0,27654000.0
49951,27634.0,27634000.0
2877831,27608.0,27608000.0
927134,27601.0,27601000.0
276074,27578.0,27578000.0
774347,27552.0,27552000.0
2615220,27533.0,27533000.0
352370,27501.0,27501000.0
786555,27495.0,27495000.0
861658,27484.0,27484000.0
346379,27464.0,27464000.0
5316920,27456.0,27456000.0
956527,27448.0,27448000.0
129853,27445.0,27445000.0
917500,27440.0,27440000.0
3358270,27436.0,27436000.0
697147,27431.0,27431000.0
513546,27367.0,27367000.0
273840,27366.0,27366000.0
60545,27361.0,27361000.0
241559,27213.0,27213000.0
588245,27173.0,27173000.0
116741,27124.0,27124000.0
3596250,27101.0,27101000.0
849348,27100.0,27100000.0
954251,27093.0,27093000.0
708379,27085.0,27085000.0
3487433,27075.0,27075000.0
465672,27065.0,27065000.0
89957,27034.0,27034000.0
742056,27018.0,27018000.0
901974,27004.0,27004000.0
3223417,27000.0,27000000.0
1387203,26980.0,26980000.0
3374234,26913.0,26913000.0
786948,26912.0,26912000.0
2881445,26900.0,26900000.0
869346,26884.0,26884000.0
66154,26852.0,26852000.0
277736,26845.0,26845000.0
992851,26836.0,26836000.0
293437,26823.0,26823000.0
1879016,26788.0,26788000.0
987651,26777.0,26777000.0
837158,26744.0,26744000.0
205542,26732.0,26732000.0
589158,26647.0,26647000.0
287342,26639.0,26639000.0
853251,26633.0,26633000.0
638355,26626.0,26626000.0
12647,26606.0,26606000.0
190956,26594.0,26594000.0
38740,26587.0,26587000.0
646873,26585.0,26585000.0
499743,26550.0,26550000.0
651541,26519.0,26519000.0
3213333,26511.0,26511000.0
826648,26502.0,26502000.0
904359,26485.0,26485000.0
386432,26483.0,26483000.0
524766,26478.0,26478000.0
5435988,26474.0,26474000.0
37949,26450.0,26450000.0
206473,26399.0,26399000.0
95051,26371.0,26371000.0
159953,26370.0,26370000.0
5528880,26306.0,26306000.0
3285778,26286.0,26286000.0
3688548,26279.0,26279000.0
765662,26264.0,26264000.0
2305969,26251.0,26251000.0
837448,26246.0,26246000.0
497655,26239.0,26239000.0
926959,26232.0,26232000.0
764816,26227.0,26227000.0
969844,26198.0,26198000.0
455945,26190.0,26190000.0
101738,26179.0,26179000.0
816304,26166.0,26166000.0
366247,26161.0,26161000.0
129358,26122.0,26122000.0
85931,26112.0,26112000.0
145741,26108.0,26108000.0
371232,26090.0,26090000.0
363648,26079.0,26079000.0
79145,26075.0,26075000.0
677970,26068.0,26068000.0
362155,26031.0,26031000.0
823450,26029.0,26029000.0
884648,26023.0,26023000.0
23755,26022.0,26022000.0
452841,26001.0,26001000.0
2753917,25991.0,25991000.0
947525,25977.0,25977000.0
729178,25959.0,25959000.0
83834,25957.0,25957000.0
412555,25947.0,25947000.0
3286999,25926.0,25926000.0
800134,25911.0,25911000.0
956956,25871.0,25871000.0
700458,25854.0,25854000.0
916857,25845.0,25845000.0
6058562,25839.0,25839000.0
757779,25838.0,25838000.0
686758,25829.0,25829000.0
3357077,25794.0,25794000.0
216164,25771.0,25771000.0
761954,25719.0,25719000.0
768458,25713.0,25713000.0
193537,25667.0,25667000.0
126375,25660.0,25660000.0
346771,25636.0,25636000.0
5230790,25599.0,25599000.0
209362,25593.0,25593000.0
604640,25569.0,25569000.0
475756,25560.0,25560000.0
5724226,25542.0,25542000.0
676049,25516.0,25516000.0
642437,25515.0,25515000.0
640956,25514.0,25514000.0
903240,25494.0,25494000.0
831941,25487.0,25487000.0
270531,25473.0,25473000.0
3387140,25464.0,25464000.0
5427684,25442.0,25442000.0
399973,25409.0,25409000.0
810544,25371.0,25371000.0
1008209,25371.0,25371000.0
942847,25334.0,25334000.0
3635551,25319.0,25319000.0
220844,25316.0,25316000.0
547251,25304.0,25304000.0
599643,25302.0,25302000.0
823656,25299.0,25299000.0
1011432,25239.0,25239000.0
2317672,25209.0,25209000.0
926632,25120.0,25120000.0
89032,25092.0,25092000.0
62044,25089.0,25089000.0
773032,25079.0,25079000.0
969639,25073.0,25073000.0
23643,25067.0,25067000.0
2735137,25066.0,25066000.0
347639,25064.0,25064000.0
373553,25062.0,25062000.0
157744,25057.0,25057000.0
475345,25016.0,25016000.0
117038,25009.0,25009000.0
950758,24977.0,24977000.0
19972,24925.0,24925000.0
875758,24910.0,24910000.0
3667132,24908.0,24908000.0
352651,24894.0,24894000.0
624648,24887.0,24887000.0
617145,24884.0,24884000.0
21658,24875.0,24875000.0
238139,24873.0,24873000.0
552545,24836.0,24836000.0
658924,24830.0,24830000.0
931270,24821.0,24821000.0
714437,24761.0,24761000.0
3617856,24725.0,24725000.0
312356,24718.0,24718000.0
535034,24704.0,24704000.0
256179,24663.0,24663000.0
762045,24636.0,24636000.0
956554,24632.0,24632000.0
5807400,24600.0,24600000.0
479754,24598.0,24598000.0
820879,24595.0,24595000.0
5479478,24575.0,24575000.0
799948,24547.0,24547000.0
990053,24546.0,24546000.0
3448162,24527.0,24527000.0
917854,24526.0,24526000.0
178244,24495.0,24495000.0
741068,24492.0,24492000.0
298049,24465.0,24465000.0
305237,24403.0,24403000.0
372640,24395.0,24395000.0
812614,24387.0,24387000.0
199351,24367.0,24367000.0
1008076,24331.0,24331000.0
51459,24327.0,24327000.0
152057,24316.0,24316000.0
414858,24306.0,24306000.0
6009630,24304.0,24304000.0
59754,24270.0,24270000.0
371942,24228.0,24228000.0
180845,24198.0,24198000.0
284154,24186.0,24186000.0
844138,24185.0,24185000.0
377850,24171.0,24171000.0
516154,24166.0,24166000.0
294827,24158.0,24158000.0
719964,24155.0,24155000.0
3816163,24125.0,24125000.0
3482045,24083.0,24083000.0
914545,24056.0,24056000.0
2232757,24026.0,24026000.0
3370357,23998.0,23998000.0
45458,23955.0,23955000.0
667524,23949.0,23949000.0
148715,23896.0,23896000.0
924058,23871.0,23871000.0
53051,23864.0,23864000.0
488756,23846.0,23846000.0
9553,23828.0,23828000.0
71859,23814.0,23814000.0
841472,23741.0,23741000.0
695947,23728.0,23728000.0
4231,23705.0,23705000.0
12142,23689.0,23689000.0
28732,23675.0,23675000.0
1017957,23646.0,23646000.0
413543,23622.0,23622000.0
998648,23606.0,23606000.0
431323,23576.0,23576000.0
656779,23573.0,23573000.0
213912,23533.0,23533000.0
956376,23522.0,23522000.0
443634,23520.0,23520000.0
368054,23477.0,23477000.0
885430,23470.0,23470000.0
550952,23467.0,23467000.0
7045,23463.0,23463000.0
177443,23461.0,23461000.0
918132,23448.0,23448000.0
581358,23421.0,23421000.0
423636,23414.0,23414000.0
297051,23408.0,23408000.0
792640,23373.0,23373000.0
614751,23367.0,23367000.0
956255,23364.0,23364000.0
141958,23341.0,23341000.0
241009,23341.0,23341000.0
894272,23334.0,23334000.0
449832,23294.0,23294000.0
925055,23256.0,23256000.0
814711,23154.0,23154000.0
198961,23137.0,23137000.0
746942,23133.0,23133000.0
596455,23093.0,23093000.0
5975224,23032.0,23032000.0
407168,23018.0,23018000.0
362856,23016.0,23016000.0
284239,22998.0,22998000.0
771748,22969.0,22969000.0
1005552,22958.0,22958000.0
858818,22935.0,22935000.0
917630,22923.0,22923000.0
147857,22922.0,22922000.0
995571,22922.0,22922000.0
907444,22921.0,22921000.0
974558,22907.0,22907000.0
568135,22849.0,22849000.0
976534,22843.0,22843000.0
1003558,22832.0,22832000.0
615253,22817.0,22817000.0
2218443,22787.0,22787000.0
303701,22779.0,22779000.0
918879,22768.0,22768000.0
2882983,22765.0,22765000.0
814458,22736.0,22736000.0
3340903,22729.0,22729000.0
705556,22720.0,22720000.0
540739,22716.0,22716000.0
881852,22715.0,22715000.0
46053,22681.0,22681000.0
623548,22677.0,22677000.0
766052,22676.0,22676000.0
2747279,22638.0,22638000.0
661072,22626.0,22626000.0
805250,22621.0,22621000.0
337340,22615.0,22615000.0
487142,22610.0,22610000.0
349129,22596.0,22596000.0
2705112,22585.0,22585000.0
920733,22585.0,22585000.0
202541,22582.0,22582000.0
449038,22569.0,22569000.0
3232370,22527.0,22527000.0
209559,22521.0,22521000.0
262956,22504.0,22504000.0
87047,22497.0,22497000.0
3614846,22446.0,22446000.0
18836,22419.0,22419000.0
190648,22405.0,22405000.0
765318,22389.0,22389000.0
35057,22385.0,22385000.0
105530,22342.0,22342000.0
223845,22328.0,22328000.0
634544,22326.0,22326000.0
756848,22322.0,22322000.0
156970,22305.0,22305000.0
668147,22298.0,22298000.0
5332603,22257.0,22257000.0
266244,22255.0,22255000.0
846945,22252.0,22252000.0
328656,22250.0,22250000.0
388155,22230.0,22230000.0
454658,22215.0,22215000.0
1003950,22197.0,22197000.0
480723,22197.0,22197000.0
1397471,22197.0,22197000.0
821036,22181.0,22181000.0
621151,22150.0,22150000.0
756343,22132.0,22132000.0
374774,22128.0,22128000.0
374130,22112.0,22112000.0
497851,22095.0,22095000.0
854173,22088.0,22088000.0
527057,22068.0,22068000.0
794149,22065.0,22065000.0
44929,22064.0,22064000.0
1006652,22048.0,22048000.0
805335,22047.0,22047000.0
767255,22032.0,22032000.0
702836,22012.0,22012000.0
890649,21994.0,21994000.0
748441,21981.0,21981000.0
1015841,21977.0,21977000.0
196752,21970.0,21970000.0
411062,21956.0,21956000.0
882541,21948.0,21948000.0
920210,21924.0,21924000.0
89854,21915.0,21915000.0
706030,21898.0,21898000.0
414652,21880.0,21880000.0
719610,21879.0,21879000.0
364270,21871.0,21871000.0
179335,21868.0,21868000.0
3623969,21867.0,21867000.0
368522,21864.0,21864000.0
728957,21822.0,21822000.0
212344,21785.0,21785000.0
218878,21757.0,21757000.0
427960,21703.0,21703000.0
3485215,21690.0,21690000.0
134455,21675.0,21675000.0
206772,21672.0,21672000.0
178150,21668.0,21668000.0
741844,21652.0,21652000.0
235231,21644.0,21644000.0
918150,21615.0,21615000.0
366854,21612.0,21612000.0
547550,21581.0,21581000.0
5805442,21580.0,21580000.0
272030,21576.0,21576000.0
421539,21563.0,21563000.0
857941,21549.0,21549000.0
411624,21545.0,21545000.0
400767,21536.0,21536000.0
5475452,21494.0,21494000.0
5543735,21456.0,21456000.0
167453,21420.0,21420000.0
288376,21418.0,21418000.0
527178,21415.0,21415000.0
127224,21408.0,21408000.0
2847085,21404.0,21404000.0
2531562,21392.0,21392000.0
5686324,21330.0,21330000.0
1225798,21324.0,21324000.0
386731,21305.0,21305000.0
416357,21298.0,21298000.0
5903517,21273.0,21273000.0
647245,21257.0,21257000.0
837541,21239.0,21239000.0
537243,21238.0,21238000.0
947776,21232.0,21232000.0
379470,21206.0,21206000.0
498625,21206.0,21206000.0
773171,21119.0,21119000.0
657178,21042.0,21042000.0
931944,20994.0,20994000.0
899651,20987.0,20987000.0
365950,20984.0,20984000.0
411651,20977.0,20977000.0
63201,20936.0,20936000.0
733951,20927.0,20927000.0
541642,20919.0,20919000.0
628123,20895.0,20895000.0
5805817,20873.0,20873000.0
706656,20852.0,20852000.0
966973,20829.0,20829000.0
571920,20808.0,20808000.0
698546,20804.0,20804000.0
1187551,20797.0,20797000.0
972143,20767.0,20767000.0
3282012,20727.0,20727000.0
877350,20726.0,20726000.0
257345,20712.0,20712000.0
773742,20709.0,20709000.0
358112,20691.0,20691000.0
351878,20668.0,20668000.0
336147,20667.0,20667000.0
149150,20632.0,20632000.0
792659,20618.0,20618000.0
1191352,20608.0,20608000.0
466932,20608.0,20608000.0
446130,20608.0,20608000.0
995674,20600.0,20600000.0
482446,20540.0,20540000.0
3459216,20533.0,20533000.0
435666,20511.0,20511000.0
3346633,20502.0,20502000.0
941804,20491.0,20491000.0
687830,20459.0,20459000.0
315656,20447.0,20447000.0
715032,20440.0,20440000.0
633640,20420.0,20420000.0
478140,20411.0,20411000.0
689759,20408.0,20408000.0
553926,20402.0,20402000.0
291059,20400.0,20400000.0
1013650,20394.0,20394000.0
567679,20378.0,20378000.0
495558,20358.0,20358000.0
835444,20333.0,20333000.0
5860740,20331.0,20331000.0
4149037,20331.0,20331000.0
795249,20293.0,20293000.0
3125315,20287.0,20287000.0
979133,20273.0,20273000.0
94858,20232.0,20232000.0
922157,20186.0,20186000.0
706236,20176.0,20176000.0
43959,20157.0,20157000.0
2806840,20157.0,20157000.0
952846,20131.0,20131000.0
189950,20116.0,20116000.0
143952,20079.0,20079000.0
953852,20057.0,20057000.0
5758436,20019.0,20019000.0
840019,20019.0,20019000.0
451246,19992.0,19992000.0
910239,19961.0,19961000.0
677756,19947.0,19947000.0
801654,19928.0,19928000.0
2304636,19898.0,19898000.0
985451,19896.0,19896000.0
2860039,19886.0,19886000.0
135836,19885.0,19885000.0
113030,19881.0,19881000.0
895448,19840.0,19840000.0
163343,19833.0,19833000.0
393252,19809.0,19809000.0
792453,19797.0,19797000.0
839246,19795.0,19795000.0
966272,19788.0,19788000.0
433859,19751.0,19751000.0
535931,19723.0,19723000.0
22730,19720.0,19720000.0
1402384,19717.0,19717000.0
2897633,19716.0,19716000.0
82033,19711.0,19711000.0
401755,19710.0,19710000.0
225054,19679.0,19679000.0
258874,19679.0,19679000.0
624956,19621.0,19621000.0
132451,19606.0,19606000.0
114774,19591.0,19591000.0
967952,19572.0,19572000.0
948250,19569.0,19569000.0
385350,19561.0,19561000.0
29476,19560.0,19560000.0
760210,19550.0,19550000.0
814476,19547.0,19547000.0
821157,19537.0,19537000.0
653433,19536.0,19536000.0
640143,19519.0,19519000.0
3317192,19509.0,19509000.0
112332,19483.0,19483000.0
250430,19477.0,19477000.0
751254,19472.0,19472000.0
565536,19442.0,19442000.0
760434,19403.0,19403000.0
855956,19402.0,19402000.0
102557,19384.0,19384000.0
393355,19369.0,19369000.0
765877,19367.0,19367000.0
958763,19363.0,19363000.0
201254,19311.0,19311000.0
807348,19306.0,19306000.0
384830,19293.0,19293000.0
932642,19261.0,19261000.0
2621940,19219.0,19219000.0
613978,19211.0,19211000.0
940674,19209.0,19209000.0
2796277,19205.0,19205000.0
48440,19199.0,19199000.0
229342,19139.0,19139000.0
924553,19137.0,19137000.0
3020447,19135.0,19135000.0
986935,19103.0,19103000.0
919773,19098.0,19098000.0
518877,19084.0,19084000.0
77422,19068.0,19068000.0
962313,19068.0,19068000.0
224954,19059.0,19059000.0
645157,19050.0,19050000.0
763211,19018.0,19018000.0
382742,19003.0,19003000.0
791353,18994.0,18994000.0
467470,18987.0,18987000.0
400057,18959.0,18959000.0
837840,18958.0,18958000.0
647777,18956.0,18956000.0
1003455,18896.0,18896000.0
612878,18875.0,18875000.0
208440,18850.0,18850000.0
760649,18810.0,18810000.0
446176,18795.0,18795000.0
379153,18783.0,18783000.0
5777549,18782.0,18782000.0
2723376,18765.0,18765000.0
40855,18696.0,18696000.0
538222,18692.0,18692000.0
250850,18681.0,18681000.0
935719,18678.0,18678000.0
443625,18654.0,18654000.0
780049,18654.0,18654000.0
313157,18630.0,18630000.0
651952,18629.0,18629000.0
850054,18623.0,18623000.0
2920287,18578.0,18578000.0
428855,18556.0,18556000.0
914853,18552.0,18552000.0
794475,18541.0,18541000.0
832528,18521.0,18521000.0
5861541,18508.0,18508000.0
678557,18486.0,18486000.0
353546,18470.0,18470000.0
871648,18463.0,18463000.0
49652,18448.0,18448000.0
580847,18432.0,18432000.0
892223,18419.0,18419000.0
263627,18396.0,18396000.0
193162,18357.0,18357000.0
270148,18342.0,18342000.0
330248,18335.0,18335000.0
155759,18317.0,18317000.0
984856,18308.0,18308000.0
920359,18277.0,18277000.0
767611,18264.0,18264000.0
548052,18260.0,18260000.0
439730,18255.0,18255000.0
5837377,18253.0,18253000.0
706058,18248.0,18248000.0
445674,18233.0,18233000.0
831875,18200.0,18200000.0
207555,18196.0,18196000.0
222558,18196.0,18196000.0
879439,18194.0,18194000.0
670430,18194.0,18194000.0
321152,18183.0,18183000.0
3224478,18153.0,18153000.0
370954,18126.0,18126000.0
916343,18075.0,18075000.0
115146,18071.0,18071000.0
287959,18067.0,18067000.0
188917,18053.0,18053000.0
143372,18021.0,18021000.0
943974,17997.0,17997000.0
601153,17997.0,17997000.0
357526,17985.0,17985000.0
1492817,17984.0,17984000.0
700430,17983.0,17983000.0
470032,17982.0,17982000.0
931355,17963.0,17963000.0
897853,17948.0,17948000.0
722227,17936.0,17936000.0
665258,17932.0,17932000.0
834175,17931.0,17931000.0
937759,17898.0,17898000.0
733540,17894.0,17894000.0
13457,17876.0,17876000.0
791072,17839.0,17839000.0
348159,17812.0,17812000.0
977652,17800.0,17800000.0
988452,17788.0,17788000.0
108072,17765.0,17765000.0
381950,17764.0,17764000.0
747257,17760.0,17760000.0
3633016,17760.0,17760000.0
472531,17737.0,17737000.0
839974,17725.0,17725000.0
474357,17706.0,17706000.0
629746,17677.0,17677000.0
14650,17665.0,17665000.0
682648,17664.0,17664000.0
3479018,17646.0,17646000.0
720344,17645.0,17645000.0
308340,17634.0,17634000.0
472018,17615.0,17615000.0
3943210,17601.0,17601000.0
55635,17576.0,17576000.0
935577,17570.0,17570000.0
46941,17548.0,17548000.0
426945,17543.0,17543000.0
921879,17514.0,17514000.0
652070,17512.0,17512000.0
117775,17504.0,17504000.0
3390337,17432.0,17432000.0
531157,17422.0,17422000.0
657954,17417.0,17417000.0
5972661,17411.0,17411000.0
713252,17394.0,17394000.0
473257,17387.0,17387000.0
3314119,17378.0,17378000.0
903950,17361.0,17361000.0
644963,17280.0,17280000.0
331544,17274.0,17274000.0
470434,17274.0,17274000.0
265676,17269.0,17269000.0
754536,17264.0,17264000.0
673851,17262.0,17262000.0
484057,17253.0,17253000.0
461058,17253.0,17253000.0
601041,17250.0,17250000.0
944739,17230.0,17230000.0
696645,17228.0,17228000.0
242958,17197.0,17197000.0
359472,17181.0,17181000.0
809070,17157.0,17157000.0
3185579,17135.0,17135000.0
171759,17119.0,17119000.0
796657,17115.0,17115000.0
71073,17114.0,17114000.0
888141,17110.0,17110000.0
499752,17102.0,17102000.0
1005655,17092.0,17092000.0
142049,17079.0,17079000.0
991555,17077.0,17077000.0
1008553,17076.0,17076000.0
427858,17060.0,17060000.0
35646,17049.0,17049000.0
865759,16984.0,16984000.0
329149,16966.0,16966000.0
403067,16917.0,16917000.0
266253,16910.0,16910000.0
673244,16898.0,16898000.0
837354,16883.0,16883000.0
625953,16878.0,16878000.0
643658,16854.0,16854000.0
171656,16814.0,16814000.0
45775,16789.0,16789000.0
413673,16763.0,16763000.0
1002953,16759.0,16759000.0
674344,16751.0,16751000.0
370833,16741.0,16741000.0
176642,16726.0,16726000.0
868059,16724.0,16724000.0
210256,16721.0,16721000.0
274856,16712.0,16712000.0
194570,16661.0,16661000.0
648550,16645.0,16645000.0
2746245,16642.0,16642000.0
575375,16631.0,16631000.0
1006559,16615.0,16615000.0
174321,16613.0,16613000.0
72454,16608.0,16608000.0
3090833,16587.0,16587000.0
416339,16584.0,16584000.0
3089752,16556.0,16556000.0
165758,16533.0,16533000.0
3393851,16524.0,16524000.0
1005851,16506.0,16506000.0
688556,16504.0,16504000.0
670748,16496.0,16496000.0
460770,16486.0,16486000.0
37051,16451.0,16451000.0
945950,16424.0,16424000.0
453147,16423.0,16423000.0
3253834,16402.0,16402000.0
672247,16384.0,16384000.0
56258,16384.0,16384000.0
2901558,16384.0,16384000.0
887827,16379.0,16379000.0
51356,16374.0,16374000.0
280352,16360.0,16360000.0
208347,16283.0,16283000.0
863362,16279.0,16279000.0
2949970,16275.0,16275000.0
800442,16266.0,16266000.0
1369870,16252.0,16252000.0
96553,16246.0,16246000.0
578554,16224.0,16224000.0
136048,16222.0,16222000.0
164377,16190.0,16190000.0
586335,16175.0,16175000.0
232847,16172.0,16172000.0
5591633,16168.0,16168000.0
948278,16158.0,16158000.0
709451,16142.0,16142000.0
314444,16141.0,16141000.0
3041358,16133.0,16133000.0
983550,16099.0,16099000.0
413758,16083.0,16083000.0
837952,16056.0,16056000.0
305059,16054.0,16054000.0
120953,16051.0,16051000.0
2533043,16044.0,16044000.0
961446,16041.0,16041000.0
480059,16022.0,16022000.0
2059990,16018.0,16018000.0
5805228,16012.0,16012000.0
575348,16005.0,16005000.0
827355,16004.0,16004000.0
864855,15987.0,15987000.0
651158,15978.0,15978000.0
499154,15951.0,15951000.0
2536633,15934.0,15934000.0
3843392,15913.0,15913000.0
937553,15886.0,15886000.0
847979,15870.0,15870000.0
134156,15860.0,15860000.0
4397164,15845.0,15845000.0
247476,15837.0,15837000.0
608358,15804.0,15804000.0
235174,15787.0,15787000.0
370347,15765.0,15765000.0
657758,15761.0,15761000.0
98351,15732.0,15732000.0
687054,15725.0,15725000.0
5805424,15703.0,15703000.0
739346,15675.0,15675000.0
927077,15631.0,15631000.0
923855,15621.0,15621000.0
2809373,15605.0,15605000.0
2917184,15599.0,15599000.0
986551,15597.0,15597000.0
586960,15582.0,15582000.0
259059,15569.0,15569000.0
391418,15545.0,15545000.0
804422,15539.0,15539000.0
366658,15518.0,15518000.0
249658,15516.0,15516000.0
765354,15509.0,15509000.0
126049,15504.0,15504000.0
248352,15494.0,15494000.0
465524,15488.0,15488000.0
541307,15474.0,15474000.0
258539,15472.0,15472000.0
696047,15465.0,15465000.0
184656,15457.0,15457000.0
2621285,15454.0,15454000.0
819172,15450.0,15450000.0
255350,15394.0,15394000.0
603232,15381.0,15381000.0
2598396,15365.0,15365000.0
203052,15273.0,15273000.0
265452,15267.0,15267000.0
78241,15255.0,15255000.0
190947,15214.0,15214000.0
1225752,15209.0,15209000.0
2597232,15168.0,15168000.0
550354,15160.0,15160000.0
667346,15148.0,15148000.0
654047,15142.0,15142000.0
805045,15140.0,15140000.0
157650,15140.0,15140000.0
835079,15134.0,15134000.0
397456,15133.0,15133000.0
597658,15119.0,15119000.0
628039,15118.0,15118000.0
316859,15112.0,15112000.0
368344,15093.0,15093000.0
952257,15085.0,15085000.0
474058,15078.0,15078000.0
5805488,15043.0,15043000.0
367150,15002.0,15002000.0
276551,14971.0,14971000.0
394156,14964.0,14964000.0
1293078,14964.0,14964000.0
446149,14956.0,14956000.0
97457,14953.0,14953000.0
1007051,14937.0,14937000.0
5784921,14930.0,14930000.0
742542,14899.0,14899000.0
840251,14897.0,14897000.0
729057,14853.0,14853000.0
699253,14850.0,14850000.0
563457,14850.0,14850000.0
258379,14846.0,14846000.0
11837,14836.0,14836000.0
3939240,14835.0,14835000.0
458946,14804.0,14804000.0
705378,14802.0,14802000.0
131940,14795.0,14795000.0
519445,14736.0,14736000.0
883351,14728.0,14728000.0
1007930,14726.0,14726000.0
5787418,14724.0,14724000.0
223452,14720.0,14720000.0
675042,14668.0,14668000.0
764142,14648.0,14648000.0
854753,14573.0,14573000.0
164957,14544.0,14544000.0
544447,14528.0,14528000.0
760340,14518.0,14518000.0
723158,14482.0,14482000.0
376237,14469.0,14469000.0
256076,14458.0,14458000.0
987848,14431.0,14431000.0
2905761,14397.0,14397000.0
1163283,14368.0,14368000.0
518176,14356.0,14356000.0
399731,14356.0,14356000.0
563336,14335.0,14335000.0
816256,14329.0,14329000.0
127055,14290.0,14290000.0
141350,14274.0,14274000.0
504647,14269.0,14269000.0
397858,14257.0,14257000.0
998657,14249.0,14249000.0
660253,14245.0,14245000.0
564838,14238.0,14238000.0
295057,14229.0,14229000.0
324975,14225.0,14225000.0
2960555,14213.0,14213000.0
2696180,14188.0,14188000.0
266655,14150.0,14150000.0
104234,14142.0,14142000.0
380346,14138.0,14138000.0
817477,14134.0,14134000.0
911339,14082.0,14082000.0
44750,14065.0,14065000.0
398051,14063.0,14063000.0
784430,14030.0,14030000.0
2845782,14027.0,14027000.0
691743,14026.0,14026000.0
135854,14014.0,14014000.0
968155,14003.0,14003000.0
474656,13997.0,13997000.0
481579,13973.0,13973000.0
49148,13969.0,13969000.0
380944,13960.0,13960000.0
421445,13957.0,13957000.0
233246,13953.0,13953000.0
875655,13951.0,13951000.0
788652,13947.0,13947000.0
898458,13942.0,13942000.0
3148613,13913.0,13913000.0
659640,13885.0,13885000.0
729945,13882.0,13882000.0
617275,13881.0,13881000.0
856869,13872.0,13872000.0
259956,13867.0,13867000.0
774235,13857.0,13857000.0
483537,13848.0,13848000.0
422657,13840.0,13840000.0
575133,13825.0,13825000.0
711753,13777.0,13777000.0
647414,13764.0,13764000.0
490348,13760.0,13760000.0
955753,13760.0,13760000.0
581237,13754.0,13754000.0
2726050,13740.0,13740000.0
716851,13728.0,13728000.0
597041,13726.0,13726000.0
654579,13615.0,13615000.0
811550,13606.0,13606000.0
814074,13604.0,13604000.0
3626184,13570.0,13570000.0
750444,13562.0,13562000.0
3180136,13558.0,13558000.0
938354,13535.0,13535000.0
3029253,13532.0,13532000.0
646042,13505.0,13505000.0
292467,13501.0,13501000.0
552956,13485.0,13485000.0
496434,13482.0,13482000.0
3223408,13478.0,13478000.0
472045,13455.0,13455000.0
101952,13453.0,13453000.0
567736,13453.0,13453000.0
322449,13452.0,13452000.0
539452,13447.0,13447000.0
1470150,13440.0,13440000.0
343770,13429.0,13429000.0
489155,13428.0,13428000.0
37,13426.0,13426000.0
733755,13412.0,13412000.0
735973,13412.0,13412000.0
198073,13402.0,13402000.0
950356,13389.0,13389000.0
490843,13386.0,13386000.0
382854,13383.0,13383000.0
675659,13372.0,13372000.0
485139,13370.0,13370000.0
2702764,13369.0,13369000.0
45056,13358.0,13358000.0
141677,13347.0,13347000.0
536853,13335.0,13335000.0
535575,13330.0,13330000.0
246451,13320.0,13320000.0
178356,13271.0,13271000.0
786256,13264.0,13264000.0
354,13262.0,13262000.0
618777,13260.0,13260000.0
476445,13239.0,13239000.0
648345,13233.0,13233000.0
697035,13202.0,13202000.0
940021,13200.0,13200000.0
302030,13199.0,13199000.0
3394380,13188.0,13188000.0
388874,13182.0,13182000.0
1418255,13157.0,13157000.0
157379,13114.0,13114000.0
304520,13107.0,13107000.0
284752,13098.0,13098000.0
881900,13095.0,13095000.0
70218,13088.0,13088000.0
854847,13084.0,13084000.0
5691319,13079.0,13079000.0
233442,13047.0,13047000.0
901451,13043.0,13043000.0
532752,13034.0,13034000.0
909756,13027.0,13027000.0
85052,13014.0,13014000.0
327220,12958.0,12958000.0
364850,12914.0,12914000.0
923257,12899.0,12899000.0
660066,12887.0,12887000.0
123075,12882.0,12882000.0
218261,12862.0,12862000.0
1008955,12855.0,12855000.0
290922,12831.0,12831000.0
764067,12830.0,12830000.0
745347,12825.0,12825000.0
991135,12819.0,12819000.0
223751,12819.0,12819000.0
807432,12814.0,12814000.0
823638,12772.0,12772000.0
636753,12771.0,12771000.0
2973041,12770.0,12770000.0
91615,12761.0,12761000.0
137456,12722.0,12722000.0
2963275,12691.0,12691000.0
1009840,12687.0,12687000.0
884376,12655.0,12655000.0
675855,12636.0,12636000.0
801056,12630.0,12630000.0
758842,12626.0,12626000.0
593333,12625.0,12625000.0
572347,12625.0,12625000.0
772754,12619.0,12619000.0
19356,12576.0,12576000.0
747051,12566.0,12566000.0
3005097,12538.0,12538000.0
7456,12537.0,12537000.0
426758,12525.0,12525000.0
546320,12507.0,12507000.0
173959,12504.0,12504000.0
164975,12495.0,12495000.0
2610784,12467.0,12467000.0
1008151,12453.0,12453000.0
235950,12442.0,12442000.0
293754,12406.0,12406000.0
172251,12389.0,12389000.0
1017564,12388.0,12388000.0
503640,12364.0,12364000.0
211851,12349.0,12349000.0
779641,12338.0,12338000.0
971070,12332.0,12332000.0
571135,12326.0,12326000.0
122153,12324.0,12324000.0
830252,12307.0,12307000.0
795959,12300.0,12300000.0
236256,12297.0,12297000.0
818540,12295.0,12295000.0
644141,12278.0,12278000.0
743950,12263.0,12263000.0
560830,12258.0,12258000.0
926650,12252.0,12252000.0
253730,12224.0,12224000.0
2745529,12224.0,12224000.0
344852,12184.0,12184000.0
276159,12172.0,12172000.0
402873,12161.0,12161000.0
2805928,12161.0,12161000.0
681043,12156.0,12156000.0
675248,12153.0,12153000.0
80431,12114.0,12114000.0
954158,12104.0,12104000.0
818652,12026.0,12026000.0
123374,12021.0,12021000.0
159645,11983.0,11983000.0
35879,11979.0,11979000.0
285553,11964.0,11964000.0
22552,11957.0,11957000.0
500658,11950.0,11950000.0
625056,11948.0,11948000.0
874452,11946.0,11946000.0
106676,11918.0,11918000.0
246947,11914.0,11914000.0
903754,11912.0,11912000.0
24659,11895.0,11895000.0
498942,11889.0,11889000.0
83955,11883.0,11883000.0
825940,11878.0,11878000.0
269571,11855.0,11855000.0
568377,11849.0,11849000.0
534859,11843.0,11843000.0
700252,11831.0,11831000.0
770451,11816.0,11816000.0
822631,11815.0,11815000.0
339353,11804.0,11804000.0
3103591,11788.0,11788000.0
803256,11772.0,11772000.0
14977,11756.0,11756000.0
964250,11736.0,11736000.0
416272,11710.0,11710000.0
164153,11685.0,11685000.0
1006157,11671.0,11671000.0
132938,11667.0,11667000.0
60554,11661.0,11661000.0
954653,11635.0,11635000.0
359744,11614.0,11614000.0
1002458,11612.0,11612000.0
986159,11600.0,11600000.0
3308574,11572.0,11572000.0
977045,11562.0,11562000.0
386825,11560.0,11560000.0
369453,11557.0,11557000.0
76443,11537.0,11537000.0
911759,11481.0,11481000.0
485054,11457.0,11457000.0
2651899,11444.0,11444000.0
984351,11441.0,11441000.0
844455,11423.0,11423000.0
502447,11408.0,11408000.0
753641,11404.0,11404000.0
2044820,11385.0,11385000.0
811541,11381.0,11381000.0
685023,11375.0,11375000.0
180144,11335.0,11335000.0
956134,11327.0,11327000.0
875879,11324.0,11324000.0
629148,11317.0,11317000.0
437044,11317.0,11317000.0
673477,11306.0,11306000.0
62110,11300.0,11300000.0
564678,11291.0,11291000.0
340443,11269.0,11269000.0
938550,11220.0,11220000.0
1462986,11216.0,11216000.0
467733,11209.0,11209000.0
392152,11207.0,11207000.0
42037,11205.0,11205000.0
504142,11197.0,11197000.0
271136,11179.0,11179000.0
860231,11164.0,11164000.0
941541,11154.0,11154000.0
389376,11152.0,11152000.0
720858,11138.0,11138000.0
488420,11130.0,11130000.0
630340,11128.0,11128000.0
3599804,11126.0,11126000.0
346566,11125.0,11125000.0
711520,11108.0,11108000.0
2921622,11092.0,11092000.0
956152,11086.0,11086000.0
291732,11084.0,11084000.0
550653,11059.0,11059000.0
61953,11046.0,11046000.0
835613,11044.0,11044000.0
1014246,11025.0,11025000.0
715470,11015.0,11015000.0
37341,10999.0,10999000.0
548472,10977.0,10977000.0
108652,10932.0,10932000.0
391959,10931.0,10931000.0
782548,10929.0,10929000.0
109154,10923.0,10923000.0
138556,10921.0,10921000.0
582654,10898.0,10898000.0
372444,10892.0,10892000.0
332756,10881.0,10881000.0
289056,10879.0,10879000.0
510947,10870.0,10870000.0
576578,10861.0,10861000.0
108746,10826.0,10826000.0
565844,10813.0,10813000.0
591357,10809.0,10809000.0
7634,10806.0,10806000.0
1016848,10806.0,10806000.0
518354,10790.0,10790000.0
997155,10784.0,10784000.0
467144,10776.0,10776000.0
803658,10751.0,10751000.0
598543,10748.0,10748000.0
3308529,10738.0,10738000.0
472951,10722.0,10722000.0
719030,10716.0,10716000.0
871358,10705.0,10705000.0
532453,10702.0,10702000.0
709956,10701.0,10701000.0
809379,10698.0,10698000.0
401072,10663.0,10663000.0
493077,10659.0,10659000.0
931207,10650.0,10650000.0
1014059,10628.0,10628000.0
377663,10619.0,10619000.0
399357,10618.0,10618000.0
489249,10601.0,10601000.0
30052,10597.0,10597000.0
474245,10584.0,10584000.0
145059,10574.0,10574000.0
411576,10547.0,10547000.0
411174,10522.0,10522000.0
2602828,10512.0,10512000.0
960551,10507.0,10507000.0
177500,10497.0,10497000.0
365848,10476.0,10476000.0
956358,10470.0,10470000.0
881441,10449.0,10449000.0
808345,10436.0,10436000.0
513854,10413.0,10413000.0
619859,10407.0,10407000.0
78157,10371.0,10371000.0
343958,10355.0,10355000.0
769334,10323.0,10323000.0
88259,10289.0,10289000.0
411231,10254.0,10254000.0
148340,10225.0,10225000.0
501655,10200.0,10200000.0
203575,10142.0,10142000.0
753856,10137.0,10137000.0
540542,10132.0,10132000.0
774253,10128.0,10128000.0
381026,10125.0,10125000.0
516873,10120.0,10120000.0
5755510,10107.0,10107000.0
136655,10063.0,10063000.0
257653,10041.0,10041000.0
363778,10036.0,10036000.0
943143,10016.0,10016000.0
663638,10005.0,10005000.0
767554,10005.0,10005000.0
195456,9990.0,9990000.0
641449,9986.0,9986000.0
491653,9977.0,9977000.0
441630,9974.0,9974000.0
3254297,9952.0,9952000.0
851060,9950.0,9950000.0
919568,9932.0,9932000.0
75651,9922.0,9922000.0
426057,9916.0,9916000.0
249416,9907.0,9907000.0
855143,9904.0,9904000.0
679451,9892.0,9892000.0
647759,9856.0,9856000.0
644954,9854.0,9854000.0
965051,9831.0,9831000.0
97279,9824.0,9824000.0
354851,9802.0,9802000.0
715975,9802.0,9802000.0
110972,9792.0,9792000.0
2775692,9787.0,9787000.0
5887420,9786.0,9786000.0
417710,9786.0,9786000.0
943273,9769.0,9769000.0
826451,9763.0,9763000.0
1435092,9723.0,9723000.0
714165,9709.0,9709000.0
6060882,9705.0,9705000.0
343051,9700.0,9700000.0
1014554,9684.0,9684000.0
820477,9667.0,9667000.0
986757,9661.0,9661000.0
89135,9653.0,9653000.0
271341,9620.0,9620000.0
819154,9610.0,9610000.0
527749,9599.0,9599000.0
308836,9595.0,9595000.0
593940,9587.0,9587000.0
660879,9561.0,9561000.0
972750,9530.0,9530000.0
724940,9530.0,9530000.0
208972,9524.0,9524000.0
989851,9501.0,9501000.0
413347,9497.0,9497000.0
897451,9467.0,9467000.0
677354,9446.0,9446000.0
848453,9434.0,9434000.0
243955,9432.0,9432000.0
732637,9387.0,9387000.0
5839915,9376.0,9376000.0
4368351,9370.0,9370000.0
211114,9363.0,9363000.0
534073,9348.0,9348000.0
156457,9340.0,9340000.0
662350,9331.0,9331000.0
937843,9330.0,9330000.0
667551,9325.0,9325000.0
358448,9325.0,9325000.0
988256,9312.0,9312000.0
2939001,9300.0,9300000.0
43856,9290.0,9290000.0
460350,9287.0,9287000.0
617079,9285.0,9285000.0
280558,9279.0,9279000.0
422116,9274.0,9274000.0
276654,9265.0,9265000.0
95677,9256.0,9256000.0
960047,9253.0,9253000.0
863652,9235.0,9235000.0
508270,9235.0,9235000.0
111157,9210.0,9210000.0
944748,9197.0,9197000.0
147651,9190.0,9190000.0
969956,9177.0,9177000.0
242949,9173.0,9173000.0
108269,9144.0,9144000.0
275657,9141.0,9141000.0
688453,9140.0,9140000.0
157155,9128.0,9128000.0
13251,9122.0,9122000.0
492810,9113.0,9113000.0
170257,9112.0,9112000.0
726458,9093.0,9093000.0
897237,9080.0,9080000.0
424352,9075.0,9075000.0
647955,9072.0,9072000.0
409265,9031.0,9031000.0
753052,9021.0,9021000.0
378044,9018.0,9018000.0
351131,8994.0,8994000.0
890957,8957.0,8957000.0
560438,8928.0,8928000.0
361354,8912.0,8912000.0
598132,8904.0,8904000.0
114859,8903.0,8903000.0
578237,8890.0,8890000.0
459644,8861.0,8861000.0
177135,8861.0,8861000.0
1015458,8843.0,8843000.0
392255,8832.0,8832000.0
250476,8828.0,8828000.0
112510,8824.0,8824000.0
498456,8797.0,8797000.0
116554,8792.0,8792000.0
861854,8789.0,8789000.0
403656,8774.0,8774000.0
188739,8760.0,8760000.0
843953,8753.0,8753000.0
238250,8751.0,8751000.0
931458,8735.0,8735000.0
122546,8727.0,8727000.0
513322,8722.0,8722000.0
471057,8708.0,8708000.0
804150,8698.0,8698000.0
865852,8698.0,8698000.0
672238,8698.0,8698000.0
62147,8681.0,8681000.0
559179,8667.0,8667000.0
918356,8640.0,8640000.0
24378,8633.0,8633000.0
595944,8630.0,8630000.0
79127,8618.0,8618000.0
655530,8602.0,8602000.0
273653,8601.0,8601000.0
41553,8596.0,8596000.0
858443,8586.0,8586000.0
533227,8567.0,8567000.0
4032791,8506.0,8506000.0
353957,8500.0,8500000.0
984454,8498.0,8498000.0
670654,8474.0,8474000.0
321330,8409.0,8409000.0
563934,8409.0,8409000.0
396057,8386.0,8386000.0
958231,8377.0,8377000.0
944935,8368.0,8368000.0
1474309,8368.0,8368000.0
184759,8345.0,8345000.0
2750,8328.0,8328000.0
77150,8321.0,8321000.0
457,8320.0,8320000.0
174367,8319.0,8319000.0
229454,8309.0,8309000.0
735414,8300.0,8300000.0
1945247,8294.0,8294000.0
2724766,8291.0,8291000.0
2641827,8285.0,8285000.0
287922,8279.0,8279000.0
524757,8275.0,8275000.0
741152,8255.0,8255000.0
644057,8254.0,8254000.0
969059,8238.0,8238000.0
157856,8221.0,8221000.0
915056,8201.0,8201000.0
103134,8188.0,8188000.0
760939,8182.0,8182000.0
717232,8181.0,8181000.0
120476,8161.0,8161000.0
798512,8140.0,8140000.0
371849,8121.0,8121000.0
187648,8109.0,8109000.0
697950,8096.0,8096000.0
14753,8046.0,8046000.0
924254,8043.0,8043000.0
375650,8030.0,8030000.0
450669,8019.0,8019000.0
1007958,7993.0,7993000.0
3448425,7987.0,7987000.0
401951,7980.0,7980000.0
442655,7970.0,7970000.0
128258,7967.0,7967000.0
75455,7960.0,7960000.0
411240,7934.0,7934000.0
197254,7926.0,7926000.0
40033,7919.0,7919000.0
858153,7915.0,7915000.0
5758445,7910.0,7910000.0
754246,7890.0,7890000.0
732954,7876.0,7876000.0
474544,7872.0,7872000.0
366359,7855.0,7855000.0
276953,7853.0,7853000.0
777441,7837.0,7837000.0
856458,7790.0,7790000.0
856542,7779.0,7779000.0
700140,7749.0,7749000.0
997557,7736.0,7736000.0
269759,7697.0,7697000.0
304575,7678.0,7678000.0
42457,7677.0,7677000.0
603540,7646.0,7646000.0
3285246,7626.0,7626000.0
937834,7617.0,7617000.0
824738,7616.0,7616000.0
92144,7613.0,7613000.0
195157,7590.0,7590000.0
515979,7589.0,7589000.0
4146830,7586.0,7586000.0
671053,7582.0,7582000.0
116358,7582.0,7582000.0
456344,7570.0,7570000.0
401559,7566.0,7566000.0
870856,7565.0,7565000.0
324229,7560.0,7560000.0
686570,7553.0,7553000.0
37659,7529.0,7529000.0
507349,7498.0,7498000.0
814355,7483.0,7483000.0
270652,7482.0,7482000.0
824242,7471.0,7471000.0
412452,7466.0,7466000.0
931159,7457.0,7457000.0
112556,7431.0,7431000.0
767152,7426.0,7426000.0
777254,7391.0,7391000.0
73152,7387.0,7387000.0
505916,7375.0,7375000.0
58355,7375.0,7375000.0
998358,7372.0,7372000.0
333940,7360.0,7360000.0
2123930,7334.0,7334000.0
550448,7327.0,7327000.0
460556,7321.0,7321000.0
231279,7294.0,7294000.0
570651,7288.0,7288000.0
328058,7286.0,7286000.0
835378,7265.0,7265000.0
522454,7262.0,7262000.0
442057,7258.0,7258000.0
923949,7234.0,7234000.0
658072,7213.0,7213000.0
460275,7177.0,7177000.0
3353154,7174.0,7174000.0
894834,7154.0,7154000.0
668053,7148.0,7148000.0
104971,7141.0,7141000.0
73956,7132.0,7132000.0
884657,7114.0,7114000.0
360777,7113.0,7113000.0
2797210,7095.0,7095000.0
768953,7091.0,7091000.0
973252,7085.0,7085000.0
8631,7073.0,7073000.0
503547,7020.0,7020000.0
3480069,6972.0,6972000.0
618647,6970.0,6970000.0
835659,6956.0,6956000.0
21359,6935.0,6935000.0
3139321,6933.0,6933000.0
354253,6921.0,6921000.0
871956,6904.0,6904000.0
79257,6903.0,6903000.0
107758,6902.0,6902000.0
720157,6886.0,6886000.0
72351,6850.0,6850000.0
987576,6834.0,6834000.0
560214,6833.0,6833000.0
146056,6810.0,6810000.0
229173,6800.0,6800000.0
1017854,6772.0,6772000.0
432432,6768.0,6768000.0
775241,6765.0,6765000.0
292234,6761.0,6761000.0
560353,6739.0,6739000.0
324256,6736.0,6736000.0
649632,6726.0,6726000.0
1176920,6702.0,6702000.0
431350,6695.0,6695000.0
721752,6684.0,6684000.0
311144,6676.0,6676000.0
837653,6663.0,6663000.0
171133,6642.0,6642000.0
338945,6609.0,6609000.0
2912750,6581.0,6581000.0
843476,6544.0,6544000.0
303747,6524.0,6524000.0
764151,6516.0,6516000.0
678052,6507.0,6507000.0
983158,6468.0,6468000.0
132778,6451.0,6451000.0
311658,6423.0,6423000.0
1856,6421.0,6421000.0
760957,6419.0,6419000.0
91950,6408.0,6408000.0
840354,6404.0,6404000.0
480246,6380.0,6380000.0
857259,6349.0,6349000.0
790150,6336.0,6336000.0
316934,6328.0,6328000.0
821643,6312.0,6312000.0
206950,6291.0,6291000.0
82350,6289.0,6289000.0
800479,6282.0,6282000.0
252452,6248.0,6248000.0
302133,6243.0,6243000.0
578862,6242.0,6242000.0
678258,6230.0,6230000.0
1014451,6217.0,6217000.0
991078,6208.0,6208000.0
267652,6170.0,6170000.0
309851,6165.0,6165000.0
651149,6164.0,6164000.0
1820979,6094.0,6094000.0
82257,6091.0,6091000.0
479567,6087.0,6087000.0
219679,6085.0,6085000.0
975452,6071.0,6071000.0
918655,6028.0,6028000.0
723550,6023.0,6023000.0
391557,6018.0,6018000.0
995955,6008.0,6008000.0
755421,5999.0,5999000.0
877958,5968.0,5968000.0
887854,5962.0,5962000.0
1016558,5945.0,5945000.0
940852,5940.0,5940000.0
701857,5920.0,5920000.0
382256,5896.0,5896000.0
876157,5866.0,5866000.0
694771,5833.0,5833000.0
603755,5817.0,5817000.0
1494482,5812.0,5812000.0
207041,5800.0,5800000.0
767572,5791.0,5791000.0
440857,5783.0,5783000.0
102333,5775.0,5775000.0
76153,5765.0,5765000.0
544951,5762.0,5762000.0
2490285,5754.0,5754000.0
378110,5744.0,5744000.0
320034,5682.0,5682000.0
770545,5680.0,5680000.0
582878,5679.0,5679000.0
803265,5678.0,5678000.0
2811086,5626.0,5626000.0
272151,5617.0,5617000.0
215653,5610.0,5610000.0
464853,5579.0,5579000.0
411549,5546.0,5546000.0
858452,5539.0,5539000.0
284958,5523.0,5523000.0
601032,5503.0,5503000.0
534242,5472.0,5472000.0
741956,5443.0,5443000.0
33839,5440.0,5440000.0
681249,5413.0,5413000.0
643274,5402.0,5402000.0
192651,5347.0,5347000.0
242,5342.0,5342000.0
138257,5309.0,5309000.0
1014255,5282.0,5282000.0
1004256,5275.0,5275000.0
227656,5270.0,5270000.0
440978,5253.0,5253000.0
426141,5245.0,5245000.0
167752,5244.0,5244000.0
412872,5231.0,5231000.0
540850,5211.0,5211000.0
131717,5205.0,5205000.0
388753,5191.0,5191000.0
343248,5190.0,5190000.0
388258,5146.0,5146000.0
444677,5131.0,5131000.0
868572,5129.0,5129000.0
749840,5124.0,5124000.0
1012457,5119.0,5119000.0
272058,5078.0,5078000.0
5805479,5059.0,5059000.0
579319,5024.0,5024000.0
693073,5008.0,5008000.0
482370,4989.0,4989000.0
866251,4984.0,4984000.0
522034,4931.0,4931000.0
17259,4919.0,4919000.0
1000856,4881.0,4881000.0
481748,4858.0,4858000.0
3952904,4829.0,4829000.0
741358,4814.0,4814000.0
292850,4810.0,4810000.0
639857,4783.0,4783000.0
205458,4769.0,4769000.0
322551,4751.0,4751000.0
404943,4723.0,4723000.0
610539,4722.0,4722000.0
325459,4685.0,4685000.0
514356,4684.0,4684000.0
99853,4636.0,4636000.0
738657,4579.0,4579000.0
321255,4572.0,4572000.0
771047,4548.0,4548000.0
833851,4510.0,4510000.0
362043,4497.0,4497000.0
839817,4468.0,4468000.0
83852,4442.0,4442000.0
593771,4382.0,4382000.0
921655,4225.0,4225000.0
472148,4218.0,4218000.0
821559,4215.0,4215000.0
104542,4214.0,4214000.0
614256,4170.0,4170000.0
496957,4168.0,4168000.0
571957,4130.0,4130000.0
902645,4128.0,4128000.0
823142,4113.0,4113000.0
856159,4112.0,4112000.0
306056,4037.0,4037000.0
842853,4036.0,4036000.0
912756,4025.0,4025000.0
646471,4014.0,4014000.0
74449,3993.0,3993000.0
373272,3958.0,3958000.0
274052,3927.0,3927000.0
542854,3918.0,3918000.0
603559,3903.0,3903000.0
789051,3889.0,3889000.0
379050,3875.0,3875000.0
175458,3864.0,3864000.0
846132,3860.0,3860000.0
278751,3853.0,3853000.0
235558,3850.0,3850000.0
761833,3826.0,3826000.0
2960788,3826.0,3826000.0
904845,3813.0,3813000.0
90047,3797.0,3797000.0
410159,3793.0,3793000.0
981453,3793.0,3793000.0
691042,3771.0,3771000.0
375379,3719.0,3719000.0
2502825,3707.0,3707000.0
816751,3691.0,3691000.0
923350,3690.0,3690000.0
363442,3661.0,3661000.0
441135,3609.0,3609000.0
472250,3601.0,3601000.0
70955,3598.0,3598000.0
675341,3559.0,3559000.0
663656,3547.0,3547000.0
509857,3474.0,3474000.0
92902,3414.0,3414000.0
425050,3383.0,3383000.0
350657,3367.0,3367000.0
994770,3342.0,3342000.0
630041,3342.0,3342000.0
694146,3328.0,3328000.0
288152,3322.0,3322000.0
270353,3266.0,3266000.0
915935,3249.0,3249000.0
783349,3183.0,3183000.0
519874,3172.0,3172000.0
794653,3145.0,3145000.0
539872,3137.0,3137000.0
706450,3125.0,3125000.0
424437,3102.0,3102000.0
418436,3063.0,3063000.0
2337335,3056.0,3056000.0
32234,3022.0,3022000.0
33370,3012.0,3012000.0
3268173,2981.0,2981000.0
768476,2974.0,2974000.0
514057,2962.0,2962000.0
981350,2962.0,2962000.0
177555,2933.0,2933000.0
731957,2795.0,2795000.0
490955,2794.0,2794000.0
959630,2783.0,2783000.0
818559,2769.0,2769000.0
811457,2761.0,2761000.0
441470,2743.0,2743000.0
918776,2676.0,2676000.0
838155,2646.0,2646000.0
652959,2567.0,2567000.0
469250,2492.0,2492000.0
2877484,2482.0,2482000.0
295646,2360.0,2360000.0
836656,2342.0,2342000.0
604033,2331.0,2331000.0
943152,2326.0,2326000.0
577230,2314.0,2314000.0
274025,2289.0,2289000.0
273859,2287.0,2287000.0
910079,2229.0,2229000.0
971379,2196.0,2196000.0
921936,2196.0,2196000.0
225942,2101.0,2101000.0
67254,2038.0,2038000.0
185251,2037.0,2037000.0
976954,2027.0,2027000.0
855303,1975.0,1975000.0
602842,1888.0,1888000.0
286251,1882.0,1882000.0
384353,1861.0,1861000.0
991854,1791.0,1791000.0
885579,1709.0,1709000.0
78559,1592.0,1592000.0
767246,1573.0,1573000.0
799939,1526.0,1526000.0
857811,1515.0,1515000.0
140634,1338.0,1338000.0
226949,1327.0,1327000.0
596277,1281.0,1281000.0
403254,1071.0,1071000.0
289225,973.0,973000.0
21256,895.0,895000.0
382274,67.0,67000.0
373601,-17116.0,-17116000.0
