rssd_id,total_equity_capital,total_equity_capital_usd,bank_name
852218,335936000.0,335936000000.0,"JPMORGAN CHASE BANK, NATIONAL ASSOCIATION"
480228,246250000.0,246250000000.0,"BANK OF AMERICA, NATIONAL ASSOCIATION"
476810,176530000.0,176530000000.0,"CITIBANK, N.A."
451965,173751000.0,173751000000.0,"WELLS FARGO BANK, NATIONAL ASSOCIATION"
112837,97584212.0,97584212000.0,"CAPITAL ONE, NATIONAL ASSOCIATION"
504713,67960628.0,67960628000.0,U.S. BANK NATIONAL ASSOCIATION
2182786,65331000.0,65331000000.0,GOLDMAN SACHS BANK USA
852320,63223000.0,63223000000.0,TRUIST BANK
817824,59441103.0,59441103000.0,"PNC BANK, NATIONAL ASSOCIATION"
497404,49728084.0,49728084000.0,"TD BANK, NATIONAL ASSOCIATION"
75633,37358799.0,37358799000.0,BMO BANK NATIONAL ASSOCIATION
541101,29822000.0,29822000000.0,"BANK OF NEW YORK MELLON, THE"
35301,28919000.0,28919000000.0,STATE STREET BANK AND TRUST COMPANY
501105,28333192.0,28333192000.0,MANUFACTURERS AND TRADERS TRUST COMPANY
3303298,26838113.0,26838113000.0,"CITIZENS BANK, NATIONAL ASSOCIATION"
1456501,25576000.0,25576000000.0,"MORGAN STANLEY BANK, N.A."
723112,24648000.0,24648000000.0,"FIFTH THIRD BANK, NATIONAL ASSOCIATION"
12311,24293048.0,24293048000.0,"HUNTINGTON NATIONAL BANK, THE"
491224,23371000.0,23371000000.0,FIRST-CITIZENS BANK & TRUST COMPANY
280110,19074946.0,19074946000.0,KEYBANK NATIONAL ASSOCIATION
1394676,19010556.0,19010556000.0,AMERICAN EXPRESS NATIONAL BANK
3150447,18658000.0,18658000000.0,"CHARLES SCHWAB BANK, SSB"
233031,18071000.0,18071000000.0,REGIONS BANK
2489805,17721000.0,17721000000.0,"MORGAN STANLEY PRIVATE BANK, NATIONAL ASSOCIATION"
413208,16200640.0,16200640000.0,"HSBC BANK USA, NATIONAL ASSOCIATION"
3284070,15277000.0,15277000000.0,ALLY BANK
1216022,14552000.0,14552000000.0,SYNCHRONY BANK
722777,14170802.0,14170802000.0,"SANTANDER BANK, NATIONAL ASSOCIATION"
63069,12386276.0,12386276000.0,CITY NATIONAL BANK
210434,11411586.0,11411586000.0,"NORTHERN TRUST COMPANY, THE"
1842065,11175461.0,11175461000.0,CIBC BANK USA
214807,9808000.0,9808000000.0,DEUTSCHE BANK TRUST COMPANY AMERICAS
761806,9774130.0,9774130000.0,"WEBSTER BANK, NATIONAL ASSOCIATION"
3212149,9741941.0,9741941000.0,UBS BANK USA
1929247,9669919.0,9669919000.0,"SOUTHSTATE BANK, N.A."
485559,9188421.0,9188421000.0,FIRST HORIZON BANK
229801,8185196.0,8185196000.0,VALLEY NATIONAL BANK
197478,8151065.0,8151065000.0,EAST WEST BANK
694904,8144856.0,8144856000.0,"FLAGSTAR BANK, NATIONAL ASSOCIATION"
143662,8141845.0,8141845000.0,COLUMBIA BANK
208244,8112742.0,8112742000.0,OLD NATIONAL BANK
3138146,7815796.0,7815796000.0,WESTERN ALLIANCE BANK
936855,7527586.0,7527586000.0,"UMB BANK, NATIONAL ASSOCIATION"
664756,7369747.0,7369747000.0,PROSPERITY BANK
60143,7238000.0,7238000000.0,COMERICA BANK
276579,7179703.0,7179703000.0,"ZIONS BANCORPORATION, NATIONAL ASSOCIATION"
2925666,6929788.0,6929788000.0,PINNACLE BANK
379920,6711049.0,6711049000.0,FIRST NATIONAL BANK OF PENNSYLVANIA
2980209,6403000.0,6403000000.0,BARCLAYS BANK DELAWARE
606046,6243661.0,6243661000.0,CADENCE BANK
107244,6129851.0,6129851000.0,BANK OZK
962966,6030419.0,6030419000.0,"SOFI BANK, NATIONAL ASSOCIATION"
395238,5825211.0,5825211000.0,SYNOVUS BANK
693224,5716082.0,5716082000.0,ATLANTIC UNION BANK
365325,5577829.0,5577829000.0,UNITED BANK
339858,5495781.0,5495781000.0,"BOKF, NATIONAL ASSOCIATION"
619877,5260000.0,5260000000.0,USAA FEDERAL SAVINGS BANK
917742,4800581.0,4800581000.0,"ASSOCIATED BANK, NATIONAL ASSOCIATION"
682563,4541125.0,4541125000.0,FROST BANK
463735,4341452.0,4341452000.0,HANCOCK WHITNEY BANK
2634191,4199764.0,4199764000.0,GLACIER BANK
645625,4160466.0,4160466000.0,"WESBANCO BANK, INC."
128904,4143226.0,4143226000.0,EASTERN BANK
2735146,4100958.0,4100958000.0,"EVERBANK, NATIONAL ASSOCIATION"
764030,4070169.0,4070169000.0,AMERIS BANK
749242,4049369.0,4049369000.0,RENASANT BANK
456045,3997010.0,3997010000.0,CENTENNIAL BANK
595270,3903444.0,3903444000.0,MIDFIRST BANK
613008,3875657.0,3875657000.0,ROCKLAND TRUST COMPANY
2121196,3863507.0,3863507000.0,"TD BANK USA, NATIONAL ASSOCIATION"
494261,3862210.0,3862210000.0,BANC OF CALIFORNIA
940311,3778000.0,3778000000.0,BANCO POPULAR DE PUERTO RICO
527954,3749154.0,3749154000.0,FIRST NATIONAL BANK OF OMAHA
1444021,3681564.0,3681564000.0,"BLACKROCK INSTITUTIONAL TRUST COMPANY, NATIONAL ASSOCIATION"
2618780,3555602.0,3555602000.0,TEXAS CAPITAL BANK
474919,3530379.0,3530379000.0,"FULTON BANK, NATIONAL ASSOCIATION"
934329,3496000.0,3496000000.0,"BNY MELLON, NATIONAL ASSOCIATION"
1017939,3391455.0,3391455000.0,UNITED COMMUNITY BANK
659855,3371314.0,3371314000.0,FIRST INTERSTATE BANK
601050,3280934.0,3280934000.0,COMMERCE BANK
663245,3197586.0,3197586000.0,SIMMONS BANK
3938186,3166950.0,3166950000.0,"BANKUNITED, NATIONAL ASSOCIATION"
2193616,3166096.0,3166096000.0,RAYMOND JAMES BANK
204004,3165569.0,3165569000.0,PROVIDENT BANK
936462,3062588.0,3062588000.0,MECHANICS BANK
656377,3055489.0,3055489000.0,WAFD BANK
34537,3036739.0,3036739000.0,SEACOAST NATIONAL BANK
595869,3013158.0,3013158000.0,CATHAY BANK
3202702,2955000.0,2955000000.0,"OPTUM BANK, INC."
814430,2907244.0,2907244000.0,CITY NATIONAL BANK OF FLORIDA
3394278,2889845.0,2889845000.0,SALLIE MAE BANK
3284397,2787886.0,2787886000.0,BEAL BANK USA
980661,2757205.0,2757205000.0,FIRST HAWAIIAN BANK
165628,2736506.0,2736506000.0,FIRST FINANCIAL BANK
437914,2678024.0,2678024000.0,"WILMINGTON SAVINGS FUND SOCIETY, FSB"
2917317,2604036.0,2604036000.0,AXOS BANK
2567123,2551032.0,2551032000.0,"U.S. BANK TRUST COMPANY, NATIONAL ASSOCIATION"
782306,2508972.0,2508972000.0,BEACON BANK & TRUST
416245,2483450.0,2483450000.0,BUSEY BANK
17147,2469036.0,2469036000.0,FIRST MERCHANTS BANK
2797724,2422066.0,2422066000.0,TOWNEBANK
671464,2366522.0,2366522000.0,BANK OF HOPE
311845,2296768.0,2296768000.0,ARVEST BANK
933966,2270968.0,2270968000.0,"CITIZENS BUSINESS BANK, NATIONAL ASSOCIATION"
963945,2235386.0,2235386000.0,MERCHANTS BANK OF INDIANA
342634,2215483.0,2215483000.0,TRUSTMARK BANK
2354985,2155427.0,2155427000.0,CUSTOMERS BANK
2736291,2091633.0,2091633000.0,POPULAR BANK
1190476,2006846.0,2006846000.0,ENTERPRISE BANK & TRUST
1893049,1995000.0,1995000000.0,"CHARLES SCHWAB PREMIER BANK, SSB"
436159,1975296.0,1975296000.0,FIRSTBANK
1001152,1971227.0,1971227000.0,INTERNATIONAL BANK OF COMMERCE
1002878,1962200.0,1962200000.0,NORTHWEST BANK
352772,1951461.0,1951461000.0,BANNER BANK
510871,1898022.0,1898022000.0,FIRSTBANK PUERTO RICO
1443266,1886000.0,1886000000.0,"BANK OF AMERICA CALIFORNIA, NATIONAL ASSOCIATION"
3348888,1878159.0,1878159000.0,SERVISFIRST BANK
2615190,1878028.0,1878028000.0,MERRICK BANK
853952,1874332.0,1874332000.0,"CENTRAL TRUST BANK, THE"
288853,1860280.0,1860280000.0,FIRSTBANK
702117,1848419.0,1848419000.0,"NBT BANK, NATIONAL ASSOCIATION"
3224580,1770490.0,1770490000.0,COMENITY CAPITAL BANK
795968,1751664.0,1751664000.0,BANK OF HAWAII
470050,1741248.0,1741248000.0,FIRST FINANCIAL BANK
2850722,1739304.0,1739304000.0,BMW BANK OF NORTH AMERICA
85472,1737430.0,1737430000.0,"OCEANFIRST BANK, NATIONAL ASSOCIATION"
3317932,1711901.0,1711901000.0,CONNECTONE BANK
216922,1707303.0,1707303000.0,FIRST BANK
915878,1702152.0,1702152000.0,THIRD FEDERAL SAVINGS & LOAN ASSOCIATION OF CLEVELAND
23504,1645437.0,1645437000.0,DIME COMMUNITY BANK
3579589,1636813.0,1636813000.0,STELLAR BANK
202907,1615176.0,1615176000.0,"COMMUNITY BANK, NATIONAL ASSOCIATION"
3475083,1613294.0,1613294000.0,TRISTATE CAPITAL BANK
871769,1606287.0,1606287000.0,FARMERS AND MERCHANTS BANK OF LONG BEACH
1225761,1603560.0,1603560000.0,WELLS FARGO NATIONAL BANK WEST
3470239,1581355.0,1581355000.0,"AMERIPRISE BANK, FSB"
249612,1577445.0,1577445000.0,APPLE BANK
509950,1558770.0,1558770000.0,FIRST UNITED BANK AND TRUST COMPANY
42420,1510142.0,1510142000.0,FIRST COMMONWEALTH BANK
637451,1505737.0,1505737000.0,PLAINSCAPITAL BANK
3287660,1469328.0,1469328000.0,TOYOTA FINANCIAL SAVINGS BANK
936426,1461635.0,1461635000.0,S & T BANK
320119,1429190.0,1429190000.0,ISRAEL DISCOUNT BANK OF NEW YORK
929352,1412593.0,1412593000.0,BELL BANK
1386251,1366130.0,1366130000.0,BANCFIRST
100562,1362147.0,1362147000.0,TRI COUNTIES BANK
129732,1354170.0,1354170000.0,BYLINE BANK
229913,1344023.0,1344023000.0,MIZUHO BANK (USA)
3076248,1334746.0,1334746000.0,STIFEL BANK AND TRUST
245276,1331724.0,1331724000.0,ORIENTAL BANK
918918,1329866.0,1329866000.0,SAFRA NATIONAL BANK OF NEW YORK
264772,1305655.0,1305655000.0,"LENDINGCLUB BANK, NATIONAL ASSOCIATION"
961624,1280006.0,1280006000.0,"DOLLAR BANK, FEDERAL SAVINGS BANK"
688079,1258897.0,1258897000.0,"WELLS FARGO TRUST COMPANY, NATIONAL ASSOCIATION"
4210227,1246458.0,1246458000.0,NBH BANK
991340,1218532.0,1218532000.0,1ST SOURCE BANK
652874,1207876.0,1207876000.0,NEXBANK
137915,1206231.0,1206231000.0,EMIGRANT BANK
2941068,1190618.0,1190618000.0,NICOLET NATIONAL BANK
673440,1189776.0,1189776000.0,FIRST SECURITY BANK
577128,1184257.0,1184257000.0,PEOPLES BANK
1176881,1183716.0,1183716000.0,MONET BANK
489623,1181597.0,1181597000.0,"PARK NATIONAL BANK, THE"
587800,1172614.0,1172614000.0,LIBERTY BANK
2652092,1149492.0,1149492000.0,EAGLEBANK
3650808,1137648.0,1137648000.0,LIVE OAK BANKING COMPANY
667757,1130219.0,1130219000.0,ORIGIN BANK
37640,1119548.0,1119548000.0,GERMAN AMERICAN BANK
474759,1111067.0,1111067000.0,"SUNFLOWER BANK, NATIONAL ASSOCIATION"
174572,1102652.0,1102652000.0,COLUMBIA BANK
398668,1081671.0,1081671000.0,"BANK OF NEW YORK MELLON TRUST COMPANY, NATIONAL ASSOCIATION, THE"
353555,1077040.0,1077040000.0,AMARILLO NATIONAL BANK
317342,1074255.0,1074255000.0,STOCK YARDS BANK & TRUST COMPANY
3637685,1065989.0,1065989000.0,FIRST FOUNDATION BANK
3783313,1064323.0,1064323000.0,CROSS RIVER BANK
361167,1064248.0,1064248000.0,SOUTHSIDE BANK
2239288,1059419.0,1059419000.0,"WINTRUST BANK, NATIONAL ASSOCIATION"
1391778,1050341.0,1050341000.0,COMENITY BANK
766164,1038102.0,1038102000.0,"TBK BANK, SSB"
316840,1037177.0,1037177000.0,REPUBLIC BANK & TRUST COMPANY
968070,994543.0,994543000.0,CAPITOL FEDERAL SAVINGS BANK
5582846,991223.0,991223000.0,"SQUARE FINANCIAL SERVICES, INC."
783648,982190.0,982190000.0,CENTIER BANK
83638,978367.0,978367000.0,"AMERANT BANK, NATIONAL ASSOCIATION"
52719,969650.0,969650000.0,"DEPOSITORY TRUST COMPANY, THE"
3408728,969217.0,969217000.0,B1BANK
58971,967306.0,967306000.0,WASHINGTON TRUST BANK
618807,963423.0,963423000.0,SALEM FIVE CENTS SAVINGS BANK
450856,955606.0,955606000.0,UNION BANK AND TRUST COMPANY
859712,940937.0,940937000.0,RIDGEWOOD SAVINGS BANK
2600039,938493.0,938493000.0,"COMPUTERSHARE TRUST COMPANY, NATIONAL ASSOCIATION"
762447,935216.0,935216000.0,"FIRST MID BANK & TRUST, NATIONAL ASSOCIATION"
881478,933152.0,933152000.0,HERITAGE BANK
399517,932937.0,932937000.0,CNB BANK
933621,923510.0,923510000.0,BURKE AND HERBERT BANK AND TRUST COMPANY
3187630,923028.0,923028000.0,FORBRIGHT BANK
121642,921813.0,921813000.0,BANKPLUS
959304,913216.0,913216000.0,FLUSHING BANK
354310,907055.0,907055000.0,UNIVEST BANK AND TRUST CO.
936136,904949.0,904949000.0,OLD SECOND NATIONAL BANK
930965,893497.0,893497000.0,SMBC MANUBANK
2916963,893396.0,893396000.0,U.S. BANK TRUST NATIONAL ASSOCIATION
435077,891754.0,891754000.0,"PATHWARD, NATIONAL ASSOCIATION"
3783948,881476.0,881476000.0,"RBC BANK (GEORGIA), NATIONAL ASSOCIATION"
479268,880031.0,880031000.0,BANK OF STOCKTON
509811,873449.0,873449000.0,"COMMUNITY TRUST BANK, INC."
657365,872646.0,872646000.0,HANMI BANK
2858960,870023.0,870023000.0,"BANCORP BANK NATIONAL ASSOCIATION, THE"
58243,863340.0,863340000.0,JOHNSON BANK
1917301,861379.0,861379000.0,"LAKE FOREST BANK & TRUST COMPANY, NATIONAL ASSOCIATION"
913856,857917.0,857917000.0,PINNACLE BANK
2998576,850455.0,850455000.0,CELTIC BANK CORPORATION
2992547,821810.0,821810000.0,"JOHN DEERE FINANCIAL, F.S.B."
3076220,812790.0,812790000.0,STIFEL BANK
661308,812710.0,812710000.0,AMALGAMATED BANK
786612,794362.0,794362000.0,MID PENN BANK
433608,791954.0,791954000.0,TOMPKINS COMMUNITY BANK
888002,791412.0,791412000.0,MIDDLESEX SAVINGS BANK
1918344,789477.0,789477000.0,PREFERRED BANK
339773,779187.0,779187000.0,NEEDHAM BANK
874845,769144.0,769144000.0,LAKE CITY BANK
130541,768929.0,768929000.0,HORIZON BANK
2700984,766567.0,766567000.0,WEX BANK
5278251,765803.0,765803000.0,CHARLES SCHWAB TRUST BANK
29878,760599.0,760599000.0,MASPETH FEDERAL SAVINGS AND LOAN ASSOCIATION
996260,760231.0,760231000.0,CTBC BANK CORP. (USA)
2362458,758293.0,758293000.0,"WELLS FARGO BANK SOUTH CENTRAL, NATIONAL ASSOCIATION"
412751,756563.0,756563000.0,WOODFOREST NATIONAL BANK
139656,749340.0,749340000.0,EQUITY BANK
255659,738863.0,738863000.0,BANK OF COLORADO
2209553,733625.0,733625000.0,HERITAGE BANK OF COMMERCE
236706,733441.0,733441000.0,PEAPACK PRIVATE BANK AND TRUST
651859,731828.0,731828000.0,STOCKMAN BANK OF MONTANA
2705895,726723.0,726723000.0,METROPOLITAN COMMERCIAL BANK
2608754,725795.0,725795000.0,MERCANTILE BANK
593007,724700.0,724700000.0,CAMDEN NATIONAL BANK
28013,724186.0,724186000.0,NORTHFIELD BANK
811046,716295.0,716295000.0,BANKERS TRUST COMPANY
633378,714644.0,714644000.0,KEARNY BANK
758703,703531.0,703531000.0,CAMBRIDGE SAVINGS BANK
836843,702818.0,702818000.0,MIDWESTONE BANK
663834,697385.0,697385000.0,OCEAN BANK
260055,696311.0,696311000.0,ALPINE BANK
850036,688880.0,688880000.0,FIRST AMERICAN BANK
3232204,685307.0,685307000.0,POPPY BANK
826956,683175.0,683175000.0,CHOICE FINANCIAL GROUP
54973,669876.0,669876000.0,"AMERICAN SAVINGS BANK, F.S.B."
2265456,669410.0,669410000.0,"WILMINGTON TRUST, NATIONAL ASSOCIATION"
272302,668188.0,668188000.0,INSTITUTION FOR SAVINGS IN NEWBURYPORT AND ITS VICINITY
2119773,663722.0,663722000.0,"HINSDALE BANK & TRUST COMPANY, NATIONAL ASSOCIATION"
2737980,662331.0,662331000.0,NORTHPOINTE BANK
601416,662253.0,662253000.0,FIVE STAR BANK
1011526,656501.0,656501000.0,CITY NATIONAL BANK OF WEST VIRGINIA
426534,654269.0,654269000.0,HEARTLAND BANK AND TRUST COMPANY
808260,652993.0,652993000.0,FARMERS & MERCHANTS BANK OF CENTRAL CALIFORNIA
391575,648770.0,648770000.0,"UNITED FIDELITY BANK, FSB"
933023,648279.0,648279000.0,"SHORE UNITED BANK, NATIONAL ASSOCIATION"
3630323,644479.0,644479000.0,THIRD COAST BANK
693345,640560.0,640560000.0,"FIRST FINANCIAL BANK, NATIONAL ASSOCIATION"
2471239,639837.0,639837000.0,CFG BANK
701062,633711.0,633711000.0,CENTRAL PACIFIC BANK
3532641,631558.0,631558000.0,SMARTBANK
697763,629879.0,629879000.0,WESTAMERICA BANK
342410,623489.0,623489000.0,ORRSTOWN BANK
542528,617072.0,617072000.0,CIVISTA BANK
1187001,613832.0,613832000.0,INTERBANK
3447576,612971.0,612971000.0,AMERICAN MOMENTUM BANK
773247,610247.0,610247000.0,MIDLAND STATES BANK
572374,610219.0,610219000.0,GREAT SOUTHERN BANK
3835454,603502.0,603502000.0,ROYAL BUSINESS BANK
731247,602537.0,602537000.0,HILLS BANK AND TRUST COMPANY
594947,600598.0,600598000.0,"BANK FIRST, NATIONAL ASSOCIATION"
278818,599582.0,599582000.0,PEOPLES SECURITY BANK AND TRUST COMPANY
932978,595723.0,595723000.0,FIRSTRUST SAVINGS BANK
212577,595578.0,595578000.0,HOMETRUST BANK
3378773,595035.0,595035000.0,BRIDGEWATER BANK
3076453,591819.0,591819000.0,"CALIFORNIA BANK OF COMMERCE, NATIONAL ASSOCIATION"
3402913,587670.0,587670000.0,BANESCO USA
159636,578498.0,578498000.0,WILSON BANK & TRUST
664206,577879.0,577879000.0,CAPE COD FIVE CENTS SAVINGS BANK
725732,576231.0,576231000.0,BRADESCO BANK
522605,573304.0,573304000.0,BAR HARBOR BANK AND TRUST COMPANY
114260,569246.0,569246000.0,FIRST NATIONAL BANK ALASKA
2634351,562996.0,562996000.0,"MACATAWA BANK, NATIONAL ASSOCIATION"
933256,561482.0,561482000.0,"ALERUS FINANCIAL, NATIONAL ASSOCIATION"
141556,559272.0,559272000.0,STEARNS BANK NATIONAL ASSOCIATION
816603,557843.0,557843000.0,"WASHINGTON TRUST COMPANY, OF WESTERLY, THE"
722544,554120.0,554120000.0,NATIONAL EXCHANGE BANK AND TRUST
639567,553548.0,553548000.0,"CREDIT ONE BANK, NATIONAL ASSOCIATION"
230759,551663.0,551663000.0,INTERNATIONAL BANK OF COMMERCE
925411,550275.0,550275000.0,SUMITOMO MITSUI TRUST BANK (U.S.A.) LIMITED
253468,548491.0,548491000.0,RIVER CITY BANK
707354,543347.0,543347000.0,FIRST STATE COMMUNITY BANK
809771,543070.0,543070000.0,YAKIMA FEDERAL SAVINGS AND LOAN ASSOCIATION
3109146,539119.0,539119000.0,"LEADER BANK, NATIONAL ASSOCIATION"
660655,538080.0,538080000.0,AMERICAN NATIONAL BANK
413141,536580.0,536580000.0,FIRST NATIONAL BANK OF AMERICA
468806,536018.0,536018000.0,NORTHEAST BANK
169653,535671.0,535671000.0,FIRST BANK
949154,532932.0,532932000.0,TEXAS BANK AND TRUST COMPANY
825146,531314.0,531314000.0,MORTON COMMUNITY BANK
77851,528711.0,528711000.0,FIRST BANK & TRUST
680813,527939.0,527939000.0,"FARMERS NATIONAL BANK OF CANFIELD, THE"
419406,527458.0,527458000.0,BANGOR SAVINGS BANK
272272,527168.0,527168000.0,SOUTHERN BANK
677176,524296.0,524296000.0,TRUSTCO BANK
384018,523117.0,523117000.0,WOORI AMERICA BANK
2508751,519730.0,519730000.0,"BARRINGTON BANK & TRUST COMPANY, NATIONAL ASSOCIATION"
876634,517794.0,517794000.0,CAPITAL CITY BANK
2938198,514335.0,514335000.0,"NORTHBROOK BANK & TRUST COMPANY, NATIONAL ASSOCIATION"
236153,510926.0,510926000.0,FIRST INTERNATIONAL BANK AND TRUST
1883321,509891.0,509891000.0,"FIRST AMERICAN TRUST, FSB"
324340,506677.0,506677000.0,CHOICEONE BANK
56351,506054.0,506054000.0,"VERABANK, NATIONAL ASSOCIATION"
897170,504790.0,504790000.0,"PONCE BANK, NATIONAL ASSOCIATION"
2867337,501068.0,501068000.0,FIVE STAR BANK
2562164,493126.0,493126000.0,COASTAL COMMUNITY BANK
2654911,491065.0,491065000.0,PRINCIPAL BANK
636771,490911.0,490911000.0,INDEPENDENT BANK
3437456,489243.0,489243000.0,METRO CITY BANK
1015560,488960.0,488960000.0,"INDUSTRIAL AND COMMERCIAL BANK OF CHINA (USA), NATIONAL ASSOCIATION"
913753,483128.0,483128000.0,INWOOD NATIONAL BANK
1007015,482314.0,482314000.0,CENTRAL BANK & TRUST COMPANY
673909,479708.0,479708000.0,HINGHAM INSTITUTION FOR SAVINGS
548351,477799.0,477799000.0,"AUSTIN BANK, TEXAS NATIONAL ASSOCIATION"
161273,477526.0,477526000.0,"NORTH SHORE BANK, A CO-OPERATIVE BANK"
374653,476590.0,476590000.0,FIRST PREMIER BANK
2390929,475668.0,475668000.0,BANK OF ANN ARBOR
474254,474474.0,474474000.0,BROADWAY NATIONAL BANK
703767,472495.0,472495000.0,COMMUNITY WEST BANK
929978,472495.0,472495000.0,"HOME BANK, NATIONAL ASSOCIATION"
3029589,469366.0,469366000.0,CEDAR RAPIDS BANK AND TRUST COMPANY
3325759,468103.0,468103000.0,PRIMIS BANK
845573,467973.0,467973000.0,"SPENCER SAVINGS BANK, SAVINGS AND LOAN ASSOCIATION"
2693264,465492.0,465492000.0,"TOWN BANK, NATIONAL ASSOCIATION"
575254,465084.0,465084000.0,CITY BANK
2353595,464626.0,464626000.0,FIRST COMMUNITY BANK
945053,463818.0,463818000.0,RCB BANK
557858,463056.0,463056000.0,"INTRUST BANK, NATIONAL ASSOCIATION"
256553,462083.0,462083000.0,DACOTAH BANK
900306,461910.0,461910000.0,NORTHERN BANK & TRUST COMPANY
13103,461463.0,461463000.0,BRISTOL COUNTY SAVINGS BANK
535753,460437.0,460437000.0,"ACADEMY BANK, N.A."
739560,460215.0,460215000.0,FREMONT BANK
2916534,459100.0,459100000.0,"BTG PACTUAL BANK, NATIONAL ASSOCIATION"
161602,457962.0,457962000.0,"CANANDAIGUA NATIONAL BANK AND TRUST COMPANY, THE"
105473,455089.0,455089000.0,HOME FEDERAL BANK OF TENNESSEE
355858,454013.0,454013000.0,FIRST NATIONAL BANK
99376,450731.0,450731000.0,"NATIONAL COOPERATIVE BANK, N.A."
3228908,450173.0,450173000.0,MEDALLION BANK
933975,447472.0,447472000.0,BANK OF UTAH
384278,445531.0,445531000.0,FIRST FEDERAL BANK
3401970,443502.0,443502000.0,FIRST BANK
2576134,442934.0,442934000.0,WEBBANK
662369,442092.0,442092000.0,BANK OF THE SIERRA
1009354,434850.0,434850000.0,SECURITY BANK OF KANSAS CITY
584920,433014.0,433014000.0,"FIDELITY BANK, THE"
866000,429428.0,429428000.0,ARROW BANK NATIONAL ASSOCIATION
26765,426357.0,426357000.0,VANTAGE BANK TEXAS
2758613,426347.0,426347000.0,FIRST INTERNET BANK OF INDIANA
211271,425633.0,425633000.0,"NORTH AMERICAN SAVINGS BANK, FSB"
717924,424415.0,424415000.0,SOUTHERN BANK AND TRUST COMPANY
537449,423364.0,423364000.0,FIRST BUSINESS BANK
914648,422241.0,422241000.0,BANKFIRST FINANCIAL SERVICES
751656,419018.0,419018000.0,FRANDSEN BANK & TRUST
529958,417156.0,417156000.0,"TIB, NATIONAL ASSOCIATION"
460033,413982.0,413982000.0,COMMUNITY BANK OF MISSISSIPPI
1001639,411686.0,411686000.0,PARKWAY BANK AND TRUST COMPANY
876700,411379.0,411379000.0,CENTREVILLE BANK
2734729,411125.0,411125000.0,AMERICAN BUSINESS BANK
911973,409499.0,409499000.0,UNION SAVINGS BANK
2044811,407550.0,407550000.0,"WHEATON BANK & TRUST COMPANY, NATIONAL ASSOCIATION"
1157415,407265.0,407265000.0,STATE BANK OF TEXAS
223322,405973.0,405973000.0,"FIRST BANK AND TRUST COMPANY, THE"
2963266,405322.0,405322000.0,FIRST CAROLINA BANK
1436204,403614.0,403614000.0,BANK OF MARIN
439338,402792.0,402792000.0,UNITED COMMUNITY BANK
613400,399382.0,399382000.0,PEOPLESBANK
5210,398301.0,398301000.0,ACNB BANK
491934,397645.0,397645000.0,COLONY BANK
3476192,397632.0,397632000.0,CARTER BANK & TRUST
971959,394626.0,394626000.0,BRAVERA BANK
214414,392654.0,392654000.0,"FARMERS & MERCHANTS STATE BANK, THE"
3804535,392102.0,392102000.0,GUARANTY BANK
852544,387684.0,387684000.0,SOUTHERN BANCORP BANK
2849801,387473.0,387473000.0,SOUTHERN FIRST BANK
376273,386283.0,386283000.0,NORTH SHORE BANK
822556,385601.0,385601000.0,TEXAS EXCHANGE BANK
976703,384535.0,384535000.0,"BESSEMER TRUST COMPANY, N.A."
3235410,382597.0,382597000.0,WEST COAST COMMUNITY BANK
140362,382263.0,382263000.0,SUNWEST BANK
2694681,380970.0,380970000.0,AMERICAN FIRST NATIONAL BANK
3547131,379363.0,379363000.0,FINEMARK NATIONAL BANK & TRUST
3212402,378457.0,378457000.0,PCB BANK
657459,369052.0,369052000.0,MIDWEST BANKCENTRE
1447639,368341.0,368341000.0,WESTSTAR BANK
139740,366241.0,366241000.0,WEST BANK
1718188,362213.0,362213000.0,NORTHRIM BANK
842460,361598.0,361598000.0,LONE STAR NATIONAL BANK
657271,359688.0,359688000.0,GATE CITY BANK
254317,359132.0,359132000.0,BANK OF UTICA
557317,358943.0,358943000.0,LINKBANK
978118,358001.0,358001000.0,FIRST CITIZENS COMMUNITY BANK
671334,357979.0,357979000.0,REPUBLIC BANK OF CHICAGO
278555,357690.0,357690000.0,"STRIDE BANK, NATIONAL ASSOCIATION"
867650,356407.0,356407000.0,PINNACLE BANK
2743244,356093.0,356093000.0,RED RIVER BANK
110936,353783.0,353783000.0,BANCO DO BRASIL AMERICAS
895710,351132.0,351132000.0,CITIZENS & NORTHERN BANK
2757205,351093.0,351093000.0,"MVB BANK, INC."
1018927,349514.0,349514000.0,1ST SECURITY BANK OF WASHINGTON
3109043,348347.0,348347000.0,BANKWELL BANK
2954059,347934.0,347934000.0,BCB COMMUNITY BANK
428547,347402.0,347402000.0,"ST. CHARLES BANK & TRUST COMPANY, NATIONAL ASSOCIATION"
330855,346932.0,346932000.0,"BANK OF MISSOURI, THE"
507068,346727.0,346727000.0,EXCHANGE BANK
2298995,346066.0,346066000.0,"VILLAGE BANK & TRUST, NATIONAL ASSOCIATION"
1890525,345269.0,345269000.0,UNITY BANK
3189063,343808.0,343808000.0,COMMERCIAL BANK OF CALIFORNIA
995076,343688.0,343688000.0,CACHE VALLEY BANK
4457536,342091.0,342091000.0,THRIVENT BANK
823478,340428.0,340428000.0,NORTHEAST COMMUNITY BANK
2891622,339948.0,339948000.0,"CORNERSTONE CAPITAL BANK, SSB"
525549,339447.0,339447000.0,LAKE RIDGE BANK
3437157,339061.0,339061000.0,RIVER BANK & TRUST
936583,338568.0,338568000.0,THINK MUTUAL BANK
310978,337807.0,337807000.0,WATERSTONE BANK
2764212,335785.0,335785000.0,PARKE BANK
779351,335617.0,335617000.0,"MERCHANTS BANK, NATIONAL ASSOCIATION"
9807,334969.0,334969000.0,AMBOY BANK
2808602,334760.0,334760000.0,"CAPITAL BANK, NATIONAL ASSOCIATION"
84541,331940.0,331940000.0,GUARANTY BANK AND TRUST COMPANY
407506,329905.0,329905000.0,ION BANK
328777,327987.0,327987000.0,PENN COMMUNITY BANK
961576,327815.0,327815000.0,"EL DORADO SAVINGS BANK, F.S.B."
543262,327182.0,327182000.0,D.L. EVANS BANK
160959,326971.0,326971000.0,KS STATEBANK
139843,326929.0,326929000.0,FIRST FARMERS BANK & TRUST CO.
3281510,326553.0,326553000.0,UNITED BUSINESS BANK
302656,326042.0,326042000.0,MINNWEST BANK
619701,325519.0,325519000.0,AVIDIA BANK
762474,323504.0,323504000.0,"FIDELITY BANK, NATIONAL ASSOCIATION"
324863,323151.0,323151000.0,"BANK OF COMMERCE, THE"
599764,322897.0,322897000.0,"AMERICAN NATIONAL BANK OF TEXAS, THE"
265407,318554.0,318554000.0,BANK OF NEW HAMPSHIRE
247140,318326.0,318326000.0,ONE COMMUNITY BANK
459671,314993.0,314993000.0,MANASQUAN BANK
3374412,314485.0,314485000.0,OAKSTAR BANK
928421,314343.0,314343000.0,CITIZENS AND FARMERS BANK
455972,314011.0,314011000.0,PEOPLES BANK
3449066,313191.0,313191000.0,"INVESTAR BANK, NATIONAL ASSOCIATION"
443205,312625.0,312625000.0,UNION SAVINGS BANK
293053,311205.0,311205000.0,COMMUNITY NATIONAL BANK
1458608,310958.0,310958000.0,GULF COAST BANK AND TRUST COMPANY
689209,310889.0,310889000.0,COUNTRY BANK FOR SAVINGS
233554,309697.0,309697000.0,WESTERN STATE BANK
622774,308697.0,308697000.0,CENTRAL BANK
441256,307916.0,307916000.0,FIRST DAKOTA NATIONAL BANK
645465,304840.0,304840000.0,VISTA BANK
2142155,303794.0,303794000.0,QUAD CITY BANK AND TRUST COMPANY
113601,303349.0,303349000.0,BANK OF NEW ENGLAND
648242,302853.0,302853000.0,INDEPENDENCE BANK OF KENTUCKY
546003,302154.0,302154000.0,BANKNEWPORT
233527,301407.0,301407000.0,"BLUE RIDGE BANK, NATIONAL ASSOCIATION"
2594240,299780.0,299780000.0,ENCORE BANK
3158546,299667.0,299667000.0,FIRST WESTERN TRUST BANK
201834,296757.0,296757000.0,LAKESIDE BANK
232856,295575.0,295575000.0,TEXASBANK
18827,294804.0,294804000.0,"NEXTIER BANK, NA"
5514409,294602.0,294602000.0,NELNET BANK
3386264,294224.0,294224000.0,FIRST GENERAL BANK
137205,292957.0,292957000.0,MACHIAS SAVINGS BANK
1001648,292610.0,292610000.0,CARROLLTON BANK
3110197,292363.0,292363000.0,SOUTHEAST BANK
656470,292151.0,292151000.0,STATE BANK OF SOUTHERN UTAH
965789,291936.0,291936000.0,SUSSER BANK
176101,291742.0,291742000.0,ORANGE BANK & TRUST COMPANY
1387605,291537.0,291537000.0,NORTHWEST BANK
536059,291063.0,291063000.0,"GOLDEN BANK, NATIONAL ASSOCIATION"
3214059,290401.0,290401000.0,AVIDBANK
547840,290339.0,290339000.0,STAR FINANCIAL BANK
67656,289675.0,289675000.0,FIRST SAVINGS BANK
3404207,288713.0,288713000.0,"OLD PLANK TRAIL COMMUNITY BANK, NATIONAL ASSOCIATION"
42448,288641.0,288641000.0,FIRST NATIONAL BANK
613950,288525.0,288525000.0,FIRST NATIONAL BANK TEXAS DBA FIRST CONVENIENCE BANK
884303,287571.0,287571000.0,CHEMUNG CANAL TRUST COMPANY
237066,285772.0,285772000.0,WEST TEXAS NATIONAL BANK
2339795,284697.0,284697000.0,"LIBERTYVILLE BANK & TRUST COMPANY, NATIONAL ASSOCIATION"
3419416,283047.0,283047000.0,JOHN MARSHALL BANK
273336,282946.0,282946000.0,"BANK OF TAMPA, THE"
3248849,282643.0,282643000.0,MAINSTREET BANK
397540,282107.0,282107000.0,"FIRST NATIONAL BANK OF FORT SMITH, THE"
193809,280541.0,280541000.0,DEDHAM INSTITUTION FOR SAVINGS
214106,280273.0,280273000.0,"BANK OF GREENE COUNTY, THE"
595430,279569.0,279569000.0,"STATE BANK OF THE LAKES, NATIONAL ASSOCIATION"
237619,278781.0,278781000.0,"PIONEER BANK, NATIONAL ASSOCIATION"
243375,278639.0,278639000.0,GREEN DOT BANK
785923,278357.0,278357000.0,LCNB NATIONAL BANK
3545258,277267.0,277267000.0,CALPRIVATE BANK
3017081,276769.0,276769000.0,NORTHWESTERN MUTUAL WEALTH MANAGEMENT COMPANY
670560,275484.0,275484000.0,DEUTSCHE BANK NATIONAL TRUST COMPANY
975751,274641.0,274641000.0,CIBC NATIONAL TRUST COMPANY
12946,274503.0,274503000.0,FARMERS BANK & TRUST COMPANY
670467,272899.0,272899000.0,PLUMAS BANK
574976,271293.0,271293000.0,CASHMERE VALLEY BANK
3356191,270247.0,270247000.0,BRYANT BANK
528960,270018.0,270018000.0,TEXAS COMMUNITY BANK
797775,269659.0,269659000.0,BLUE FOUNDRY BANK
3851427,269490.0,269490000.0,GATEWAY FIRST BANK
345309,269162.0,269162000.0,CHELSEA GROTON BANK
3337097,268380.0,268380000.0,COMMONWEALTH BUSINESS BANK
3614976,266740.0,266740000.0,FVCBANK
539032,266560.0,266560000.0,BANK INDEPENDENT
294779,266477.0,266477000.0,TIMBERLAND BANK
3595271,266089.0,266089000.0,"BANK OF PRINCETON, THE"
2596646,266052.0,266052000.0,FIRST COMMUNITY BANK
538802,266009.0,266009000.0,INTERAUDI BANK
380458,265688.0,265688000.0,TEXAS REGIONAL BANK
499501,264487.0,264487000.0,MAINE COMMUNITY BANK
422433,263878.0,263878000.0,FIRST GUARANTY BANK
564557,262775.0,262775000.0,FALCON INTERNATIONAL BANK
3216017,262321.0,262321000.0,"BEVERLY BANK & TRUST COMPANY, NATIONAL ASSOCIATION"
771609,258869.0,258869000.0,BAYCOAST BANK
3016347,257999.0,257999000.0,GEORGIA BANKING COMPANY
939249,257757.0,257757000.0,FIDELITY BANK & TRUST
3447820,257617.0,257617000.0,"ESQUIRE BANK, NATIONAL ASSOCIATION"
289702,257610.0,257610000.0,NORWAY SAVINGS BANK
1718469,257150.0,257150000.0,COLORADO FEDERAL SAVINGS BANK
2297998,256248.0,256248000.0,EVERTRUST BANK
3047659,255542.0,255542000.0,DOGWOOD STATE BANK
3274709,255365.0,255365000.0,COASTAL STATES BANK
552161,255031.0,255031000.0,CITIZENS NATIONAL BANK OF TEXAS
860053,254812.0,254812000.0,"SUNRISE BANKS, NATIONAL ASSOCIATION"
439404,254234.0,254234000.0,FIRST NATIONAL BANK
1494914,253768.0,253768000.0,SHINHAN BANK AMERICA
86675,253725.0,253725000.0,ROSEDALE BANK
234739,253257.0,253257000.0,BUILTWELL BANK
892205,252553.0,252553000.0,WESTFIELD BANK
3357219,252357.0,252357000.0,OPEN BANK
154770,252008.0,252008000.0,MUTUALONE BANK
268006,251763.0,251763000.0,MASCOMA BANK
687951,250236.0,250236000.0,FIRST WESTERN BANK AND TRUST
18854,249944.0,249944000.0,BANK7
3146150,248230.0,248230000.0,U.S. CENTURY BANK
498362,247684.0,247684000.0,AMERICAN NATIONAL BANK & TRUST
255574,247400.0,247400000.0,FIDELITY BANK
578255,246324.0,246324000.0,FIRST UNITED BANK
106359,246097.0,246097000.0,FIRST FIDELITY BANK
5050028,245713.0,245713000.0,INTERNATIONAL BANK OF COMMERCE
685676,245319.0,245319000.0,OPPORTUNITY BANK OF MONTANA
2970657,244983.0,244983000.0,"SCHAUMBURG BANK & TRUST COMPANY, NATIONAL ASSOCIATION"
339072,244735.0,244735000.0,"COLONIAL SAVINGS, FA"
245016,244433.0,244433000.0,HABIB AMERICAN BANK
3271799,243943.0,243943000.0,MERIDIAN BANK
403151,243166.0,243166000.0,CORNERSTONE BANK
925037,241697.0,241697000.0,"INB, NATIONAL ASSOCIATION"
882701,241401.0,241401000.0,FAIRFIELD COUNTY BANK
497039,240934.0,240934000.0,COMMERCIAL BANK
473266,240828.0,240828000.0,TEXAS FIRST BANK
200435,239908.0,239908000.0,CREWS BANK & TRUST
864471,239669.0,239669000.0,PIEDMONT FEDERAL SAVINGS BANK
767974,239269.0,239269000.0,CFBANK NATIONAL ASSOCIATION
583905,239166.0,239166000.0,KENNEBEC SAVINGS BANK
1007819,238763.0,238763000.0,"FIDELITY DEPOSIT AND DISCOUNT BANK, THE"
37435,238320.0,238320000.0,UNITED BANK
45560,237860.0,237860000.0,JEFFERSON BANK
772008,237372.0,237372000.0,SOUTH SHORE BANK
397755,235891.0,235891000.0,LEGACY BANK & TRUST COMPANY
2531991,235720.0,235720000.0,"WELLS FARGO DELAWARE TRUST COMPANY, NATIONAL ASSOCIATION"
773470,234999.0,234999000.0,"MALAGA BANK, FSB"
5069,234573.0,234573000.0,FIRST CREDIT BANK
177920,234365.0,234365000.0,"MIDDLEFIELD BANKING COMPANY, THE"
482156,231288.0,231288000.0,FARMERS BANK & TRUST
133850,231220.0,231220000.0,FIRST CITIZENS NATIONAL BANK
546544,231198.0,231198000.0,CENTRAL BANK
806846,230735.0,230735000.0,BANK FIVE NINE
247355,229182.0,229182000.0,SECURITY STATE BANK & TRUST
785473,228761.0,228761000.0,FIRST SAVINGS BANK
113003,228495.0,228495000.0,STAFFORD SAVINGS BANK
923707,228146.0,228146000.0,"LOWELL FIVE CENT SAVINGS BANK, THE"
275358,227951.0,227951000.0,AMERICAN BANK & TRUST
2132941,227949.0,227949000.0,"NATIONAL BANK OF INDIANAPOLIS, THE"
972648,227917.0,227917000.0,PLANTERS BANK & TRUST COMPANY
526452,225781.0,225781000.0,1ST FINANCIAL BANK USA
893855,225602.0,225602000.0,LEAD BANK
2497181,224954.0,224954000.0,"PLANTERS BANK, INC."
3678857,224159.0,224159000.0,NORTHWEST BANK
318974,224057.0,224057000.0,FIRST FEDERAL SAVINGS AND LOAN ASSOCIATION OF LAKEWOOD
3793714,223880.0,223880000.0,HANOVER COMMUNITY BANK
711472,223652.0,223652000.0,BANK OF GUAM
366238,223434.0,223434000.0,PINNACLE BANK
738040,222753.0,222753000.0,UNITED BANK OF IOWA
626101,222580.0,222580000.0,IVES BANK
1445943,222175.0,222175000.0,"WHITAKER BANK, INC"
3548567,221630.0,221630000.0,TEXAS PARTNERS BANK
48374,221572.0,221572000.0,FIRST FINANCIAL BANK
3398623,220723.0,220723000.0,FFB BANK
709602,220667.0,220667000.0,UNIBANK FOR SAVINGS
110413,220659.0,220659000.0,SUTTON BANK
2973386,220446.0,220446000.0,SEI PRIVATE TRUST COMPANY
677644,218073.0,218073000.0,"FARMERS & MERCHANTS BANK, THE"
2847142,217815.0,217815000.0,COGENT BANK
753324,217434.0,217434000.0,BANK OF CLARKE
5859511,217290.0,217290000.0,"TIAA TRUST, NATIONAL ASSOCIATION"
59316,217184.0,217184000.0,WAYNE BANK
502849,216724.0,216724000.0,BANTERRA BANK
3344321,216378.0,216378000.0,TRADITION CAPITAL BANK
433505,216374.0,216374000.0,BATH SAVINGS INSTITUTION
3437483,215058.0,215058000.0,SIGNATURE BANK
253356,214570.0,214570000.0,MOODY NATIONAL BANK
609609,214170.0,214170000.0,"HANA BANK USA, NATIONAL ASSOCIATION"
775456,213807.0,213807000.0,NATIONAL BANK OF COMMERCE
923752,213657.0,213657000.0,COMMUNITY NATIONAL BANK & TRUST
994435,213039.0,213039000.0,UNITED BANK
962890,212958.0,212958000.0,CITIZENS COMMUNITY FEDERAL NATIONAL ASSOCIATION
2736714,211447.0,211447000.0,MISSION BANK
1459717,211270.0,211270000.0,FCB BANKS
807955,211185.0,211185000.0,"AMERICAN BANK, NATIONAL ASSOCIATION"
783161,209558.0,209558000.0,FIRST NORTHERN BANK OF DIXON
627108,208908.0,208908000.0,CAPE ANN SAVINGS BANK
279105,208814.0,208814000.0,FLORENCE BANK
703552,208007.0,208007000.0,"HORIZON BANK, SSB"
674849,207997.0,207997000.0,LUANA SAVINGS BANK
61122,207810.0,207810000.0,FIRST UNITED BANK & TRUST
1864197,207600.0,207600000.0,OAK VALLEY COMMUNITY BANK
537560,207438.0,207438000.0,"EXTRACO BANKS, NATIONAL ASSOCIATION"
65858,206772.0,206772000.0,EMPRISE BANK
786210,206380.0,206380000.0,"TRADITIONAL BANK, INC."
470452,205798.0,205798000.0,ARMSTRONG BANK
423739,204494.0,204494000.0,MORRIS BANK
2068107,204369.0,204369000.0,CAPITAL COMMUNITY BANK
186744,204232.0,204232000.0,FIRST CITIZENS BANK
273662,204036.0,204036000.0,FIRST STATE BANK OF UVALDE
51253,203416.0,203416000.0,APEX BANK
774132,202874.0,202874000.0,VOLUNTEER BANK
757377,202834.0,202834000.0,LIBERTY BANK FOR SAVINGS
2747587,201444.0,201444000.0,NBKC BANK
177751,201368.0,201368000.0,CASS COMMERCIAL BANK
2344753,201220.0,201220000.0,THOMASVILLE NATIONAL BANK
418249,200067.0,200067000.0,"THE SECURITY NATIONAL BANK OF SIOUX CITY, IOWA"
282075,199830.0,199830000.0,WASHINGTON FINANCIAL BANK
517049,199797.0,199797000.0,CHAMBERS BANK
830542,199311.0,199311000.0,CBI BANK & TRUST
425911,198640.0,198640000.0,EPHRATA NATIONAL BANK
3719648,197921.0,197921000.0,MEADOWS BANK
771458,197259.0,197259000.0,FIRST AMERICAN BANK
6329,196549.0,196549000.0,ANDERSON BROTHERS BANK
2624400,196177.0,196177000.0,"CRYSTAL LAKE BANK & TRUST COMPANY, NATIONAL ASSOCIATION"
309655,196088.0,196088000.0,REGENT BANK
804338,195863.0,195863000.0,FIRST BANK CHICAGO
187947,195330.0,195330000.0,BANK IOWA
790543,195240.0,195240000.0,COMMUNITY STATE BANK
473042,194364.0,194364000.0,"SOUTH CENTRAL BANK, INC."
326858,193377.0,193377000.0,"FIRST NATIONAL BANK IN SIOUX FALLS, THE"
2666400,192776.0,192776000.0,INDEPENDENT BANK
859002,192443.0,192443000.0,BANKESB
134437,191941.0,191941000.0,TROY BANK & TRUST COMPANY
2482824,191307.0,191307000.0,GREAT PLAINS NATIONAL BANK
2332910,191053.0,191053000.0,FIRST COMMERCIAL BANK (U.S.A)
645317,190167.0,190167000.0,"ADIRONDACK TRUST COMPANY, THE"
738769,189543.0,189543000.0,COMMUNITY NATIONAL BANK & TRUST OF TEXAS
369659,189452.0,189452000.0,FIRST NATIONAL BANK OF CENTRAL TEXAS
716833,189446.0,189446000.0,MARQUETTE BANK
3807880,189078.0,189078000.0,ONE FLORIDA BANK
212522,188780.0,188780000.0,SOMERSET TRUST COMPANY
49241,188771.0,188771000.0,RELYANCE BANK
408642,188638.0,188638000.0,BANKERS' BANK
2947556,188614.0,188614000.0,FIRST ELECTRONIC BANK
717737,188564.0,188564000.0,CITIZENS NATIONAL BANK
340135,188456.0,188456000.0,BANK OF TENNESSEE
881012,188437.0,188437000.0,JOURNEY BANK
899428,188393.0,188393000.0,FIRST BANK
2785646,187322.0,187322000.0,OMB BANK
2697963,187152.0,187152000.0,"CITY FIRST BANK, NATIONAL ASSOCIATION"
276850,186904.0,186904000.0,SECURITY FIRST BANK
3608751,186815.0,186815000.0,BENEFICIAL STATE BANK
1004470,186570.0,186570000.0,BANKHOMETOWN
890742,186250.0,186250000.0,BLACKHAWK BANK & TRUST
680457,185563.0,185563000.0,"YELLOWSTONE BANK, THE"
242444,185280.0,185280000.0,TRI CITY NATIONAL BANK
508346,185247.0,185247000.0,HAWTHORN BANK
159971,185033.0,185033000.0,SOMERSET REGAL BANK
69333,185014.0,185014000.0,"CITIZENS NATIONAL BANK OF MERIDIAN, THE"
3610718,184962.0,184962000.0,OLD DOMINION NATIONAL BANK
2708122,184821.0,184821000.0,VIRGINIA NATIONAL BANK
117458,184752.0,184752000.0,BANKFIRST
289515,184524.0,184524000.0,FARMERS AND MERCHANTS TRUST COMPANY OF CHAMBERSBURG
921178,184482.0,184482000.0,RIVERVIEW BANK
631422,184375.0,184375000.0,"CONWAY NATIONAL BANK, THE"
132107,183919.0,183919000.0,ANDROSCOGGIN SAVINGS BANK
490450,183482.0,183482000.0,NORTH DALLAS BANK & TRUST CO.
2667920,183377.0,183377000.0,U.S. BANK TRUST NATIONAL ASSOCIATION SD
3280625,183334.0,183334000.0,PROVIDENCE BANK & TRUST
3720608,182754.0,182754000.0,OAKWORTH CAPITAL BANK
1011656,182655.0,182655000.0,"VERSABANK USA, NATIONAL ASSOCIATION"
958204,182651.0,182651000.0,FIRST COUNTY BANK
779968,182567.0,182567000.0,STATE BANK OF INDIA (CALIFORNIA)
146663,182385.0,182385000.0,SAVINGS BANK OF MENDOCINO COUNTY
290249,182269.0,182269000.0,WAUKESHA STATE BANK
514066,182060.0,182060000.0,MONTECITO BANK & TRUST
960935,181629.0,181629000.0,QUEENSBOROUGH NATIONAL BANK & TRUST COMPANY
247908,181566.0,181566000.0,KENNEBUNK SAVINGS BANK
828651,181332.0,181332000.0,ANB BANK
65205,180639.0,180639000.0,"TORRINGTON SAVINGS BANK, THE"
481177,180230.0,180230000.0,LANDMARK NATIONAL BANK
463650,179608.0,179608000.0,ADAMS BANK & TRUST
403179,179586.0,179586000.0,FIRST FED BANK
3404506,179404.0,179404000.0,PROVIDENCE BANK
983457,178897.0,178897000.0,"ARMED FORCES BANK, NATIONAL ASSOCIATION"
74140,178794.0,178794000.0,ISABELLA BANK
3636446,178715.0,178715000.0,GBANK
856243,178080.0,178080000.0,"AMERICAN COMMERCIAL BANK & TRUST, NATIONAL ASSOCIATION"
594433,178065.0,178065000.0,"CB&S BANK, INC."
818401,177705.0,177705000.0,MAIN STREET BANK
2140348,176120.0,176120000.0,"SERVBANK, NATIONAL ASSOCIATION"
375043,175878.0,175878000.0,"PEOPLES NATIONAL BANK, NATIONAL ASSOCIATION"
2328137,175726.0,175726000.0,FIRST COMMUNITY BANK
118156,175562.0,175562000.0,SECURITY BANK AND TRUST COMPANY
63733,175309.0,175309000.0,WELLWORTH BANK
3404373,174011.0,174011000.0,FIRST COMMERCE BANK
2736219,173615.0,173615000.0,"TRANSPORTATION ALLIANCE BANK, INC. DBA TAB BANK"
568470,173490.0,173490000.0,PEOPLES BANK
778738,173289.0,173289000.0,CITIZENS BANK
173575,172501.0,172501000.0,"VILLAGE BANK, THE"
2009605,172479.0,172479000.0,STARION BANK
214722,172377.0,172377000.0,CHESAPEAKE BANK
3588424,172322.0,172322000.0,"WATERFORD BANK, NA"
4536084,172065.0,172065000.0,BANK OF BIRD-IN-HAND
150035,171992.0,171992000.0,FIRST FARMERS AND MERCHANTS BANK
120609,171980.0,171980000.0,THOMASTON SAVINGS BANK
844053,171958.0,171958000.0,SECURITY NATIONAL BANK OF OMAHA
726953,171923.0,171923000.0,UNITED TEXAS BANK
3284490,171358.0,171358000.0,STERLING BANK
840363,171022.0,171022000.0,FIRSTBANK SOUTHWEST
220527,170380.0,170380000.0,PEOPLES BANK
492650,170367.0,170367000.0,EXCHANGE BANK
248240,169935.0,169935000.0,BANK OF SPRINGFIELD
298218,169581.0,169581000.0,WATERTOWN SAVINGS BANK
1009242,168179.0,168179000.0,BTC BANK
527600,168051.0,168051000.0,NORTH EASTON SAVINGS BANK
502111,167364.0,167364000.0,"NEWTEK BANK, NATIONAL ASSOCIATION"
646172,167276.0,167276000.0,FIRST PIEDMONT FEDERAL SAVINGS AND LOAN ASSOCIATION
454676,167019.0,167019000.0,"BANKFINANCIAL, NATIONAL ASSOCIATION"
564052,166887.0,166887000.0,BANK OF ALMA
304173,166761.0,166761000.0,MARQUETTE SAVINGS BANK
2748502,166376.0,166376000.0,SYNERGY BANK
528849,166114.0,166114000.0,HORICON BANK
524579,165675.0,165675000.0,"GREAT MIDWEST BANK, STATE SAVINGS BANK"
2806877,165334.0,165334000.0,"FEDERAL SAVINGS BANK, THE"
556936,165241.0,165241000.0,FORESIGHT BANK
886204,165238.0,165238000.0,WATERTOWN SAVINGS BANK
887340,165184.0,165184000.0,FIRST STATE BANK
613343,165136.0,165136000.0,"CNB BANK & TRUST, NA"
600419,165114.0,165114000.0,KISH BANK
97804,165083.0,165083000.0,MOUNTAINONE BANK
171768,164726.0,164726000.0,"SOUTHSTAR BANK, S.S.B."
734538,164695.0,164695000.0,FIRST NATIONAL BANKERS BANK
209858,164375.0,164375000.0,INBANK
982142,163242.0,163242000.0,"CECILIAN BANK, THE"
2686211,163184.0,163184000.0,CROWN BANK
840747,163129.0,163129000.0,FARMERS STATE BANK
371924,162779.0,162779000.0,COMMUNITY BANK
577137,162646.0,162646000.0,PACIFIC NATIONAL BANK
498317,162558.0,162558000.0,"OHIO VALLEY BANK COMPANY, THE"
2262718,162380.0,162380000.0,"SYNOVUS TRUST COMPANY, NATIONAL ASSOCIATION"
592448,162355.0,162355000.0,EVOLVE BANK & TRUST
885869,162114.0,162114000.0,"COMMERCIAL BANK OF TEXAS, N.A."
1394621,162043.0,162043000.0,METRO BANK
754929,162028.0,162028000.0,"NATIONAL BANK OF BLACKSBURG, THE"
3465392,161751.0,161751000.0,PEGASUS BANK
606653,161309.0,161309000.0,INDEPENDENCE BANK
3637247,161170.0,161170000.0,SOUTH ATLANTIC BANK
1011638,161154.0,161154000.0,PRIMESOUTH BANK
933377,161093.0,161093000.0,FIDELITY CO-OPERATIVE BANK
507509,160459.0,160459000.0,NEWTOWN SAVINGS BANK
758851,160351.0,160351000.0,FIRST BANK OF THE LAKE
242976,160152.0,160152000.0,BAYVANGUARD BANK
101037,160092.0,160092000.0,FIRST AMERICAN BANK AND TRUST
447100,159646.0,159646000.0,CORNERSTONE BANK
754826,159362.0,159362000.0,VINTON COUNTY NATIONAL BANK
684455,158523.0,158523000.0,BOM BANK
2605566,158175.0,158175000.0,EAGLEMARK SAVINGS BANK
3597211,157933.0,157933000.0,"CHAIN BRIDGE BANK, NATIONAL ASSOCIATION"
323204,157841.0,157841000.0,"LYONS NATIONAL BANK, THE"
119779,157711.0,157711000.0,CAPE & COAST BANK
735441,157574.0,157574000.0,AMERICAN STATE BANK
2880019,157551.0,157551000.0,FINWISE BANK
3076604,157485.0,157485000.0,"SIGNATURE BANK, NATIONAL ASSOCIATION"
185859,157350.0,157350000.0,LINDELL BANK & TRUST COMPANY
741330,157040.0,157040000.0,F&M BANK
614313,156678.0,156678000.0,"STATE BANK AND TRUST COMPANY, THE"
3470154,156250.0,156250000.0,US METRO BANK
163549,156123.0,156123000.0,INCREDIBLEBANK
540551,155935.0,155935000.0,"BANKWEST, INCORPORATED"
727174,155719.0,155719000.0,GUARDIAN SAVINGS BANK
3633173,155214.0,155214000.0,ALMA BANK
934271,155173.0,155173000.0,CENLAR FSB
88231,155036.0,155036000.0,BANKSOUTH
589943,154882.0,154882000.0,LINCOLN SAVINGS BANK
554857,154731.0,154731000.0,FIVE POINTS BANK
972862,154298.0,154298000.0,PLAINS STATE BANK
396253,154143.0,154143000.0,SOVEREIGN BANK
1016231,153968.0,153968000.0,MOUNTAIN COMMERCE BANK
952172,153754.0,153754000.0,EVERETT CO-OPERATIVE BANK
738303,153585.0,153585000.0,EAST CAMBRIDGE SAVINGS BANK
576608,153382.0,153382000.0,MEREDITH VILLAGE SAVINGS BANK
435750,153281.0,153281000.0,FIRST STATE BANK
624778,153161.0,153161000.0,FIRST FEDERAL SAVINGS AND LOAN ASSOCIATION OF GREENE COUNTY
2625724,153120.0,153120000.0,SOUTHWESTERN NATIONAL BANK
765505,152220.0,152220000.0,WEBSTER FIVE CENTS SAVINGS BANK
520003,152107.0,152107000.0,NORTHFIELD SAVINGS BANK
1169650,151848.0,151848000.0,AMERASIA BANK
783844,151048.0,151048000.0,CITIZENS BANK
403946,151024.0,151024000.0,"PARK BANK, THE"
1006148,150873.0,150873000.0,FARMERS STATE BANK
859141,150808.0,150808000.0,AVAILA BANK
822042,149950.0,149950000.0,SOUTHERN MICHIGAN BANK & TRUST
372538,149943.0,149943000.0,"EVANGELINE BANK AND TRUST COMPANY, THE"
2325882,149773.0,149773000.0,"DEUTSCHE BANK TRUST COMPANY, NATIONAL ASSOCIATION"
956750,149762.0,149762000.0,RIO BANK
465618,148546.0,148546000.0,"HONESDALE NATIONAL BANK, THE"
931038,147644.0,147644000.0,CENTRAL BANK ILLINOIS
959715,147157.0,147157000.0,ATLANTIC COMMUNITY BANKERS BANK
702612,147120.0,147120000.0,FIRST SOUTHERN NATIONAL BANK
601658,147087.0,147087000.0,ALLIANCE BANK CENTRAL TEXAS
279954,146646.0,146646000.0,CITIZENS ALLIANCE BANK
207050,146565.0,146565000.0,WEST GATE BANK
283737,146443.0,146443000.0,FIRST NATIONAL BANK OF TENNESSEE
3320781,146309.0,146309000.0,TWO RIVERS BANK & TRUST
261360,146306.0,146306000.0,CITIZENS STATE BANK
584377,146187.0,146187000.0,KITSAP BANK
439356,145967.0,145967000.0,ELKHORN VALLEY BANK & TRUST
852713,145258.0,145258000.0,QNB BANK
99536,144953.0,144953000.0,ONE BANK OF TENNESSEE
3141726,144382.0,144382000.0,"FORCHT BANK, NATIONAL ASSOCIATION"
763677,144343.0,144343000.0,SECURITY FEDERAL BANK
153353,144343.0,144343000.0,PEOPLES BANK AND TRUST COMPANY
44433,144277.0,144277000.0,"INTERCREDIT BANK, NATIONAL ASSOCIATION"
348720,143998.0,143998000.0,FARMERS AND MERCHANTS BANK
444350,143739.0,143739000.0,FIRST TEXAS BANK
286457,143610.0,143610000.0,PARK STATE BANK
3623110,143580.0,143580000.0,"AMERICAN PLUS BANK, NATIONAL ASSOCIATION"
770657,143526.0,143526000.0,"NODAWAY VALLEY BANK, THE"
5592340,143167.0,143167000.0,CLIMATE FIRST BANK
831008,143122.0,143122000.0,ASCEND BANK
985479,143004.0,143004000.0,MAIN STREET BANK CORP.
1228034,142902.0,142902000.0,FIRST BANK & TRUST COMPANY
1162017,142754.0,142754000.0,UNITED SECURITY BANK
196800,142143.0,142143000.0,MARTHA'S VINEYARD BANK
972732,142122.0,142122000.0,FIRST NATIONAL BANK OF PULASKI
60330,142087.0,142087000.0,PEOPLES BANK OF ALABAMA
3243282,142025.0,142025000.0,SUMMIT BANK
995272,141776.0,141776000.0,HATBORO FEDERAL SAVINGS
565750,141635.0,141635000.0,BANK OF WASHINGTON
1013070,141623.0,141623000.0,ONELOCAL BANK
928618,141452.0,141452000.0,AMERISERV FINANCIAL BANK
879457,141288.0,141288000.0,CORNERSTONE BANK
930358,140593.0,140593000.0,UNITED BANKERS' BANK
2451240,140541.0,140541000.0,PACIFIC COAST BANKERS' BANK
869663,140389.0,140389000.0,CITIZENS 1ST BANK
33857,140336.0,140336000.0,FRONTIER BANK
3529315,140284.0,140284000.0,EDWARD JONES TRUST COMPANY
3388482,140190.0,140190000.0,AMERICAN RIVIERA BANK
3052813,140111.0,140111000.0,COMMERCEWEST BANK
215662,139483.0,139483000.0,AMERICAN BANK OF COMMERCE
5210989,139139.0,139139000.0,"GRASSHOPPER BANK, N.A."
67209,139137.0,139137000.0,NEWBURYPORT FIVE CENTS SAVINGS BANK
594853,139100.0,139100000.0,"BONVENU BANK, N.A."
956938,138968.0,138968000.0,PRIORITYONE BANK
307679,138744.0,138744000.0,BANK OF THE PACIFIC
384652,138675.0,138675000.0,"DALLAS CAPITAL BANK, NATIONAL ASSOCIATION"
593052,138474.0,138474000.0,PLAINS COMMERCE BANK
900502,138387.0,138387000.0,FULTON SAVINGS BANK
729310,138225.0,138225000.0,PATHFINDER BANK
340144,138213.0,138213000.0,PEOPLES STATE BANK
632607,137558.0,137558000.0,GREENFIELD SAVINGS BANK
228000,137461.0,137461000.0,FRANKLIN SAVINGS BANK
139553,137303.0,137303000.0,MABREY BANK
362717,137049.0,137049000.0,"CROGHAN COLONIAL BANK, THE"
61355,137027.0,137027000.0,CORTRUST BANK NATIONAL ASSOCIATION
419675,136124.0,136124000.0,FIRST BANK RICHMOND
154154,135846.0,135846000.0,"FIRST NATIONAL BANK AND TRUST COMPANY, CHICKASHA, OKLAHOMA, THE"
3297490,135595.0,135595000.0,HARMONY BANK
17978,135376.0,135376000.0,ELIZABETHTON FEDERAL SAVINGS BANK
125855,135230.0,135230000.0,SABINE STATE BANK AND TRUST COMPANY
856748,135177.0,135177000.0,"CITIZENS BANK, THE"
3350724,135037.0,135037000.0,SIGNATURE BANK OF ARKANSAS
833404,134981.0,134981000.0,FALL RIVER FIVE CENTS SAVINGS BANK
397531,134506.0,134506000.0,AMALGAMATED BANK OF CHICAGO
283867,134478.0,134478000.0,WALLIS BANK
27070,134446.0,134446000.0,PREVAIL BANK
68756,134443.0,134443000.0,LIBERTY NATIONAL BANK
498531,134248.0,134248000.0,EVABANK
1469677,134204.0,134204000.0,"HERITAGE BANK, INC."
771140,134099.0,134099000.0,DIETERICH BANK
162337,134093.0,134093000.0,CITIZENS TRI-COUNTY BANK
339607,133998.0,133998000.0,SACO & BIDDEFORD SAVINGS INSTITUTION
195111,133851.0,133851000.0,RHINEBECK BANK
648130,133792.0,133792000.0,GROVE BANK & TRUST
930442,133598.0,133598000.0,BANK OF PONTIAC
589523,133503.0,133503000.0,BANK OF TRAVELERS REST
716374,133481.0,133481000.0,FIRST HARRISON BANK
2719810,133389.0,133389000.0,"WINTRUST PRIVATE TRUST COMPANY, NATIONAL ASSOCIATION"
133971,133309.0,133309000.0,LISLE SAVINGS BANK
300063,133067.0,133067000.0,"NEW OMNI BANK, NATIONAL ASSOCIATION"
777366,132815.0,132815000.0,BANK OF THE ORIENT
3971,132802.0,132802000.0,MIDCOUNTRY BANK
666554,132766.0,132766000.0,HERITAGE BANK
596062,132743.0,132743000.0,"CITY NATIONAL BANK OF SULPHUR SPRINGS, THE"
845247,132287.0,132287000.0,EDMONTON STATE BANK
234355,132183.0,132183000.0,CENTRAL NATIONAL BANK
186717,132159.0,132159000.0,FIRST NORTHERN BANK AND TRUST COMPANY
784159,131788.0,131788000.0,PEOPLES COMMUNITY BANK
304913,131347.0,131347000.0,DEUTSCHE BANK TRUST COMPANY DELAWARE
790918,131334.0,131334000.0,FIRST KEYSTONE COMMUNITY BANK
311603,131037.0,131037000.0,DIME BANK
311050,131013.0,131013000.0,AMERICAN HERITAGE BANK
873259,130662.0,130662000.0,MID AMERICA BANK
613558,130452.0,130452000.0,MONTGOMERY BANK
927479,130298.0,130298000.0,BOGOTA SAVINGS BANK
2997748,130250.0,130250000.0,"FIRST CENTURY BANK, NATIONAL ASSOCIATION"
582971,129732.0,129732000.0,FIRST FEDERAL SAVINGS BANK OF TWIN FALLS
428060,129372.0,129372000.0,CENTRAL NATIONAL BANK
314257,129164.0,129164000.0,DEERWOOD BANK
982348,129134.0,129134000.0,IOWA STATE BANK
998844,129128.0,129128000.0,PEOPLES BANK
699105,129093.0,129093000.0,BLUESTONE BANK
3688043,129027.0,129027000.0,PARKSIDE FINANCIAL BANK AND TRUST
3384952,128809.0,128809000.0,IDAHO FIRST BANK
45551,128741.0,128741000.0,BANK MIDWEST
759045,128040.0,128040000.0,FIRST EAGLE BANK
427353,127696.0,127696000.0,FIRSTAR BANK
610128,127590.0,127590000.0,"BANK OF SOUTHSIDE VIRGINIA, THE"
3068579,127354.0,127354000.0,EMBASSY BANK FOR THE LEHIGH VALLEY
928056,127188.0,127188000.0,"GNBANK, NATIONAL ASSOCIATION DBA GNBANK, N.A."
176464,126773.0,126773000.0,ALLIANCE BANK
94522,126736.0,126736000.0,BENCHMARK COMMUNITY BANK
39327,126583.0,126583000.0,"CALVIN B. TAYLOR BANKING COMPANY OF BERLIN, MARYLAND"
1396764,126230.0,126230000.0,"BERKSHIRE BANK, THE"
980531,125877.0,125877000.0,JD BANK
901938,125672.0,125672000.0,"FARMERS BANK, THE"
113441,125529.0,125529000.0,FARMERS STATE BANK
270504,125522.0,125522000.0,COMMUNITY NATIONAL BANK
561659,125479.0,125479000.0,PINNACLE BANK - WYOMING
5135,125270.0,125270000.0,FIRST STATE BANK OF BLAKELY
3284445,125254.0,125254000.0,"T BANK, NATIONAL ASSOCIATION"
99442,125106.0,125106000.0,BANK OF COMMERCE
189129,125088.0,125088000.0,"COMMERCIAL AND SAVINGS BANK OF MILLERSBURG, OHIO, THE"
207845,125068.0,125068000.0,"FIRST NATIONAL BANK AND TRUST COMPANY, THE"
517674,124953.0,124953000.0,FIRST FEDERAL BANK OF LOUISIANA
780218,124927.0,124927000.0,"UNION BANK COMPANY, THE"
1016259,124823.0,124823000.0,"BENNINGTON STATE BANK, THE"
2833882,124735.0,124735000.0,NEW MILLENNIUM BANK
867632,124633.0,124633000.0,INTERNATIONAL FINANCE BANK
113740,124628.0,124628000.0,FIRST STATE BANK
3435948,124296.0,124296000.0,COLUMN NATIONAL ASSOCIATION
501459,124127.0,124127000.0,ROYAL BANKS OF MISSOURI
933041,124098.0,124098000.0,FARMERS NATIONAL BANK
7009,123903.0,123903000.0,BESSEMER TRUST COMPANY
31255,123861.0,123861000.0,CENTRAL BANK
671558,123683.0,123683000.0,WOOD & HUSTON BANK
754853,123356.0,123356000.0,"FIRST NATIONAL BANK OF HUTCHINSON, THE"
2785477,123261.0,123261000.0,ASIAN BANK
74403,123150.0,123150000.0,MERRIMACK COUNTY SAVINGS BANK
447070,122828.0,122828000.0,HOYNE SAVINGS BANK
1001059,122644.0,122644000.0,SECURITY BANK & TRUST COMPANY
2732,122587.0,122587000.0,"ALBANY BANK & TRUST CO., NATIONAL ASSOCIATION"
283438,122355.0,122355000.0,LIBERTY BANK AND TRUST COMPANY
682143,122172.0,122172000.0,COUNTY NATIONAL BANK
2915461,121921.0,121921000.0,NORTH STATE BANK
812557,121849.0,121849000.0,BANK FORWARD
56717,121732.0,121732000.0,"DIME BANK, THE"
279842,121673.0,121673000.0,RIVER BANK
536554,121471.0,121471000.0,FIRSTIER BANK
592644,121396.0,121396000.0,GREENFIELD BANKING COMPANY
301800,121238.0,121238000.0,ULSTER SAVINGS BANK
300009,121002.0,121002000.0,PASSUMPSIC SAVINGS BANK
151957,120961.0,120961000.0,DAYSPRING BANK
5205819,120847.0,120847000.0,STUDIO BANK
2953418,120824.0,120824000.0,OPTIMUMBANK
701222,120160.0,120160000.0,MERCHANTS NATIONAL BANK
517357,120158.0,120158000.0,BLUE SKY BANK
63573,119651.0,119651000.0,WALPOLE CO-OPERATIVE BANK
208057,119216.0,119216000.0,VERMILLION STATE BANK
150727,118644.0,118644000.0,"RICHWOOD BANKING COMPANY, INC., THE"
631570,118539.0,118539000.0,"PROVIDENT SAVINGS BANK, F.S.B."
779016,118457.0,118457000.0,CENTRAL PENN BANK & TRUST
955977,118394.0,118394000.0,SOUTHWEST HERITAGE BANK
401906,117819.0,117819000.0,SKOWHEGAN SAVINGS BANK
329345,117624.0,117624000.0,GENERATIONS BANK
886624,117561.0,117561000.0,"CLEAR MOUNTAIN BANK, INC."
898627,117502.0,117502000.0,"CITIZENS BANK, THE"
483274,117496.0,117496000.0,FIRST SAVINGS BANK OF HEGEWISCH
548771,117412.0,117412000.0,MAGYAR BANK
245557,117339.0,117339000.0,SUPERIOR NATIONAL BANK
83375,117226.0,117226000.0,CENTURY BANK
2921659,117048.0,117048000.0,CAPITAL BANK AND TRUST COMPANY
301574,116993.0,116993000.0,LAKE SHORE BANK
3268249,116985.0,116985000.0,GREENE COUNTY COMMERCIAL BANK
3386536,116956.0,116956000.0,SOUTHPOINT BANK
980960,116841.0,116841000.0,BENCHMARK BANK
550279,116787.0,116787000.0,OLYMPIA FEDERAL SAVINGS AND LOAN ASSOCIATION
732178,116703.0,116703000.0,GRAND SAVINGS BANK
666059,116581.0,116581000.0,M1 BANK
852704,116549.0,116549000.0,GENESEE REGIONAL BANK
908553,116374.0,116374000.0,HNB NATIONAL BANK
429487,116197.0,116197000.0,SOUND COMMUNITY BANK
3015939,115721.0,115721000.0,AMG NATIONAL TRUST BANK
585749,115630.0,115630000.0,PILOT GROVE SAVINGS BANK
47247,115471.0,115471000.0,"DART BANK, THE"
635907,115421.0,115421000.0,PENTUCKET BANK
3821822,115419.0,115419000.0,COASTAL CAROLINA NATIONAL BANK
100357,115206.0,115206000.0,"LEGEND BANK, N. A."
2358769,115083.0,115083000.0,BNC NATIONAL BANK
2716088,115042.0,115042000.0,RESOURCE BANK
382649,114805.0,114805000.0,FIRST SOUTHERN BANK
819855,114759.0,114759000.0,PEOPLES BANK
1885932,114442.0,114442000.0,CRESCENT BANK
894348,114376.0,114376000.0,BANK OF WISCONSIN DELLS
2465881,114024.0,114024000.0,PLATTE VALLEY BANK
2869162,113865.0,113865000.0,AMERICAN COMMUNITY BANK & TRUST
75259,113585.0,113585000.0,FIRST OKLAHOMA BANK
772446,113570.0,113570000.0,"COMERICA BANK & TRUST, NATIONAL ASSOCIATION"
499453,113498.0,113498000.0,FIRST STATE BANK NEBRASKA
436953,113494.0,113494000.0,SULLIVAN BANK
220974,113481.0,113481000.0,FIRST FEDERAL BANK
183668,113420.0,113420000.0,HCN BANK
594451,113318.0,113318000.0,MAPLEMARK BANK
9357,113218.0,113218000.0,SCALE BANK
3290240,113213.0,113213000.0,TRUXTON TRUST COMPANY
285740,113188.0,113188000.0,"PADUCAH BANK AND TRUST COMPANY, THE"
3619216,113100.0,113100000.0,TEXAS SECURITY BANK
4845861,113049.0,113049000.0,PRIMARY BANK
321273,112758.0,112758000.0,"AFFINITY BANK, NATIONAL ASSOCIATION"
126834,112713.0,112713000.0,CITIZENS BANK
2661861,112705.0,112705000.0,PEOPLE'S BANK OF COMMERCE
606176,112689.0,112689000.0,PIONEER BANK
921039,112497.0,112497000.0,FIRST AMERICAN BANK AND TRUST COMPANY
2515320,112297.0,112297000.0,FORTIS BANK
853804,112093.0,112093000.0,"BANK OF CANTON, THE"
2826017,111962.0,111962000.0,"GLENMEDE TRUST COMPANY, NATIONAL ASSOCIATION, THE"
1016857,111953.0,111953000.0,CITIZENS BANK OF LAS CRUCES
448040,111825.0,111825000.0,OXFORD BANK
2006024,111787.0,111787000.0,INTERNATIONAL BANK OF CHICAGO
691958,111696.0,111696000.0,MIDWEST REGIONAL BANK
33259,111285.0,111285000.0,PREMIER BANK
865151,110626.0,110626000.0,LEGENDS BANK
497954,110606.0,110606000.0,TEXAS NATIONAL BANK
938859,110586.0,110586000.0,NEWFIRST NATIONAL BANK
837970,110584.0,110584000.0,FIFTH DISTRICT SAVINGS BANK
2580243,110013.0,110013000.0,AMERICAN BANK
815156,109715.0,109715000.0,"DAKOTA COMMUNITY BANK & TRUST, NATIONAL ASSOCIATION"
698144,109658.0,109658000.0,COMMUNITY FINANCIAL SERVICES BANK
259330,109607.0,109607000.0,FIRST US BANK
526519,109098.0,109098000.0,1ST SUMMIT BANK
12030,108878.0,108878000.0,FNB SOUTH
2839790,108681.0,108681000.0,FIRST RELIANCE BANK
3614837,108671.0,108671000.0,ACCESS BANK
1222519,108655.0,108655000.0,FIRST METRO BANK
137652,108607.0,108607000.0,UNIVERSITY BANK
327305,108456.0,108456000.0,KATAHDIN TRUST COMPANY
738013,108315.0,108315000.0,"CITIZENS NATIONAL BANK OF BLUFFTON, THE"
327855,108269.0,108269000.0,CIERA BANK
713926,107982.0,107982000.0,FARMERS & MERCHANTS BANK
627854,107855.0,107855000.0,"FIRST NATIONAL BANK OF BANGOR, THE"
183770,107790.0,107790000.0,MECHANICS COOPERATIVE BANK
536527,107510.0,107510000.0,INDUSTRIAL BANK
319551,107467.0,107467000.0,SECURITY STATE BANK
3306280,107458.0,107458000.0,LEGACY NATIONAL BANK
90328,107309.0,107309000.0,SKYLINE NATIONAL BANK
3397233,107302.0,107302000.0,SOLERA NATIONAL BANK
268976,107128.0,107128000.0,WINCHESTER CO-OPERATIVE BANK
590976,107053.0,107053000.0,FINANCIAL FEDERAL BANK
345877,106899.0,106899000.0,CENTURY NEXT BANK
3391718,106823.0,106823000.0,BELMONT BANK & TRUST COMPANY
583268,106465.0,106465000.0,SCHERTZ BANK & TRUST
852973,106345.0,106345000.0,"PIONEER TRUST BANK, NATIONAL ASSOCIATION"
150044,106336.0,106336000.0,UNITED BANK OF MICHIGAN
3455227,106328.0,106328000.0,PINNACLE BANK
1414819,106293.0,106293000.0,HELM BANK USA
343903,106128.0,106128000.0,ADAMS COMMUNITY BANK
2849463,106126.0,106126000.0,FIRST CAPITAL BANK
261940,106102.0,106102000.0,ANSTAFF BANK
643078,106098.0,106098000.0,EASTERN SAVINGS BANK FEDERAL SAVINGS BANK
115575,105926.0,105926000.0,COASTAL HERITAGE BANK
375566,105703.0,105703000.0,FIRST NATIONAL BANK
355120,105502.0,105502000.0,CAROLINA BANK & TRUST COMPANY
111205,105129.0,105129000.0,PARTNERS BANK OF NEW ENGLAND
313577,105085.0,105085000.0,FORWARD BANK
669555,105027.0,105027000.0,MIDWEST BANK
1007417,105027.0,105027000.0,FIRST NATIONAL BANK & TRUST COMPANY OF NEWTOWN
191935,104954.0,104954000.0,FIRST STATE BANK OF THE FLORIDA KEYS
5349218,104673.0,104673000.0,TRUSTAR BANK
3066025,104657.0,104657000.0,"GOLDMAN SACHS TRUST COMPANY, NATIONAL ASSOCIATION, THE"
820048,104542.0,104542000.0,"FIRST NATIONAL BANK AMES, IOWA"
950178,104345.0,104345000.0,FIRST FEDERAL BANK OF KANSAS CITY
1429028,103749.0,103749000.0,"KEYSTONE BANK, SSB"
972769,103491.0,103491000.0,GBC INTERNATIONAL BANK
3671997,103451.0,103451000.0,AMERICAN PRIDE BANK
498148,103372.0,103372000.0,FOCUS BANK
516855,103251.0,103251000.0,SECURITY BANK
542667,103208.0,103208000.0,MT. MCKINLEY BANK
2877345,103050.0,103050000.0,INSBANK
3140822,103005.0,103005000.0,LIBERTY NATIONAL BANK
466240,102983.0,102983000.0,FIRST ARKANSAS BANK AND TRUST
2819167,102796.0,102796000.0,FARM BUREAU BANK FSB
3165357,102775.0,102775000.0,COMMUNITY FIRST BANK OF INDIANA
3374382,102660.0,102660000.0,TRIAD BANK
493844,102587.0,102587000.0,FRANKLIN BANK & TRUST COMPANY
3224375,102530.0,102530000.0,GOLDEN STATE BANK
590640,102515.0,102515000.0,FNB OXFORD BANK
780722,102303.0,102303000.0,HEBRON SAVINGS BANK
839068,102284.0,102284000.0,SECURITY STATE BANK
990352,102277.0,102277000.0,UNITED BANK & TRUST
615217,101848.0,101848000.0,"NORTH SIDE BANK AND TRUST COMPANY, THE"
680130,101797.0,101797000.0,CITIZENS TRUST BANK
3019982,101783.0,101783000.0,"FREEDOM BANK OF VIRGINIA, THE"
14865,101780.0,101780000.0,BANK OF EASTERN OREGON
3309571,101772.0,101772000.0,PRIME ALLIANCE BANK
2236821,101769.0,101769000.0,"PATRIOT BANK, NATIONAL ASSOCIATION"
2929392,101432.0,101432000.0,CORNERSTONE NATIONAL BANK & TRUST COMPANY
2948058,101396.0,101396000.0,STORY BANK DBA STORY FINANCIAL PARTNERS
340751,101374.0,101374000.0,CLEAR FORK BANK NATIONAL ASSOCIATION
88455,101325.0,101325000.0,HEARTLAND BANK
41825,101252.0,101252000.0,MIDDLETOWN VALLEY BANK
294023,101252.0,101252000.0,FIRST STATE BANK
561574,101171.0,101171000.0,SUMMIT STATE BANK
737548,100970.0,100970000.0,BANKIOWA
213471,100694.0,100694000.0,"SLOVENIAN SAVINGS AND LOAN ASSOCIATION OF CANONSBURG, PA"
466754,100577.0,100577000.0,"BANK OF FAYETTE COUNTY, THE"
590220,99963.0,99963000.0,UWHARRIE BANK
72258,99924.0,99924000.0,"CONVERSE COUNTY BANK, THE"
870539,99787.0,99787000.0,"PEOPLES BANK, BILOXI, MISSISSIPPI, THE"
544652,99720.0,99720000.0,CORNHUSKER BANK
1222948,99575.0,99575000.0,PRAIRIE STATE BANK & TRUST
899008,99214.0,99214000.0,WINCHESTER SAVINGS BANK
488318,99094.0,99094000.0,BNY MELLON TRUST OF DELAWARE
451273,99005.0,99005000.0,GEDDES FEDERAL SAVINGS AND LOAN ASSOCIATION
329952,98905.0,98905000.0,"FIRST NATIONAL BANK OF GRANBURY, THE"
307062,98895.0,98895000.0,FARMERS BANK
3472046,98833.0,98833000.0,FRONTIER BANK OF TEXAS
976552,98791.0,98791000.0,CORE BANK
534877,98774.0,98774000.0,BRENTWOOD BANK
65559,98441.0,98441000.0,PIONEER BANK & TRUST
90337,98394.0,98394000.0,UNITED COMMUNITY BANK
653611,98341.0,98341000.0,"JONESTOWN BANK AND TRUST COMPANY OF JONESTOWN, PENNSYLVANIA"
715340,97921.0,97921000.0,WEST MICHIGAN COMMUNITY BANK
94139,97900.0,97900000.0,MERCHANTS & MARINE BANK
586027,97633.0,97633000.0,FIRST BANK OF OHIO
629353,97590.0,97590000.0,FIRST LIBERTY BANK
2631846,97514.0,97514000.0,NORTH AMERICAN BANKING COMPANY
1454,97391.0,97391000.0,HILLTOP NATIONAL BANK
291611,97176.0,97176000.0,HAMLIN BANK AND TRUST COMPANY
333203,97021.0,97021000.0,UNION BANK
326979,96917.0,96917000.0,GREENFIELD CO-OPERATIVE BANK
3459207,96814.0,96814000.0,MOUNTAIN PACIFIC BANK
3588312,96754.0,96754000.0,BANK OF CENTRAL FLORIDA
616036,96720.0,96720000.0,SOUTH LOUISIANA BANK
3821037,96698.0,96698000.0,R BANK
665865,96652.0,96652000.0,ROUND TOP STATE BANK
637554,96576.0,96576000.0,FIRST BANK OF OWASSO
450959,96571.0,96571000.0,SECURITY FINANCIAL BANK
583754,96427.0,96427000.0,BANK OF HOUSTON
414764,96320.0,96320000.0,TEXAS BANK
2794732,96062.0,96062000.0,OPTUS BANK
805755,96050.0,96050000.0,FIRST NATIONAL BANK NORTH
262844,95927.0,95927000.0,PEOPLES STATE BANK
643340,95785.0,95785000.0,EASTERN MICHIGAN BANK
950141,95778.0,95778000.0,MID-MISSOURI BANK
639549,95689.0,95689000.0,FIRST CENTRAL STATE BANK
423449,95500.0,95500000.0,"FARMERS BANK, FRANKFORT, INDIANA, INC., THE"
450632,95376.0,95376000.0,FIRST NATIONAL COMMUNITY BANK
18050,95349.0,95349000.0,"FIRST NATIONAL BANK OF BASTROP, THE"
266945,95311.0,95311000.0,MONTICELLO BANKING COMPANY
586072,95074.0,95074000.0,FIRST PALMETTO BANK
3690701,95014.0,95014000.0,PRIME MERIDIAN BANK
898850,94996.0,94996000.0,FIRST LIBERTY BANK
2797359,94955.0,94955000.0,FIRST CENTRAL SAVINGS BANK
3153297,94928.0,94928000.0,FIRST COMMERCE BANK
140157,94917.0,94917000.0,HOMESTEAD BANK
239659,94885.0,94885000.0,FIRST BANK
712059,94885.0,94885000.0,UNITED PRAIRIE BANK
2958972,94827.0,94827000.0,NORTHSTAR BANK
5518023,94666.0,94666000.0,"VARO BANK, NATIONAL ASSOCIATION"
568359,94526.0,94526000.0,AMERICAN BANK OF FREEDOM
257233,94512.0,94512000.0,FIRST BANK OF ALABAMA
467658,94139.0,94139000.0,COMMERCIAL BANK & TRUST COMPANY
2736451,94130.0,94130000.0,"NEW PEOPLES BANK, INC."
3404999,94080.0,94080000.0,FLAGSHIP BANK
614368,93806.0,93806000.0,FIRST NATIONAL BANK AND TRUST COMPANY OF WEATHERFORD DBA FIRST BANK TEXAS
997847,93774.0,93774000.0,BANK OF PRAIRIE DU SAC
3354599,93746.0,93746000.0,SAINT LOUIS BANK
967046,93734.0,93734000.0,FIRST STATE BANK OF MIDDLEBURY
2568063,93702.0,93702000.0,FIRST COMMAND BANK
785147,93634.0,93634000.0,"FARMERS NATIONAL BANK OF DANVILLE, THE"
3040418,93624.0,93624000.0,COMMUNITY FEDERAL SAVINGS BANK
501132,93603.0,93603000.0,WEST ALABAMA BANK & TRUST
759625,93517.0,93517000.0,BANK OF BOTETOURT
841838,93495.0,93495000.0,THREAD BANK
2771694,93436.0,93436000.0,BAYFIRST NATIONAL BANK
2316714,93379.0,93379000.0,TIME BANK
739355,93170.0,93170000.0,TEXAS NATIONAL BANK OF JACKSONVILLE
306908,93146.0,93146000.0,JEFF BANK
977951,92950.0,92950000.0,BORDER BANK
900146,92945.0,92945000.0,CUSB BANK
722816,92773.0,92773000.0,SOLVAY BANK
163857,92726.0,92726000.0,F&M BANK
915065,92573.0,92573000.0,HAWAII NATIONAL BANK
1459735,92470.0,92470000.0,COUNTY BANK
543459,92265.0,92265000.0,"DREAM FIRST BANK, NATIONAL ASSOCIATION"
139478,92121.0,92121000.0,HARLEYSVILLE BANK
3437148,91988.0,91988000.0,FIRST FREEDOM BANK
754068,91916.0,91916000.0,"C3BANK, NATIONAL ASSOCIATION"
2838207,91800.0,91800000.0,SEATTLE BANK
391977,91757.0,91757000.0,STURDY SAVINGS BANK
525053,91596.0,91596000.0,FIRST NATIONAL BANK OF OKLAHOMA
441050,91504.0,91504000.0,"FALLS CITY NATIONAL BANK, THE"
376442,91332.0,91332000.0,FIRST BANK
824653,91130.0,91130000.0,TEXAS HERITAGE NATIONAL BANK
269049,91103.0,91103000.0,VISIONBANK OF IOWA
538473,91015.0,91015000.0,"PRESIDENTIAL BANK, FSB"
3122994,90997.0,90997000.0,SANIBEL CAPTIVA COMMUNITY BANK
924236,90918.0,90918000.0,FIRST STATE BANK
1014125,90910.0,90910000.0,"POTOMAC BANK, INC."
819453,90817.0,90817000.0,BANK OF ODESSA
749635,90760.0,90760000.0,AUBURNBANK
385471,90622.0,90622000.0,MADISON COUNTY BANK
393953,90610.0,90610000.0,"HOMETOWN BANK, NATIONAL ASSOCIATION"
576644,90308.0,90308000.0,BANK CMG
888271,90196.0,90196000.0,"HANCOCK COUNTY SAVINGS BANK, F.S.B."
408875,90024.0,90024000.0,"AXIOM BANK, NATIONAL ASSOCIATION"
3472859,89754.0,89754000.0,NEWBANK
1000641,89652.0,89652000.0,CITIZENS STATE BANK OF NEW CASTLE
1188772,89409.0,89409000.0,FIRST COMMUNITY BANK OF TENNESSEE
918477,89345.0,89345000.0,HAVEN SAVINGS BANK
615954,89325.0,89325000.0,TRAILWEST BANK
636276,89316.0,89316000.0,MUTUAL SAVINGS ASSOCIATION
3184228,89304.0,89304000.0,FALCON NATIONAL BANK
495419,89202.0,89202000.0,"CITIZENS BANK OF KENTUCKY, INC"
884442,89134.0,89134000.0,JACKSON COUNTY BANK
884358,89105.0,89105000.0,FIRST STATE BANK OF LIVINGSTON
587677,88950.0,88950000.0,EUREKA SAVINGS BANK
87234,88780.0,88780000.0,FIRST NATIONAL BANK OF MIDDLE TENNESSEE
806958,88710.0,88710000.0,MIDWEST BANK
831642,88663.0,88663000.0,FIRST CITIZENS STATE BANK
341310,88379.0,88379000.0,WALDEN SAVINGS BANK
145545,88304.0,88304000.0,FIRST NATIONAL BANK OF WATERLOO
2745426,88074.0,88074000.0,LEGENDS BANK
67151,88000.0,88000000.0,KIRKPATRICK BANK
3404467,87985.0,87985000.0,FIRST NATIONAL BANK OF MICHIGAN
111942,87866.0,87866000.0,FORTIFI BANK
916745,87778.0,87778000.0,BNA BANK
2667957,87624.0,87624000.0,NEBRASKALAND BANK
56548,87567.0,87567000.0,DMB COMMUNITY BANK
160360,87542.0,87542000.0,OREGON PACIFIC BANKING CO. DBA OREGON PACIFIC BANK
98463,87524.0,87524000.0,CITIZENS BANK
3224302,87499.0,87499000.0,FIRST SOUTHWEST BANK
340256,87239.0,87239000.0,21ST CENTURY BANK
529341,87212.0,87212000.0,IXONIA BANK
979629,87138.0,87138000.0,FIRST NATIONAL BANK
3045383,86904.0,86904000.0,"VANGUARD NATIONAL TRUST COMPANY, NATIONAL ASSOCIATION"
219651,86853.0,86853000.0,CNB BANK
888833,86768.0,86768000.0,NORTHEAST GEORGIA BANK
734350,86560.0,86560000.0,GIBSLAND BANK & TRUST COMPANY
5227101,86471.0,86471000.0,COMMERCEONE BANK
344647,86399.0,86399000.0,"FIRST BANKERS TRUST COMPANY, NATIONAL ASSOCIATION"
920854,86396.0,86396000.0,PIONEER BANK
477321,86310.0,86310000.0,CONSUMERS NATIONAL BANK
345756,86134.0,86134000.0,"FIRST STATE BANK OF ST. CHARLES, MISSOURI"
3194692,85841.0,85841000.0,TRADITIONS BANK
895055,85532.0,85532000.0,"FIRST NATIONAL BANK OF MCGREGOR, THE"
5561001,85470.0,85470000.0,ANCHORAGE DIGITAL BANK NATIONAL ASSOCIATION
169756,85373.0,85373000.0,WESTERN COMMERCE BANK
2233875,85367.0,85367000.0,"NATBANK, NATIONAL ASSOCIATION"
3482111,85333.0,85333000.0,MRV BANKS
3340725,84865.0,84865000.0,QUONTIC BANK
2920773,84781.0,84781000.0,1ST COLONIAL COMMUNITY BANK
142955,84611.0,84611000.0,SPIRITBANK
532042,84529.0,84529000.0,ROYAL BANK
51842,84462.0,84462000.0,FARMERS & MERCHANTS UNION BANK
3368925,84367.0,84367000.0,SPRING BANK
609476,84273.0,84273000.0,HUNTINGTON FEDERAL SAVINGS BANK
531250,84137.0,84137000.0,CENTENNIAL BANK
479839,84046.0,84046000.0,TENNESSEE STATE BANK
455552,83998.0,83998000.0,FARMERS AND MERCHANTS BANK
917555,83994.0,83994000.0,UBANK
545604,83439.0,83439000.0,NORTHWEST COMMUNITY BANK
760854,83350.0,83350000.0,SOUTHWEST MISSOURI BANK
207872,83189.0,83189000.0,FIRST UTAH BANK
106452,83070.0,83070000.0,"PUEBLO BANK AND TRUST COMPANY, THE"
3166699,83069.0,83069000.0,TOLLESON PRIVATE BANK
3357385,83057.0,83057000.0,BANK OF SAN FRANCISCO
839572,83020.0,83020000.0,"LIBERTY SAVINGS BANK, F.S.B."
505550,83017.0,83017000.0,HIAWATHA NATIONAL BANK
2943615,82904.0,82904000.0,COMMUNITY BANK OF PICKENS COUNTY
3690121,82879.0,82879000.0,LIBERTY CAPITAL BANK
953535,82825.0,82825000.0,FORTRESS BANK
3488579,82824.0,82824000.0,CENTRAL BANK
363657,82439.0,82439000.0,"FIRST NATIONAL BANK OF BEMIDJI, THE"
844567,82288.0,82288000.0,POINTBANK
711801,82105.0,82105000.0,"SAVINGS BANK, THE"
459372,82074.0,82074000.0,UNITED SAVINGS BANK
696430,82045.0,82045000.0,HOME STATE BANK/NATIONAL ASSOCIATION
988153,81998.0,81998000.0,WESTERN STATE BANK
239556,81958.0,81958000.0,"FIRST BANK, UPPER MICHIGAN"
403870,81650.0,81650000.0,IROQUOIS FEDERAL SAVINGS AND LOAN ASSOCIATION
59352,81427.0,81427000.0,CITIZENS NATIONAL BANK
934673,81370.0,81370000.0,CULLMAN SAVINGS BANK
853671,81307.0,81307000.0,OCONEE FEDERAL SAVINGS AND LOAN ASSOCIATION
785950,81282.0,81282000.0,LEGACY BANK
3555248,81158.0,81158000.0,FIRST SECURITY BANK OF NEVADA
417626,81156.0,81156000.0,PUTNAM COUNTY BANK
27847,81078.0,81078000.0,DIAMOND BANK
42372,80998.0,80998000.0,FIRST FEDERAL SAVINGS BANK OF LINCOLNTON
264455,80921.0,80921000.0,FIRST STATE BANK
3039636,80807.0,80807000.0,MISSION VALLEY BANK
671147,80757.0,80757000.0,PRIMEBANK
192857,80580.0,80580000.0,PANHANDLE FIRST BANK
340742,80577.0,80577000.0,CIBM BANK
1003839,80513.0,80513000.0,M C BANK & TRUST COMPANY
2919898,80420.0,80420000.0,AMERICAN BANK & TRUST COMPANY INC.
447557,80399.0,80399000.0,CITIZENS STATE BANK - LA CROSSE
718145,80374.0,80374000.0,FIRST SECURITY BANK
935250,80366.0,80366000.0,BLUE RIDGE BANK AND TRUST CO.
277820,80321.0,80321000.0,PALMETTO STATE BANK
3272956,80297.0,80297000.0,"AMERICAN COMMERCE BANK, NATIONAL ASSOCIATION"
3816190,80134.0,80134000.0,OAK VIEW NATIONAL BANK
549862,80103.0,80103000.0,"COMMUNITY BANK & TRUST, WACO, TEXAS"
514655,80080.0,80080000.0,"TEXAS GULF BANK, NATIONAL ASSOCIATION"
540775,80047.0,80047000.0,"FIRST FEDERAL COMMUNITY BANK, NATIONAL ASSOCIATION"
215345,79959.0,79959000.0,MANUFACTURERS BANK & TRUST COMPANY
574949,79808.0,79808000.0,"FARMERS & MERCHANTS BANK, THE"
702911,79755.0,79755000.0,"PEOPLES BANK CO., THE"
991621,79584.0,79584000.0,CITIZENS BANK AND TRUST COMPANY
3729124,79545.0,79545000.0,FREEDOM BANK
2903123,79541.0,79541000.0,BANK OF OAK RIDGE
872047,79532.0,79532000.0,DECORAH BANK AND TRUST COMPANY
125154,79462.0,79462000.0,"FSNB, NATIONAL ASSOCIATION"
5192496,79352.0,79352000.0,ENDEAVOR BANK
92676,79345.0,79345000.0,WINDSOR FEDERAL BANK
1002373,79341.0,79341000.0,SAVERS CO-OPERATIVE BANK
3267738,79297.0,79297000.0,VALLIANCE BANK
55970,79291.0,79291000.0,EVERGREEN FEDERAL BANK
3547896,79080.0,79080000.0,MILLENNIUM BANK
3217957,79003.0,79003000.0,MAINSTREET COMMUNITY BANK OF FLORIDA
328357,78961.0,78961000.0,"TITAN BANK, N.A."
561145,78665.0,78665000.0,FIRST STATE BANK
5382514,78523.0,78523000.0,GULF CAPITAL BANK
441359,78470.0,78470000.0,"MARIES COUNTY BANK, THE"
2787770,78412.0,78412000.0,BANK OF THE JAMES
505,78402.0,78402000.0,BALLSTON SPA NATIONAL BANK
166652,78324.0,78324000.0,ALLIANCE BANK
296456,78308.0,78308000.0,FIRSTBANK
797140,78303.0,78303000.0,"BANK OF NEW GLARUS, THE"
3428258,78296.0,78296000.0,DR BANK
791821,78254.0,78254000.0,"NATIONAL CAPITAL BANK OF WASHINGTON, THE"
2649177,78219.0,78219000.0,"PITNEY BOWES BANK INC., THE"
448554,78170.0,78170000.0,SAGE CAPITAL BANK
888552,78113.0,78113000.0,"FIRST STATE BANK, THE"
743679,77969.0,77969000.0,RELIANCE SAVINGS BANK
491402,77776.0,77776000.0,FRANKLIN SAVINGS BANK
922559,77776.0,77776000.0,UNITED VALLEY BANK
121651,77733.0,77733000.0,JONESBORO STATE BANK
827560,77673.0,77673000.0,"FINANCE FACTORS, LIMITED"
57451,77649.0,77649000.0,DAIRY STATE BANK
1000052,77555.0,77555000.0,WASHINGTON COUNTY BANK
1481745,77505.0,77505000.0,PREMIER BANK MINNESOTA
366078,77501.0,77501000.0,STURGIS BANK & TRUST COMPANY
550635,77461.0,77461000.0,HICKORY POINT BANK AND TRUST
131436,77449.0,77449000.0,FIRST BANK
835743,77361.0,77361000.0,"BANK OF HOLLY SPRINGS, THE"
724744,77171.0,77171000.0,GNB BANK
1017425,77148.0,77148000.0,"KILLBUCK SAVINGS BANK COMPANY, THE"
1005075,77137.0,77137000.0,DEARBORN FEDERAL SAVINGS BANK
227151,77102.0,77102000.0,UNION STATE BANK
2539960,77092.0,77092000.0,PREMIER BANK
333856,77077.0,77077000.0,GRANDVIEW BANK
228158,76884.0,76884000.0,FIRST MIDWEST BANK OF THE OZARKS
3293540,76838.0,76838000.0,PACIFIC VALLEY BANK
458544,76807.0,76807000.0,FIRST SERVICE BANK
242257,76801.0,76801000.0,PEOPLES SAVINGS BANK OF RHINELAND
262358,76653.0,76653000.0,AMERICAN STATE BANK
487357,76649.0,76649000.0,TOWN & COUNTRY BANK
2687487,76617.0,76617000.0,"TCM BANK, NATIONAL ASSOCIATION"
246134,76609.0,76609000.0,FIRST SOUTHERN STATE BANK
721350,76564.0,76564000.0,BANKNORTH
663955,76563.0,76563000.0,HORIZON BANK
909055,76544.0,76544000.0,PEOPLES BANK & TRUST CO.
246956,76422.0,76422000.0,ALVA STATE BANK & TRUST COMPANY
721949,76355.0,76355000.0,"FIRST & FARMERS NATIONAL BANK, INC."
695349,76278.0,76278000.0,TRI-COUNTY BANK
583352,76142.0,76142000.0,FIRST NATIONAL BANK OF HUNTSVILLE
2954497,76094.0,76094000.0,WILLAMETTE VALLEY BANK
5136959,76086.0,76086000.0,BEACON COMMUNITY BANK
1863097,76033.0,76033000.0,LEDYARD NATIONAL BANK
863746,75957.0,75957000.0,FARMERS & MERCHANTS SAVINGS BANK
144052,75944.0,75944000.0,EXCHANGE BANK & TRUST
238737,75814.0,75814000.0,"TERRABANK, NATIONAL ASSOCIATION"
891226,75797.0,75797000.0,FARMERS AND MERCHANTS BANK
890050,75696.0,75696000.0,FIRST NATIONAL BANK OF GILLETTE
413646,75662.0,75662000.0,"FIRST NEIGHBOR BANK, NATIONAL ASSOCIATION"
561864,75640.0,75640000.0,SOUTHWEST BANK
625159,75549.0,75549000.0,COMMERCE BANK
295011,75427.0,75427000.0,GREENVILLE NATIONAL BANK
100777,75378.0,75378000.0,CFSBANK
898579,75355.0,75355000.0,"FIRST FEDERAL COMMUNITY BANK, SSB"
1011955,75127.0,75127000.0,FIRST UNITED BANK
345747,75020.0,75020000.0,STATE BANK
767732,74986.0,74986000.0,SOUTH GEORGIA BANKING COMPANY
859552,74957.0,74957000.0,BANK OF THE WEST
3288452,74929.0,74929000.0,PARAGON BANK
875936,74919.0,74919000.0,FIRST BANK
755252,74897.0,74897000.0,CROSS KEYS BANK
744854,74873.0,74873000.0,CITIZENS BANK
29636,74866.0,74866000.0,"CITIZENS BANK OF PHILADELPHIA, THE"
507152,74832.0,74832000.0,QUAIL CREEK BANK
832546,74790.0,74790000.0,WEST SHORE BANK
775054,74717.0,74717000.0,"EASTERN COLORADO BANK, THE"
500256,74622.0,74622000.0,"FIRST NATIONAL BANK OF MERTZON, THE"
824671,74592.0,74592000.0,PHOENIXVILLE FEDERAL BANK AND TRUST
397559,74560.0,74560000.0,DUNDEE BANK
647218,74534.0,74534000.0,CUMBERLAND VALLEY NATIONAL BANK & TRUST COMPANY
101671,74525.0,74525000.0,ADIRONDACK BANK
210238,74499.0,74499000.0,SOUTHEASTERN BANK
2163477,74470.0,74470000.0,"RAYMOND JAMES TRUST, NATIONAL ASSOCIATION"
473930,74297.0,74297000.0,"COTTONPORT BANK, THE"
75446,74296.0,74296000.0,SOUTH OTTUMWA SAVINGS BANK
1008674,74256.0,74256000.0,READING CO-OPERATIVE BANK
361055,74185.0,74185000.0,COREFIRST BANK & TRUST
584724,73862.0,73862000.0,UNIFIED BANK
5461,73779.0,73779000.0,BAC COMMUNITY BANK
86349,73724.0,73724000.0,UNION BANK
429021,73606.0,73606000.0,QUEENSTOWN BANK OF MARYLAND
511832,73586.0,73586000.0,WAYNE COUNTY BANK
618740,73579.0,73579000.0,FIELD & MAIN BANK
961400,73557.0,73557000.0,ESSEX BANK
208459,73540.0,73540000.0,"BATTLE BANK, NATIONAL ASSOCIATION"
339456,73404.0,73404000.0,FIRST COMMUNITY BANK
678070,73266.0,73266000.0,SEWICKLEY SAVINGS BANK
3174920,73257.0,73257000.0,CITIZENS BANK & TRUST
494654,73203.0,73203000.0,"AMERICAN BANK, NATIONAL ASSOCIATION"
90579,73197.0,73197000.0,FIRST FEDERAL SAVINGS AND LOAN ASSOCIATION OF MCMINNVILLE
209148,73142.0,73142000.0,"FIRST NATIONAL BANK OF CARMI, THE"
812436,73103.0,73103000.0,ITASCA BANK & TRUST CO.
2820604,73083.0,73083000.0,MILLENNIUM BANK
420578,73026.0,73026000.0,CATALYST BANK
248455,73014.0,73014000.0,FIRST STATE BANK & TRUST
481627,72953.0,72953000.0,"CITIZENS BANK OF WEST VIRGINIA, INC."
908861,72886.0,72886000.0,"TRANSPECOS BANKS, SSB"
199463,72860.0,72860000.0,WESTERN BANK
93543,72853.0,72853000.0,SPRINGS VALLEY BANK & TRUST COMPANY
61757,72814.0,72814000.0,AMERICAN HERITAGE NATIONAL BANK
333650,72617.0,72617000.0,"BANK, THE"
147923,72555.0,72555000.0,BANK OF OCEAN CITY
3466988,72385.0,72385000.0,"FIRST BANK OF GREENWICH, THE"
277240,72361.0,72361000.0,FIRST NATIONS BANK
580155,72347.0,72347000.0,PLATTE VALLEY BANK
3626858,72344.0,72344000.0,"LOCUS BANK, INC."
5686089,72219.0,72219000.0,NAVE BANK
451068,72194.0,72194000.0,FIRST BANK
518037,71980.0,71980000.0,PEOPLESSOUTH BANK
869551,71919.0,71919000.0,"DENISON STATE BANK, THE"
514048,71873.0,71873000.0,CS BANK
47500,71687.0,71687000.0,CLAREMONT SAVINGS BANK
951102,71669.0,71669000.0,MONSON SAVINGS BANK
205243,71639.0,71639000.0,FARMERS AND MERCHANTS BANK
3690635,71540.0,71540000.0,MEGA BANK
252041,71498.0,71498000.0,CITY STATE BANK
2756909,71489.0,71489000.0,"CONNECTICUT COMMUNITY BANK, NATIONAL ASSOCIATION"
182951,71473.0,71473000.0,"CLASSIC BANK, NATIONAL ASSOCIATION"
353238,71372.0,71372000.0,CENTRAL STATE BANK
144913,71352.0,71352000.0,"NEFFS NATIONAL BANK, THE"
305442,71310.0,71310000.0,"NEW WASHINGTON STATE BANK, THE"
241157,71266.0,71266000.0,VISION BANK
542340,71247.0,71247000.0,SOUTH STORY BANK & TRUST
660927,71202.0,71202000.0,HARFORD BANK
2791085,71029.0,71029000.0,SUNSTATE BANK
913146,70904.0,70904000.0,STONE BANK
312244,70819.0,70819000.0,FIRST BANK OF BERNE
944355,70728.0,70728000.0,FIRST NATIONAL BANK
1013744,70593.0,70593000.0,CAPRA BANK
937740,70036.0,70036000.0,"PORT WASHINGTON STATE BANK, THE"
651448,69943.0,69943000.0,"JPMORGAN CHASE BANK, DEARBORN"
868956,69905.0,69905000.0,FIRST NORTHERN BANK OF WYOMING
3348468,69898.0,69898000.0,PEACH STATE BANK & TRUST
370020,69854.0,69854000.0,"PENDLETON COMMUNITY BANK, INC."
999935,69763.0,69763000.0,FIRST CENTURY BANK
1007154,69672.0,69672000.0,PROGRESSIVE BANK
317379,69635.0,69635000.0,HOME FEDERAL SAVINGS AND LOAN ASSOCIATION OF GRAND ISLAND
689357,69450.0,69450000.0,NORTHEAST BANK
837608,69351.0,69351000.0,ROLLSTONE BANK & TRUST
710176,69287.0,69287000.0,VERIMORE BANK
556459,69115.0,69115000.0,"KLEBERG BANK, N.A."
197302,69058.0,69058000.0,EAGLE BANK
489548,69054.0,69054000.0,"FIRST STATE BANK AND TRUST COMPANY, INC."
326344,68995.0,68995000.0,"PEOPLES STATE BANK OF NEWTON, ILLINOIS, THE"
596156,68976.0,68976000.0,CAPITAL BANK
662949,68970.0,68970000.0,IOWA STATE BANK
943675,68934.0,68934000.0,MECHANICS BANK
809276,68927.0,68927000.0,"UNITED MIDWEST SAVINGS BANK, NATIONAL ASSOCIATION"
2667939,68924.0,68924000.0,FARMERS & MERCHANTS BANK OF COLBY
880855,68920.0,68920000.0,"BANK OF OLD MONROE, THE"
820301,68784.0,68784000.0,JEWETT CITY SAVINGS BANK
925653,68754.0,68754000.0,BANK OF TEXAS
55336,68727.0,68727000.0,METAIRIE BANK & TRUST COMPANY
3821626,68724.0,68724000.0,"MINT NATIONAL BANK, THE"
521158,68714.0,68714000.0,"SOUTHTRUST BANK, N.A."
984258,68653.0,68653000.0,FIRST NATIONAL BANK AND TRUST COMPANY OF ARDMORE
17950,68640.0,68640000.0,"BANK OF BRIDGER, NATIONAL ASSOCIATION"
729011,68637.0,68637000.0,"COMMUNITY BANK, THE"
444556,68629.0,68629000.0,POINTS WEST COMMUNITY BANK
404653,68520.0,68520000.0,DOMINION BANK
2713920,68505.0,68505000.0,STIFEL TRUST COMPANY NATIONAL ASSOCIATION
66275,68496.0,68496000.0,FIRST SOUTHERN BANK
133579,68471.0,68471000.0,"BANK OF BENNINGTON, THE"
954279,68415.0,68415000.0,STONEHAMBANK
483751,68413.0,68413000.0,LABETTE BANK
1629903,68387.0,68387000.0,"ASSOCIATED TRUST COMPANY, NATIONAL ASSOCIATION"
2775179,68375.0,68375000.0,COMMUNITY FIRST BANK
203043,68371.0,68371000.0,"MIDWEST HERITAGE BANK, FSB"
5788705,68281.0,68281000.0,BANK IRVINE
332224,68186.0,68186000.0,MECHANICS & FARMERS BANK
632858,68185.0,68185000.0,FRONTIER STATE BANK
911160,68162.0,68162000.0,PILGRIM BANK
379649,68114.0,68114000.0,FIRST NATIONAL BANK OF IZARD COUNTY
153054,68032.0,68032000.0,"NORTHWESTERN BANK, THE"
697231,67952.0,67952000.0,FNBT BANK
763930,67913.0,67913000.0,FARMERS & MERCHANTS BANK
414102,67797.0,67797000.0,ALDEN STATE BANK
3832127,67796.0,67796000.0,PROMISEONE BANK
735067,67778.0,67778000.0,"TEXAS REPUBLIC BANK, NATIONAL ASSOCIATION"
803649,67758.0,67758000.0,GREEN BELT BANK & TRUST
2371816,67626.0,67626000.0,WEST POINTE BANK
382537,67612.0,67612000.0,"BANK OF VERNON, THE"
408307,67545.0,67545000.0,ATHOL SAVINGS BANK
2339599,67527.0,67527000.0,CAPITOL BANK
815277,67443.0,67443000.0,QUAINT OAK BANK
2835103,67326.0,67326000.0,FREEDOM BANK OF SOUTHERN MISSOURI
637170,67185.0,67185000.0,AMERICAN FEDERAL BANK
2815879,67149.0,67149000.0,GREAT AMERICAN BANK
208570,67129.0,67129000.0,UNIVERSAL BANK
3593307,67054.0,67054000.0,GOLD COAST BANK
2858492,67014.0,67014000.0,FREEDOM BANK
145844,67000.0,67000000.0,"FOUNTAIN TRUST COMPANY, THE"
188430,66975.0,66975000.0,"FLORIDA CAPITAL BANK, N.A."
2398701,66973.0,66973000.0,"MODERN BANK, NATIONAL ASSOCIATION"
513256,66914.0,66914000.0,FIRST NATIONAL BANK COLORADO
565170,66870.0,66870000.0,FIRST FEDERAL SAVINGS OF MIDDLETOWN
73116,66797.0,66797000.0,ARTISANS' BANK
632410,66774.0,66774000.0,NEWFIELD NATIONAL BANK
459130,66767.0,66767000.0,GULF COAST BANK
1007873,66754.0,66754000.0,CROSS COUNTY SAVINGS BANK
573036,66687.0,66687000.0,OCONEE STATE BANK
262741,66660.0,66660000.0,FARMERS BANK & TRUST COMPANY
114840,66636.0,66636000.0,FIRST STATE BANK
3185896,66611.0,66611000.0,"TRINITY BANK, NATIONAL ASSOCIATION"
906241,66573.0,66573000.0,"MALVERN NATIONAL BANK, THE"
496845,66566.0,66566000.0,BANK & TRUST COMPANY
604024,66514.0,66514000.0,MINSTER BANK
734613,66498.0,66498000.0,"BANK OF LANDISBURG, THE"
251745,66415.0,66415000.0,FIRST NATIONAL BANK OF EASTERN ARKANSAS
34742,66379.0,66379000.0,FIRST WESTERN BANK
334264,66367.0,66367000.0,FIRST COMMUNITY BANK
124344,66359.0,66359000.0,BANK OF SUN PRAIRIE
330239,66304.0,66304000.0,FIRST NATIONAL BANK
472616,66293.0,66293000.0,FIRST NATIONAL BANK OF SCOTIA
683449,66280.0,66280000.0,MAQUOKETA STATE BANK
303952,66246.0,66246000.0,FARMERS BANK OF NORTHERN MISSOURI
510938,66209.0,66209000.0,MIDAMERICA NATIONAL BANK
790271,66185.0,66185000.0,WASHINGTON SAVINGS BANK
453446,66168.0,66168000.0,EAGLE BANK AND TRUST COMPANY
44741,66163.0,66163000.0,CITIZENS BANK
944627,66115.0,66115000.0,"CNB BANK, INC."
694847,66084.0,66084000.0,CENTURY BANK AND TRUST
982553,65987.0,65987000.0,STOCKMENS BANK
416674,65816.0,65816000.0,"KS BANK, INC."
3314043,65813.0,65813000.0,FIRST RESOURCE BANK
54058,65711.0,65711000.0,"BANK OF TESCOTT, THE"
575834,65624.0,65624000.0,FIRST NATIONAL BANK OF LOUISIANA
728948,65605.0,65605000.0,"MIDSTATES BANK, NATIONAL ASSOCIATION"
244149,65578.0,65578000.0,BANK OF ENGLAND
455253,65461.0,65461000.0,5STAR BANK
597313,65452.0,65452000.0,PS BANK
259442,65418.0,65418000.0,MOUND CITY BANK
697156,65391.0,65391000.0,HOMEBANK
3636914,65292.0,65292000.0,BLUEHARBOR BANK
1940747,65231.0,65231000.0,"DESJARDINS BANK, NATIONAL ASSOCIATION"
698649,65149.0,65149000.0,THUMB BANK & TRUST
575759,65104.0,65104000.0,MNB BANK
390372,65103.0,65103000.0,ARUNDEL FEDERAL SAVINGS BANK
97055,65069.0,65069000.0,HENDERSON STATE BANK
770853,64932.0,64932000.0,FIRST MIDWEST BANK OF DEXTER
945071,64837.0,64837000.0,SAN LUIS VALLEY FEDERAL BANK
713476,64789.0,64789000.0,"PYRAMAX BANK, F.S.B."
387671,64621.0,64621000.0,FIRST FEDERAL BANK & TRUST
72678,64565.0,64565000.0,BELMONT SAVINGS BANK
819556,64473.0,64473000.0,CONCORDIA BANK & TRUST COMPANY
972406,64472.0,64472000.0,BOSTON TRUST & INVESTMENT MANAGEMENT COMPANY
980773,64399.0,64399000.0,EATON COMMUNITY BANK
3349241,64375.0,64375000.0,FIRST RESOURCE BANK
208655,64319.0,64319000.0,FIRST NORTHEAST BANK OF NEBRASKA
3655933,64288.0,64288000.0,PARTNERS BANK OF CALIFORNIA
630658,64275.0,64275000.0,"FIRST NATIONAL BANK OF LIVINGSTON, THE"
640246,64136.0,64136000.0,"FAIRFIELD NATIONAL BANK, THE"
254849,64135.0,64135000.0,FIRST INDEPENDENCE BANK
347956,64132.0,64132000.0,"VAST BANK, N.A."
63050,64127.0,64127000.0,"DOLORES STATE BANK, THE"
2729677,64093.0,64093000.0,"NATIONWIDE TRUST COMPANY, FSB"
830355,63816.0,63816000.0,FIRST NATIONAL BANK & TRUST COMPANY OF MCALESTER
524971,63768.0,63768000.0,WESTBURY BANK
24949,63736.0,63736000.0,BARABOO STATE BANK
910118,63652.0,63652000.0,"TIOGA STATE BANK, N.A."
670878,63637.0,63637000.0,SALEM CO-OPERATIVE BANK
25357,63584.0,63584000.0,ALL AMERICA BANK
100843,63524.0,63524000.0,FNBC BANK
598002,63457.0,63457000.0,SAVINGS BANK OF WALPOLE
256058,63417.0,63417000.0,AMERICAN NATION BANK
76854,63303.0,63303000.0,GRAND BANK
235530,63259.0,63259000.0,"RESOURCE BANK, NATIONAL ASSOCIATION"
635840,63251.0,63251000.0,LEGENCE BANK
1836701,63117.0,63117000.0,ENTERPRISE BANK
274829,63050.0,63050000.0,TRUPOINT BANK
321947,62982.0,62982000.0,"FCN BANK, NATIONAL ASSOCIATION"
3277241,62964.0,62964000.0,EMPIRE STATE BANK
268828,62953.0,62953000.0,LEGACY BANK
779650,62892.0,62892000.0,CHIPPEWA VALLEY BANK
43351,62842.0,62842000.0,OUTDOOR BANK
307361,62827.0,62827000.0,AMERICAN BANK NATIONAL ASSOCIATION
553944,62821.0,62821000.0,"LINCOLN NATIONAL BANK OF HODGENVILLE, THE"
947749,62801.0,62801000.0,"NORTH SALEM STATE BANK, THE"
813853,62763.0,62763000.0,COMMUNITY RESOURCE BANK
935308,62695.0,62695000.0,ONEUNITED BANK
929932,62667.0,62667000.0,MIDSOUTH BANK
355559,62638.0,62638000.0,RANGE BANK
1014657,62577.0,62577000.0,NEW ERA BANK
120542,62499.0,62499000.0,STATE BANK OF CHILTON
299868,62340.0,62340000.0,COMMUNITY COMMERCE BANK
882242,62283.0,62283000.0,ROLLING HILLS BANK & TRUST
579140,62102.0,62102000.0,REGIONAL MISSOURI BANK
5342974,62005.0,62005000.0,PIERMONT BANK
458665,61934.0,61934000.0,"FIRST NATIONAL BANK OF STANTON, THE"
995517,61845.0,61845000.0,"PEOPLES BANK OF KENTUCKY, INC."
331076,61821.0,61821000.0,FIRST FEDERAL BANK OF WISCONSIN
1007734,61803.0,61803000.0,BARWICK BANKING COMPANY
175140,61767.0,61767000.0,COMMUNITY FIRST BANK
169354,61699.0,61699000.0,"STATE NATIONAL BANK OF BIG SPRING, THE"
544335,61668.0,61668000.0,UNITED MISSISSIPPI BANK
218131,61628.0,61628000.0,CBBC BANK
406059,61597.0,61597000.0,NBT FINANCIAL BANK
655839,61511.0,61511000.0,CCB COMMUNITY BANK
2505451,61503.0,61503000.0,"CITIZENS BANK OF GEORGIA, THE"
338646,61487.0,61487000.0,TRUSTBANK
327435,61465.0,61465000.0,UNITED SOUTHERN BANK
105026,61373.0,61373000.0,"FARMERS BANK OF WILLARDS, THE"
870650,61095.0,61095000.0,CNB ST. LOUIS BANK
97943,61091.0,61091000.0,MARION COUNTY STATE BANK
2849285,61078.0,61078000.0,BANKVISTA
3217331,61045.0,61045000.0,"HOMETOWN BANK OF ALABAMA, THE"
879644,61018.0,61018000.0,"BANK OF ADVANCE, THE"
2756730,61018.0,61018000.0,COMMERCIAL CAPITAL BANK
59370,60943.0,60943000.0,FIRST SHORE FEDERAL SAVINGS AND LOAN ASSOCIATION
598048,60909.0,60909000.0,"STEPHENSON NATIONAL BANK AND TRUST, THE"
392778,60857.0,60857000.0,CENTURY SAVINGS BANK
2914268,60808.0,60808000.0,"FIDELITY PERSONAL TRUST COMPANY, F.S.B."
192147,60709.0,60709000.0,CITIZENS BANK & TRUST COMPANY
206174,60697.0,60697000.0,AMBLER SAVINGS BANK
434203,60652.0,60652000.0,"FIRST HOPE BANK, A NATIONAL BANKING ASSOCIATION"
775773,60606.0,60606000.0,NORTH SHORE TRUST AND SAVINGS
653134,60567.0,60567000.0,FARMERS-MERCHANTS BANK & TRUST COMPANY
975256,60477.0,60477000.0,DELTA BANK
833749,60441.0,60441000.0,WOODTRUST BANK
244251,60273.0,60273000.0,AMERICAN STATE BANK & TRUST COMPANY OF WILLISTON
93619,60232.0,60232000.0,"STATE STREET BANK AND TRUST COMPANY, NATIONAL ASSOCIATION"
804374,60229.0,60229000.0,HOME FEDERAL BANK
109574,60189.0,60189000.0,HAVERHILL BANK
382069,60161.0,60161000.0,INTERNATIONAL BANK OF COMMERCE
257578,60059.0,60059000.0,FIRST FEDERAL SAVINGS BANK
514132,60058.0,60058000.0,CITIZENS BANK
248633,59986.0,59986000.0,FIRST JACKSON BANK
3537897,59966.0,59966000.0,COMMENCEMENT BANK
80150,59946.0,59946000.0,FIRST FIDELITY BANK
526854,59915.0,59915000.0,"HARDIN COUNTY BANK, THE"
831576,59810.0,59810000.0,BANKTENNESSEE
3271986,59688.0,59688000.0,TIMBERLINE BANK
3216316,59683.0,59683000.0,AMERICAN CONTINENTAL BANK
400141,59679.0,59679000.0,"FNB BANK, INC."
472979,59571.0,59571000.0,"ROXBORO SAVINGS BANK, SSB"
108951,59551.0,59551000.0,RELIABANK DAKOTA
904171,59548.0,59548000.0,INFIRST BANK
246022,59526.0,59526000.0,"BANK OF SOUTH CAROLINA, THE"
720746,59455.0,59455000.0,"BRADFORD NATIONAL BANK OF GREENVILLE, THE"
320052,59260.0,59260000.0,LEGACY BANK
649342,59243.0,59243000.0,IOWA TRUST & SAVINGS BANK
3451050,59208.0,59208000.0,RIVER VALLEY COMMUNITY BANK
2797162,59205.0,59205000.0,SAUK VALLEY BANK & TRUST COMPANY
385686,59203.0,59203000.0,LUSITANIA SAVINGS BANK
709143,59122.0,59122000.0,MIDWEST BANK
282226,59071.0,59071000.0,FARMERS AND MERCHANTS BANK OF SOUTH CAROLINA
709639,58948.0,58948000.0,MACON BANK AND TRUST COMPANY
227777,58884.0,58884000.0,MILFORD FEDERAL BANK
3150205,58873.0,58873000.0,WORTHINGTON BANK
179700,58832.0,58832000.0,CLINTON SAVINGS BANK
659341,58819.0,58819000.0,"CONSTITUTION BANK, NATIONAL ASSOCIATION"
610164,58791.0,58791000.0,HERRING BANK
423159,58750.0,58750000.0,MCCURTAIN COUNTY NATIONAL BANK
220059,58719.0,58719000.0,"WNB FINANCIAL, NATIONAL ASSOCIATION"
989347,58700.0,58700000.0,CROSS BANK
361439,58690.0,58690000.0,ANDREW JOHNSON BANK
621357,58629.0,58629000.0,STATE BANK OF DE KALB
853747,58624.0,58624000.0,CITIZENS NATIONAL BANK OF ALBION
251978,58590.0,58590000.0,HOMELAND FEDERAL SAVINGS BANK
564324,58517.0,58517000.0,"OLD FORT BANKING COMPANY, THE"
1872941,58488.0,58488000.0,ARBOR BANK
536349,58436.0,58436000.0,SHELBY COUNTY STATE BANK
69678,58427.0,58427000.0,BAKER BOYER NATIONAL BANK
905356,58357.0,58357000.0,PRISM BANK
3538009,58252.0,58252000.0,PLATINUM BANK
580548,58193.0,58193000.0,BANK OF LUXEMBURG
1155,58188.0,58188000.0,RVR BANK
722432,58144.0,58144000.0,"BANK OF ROMNEY, THE"
761543,58143.0,58143000.0,OHNWARD BANK & TRUST
622037,58074.0,58074000.0,"FIRST NATIONAL BANK OF JEANERETTE, THE"
3592047,58029.0,58029000.0,"GOLDWATER BANK, NATIONAL ASSOCIATION"
294751,58024.0,58024000.0,"CITY NATIONAL BANK AND TRUST COMPANY OF LAWTON, OKLAHOMA, THE"
625065,58013.0,58013000.0,CITIZENS STATE BANK
2907439,57985.0,57985000.0,LIBERTY BANK N.A.
630555,57902.0,57902000.0,AMERICAN BANK
418100,57822.0,57822000.0,SEAMENS BANK
262237,57774.0,57774000.0,FIRST PORT CITY BANK
2806635,57756.0,57756000.0,YAMPA VALLEY BANK
823133,57509.0,57509000.0,PEOPLES NATIONAL BANK OF KEWANEE
345345,57478.0,57478000.0,"AMERICAN BANK, NATIONAL ASSOCIATION"
71457,57458.0,57458000.0,BRUNING BANK
475653,57438.0,57438000.0,MOUNTAIN VALLEY BANK
513340,57426.0,57426000.0,COMMERCIAL BANK
764058,57425.0,57425000.0,HIGHLAND BANK
612159,57286.0,57286000.0,SOLUTIONS NORTH BANK
853934,57277.0,57277000.0,DLP BANK
1015850,57220.0,57220000.0,LAKE ELMO BANK
273550,57016.0,57016000.0,"CITIZENS STATE BANK, THE"
899343,56836.0,56836000.0,WILSON & MUIR BANK & TRUST COMPANY
732758,56834.0,56834000.0,BANKERS' BANK OF THE WEST
875132,56833.0,56833000.0,GRAND RIDGE NATIONAL BANK
520423,56825.0,56825000.0,"FAHEY BANKING COMPANY, THE"
762773,56768.0,56768000.0,ABACUS FEDERAL SAVINGS BANK
386450,56707.0,56707000.0,FIVE POINTS BANK OF HASTINGS
354552,56626.0,56626000.0,COMMUNITY NATIONAL BANK
922344,56534.0,56534000.0,PEOPLES BANK & TRUST
3223305,56534.0,56534000.0,1ST STATE BANK
87579,56512.0,56512000.0,"MIDDLESEX FEDERAL SAVINGS, F.A."
2505460,56485.0,56485000.0,"BANK, THE"
129910,56478.0,56478000.0,"PEOPLES EXCHANGE BANK, INC."
215710,56392.0,56392000.0,"JUNIATA VALLEY BANK, THE"
3546862,56360.0,56360000.0,PACIFIC ALLIANCE BANK
6039,56068.0,56068000.0,PINELAND BANK
855741,56046.0,56046000.0,BANKORION
400365,55876.0,55876000.0,"FIRST COMMERCIAL BANK, NATIONAL ASSOCIATION"
380533,55850.0,55850000.0,LONGVIEW BANK
2855866,55845.0,55845000.0,FOUR CORNERS COMMUNITY BANK
3664588,55808.0,55808000.0,FIELDPOINT PRIVATE BANK & TRUST
70638,55792.0,55792000.0,PEOPLES BANK
258306,55757.0,55757000.0,MILFORD BANK THE
811747,55665.0,55665000.0,SECURITY SAVINGS BANK
197142,55508.0,55508000.0,SPRINGFIELD STATE BANK
701839,55447.0,55447000.0,CITIZENS BANK AND TRUST
894544,55385.0,55385000.0,FIRST SECURITY BANK AND TRUST COMPANY
1000276,55344.0,55344000.0,PITTSFIELD CO-OPERATIVE BANK
543945,55343.0,55343000.0,FARMERS TRUST AND SAVINGS BANK
799854,55274.0,55274000.0,"CITY NATIONAL BANK OF COLORADO CITY, THE"
1015252,55246.0,55246000.0,LEA COUNTY STATE BANK
3357620,55184.0,55184000.0,"HSBC TRUST COMPANY (DELAWARE), NATIONAL ASSOCIATION"
482053,55047.0,55047000.0,CITIZENS STATE BANK
608844,54963.0,54963000.0,FNBC BANK AND TRUST
724904,54924.0,54924000.0,SHOREHAM BANK
20857,54887.0,54887000.0,FM BANK
309150,54881.0,54881000.0,"MISSOURI BANK, THE"
202514,54710.0,54710000.0,"CUMBERLAND SECURITY BANK, INC."
1012251,54648.0,54648000.0,FIRST STATE BANK AND TRUST COMPANY
3247589,54602.0,54602000.0,REDWOOD CAPITAL BANK
388557,54561.0,54561000.0,RIVERSTONE BANK
975854,54532.0,54532000.0,GLENWOOD STATE BANK (INCORPORATED)
32766,54261.0,54261000.0,LAKESIDE BANK
858528,54243.0,54243000.0,"BANK OF MARION, THE"
601443,54237.0,54237000.0,BANK OF MAUSTON
2925620,54205.0,54205000.0,"CHINO COMMERCIAL BANK, NATIONAL ASSOCIATION"
919456,54164.0,54164000.0,MID-AMERICA BANK
607146,54137.0,54137000.0,CENTRAL STATE BANK
477349,54129.0,54129000.0,BANK OF LAKE MILLS
875057,54092.0,54092000.0,FARMERS STATE BANK
835770,53918.0,53918000.0,FOX VALLEY SAVINGS BANK
475354,53894.0,53894000.0,FARMERS STATE BANK
335346,53884.0,53884000.0,PARTNERS BANK
5313312,53856.0,53856000.0,WATERMARK BANK
692704,53829.0,53829000.0,WELLINGTON TRUST COMPANY NATIONAL ASSOCIATION
591320,53812.0,53812000.0,ARTHUR STATE BANK
261146,53781.0,53781000.0,"MAGNOLIA BANK, INC"
613679,53681.0,53681000.0,FIRST FEDERAL SAVINGS BANK
5398355,53605.0,53605000.0,FOUNDERS BANK
855563,53594.0,53594000.0,MURPHY BANK
624246,53569.0,53569000.0,CONNECTION BANK
510330,53494.0,53494000.0,F&M BANK
715872,53479.0,53479000.0,LIFESTORE BANK
317258,53456.0,53456000.0,WEST PLAINS BANK AND TRUST COMPANY
646743,53429.0,53429000.0,COMMUNITY SAVINGS BANK
748357,53373.0,53373000.0,GLOBAL ONE BANK
865544,53365.0,53365000.0,CLEAR LAKE BANK AND TRUST COMPANY
828473,53299.0,53299000.0,CITIZENS SAVINGS BANK
357937,53297.0,53297000.0,CITIZENS BANK AND TRUST COMPANY
3370133,53262.0,53262000.0,SUNRISE BANK
284556,53223.0,53223000.0,CATTLEMENS BANK
326054,53200.0,53200000.0,SILVER LAKE BANK
803957,53191.0,53191000.0,KODABANK
445955,53163.0,53163000.0,"FIRST NATIONAL BANK OF EAST TEXAS, THE"
81175,53150.0,53150000.0,EQUITABLE BANK
460332,53119.0,53119000.0,MUNICIPAL TRUST AND SAVINGS BANK
2668598,53091.0,53091000.0,PORTAGE COMMUNITY BANK
573335,53049.0,53049000.0,RIVERHILLS BANK
144678,53013.0,53013000.0,FIRST FEDERAL SAVINGS AND LOAN ASSOCIATION OF LORAIN
5650923,52919.0,52919000.0,WATERFALL BANK
228345,52911.0,52911000.0,STATE BANK OF NEWBURG
591366,52855.0,52855000.0,"FIRST NATIONAL BANK OF SONORA, THE"
902672,52845.0,52845000.0,HEARTHSIDE BANK CORPORATION
107570,52778.0,52778000.0,FIRST FEDERAL SAVINGS BANK
524953,52758.0,52758000.0,FIRST PRYORITY BANK
178851,52758.0,52758000.0,GRAND VALLEY BANK
504311,52732.0,52732000.0,"GENOA BANKING COMPANY, THE"
874050,52497.0,52497000.0,CITIZENS BANK MINNESOTA
578116,52458.0,52458000.0,"SAVINGS BANK, THE"
788559,52441.0,52441000.0,FARMERS AND DROVERS BANK
958558,52434.0,52434000.0,"STOCK EXCHANGE BANK, THE"
539340,52424.0,52424000.0,DEMOTTE STATE BANK
944047,52415.0,52415000.0,"NAPOLEON STATE BANK, THE"
3645840,52366.0,52366000.0,TOUCHMARK NATIONAL BANK
5805451,52357.0,52357000.0,"WESTERN ALLIANCE TRUST COMPANY, NATIONAL ASSOCIATION"
443353,52355.0,52355000.0,UNITY BANK
2051127,52315.0,52315000.0,AMERICAN NATIONAL BANK-FOX CITIES
715144,52214.0,52214000.0,GRUNDY BANK
974754,52195.0,52195000.0,COMMUNITY BANK OF LOUISIANA
465038,52009.0,52009000.0,FIRST NATIONAL BANK OF BROOKFIELD
748964,51962.0,51962000.0,TEXAS STATE BANK
664653,51894.0,51894000.0,"NATIVE AMERICAN BANK, NATIONAL ASSOCIATION"
571265,51861.0,51861000.0,DENALI STATE BANK
3407084,51860.0,51860000.0,MILESTONE BANK
646556,51828.0,51828000.0,CONNECTIONS BANK
1459799,51768.0,51768000.0,FIRST PEOPLES BANK
2587916,51766.0,51766000.0,MARINE BANK & TRUST COMPANY
234841,51732.0,51732000.0,NEW ALBIN SAVINGS BANK
651121,51685.0,51685000.0,LUMBEE GUARANTY BANK
672537,51671.0,51671000.0,"EXCHANGE BANK OF ALABAMA, THE"
282824,51619.0,51619000.0,ELDERTON STATE BANK
1669,51605.0,51605000.0,"LIBERTY NATIONAL BANK IN PARIS, THE"
425845,51559.0,51559000.0,SECURITY STATE BANK
5312593,51536.0,51536000.0,OHIO STATE BANK
148238,51467.0,51467000.0,PEOPLES BANK
870913,51446.0,51446000.0,BUCKEYE STATE BANK
136338,51311.0,51311000.0,MERCHANTS & FARMERS BANK & TRUST COMPANY
290838,51251.0,51251000.0,MERIT BANK
394259,51231.0,51231000.0,"FIRST STATE BANK, THE"
613156,51222.0,51222000.0,"FIRST MONTANA BANK, INC."
683814,51208.0,51208000.0,KENTUCKY FARMERS BANK CORPORATION
538754,51190.0,51190000.0,FIRST NATIONAL BANK IN PHILIP
502652,51165.0,51165000.0,BANK3
963002,51006.0,51006000.0,BAY STATE SAVINGS BANK
692946,50943.0,50943000.0,TOWN & COUNTRY BANK AND TRUST COMPANY
900034,50932.0,50932000.0,RAYNE STATE BANK & TRUST COMPANY
442244,50825.0,50825000.0,NORTHEAST SECURITY BANK
593249,50809.0,50809000.0,"PEOPLES BANK, THE"
2857600,50776.0,50776000.0,OAK BANK
477648,50775.0,50775000.0,FARMERS STATE BANK
2989006,50736.0,50736000.0,GUARDIAN BANK
2823221,50709.0,50709000.0,GEORGIA COMMUNITY BANK
788773,50626.0,50626000.0,HOMETOWN BANK
126553,50611.0,50611000.0,NORTH SHORE BANK OF COMMERCE
751852,50583.0,50583000.0,CENTRAL BANK OF KANSAS CITY
5398627,50568.0,50568000.0,TRIAD BUSINESS BANK
979759,50508.0,50508000.0,"KARNES COUNTY NATIONAL BANK OF KARNES CITY, THE"
478195,50482.0,50482000.0,BANK OF THE VALLEY
625850,50445.0,50445000.0,BANK OF VERSAILLES
198149,50391.0,50391000.0,ABBYBANK
306337,50389.0,50389000.0,CASEY STATE BANK
371362,50381.0,50381000.0,WELLINGTON STATE BANK
77253,50212.0,50212000.0,TXN BANK
193649,50158.0,50158000.0,"FIRST TRUST AND SAVINGS BANK OF WATSEKA, THE"
2619714,50139.0,50139000.0,ALLIANCE BANK
64552,50132.0,50132000.0,CHICKASAW COMMUNITY BANK
228279,50055.0,50055000.0,CROSSROADS BANK
3252,50047.0,50047000.0,"FIRST NATIONAL BANK OF GORDON, THE"
594938,50000.0,50000000.0,APPLE RIVER STATE BANK
262059,49977.0,49977000.0,AVB BANK
835257,49918.0,49918000.0,COMMUNITY BANK MANKATO
3350658,49878.0,49878000.0,FIRST VISION BANK OF TENNESSEE
172475,49831.0,49831000.0,CREST SAVINGS BANK
268677,49798.0,49798000.0,CARVER FEDERAL SAVINGS BANK
285852,49751.0,49751000.0,FIRST OPTION BANK
58636,49725.0,49725000.0,CENTURY BANK
3412417,49615.0,49615000.0,JONAH BANK OF WYOMING
407645,49600.0,49600000.0,"STILLMAN BANCCORP, N.A."
410748,49563.0,49563000.0,BANK OF O'FALLON
10250,49538.0,49538000.0,"BANK OF ELK RIVER, THE"
16551,49509.0,49509000.0,NORTHVIEW BANK
499855,49460.0,49460000.0,SOUTHWEST NATIONAL BANK
3812147,49448.0,49448000.0,GRAND RIVER BANK
331713,49396.0,49396000.0,NEW TRIPOLI BANK
623052,49364.0,49364000.0,"LAMESA NATIONAL BANK, THE"
109136,49344.0,49344000.0,PEOPLES BANK & TRUST
425818,49335.0,49335000.0,UNITED CUMBERLAND BANK
623454,49250.0,49250000.0,"BANK AND TRUST, SSB, THE"
306159,49243.0,49243000.0,AMERICAN NATIONAL BANK OF MINNESOTA
2007991,49155.0,49155000.0,CITIZENS COMMUNITY BANK
2684552,49150.0,49150000.0,AMERICAN BANK OF OKLAHOMA
212018,49146.0,49146000.0,PENNIAN BANK
443148,49126.0,49126000.0,"BIPPUS STATE BANK, THE"
246657,49086.0,49086000.0,BANK OF LABOR
552974,49012.0,49012000.0,"SHELBY SAVINGS BANK, SSB"
790703,48888.0,48888000.0,LEE BANK
351560,48887.0,48887000.0,SUMMIT BANK
541231,48807.0,48807000.0,FIRST CITIZENS BANK
11145,48796.0,48796000.0,LAKE-OSCEOLA STATE BANK
1016718,48785.0,48785000.0,JACKSON COUNTY BANK
310754,48766.0,48766000.0,LUMINATE BANK
268136,48765.0,48765000.0,"CITIZENS BANK OF SWAINSBORO, THE"
3721605,48754.0,48754000.0,SPRING BANK
568126,48743.0,48743000.0,"ST. HENRY BANK, THE"
279,48665.0,48665000.0,"BROADSTREET BANK, SSB"
977250,48622.0,48622000.0,MIDWEST INDEPENDENT BANKERSBANK
452159,48611.0,48611000.0,AMERICAN BANK AND TRUST COMPANY
675079,48524.0,48524000.0,"FAYETTE SAVINGS BANK, SSB"
801047,48496.0,48496000.0,FIRST STATE BANK
227357,48433.0,48433000.0,"BRENHAM NATIONAL BANK, THE"
14155,48425.0,48425000.0,F & C BANK
541857,48424.0,48424000.0,CARROLL BANK AND TRUST
1892154,48419.0,48419000.0,FIRST NATIONAL BANK OF COFFEE COUNTY
907547,48344.0,48344000.0,PREMIERBANK
166531,48320.0,48320000.0,BANK OF FRANKEWING
31826,48254.0,48254000.0,POWELL VALLEY NATIONAL BANK
502746,48162.0,48162000.0,COMMUNITY STATE BANK
714978,48144.0,48144000.0,"COOPERATIVE BANK, THE"
166111,48141.0,48141000.0,"NORTH COUNTRY SAVINGS BANK, THE"
783246,48083.0,48083000.0,GRINNELL STATE BANK
188056,48065.0,48065000.0,NORTHERN STATE BANK OF THIEF RIVER FALLS
5673191,48065.0,48065000.0,LOCALITY BANK
430036,48019.0,48019000.0,ROBERTSON BANKING COMPANY
711548,48019.0,48019000.0,CHELSEA STATE BANK
455459,47985.0,47985000.0,MAVERICK BANK
137447,47981.0,47981000.0,"FNB COMMUNITY BANK,THE"
520777,47965.0,47965000.0,COMMUNITY SAVINGS BANK
396244,47929.0,47929000.0,"RIVER CITY BANK, INC."
479370,47837.0,47837000.0,HIGH COUNTRY BANK
412845,47801.0,47801000.0,FIRST NATIONAL BANK IN OLNEY
529659,47775.0,47775000.0,CATTLE BANK & TRUST
3603961,47741.0,47741000.0,"VICTORY BANK, THE"
761851,47617.0,47617000.0,FIRST INDEPENDENT BANK
100236,47600.0,47600000.0,SUNMARK COMMUNITY BANK
298245,47583.0,47583000.0,"CITY NATIONAL BANK OF METROPOLIS, THE"
579364,47553.0,47553000.0,TEXAS CHAMPION BANK
342054,47539.0,47539000.0,PHELPS COUNTY BANK
3463875,47493.0,47493000.0,AUSTIN COUNTY STATE BANK
1479470,47483.0,47483000.0,WOODLANDS BANK
92706,47438.0,47438000.0,SUGAR RIVER BANK
750341,47421.0,47421000.0,HIGHPOINT COMMUNITY BANK
865450,47339.0,47339000.0,"PROFINIUM, INC."
676151,47332.0,47332000.0,UNISON BANK
719656,47266.0,47266000.0,"CALLAWAY BANK, THE"
271529,47253.0,47253000.0,COUNTYBANK
367431,47237.0,47237000.0,CITIZENS BANK OF THE SOUTH
866121,47231.0,47231000.0,MERCER COUNTY STATE BANK
3636428,47230.0,47230000.0,"BLACK HILLS COMMUNITY BANK, NATIONAL ASSOCIATION"
44040,47140.0,47140000.0,"FIRST NATIONAL BANK OF MONTEREY, THE"
815754,47127.0,47127000.0,LOCAL BANK
533124,47121.0,47121000.0,"HARBOR BANK OF MARYLAND, THE"
119872,47062.0,47062000.0,FIRST SEACOAST BANK
830748,47022.0,47022000.0,GERMANTOWN TRUST & SAVINGS BANK
3342671,46965.0,46965000.0,ANCHOR BANK
3440803,46957.0,46957000.0,GOLDEN VALLEY BANK
582953,46863.0,46863000.0,CHARTER WEST BANK
546535,46860.0,46860000.0,BANK OF DUDLEY
2631172,46806.0,46806000.0,STATE BANK FINANCIAL
356239,46799.0,46799000.0,CITIZENS STATE BANK
236957,46716.0,46716000.0,UPPER PENINSULA STATE BANK
2805535,46685.0,46685000.0,FIRST SECURE COMMUNITY BANK
19936,46570.0,46570000.0,CITIZENS BANK OF AMERICUS
205346,46565.0,46565000.0,FARMERS SAVINGS BANK
2914727,46555.0,46555000.0,UNITED NATIONAL BANK
562058,46553.0,46553000.0,UNITED BANK OF UNION
2396592,46509.0,46509000.0,PEOPLE'S BANK OF SENECA
540056,46436.0,46436000.0,FIRSTBANK OF NEBRASKA
613839,46419.0,46419000.0,EXCHANGE BANK
134848,46406.0,46406000.0,TEUTOPOLIS STATE BANK
652043,46326.0,46326000.0,FREEDOMBANK
2793593,46294.0,46294000.0,SOUTHERN BANK OF TENNESSEE
3517590,46242.0,46242000.0,HYPERION BANK
33147,46240.0,46240000.0,FM BANK AND TRUST
285928,46233.0,46233000.0,PEOPLES BANK THE
862057,46155.0,46155000.0,BANK OF COMMERCE
829041,45990.0,45990000.0,CITIZENS BANK & TRUST COMPANY
1001853,45920.0,45920000.0,CITIZENS BANK
454546,45680.0,45680000.0,"PEOPLES STATE BANK, THE"
900678,45615.0,45615000.0,"CARTHAGE SAVINGS AND LOAN, NATIONAL ASSOCIATION"
420644,45574.0,45574000.0,"PEOPLES COMMUNITY BANK, THE"
3720,45572.0,45572000.0,"BANK OF CLARENDON, THE"
143859,45531.0,45531000.0,NEBRASKA BANK
109659,45477.0,45477000.0,LOUISIANA NATIONAL BANK
206156,45462.0,45462000.0,SOUTHWEST CAPITAL BANK
761459,45439.0,45439000.0,PINE COUNTRY BANK
761244,45413.0,45413000.0,BELGRADE STATE BANK
204826,45394.0,45394000.0,FIRST NATIONAL BANK IN NEW BREMEN
897648,45394.0,45394000.0,PRODUCERS BANK & TRUST
696168,45390.0,45390000.0,BALBOA THRIFT AND LOAN ASSOCIATION
839255,45361.0,45361000.0,FNB COMMUNITY BANK
7072,45330.0,45330000.0,WALLKILL VALLEY FEDERAL SAVINGS AND LOAN ASSOCIATION
2343167,45316.0,45316000.0,PAN AMERICAN BANK & TRUST
602543,45220.0,45220000.0,"PETEFISH, SKILES & COMPANY"
783910,45199.0,45199000.0,NORTH VALLEY BANK
287007,45196.0,45196000.0,"PUTNAM COUNTY NATIONAL BANK OF CARMEL, THE"
877752,45195.0,45195000.0,"CITIZENS NATIONAL BANK OF PARK RAPIDS, THE"
504535,45157.0,45157000.0,"FIRST STATE BANK OF DEKALB COUNTY, INC."
862141,45156.0,45156000.0,TRUBANK
2871099,45147.0,45147000.0,TRISTAR BANK
848248,45083.0,45083000.0,FIDELITY BANK
968744,45022.0,45022000.0,FIRST CHOICE BANK
493741,45015.0,45015000.0,ALLIANCE BANK
188177,44998.0,44998000.0,WESTMORELAND FEDERAL SAVINGS AND LOAN ASSOCIATION OF LATROBE
278256,44850.0,44850000.0,"FARMERS STATE BANK OF OAKLEY, KANSAS, THE"
248745,44824.0,44824000.0,OOSTBURG STATE BANK
867856,44800.0,44800000.0,CITIZENS STATE BANK
329550,44798.0,44798000.0,INSOUTH BANK
3411773,44721.0,44721000.0,FIRST FARMBANK
367543,44629.0,44629000.0,KENTLAND BANK
508355,44620.0,44620000.0,AMERISTATE BANK
548267,44596.0,44596000.0,"WAGGONER NATIONAL BANK OF VERNON, THE"
234506,44594.0,44594000.0,"NATIONAL BANK OF COXSACKIE, THE"
851239,44585.0,44585000.0,"POCA VALLEY BANK, INC., THE"
3470930,44566.0,44566000.0,FIRST PACIFIC BANK
638850,44517.0,44517000.0,"FIDELITY STATE BANK AND TRUST COMPANY, THE"
771878,44507.0,44507000.0,FIRST FEDERAL SAVINGS BANK
101439,44506.0,44506000.0,"DURDEN BANKING COMPANY, INCORPORATED"
961259,44395.0,44395000.0,"CITIZENS BANK, THE"
2819242,44346.0,44346000.0,"MURRAY BANK, THE"
3629484,44328.0,44328000.0,BANKFLORIDA
629522,44327.0,44327000.0,"FREEDOM BANK, INC."
263243,44300.0,44300000.0,"FIRST KENTUCKY BANK, INC."
5760439,44274.0,44274000.0,TEXAS TRADITIONS BANK
430344,44142.0,44142000.0,COMMUNITY BANK
121914,44070.0,44070000.0,COMMUNITY STATE BANK OF ORBISONIA
715050,44062.0,44062000.0,STAR BANK
773443,44036.0,44036000.0,"CLINTON NATIONAL BANK, THE"
777870,44020.0,44020000.0,ALTOONA FIRST SAVINGS BANK
733559,44002.0,44002000.0,GREAT PLAINS STATE BANK
5620869,43941.0,43941000.0,GENESIS BANK
933340,43887.0,43887000.0,GRANT COUNTY STATE BANK
3720336,43866.0,43866000.0,GENUBANK
5574430,43837.0,43837000.0,"ROCKPOINTBANK, NATIONAL ASSOCIATION"
3531176,43828.0,43828000.0,SOUTHERN INDEPENDENT BANK
173306,43809.0,43809000.0,NATIONAL BANK OF MIDDLEBURY
5660146,43763.0,43763000.0,ENTREBANK
192558,43691.0,43691000.0,FIRST BANK KANSAS
883959,43688.0,43688000.0,COWBOY BANK
389358,43683.0,43683000.0,SECURITY STATE BANK
2948423,43681.0,43681000.0,"BANK OF CLOVIS, THE"
966722,43651.0,43651000.0,KINGSTON NATIONAL BANK
857745,43646.0,43646000.0,LIBERTYVILLE SAVINGS BANK
899642,43644.0,43644000.0,FIRST STATE BANK AND TRUST
102342,43590.0,43590000.0,RACCOON VALLEY BANK
302553,43580.0,43580000.0,BANK OF THE PLAINS
247551,43430.0,43430000.0,HIGH PLAINS BANK
522669,43340.0,43340000.0,HOMEBANK TEXAS
468673,43322.0,43322000.0,"HOME LOAN SAVINGS BANK, THE"
183958,43267.0,43267000.0,FIRST NATIONAL BANK AND TRUST
3034257,43263.0,43263000.0,FIRST COMMUNITY BANK OF CENTRAL ALABAMA
425108,43259.0,43259000.0,RONDOUT SAVINGS BANK
975153,43239.0,43239000.0,UNICO BANK
3229875,43218.0,43218000.0,FIRST NATIONAL TRUST COMPANY
36933,43195.0,43195000.0,FIRST STATE BANK
523161,43182.0,43182000.0,CITIZENS STATE BANK
2505424,43125.0,43125000.0,WOLF RIVER COMMUNITY BANK
3410141,43117.0,43117000.0,"BANK OF LEXINGTON, INC."
410560,43111.0,43111000.0,FIRST STATE BANK
891253,43111.0,43111000.0,COLUMBUS STATE BANK
3116519,43109.0,43109000.0,AMERICAN EAGLE BANK
2769570,43097.0,43097000.0,PETIT JEAN STATE BANK
142179,43083.0,43083000.0,STREATOR HOME SAVINGS BANK
230423,43080.0,43080000.0,"FIRST CITIZENS NATIONAL BANK OF UPPER SANDUSKY, THE"
356752,43024.0,43024000.0,CITIZENS STATE BANK
628552,42997.0,42997000.0,WINNSBORO STATE BANK & TRUST COMPANY
3070545,42982.0,42982000.0,"UNITED COMMUNITY BANK OF WEST KENTUCKY, INC."
1014376,42953.0,42953000.0,CITIZENS SAVINGS BANK
191355,42952.0,42952000.0,FRONTIER BANK
433943,42951.0,42951000.0,WASHINGTON STATE BANK
2002222,42950.0,42950000.0,CITIZENS COMMUNITY BANK
752831,42892.0,42892000.0,BANK OF MADISON
521970,42888.0,42888000.0,BIG HORN FEDERAL SAVINGS BANK
357777,42870.0,42870000.0,GREENVILLE SAVINGS BANK
58225,42870.0,42870000.0,"FARMERS BANK AND SAVINGS COMPANY, THE"
244158,42770.0,42770000.0,WAYPOINT BANK
382443,42743.0,42743000.0,FARMERS TRUST AND SAVINGS BANK
660570,42655.0,42655000.0,PRESENCE BANK
481159,42633.0,42633000.0,VALLEY BANK OF COMMERCE
436542,42607.0,42607000.0,WAUKON STATE BANK
2614344,42602.0,42602000.0,PEOPLES BANK OF EAST TENNESSEE
197759,42578.0,42578000.0,FIRST NATIONAL BANK MINNESOTA
3347603,42421.0,42421000.0,"ECLIPSE BANK, INC."
738143,42381.0,42381000.0,PROSPECT BANK
463605,42335.0,42335000.0,PEOPLES TRUST COMPANY OF ST. ALBANS
52951,42329.0,42329000.0,SECURITY STATE BANK OF OKLAHOMA
3786435,42310.0,42310000.0,INTRACOASTAL BANK
222754,42289.0,42289000.0,"FIRST WESTROADS BANK, INC."
406666,42273.0,42273000.0,WEST TEXAS STATE BANK
617743,42254.0,42254000.0,FNB BANK
217059,42193.0,42193000.0,FIRST FARMERS & MERCHANTS BANK
968249,42162.0,42162000.0,PEOPLES BANK
3027763,42148.0,42148000.0,CORNERSTONE BANK
605656,42143.0,42143000.0,FIRST STATE BANK AND TRUST
289739,42139.0,42139000.0,GUARANTY BANK AND TRUST COMPANY
5193989,42126.0,42126000.0,INFINITY BANK
734248,42096.0,42096000.0,IOWA STATE BANK
718538,42002.0,42002000.0,"GRANT COUNTY BANK, THE"
3347911,41981.0,41981000.0,AUSTIN CAPITAL BANK SSB
2396604,41920.0,41920000.0,"BANK OF STAR VALLEY, THE"
168571,41804.0,41804000.0,ARMOR BANK
610913,41739.0,41739000.0,"FIRST NATIONAL BANK OF GRAYSON, THE"
2997216,41723.0,41723000.0,COMMUNITY BANK OF SANTA MARIA
591209,41659.0,41659000.0,PISCATAQUA SAVINGS BANK
58757,41649.0,41649000.0,KENSINGTON BANK
31134,41634.0,41634000.0,"FIRST NATIONAL BANK OF WAYNESBORO, THE"
631178,41624.0,41624000.0,SECURITY FEDERAL SAVINGS BANK OF MCMINNVILLE
578741,41600.0,41600000.0,BLC COMMUNITY BANK
880332,41552.0,41552000.0,PIKE NATIONAL BANK
3635029,41534.0,41534000.0,NANO BANC
863607,41449.0,41449000.0,NATIONAL GRAND BANK OF MARBLEHEAD
742944,41446.0,41446000.0,FORTE BANK
597546,41436.0,41436000.0,PREMIER COMMUNITY BANK
300933,41433.0,41433000.0,PLANTERS FIRST BANK
825847,41418.0,41418000.0,FARMERS TRUST & SAVINGS BANK
653778,41299.0,41299000.0,"HARRISON BUILDING AND LOAN ASSOCIATION, THE"
439132,41261.0,41261000.0,GLENNVILLE BANK
296474,41244.0,41244000.0,"HOME SAVINGS AND LOAN COMPANY OF KENTON, OHIO, THE DBA HSLC"
2467670,41182.0,41182000.0,APPLIED BANK
822275,41180.0,41180000.0,"WINTER HILL BANK, FSB"
678744,41149.0,41149000.0,CENTRAL STATE BANK
229070,41134.0,41134000.0,FIRST FEDERAL SAVINGS AND LOAN ASSOCIATION OF SAN RAFAEL
796152,41113.0,41113000.0,FIRST STATE BANK
416656,41104.0,41104000.0,"WELCH STATE BANK OF WELCH, OKLA."
860259,41078.0,41078000.0,PREMIER BANK NATIONAL ASSOCIATION
736550,41063.0,41063000.0,"UNION STATE BANK OF EVEREST, THE"
20633,41012.0,41012000.0,MCNB BANK AND TRUST CO.
50461,41010.0,41010000.0,CALIFORNIA PACIFIC BANK
410917,41005.0,41005000.0,"CITIZENS NATIONAL BANK OF SOMERSET, THE"
677448,40951.0,40951000.0,FIRST STATE BANK
552059,40926.0,40926000.0,BANK OF THE FLINT HILLS
382050,40870.0,40870000.0,CENTRAL SAVINGS BANK
865142,40861.0,40861000.0,IOWA STATE BANK
194936,40856.0,40856000.0,BANKSOUTH
932745,40805.0,40805000.0,FIRST COMMUNITY BANK
1188987,40760.0,40760000.0,PEOPLES INDEPENDENT BANK
173641,40729.0,40729000.0,"FIRST NATIONAL BANK OF RUSSELL SPRINGS, THE"
653947,40675.0,40675000.0,HOME STATE BANK
2730431,40659.0,40659000.0,ENTERPRISE BANK
867070,40637.0,40637000.0,"STERLING FEDERAL BANK, FEDERAL SAVINGS BANK"
944337,40619.0,40619000.0,CENTURY BANK & TRUST
568939,40610.0,40610000.0,FNB PICAYUNE BANK
3120646,40539.0,40539000.0,PATRIOT BANK
791942,40508.0,40508000.0,NEKOOSA PORT EDWARDS STATE BANK
869953,40468.0,40468000.0,ALAMOSA STATE BANK
32971,40463.0,40463000.0,SECURITY FEDERAL SAVINGS BANK
841753,40463.0,40463000.0,CITY BANK & TRUST CO.
860147,40431.0,40431000.0,FIRST NATIONAL BANK OF PANA
5412457,40411.0,40411000.0,LEXICON BANK
5692473,40408.0,40408000.0,EVERMORE BANK
427241,40380.0,40380000.0,"FRIENDSHIP STATE BANK, THE"
829050,40318.0,40318000.0,"BANK, NATIONAL ASSOCIATION, THE"
207470,40296.0,40296000.0,FIRST FEDERAL BANK OF OHIO
148171,40268.0,40268000.0,"GOLDEN BELT BANK, FSA"
110945,40260.0,40260000.0,UNITED SOUTHERN BANK
2732565,40228.0,40228000.0,PEOPLES SAVINGS BANK
987231,40216.0,40216000.0,COMMUNITY STATE BANK
3567269,40215.0,40215000.0,SELECT BANK
725077,40182.0,40182000.0,OSB COMMUNITY BANK
275255,40149.0,40149000.0,BANNER CAPITAL BANK
815147,40102.0,40102000.0,HONOR BANK
364131,40089.0,40089000.0,GREAT OAKS BANK
152253,40073.0,40073000.0,CASTLE ROCK BANK
528102,40059.0,40059000.0,NORTH BROOKFIELD SAVINGS BANK
3296859,40013.0,40013000.0,ONE WORLD BANK
349343,40004.0,40004000.0,TOWN AND COUNTRY BANK MIDWEST
5472880,39991.0,39991000.0,CRAFT BANK
534756,39984.0,39984000.0,SOONER STATE BANK
2907019,39982.0,39982000.0,COMMUNITY FIRST NATIONAL BANK
145554,39960.0,39960000.0,"FIRST NATIONAL BANK AND TRUST COMPANY OF BROKEN ARROW, THE"
1016174,39907.0,39907000.0,OZARKS FEDERAL SAVINGS AND LOAN ASSOCIATION
382658,39890.0,39890000.0,PUTNAM COUNTY STATE BANK
989730,39874.0,39874000.0,TOWER COMMUNITY BANK
529275,39848.0,39848000.0,LINCOLN FEDERAL SAVINGS BANK OF NEBRASKA
827458,39764.0,39764000.0,DAKOTA WESTERN BANK
130345,39742.0,39742000.0,COMMUNITY STATE BANK
124830,39737.0,39737000.0,BANK OF CAMILLA
25647,39715.0,39715000.0,FIRST SECURE BANK AND TRUST CO.
1010015,39712.0,39712000.0,"CITIZENS BANK COMPANY, THE"
2607412,39695.0,39695000.0,SPRING VALLEY BANK
566243,39640.0,39640000.0,GLENWOOD STATE BANK
660271,39614.0,39614000.0,"FIRST ROBINSON SAVINGS BANK, NATIONAL ASSOCIATION"
959443,39603.0,39603000.0,"CITIZENS DEPOSIT BANK OF ARLINGTON, INC."
485456,39551.0,39551000.0,KAW VALLEY BANK
755458,39548.0,39548000.0,FORESIGHT BANK
365745,39519.0,39519000.0,PINNACLE BANK
859655,39512.0,39512000.0,"BANKERS BANK, THE"
325141,39468.0,39468000.0,FARMERS BANK
170275,39438.0,39438000.0,VOLUNTEER FEDERAL SAVINGS BANK
537551,39391.0,39391000.0,LITTLE HORN STATE BANK
920975,39360.0,39360000.0,FIRST SENTINEL BANK
300353,39352.0,39352000.0,"SHAMROCK BANK, NATIONAL ASSOCIATION"
11640,39351.0,39351000.0,FIRST NATIONAL BANK OF CLARKSDALE
3446225,39334.0,39334000.0,TABLE ROCK COMMUNITY BANK
469737,39271.0,39271000.0,"COMMERCIAL BANK, THE"
2871558,39249.0,39249000.0,AMERICAN COMMUNITY BANK
313223,39235.0,39235000.0,OSGOOD BANK
917050,39234.0,39234000.0,FIRST STATE BANK
712956,39152.0,39152000.0,FIRST NEW MEXICO BANK
860334,39075.0,39075000.0,BANK OF ZACHARY
73554,39039.0,39039000.0,PATHWAY BANK
623874,39032.0,39032000.0,FIRST FEDERAL SAVINGS AND LOAN ASSOCIATION OF NEWARK
5879201,39018.0,39018000.0,INTEGRITY BANK SSB
41629,38994.0,38994000.0,PIONEER BANK
609010,38989.0,38989000.0,FIRST NATIONAL BANK OF ELMER
188720,38943.0,38943000.0,"FARMERS BANK OF APPOMATTOX, THE"
565143,38939.0,38939000.0,FIRST STATE BANK
686459,38883.0,38883000.0,EXCHANGE BANK OF MISSOURI
175056,38863.0,38863000.0,BANK OF WESTERN OKLAHOMA
144856,38804.0,38804000.0,FIRST STATE BANK AND TRUST
597452,38794.0,38794000.0,AMERICAN BANK
1009756,38780.0,38780000.0,GUARANTY STATE BANK AND TRUST COMPANY
79042,38729.0,38729000.0,WEST POINT BANK
88352,38716.0,38716000.0,FIRST STATE BANK OF BEDIAS
388744,38655.0,38655000.0,ALDEN STATE BANK
2759629,38646.0,38646000.0,"FIRST NATIONAL BANK OF HEREFORD, THE"
114149,38626.0,38626000.0,PARTNERS BANK
266851,38611.0,38611000.0,FARMERS AND MERCHANTS BANK OF ST. CLAIR
465243,38607.0,38607000.0,"GARRETT STATE BANK, THE"
955959,38551.0,38551000.0,SECURITY STATE BANK
901358,38550.0,38550000.0,"HERITAGE BANK, NATIONAL ASSOCIATION"
253646,38547.0,38547000.0,NSB BANK
457060,38514.0,38514000.0,SPRING HILL STATE BANK
953843,38482.0,38482000.0,PONY EXPRESS BANK
225559,38445.0,38445000.0,BANK OF BARTLETT
780955,38363.0,38363000.0,WAUMANDEE STATE BANK
3125557,38334.0,38334000.0,OREGON COAST BANK
327556,38325.0,38325000.0,ANCHOR D BANK
457752,38313.0,38313000.0,COULEE BANK
3374403,38170.0,38170000.0,BANK OF BELLEVILLE
1015270,38119.0,38119000.0,HOME BANK SB
80374,38088.0,38088000.0,FIRST FEDERAL SAVINGS AND LOAN ASSOCIATION OF DELTA
254504,38077.0,38077000.0,CATTARAUGUS COUNTY BANK
542153,38002.0,38002000.0,F&M BANK
34555,37938.0,37938000.0,MA BANK
364430,37936.0,37936000.0,BANK OF ST. FRANCISVILLE
87476,37933.0,37933000.0,"WILMINGTON SAVINGS BANK, THE"
963730,37880.0,37880000.0,UNION NATIONAL BANK
320070,37844.0,37844000.0,VALLEY CENTRAL BANK
896155,37843.0,37843000.0,SHELL LAKE STATE BANK
221775,37714.0,37714000.0,"INTERAMERICAN BANK, A FEDERAL SAVINGS BANK"
825548,37674.0,37674000.0,COMMUNITY STATE BANK OF MISSOURI
519146,37665.0,37665000.0,FIRST STATE BANK OF DEQUEEN
424240,37625.0,37625000.0,CITIZENS FIRST NATIONAL BANK
2733263,37621.0,37621000.0,"AMERICAN BANK AND TRUST COMPANY, NATIONAL ASSOCIATION"
398837,37616.0,37616000.0,COPIAH BANK
717670,37616.0,37616000.0,ARLO BANK
176325,37587.0,37587000.0,FARMERS & MERCHANTS BANK
2807173,37504.0,37504000.0,CURRENCY BANK
456054,37474.0,37474000.0,MINDEN EXCHANGE BANK & TRUST COMPANY
855264,37423.0,37423000.0,FIRST NATIONAL BANK IN PORT LAVACA
2122997,37417.0,37417000.0,CREDIT FIRST NATIONAL ASSOCIATION
432058,37415.0,37415000.0,FREEDOM BANK
935559,37384.0,37384000.0,SOUTHERN HERITAGE BANK
2939391,37384.0,37384000.0,PEOPLES BANK
211338,37376.0,37376000.0,COFFEE COUNTY BANK
27614,37296.0,37296000.0,"ANDOVER BANK, THE"
588348,37292.0,37292000.0,SAVINGS BANK
969255,37291.0,37291000.0,GUARANTY BANK & TRUST COMPANY OF DELHI
207452,37281.0,37281000.0,GRANT COUNTY BANK
285348,37269.0,37269000.0,FIRST SECURE STATE BANK
3390627,37253.0,37253000.0,SIGNATURE BANK OF GEORGIA
631150,37226.0,37226000.0,FIRST LOCKHART BANK
837149,37173.0,37173000.0,"FIRST COMMUNITY BANK OF THE HEARTLAND, INC."
519360,37172.0,37172000.0,MISSION NATIONAL BANK
596978,37122.0,37122000.0,MARATHON BANK
922924,37086.0,37086000.0,BANK OF YORK
175609,37085.0,37085000.0,BANK OF MILLBROOK
858854,36919.0,36919000.0,"CITIZENS STATE BANK, THE"
733661,36894.0,36894000.0,HATCH BANK
514936,36882.0,36882000.0,RABUN COUNTY BANK
381932,36878.0,36878000.0,COMMERCIAL BANKING COMPANY
990642,36855.0,36855000.0,"FIRST NATIONAL BANK OF ALLENDALE, THE"
864378,36848.0,36848000.0,CITIZENS FEDERAL SAVINGS BANK
61832,36822.0,36822000.0,"FIRST NATIONAL BANK OF MOUNT DORA, THE"
237954,36817.0,36817000.0,"IDABEL NATIONAL BANK, THE"
126012,36796.0,36796000.0,CHAMPLAIN NATIONAL BANK
5751,36795.0,36795000.0,KCB BANK
3322468,36779.0,36779000.0,VERUS BANK OF COMMERCE
3160978,36771.0,36771000.0,INTEGRITY BANK & TRUST
22543,36752.0,36752000.0,STATE SAVINGS BANK
517441,36731.0,36731000.0,"BANK OF BRODHEAD, THE"
940731,36684.0,36684000.0,"HAVANA NATIONAL BANK, THE"
5401273,36666.0,36666000.0,TANDEM BANK
945026,36625.0,36625000.0,COMMERCIAL BANK & TRUST OF PA
484776,36604.0,36604000.0,"VIKING BANK, NATIONAL ASSOCIATION"
786733,36545.0,36545000.0,JEFFERSON SECURITY BANK
2913702,36531.0,36531000.0,BANK OF FRANKLIN COUNTY
1218446,36442.0,36442000.0,BANKERS' BANK OF KANSAS
530655,36419.0,36419000.0,"PEOPLES BANK, THE"
230610,36337.0,36337000.0,"HOCKING VALLEY BANK, THE"
17110,36330.0,36330000.0,"HAVERFORD TRUST COMPANY, THE"
566056,36316.0,36316000.0,SECURITY BANK
455150,36301.0,36301000.0,"PAYNE COUNTY BANK, THE"
190563,36245.0,36245000.0,FIRST STATE BANK OF TEXAS
906410,36218.0,36218000.0,"TURBOTVILLE NATIONAL BANK, THE"
746157,36213.0,36213000.0,SENTRY BANK
937339,36206.0,36206000.0,STATE BANK OF GRAYMONT
2861317,36199.0,36199000.0,BRANSON BANK
3561771,36167.0,36167000.0,GLOBAL BANK
3445901,36081.0,36081000.0,RIVER CITY BANK
285151,36061.0,36061000.0,"COLORADO BANK AND TRUST COMPANY OF LA JUNTA, THE"
476472,36061.0,36061000.0,COMMUNITY SAVINGS
245351,36055.0,36055000.0,FRAZER BANK
4165907,36038.0,36038000.0,LAKESIDE BANK
860352,36033.0,36033000.0,DAKOTA HERITAGE BANK
964157,36010.0,36010000.0,VALUEBANK TEXAS
957757,35970.0,35970000.0,COMMUNITY BANK AND TRUST
1006513,35962.0,35962000.0,BANK OF THE BLUEGRASS AND TRUST CO.
449430,35939.0,35939000.0,22ND STATE BANKING COMPANY
723653,35903.0,35903000.0,WESTERN BANK
646145,35883.0,35883000.0,"CASEY COUNTY BANK, INC., THE"
480433,35871.0,35871000.0,FIRST NATIONAL BANK IN DERIDDER
173557,35861.0,35861000.0,ST. JOHNS BANK & TRUST COMPANY
746755,35808.0,35808000.0,BANK OF HAYS
665146,35780.0,35780000.0,KERNDT BROTHERS SAVINGS BANK
225157,35767.0,35767000.0,ULTIMA BANK MINNESOTA
370721,35667.0,35667000.0,"FARMERS STATE BANK, THE"
5906497,35647.0,35647000.0,BANKMIAMI
376947,35641.0,35641000.0,CITIZENS' BANK OF CHARLESTON
579636,35594.0,35594000.0,MERCHANTS AND PLANTERS BANK
3303944,35569.0,35569000.0,PACIFIC WEST BANK
646444,35537.0,35537000.0,FIRST BANK AND TRUST COMPANY OF ILLINOIS
710859,35511.0,35511000.0,"CITIZENS BANK OF CLOVIS, THE"
795548,35495.0,35495000.0,CITIZENS STATE BANK
3199811,35495.0,35495000.0,HERITAGE BANK OF THE OZARKS
147679,35483.0,35483000.0,ASCENDIA BANK
693952,35471.0,35471000.0,SECURITY FIRST BANK OF NORTH DAKOTA
398248,35419.0,35419000.0,CAMPBELL & FETTER BANK
428462,35417.0,35417000.0,IRELAND BANK
2594419,35410.0,35410000.0,EDISON NATIONAL BANK
864846,35402.0,35402000.0,BANK OF 1889
621441,35341.0,35341000.0,BUENA VISTA NATIONAL BANK
977616,35330.0,35330000.0,"NATIONAL BANK OF MALVERN, THE"
251558,35322.0,35322000.0,FIRST NATIONAL BANK & TRUST
456755,35295.0,35295000.0,EXCHANGE BANK AND TRUST COMPANY
452739,35276.0,35276000.0,"CLAXTON BANK, THE"
469559,35259.0,35259000.0,JONES BANK
90177,35220.0,35220000.0,FIRST FEDERAL SAVINGS & LOAN ASSOCIATION OF PASCAGOULA-MOSS POINT
336361,35204.0,35204000.0,SANGER BANK
3385744,35202.0,35202000.0,NOBLEBANK & TRUST
2754222,35185.0,35185000.0,NEW REPUBLIC BANK
79855,35173.0,35173000.0,CITY BANK & TRUST CO.
645540,35041.0,35041000.0,EARLHAM SAVINGS BANK
851631,35036.0,35036000.0,BETTER BANKS
98717,35033.0,35033000.0,"EASTBANK, NATIONAL ASSOCIATION"
930853,35010.0,35010000.0,CLB THE COMMUNITY BANK
776547,34990.0,34990000.0,"MEADE COUNTY BANK, INC."
3594087,34985.0,34985000.0,HOMETOWN BANK OF PENNSYLVANIA
750051,34870.0,34870000.0,NORTH STAR BANK
667029,34819.0,34819000.0,"UNION BANK, INC."
303653,34780.0,34780000.0,FIRST STATE BANK OF BURNET
656658,34779.0,34779000.0,TEXAS FINANCIAL BANK DBA THE EDEN STATE BANK
2718596,34717.0,34717000.0,FIRST TRUST BANK OF ILLINOIS
3134698,34686.0,34686000.0,BANK OF COMMERCE
644646,34606.0,34606000.0,LIBERTY TRUST & SAVINGS BANK
276645,34569.0,34569000.0,AMERICAN STATE BANK
785857,34483.0,34483000.0,JAMES POLK STONE COMMUNITY BANK
924937,34476.0,34476000.0,ALLIANCE COMMUNITY BANK
658474,34473.0,34473000.0,COLLINSVILLE BUILDING AND LOAN ASSOCIATION
567240,34459.0,34459000.0,BANK OF JAMESTOWN
528241,34411.0,34411000.0,HOUGHTON STATE BANK
572655,34329.0,34329000.0,COMMUNITY BANK
814551,34257.0,34257000.0,KEARNEY TRUST COMPANY
2938787,34250.0,34250000.0,GREENLEAF TRUST NATIONAL ASSOCIATION
222156,34210.0,34210000.0,FIRST STATE BANK OF WYOMING
3120897,34138.0,34138000.0,HERITAGE BANK
350750,34127.0,34127000.0,NORTH VALLEY BANK
371223,34104.0,34104000.0,RIVERHILLS BANK
2356091,34099.0,34099000.0,"FIRST UNITED BANK AND TRUST COMPANY, INC."
137559,34094.0,34094000.0,FARMERS NATIONAL BANK
842376,34045.0,34045000.0,WEST VIEW SAVINGS BANK
572459,34019.0,34019000.0,"CITIZENS STATE BANK, THE"
875048,34010.0,34010000.0,COMMUNITY STATE BANK OF ROCK FALLS
5760662,34007.0,34007000.0,"BUSINESS BANK, THE"
2889227,33961.0,33961000.0,ALPINE CAPITAL BANK
3816154,33958.0,33958000.0,"NEW HORIZON BANK, NATIONAL ASSOCIATION"
966731,33908.0,33908000.0,FIRST NATIONAL BANK
1010574,33891.0,33891000.0,AMERICAN COMMUNITY BANK OF INDIANA
822051,33852.0,33852000.0,CITIZENS STATE BANK OF ROSEAU
718275,33852.0,33852000.0,BANK OF THE FEDERATED STATES OF MICRONESIA
280138,33837.0,33837000.0,WEST CENTRAL GEORGIA BANK
356659,33812.0,33812000.0,SOLOMON STATE BANK
347022,33806.0,33806000.0,FIRST NATIONAL BANK OF SOUTH CAROLINA
458142,33785.0,33785000.0,HORATIO STATE BANK
1014853,33780.0,33780000.0,CITIZENS BANK OF KANSAS
739832,33761.0,33761000.0,"FISHER NATIONAL BANK, THE"
402846,33747.0,33747000.0,POCAHONTAS STATE BANK
118736,33719.0,33719000.0,BANK OF YAZOO CITY
576952,33696.0,33696000.0,FIRST NEBRASKA BANK
716954,33599.0,33599000.0,CITIZENS FIRST BANK
830113,33583.0,33583000.0,"FORT JENNINGS STATE BANK, THE"
987259,33577.0,33577000.0,SANDHILLS STATE BANK
625757,33574.0,33574000.0,NORTHERN STATE BANK
661474,33549.0,33549000.0,WOODRUFF FEDERAL SAVINGS AND LOAN ASSOCIATION
3591004,33545.0,33545000.0,REDSTONE BANK
412153,33540.0,33540000.0,NEBRASKA STATE BANK AND TRUST COMPANY
138051,33538.0,33538000.0,"FARMERS STATE BANK OF ALICEVILLE, KANSAS, THE"
412667,33528.0,33528000.0,SUNDOWN STATE BANK
872579,33521.0,33521000.0,HIBERNIA BANK
119153,33506.0,33506000.0,"SECURITY NATIONAL BANK OF ENID, THE"
380878,33483.0,33483000.0,GREENWAY BANK
576354,33470.0,33470000.0,GREAT NORTH BANK
3446784,33463.0,33463000.0,COMMUNITY BANK DELAWARE
748254,33439.0,33439000.0,BANKCHEROKEE
42354,33399.0,33399000.0,"COMMERCIAL NATIONAL BANK OF BRADY, THE"
522753,33330.0,33330000.0,MCBANK
553038,33315.0,33315000.0,COMMUNITY BANKING COMPANY
1351,33224.0,33224000.0,BANK OF GRANDIN
93244,33177.0,33177000.0,WOODFORD STATE BANK
289757,33166.0,33166000.0,MERCHANTS STATE BANK
703039,33144.0,33144000.0,"JEFFERSON BANK, THE"
435059,33133.0,33133000.0,TRINITY CAPITAL BANK OF TEXAS
2562137,33125.0,33125000.0,NORTHSTAR BANK
3310287,33110.0,33110000.0,"BESSEMER TRUST COMPANY OF DELAWARE, NATIONAL ASSOCIATION"
760331,33059.0,33059000.0,BRANNEN BANK
908450,33034.0,33034000.0,KIRKWOOD BANK AND TRUST COMPANY
570558,33031.0,33031000.0,ARROWHEAD BANK
10849,33025.0,33025000.0,FIRST STATE BANK
109453,33011.0,33011000.0,BANKSTAR FINANCIAL
610557,32999.0,32999000.0,THREE RIVERS BANK OF MONTANA
770639,32879.0,32879000.0,HOMETOWN NATIONAL BANK
666974,32876.0,32876000.0,FAIRFIELD FEDERAL SAVINGS AND LOAN ASSOCIATION OF LANCASTER
604547,32776.0,32776000.0,HEARTLAND BANK
563233,32766.0,32766000.0,FIRST NATIONAL BANK OF GRIFFIN
23456,32743.0,32743000.0,"FIRST NATIONAL BANK OF HENNING, THE"
800853,32728.0,32728000.0,CENTINEL BANK OF TAOS
714839,32704.0,32704000.0,FIRST NATIONAL BANK USA
828174,32703.0,32703000.0,FIRST FEDERAL SAVINGS & LOAN ASSOCIATION OF VALDOSTA
530851,32692.0,32692000.0,PEOPLES STATE BANK OF HALLETTSVILLE
271275,32684.0,32684000.0,DEAN CO-OPERATIVE BANK
2161,32681.0,32681000.0,LAMAR NATIONAL BANK
158376,32661.0,32661000.0,FIRST FEDERAL SAVINGS BANK OF ANGOLA
304762,32614.0,32614000.0,VICTORY BANK
2643595,32611.0,32611000.0,PACIFIC CREST BANK
936640,32595.0,32595000.0,LEIGHTON STATE BANK
324153,32588.0,32588000.0,FIRST NATIONAL BANK OF GIDDINGS
179148,32586.0,32586000.0,SUCCESS BANK
99143,32572.0,32572000.0,MERCHANTS & PLANTERS BANK
139133,32545.0,32545000.0,AMERIFIRST BANK
555256,32544.0,32544000.0,FARMERS AND MERCHANTS BANK
102874,32543.0,32543000.0,"PAPER CITY SAVINGS BANK, S.A."
993250,32516.0,32516000.0,FIRST COMMUNITY BANK
2860271,32476.0,32476000.0,CROWN BANK
9955,32465.0,32465000.0,FUSION BANK
740249,32427.0,32427000.0,FIRST WHITNEY BANK AND TRUST
837046,32388.0,32388000.0,CORYDON STATE BANK
330949,32381.0,32381000.0,"MORGANTOWN BANK & TRUST COMPANY, INCORPORATED"
172457,32380.0,32380000.0,"CITIZENS BANK OF EDMOND, THE"
368951,32299.0,32299000.0,"KAW VALLEY STATE BANK AND TRUST COMPANY, OF WAMEGO, KANSAS, THE"
5303724,32265.0,32265000.0,GULFSIDE BANK
535940,32239.0,32239000.0,STATE BANK OF TOULON
808653,32228.0,32228000.0,TRUCOMMUNITY BANK
856346,32216.0,32216000.0,"FARMERS STATE BANK OF ALTO PASS, ILL."
3049635,32187.0,32187000.0,DOUGLAS NATIONAL BANK
501767,32184.0,32184000.0,"FIRST NATIONAL BANK OF WINNSBORO, THE"
323651,32184.0,32184000.0,GILMER NATIONAL BANK
849357,32165.0,32165000.0,"FIRST NATIONAL BANK OF HUGHES SPRINGS, THE"
919344,32138.0,32138000.0,BANKOKOLONA
661223,32135.0,32135000.0,LEE BANK & TRUST COMPANY
476539,32126.0,32126000.0,BANK OF COMMERCE & TRUST COMPANY
305077,32113.0,32113000.0,PERU FEDERAL SAVINGS BANK
297761,32100.0,32100000.0,MONTEREY COUNTY BANK
3468450,32093.0,32093000.0,CENTRAL BANK
3306598,32092.0,32092000.0,"UNITED CITIZENS BANK OF SOUTHERN KENTUCKY, INC."
3134399,32076.0,32076000.0,PRIMEBANK OF TEXAS
3368635,32024.0,32024000.0,PARADISE BANK
931047,32007.0,32007000.0,BANK OF SALEM
609467,31969.0,31969000.0,UNITED PACIFIC BANK
406022,31946.0,31946000.0,WOODSBORO BANK
352745,31916.0,31916000.0,STATE STREET BANK AND TRUST COMPANY
830645,31909.0,31909000.0,LONGVIEW COMMUNITY BANK
434539,31885.0,31885000.0,FARMERS & MERCHANTS BANK
390840,31876.0,31876000.0,UNION BANK
3223417,31865.0,31865000.0,GATEWAY BANK
780263,31856.0,31856000.0,OZONA BANK
2597223,31855.0,31855000.0,"LEGACY TRUST COMPANY, NATIONAL ASSOCIATION"
2529176,31846.0,31846000.0,SECURITY NATIONAL BANK OF SOUTH DAKOTA
311939,31844.0,31844000.0,WASHINGTON STATE BANK
285544,31826.0,31826000.0,CAPITOL NATIONAL BANK
60648,31802.0,31802000.0,FIRST NATIONAL BANK
406974,31801.0,31801000.0,BRIGHTON BANK
158741,31770.0,31770000.0,CROSSROADS BANK
3429219,31741.0,31741000.0,HERITAGE BANK & TRUST
331375,31717.0,31717000.0,BANKGLOUCESTER
961343,31636.0,31636000.0,"SHELBY STATE BANK, THE"
442011,31536.0,31536000.0,GENERATIONS BANK
942539,31531.0,31531000.0,PEOPLE'S BANK AND TRUST COMPANY OF PICKETT COUNTY
502559,31516.0,31516000.0,"GUNNISON BANK AND TRUST COMPANY, THE"
905673,31506.0,31506000.0,GOUVERNEUR SAVINGS AND LOAN ASSOCIATION
296559,31477.0,31477000.0,COMMERCIAL BANK
311265,31476.0,31476000.0,"YOAKUM NATIONAL BANK, THE"
1160509,31470.0,31470000.0,PREMIER BANK OF THE SOUTH
144155,31468.0,31468000.0,STERLING STATE BANK
5538937,31444.0,31444000.0,CLASSIC CITY BANK
307334,31428.0,31428000.0,SOUTHERN BANK
449935,31422.0,31422000.0,COUNTRY TRUST BANK
236603,31417.0,31417000.0,"DELAWARE NATIONAL BANK OF DELHI, THE"
293651,31411.0,31411000.0,CAMPBELL COUNTY BANK
68831,31342.0,31342000.0,BANK OF FRANKLIN
474450,31332.0,31332000.0,RIVERS EDGE BANK
641579,31265.0,31265000.0,CLACKAMAS COUNTY BANK
3262788,31212.0,31212000.0,CEDARSTONE BANK
257756,31158.0,31158000.0,FMS BANK
539377,31157.0,31157000.0,UNITED BANK
918954,31138.0,31138000.0,ESB FINANCIAL
3341393,31127.0,31127000.0,FLINT COMMUNITY BANK
118660,31124.0,31124000.0,HOME BANK OF CALIFORNIA
1000959,31107.0,31107000.0,EAGLE BANK
2775151,31096.0,31096000.0,AB&T
825753,31079.0,31079000.0,CITIZENS INDEPENDENT BANK
979151,31051.0,31051000.0,AUBURN STATE BANK
989141,31038.0,31038000.0,IOWA FALLS STATE BANK
901134,30989.0,30989000.0,COMMUNITY BANK OF PARKERSBURG
757452,30947.0,30947000.0,FARMERS STATE BANK
49858,30920.0,30920000.0,BANK OF SOUTH TEXAS
746979,30919.0,30919000.0,SPRATT SAVINGS BANK
488653,30897.0,30897000.0,"NATIONAL BANK OF ANDREWS, THE"
787842,30880.0,30880000.0,FIRST IOWA STATE BANK
631039,30849.0,30849000.0,FIRST SOUTHERN BANK
628356,30833.0,30833000.0,STERLING BANK
2747466,30827.0,30827000.0,EXCHANGE BANK CO.
709554,30812.0,30812000.0,"WESTERN BANK, ARTESIA, NEW MEXICO"
2963864,30795.0,30795000.0,TRADITIONS FIRST BANK
640442,30756.0,30756000.0,FIRST TRUST AND SAVINGS BANK
639633,30739.0,30739000.0,"CITIZENS BANK OF WESTON, INC., THE"
564463,30738.0,30738000.0,CROSSROADS BANK
2329200,30735.0,30735000.0,BAY BANK
3010363,30723.0,30723000.0,BANKCDA
28675,30715.0,30715000.0,"CUMBERLAND FEDERAL BANK, FSB"
269058,30689.0,30689000.0,LAKE CENTRAL BANK
479446,30688.0,30688000.0,CITIZENS STATE BANK OF LOYAL
970055,30634.0,30634000.0,FIRST BANK ELK RIVER
954671,30592.0,30592000.0,FIRST SOUTHERN BANK
732253,30584.0,30584000.0,CITIZENS PROGRESSIVE BANK
3470097,30497.0,30497000.0,BANK OF MONTANA
3548763,30497.0,30497000.0,PEOPLEFIRST BANK
980951,30490.0,30490000.0,WOODLANDS NATIONAL BANK
479071,30487.0,30487000.0,STATE BANK NORTHWEST
815053,30476.0,30476000.0,GOPPERT FINANCIAL BANK
731050,30474.0,30474000.0,YORK STATE BANK
615851,30459.0,30459000.0,"FARMERS STATE BANK, THE"
592550,30448.0,30448000.0,QUOIN FINANCIAL BANK
129349,30429.0,30429000.0,FIRST NATIONAL BANK OF STEELEVILLE
645577,30417.0,30417000.0,"GREENEVILLE FEDERAL BANK, F.S.B."
807656,30401.0,30401000.0,CITIZENS BANK OF ADA
605571,30318.0,30318000.0,"PEOPLES SAVINGS AND LOAN COMPANY, THE"
3316739,30246.0,30246000.0,SOUTHERNTRUST BANK
170332,30212.0,30212000.0,FIRST EXCHANGE BANK
541754,30162.0,30162000.0,WRAY STATE BANK
805876,30138.0,30138000.0,PENNCREST BANK
850456,30104.0,30104000.0,GOPPERT STATE SERVICE BANK
741974,30085.0,30085000.0,FIRST FEDERAL SAVINGS BANK OF KENTUCKY
946555,30063.0,30063000.0,LLANO NATIONAL BANK
1404883,30063.0,30063000.0,BURLING BANK
311256,29965.0,29965000.0,GRANITE BANK
240954,29955.0,29955000.0,FIRST NATIONAL BANK OF BURLESON
22048,29941.0,29941000.0,UNION BANK & TRUST COMPANY
2774707,29936.0,29936000.0,ITS BANK
988144,29930.0,29930000.0,"CLARE BANK, NATIONAL ASSOCIATION"
534466,29905.0,29905000.0,METROPOLITAN BANK
849076,29889.0,29889000.0,HENDERSON FEDERAL SAVINGS BANK
68671,29862.0,29862000.0,"GRAND BANK FOR SAVINGS, F.S.B."
666844,29776.0,29776000.0,VERMILION VALLEY BANK
325534,29756.0,29756000.0,BYRON BANK
1404481,29697.0,29697000.0,BANK OF THE LOWCOUNTRY
457426,29697.0,29697000.0,ENTERPRISE BANK OF SOUTH CAROLINA
152440,29693.0,29693000.0,CENTRAL STATE BANK
692450,29684.0,29684000.0,ST. CLAIR COUNTY STATE BANK
820842,29683.0,29683000.0,BLOOMSDALE BANK
574079,29679.0,29679000.0,FRANKLIN BANK
799751,29637.0,29637000.0,MINNESOTA NATIONAL BANK
5448915,29573.0,29573000.0,"MILLYARD BANK, THE"
533535,29569.0,29569000.0,FIRST BANK OF BOAZ
2687133,29554.0,29554000.0,PREMIER BANK
148470,29524.0,29524000.0,1ST BANK OF SEA ISLE CITY
648251,29514.0,29514000.0,MCCLAIN BANK
634955,29485.0,29485000.0,"PATRONS BANK, NATIONAL ASSOCIATION"
885252,29482.0,29482000.0,CITIZENS BANK
3309393,29477.0,29477000.0,"1ST TRUST BANK, INC."
441078,29471.0,29471000.0,COMMUNITY PARTNERS SAVINGS BANK
615879,29470.0,29470000.0,"CENTRAL SAVINGS, F.S.B."
813572,29465.0,29465000.0,CECIL BANK
204237,29405.0,29405000.0,MAGNOLIA STATE BANK
611031,29405.0,29405000.0,"PEOPLES BANK, THE"
5882500,29404.0,29404000.0,FIVE RIVERS BANK
265340,29395.0,29395000.0,"FARMERS BANK OF MILTON, THE"
2836306,29384.0,29384000.0,BUCKEYE COMMUNITY BANK
164331,29376.0,29376000.0,LOGAN BANK & TRUST COMPANY
8462,29364.0,29364000.0,"PERRYTON NATIONAL BANK, THE"
715630,29337.0,29337000.0,CITIZENS BANK AND TRUST COMPANY OF GRAINGER COUNTY
992851,29327.0,29327000.0,STOCK GROWERS BANK
656032,29322.0,29322000.0,"FIRST NATIONAL BANK IN AMBOY, THE"
480853,29321.0,29321000.0,FOUNDATION BANK
436739,29294.0,29294000.0,"BANKCHAMPAIGN, NATIONAL ASSOCIATION"
454975,29271.0,29271000.0,MASSENA SAVINGS AND LOAN
361279,29260.0,29260000.0,"COMMUNITY BANK, LEXINGTON, TENNESSEE"
924357,29259.0,29259000.0,"FIRST NATIONAL BANK OF MILACA, THE"
794345,29258.0,29258000.0,BLUE GRASS SAVINGS BANK
493152,29240.0,29240000.0,FLATWATER BANK
980438,29237.0,29237000.0,FIRST STATE BANK OF FORREST
2391588,29228.0,29228000.0,EAGLE ROCK BANK
3438958,29218.0,29218000.0,RIVERBANK
244037,29112.0,29112000.0,FRIEND BANK
851172,29094.0,29094000.0,CBL STATE SAVINGS BANK
481944,29091.0,29091000.0,"FARMERS STATE BANK AND TRUST COMPANY, THE"
233358,29080.0,29080000.0,CITIZENS NATIONAL BANK AT BROWNWOOD
5728916,29073.0,29073000.0,"AGILITY BANK, N.A."
3219269,29066.0,29066000.0,MEMBERS TRUST COMPANY
243414,29061.0,29061000.0,"FIRST NATIONAL BANK OF BELLEVUE, THE"
580874,29051.0,29051000.0,BRATTLEBORO SAVINGS & LOAN ASSOCIATION
188449,29041.0,29041000.0,PCSB BANK
852254,29020.0,29020000.0,"UNION BANK, THE"
172859,29008.0,29008000.0,FIRST STATE BANK
855844,28973.0,28973000.0,ANNA-JONESBORO NATIONAL BANK
3067929,28958.0,28958000.0,TOWN & COUNTRY BANK
357553,28936.0,28936000.0,FIRST PIONEER NATIONAL BANK
2010722,28923.0,28923000.0,VILLAGE BANK
185448,28910.0,28910000.0,SOLON STATE BANK
313009,28889.0,28889000.0,"UPSTATE NATIONAL BANK, THE"
367178,28887.0,28887000.0,MIAMI SAVINGS BANK
605610,28879.0,28879000.0,SAWYER SAVINGS BANK
847157,28846.0,28846000.0,UNITED COMMUNITY BANK
750846,28822.0,28822000.0,SECURITY STATE BANK
336576,28806.0,28806000.0,"EQUITABLE BANK, S.S.B., THE"
94755,28801.0,28801000.0,SUNDANCE STATE BANK
595337,28791.0,28791000.0,VALLEY STATE BANK
198251,28780.0,28780000.0,SHERBURNE STATE BANK
614948,28779.0,28779000.0,1NB BANK
776369,28753.0,28753000.0,FIRST STATE BANK OF ODEM
49054,28720.0,28720000.0,COMMERCE BANK
396954,28669.0,28669000.0,"PECOS COUNTY STATE BANK, THE"
809650,28647.0,28647000.0,"TEXANA BANK, NATIONAL ASSOCIATION"
255556,28605.0,28605000.0,CITIZENS BANK & TRUST COMPANY OF ARDMORE
199137,28594.0,28594000.0,"WARRINGTON BANK, THE"
3487947,28546.0,28546000.0,UNIBANK
849432,28545.0,28545000.0,"BANK OF MONROE, THE"
199436,28532.0,28532000.0,ALTAMAHA BANK AND TRUST COMPANY
235446,28531.0,28531000.0,SHELBY COUNTY STATE BANK
332671,28501.0,28501000.0,"MORGANTON SAVINGS BANK, S.S.B."
849348,28488.0,28488000.0,COMMUNITY STATE BANK
927134,28486.0,28486000.0,SOLUTIONS BANK
609832,28479.0,28479000.0,TOMPKINS STATE BANK
385547,28394.0,28394000.0,"CITIZENS-FARMERS BANK OF COLE CAMP, THE"
277277,28392.0,28392000.0,SSB BANK
659556,28386.0,28386000.0,UNITED STATE BANK
955940,28385.0,28385000.0,O'BANNON BANKING COMPANY
583071,28365.0,28365000.0,FIRST FEDERAL SAVINGS AND LOAN ASSOCIATION OF BATH
2615220,28357.0,28357000.0,COMMUNITY FIRST BANKING COMPANY
31835,28351.0,28351000.0,BANK OF ANGUILLA
485214,28305.0,28305000.0,FARMERS BANK
424156,28285.0,28285000.0,STOCKGROWERS STATE BANK
882952,28264.0,28264000.0,OZARK BANK
3487433,28253.0,28253000.0,MERCHANTS COMMERCIAL BANK
95051,28246.0,28246000.0,ONE AMERICAN BANK
697147,28213.0,28213000.0,"HOMETOWN SAVINGS BANK, THE"
729842,28212.0,28212000.0,BANK OF WOLCOTT
296755,28212.0,28212000.0,CITIZENS STATE BANK
430054,28190.0,28190000.0,MAIN BANK
58551,28189.0,28189000.0,SECURITY STATE BANK
879747,28185.0,28185000.0,"FARMERS STATE BANK OF WAUPACA, THE"
1007752,28160.0,28160000.0,ARCADIAN BANK
213538,28157.0,28157000.0,BANK OF ABBEVILLE & TRUST COMPANY
1387203,28141.0,28141000.0,LIBERTY BANK MINNESOTA
283652,28137.0,28137000.0,"TRIAD BANK, NATIONAL ASSOCIATION"
466044,28127.0,28127000.0,RELIANCE STATE BANK
815772,28125.0,28125000.0,"CINCINNATUS SAVINGS AND LOAN COMPANY, THE"
925354,28113.0,28113000.0,CALDWELL BANK & TRUST COMPANY
828110,28107.0,28107000.0,"PENNSVILLE NATIONAL BANK, THE"
273840,28098.0,28098000.0,COMMUNITY FIRST BANK OF THE HEARTLAND
181963,28091.0,28091000.0,"CITY NATIONAL BANK OF TAYLOR, THE"
774347,28091.0,28091000.0,FARMERS SAVINGS BANK
853251,28082.0,28082000.0,UNITY NATIONAL BANK OF HOUSTON
4125778,28045.0,28045000.0,"STIFEL TRUST COMPANY DELAWARE, NATIONAL ASSOCIATION"
194440,28041.0,28041000.0,COMMERCIAL SAVINGS BANK
435255,28041.0,28041000.0,SECURITY BANK MIDWEST
275479,28033.0,28033000.0,COMMONWEALTH COOPERATIVE BANK
638131,28027.0,28027000.0,BANK OF DICKSON
654300,28021.0,28021000.0,WASHINGTON SAVINGS BANK
948531,28018.0,28018000.0,BANK OF NEWINGTON
3377235,27998.0,27998000.0,"SMARTBIZ BANK, N.A."
67142,27948.0,27948000.0,PEOPLES TRUST AND SAVINGS BANK
936837,27923.0,27923000.0,GOODFIELD STATE BANK
672573,27903.0,27903000.0,PROFILE BANK
554343,27891.0,27891000.0,FOWLER STATE BANK
278733,27876.0,27876000.0,"CITIZENS BANK OF COCHRAN, THE"
352370,27875.0,27875000.0,SOUTHERN HILLS COMMUNITY BANK
114457,27851.0,27851000.0,"FIRST NATIONAL BANK & TRUST, ELK CITY, OKLAHOMA"
786555,27843.0,27843000.0,PEOPLES STATE BANK OF PLAINVIEW
782016,27837.0,27837000.0,BANK OF MAYSVILLE
551016,27824.0,27824000.0,FLEETWOOD BANK
2328285,27786.0,27786000.0,"PRIVATE TRUST COMPANY, NATIONAL ASSOCIATION, THE"
43052,27786.0,27786000.0,SECURITY STATE BANK
5397639,27779.0,27779000.0,ADP TRUST COMPANY NATIONAL ASSOCIATION
64730,27778.0,27778000.0,FARMERS & MERCHANTS BANK
749943,27770.0,27770000.0,RARITAN STATE BANK
644842,27749.0,27749000.0,MERCHANTS AND FARMERS BANK
738255,27746.0,27746000.0,TOWN & COUNTRY BANK
31657,27709.0,27709000.0,"FIRST STATE BANK OF BEN WHEELER, TEXAS"
823656,27700.0,27700000.0,FIRST STATE BANK SOUTHWEST
300942,27692.0,27692000.0,PIONEER BANK
137643,27680.0,27680000.0,WEST IOWA BANK
3220863,27647.0,27647000.0,CONTINENTAL BANK
946274,27641.0,27641000.0,BEDFORD FEDERAL SAVINGS BANK
324854,27609.0,27609000.0,BANK OF CROCKETT
3596250,27603.0,27603000.0,RELIANCE BANK
129853,27576.0,27576000.0,COMMERCIAL STATE BANK OF WAGNER
160454,27530.0,27530000.0,"FIRST NATIONAL BANK OF BALLINGER, THE"
293437,27508.0,27508000.0,"CITIZENS BANK OF WINFIELD, THE"
319047,27507.0,27507000.0,"RIDDELL NATIONAL BANK, THE"
942454,27504.0,27504000.0,"PEOPLES NATIONAL BANK OF CHECOTAH, THE"
3022610,27481.0,27481000.0,FLATIRONS BANK
3128923,27430.0,27430000.0,BANK OF LINCOLN COUNTY
20053,27421.0,27421000.0,SECURITY BANK
616540,27396.0,27396000.0,SECURITY SAVINGS BANK
276074,27386.0,27386000.0,"SENECA SAVINGS BANK, NATIONAL ASSOCIATION"
2333140,27368.0,27368000.0,NEIGHBORHOOD NATIONAL BANK
917500,27298.0,27298000.0,"FIRST NATIONAL BANK OF GROTON, THE"
678454,27238.0,27238000.0,MARION STATE BANK
2877831,27224.0,27224000.0,BANK OF BROOKHAVEN
241559,27190.0,27190000.0,COLUMBUS BANK AND TRUST COMPANY
869346,27174.0,27174000.0,IOWA STATE SAVINGS BANK
37949,27160.0,27160000.0,BANK OF RANTOUL
706254,27156.0,27156000.0,"COMMUNITY STATE BANK, THE"
2873598,27130.0,27130000.0,CYPRESS BANK & TRUST
219044,27127.0,27127000.0,COLLINS STATE BANK
861658,27117.0,27117000.0,FIRST SECURITY BANK - SLEEPY EYE
712648,27115.0,27115000.0,"PEOPLES BANK, THE"
956527,27115.0,27115000.0,INDEPENDENCE BANK
116741,27094.0,27094000.0,UNITED BANK AND TRUST COMPANY
346379,27074.0,27074000.0,FIRST FEDERAL COMMUNITY BANK OF BUCYRUS
60545,27056.0,27056000.0,"HOME TRUST & SAVINGS BANK, THE"
74056,27033.0,27033000.0,SOUTH CENTRAL STATE BANK
205542,26981.0,26981000.0,CHEROKEE STATE BANK
5316920,26975.0,26975000.0,NEW VALLEY BANK & TRUST
89957,26955.0,26955000.0,CENDERA BANK
987651,26860.0,26860000.0,GARDEN PLAIN STATE BANK
3358270,26855.0,26855000.0,HURON VALLEY STATE BANK
969844,26800.0,26800000.0,GUTHRIE COUNTY STATE BANK
190956,26771.0,26771000.0,"WANDA STATE BANK, THE"
412555,26768.0,26768000.0,SJN BANK OF KANSAS
728957,26711.0,26711000.0,FARMERS AND MERCHANTS STATE BANK OF PIERZ
513546,26690.0,26690000.0,"FARMERS AND MERCHANTS NATIONAL BANK OF NASHVILLE, THE"
638355,26687.0,26687000.0,"BANK OF DESOTO, NATIONAL ASSOCIATION"
66154,26685.0,26685000.0,DECATUR COUNTY BANK
499743,26676.0,26676000.0,HERITAGE COMMUNITY BANK
800134,26662.0,26662000.0,"HARVARD STATE BANK, THE"
2305969,26646.0,26646000.0,TNBANK
3374234,26577.0,26577000.0,RIVERLAND BANK
588245,26528.0,26528000.0,"BANK OF DEERFIELD, THE"
926959,26512.0,26512000.0,BANK OF COUSHATTA
371232,26498.0,26498000.0,FIRST COMMUNITY BANK AND TRUST
5528880,26487.0,26487000.0,FIRST BANK OF CENTRAL OHIO
901974,26484.0,26484000.0,LYONS FEDERAL BANK
287342,26476.0,26476000.0,"READLYN SAVINGS BANK, THE"
101738,26468.0,26468000.0,GREAT SOUTHERN BANK
3617856,26451.0,26451000.0,COMMUNITY STATE BANK
6009630,26451.0,26451000.0,"FUNDBANK, NATIONAL ASSOCIATION"
3688548,26440.0,26440000.0,FIRST COLONY BANK OF FLORIDA
260831,26429.0,26429000.0,GEORGIA FIRST BANK
786948,26425.0,26425000.0,FIRST BANK HAMPTON
5435988,26415.0,26415000.0,FWBANK
651541,26399.0,26399000.0,IOWA STATE BANK AND TRUST COMPANY
742056,26390.0,26390000.0,CASTROVILLE STATE BANK
206473,26375.0,26375000.0,EQUITABLE SAVINGS AND LOAN ASSOCIATION
465672,26370.0,26370000.0,CROSSBRIDGE COMMUNITY BANK
837158,26362.0,26362000.0,"FIRST NATIONAL BANK AND TRUST COMPANY OF MIAMI, THE"
708379,26346.0,26346000.0,SECURITY SAVINGS BANK
1879016,26346.0,26346000.0,TODAY'S BANK
954251,26285.0,26285000.0,CITIZENS BANK OF ELDON
589158,26282.0,26282000.0,GREAT PLAINS BANK
816304,26271.0,26271000.0,MARBLEHEAD BANK
159953,26250.0,26250000.0,OKLAHOMA BANK AND TRUST COMPANY
823450,26241.0,26241000.0,FIRST NATIONAL BANK
38740,26206.0,26206000.0,OWEN COUNTY STATE BANK
524766,26191.0,26191000.0,FIRST STATE BANK
904359,26114.0,26114000.0,CENTURY BANK OF THE OZARKS
363648,26088.0,26088000.0,SECURITY TRUST & SAVINGS BANK
644776,26072.0,26072000.0,UNITED ROOSEVELT SAVINGS BANK
452841,26062.0,26062000.0,SPRING VALLEY CITY BANK
812614,26055.0,26055000.0,"COMMERCIAL BANK OF GRAYSON, THE"
277736,26043.0,26043000.0,PEOPLES BANK OF THE SOUTH
12647,26041.0,26041000.0,"PORTAGE COUNTY BANK, THE"
557438,26034.0,26034000.0,"GIFFORD STATE BANK, THE"
126375,26007.0,26007000.0,VIDALIA FEDERAL SAVINGS BANK
145741,26001.0,26001000.0,FARMERS & MERCHANTS STATE BANK
387055,25984.0,25984000.0,"STATE BANK, THE"
646873,25951.0,25951000.0,NEW CARLISLE FEDERAL SAVINGS BANK
837448,25935.0,25935000.0,WARREN-BOYNTON STATE BANK
599643,25894.0,25894000.0,ERGO BANK
366247,25837.0,25837000.0,TEMPLETON SAVINGS BANK
916857,25835.0,25835000.0,FIRSTOAK BANK
85931,25804.0,25804000.0,PATTERSON STATE BANK
497655,25794.0,25794000.0,FIRST STATE BANK
686758,25780.0,25780000.0,"FIRST STATE BANK OF SHELBY, THE"
729178,25748.0,25748000.0,"CYPRESS BANK, SSB"
2881445,25737.0,25737000.0,"MASSMUTUAL PRIVATE WEALTH & TRUST, FSB"
83834,25735.0,25735000.0,AMERICAN BANK & TRUST COMPANY
956956,25730.0,25730000.0,FARMERS STATE BANK OF CALHAN
884648,25697.0,25697000.0,UNITED COMMUNITY BANK
346771,25639.0,25639000.0,FIRST FEDERAL SAVINGS BANK OF CHAMPAIGN-URBANA
79145,25638.0,25638000.0,FARMERS & MERCHANTS STATE BANK
386432,25572.0,25572000.0,LIBERTY BANK
947525,25566.0,25566000.0,MARION CENTER BANK
362155,25562.0,25562000.0,"FIRST NATIONAL BANK OF ANDERSON, THE"
761954,25555.0,25555000.0,COLEMAN COUNTY STATE BANK
3285778,25545.0,25545000.0,NANTAHALA BANK & TRUST COMPANY
2317672,25543.0,25543000.0,FIRST AMERICAN STATE BANK
216164,25532.0,25532000.0,FIRST STATE BANK
3387140,25519.0,25519000.0,UNITED REPUBLIC BANK
2753917,25518.0,25518000.0,IDAHO TRUST BANK
757779,25496.0,25496000.0,MCS BANK
826648,25489.0,25489000.0,MEDIAPOLIS SAVINGS BANK
3286999,25487.0,25487000.0,BANK OF GRAND LAKE
677970,25477.0,25477000.0,UNION SAVINGS AND LOAN ASSOCIATION
768458,25477.0,25477000.0,COMMUNITY 1ST BANK LAS VEGAS
700458,25475.0,25475000.0,MERCHANTS BANK
765662,25474.0,25474000.0,MUENSTER STATE BANK
990053,25452.0,25452000.0,SECURITY STATE BANK OF MARINE
488756,25437.0,25437000.0,FIRST STATE BANK
347639,25436.0,25436000.0,DEVON BANK
799948,25396.0,25396000.0,FIRST NATIONAL BANK OF COMMERCE
604640,25393.0,25393000.0,WATERMAN BANK
1008209,25376.0,25376000.0,"NATIONAL IRON BANK, THE"
903240,25366.0,25366000.0,BANK OF EDMONSON COUNTY
475345,25360.0,25360000.0,HURON COMMUNITY BANK
3213333,25352.0,25352000.0,COMMUNITY BANK OF GEORGIA
117038,25318.0,25318000.0,HNB FIRST BANK
23755,25307.0,25307000.0,FIRST NATIONAL COMMUNITY BANK
5724226,25296.0,25296000.0,GULF COAST BUSINESS BANK
455945,25265.0,25265000.0,BANK OF DELIGHT
209362,25236.0,25236000.0,"BANK OF WHITTIER, NATIONAL ASSOCIATION"
129358,25217.0,25217000.0,VALOR BANK
220844,25206.0,25206000.0,DENVER SAVINGS BANK
931270,25202.0,25202000.0,NORTH CAMBRIDGE CO-OPERATIVE BANK
640956,25168.0,25168000.0,FIRST BANK & TRUST COMPANY
5427684,25167.0,25167000.0,LOYAL TRUST BANK
3357077,25074.0,25074000.0,VISIONBANK
926632,25060.0,25060000.0,FOREST PARK NATIONAL BANK AND TRUST COMPANY
764816,25041.0,25041000.0,CITIZENS GUARANTY BANK
51459,25035.0,25035000.0,CENTERA BANK
810544,25027.0,25027000.0,CRAWFORD COUNTY TRUST AND SAVINGS BANK
642437,25026.0,25026000.0,BANK OF FOREST
676049,25020.0,25020000.0,SMACKOVER STATE BANK
89032,25000.0,25000000.0,PLAQUEMINE BANK AND TRUST COMPANY
352651,24983.0,24983000.0,BOC BANK
270531,24971.0,24971000.0,BRICKYARD BANK
399973,24886.0,24886000.0,"FIRST FEDERAL SAVINGS AND LOAN ASSOCIATION OF CENTRAL ILLINOIS, S.B."
5230790,24871.0,24871000.0,AMERICAN BANK OF THE CAROLINAS
193537,24867.0,24867000.0,BANK OF DAWSON
2735137,24847.0,24847000.0,FREEDOM FINANCIAL BANK
23643,24836.0,24836000.0,COMMERCIAL BANK & TRUST COMPANY
969639,24824.0,24824000.0,"FNB BANK, INC."
1011432,24806.0,24806000.0,"MOUNTAIN VALLEY BANK, N.A."
617145,24766.0,24766000.0,"CITIZENS BANK, THE"
942847,24761.0,24761000.0,BODCAW BANK
19972,24748.0,24748000.0,FARMERS BUILDING AND SAVINGS BANK
449038,24724.0,24724000.0,"CITICORP TRUST DELAWARE, NATIONAL ASSOCIATION"
1008076,24710.0,24710000.0,HADDON SAVINGS BANK
305237,24686.0,24686000.0,"GEO. D. WARTHEN BANK, THE"
535034,24679.0,24679000.0,LANDMARK BANK
831941,24678.0,24678000.0,TAYLOR COUNTY BANK
917854,24674.0,24674000.0,FIRST FARMERS & MERCHANTS NATIONAL BANK
787459,24663.0,24663000.0,PRINSBANK
475756,24658.0,24658000.0,BANK OF THE ROCKIES
741068,24645.0,24645000.0,FIDELITY BANK OF TEXAS
624648,24640.0,24640000.0,FARMERS SAVINGS BANK
714437,24609.0,24609000.0,MOUNTAIN VALLEY BANK
373553,24588.0,24588000.0,FIRST BANK AND TRUST OF MEMPHIS
71859,24563.0,24563000.0,CBW BANK
820879,24543.0,24543000.0,"FIRST FEDERAL SAVINGS AND LOAN ASSOCIATION OF VAN WERT, OH"
5807400,24542.0,24542000.0,NOVA BANK
372855,24464.0,24464000.0,STRYV BANK
875758,24425.0,24425000.0,FIRST TEXAS BANK
312356,24393.0,24393000.0,"CORNERSTONE BANK, THE"
238139,24386.0,24386000.0,FIRST BANK OF MANHATTAN
3635551,24372.0,24372000.0,GUADALUPE BANK
956554,24364.0,24364000.0,"BANK OF GRAIN VALLEY, THE"
773032,24335.0,24335000.0,FARMERS STATE BANK
5479478,24324.0,24324000.0,RIVERSIDE BANK OF DUBLIN
857455,24313.0,24313000.0,TEJAS BANK
658924,24292.0,24292000.0,FARMERS AND MINERS BANK
3667132,24249.0,24249000.0,GATEWAY COMMERCIAL BANK
950758,24246.0,24246000.0,SECURITY BANK USA
21658,24218.0,24218000.0,ALLIANCE BANK
762045,24184.0,24184000.0,STATE SAVINGS BANK
547251,24179.0,24179000.0,AMERICAN INTERSTATE BANK
9553,24147.0,24147000.0,ADAMS COUNTY BANK
59754,24122.0,24122000.0,METHOD BANK
298049,24118.0,24118000.0,IOWA STATE BANK
141958,24086.0,24086000.0,BANK OF GLEASON
157744,24086.0,24086000.0,HOOSIER HEARTLAND STATE BANK
814711,24020.0,24020000.0,PBT BANCORP
294827,23984.0,23984000.0,"PIONEER COMMUNITY BANK, INC."
2232757,23983.0,23983000.0,CHARLEVOIX STATE BANK
479754,23958.0,23958000.0,COMMERCIAL STATE BANK
45458,23957.0,23957000.0,VINTAGE BANK KANSAS
615253,23934.0,23934000.0,"FIRST STATE BANK OF MALTA, THE"
371942,23850.0,23850000.0,LIBERTY BANK
180845,23799.0,23799000.0,ILLINI STATE BANK
1017957,23788.0,23788000.0,CENTER NATIONAL BANK
3448162,23753.0,23753000.0,LONE STAR BANK
53051,23733.0,23733000.0,"BUCKHOLTS STATE BANK, THE"
199351,23728.0,23728000.0,WESTERN NATIONAL BANK
719964,23728.0,23728000.0,FIRST STATE BANK
3370357,23711.0,23711000.0,VALLEY BANK OF NEVADA
914545,23695.0,23695000.0,TRI-COUNTY BANK & TRUST COMPANY
825454,23659.0,23659000.0,FIRST MISSOURI STATE BANK
377850,23652.0,23652000.0,FIRST SECURITY BANK AND TRUST COMPANY
3816163,23647.0,23647000.0,CORNERSTONE BANK
284154,23623.0,23623000.0,OKLAHOMA CAPITAL BANK
148715,23605.0,23605000.0,"PBK BANK, INC"
178244,23596.0,23596000.0,BELLEVUE STATE BANK
814458,23546.0,23546000.0,CHARTER BANK
656779,23545.0,23545000.0,UNION FEDERAL SAVINGS AND LOAN ASSOCIATION
3482045,23535.0,23535000.0,EMBASSY NATIONAL BANK
695947,23533.0,23533000.0,EAGLE VALLEY BANK
5975224,23532.0,23532000.0,SOLUTIONS PLUS BANK
844138,23532.0,23532000.0,SIMMESPORT STATE BANK
62044,23515.0,23515000.0,SONATA BANK
12142,23489.0,23489000.0,"CLEVELAND STATE BANK, THE"
516154,23488.0,23488000.0,FARMERS AND MERCHANTS BANK
152057,23477.0,23477000.0,BANK OF COMMERCE
894272,23444.0,23444000.0,NEWPORT FEDERAL BANK
667524,23444.0,23444000.0,"BANK OF CHARLOTTE COUNTY, THE"
362856,23432.0,23432000.0,"BIG BEND BANKS, N.A. DBA MARFA NATIONAL BANK, THE"
885430,23431.0,23431000.0,ST. LANDRY BANK AND TRUST COMPANY
443634,23426.0,23426000.0,SCOTT STATE BANK
423636,23405.0,23405000.0,UBANK
540739,23399.0,23399000.0,FIRSTSTATE BANK
918132,23388.0,23388000.0,"WILLIAMSTOWN BANK, INC."
241009,23335.0,23335000.0,"FIRST NATIONAL BANK OF DRYDEN, THE"
956376,23314.0,23314000.0,BANK OF EASTON
4231,23294.0,23294000.0,FARMERS AND MERCHANTS BANK
413543,23293.0,23293000.0,CITIZENS STATE BANK
924058,23270.0,23270000.0,"JACKSBORO NATIONAL BANK, THE"
765318,23266.0,23266000.0,CITIZENS BANK & TRUST CO. OF JACKSON
414858,23263.0,23263000.0,"INCOMMONS BANK, NATIONAL ASSOCIATION"
596455,23224.0,23224000.0,MADISON VALLEY BANK
998648,23183.0,23183000.0,ELKTON BANK & TRUST COMPANY
614751,23149.0,23149000.0,MANHATTAN BANK
256179,23136.0,23136000.0,UTAH INDEPENDENT BANK
368054,23129.0,23129000.0,MASON BANK
995571,23105.0,23105000.0,SOUTH GEORGIA BANK
925055,23100.0,23100000.0,CITIZENS BANK & TRUST COMPANY
147857,23098.0,23098000.0,FIRST BANK BLUE EARTH
223845,23091.0,23091000.0,DANVILLE STATE SAVINGS BANK
2218443,23064.0,23064000.0,FRONTIER BANK
28732,23029.0,23029000.0,PEOPLES BANK & TRUST COMPANY
431323,23017.0,23017000.0,PEOPLES STATE BANK
372640,23012.0,23012000.0,FARMERS AND MERCHANTS BANK
917630,23001.0,23001000.0,"FIRST NATIONAL BANK OF WILLIAMSON, THE"
105530,22991.0,22991000.0,FARMERS STATE BANK
581358,22958.0,22958000.0,STATE NEBRASKA BANK &TRUST
918879,22930.0,22930000.0,LOGANSPORT SAVINGS BANK
956255,22915.0,22915000.0,"FIRST NATIONAL BANK OF RIVER FALLS, THE"
480723,22892.0,22892000.0,1ST NATIONAL BANK
705556,22886.0,22886000.0,NEIGHBORHOOD NATIONAL BANK
746942,22874.0,22874000.0,UNION STATE BANK
487142,22870.0,22870000.0,BANK OF KAMPSVILLE
989534,22843.0,22843000.0,WHEELER COUNTY STATE BANK
190648,22842.0,22842000.0,IOWA SAVINGS BANK
284239,22811.0,22811000.0,BANK OF PERRY COUNTY
1005552,22804.0,22804000.0,"VALLEY STATE BANK, THE"
7045,22796.0,22796000.0,"PEOPLES BANK, THE"
87047,22791.0,22791000.0,FIRST STATE BANK OF PORTER
303701,22785.0,22785000.0,WELLS RIVER SAVINGS BANK
645157,22756.0,22756000.0,BANK NORTHWEST
177443,22723.0,22723000.0,FIRST NATIONAL BANK IN TAYLORVILLE
1003558,22713.0,22713000.0,GRAND RAPIDS STATE BANK
976534,22670.0,22670000.0,BANK OF FARMINGTON
2882983,22669.0,22669000.0,CITIZENS FIRST BANK
213912,22640.0,22640000.0,"APPLE CREEK BANKING COMPANY, THE"
2747279,22615.0,22615000.0,SETTLERS BANK
337340,22605.0,22605000.0,HERITAGE BANK OF SCHAUMBURG
974558,22603.0,22603000.0,FIRST NATIONAL BANK AND TRUST COMPANY OF BOTTINEAU
792640,22589.0,22589000.0,STATE SAVINGS BANK
407168,22583.0,22583000.0,FIRST STATE BANK
858818,22536.0,22536000.0,WSB MUNICIPAL BANK
841472,22512.0,22512000.0,MUTUAL SAVINGS BANK
550952,22496.0,22496000.0,RSNB BANK
805250,22490.0,22490000.0,FNB BANK
297051,22467.0,22467000.0,PATRIOTS BANK
920733,22450.0,22450000.0,WEST CENTRAL BANK
3340903,22433.0,22433000.0,LEGACY STATE BANK
374774,22428.0,22428000.0,SURETY BANK
3232370,22421.0,22421000.0,FIRST NATIONAL BANK OF DECATUR COUNTY
877350,22409.0,22409000.0,HORIZON FINANCIAL BANK
262956,22391.0,22391000.0,PEOPLES STATE BANK OF MUNISING
881852,22346.0,22346000.0,HIGH PLAINS BANK
449832,22345.0,22345000.0,MARION COMMUNITY BANK
2860039,22337.0,22337000.0,COMMUNITY BANK OF THE SOUTH
167453,22310.0,22310000.0,BLUFF VIEW BANK
198961,22296.0,22296000.0,FIRST NATIONAL BANK OF BOSQUE COUNTY
2705112,22249.0,22249000.0,CHARTER BANK
661072,22249.0,22249000.0,MERCER SAVINGS BANK
1397471,22221.0,22221000.0,BANK OF LITTLE ROCK
202541,22200.0,22200000.0,IOWA TRUST AND SAVINGS BANK
209559,22193.0,22193000.0,FNB WASHINGTON
328656,22193.0,22193000.0,UNITED FARMERS STATE BANK
766052,22189.0,22189000.0,COMMUNITY BANK OF EL DORADO SPRINGS
621151,22171.0,22171000.0,"FARMERS STATE BANK OF BRUSH, THE"
623548,22148.0,22148000.0,"CLAY CITY BANKING CO., THE"
18836,22137.0,22137000.0,CAPON VALLEY BANK
920210,22117.0,22117000.0,JIM THORPE NEIGHBORHOOD BANK
1493319,22089.0,22089000.0,"GATEWAY BANK, F.S.B."
854173,22076.0,22076000.0,INVESTMENT SAVINGS BANK
907444,22054.0,22054000.0,FIRST NATIONAL BANK OF KENTUCKY
821036,22035.0,22035000.0,PEOPLES BANK OF KANKAKEE COUNTY
349129,22010.0,22010000.0,"COMMERCIAL BANK, THE"
1003950,22002.0,22002000.0,TBO BANK
212344,21992.0,21992000.0,CITIZENS STATE BANK
3614846,21975.0,21975000.0,NEBRASKA BANK OF COMMERCE
46053,21956.0,21956000.0,"STATE BANK OF FARIBAULT, THE"
767255,21942.0,21942000.0,LAMAR BANK AND TRUST COMPANY
134455,21928.0,21928000.0,TENSAS STATE BANK
401755,21914.0,21914000.0,"BANK OF THE WEST, THE"
178150,21912.0,21912000.0,LAONA STATE BANK
454658,21900.0,21900000.0,"PAULS VALLEY NATIONAL BANK, THE"
179335,21900.0,21900000.0,BANK OF WIGGINS
49951,21882.0,21882000.0,"FIRST SECURITY BANK, THE"
846945,21870.0,21870000.0,BADGER BANK
266244,21863.0,21863000.0,STATE BANK
771748,21858.0,21858000.0,CHELSEA SAVINGS BANK
497851,21835.0,21835000.0,SECURITY BANK
196752,21796.0,21796000.0,TRICENTURY BANK
35057,21777.0,21777000.0,ALLIANT BANK
835444,21769.0,21769000.0,"BANK OF HERRIN, THE"
288376,21767.0,21767000.0,PINNACLE BANK
235231,21747.0,21747000.0,UNION BANK
890649,21723.0,21723000.0,MOUNT VERNON BANK AND TRUST COMPANY
374130,21713.0,21713000.0,"CITIZENS BANK, THE"
3485215,21691.0,21691000.0,"TEXAS ADVANTAGE COMMUNITY BANK, NATIONAL ASSOCIATION"
411624,21690.0,21690000.0,SOMERVILLE BANK
44929,21682.0,21682000.0,"FIRST NATIONAL BANK OF MCCONNELSVILLE, THE"
3623969,21673.0,21673000.0,"FIRST NEW MEXICO BANK, LAS CRUCES"
156970,21657.0,21657000.0,FAMILY BANK
702836,21642.0,21642000.0,FIRST FARMERS AND COMMERCIAL BANK
719610,21633.0,21633000.0,"FIRST NATIONAL BANK OF MANCHESTER, THE"
568135,21621.0,21621000.0,HOLCOMB BANK
5332603,21621.0,21621000.0,MI BANK
388155,21602.0,21602000.0,FIRST TEXOMA NATIONAL BANK
748441,21602.0,21602000.0,WARREN BANK AND TRUST COMPANY
756848,21588.0,21588000.0,COMMUNITY FIRST BANK
364270,21582.0,21582000.0,"BANKPACIFIC, LTD."
386731,21566.0,21566000.0,STATE BANK & TRUST
5805442,21565.0,21565000.0,ZENITH BANK & TRUST
400767,21562.0,21562000.0,NEVADA BANK AND TRUST COMPANY
206772,21561.0,21561000.0,EASTERN INTERNATIONAL BANK
1015841,21557.0,21557000.0,COMMUNITY BANK & TRUST COMPANY
218878,21552.0,21552000.0,"SECURITY BANK, S.B."
527178,21548.0,21548000.0,ANTHEM BANK & TRUST
882541,21520.0,21520000.0,BRIDGE COMMUNITY BANK
668147,21473.0,21473000.0,DEWITT BANK & TRUST CO.
5543735,21471.0,21471000.0,INTEGRITY BANK FOR BUSINESS
368522,21452.0,21452000.0,APOLLO TRUST COMPANY
647245,21443.0,21443000.0,HARDIN COUNTY SAVINGS BANK
2847085,21409.0,21409000.0,SOUTHERN ILLINOIS BANK
634544,21406.0,21406000.0,BANK 21
741844,21376.0,21376000.0,FARMERS SAVINGS BANK
414652,21370.0,21370000.0,"FIRST NATIONAL BANK OF SCOTT CITY, THE"
837541,21358.0,21358000.0,FARMERS STATE BANK OF HOFFMAN
628123,21338.0,21338000.0,"BANK OF GLEN BURNIE, THE"
411062,21330.0,21330000.0,"FIRST NATIONAL BANK OF STERLING CITY, THE"
706656,21325.0,21325000.0,COMMUNITY BANK OF MARSHALL
257345,21296.0,21296000.0,PESHTIGO NATIONAL BANK
379470,21293.0,21293000.0,CANTON CO-OPERATIVE BANK
5903517,21270.0,21270000.0,FOUR STATES BANK
366854,21266.0,21266000.0,KENDALL BANK
421539,21264.0,21264000.0,FIRST PEOPLES BANK OF TENNESSEE
1006652,21250.0,21250000.0,FRANKLIN STATE BANK & TRUST COMPANY
427960,21243.0,21243000.0,TWIN RIVER BANK
89854,21238.0,21238000.0,MINNSTAR BANK NATIONAL ASSOCIATION
537243,21228.0,21228000.0,FARMERS STATE BANK
756343,21160.0,21160000.0,MALVERN BANK
657178,21132.0,21132000.0,SCHUYLER SAVINGS BANK
63201,21126.0,21126000.0,CAYUGA LAKE NATIONAL BANK
5686324,21124.0,21124000.0,MOULTRIE BANK & TRUST
2304636,21107.0,21107000.0,COMMUNITY BANK
315656,21075.0,21075000.0,FIRST ENTERPRISE BANK
706030,21066.0,21066000.0,SOUTH COAST BANK & TRUST
127224,21033.0,21033000.0,FIRST UNITED NATIONAL BANK
947776,21022.0,21022000.0,CHARLES RIVER BANK
689759,21017.0,21017000.0,UNION BANK AND TRUST COMPANY
857941,20945.0,20945000.0,GREAT RIVERS BANK
773171,20937.0,20937000.0,MID-CENTRAL NATIONAL BANK
794149,20925.0,20925000.0,COMMERCIAL NATIONAL BANK OF TEXARKANA
547550,20905.0,20905000.0,BANK OF COMMERCE
918150,20888.0,20888000.0,"FIRST BANK OF OKARCHE, THE"
5860740,20858.0,20858000.0,COMMUNITY UNITY BANK
541642,20833.0,20833000.0,"COMMONWEALTH COMMUNITY BANK, INC."
43959,20831.0,20831000.0,BRIDGE CITY STATE BANK
931944,20831.0,20831000.0,KEYSTONE SAVINGS BANK
805335,20811.0,20811000.0,BANK OF MONTICELLO
446130,20809.0,20809000.0,FARMERS AND MERCHANTS BANK
371559,20797.0,20797000.0,COMMUNITY NATIONAL BANK OF OKARCHE
1013650,20746.0,20746000.0,STATE BANK OF BERN
2531562,20727.0,20727000.0,1ST EQUITY BANK
677756,20724.0,20724000.0,FARMERS AND MERCHANTS STATE BANK
498625,20706.0,20706000.0,"CALHOUN COUNTY BANK, INC."
1225798,20688.0,20688000.0,PORT RICHMOND SAVINGS
966973,20686.0,20686000.0,WEST PLAINS SAVINGS AND LOAN ASSOCIATION
733951,20684.0,20684000.0,"CITIZENS STATE BANK AND TRUST CO., ELLSWORTH, KANSAS"
5758436,20661.0,20661000.0,INTEGRO BANK
416357,20642.0,20642000.0,CHAMBERS STATE BANK
365950,20635.0,20635000.0,GRAND MISSOURI BANK
1187551,20633.0,20633000.0,"INDEPENDENT CORRESPONDENT BANKERS' BANK, INC."
482446,20620.0,20620000.0,JERSEY STATE BANK
687830,20617.0,20617000.0,"FREDERICK COMMUNITY BANK, THE"
773742,20609.0,20609000.0,CITIZENS NATIONAL BANK OF CHEBOYGAN
3282012,20586.0,20586000.0,PEOPLESTRUST BANK
967952,20542.0,20542000.0,WEST PLAINS BANK
922157,20503.0,20503000.0,FIRST HERITAGE BANK
792659,20501.0,20501000.0,NATIONAL BANK & TRUST
3125315,20492.0,20492000.0,HIGHLANDS COMMUNITY BANK
895448,20486.0,20486000.0,MILLEDGEVILLE STATE BANK
953852,20467.0,20467000.0,YNB
411651,20406.0,20406000.0,"FARMERS AND MERCHANTS STATE BANK, BLOOMFIELD, NEBRASKA"
995674,20402.0,20402000.0,SSB COMMUNITY BANK
571920,20360.0,20360000.0,"FIRST NATIONAL BANK OF PANDORA, THE"
698546,20359.0,20359000.0,FIRST STATE BANK OF CAMPBELL HILL
351878,20344.0,20344000.0,AROOSTOOK COUNTY FEDERAL SAVINGS & LOAN ASSOCIATION
3459216,20329.0,20329000.0,TOWN CENTER BANK
478140,20321.0,20321000.0,MURPHY-WALL STATE BANK AND TRUST COMPANY
948250,20285.0,20285000.0,PEOPLES BANK
567679,20264.0,20264000.0,GREENVILLE FEDERAL
5475452,20253.0,20253000.0,GULF ATLANTIC BANK
435666,20252.0,20252000.0,SECURITY BANK OF TEXAS
149150,20232.0,20232000.0,CITIZENS STATE BANK
706236,20231.0,20231000.0,GUARANTY BANK INC.
751254,20227.0,20227000.0,PROGROWTH BANK
795249,20208.0,20208000.0,FIRST STATE BANK
358112,20196.0,20196000.0,COMMERCIAL BANK
189950,20181.0,20181000.0,FIRST STATE BANK OF ROSCOE
972143,20170.0,20170000.0,WESTSIDE STATE BANK
272030,20167.0,20167000.0,"PEOPLES BANK OF GEORGIA, THE"
2723376,20141.0,20141000.0,CLEARPOINT FEDERAL BANK & TRUST
336147,20123.0,20123000.0,UNITED CITIZENS BANK & TRUST COMPANY
952846,20123.0,20123000.0,BANK
291059,20101.0,20101000.0,BANK OF HYDRO
899651,20043.0,20043000.0,CITIZENS STATE BANK
466932,20042.0,20042000.0,COMMUNITY NEIGHBOR BANK
1191352,20042.0,20042000.0,WAYCROSS BANK & TRUST
2806840,20023.0,20023000.0,WYOMING COMMUNITY BANK
94858,20012.0,20012000.0,ADRIAN BANK
4149037,19944.0,19944000.0,NEUBERGER BERMAN TRUST COMPANY NATIONAL ASSOCIATION
979133,19942.0,19942000.0,FLANAGAN STATE BANK
715032,19926.0,19926000.0,PEOPLES BANK
135836,19882.0,19882000.0,SOUTH LAFOURCHE BANK & TRUST COMPANY
941804,19877.0,19877000.0,BANK OF HOLLAND
565536,19828.0,19828000.0,NORTH CENTRAL BANK
801654,19820.0,19820000.0,"FIRST STATE BANK, THE"
2897633,19820.0,19820000.0,HOMETOWN BANK OF CORBIN INC.
5805817,19818.0,19818000.0,DAYFORCE NATIONAL TRUST BANK
5861541,19793.0,19793000.0,ALTOS BANK
814476,19730.0,19730000.0,MILLVILLE SAVINGS BANK
2577739,19727.0,19727000.0,"BANK OF JACKSON, THE"
113030,19717.0,19717000.0,FARMERS STATE BANK
640143,19686.0,19686000.0,FEDERATED BANK
82033,19669.0,19669000.0,FIRST NATIONAL BANK OF PASCO
821157,19669.0,19669000.0,"GOOSE RIVER BANK, THE"
763211,19654.0,19654000.0,BANK OF HINDMAN
633640,19634.0,19634000.0,HENDRICKS COUNTY BANK AND TRUST COMPANY
495558,19633.0,19633000.0,FIRST NEW MEXICO BANK OF SILVER CITY
143952,19626.0,19626000.0,PILLAR BANK
194570,19616.0,19616000.0,HERITAGE BANK OF SAINT TAMMANY
428855,19587.0,19587000.0,"SEYMOUR BANK, THE"
451246,19584.0,19584000.0,WAYNE BANK AND TRUST CO.
3090833,19559.0,19559000.0,DRAKE BANK
839246,19559.0,19559000.0,BANK OF COLUMBIA
114774,19548.0,19548000.0,"ABBEVILLE BUILDING AND LOAN, A STATE CHARTERED SAVINGS BANK"
840019,19527.0,19527000.0,CITIZENS BANK
2621940,19526.0,19526000.0,"COMMUNITY BANK, THE"
966272,19510.0,19510000.0,"FIRST FEDERAL SAVINGS BANK OF MASCOUTAH, ILLINOIS"
163343,19463.0,19463000.0,CENTREBANK
258874,19460.0,19460000.0,"WORTHINGTON FEDERAL SAVINGS BANK, F.S.B."
553926,19453.0,19453000.0,"FIRST NATIONAL BANK OF SYCAMORE, THE"
958763,19424.0,19424000.0,NORMANGEE STATE BANK
250430,19401.0,19401000.0,"FIRST STATE BANK OF THE SOUTH, INC."
1003455,19391.0,19391000.0,ASTRA BANK
552545,19371.0,19371000.0,TS BANK
229342,19362.0,19362000.0,STATE BANK & TRUST CO.
3020447,19354.0,19354000.0,FARMERS BANK
924553,19349.0,19349000.0,COMMERCIAL STATE BANK
535931,19313.0,19313000.0,LAFAYETTE STATE BANK
991359,19289.0,19289000.0,FIRST MISSOURI BANK OF SEMO
792453,19274.0,19274000.0,STATE BANK OF DOWNS
510648,19270.0,19270000.0,AMERICAN BANK OF BEAVER DAM
935719,19247.0,19247000.0,"FIRST NATIONAL BANK OF DENNISON, OHIO, THE"
653433,19233.0,19233000.0,FARMERS STATE BANK OF WESTERN ILLINOIS
624956,19232.0,19232000.0,VALLEY BANK OF RONAN
765877,19231.0,19231000.0,HOME SAVINGS BANK
613978,19225.0,19225000.0,JARRETTSVILLE FEDERAL SAVINGS AND LOAN ASSOCIATION
940674,19206.0,19206000.0,HOMETOWN BANK
760210,19183.0,19183000.0,"FARMERS AND MERCHANTS BANK, THE"
837840,19172.0,19172000.0,UNITY BANK OF MISSISSIPPI
77422,19168.0,19168000.0,COMMUNITY BANKERS' BANK
1402384,19132.0,19132000.0,NORTH ALABAMA BANK
910239,19124.0,19124000.0,BANK OF SUNSET & TRUST COMPANY
393252,19122.0,19122000.0,FIRST TEXAS NATIONAL BANK
225054,19117.0,19117000.0,ANDOVER STATE BANK
791353,19103.0,19103000.0,BANKWEST
22730,19100.0,19100000.0,WEST UNION BANK
433859,19095.0,19095000.0,FOWLER STATE BANK
393355,19089.0,19089000.0,BANK OF WESTON
2796277,19081.0,19081000.0,"PHILADELPHIA TRUST COMPANY, THE"
102557,19074.0,19074000.0,FOUNDATION ONE BANK
932642,19053.0,19053000.0,LOGAN COUNTY BANK
855956,19052.0,19052000.0,UNION STATE BANK OF HAZEN
224954,19051.0,19051000.0,HEADWATERS STATE BANK
49652,19049.0,19049000.0,FIRST BANK
914853,19049.0,19049000.0,CORNERSTONE STATE BANK
647777,19041.0,19041000.0,CITIZENS FEDERAL SAVINGS & LOAN ASSOCIATION
3346633,19027.0,19027000.0,EAGLE BANK
5837377,19013.0,19013000.0,FORTUNA BANK
919773,19011.0,19011000.0,"BELMONT SAVINGS BANK, SSB"
467470,19008.0,19008000.0,CENTRAL FEDERAL SAVINGS AND LOAN ASSOCIATION
201254,18998.0,18998000.0,AMERICANA COMMUNITY BANK
580847,18992.0,18992000.0,LEWISBURG BANKING COMPANY
29476,18992.0,18992000.0,RIVERBANK
443625,18978.0,18978000.0,"OTTOVILLE BANK COMPANY, THE"
3383665,18978.0,18978000.0,FIRST MISSOURI STATE BANK OF CAPE COUNTY
807348,18970.0,18970000.0,BRISTOL MORGAN BANK
3317192,18967.0,18967000.0,1ST ADVANTAGE BANK
384830,18957.0,18957000.0,CITIZENS BANK & TRUST COMPANY
760434,18955.0,18955000.0,IPAVA STATE BANK
112332,18952.0,18952000.0,FIRST NATIONAL BANK OF HARTFORD
382742,18941.0,18941000.0,BANK MICHIGAN
985451,18931.0,18931000.0,EXCHANGE BANK AND TRUST COMPANY
210256,18902.0,18902000.0,WADENA STATE BANK
446176,18881.0,18881000.0,FIDELITY FEDERAL SAVINGS AND LOAN ASSOCIATION OF DELAWARE
682648,18873.0,18873000.0,FAIRFAX STATE SAVINGS BANK
986935,18852.0,18852000.0,BANK OF ALAPAHA
132451,18823.0,18823000.0,"FIRST NATIONAL BANK OF LOUISBURG, THE"
5777549,18805.0,18805000.0,ADELPHI BANK
548052,18733.0,18733000.0,RNB STATE BANK
767611,18729.0,18729000.0,BANK OF RICHMONDVILLE
385350,18726.0,18726000.0,COMMUNITY BANK OF CAMERON
208440,18710.0,18710000.0,FARMERS STATE BANK
48440,18685.0,18685000.0,CLEVELAND STATE BANK
612878,18684.0,18684000.0,"HOME SAVINGS AND LOAN ASSOCIATION OF CARROLL COUNTY, F.A."
330248,18638.0,18638000.0,FIRST NATIONAL BANK OF NOKOMIS
538222,18637.0,18637000.0,"FIRST CENTRAL NATIONAL BANK OF SAINT PARIS, THE"
760649,18628.0,18628000.0,AUDUBON STATE BANK
794475,18619.0,18619000.0,EUREKA HOMESTEAD
518877,18527.0,18527000.0,GREATER STATE BANK
370954,18523.0,18523000.0,"COWBOY BANK OF TEXAS, THE"
832528,18516.0,18516000.0,"CLAY COUNTY BANK, INC."
678557,18486.0,18486000.0,CITIZENS STATE BANK AND TRUST COMPANY
445674,18474.0,18474000.0,PIONEER FEDERAL SAVINGS & LOAN ASSOCIATION
780049,18456.0,18456000.0,BANK OF KILMICHAEL
270148,18407.0,18407000.0,STATE BANK OF WHITTINGTON
40855,18362.0,18362000.0,ESB BANK
400057,18358.0,18358000.0,FIRST STATE BANK OF PURDY
670430,18354.0,18354000.0,FIRST NATIONAL BANK AND TRUST
1492817,18332.0,18332000.0,FIRST KANSAS BANK
473257,18326.0,18326000.0,VALLEY BANK OF KALISPELL
871648,18268.0,18268000.0,SPENCER COUNTY BANK
984856,18256.0,18256000.0,"TIPTON LATHAM BANK, NATIONAL ASSOCIATION, THE"
263627,18246.0,18246000.0,"FIRST NATIONAL BANK OF WAVERLY, THE"
3314119,18225.0,18225000.0,FREEDOM BANK
943974,18197.0,18197000.0,FIRST FEDERAL BANK
426945,18195.0,18195000.0,BANK OF MILTON
651952,18177.0,18177000.0,"FIRST NATIONAL BANK OF EAGLE LAKE, THE"
188917,18160.0,18160000.0,FIRST NATIONAL BANK OF ABSECON
207555,18151.0,18151000.0,"NORTHWESTERN BANK, NATIONAL ASSOCIATION"
193162,18126.0,18126000.0,"FIRST NATIONAL BANK OF TOM BEAN, THE"
353546,18096.0,18096000.0,"FIRST NATIONAL BANK IN TREMONT, THE"
892223,18087.0,18087000.0,"HICKSVILLE BANK, THE"
250850,18076.0,18076000.0,COMMUNITY BANK
348159,18075.0,18075000.0,I3 BANK
439730,18070.0,18070000.0,STATE BANK OF BEMENT
962313,18059.0,18059000.0,"CITIZENS BANK, THE"
381950,18044.0,18044000.0,"FIRST NATIONAL BANK OF SAINT IGNACE, THE"
28152,18037.0,18037000.0,HARVEST BANK
3224478,18033.0,18033000.0,HERITAGE COMMUNITY BANK
831875,18027.0,18027000.0,FIRST FEDERAL SAVINGS AND LOAN ASSOCIATION
850054,18019.0,18019000.0,FIRST NATIONAL BANK IN ORD
879439,18003.0,18003000.0,FELICIANA BANK & TRUST COMPANY
944739,17973.0,17973000.0,"BANK OF LAFAYETTE, THE"
472531,17972.0,17972000.0,"SAMSON BANKING COMPANY, THE"
706058,17946.0,17946000.0,"FIRST NATIONAL BANK OF MOOSE LAKE, THE"
470434,17892.0,17892000.0,LOCAL BANK
470032,17878.0,17878000.0,COMMUNITY SPIRIT BANK
155759,17868.0,17868000.0,CLEO STATE BANK
3479018,17864.0,17864000.0,"COMMUNITY BANK, THE"
308340,17861.0,17861000.0,BATH STATE BANK
937759,17859.0,17859000.0,CITIZENS STATE BANK
2920287,17854.0,17854000.0,"CENTURY BANK OF KENTUCKY, INC."
115146,17834.0,17834000.0,ST. ANSGAR STATE BANK
920359,17822.0,17822000.0,BANK OF DIXON COUNTY
1008553,17807.0,17807000.0,COMMERCIAL BANK OF MOTT
916343,17799.0,17799000.0,ANDERSON STATE BANK
796657,17797.0,17797000.0,"LYON COUNTY STATE BANK, THE"
791072,17797.0,17797000.0,INTERSTATE BANK
977652,17765.0,17765000.0,JOHNSON CITY BANK
379153,17757.0,17757000.0,"FIRST NATIONAL BANK OF EVANT, THE"
834175,17756.0,17756000.0,LAWRENCEBURG FEDERAL BANK
722227,17742.0,17742000.0,MOVEMENT BANK
222558,17738.0,17738000.0,"BANK OF BAKER, THE"
313157,17721.0,17721000.0,"SEILING STATE BANK, THE"
143372,17720.0,17720000.0,PROGRESSIVE OZARK BANK
357526,17657.0,17657000.0,DAVIS TRUST COMPANY
474357,17618.0,17618000.0,COUNTRYSIDE BANK
931355,17597.0,17597000.0,HODGE BANK & TRUST COMPANY
720344,17586.0,17586000.0,BANK OF CLARKSON
935577,17572.0,17572000.0,WCF FINANCIAL BANK
921879,17560.0,17560000.0,FIRST FEDERAL SAVINGS AND LOAN ASSOCIATION OF GREENSBURG
991555,17523.0,17523000.0,"CITIZENS NATIONAL BANK, THE"
287959,17489.0,17489000.0,KANSAS STATE BANK
3633016,17461.0,17461000.0,FIRST CAHAWBA BANK
331544,17457.0,17457000.0,RICHLAND COUNTY BANK
601153,17451.0,17451000.0,FARMERS AND MERCHANTS STATE BANK
461058,17450.0,17450000.0,FARMERS STATE BANK
700430,17426.0,17426000.0,"COMMERCIAL BANK, THE"
55635,17402.0,17402000.0,CITIZENS SAVINGS BANK AND TRUST COMPANY
652070,17400.0,17400000.0,HIGHLAND FEDERAL SAVINGS & LOAN ASSOCIATION
3943210,17372.0,17372000.0,LIBERTY BANK
625953,17365.0,17365000.0,BANK OF WINNFIELD & TRUST COMPANY
403067,17362.0,17362000.0,"BEACON BUSINESS BANK, NATIONAL ASSOCIATION"
329149,17342.0,17342000.0,BANK PLUS
733540,17337.0,17337000.0,GATEWAY BANK
988452,17331.0,17331000.0,FIRST BETHANY BANK & TRUST
3390337,17326.0,17326000.0,CALIFORNIA BUSINESS BANK
713252,17325.0,17325000.0,PEOPLES STATE BANK OF VELVA
897853,17322.0,17322000.0,SECURITY BANK OF SOUTHWEST MISSOURI
747257,17320.0,17320000.0,"HALSTEAD BANK, THE"
601041,17273.0,17273000.0,FIRST STATE BANK OF BEECHER CITY
839974,17268.0,17268000.0,"GRAHAM SAVINGS AND LOAN, SSB"
46941,17245.0,17245000.0,FARMERS BANK AND TRUST COMPANY
1002953,17235.0,17235000.0,AMERICAN BANK OF BAXTER SPRINGS
460770,17218.0,17218000.0,HOME SAVINGS BANK
472018,17218.0,17218000.0,"SALYERSVILLE NATIONAL BANK, THE"
108072,17212.0,17212000.0,BUFFALO FEDERAL BANK
117775,17210.0,17210000.0,"SOUTHERN BANK COMPANY, THE"
809070,17209.0,17209000.0,MUTUAL SAVINGS AND LOAN ASSOCIATION
629746,17205.0,17205000.0,"FARMERS AND MERCHANTS BANK, THE"
657954,17194.0,17194000.0,"TRI-COUNTY BANK, THE"
359472,17169.0,17169000.0,HOMEWOOD FEDERAL SAVINGS BANK
673244,17111.0,17111000.0,FARMERS & MERCHANTS SAVINGS BANK
499752,17090.0,17090000.0,BANK OF THE SOUTHWEST
527057,17062.0,17062000.0,COMMUNITY POINT BANK
761833,17037.0,17037000.0,COMMUNITY BANK & TRUST - WEST GEORGIA
3185579,17030.0,17030000.0,CLARION COUNTY COMMUNITY BANK
868059,17020.0,17020000.0,SECURITY STATE BANK OF WARROAD
937553,17008.0,17008000.0,BANK OF MONTICELLO
265676,16963.0,16963000.0,CENTRAL BANK
453147,16962.0,16962000.0,BANNER BANKS
274856,16951.0,16951000.0,CITIZENS STATE BANK OF ARLINGTON
171759,16948.0,16948000.0,"F & M COMMUNITY BANK, NATIONAL ASSOCIATION"
71073,16946.0,16946000.0,HOME FEDERAL SAVINGS AND LOAN ASSOCIATION OF NILES OHIO
673851,16931.0,16931000.0,BANK OF PRAIRIE VILLAGE
531157,16916.0,16916000.0,"BANK OF PROTECTION, THE"
665258,16910.0,16910000.0,"LONE OAK BANK, NATIONAL ASSOCIATION"
887827,16900.0,16900000.0,"HAMLER STATE BANK, THE"
696645,16900.0,16900000.0,"HOME NATIONAL BANK OF THORNTOWN, THE"
903950,16857.0,16857000.0,CENTRAL BANK AND TRUST
280352,16826.0,16826000.0,FIRST BANK
35646,16817.0,16817000.0,BONDUEL STATE BANK
644963,16793.0,16793000.0,"FIRST NATIONAL BANK OF QUITAQUE, THE"
865759,16793.0,16793000.0,UNION STATE BANK
643658,16780.0,16780000.0,PIKES PEAK NATIONAL BANK
800442,16773.0,16773000.0,BANK OF WINONA
314444,16746.0,16746000.0,FBT BANK & MORTGAGE
754536,16741.0,16741000.0,VERMILION BANK & TRUST COMPANY
45775,16738.0,16738000.0,IRON WORKERS SAVINGS BANK
484057,16730.0,16730000.0,MARION STATE BANK
242958,16729.0,16729000.0,BAYBANK
391418,16703.0,16703000.0,FIRST & PEOPLES BANK AND TRUST COMPANY
174321,16687.0,16687000.0,BLUE RIDGE BANK
370833,16685.0,16685000.0,CARVER STATE BANK
427858,16683.0,16683000.0,EVERGREEN NATIONAL BANK
3253834,16666.0,16666000.0,LAKEVIEW BANK
888141,16615.0,16615000.0,FARMERS & MERCHANTS BANK & TRUST
171656,16607.0,16607000.0,CARSON BANK
3089752,16605.0,16605000.0,"CETERA TRUST COMPANY, N.A."
2901558,16600.0,16600000.0,CHAMPION BANK
96553,16588.0,16588000.0,HERSHEY BANK
413673,16588.0,16588000.0,F&M BANK AND TRUST COMPANY
1006559,16585.0,16585000.0,BANK STAR
142049,16579.0,16579000.0,BANK 1ST
1005851,16538.0,16538000.0,CEDAR RAPIDS STATE BANK
657758,16499.0,16499000.0,CITIZENS BANK & TRUST COMPANY
688556,16495.0,16495000.0,BANK OF NEW MADRID
176642,16477.0,16477000.0,LNB COMMUNITY BANK
827355,16475.0,16475000.0,"FIRST NATIONAL BANK OF NEVADA, THE"
1005655,16471.0,16471000.0,RED RIVER STATE BANK
575375,16404.0,16404000.0,SUPERIOR SAVINGS BANK
983550,16383.0,16383000.0,HOME STATE BANK
51356,16381.0,16381000.0,LATIMER STATE BANK
416339,16371.0,16371000.0,FIRST SECURITY BANK
628039,16370.0,16370000.0,BANK OF HAZLEHURST
674344,16365.0,16365000.0,"PINERIES BANK, THE"
266253,16351.0,16351000.0,ACB BANK
165758,16301.0,16301000.0,NEW MARKET BANK
648550,16300.0,16300000.0,FIRST NATIONAL BANK OF DUBLIN
3393851,16284.0,16284000.0,PUTNAM 1ST MERCANTILE BANK
480059,16282.0,16282000.0,PARK STATE BANK & TRUST
837952,16280.0,16280000.0,FLINT HILLS BANK
37051,16224.0,16224000.0,OAKWOOD BANK
72454,16223.0,16223000.0,FREEPORT STATE BANK
863362,16220.0,16220000.0,BRAZOS NATIONAL BANK
670748,16213.0,16213000.0,PRINCEVILLE STATE BANK
13457,16172.0,16172000.0,LEGENDS WEST BANK
586335,16166.0,16166000.0,BANK OF MOUNDVILLE
948278,16158.0,16158000.0,WRENTHAM CO-OPERATIVE BANK
164377,16156.0,16156000.0,SHARON BANK
2536633,16125.0,16125000.0,HIAWATHA BANK & TRUST COMPANY
305059,16123.0,16123000.0,"FIRST STATE BANK, THE"
837354,16111.0,16111000.0,"KEEN BANK, NATIONAL ASSOCIATION"
2746245,16093.0,16093000.0,COMMERCE BANK
258539,16093.0,16093000.0,STATE BANK OF CHERRY
56258,16090.0,16090000.0,"CITIZENS BANK & TRUST CO., HUTCHINSON, MINN."
578554,16083.0,16083000.0,CITIZENS COMMUNITY BANK
672247,16079.0,16079000.0,FARMERS & MERCHANTS BANK & TRUST
120953,16074.0,16074000.0,FARMERS STATE BANK
1369870,16065.0,16065000.0,FIRST FINANCIAL TRUST NATIONAL ASSOCIATION
413758,16050.0,16050000.0,BRUNSWICK STATE BANK
709451,15988.0,15988000.0,COMMERCIAL TRUST COMPANY OF FAYETTE
136048,15957.0,15957000.0,PEOPLES SAVINGS BANK
247476,15946.0,15946000.0,"RIVERSIDE SAVINGS BANK, SSB"
14650,15924.0,15924000.0,ALL CAPITAL BANK
370347,15906.0,15906000.0,"FIRST NATIONAL BANK OF LITCHFIELD, THE"
2949970,15899.0,15899000.0,UNITED TRUST BANK
3843392,15897.0,15897000.0,NEW HAVEN BANK
608358,15871.0,15871000.0,GARFIELD COUNTY BANK
603232,15834.0,15834000.0,BANK OF GUEYDAN
651158,15832.0,15832000.0,NORTHEAST MISSOURI STATE BANK
774235,15823.0,15823000.0,"CITIZENS NATIONAL BANK OF QUITMAN, THE"
847979,15794.0,15794000.0,COMMUNITY SAVINGS BANK
232847,15773.0,15773000.0,FIRST STATE BANK SHANNON-POLO
3041358,15772.0,15772000.0,FIRST COMMERCE BANK
961446,15763.0,15763000.0,BAY PORT STATE BANK
203052,15752.0,15752000.0,SENATH STATE BANK
134156,15747.0,15747000.0,FIRST CENTRAL BANK
2960555,15737.0,15737000.0,AMERICAN HERITAGE BANK
2533043,15734.0,15734000.0,AMERICAN METRO BANK
864855,15725.0,15725000.0,"FIRST STATE BANK OF HEALY, THE"
499154,15718.0,15718000.0,HOME LOAN STATE BANK
696047,15700.0,15700000.0,BEDFORD LOAN & DEPOSIT BANK
4397164,15690.0,15690000.0,"CHILTON TRUST COMPANY, NATIONAL ASSOCIATION"
667346,15686.0,15686000.0,PHILO EXCHANGE BANK
474058,15679.0,15679000.0,FIRST NATIONAL BANK IN TRINIDAD
2917184,15674.0,15674000.0,NEW FRONTIER BANK
765354,15658.0,15658000.0,BANK OF CROCKER
235174,15644.0,15644000.0,MUTUAL FEDERAL BANK
5972661,15640.0,15640000.0,PAYCOM NATIONAL TRUST BANK
550354,15631.0,15631000.0,BANK OF ESTES PARK
804422,15600.0,15600000.0,"FARMERS AND MERCHANTS BANK OF CRAIG COUNTY, THE"
184656,15585.0,15585000.0,"CITIZENS NATIONAL BANK OF HILLSBORO, THE"
98351,15571.0,15571000.0,"CITIZENS STATE BANK OF OURAY, THE"
208347,15518.0,15518000.0,CONSERVATION FIRST BANK
2059990,15513.0,15513000.0,PRIORITY BANK
654047,15500.0,15500000.0,FIRST STATE BANK OF MICHIGAN
739346,15494.0,15494000.0,ATKINS SAVINGS BANK & TRUST
316859,15489.0,15489000.0,"EXCHANGE BANK, THE"
927077,15465.0,15465000.0,MONROE SAVINGS BANK
2597232,15458.0,15458000.0,"HIGHTOWER TRUST COMPANY, NATIONAL ASSOCIATION, THE"
544447,15427.0,15427000.0,CITIZENS SAVINGS BANK
575348,15413.0,15413000.0,"FARMERS NATIONAL BANK OF LEBANON, THE"
687054,15384.0,15384000.0,BANK OF OAK RIDGE
255350,15381.0,15381000.0,"MINERS STATE BANK, THE"
729057,15360.0,15360000.0,PINE RIVER STATE BANK
366658,15342.0,15342000.0,FIRST INDEPENDENT BANK
923855,15321.0,15321000.0,COMMUNITY FIRST BANK
1163283,15303.0,15303000.0,"CITIZENS BANK AND TRUST, INC."
97457,15301.0,15301000.0,CITIZENS BANK
259059,15267.0,15267000.0,F&M BANK
465524,15249.0,15249000.0,BANK OF GREELEYVILLE
157650,15223.0,15223000.0,MINNESOTA LAKES BANK
2621285,15197.0,15197000.0,MILLENNIAL BANK
420877,15192.0,15192000.0,FIRST FIDELITY BANK
597658,15187.0,15187000.0,FIRST STATE BANK OF FORSYTH
2598396,15179.0,15179000.0,PRAIRIE COMMUNITY BANK
5591633,15170.0,15170000.0,"PLANTE MORAN TRUST, NATIONAL ASSOCIATION"
1225752,15130.0,15130000.0,COMMERCIAL BANK
819172,15125.0,15125000.0,"PEOPLES SAVINGS BANK, THE"
78241,15090.0,15090000.0,FIRST NATURALSTATE BANK
249658,15082.0,15082000.0,ROCKY MOUNTAIN BANK AND TRUST
586960,15077.0,15077000.0,PEOPLES STATE BANK
2809373,15068.0,15068000.0,NATIONAL ADVISORS TRUST COMPANY
397456,15030.0,15030000.0,FIRST NATIONAL BANK OF FORT STOCKTON
295057,15010.0,15010000.0,SECURITY BANK MINNESOTA
394156,15000.0,15000000.0,"SNB BANK, NATIONAL ASSOCIATION"
1293078,14990.0,14990000.0,PEOPLES BANK
835079,14970.0,14970000.0,"COVINGTON SAVINGS AND LOAN ASSOCIATION, THE"
126049,14969.0,14969000.0,CONNECT BANK
567736,14963.0,14963000.0,FARMERS STATE BANK & TRUST COMPANY
986551,14955.0,14955000.0,"FIRST NATIONAL BANK OF LE CENTER, THE"
248352,14949.0,14949000.0,WESTERN NEBRASKA BANK
368344,14923.0,14923000.0,FARMERS SAVINGS BANK & TRUST
968155,14911.0,14911000.0,"FIRST NATIONAL BANK, CORTEZ"
190947,14887.0,14887000.0,FIRST STATE BANK
458946,14869.0,14869000.0,BANK OF CASHTON
446149,14850.0,14850000.0,"PEOPLES BANK, THE"
367150,14837.0,14837000.0,COMMUNITY STATE BANK
5805424,14837.0,14837000.0,BEACH CITIES COMMERCIAL BANK
5784921,14791.0,14791000.0,GS&L MUNICIPAL BANK
265452,14784.0,14784000.0,"STOCKGROWERS STATE BANK, THE"
1007051,14755.0,14755000.0,TPNB BANK
324975,14746.0,14746000.0,DEWITT SAVINGS BANK
563457,14730.0,14730000.0,FIRST NATIONAL BANK OF JOHNSON
5787418,14721.0,14721000.0,WALDEN MUTUAL BANK
2845782,14713.0,14713000.0,"BESSEMER TRUST COMPANY OF CALIFORNIA, NATIONAL ASSOCIATION"
883351,14707.0,14707000.0,LIBERTY STATE BANK
131940,14683.0,14683000.0,WALDO STATE BANK
518176,14678.0,14678000.0,RAYNE BUILDING & LOAN ASSOCIATION
3939240,14655.0,14655000.0,"EVERCORE TRUST COMPANY, NATIONAL ASSOCIATION"
1007930,14642.0,14642000.0,IROQUOIS FARMERS STATE BANK
760340,14631.0,14631000.0,NATIONAL BANK OF ST. ANNE
699253,14607.0,14607000.0,"CITIZENS BANK OF EDINA, THE"
742542,14606.0,14606000.0,FIRST COMMUNITY BANK
675042,14602.0,14602000.0,COMMUNITY BANK
276551,14573.0,14573000.0,FIRST NATIONAL BANK OF HUGO
519445,14533.0,14533000.0,PEOPLES BANK
223452,14523.0,14523000.0,PEOPLES BANK OF WYACONDA
705378,14503.0,14503000.0,"DEL NORTE BANK, A SAVINGS AND LOAN ASSOCIATION"
127055,14492.0,14492000.0,WESTERN NATIONAL BANK
764142,14488.0,14488000.0,FEDERATION BANK
258379,14485.0,14485000.0,"TAYLORSVILLE SAVINGS BANK, SSB"
784430,14481.0,14481000.0,"MERCHANTS & CITIZENS BANK, THE"
805045,14479.0,14479000.0,EXCHANGE STATE BANK
952257,14475.0,14475000.0,"STATE BANK OF WYNNEWOOD, THE"
11837,14473.0,14473000.0,"FARMERS BANK, THE"
397858,14437.0,14437000.0,SPIRO STATE BANK
563336,14377.0,14377000.0,"CITIZENS' BANK, INC."
380346,14332.0,14332000.0,FARMERS SAVINGS BANK
399731,14325.0,14325000.0,BANK OF ERATH
597041,14307.0,14307000.0,FIDELITY BANK
875655,14279.0,14279000.0,CITIZENS STATE BANK NORWOOD YOUNG AMERICA
911339,14274.0,14274000.0,"FIRST NEIGHBORHOOD BANK, INC."
854753,14258.0,14258000.0,SAINT CLAIR STATE BANK (INCORPORATED)
840251,14250.0,14250000.0,HOME BANK AND TRUST COMPANY
376237,14250.0,14250000.0,MERCHANTS & FARMERS BANK OF GREENE COUNTY
541307,14244.0,14244000.0,42 NORTH PRIVATE BANK
788652,14239.0,14239000.0,WOODLAND BANK
504647,14222.0,14222000.0,"INTERNATIONAL BANK OF AMHERST, THE"
2905761,14209.0,14209000.0,TWIN CITY BANK
44750,14207.0,14207000.0,CITIZENS BANK OF THE MIDWEST
256076,14181.0,14181000.0,"RG BANK, A SAVINGS AND LOAN ASSOCIATION"
987848,14172.0,14172000.0,COMMUNITY STATE BANK
950356,14159.0,14159000.0,SECURITY STATE BANK OF HIBBING
817477,14155.0,14155000.0,UNION SAVINGS BANK
764067,14151.0,14151000.0,"AMERICAN NATIONAL BANK OF MOUNT PLEASANT, THE"
164957,14146.0,14146000.0,CONCORDIA BANK
617275,14112.0,14112000.0,REDEMPTION BANK
647414,14074.0,14074000.0,"SAVANNAH BANK, N.A."
816256,14069.0,14069000.0,"FIRST NATIONAL BANK OF HOOKER, THE"
3180136,14062.0,14062000.0,INDEPENDENCE BANK
135854,14058.0,14058000.0,HEARTLAND STATE BANK
856869,14057.0,14057000.0,PRODUCER BANK OF TEXAS
141350,14046.0,14046000.0,"FIRST STATE BANK, THE"
266655,14032.0,14032000.0,FIRST BANK AND TRUST OF FULLERTON
723158,13991.0,13991000.0,STATE BANK OF FAIRMONT
259956,13991.0,13991000.0,"STATE SAVINGS BANK OF MANISTIQUE, THE"
472045,13984.0,13984000.0,HOME STATE BANK
660253,13976.0,13976000.0,STATE BANK OF TABLE ROCK
998657,13969.0,13969000.0,"FARMERS BANK, THE"
481579,13950.0,13950000.0,CUSTER FEDERAL STATE BANK
786256,13927.0,13927000.0,FLAT BRANCH BANK
233246,13920.0,13920000.0,FIRST COMMUNITY BANK
380944,13900.0,13900000.0,"BANK OF KAUKAUNA, THE"
898458,13891.0,13891000.0,BANK OF JACKSON HOLE TRUST
2696180,13870.0,13870000.0,FIRST COMMUNITY BANK OF HILLSBORO
104234,13859.0,13859000.0,"HARRISON COUNTY BANK, THE"
3148613,13800.0,13800000.0,COMMERCE BANK & TRUST
691743,13795.0,13795000.0,ANNA STATE BANK
564838,13791.0,13791000.0,CITIZENS COMMUNITY BANK
729945,13779.0,13779000.0,CITIZENS BANK AND TRUST COMPANY
575133,13738.0,13738000.0,"PEOPLES BANK, THE"
246451,13735.0,13735000.0,CITIZENS BANK OF ROGERSVILLE
581237,13722.0,13722000.0,BANK OF PENSACOLA
811550,13711.0,13711000.0,AMERICAN EXCHANGE BANK
474656,13709.0,13709000.0,COREBANK
490348,13702.0,13702000.0,"STATE BANK OF TOLEDO, THE"
398051,13698.0,13698000.0,FARMERS AND MERCHANTS BANK OF ASHLAND
536853,13675.0,13675000.0,WALTERS BANK AND TRUST COMPANY
49148,13666.0,13666000.0,RUSHVILLE STATE BANK
253730,13665.0,13665000.0,SWEET WATER STATE BANK
750444,13665.0,13665000.0,TWIN CEDARS BANK
362940,13655.0,13655000.0,STATE BANK OF ST. JACOB
716851,13643.0,13643000.0,COMMUNITY BANK OF RAYMORE
37,13639.0,13639000.0,BANK OF HANCOCK COUNTY
659640,13623.0,13623000.0,GENESIS BANK
675659,13600.0,13600000.0,STATE BANK & TRUST OF KENMARE
503640,13581.0,13581000.0,NEIGHBORS BANK
5805488,13576.0,13576000.0,"INSPIRE TRUST COMPANY, NATIONAL ASSOCIATION"
3626184,13562.0,13562000.0,TURTLE MOUNTAIN STATE BANK
711753,13528.0,13528000.0,SCRIBNER BANK
2726050,13527.0,13527000.0,FIRST CENTRAL BANK MCCOOK
421445,13524.0,13524000.0,"FIRST NATIONAL BANK OF RAYMOND, THE"
178356,13504.0,13504000.0,COLFAX BANKING COMPANY
80431,13498.0,13498000.0,UNION BANK & TRUST COMPANY
490843,13497.0,13497000.0,"CARROLL COUNTY TRUST COMPANY OF CARROLLTON, MISSOURI"
955753,13489.0,13489000.0,RIVER FALLS STATE BANK
654579,13487.0,13487000.0,"PEOPLES COMMUNITY BANK SB OF MONTICELLO, INDIANA"
85052,13479.0,13479000.0,UINTA BANK
539452,13465.0,13465000.0,CARSON COMMUNITY BANK
292467,13456.0,13456000.0,POINTWEST BANK
164153,13435.0,13435000.0,LAKE REGION BANK
938354,13416.0,13416000.0,"FIRST NATIONAL BANK OF FAIRFAX, THE"
1470150,13405.0,13405000.0,FIRST FARMERS & MERCHANTS NATIONAL BANK
735973,13377.0,13377000.0,SCOTTSBURG BUILDING AND LOAN ASSOCIATION
483537,13362.0,13362000.0,PNB COMMUNITY BANK
646042,13354.0,13354000.0,FARMERS TRUST & SAVINGS BANK
814074,13353.0,13353000.0,"FIRST FEDERAL BANK, A FSB"
141677,13305.0,13305000.0,FIRST SAVINGS AND LOAN ASSOCIATION
496434,13299.0,13299000.0,DOZIER BANK
489155,13291.0,13291000.0,CITIZENS STATE BANK
552956,13286.0,13286000.0,SILEX BANKING COMPANY
660066,13284.0,13284000.0,PEOPLES STATE BANK
648345,13282.0,13282000.0,SIDNEY STATE BANK
854847,13281.0,13281000.0,FIRST STATE BANK
3223408,13279.0,13279000.0,HOMELAND COMMUNITY BANK
198073,13265.0,13265000.0,FIRST FEDERAL SAVINGS AND LOAN BANK
382854,13247.0,13247000.0,SECURITY BANK OF PULASKI COUNTY
535575,13214.0,13214000.0,"1ST FEDERAL SAVINGS BANK OF SC, INC."
45056,13187.0,13187000.0,PLATTE VALLEY BANK
223751,13173.0,13173000.0,BELT VALLEY BANK
343770,13173.0,13173000.0,NASHVILLE SAVINGS BANK
388874,13162.0,13162000.0,GUNNISON SAVINGS AND LOAN ASSOCIATION
1009840,13157.0,13157000.0,MAYNARD SAVINGS BANK
476445,13153.0,13153000.0,BANK OF LAKE VILLAGE
733755,13146.0,13146000.0,JONESBURG STATE BANK
304520,13136.0,13136000.0,CHESAPEAKE BANK & TRUST COMPANY
422657,13123.0,13123000.0,SECURITY FIRST NATIONAL BANK OF HUGO
70218,13113.0,13113000.0,UNITED ORIENT BANK
101952,13099.0,13099000.0,"BRADY NATIONAL BANK, THE"
5691319,13094.0,13094000.0,SCOTTSDALE COMMUNITY BANK
2702764,13074.0,13074000.0,COMMUNITY BANK OF OELWEIN
807432,13069.0,13069000.0,MOUNT VERNON BANK
745347,13053.0,13053000.0,BOONE BANK & TRUST CO.
618777,13034.0,13034000.0,FAIRVIEW SAVINGS AND LOAN ASSOCIATION
322449,13032.0,13032000.0,COMMUNITY STATE BANK
593333,13028.0,13028000.0,"FIRST NATIONAL BANK OF ARENZVILLE, THE"
485139,13017.0,13017000.0,STATE BANK & TRUST COMPANY
123075,13014.0,13014000.0,MILTON SAVINGS BANK
2805928,13012.0,13012000.0,MADISON COUNTY COMMUNITY BANK
157379,13001.0,13001000.0,METHUEN CO-OPERATIVE BANK
284752,13000.0,13000000.0,NORTHWOODS BANK OF MINNESOTA
901451,12973.0,12973000.0,CITIZENS NATIONAL BANK OF CROSBYTON
881900,12960.0,12960000.0,MILLBURY NATIONAL BANK
940021,12958.0,12958000.0,"BANK OF MAGNOLIA COMPANY, THE"
911759,12952.0,12952000.0,NEBRASKA STATE BANK
1418255,12949.0,12949000.0,TUSTIN COMMUNITY BANK
327220,12900.0,12900000.0,FARMERS STATE BANK
1006157,12885.0,12885000.0,FARMERS STATE BANK OF HAMEL
3394380,12883.0,12883000.0,"CALIFORNIA INTERNATIONAL BANK, N.A."
697035,12871.0,12871000.0,COVINGTON COUNTY BANK
364850,12854.0,12854000.0,FIRST STATE BANK OF BIGFORK
302030,12820.0,12820000.0,BANK OF BELLE GLADE
884376,12809.0,12809000.0,"PICKENS SAVINGS AND LOAN ASSOCIATION, FEDERAL ASSOCIATION"
91615,12795.0,12795000.0,"ANTWERP EXCHANGE BANK COMPANY, THE"
770451,12759.0,12759000.0,FARMERS & MERCHANTS STATE BANK OF SPRINGFIELD
532752,12745.0,12745000.0,"RILEY STATE BANK OF RILEY KANSAS, THE"
173959,12738.0,12738000.0,"FIRST NATIONAL BANK OF HEBBRONVILLE, THE"
233442,12736.0,12736000.0,"IUKA STATE BANK, THE"
354,12729.0,12729000.0,BISON STATE BANK
1008955,12726.0,12726000.0,VALLEY PREMIER BANK
823638,12720.0,12720000.0,FIRST BANK OF COASTAL GEORGIA
954158,12697.0,12697000.0,FARMERS & MERCHANTS BANK OF NORTH DAKOTA
991135,12688.0,12688000.0,"STATE BANK OF GENEVA, THE"
3029253,12670.0,12670000.0,EVERENCE TRUST COMPANY
909756,12662.0,12662000.0,PRIME SECURITY BANK
218261,12660.0,12660000.0,ZAPATA NATIONAL BANK
2973041,12601.0,12601000.0,"FIRST COMMUNITY TRUST, NATIONAL ASSOCIATION"
923257,12600.0,12600000.0,PEOPLES BANK
3005097,12584.0,12584000.0,COMMUNITY BANK OF MISSOURI
211851,12584.0,12584000.0,"SECURITY STATE BANK OF WANAMINGO, INCORPORATED"
572347,12580.0,12580000.0,BANK OF BILLINGS
235950,12553.0,12553000.0,JOHNSON STATE BANK
971070,12524.0,12524000.0,"DALHART FEDERAL SAVINGS & LOAN ASSOCIATION, SSB"
636753,12519.0,12519000.0,"FIRST NATIONAL BANK OF DIGHTON, THE"
5805228,12519.0,12519000.0,ICON BUSINESS BANK
747051,12485.0,12485000.0,HOMEPRIDE BANK
344852,12482.0,12482000.0,PERENNIAL BANK
560830,12468.0,12468000.0,"GRANVILLE NATIONAL BANK, THE"
830252,12465.0,12465000.0,"LYTLE STATE BANK OF LYTLE, TEXAS, THE"
159645,12454.0,12454000.0,STATE BANK OF REESEVILLE
2963275,12450.0,12450000.0,MISSION BANK
743950,12446.0,12446000.0,FARMERS BANK OF LOHMAN
644141,12435.0,12435000.0,KALAMAZOO COUNTY STATE BANK
546320,12402.0,12402000.0,"SHERWOOD STATE BANK, THE"
675855,12389.0,12389000.0,PROGRESSIVE NATIONAL BANK
485054,12369.0,12369000.0,BANK OF ELGIN
164975,12366.0,12366000.0,STOUGHTON CO-OPERATIVE BANK
795959,12344.0,12344000.0,KENNETT TRUST BANK
236256,12343.0,12343000.0,BANK OF BROOKFIELD-PURDIN NATIONAL ASSOCIATION
758842,12331.0,12331000.0,CITIZENS SAVINGS BANK
1008151,12324.0,12324000.0,BENDENA STATE BANK
293754,12288.0,12288000.0,STATE BANK OF SOUTHWEST MISSOURI
772754,12271.0,12271000.0,METZ BANKING COMPANY
571135,12262.0,12262000.0,"CITIZENS BANK, THE"
122153,12251.0,12251000.0,JACKSON PARISH BANK
801056,12243.0,12243000.0,"FARMERS STATE BANK, THE"
290922,12239.0,12239000.0,"NATIONAL BANK OF ADAMS COUNTY OF WEST UNION, THE"
172251,12228.0,12228000.0,RANDALL STATE BANK
137456,12226.0,12226000.0,"BANK OF BEAVER CITY, THE"
779641,12223.0,12223000.0,"PORT AUSTIN STATE BANK, THE"
246947,12200.0,12200000.0,"FIRST NATIONAL BANK OF SPARTA, THE"
7456,12178.0,12178000.0,BANK OF HARTINGTON
926650,12173.0,12173000.0,STATE BANK OF SCOTIA
1017564,12148.0,12148000.0,COMMERCIAL STATE BANK
818540,12143.0,12143000.0,"FIRST NATIONAL BANK OF MANNING, THE"
35879,12120.0,12120000.0,EAST WISCONSIN SAVINGS BANK
24659,12119.0,12119000.0,PRODUCE STATE BANK
276159,12118.0,12118000.0,SOUTHWIND BANK
19356,12118.0,12118000.0,SECURITY BANK AND TRUST COMPANY
568377,12037.0,12037000.0,SLOVENIAN SAVINGS & LOAN ASSOCIATION OF FRANKLIN-CONEMAUGH
675248,12021.0,12021000.0,GREENLEAF BANK
83955,12016.0,12016000.0,GREENFIELD BANKING COMPANY
402873,12011.0,12011000.0,"VERSAILLES SAVINGS AND LOAN COMPANY, THE"
2745529,12010.0,12010000.0,THRIVENT TRUST CO.
359744,12005.0,12005000.0,WHITE STATE BANK
681043,11953.0,11953000.0,FIRST SECURITY STATE BANK
986159,11950.0,11950000.0,FIRST STATE BANK OF LE CENTER
426758,11927.0,11927000.0,BANK OF SALEM
3103591,11921.0,11921000.0,UNITED BANK & TRUST CO.
500658,11907.0,11907000.0,PAVILLION BANK
844455,11903.0,11903000.0,FIRST NATIONAL BANK IN FREDONIA
625056,11899.0,11899000.0,FIRST SECURITY BANK OF ROUNDUP
964250,11897.0,11897000.0,CITIZENS BANK & TRUST
106676,11827.0,11827000.0,BAR HARBOR SAVINGS AND LOAN ASSOCIATION
269571,11823.0,11823000.0,ARMSTRONG COUNTY BUILDING AND LOAN ASSOCIATION
416272,11808.0,11808000.0,"ABBEVILLE FIRST BANK, SSB"
700252,11779.0,11779000.0,CITIZENS NATIONAL BANK
369453,11778.0,11778000.0,IMPACT BANK
3308574,11769.0,11769000.0,PARAMOUNT BANK
803256,11718.0,11718000.0,TRIUMPH STATE BANK
123374,11710.0,11710000.0,BEAUREGARD FEDERAL SAVINGS BANK
76443,11709.0,11709000.0,"PEOPLES BANK, THE"
7634,11708.0,11708000.0,"FOUR COUNTY BANK, THE"
629148,11704.0,11704000.0,BANK OF CAVE CITY
132938,11695.0,11695000.0,PLANTERS AND CITIZENS BANK
285553,11689.0,11689000.0,"SECURITY STATE BANK, THE"
14977,11683.0,11683000.0,"FIRST FEDERAL BANK LITTLEFIELD, TEXAS, SSB"
498942,11674.0,11674000.0,CLAY COUNTY STATE BANK
818652,11597.0,11597000.0,STOCKMENS NATIONAL BANK IN COTULLA
954653,11582.0,11582000.0,CITIZENS STATE BANK OF LULING
903754,11582.0,11582000.0,UNION STATE BANK
60554,11575.0,11575000.0,FIRST STATE BANK MINNESOTA
984351,11574.0,11574000.0,FARMERS BANK & TRUST
22552,11564.0,11564000.0,FIRST SOUTHEAST BANK
822631,11540.0,11540000.0,MIDLAND COMMUNITY BANK
339353,11514.0,11514000.0,FIRST SECURITY BANK - CANBY
502447,11509.0,11509000.0,FREDONIA VALLEY BANK
825940,11501.0,11501000.0,BANK OF BUFFALO
534859,11494.0,11494000.0,EXCHANGE STATE BANK
291732,11491.0,11491000.0,FARMERS & MERCHANTS BANK
532453,11453.0,11453000.0,IPSWICH STATE BANK
997155,11435.0,11435000.0,"BALDWIN STATE BANK, THE"
977045,11419.0,11419000.0,RIVERSIDE BANK
875879,11403.0,11403000.0,WARSAW FEDERAL SAVINGS AND LOAN ASSOCIATION
564678,11346.0,11346000.0,GSL SAVINGS BANK
1002458,11332.0,11332000.0,SICILY ISLAND STATE BANK
2044820,11327.0,11327000.0,COMMUNITY BANK OF ELMHURST
685023,11312.0,11312000.0,"CITIZENS NATIONAL BANK OF MCCONNELSVILLE, THE"
673477,11306.0,11306000.0,CITIZENS FEDERAL SAVINGS AND LOAN ASSOCIATION OF COVINGTON
803658,11278.0,11278000.0,FARMERS STATE BANK OF TRIMONT
874452,11273.0,11273000.0,STATE BANK OF NEW RICHLAND
956134,11267.0,11267000.0,LASALLE STATE BANK
513854,11258.0,11258000.0,FIRST STATE BANK
753641,11251.0,11251000.0,HURON STATE BANK
782548,11239.0,11239000.0,CLINTON BANK
630340,11232.0,11232000.0,UNITED SECURITY BANK
711520,11231.0,11231000.0,MINERS EXCHANGE BANK
386825,11224.0,11224000.0,"CITIZENS NATIONAL BANK OF WOODSFIELD, THE"
108652,11224.0,11224000.0,B2 BANK NATIONAL ASSOCIATION
1014059,11184.0,11184000.0,SOUTHWEST BANK OF WEATHERFORD
271136,11179.0,11179000.0,BANK OF LOUISIANA
289056,11174.0,11174000.0,"NORTHERN INTERSTATE BANK, NATIONAL ASSOCIATION"
441630,11169.0,11169000.0,BANK OF DADE
109154,11156.0,11156000.0,FIRST SECURITY BANK
108746,11155.0,11155000.0,MASON CITY NATIONAL BANK
2651899,11154.0,11154000.0,CEDAR HILL NATIONAL BANK
389376,11143.0,11143000.0,TECUMSEH FEDERAL BANK
391959,11132.0,11132000.0,FIRST BANK OF UTICA
811541,11127.0,11127000.0,AUBURN BANKING COMPANY
1462986,11107.0,11107000.0,ASIAN PACIFIC NATIONAL BANK
437044,11102.0,11102000.0,"WATKINS SAVINGS BANK, THE"
343958,11089.0,11089000.0,CURRIE STATE BANK
956152,11084.0,11084000.0,INDEPENDENT FARMERS BANK
941541,11074.0,11074000.0,PEOPLES BANK CO.
88259,11068.0,11068000.0,JANESVILLE STATE BANK
504142,11055.0,11055000.0,CHILLICOTHE STATE BANK
565844,11045.0,11045000.0,STATE BANK OF MISSOURI
2921622,11043.0,11043000.0,"CITIZENS BANK OF CUMBERLAND COUNTY, INC."
860231,11028.0,11028000.0,FARMERS STATE BANK OF EMDEN
42037,11010.0,11010000.0,PEOPLES EXCHANGE BANK
576578,11002.0,11002000.0,MONROE FEDERAL SAVINGS AND LOAN ASSOCIATION
582654,10994.0,10994000.0,KANSAS STATE BANK
488420,10987.0,10987000.0,"FAYETTE COUNTY NATIONAL BANK OF FAYETTEVILLE, THE"
3599804,10952.0,10952000.0,GREAT NATIONS BANK
715470,10911.0,10911000.0,FIRST WESTERN FEDERAL SAVINGS BANK
62110,10896.0,10896000.0,"ROCKEFELLER TRUST COMPANY, NATIONAL ASSOCIATION"
1016848,10873.0,10873000.0,COUNTY BANK
820477,10873.0,10873000.0,MIDLAND FEDERAL SAVINGS AND LOAN ASSOCIATION
591357,10867.0,10867000.0,"PEOPLES BANK, THE"
5755510,10864.0,10864000.0,LEGACY BANK
37341,10860.0,10860000.0,BANK OF ONTARIO
180144,10841.0,10841000.0,"SACRAMENTO DEPOSIT BANK, THE"
809379,10836.0,10836000.0,INVESTORS COMMUNITY BANK
548472,10831.0,10831000.0,"MAPLE CITY SAVINGS BANK, FSB"
1014246,10813.0,10813000.0,CEDAR VALLEY BANK & TRUST
835613,10810.0,10810000.0,SECURITY BANK AND TRUST COMPANY
332756,10808.0,10808000.0,ADAMS STATE BANK
401072,10807.0,10807000.0,CENTURY SAVINGS AND LOAN ASSOCIATION
467733,10804.0,10804000.0,UNION STATE BANK
550653,10794.0,10794000.0,CEDAR SECURITY BANK
392152,10781.0,10781000.0,NEW CENTURY BANK
956358,10774.0,10774000.0,SECURITY BANK OF THE OZARKS
518354,10772.0,10772000.0,"PARK BANK, NATIONAL ASSOCIATION"
346566,10760.0,10760000.0,FIRST NATIONAL BANK OF SOUTH PADRE ISLAND
510947,10755.0,10755000.0,FARMERS STATE BANK & TRUST CO.
365848,10719.0,10719000.0,WILLIAMSVILLE STATE BANK AND TRUST
3308529,10714.0,10714000.0,BANK OF BOZEMAN
493077,10712.0,10712000.0,"FIRST MUTUAL BANK, FSB"
372444,10703.0,10703000.0,"LITCHFIELD NATIONAL BANK, THE"
709956,10684.0,10684000.0,OKLAHOMA HERITAGE BANK
647955,10677.0,10677000.0,ASCENT BANK
138556,10655.0,10655000.0,HOME BANKING COMPANY
340443,10652.0,10652000.0,FIRST NATIONAL BANK IN PINCKNEYVILLE
467144,10642.0,10642000.0,HUSTISFORD STATE BANK
938550,10640.0,10640000.0,COMMUNITY BANK
769334,10636.0,10636000.0,EXCHANGE STATE BANK
61953,10634.0,10634000.0,FNB COWETA
871358,10629.0,10629000.0,"BANK OF HOLYROOD, THE"
960551,10604.0,10604000.0,PRAIRIE SUN BANK
720858,10600.0,10600000.0,MCINTOSH COUNTY BANK
30052,10576.0,10576000.0,AMISTAD BANK
719030,10560.0,10560000.0,"FIRST NATIONAL BANK OF PETERSTOWN, THE"
1017555,10553.0,10553000.0,FIRST COMMUNITY BANK
641449,10553.0,10553000.0,"CITIZENS BANK AND TRUST OF LEBANON, INC."
411174,10540.0,10540000.0,FIRST FEDERAL SAVINGS AND LOAN ASSOCIATION
598543,10537.0,10537000.0,SIBLEY STATE BANK
2610784,10535.0,10535000.0,KEY COMMUNITY BANK
516873,10520.0,10520000.0,SUNNYSIDE FEDERAL SAVINGS AND LOAN ASSOCIATION OF IRVINGTON
619859,10503.0,10503000.0,FCNB BANK
411576,10444.0,10444000.0,MAYVILLE SAVINGS BANK
399357,10435.0,10435000.0,MCCLAVE STATE BANK
472951,10388.0,10388000.0,SIOUXLAND BANK
808345,10383.0,10383000.0,STATE CENTRAL BANK
474245,10383.0,10383000.0,VILLA GROVE STATE BANK
145059,10372.0,10372000.0,BANK OF HALLS
78157,10361.0,10361000.0,BANDERA BANK
249416,10356.0,10356000.0,UNB BANK
491653,10298.0,10298000.0,"COMMERCIAL BANK, THE"
3254297,10297.0,10297000.0,BANK OF WALKER COUNTY
213958,10286.0,10286000.0,CITIZENS STATE BANK OF WAVERLY (INCORPORATED)
1435092,10262.0,10262000.0,TEXAS NATIONAL BANK
767554,10251.0,10251000.0,"CITIZENS BANK & TRUST COMPANY OF VIVIAN, LOUISIANA"
2602828,10250.0,10250000.0,STATE BANK
489249,10247.0,10247000.0,KINMUNDY BANK
1014554,10171.0,10171000.0,STATE BANK OF BOTTINEAU
177500,10154.0,10154000.0,FIRST NATIONAL BANK OF ORWELL
881441,10137.0,10137000.0,ALTON BANK
411231,10106.0,10106000.0,BRANTLEY BANK & TRUST COMPANY
774253,10072.0,10072000.0,NORTHERN STATE BANK OF VIRGINIA
855143,10064.0,10064000.0,RIVERWIND BANK
501655,10058.0,10058000.0,WILSON STATE BANK
203575,10024.0,10024000.0,"CONNEAUT SAVINGS BANK, THE"
753856,10008.0,10008000.0,"DONLEY COUNTY STATE BANK, THE"
663638,9995.0,9995000.0,"GERBER STATE BANK, THE"
851060,9965.0,9965000.0,ATASCOSA BANK
208972,9964.0,9964000.0,KEYSAVINGS BANK
257653,9960.0,9960000.0,FARMERS AND MERCHANTS BANK
426057,9936.0,9936000.0,SPECTRA BANK
943143,9917.0,9917000.0,FIRST SECURITY BANK
363778,9914.0,9914000.0,PEOPLES FIRST SAVINGS BANK
381026,9901.0,9901000.0,"TWIN VALLEY BANK, THE"
679451,9897.0,9897000.0,ELK STATE BANK
148340,9893.0,9893000.0,UNION STATE BANK
715975,9891.0,9891000.0,"AMORY FIRST SAVINGS AND LOAN BANK, SSB"
424352,9878.0,9878000.0,ANAHUAC NATIONAL BANK
527749,9840.0,9840000.0,SECURITY STATE BANK
354851,9812.0,9812000.0,"STATE EXCHANGE BANK, THE"
417710,9808.0,9808000.0,"PINNACLE BANK, INC"
343051,9806.0,9806000.0,BANK OF EUFAULA
540542,9806.0,9806000.0,G.W. JONES EXCHANGE BANK
819154,9793.0,9793000.0,FIRST SECURITY STATE BANK
965051,9774.0,9774000.0,FIRST STATE BANK
714165,9767.0,9767000.0,"CITY NATIONAL BANK OF SAN SABA, THE"
211114,9719.0,9719000.0,"HYDEN CITIZENS BANK, INC"
945950,9719.0,9719000.0,GRAND MARAIS STATE BANK
136655,9716.0,9716000.0,"LYNDON STATE BANK, THE"
110972,9696.0,9696000.0,FIRST FEDERAL SAVINGS BANK OF WASHINGTON
97279,9686.0,9686000.0,WOODSFIELD SAVINGS BANK
271341,9669.0,9669000.0,PEOPLES BANK MT WASHINGTON
944748,9655.0,9655000.0,FARMERS STATE BANK
943273,9626.0,9626000.0,"PEOPLES SAVINGS AND LOAN COMPANY, THE"
195456,9603.0,9603000.0,FIRST NATIONAL BANK
5839915,9580.0,9580000.0,GALA BANK
986757,9573.0,9573000.0,BATTLE CREEK STATE BANK
116554,9562.0,9562000.0,OLD GLORY BANK
89135,9556.0,9556000.0,FIRST NATIONAL BANK OF WAUCHULA
75651,9541.0,9541000.0,CERESCOBANK
644954,9534.0,9534000.0,DAVIDSON TRUST CO.
732637,9533.0,9533000.0,WHITESVILLE STATE BANK
2775692,9529.0,9529000.0,"COMMUNITY BANK OF WICHITA, INC."
308836,9524.0,9524000.0,BANK OF BOURBONNAIS
937843,9516.0,9516000.0,BLISSFIELD STATE BANK
275657,9514.0,9514000.0,"FIRST STATE BANK, THE"
243955,9505.0,9505000.0,PEOPLES BANK & TRUST COMPANY
989851,9499.0,9499000.0,BANK OF MAPLE PLAIN
593940,9487.0,9487000.0,BANK OF STRONGHURST
108269,9487.0,9487000.0,"FIRST NATIONAL BANK OF MOODY, THE"
972750,9474.0,9474000.0,CONWAY BANK
250476,9436.0,9436000.0,GN BANK
919568,9429.0,9429000.0,FIRST CAPITAL BANK
2939001,9426.0,9426000.0,CENTURY BANK OF FLORIDA
114859,9425.0,9425000.0,FIRST BANK AND TRUST COMPANY
826451,9406.0,9406000.0,"AMERICAN EXCHANGE BANK, LINDSAY, OKLAHOMA"
598132,9406.0,9406000.0,"SECURITY STATE BANK, THE"
863652,9401.0,9401000.0,"FARMERS STATE BANK, THE"
111157,9351.0,9351000.0,BANK OF LINDSAY
377663,9350.0,9350000.0,FANNIN BANK
660879,9345.0,9345000.0,"ANGELINA SAVINGS BANK, SSB"
897451,9337.0,9337000.0,INTEGRITY BANK PLUS
413347,9330.0,9330000.0,FIRST STATE BANK OF OLMSTED
422116,9326.0,9326000.0,"BANK OF THE MOUNTAINS, INC."
988256,9296.0,9296000.0,"FIRST NATIONAL BANK OF MCINTOSH, THE"
534073,9291.0,9291000.0,LIBERTY BANK
843953,9272.0,9272000.0,INTEGRITY BANK
724940,9271.0,9271000.0,FARMERS & MERCHANTS BANK OF HUTSONVILLE
617079,9243.0,9243000.0,BLUE GRASS FEDERAL SAVINGS AND LOAN ASSOCIATION
460350,9235.0,9235000.0,"FIRST SECURITY BANK, THE"
960047,9233.0,9233000.0,BANK OF CALHOUN COUNTY
578237,9231.0,9231000.0,COMMONWEALTH NATIONAL BANK
4368351,9229.0,9229000.0,KEY NATIONAL TRUST COMPANY OF DELAWARE
157155,9201.0,9201000.0,THAYER COUNTY BANK
358448,9192.0,9192000.0,MAYVILLE STATE BANK
508270,9185.0,9185000.0,GLEN BURNIE MUTUAL SAVINGS BANK
662350,9173.0,9173000.0,WAHOO STATE BANK
280558,9156.0,9156000.0,"FIRST NATIONAL BANK OF COKATO, THE"
848453,9154.0,9154000.0,"BANK OF HOUSTON, THE"
95677,9153.0,9153000.0,"ROCKLAND SAVINGS BANK, FSB"
890957,9122.0,9122000.0,STRASBURG STATE BANK
238250,9108.0,9108000.0,PEOPLES STATE BANK
647759,9105.0,9105000.0,"FARMERS STATE BANK, THE"
667551,9105.0,9105000.0,LINCOLN STATE BANK
43856,9088.0,9088000.0,"MINERS NATIONAL BANK OF EVELETH, THE"
13251,9068.0,9068000.0,ELYSIAN BANK
492810,9063.0,9063000.0,OWINGSVILLE BANKING COMPANY
242949,9060.0,9060000.0,FNNB BANK
351131,9058.0,9058000.0,BANK OF BREWTON
688453,9051.0,9051000.0,"CITIZENS STATE BANK AT MOHALL, THE"
276654,9038.0,9038000.0,FIRST FARMERS & MERCHANTS STATE BANK
969956,9038.0,9038000.0,ZAVALA COUNTY BANK
897237,9028.0,9028000.0,"CITIZENS BANK OF MORGANTOWN, INC."
753052,9012.0,9012000.0,MONTROSE SAVINGS BANK
378044,9002.0,9002000.0,COMMUNITY STATE BANK
726458,8996.0,8996000.0,"FIRST NATIONAL BANK OF OSAKIS, THE"
170257,8989.0,8989000.0,HASKELL NATIONAL BANK
560438,8966.0,8966000.0,BANK OF EVERGREEN
913436,8965.0,8965000.0,MINERS AND MERCHANTS BANK
156457,8927.0,8927000.0,HOMETOWN COMMUNITY BANK
147651,8926.0,8926000.0,COMMUNITY STATE BANK OF CANTON
3025929,8897.0,8897000.0,GOGEBIC RANGE BANK
361354,8891.0,8891000.0,GRANT COUNTY BANK
177135,8883.0,8883000.0,FIRST PROGRESSIVE BANK
498456,8872.0,8872000.0,AVANA BANK
984454,8870.0,8870000.0,SECURITY STATE BANK OF KENYON
861854,8832.0,8832000.0,FIRST STATE BANK
176437,8816.0,8816000.0,BANK OF WRIGHTSVILLE
931458,8808.0,8808000.0,VISTA NATIONAL BANK & TRUST
1945247,8806.0,8806000.0,UNITED BANK OF PHILADELPHIA
865852,8802.0,8802000.0,FARMERS STATE BANK OF UNDERWOOD
432432,8801.0,8801000.0,PHENIX-GIRARD BANK
5887420,8792.0,8792000.0,"PREFERRED LEGACY NATIONAL TRUST BANK, THE"
409265,8791.0,8791000.0,SPUR SECURITY BANK
79127,8750.0,8750000.0,HOME NATIONAL BANK
513322,8748.0,8748000.0,DEDICATED COMMUNITY BANK
273653,8741.0,8741000.0,CONCORDE BANK
403656,8720.0,8720000.0,STATE BANK OF EAGLE BUTTE
459644,8719.0,8719000.0,FIRST COMMUNITY BANK OF MOULTRIE COUNTY
188739,8712.0,8712000.0,BASILE STATE BANK
471057,8671.0,8671000.0,"FIRST STATE BANK OF RANSOM, THE"
677354,8665.0,8665000.0,FIRST NATIONAL BANK IN CIMARRON
559179,8651.0,8651000.0,BROOKVILLE BUILDING AND SAVINGS ASSOCIATION
1015458,8633.0,8633000.0,GLOBAL INNOVATIONS BANK
41553,8598.0,8598000.0,FIRST STATE BANK
563934,8593.0,8593000.0,SOUTHEAST FIRST NATIONAL BANK
672238,8590.0,8590000.0,"ATLANTA NATIONAL BANK, THE"
112510,8574.0,8574000.0,"BALTIC STATE BANK, THE"
595944,8570.0,8570000.0,SANBORN SAVINGS BANK
697950,8565.0,8565000.0,CITY NATIONAL BANK
804150,8564.0,8564000.0,VERGAS STATE BANK
24378,8556.0,8556000.0,"GALION BUILDING AND LOAN BANK, THE"
62147,8527.0,8527000.0,COMMUNITY FIRST BANK
396057,8507.0,8507000.0,INDEPENDENCE STATE BANK
732954,8507.0,8507000.0,CARMINE STATE BANK
655530,8458.0,8458000.0,ANCHOR STATE BANK
2724766,8456.0,8456000.0,COMMUNITY BANK OF MEMPHIS
392255,8450.0,8450000.0,FIRST NATIONAL BANK
533227,8447.0,8447000.0,"METAMORA STATE BANK, THE"
174367,8446.0,8446000.0,COMMERCE BANK TEXAS
858443,8445.0,8445000.0,"FIRST NATIONAL BANK OF AVA, THE"
666358,8444.0,8444000.0,FIRST CITIZENS BANK OF BUTTE
122546,8404.0,8404000.0,MIDWEST NATIONAL BANK
918356,8401.0,8401000.0,GRAND TIMBER BANK
644057,8356.0,8356000.0,"FIRST STATE BANK, THE"
969059,8327.0,8327000.0,FIRST SECURITY BANK - WEST
2750,8322.0,8322000.0,GENOA COMMUNITY BANK
958231,8319.0,8319000.0,COMMUNITY BANK OF EASTON
670654,8305.0,8305000.0,FIRST SECURITY BANK OF DEER LODGE
353957,8274.0,8274000.0,"FIRST FARMERS NATIONAL BANK OF WAURIKA, THE"
524757,8235.0,8235000.0,FARMERS BANK
287922,8232.0,8232000.0,"PEOPLES SAVINGS BANK, THE"
944935,8207.0,8207000.0,STATE BANK OF INDUSTRY
269759,8205.0,8205000.0,FARMERS AND MERCHANTS STATE BANK OF APPLETON
184759,8178.0,8178000.0,WASHITA VALLEY BANK
321330,8147.0,8147000.0,FARMERS AND MERCHANTS STATE BANK OF BUSHNELL
40033,8145.0,8145000.0,RICHTON BANK & TRUST COMPANY
798512,8141.0,8141000.0,"FIRST NATIONAL BANK OF BROOKSVILLE, THE"
401559,8137.0,8137000.0,DNB NATIONAL BANK
120476,8136.0,8136000.0,ARGENTINE FEDERAL SAVINGS
229454,8114.0,8114000.0,FIRST STATE BANK OF BROWNSBORO
931159,8103.0,8103000.0,FIRST STATE BANK OF GOLVA
2641827,8101.0,8101000.0,"NEW COVENANT TRUST COMPANY, NATIONAL ASSOCIATION"
457,8097.0,8097000.0,LOWRY STATE BANK
735414,8080.0,8080000.0,"FIRST NATIONAL BANK OF BLANCHESTER, THE"
103134,8064.0,8064000.0,"BANK OF COMMERCE, THE"
77150,8058.0,8058000.0,FIRST FARMERS & MERCHANTS STATE BANK OF GRAND MEADOW
171133,8053.0,8053000.0,EASTERN NATIONAL BANK
915056,8045.0,8045000.0,PEOPLES BANK OF MONITEAU COUNTY
157856,8041.0,8041000.0,FIRST BANK AND TRUST COMPANY
450669,8029.0,8029000.0,"FIRST NATIONAL BANK OF ELY, THE"
741152,7997.0,7997000.0,JUNCTION NATIONAL BANK
5758445,7980.0,7980000.0,GAINEY BUSINESS BANK
75455,7977.0,7977000.0,"NORTHERN STATE BANK OF GONVICK, THE"
824738,7956.0,7956000.0,FIRST NATIONAL BANK OF LACON
401951,7954.0,7954000.0,PORTAGE BANK
1474309,7936.0,7936000.0,BANK47
858153,7930.0,7930000.0,STATE BANK OF CANTON
1007958,7926.0,7926000.0,CLARKSON BANK
870856,7920.0,7920000.0,"FIRST NATIONAL BANK OF HOPE, THE"
760939,7917.0,7917000.0,FIRST BANK OF PIKE
700140,7900.0,7900000.0,MONTEZUMA STATE BANK
14753,7897.0,7897000.0,"FARMERS STATE BANK OF BUCKLIN, KANSAS, THE"
371849,7890.0,7890000.0,BANK OF YATES CITY
507349,7881.0,7881000.0,FARMERS STATE BANK
997557,7865.0,7865000.0,FIRST STATE BANK OF HARVEY
197254,7864.0,7864000.0,FIRST NATIONAL BANK OF SPEARVILLE
717232,7851.0,7851000.0,PEOPLES BANK OF GRACEVILLE
777441,7840.0,7840000.0,FLORA BANK & TRUST
328058,7822.0,7822000.0,FIRST BANK OF THOMAS
128258,7794.0,7794000.0,WESTERN DAKOTA BANK
754246,7780.0,7780000.0,LOGAN STATE BANK
195157,7770.0,7770000.0,"ELEVATE BANK, NATIONAL ASSOCIATION"
856542,7759.0,7759000.0,BREDA SAVINGS BANK
366359,7740.0,7740000.0,"FIRST NATIONAL BANK OF ANSON, THE"
42457,7738.0,7738000.0,COMMERCIAL BANK
276953,7735.0,7735000.0,COMMUNITY BANK
474544,7727.0,7727000.0,CITIZENS SAVINGS BANK
442655,7711.0,7711000.0,"FIRST NATIONAL BANK IN FALFURRIAS, THE"
835659,7671.0,7671000.0,TRI-COUNTY TRUST COMPANY
411240,7637.0,7637000.0,"OLD EXCHANGE NATIONAL BANK OF OKAWVILLE, THE"
92144,7636.0,7636000.0,COMMUNITY STATE BANK
3448425,7626.0,7626000.0,COMMUNITY BANK OF PLEASANT HILL
116358,7626.0,7626000.0,STATE BANK OF COLD SPRING
412452,7611.0,7611000.0,COMMUNITY BANK OF OKLAHOMA
304575,7593.0,7593000.0,SIDNEY FEDERAL SAVINGS AND LOAN ASSOCIATION
924254,7582.0,7582000.0,"CITIZENS STATE BANK OF CHENEY, KANSAS, THE"
187648,7581.0,7581000.0,VERMONT STATE BANK
856458,7539.0,7539000.0,BANK OF HAZELTON
375650,7538.0,7538000.0,MENARD BANK
505916,7528.0,7528000.0,"FIRST NATIONAL BANK OF GERMANTOWN, THE"
931207,7522.0,7522000.0,"BROWN BROTHERS HARRIMAN TRUST COMPANY, N.A."
3285246,7518.0,7518000.0,FIRST STATE BANK
324229,7508.0,7508000.0,"WATERFORD COMMERCIAL AND SAVINGS BANK, THE"
112556,7507.0,7507000.0,STATE BANK OF CHANDLER
4146830,7505.0,7505000.0,NEUBERGER BERMAN TRUST COMPANY OF DELAWARE NATIONAL ASSOCIATION
515979,7499.0,7499000.0,PEE DEE FEDERAL SAVINGS BANK
824242,7467.0,7467000.0,BENTON COUNTY STATE BANK
3480069,7464.0,7464000.0,WEST VALLEY NATIONAL BANK
937834,7436.0,7436000.0,F & M BANK AND TRUST COMPANY
456344,7426.0,7426000.0,HART COUNTY BANK AND TRUST COMPANY
814355,7426.0,7426000.0,SECURITY STATE BANK OF OKLEE
522454,7422.0,7422000.0,FIRST STATE BANK
686570,7376.0,7376000.0,LADYSMITH FEDERAL SAVINGS & LOAN ASSOCIATION
37659,7376.0,7376000.0,"FARMERS STATE BANK, ALLEN, OKLAHOMA"
333940,7361.0,7361000.0,"FIRST NATIONAL BANK OF OKAWVILLE, THE"
550448,7353.0,7353000.0,"STATE BANK, THE"
570651,7347.0,7347000.0,FIRST TRI-COUNTY BANK
270652,7338.0,7338000.0,SECURITY STATE BANK
603540,7319.0,7319000.0,BLACK RIVER COUNTRY BANK
671053,7317.0,7317000.0,STOCK EXCHANGE BANK
884657,7297.0,7297000.0,RUSHFORD STATE BANK (INCORPORATED)
767152,7290.0,7290000.0,"FIRST NATIONAL BANK IN COOPER, THE"
923949,7272.0,7272000.0,"STATE BANK OF PEARL CITY, THE"
777254,7271.0,7271000.0,HERITAGE BANK MINNESOTA
292234,7267.0,7267000.0,FIRST FINANCIAL BANK
21359,7262.0,7262000.0,AMERICAN STATE BANK OF GRYGLA
321152,7237.0,7237000.0,LINEAGE BANK
658072,7173.0,7173000.0,COUNTY SAVINGS BANK
3353154,7162.0,7162000.0,BMO HARRIS CENTRAL NATIONAL ASSOCIATION
460556,7160.0,7160000.0,"STATE NATIONAL BANK OF GROOM, THE"
104971,7148.0,7148000.0,MARTINSVILLE FIRST SAVINGS BANK
460275,7119.0,7119000.0,SECOND FEDERAL SAVINGS & LOAN ASSOCIATION OF PHILADELPHIA
835378,7113.0,7113000.0,"BEARDSTOWN SAVINGS, S.B."
721752,7105.0,7105000.0,"FARMERS & MERCHANTS STATE BANK OF NEW YORK MILLS, INCORPORATED"
360777,7094.0,7094000.0,"JACKSON SAVINGS BANK, SSB"
442057,7092.0,7092000.0,"CITIZENS STATE BANK AND TRUST COMPANY, THE"
72351,7087.0,7087000.0,FARMERS STATE BANK
73152,7045.0,7045000.0,"FARMERS AND MERCHANTS NATIONAL BANK OF FAIRVIEW, THE"
8631,7041.0,7041000.0,"PLEASANTS COUNTY BANK, THE"
58355,7032.0,7032000.0,VANTAGE BANK
79257,7032.0,7032000.0,GROVE BANK
4032791,7021.0,7021000.0,"BROWN BROTHERS HARRIMAN TRUST COMPANY OF DELAWARE, NA"
894834,6999.0,6999000.0,"TRUST BANK, THE"
668053,6983.0,6983000.0,ASPIRE BANK
231279,6980.0,6980000.0,CHESTER NATIONAL BANK
73956,6967.0,6967000.0,SECURITY STATE BANK
973252,6951.0,6951000.0,SWEDISH-AMERICAN STATE BANK
107758,6941.0,6941000.0,BONANZA VALLEY STATE BANK
354253,6917.0,6917000.0,SUNRISE BANK DAKOTA
503547,6910.0,6910000.0,"FAIRMOUNT STATE BANK, THE"
720157,6908.0,6908000.0,MARSHALL COUNTY STATE BANK
876157,6866.0,6866000.0,ODIN STATE BANK
2123930,6843.0,6843000.0,"BANK OF MILAN, THE"
2797210,6839.0,6839000.0,"TOWNE TRUST COMPANY, NATIONAL ASSOCIATION"
3139321,6835.0,6835000.0,COMMUNITY BANK OWATONNA
987576,6819.0,6819000.0,"LIBERTY SAVINGS ASSOCIATION, FSA, THE"
560353,6802.0,6802000.0,FIRST NATIONAL BANK OF LAKE JACKSON
871956,6801.0,6801000.0,"FIRST BANK OF CELESTE, THE"
431350,6785.0,6785000.0,"BANK OF COMMERCE AND TRUST COMPANY, THE"
229173,6776.0,6776000.0,"AUBURN SAVINGS BANK, FSB"
192651,6775.0,6775000.0,PEOPLES STATE BANK OF WELLS
998358,6768.0,6768000.0,HOWARD STATE BANK
649632,6706.0,6706000.0,ROCHELLE STATE BANK
775241,6675.0,6675000.0,COMMUNITY NATIONAL BANK IN MONMOUTH
1176920,6671.0,6671000.0,COMMUNITY STATE BANK
618647,6667.0,6667000.0,FIRST HERITAGE BANK
338945,6664.0,6664000.0,1ST COMMUNITY BANK
678052,6631.0,6631000.0,"BANK OF SAN JACINTO COUNTY, COLDSPRING, TEXAS, THE"
1017854,6631.0,6631000.0,"FARMERS STATE BANK OF BLUE MOUND, THE"
760957,6629.0,6629000.0,"FIRST STATE BANK OF ROSEMOUNT, THE"
267652,6626.0,6626000.0,SECURITY STATE BANK OF AITKIN
837653,6607.0,6607000.0,HEARTLAND STATE BANK
146056,6605.0,6605000.0,ALLNATIONS BANK
311144,6559.0,6559000.0,BANK OF BEARDEN
840354,6555.0,6555000.0,FIRST FINANCIAL BANK IN WINNEBAGO
578862,6528.0,6528000.0,FIRST STATE BANK OF SAN DIEGO
560214,6521.0,6521000.0,"CORN CITY STATE BANK, THE"
324256,6470.0,6470000.0,OKLAHOMA STATE BANK
303747,6469.0,6469000.0,"FIRST BANK AND TRUST COMPANY OF MURPHYSBORO, THE"
91950,6469.0,6469000.0,FARMERS STATE BANK OF CANTON
311658,6464.0,6464000.0,"FIRST NATIONAL BANK OF COLERAINE, THE"
723550,6461.0,6461000.0,"HAMILTON BANK, THE"
1856,6458.0,6458000.0,WASHITA STATE BANK
843476,6454.0,6454000.0,CORNERSTONE BANK
82350,6408.0,6408000.0,"LAUDERDALE COUNTY BANK, THE"
764151,6387.0,6387000.0,LOVELADY STATE BANK
918655,6353.0,6353000.0,FIRST STATE BANK OF CANDO
132778,6325.0,6325000.0,HOMESTEAD SAVINGS BANK
821643,6322.0,6322000.0,ASHTON STATE BANK
480246,6321.0,6321000.0,WASHINGTON STATE BANK
983158,6320.0,6320000.0,GRANT COUNTY STATE BANK
800479,6308.0,6308000.0,"TARBORO SAVINGS BANK, SSB"
309851,6300.0,6300000.0,ROOT RIVER STATE BANK
940852,6293.0,6293000.0,CITIZENS STATE BANK OF LANKIN
302133,6268.0,6268000.0,CAMP GROVE STATE BANK
316934,6256.0,6256000.0,BUCKLEY STATE BANK
790150,6254.0,6254000.0,BANK OF IBERIA
252452,6253.0,6253000.0,PREFERRED BANK
651149,6227.0,6227000.0,STATE BANK
293352,6224.0,6224000.0,ADRIAN STATE BANK
995955,6222.0,6222000.0,KRESS NATIONAL BANK
308256,6216.0,6216000.0,CENBANK
544951,6202.0,6202000.0,COWBOY STATE BANK
857259,6202.0,6202000.0,BANK OF GREELEY
206950,6187.0,6187000.0,UNION STATE BANK
678258,6144.0,6144000.0,STATE BANK OF LAKOTA
991078,6138.0,6138000.0,BOONVILLE FEDERAL SAVINGS BANK
219679,6132.0,6132000.0,CARROLLTON FEDERAL BANK
479567,6093.0,6093000.0,"FIRST NATIONAL BANK OF TRINITY, THE"
3032833,6071.0,6071000.0,CHEYENNE STATE BANK
877958,6059.0,6059000.0,"HOPETON STATE BANK, THE"
82257,6044.0,6044000.0,BRYANT STATE BANK
736158,6016.0,6016000.0,"POTTER STATE BANK OF POTTER, THE"
975452,6008.0,6008000.0,"FIRST NATIONAL BANK OF GILBERT, THE"
411549,5963.0,5963000.0,TABLE GROVE STATE BANK
1014451,5947.0,5947000.0,AMERICAN EXCHANGE BANK
755421,5932.0,5932000.0,"BLUE GRASS VALLEY BANK, THE"
603755,5912.0,5912000.0,FIRST STATE BANK
1016558,5901.0,5901000.0,GENERATIONS BANK
207041,5889.0,5889000.0,"FIRST NATIONAL BANK OF BROWNSTOWN, THE"
1004256,5844.0,5844000.0,BUTTE STATE BANK
2912750,5841.0,5841000.0,SECURITY NATIONAL TRUST CO.
272151,5817.0,5817000.0,"GRANGER NATIONAL BANK, THE"
102333,5816.0,5816000.0,APEX BANKING COMPANY OF GEORGIA
770545,5804.0,5804000.0,MIDDLETOWN STATE BANK
767572,5791.0,5791000.0,TUCUMCARI FEDERAL SAVINGS & LOAN ASSOCIATION
378110,5790.0,5790000.0,"PEOPLES BANK, THE"
391557,5772.0,5772000.0,LAKESIDE BANK OF SALINA
5805479,5740.0,5740000.0,"BESSEMER TRUST COMPANY OF NEVADA, NATIONAL ASSOCIATION"
76153,5736.0,5736000.0,BANK OF CLARKS
382256,5707.0,5707000.0,STANTON STATE BANK
803265,5684.0,5684000.0,ROBERT LEE STATE BANK
701857,5682.0,5682000.0,CROWELL STATE BANK
284958,5681.0,5681000.0,FIRST STATE BANK
823142,5671.0,5671000.0,DU QUOIN STATE BANK
582878,5655.0,5655000.0,HOME FEDERAL SAVINGS AND LOAN ASSOCIATION
694771,5637.0,5637000.0,FARMERS STATE BANK
2811086,5608.0,5608000.0,PREFERRED BANK
887854,5608.0,5608000.0,SHERWOOD COMMUNITY BANK
464853,5594.0,5594000.0,BANK 360
1494482,5555.0,5555000.0,SOUND BANKING COMPANY
412872,5550.0,5550000.0,FARMERS AND MECHANICS FEDERAL SAVINGS BANK
440857,5542.0,5542000.0,AMERICA'S COMMUNITY BANK
522034,5533.0,5533000.0,"COMMERCIAL BANK OF OZARK, THE"
227656,5513.0,5513000.0,BRIGHTON BANK
215653,5491.0,5491000.0,WELCOME STATE BANK
601032,5465.0,5465000.0,FAIRVIEW STATE BANKING COMPANY
2490285,5463.0,5463000.0,FIRST NATIONAL BANK
858452,5457.0,5457000.0,BANK OF PRAGUE
643274,5443.0,5443000.0,"PIONEER SAVINGS BANK, THE"
320034,5418.0,5418000.0,PEOPLES BANK OF GREENSBORO
131717,5388.0,5388000.0,"FARMERS STATE BANK, INC"
138257,5365.0,5365000.0,"FIRST NATIONAL BANK OF ASPERMONT, THE"
534242,5340.0,5340000.0,STATE BANK OF SCHALLER
741956,5334.0,5334000.0,"MER ROUGE STATE BANK, THE"
426141,5328.0,5328000.0,FIRST STATE BANK OF ST. PETER
440978,5314.0,5314000.0,KINGSTREE FEDERAL SAVINGS AND LOAN ASSOCIATION
33839,5308.0,5308000.0,PEOPLES STATE BANK OF COLFAX
681249,5284.0,5284000.0,HIGHLAND STATE BANK
242,5282.0,5282000.0,FIRST COMMUNITY BANK XENIA-FLORA
540850,5267.0,5267000.0,FORD COUNTY STATE BANK
388753,5216.0,5216000.0,FARMERS AND MERCHANTS STATE BANK OF ALPHA
388258,5172.0,5172000.0,MARQUETTE FARMERS STATE BANK OF MARQUETTE KANSAS
444677,5155.0,5155000.0,"BLACK MOUNTAIN SAVINGS BANK, SSB"
167752,5116.0,5116000.0,"MARION NATIONAL BANK, THE"
868572,5105.0,5105000.0,HOME SAVINGS BANK OF WAPAKONETA
343248,5102.0,5102000.0,"FIRST NATIONAL BANK OF PRIMGHAR, THE"
519874,5089.0,5089000.0,LAMONT BANK OF ST. JOHN
272058,5077.0,5077000.0,STATE BANK OF BELLINGHAM
1014255,5039.0,5039000.0,STATE BANK OF JEFFERS
749840,5026.0,5026000.0,FARMERS STATE BANK
693073,5008.0,5008000.0,FIRST FEDERAL SAVINGS AND LOAN ASSOCIATION OF CENTERBURG
482370,5002.0,5002000.0,NORTH COUNTY SAVINGS BANK
579319,4988.0,4988000.0,"COMMUNITY FIRST BANK, NATIONAL ASSOCIATION"
1012457,4973.0,4973000.0,ROLETTE STATE BANK
205458,4934.0,4934000.0,STATE BANK OF TAUNTON
866251,4926.0,4926000.0,UNION STATE BANK
292850,4857.0,4857000.0,"FIRST NATIONAL BANK OF WAKEFIELD, THE"
1000856,4848.0,4848000.0,"BAXTER STATE BANK, THE"
404943,4841.0,4841000.0,TRI-VALLEY BANK
481748,4797.0,4797000.0,SLOAN STATE BANK
322551,4745.0,4745000.0,FIRST SECURITY BANK
83852,4734.0,4734000.0,RICHLAND STATE BANK
17259,4712.0,4712000.0,"FIRST NATIONAL BANK IN MARLOW, THE"
99853,4685.0,4685000.0,FIRST STATE BANK
593771,4654.0,4654000.0,"LIBERTY BANK, INC."
610539,4644.0,4644000.0,"BANK OF EDISON, THE"
741358,4633.0,4633000.0,PEOPLES STATE BANK
325459,4619.0,4619000.0,FIRST STATE BANK IN TEMPLE
3952904,4616.0,4616000.0,CANANDAIGUA NATIONAL TRUST COMPANY OF FLORIDA
839817,4598.0,4598000.0,FARMERS & TRADERS BANK OF CAMPTON
514356,4594.0,4594000.0,FIRST SUMMIT BANK
639857,4561.0,4561000.0,PEOPLES BANK OF DEER LODGE
738657,4558.0,4558000.0,"CITY STATE BANK, THE"
771047,4556.0,4556000.0,CITIZENS STATE BANK OF MILFORD
321255,4539.0,4539000.0,FIRST AMERICAN BANK
362043,4528.0,4528000.0,"EXCHANGE STATE BANK, THE"
833851,4417.0,4417000.0,FIRST STATE BANK OF SWANVILLE
904845,4390.0,4390000.0,BANK OF CADIZ AND TRUST COMPANY
663656,4330.0,4330000.0,SMALL BUSINESS BANK
921655,4314.0,4314000.0,COTTONWOOD VALLEY BANK
912756,4260.0,4260000.0,STATE BANK OF LAKE PARK
1820979,4244.0,4244000.0,"TRUST COMPANY OF TOLEDO, NATIONAL ASSOCIATION, THE"
496957,4221.0,4221000.0,"FARMERS STATE BANK OF TURTON, THE"
104542,4204.0,4204000.0,MARSEILLES BANK
821559,4200.0,4200000.0,"MINNESOTA FIRST CREDIT AND SAVINGS, INCORPORATED"
472148,4154.0,4154000.0,FIRST STATE BANK OF VAN ORIN
856159,4146.0,4146000.0,SAINT MARTIN NATIONAL BANK
614256,4131.0,4131000.0,FIRST NATIONAL BANK OF KANSAS
571957,4121.0,4121000.0,"STATE EXCHANGE BANK, THE"
603559,4115.0,4115000.0,FARMERS STATE BANK
842853,4113.0,4113000.0,UNITED MINNESOTA BANK
902645,4055.0,4055000.0,DEFIANCE STATE BANK
373272,4004.0,4004000.0,COMPASS SAVINGS BANK
646471,3997.0,3997000.0,HUNTINGDON SAVINGS BANK
816751,3952.0,3952000.0,KINDRED STATE BANK
306056,3942.0,3942000.0,"FIRST NATIONAL BANK OF FLEMING, THE"
74449,3902.0,3902000.0,FIRST NATIONAL BANK IN TIGERTON
274052,3875.0,3875000.0,"FARMERS AND MERCHANTS BANK OF MOUND CITY, KANSAS"
981453,3873.0,3873000.0,FARMERS STATE BANK OF HOFFMAN
691042,3858.0,3858000.0,"MERCHANTS & PLANTERS BANK, THE"
923350,3853.0,3853000.0,FIRST NATIONAL BANK IN FRANKFORT
542854,3851.0,3851000.0,FARMERS STATE BANK
379050,3841.0,3841000.0,STATE BANK OF EASTON
846132,3833.0,3833000.0,DEWEY BANK
2960788,3833.0,3833000.0,"WHEATON COLLEGE TRUST COMPANY, NATIONAL ASSOCIATION"
278751,3819.0,3819000.0,WESTERN NATIONAL BANK OF CASS LAKE
175458,3805.0,3805000.0,BANK OF MEAD
441135,3800.0,3800000.0,CITIZENS BANK OF CHATSWORTH
768953,3764.0,3764000.0,"BANK OF TIOGA, THE"
789051,3747.0,3747000.0,NINNESCAH VALLEY BANK
410159,3739.0,3739000.0,ANDES STATE BANK
675341,3719.0,3719000.0,AMERICAN TRUST & SAVINGS BANK
235558,3716.0,3716000.0,CITIZENS STATE BANK
2502825,3678.0,3678000.0,DSRM NATIONAL BANK
539872,3671.0,3671000.0,"TRUSTTEXAS BANK, S.S.B."
90047,3654.0,3654000.0,PALO SAVINGS BANK
363442,3645.0,3645000.0,SAINTE MARIE STATE BANK
270353,3641.0,3641000.0,ARLINGTON STATE BANK
375379,3597.0,3597000.0,NORTH SIDE FEDERAL SAVINGS AND LOAN ASSOCIATION OF CHICAGO
694146,3561.0,3561000.0,MAXWELL STATE BANK
70955,3551.0,3551000.0,NEBRASKA STATE BANK
472250,3549.0,3549000.0,BOELUS STATE BANK
509857,3521.0,3521000.0,FMB BANK
350657,3487.0,3487000.0,1ST BANK IN HOMINY
425050,3474.0,3474000.0,"FARMERS AND MERCHANTS STATE BANK, THE"
630041,3329.0,3329000.0,"FIRST STATE BANK OF DONGOLA, THE"
994770,3325.0,3325000.0,"MILFORD BUILDING AND LOAN ASSOCIATION, SB"
92902,3325.0,3325000.0,BANK OF CATTARAUGUS
768476,3304.0,3304000.0,CONNECT COMMUNITY BANK
288152,3276.0,3276000.0,"FIRST NATIONAL BANK OF FREDERICK, THE"
818559,3228.0,3228000.0,"FIRST STATE BANK OF RED WING, THE"
915935,3210.0,3210000.0,CITIZENS BANK OF EDINBURG
783349,3157.0,3157000.0,STATE BANK OF NAUVOO
706450,3151.0,3151000.0,LAKE COUNTRY COMMUNITY BANK
794653,3091.0,3091000.0,"FIRST NATIONAL BANK AT SAINT JAMES, THE"
33370,3081.0,3081000.0,"HOME SAVINGS BANK, FSB"
2337335,3055.0,3055000.0,"UMB BANK & TRUST, NATIONAL ASSOCIATION"
418436,3044.0,3044000.0,PEOPLES BANK OF MACON
424437,3022.0,3022000.0,CAMPUS STATE BANK
3268173,2983.0,2983000.0,EMIGRANT MERCANTILE BANK
959630,2960.0,2960000.0,BANK OF LUMBER CITY
981350,2942.0,2942000.0,DICKINSON COUNTY BANK
514057,2923.0,2923000.0,NEBRASKA STATE BANK
177555,2918.0,2918000.0,CORN GROWERS STATE BANK
731957,2832.0,2832000.0,"FIRST NATIONAL BANK OF PROCTOR, THE"
2877484,2766.0,2766000.0,BHM BANK
918776,2733.0,2733000.0,NEW FOUNDATION SAVINGS BANK
441470,2728.0,2728000.0,FIRST FEDERAL SAVINGS AND LOAN ASSOCIATION
490955,2723.0,2723000.0,"WALTON STATE BANK, THE"
811457,2695.0,2695000.0,"FIRST NATIONAL BANK OF LIPAN, THE"
885579,2622.0,2622000.0,TIOGA-FRANKLIN SAVINGS BANK
838155,2620.0,2620000.0,"PEOPLES STATE BANK, FAIRMOUNT, NORTH DAKOTA"
577230,2589.0,2589000.0,TALBOT STATE BANK
652959,2477.0,2477000.0,FARMERS STATE BANK
469250,2464.0,2464000.0,PRESCOTT STATE BANK
943152,2397.0,2397000.0,"FIRST STATE BANK OF FOUNTAIN, THE"
295646,2362.0,2362000.0,FARMERS STATE BANK OF MEDORA
604033,2360.0,2360000.0,"FIRST NATIONAL BANK OF ASSUMPTION, THE"
836656,2328.0,2328000.0,FARMERS AND MERCHANTS BANK
910079,2296.0,2296000.0,"EQUITABLE SAVINGS AND LOAN COMPANY, THE"
273859,2259.0,2259000.0,FARMERS AND MERCHANTS BANK
67254,2246.0,2246000.0,YOUNG AMERICANS BANK
274025,2242.0,2242000.0,MT. VICTORY STATE BANK
971379,2210.0,2210000.0,"HERTFORD SAVINGS BANK, SSB"
225942,2182.0,2182000.0,HERITAGE BANK
921936,2141.0,2141000.0,FARMERS STATE BANK
855303,2094.0,2094000.0,"CITIZENS NATIONAL BANK OF HAMMOND, THE"
185251,2045.0,2045000.0,"FIRST NATIONAL BANK OF FLETCHER, THE"
857811,1994.0,1994000.0,MAUCH CHUNK TRUST COMPANY
976954,1990.0,1990000.0,FARMERS STATE BANK
286251,1964.0,1964000.0,BANK OF VICI
602842,1848.0,1848000.0,DYSART STATE BANK
384353,1809.0,1809000.0,BANK OF STEINAUER
991854,1763.0,1763000.0,PEOPLES STATE BANK
799939,1539.0,1539000.0,HARTSBURG STATE BANK
767246,1493.0,1493000.0,CHESTERFIELD STATE BANK
596277,1473.0,1473000.0,COLUMBIA SAVINGS AND LOAN ASSOCIATION
226949,1458.0,1458000.0,GRAND RIVERS COMMUNITY BANK
140634,1455.0,1455000.0,FIRST STATE BANK OF RANDOLPH COUNTY
78559,1393.0,1393000.0,SUMMIT NATIONAL BANK
289225,1382.0,1382000.0,"UNION BANKING COMPANY, THE"
480330,1298.0,1298000.0,"LEMONT NATIONAL BANK, THE"
403254,1060.0,1060000.0,"TRANSACT BANK, NATIONAL ASSOCIATION"
32234,911.0,911000.0,FIRST NATIONAL BANK AND TRUST COMPANY
21256,890.0,890000.0,STATE BANK OF BURRTON
382274,112.0,112000.0,KENTLAND FEDERAL SAVINGS AND LOAN ASSOCIATION
3153233,-1774.0,-1774000.0,METROPOLITAN CAPITAL BANK & TRUST
373601,-7010.0,-7010000.0,UNION COUNTY SAVINGS BANK
