"IDRSSD"	RIADA491	RIADB904	RIADB905	RIADB906	RIADB907	RIADB909	RIADB910	RIADB911	RIADB912	RIADB947	RIADB948	RIADB949	RIADB950	RIADB951	RIADB952	RIADB953	RIADB954	RIADB955	RIADB956	RIADB957	RIADB958	RIADB959	RIADB960	RIADB961	RIADC058	RIADJ315	RIADJ316	
	NET TRUST INCOME (LOSS)	PERSONAL TRUST AND AGENCY ACCOUNTS	EMPLOYEE BENEFIT-DEFINED CONTRIBUTN	EMPLOYEE BENEFIT-DEFINED BENEFIT	OTHER RETIREMENT ACCOUNTS	CUSTODY AND SAFEKEEPING ACCOUNTS	OTH FIDUCIARY/RELATED SERVICES INCME	PLUS:INTRACMPNY INCM CRDTS FOR FIDUC	FIDUCIARY/RELTD SRVCS INCM-FRGN OFFS	PRSNL TRST/AGCY ACCTS-GROSS LOSS,ETC	PRSNL TRST/AGCY ACCTS-GROSS LOSS NON	PERSONAL TRUST/AGCY ACCTS-RECOVERIES	RETIREMT RLTD TRST,ETC-GROSS LOSS MN	RETIREMT RLTD TRST,ETC-GROSS LOS NON	RETIREMT RELATED TRST,ETC-RECOVERIES	INVMT MNGEMT AGCY ACCTS-GROS LOS MNG	INVMT MNGEMT AGCY ACCTS-GROS LOS NON	INVTMT MNGEMT AGCY ACCTS-RECOVERIES	OTH FIDU ACCTS/RLTD SVCS-GROS LOS MN	OTH FID ACCTS/RLTD SVCS-GROS LOS NON	OTH FIDU ACCTS/RLTD SVCS-RECOVERIES	TOT FIDU SETTLEMTS,ETC-GROS LOSS MN	TOT FIDU SETTLEMTS,ETC-GROS LOSS NON	TOT FIDU SETTLEMENTS,ETC-RECOVERIES	LESS: EXPENSES	FID REL SRVC INC INV MGMT ADVIS AGY 	FID REL SRVC INC FOUND ENDW TR AGY A	
37																												
242																												
279																												
354																												
457																												
505																												
1155																												
1351																												
1454		506	500	0	539	0	0																			1300	71	
1669																												
1856																												
2161																												
2732																												
2750																												
3252																												
3458																												
3720																												
3971																												
4231																												
5069																												
5135																												
5210		350	0	0	452	53	5																			831	66	
5461																												
5751																												
6039																												
6329																												
7009	66787	16871	6	313	0	96	48187																			1070	244	
7045																												
7072																												
7456																												
7634																												
8462																												
8631																												
9357																												
9553																												
9807		163	0	0	55	12	0																			0	10	
9955																												
10250																												
10849																												
11145																												
11640																												
11837																												
12030																												
12142																												
12311		29696	27	0	15237	4835	0		0																	47617	4333	
12647																												
12946		1604	0	0	280	52	47																			0	66	
13103																												
13251																												
13457																												
14155																												
14650																												
14753																												
14865																												
14977																												
16551																												
17110		5389	829	344	5537	0	181																			18962	3570	
17147		4915	965	152	1877	376	0																			4491	669	
17259																												
17950																												
17978																												
18050																												
18827																												
18836																												
18854																												
19356																												
19936																												
19972																												
20053																												
20633																												
20857																												
21256																												
21359																												
21658																												
22048																												
22543																												
22552																												
22730																												
23456																												
23504																												
23643																												
23755																												
24006																												
24378																												
24659																												
24949																												
25357																												
25647																												
26765																												
27070																												
27614																												
27847																												
28013																												
28152																												
28675																												
28732																												
29476																												
29636																												
29878																												
30052																												
31134																												
31255																												
31657																												
31826																												
31835																												
32234																												
32766																												
32971																												
33147																												
33259																												
33370																												
33839																												
33857																												
34434																												
34537		2070	0	0	552	0	70																			3564	100	
34555																												
34742																												
35057																												
35301		1000	137000	118000	21000	1524000	0		1127000																	140000	29000	
35646																												
35879																												
36933																												
37051																												
37341																												
37435		238	69	1	1050	0	0																			1492	162	
37640		1454	296	204	1139	131	1																			2223	320	
37659																												
37949																												
38740																												
39327																												
39756																												
40033																												
40499																												
40855																												
41553																												
41629																												
41825																												
42037																												
42354																												
42372																												
42420		1178	12	170	1433	40	13																			2849	356	
42448																												
42457																												
43052																												
43351																												
43856																												
43959																												
44040																												
44433																												
44741																												
44750																												
44929																												
45056																												
45458																												
45551		70	0	0	1	0	0																			5	1	
45560		4506	15	146	124	191	0																			577	113	
45775																												
46053																												
46941																												
47247																												
47500																												
48057																												
48374																												
48440																												
49054																												
49148																												
49241		273	74	0	164	64	0																			155	55	
49652																												
49858																												
49951																												
50144																												
50461																												
51253																												
51356																												
51459																												
51842																												
52719	41929	0	0	0	0	0	314673	0																	272744	0	0	
52951																												
53051																												
54058																												
54656																												
54973																												
55336																												
55635																												
55653																												
55970																												
56258																												
56351		1403	64	0	354	50	0																			1959	408	
56548																												
56717																												
57451																												
58225																												
58243		5199	3040	83	203	53	3																			780	393	
58355																												
58551																												
58636																												
58757																												
58971		5840	311	0	2047	224	0																			6524	581	
59316																												
59352																												
59370																												
59754																												
60143		12000	0	2000	4000	7000	4000		1000																	20000	2000	
60330																												
60545																												
60554																												
60648																												
61122		935	233	293	1164	18	12																			1925	129	
61355		43	0	0	11	21	35																			32	179	
61757																												
61832		1018	43	0	475	86	0																			1916	425	
61953																												
62044																												
62110		4437	0	0	0	0	0																			0	89	
62147																												
63050																												
63069		39987	1290	354	6256	1036	0		0																	13977	2401	
63201																												
63573																												
63733																												
64150		851	0	0	2	41	0																			49	0	
64552																												
64730																												
65205		361	0	0	65	12	0																			312	500	
65559		883	0	0	0	4	0																			0	22	
65858		419	0	0	274	36	0																			604	27	
66154																												
66275																												
67142																												
67151																												
67209																												
67254																												
67656																												
67870																												
68671																												
68756																												
68831																												
69333		597	0	0	362	93	103																			682	0	
69678		1093	201	5	1513	93	0																			2756	99	
70218																												
70414																												
70638																												
70955																												
71073																												
71457																												
71859																												
72258		427	0	0	82	2	0																			145	4	
72351																												
72454																												
72678																												
73116																												
73152																												
73554																												
73956																												
74056																												
74140		736	0	14	223	139	0																			516	98	
74403																												
74449																												
75259																												
75446																												
75455																												
75633		32410	264	0	18680	875	12		0																	80907	3708	
75651																												
76153																												
76443																												
76854																												
77150																												
77253																												
77422																												
77851		1048	1317	0	951	64	207																			1969	173	
78157																												
78241																												
78559																												
79042																												
79127																												
79145																												
79257																												
79855																												
80150																												
80374																												
80431																												
81175																												
82033																												
82257																												
82350																												
83375																												
83638		649	0	0	15	0	610		0																	0	0	
83834																												
83852																												
83955																												
84046																												
84541																												
85052																												
85472																												
85931																												
86349																												
86675																												
87047																												
87234																												
87476																												
87579																												
88231																												
88259																												
88352																												
88455		786	0	0	0	0	0																			0	0	
89032																												
89135																												
89854																												
89957																												
90047																												
90177																												
90328																												
90337																												
90579																												
91615																												
91754																												
91950																												
92144																												
92676																												
92706																												
92902																												
93244																												
93543		1095	25	0	535	2	0																			1049	13	
93619		0	0	3354	0	7470	0		0																	0	0	
94139																												
94522																												
94755																												
94858																												
95051																												
95677																												
96553																												
97055																												
97279																												
97457																												
97804																												
97943																												
98351																												
98463																												
98717																												
99143																												
99376																												
99442																												
99536																												
99853																												
100236																												
100357																												
100562																												
100777																												
100843																												
101037																												
101439																												
101671																												
101738																												
101952																												
102333																												
102342																												
102557																												
102874																												
103134																												
104234																												
104542																												
104971																												
105026																												
105473		859	162	52	531	15	0																			1164	17	
105530																												
106359																												
106452																												
106676																												
107244		2137	200	96	457	131	0																			1460	29	
107570																												
107758																												
108072																												
108269																												
108652																												
108746																												
108951																												
109136																												
109154																												
109453																												
109574																												
109659																												
110413																												
110936																												
110945																												
110972																												
111157																												
111205																												
111942																												
112163		388	0	0	109	279	3																			514	0	
112332																												
112510																												
112556																												
112837																												
113003																												
113030																												
113441																												
113601																												
113740																												
114149																												
114260		342	0	0	47	62	8																			1000	0	
114457																												
114774																												
114840																												
114859																												
115146																												
115575																												
116358																												
116554																												
116741																												
117038																												
117074																												
117458																												
117775																												
118156																												
118660																												
118736																												
119153																												
119779																												
119872																												
120476																												
120542																												
120609																												
120953																												
121642		709	1287	61	861	59	0																			1324	172	
121651																												
121914																												
122153																												
122546																												
123075																												
123374																												
124344																												
124830																												
125154																												
125855																												
125873																												
126012																												
126049																												
126375																												
126553		636	0	0	1124	22	58																			1078	136	
126834																												
127055																												
127224																												
128258																												
128904		17093	87	7	4993	173	694																			6898	3774	
129349																												
129358																												
129732		472	1	0	211	54	44																			1278	96	
129853																												
129910																												
130345																												
130541		520	123	4	617	13	10																			1177	15	
131436																												
131717																												
131940																												
132107		630	9	55	258	1	40																			285	183	
132451																												
132778																												
132938																												
133579																												
133850		432	95	0	180	23	12																			228	0	
133971																												
134156																												
134437		250	0	79	3	0	0																			21	75	
134455																												
134848																												
135836																												
135854																												
136048																												
136338																												
136655																												
137205																												
137447																												
137456																												
137559																												
137643																												
137652																												
137915		88	0	338	8	94	0																			588	60	
138051																												
138257																												
138556																												
139133																												
139478																												
139553																												
139656		159	0	0	151	0	0																			553	60	
139740		928	0	0	128	21	0																			471	7	
139843																												
140157																												
140362																												
140634																												
141350																												
141556																												
141677																												
141958																												
142049																												
142179																												
142955																												
143372																												
143662	313	2001	17	38	394	41	0	0																	4016	1560	278	
143859																												
143952																												
144034																												
144052																												
144155																												
144678																												
144856		1349	9	5	602	171	169																			958	294	
144913																												
145059																												
145545																												
145554																												
145741																												
145844																												
146056																												
146663																												
147651																												
147679																												
147857																												
147923																												
148171																												
148238																												
148340																												
148470																												
148715																												
148920																												
149150																												
150035		491	91	461	443	314	0																			455	91	
150044																												
150727																												
151957																												
152057																												
152253																												
152440																												
153054																												
153353																												
154154																												
154770																												
155759																												
156457																												
156970																												
157155																												
157379																												
157650																												
157744																												
157856																												
158376																												
158741																												
159636																												
159645																												
159953																												
159971																												
160360		2066	0	0	26	1	0																			198	0	
160454																												
160959																												
161273																												
161602		4034	464	49	2708	450	0																			4510	194	
162337																												
163343																												
163549																												
163857																												
164153																												
164331																												
164377																												
164957																												
164975																												
165628		4201	452	81	2261	123	0		0																	3650	0	
165758																												
166111																												
166531																												
166652																												
167453																												
167752																												
168571																												
169354																												
169653		748	325	40	599	120	0																			1717	0	
169756																												
170257																												
170275																												
170332																												
171133																												
171656																												
171759																												
171768																												
172251																												
172457																												
172475																												
172859																												
173306																												
173557																												
173575																												
173641																												
173959																												
174321																												
174367																												
174572																												
175056																												
175140																												
175458																												
175609		192	0	0	134	73	0																			489	0	
176101		2202	85	0	4	20	0																			424	0	
176325																												
176437																												
176464																												
176642																												
177135																												
177443																												
177500																												
177555																												
177751																												
177920																												
178150																												
178244																												
178356																												
178851																												
179148																												
179335																												
179700																												
180144																												
180845																												
181963																												
182951																												
183668																												
183770																												
183958		175	0	0	251	25	0																			248	60	
184656																												
184759																												
185251																												
185448																												
185859																												
186221																												
186717																												
186744		798	99	2	543	0	321																			620	139	
187648																												
187947																												
188056																												
188177																												
188430																												
188449																												
188720																												
188739																												
188917																												
189129																												
189950																												
190563																												
190648																												
190947																												
190956																												
191355																												
191935																												
192147																												
192558		876	0	0	0	413	8																			704	94	
192651																												
192857																												
193162																												
193537																												
193649																												
193809																												
194440																												
194570																												
194936																												
195111																												
195157																												
195456																												
196752																												
196800		732	0	0	154	0	0																			279	86	
197142																												
197254																												
197302																												
197478																												
197759																												
198073																												
198149																												
198251																												
198961																												
199137																												
199351																												
199436																												
199463																												
200435		416	0	0	978	0	150																			1688	72	
201254																												
201834																												
202514																												
202541																												
202907		1650	24	906	964	207	280																			2361	536	
203043																												
203052																												
203575																												
204004																												
204237																												
204826																												
205243																												
205346																												
205458																												
205542																												
206156																												
206174																												
206473																												
206772																												
206950																												
207041																												
207050																												
207452																												
207470																												
207555																												
207845		1687	0	0	349	68	16																			744	113	
207872																												
208057																												
208244		19152	1047	325	5982	1020	2391		0																	7116	2186	
208347																												
208440																												
208459																												
208570																												
208655																												
208972																												
209148																												
209362																												
209559																												
209858																												
210238																												
210256																												
210434		225006	26740	85849	63851	985058	37610		693068																	866851	43955	
211114																												
211271																												
211338																												
211851																												
212018																												
212344																												
212522		1450	30	1	539	79	2																			286	118	
212577																												
213471																												
213538																												
213912																												
213958																												
214106																												
214414																												
214722																												
214807		0	0	0	0	5000	0																			12000	1000	
215345																												
215653																												
215662																												
215710																												
216164																												
216922																												
217059																												
218131																												
218261																												
218878																												
219044																												
219651		675	0	0	40	0	156																			0	0	
219679																												
220059		167	251	0	93	0	2																			205	142	
220527																												
220844																												
220974																												
221775																												
222156																												
222558																												
222754																												
223322		279	0	0	290	135	4																			350	7	
223452																												
223751																												
223845																												
224954																												
225054																												
225157																												
225559																												
225942																												
226949																												
227151																												
227357																												
227656																												
227777																												
228000																												
228158																												
228279																												
228345																												
229070																												
229173																												
229342																												
229454																												
229801		526	0	0	0	148	0		0																	410	0	
229913																												
230423																												
230610																												
230759																												
231279																												
232847																												
232856																												
233031		100000	5000	2000	18000	6000	2000		0																	16000	10000	
233246																												
233358																												
233442																												
233527																												
233554																												
234355		774	37	0	373	253	52																			487	75	
234506																												
234739																												
234841																												
235174																												
235231																												
235446																												
235530																												
235558																												
235950																												
236153		1341	1718	0	195	24	29																			332	284	
236256																												
236603																												
236706		6021	23	0	1361	377	1671																			21717	25	
236957																												
237066																												
237619																												
237954																												
238139																												
238250																												
238737																												
239556		385	77	0	419	20	19																			932	85	
239659																												
240954																												
241009																												
241157																												
241559																												
242257																												
242444																												
242949																												
242958																												
242976																												
243375																												
243414																												
243955																												
244037																												
244149																												
244158																												
244251		1047	87	0	38	388	0																			317	66	
245016																												
245276		0	1724	109	1114	3	0																			1349	0	
245351																												
245557		82	3	0	263	24	53																			607	0	
246022																												
246134																												
246451																												
246657		261	89	0	42	547	11																			1282	0	
246947																												
246956																												
247140																												
247355																												
247476																												
247551																												
247908																												
248240																												
248352																												
248455		732	119	0	132	234	0																			207	37	
248633																												
248745																												
249416																												
249612																												
249658																												
250430																												
250476																												
250850																												
251558																												
251745																												
251978																												
252041		352	404	27	1260	23	0																			1165	16	
252452																												
253356		1386	60	0	96	270	20																			1044	1840	
253468																												
253646																												
253730																												
254317																												
254504																												
254849																												
255350																												
255547																												
255556																												
255574																												
255659																												
256058																												
256076																												
256179																												
256553		1027	18	0	8	155	1																			228	219	
257233																												
257345																												
257578																												
257653																												
257756																												
258306																												
258379																												
258539																												
258771																												
258874																												
259059																												
259330																												
259442																												
259956																												
260055		815	140	0	405	130	0																			1311	228	
260831																												
261146																												
261360																												
261940																												
262059																												
262237																												
262358																												
262741																												
262844																												
262956																												
263243																												
263627																												
264455																												
264772																												
265340																												
265407		1401	13	163	275	11	0																			383	163	
265452																												
265676																												
266244																												
266253																												
266655																												
266851																												
266945																												
267652																												
268006																												
268136																												
268677																												
268828																												
268976																												
269049																												
269058																												
269571																												
269759																												
270148																												
270353																												
270504																												
270531																												
270652																												
271136																												
271275																												
271341																												
271529																												
272030																												
272058																												
272151																												
272272		241	180	51	148	27	0																			188	297	
272302																												
273336		996	0	24	86	25	56																			252	4	
273550																												
273653																												
273662																												
273840																												
273859																												
274025																												
274052																												
274829																												
274856																												
275255																												
275358		159	18	0	199	8	0																			278	12	
275479																												
275657																												
276074																												
276159																												
276551																												
276579		2048	0	0	684	1383	0																			12559	244	
276645																												
276654																												
276850																												
276953																												
277240																												
277277																												
277736																												
277820																												
278256																												
278555		368	11	0	353	8	0																			591	104	
278733																												
278751																												
278818		427	0	0	178	15	0																			460	19	
279105																												
279842																												
279954																												
280110		44818	2538	773	16064	5373	8462		0																	67640	10933	
280138																												
280352																												
280558																												
282075																												
282226																												
282824																												
283438																												
283652																												
283737																												
283867																												
284154																												
284239																												
284556																												
284752																												
284958																												
285151																												
285348																												
285544																												
285553																												
285740		472	21	0	47	17	0																			0	33	
285852		530	0	4	742	125	0																			633	281	
285928																												
286251																												
286457																												
286840																												
287007																												
287342																												
287922																												
287959																												
288152																												
288376																												
288853																												
289056																												
289225																												
289515		1586	125	1	875	37	241																			1414	203	
289702		182	0	0	709	30	0																			943	0	
289739																												
289757																												
290249		3366	160	0	486	24	0																			528	119	
290838																												
290922																												
291059																												
291376																												
291611																												
291732																												
292234																												
292467																												
292850																												
293053																												
293352																												
293437																												
293651																												
293754																												
294023																												
294751																												
294779																												
294827																												
295011																												
295057																												
295646																												
296456																												
296474																												
296559																												
296755																												
297051																												
297761																												
298049																												
298218																												
298245																												
299868																												
300009		137	22	0	382	1	0																			485	130	
300063																												
300353																												
300933																												
300942																												
301574																												
301800																												
302030																												
302133																												
302553																												
302656																												
303653																												
303701																												
303747																												
303952																												
304173																												
304520																												
304575																												
304762																												
304913		2518	0	0	0	0	0																			0	0	
305059																												
305077																												
305237																												
305442																												
306056																												
306159																												
306337																												
306908																												
307062																												
307334																												
307361																												
307679																												
308256																												
308340																												
308836																												
309150																												
309655																												
309851																												
310754																												
310978																												
311050																												
311144																												
311256																												
311265																												
311603																												
311658																												
311845		4929	618	116	2924	29	0																			6290	185	
311939																												
312244																												
312356																												
313009																												
313157																												
313223																												
313577																												
314257																												
314444																												
315656																												
316840																												
316859																												
316934																												
317258																												
317342		6861	768	41	4007	134	132																			8506	663	
317379																												
318974																												
319047																												
319551																												
320034																												
320052																												
320070																												
320119		16	0	0	5	18	0																			3043	8	
321152																												
321255																												
321273																												
321330		72	12	0	43	0	151																			94	0	
321947																												
322449																												
322551																												
323204																												
323651																												
324153																												
324229																												
324256																												
324340																												
324854																												
324863																												
324975																												
325141																												
325459																												
325534																												
326054																												
326344																												
326858		2061	537	63	618	1	0																			2252	358	
326979																												
327220																												
327305																												
327435																												
327556																												
327855		192	0	0	0	4	213																			30	10	
328058																												
328357																												
328656																												
328777																												
329149																												
329345																												
329550																												
329952																												
330239																												
330248																												
330855																												
330949																												
331076																												
331375																												
331544																												
331713																												
332224																												
332671																												
332756																												
333034																												
333203																												
333650																												
333856																												
333940																												
334264																												
335346																												
336147																												
336361																												
336576																												
337340																												
338646		1960	25	0	457	0	12																			680	35	
338945																												
339072																												
339353																												
339456																												
339607																												
339773																												
339858		34030	14733	1225	4978	5215	0																			18406	8387	
340135																												
340144																												
340256																												
340443																												
340742																												
340751																												
341310																												
342054																												
342362																												
342410		2389	10	6	1925	212	0																			2809	197	
342634		3428	916	116	901	1631	319																			3624	294	
343051																												
343248																												
343770																												
343903																												
343958																												
344647																												
344852																												
345309																												
345345																												
345747																												
345756																												
345877																												
346379																												
346566																												
346771																												
347022																												
347639																												
347956																												
348159																												
348720																												
349129																												
349343																												
350657																												
350750																												
351131																												
351560																												
351878																												
352370																												
352651																												
352745																												
352772																												
353238																												
353546																												
353555		3199	1398	17	1173	4	0																			4019	826	
353957																												
354253																												
354310		1997	5	145	318	119	0																			1489	232	
354552																												
354851																												
355120																												
355559																												
355858																												
356239																												
356659																												
356752																												
357526																												
357553																												
357777																												
357937																												
358112																												
358448																												
358756																												
359472																												
359744																												
360777																												
361055		1161	0	0	297	34	0																			690	35	
361167		1849	143	9	303	147	0																			1130	56	
361279																												
361354																												
361439																												
362043																												
362155																												
362717		405	95	18	412	60	0																			321	29	
362856																												
362940																												
363442																												
363648																												
363657																												
363778																												
364131																												
364270																												
364430																												
364850																												
365325		2281	429	236	441	444	610																			3957	1220	
365745		3	0	0	0	0	0																			604	0	
365848																												
365950																												
366078																												
366238																												
366247																												
366359																												
366658																												
366854																												
367150																												
367178																												
367431																												
367543																												
368054																												
368344																												
368522																												
368951																												
369453																												
369659																												
370020																												
370347																												
370721																												
370833																												
370954																												
371223																												
371232																												
371362																												
371559																												
371755																												
371849																												
371924																												
371942																												
372444																												
372538																												
372640																												
372855																												
373272																												
373553																												
373601																												
374130																												
374653		1580	245	0	527	980	0																			1500	970	
374774																												
375043																												
375379																												
375502																												
375566																												
375650																												
376237																												
376273																												
376442																												
376947																												
377663																												
377850																												
378044																												
378110																												
379050																												
379153																												
379470																												
379649																												
379920		4300	2301	777	2439	6340	1171																			7127	139	
380346																												
380458																												
380533																												
380878																												
380944																												
381026																												
381932																												
381950																												
382050																												
382069																												
382256																												
382274																												
382443																												
382537																												
382649																												
382658																												
382742																												
382854																												
384018																												
384278																												
384353																												
384652																												
384830																												
385350																												
385471																												
385547																												
385686																												
386432																												
386450																												
386731																												
386825																												
387055																												
387671																												
388155																												
388258																												
388557																												
388744																												
388753																												
388874																												
389358		1117	0	0	0	0	0																			0	0	
389376																												
390372																												
390840																												
391418																												
391557																												
391575																												
391959																												
391977																												
392152																												
392255																												
392778																												
393252																												
393355																												
393953																												
394156																												
394259																												
395238		13938	1388	289	632	1178	355																			13319	2165	
396057																												
396244																												
396253																												
396954																												
397456																												
397531		166	5	2697	910	229	0																			509	3	
397540		1275	448	0	1	64	0																			626	328	
397559																												
397755																												
397858																												
398051																												
398248																												
398668		0	0	79	293	36066	0		0																	0	2	
398837																												
399357																												
399517		395	161	62	980	483	0																			1246	133	
399731																												
399973																												
400057																												
400141																												
400365																												
400767																												
401072																												
401559																												
401755																												
401906																												
401951																												
402846																												
402873																												
403067																												
403151		179	156	0	146	15	0																			577	153	
403179																												
403254																												
403656																												
403870																												
403946																												
404653																												
404943																												
406022																												
406059																												
406666																												
406974																												
407168																												
407506																												
407645		102	1	0	476	86	0																			340	15	
407850																												
408307																												
408642																												
408875																												
409265																												
410159																												
410560																												
410748																												
410917																												
411062																												
411174																												
411231																												
411240																												
411549																												
411576																												
411624																												
411651																												
412153																												
412452																												
412555																												
412667																												
412751																												
412845																												
412872																												
413141																												
413208		5845	0	0	0	20390	0		0																	15384	0	
413347																												
413543																												
413646																												
413673																												
413758																												
414102																												
414652																												
414764																												
414858																												
416245		7512	1226	134	5523	171	748																			15097	1051	
416272																												
416339																												
416357																												
416656																												
416674																												
417626																												
417710																												
418100																												
418249		875	1860	10	709	218	71																			1472	767	
418436																												
419406		732	62	17	1614	35	0																			2511	548	
419675																												
419947																												
420578																												
420644																												
420877																												
421445																												
421539																												
422116																												
422433																												
422657																												
423159																												
423449		498	0	0	292	5	0																			175	4	
423636																												
423739																												
424156																												
424240		346	15	0	50	66	0																			163	36	
424352																												
424437																												
425050																												
425108																												
425818																												
425845																												
425911		271	87	8	191	37	0																			355	174	
426057																												
426141																												
426534		1657	127	2	1156	128	210																			2039	118	
426758																												
426945																												
427241																												
427353																												
427858																												
427960																												
428060																												
428462																												
428547																												
428855																												
429021																												
429487																												
430036																												
430054																												
430344																												
431172																												
431323																												
431350																												
432058																												
432432																												
433505		721	11	0	1246	68	0																			2909	0	
433608		2045	73	0	2936	266	0																			4151	317	
433859																												
433943																												
434203		1379	0	0	23	3	0																			55	0	
434539																												
435059																												
435077																												
435255																												
435666																												
435750																												
436159		118	0	0	97	18	0																			194	127	
436542																												
436739		296	41	0	311	90	0																			248	30	
436953																												
437044																												
437914		8542	119	181	1990	372	481																			5994	1145	
439132																												
439338		1019	0	0	64	83	4																			114	229	
439356																												
439404		327	0	0	620	105	0																			1393	70	
439730																												
440857																												
440978																												
441050																												
441078																												
441135																												
441256		589	4	0	664	18	0																			1007	169	
441359																												
441470																												
441630																												
442011																												
442057																												
442244																												
442655																												
443148																												
443205		311	2	74	364	44	0																			1087	264	
443353																												
443625																												
443634																												
444350																												
444556																												
444677																												
445674																												
445955																												
446130																												
446149																												
446176																												
447070																												
447100																												
447557																												
448040																												
448554																												
449038		5050	0	0	20	8	0		0																	122	73	
449430																												
449832																												
449935		170	3880	1185	21486	66	8																			10543	15	
450632																												
450669																												
450753																												
450856		4605	5071	126	2994	17505	0																			14572	849	
450959																												
451068																												
451246																												
451273																												
451965		162000	0	0	20000	4000	0		0																	182000	62000	
452159																												
452739																												
452841																												
453147																												
453446																												
454546																												
454658																												
454676																												
454975																												
455150																												
455253																												
455459																												
455552																												
455945																												
455972																												
456045		1931	92	62	5983	206	329																			885	0	
456054																												
456344																												
456755																												
457060																												
457220																												
457426																												
457752																												
458142																												
458544																												
458665																												
458946																												
459130																												
459372																												
459644																												
459671																												
460033																												
460275																												
460332																												
460350																												
460556																												
460770																												
461058																												
463605																												
463650																												
463735		8979	1414	514	2405	5112	0																			14455	2731	
464853																												
465038																												
465243																												
465524																												
465618																												
465672																												
466044																												
466240																												
466754																												
466932																												
467144																												
467470																												
467658		1484	0	0	0	96	5																			0	0	
467733																												
468673																												
468806																												
469250																												
469559																												
469737																												
470032																												
470050																												
470434																												
470452																												
471057																												
472018																												
472045																												
472148																												
472250																												
472531																												
472616																												
472951																												
472979																												
473042																												
473257																												
473266																												
473501		955	0	0	509	143	0																			1484	502	
473930																												
474058																												
474245																												
474254		4446	1	16	913	41	0																			5682	537	
474357																												
474450																												
474544																												
474656																												
474759		906	51	0	279	333	0																			1185	95	
474919		3544	5333	475	1680	42	0																			6012	1598	
475345																												
475354																												
475653																												
475756																												
476445																												
476472																												
476539																												
476810		51000	0	0	2000	999000	132000		851000																	157000	3000	
477303																												
477321																												
477349																												
477648																												
477844																												
478140																												
478195																												
479071																												
479268		1256	110	5	316	80	0																			1636	526	
479370																												
479446																												
479567																												
479754																												
479839																												
480059																												
480228		308000	3000	7000	154000	15000	0		0																	593000	162000	
480246																												
480330																												
480433																												
480723																												
480853																												
481159																												
481177																												
481579																												
481627																												
481748																												
481944																												
482053																												
482156																												
482370																												
482446																												
483274							7																					
483537																												
483751																												
484057																												
484776																												
485054																												
485139																												
485214																												
485456																												
485559		14471	342	677	1894	1300	0																			8954	172	
487142																												
487357																												
488318		5309	0	2	8	48	0		0																	96	51	
488420																												
488653																												
488756																												
489155																												
489249																												
489548																												
489623		7128	1545	0	4259	607	0																			8447	624	
490348																												
490450		969	75	0	150	119	0																			333	0	
490843																												
490955																												
491224		10000	5000	4000	6000	1000	1000		0																	18000	4000	
491402																												
491653																												
491934																												
492650																												
492810																												
493077																												
493152																												
493741																												
493844		560	137	0	154	24	0																			134	45	
494261																												
494654																												
495419																												
495558																												
496434																												
496845																												
496957																												
497039																												
497404		6827	0	81	68	3566	0		0																	4239	1175	
497655																												
497851																												
497954																												
498148																												
498317																												
498362		4112	45	0	518	263	0																			1520	495	
498456																												
498531																												
498625																												
498942																												
499154																												
499453																												
499501																												
499743																												
499752																												
499855																												
500256																												
500658																												
501105		61701	1178	4001	2460	9272	15275		0																	18317	3242	
501132																												
501459																												
501655																												
501767																												
501815																												
502111																												
502447																												
502559																												
502652																												
502746																												
502849																												
503547																												
503640																												
504142																												
504311																												
504535																												
504647																												
504713		126092	862	9357	34184	178747	65983		33923																	272795	39266	
505550																												
505916																												
507068		2840	1149	14	455	22	50																			1236	117	
507152																												
507349																												
507509																												
508270																												
508346		491	0	116	0	0	0																			86	226	
508355																												
509811																												
509857																												
509950																												
510330																												
510648																												
510871																												
510938		342	0	0	160	4	129																			329	60	
510947		24	0	0	0	0	0																			0	0	
511832																												
513256																												
513322																												
513340																												
513546																												
513854																												
514048																												
514057																												
514066		1190	31	0	326	46	33																			1431	564	
514132																												
514356																												
514655		1063	0	0	38	8	0																			195	0	
514936																												
515979																												
516154																												
516855																												
516873																												
517049																												
517357																												
517441																												
517674																												
518037																												
518176																												
518354																												
518877																												
519146																												
519360																												
519445																												
519874																												
520003																												
520423																												
520777																												
521158																												
521970																												
522034																												
522454																												
522605		1744	186	0	869	89	0																			3571	715	
522669																												
522753																												
523161																												
524579																												
524757																												
524766																												
524953																												
524971																												
525053																												
525549		991	47	0	565	22	0																			692	0	
526452																												
526519		138	27	18	175	33	0																			249	19	
526854																												
527057																												
527178																												
527600																												
527749																												
527954		6085	31	426	679	1207	163																			5082	1920	
528102																												
528241																												
528849																												
528960																												
529275																												
529341																												
529659																												
529958																												
530655		449	68	0	337	116	6																			1053	0	
530851																												
531157																												
531250																												
532042																												
532453																												
532752																												
533124																												
533227																												
533535																												
534073																												
534242																												
534466																												
534756																												
534859																												
534877																												
535034																												
535575																												
535753																												
535931																												
535940																												
536059																												
536349																												
536527																												
536554																												
536853																												
537243																												
537449		3067	861	0	1151	11	0																			1757	79	
537551																												
537560		1164	170	18	300	159	0																			900	127	
538222																												
538473																												
538754																												
538802																												
539032																												
539340																												
539377																												
539452																												
539872																												
540056																												
540542																												
540551		528	0	0	77	11	0																			161	102	
540739																												
540775																												
540850																												
541101		0	33000	46000	17000	3014000	0		763000																	0	1000	
541231																												
541307																												
541642																												
541754																												
541857																												
542153																												
542340																												
542528		166	0	0	695	2	0																			1073	110	
542667																												
542854																												
543262																												
543459																												
543945																												
544335																												
544447																												
544652																												
544951																												
545604																												
546003																												
546320																												
546535																												
546544																												
547251																												
547550																												
547840		409	3	0	240	28	0																			721	20	
548052																												
548267																												
548351																												
548472																												
548771																												
549862		2657	63	0	311	14	0																			103	3	
550279																												
550354																												
550448																												
550635		283	4	0	142	11	893																			305	7	
550653																												
550952																												
551016																												
552059																												
552161																												
552545																												
552956																												
552974																												
553038																												
553926																												
553944																												
554343																												
554857																												
555256																												
556011																												
556459																												
556936																												
557317																												
557438																												
557858		3128	2510	158	2413	1261	0																			8089	464	
559179																												
560214																												
560353																												
560438																												
560830																												
561145																												
561574																												
561659																												
561864		957	108	0	75	3	43																			414	8	
562058																												
563233																												
563336																												
563457																												
563934																												
564052																												
564324																												
564463																												
564557																												
564678																												
564838																												
565143																												
565170																												
565536																												
565750																												
565844																												
566056																												
566243																												
567240																												
567679																												
567736																												
568126																												
568135																												
568359																												
568377																												
568470		423	0	0	372	0	0																			407	112	
568939																												
570558																												
570651																												
571135																												
571265																												
571920																												
571957																												
572347																												
572374																												
572459																												
572655																												
573036																												
573335																												
574079																												
574949																												
574976																												
575133																												
575254		869	33	0	171	9	0																			350	0	
575348																												
575375																												
575759																												
575834																												
576354																												
576578																												
576608																												
576644																												
576952																												
577128		1414	1496	74	864	96	0																			1401	609	
577137																												
577230																												
578116																												
578237																												
578255																												
578554																												
578741																												
578862																												
579140																												
579319																												
579364																												
579636																												
580155																												
580548																												
580847																												
580874																												
581237																												
581358																												
582654																												
582878																												
582953																												
582971																												
583071																												
583268																												
583352		443	3	0	53	0	0																			90	0	
583754																												
583905		172	0	0	259	2	0																			338	204	
584377																												
584724																												
584920		523	48	0	379	8	0																			1248	23	
585749																												
586027																												
586072																												
586335																												
586960																												
587677																												
587800																												
588245																												
588348																												
589158																												
589523																												
589943																												
590220																												
590640																												
590976																												
591209		461	0	0	114	14	15																			626	64	
591320																												
591357																												
591366																												
592448		4935	46	0	0	0	0																			0	0	
592550																												
592644		538	0	20	406	1	0																			558	8	
593007		1401	0	112	668	41	0																			1163	434	
593052																												
593249																												
593333																												
593771																												
593940																												
594433																												
594451																												
594853																												
594938																												
594947																												
595270		3081	0	0	716	165	35																			4154	430	
595337																												
595430																												
595869																												
595944																												
596062																												
596156																												
596277																												
596455																												
596978																												
597041																												
597313																												
597452																												
597546																												
597658																												
598002																												
598048		398	203	0	946	0	0																			1091	107	
598132																												
598543																												
599643																												
599764		1124	0	0	63	55	414																			304	0	
600419																												
601032																												
601041																												
601050		23502	1764	2449	12361	5085	3279																			55102	5663	
601153																												
601416																												
601443																												
601658																												
602543																												
602842																												
603232																												
603540																												
603559																												
603755																												
604024		493	161	0	428	0	1																			225	9	
604033																												
604547																												
604640																												
605571																												
605610																												
605656																												
606046		13058	627	246	2829	207	1254																			5229	1002	
606176																												
606653																												
607146																												
608358																												
608844		1236	9	0	255	154	0																			507	58	
609010																												
609467																												
609476																												
609609																												
609832																												
610128																												
610164																												
610539																												
610557																												
610913																												
611031																												
612159																												
612878																												
613008		1428	1281	83	2767	88	741																			10275	951	
613156																												
613343		657	3	0	177	16	0																			536	76	
613400																												
613558																												
613679																												
613839																												
613950																												
613978																												
614256																												
614313		161	365	2	544	56	0																			452	173	
614368																												
614751																												
614948																												
615217																												
615253																												
615851																												
615879																												
615954																												
616036																												
616540																												
617051																												
617079																												
617145																												
617275																												
617743																												
618647																												
618740		242	7	0	534	18	0																			1063	186	
618777																												
618807																												
619701																												
619859																												
619877																												
621151		126	0	0	0	0	0																			0	80	
621357																												
621441																												
622037																												
622774																												
623052																												
623454																												
623548																												
623874																												
624246																												
624648																												
624778																												
624956																												
625056																												
625065																												
625159																												
625654		2899	48	0	1349	52	11																			3668	705	
625757																												
625850																												
625953																												
626101																												
627108		479	0	0	354	8	125																			545	120	
627854																												
628039																												
628123																												
628356																												
628552																												
629148																												
629353																												
629522																												
629746																												
630041																												
630340																												
630555																												
630658																												
631039																												
631150																												
631178																												
631422																												
631570																												
632410																												
632607		702	0	0	196	6	0																			965	0	
632858																												
633378																												
633640																												
634544																												
634955																												
635840																												
635907																												
636276																												
636753																												
636771																												
637170																												
637451		1652	23	18	443	608	119																			3231	93	
637554																												
638131																												
638355																												
638850																												
639549																												
639567																												
639633																												
639857																												
640143																												
640246																												
640442																												
640956																												
641449																												
641579																												
642437																												
643078																												
643274																												
643340																												
643658																												
644057																												
644141																												
644646																												
644776																												
644842																												
644954		5001	12	0	174	0	567																			0	270	
644963																												
645157																												
645317		989	124	70	480	68	0																			314	0	
645465																												
645540																												
645577																												
645625		8516	507	129	907	371	1390																			6424	0	
646042																												
646145																												
646172																												
646444																												
646471																												
646556																												
646743																												
646873																												
647218																												
647245																												
647414																												
647759																												
647777																												
647955																												
648130		1358	0	0	379	0	0																			2513	0	
648242		1503	170	0	955	26	29																			1972	3	
648251																												
648345																												
648550																												
649342																												
649632																												
651121																												
651149																												
651158																												
651354																												
651448																												
651541																												
651859																												
651952																												
652043																												
652070																												
652874																												
652959																												
653134																												
653433																												
653611																												
653778																												
653947																												
654047																												
654300																												
654579																												
655530																												
655839																												
656032																												
656377																												
656470																												
656658																												
656779																												
657178																												
657271																												
657365																												
657459																												
657758																												
657954																												
658072																												
658474																												
658924																												
659341																												
659556																												
659640																												
659855		3275	1331	16	2425	215	0																			6562	2117	
660066																												
660253																												
660271																												
660570																												
660655																												
660879																												
660927																												
661072																												
661223																												
661308		0	0	2928	1052	3950	0																			118	21	
661474																												
662350																												
662369																												
662949		1785	33	0	472	82	0																			802	210	
663245		5942	513	280	2329	241	173																			5409	605	
663638																												
663656																												
663834																												
663955																												
664206		1374	0	0	1405	20	11																			2952	484	
664653																												
664756		4231	608	68	422	83	579																			917	552	
665146																												
665258																												
665865																												
666059																												
666358																												
666554		263	0	0	134	77	0																			316	67	
666844																												
666974																												
667029																												
667346																												
667524																												
667551																												
667757																												
668053																												
668147																												
669555																												
670430																												
670467																												
670560		443	0	0	14	0	0																			1926	90	
670654																												
670748																												
670878																												
671053																												
671147																												
671334																												
671464																												
671558																												
672238																												
672247																												
672537																												
672573																												
673244																												
673440		770	486	0	334	71	67																			902	76	
673477																												
673851																												
673909																												
674344																												
674849																												
675042																												
675079																												
675248																												
675341																												
675659																												
675855																												
676049																												
676151																												
677176		1741	0	0	472	146	0																			1367	212	
677354																												
677448																												
677644		497	10	0	134	0	64																			155	38	
677756																												
677970																												
678052																												
678070																												
678258																												
678454																												
678557		43	1	0	36	66	0																			94	4	
678744																												
679451																												
680130																												
680457																												
680813																												
681043																												
681249																												
682143		968	18	0	258	40	171																			0	56	
682563		30424	3521	353	2900	3044	0																			19358	6145	
682648																												
683449		121	139	0	203	6	0																			307	32	
683814																												
684455																												
685023																												
685676																												
686459																												
686570																												
686758																												
687054																												
687830																												
687951		995	290	0	465	109	38																			735	118	
688079		0	0	0	0	0	0		0																	0	0	
688453																												
688556																												
689209																												
689357																												
689759		307	28	0	45	1629	0																			3	0	
691042																												
691743																												
691958																												
692450																												
692704		16977	46472	56326	4910	0	0																			0	35208	
692946		230	29	0	375	0	49																			464	12	
693073																												
693224		4466	85	2	1762	331	6																			6108	921	
693345		1012	120	5	357	147	138																			601	457	
693952																												
694146																												
694771																												
694847		478	5	5	440	9	0																			442	45	
694904																												
695349																												
695947																												
696047																												
696168																												
696430																												
696645																												
697035																												
697147		156	0	0	82	0	0																			426	14	
697156																												
697231																												
697763		1688	0	0	0	11	0																			67	0	
697950																												
698144																												
698546																												
698649																												
699105																												
699253																												
700140																												
700252																												
700430																												
700458																												
701062		1128	0	4	184	663	64																			863	79	
701222																												
701839		628	0	0	174	35	0																			1102	0	
701857																												
702117		5791	2126	104	954	917	92																			3777	0	
702359																												
702612																												
702836																												
702911																												
703039																												
703552		0	0	0	0	6480	0																			0	0	
703767																												
705378																												
705556																												
706030																												
706058																												
706236																												
706254																												
706450																												
706656																												
707354																												
708379																												
709143																												
709451																												
709554																												
709602																												
709639																												
709956																												
710176																												
710859																												
711472		65	0	0	0	9	170		0																	0	0	
711520																												
711548																												
711753																												
711801		384	6	0	503	74	0																			935	0	
712059																												
712648																												
712956																												
713252																												
713476																												
713926																												
714165																												
714437																												
714839																												
714978																												
715032																												
715050																												
715144																												
715340																												
715470																												
715630																												
715872																												
715975																												
716374																												
716833																												
716851		759	0	0	0	129	1000																			65	2	
716954																												
717232																												
717670																												
717737																												
717924																												
718145		119	53	0	350	162	0																			182	0	
718275																												
718538																												
719030																												
719610																												
719656																												
719964																												
720157																												
720344																												
720746																												
720858																												
721350																												
721752																												
721949																												
722227																												
722432																												
722544		628	244	0	351	39	0																			508	195	
722777																												
722816																												
723112	206000	40000	4000	1000	32000	21000	8000		0																	89000	10000	
723158																												
723550																												
723653																												
724744																												
724904																												
724940																												
725077																												
725732																												
725741																												
726458																												
726953																												
727174																												
728948																												
728957																												
729011																												
729057																												
729178																												
729310																												
729842																												
729945																												
731050																												
731247		1214	1315	0	2596	24	0																			2947	209	
731957																												
732178																												
732253																												
732637																												
732758																												
732918																												
732954																												
733054																												
733540																												
733559																												
733661																												
733755																												
733951		90	86	0	238	0	10																			444	22	
734248																												
734350																												
734538																												
734613																												
735067																												
735414																												
735441		234	188	1	480	46	18																			636	278	
735973																												
736158																												
736550																												
737548																												
738013																												
738040																												
738143		670	0	0	15	0	0																			80	0	
738255																												
738303																												
738657																												
738769		324	51	5	131	5	0																			336	89	
739346																												
739355																												
739560		2503	0	0	0	0	0																			0	0	
739832																												
740249																												
741068																												
741152																												
741330																												
741358																												
741844		105	0	0	114	0	0																			151	0	
741956																												
741974																												
742056																												
742542																												
742944																												
743679																												
743950																												
744854																												
745347																												
746157																												
746755																												
746942																												
746979																												
747051																												
747257																												
748254																												
748357																												
748441																												
748964		1397	17	0	50	0	0																			0	34	
749242		1196	2435	165	121	149	0																			127	36	
749635																												
749840																												
749943																												
750051																												
750127																												
750341																												
750444																												
750846																												
751254																												
751656		525	0	0	323	0	0																			561	0	
751852																												
752831																												
753052																												
753324		1404	29	0	270	24	11																			817	74	
753641																												
753856																												
754068																												
754246																												
754536																												
754826																												
754853		1756	401	0	499	37	0																			644	419	
754929		449	150	0	0	10	8																			540	0	
755252																												
755421																												
755458																												
756343																												
756848																												
757377																												
757452																												
757779																												
758703																												
758842																												
758851																												
759045																												
759625																												
760210																												
760331																												
760340																												
760434																												
760649																												
760854																												
760939																												
760957																												
761244																												
761459																												
761543																												
761806		2160	96	244	519	195	1																			2073	293	
761833																												
761851																												
761954																												
762045																												
762447																												
762474																												
762773																												
763211																												
763677																												
763930																												
764030																												
764058																												
764067																												
764142																												
764151																												
764816																												
765318																												
765354																												
765505																												
765662																												
765877																												
766052																												
766164																												
767152																												
767246																												
767255																												
767554																												
767572																												
767611																												
767732																												
767974																												
768458																												
768476																												
768953																												
769334																												
770451																												
770545																												
770639		435	28	0	122	44	0																			343	0	
770657																												
770853																												
771047																												
771140																												
771458		738	10	6	311	0	0																			891	24	
771609		545	232	194	505	35	0																			954	490	
771748																												
771878																												
772008																												
772446		42321	0	124	133	947	6299																			186	1663	
772754																												
773032																												
773171																												
773247		8062	846	0	1647	118	29																			2773	242	
773443																												
773470																												
773742																												
774132																												
774235																												
774253																												
774347																												
775054																												
775241																												
775456																												
775773																												
776369																												
776547																												
777254																												
777366																												
777441																												
777870																												
778738																												
779016																												
779351		383	194	0	341	1	1																			363	182	
779641																												
779650																												
779968																												
780049																												
780218																												
780263																												
780722																												
780955																												
782016																												
782306																												
782548																												
783161																												
783246																												
783349																												
783648		688	0	0	1464	30	289																			753	0	
783844																												
783910																												
784159																												
784430																												
785147		817	770	0	757	83	0																			978	44	
785473																												
785857																												
785923		2607	7	0	303	0	0																			254	180	
785950																												
786210																												
786256																												
786555																												
786612		445	0	15	143	53	18																			393	174	
786733																												
786948																												
787459																												
787842																												
788559																												
788652																												
788773																												
789051																												
790150																												
790271																												
790543																												
790703																												
790918																												
791072																												
791353																												
791821																												
791942																												
792453																												
792640																												
792659																												
794149																												
794345																												
794475																												
794653																												
795249																												
795548																												
795959																												
795968		7823	66	400	1502	549	0		0																	9865	3710	
796152																												
796657																												
797140																												
797775																												
798512																												
799751																												
799854																												
799939																												
799948																												
800134																												
800442																												
800479																												
800853																												
801047																												
801056																												
801654																												
803256																												
803265																												
803649																												
803658																												
803957																												
804150																												
804338																												
804374																												
804422																												
804860																												
805045																												
805250																												
805335																												
805755																												
805876																												
806846																												
806958																												
807348																												
807432																												
807656																												
807955		539	93	0	213	65	0																			1143	0	
808260																												
808345																												
808653																												
809070																												
809276																												
809379																												
809650																												
809771																												
810544																												
811046		3181	2193	22	836	1382	510																			1102	45	
811457																												
811541																												
811550																												
811747																												
812379																												
812436																												
812557																												
812614																												
813572																												
813853																												
814074																												
814355																												
814430		136	0	0	37	134	0																			538	0	
814458																												
814476																												
814551																												
814711																												
815053																												
815147																												
815156																												
815277																												
815754																												
815772																												
816256																												
816304																												
816603		2851	393	330	2918	154	319																			7294	783	
816751																												
817477		224	0	0	102	0	32																			90	35	
817824		124398	7542	8184	58515	20943	11109		0	0	0	0	0	0	0	0	0	0	0	0	0	0	0	0		192931	55297	
818401																												
818540																												
818559																												
818652																												
819154																												
819172																												
819453																												
819556																												
819855																												
820048		596	0	0	169	1	50																			510	20	
820301																												
820477																												
820842																												
820879																												
821036																												
821157																												
821559																												
821643																												
822042		512	35	0	484	44	44																			335	71	
822051																												
822275																												
822556																												
822631																												
823133																												
823142																												
823450																												
823478																												
823553																												
823638																												
823656																												
824242																												
824653																												
824671																												
824738																												
825146		627	0	0	775	22	0																			783	16	
825454																												
825548																												
825753																												
825847																												
825940																												
826451																												
826648																												
826956																												
827355																												
827458																												
827560																												
828110																												
828174																												
828473																												
828651		943	0	0	110	88	115																			711	212	
829032																												
829041																												
829050																												
830113																												
830252																												
830355																												
830542		624	42	0	191	121	0																			410	112	
830645																												
830748																												
831008																												
831576																												
831642																												
831875																												
831941																												
832528																												
832546																												
833404																												
833749		4615	1816	0	1309	93	9																			0	590	
833851																												
834175																												
835079																												
835257																												
835378																												
835444																												
835613																												
835659																												
835743																												
835770																												
836656																												
836843		1817	0	0	958	87	0																			1916	126	
837046																												
837149																												
837158																												
837354																												
837448																												
837541																												
837608																												
837653																												
837840																												
837952																												
837970																												
838155																												
839068																												
839246																												
839255																												
839572																												
839817																												
839974																												
840019																												
840251																												
840354																												
840363		287	145	0	279	62	0																			588	38	
840747																												
841472																												
841753																												
841838																												
842376																												
842460																												
842853																												
843476																												
843953																												
844053		2019	190	0	377	206	55																			1445	306	
844138																												
844455																												
844567																												
845247																												
845573																												
846132																												
846945																												
847157																												
847979																												
848248																												
848453																												
849076																												
849348																												
849357																												
849432																												
850036		1053	1642	40	2692	205	1																			4765	0	
850054																												
850456																												
851060																												
851172																												
851239																												
851631																												
852218		149000	96000	87000	36000	1076000	100000		991000																	1092000	126000	
852254																												
852320		77000	3000	4000	1000	13000	1000		0																	92000	16000	
852544																												
852704																												
852713																												
852973		2614	50	136	358	108	0																			592	437	
853251																												
853671																												
853747																												
853804																												
853934																												
853952		5787	150	76	4318	820	0																			11021	1538	
854173																												
854753																												
854847																												
855143																												
855264																												
855303																												
855563																												
855741																												
855844																												
855956																												
856159																												
856243																												
856346																												
856458																												
856542																												
856748																												
856869																												
857259																												
857455																												
857745																												
857811																												
857941																												
858153																												
858443																												
858452																												
858528																												
858818																												
858854																												
859002																												
859141																												
859552																												
859655																												
859712																												
860053																												
860147																												
860231																												
860259																												
860334																												
860352																												
861153																												
861658																												
861854																												
862057																												
862141																												
863362																												
863607																												
863652																												
863746																												
864378																												
864471																												
864846																												
864855																												
865142																												
865151																												
865450																												
865544																												
865759																												
865852																												
866000		792	922	17	1337	35	0																			1564	0	
866121																												
866251																												
867070																												
867632																												
867650																												
867856																												
868059																												
868572																												
868956																												
869346																												
869551																												
869663																												
869953																												
870539		392	5	0	155	105	0																			170	7	
870650																												
870856																												
870913																												
871358																												
871648																												
871769																												
871956																												
872047																												
872579																												
873259																												
874050																												
874452																												
874845		3795	468	53	534	346	0																			0	338	
875048																												
875057																												
875132																												
875655																												
875758																												
875879																												
875936																												
876157																												
876634		2702	35	0	678	10	0																			864	139	
876700																												
877350																												
877752																												
877958																												
879439																												
879457																												
879550																												
879644																												
879747																												
880332																												
880855																												
881012																												
881441																												
881478																												
881852																												
881900																												
882242																												
882541																												
882701																												
882952																												
883351																												
883959																												
884303		1558	1069	5	797	194	234																			1588	415	
884358																												
884376																												
884442																												
884648																												
884657																												
885252																												
885430																												
885579																												
885869		315	39	2	147	23	0																			372	105	
886204																												
886624																												
887340																												
887827																												
887854																												
888002																												
888141		322	0	0	84	1	0																			245	40	
888271																												
888552																												
888833																												
890050																												
890649																												
890742																												
890957																												
891226																												
891253																												
892205																												
892223																												
893855																												
894272																												
894348																												
894544																												
894834																												
895055																												
895448																												
895710		653	579	33	780	73	198																			1271	482	
896155																												
897170																												
897237																												
897451																												
897648																												
897853																												
898458		411	0	0	347	16	0																			857	0	
898579																												
898627																												
898850																												
899008																												
899343																												
899428		213	3	0	280	8	0																			1110	151	
899642		207	4	0	143	72	0																			329	0	
899651																												
900034																												
900146																												
900306																												
900502																												
900678																												
901134																												
901358																												
901451																												
901938																												
901974																												
902645																												
902672																												
903240																												
903754																												
903950																												
904171																												
904359																												
904845																												
905356																												
905673																												
906241																												
906410																												
907444																												
907547		365	0	0	125	48	0																			135	141	
908450																												
908553																												
908861																												
909055																												
909756																												
910079																												
910118																												
910239																												
911160																												
911339																												
911759																												
911973																												
912756																												
913146																												
913436																												
913753																												
913856		1707	0	0	66	20	0																			203	5	
914545																												
914648																												
914853																												
915056																												
915065																												
915878																												
915935																												
916343																												
916745																												
916857																												
917050																												
917500																												
917555																												
917630																												
917742		12167	8263	469	5264	923	0																			5168	1561	
917854																												
918132																												
918150																												
918356																												
918477																												
918655																												
918776																												
918879																												
918918																												
918954																												
919344																												
919456																												
919568																												
919773																												
920210																												
920359																												
920733																												
920854																												
920975																												
921039																												
921178		1415	15	0	188	557	0																			515	280	
921655																												
921879																												
921936																												
922157																												
922344																												
922559																												
922924																												
923257																												
923350																												
923707																												
923752																												
923855																												
923949																												
924058																												
924236																												
924254																												
924357																												
924553																												
924937																												
925037																												
925055																												
925354																												
925411		0	0	0	0	34798	11707																			0	0	
925653																												
926632																												
926650																												
926959																												
927077																												
927134																												
927479																												
928056																												
928421																												
928618		1251	839	691	819	252	26																			728	60	
929352		1379	3008	0	2215	288	0																			6825	614	
929932																												
929978																												
930358																												
930442		184	0	0	1	16	0																			306	0	
930853																												
930965																												
931038		192	130	0	15	0	0																			300	108	
931047																												
931159																												
931207		7798	0	32	0	0	0																			55	938	
931270																												
931355																												
931458																												
931944																												
932642																												
932745																												
932978																												
933023																												
933041																												
933256		785	23980	2	5923	8982	1427																			2705	352	
933340																												
933377																												
933621		1796	38	1	188	2	84																			385	370	
933966		1420	25	144	315	167	20																			3776	222	
933975		1075	0	0	543	0	234																			112	0	
934271																												
934329		85000	2000	0	18000	36000	0		0																	213000	32000	
934673																												
935250		723	2	0	200	5	5																			405	0	
935308																												
935559																												
935577																												
935719																												
936136		1383	593	0	464	37	82																			1299	33	
936426		1459	1	0	138	25	4																			510	380	
936462		3345	19	0	466	228	0																			2202	75	
936583																												
936640																												
936837																												
936855		10750	341	65	5066	14046	0		193																	17123	2869	
937339																												
937553																												
937740																												
937759																												
937834																												
937843																												
938354																												
938550																												
938859																												
939070																												
939249																												
940021																												
940311		0	10000	2000	0	1000	0		0																	0	0	
940674																												
940731																												
940852																												
941541																												
941804																												
942454																												
942539																												
942847																												
943143																												
943152																												
943273																												
943675		326	0	0	135	38	0																			384	35	
943853																												
943974																												
944047																												
944337																												
944355																												
944627																												
944739																												
944748																												
944935																												
945026																												
945053		614	133	0	736	85	0																			751	44	
945071																												
945950																												
946274																												
946555																												
947525																												
947749																												
947776																												
948250																												
948278																												
948531																												
949154		1702	559	0	368	230	0																			1518	46	
949453																												
950141																												
950178																												
950356																												
950758																												
951102																												
952172																												
952257																												
952677																												
952846																												
953535																												
953843																												
953852																												
954158																												
954251																												
954279																												
954653																												
954671																												
955753																												
955940																												
955959																												
955977																												
956134																												
956152																												
956255																												
956358																												
956376																												
956527																												
956554																												
956750																												
956938																												
956956																												
957757																												
958204		482	10	0	419	65	0																			848	15	
958231																												
958558																												
958763																												
959304																												
959443																												
959630																												
959715																												
960047																												
960551																												
960935																												
961259																												
961343																												
961400		1530	0	0	0	27	0																			0	52	
961446																												
961576																												
961624																												
961811																												
962313																												
962890																												
962966																												
963002																												
963730																												
963945																												
964157																												
964250																												
965051																												
965789																												
966272																												
966722																												
966731																												
966973																												
967046																												
967952																												
968070																												
968155																												
968249																												
968744																												
969059																												
969255																												
969639																												
969844																												
969956																												
970055																												
971070																												
971379																												
971959		845	3104	38	612	0	1																			895	240	
972143																												
972406		1049	2654	3663	970	0	3153																			12378	4621	
972648																												
972732																												
972750																												
972769																												
972862																												
973252																												
974558																												
974754																												
975153																												
975256																												
975452																												
975751		18434	52	13	4392	1451	307																			40027	2892	
975854																												
976534																												
976552		447	0	0	111	47	4																			697	2	
976703		55760	406	477	26640	4188	40151																			261439	28551	
976954																												
977045																												
977250																												
977616																												
977652																												
977951																												
978118																												
979133																												
979151																												
979629																												
979759																												
980438																												
980531																												
980661		3349	904	1925	3	1280	3848		0																	6025	999	
980773																												
980951																												
980960																												
981350																												
981453																												
982142																												
982348																												
982553																												
983055																												
983158																												
983457																												
983550																												
984258																												
984351																												
984454																												
984856																												
985451																												
985479																												
986159																												
986551																												
986757																												
986935																												
987231																												
987259																												
987576																												
987651																												
987848																												
988144																												
988153																												
988256																												
988452																												
989141																												
989347																												
989534																												
989730																												
989851																												
990053																												
990352																												
990642																												
991078																												
991135		418	0	2	73	12	56																			26	0	
991340		2694	2282	267	1947	195	853																			5332	361	
991359																												
991555																												
991621																												
991854																												
992851																												
993250																												
994435																												
994770																												
995076																												
995272																												
995517																												
995571																												
995674																												
995955																												
996260																												
997155																												
997557																												
997847																												
998358																												
998648																												
998657																												
998844		568	174	0	238	24	24																			45	104	
999935																												
1000052																												
1000276																												
1000641																												
1000856																												
1000959																												
1001059		1196	78	0	166	0	105																			71	60	
1001152																												
1001639																												
1001648																												
1001853																												
1002373																												
1002458																												
1002878		1349	942	373	621	231	362																			1362	673	
1002953																												
1003455																												
1003558																												
1003839																												
1003950																												
1004256																												
1004470																												
1005075																												
1005552																												
1005655																												
1005851																												
1006148																												
1006157																												
1006513		1164	36	6	318	5	0																			161	0	
1006559																												
1006652																												
1007015		944	378	0	1398	20	187																			2451	373	
1007051																												
1007154																												
1007417		482	64	0	389	84	0																			1001	211	
1007734																												
1007752																												
1007819		634	0	11	323	12	0																			915	57	
1007873																												
1007930																												
1007958																												
1008076																												
1008151																												
1008209																												
1008450																												
1008553																												
1008674																												
1008955																												
1009242																												
1009354		0	0	0	0	0	0																			0	0	
1009756																												
1009840																												
1010015																												
1010574																												
1011432																												
1011526	3968	1658	71	352	1100	370	0	152																	1949	1848	366	
1011638																												
1011656																												
1011852																												
1011955							479																					
1012251																												
1012457																												
1013070																												
1013650																												
1013744																												
1014059																												
1014125		705	0	0	181	2	0																			0	33	
1014246																												
1014255																												
1014376																												
1014451																												
1014554																												
1014657																												
1014853																												
1015252																												
1015270																												
1015458																												
1015560																												
1015841																												
1015850																												
1016174																												
1016231																												
1016259		116	29	0	388	323	2																			284	34	
1016558																												
1016718																												
1016848																												
1016857																												
1016941																												
1017425																												
1017555																												
1017564																												
1017854																												
1017939		751	7	0	441	37	0																			1442	178	
1017957																												
1018927																												
1157415																												
1160509																												
1162017																												
1163283																												
1169650																												
1176881																												
1176920																												
1187001																												
1187551																												
1188772																												
1188987																												
1190476		1197	562	4	62	164	8																			2620	24	
1191352																												
1216022																												
1218446																												
1222519																												
1222948																												
1225752																												
1225761																												
1225798																												
1228034		261	82	5	92	47	0																			540	0	
1293078																												
1356768		1299	24	36	565	165	0																			816	613	
1369870		384	6	0	503	74	0																			935	0	
1386251		3185	542	31	1138	1190	0																			1283	910	
1387203																												
1387605																												
1391778																												
1394621																												
1394676																												
1396764																												
1397471																												
1402384																												
1404481																												
1404883																												
1414819																												
1418255																												
1429028																												
1435092																												
1436204		599	0	0	109	4	0																			460	3	
1443266																												
1444021		0	159123	102156	14471	0	293928		0																	214080	4300	
1445943		231	268	0	688	0	35	0		0	0	0	0	0	0	0	0	0	0	0	0	0	0	0		558	47	
1447639		1117	51	0	308	50	42																			1496	219	
1456501																												
1458608		381	546	0	176	273	0																			177	0	
1459717																												
1459735																												
1459799																												
1462986																												
1469677																												
1470150																												
1474309																												
1479470		373	0	0	150	50	0																			271	51	
1481745																												
1492817																												
1493319																												
1494482																												
1494914																												
1629903		12386	9194	469	5244	923	0																			5168	1561	
1718188																												
1718469																												
1820979		5309	381	111	540	0	0																			0	441	
1836701																												
1842065																												
1863097		1242	61	0	1601	157	0																			5057	8	
1864197																												
1867983																												
1872941																												
1879016																												
1883321		6685	61	23	2085	155	0																			3727	0	
1885932																												
1890525																												
1892154																												
1893049																												
1917301		5753	47	703	929	721	1270		0																	1980	9	
1918344																												
1929247		3480	0	4	1694	142	190																			5284	82	
1940747																												
1945247																												
2002222																												
2006024																												
2007991																												
2009605																												
2010722																												
2037185																												
2044811																												
2044820																												
2051127																												
2059990																												
2068107																												
2107181																												
2119773																												
2121196																												
2122997																												
2123930																												
2132941		3670	410	27	117	201	910																			4225	0	
2140348																												
2142155		1402	7	0	547	461	237																			1820	388	
2163477		32696	0	0	901	105	37																			3938	8291	
2182786		0	0	0	0	0	5000		0																	0	0	
2193616																												
2209553																												
2218443																												
2232757																												
2233875																												
2236821																												
2239288																												
2262718		13938	1388	289	632	1178	355	289																		13319	2165	
2265456		12162	2487	1128	2375	5257	14991																			48642	1738	
2297998																												
2298995																												
2304636																												
2305969																												
2316714																												
2317672																												
2325882		15943	0	0	5	0	0																			65	1976	
2328137																												
2328285		6027	0	0	467	3970	0																			130	158	
2329200																												
2332910																												
2333140																												
2337335		0	0	0	0	0	0																			0	0	
2339599																												
2339795																												
2343167																												
2344753		3479	176	3	2274	463	0																			3837	306	
2353595		628	42	7	98	6	48																			282	107	
2354985																												
2356091																												
2358769		22	517	0	92	33	0																			453	7	
2362458																												
2371816																												
2390929		861	758	126	955	25	0																			2416	83	
2391588																												
2396592																												
2396604																												
2398701																												
2434113																												
2451240																												
2465881																												
2467670																												
2471239																												
2482824																												
2489805																												
2490285																												
2497181		219	0	0	48	0	0																			272	0	
2502825																												
2505424																												
2505451																												
2505460																												
2508751																												
2515320																												
2529176		1026	0	0	215	386	0																			778	25	
2531562																												
2531991		3188	0	0	0	0	0		0																	0	3	
2533043																												
2536633																												
2539960																												
2562137																												
2562164																												
2567123		0	0	0	0	2125	18181																			33139	0	
2568063		153	0	0	4552	33	1048																			9399	0	
2576134																												
2577739																												
2580243																												
2587916																												
2594240																												
2594419																												
2596646		311	66	0	156	0	0																			291	19	
2597223		9631	0	0	25	419	0																			580	170	
2597232		2798	0	0	67	88	0																			421	0	
2598396																												
2600039		0	0	0	0	39874	679																		239412	0	0	
2602828																												
2605566																												
2607412																												
2608754																												
2610784																												
2614344																												
2615190																												
2615220																												
2618780		1470	0	0	39	2	0																			182	0	
2619714																												
2621285																												
2621940																												
2624400																												
2625724																												
2631172																												
2631846																												
2634191																												
2634351																												
2641827		209	0	0	43	0	87																			2035	0	
2642598		129	252	0	0	0	0																			4830	50	
2643595																												
2649177																												
2651899																												
2652092																												
2654911	21743	0	446	379	0	37409	0	26839		0	0	0	0	0	0	0	0	0	0	138	29	0	138	29	47738	481	2993	
2661861																												
2666400																												
2667920		7298	0	0	60	5	97																			1256	88	
2667939																												
2667957																												
2668598																												
2684552																												
2686211																												
2687133																												
2687487																												
2693264																												
2694681																												
2696180																												
2697963																												
2700984																												
2702764																												
2705112																												
2705895																												
2708122																												
2713920		10659	0	0	290	153	0																			663	312	
2716088																												
2718596																												
2719810		5753	47	703	929	721	1270																			1980	9	
2723376		3564	0	0	0	119	0																			0	0	
2724766																												
2726050																												
2729677		0	6439	8	256	111071	0																			0	0	
2730431																												
2732565																												
2733263																												
2734729																												
2735137																												
2735146																												
2736219																												
2736291																												
2736451																												
2736714																												
2737980																												
2743244																												
2745426																												
2745529		1771	16	0	878	102	5																			1677	250	
2746245																												
2747279																												
2747466																												
2747587																												
2748502																												
2753917		158	0	0	23	0	3																			136	28	
2754222																												
2756730																												
2756909																												
2757205																												
2758613																												
2759629																												
2764212																												
2769570																												
2769954																												
2771694																												
2774707																												
2775151																												
2775179																												
2775692																												
2785477																												
2785646																												
2787770																												
2791085																												
2793593																												
2794732																												
2796277		1813	17	46	791	60	0																			2793	342	
2797162																												
2797210		717	262	55	395	52	203																			938	47	
2797359																												
2797724																												
2800491																												
2805535																												
2805928																												
2806635																												
2806840																												
2806877																												
2807173																												
2808602																												
2809373		9130	0	0	24	1053	0																			0	0	
2811086																												
2815879																												
2819167																												
2819242																												
2820604																												
2823221																												
2826017		20843	196	342	8512	222	792																			47110	23485	
2833882																												
2834759																												
2835103																												
2836306																												
2838207																												
2839790																												
2845782		985	0	0	0	15	371																			77	0	
2847085																												
2847142																												
2849285																												
2849463																												
2849801																												
2850722																												
2855866																												
2857600																												
2858492																												
2858960																												
2860039																												
2860271																												
2861317																												
2867337																												
2869162																												
2871099																												
2871558																												
2873598		2587	0	0	502	20	214																			1959	77	
2877345																												
2877484																												
2877831																												
2877840																												
2880019																												
2881445		3144	0	0	9402	487	0																			15168	138	
2882983																												
2889227																												
2891622																												
2897633																												
2901558																												
2903123																												
2905761																												
2907019																												
2907439																												
2912750		2310	11	0	542	108	9																			926	188	
2913702																												
2914268		15632	163	0	3580	280	0																			0	0	
2914727																												
2915461																												
2916534																												
2916963		1985	0	0	0	287	860																			0	0	
2917184																												
2917317																												
2919898																												
2920287																												
2920773																												
2921622																												
2921659		5904	72767	5047	0	33119	3880																			11398	1684	
2925620																												
2925666		6020	451	657	2480	2588	164																			5753	417	
2929392		350	83	0	328	100	0																			875	89	
2938198																												
2938787	4086	6594	3960	55	4333	756	0	0																	26163	12861	1711	
2939001																												
2939391																												
2941068		944	1749	2	398	21	0																			1807	209	
2943615																												
2947556																												
2948058																												
2948423																												
2949970																												
2953418																												
2954059																												
2954497																												
2958972																												
2960555																												
2960788		222	0	0	0	0	0																			0	299	
2963266																												
2963275																												
2963864																												
2970657																												
2973041		432	167	0	1544	7	0																			1295	117	
2973386		346	0	1502	32	175205	0																			0	0	
2980209																												
2986407																												
2989006																												
2992547																												
2997216																												
2997748																												
2998576																												
3005097																												
3010363																												
3015939		981	54	7	457	334	287																			2122	105	
3016347																												
3017081		0	29435	4988	641172	3472	11063																			503031	7534	
3019982																												
3020447																												
3022610																												
3025929																												
3027763																												
3029253		464	1597	0	5080	0	587																			3616	3965	
3029589		467	12	0	379	0	104																			927	160	
3032833																												
3034257																												
3039636																												
3040418																												
3041358																												
3042234																												
3045383	1392	9636	0	0	30101	0	0	0																	121887	84641	490	
3047659																												
3048487																												
3049635																												
3052813																												
3066025		56051	6242	5463	205	3441	0		0	0	0	0	0	0	0	0	0	0	0	0	0	0	0	0		4059	13531	
3067929																												
3068579																												
3070545																												
3076220																												
3076248																												
3076453																												
3076604																												
3089752		1623	51	53	284	8	0																			683	46	
3090833																												
3103591																												
3109043																												
3109146																												
3110197																												
3116519																												
3120646																												
3120897																												
3122994																												
3125315																												
3125557																												
3128923																												
3134399																												
3134698																												
3138146																												
3139321																												
3140822		485	5	0	187	61	2																			375	81	
3141726																												
3146150																												
3148613																												
3150205																												
3150447																												
3153233																												
3153297																												
3158546		4505	806	6	1361	142	35																			1852	398	
3160978																												
3165357																												
3166699		6868	0	0	0	0	1684																			0	31	
3174920																												
3180136																												
3184228																												
3185579																												
3185896																												
3187630																												
3189063																												
3194692																												
3199811																												
3202702																												
3212149																												
3212402																												
3213333																												
3214059																												
3216017																												
3216316																												
3217331																												
3217957																												
3219269		5207	0	0	4099	0	0																			4678	0	
3220863																												
3221468																												
3223305																												
3223408																												
3223417																												
3224302																												
3224375																												
3224478																												
3224580																												
3228908																												
3229875		4300	2301	777	2439	6340	1171																			7127	139	
3232204																												
3232370																												
3235410																												
3243282																												
3247589																												
3248849																												
3253834																												
3254297																												
3262788																												
3267738																												
3268173																												
3268249																												
3270046																												
3271799																												
3271986																												
3272956																												
3274709																												
3277241																												
3280625																												
3281510																												
3282012																												
3284070																												
3284397																												
3284445		854	0	0	0	5613	1009																			0	1	
3284490																												
3285246																												
3285778																												
3286999																												
3287660																												
3288452																												
3290240		3742	29	0	1445	12	225																			4457	235	
3293540																												
3296859																												
3297490																												
3303298		3859	283	123	509	707	662		0																	4775	735	
3303944																												
3306280																												
3306598																												
3308529																												
3308574																												
3309393																												
3309571																												
3310287		27124	0	0	1	25	8425																			89	305	
3314043																												
3314119																												
3316739																												
3317192																												
3317932																												
3320781		603	185	0	372	3	0																			593	76	
3322468																												
3325759																												
3337097																												
3340725																												
3340903																												
3341393																												
3342671																												
3344321																												
3346268																												
3346633																												
3347603																												
3347911																												
3348468																												
3348888																												
3349241																												
3350658																												
3350724																												
3353154																												
3354599																												
3356191																												
3357077																												
3357219																												
3357385																												
3357620		832	0	0	0	0	104																			0	0	
3358270																												
3368635																												
3368925																												
3370133																												
3370357																												
3374234																												
3374382																												
3374403																												
3374412																												
3377235																												
3378773																												
3383665																												
3384952																												
3385744																												
3386264																												
3386536																												
3387140																												
3388482																												
3390337																												
3390627																												
3391718																												
3393851																												
3394278																												
3394380																												
3397233																												
3398623																												
3401970																												
3402913																												
3404207																												
3404373																												
3404467																												
3404506																												
3404999																												
3407084																												
3408728																												
3410141																												
3411773																												
3412417																												
3419416																												
3428258																												
3429219																												
3435948																												
3437148																												
3437157																												
3437456																												
3437483																												
3438958																												
3440803																												
3445901																												
3446225																												
3446784																												
3447576																												
3447820																												
3448162																												
3448425		41	385	10	92	15	0																			26	0	
3449066																												
3451050																												
3455227																												
3459207																												
3459216																												
3463875																												
3465392																												
3466988																												
3468450																												
3470097																												
3470154																												
3470239		4115	0	0	221	34	0																			227	64	
3470930																												
3472046																												
3472859																												
3475083																												
3476192																												
3479018																												
3480069																												
3482045																												
3482111																												
3485215																												
3485420																												
3487433																												
3487947																												
3488579																												
3489071																												
3517590																												
3529315		20029	0	0	2832	1114	1364																			7736	1683	
3531176																												
3532641																												
3537897																												
3538009																												
3545258																												
3546862																												
3547131		2656	0	0	3511	0	703																			12302	72	
3547896																												
3548567																												
3548763																												
3555248																												
3561771																												
3567269																												
3579589																												
3588312																												
3588424																												
3591004																												
3592047																												
3593307																												
3594087																												
3595271																												
3596250																												
3597211																												
3599804																												
3603961																												
3608751																												
3610718																												
3614837																												
3614846																												
3614976																												
3617856																												
3619216																												
3623110																												
3623969																												
3626184																												
3626858																												
3629420																												
3629484																												
3630323																												
3633016																												
3633173																												
3635029																												
3635551																												
3636428																												
3636446																												
3636914																												
3637247																												
3637685	355	3073	0	0	95	16	0	0																	2887	52	0	
3637706																												
3645840																												
3650808																												
3655933																												
3664588																												
3667132																												
3671997																												
3678857																												
3688043		631	444	0	9	0	0																			4954	76	
3688548																												
3690121																												
3690635																												
3690701																												
3719648																												
3720336																												
3720608		1388	117	19	1138	139	0																			3885	120	
3721605																												
3729124																												
3783313																												
3783948																												
3786435																												
3793714																												
3804535																												
3807880																												
3812147																												
3816154																												
3816163																												
3816190																												
3821037																												
3821626																												
3821822																												
3832127																												
3835454																												
3843392																												
3851427																												
3938186																												
3939240		2171	0	52	772	3359	0																			0	0	
3943210																												
3952904		918	6	0	144	9	0																			421	2	
4032791		11261	0	0	0	0	0																			1239	360	
4125778		2603	0	0	0	72	0																			314	0	
4146830		7201	0	0	0	0	0																			721	0	
4149037		10347	775	5317	1937	82	0																			6697	2284	
4165907																												
4210227																												
4368351		1010	0	0	0	0	0																			28	0	
4397164		2371	0	0	108	0	0																			6954	123	
4457536																												
4536084																												
4845861																												
5050028																												
5136959																												
5143788																												
5192496																												
5193989																												
5205819																												
5210989																												
5227101																												
5230790																												
5278251		0	26657	803	233	18068	11121		0																	0	0	
5303724																												
5312593																												
5313312																												
5316920																												
5332603																												
5336928																												
5342974																												
5349218																												
5382514																												
5397639		0	0	0	0	0	22171																			0	0	
5398355																												
5398627																												
5401273																												
5412457																												
5427684																												
5435988																												
5448915																												
5472880																												
5475452																												
5479478																												
5514409																												
5518023																												
5528880																												
5538937																												
5543735																												
5561001	12811	0	0	0	0	0	29414	0																	16603	0	0	
5574430																												
5582846																												
5591633		7794	0	0	129	79	0																			2450	0	
5592340																												
5620869																												
5650923																												
5660146																												
5673191																												
5686089																												
5686324																												
5691319																												
5692473																												
5724226																												
5728916																												
5755510																												
5758436																												
5758445																												
5760439																												
5760662																												
5777549																												
5784921																												
5787418																												
5788705																												
5805228																												
5805424																												
5805442																												
5805451		0	0	0	0	108	0																			0	0	
5805479		842	0	0	0	0	140																			0	0	
5805488		3305	0	0	0	0	2010																			0	0	
5805817		0	0	0	0	0	11249																			0	0	
5807400																												
5837377																												
5839915																												
5859511		2807	217	134	86345	3300	359																			70830	1270	
5860740																												
5861541																												
5879201																												
5882500																												
5887420		560	20	1	123	0	29																			566	0	
5903517																												
5906497																												
5972661	5531	0	0	0	0	0	5531																			0	0	
6009630																												
