"IDRSSD"	RCON5562	RCON5563	RCON5564	RCON5565	RCON5566	RCON5567	RCON5568	RCON5569	RCON5570	RCON5571	RCON5572	RCON5573	RCON5574	RCON5575	RCON5576	RCON5577	RCON5578	RCON5579	RCON5580	RCON5581	RCON5582	RCON5583	RCON5584	RCON5585	RCON5586	RCON5587	RCON5588	RCON5589	RCON6860	RCON6999	
	# OF LNS SECD BY NONFM NONRES PROPS	# OF C&I LNS TO U.S. ADDRESSEES	# PERMNT MTG LNS AMTS $100,000 OR LS	OTSTG BAL PRMT MTG LS $100,000 OR LS	NO OF LOANS > $100,000 THRU $250,000	OTSTDG BAL > $100,000 THRU $250,000	NO OF LNS > $250,000 THRU $1 MILLION	OTSTD BAL > $250,000 THRU $1 MILLION	# NONMTG CML LNS AMTS $100,000 OR LS	OTSTG BAL NONMTGE LNS $100,000 OR LS	NO OF LOANS > $100,000 THRU $250,000	OTSTDG BAL > $100,000 THRU $250,000	NO OF LNS > $250,000 THRU $1 MILLION	OTSTG BAL > $250,000 THRU $1 MILLION	NO OF LNS RPTD ON LINES: ITEM NO 260	# OF LS RPTD LINES: ITMS 300,303&306	# LS SCD PRIM BY FRMS $100,000 OR LS	OTST BL SCD PR BY FMS $100,000 OR LS	NO OF LOANS > $100,000 THRU $250,000	OTSTDG BAL > $100,000 THRU $250,000	NO OF LOANS > $250,000 THRU $500,000	OTSTDG BAL > $250,000 THRU $500,000	# LNS TO FIN AGR PRDT $100,000 OR LS	OTST BAL FIN AGR PRDT $100,000 OR LS	NO OF LOANS > $100,000 THRU $250,000	OTSTDG BAL > $100,000 THRU $250,000	NO OF LOANS > $250,000 THRU $500,000	OTSTDG BAL > $250,000 THRU $500,000	AGRICLTRL LNS TO SMALL FARMS INDCTR	LOANS TO SMALL BUSINESSES INDICATOR	
37	9	40													11	3													true	true	
242	105	89													31	35													true	true	
279			17	698	35	4273	32	15087	111	2165	13	1513	7	943			14	794	24	3224	6	1753	4	74	0	0	0	0	false	false	
354			5	212	10	1897	22	12664	12	327	5	620	5	1218			3	170	2	287	3	1368	7	232	1	135	0	0	false	false	
457			6	169	12	1407	22	7306	55	1685	15	1839	15	2792			7	296	9	954	7	984	49	1099	11	1089	7	1043	false	false	
505			5	205	38	5586	61	23928	130	2667	63	5034	43	7021															false	false	
1155			43	1490	49	5502	73	30582	215	4967	71	6379	72	22088			10	285	32	3812	25	6743	102	2348	34	3245	11	2154	false	false	
1351			146	5009	49	6088	33	13553	257	6177	40	4872	22	6651			26	1043	17	2218	1	387	100	2168	9	790	4	1315	false	false	
1454			24	1497	50	6277	91	35282	361	8695	87	7520	118	29794			2	117	11	1076	8	2023	26	729	9	910	3	602	false	false	
1669			126	6165	78	10305	91	31975	423	10367	60	6360	33	8294			0	0	0	0	0	0	181	3817	15	1256	5	910	false	false	
1856			10	438	3	279	3	1494	31	1053	5	630	2	251			3	59	9	1379	1	190	48	1280	6	629	1	351	false	false	
2161			25	1044	36	4624	76	29304	127	4320	43	5072	13	4274			10	453	7	810	6	1309	8	173	1	115	0	0	false	false	
2732			1	12	7	992	57	28108	6	259	9	1428	19	6183															false	false	
2750			16	668	2	211	6	1082	158	1539	18	1816	6	2710			3	122	7	1033	5	1380	47	1006	26	2073	27	7092	false	false	
3252			49	2219	5	635	9	3144	84	2033	20	2374	11	3689			25	972	34	4538	30	8338	466	11331	90	12561	37	11191	false	false	
3458			34	1335	23	3405	18	7705	86	2026	14	1381	1	393			55	2238	45	5426	14	3470	143	2409	16	1605	1	140	false	false	
3720			52	2023	80	9394	80	25697	411	9846	67	6565	19	5078			34	1463	26	3212	12	3468	2	19	6	425	1	200	false	false	
3971			3	175	25	3500	40	16186	58	1283	37	3551	39	10270			13	527	8	906	20	4194	24	724	13	1060	11	1608	false	false	
4231			13	597	6	687	12	3835	75	1202	6	328	2	660			39	1085	7	551	2	576	13	366	1	41	4	379	false	false	
5069			0	0	1	250	14	4991	0	0	0	0	1	700			0	0	0	0	0	0	0	0	0	0	0	0	false	false	
5135			64	2792	48	5977	96	45291	614	14106	85	7973	33	10702			86	4682	76	10451	40	10185	246	6515	73	6900	56	11237	false	false	
5210			133	4923	334	42004	632	226899	684	16008	257	20909	220	47875			40	1494	73	9295	87	23074	93	2731	28	2256	7	1110	false	false	
5461			4	236	15	2124	89	40977	29	1176	71	8570	30	9993			0	0	0	0	2	428	1	100	3	66	1	129	false	false	
5751			28	1120	43	5426	37	13364	235	7085	47	4901	25	9003			18	606	23	2819	35	9136	45	1393	33	3274	25	7110	false	false	
6039			63	2336	80	11770	131	51355	445	9745	60	6827	32	11013			57	2260	44	5588	30	7966	80	1417	5	458	2	886	false	false	
6329			171	13248	176	22670	277	108607	1958	43269	193	18592	102	24791			20	678	11	1089	3	217	4	228	0	0	1	328	false	false	
7009			0	0	0	0	0	0	0	0	1	177	1	300															false	false	
7045			26	989	19	2171	20	6466	54	1714	13	1405	7	2062			6	162	15	2034	9	2612	22	398	11	924	4	833	false	false	
7072			62	650	46	5557	82	26459	409	2563	51	4770	34	12749			0	0	2	332	1	300	0	0	0	0	0	0	false	false	
7456			10	386	9	989	16	5190	37	871	14	1138	14	4438			10	345	16	1933	14	2070	33	617	28	1921	22	3576	false	false	
7634			27	1073	17	2077	9	3204	119	3669	25	2684	13	3361			12	483	11	1439	5	1158	72	2690	19	2055	4	809	false	false	
8462			11	553	10	1352	13	6135	112	3404	18	2135	12	4555			2	176	7	893	6	1325	30	915	14	1752	6	1622	false	false	
8631			11	521	13	2177	17	6629	41	1051	9	618	6	2402			0	0	0	0	1	68	4	51	1	60	0	0	false	false	
9357			0	0	5	360	45	16735	188	4178	110	10145	145	33105															false	false	
9553			12	621	4	696	5	2062	26	805	10	1337	11	4150			13	468	35	4607	31	8711	54	1204	29	2336	33	5527	false	false	
9807			5	261	22	2551	76	29015	11	384	8	604	7	1517															false	false	
9955			6	169	2	246	19	10315	18	352	16	1601	14	6692			12	475	11	1109	10	2380	22	564	1	25	1	283	false	false	
10250			14	633	40	5230	96	35122	397	14197	176	17070	75	24717			2	91	5	586	1	402	0	0	0	0	0	0	false	false	
10849			17	768	17	2423	49	20532	76	2298	14	1455	12	5626			22	853	16	2083	5	1098	16	365	8	937	0	0	false	false	
11145			70	2776	106	12876	94	30491	87	2138	22	2080	16	2843			2	182	4	560	2	544	0	0	0	0	0	0	false	false	
11640			23	797	25	2583	30	11319	220	5521	35	3220	32	8932			8	361	9	819	7	1240	29	669	18	1567	12	1811	false	false	
11837			5	238	7	952	19	7464	32	504	14	1247	3	756			6	236	4	609	2	792	4	41	0	0	0	0	false	false	
12030			296	10544	133	15968	143	50237	708	14176	64	5632	36	8605			55	1793	23	2157	21	5483	59	1135	8	757	1	349	false	false	
12142			47	1733	27	3458	26	7400	92	2214	42	4931	37	12079			3	83	3	440	3	1049	9	298	5	404	6	674	false	false	
12311			1015	40012	2080	231926	3815	1461037	64925	1024799	16661	1331153	17403	4594650			46	1793	92	9292	56	10815	750	21768	533	47270	219	40619			
12647			28	1400	26	3028	42	16103	51	1093	15	1402	15	3270			17	441	21	2215	13	3449	36	603	12	1434	6	893	false	false	
12946			138	5153	163	17793	205	68111	1228	24367	260	24940	212	61893			233	8468	139	16235	62	16420	343	7148	68	7327	22	4779	false	false	
13103			41	2307	145	16886	328	109333	1207	29508	150	11671	145	32474			0	0	0	0	0	0	0	0	1	162	0	0	false	false	
13251			16	851	21	2783	20	9134	70	1970	19	1881	6	2510			4	40	4	535	0	0	20	449	4	532	6	1339	false	false	
13457			8	606	10	1557	13	4751	30	1199	10	1524	10	4848			4	200	6	927	11	2628	34	1623	15	2330	9	2936	false	false	
14155			34	1285	52	7236	54	23650	250	6372	42	5152	9	1943			98	4417	106	14021	60	20710	501	13349	77	12489	31	10410	false	false	
14650			12	422	13	1806	14	6590	113	4354	41	5127	27	10071			4	128	2	258	3	991	19	174	2	101	0	0	false	false	
14753			1	37	4	727	3	1018	58	1415	7	703	1	736			6	193	11	1267	7	1614	184	5138	34	3982	13	3298	false	false	
14865			58	2400	124	16366	94	34798	380	9847	127	11423	103	23672			53	2625	104	14233	98	28862	421	12037	171	17562	156	34393	false	false	
14977			5	303	4	403	4	1651	80	1647	7	755	2	541			8	321	17	2234	7	1779	53	1490	20	1700	14	2470	false	false	
16551			28	1006	59	7159	53	18793	183	4621	36	3520	27	8286			14	509	9	814	3	722	29	733	5	663	8	1745	false	false	
17110			0	0	0	0	0	0	2	186	1	182	5	2315															false	false	
17147			339	12518	589	67243	1245	496204	5694	102312	928	72823	1294	301032			124	4270	193	19936	180	45467	194	4998	149	13623	97	20176	false	false	
17259			16	555	8	1263	18	8887	8	295	1	92	4	942			16	538	3	394	6	1917	31	647	3	164	0	0	false	false	
17950			41	1445	77	9446	84	30300	322	7595	49	4874	40	10257			37	1667	60	8191	66	17923	384	9631	83	8555	47	8504	false	false	
17978			3	138	14	1693	13	3982	0	0	0	0	0	0			1	30	3	310	1	259	0	0	0	0	0	0	false	false	
18050			18	508	43	4587	71	29708	215	4590	38	3424	19	4286			35	1629	118	14094	43	11269	53	801	7	454	1	200	false	false	
18827			97	3659	171	18624	263	97973	323	7208	177	16733	174	29284			1	0	2	184	1	213	1	26	1	230	0	0	false	false	
18836			27	1221	22	2261	27	9516	74	1861	10	931	0	0			4	178	8	983	19	4236	17	141	1	200	0	0	false	false	
18854			17	656	37	4805	80	35244	369	9807	74	10143	97	51415			8	347	25	2932	19	4688	119	5504	46	6235	23	4892	false	false	
19356			21	837	18	2489	30	12242	94	2406	25	2113	23	9633			6	223	2	279	0	0	22	574	3	442	2	378	false	false	
19936			68	4203	68	8495	52	21683	66	3876	3	397	7	2677			61	3111	32	4479	25	6572	109	5837	22	3622	10	3720	false	false	
19972			0	0	0	0	0	0	0	0	1	35	0	0			0	0	2	47	0	0	0	0	0	0	0	0	false	false	
20053			56	2124	40	5184	46	18550	80	1925	30	2595	10	1741			19	848	29	3514	23	5828	60	1436	8	694	6	968	false	false	
20633			14	675	26	3067	43	15908	33	947	9	650	11	3653			1	18	1	162	3	517	0	0	0	0	0	0	false	false	
20857			36	1539	37	4588	52	18247	85	1903	37	3172	42	11375			42	1285	58	5667	69	13342	87	1890	64	5694	42	7794	false	false	
21256			0	0	0	0	0	0	5	189	5	687	2	433			0	0	0	0	0	0	8	141	0	0	1	254	false	false	
21359			11	495	4	580	5	2295	142	3864	23	2615	4	1675			31	1293	19	2700	7	1561	81	2216	17	2094	9	3201	false	false	
21658			99	4232	70	8407	42	14905	144	3277	17	2363	5	1374			60	2252	71	8657	47	11246	181	4060	33	3552	25	5778	false	false	
22048			49	1902	41	4918	32	9251	630	14207	84	8605	46	15061			107	3986	30	3297	7	1913	6	146	3	538	4	1740	false	false	
22543			87	3603	154	19653	172	61918	257	5923	83	6206	39	6954			3	213	6	877	1	16	8	399	8	1159	5	909	false	false	
22552			37	1691	40	5639	19	6451	167	4043	26	3235	17	5879			16	676	57	7360	33	9760	208	5217	49	5040	29	7573	false	false	
22730			23	516	23	3239	38	18697	115	3541	20	1607	8	2696			2	70	2	245	1	294	1	21	0	0	0	0	false	false	
23456			78	3443	109	13848	66	23822	240	5920	49	4417	21	7519			46	2018	42	4824	21	6089	112	2607	27	3220	14	2826	false	false	
23504			4	52	45	5168	436	201182	1345	38467	335	33808	449	106326															false	false	
23643			33	1405	43	4875	37	12672	427	12993	146	13737	70	18969			15	596	16	1755	17	4025	32	767	7	639	4	591	false	false	
23755			10	577	30	4408	65	27288	78	2607	46	4808	31	8992			0	0	0	0	1	340	1	16	0	0	0	0	false	false	
24006			0	0	14	1170	138	58153	120	1978	57	5589	88	28407															false	false	
24378			5	231	6	727	3	1468	44	1454	19	1456	1	554															false	false	
24659			24	810	19	2445	14	4091	86	2199	25	2946	9	2711			28	989	18	2227	11	2658	35	857	8	740	16	4075	false	false	
24949			23	971	40	4523	77	30163	49	793	19	1585	15	1951			1	62	3	278	1	259	3	69	0	0	0	0	false	false	
25357			122	5000	62	8982	87	32390	316	4051	28	2934	16	5347			89	3771	115	14479	67	19939	434	9523	126	12548	52	11083	false	false	
25647			17	1140	68	11327	125	50457	15	316	14	846	17	2755			0	0	1	23	0	0	0	0	0	0	0	0	false	false	
26765			8	297	91	10407	292	127475	268	10125	192	21362	280	98774			1	54	3	220	7	1403	9	100	2	260	1	1	false	false	
27070			22	830	42	5298	76	31284	54	1296	28	2424	35	8850			7	354	9	919	4	1282	8	300	2	247	4	891	false	false	
27614			14	438	30	2534	50	18809	36	487	10	548	13	3936			0	0	2	178	0	0	0	0	0	0	0	0	false	false	
27847			131	5301	110	13331	89	33378	819	16340	72	8049	21	6085			287	9845	154	20330	99	25543	465	8744	22	2474	1	172	false	false	
28013			5	395	59	6254	229	85913	214	6883	245	26617	101	24870															false	false	
28152			16	616	23	3056	17	6361	144	3551	41	4396	20	5887			16	654	63	7661	30	8395	106	2942	33	3152	22	5458	false	false	
28675			42	1744	36	4671	18	5591	111	2913	21	2499	16	3568			72	2205	39	4764	24	7533	40	882	13	1713	4	1102	false	false	
28732			4	249	17	2594	18	7176	182	4031	20	1771	11	2781			4	212	6	713	3	588	9	93	4	433	0	0	false	false	
29476			4	161	4	387	7	3068	75	2348	15	1348	8	3841			10	628	23	2541	27	9519	24	534	15	1969	29	10224	false	false	
29636			76	3741	73	8771	94	34418	446	8009	32	3403	22	6884	201	22													true	false	
29878			34	238	64	5896	444	190978	0	0	0	0	0	0															false	false	
30052			4	163	13	1794	18	5800	22	456	3	256	2	897			0	0	1	137	1	233	0	0	0	0	0	0	false	false	
31134			12	333	22	3086	19	5415	240	5349	36	3697	7	1734			15	708	17	2019	6	1493	20	735	6	520	3	556	false	false	
31255			2	146	9	1122	70	36712	212	6129	70	8653	77	27146			0	0	0	0	1	366	0	0	0	0	0	0	false	false	
31657			4	280	9	1027	11	3390	123	3274	26	2619	8	2796			19	630	20	2439	18	5215	60	1362	7	692	5	691	false	false	
31826			160	5755	124	17097	121	46032	249	6524	28	3560	21	7781			45	1664	18	2356	6	1257	98	1761	4	446	1	458	false	false	
31835			6	131	2	183	0	0	5	237	3	391	4	1432			0	0	8	746	5	1751	8	746	32	3813	31	8552	false	false	
32234			12	448	8	798	15	5867	37	1483	32	4145	13	5525			13	427	14	1497	15	2825	18	355	4	369	5	820	false	false	
32766			7	400	3	496	7	3973	28	745	9	1328	18	8737															false	false	
32971			39	1542	35	4355	45	17482	105	3659	43	4436	16	3596			5	178	10	1192	7	2083	11	511	2	132	4	587	false	false	
33147			104	4781	66	8749	40	16337	277	7507	63	6351	56	19684			69	3228	47	6358	33	9425	53	1452	42	4371	38	8962	false	false	
33259			41	2176	72	8225	158	62944	188	5989	85	7078	92	17984			1	78	2	324	1	419	0	0	0	0	0	0	false	false	
33370			1	69	6	936	3	786	0	0	0	0	0	0															false	false	
33839			6	348	0	0	2	795	92	3178	8	792	1	160			2	110	1	231	6	1379	27	2695	6	721	1	230	false	false	
33857			50	2163	60	9371	129	55810	464	12203	121	12827	127	33834			127	4608	115	13377	97	25803	464	5411	121	7514	85	10312	false	false	
34434			61	2530	76	9704	80	27808	436	10808	67	6341	19	7155			47	1760	17	2252	8	1028	4	178	2	458	0	0	false	false	
34537			94	4303	478	63237	1638	705258	2232	64423	942	81105	1042	262342			11	355	13	1601	15	3622	18	478	6	519	6	291	false	false	
34555			68	2791	43	4655	25	8134	125	2594	21	2294	19	5947			61	1381	72	8968	53	14375	127	3005	49	4312	18	4034	false	false	
34742			28	1368	37	5323	49	19018	94	2761	21	2998	21	6895			160	851	105	2859	78	8083	64	1289	5	724	3	1020	false	false	
35057			59	2018	64	7534	47	17575	92	2353	18	1708	12	2760			76	3142	69	8478	40	10325	130	3290	29	2490	10	2465	false	false	
35301			0	0	0	0	0	0	0	0	1	0	1	1000			0	0	0	0	0	0	0	0	0	0	0	0			
35646			28	1477	25	3676	22	11646	143	4423	32	5044	15	5737			10	663	15	2347	5	1481	40	1195	4	590	5	1430	false	false	
35879			5	89	1	56	5	1910	35	1327	18	1543	1	176			0	0	1	148	0	0	15	401	1	108	0	0	false	false	
36933			104	4082	83	11499	67	28909	1492	29080	110	10913	43	14188			104	3982	46	6207	13	3578	33	625	5	577	2	408	false	false	
37051			10	425	13	1907	16	10013	39	1226	19	1656	16	5957			24	1127	32	3947	39	17321	75	1854	28	3115	29	11394	false	false	
37341			18	556	16	2054	18	9389	141	4016	17	2258	11	4182			10	353	12	1289	9	3137	76	1843	14	1926	5	1464	false	false	
37435			124	5908	168	19732	243	80170	1125	23516	150	13149	57	12331			10	404	10	1022	12	2625	6	82	1	67	0	0	false	false	
37640			444	20459	659	81705	839	334012	1510	51343	564	61872	567	203672			445	22690	456	56293	321	88649	463	16214	131	17503	99	24922	false	false	
37659			7	355	8	1064	8	2693	71	2092	23	2193	8	3352			11	555	10	1466	3	756	104	2378	8	918	2	514	false	false	
37949			22	785	7	914	11	4580	110	3383	24	2148	13	4797			8	404	12	1490	10	2606	34	1213	17	2472	10	1667	false	false	
38740			37	1951	56	6970	79	33389	130	3445	53	5512	31	9457			5	195	5	622	5	1086	0	0	1	113	0	0	false	false	
39327			26	1223	75	9051	98	39470	131	3018	56	4368	60	15811			5	374	4	633	8	2501	2	53	0	0	2	461	false	false	
39756			98	2126	70	7912	102	43295	1335	11999	163	12629	222	61752			58	2520	76	10692	40	11035	784	10156	127	9624	62	9419	false	false	
40033			5	128	6	481	6	3487	10	453	8	851	12	3293			10	359	1	109	2	493	0	0	0	0	0	0	false	false	
40499			24	1395	131	16136	314	118985	854	21004	231	19242	260	63357	0	1													true	false	
40855			23	1117	21	2821	29	11283	242	6489	64	8075	18	5344			22	1039	38	4889	35	9429	197	5547	24	2903	18	4248	false	false	
41553			1	25	5	524	6	3346	58	2189	19	2404	3	1109			6	110	6	827	4	1504	83	1931	12	1833	1	26	false	false	
41629			7	396	23	3525	77	31286	120	2789	45	3642	14	3257			1	95	1	126	8	2298	15	329	2	248	0	0	false	false	
41825			4	265	54	7656	134	50912	214	4983	129	10178	155	36665			8	378	14	2320	14	3799	0	0	0	0	0	0	false	false	
42037			117	4764	42	4713	20	7546	150	5362	14	1791	10	3688			58	2296	17	1721	1	463	13	599	5	621	3	829	false	false	
42354			16	812	18	2820	30	12174	236	5265	28	2987	30	11829			13	813	13	1766	3	993	58	1338	9	824	1	60	false	false	
42372			33	1753	32	4822	28	10958	32	886	8	967	3	707															false	false	
42420			366	9982	619	58286	925	301687	10253	76516	587	38376	777	151341			3	116	6	400	3	528	55	1834	26	3005	5	960	false	false	
42448			75	2958	132	16200	200	73734	555	13273	133	13106	103	26428			52	1703	63	7086	39	8971	78	1360	27	2238	23	4119	false	false	
42457			2	43	2	241	7	4024	35	898	11	1493	13	6236			4	123	3	512	5	1292	41	1164	12	1969	5	1512	false	false	
43052			21	413	23	1904	26	6413	45	367	10	709	13	4079			0	0	0	0	1	282	4	82	0	0	0	0	false	false	
43351			51	2282	44	5884	44	18652	258	4118	65	6607	54	16636			35	1444	34	4330	35	9996	115	2589	38	3538	22	5777	false	false	
43856			7	166	6	653	5	1479	11	338	2	359	2	356															false	false	
43959			20	1062	27	3408	37	12109	141	4971	33	4040	10	3149			1	42	1	139	2	736	1	66	0	0	0	0	false	false	
44040			58	2160	43	5038	22	6760	156	3943	28	2719	21	5862			97	4187	130	15861	95	25726	158	4259	55	4819	36	7305	false	false	
44433			0	0	11	2010	36	18893	9	313	7	643	9	2358			0	0	0	0	0	0	0	0	0	0	0	0	false	false	
44741			79	4193	143	18039	141	53157	106	3583	50	4908	38	11682			0	0	5	654	1	232	0	0	0	0	0	0	false	false	
44750			20	772	20	2681	36	13277	65	1732	15	1438	8	2763			8	480	8	1112	18	6998	2	16	0	0	0	0	false	false	
44929			15	487	24	2890	24	7722	68	1703	15	1139	9	1666			6	197	2	179	5	1500	3	61	1	10	1	185	false	false	
45056			3	123	4	569	5	1275	52	1124	10	1179	22	4339			6	345	9	1002	11	2626	110	4221	51	6575	27	6056	false	false	
45458			37	1729	24	3458	29	11147	140	3877	35	3650	14	5830			57	2560	59	7770	23	6111	146	4054	53	5965	8	2108	false	false	
45551			65	2837	91	11033	99	37881	5955	145843	1047	92423	182	35195			69	2287	178	14247	304	77404	497	11136	235	15193	212	40310	false	false	
45560			11	449	67	8692	207	79408	288	8187	117	9322	115	22266			0	0	5	702	5	1407	0	0	1	20	0	0	false	false	
45775			11	398	29	3099	67	21565	12	358	0	0	6	1188															false	false	
46053			12	600	26	3245	51	18512	81	2446	46	3591	39	13836			2	80	10	1161	15	3827	22	392	8	693	6	1843	false	false	
46941			81	2793	44	5535	59	26302	76	1609	21	2583	9	3439			55	2055	51	5432	38	10189	72	1399	9	991	0	0	false	false	
47247			16	764	58	7728	126	53961	68	971	34	2277	59	13602			6	233	8	971	3	886	5	99	2	119	0	0	false	false	
47500			18	918	39	4870	73	23175	117	2645	72	8842	44	12945			0	0	0	0	2	172	0	0	0	0	0	0	false	false	
48057			8	346	4	573	3	1123	80	1820	3	301	7	3617			26	1027	31	3840	17	4780	167	4931	48	5440	13	3288	false	false	
48374			75	2554	65	7372	111	38784	563	13046	98	9762	144	27484			437	13684	311	29901	337	64935	89	1785	14	1465	24	5112	false	false	
48440			48	2139	51	7036	75	31769	170	5172	35	3366	18	5403			11	459	25	3177	8	1974	33	1006	2	216	1	62	false	false	
49054			0	0	2	257	4	2062	4	119	4	334	9	3838			4	209	5	526	2	556	8	324	6	584	6	1862	false	false	
49148			22	796	7	797	2	768	46	1074	13	993	8	1540			19	534	23	2444	18	4701	51	1222	14	1128	2	900	false	false	
49241			46	1691	55	6389	106	40975	379	9270	105	10215	105	33569			46	1905	27	3000	27	6536	113	2579	38	3800	37	7043	false	false	
49652			15	475	4	498	10	3176	40	1366	12	1629	7	3524			13	607	7	794	7	2528	27	1055	23	2833	12	4425	false	false	
49858			2	91	14	1724	29	9121	40	1226	17	1564	7	2309			1	20	1	149	3	587	0	0	0	0	0	0	false	false	
49951			24	1024	13	2017	26	12921	122	4227	45	5849	62	22469			27	968	29	3352	23	5713	104	2773	25	2674	20	5292	false	false	
50144			13	348	16	1660	8	2280	38	958	3	319	2	810			5	177	7	564	3	958	11	159	1	19	3	342	false	false	
50461			0	0	7	940	28	12425	4	205	7	560	4	655			0	0	0	0	0	0	0	0	0	0	1	400	false	false	
51253			23	1100	40	4525	52	18189	95	1753	10	949	14	3265			6	239	10	1066	3	760	9	100	0	0	0	0	false	false	
51356			2	118	2	190	0	0	12	225	4	311	7	2651			0	0	1	126	1	249	11	321	0	0	0	0	false	false	
51459			29	1149	17	1638	27	8112	250	6707	45	3729	14	4062			41	1842	46	5182	34	8602	155	4572	45	5277	26	7091	false	false	
51842			17	674	30	3732	47	19130	110	2630	30	2834	28	10748			29	786	56	4050	60	8374	205	5933	75	8277	37	9251	false	false	
52719																													false	false	
52951			26	1180	20	2096	19	7531	496	13700	86	9068	48	12680			59	2407	45	5671	20	5082	181	4163	35	3185	8	1698	false	false	
53051			12	576	9	1540	10	4586	309	12501	120	16528	31	13925			13	476	6	700	2	239	102	1487	3	507	2	700	false	false	
54058			83	3297	64	7276	37	14119	287	6273	35	3430	15	3489			64	2738	77	9981	62	17326	157	3425	74	8458	56	13361	false	false	
54656			41	1343	19	1974	21	6056	353	8068	80	8425	60	13435			46	1725	48	5937	22	5982	366	5774	17	1438	6	1792	false	false	
54973			0	0	9	1311	74	38549	853	21767	35	4417	58	19378	0	7													true	false	
55336			17	775	51	6422	156	66397	183	3095	58	5936	39	10932															false	false	
55635			9	313	23	4119	33	18514	45	1940	12	1746	1	1000															false	false	
55653			8	307	8	822	16	5380	73	1850	17	1701	15	5028			0	0	0	0	1	257	0	0	0	0	0	0	false	false	
55970			6	283	47	5334	145	61616	21	689	9	876	6	841			0	0	0	0	0	0	0	0	0	0	0	0	false	false	
56258			10	427	51	8713	32	12536	64	2595	37	3694	40	13204			7	163	10	1141	20	6350	104	4072	39	5457	14	3638	false	false	
56351			145	7034	315	40900	424	186639	2305	60875	598	64533	348	90203			106	4341	73	8907	38	9428	351	6975	25	3081	5	1034	false	false	
56548			6	228	17	1445	47	15756	5	114	2	93	2	103			6	147	9	995	12	2951	13	252	3	146	6	824	false	false	
56717			46	1873	124	14912	195	68668	554	11109	138	11683	108	22852			1	54	8	669	3	882	22	372	3	215	0	0	false	false	
57451			19	759	40	5075	46	17163	126	4707	29	3378	26	8818			17	721	17	1726	6	1522	43	930	15	1681	4	994	false	false	
58225			51	2050	70	8087	61	20429	246	6642	63	6977	15	5414			79	1936	18	1884	3	1119	24	143	0	0	0	0	false	false	
58243			99	4574	205	29230	321	132644	254	8057	154	16134	201	59279			2	7	2	232	4	1406	2	72	0	0	0	0	false	false	
58355			22	553	24	3377	17	4952	118	3475	29	3401	8	2014			0	0	2	173	0	0	3	219	2	191	5	993	false	false	
58551			39	1465	24	2973	16	7411	414	8341	43	4674	17	3031			49	2208	63	7880	29	7957	587	11846	81	9173	18	3971	false	false	
58636			41	2008	72	9259	82	32744	574	12387	59	5040	28	8551			383	13559	102	13733	26	7128	4	83	1	199	0	0	false	false	
58757			24	1025	54	7420	75	28624	189	4921	58	6550	69	20586			16	630	42	3819	38	7823	115	3329	60	6925	38	8364	false	false	
58971			55	1709	196	20616	617	259239	5683	64290	527	39700	872	200385			11	261	29	1571	37	2817	83	562	60	3674	40	6286	false	false	
59316			169	7728	296	38223	431	159206	1096	32945	316	37338	167	53728			32	1702	68	8951	57	13098	204	6791	47	5789	25	4694	false	false	
59352			22	907	36	5702	100	43795	115	3065	39	3223	17	4518			17	806	21	2480	14	3157	104	2106	8	686	11	2817	false	false	
59370			5	370	10	2175	20	8472	33	782	15	1783	5	1043			0	0	3	291	0	0	0	0	0	0	0	0	false	false	
59754			3	51	0	0	6	2626	18	531	17	1681	12	5355	2	7													true	false	
60143			284	9000	456	55000	1166	511000	8849	146000	2041	170000	2659	852000			0	0	7	1000	0	0	24	1000	0	0	5	1000			
60330			51	2464	101	13726	159	62597	435	11110	126	10927	105	25364			13	500	25	3099	22	6431	29	597	6	713	8	1969	false	false	
60545			33	1492	32	3959	27	9406	174	3678	24	2345	31	10575			21	921	34	4782	50	14883	236	6559	70	8343	47	10571	false	false	
60554	23	85															13	650	24	2817	35	9889	226	5407	48	5509	33	8609	false	true	
60648			14	603	25	3321	51	16802	77	1554	28	2486	25	7124			11	308	32	3733	23	6519	20	435	6	184	6	610	false	false	
61122			33	1712	99	12420	139	53548	597	11958	186	17162	92	22780			6	188	7	664	4	613	23	372	0	0	0	0	false	false	
61355			64	3143	100	12853	200	83840	407	9753	136	12577	135	36455			89	3463	113	14718	62	15738	357	8789	94	8886	37	7128	false	false	
61757			29	1484	39	4891	77	32612	73	1513	28	2411	21	5526			19	848	19	2397	4	490	35	743	2	153	0	0	false	false	
61832			8	319	25	2641	56	23792	51	1136	11	914	7	1040			0	0	1	142	4	1342	5	85	1	0	2	0	false	false	
61953			2	62	13	1582	19	6981	69	1639	21	2203	11	3994			4	241	4	500	2	766	1	25	0	0	1	235	false	false	
62044			0	0	6	843	19	10774	26	1083	37	4728	32	12193			4	223	2	106	0	0	0	0	0	0	0	0	false	false	
62110																													false	false	
62147			22	657	37	4264	27	9683	42	990	9	748	7	2164			8	246	6	774	6	1408	18	407	0	0	0	0	false	false	
63050			41	1893	51	7084	60	20752	179	3811	28	3030	14	5048			18	787	31	3873	15	3969	74	1272	5	450	2	506	false	false	
63069			1	2	30	3827	588	303524	6063	108012	1522	142966	813	160761			0	0	0	0	0	0	0	0	0	0	0	0			
63201			6	271	15	1985	28	11051	103	2511	35	3022	30	6793			1	41	1	65	2	473	13	257	2	114	4	856	false	false	
63573			13	624	31	2993	110	42492	56	1604	31	2792	25	5289															false	false	
63733			95	4193	168	20214	210	84734	740	16120	124	11776	74	23763			130	4924	103	11505	63	18224	255	4477	8	664	4	1456	false	false	
64150			6	255	7	957	33	13570	52	1452	25	2133	37	8628			4	210	11	1180	11	3278	14	239	11	1019	12	3107	false	false	
64552			9	407	21	2537	47	20038	16	332	8	885	6	1894			0	0	4	498	2	559	0	0	0	0	0	0	false	false	
64730			7	200	4	453	11	3597	30	860	6	582	2	395			2	21	4	433	3	636	1	8	0	0	0	0	false	false	
65205			6	84	25	3432	66	28651	19	682	8	407	12	3486															false	false	
65559			24	1147	53	5531	93	40215	506	11668	131	10741	103	26448			47	2087	82	7179	65	9437	460	10372	125	9841	35	6856	false	false	
65858			89	3741	117	15760	186	80063	1055	22758	209	19240	223	58187			58	2405	80	9493	44	12360	226	4972	94	7449	46	9384	false	false	
66154			29	1067	20	2343	34	14539	340	8500	77	8611	53	18325			39	1556	20	2228	21	6178	81	1405	10	1419	2	507	false	false	
66275			35	1655	72	9778	85	35281	284	8338	102	10900	90	27936			27	1201	40	5716	36	11329	170	5451	68	8302	41	11287	false	false	
67142			16	696	24	2777	28	10493	17	429	14	1489	9	3997			2	47	1	23	0	0	0	0	0	0	0	0	false	false	
67151			9	269	25	2312	90	35729	86	1803	33	2758	52	13621			1	25	0	0	1	189	5	147	2	105	0	0	false	false	
67209			21	628	43	5677	188	78966	196	4990	83	7430	93	21438			1	25	0	0	3	860	0	0	0	0	0	0	false	false	
67254																													false	false	
67656			50	1939	124	17295	256	100900	180	5071	56	6417	37	11867			47	2117	57	6695	48	11810	202	5628	74	7323	41	11054	false	false	
67870			11	348	38	4931	97	42098	112	2870	41	4499	30	7324			1	9	0	0	2	758	0	0	0	0	0	0	false	false	
68671	11	0																											false	true	
68756			30	1225	52	5627	138	56069	262	7320	71	5434	64	17738			34	1302	50	5000	34	6772	200	4038	46	3539	14	2111	false	false	
68831			42	2136	69	9384	49	21300	9	224	5	407	10	2152			109	4522	61	7540	14	3700	10	306	9	646	5	937	false	false	
69333			72	3232	134	16767	283	115224	673	16629	212	22795	120	31974			8	216	10	826	2	471	0	0	0	0	0	0	false	false	
69678			6	243	36	4534	85	33188	207	3048	61	5351	84	17440			2	58	9	1296	11	3485	11	456	10	857	11	2201	false	false	
70218			0	0	3	536	14	5751	1	13	0	0	6	2902															false	false	
70414			18	583	38	4559	44	17197	145	4235	59	6304	66	23263			6	153	6	670	12	3126	19	623	9	1069	2	257	false	false	
70638			61	2065	54	5786	101	25941	806	15710	81	9389	45	11305			228	6506	76	6754	37	7822	87	1342	11	1303	5	1092	false	false	
70955	7	36															9	507	5	790	4	1535	154	3967	23	3581	2	584	false	true	
71073			9	289	10	1023	17	6203	4	38	4	445	1	484															false	false	
71457			148	6589	151	24155	116	55321	398	8820	13	2217	35	16781			111	3623	63	10952	65	23780	416	11560	33	5461	29	9855	false	false	
71859			2	64	0	0	0	0	9	283	0	0	2	784			1	37	0	0	0	0	3	131	0	0	0	0	false	false	
72258			7	270	23	2634	47	16413	283	9377	78	8404	81	25435			2	103	3	282	6	1302	110	3494	44	4816	20	5719	false	false	
72351			11	350	13	1627	4	2094	149	3084	15	1512	8	1815			7	312	7	779	3	1039	51	1057	8	802	11	3391	false	false	
72454			8	314	18	2042	20	5684	133	3444	43	3737	24	5396			22	966	34	4049	40	10421	195	5581	56	6203	24	5872	false	false	
72678			17	759	32	4066	30	13135	136	3896	54	6261	25	8247															false	false	
73116			11	407	45	5830	119	49519	84	1894	50	4150	73	15168			0	0	0	0	2	565	1	54	1	63	0	0	false	false	
73152			10	392	5	809	11	3378	139	3019	14	1434	4	1058			22	1282	26	3762	9	1724	222	4416	22	2333	15	3501	false	false	
73554			8	415	12	1759	13	4511	77	1829	18	2147	15	3581			13	756	25	3254	17	6074	80	2030	36	3809	26	6297	false	false	
73956			4	75	6	590	5	1308	8	174	0	0	0	0			9	353	10	1452	11	2968	45	1198	9	1025	1	125	false	false	
74056			2	67	0	0	3	648	20	293	2	214	1	300			12	345	29	3432	31	8480	170	4196	45	3336	30	6115	false	false	
74140			97	4581	180	23089	200	81510	836	24764	265	27878	177	49644			76	3163	115	13846	57	15852	226	5679	46	5105	15	3776	false	false	
74403			25	712	75	8214	181	67032	430	8205	110	8563	129	28123			0	0	0	0	2	889	0	0	0	0	0	0	false	false	
74449	9	7													21	2													true	true	
75259			28	1051	96	10847	201	71479	47	900	67	4540	109	25857			3	71	8	999	9	3533	2	81	0	0	2	275	false	false	
75446			175	6375	66	7316	62	22981	376	10149	87	8281	29	7777			59	2239	71	6803	25	6752	358	7617	69	7485	32	7600	false	false	
75455			12	592	5	688	4	1240	45	615	4	626	4	1207			15	645	10	850	5	1460	63	1097	7	759	2	500	false	false	
75633			446	11462	1284	138419	4986	2015899	119701	1668984	33250	3023983	12740	3333833			111	2421	184	18926	191	44528	4114	49801	846	45104	431	23925			
75651			5	218	6	490	3	1660	134	2389	16	1983	7	2137			8	427	18	2577	14	3790	60	2473	15	1550	5	903	false	false	
76153			1	65	0	0	8	4303	13	263	10	917	7	2455			1	52	13	1126	13	3181	18	297	18	1861	13	2813	false	false	
76443			9	407	9	967	13	4891	82	2450	7	771	0	0			15	587	27	3791	11	3689	26	565	0	0	0	0	false	false	
76854			9	433	17	2562	86	44660	239	8541	60	5676	72	22211			5	305	4	372	6	2380	5	164	0	0	0	0	false	false	
77150			9	493	4	522	13	5858	35	981	19	1911	32	5605			10	560	10	1582	14	4427	60	1818	16	1469	11	2527	false	false	
77253			17	914	43	5261	51	19931	500	13122	66	6964	22	6456			11	414	11	1004	11	2785	131	3221	28	3005	12	3471	false	false	
77422			0	0	1	64	5	1839	3	32	6	384	19	957															false	false	
77851			97	4002	142	17771	289	118445	796	21095	405	34699	306	85285			54	2185	148	16484	118	29393	290	6694	177	16503	118	22298	false	false	
78157			8	316	6	792	9	3762	83	1829	6	410	2	1156															false	false	
78241			1	84	1	85	1	461	182	4164	26	1787	13	4210			3	30	0	0	5	1262	94	2787	36	3425	5	879	false	false	
78559			10	303	15	1328	11	6400	26	1069	1	113	4	585			2	79	8	570	4	775	37	1450	7	787	2	362	false	false	
79042			16	819	38	5304	40	13804	93	2641	18	2411	13	3330			11	405	20	3050	9	2008	17	313	1	115	0	0	false	false	
79127			21	768	10	1231	16	6617	84	2208	16	1569	3	832			1	19	3	336	0	0	4	90	0	0	0	0	false	false	
79145			8	255	14	1646	33	13672	17	335	3	217	3	621			3	184	12	1462	6	1179	1	22	1	55	1	193	false	false	
79257			4	132	6	931	4	1305	89	1881	27	2547	18	7216			4	128	2	142	6	2133	18	451	2	257	2	894	false	false	
79855			33	690	26	3152	50	22060	94	3370	34	3259	43	17155			4	219	10	1231	18	4766	12	411	9	1136	3	457	false	false	
80150			67	2557	39	5172	32	10943	260	5902	76	8842	50	17136			72	2453	92	10476	81	15299	535	10755	183	15662	125	24433	false	false	
80374			3	166	3	463	5	1703	22	427	9	848	6	2010			0	0	0	0	0	0	0	0	1	173	0	0	false	false	
80431			4	144	7	1172	9	3472	56	1252	10	557	1	524			21	851	14	1814	3	653	34	637	2	370	0	0	false	false	
81175			14	577	29	3966	54	21541	133	2488	65	5469	55	13043			13	607	31	4314	30	8060	87	1612	42	3267	35	7541	false	false	
82033			4	294	12	1419	41	18903	60	1893	93	9853	89	24130			1	59	0	0	0	0	0	0	0	0	0	0	false	false	
82257			2	125	2	317	9	4537	55	1554	16	1617	9	2577			1	11	2	234	3	533	50	949	18	1294	7	1237	false	false	
82350			6	223	2	314	3	702	73	3478	12	2125	7	2896			5	253	3	264	2	573	17	810	4	540	3	990	false	false	
83375			2	124	34	4064	66	23584	90	1710	61	4341	89	17989															false	false	
83638			18	999	84	11436	329	145687	331	14710	302	45242	328	110701			0	0	0	0	0	0	0	0	0	0	0	0			
83834			23	1199	26	3392	37	16547	154	3964	39	3552	18	6728			0	0	2	259	1	283	0	0	0	0	0	0	false	false	
83852			3	160	1	154	11	6194	13	270	5	438	7	2206			1	64	2	384	2	926	6	70	6	331	4	918	false	false	
83955			47	1814	42	5395	17	6499	162	4165	32	3249	22	7496			10	336	7	883	10	2719	21	346	7	1183	8	2082	false	false	
84046	2	40															1	18	0	0	2	313	22	465	4	487	3	291	false	true	
84541			244	9233	316	36261	398	150599	1776	37921	239	22532	166	44674			179	7039	148	18281	56	14782	223	5778	47	3491	28	5202	false	false	
85052			35	1756	38	4526	46	15059	74	1734	15	1670	6	2231			1	44	4	360	1	233	16	262	3	312	1	221	false	false	
85472			88	5425	279	29527	771	261492	3079	88240	384	39946	289	64462			1	22	0	0	1	354	0	0	0	0	0	0	false	false	
85931			9	394	20	2408	31	12170	90	1635	28	2666	13	4746															false	false	
86349			186	7296	135	15120	84	29986	613	14258	87	7761	20	5589			173	6430	96	11806	53	12050	437	8261	30	3563	1	218	false	false	
86675			13	455	31	3825	118	49454	16	482	4	293	21	6173			0	0	0	0	1	303	0	0	0	0	0	0	false	false	
87047			21	1237	21	3360	24	10777	9	356	3	422	0	0			1	96	2	273	1	317	0	0	0	0	0	0	false	false	
87234			32	1462	38	7224	79	42864	60	2741	13	2687	17	10032			11	457	5	736	3	1156	0	0	0	0	0	0	false	false	
87476			11	275	10	1060	21	8260	13	287	6	680	4	1460			0	0	6	754	1	412	0	0	0	0	0	0	false	false	
87579			0	0	10	1147	52	22161	4	192	0	0	18	6295															false	false	
88231			19	808	41	4876	98	39896	80	1605	37	2877	32	7347			1	29	0	0	2	825	1	48	0	0	0	0	false	false	
88259			11	449	10	1421	8	3714	57	1693	12	1051	9	1039			17	615	23	3207	20	5601	62	1766	28	2866	14	3267	false	false	
88352			15	581	7	987	29	12064	358	9037	36	3887	24	5441			15	398	7	857	7	2265	350	10109	30	3212	21	4707	false	false	
88455			107	4351	64	9021	49	17086	265	6304	55	5542	38	7884			66	2624	103	14153	128	34637	480	13193	210	17957	159	24961	false	false	
89032			20	612	25	3207	20	6120	117	2390	26	2185	15	2892			1	62	0	0	0	0	5	171	1	116	0	0	false	false	
89135			35	2367	27	4004	8	2970	34	1116	10	1536	4	1066			13	464	6	749	7	2472	9	238	1	200	3	940	false	false	
89854			15	728	29	3512	47	20870	57	1865	23	2525	16	4946			10	448	19	1445	13	2627	44	1293	18	2161	14	4039	false	false	
89957			6	226	10	857	22	9970	23	594	16	1630	8	3153			4	143	11	1603	2	553	2	22	0	0	0	0	false	false	
90047	4	59															9	207	9	932	5	1252	57	1095	8	935	3	451	false	true	
90177			1	54	1	229	0	0	0	0	0	0	0	0															false	false	
90328			197	7145	306	32881	295	102623	892	18741	128	9287	56	14742			77	2445	50	4947	30	6677	107	1835	10	806	4	1009	false	false	
90337			43	1619	25	3990	72	34239	277	5395	34	5216	42	19314			0	0	0	0	0	0	0	0	0	0	1	0	false	false	
90579			12	454	26	4198	56	28424	50	1753	14	2302	9	4906			2	59	0	0	1	274	0	0	0	0	0	0	false	false	
91615			164	4158	42	6372	24	9088	227	2955	16	2594	4	1362			54	993	42	6465	30	10602	58	2064	8	996	1	253	false	false	
91754			13	509	23	3169	34	13247	224	6248	32	3434	9	1991			8	333	26	3251	6	1758	101	2221	6	491	4	896	false	false	
91950			4	235	2	281	6	3514	30	710	6	871	1	62			5	149	3	161	9	2303	15	339	2	179	0	0	false	false	
92144			7	117	3	219	2	197	18	243	3	155	3	1696			10	129	7	372	5	927	84	1369	34	1541	38	5614	false	false	
92676			9	326	48	6668	130	50583	134	7158	77	9806	79	25211			0	0	0	0	0	0	0	0	0	0	0	0	false	false	
92706			9	438	22	2180	31	11601	0	0	0	0	19	10497															false	false	
92902			31	1867	42	6206	2	624	105	2315	5	512	0	0			1	48	1	88	0	0	0	0	0	0	0	0	false	false	
93244			54	1901	83	10834	81	31214	238	6483	74	8481	34	10274			93	3686	103	11252	68	14259	187	5242	32	3389	16	3712	false	false	
93543			83	3310	147	18421	111	39916	335	8054	75	7522	56	12955			46	1891	53	6720	42	10579	64	2138	25	2547	19	3786	false	false	
93619			0	0	0	0	0	0	0	0	0	0	0	0			0	0	0	0	0	0	0	0	0	0	0	0			
94139			58	2834	63	9476	82	41047	465	12460	68	10565	49	23471			14	626	8	476	3	1020	0	0	0	0	0	0	false	false	
94522			200	9127	213	28798	194	82167	798	16766	64	4978	39	9166			28	1070	21	2411	16	3650	23	508	3	296	0	0	false	false	
94755			34	2046	48	6917	31	13042	305	8518	70	5998	39	11582			19	974	36	3816	25	6102	264	6317	57	5657	24	4437	false	false	
94858			33	1210	31	4843	24	8780	337	7040	41	4525	12	3600			38	1637	44	5168	35	8982	398	8108	59	6356	14	3917	false	false	
95051			4	125	3	413	12	7459	28	277	7	575	5	2219			0	0	5	504	2	219	7	318	4	351	6	864	false	false	
95677			5	136	16	2326	10	3731	91	2416	39	4863	18	5270			1	64	0	0	0	0	0	0	0	0	0	0	false	false	
96553			11	471	12	1555	19	6459	73	2165	37	3927	21	5526			5	257	9	847	14	4649	34	1276	26	2925	13	3517	false	false	
97055			8	373	10	1282	12	5376	255	7487	64	8157	51	20225			34	1186	44	5505	58	13235	218	6222	115	15251	95	27588	false	false	
97279			36	1837	26	3754	6	1918	93	2157	6	971	7	1980			0	0	0	0	0	0	17	281	0	0	0	0	false	false	
97457			54	1540	37	4889	43	16199	106	2236	22	2214	17	3856			81	2978	80	9938	35	10459	149	3322	16	1290	9	2154	false	false	
97804			4	133	21	2921	76	27804	152	4361	141	14277	111	27390			0	0	0	0	0	0	0	0	0	0	0	0	false	false	
97943			19	804	48	6542	48	19743	321	7545	86	9442	51	16320			43	2093	95	12490	75	23409	436	9754	115	12041	61	12938	false	false	
98351			14	413	17	2203	41	17583	52	1388	11	1369	6	2833			2	91	3	341	5	1336	12	305	3	411	0	0	false	false	
98463			14	593	61	7510	125	45816	181	4905	90	7967	91	19325			9	336	38	4824	53	14950	63	2137	30	2667	18	2979	false	false	
98717			0	0	0	0	37	15418	0	0	1	24	1	581															false	false	
99143			51	1767	26	3266	37	12681	238	4558	30	2802	13	4290			31	1105	16	2331	12	3624	93	2018	17	2215	20	5205	false	false	
99376			2	93	6	758	20	9543	10	398	67	8584	257	98807			1	16	5	399	1	116	0	0	0	0	0	0	false	false	
99442			118	4956	94	12128	75	28421	793	18200	120	10942	77	18266			120	4269	88	11837	55	15811	30	743	22	1909	19	3843	false	false	
99536			244	9058	318	35751	389	135308	395	10053	152	14917	34	7421			44	1657	21	2769	17	6910	7	111	1	130	0	0	false	false	
99853	26	27															1	25	0	0	0	0	0	0	0	0	0	0	false	true	
100236			24	688	29	4139	74	31872	205	5319	50	4695	41	10300			8	383	6	901	5	741	2	33	1	78	1	325	false	false	
100357			56	2439	107	13699	142	59240	462	11876	170	18974	79	28481			61	2886	79	10292	58	14092	471	10213	86	10253	46	9663	false	false	
100562			43	1986	337	43296	1216	511411	2773	24493	439	25007	431	61754			8	508	45	5035	80	16015	34	952	38	3490	33	3779	false	false	
100777			12	461	20	2378	48	34775	67	2760	39	3860	32	12750			0	0	1	2	0	0	0	0	0	0	0	0	false	false	
100843			56	2479	88	11941	100	39941	452	11732	74	7366	50	13721			81	3774	68	8560	30	8715	188	4231	21	2063	11	2119	false	false	
101037			83	2882	102	11902	167	58498	160	3199	40	3758	33	10037			3	88	0	0	1	62	1	14	1	70	1	125	false	false	
101439			179	4370	77	7604	42	13899	464	8832	40	3217	16	2864			66	1752	25	3008	10	2056	71	1611	20	1949	9	2528	false	false	
101671			14	425	43	4386	78	33767	331	10949	211	22298	124	32170															false	false	
101738			33	1482	25	2848	21	8740	286	5992	28	2841	10	3030			77	3288	19	1769	5	1363	75	1290	0	0	0	0	false	false	
101952			17	1069	6	900	6	3268	117	2647	10	1528	8	3427			0	0	5	742	1	295	31	532	1	120	0	0	false	false	
102333			10	289	9	1033	78	2467	478	1060	6	781	3	1318															false	false	
102342			23	2093	39	6210	56	21069	263	5622	79	7168	44	11808			17	589	32	3917	8	2248	114	2535	43	3266	30	6006	false	false	
102557			2	46	6	886	21	8546	46	1350	16	1819	43	13762			0	0	2	237	4	1225	0	0	0	0	0	0	false	false	
102874			8	456	15	1755	17	8295	30	790	2	160	8	2660															false	false	
103134			4	108	9	848	11	3286	22	651	17	1388	9	2583			0	0	1	122	1	328	14	419	12	1130	8	907	false	false	
104234			33	1545	27	2926	25	9035	31	682	5	612	1	434			8	338	6	622	0	0	10	215	2	187	0	0	false	false	
104542			12	568	13	1686	3	763	19	468	0	0	0	0			0	0	0	0	1	224	9	207	1	55	0	0	false	false	
104971			1	13	1	100	0	0	0	0	0	0	0	0															false	false	
105026			19	998	45	5436	55	19465	319	7901	65	6599	26	7060			4	239	20	2398	9	1923	1	6	1	20	0	0	false	false	
105473			11	506	39	4688	103	37089	82	2547	30	2868	27	7372			0	0	1	59	1	371	0	0	0	0	0	0	false	false	
105530			19	839	18	2346	19	7141	199	5732	27	2821	8	1961	49	20													true	false	
106359			29	1300	90	9382	401	171623	286	4452	123	9638	120	29072			0	0	0	0	0	0	7	59	0	0	0	0	false	false	
106452			16	820	71	9796	138	60806	153	6245	24	1980	17	3758			9	455	2	309	4	1099	6	89	0	0	0	0	false	false	
106676			17	696	20	2561	22	7298	0	0	0	0	0	0															false	false	
107244			182	11062	370	44858	759	321008	816	28680	321	36211	212	63660			50	2062	56	9104	22	7566	23	336	7	857	1	128	false	false	
107570			67	2904	122	15598	156	59089	209	6572	71	7395	78	26787			0	0	0	0	1	485	0	0	0	0	0	0	false	false	
107758			23	1025	21	2465	3	1160	85	1944	13	1382	2	171			30	1188	16	2389	25	7297	49	1099	14	1574	2	259	false	false	
108072			24	1205	62	8922	76	31302	150	2812	46	4488	17	5475			2	59	9	987	3	838	59	1294	12	1485	7	1521	false	false	
108269			5	216	6	604	4	746	23	251	4	443	2	468			3	73	0	0	1	282	10	378	1	221	0	0	false	false	
108652	0	29																											false	true	
108746			4	102	5	544	1	37	24	550	2	300	0	0			3	207	6	774	7	1979	21	386	5	501	7	1437	false	false	
108951			17	875	50	6337	76	27238	159	3811	68	5524	80	21790			14	656	19	2105	36	6780	72	1529	46	3973	45	9561	false	false	
109136			15	349	19	1944	60	20899	161	1411	23	1526	7	1404			2	30	0	0	2	616	0	0	0	0	0	0	false	false	
109154			7	498	14	2045	24	9510	113	2665	17	1455	9	4834			4	217	9	1393	14	5906	44	1039	9	999	6	1610	false	false	
109453			48	2210	73	10584	84	33954	247	6865	81	9060	35	13297			13	468	37	3517	38	13376	181	3919	59	6881	40	13340	false	false	
109574			37	318	42	5129	62	23185	256	2647	46	3336	50	13168			0	0	0	0	0	0	0	0	0	0	0	0	false	false	
109659			55	2132	55	6807	78	31118	197	2837	34	3064	22	4763			41	1157	17	2006	8	2159	0	0	1	33	0	0	false	false	
110413			32	1496	71	8670	106	36713	76	2598	42	4039	66	23597			18	353	71	885	85	2881	90	3490	28	3362	12	3070	false	false	
110936			1	75	3	685	30	20992	70	2890	16	3310	10	5177															false	false	
110945			47	1989	55	6415	61	22347	331	6621	36	3193	24	6482			79	3133	70	8644	44	10554	70	1292	14	1267	5	782	false	false	
110972			28	1451	18	2311	7	2906	42	987	13	1400	8	2065			2	144	6	792	6	1661	4	154	0	0	0	0	false	false	
111157			0	0	0	0	1	490	43	1130	23	2404	14	3279			2	84	27	3927	34	7925	117	4050	46	3519	46	7003	false	false	
111205			22	805	67	8842	142	56514	176	2860	52	3728	48	12500			0	0	0	0	0	0	2	8	1	105	1	217	false	false	
111942			48	2266	88	12295	126	54350	160	4105	64	5476	64	15190			5	172	7	870	3	558	18	419	3	525	6	1568	false	false	
112163			75	3264	158	18699	333	131106	664	14820	224	18259	165	37693			185	7543	135	17310	59	16092	182	4070	29	2474	16	3785	false	false	
112332			34	1522	35	4719	19	6948	142	3381	14	1491	4	843			24	796	15	1604	7	1944	85	1530	14	1196	10	2733	false	false	
112510			31	476	12	1417	12	3212	165	2452	36	3120	15	3027			49	1250	24	2789	21	4492	45	591	5	244	0	0	false	false	
112556			7	229	2	273	4	746	61	1432	10	969	6	2284			9	410	25	3327	17	4823	328	7288	48	6296	12	3298	false	false	
112837			93	2555	205	17509	641	208550	2363151	10985158	36991	2063408	4750	1210022			0	0	0	0	4	336	46	296	8	495	0	0			
113003			0	0	1	7	0	0	0	0	0	0	0	0															false	false	
113030			150	6003	72	902	55	18229	148	3511	20	1748	7	1815	127	0													true	false	
113441			40	1617	64	7269	101	38895	221	5560	55	4642	51	11931			30	1327	83	10089	69	19741	222	4087	25	2208	11	2014	false	false	
113601			32	1483	28	4818	35	19766	8	170	5	938	0	0															false	false	
113740			20	1875	49	7674	191	73836	126	6745	79	13471	90	41360															false	false	
114149			17	657	32	3985	27	10309	262	6966	75	6592	52	12446			13	467	27	3429	17	4943	61	1364	15	1654	0	0	false	false	
114260			79	3730	240	27537	467	179597	336	12812	285	36525	280	102331			0	0	1	137	0	0	45	1985	43	4699	35	9138	false	false	
114457			102	4419	73	9945	36	12058	369	7755	52	4977	39	12629			52	2240	60	8411	33	8091	374	8577	59	7024	24	6027	false	false	
114774																													false	false	
114840			38	1462	57	8055	84	35526	238	6007	92	8858	52	13758			74	3021	46	6077	14	4446	87	1474	5	554	1	375	false	false	
114859			6	190	9	1213	5	2444	72	1790	12	1162	4	1135			4	179	5	564	9	2610	74	1423	22	2020	9	1911	false	false	
115146			2	53	3	325	9	2146	46	1648	17	2606	17	8751			17	897	18	1724	44	16818	146	3842	62	7241	44	16818	false	false	
115575			47	1330	54	7332	130	54632	499	7278	43	2444	33	5595															false	false	
116358			5	195	11	1696	6	2071	26	560	10	777	3	0			4	103	2	176	1	314	14	445	6	834	0	0	false	false	
116554			1	39	1	196	7	3884	10	314	3	515	1	497			1	56	2	212	0	0	1	4	1	208	1	256	false	false	
116741			27	1118	11	1898	11	4397	192	4517	11	1578	3	1758			22	1021	29	5105	19	7039	148	4490	41	6665	18	6684	false	false	
117038			30	1382	17	2344	46	18264	336	8979	39	4071	20	9001			43	1480	37	4873	10	2153	322	7802	34	4637	14	4306	false	false	
117074			0	0	3	448	10	3386	0	0	0	0	0	0															false	false	
117458			30	1245	60	8288	71	25142	155	4194	63	7395	62	20972			23	934	43	5864	67	20016	128	3709	92	9600	70	12409	false	false	
117775			6	346	12	1301	13	4841	136	3791	30	2153	95	19743			0	0	2	270	0	0	0	0	0	0	0	0	false	false	
118156			98	4285	94	11261	119	47205	612	14816	184	15365	89	24388			83	3328	82	9676	65	24417	111	2691	33	3881	30	12391	false	false	
118660			1	89	9	1686	112	53291	21	898	4	439	16	5750															false	false	
118736			31	1140	18	1736	22	10154	197	4090	19	1913	8	2631			37	1501	18	1977	13	3169	35	814	6	451	2	451	false	false	
119153			13	667	23	2749	24	9409	158	2560	22	471	31	3439			15	808	19	1535	7	1947	59	1328	12	1398	9	1692	false	false	
119779			23	1080	66	8777	167	65611	225	4929	69	5300	63	17913															false	false	
119872			10	310	41	4527	92	30233	49	1155	22	2740	33	11942															false	false	
120476			0	0	3	416	2	912	0	0	0	0	0	0															false	false	
120542			30	1394	87	11676	193	84762	188	3918	67	6180	44	14385			17	556	11	1257	11	2137	52	1282	10	728	5	503	false	false	
120609			43	1708	172	21626	291	121898	657	15148	212	15685	178	36788			1	24	0	0	2	480	0	0	0	0	0	0	false	false	
120953			73	2433	26	3534	27	7955	111	2950	23	1854	16	5706			60	2301	84	9673	63	16080	375	8154	59	9536	46	10973	false	false	
121642			204	6961	417	50644	723	274151	1727	39147	422	38706	359	105191			325	12726	223	26557	120	31273	353	8141	102	10908	48	11012	false	false	
121651			11	365	5	633	6	1575	81	1413	21	1696	12	4521			21	640	4	499	0	0	7	189	0	0	0	0	false	false	
121914			122	2728	78	8351	61	17619	618	8077	64	3583	31	4786			115	3256	53	5394	45	14872	76	768	3	274	0	0	false	false	
122153	80	60																											false	true	
122546			36	1642	25	3488	20	7312	101	2248	20	2571	9	2338			9	362	15	1660	5	1251	20	457	10	1316	1	330	false	false	
123075			4	210	4	531	5	2940	40	1708	6	981	0	0			0	0	0	0	1	245	0	0	0	0	0	0	false	false	
123374			5	166	10	1401	5	2149	83	2307	12	1266	6	1679			6	219	3	476	1	335	0	0	0	0	0	0	false	false	
124344			17	463	31	3651	82	34311	88	1823	34	2593	27	5610			0	0	0	0	0	0	2	22	0	0	0	0	false	false	
124830			19	870	6	883	14	5181	63	1451	9	1043	6	2598			15	514	10	1416	7	2499	10	204	4	322	3	330	false	false	
125154			4	287	17	2841	35	15524	8	262	12	1353	14	4430			2	150	5	717	8	2519	0	0	0	0	0	0	false	false	
125855			84	3262	106	13680	168	62621	943	18744	126	11425	78	28241			57	2234	62	7055	35	10024	235	6198	103	10627	47	8356	false	false	
125873			2	46	4	692	19	8054	13	369	4	475	2	373			0	0	0	0	1	342	0	0	0	0	0	0	false	false	
126012			13	508	42	5066	90	33218	123	2942	56	5615	35	7024															false	false	
126049			39	1398	26	2884	17	4744	297	6180	34	3002	10	3055			4	186	9	1022	1	276	62	1537	4	498	1	98	false	false	
126375			0	0	0	0	8	495	0	0	0	0	0	0															false	false	
126553			13	249	21	2838	51	19259	82	792	27	2389	41	10724															false	false	
126834			112	7196	20	2741	27	10851	369	10265	84	8684	18	4058			93	5065	26	3535	15	5107	155	2743	7	553	0	0	false	false	
127055			4	271	11	1541	26	10456	27	750	21	2301	13	2820															false	false	
127224			87	3070	40	3679	36	11626	382	6833	27	2408	10	2118			0	0	3	377	0	0	0	0	0	0	0	0	false	false	
128258			8	362	3	531	4	1437	22	788	14	1609	3	813			7	164	10	1565	3	378	173	4838	33	4036	13	2435	false	false	
128904			73	3670	470	59153	1300	536375	3399	78656	509	52047	583	173810			1	84	0	0	0	0	0	0	0	0	0	0	false	false	
129349			44	1734	43	5018	19	6030	116	3674	35	3927	19	6749			8	270	22	2643	7	1358	40	776	15	1450	3	1031	false	false	
129358			2	163	9	1469	24	12938	14	301	7	775	6	1741			1	36	1	155	3	1081	1	50	1	180	0	0	false	false	
129732			35	1521	208	22395	865	265545	843	18669	685	56297	1573	289344			0	0	0	0	0	0	0	0	0	0	0	0	false	false	
129853			24	1157	23	3428	20	9188	183	3664	13	1141	7	2357			16	852	29	4185	34	9996	324	7602	48	5462	17	4187	false	false	
129910			37	1726	58	7736	117	46413	203	4967	36	2990	10	2663			59	2459	72	9645	48	13518	123	3586	15	1843	5	1711	false	false	
130345			39	1909	120	16676	85	32406	468	34124	47	4604	42	12516			6	522	12	642	9	1431	97	6730	15	1114	11	1199	false	false	
130541			169	5475	425	43759	780	283553	2140	47923	1320	99928	763	177684			17	645	38	3245	25	5413	48	1405	28	2500	17	2947	false	false	
131436			17	619	38	3413	108	43800	108	2082	35	2505	46	13576			8	423	16	1757	15	3920	26	835	19	1327	13	1180	false	false	
131717			13	537	11	1863	5	2120	5	103	5	775	4	1458	16	0													true	false	
131940			30	2942	24	3000	35	16600	109	3134	15	1647	7	3177			10	274	5	658	10	2506	13	296	4	564	3	1353	false	false	
132107			24	1096	89	11371	180	74396	311	10529	82	9093	126	45853															false	false	
132451			0	0	5	637	12	7341	44	1435	5	256	7	2159			4	135	6	1011	5	2013	18	468	0	0	0	0	false	false	
132778			9	503	11	1564	15	4760	24	639	3	523	1	4			0	0	0	0	2	814	0	0	0	0	0	0	false	false	
132938			23	872	27	3552	24	9680	81	2494	24	2626	18	6100			12	385	6	709	3	732	30	884	8	950	6	1159	false	false	
133579			41	1377	85	9837	92	30143	203	3880	37	2106	21	3532															false	false	
133850			92	3372	179	20733	326	130446	659	14764	227	17824	135	33555			72	2777	123	13362	65	15822	154	2898	50	3050	40	4093	false	false	
133971			1	14	12	1437	8	2661	0	0	0	0	1	176			0	0	0	0	0	0	0	0	0	0	1	238	false	false	
134156			5	117	6	783	10	4044	56	1192	25	3149	13	4961			9	284	15	1963	12	3468	42	904	12	651	22	4429	false	false	
134437			104	4595	153	19512	216	88898	648	16844	171	16655	163	42657			88	3439	55	6548	35	8435	224	5522	29	3113	12	2910	false	false	
134455			47	1658	34	4688	33	12336	223	5465	59	6025	17	5205			15	681	10	1270	10	2609	67	1808	36	3697	28	6735	false	false	
134848			102	3775	85	10170	67	24027	101	1007	39	3226	27	7746			55	2418	73	6459	38	5887	87	2153	32	3437	8	1820	false	false	
135836			9	480	15	1807	13	5036	61	1337	13	1468	15	5428			2	153	0	0	0	0	9	124	1	97	0	0	false	false	
135854			7	346	4	581	7	3215	71	1793	16	1591	4	847			12	440	23	1722	37	7102	236	6268	66	6129	43	9064	false	false	
136048			88	3956	48	7284	20	7501	177	5260	44	5839	13	4181			13	752	17	2229	25	8009	89	2244	23	3162	8	2695	false	false	
136338			49	2100	53	6916	69	25390	169	4358	45	7137	19	5014			8	363	7	927	2	763	13	260	4	428	2	538	false	false	
136655			9	616	5	772	3	662	51	1628	14	1476	4	1738			41	2746	55	7873	18	4998	139	4584	15	2126	1	237	false	false	
137205			133	5615	245	31082	394	142248	810	16787	263	22094	221	52689			11	265	7	747	6	1107	293	7859	139	12169	59	10865	false	false	
137447			130	4346	69	7535	45	15864	245	4452	26	3059	9	3408			134	5081	102	12768	61	15938	237	6099	50	4882	26	5401	false	false	
137456			13	775	12	1533	13	5214	197	4896	35	4135	16	3848			24	933	28	3600	18	4473	90	2040	23	2339	8	1911	false	false	
137559			40	1186	19	2138	8	2756	52	1062	11	1361	11	2403			27	1072	28	3795	20	5036	111	2120	52	4485	28	5521	false	false	
137643			94	2816	13	1575	14	4454	52	1082	7	600	2	997			22	837	14	1140	17	4309	121	2586	30	3629	16	3422	false	false	
137652			4	253	53	8214	72	28079	11	349	8	422	21	2862															false	false	
137915			46	3694	176	25751	724	329008	36	1706	29	4532	77	40106															false	false	
138051			33	996	11	1419	8	5338	44	1553	6	908	9	3558			72	3615	51	7264	42	12959	291	25662	26	3709	10	3371	false	false	
138257			10	515	6	587	11	5837	75	1579	6	813	2	538			7	281	11	1565	4	941	89	1571	4	518	4	884	false	false	
138556			8	586	7	780	4	1295	143	5937	7	513	3	2032			0	0	0	0	1	321	0	0	0	0	0	0	false	false	
139133			10	406	21	2568	48	18940	115	2590	40	4423	38	10286			1	33	4	454	1	228	10	319	4	319	3	823	false	false	
139478			53	1620	90	11448	196	77377	180	3820	36	2934	35	7286			0	0	0	0	1	280	0	0	0	0	0	0	false	false	
139553			44	2064	62	8391	125	47583	320	7420	125	13220	126	38296			77	3428	98	11329	36	9452	102	2502	16	1286	5	1160	false	false	
139656			292	12849	297	38508	353	143100	1803	44421	363	36104	311	97468			386	13865	287	34692	168	44128	807	18243	152	13802	57	11962	false	false	
139740			16	803	47	7857	96	55397	171	8524	98	15706	101	49938			2	198	6	772	5	1644	2	136	3	451	2	527	false	false	
139843			122	4288	183	21778	225	84467	511	13962	201	19865	170	53157			165	6836	274	31128	188	43258	586	16416	313	34129	181	47525	false	false	
140157			54	2148	36	4467	31	9025	222	5422	53	5044	33	7309			29	865	81	9504	82	22346	502	14180	164	16220	99	20553	false	false	
140362			6	262	16	2059	155	82333	146	2182	62	4635	129	28510			0	0	0	0	0	0	0	0	0	0	0	0	false	false	
140634			37	886	8	912	7	2601	166	2491	18	1823	4	1765			19	521	14	1902	5	1158	60	1311	6	731	2	173	false	false	
141350			35	1200	7	857	3	1389	101	2769	9	1066	4	2333			41	2205	53	7171	57	21738	163	3841	54	6714	54	22861	false	false	
141556			16	831	63	7493	198	86320	15446	433699	6900	541291	1632	306137			8	191	30	2355	13	2014	56	1702	17	1790	9	1563			
141677			0	0	4	475	2	600	0	0	0	0	0	0															false	false	
141958			27	1104	10	1174	9	3573	163	4980	44	5210	3	718			32	1421	20	2530	7	1874	40	912	2	197	0	0	false	false	
142049			11	557	9	989	4	1199	153	3311	13	1652	9	3236			13	471	11	957	40	14030	185	3380	59	5910	34	7265	false	false	
142179			3	120	0	0	2	633	0	0	0	0	0	0			0	0	1	174	0	0	0	0	0	0	0	0	false	false	
142955			15	887	22	2460	64	25902	162	4441	61	6425	55	14572			8	456	8	913	4	1044	1	16	0	0	0	0	false	false	
143372			34	1192	20	2699	12	5396	166	3216	17	1700	9	2443			56	2601	48	6441	31	9563	182	3440	11	1027	3	816	false	false	
143662			138	4551	793	94155	3594	1436989	42500	1068982	5009	454451	3149	849337			14	521	105	12267	144	37069	476	10887	313	32252	278	61525	false	false	
143859			18	695	15	1864	28	10555	85	1853	35	3371	38	11224			21	962	26	3305	44	9018	96	2201	59	4441	55	7613	false	false	
143952			14	648	33	4894	29	13473	93	2945	45	4927	20	5301			26	1352	45	6306	27	7315	125	3471	49	5925	21	4986	false	false	
144034			13	536	18	2226	44	18032	26	878	9	1277	16	4398			0	0	0	0	0	0	0	0	0	0	0	0	false	false	
144052			55	2525	35	5960	22	9392	347	9461	41	5979	10	4228			131	6383	116	19372	66	23622	629	15505	73	11363	13	5077	false	false	
144155			16	771	40	5745	111	43419	91	3165	36	4126	38	14327			0	0	0	0	0	0	2	178	0	0	0	0	false	false	
144678	0	1																											false	true	
144856			18	775	31	5393	56	28692	79	2364	24	3982	27	11414															false	false	
144913			89	4026	122	14847	69	24048	47	1567	24	1926	2	223			0	0	2	151	3	476	0	0	0	0	0	0	false	false	
145059			14	426	9	1300	6	1059	38	722	6	747	6	2847			28	1628	27	3439	17	4095	6	159	1	10	7	2154	false	false	
145545			33	1669	70	8788	93	34107	221	5578	61	5701	38	12865			10	410	16	1638	15	3214	13	348	5	357	3	690	false	false	
145554			2	122	9	1389	32	10468	22	697	6	945	53	9944			0	0	0	0	1	163	1	6	0	0	0	0	false	false	
145741			40	1630	23	2716	14	4932	166	3978	22	2494	14	3460			56	2332	56	7181	44	12203	497	11491	80	7504	35	7140	false	false	
145844			67	3084	91	12230	103	37758	142	3569	62	5918	42	10816			33	1499	67	8001	61	15034	94	2104	33	2417	24	5826	false	false	
146056			4	160	3	448	3	1032	28	590	4	491	21	8623			3	101	8	1047	4	1142	28	622	13	1681	4	602	false	false	
146663			13	570	64	9107	149	69403	287	10208	173	17077	105	32759			0	0	4	391	1	300	1	83	0	0	0	0	false	false	
147651			13	460	9	1146	4	1740	48	1341	6	893	6	1819			16	769	19	2921	14	4254	138	3353	23	3019	10	2632	false	false	
147679			0	0	5	821	26	11403	1	37	1	46	1	50															false	false	
147857			114	3855	33	4638	38	14287	58	1380	14	1210	5	1983			11	384	28	3328	47	13068	77	1703	42	4518	34	6144	false	false	
147923			32	1069	61	8660	124	49829	148	4489	54	5479	25	14275			4	131	2	385	5	1592	0	0	0	0	0	0	false	false	
148171			15	682	37	4267	21	7206	109	3307	32	3427	21	5964			29	1439	57	7194	16	4310	106	2482	30	2779	5	963	false	false	
148238			35	1525	50	7513	43	17370	417	10604	76	8006	27	11627			56	2195	32	3637	12	2994	58	939	10	1155	8	1938	false	false	
148340			14	754	12	1519	19	7268	69	2150	19	1915	11	3416			27	1324	12	1720	19	5479	32	939	8	642	3	1039	false	false	
148470			4	51	14	1593	15	4939	12	434	1	149	0	0															false	false	
148715			20	586	26	3144	20	5956	101	2283	5	615	3	1073			55	2281	35	4284	12	3864	146	1813	1	119	0	0	false	false	
148920			24	1120	13	2102	3	956	81	1991	12	1565	0	0			27	1613	20	3184	15	6125	55	1153	5	680	4	1880	false	false	
149150			33	1298	23	3635	29	13890	111	3286	12	1774	3	964			28	1156	23	3324	9	3094	84	1988	4	555	2	591	false	false	
150035			13	443	25	1894	49	12508	67	1185	40	2197	30	5358			7	154	16	660	1	141	3	27	1	75	0	0	false	false	
150044			37	1224	82	11843	268	110727	59	1018	38	2821	44	9442			1	0	3	221	3	615	0	0	0	0	0	0	false	false	
150727			110	5770	95	15360	145	74494	193	5295	22	3513	19	8530			68	3311	77	12793	74	21520	167	5181	38	6123	22	8245	false	false	
151957			50	2817	62	8201	110	42130	260	6350	52	5836	66	21573			49	2221	61	7708	75	19157	237	6567	78	9974	48	11092	false	false	
152057			26	1054	44	4649	51	22060	166	3383	26	2015	11	2514			28	1062	16	2062	5	1695	48	929	2	183	1	279	false	false	
152253			16	914	26	4594	25	13031	285	9899	44	7615	26	10288			12	593	12	2285	18	7033	83	3679	20	3390	13	5520	false	false	
152440			33	1241	20	2173	6	1896	189	4367	39	4435	20	5569			25	1093	37	4306	22	5584	52	1324	17	1811	5	1259	false	false	
153054			32	1616	49	6677	101	48469	274	6207	79	7522	130	37229			10	420	11	1402	4	1484	29	516	6	249	0	0	false	false	
153353			180	6876	132	17035	151	57503	672	17153	139	13447	97	34485			321	11883	296	39460	157	45589	800	18448	159	17304	60	14964	false	false	
154154			34	1017	38	4368	86	33369	207	3702	163	14782	47	15241			27	1149	38	4924	20	4880	99	1906	16	1675	3	252	false	false	
154770			34	314	25	2953	113	45051	478	6421	199	20761	183	62919			0	0	0	0	0	0	0	0	0	0	0	0	false	false	
155759			0	0	0	0	0	0	105	3103	22	2326	13	4724			2	92	3	436	4	1409	43	1030	23	2211	9	2077	false	false	
156457			16	457	16	2408	30	18744	78	2363	19	2014	15	5148			13	513	16	2011	6	2005	57	1658	16	1840	5	1160	false	false	
156970			33	1415	23	3538	9	3757	145	3830	20	3491	3	1536			35	1256	10	1643	2	701	0	0	0	0	0	0	false	false	
157155			18	694	15	1798	12	4278	73	1600	16	1463	14	5348			7	262	7	768	5	1476	17	175	6	582	3	745	false	false	
157379			3	142	9	980	34	16025	79	2532	11	1678	3	692															false	false	
157650			9	454	20	2014	12	2730	107	5686	18	1828	16	4993			1	40	2	244	0	0	4	234	0	0	0	0	false	false	
157744			29	1287	29	3556	51	20308	93	2505	29	2763	25	4465			30	1026	45	5450	88	33922	69	1994	36	3509	25	9147	false	false	
157856			3	139	7	542	0	0	49	1356	7	621	3	891			4	186	0	0	0	0	3	100	0	0	0	0	false	false	
158376			0	0	0	0	0	0	1	7	0	0	0	0															false	false	
158741			70	3407	37	5098	54	22864	106	2659	24	2388	26	5991			6	259	5	344	1	380	0	0	0	0	0	0	false	false	
159636			62	3578	163	19990	424	168038	561	12794	95	8437	109	31280			31	880	24	2160	5	1498	70	916	1	0	0	0	false	false	
159645			2	33	7	806	1	257	185	6158	43	4683	17	6647			18	962	28	3611	24	7146	159	4025	24	2336	7	2054	false	false	
159953			13	557	22	2570	9	3125	100	2722	28	2270	8	1887			17	655	30	3831	10	2388	152	3529	30	2245	15	3403	false	false	
159971			5	162	20	2639	188	84441	36	1529	10	744	14	4027															false	false	
160360			6	420	44	5970	180	78295	172	3969	78	8008	132	34146			0	0	1	193	2	385	3	120	1	161	1	302	false	false	
160454			22	1108	20	2866	37	14589	158	3485	12	934	8	2381			6	171	8	812	3	692	132	2528	0	0	5	937	false	false	
160959			41	2043	74	10226	239	101764	130	3110	40	3389	72	20212			2	61	8	1422	8	1675	8	279	1	128	2	534	false	false	
161273			27	836	114	14050	396	152692	272	5618	201	18603	232	57216			1	0	0	0	0	0	0	0	0	0	0	0	false	false	
161602			46	3612	174	23871	364	150942	4350	121629	385	44760	299	120328			0	0	0	0	3	1161	1	30	1	99	0	0	false	false	
162337			95	3891	130	16853	134	53032	50	1463	19	1689	12	3918			72	2734	63	8205	26	7651	9	128	0	0	0	0	false	false	
163343			8	267	14	2144	11	3272	98	2556	20	2218	20	6075			25	1150	24	3874	15	4353	52	1462	7	468	1	265	false	false	
163549			81	3293	138	16764	286	84634	264	5326	190	22193	459	149543			4	157	2	250	5	1058	1	6	0	0	0	0	false	false	
163857			15	499	33	4011	69	26662	288	5841	65	5743	32	12977			38	1453	36	4780	30	11209	204	5027	37	3544	14	4369	false	false	
164153			9	395	16	2128	24	8667	102	2592	43	4677	18	4506			4	182	3	544	3	715	11	218	3	49	0	0	false	false	
164331			14	833	20	2252	13	4008	145	8835	36	5017	22	6309															false	false	
164377			10	470	27	3910	38	17819	5	137	0	0	1	459															false	false	
164957			15	531	33	4865	25	9553	71	2073	17	1586	3	815			9	252	9	822	4	959	41	1127	18	1278	2	560	false	false	
164975			4	208	3	556	6	3306	43	2111	13	2108	1	260															false	false	
165628			210	8557	493	53421	885	307234	47495	192162	1314	104199	1428	355555			44	1307	89	9840	68	15195	239	4965	40	4316	43	8333			
165758			10	461	15	2371	43	17161	137	3091	40	3382	29	4906			0	0	1	90	2	355	1	17	1	121	0	0	false	false	
166111	25	59																											false	true	
166531			27	1118	55	6888	70	27916	220	4589	62	4398	24	6053			41	2037	58	6509	27	7048	127	2549	13	1411	6	822	false	false	
166652			61	2719	85	11186	98	37865	237	5525	72	5069	152	18830			37	1684	68	9101	74	20205	219	5754	74	8304	41	7980	false	false	
167453			8	378	23	2402	18	6720	49	1264	17	1191	13	2607			11	294	15	2220	9	2099	20	491	9	856	4	1101	false	false	
167752			5	128	0	0	0	0	13	527	5	667	4	1463			21	756	9	1084	4	721	16	339	2	240	3	351	false	false	
168571			17	650	38	4286	78	36698	233	6540	73	7602	41	11708			13	541	22	2680	10	3673	29	877	14	1892	10	3473	false	false	
169354			5	283	9	1597	12	5418	81	2587	11	1440	30	15353			0	0	3	208	4	785	31	872	18	1722	8	1972	false	false	
169653			18	770	63	7741	315	147556	1166	31309	129	15424	132	44406			0	0	0	0	0	0	0	0	0	0	0	0	false	false	
169756			19	861	49	6615	95	39101	594	12259	80	9789	87	27274			8	532	12	1697	8	2377	11	193	0	0	0	0	false	false	
170257			5	203	4	408	8	2386	41	740	0	0	3	411			9	300	4	477	2	568	79	2015	21	2453	6	1070	false	false	
170275			6	368	11	1416	12	3457	48	1237	3	388	2	0			1	21	2	181	0	0	0	0	0	0	0	0	false	false	
170332			36	1367	41	4395	48	17785	110	3142	48	4083	20	6273			1	55	0	0	0	0	0	0	0	0	1	357	false	false	
171133			0	0	1	90	13	4485	0	0	3	283	6	843			0	0	0	0	0	0	0	0	0	0	0	0			
171656			13	663	19	2615	29	10485	114	3531	14	1116	6	2133			6	317	8	857	1	239	12	267	3	388	1	311	false	false	
171759			13	669	18	1997	41	15209	77	1496	22	1815	15	4240			14	505	18	2085	30	8351	49	1176	12	838	11	1817	false	false	
171768			8	183	31	3834	88	38707	64	1843	26	2882	21	6238			27	1493	57	7756	32	9955	84	1539	2	275	0	0	false	false	
172251			16	598	25	3013	11	3891	47	1242	9	1106	2	305			14	584	8	1010	4	864	12	228	3	320	0	0	false	false	
172457			2	111	11	1384	55	21764	51	773	30	2929	28	7111			0	0	0	0	0	0	0	0	0	0	0	0	false	false	
172475			29	883	43	4653	90	38310	14	321	6	279	11	2736			2	71	2	157	0	0	0	0	0	0	0	0	false	false	
172859			47	2118	46	6047	15	4548	88	2340	21	2316	25	9346			5	126	9	945	23	6550	407	13638	231	21511	58	12060	false	false	
173306			7	222	34	4198	68	27256	114	3353	67	7093	39	14305			0	0	2	355	2	164	0	0	0	0	0	0	false	false	
173557			33	1023	43	5111	99	34162	36	1105	16	1789	11	3513															false	false	
173575			20	827	49	6498	113	52490	371	5479	53	6449	37	8186															false	false	
173641			29	469	32	3687	77	30215	362	3573	54	3974	18	3121			29	853	17	1901	16	4515	173	1696	14	1015	4	411	false	false	
173959			5	219	3	297	2	1238	50	1315	4	641	0	0			27	888	8	1029	2	527	45	783	0	0	0	0	false	false	
174321			14	610	38	5343	26	11728	32	467	0	0	1	393			1	2	1	117	0	0	1	30	0	0	0	0	false	false	
174367			1	46	0	0	14	4865	13	323	5	209	3	662			1	75	0	0	0	0	2	36	0	0	0	0	false	false	
174572			12	467	86	11216	538	236305	1569	58273	641	86625	529	181411															false	false	
175056			50	3589	38	5110	39	17025	399	13688	26	2841	14	9116			135	7428	119	13749	59	15813	558	17483	56	6942	20	5102	false	false	
175140			35	1555	55	7190	65	22310	145	3444	66	5173	36	9501			61	2642	84	9978	64	12757	165	3366	51	3896	27	3419	false	false	
175458			5	218	3	394	1	224	59	1204	3	215	0	0			4	57	6	975	5	1824	40	366	11	1045	8	2778	false	false	
175609			6	346	44	6382	58	20514	72	1870	15	1795	5	2988			1	85	1	70	3	736	0	0	0	0	0	0	false	false	
176101			6	92	41	4349	221	107259	161	4481	75	9789	90	31996			0	0	0	0	2	803	0	0	0	0	0	0	false	false	
176325			41	1846	97	12843	126	53264	129	3834	78	8582	61	16147			2	120	7	899	6	2071	19	540	4	644	3	814	false	false	
176437			20	642	13	1545	23	11841	104	2244	21	1497	5	1521			43	1112	18	1944	3	735	54	1188	2	165	0	0	false	false	
176464			19	739	37	4554	79	34114	485	8557	56	4804	42	9094			29	920	22	2416	12	2844	206	3215	15	1358	4	792	false	false	
176642			14	636	9	1454	12	4853	24	835	10	781	4	1541			1	55	3	464	2	295	0	0	1	7	1	201	false	false	
177135	3	37													0	9													true	true	
177443			11	649	12	1454	11	2990	69	1602	15	1368	10	3278			12	504	16	1681	16	4478	28	933	12	1136	10	2713	false	false	
177500	39	87													2	29													true	true	
177555	0	35															4	210	5	421	1	290	4	185	3	320	0	0	false	true	
177751			5	213	22	2830	82	36772	61	2360	30	2994	94	21431															false	false	
177920			45	1708	134	16582	256	98455	560	14920	203	20882	182	51360			9	309	13	1371	9	1472	12	481	7	736	0	0	false	false	
178150			47	1990	51	6306	23	7421	139	3063	60	4930	27	5933			79	2397	22	2442	2	531	2	16	0	0	2	238	false	false	
178244			9	360	22	2581	19	6716	127	3350	24	2505	20	6060			12	455	34	3854	23	5378	154	3467	33	2844	17	3658	false	false	
178356			30	946	19	2499	23	7023	26	774	7	665	3	856			100	3331	22	2648	3	984	0	0	0	0	0	0	false	false	
178851			14	725	50	6239	84	31818	93	2352	23	1405	9	2507			26	776	39	5034	43	11569	176	4466	42	3831	20	3972	false	false	
179148			36	1591	28	3677	28	9556	168	3444	40	2969	30	8112			58	2774	99	13370	79	22964	253	5059	59	5551	12	3279	false	false	
179335			37	1425	38	4513	23	8789	308	5542	36	2694	16	6810	35	52													true	false	
179700			10	570	15	1803	49	20151	40	1364	9	105	6	1290			0	0	0	0	0	0	0	0	0	0	0	0	false	false	
180144			205	7299	93	11637	22	8914	180	3329	10	777	6	1098			51	1347	46	4313	13	2649	110	2084	11	988	3	734	false	false	
180845			18	780	10	1428	20	10998	77	1900	8	756	8	2936			11	393	24	2939	14	4702	27	696	19	1434	12	3235	false	false	
181963			7	306	12	1781	31	11662	276	2664	12	1068	4	974			6	305	17	2224	8	1994	22	470	6	633	1	112	false	false	
182951			21	1242	49	6401	99	39355	149	3960	36	3857	34	12035			37	1805	87	10895	62	16945	149	3880	41	3143	28	5819	false	false	
183668			0	0	13	1876	193	99236	13	455	5	471	18	5041															false	false	
183770			18	665	53	6308	128	51727	157	4582	55	4811	56	17585			0	0	0	0	1	67	0	0	0	0	0	0	false	false	
183958			49	1742	17	2163	8	2360	274	6056	29	3261	13	3988			54	2178	67	8451	32	8623	581	13897	150	15877	70	16353	false	false	
184656			13	467	14	1733	20	7310	118	2783	36	2860	12	4630			6	246	10	1196	1	350	82	1581	8	775	2	325	false	false	
184759	40	70															24	1040	7	974	6	2062	178	4765	22	3364	4	1430	false	true	
185251	6	33													5	22													true	true	
185448			8	494	6	988	20	10106	110	3445	22	2864	33	9106			3	91	6	546	2	318	30	457	5	669	5	1242	false	false	
185859			24	1095	64	8443	112	44172	135	4211	49	5078	38	12185			1	6	1	150	3	1367	0	0	0	0	0	0	false	false	
186221			28	1547	70	8007	174	70257	337	12511	70	8289	61	15715			0	0	0	0	1	253	0	0	0	0	0	0	false	false	
186717			25	703	45	5139	86	26991	43	1038	18	1985	11	4184			1	28	0	0	0	0	0	0	0	0	0	0	false	false	
186744			115	4778	100	11612	99	34452	1031	21943	404	21985	182	32377			82	3442	143	16764	153	41209	649	17091	254	24303	163	33374	false	false	
187648			10	227	3	495	2	827	9	229	2	310	1	112	877	35													true	false	
187947			145	6024	130	16009	124	49840	982	25817	240	21941	121	27671			218	8150	370	46194	244	63525	1264	29277	356	36506	178	33100	false	false	
188056			81	5532	60	6902	53	20043	243	4676	50	4922	27	8825			56	1940	54	6152	32	9092	271	4378	52	5337	17	3733	false	false	
188177	1	0																											false	true	
188430			0	0	18	2557	71	38606	177	7196	86	955	62	8250			0	0	1	121	0	0	0	0	0	0	0	0	false	false	
188449	240	278															58	2247	78	10316	66	18599	468	9782	73	6922	33	7941	false	true	
188720			21	571	14	1612	31	9951	120	2607	16	1312	12	2403			3	62	5	448	1	331	17	377	0	0	0	0	false	false	
188739			21	638	13	1350	8	4165	77	2021	3	234	3	877			9	431	6	728	4	1173	2	96	8	669	3	816	false	false	
188917			9	393	33	4020	45	12950	21	700	8	889	18	3244			0	0	1	142	0	0	0	0	0	0	0	0	false	false	
189129			35	1497	95	12207	144	52609	429	9556	114	9417	117	22642			6	143	15	1534	12	2871	64	1297	4	227	2	345	false	false	
189950			7	201	8	1037	1	796	91	2150	17	1938	5	1254			46	1411	34	4672	24	6762	131	3523	54	5236	33	8317	false	false	
190563			6	269	26	3166	41	13428	183	5678	69	7329	48	16238			2	86	2	210	0	0	11	207	0	0	0	0	false	false	
190648			12	591	17	2132	26	12825	135	2779	44	3467	45	10908			15	643	31	3607	45	13033	111	2939	73	8791	48	11332	false	false	
190947			29	1124	12	1211	11	4379	71	1823	10	894	5	1849			31	1137	29	3533	20	5456	108	2140	13	1113	5	904	false	false	
190956	34	176															31	1368	46	5037	52	15860	415	11924	111	10949	56	12818	false	true	
191355			25	1232	32	3045	22	7535	78	1535	17	1585	7	1367			30	1232	53	6494	44	11794	135	3500	58	4531	30	4677	false	false	
191935			4	235	12	1360	71	28818	77	2067	54	3951	48	9597			9	674	29	5310	38	12876	0	0	0	0	0	0	false	false	
192147			43	1664	71	8207	87	25478	357	9154	32	2835	14	3937			5	112	6	775	1	200	34	1061	2	133	0	0	false	false	
192558			74	3050	61	7113	59	18929	143	2810	31	2365	25	8606			35	1223	62	7756	36	9884	98	2325	38	3788	24	5834	false	false	
192651			14	455	4	312	1	64	14	276	4	245	3	995			23	1037	26	3596	22	6207	83	2752	32	2112	18	2500	false	false	
192857			47	2759	50	6301	56	19734	268	6986	53	5400	42	11339			21	1827	14	1823	16	4188	92	2904	39	4248	48	10395	false	false	
193162			21	748	7	869	10	3921	180	4995	42	4412	21	5149			32	1374	34	4606	11	2998	183	4470	23	2606	5	1347	false	false	
193537			17	574	2	263	7	2626	175	4457	40	4988	19	9748			12	558	18	2461	5	1834	13	435	12	958	13	2412	false	false	
193649			14	620	6	576	7	1759	70	1582	20	1836	11	2234			9	321	21	2339	24	6367	39	954	26	2271	37	6180	false	false	
193809			8	402	30	3738	124	54268	83	13282	49	4057	57	10105															false	false	
194440			28	1373	52	6990	65	25997	183	5923	55	6192	34	14923			18	602	28	3210	39	17165	57	1423	19	2062	8	2731	false	false	
194570			7	481	15	1489	31	12743	90	3410	4	257	0	0															false	false	
194936			10	286	17	1897	40	14940	46	1130	18	1698	19	7170			0	0	1	202	1	314	0	0	0	0	0	0	false	false	
195111			6	405	47	6249	129	53433	1786	40512	144	12027	79	20387			0	0	0	0	0	0	0	0	0	0	0	0	false	false	
195157			27	858	14	1923	22	12402	33	1178	14	1019	7	1464			16	604	7	986	9	3955	44	893	5	810	4	1207	false	false	
195456			13	449	15	2099	7	3315	31	916	8	600	4	1005			78	3182	49	6302	17	3589	44	997	5	692	0	0	false	false	
196752			3	167	9	1389	26	14725	11	346	9	897	5	1022			0	0	0	0	1	166	5	124	1	102	0	0	false	false	
196800			27	2038	38	5357	135	53296	80	2008	12	1289	8	2107															false	false	
197142			26	1016	46	5836	44	19586	209	4745	29	3048	10	2150			49	2073	47	5775	20	5252	153	2516	16	1927	5	1305	false	false	
197254			15	826	14	1087	9	2608	73	1593	12	1114	4	1186			6	327	15	1475	10	2722	116	3294	27	2617	7	1742	false	false	
197302			2	69	11	1284	50	20552	7	264	4	568	30	9732															false	false	
197478			9	177	84	8739	1262	635381	6843	13664	148	13385	381	98952			0	0	0	0	0	0	0	0	1	125	8	2774			
197759			33	1150	41	5052	64	26527	284	6697	63	4628	39	9989			7	247	22	2673	17	4717	65	2012	34	3006	16	2741	false	false	
198073			2	79	5	518	2	483	1	92	3	153	1	47															false	false	
198149			73	3090	99	11479	116	41693	272	5459	63	6297	36	10003			84	3564	103	12982	71	19111	312	6717	44	4431	13	3074	false	false	
198251			16	1177	29	3655	136	105812	143	4852	49	5007	48	33057			1	63	3	314	1	103	1	39	0	0	0	0	false	false	
198961			26	1082	8	1234	17	8622	326	7954	31	5148	19	9444			17	1008	13	2276	8	3036	62	1274	6	1003	1	275	false	false	
199137			0	0	4	514	5	2107	1	25	2	128	9	3223															false	false	
199351			34	1056	16	1898	21	7675	282	5226	35	3460	21	6875			37	1181	62	7909	56	13327	266	5799	51	6014	52	13417	false	false	
199436			58	2555	64	8511	77	31350	508	13231	88	9087	63	17862			67	2705	47	6435	23	6952	19	529	8	1030	5	946	false	false	
199463			21	1134	58	7892	97	40177	388	11409	164	16231	158	48792			5	284	10	1378	20	6534	45	1376	34	3059	35	8130	false	false	
200435			62	2687	208	26461	409	178926	133	2810	31	1948	17	2674			32	879	38	4058	27	4459	10	149	2	150	6	84	false	false	
201254			9	358	27	4076	48	19390	79	1476	37	3044	62	13271			7	262	14	1625	16	4525	31	866	13	1602	12	2545	false	false	
201834			11	672	80	12062	319	150113	118	3115	28	3397	44	15137															false	false	
202514			83	4199	106	13714	89	33683	351	8251	51	5083	50	13367			86	3039	47	5973	22	6091	119	2181	20	1460	1	277	false	false	
202541			38	1232	13	1282	11	3273	130	2109	26	2843	13	4326			95	3611	71	9377	35	10554	408	8252	28	2350	11	2281	false	false	
202907			287	11537	604	62973	862	282284	3520	78959	734	65143	690	152081			62	2375	138	14916	65	15752	570	13805	97	9108	27	5419	false	false	
203043			10	684	18	2782	37	16160	72	1505	26	1564	12	4875			28	1499	41	5694	53	16922	81	2301	18	1933	18	4393	false	false	
203052	17	1754															9	424	17	2307	4	1023	4	120	1	67	0	0	false	true	
203575			5	195	2	290	2	622	10	333	1	61	0	0			1	70	1	178	0	0	0	0	0	0	0	0	false	false	
204004			383	11310	567	56116	2141	867703	2841	33871	1055	48406	1434	279159			0	0	1	73	0	0	0	0	0	0	0	0	false	false	
204237			60	2061	34	4318	22	8098	210	3964	22	2051	17	3502			17	685	9	755	3	725	6	156	2	100	0	0	false	false	
204826			12	497	16	2043	38	14674	39	1341	15	1282	20	5931			13	635	26	3341	32	7498	47	1463	13	1425	4	835	false	false	
205243			90	3845	105	13981	75	30270	883	17388	48	5069	26	11539			33	1380	14	1931	7	1901	75	1638	3	336	2	326	false	false	
205346			30	1517	77	10254	78	28455	178	4676	39	4049	32	7319			7	258	25	2943	28	7210	86	2624	8	782	4	1090	false	false	
205458			8	398	8	841	9	2982	12	190	1	132	2	896			5	225	10	1276	3	557	12	417	12	934	8	780	false	false	
205542			15	698	15	1981	23	10703	26	676	20	2421	18	3072			9	468	26	3088	16	4578	40	1028	33	2305	26	4763	false	false	
206156			2	114	12	1606	38	16825	21	548	15	1322	22	3624			0	0	0	0	1	186	1	50	0	0	0	0	false	false	
206174			19	576	41	5190	50	21044	8	157	5	169	9	2281			0	0	1	50	0	0	0	0	0	0	0	0	false	false	
206473																													false	false	
206772			1	72	8	1732	42	21507	0	0	0	0	0	0															false	false	
206950	48	135													39	131													true	true	
207041	13	37															34	1484	19	2615	4	981	22	341	1	23	1	8	false	true	
207050			17	1967	35	4718	107	46321	180	7710	115	11199	55	15608			0	0	0	0	6	2271	0	0	0	0	0	0	false	false	
207452			14	583	9	952	10	5019	169	4568	23	2650	15	5975			53	2433	51	6233	36	14088	36	1484	16	1869	7	2283	false	false	
207470			11	531	7	649	8	4516	2	62	1	108	0	0			0	0	5	408	5	1231	0	0	0	0	0	0	false	false	
207555			15	590	31	4707	26	11305	88	1881	23	2494	17	4527			13	518	17	1829	12	2502	37	589	10	712	8	1711	false	false	
207845			68	3077	144	20360	226	88694	233	5227	120	9236	80	17423			26	753	42	4899	47	10862	88	2110	45	4145	35	6282	false	false	
207872			2	133	21	2739	101	39921	184	5739	260	21316	195	45903			0	0	0	0	0	0	0	0	0	0	0	0	false	false	
208057			26	1186	50	6982	87	33783	376	10121	120	14062	85	25787			13	522	21	2648	27	7509	45	1494	14	1300	19	4834	false	false	
208244			628	27563	1639	206987	3386	1394420	6895	158883	2645	214506	3736	914005			401	16162	811	92080	815	191692	2331	41872	927	75338	596	102788			
208347	177	98															11	295	28	2759	24	2754	44	1245	20	1625	7	2485	false	true	
208440			26	1241	26	3409	17	4621	98	2451	25	2324	13	4076			18	747	20	2426	28	7095	88	4502	31	2742	29	3701	false	false	
208459			0	0	0	0	0	0	2087	34373	373	14560	8	196															false	false	
208570	49	0																											false	true	
208655			15	484	19	1954	9	3099	210	5064	33	3986	18	4870			44	1548	71	7877	49	13741	258	5250	67	5423	50	7982	false	false	
208972			0	0	0	0	8	5157	0	0	2	171	0	0															false	false	
209148			56	2069	66	7825	125	47493	192	6145	86	9508	92	32661			42	1833	62	7742	44	12668	64	1847	35	3666	17	4394	false	false	
209362			1	74	7	1059	24	11102	0	0	0	0	1	333															false	false	
209559			18	835	5	426	3	495	23	534	5	456	3	1157			59	2043	25	2918	10	2565	32	510	2	400	1	98	false	false	
209858			40	1414	68	5800	191	68271	285	3665	155	8002	213	39789			28	757	25	2214	21	4253	153	2401	72	2020	37	2877	false	false	
210238			79	3199	74	12699	73	34026	550	13407	32	4777	17	8262			13	417	4	502	1	301	31	930	5	761	3	902	false	false	
210256			46	1795	34	3966	25	8561	124	3039	43	4272	40	18038			53	2468	32	4083	38	6568	103	2699	21	2014	6	1665	false	false	
210434			3	105	4	262	76	40554	123	5555	215	29249	258	96517			0	0	0	0	1	243	0	0	0	0	0	0			
211114			21	1117	8	1567	16	8477	11	419	6	1163	6	2227			0	0	0	0	1	277	0	0	0	0	0	0	false	false	
211271			2	35	7	739	14	6310	0	0	0	0	0	0			1	8	1	70	2	187	0	0	0	0	0	0	false	false	
211338			3	137	8	1506	15	6455	92	3112	38	4506	31	8012			16	957	17	2557	10	3115	23	663	6	545	2	531	false	false	
211851			5	190	15	1804	16	6169	162	4769	28	2789	9	3086			10	390	30	3814	27	6760	142	3957	33	3026	20	4058	false	false	
212018			20	830	48	5901	77	30756	390	9647	227	20748	104	25121			52	1390	43	5273	39	11609	78	1322	9	820	2	280	false	false	
212344			7	227	3	508	3	1362	155	3692	33	3677	14	3761			8	309	19	2100	24	4711	235	6076	79	10057	38	10674	false	false	
212522			312	12775	387	46825	302	107154	1703	35227	299	27165	173	45280			42	1581	59	7787	18	4971	182	2613	13	1170	3	540	false	false	
212577			69	3209	140	16606	577	227576	1004	32145	1318	109292	1008	252233			2	38	1	179	0	0	0	0	0	0	0	0	false	false	
213471			11	614	53	7445	63	25768	0	0	0	0	0	0															false	false	
213538			25	1211	31	4191	34	12947	77	1776	25	2617	20	5478			23	713	6	822	2	311	4	46	2	57	0	0	false	false	
213912			27	1516	47	5525	69	24471	179	5698	141	12987	64	13204			9	419	28	4063	24	6094	22	423	8	534	1	418	false	false	
213958			1	100	9	1208	14	4734	56	1383	8	1153	2	431			4	245	18	2032	22	6475	53	1152	8	867	5	951	false	false	
214106			67	3108	181	19751	328	126561	373	10034	94	8714	55	16694															false	false	
214414			113	5181	212	27170	344	152658	614	17506	277	26904	255	70354			191	6402	495	33356	386	55091	728	20557	275	26912	198	54143	false	false	
214722			17	912	80	9815	192	81141	317	8034	159	14849	176	46478			0	0	1	145	1	260	2	41	1	90	1	143	false	false	
214807			0	0	0	0	0	0	0	0	0	0	0	0															false	false	
215345			56	2274	96	11012	80	29384	270	6730	90	8793	82	22806			36	1685	57	7428	71	17725	97	2600	51	4228	60	10385	false	false	
215653			31	1013	8	1092	6	1835	38	1149	9	871	0	0			8	361	5	508	13	3975	59	1943	25	2365	4	1177	false	false	
215662			5	119	35	3604	109	39688	332	2875	105	4331	107	16879			0	0	4	354	2	588	10	27	0	0	0	0	false	false	
215710			51	1867	93	10830	95	36128	270	5491	71	6567	81	17256			28	826	32	4061	21	5259	43	794	6	568	2	206	false	false	
216164			77	1000	26	3704	23	7353	684	14617	60	6940	30	10749			30	1799	42	5099	27	7431	107	2647	9	929	4	1374	false	false	
216922			353	14776	971	115241	2045	762564	4403	147758	1159	98222	766	142600			50	1790	51	4639	36	8454	56	1148	23	1193	21	3883	false	false	
217059			21	865	50	6921	55	21562	170	4272	64	6262	46	15732			49	2382	76	10206	51	14991	233	6179	50	4996	28	5987	false	false	
218131			6	121	17	2298	61	21775	196	5773	34	3711	16	13796															false	false	
218261			9	434	9	935	7	2300	73	1966	9	1059	6	1806			3	183	5	624	5	1792	5	57	0	0	0	0	false	false	
218878			16	626	20	2836	28	14211	43	1219	6	618	15	3749			3	151	5	823	1	383	3	46	0	0	0	0	false	false	
219044			32	1478	55	8452	58	23641	281	7442	67	6703	49	14576			11	532	11	1690	6	967	19	710	4	585	0	0	false	false	
219651			39	1702	62	8438	79	33843	128	5022	134	17520	190	57785			4	139	5	733	6	1751	2	6	1	135	0	0	false	false	
219679			5	120	6	959	3	946	2	43	0	0	0	0			1	78	5	511	2	303	0	0	0	0	0	0	false	false	
220059			42	1548	87	11645	107	43243	150	3623	47	4240	47	6401			14	550	11	1327	4	954	15	259	1	167	0	0	false	false	
220527			46	2103	213	27271	399	147120	831	9362	96	7927	118	22125			1	70	6	1015	9	2362	10	234	2	233	0	0	false	false	
220844			24	1133	22	3109	44	22788	88	2527	27	1888	19	7474			6	189	15	2107	9	2329	32	799	6	485	7	1799	false	false	
220974			35	1778	41	5254	65	25792	192	4469	39	3282	11	2824			25	949	16	2065	5	1522	27	546	9	775	3	743	false	false	
221775			1	9	13	1718	47	24367	3	73	0	0	4	1719															false	false	
222156			21	813	19	1878	32	9165	97	2087	32	3324	5	804			0	0	0	0	0	0	3	19	0	0	2	487	false	false	
222558			10	413	12	1529	16	6787	80	2098	29	2783	37	9845			9	382	17	1815	8	2097	78	2181	26	2356	13	2780	false	false	
222754			4	208	14	1720	51	18953	52	1137	29	2442	71	15978			0	0	0	0	0	0	0	0	0	0	0	0	false	false	
223322			113	5315	288	35831	422	165723	867	20515	281	25742	191	39846			300	14335	511	66367	412	112409	815	21332	295	28559	143	28196	false	false	
223452			8	167	5	549	3	1268	52	1580	12	1395	6	1775			32	1408	42	5703	24	5786	133	3082	27	3082	20	4071	false	false	
223751			3	151	10	1466	11	2961	41	1040	4	197	7	1872			1	2	4	508	6	1937	31	738	3	365	9	1424	false	false	
223845			33	1702	19	2738	15	5945	55	1325	17	1917	7	2535			23	941	5	679	11	3750	29	688	10	1191	6	758	false	false	
224954			34	1447	23	3169	15	6627	35	521	1	150	8	6020			0	0	0	0	0	0	0	0	0	0	0	0	false	false	
225054			9	410	18	2305	41	16931	44	1448	22	2111	12	2810			1	30	2	214	1	332	1	53	0	0	0	0	false	false	
225157			58	2375	49	6933	36	14034	199	4786	38	3682	15	5543			95	4577	85	11783	67	19317	362	8825	51	5595	12	3097	false	false	
225559			11	396	24	2700	62	26771	104	1686	20	1699	18	4809															false	false	
225942			5	199	8	1192	3	920	20	642	2	269	1	355			1	27	6	515	2	627	1	33	0	0	7	1720	false	false	
226949			1	70	2	385	9	4075	10	411	6	711	7	1976			3	148	6	757	0	0	3	62	3	222	0	0	false	false	
227151			34	1536	41	5417	75	30938	161	4271	36	4228	35	7493			37	1835	48	6162	15	3836	71	1604	21	2028	7	1645	false	false	
227357			2	131	12	2069	31	13571	53	1468	12	887	10	2839			6	334	3	382	2	443	16	415	0	0	0	0	false	false	
227656			1	53	4	394	13	3572	8	227	1	205	4	1211			1	67	0	0	0	0	1	20	1	14	0	0	false	false	
227777			0	0	12	1098	18	6480	8	89	0	0	0	0															false	false	
228000			352	15324	355	46524	258	107489	587	13642	122	11041	53	14326															false	false	
228158			80	3461	95	11692	98	37973	841	18551	152	13648	123	34598			42	1566	37	4836	14	4052	155	2945	14	1643	5	659	false	false	
228279			56	2220	64	8171	73	28439	193	5006	53	4613	38	8536			8	221	36	4021	40	11717	32	721	16	1629	10	2031	false	false	
228345			29	949	46	6085	71	27957	75	2170	9	947	6	780			73	2697	68	9185	59	16612	32	733	4	191	2	350	false	false	
229070			0	0	4	609	25	11752	0	0	0	0	0	0															false	false	
229173			19	968	14	2381	7	2874	46	1411	11	1578	1	900			0	0	0	0	3	602	0	0	0	0	0	0	false	false	
229342			18	589	29	4219	23	11718	74	2376	14	1810	7	2908			6	245	8	906	11	2722	40	1574	10	1393	8	1831	false	false	
229454			23	701	16	1880	10	3430	120	3333	33	3188	10	3128			16	509	13	1584	5	1541	99	2007	3	362	0	0	false	false	
229801			154	3953	449	42639	2313	844585	13327	317913	1501	91636	2667	526782			0	0	2	150	4	904	0	0	0	0	0	0			
229913			0	0	0	0	0	0	0	0	0	0	0	0			0	0	0	0	0	0	0	0	0	0	0	0			
230423			19	891	38	4565	49	20683	36	907	20	1618	11	4031			12	588	37	2829	27	6262	37	933	18	1951	18	2790	false	false	
230610			17	713	36	3917	50	16696	46	1329	24	2661	26	8481			0	0	0	0	0	0	0	0	1	172	0	0	false	false	
230759			41	2137	65	8354	129	52172	190	5753	83	9012	81	29469			6	232	4	624	3	1066	0	0	0	0	4	1251	false	false	
231279	21	15															0	0	0	0	0	0	0	0	0	0	0	0	false	true	
232847			20	832	19	2230	17	6090	85	2247	51	6346	12	2470			7	260	11	1376	8	2416	33	755	13	925	8	1142	false	false	
232856			37	1541	63	7669	95	37995	222	4253	32	2594	29	7775			30	1118	24	3022	15	3910	77	1268	6	765	1	104	false	false	
233031			964	39000	1463	161000	2266	877000	69113	1061000	11064	853000	6286	1543000			43	2000	60	7000	44	12000	343	9000	178	15000	138	31000			
233246			82	2948	24	2991	12	2347	38	705	2	151	2	217			82	2331	50	5317	35	8399	105	2634	13	1181	8	1213	false	false	
233358			14	658	16	1453	25	9140	135	3226	24	1989	19	6658			9	380	14	1588	9	2910	99	1581	13	1344	4	634	false	false	
233442			31	1444	24	2978	25	9406	182	6069	41	4586	24	10239			20	652	20	2538	12	3557	54	1672	20	2197	10	2289	false	false	
233527			29	2655	97	12607	218	79437	427	8540	232	15504	192	37709			2	56	4	345	4	510	0	0	1	56	0	0	false	false	
233554			24	940	70	8602	158	63619	13943	337655	2989	304952	1050	333656			7	240	13	1322	15	3870	57	2550	48	6373	34	13048	false	false	
234355			63	1912	79	8592	142	56625	281	3642	94	5784	43	7310			69	2669	100	11646	89	24496	183	3033	93	6578	50	9673	false	false	
234506			13	557	57	6620	77	23227	277	3164	41	2571	10	1912			0	0	0	0	1	282	0	0	0	0	0	0	false	false	
234739			63	2812	154	18989	349	134146	491	9225	88	6723	103	22248			10	396	9	999	14	2848	13	229	1	16	0	0	false	false	
234841			17	683	16	1871	7	2150	158	3051	15	1489	6	1926			38	1568	57	6680	36	9317	246	5646	28	3200	11	1741	false	false	
235174			0	0	2	358	7	2681	0	0	0	0	0	0															false	false	
235231			12	589	12	1250	19	5703	156	3216	16	1187	7	1351			24	795	13	1262	7	2303	40	615	2	95	0	0	false	false	
235446			34	1371	24	3226	19	6717	52	1319	15	1590	26	10693			44	1957	54	6933	46	11930	101	2467	44	4667	33	7698	false	false	
235530			27	1316	101	13353	105	38251	156	5246	50	4768	47	15826			8	490	24	3431	28	7139	35	1131	42	4265	22	5481	false	false	
235558			2	113	2	400	1	312	47	1431	10	846	2	429			6	472	8	1159	6	2253	50	1385	13	1942	13	3763	false	false	
235950			39	1051	12	1011	4	965	72	1878	3	441	7	1722			31	1004	38	4793	12	2674	19	657	6	451	3	301	false	false	
236153			72	3012	163	20753	313	127239	1757	46296	515	48110	528	150805			124	5819	233	29436	156	40507	1301	34417	365	35571	194	39171	false	false	
236256			6	154	1	39	1	257	39	850	5	395	0	0			32	1139	26	2818	7	1705	129	2637	21	2342	5	1053	false	false	
236603			96	3437	32	3721	25	6746	73	417	10	920	12	1890			0	0	23	3930	39	12835	10	25	0	0	0	0	false	false	
236706			9	75	30	3126	115	44312	130	4454	175	20414	312	68633			0	0	0	0	2	513	0	0	0	0	0	0	false	false	
236957			70	3049	53	8405	40	16657	122	3359	8	1323	11	5137			1	2	2	338	0	0	0	0	0	0	0	0	false	false	
237066			5	212	27	3656	32	13864	136	3529	62	7127	57	14699			7	245	12	1651	11	3152	32	742	21	2444	14	2086	false	false	
237619			7	190	33	3755	120	49799	254	10103	67	9205	78	33934															false	false	
237954			32	1411	35	4501	84	45816	77	1689	10	1023	5	1207			26	1034	11	1178	11	3231	25	447	4	210	0	0	false	false	
238139			9	398	23	3461	23	13287	66	1576	12	716	5	1561			2	59	15	1666	14	3704	16	395	9	970	2	166	false	false	
238250			10	359	3	450	2	448	42	779	3	350	1	127			20	1019	20	2324	19	4819	104	4773	30	2316	21	3878	false	false	
238737			0	0	1	23	35	18703	27	1114	31	3715	13	4284															false	false	
239556			222	13511	160	20115	143	58279	369	18514	110	11010	71	18822			1	77	0	0	0	0	3	69	1	18	0	0	false	false	
239659			42	1714	40	4905	52	21433	310	6286	38	3968	39	12149			21	778	12	1265	6	1562	55	1021	7	702	2	370	false	false	
240954			5	167	7	1088	47	22660	42	948	11	1015	9	2430			0	0	2	204	1	368	0	0	0	0	0	0	false	false	
241009			11	574	26	3400	9	3116	198	5799	20	2128	10	3356			0	0	4	294	0	0	19	435	1	96	0	0	false	false	
241157			54	2155	94	10860	132	48254	479	12482	108	10339	58	16572			247	11376	159	20392	58	18941	175	3713	10	833	7	1133	false	false	
241559			32	1278	36	4355	39	16431	140	4543	31	2749	22	3831			27	1313	49	5986	53	15067	72	2141	39	4755	31	7027	false	false	
242257			191	7458	126	15676	104	35931	388	9786	122	11437	55	13763			43	1609	57	6841	29	7738	174	3827	25	2778	4	1438	false	false	
242444			69	3199	183	20041	285	99489	121	2680	39	3118	32	6920			0	0	0	0	1	358	0	0	0	0	0	0	false	false	
242949			6	136	13	2038	29	15476	109	946	13	1410	16	6108			6	278	9	1398	5	1836	20	603	3	347	1	380	false	false	
242958			49	2060	48	6377	36	12118	201	6279	40	4453	39	11656			1	3	0	0	0	0	1	21	1	107	0	0	false	false	
242976			8	349	61	8275	196	80988	102	1511	35	2186	41	3637			0	0	5	347	12	3245	3	6	1	75	1	348	false	false	
243375			0	0	0	0	2	592	249	2317	25	3889	1	291															false	false	
243414			51	2219	46	4996	96	36087	156	3145	30	2809	19	4197			7	306	14	1115	8	1081	10	184	3	378	2	377	false	false	
243955			0	0	3	473	8	2583	3	17	9	779	4	1376			4	305	2	173	2	513	8	240	8	1239	2	876	false	false	
244037			33	1326	29	3815	38	13712	168	4174	18	1515	7	2139			18	618	7	755	5	1022	42	1143	11	1269	6	1664	false	false	
244149			21	705	25	2902	10	3067	123	2662	16	910	16	5383			24	719	13	1633	5	1428	70	2076	18	1627	17	4300	false	false	
244158			15	540	27	3436	43	18374	211	5130	43	3569	31	7481			27	836	23	2819	21	5763	267	6594	75	5752	42	6537	false	false	
244251			5	135	23	2328	64	19906	223	6262	69	6766	75	21883			5	327	20	2443	24	6275	104	3297	64	6477	46	8769	false	false	
245016			0	0	29	4770	531	283053	87	749	23	1342	40	9597			0	0	0	0	0	0	0	0	0	0	0	0			
245276			196	8631	501	50815	436	126251	3464	55236	423	30988	770	106688			0	0	1	128	0	0	0	0	0	0	1	60	false	false	
245351			9	316	14	1325	21	9607	79	1369	29	3650	28	6709			21	669	22	2336	34	10386	99	976	8	448	7	515	false	false	
245557			79	3415	762	54013	185	69073	395	11461	95	11263	118	27726			1	23	1	146	0	0	3	141	0	0	0	0	false	false	
246022			6	290	17	1861	47	32624	176	9312	59	7427	32	21011			0	0	0	0	1	253	0	0	0	0	0	0	false	false	
246134			105	4321	105	13180	83	31939	1181	24413	99	9685	34	7801	159	258													true	false	
246451			10	436	22	1945	25	9733	211	4821	38	2725	10	2799			18	919	11	1372	8	2029	44	1035	3	282	1	119	false	false	
246657			4	144	17	2653	24	10815	949	7732	27	3039	41	13050															false	false	
246947			4	58	2	169	0	0	81	2038	10	1148	8	3048			1	21	2	284	3	1158	18	386	1	10	0	0	false	false	
246956			26	844	14	1718	12	5074	140	3188	26	2443	15	4748			31	925	28	3377	12	2537	276	6160	74	8053	54	11067	false	false	
247140			167	9117	141	19389	319	136888	225	5753	81	6666	66	18529			68	2899	61	7214	21	5777	104	1719	8	548	3	844	false	false	
247355			31	891	77	9035	168	66970	722	14432	132	11265	95	23318			8	418	30	3631	16	4526	51	644	6	441	1	300	false	false	
247476			3	115	10	1304	4	1279	15	421	3	316	1	154			1	59	0	0	0	0	0	0	0	0	0	0	false	false	
247551			26	1045	58	8038	83	38308	197	4404	50	4361	32	10683			31	1067	43	5374	27	7719	155	3558	56	5528	20	3809	false	false	
247908			65	2723	149	17133	289	126064	682	12188	132	13304	89	18218			0	0	0	0	1	258	2	41	1	166	0	0	false	false	
248240			86	6547	119	24911	280	94378	590	16851	254	25643	246	97200			226	8367	177	19841	158	25668	131	3313	61	6654	41	7535	false	false	
248352			17	629	15	2145	19	8037	155	4708	35	3209	16	6763			17	570	21	3363	16	4852	88	2171	24	2680	22	6148	false	false	
248455			17	790	33	3757	60	21292	115	2612	62	6577	31	6926			9	512	21	3053	9	2466	72	1675	21	2006	12	2047	false	false	
248633			38	2792	43	5613	51	17765	205	5472	32	3222	20	6627			9	368	13	1998	2	512	14	254	0	0	0	0	false	false	
248745			18	746	45	6153	78	29027	124	3440	34	3866	56	17430			4	209	5	448	9	2110	6	198	0	0	0	0	false	false	
249416			15	466	8	880	7	1533	45	822	10	773	2	131			0	0	0	0	0	0	0	0	1	194	2	404	false	false	
249612			0	0	0	0	3	840	0	0	1	106	8	2449															false	false	
249658			0	0	15	2084	31	14345	7	286	8	802	15	5437			1	61	1	180	0	0	1	5	0	0	0	0	false	false	
250430			12	571	13	1805	11	4601	88	2103	11	1292	5	1815			1	82	0	0	0	0	2	64	0	0	0	0	false	false	
250476			7	398	17	2254	4	3924	5	199	10	686	7	3891															false	false	
250850			7	237	10	1078	6	1971	109	3506	17	2321	20	4586			9	376	12	1475	7	1637	103	2488	19	1792	17	3084	false	false	
251558			41	2005	73	9295	52	17858	167	3624	45	4201	43	8964			0	0	3	455	0	0	0	0	0	0	0	0	false	false	
251745			99	3147	62	8260	50	21291	768	14187	81	8111	43	12338			30	918	18	1967	13	3212	56	1778	32	2848	22	4823	false	false	
251978			68	3238	74	10314	91	40042	364	10146	64	7605	50	17655			198	6583	90	11188	7	1337	1	66	1	127	3	816	false	false	
252041			26	863	32	3531	71	29251	83	2242	33	2576	44	12028			39	1816	53	6898	60	15038	93	1972	31	2392	18	4182	false	false	
252452			12	511	13	1415	8	1683	65	1455	7	680	5	1584			21	730	17	1716	12	3170	75	1733	9	608	4	812	false	false	
253356			5	272	11	1473	72	29477	69	2055	50	4802	35	11084															false	false	
253468			0	0	1	119	24	11023	130	2760	154	12348	55	7329			0	0	0	0	0	0	0	0	0	0	4	920	false	false	
253646			203	9116	84	14008	54	25941	394	15029	82	14208	38	16769			73	3019	65	7609	51	13519	370	29931	38	4334	12	3362	false	false	
253730			35	1374	18	2393	4	1113	332	7620	34	4107	11	2096			79	2826	25	3006	18	5352	108	2758	23	2344	5	1026	false	false	
254317			22	1016	42	4708	28	11887	116	3585	25	4293	110	48473															false	false	
254504			16	834	49	6685	80	31349	131	2649	43	4531	53	14821			1	86	1	68	2	358	6	95	1	71	2	609	false	false	
254849			5	332	30	3743	45	16742	115	2325	67	5027	76	20831															false	false	
255350			10	202	17	2241	30	11817	52	1093	10	779	18	4393															false	false	
255547			17	706	31	4304	11	3606	53	1550	17	1869	8	2359			7	285	10	1040	4	775	21	797	10	1147	3	691	false	false	
255556			12	567	26	3318	42	15540	81	2103	14	1024	18	4474			1	30	3	349	0	0	7	111	3	137	0	0	false	false	
255574			12	556	50	5826	90	38455	394	9458	90	5953	42	19438															false	false	
255659			125	4805	348	41708	857	357055	1031	15086	207	14106	234	40923			100	4833	132	15035	143	39313	371	8161	166	13619	114	19112	false	false	
256058			51	2088	56	7360	99	40729	285	7497	43	4174	27	8908			29	1194	34	4569	14	4075	233	5033	61	8083	36	8203	false	false	
256076			20	841	27	3445	21	6120	28	747	5	546	4	1497			1	53	8	1169	5	1390	17	436	1	124	2	43	false	false	
256179			13	450	17	2197	37	15632	161	4295	34	3437	24	8464			15	676	17	1926	8	1904	80	1829	9	714	3	983	false	false	
256553			198	9844	187	31075	268	138646	2226	67093	324	50086	207	95603			430	22906	487	79639	386	137679	2051	66482	451	69078	234	80197	false	false	
257233			64	2056	73	8298	124	49591	225	5034	66	6675	56	12328			11	275	10	1025	0	0	29	558	5	339	4	761	false	false	
257345			105	3296	67	7613	50	17744	120	2808	43	3496	19	4674			46	1695	62	7002	42	11119	117	3547	52	4715	23	8497	false	false	
257578			24	1245	34	4324	27	12285	42	1477	20	2081	17	4003			4	294	4	639	5	1367	0	0	0	0	0	0	false	false	
257653			30	1039	11	1330	0	0	131	2555	9	1062	1	379			7	390	17	2085	3	754	219	3691	23	2569	6	1339	false	false	
257756			17	579	42	6159	55	22996	157	4317	56	6159	66	16613			2	114	5	442	4	1053	31	1130	9	954	4	601	false	false	
258306			13	676	33	4475	108	40416	154	3031	64	7087	81	29243															false	false	
258379			18	659	38	2752	13	4756	42	461	10	802	7	1662			0	0	0	0	2	801	0	0	0	0	0	0	false	false	
258539			6	150	17	2030	7	3261	87	2057	17	1850	12	3509			10	371	20	2549	31	8375	94	2951	61	8531	13	3585	false	false	
258771			0	0	7	656	103	42290	106	2417	41	1654	108	24674															false	false	
258874			1	11	1	169	0	0	17	426	0	0	0	0			0	0	1	127	0	0	0	0	0	0	0	0	false	false	
259059			10	305	8	971	6	2497	60	1554	15	1708	6	1239			11	386	29	3183	31	5604	98	2823	47	3800	5	2112	false	false	
259330			13	310	33	3220	69	26159	73	1828	13	1134	29	5890			2	37	2	82	1	313	0	0	0	0	0	0	false	false	
259442			13	632	29	3988	42	16063	67	2127	16	1108	19	5190			23	947	57	4933	48	7568	85	1946	28	2597	28	5483	false	false	
259956			38	1803	24	4074	23	11826	89	2419	18	2997	9	3599															false	false	
260055			58	1696	249	30803	528	228699	1895	16375	185	17121	123	23737			3	106	12	1237	5	1026	1	39	0	0	0	0	false	false	
260831			43	1741	34	4800	46	19409	399	10722	58	6986	35	12495			66	3015	43	6463	15	4973	42	799	4	638	1	253	false	false	
261146			20	821	34	3129	44	18094	60	3062	25	1947	16	7073			97	4420	169	6183	102	13132	98	1561	15	1164	6	1279	false	false	
261360			231	10726	252	34564	142	42832	1978	41731	174	19829	66	19911			36	1486	68	9080	45	12730	1136	21804	52	7845	12	2596	false	false	
261940			110	4852	135	16442	127	48825	1807	20633	108	9637	52	15985			232	9149	188	23832	144	37199	1103	19521	64	6415	16	3008	false	false	
262059			4	129	25	2852	40	15063	77	1592	22	1890	26	5777			3	122	4	440	3	835	0	0	0	0	0	0	false	false	
262237			62	1878	75	10262	109	42153	246	5870	46	5113	40	10833			38	1415	18	2708	17	4552	75	1523	11	871	9	2459	false	false	
262358			10	535	23	2823	43	16380	147	3438	54	3880	29	5746			1	32	4	81	2	515	5	64	0	0	0	0	false	false	
262741			104	3828	118	14895	124	48102	350	9159	72	7538	59	16692			86	3392	77	8229	44	11285	117	2265	5	499	1	214	false	false	
262844			64	2557	61	6867	40	14589	661	18798	104	10444	24	10101			169	6304	234	28974	123	26723	796	19560	127	13929	36	8141	false	false	
262956			39	1664	61	8366	62	26434	57	2283	19	1967	8	3122															false	false	
263243			60	2390	63	6995	77	27356	157	3552	36	3924	30	13186			57	2311	47	5148	33	8327	13	353	6	654	2	230	false	false	
263627			17	772	31	3689	43	17547	35	804	5	332	5	832			2	5	6	934	4	1104	6	99	1	132	0	0	false	false	
264455			31	1265	59	6937	50	17579	557	12894	57	4611	40	14020			35	1218	44	4890	17	5378	260	5086	28	2467	8	1825	false	false	
264772			0	0	11	926	66	26615	55	968	30	1486	157	46384															false	false	
265340			23	1282	36	4423	36	14543	108	2337	27	2980	14	2750			24	1332	23	2810	13	3362	53	888	3	351	0	0	false	false	
265407			55	2170	121	14156	231	93938	280	8409	104	9448	71	15054			1	76	0	0	0	0	0	0	0	0	0	0	false	false	
265452			9	507	7	829	3	951	47	1247	13	1786	12	5020			15	711	27	3093	13	3321	54	1417	6	766	2	591	false	false	
265676			7	231	18	2431	17	6604	64	1791	37	5128	8	3381	12	1													true	false	
266244			6	271	24	2804	34	13876	35	1260	9	791	16	6330			16	787	13	2549	14	2390	8	147	4	394	0	0	false	false	
266253			54	1645	25	2896	18	7365	88	1703	18	2304	14	3858			9	378	22	2831	14	3888	182	4693	46	4549	27	6903	false	false	
266655			4	159	3	420	1	950	27	383	7	715	5	1830			12	493	23	3062	19	5537	97	2177	41	4126	19	4034	false	false	
266851			20	733	32	3259	56	18518	130	3527	54	5093	16	3719															false	false	
266945			78	2938	94	10920	112	45978	260	4545	54	4916	35	5777			90	3237	65	6735	25	5284	119	2095	10	795	4	164	false	false	
267652			26	1031	27	3897	34	14833	100	2820	14	1769	13	7884			3	87	2	381	0	0	12	306	1	150	0	0	false	false	
268006			55	2213	158	19140	260	90557	400	9735	112	10972	59	17289			1	41	0	0	0	0	4	98	0	0	0	0	false	false	
268136			60	2495	54	7309	55	20565	556	12595	99	9341	42	11698			58	2376	47	5780	24	6929	96	2111	10	1010	5	1090	false	false	
268677			0	0	10	1415	73	38827	69	2484	20	2145	32	9398															false	false	
268828			25	665	15	1412	55	15723	37	678	14	63	14	939			0	0	0	0	1	280	0	0	0	0	0	0	false	false	
268976			17	742	30	5333	31	15003	11	275	1	111	1	300			0	0	0	0	1	483	0	0	0	0	0	0	false	false	
269049			21	881	38	4979	74	31859	97	2072	40	3668	45	12810			8	263	29	3686	24	6628	35	567	26	2402	16	3377	false	false	
269058			26	1264	24	2694	36	11193	334	10282	72	7849	40	12517			9	420	15	2043	10	2811	56	1737	25	2033	10	1318	false	false	
269571			1	55	5	771	0	0	0	0	0	0	0	0															false	false	
269759			14	604	8	1222	3	1383	77	1743	15	1647	3	1215			21	942	27	3529	21	5853	72	2371	24	2874	33	7106	false	false	
270148			24	993	22	3162	23	6984	55	1616	15	1593	15	5238			8	228	3	364	6	1430	2	14	0	0	0	0	false	false	
270353			15	688	10	1335	9	2249	22	295	1	150	4	1088			11	564	5	737	10	3311	19	330	1	146	2	390	false	false	
270504			38	1674	170	20900	220	86242	318	7727	151	13531	105	23898			11	645	20	2579	11	3539	20	688	1	166	0	0	false	false	
270531			3	200	6	1169	40	23005	0	0	9	1870	8	5041															false	false	
270652			0	0	0	0	0	0	17	485	10	1125	8	3120			0	0	1	187	13	702	25	729	24	2749	16	3408	false	false	
271136			16	574	15	2365	17	6828	8	138	1	29	0	0															false	false	
271275			8	539	11	1351	62	22645	236	6501	84	9239	23	5569															false	false	
271341			2	51	9	1077	13	4823	16	499	4	607	5	885			0	0	3	284	4	1258	1	7	0	0	0	0	false	false	
271529			5	221	38	5246	154	54472	78	2108	41	4628	39	9637			2	82	0	0	2	514	0	0	0	0	0	0	false	false	
272030			36	1483	35	5004	29	12386	341	7043	31	2425	11	2420			30	1093	19	2040	6	2012	9	365	0	0	1	219	false	false	
272058			0	0	1	107	15	7729	16	371	2	301	2	639			21	939	10	1583	7	2490	27	1887	7	1113	5	1473	false	false	
272151			3	36	5	950	10	7067	23	659	2	331	10	6388			3	90	1	234	0	0	13	491	2	216	0	0	false	false	
272272			186	8490	268	33807	508	211074	1605	39742	358	36462	293	72236			272	11177	284	36289	148	38618	505	10772	96	11112	52	11703	false	false	
272302			12	445	37	3251	118	45757	33	638	10	429	9	1428															false	false	
273336			57	2913	179	23291	528	228150	444	17119	314	33699	397	119691			3	153	3	347	0	0	0	0	0	0	1	295	false	false	
273550			17	528	20	2376	9	3508	101	2055	31	3446	16	4627			122	5686	224	27264	92	24423	342	9508	78	8184	51	11179	false	false	
273653			9	297	14	1656	13	3621	117	3796	28	2885	10	1964			7	131	13	1553	9	2312	8	100	7	746	5	1277	false	false	
273662			45	2246	46	5529	64	28050	366	9118	67	7329	39	13520			2	87	7	811	1	176	42	774	20	1324	13	2287	false	false	
273840			43	2006	51	5167	43	13706	103	2216	34	3542	82	29132			49	1846	42	4754	17	3929	54	1503	15	1842	9	2383	false	false	
273859			0	0	0	0	0	0	7	324	8	1035	1	312			0	0	0	0	0	0	30	1044	9	951	3	1090	false	false	
274025	14	26													9	27													true	true	
274052	37	101															13	633	9	1218	2	725	73	1648	4	203	0	0	false	true	
274829			20	574	38	4075	93	36252	462	15335	345	32407	109	20684															false	false	
274856			3	155	5	629	10	3628	29	730	9	856	2	564			10	422	17	1580	18	4029	35	828	16	917	18	2554	false	false	
275255			43	1449	32	4416	29	12262	308	6652	49	7089	27	12227			47	2259	77	9624	72	13455	351	10111	112	13663	67	14397	false	false	
275358			32	1434	71	9950	99	44000	341	8845	169	16537	140	37692			45	1906	85	10092	89	20945	240	5454	177	13990	175	32412	false	false	
275479			3	132	3	508	7	3625	0	0	1	194	1	500															false	false	
275657	25	113															38	1314	30	4378	10	3286	102	2712	21	2484	11	3050	false	true	
276074			4	255	43	6056	50	19121	129	4438	32	3772	27	8092															false	false	
276159			49	1899	28	3517	17	5762	121	3317	13	1401	10	2919			54	2069	49	5752	32	8565	157	3977	17	1695	2	60	false	false	
276551			8	249	10	1281	10	3176	35	616	0	0	2	218			10	376	38	4454	32	8682	101	2300	31	2944	13	2895	false	false	
276579			137	6136	1033	120407	4568	1836535	32364	276798	3417	292830	3299	894204			46	1758	107	8793	117	21539	1182	13021	135	12580	75	14412	false	false	
276645			58	2075	50	5504	45	15049	326	9297	52	4882	29	7748			105	3963	139	16695	65	18554	663	12169	80	7611	32	7060	false	false	
276654			8	408	14	2039	14	7012	59	2022	20	2072	18	5837			16	651	24	3155	10	3079	64	1900	25	2749	21	4674	false	false	
276850			76	2935	79	9720	128	54333	576	13761	113	10464	79	23676			98	3992	121	15362	126	35968	1011	25285	231	22109	123	26990	false	false	
276953			0	0	1	137	0	0	46	1495	16	1976	12	3907			4	105	1	119	1	269	38	1130	13	1222	9	2576	false	false	
277240			4	271	22	2907	96	41420	34	1023	14	1747	18	8347															false	false	
277277			98	4492	132	16116	74	27789	319	10482	81	9720	48	13989															false	false	
277736			26	941	57	7287	77	27941	90	1449	14	1999	4	721			4	181	4	380	4	805	0	0	0	0	1	493	false	false	
277820			34	1375	57	6556	58	21835	208	5454	67	7196	36	10248			18	705	17	1704	8	1887	3	72	1	101	1	85	false	false	
278256			16	370	14	1564	16	7153	9	322	3	185	7	2763			9	513	24	3440	21	6016	33	1019	21	2840	20	4250	false	false	
278555			60	2814	51	5826	84	35437	202	5110	62	6321	43	11915			38	1589	64	7743	36	9948	132	3074	60	5735	43	8579	false	false	
278733			14	632	29	4452	29	12795	116	2804	22	2138	4	836			1	48	1	150	0	0	6	184	3	359	0	0	false	false	
278751			2	120	1	131	11	2839	3	100	1	90	0	0															false	false	
278818			134	3828	290	30558	505	185322	820	14684	301	20636	346	63681			7	190	9	1041	8	1797	0	0	0	0	0	0	false	false	
279105			4	147	58	6439	124	48660	194	3508	73	5267	60	9288															false	false	
279842			46	1903	78	11078	97	48549	66	1164	17	953	13	3410			32	1223	34	3411	17	3990	48	683	3	130	1	228	false	false	
279954			69	2513	108	13616	125	50733	774	10333	145	13807	113	35270			88	2672	90	9989	86	24051	314	8231	147	16009	111	28060	false	false	
280110			38	1097	78	7351	217	51370	50492	781135	2912	274226	3665	942767			0	0	0	0	1	45	0	0	0	0	1	188			
280138			18	780	15	1589	20	7760	94	1920	11	801	7	2121			2	84	1	128	2	158	0	0	0	0	0	0	false	false	
280352			30	855	18	2215	12	4092	131	3030	15	1529	7	1933			12	295	18	1997	9	2355	134	2531	11	1065	3	292	false	false	
280558			16	930	26	3725	21	7779	257	6634	52	5404	21	5721			13	409	25	3237	14	5445	41	975	12	1185	6	1168	false	false	
282075			22	612	47	5656	109	38094	81	1504	43	2473	91	11108															false	false	
282226			27	1136	31	4138	39	14677	91	2246	17	1643	2	300			9	264	6	694	3	566	7	30	1	37	0	0	false	false	
282824			280	11698	214	24888	163	60623	636	15603	174	17840	96	30310			38	1352	69	8932	58	15469	84	1984	27	2258	7	1545	false	false	
283438			109	3717	91	11598	98	43244	183	5134	15	1880	15	7977															false	false	
283652			7	284	14	1507	27	11655	89	2578	37	4315	27	12107			2	90	1	208	1	259	0	0	0	0	0	0	false	false	
283737			65	2602	100	11732	115	33677	798	15341	114	10730	64	13203			48	2052	52	5348	22	5518	110	1650	5	420	0	0	false	false	
283867			0	0	16	2027	158	46990	251	3126	72	6493	147	33242			0	0	0	0	0	0	3	111	0	0	0	0	false	false	
284154			1	45	9	1088	20	8959	238	2772	25	2828	15	4371			0	0	1	31	1	410	0	0	0	0	0	0	false	false	
284239			46	1759	40	4962	40	15738	66	1875	29	2804	13	3064			104	3217	32	3703	11	2563	4	142	0	0	1	380	false	false	
284556			36	1291	31	4265	132	57474	208	3454	18	2219	13	3422			71	2645	59	7201	40	10095	411	7991	69	8009	58	11997	false	false	
284752			12	575	24	3100	44	17710	20	620	5	602	5	1241															false	false	
284958			4	129	6	702	5	1181	32	792	9	819	2	225			5	175	4	535	12	3641	44	1343	11	1223	30	30	false	false	
285151			19	789	36	5265	57	22468	286	6572	36	3234	23	8604			7	375	12	1485	7	1884	45	1235	19	2197	11	1616	false	false	
285348			14	695	35	4165	44	20399	198	436	9	787	15	6762			2	87	8	498	13	2394	4	75	6	549	8	599	false	false	
285544			9	343	21	2920	62	26525	30	408	18	1121	29	7658															false	false	
285553			0	0	0	0	1	254	24	794	9	1476	3	1691			1	35	5	815	2	737	39	955	4	493	8	3198	false	false	
285740			64	2305	86	9228	107	42018	288	6335	107	9712	84	19887			27	965	10	1336	5	1664	0	0	0	0	0	0	false	false	
285852			15	620	36	4239	24	10418	100	2129	28	2908	29	7707			11	378	13	1412	5	1019	48	1105	10	1286	4	1190	false	false	
285928			31	423	45	5282	89	35881	102	2130	15	1584	10	1465			0	0	1	27	2	809	5	50	0	0	0	0	false	false	
286251	21	58													5	28													true	true	
286457			41	1655	67	7139	99	36942	349	4785	77	7493	79	20831															false	false	
286840			8	412	3	505	4	1541	44	1526	20	2107	14	5991			5	256	11	1366	16	3965	50	1772	34	4790	34	7264	false	false	
287007			3	184	11	1476	48	20893	1	1	0	0	0	0			0	0	1	46	1	500	0	0	0	0	0	0	false	false	
287342			0	0	0	0	0	0	109	5991	28	3536	6	1764			6	114	27	2896	26	7326	191	9759	39	4193	15	3828	false	false	
287922			0	0	11	1332	3	673	25	597	5	718	0	0			5	185	2	241	2	506	2	48	0	0	0	0	false	false	
287959			26	1176	12	1558	9	3139	61	1745	11	907	10	2220			22	963	21	2614	9	2274	73	1598	3	298	1	255	false	false	
288152			1	29	0	0	0	0	9	230	1	104	0	0			1	36	0	0	1	395	12	423	11	1266	6	385	false	false	
288376			15	663	29	3846	53	18439	128	3247	55	4870	42	12988			1	42	5	686	1	1	0	0	0	0	0	0	false	false	
288853			88	5000	386	53041	1251	584329	5926	33283	290	28640	350	121424															false	false	
289056			22	934	26	2800	26	10797	65	1501	15	1507	7	1501			0	0	1	161	0	0	0	0	0	0	0	0	false	false	
289225			0	0	2	172	1	362	4	101	0	0	0	0			3	163	3	269	1	263	5	76	0	0	0	0	false	false	
289515			62	3526	133	15878	192	77198	582	13526	134	11470	186	30666			25	1154	15	1730	21	4970	36	354	3	97	0	0	false	false	
289702			60	2803	174	22466	339	128713	356	11716	122	14199	87	28380			2	148	2	176	0	0	0	0	2	207	0	0	false	false	
289739			42	955	34	4525	39	12247	88	4647	10	946	4	1245			8	725	7	1208	4	1489	59	1068	12	1478	6	1703	false	false	
289757			47	1697	18	2361	19	7847	113	2666	33	3424	15	4832			66	1933	59	7448	53	14373	139	3461	45	4190	31	5780	false	false	
290249			47	1527	125	15778	224	81055	220	5845	116	8889	107	28865			0	0	0	0	0	0	0	0	0	0	0	0	false	false	
290838			22	1000	60	8883	99	44153	123	4191	53	6313	76	22236			1	32	2	236	2	686	12	371	13	1148	7	2248	false	false	
290922			65	2815	18	2615	6	2222	53	1154	4	498	2	475			33	1327	22	2915	15	4074	31	531	1	63	0	0	false	false	
291059			17	847	31	4352	38	13695	136	3455	15	1215	9	2504			20	769	27	3605	12	2018	70	2131	13	824	13	2530	false	false	
291376			2	82	1	186	4	1007	1	9	0	0	15	520			1	81	1	84	0	0	0	0	0	0	0	0	false	false	
291611			105	4539	77	8966	8	2479	128	2957	16	1629	6	1861			1	65	1	90	0	0	0	0	0	0	0	0	false	false	
291732	6	37															1	25	0	0	0	0	10	222	8	629	2	532	false	true	
292234			46	2342	22	3820	48	36051	60	1910	14	2257	12	4117															false	false	
292467			19	733	14	1771	8	2925	77	1262	3	378	3	1079			5	198	5	473	2	691	54	957	0	0	6	2269	false	false	
292850			9	456	9	921	0	0	6	124	3	386	2	694															false	false	
293053			19	1810	65	8707	196	89285	438	13608	305	29250	321	93527			3	173	18	2373	9	2413	12	538	5	169	6	1393	false	false	
293352			2	101	4	418	0	0	30	647	5	331	10	2800			7	237	14	1731	14	3067	84	2694	26	2794	38	7380	false	false	
293437			11	449	16	2285	11	3878	317	6752	25	2595	5	1641			3	59	1	78	1	122	39	768	0	0	1	263	false	false	
293651			7	315	3	385	8	3243	88	2146	23	2324	12	3568			8	394	23	3591	21	6751	220	5703	107	10884	53	10067	false	false	
293754			3	186	16	2053	20	5788	54	1298	13	1172	7	2347															false	false	
294023			94	4236	114	14153	123	47512	240	5442	24	1788	13	5645			48	2364	79	10062	46	12120	51	1040	4	369	1	405	false	false	
294751			11	281	18	1664	46	17294	90	833	17	1068	15	2788			0	0	2	67	0	0	2	36	3	294	0	0	false	false	
294779			35	1573	120	14797	268	120515	353	18166	230	21214	171	50139			0	0	1	133	0	0	0	0	0	0	0	0	false	false	
294827			28	1585	29	5089	27	12921	23	922	4	608	5	1803															false	false	
295011			56	2693	65	7666	75	28307	415	11264	72	7271	39	10558			26	1278	65	6672	53	12983	246	5470	29	3425	7	1465	false	false	
295057			4	66	4	359	8	3520	434	10956	147	12085	87	30236			1	97	5	705	4	1212	9	272	9	1035	2	527	false	false	
295646	150	4045													213	2366													true	true	
296456			78	2463	61	7253	44	14996	352	8037	64	5888	21	6796			133	5188	88	10986	45	11338	224	4917	15	1709	10	2204	false	false	
296474			13	601	19	2404	26	11997	32	1062	17	2028	17	6255			9	342	10	1109	9	2417	11	258	6	689	0	0	false	false	
296559			35	1553	21	2426	12	4005	104	2206	18	1889	26	4626			42	1632	28	3249	10	2576	91	1905	11	1083	10	1750	false	false	
296755			25	1265	20	2476	30	10651	163	4991	35	4110	30	13485			9	303	17	2380	25	5941	84	2317	19	1775	9	1487	false	false	
297051			39	1589	34	4415	101	40117	89	2223	16	1918	12	5332			20	468	26	3359	11	3223	117	2163	12	1035	6	1694	false	false	
297761			0	0	2	402	21	8509	3	35	17	1340	22	5783			0	0	0	0	0	0	0	0	0	0	0	0	false	false	
298049			24	1198	9	1442	8	4547	154	4812	28	4357	6	2928			30	1718	19	3091	29	10401	155	4072	31	4931	9	3004	false	false	
298218			85	3492	160	20342	184	63654	623	16576	152	13695	70	18586	0	2													true	false	
298245			63	2602	46	5803	40	14222	156	3783	34	3742	15	4747			22	632	38	3941	8	1687	79	1929	17	1874	11	2425	false	false	
299868			12	587	76	11667	191	88903	0	0	0	0	0	0															false	false	
300009			93	3714	142	15904	133	43086	302	6585	72	6293	36	6628			1	50	1	125	1	253	4	60	1	37	0	0	false	false	
300063			0	0	6	583	34	15179	0	0	9	618	5	1489															false	false	
300353			40	1707	42	5242	85	34395	409	8385	46	3379	14	2803			79	2838	71	7167	29	9759	501	7902	35	2729	29	4040	false	false	
300933			28	1151	40	4855	85	32074	102	2260	25	2380	21	6036			28	990	29	3464	20	5205	41	989	16	1854	9	2041	false	false	
300942			13	245	29	3098	29	9739	47	1044	15	1453	24	6973			10	382	8	1038	12	3435	11	315	0	0	2	698	false	false	
301574			16	372	34	4010	81	38269	69	745	16	1512	24	8191															false	false	
301800			17	802	59	8825	132	50275	209	4742	114	10856	54	13257			0	0	0	0	1	260	3	36	0	0	0	0	false	false	
302030			1	13	8	757	13	3901	18	447	1	145	4	1954			0	0	0	0	0	0	0	0	0	0	0	0	false	false	
302133			0	0	1	190	5	2520	8	130	3	360	7	2257			2	143	0	0	8	2131	5	184	4	362	5	2092	false	false	
302553			40	1658	25	3084	146	4191	146	4191	44	4120	46	12770			35	1609	30	3668	15	3625	51	1391	40	4114	23	4471	false	false	
302656			86	3583	114	16208	199	76393	681	16238	211	15484	219	54550			180	7470	375	36006	311	67266	1515	45907	629	60552	347	80088	false	false	
303653			6	369	13	1662	32	15159	253	6839	27	2584	18	5672			2	16	4	575	9	2383	66	2012	10	1057	3	850	false	false	
303701			27	997	17	1884	15	3545	337	6143	54	5740	15	4001			1	53	2	176	0	0	17	361	1	42	0	0	false	false	
303747			18	922	26	2581	20	8210	36	774	10	831	13	2586			0	0	1	134	1	349	0	0	0	0	0	0	false	false	
303952			76	5635	28	3996	15	7140	376	13986	29	3551	7	2820			309	15496	229	29094	105	26376	1147	58495	31	3534	9	1411	false	false	
304173			66	2523	90	11320	81	27990	144	3391	85	5516	103	26778			2	51	0	0	0	0	7	83	3	100	0	0	false	false	
304520			15	337	17	2212	31	10014	42	675	18	1506	14	3373			4	102	8	777	3	881	1	7	0	0	1	99	false	false	
304575			1	20	0	0	0	0	6	57	6	505	2	459															false	false	
304762			7	207	8	1050	9	3410	77	1730	30	3629	26	7285			11	402	7	668	7	1853	53	1009	3	324	9	1070	false	false	
304913																													false	false	
305059			47	2132	13	1961	21	9336	101	3108	11	1334	8	2458			8	541	8	1413	4	1335	160	4659	44	5692	19	6061	false	false	
305077			44	2293	40	5790	23	10375	46	1369	15	1435	8	2342			3	161	4	679	4	802	0	0	0	0	0	0	false	false	
305237			26	995	35	4341	20	6202	118	3365	29	3502	18	2927			7	312	8	834	2	605	3	40	2	407	1	140	false	false	
305442			30	1328	73	9314	99	43503	348	9586	137	13054	71	19914			9	286	11	959	11	2696	14	199	2	133	0	0	false	false	
306056	18	33															3	162	8	1088	6	1765	41	1544	20	2433	6	1652	false	true	
306159			54	3124	84	12009	89	33256	145	4331	29	3227	20	5214			3	84	5	705	1	301	1	3	0	0	0	0	false	false	
306337			78	3776	57	8211	46	19190	348	10673	118	13107	73	23148			18	664	29	3526	30	8360	123	3858	91	9834	47	10732	false	false	
306908			17	559	39	4641	86	31835	192	3915	68	4420	57	14174			2	35	1	143	7	2248	10	117	3	148	5	996	false	false	
307062			24	1138	31	4040	39	15456	495	13889	145	13269	60	13812			21	858	48	5325	41	9816	326	8884	110	10158	65	9965	false	false	
307334			17	695	34	4510	73	34287	87	2783	21	1783	20	8943			3	135	5	567	1	327	2	9	0	0	0	0	false	false	
307361			9	319	28	3833	90	34779	134	3427	63	5264	48	10919			4	174	10	1212	9	2445	3	23	3	364	1	0	false	false	
307679			21	1116	100	13425	258	105134	280	7112	104	7748	84	15585			4	259	10	1210	11	3013	59	1644	36	3520	34	6487	false	false	
308256			10	468	12	1392	14	7446	58	1236	16	1125	13	2629			4	143	18	2419	38	14605	39	1005	16	1570	18	4988	false	false	
308340			29	1033	26	2527	28	7736	25	717	15	963	5	1972			77	3247	65	13795	138	22427	256	6384	110	10838	45	9371	false	false	
308836			3	205	17	2617	12	4597	8	251	4	385	2	881															false	false	
309150			32	1109	49	5997	59	19040	148	3301	35	3871	21	6463			41	1559	29	3902	29	6097	15	281	3	309	0	0	false	false	
309655			20	1073	60	8455	180	66427	547	16959	223	18476	225	69527			71	4024	104	14208	75	28991	194	4315	23	3112	27	8054	false	false	
309851			8	422	4	648	4	1688	57	1149	9	844	2	477			3	103	10	1134	15	4813	83	2120	12	1450	6	1548	false	false	
310754			0	0	9	1324	19	6024	23	613	34	1647	95	14563															false	false	
310978			15	475	63	7556	129	47514	44	1044	20	1115	25	5703															false	false	
311050			294	10453	177	19223	123	41243	385	7443	72	7385	43	10601			8	248	19	2175	4	768	33	587	4	304	0	0	false	false	
311144			4	337	5	763	4	3567	10	223	2	304	5	3226			0	0	0	0	0	0	4	97	5	302	2	752	false	false	
311256			31	1642	94	13053	167	63296	166	4761	100	11990	83	21439			0	0	4	494	1	191	9	415	8	711	9	1593	false	false	
311265			10	392	23	3225	57	25061	124	3959	76	7426	55	16821			12	552	21	2602	16	4886	69	1096	3	177	0	0	false	false	
311603			10	528	50	6321	129	47491	94	2097	43	2992	57	18987			0	0	0	0	0	0	0	0	0	0	1	223	false	false	
311658			21	942	33	4564	21	7356	21	408	6	522	2	915															false	false	
311845			666	29199	1143	139868	1616	616598	22098	342762	3146	257576	1840	421764			827	36753	840	96747	450	108658	3002	60348	282	26770	130	29095	false	false	
311939			21	968	21	2995	53	21134	92	2263	21	2125	14	3472			9	439	6	639	5	1114	17	529	3	162	2	523	false	false	
312244			70	2607	73	7323	71	20691	532	12238	115	8023	64	17491			279	10518	385	47352	340	89007	355	6454	84	6253	45	5102	false	false	
312356			61	2281	39	4968	22	8948	391	8206	43	4790	14	3453			76	3036	40	4540	13	3296	151	2821	12	1037	2	480	false	false	
313009			12	820	42	5054	61	26737	40	690	9	972	5	1058															false	false	
313157			26	1007	14	1932	11	3948	81	1996	46	5243	33	9193			17	768	25	2988	14	4127	103	2420	28	3414	17	4166	false	false	
313223			10	487	28	3698	61	25272	149	3381	169	22996	194	64479			14	530	14	1135	15	4139	14	631	4	231	1	200	false	false	
313577			192	7783	178	22723	148	55720	886	21499	250	25081	138	34219			152	5536	181	21666	133	34456	560	13602	121	12819	28	5375	false	false	
314257			80	3639	133	17741	176	66989	456	10585	144	13041	134	32888			16	744	10	1406	7	1510	71	1215	15	1083	4	962	false	false	
314444			60	2319	19	2683	16	6665	469	11455	82	8291	44	12583			59	1956	11	1352	6	1465	2	63	0	0	0	0	false	false	
315656			12	593	10	1077	23	9249	60	1430	11	1297	8	2431			0	0	1	113	0	0	0	0	0	0	0	0	false	false	
316840			67	779	318	37346	850	323122	337	10623	447	46011	487	153237			2	45	2	316	5	1349	0	0	0	0	0	0	false	false	
316859			5	195	9	935	15	5508	75	2416	18	2348	10	3826			0	0	4	422	4	1053	4	56	0	0	0	0	false	false	
316934			1	46	5	715	5	1821	72	1540	14	1985	7	2767			0	0	8	705	13	3590	43	1608	20	1985	11	1883	false	false	
317258			82	3522	44	5444	66	26308	398	9151	69	6335	36	12289			133	5380	78	10437	40	10899	249	5678	53	4798	25	5086	false	false	
317342			169	8240	443	56020	1082	447370	1252	45382	750	94245	829	263504			47	2100	56	6897	38	8988	23	529	7	631	1	349	false	false	
317379			31	1037	31	3614	54	20176	135	4886	44	3613	41	14745			12	454	24	3475	18	5296	65	2312	20	2950	13	4712	false	false	
318974			10	521	71	9825	173	80302	180	4871	83	7372	122	36704															false	false	
319047			118	5323	80	12072	43	19070	194	6251	32	4358	18	7454			16	746	13	2106	5	1686	26	628	6	920	2	527	false	false	
319551			92	3472	85	11646	62	22754	801	20476	115	11822	46	12762			53	2484	77	11188	89	26812	369	13136	215	26990	95	25662	false	false	
320034	58	396															40	1262	13	1393	4	963	58	1073	8	1064	2	169	false	true	
320052			32	1498	51	6283	75	28456	323	5535	67	5989	40	11691			23	723	26	3402	14	3457	119	2389	16	1772	6	981	false	false	
320070			26	810	45	5142	49	18316	53	617	14	1178	8	1191			0	0	0	0	0	0	0	0	0	0	0	0	false	false	
320119			0	0	0	0	5	2944	4	178	3	597	5	1884															false	false	
321152			3	88	5	819	19	9681	20	637	7	1206	9	4360			1	31	0	0	0	0	1	10	0	0	0	0	false	false	
321255			2	7	3	326	2	557	107	2692	17	1355	10	2684			12	478	11	1191	2	563	122	2357	7	708	4	833	false	false	
321273			30	929	67	8858	186	71886	179	7451	120	10882	270	82270															false	false	
321330			24	799	2	359	3	1216	16	361	7	751	2	0			6	241	17	1528	17	4794	15	474	8	694	5	977	false	false	
321947			39	1595	50	5315	66	25079	117	2795	61	6440	48	13495			24	864	38	3893	32	8440	45	985	19	1808	7	1477	false	false	
322449			27	892	17	2106	9	5353	41	832	12	1177	13	5202			10	494	14	1798	10	2640	12	375	11	1262	4	1092	false	false	
322551			6	192	9	1337	4	1119	94	2960	20	2294	0	0			10	301	8	864	3	871	16	375	2	276	1	100	false	false	
323204			273	5051	201	23985	265	93645	2962	30402	356	24783	238	42913			134	4139	138	17744	109	27377	1443	15176	181	13575	60	8458	false	false	
323651			18	836	43	5316	25	10757	276	7201	54	5678	15	5481			32	1131	19	2595	4	1056	241	6165	27	2983	8	1590	false	false	
324153			9	486	15	1980	21	7055	178	5098	49	4962	24	7392			27	1278	63	8554	36	10316	95	1861	13	1320	5	1395	false	false	
324229			6	296	2	330	2	659	15	383	5	663	1	246			16	314	3	285	1	443	0	0	0	0	0	0	false	false	
324256	24	72													27	211													true	true	
324340			104	4698	274	34437	626	257162	362	8851	217	17224	286	66587			20	656	31	3574	27	6053	32	821	24	1261	10	1301	false	false	
324854			13	418	6	890	2	841	208	6989	69	8468	50	16480			40	1897	44	6086	34	10891	74	1973	21	3023	16	4084	false	false	
324863			40	1869	119	14280	212	84932	950	25463	321	32166	248	57862			26	1164	42	4989	36	9025	457	11138	176	16000	127	26176	false	false	
324975			7	159	4	511	6	2025	16	477	10	433	0	0			5	215	1	126	0	0	0	0	0	0	0	0	false	false	
325141			51	1863	43	5805	30	9465	198	5213	55	6777	20	5515			6	156	9	1267	3	1205	4	78	1	10	0	0	false	false	
325459			1	40	0	0	0	0	20	449	2	51	0	0			3	164	6	724	3	1043	26	614	4	444	6	1038	false	false	
325534			54	2634	72	8559	75	29254	117	2854	25	2449	21	5630			7	217	13	1495	9	2690	8	202	1	19	3	882	false	false	
326054			22	739	30	4306	50	20490	155	3529	62	4621	59	15871			16	685	21	2639	15	4544	71	1556	13	1182	7	1143	false	false	
326344			84	3150	59	6728	79	27105	577	20867	108	12406	82	23034			169	7713	174	20462	122	31667	553	18977	106	12608	39	8468	false	false	
326858			29	1486	64	8405	152	64420	615	23783	328	36254	240	66937			26	933	55	7072	98	26147	306	12398	204	28827	124	32602	false	false	
326979			20	921	59	7602	68	24326	149	2877	56	4496	34	10159			2	142	3	246	0	0	8	223	6	799	4	1516	false	false	
327220			7	414	28	3388	33	12192	83	1865	27	2605	18	5198			13	563	30	3433	14	4233	41	956	7	686	3	286	false	false	
327305			82	3199	84	10132	132	57018	2326	44801	324	27127	151	38036			3	85	7	781	4	849	14	391	2	117	2	150	false	false	
327435			50	2526	125	16635	188	73210	132	3670	23	2368	10	3168			3	125	2	222	3	1191	0	0	0	0	0	0	false	false	
327556			33	1340	17	1939	10	4368	197	3911	22	2077	36	6452			17	793	21	2185	13	4466	242	5809	52	4816	39	9754	false	false	
327855			5	180	26	3139	84	32908	106	1583	50	3348	55	13182			5	234	7	848	10	2022	14	222	4	484	0	0	false	false	
328058			7	333	10	1325	10	3648	12	234	2	282	2	775			2	53	3	524	0	0	40	755	6	823	4	1255	false	false	
328357			2	40	9	452	56	16462	4	49	1	29	1	33			0	0	0	0	0	0	0	0	0	0	0	0	false	false	
328656			17	693	23	2469	24	9270	163	3756	31	2938	25	6723			19	949	77	9509	77	19094	442	10519	111	11395	54	10296	false	false	
328777			65	1212	90	10528	283	109472	525	13341	120	8191	103	21883			0	0	3	383	6	1343	0	0	0	0	0	0	false	false	
329149			17	749	10	1201	8	3539	33	847	14	1416	8	2064			8	414	23	3369	29	6866	27	676	38	3503	29	5234	false	false	
329345			35	1252	67	8725	101	45931	368	8405	81	7436	38	12978			15	486	14	1534	5	893	2	50	1	94	0	0	false	false	
329550			44	2328	59	8115	78	32873	343	10289	71	7847	28	10997			40	2018	26	3692	25	7857	27	970	10	1299	8	2837	false	false	
329952			23	1188	61	7860	92	38024	355	9067	55	4605	24	10445			9	487	33	4303	8	2276	70	1468	0	0	0	0	false	false	
330239			26	1218	20	2408	25	9087	170	5630	33	3308	28	7932			5	260	3	226	0	0	3	69	0	0	0	0	false	false	
330248			34	1290	17	1925	11	4116	132	2989	13	1624	9	3010			27	1233	31	3697	26	7189	102	2035	34	2730	16	2573	false	false	
330855			100	3755	184	19972	293	97827	535	12913	199	17123	147	34009			125	4406	148	16642	94	24177	237	4944	56	5090	30	5787	false	false	
330949			22	789	36	4724	34	9541	144	2517	39	2801	18	3416			43	1783	38	4762	22	5834	37	770	6	334	2	354	false	false	
331076			11	425	22	3231	52	22391	23	701	14	1608	18	8064															false	false	
331375			34	369	23	2737	70	29875	191	2246	19	1641	22	4715															false	false	
331544			69	2953	43	4966	7	1622	96	2444	12	1158	2	635			4	123	14	1387	5	1131	78	1737	14	1147	3	750	false	false	
331713			21	749	69	8928	124	51134	140	3402	52	5890	46	12221			1	72	1	141	4	1158	2	16	0	0	0	0	false	false	
332224			44	2132	79	12108	112	44677	81	2445	60	5998	47	14939			0	0	0	0	0	0	1	27	2	248	0	0	false	false	
332671			13	378	13	1589	20	8400	0	0	0	0	0	0															false	false	
332756			0	0	0	0	0	0	83	1809	10	1087	2	501			8	387	20	2211	14	3206	85	2565	50	5111	14	1521	false	false	
333034			56	1964	34	4071	27	10498	153	2990	17	1899	3	320			11	420	8	1031	7	1945	19	503	10	854	2	346	false	false	
333203			56	2494	112	13764	189	71597	133	3675	57	5614	34	13401			1	94	5	464	1	255	1	44	0	0	0	0	false	false	
333650			36	1110	20	2481	12	4364	236	6513	37	3980	30	8187			156	7891	212	28633	223	95164	511	13244	152	16211	140	40179	false	false	
333856			27	1317	59	7513	65	28766	488	13033	74	8254	51	14135			5	165	14	2010	8	2360	77	1315	7	779	6	1548	false	false	
333940			9	256	6	731	2	1051	21	1081	3	122	2	170			17	564	13	1486	13	2658	41	976	13	1493	9	1610	false	false	
334264			33	1505	69	9133	102	42972	245	5909	88	9379	84	30598			7	307	11	1116	11	3090	26	856	5	382	1	300	false	false	
335346			15	696	19	2718	34	15631	128	2831	34	3075	45	10346			4	194	9	1202	8	2057	35	861	18	1560	24	3751	false	false	
336147			21	807	30	4081	30	11510	66	1367	11	897	5	950			51	1948	53	6806	25	6385	65	1119	4	337	0	0	false	false	
336361			11	495	16	1841	32	11940	122	3148	31	3132	9	2637			4	290	8	827	6	1723	48	960	5	672	4	1113	false	false	
336576			7	43	3	201	15	5558	23	429	4	31	6	1451															false	false	
337340			0	0	3	463	3	655	10	283	12	1135	1	22															false	false	
338646			51	1781	47	5335	86	34254	152	3496	68	6410	59	14237			78	3026	84	9678	50	14966	104	2871	38	4051	21	3803	false	false	
338945			12	508	7	853	3	434	59	1377	8	513	3	774			16	757	24	3037	29	7760	135	2877	25	2916	14	3569	false	false	
339072			4	197	8	813	21	11955	12	251	20	1386	11	3394															false	false	
339353			1	54	1	41	2	828	52	1194	21	1779	27	7407			5	268	6	886	11	2359	44	1049	14	988	11	2727	false	false	
339456			75	3523	104	12211	112	38114	413	9109	47	4729	51	11796			32	1235	21	2390	7	1716	53	1031	5	406	1	42	false	false	
339607			13	508	24	2303	105	42489	71	1644	26	2339	22	7410															false	false	
339773			64	430	43	4237	151	62812	1179	3573	294	9277	430	29220			0	0	0	0	1	360	0	0	0	0	0	0	false	false	
339858			17	750	79	9391	452	191008	695	22921	228	24601	344	166798			0	0	0	0	0	0	0	0	0	0	0	0	false	false	
340135			73	3506	171	21196	286	111750	1067	28776	354	30329	223	51755			8	219	8	1267	2	654	15	358	2	114	2	488	false	false	
340144			60	2802	159	20188	312	125863	225	5255	110	10186	123	28822			69	2075	32	3314	5	1201	4	58	1	33	1	233	false	false	
340256			7	331	56	6762	200	85909	50	1447	68	4371	116	37092			0	0	0	0	3	889	0	0	0	0	0	0	false	false	
340443			28	1055	14	1859	9	3458	16	329	4	473	2	413			8	154	6	571	3	676	7	137	0	0	0	0	false	false	
340742			5	171	35	4148	95	38590	122	4397	83	7066	76	20037			0	0	1	98	1	278	0	0	0	0	0	0	false	false	
340751			101	4235	84	11070	94	38360	1010	24577	130	13664	86	28826			21	1067	36	5103	26	7375	191	4205	24	2608	12	3100	false	false	
341310			4	170	44	5162	130	49337	573	7503	106	9387	115	30511			0	0	0	0	1	228	0	0	0	0	0	0	false	false	
342054			47	1487	52	5649	73	21982	264	5169	22	1385	20	6402			51	1594	66	8158	56	19513	179	2280	10	1024	3	1031	false	false	
342362			13	614	23	2913	33	10583	94	2139	23	2369	7	1156			13	661	20	2280	11	2668	162	3625	40	3756	12	2347	false	false	
342410			66	3595	225	28947	496	195872	435	14312	163	18705	220	63665			15	720	57	7941	55	13375	118	3769	14	1236	8	1344	false	false	
342634			248	11122	430	49244	647	227195	3176	82514	728	68368	841	201689			113	4344	87	10226	44	9138	419	7765	42	3591	24	1995	false	false	
343051			12	398	8	1035	5	1515	24	545	3	330	3	834			10	406	4	451	2	674	18	243	3	285	0	0	false	false	
343248	10	21															15	997	27	4414	9	3281	50	1834	16	2315	2	589	false	true	
343770			15	682	14	1985	28	10708	46	1077	32	3473	16	4933			20	755	17	2006	17	4606	5	144	3	509	2	290	false	false	
343903			25	1445	43	4793	73	71665	115	2952	61	5971	32	5552	1	1													true	false	
343958			16	647	8	1141	5	1633	50	1427	20	2479	9	1991			9	452	31	4304	39	10705	118	3676	46	4837	21	5088	false	false	
344647			98	2733	65	8939	128	47408	189	5808	37	4602	54	20959			65	5469	65	8464	53	14972	162	6812	37	3855	31	7859	false	false	
344852			19	751	9	1029	11	3675	102	1836	13	1501	16	6185			5	203	8	1083	6	1490	31	896	10	969	5	1353	false	false	
345309			28	1470	56	9286	74	36990	252	5449	32	5167	36	16975			0	0	0	0	1	131	0	0	0	0	0	0	false	false	
345345			22	869	43	4923	26	9588	274	7876	58	5386	38	16808			53	2163	133	13130	166	39973	495	16168	166	22555	78	24178	false	false	
345747			10	287	45	4963	102	40572	45	934	46	3750	56	14356			4	212	11	1307	13	3516	22	791	13	2278	8	2984	false	false	
345756			22	985	32	4142	58	21150	87	2852	73	7217	23	6214			0	0	1	34	3	554	0	0	1	150	2	332	false	false	
345877			67	2738	86	11868	119	52751	413	10047	114	12606	73	23215			6	243	2	168	2	425	6	156	0	0	0	0	false	false	
346379			36	1707	62	8689	58	23460	246	7575	77	9139	36	11605			10	437	11	1965	18	8615	8	787	12	2809	14	5893	false	false	
346566			4	164	7	1008	7	2654	7	247	4	437	2	638			0	0	0	0	0	0	0	0	0	0	0	0	false	false	
346771			10	678	24	2807	24	9877	14	334	4	269	4	1327			1	0	0	0	2	655	0	0	0	0	0	0	false	false	
347022			18	600	30	4189	64	23223	65	1903	15	1664	17	4878			3	81	2	191	1	107	0	0	0	0	1	125	false	false	
347639			3	112	25	3309	64	26656	16	488	18	2297	16	1621															false	false	
347956			0	0	14	1915	22	10534	63	1856	14	1467	24	8597			0	0	0	0	1	294	0	0	0	0	0	0	false	false	
348159			4	127	7	847	28	12298	429	4987	31	3151	47	17880			1	74	3	462	4	975	3	64	0	0	2	557	false	false	
348720			22	593	52	5420	91	31593	156	981	27	1285	24	4146			0	0	2	289	0	0	0	0	0	0	0	0	false	false	
349129			14	681	17	2264	29	8033	83	1890	15	1288	2	857			1	24	1	58	0	0	0	0	0	0	0	0	false	false	
349343			20	851	29	3646	43	16371	156	4099	47	4586	42	14584			20	701	30	2915	18	4969	70	1624	17	1018	9	1842	false	false	
350657			14	469	6	935	3	1077	45	924	9	993	10	2700			3	85	2	346	1	126	47	704	3	356	3	31	false	false	
350750			10	431	23	3845	72	34026	11	371	0	0	3	473															false	false	
351131			0	0	1	60	1	301	11	95	4	434	4	948			2	3	1	142	0	0	0	0	1	142	0	0	false	false	
351560			2	126	2	337	21	11116	8	492	30	5564	42	15192															false	false	
351878			1	43	1	77	1	45	112	3788	51	6162	33	10070			0	0	1	41	1	366	5	108	0	0	0	0	false	false	
352370			28	1177	24	4705	17	5154	98	3134	17	1930	3	1193			20	650	28	2724	21	4944	33	686	3	241	0	0	false	false	
352651			4	338	7	1314	35	30219	29	1011	7	1140	55	52254			0	0	0	0	4	1884	7	221	1	230	6	2940	false	false	
352745			26	1121	36	4362	20	6292	247	5573	35	3644	9	1869			40	1708	47	5765	28	7857	98	2491	15	1355	3	1207	false	false	
352772			293	12274	926	107387	2589	1071929	19372	104700	1297	72149	1228	177872			22	751	48	5568	80	18700	249	4354	140	10444	96	15641	false	false	
353238			68	3091	142	18867	169	68807	864	23128	121	12531	62	16164			5	167	4	216	6	1740	0	0	0	0	0	0	false	false	
353546			22	943	20	2750	17	7986	83	2108	15	1598	12	3405			7	272	8	987	7	1920	21	505	15	1501	13	2158	false	false	
353555			195	14570	347	46427	382	148701	3626	86317	811	87934	826	262840			5	201	5	663	5	1169	68	2135	41	2687	40	5946	false	false	
353957			0	0	0	0	0	0	32	488	2	305	1	299			1	66	7	750	4	898	22	660	4	563	5	1487	false	false	
354253			3	86	2	174	3	1776	40	1174	9	964	7	2151			3	144	4	583	6	2159	58	1335	23	2395	7	1345	false	false	
354310			72	1912	209	25774	620	255410	1131	23623	364	25134	492	87357			271	7611	213	24844	337	95614	545	10501	68	4901	15	2237	false	false	
354552			25	1212	28	3684	71	26882	95	2830	41	3686	25	8800			34	1668	37	4171	24	5920	70	1675	8	824	6	967	false	false	
354851			6	252	9	1336	24	9358	36	931	18	1656	12	4079			9	346	19	2353	14	3871	72	2112	10	1252	12	2861	false	false	
355120			26	1067	48	5144	109	42438	121	3084	50	5052	50	17014			5	171	6	636	0	0	1	75	2	63	1	500	false	false	
355559			24	914	54	6118	86	31617	93	1949	48	3716	55	12712															false	false	
355858			47	2061	131	19101	280	125230	320	9171	148	16391	104	34868			40	1836	75	9158	64	17463	288	7845	124	12327	59	12441	false	false	
356239			55	1987	41	4934	29	10450	342	8153	75	7103	38	8543			24	836	40	2897	91	20058	355	9912	161	18886	134	45385	false	false	
356659			21	804	13	1772	10	3943	50	1259	11	1319	4	1189			26	1202	34	4911	7	2593	42	796	5	628	2	332	false	false	
356752			21	887	19	2849	70	36633	17	573	19	3389	26	9096															false	false	
357526			17	655	24	2396	34	14170	73	1592	22	2192	24	7152			0	0	0	0	1	182	0	0	0	0	0	0	false	false	
357553			19	716	22	2496	23	4999	62	1360	43	2022	5	760			5	282	17	1900	19	3248	60	1159	33	1674	52	3186	false	false	
357777			36	1155	45	4930	27	12428	109	2286	24	1643	7	2174			0	0	0	0	0	0	0	0	0	0	0	0	false	false	
357937			21	1025	66	8180	141	54158	191	6301	88	9666	60	17938															false	false	
358112			86	3025	32	3644	21	8848	73	1494	17	1902	5	1595			18	668	7	702	1	280	11	91	0	0	0	0	false	false	
358448			12	420	14	1653	7	2628	26	663	7	522	4	891			4	208	4	252	2	663	4	51	0	0	0	0	false	false	
358756			21	838	2	216	1	237	25	421	6	559	3	291			11	517	5	582	5	1135	33	721	10	1117	8	1691	false	false	
359472			3	129	8	1099	8	4204	12	445	19	1753	1	257															false	false	
359744			8	371	4	536	7	2118	40	1071	12	1146	13	4372			9	354	14	1707	21	7097	66	1463	17	1541	11	2705	false	false	
360777			8	388	10	1616	2	601	0	0	0	0	0	0															false	false	
361055			9	462	33	4418	83	36256	458	15956	116	11614	84	25858			1	16	0	0	1	284	0	0	0	0	0	0	false	false	
361167			65	2575	132	15094	249	91164	912	20809	243	22619	203	46476			26	979	37	4450	15	4153	215	4718	45	5674	5	685	false	false	
361279			28	1316	35	5726	41	22711	346	8043	24	3698	10	4955			18	1297	9	1013	3	499	21	382	2	229	1	439	false	false	
361354			9	330	5	600	2	570	18	470	1	100	1	265			9	318	8	1077	2	535	30	788	11	1216	5	1279	false	false	
361439			48	2088	114	12748	135	47154	230	4017	30	2411	17	6607			29	1407	25	3189	7	1454	20	347	0	0	0	0	false	false	
362043			2	35	1	127	2	721	35	763	9	738	5	893			3	78	11	1267	23	6694	47	908	19	715	13	2166	false	false	
362155			6	284	19	2395	27	13391	239	4703	19	1972	5	2925			24	904	16	1999	10	2832	236	4072	5	628	0	0	false	false	
362717			36	1649	74	7523	159	65865	167	4552	62	6198	56	16474			2	47	11	897	13	3328	16	420	4	331	4	951	false	false	
362856	55	55															0	0	2	222	1	315	8	258	1	5	0	0	false	true	
362940			6	319	10	1589	4	1886	50	1283	17	1642	2	1090			5	263	5	607	3	705	16	505	1	103	1	250	false	false	
363442			1	36	2	262	0	0	14	633	0	0	0	0			10	332	11	1706	3	652	4	78	0	0	0	0	false	false	
363648			6	185	7	533	6	2258	68	1805	6	591	9	3551			16	549	27	3437	20	5859	81	1763	42	4776	33	7855	false	false	
363657			38	1559	80	11290	81	29814	510	16254	58	6044	57	18312			7	277	9	1218	3	637	88	1793	3	183	1	440	false	false	
363778			8	462	23	3298	29	13553	0	0	0	0	0	0			0	0	0	0	0	0	0	0	0	0	0	0	false	false	
364131			18	694	28	3501	71	33336	90	1907	26	2163	26	8192			44	1395	22	2334	11	2545	21	334	2	111	0	0	false	false	
364270			0	0	1	145	6	2561	12	390	9	1000	9	1878			0	0	0	0	0	0	0	0	0	0	0	0			
364430			13	417	24	3057	69	29631	93	2546	22	2468	35	9915			19	737	21	2867	9	2469	2	104	2	221	0	0	false	false	
364850			25	863	21	2596	14	4457	199	5033	28	2633	10	3046			14	570	10	1232	7	2078	84	2384	13	1679	5	754	false	false	
365325			291	16365	934	121545	1998	819447	13528	478805	915	89330	616	160378			12	311	30	3655	25	8044	66	1663	16	2282	10	1882	false	false	
365745			10	405	18	2054	16	6667	71	2034	29	2944	27	8865			1	48	2	270	3	658	9	100	2	146	3	623	false	false	
365848			3	88	1	173	0	0	28	1166	10	1073	2	637			3	88	2	268	2	858	1	16	0	0	1	80	false	false	
365950			29	1220	34	4797	21	8153	66	1806	14	1577	10	4025			21	921	15	1481	4	1258	33	732	6	755	5	1349	false	false	
366078			94	4080	150	18383	185	64357	204	4043	79	6627	66	11900			5	152	2	131	0	0	0	0	1	78	0	0	false	false	
366238			86	4551	175	21252	345	134893	599	14362	161	15787	184	52415			58	2969	87	10487	65	15516	129	1434	7	807	2	396	false	false	
366247			38	1679	72	1415	110	3094	72	1459	23	2071	11	3863			4	76	14	1254	26	6642	56	967	36	2494	21	4742	false	false	
366359			13	600	3	527	4	1595	103	2553	14	1765	8	4028			18	828	10	1416	3	963	74	1538	2	311	6	969	false	false	
366658			38	1413	27	3362	14	5243	122	2940	21	1626	12	2563			34	1156	14	2131	1	364	84	1252	7	62	1	386	false	false	
366854			4	109	5	844	24	11633	41	1075	23	3599	51	16235			6	239	4	363	2	534	9	231	0	0	0	0	false	false	
367150			21	766	8	1117	4	1265	139	3399	8	894	6	806			16	649	20	2705	7	2251	170	3502	21	1868	4	842	false	false	
367178			13	441	39	4791	39	11847	33	1057	19	1535	19	3156			0	0	0	0	1	300	0	0	0	0	0	0	false	false	
367431			49	1945	41	5973	45	16642	445	9956	46	5111	30	7808			24	1009	11	1533	4	620	9	205	0	0	0	0	false	false	
367543			116	3296	42	4480	49	17946	66	1888	24	2566	28	10279			73	2524	49	5650	54	19356	43	1482	28	3318	32	11366	false	false	
368054			9	438	10	1629	6	2219	83	2711	23	4046	4	1759			4	109	5	969	2	663	86	2401	9	1450	4	1274	false	false	
368344			73	2790	20	2295	15	3724	115	2262	8	765	5	2374			18	735	42	5057	29	8787	73	2790	20	2295	15	3724	false	false	
368522			10	639	24	4144	18	7284	2	78	2	244	2	1804															false	false	
368951			40	1419	34	3814	28	11569	145	3447	39	3596	29	7643			43	1494	45	5558	29	6659	130	2890	30	3196	9	1631	false	false	
369453			13	377	5	631	7	1350	86	2455	18	1741	8	2255			30	1278	43	4825	19	4480	168	4106	53	6873	25	7400	false	false	
369659			25	1043	58	6480	135	55421	431	10402	104	10581	97	31981			25	1131	36	4209	18	4982	164	3518	26	2963	9	1996	false	false	
370020			59	1931	83	10234	101	39353	292	6319	76	5827	41	7720			44	1502	34	3576	47	10456	124	2271	14	864	5	930	false	false	
370347			21	1008	10	1051	6	2248	81	2538	15	1442	11	3374			10	389	43	4806	35	8685	52	1153	23	2632	8	2423	false	false	
370721			27	1417	24	2717	29	9249	94	3052	16	1595	10	2862			20	593	31	3993	42	12412	72	2403	29	3729	12	3906	false	false	
370833			10	422	14	1820	14	2064	30	632	19	1329	15	3917															false	false	
370954			1	99	1	15	3	1187	3	119	0	0	0	0			6	252	2	296	1	413	8	233	0	0	0	0	false	false	
371223			1	31	9	817	33	11020	20	463	12	1268	23	7017			0	0	0	0	1	156	0	0	0	0	0	0	false	false	
371232			5	175	9	1247	28	11690	112	2784	36	3468	15	3999			2	112	4	447	1	209	2	47	2	278	0	0	false	false	
371362			29	1136	41	5459	56	22972	327	7974	39	3932	33	9914			26	1094	46	5011	15	4048	326	6980	50	4186	42	9046	false	false	
371559			3	120	4	555	5	2416	81	2150	17	1685	5	676			12	484	12	1363	12	3074	90	2035	18	2156	10	1828	false	false	
371755	9	14																											false	true	
371849			2	9	18	1914	19	7674	20	99	22	2521	8	1877			0	0	16	1746	22	10315	14	80	24	2584	8	1768	false	false	
371924			46	2537	74	8722	120	45493	160	5456	58	5985	44	15663			0	0	0	0	0	0	0	0	0	0	0	0	false	false	
371942			35	1064	21	2418	10	2743	172	3199	15	1327	6	782			45	1738	35	3424	24	5869	252	5642	33	3505	10	2174	false	false	
372444			31	1424	27	3269	17	6328	27	692	11	1084	3	896			17	702	28	2927	14	3451	17	383	7	689	6	1152	false	false	
372538			147	6442	170	22047	170	68147	868	21856	160	16109	61	19725			55	2026	36	4274	25	5587	110	2945	33	3104	13	2085	false	false	
372640			8	311	13	1300	10	4106	180	3947	43	4298	27	5636			6	220	35	4524	28	10964	37	1041	9	1100	17	7062	false	false	
372855			5	199	11	1428	27	10882	28	542	6	430	9	3469			3	131	1	67	2	407	0	0	1	240	1	207	false	false	
373272			1	63	4	278	1	274	1	8	0	0	2	211			0	0	0	0	0	0	0	0	0	0	0	0	false	false	
373553			8	378	2	302	18	9213	11	318	3	260	5	1115			1	60	7	845	3	833	30	933	13	1753	4	773	false	false	
373601			0	0	8	1419	20	11036	3	90	0	0	2	830															false	false	
374130			23	1296	34	6244	64	23056	161	6706	60	5845	43	11010			10	434	5	472	4	1301	0	0	1	195	2	263	false	false	
374653			31	1359	40	5399	64	24773	414	10636	155	17114	87	19329			15	780	24	2974	20	5675	49	1058	44	3666	34	7401	false	false	
374774			9	189	15	1823	40	15000	14	698	8	520	6	1577			1	28	1	179	0	0	0	0	0	0	0	0	false	false	
375043			128	5241	128	14136	207	84169	418	20048	166	16481	182	51753			302	14031	404	50854	215	61873	399	10457	199	15964	126	22996	false	false	
375379			0	0	4	420	8	2473	0	0	0	0	0	0															false	false	
375502			17	660	75	8386	172	69457	227	2859	86	5886	180	38886			0	0	0	0	0	0	19	238	7	50	0	0	false	false	
375566			35	1413	44	6060	108	41935	306	8955	77	8549	58	14976			10	192	10	893	6	1672	10	189	1	142	1	94	false	false	
375650			1	28	3	336	1	817	19	436	1	104	1	300			8	209	7	846	4	740	33	627	2	275	1	317	false	false	
376237			52	1718	24	2952	23	6252	232	5242	38	4106	18	3668			14	470	4	350	2	558	5	135	1	59	1	213	false	false	
376273			12	432	39	3984	70	26717	72	2500	55	2974	73	14320			0	0	0	0	0	0	0	0	0	0	0	0	false	false	
376442			33	1460	56	6309	59	22631	185	4268	58	5046	61	16657			23	875	51	5525	35	9501	82	1731	58	5045	57	9619	false	false	
376947			42	1233	10	1362	4	902	43	849	5	606	8	2400			10	339	4	572	9	2850	21	452	14	1335	7	1576	false	false	
377663	33	171															14	467	12	1545	6	1943	215	5083	37	4143	11	3523	false	true	
377850			30	1239	15	2440	27	12754	56	2348	29	4385	41	15893			0	0	0	0	0	0	0	0	0	0	0	0	false	false	
378044			4	193	8	1380	12	4785	147	4115	46	4927	31	11981			4	254	4	548	2	682	31	672	1	75	0	0	false	false	
378110			8	476	13	1366	12	2918	31	760	5	482	3	1128	8	0													true	false	
379050	15	82															8	496	3	253	11	3731	38	894	6	931	3	1260	false	true	
379153			16	681	20	2138	13	4559	285	6670	29	3038	8	2534			17	790	20	2336	10	2794	197	4433	13	1602	1	79	false	false	
379470			2	66	0	0	12	3884	1	84	1	215	0	0															false	false	
379649			144	5054	24	3149	14	4378	150	3240	13	1343	0	0			134	6901	82	10075	19	5346	77	2042	2	277	0	0	false	false	
379920			2150	47679	2887	276941	4552	1581217	73709	401307	4772	383323	3734	885062			65	1390	55	3906	43	8401	404	4076	27	1955	10	1509	false	false	
380346			19	808	15	1920	12	3741	72	2206	32	2695	22	7191			15	541	19	2440	20	4632	41	987	17	1513	7	751	false	false	
380458			30	2013	138	19863	279	113690	661	19742	248	24589	180	55133			5	151	23	2627	14	4994	23	1058	3	509	4	564	false	false	
380533			47	1807	29	3933	40	14309	211	4995	63	7032	43	14570			60	1937	80	8223	67	14057	130	3191	73	6818	53	9800	false	false	
380878			2	121	6	1022	16	8283	123	4371	12	1836	8	3572			2	16	6	890	11	2863	0	0	0	0	0	0	false	false	
380944			15	822	27	5164	37	16337	63	3291	23	3292	40	12909															false	false	
381026			15	656	31	4332	28	9852	148	4585	26	2702	11	3639			6	267	19	2615	13	3676	31	930	6	762	6	2225	false	false	
381932			33	1393	50	6487	62	24503	183	4200	30	2861	22	7114			2	24	3	373	5	1350	19	428	8	840	9	2971	false	false	
381950			16	864	44	5366	49	15398	84	2438	5	639	10	4465			0	0	1	130	1	406	0	0	0	0	0	0	false	false	
382050			122	5573	120	15646	110	42930	217	6160	42	4568	51	22481			2	104	2	289	3	1003	0	0	0	0	0	0	false	false	
382069			26	1045	26	3882	16	7510	356	7438	29	3654	12	3864			39	1837	17	2632	1	263	70	1476	6	774	0	0	false	false	
382256			0	0	0	0	0	0	75	1847	24	3059	17	3648			1	12	2	225	2	670	60	1735	21	1804	12	2709	false	false	
382274			2	76	1	122	0	0	0	0	0	0	0	0															false	false	
382443			30	1683	33	4084	19	7168	140	2373	14	1140	15	3412			14	583	34	4293	31	10040	188	4170	84	7749	37	7092	false	false	
382537			50	2391	61	7933	87	43521	736	23702	169	18563	106	51244			85	3090	49	5244	40	14048	15	394	1	144	7	3083	false	false	
382649			122	4599	98	11136	113	41826	250	6420	68	6630	71	19007			21	774	15	1845	8	1504	3	22	1	92	0	0	false	false	
382658			16	579	0	0	2	658	486	14723	75	8932	29	10826			174	9438	129	16931	92	24760	1235	31973	87	9399	32	14724	false	false	
382742			7	485	32	5108	61	26047	18	847	21	1920	30	6838			0	0	1	115	0	0	2	94	0	0	0	0	false	false	
382854			9	486	12	1413	13	5000	139	3126	27	3115	15	2158			4	184	6	822	5	1334	33	708	10	1352	1	275	false	false	
384018			2	25	33	2650	249	109861	1272	1824	60	2368	118	12123															false	false	
384278			140	9305	207	26155	268	94688	332	8642	70	7915	68	26420			27	1148	20	2512	7	1701	18	550	2	387	1	5	false	false	
384353			2	82	4	487	1	204	17	471	2	361	0	0			16	524	7	432	2	400	46	658	7	526	5	1032	false	false	
384652			0	0	2	369	15	7535	8	231	12	826	16	1884															false	false	
384830			13	445	22	2964	42	18612	53	1022	4	464	5	1360			0	0	3	300	0	0	0	0	0	0	0	0	false	false	
385350			63	2431	41	6537	22	7961	73	1507	18	1502	5	1740			12	515	16	1556	5	1491	11	207	2	162	0	0	false	false	
385471			23	904	25	2806	26	10013	63	1698	18	2031	7	2122			64	2576	82	9611	76	18608	76	2313	48	3350	32	5018	false	false	
385547			112	4099	38	4645	12	4305	378	7426	12	1237	5	1233			30	980	32	3586	22	5726	511	9907	20	2096	8	2560	false	false	
385686			0	0	10	858	35	11848	0	0	2	99	0	0															false	false	
386432			43	2425	63	9035	47	17568	251	6361	17	2202	10	3702			21	646	8	1016	3	1073	122	2166	2	140	2	324	false	false	
386450			23	1074	34	4681	40	23104	60	2065	32	3413	32	9967			13	549	26	4133	31	8652	73	2641	65	8634	36	8394	false	false	
386731			30	1449	23	3467	28	10310	215	6528	49	5468	31	10060			0	0	1	121	0	0	9	222	0	0	0	0	false	false	
386825			2	12	3	129	2	629	44	1326	19	1811	7	1925			2	71	3	422	0	0	0	0	0	0	0	0	false	false	
387055			5	168	7	1015	21	9231	73	1806	7	652	6	1512			5	271	11	1134	17	4267	53	1325	23	2418	14	3084	false	false	
387671			19	860	43	6232	70	30652	253	7506	250	23507	90	26908			0	0	0	0	0	0	0	0	0	0	0	0	false	false	
388155			22	928	30	4502	50	17930	91	2508	16	1491	16	2464			20	896	12	1162	12	3527	97	1997	8	867	2	675	false	false	
388258			3	101	2	410	0	0	16	311	2	269	1	81			5	173	8	960	3	607	70	1760	10	1355	2	478	false	false	
388557			19	876	35	4195	67	24622	157	3651	53	4924	43	12329			7	322	18	2363	25	6844	84	1990	43	3249	35	5410	false	false	
388744			35	1082	43	4503	41	12140	106	2768	40	4281	26	8145			0	0	0	0	0	0	1	42	0	0	0	0	false	false	
388753			6	274	7	718	2	356	38	996	6	634	6	2393			14	542	11	1424	16	6085	28	1104	20	2652	12	2476	false	false	
388874			1	46	7	795	0	0	0	0	0	0	0	0															false	false	
389358			6	248	7	852	9	2938	121	4006	45	6469	50	20485			6	228	15	1517	14	2982	35	1094	23	2410	11	2191	false	false	
389376			7	346	0	0	1	639	14	546	2	263	1	111			6	287	10	1361	1	423	30	561	6	686	1	213	false	false	
390372			0	0	9	1323	15	9280	0	0	0	0	0	0															false	false	
390840			10	255	29	2366	56	22755	32	743	35	2673	44	11157			7	414	18	1813	19	4218	19	568	8	1078	13	3120	false	false	
391418			20	725	16	1663	12	3230	66	742	3	341	6	1062			0	0	0	0	1	274	6	121	0	0	0	0	false	false	
391557			15	674	6	641	5	1825	90	3608	19	2370	2	837			7	277	3	391	1	222	21	377	1	120	0	0	false	false	
391575			21	786	35	3880	22	5541	27	1011	16	1733	11	5230			18	405	15	2033	4	961	15	292	0	0	0	0			
391959			16	618	9	1012	5	1241	78	2061	16	1959	6	1422			9	577	22	2283	23	5814	72	1898	24	2280	17	3858	false	false	
391977			26	1131	62	8125	145	52111	25	890	17	1038	23	6159			0	0	0	0	2	453	0	0	3	158	0	0	false	false	
392152			24	850	7	1190	3	1272	49	1317	2	50	0	0			5	174	6	674	4	1019	17	402	1	115	0	0	false	false	
392255			7	407	11	1363	8	2308	222	4852	29	3405	13	2689			29	1132	33	4465	11	3151	221	5068	14	1383	3	642	false	false	
392778			22	791	29	3526	69	27955	50	1086	36	2833	46	10844			0	0	1	136	4	1015	0	0	0	0	0	0	false	false	
393252			21	845	27	3534	29	13492	54	1657	17	2329	15	5272			7	229	33	4010	46	16325	98	2678	48	4518	61	17377	false	false	
393355			5	245	13	1880	42	18200	97	2430	24	3205	18	6927			4	163	13	1778	7	1859	13	185	2	141	0	0	false	false	
393953			25	1059	75	9104	167	68040	263	6729	57	4748	58	12645			1	33	6	713	2	618	1	6	0	0	0	0	false	false	
394156			10	436	12	1635	17	5725	86	2319	27	2878	50	16393			21	460	29	1324	29	4290	86	2376	38	3613	12	2643	false	false	
394259			114	3610	35	3983	11	4985	218	5379	41	4255	24	7815			50	2351	74	9623	58	16299	381	10409	138	14363	60	12681	false	false	
395238			948	50086	1304	224320	2225	1152944	19290	188622	1462	236689	1527	742437			45	2305	40	6273	25	8778	59	1737	14	2280	6	2038	false	false	
396057			16	796	15	2465	11	5466	49	1025	14	1619	17	5091			23	1096	25	4044	13	4162	105	3633	38	4657	10	2395	false	false	
396244			16	853	53	6711	79	32378	27	594	10	851	3	555			1	23	5	334	1	335	0	0	0	0	0	0	false	false	
396253			38	1887	37	6601	91	49188	297	9180	62	9670	62	30732			26	1019	23	3890	12	4820	90	2312	2	391	0	0	false	false	
396954			32	1381	36	4761	30	13219	127	3132	7	772	13	4776			3	159	3	302	1	256	17	692	13	1179	5	498	false	false	
397456			2	94	8	1061	17	6001	126	2808	17	1864	14	4722			3	94	6	556	4	1056	9	187	3	190	2	280	false	false	
397531			2	196	15	1814	47	20093	1	30	5	373	6	974			0	0	0	0	1	402	0	0	0	0	0	0	false	false	
397540			71	2677	103	11958	164	59909	897	15306	169	14454	132	28974			96	4256	106	12485	47	10325	430	8661	58	5653	18	2817	false	false	
397559			19	770	29	4320	64	27461	121	2338	56	5543	61	19867			0	0	2	329	3	409	0	0	0	0	0	0	false	false	
397755			21	904	48	5644	87	39161	99	2748	44	4989	75	23446			53	2026	60	8121	33	8187	57	1129	7	827	1	248	false	false	
397858			3	89	5	574	7	4063	63	1460	12	1143	5	1699			3	44	5	496	2	391	9	134	0	0	0	0	false	false	
398051			7	366	13	1958	20	7480	31	844	10	1087	11	3477			1	21	11	1514	12	3473	23	703	11	1085	18	2767	false	false	
398248			6	185	3	174	12	3851	47	1261	13	1136	26	7893	11	5													true	false	
398668			0	0	0	0	0	0	0	0	0	0	0	0			0	0	0	0	0	0	0	0	0	0	0	0			
398837			34	1225	35	3481	44	16810	295	5245	27	2271	4	1106			104	4003	36	4035	14	3719	41	841	3	99	0	0	false	false	
399357			7	435	5	772	7	3152	74	2345	14	1422	6	2367			17	694	26	3375	37	11319	167	4887	44	4486	20	5483	false	false	
399517			382	15537	596	72580	668	258532	2660	62559	559	48228	415	97117			23	1048	17	1825	15	3773	37	749	5	176	0	0	false	false	
399731			11	405	11	1224	11	6381	64	1683	10	840	5	1210			8	250	15	2001	3	1146	6	162	3	138	2	340	false	false	
399973			32	1357	30	3883	36	14484	134	3869	35	4224	20	5544			16	744	12	1458	8	2327	15	342	3	322	4	726	false	false	
400057			23	812	22	2744	24	8600	198	4322	41	3509	33	10899			41	1437	52	6405	22	6437	373	6583	23	2226	8	1820	false	false	
400141			32	1568	67	7667	76	29285	347	8282	31	3062	40	12842			50	1776	72	8075	36	8041	31	834	16	1089	8	1091	false	false	
400365			22	1261	56	7640	98	39697	183	4567	36	2921	28	6694			6	288	7	1013	8	2280	3	74	0	0	0	0	false	false	
400767			8	416	11	1052	14	8505	47	1350	31	2322	9	1840			1	55	1	195	3	750	0	0	1	114	0	0	false	false	
401072			2	86	8	1038	8	2122	0	0	0	0	0	0			2	105	2	296	1	136	0	0	0	0	0	0	false	false	
401559			1	37	2	306	3	1374	277	6666	10	978	3	443			3	115	5	310	3	519	13	296	9	912	5	1297	false	false	
401755			10	366	8	889	4	1194	67	1505	8	757	11	2725			10	519	22	2591	4	1157	92	1696	35	3325	15	2752	false	false	
401906			56	1857	73	8231	100	36855	153	5152	44	4372	31	9962			0	0	0	0	0	0	0	0	0	0	0	0	false	false	
401951			2	79	1	99	15	7374	13	493	3	261	6	1830			1	88	1	110	0	0	0	0	0	0	0	0	false	false	
402846			6	297	1	201	3	1075	44	1187	9	528	7	378			14	355	19	2025	14	4711	56	1787	17	1325	11	3813	false	false	
402873			4	121	2	157	3	730	20	465	5	488	1	209			3	121	8	354	7	583	5	114	0	0	0	0	false	false	
403067			5	198	0	0	39	18036	1	100	2	394	12	4457															false	false	
403151			59	2091	53	6217	59	25534	467	12357	132	13781	87	29127			75	3532	160	19227	157	42784	391	10384	196	19902	168	37577	false	false	
403179			16	528	25	2862	95	46413	204	8304	156	17231	57	13776			0	0	0	0	0	0	0	0	8	1508	13	4417	false	false	
403254			0	0	1	117	3	728	0	0	0	0	0	0															false	false	
403656			0	0	3	362	0	0	15	456	0	0	5	1145			2	6	1	122	1	191	76	2100	14	1813	13	4136	false	false	
403870			51	2199	61	6961	91	35947	258	12927	54	5546	47	15013			6	258	9	1122	11	3354	29	845	21	2776	18	4500	false	false	
403946			10	211	31	4213	117	44949	229	7558	104	7678	74	12673			0	0	2	208	0	0	0	0	0	0	0	0	false	false	
404653			3	194	2	385	20	10023	31	1043	19	2335	34	10949			6	256	3	625	0	0	38	623	5	719	0	0	false	false	
404943			14	473	22	2835	10	2815	73	1468	16	1895	2	832			4	103	13	1686	9	2110	92	3042	35	3741	26	6896	false	false	
406022			7	461	43	6050	127	56617	128	3537	49	4281	34	10968			0	0	2	183	3	484	0	0	0	0	0	0	false	false	
406059			5	137	14	1831	44	18068	300	8948	78	8299	66	20264			1	22	3	513	3	840	7	239	6	709	2	725	false	false	
406666			20	941	20	3024	32	19721	269	18271	102	25159	86	74151			0	0	66	9760	0	0	0	0	0	0	68	877	false	false	
406974			4	158	15	1854	69	24448	30	991	15	1552	24	8156															false	false	
407168			6	345	16	1963	9	4272	68	1768	20	2457	19	8428			1	25	3	224	4	1171	51	1673	18	1837	8	2378	false	false	
407506			31	1324	92	10967	318	131197	411	8995	199	15707	207	43982															false	false	
407645			15	640	39	4554	60	25300	81	2042	21	1971	50	16402			5	135	25	3329	20	4858	15	380	12	1211	14	4241	false	false	
407850			2	139	1	118	2	958	24	825	7	994	10	3523			2	61	6	898	1	330	31	1067	15	1865	5	1620	false	false	
408307			11	441	21	2400	49	18191	156	5172	97	11688	30	10060			1	44	0	0	0	0	0	0	0	0	0	0	false	false	
408642			1	97	2	342	11	6935	186	4595	436	22277	2	1712			1	95	0	0	0	0	1	0	0	0	0	0	false	false	
408875			1	15	1	86	10	4279	58	1795	66	6786	67	23660															false	false	
409265			5	166	4	668	13	6496	34	1185	11	1467	15	8209			18	677	5	537	5	1651	50	871	2	355	3	641	false	false	
410159			5	184	2	229	2	500	31	955	5	684	4	1282			3	160	4	483	1	413	29	736	4	487	4	1348	false	false	
410560			9	477	15	1751	22	8862	133	3562	29	2171	19	5854			4	49	10	1002	8	1990	48	1524	24	2213	20	3831	false	false	
410748			22	1282	29	3384	43	15050	161	4056	29	2747	5	552			1	18	0	0	1	347	0	0	0	0	0	0	false	false	
410917			42	1498	47	6355	64	23856	239	5349	33	3319	20	7468			21	647	17	2187	10	1644	18	461	0	0	0	0	false	false	
411062			29	829	14	1381	3	1568	29	829	14	1381	3	1568			3	186	3	351	2	257	64	1476	14	1621	5	865	false	false	
411174			3	113	3	435	4	855	17	765	2	390	7	2773			5	289	6	797	1	221	5	105	1	153	0	0	false	false	
411231			25	962	13	2038	24	12556	74	1896	16	1396	20	5045			12	344	4	546	4	1127	15	379	4	452	2	290	false	false	
411240			3	193	1	150	2	262	13	227	4	434	2	220			4	51	25	2269	19	3217	33	549	15	1142	13	2322	false	false	
411549			8	294	0	0	1	296	22	381	1	105	4	1210			15	697	16	2398	11	3516	21	811	10	819	3	618	false	false	
411576			8	288	7	695	8	3225	48	1231	17	1843	10	2995			3	88	3	295	1	336	13	230	1	120	0	0	false	false	
411624			55	5356	50	5312	72	27393	89	7733	49	5952	49	16184			27	1343	55	7621	32	8866	74	2039	32	2765	18	4262	false	false	
411651	116	778															12	691	31	4284	31	9846	474	13591	178	15862	59	12858	false	true	
412153			26	1182	16	1907	22	12099	159	3124	43	4465	31	6746			20	762	38	4420	22	6350	310	6525	119	11593	69	11604	false	false	
412452			28	1167	32	4379	16	5773	248	6392	41	4634	10	3784			10	587	9	1075	4	1148	53	1483	10	1075	1	299	false	false	
412555			59	2365	15	2078	9	3420	293	7724	65	7148	49	20283			39	1689	55	6923	27	8978	335	9011	65	7253	37	8665	false	false	
412667			13	601	29	3645	32	10772	161	3548	53	5906	41	13824			18	653	32	3752	26	6313	183	5211	51	4646	42	8397	false	false	
412751			16	672	15	2696	98	61065	113	2345	43	7534	86	47507			0	0	0	0	0	0	0	0	0	0	0	0	false	false	
412845			55	2286	37	3926	35	10679	318	8015	77	7748	40	13341			122	4774	143	15090	83	19225	210	4624	92	7258	49	9364	false	false	
412872			3	152	1	116	5	2756	39	1231	16	1159	24	7674			0	0	0	0	0	0	0	0	0	0	0	0	false	false	
413141			123	4375	157	15962	98	26328	2	53	4	588	3	1386			35	1163	47	4764	22	4655	0	0	0	0	0	0	false	false	
413208			4	44	5	345	18	5114	584	17326	272	27233	463	137247			0	0	0	0	0	0	0	0	0	0	0	0			
413347			14	578	13	1247	10	1963	74	2686	20	2607	14	3365			11	347	12	1680	5	542	18	691	2	298	2	85	false	false	
413543			16	532	13	2000	13	5736	44	1166	17	1415	8	2707			10	325	19	2059	24	7293	24	791	20	2086	25	6464	false	false	
413646			69	3071	56	6970	69	22760	316	8476	144	14109	71	18883			82	3435	85	11027	52	14638	112	2524	48	4442	31	6009	false	false	
413673			23	908	26	3542	33	14440	52	1244	25	2262	18	5174			3	155	1	102	2	468	3	82	0	0	0	0	false	false	
413758			22	1061	17	2292	23	9194	119	3192	45	4531	30	10805			10	467	18	2949	15	4188	119	2759	39	3853	26	5941	false	false	
414102			21	1183	51	7015	67	26995	183	7595	45	5405	45	21398			2	19	0	0	0	0	0	0	0	0	0	0	false	false	
414652			26	1069	18	2430	15	5823	155	4342	46	5387	19	4871			14	571	28	3162	29	8517	103	3105	73	8603	29	6033	false	false	
414764			22	1252	52	6748	72	32306	61	1800	62	7657	18	6098			15	506	12	1390	6	1336	26	482	9	838	2	472	false	false	
414858			17	746	18	2167	26	12204	270	7048	28	2669	15	3593			51	1856	29	3125	9	3234	251	6453	27	2509	12	3706	false	false	
416245			156	11264	304	32128	1026	369365	1163	29972	730	71638	1337	314095			30	1411	54	7371	40	9499	134	3517	68	5869	0	0	false	false	
416272			21	831	21	2473	18	6311	67	1395	9	683	2	459															false	false	
416339			17	752	9	1164	11	3077	44	1391	23	2498	11	2454			7	419	17	2133	19	5671	38	1133	19	1596	16	3337	false	false	
416357			10	464	3	471	2	679	78	1872	25	2436	7	1419			7	115	21	2804	19	5161	146	4000	48	5583	26	7632	false	false	
416656			55	2467	45	5464	26	8984	322	8311	75	8857	28	8327			106	4657	180	23100	79	21458	402	7099	60	5585	11	2729	false	false	
416674			41	1828	75	10248	131	50203	185	3111	47	5511	27	8394			6	251	6	673	2	486	0	0	0	0	0	0	false	false	
417626			22	977	52	5883	66	28042	23	566	10	1400	11	2352			0	0	1	143	0	0	0	0	0	0	0	0	false	false	
417710			37	1474	20	2444	15	6051	58	1449	12	1110	5	1854			0	0	1	85	1	169	1	16	0	0	0	0	false	false	
418100			24	766	31	3339	102	42281	89	2037	15	1067	7	1285															false	false	
418249			18	833	52	7166	86	32868	250	7233	51	5204	84	15465			53	2548	104	13584	151	41250	426	12449	202	22806	140	33285	false	false	
418436			1	20	1	138	0	0	35	649	5	480	5	1208			1	24	1	62	1	244	6	201	0	0	2	570	false	false	
419406			138	5994	449	57967	536	251503	2323	56379	343	37824	247	81291			2	73	3	499	3	737	162	3443	21	2182	10	2363	false	false	
419675			47	3085	73	12070	114	57710	216	10581	87	14673	96	46472			3	218	11	1966	6	2082	30	1112	7	1082	7	2357	false	false	
419947			6	102	0	0	3	1884	40	1200	5	732	3	1176			11	598	5	970	1	334	32	780	8	1485	3	1100	false	false	
420578			21	705	32	3537	29	10735	499	5128	24	3388	16	4852															false	false	
420644			38	1633	40	5042	52	20924	126	2826	31	3023	24	6149			41	1671	52	6315	32	10231	69	1487	15	839	6	935	false	false	
420877			12	447	22	2560	15	5455	30	1017	12	1202	7	2368			1	26	2	269	1	203	1	14	1	122	0	0	false	false	
421445			15	566	12	1429	14	4860	65	1685	4	211	7	1642			20	758	53	5769	30	7639	107	2958	40	4544	12	2654	false	false	
421539			4	68	17	2292	30	12729	38	963	13	1266	17	6280			0	0	1	176	0	0	0	0	0	0	0	0	false	false	
422116	0	71													114	77													true	true	
422433			98	5484	127	18485	298	126738	510	14564	75	7866	69	21781			59	3049	30	4453	14	3815	153	4766	67	7313	27	7374	false	false	
422657			17	649	12	1839	29	11720	120	2660	5	649	2	697			72	2752	48	5001	14	4404	49	922	3	324	0	0	false	false	
423159			40	1164	28	2982	24	7188	146	3540	28	2584	12	3830			44	1220	13	1423	4	1027	108	1605	2	184	0	0	false	false	
423449			41	1855	92	12716	189	84459	208	7630	111	10693	119	35828			16	592	28	1417	27	7912	90	5406	36	5106	22	4584	false	false	
423636			12	438	18	2076	54	26874	62	2051	29	4369	11	4572			1	60	1	68	1	198	0	0	0	0	0	0	false	false	
423739			184	7635	221	28444	249	96161	1140	24168	121	11489	72	15061			48	1664	42	5065	26	7235	30	755	8	728	4	296	false	false	
424156			9	383	2	233	3	1680	58	973	11	1499	10	3247			27	902	53	6456	26	6565	327	8996	94	11274	45	10027	false	false	
424240			9	402	8	1206	7	2544	60	1627	20	2366	34	10538			7	412	18	2059	24	6937	33	725	42	3973	23	5531	false	false	
424352			77	3849	68	8960	39	15604	139	4456	26	2990	14	4435			1	26	0	0	2	435	40	1327	8	808	5	1111	false	false	
424437	20	0															24	1248	15	1087	4	1383	38	1316	11	1753	2	576	false	true	
425050			1	57	0	0	1	310	37	731	5	672	2	579			4	197	2	353	3	1001	67	2141	9	1350	9	3316	false	false	
425108			5	175	33	4352	69	25660	96	2264	40	3141	37	10965			0	0	1	106	0	0	0	0	0	0	0	0	false	false	
425818			32	1093	11	1260	12	4866	116	2649	39	4040	20	7699			0	0	1	110	0	0	0	0	0	0	0	0	false	false	
425845			59	2398	52	7306	24	8722	423	10967	121	13702	55	16217			72	3102	95	12107	93	27079	598	16451	233	27132	115	27479	false	false	
425911			81	1381	117	12948	201	68427	981	19587	273	17290	152	28455			149	3201	154	16442	165	43283	697	10415	129	8982	30	3662	false	false	
426057			1	83	4	615	24	12912	5	344	14	1267	12	4890															false	false	
426141	6	10															7	201	8	1079	6	1322	21	474	6	725	4	256	false	true	
426534			115	4935	197	21134	512	162114	1079	11195	261	13497	365	40084			55	2236	105	11615	110	25046	132	2727	162	6815	150	14470	false	false	
426758			16	522	5	707	7	1456	119	2740	8	768	0	0			58	2005	32	4400	16	4261	223	5669	8	903	6	1541	false	false	
426945			13	656	24	2547	55	23634	45	1229	11	1003	13	4020			3	114	5	606	6	1772	7	236	5	365	0	0	false	false	
427241			27	1293	38	4537	47	14956	168	3239	22	1684	2	643			42	1658	58	6635	28	6616	14	250	1	67	1	90	false	false	
427353			79	3902	110	14896	178	66670	706	19380	142	15437	94	37096			50	2142	39	4418	8	3264	210	4138	14	1379	6	900	false	false	
427858			4	177	16	2302	31	15776	31	635	9	502	2	472															false	false	
427960			5	86	11	1326	42	16512	63	2052	17	2371	31	9647			0	0	4	531	1	233	2	57	0	0	0	0	false	false	
428060			13	476	22	3157	68	28084	140	3353	68	7722	62	15044			3	100	9	1293	3	926	5	84	0	0	1	141	false	false	
428462			14	645	26	3314	30	12254	188	4899	60	6857	44	11480			8	388	18	1772	13	2357	181	4134	24	1827	12	2178	false	false	
428547			17	1118	59	7231	185	82281	14729	154520	1183	117328	728	214901			0	0	0	0	0	0	4	33	0	0	0	0	false	false	
428855			65	2646	30	3676	13	4421	87	2116	13	504	2	128	400	164													true	false	
429021			13	624	61	6969	113	40867	125	2621	31	2623	28	3595			2	90	4	426	7	2154	18	491	3	395	0	0	false	false	
429487			4	177	38	4827	82	34453	16	317	9	571	8	2207			0	0	2	271	4	1641	0	0	0	0	0	0	false	false	
430036			39	1554	27	3026	64	26997	127	2986	37	3577	21	3312			48	621	34	3803	22	6944	21	562	3	244	2	299	false	false	
430054			9	456	43	5937	116	48674	27	769	16	1411	28	6351															false	false	
430344			27	1396	21	2698	17	6306	117	2941	34	3166	17	6646			54	1844	36	4222	41	13110	109	2102	43	4751	12	2718	false	false	
431172			15	465	141	15831	973	420520	1850	17665	386	24612	710	129576			0	0	3	307	5	790	7	49	5	355	6	708	false	false	
431323			21	1210	41	5154	47	16617	100	2864	21	2274	4	1548			6	267	5	635	2	478	3	91	2	149	0	0	false	false	
431350			18	605	7	870	4	1777	96	1551	12	1199	4	1238			28	846	40	4438	15	4087	102	2357	14	1484	5	1005	false	false	
432058			11	654	33	5064	53	21568	101	2579	19	2107	29	10406			4	207	4	444	4	1252	0	0	0	0	0	0	false	false	
432432			17	549	21	2248	23	8452	89	1742	1	156	0	0			0	0	0	0	1	250	0	0	0	0	0	0	false	false	
433505			26	1007	73	9745	103	40530	371	5533	132	8880	62	20976			0	0	0	0	0	0	22	663	2	354	2	726	false	false	
433608			86	3694	360	43957	733	290336	1605	60436	662	77498	537	192306			56	3815	129	16231	119	31809	273	9728	104	11810	50	13407	false	false	
433859			17	699	14	1935	16	6554	210	4129	15	1659	12	4856			26	948	41	6306	16	4838	176	4288	45	6127	20	5409	false	false	
433943			49	1945	32	3493	24	9905	155	3578	24	2618	23	5075			32	1289	41	5189	28	7652	90	2307	34	2772	25	5301	false	false	
434203			7	282	47	5839	121	47686	46	120	27	2239	40	10998			1	0	0	0	0	0	1	18	0	0	0	0	false	false	
434539			33	1339	41	5798	45	15635	210	4934	33	3739	22	8441			6	247	2	310	2	550	4	170	2	246	0	0	false	false	
435059			10	415	40	4700	94	40915	140	3847	52	6161	54	18986			1	28	4	484	2	597	18	246	6	578	2	351	false	false	
435077			0	0	1	24	2	292	854	16439	1066	57399	353	78712															false	false	
435255			12	459	4	322	8	2862	47	1075	20	1960	18	6546			10	492	25	2098	25	5058	97	2003	48	4488	63	12571	false	false	
435666			7	274	14	1926	31	13734	64	1770	22	2002	17	5217			1	60	1	89	0	0	3	88	2	286	1	339	false	false	
435750			33	2062	83	11172	170	67558	652	21092	235	29237	157	48344			23	1047	51	6489	27	7397	208	3911	22	2472	10	2581	false	false	
436159			216	9415	444	57416	916	376739	1892	52651	741	68690	823	208247			130	4872	123	14124	60	15706	230	5805	26	2191	8	1226	false	false	
436542			190	6659	66	8289	69	23126	156	3407	43	3568	39	10276			32	1403	54	6055	52	13151	149	3325	50	4470	34	7217	false	false	
436739			19	724	34	4740	44	19779	166	3432	45	4608	37	8721			1	17	0	0	1	206	1	21	0	0	3	337	false	false	
436953			99	4913	98	16184	127	62145	395	12938	75	12376	33	13271			11	429	9	1511	8	2948	7	46	0	0	0	0	false	false	
437044	3	10															18	1240	15	3352	21	5805	74	2936	33	3506	17	2164	false	true	
437914			106	5384	538	69594	1606	649417	3318	51425	471	54035	551	193253			6	224	9	980	17	4989	12	285	2	335	0	0	false	false	
439132			133	2982	56	7576	37	13196	319	6479	13	1198	3	981			105	2789	32	4007	21	5592	51	1237	7	768	5	1452	false	false	
439338			148	5307	149	15516	156	55474	819	20899	183	15734	174	45814			177	7123	251	27015	184	41367	667	17275	195	19023	98	19987	false	false	
439356			45	1956	64	7933	94	37723	824	22183	219	21630	137	37720			67	2917	125	18027	135	42506	789	19135	212	21182	92	19583	false	false	
439404			120	5532	225	30790	405	171987	1111	19471	233	24338	229	67447			1	45	2	144	2	585	141	4212	71	7477	40	9622	false	false	
439730			17	618	14	2197	9	2966	145	4641	38	5953	17	9330			8	308	10	1531	6	2281	52	1897	15	2660	18	7181	false	false	
440857			16	854	20	2864	22	7370	19	675	5	597	0	0			1	100	0	0	3	473	0	0	0	0	0	0	false	false	
440978			2	79	3	281	0	0	0	0	0	0	1	236															false	false	
441050			12	533	27	3365	33	10492	110	2732	10	1084	6	2107			13	266	17	1749	12	2983	85	1625	9	668	2	393	false	false	
441078			76	2970	48	5646	20	6384	87	2229	13	958	9	1523			12	488	5	645	5	1334	1	20	2	314	0	0	false	false	
441135			8	258	4	382	18	8481	28	760	18	1384	3	746			0	0	1	99	1	111	5	185	5	412	4	655	false	false	
441256			156	5797	212	25505	347	135406	856	15114	255	21772	265	66680			226	7144	350	23263	436	43888	613	14203	235	18080	152	23453	false	false	
441359			296	10881	114	13438	68	24187	438	9431	45	3519	11	4177			193	7695	200	24872	119	31520	478	8464	47	4322	11	2239	false	false	
441470			5	315	6	663	2	612	0	0	0	0	0	0															false	false	
441630			13	573	14	1053	10	3242	48	1346	3	298	1	220			2	110	7	670	3	694	2	87	0	0	0	0	false	false	
442011			9	294	14	1149	17	4126	58	3963	25	2718	13	2952			0	0	0	0	1	212	2	62	0	0	0	0	false	false	
442057			23	832	16	2119	6	2892	72	1989	16	1942	9	3300			50	2005	56	7048	20	5542	159	3423	30	3988	11	2689	false	false	
442244			36	1440	22	2989	22	9159	226	4927	66	5043	48	8359			32	1344	81	9700	65	17127	410	8299	166	12062	54	9250	false	false	
442655			1	7	1	192	2	447	40	1137	14	1880	9	3242			8	171	0	0	0	0	9	115	2	222	0	0	false	false	
443148			31	1616	56	7751	62	22551	166	8173	60	5893	46	15957			30	1340	50	6244	39	10561	91	2699	24	3341	16	4885	false	false	
443205			25	690	61	6328	209	82331	417	6698	73	5748	36	9491															false	false	
443353			32	1411	38	3945	56	21596	174	3755	53	3944	35	8341			54	1987	74	6209	51	8819	168	3522	45	4217	34	7387	false	false	
443625			6	221	9	713	9	3489	13	342	4	312	5	1603			15	671	2	390	10	2262	15	455	4	245	0	0	false	false	
443634			53	1657	26	3466	27	9544	152	3993	49	5205	20	5797			14	602	19	2024	21	5330	44	1010	14	1338	4	601	false	false	
444350			23	1169	51	6035	137	50322	195	6029	42	3867	25	6812			2	31	11	1499	4	1136	10	142	4	402	1	61	false	false	
444556			53	1895	62	7795	77	31121	363	6853	58	3899	37	6614			77	2655	112	13864	62	16975	439	11176	130	11331	71	16004	false	false	
444677			0	0	1	85	0	0	0	0	0	0	0	0															false	false	
445674			2	97	2	264	3	928	6	163	2	191	1	2			0	0	0	0	0	0	1	10	0	0	0	0	false	false	
445955			47	2284	63	8538	87	37504	427	10978	80	8558	52	19572			31	1156	32	3596	13	3506	312	6942	27	3331	7	1815	false	false	
446130			34	1197	43	4612	22	8427	338	7964	47	4024	26	6502			14	508	11	963	7	1743	5	208	2	169	0	0	false	false	
446149			22	770	28	3960	53	22137	149	3505	31	3082	20	4083			12	702	23	3217	6	1855	46	1031	22	2861	4	855	false	false	
446176			11	365	11	1082	11	3668	0	0	0	0	0	0			0	0	2	14	0	0	0	0	0	0	0	0	false	false	
447070			1	24	9	1247	14	4557	4	314	10	1548	12	5584			0	0	0	0	0	0	1	19	0	0	0	0	false	false	
447100			33	1280	99	11607	158	61925	181	5251	103	8693	67	19175			1	50	0	0	0	0	0	0	0	0	0	0	false	false	
447557			26	1041	34	5145	72	31854	132	3863	59	5531	58	13141			14	665	9	1387	4	1381	9	271	2	123	0	0	false	false	
448040			5	115	26	3392	152	66860	72	2375	93	6869	117	27512			0	0	1	121	1	437	1	11	0	0	0	0	false	false	
448554			18	919	53	7264	71	29024	265	6509	58	7045	14	3600			18	811	27	3530	24	6210	191	4315	23	1187	7	1260	false	false	
449038			0	0	0	0	0	0	0	0	0	0	0	0			0	0	0	0	0	0	0	0	0	0	0	0			
449430			11	418	16	1825	50	11289	59	1605	40	2578	160	21602			14	598	5	612	2	498	20	416	2	145	3	698	false	false	
449832			48	2244	46	5689	46	20075	230	6505	58	5867	43	10146			10	440	14	1555	8	1382	42	931	13	1396	4	330	false	false	
449935																													false	false	
450632			31	1647	85	10691	147	56218	192	4863	77	6953	55	11689			4	191	6	683	5	1686	3	59	0	0	0	0	false	false	
450669			1	74	5	799	10	4551	14	206	4	388	5	1740			1	3	0	0	0	0	5	23	4	244	3	1035	false	false	
450753			7	389	14	1928	16	6657	66	1364	10	1112	11	3306			6	317	11	1671	3	727	40	897	4	402	3	339	false	false	
450856			69	3587	134	18819	445	225626	1171	49628	530	67048	734	328375			261	14382	247	32600	254	72428	476	31932	90	20647	38	12716	false	false	
450959			28	1192	54	7089	82	33051	67	2002	45	4879	91	25559			31	1236	45	5372	34	9769	59	1576	24	2447	27	6458	false	false	
451068			289	1068	48	5151	114	38447	1488	3182	49	3586	41	7741			0	0	0	0	0	0	116	1329	34	3616	9	2153	false	false	
451246			47	2187	50	6524	66	38680	175	4751	47	3626	29	8155			10	466	6	474	9	4487	6	200	1	147	1	30	false	false	
451273			1	35	2	147	0	0	0	0	0	0	0	0															false	false	
451965			478	20000	2181	244000	8884	3534000	718421	8301000	36846	2866000	22812	5699000			28	1000	51	5000	55	12000	32980	453000	1784	152000	1257	258000			
452159			2	89	4	422	11	5039	35	1332	20	2939	33	14181			0	0	0	0	1	100	0	0	0	0	0	0	false	false	
452739			11	305	16	1602	38	15517	80	1637	17	1772	19	6176			9	364	4	515	8	2181	3	38	0	0	0	0	false	false	
452841			14	551	26	2967	21	8473	67	2230	15	1385	29	10827			6	243	15	1796	16	3948	20	482	7	683	8	1831	false	false	
453147			3	123	8	1141	8	2505	18	327	3	456	0	0			12	586	11	1440	2	555	21	618	0	0	0	0	false	false	
453446			25	1191	23	3101	32	13735	47	1147	4	368	19	6462			5	214	2	212	0	0	0	0	0	0	0	0	false	false	
454546			8	294	30	4070	73	28194	80	2300	32	3590	25	6737			2	131	3	483	2	219	0	0	0	0	0	0	false	false	
454658			21	1880	16	1837	28	15091	325	7701	54	5853	26	8063			9	536	6	1027	6	2108	71	1971	6	80	0	0	false	false	
454676			4	220	15	2309	62	26253	479	10469	189	9150	122	15460															false	false	
454975			8	369	8	801	3	627	37	888	1	50	0	0															false	false	
455150			28	859	16	1700	24	7207	166	3780	24	2416	26	8064			43	1941	40	5455	22	5413	175	3587	30	3453	19	4730	false	false	
455253			8	357	27	3691	57	26093	57	1358	29	2828	34	12716			0	0	1	165	0	0	0	0	0	0	0	0	false	false	
455459			6	417	18	2503	23	10100	124	3591	36	4277	54	21197			3	128	11	1573	19	4698	35	1161	19	1898	22	3898	false	false	
455552			17	453	15	2008	16	5753	46	1196	27	2640	41	17051			34	1136	52	6030	71	21451	167	4424	75	5905	44	5682	false	false	
455945			117	4227	58	6921	42	12620	205	3972	58	5392	27	5399			101	3484	61	7371	27	8127	122	2513	14	1535	4	107	false	false	
455972			16	551	110	13929	337	142029	313	4847	158	12842	189	47856			3	127	12	1466	24	5404	18	557	34	4662	35	7538	false	false	
456045			596	20200	1051	107122	1685	522798	4360	73504	1237	94366	935	228894			247	10522	222	24560	109	25464	773	19111	205	21507	146	29031	false	false	
456054			16	691	1	108	8	3472	87	2805	6	947	8	4587			15	945	26	4209	20	7106	207	6720	40	6781	39	14342	false	false	
456344			3	155	2	353	8	6411	4	193	4	507	16	8479			1	30	1	148	0	0	3	20	0	0	0	0	false	false	
456755			28	1186	26	3847	54	19135	257	6183	53	5458	25	7082			18	818	14	1452	6	1663	115	2222	22	2230	10	2409	false	false	
457060			26	1036	37	4542	23	9482	470	10227	20	1663	4	975			1	40	0	0	0	0	2	27	0	0	0	0	false	false	
457220			32	959	26	2579	19	5245	49	1363	11	1246	0	0			29	780	29	3089	22	5809	21	317	0	0	2	651	false	false	
457426			80	2827	67	8811	58	25181	372	10090	98	10335	35	8494			35	1561	21	2414	15	4419	37	804	1	33	0	0	false	false	
457752			11	409	26	3785	95	40067	113	2810	67	6932	70	16154			0	0	1	54	1	391	0	0	0	0	0	0	false	false	
458142			77	3399	31	4262	30	12697	276	8302	28	3417	22	5654			66	3373	48	6029	22	5944	198	5032	26	3125	5	654	false	false	
458544			38	1325	47	6007	81	35835	309	7775	53	5946	40	14351			139	4622	86	10466	42	10478	75	934	8	997	7	1406	false	false	
458665			10	409	15	1522	31	15237	60	1461	21	2183	29	10976			6	111	3	279	4	1082	17	327	5	594	6	1007	false	false	
458946			20	830	13	1773	10	3141	192	4836	28	3810	19	6760			26	1342	48	5473	22	7007	116	2532	10	911	4	1989	false	false	
459130			48	2027	62	9072	109	43118	444	12241	97	8769	32	8862			9	244	5	703	1	222	11	281	1	188	1	391	false	false	
459372			24	667	48	5141	91	32501	8	159	10	201	3	0															false	false	
459644			10	374	9	1174	6	2482	44	1199	11	1016	6	1806			5	300	7	776	6	1512	31	900	10	935	4	1092	false	false	
459671			32	1583	113	14744	556	255272	409	12242	291	26022	342	88759															false	false	
460033			315	13645	566	67790	825	289434	2544	51578	413	38553	241	66751			479	17508	231	26748	97	23216	63	1384	12	1132	4	997	false	false	
460275			0	0	2	326	10	6884	0	0	0	0	2	397			0	0	0	0	0	0	0	0	0	0	0	0	false	false	
460332			45	2476	56	7534	80	27291	30	807	11	926	18	4820			4	177	14	1722	14	3017	2	85	0	0	0	0	false	false	
460350			19	825	22	2363	22	9732	90	2403	18	2099	6	1237			10	462	15	1939	13	3605	76	1601	9	1149	3	546	false	false	
460556			8	269	8	949	13	6749	17	776	5	1041	8	2762			5	283	3	470	3	401	21	662	10	1081	13	3901	false	false	
460770			1	59	5	731	32	14552	0	0	0	0	0	0															false	false	
461058			10	414	18	2053	11	6787	129	3618	33	3289	1	728			50	1625	25	2808	18	5664	188	3481	14	906	8	1284	false	false	
463605			31	1266	62	8158	81	28308	201	6045	38	3691	5	1649			24	995	21	2611	25	6370	18	1327	3	421	1	253	false	false	
463650			69	3119	94	11761	157	61296	525	15420	92	11821	61	23065			37	1476	77	9308	66	18241	459	25508	163	28011	72	23418	false	false	
463735			393	11062	939	102026	2467	847858	16195	222466	3741	224297	4151	734056			4	124	7	760	6	1998	8	9	20	0	3	0	false	false	
464853			16	743	11	1430	13	4341	40	1168	7	895	3	722			3	176	6	825	4	1043	22	645	4	217	2	286	false	false	
465038			5	171	18	2155	67	27924	8	121	1	61	6	250															false	false	
465243			65	2416	69	9215	17	4746	280	7201	28	3021	4	916			23	953	19	2256	12	3403	38	762	3	480	1	105	false	false	
465524			66	2839	28	3590	36	13620	265	6148	58	5439	39	10844			14	493	23	2187	7	1203	49	1019	11	1273	5	1564	false	false	
465618			146	5601	185	22398	224	76843	684	15982	188	17460	111	25992			15	362	10	1180	5	1155	17	309	1	20	0	0	false	false	
465672			35	1495	48	5632	36	11842	183	4795	33	3038	12	2482															false	false	
466044			25	1000	21	2547	15	5304	206	4920	39	3939	22	6045			27	1124	42	5253	47	9387	229	4544	63	5887	50	8615	false	false	
466240			57	2681	69	8798	98	36862	343	8699	151	12006	74	21175			13	489	9	1135	4	1193	27	405	0	0	0	0	false	false	
466754			67	3191	92	11818	126	54195	663	16760	104	11618	50	13972			111	4914	116	16639	54	15612	101	2731	27	2927	14	3257	false	false	
466932			47	2222	34	4642	20	9759	418	9075	36	3184	15	5297			76	2989	31	3932	19	8148	57	891	3	245	0	0	false	false	
467144			5	244	7	919	7	2073	12	259	3	212	2	515			7	317	10	1296	4	750	10	212	2	123	1	263	false	false	
467470			1	40	9	838	6	586	0	0	0	0	0	0															false	false	
467658			56	2624	89	10168	107	36194	443	9133	80	7160	70	14193			28	1050	46	4072	40	8039	98	2070	24	1658	18	3087	false	false	
467733			9	441	23	2967	32	27705	78	1898	23	2381	10	4509			5	57	2	226	0	0	3	143	0	0	0	0	false	false	
468673			42	1686	53	6577	64	27375	154	3546	55	5177	33	11135			6	200	11	1030	7	1739	2	61	4	432	1	243	false	false	
468806			0	0	0	0	39	12467	2942	20116	1065	27946	684	50312			0	0	1	10	0	0	1	4	0	0	0	0	false	false	
469250			0	0	2	262	0	0	26	648	4	451	1	152			4	102	2	346	3	642	25	399	3	455	3	499	false	false	
469559			25	1225	39	4614	21	8907	24	549	11	752	6	937			24	956	60	7769	49	12785	15	616	10	833	7	2059	false	false	
469737			55	2568	79	10957	130	56948	352	7711	39	3276	20	5364			25	1053	16	1811	14	4811	5	93	2	164	1	292	false	false	
470032			32	1311	31	3635	25	7693	440	9260	51	5983	20	6030			43	1300	26	2725	16	3915	116	1885	7	983	1	85	false	false	
470050			308	13289	558	68204	1081	417445	4171	125428	915	85818	607	179833			164	7793	290	36385	197	50846	532	13081	123	10988	49	9946	false	false	
470434			9	312	8	1022	10	5645	26	920	9	1261	10	3404			0	0	0	0	2	729	0	0	1	108	0	0	false	false	
470452			136	5533	223	24408	289	95849	822	18202	168	15571	72	17646			257	9558	179	21988	71	16453	517	9854	72	6170	29	5668	false	false	
471057			0	0	0	0	0	0	42	690	0	0	0	0			20	740	13	1490	3	657	102	2282	15	1660	6	1512	false	false	
472018			2	90	17	1815	33	15485	13	207	8	808	6	1819			6	155	2	244	0	0	0	0	0	0	0	0	false	false	
472045			6	202	12	1824	3	1150	16	375	4	441	0	0			0	0	4	580	7	2513	60	2369	11	1715	16	3668	false	false	
472148			10	242	4	513	1	436	5	163	3	209	3	1837			3	139	6	861	1	252	5	128	6	652	3	464	false	false	
472250			3	32	0	0	0	0	4	126	0	0	0	0			4	378	4	446	3	949	67	1805	5	543	3	1005	false	false	
472531			23	1038	7	1156	0	0	156	3395	1	100	2	386			42	2031	7	1007	1	383	6	183	1	102	0	0	false	false	
472616			13	430	67	7844	106	40239	826	17714	127	10887	58	13207			0	0	2	288	1	233	0	0	0	0	0	0	false	false	
472951			8	438	9	1014	5	1642	48	1221	16	981	10	2292			0	0	3	450	8	2560	20	493	6	451	7	237	false	false	
472979			36	1573	45	5690	26	9405	25	698	10	995	2	394			3	70	1	223	2	574	0	0	0	0	0	0	false	false	
473042			164	8281	164	27813	260	137122	874	26415	134	21956	84	40173			400	17457	230	36182	119	51967	520	9543	20	3048	5	2108	false	false	
473257			12	647	29	3753	51	21134	155	4408	49	4507	22	6318			0	0	2	275	0	0	7	96	5	414	3	786	false	false	
473266			38	1945	83	11553	236	94425	319	9687	95	10667	112	33793			2	84	1	99	3	493	34	851	6	556	0	0	false	false	
473501			27	743	104	9405	288	78570	1526	25486	303	18643	450	60880			0	0	1	25	0	0	2	82	0	0	0	0	false	false	
473930			51	2051	65	7698	103	38751	237	5318	68	6516	41	14631			22	991	22	2009	10	2748	46	1373	13	882	12	1706	false	false	
474058			18	970	35	4660	21	7380	40	974	7	570	2	853			2	51	2	232	6	1589	28	478	3	273	2	259	false	false	
474245			4	116	3	376	4	1318	27	698	8	789	6	2030			8	376	1	193	4	607	6	132	1	58	3	203	false	false	
474254			2	37	27	3105	181	69049	759	15045	170	13499	183	39117			0	0	0	0	0	0	12	234	0	0	1	104	false	false	
474357			30	2088	3	203	4	1614	66	5167	4	437	2	914			19	900	28	3276	22	4996	66	3717	23	3056	9	2958	false	false	
474450			24	1116	11	1272	26	8613	241	6193	60	6702	27	7687			38	1490	40	4543	38	10523	469	10604	128	12327	62	13006	false	false	
474544			5	251	49	1173	54	1424	49	1173	16	1300	7	1379			7	401	15	1846	10	2379	34	907	21	1981	17	2753	false	false	
474656			2	137	5	550	8	3678	15	265	14	2005	14	7153			1	29	3	120	1	295	5	97	0	0	0	0	false	false	
474759			24	1228	93	10027	356	145661	208	7132	275	28673	685	199449			5	210	10	895	6	1338	7	188	4	473	2	307	false	false	
474919			516	12726	968	94084	2441	839571	6729	77158	2154	138445	2345	418719			353	8471	349	27901	439	84261	786	13814	317	20575	153	20365	false	false	
475345			59	2786	72	9842	63	21308	66	1911	35	4010	27	7428			9	588	15	2084	8	3089	31	1020	15	2265	6	962	false	false	
475354			23	1047	83	8405	179	68987	446	10383	60	5438	26	8229			14	712	20	2965	26	7388	48	1056	9	999	2	562	false	false	
475653			16	770	28	3510	61	28298	87	1797	45	4578	34	7675			4	201	10	1264	10	3191	36	815	9	722	3	881	false	false	
475756			16	679	27	3719	47	20877	163	4257	61	6464	24	4931			8	426	26	3645	25	6482	97	2575	39	3726	18	4265	false	false	
476445			7	237	4	693	4	744	44	1559	11	1120	5	989			9	221	3	358	5	1501	17	544	13	1166	15	1888	false	false	
476472			3	37	0	0	0	0	0	0	0	0	0	0															false	false	
476539			9	353	14	1796	23	7753	245	4736	47	5091	19	5449			15	562	14	1923	5	1426	49	1091	13	1115	10	1121	false	false	
476810			3	0	52	9000	540	214000	2048587	6381000	2103	172000	2009	607000			0	0	0	0	0	0	943	8000	1	0	1	0			
477303			27	1199	74	8315	71	24035	173	3757	64	4608	38	8571			0	0	2	318	1	71	0	0	0	0	1	215	false	false	
477321			92	2975	148	17282	214	80067	454	12593	211	20268	167	41886			39	1326	49	6058	48	12882	139	3250	25	2538	2	277	false	false	
477349			26	644	42	4135	52	16623	19	427	6	595	3	351			1	0	0	0	3	1046	1	0	0	0	0	0	false	false	
477648			23	536	18	1986	37	6603	105	1851	31	1370	36	2838			98	3308	118	11763	87	19038	284	7045	69	4576	40	4527	false	false	
477844			21	859	36	4238	30	9224	132	3296	45	4121	33	9564			24	1108	58	6803	50	13492	174	3872	56	5241	34	7713	false	false	
478140			35	1268	38	4985	39	14978	113	3104	36	3641	22	4356			15	474	13	1414	7	1906	55	1349	7	610	4	615	false	false	
478195			13	567	18	2646	22	7756	101	2309	37	3508	23	6817			33	1271	57	7666	53	15055	123	2821	75	7045	50	10345	false	false	
479071			2	160	15	2632	25	13588	74	1814	8	1324	14	6961			16	892	19	3594	28	10199	164	4848	61	10163	30	11165	false	false	
479268			14	891	95	13456	317	133268	263	14325	247	32976	207	69785			0	0	25	3260	41	11409	20	561	22	2628	20	4529	false	false	
479370			26	922	80	9413	147	59508	101	2311	36	3905	25	6147			0	0	2	191	0	0	0	0	0	0	0	0	false	false	
479446			22	1024	26	3001	15	5884	125	2023	15	1893	6	1562			43	1924	70	8447	35	9295	122	2816	28	2352	15	3636	false	false	
479567			23	929	26	3326	22	7711	66	1417	2	193	0	0	4	33													true	false	
479754			59	2947	64	8654	49	30213	110	2913	34	3391	34	13483			6	210	12	1466	18	4669	42	1260	25	2436	13	2802	false	false	
479839			6	305	25	3057	61	24391	119	2148	5	409	2	644			0	0	0	0	1	216	2	17	0	0	0	0	false	false	
480059			4	82	15	2157	35	13246	44	1171	14	1368	4	1152			1	74	1	144	0	0	0	0	0	0	0	0	false	false	
480228			214	8000	1563	179000	7783	3176000	2438237	26394000	102237	6648000	41106	10163000			1	0	1	0	8	2000	21125	126000	395	21000	167	19000			
480246			20	980	12	1653	4	1115	57	1389	4	327	2	1225			1	29	3	415	3	425	0	0	0	0	0	0	false	false	
480330			0	0	1	61	0	0	0	0	0	0	0	0															false	false	
480433			25	1121	53	6877	52	17420	260	6732	53	4516	27	7219			26	1253	15	1944	9	2340	0	0	0	0	0	0	false	false	
480723			11	552	26	3221	56	19627	42	1506	19	1909	9	1967			0	0	1	176	0	0	0	0	0	0	0	0	false	false	
480853			10	237	16	1816	12	4049	86	2155	28	2495	17	4982			5	92	11	1531	4	248	3	116	0	0	0	0	false	false	
481159			6	346	16	1772	21	7889	114	5330	36	4705	21	7836			3	73	1	122	2	579	32	945	23	1861	7	1085	false	false	
481177			83	3317	71	9494	218	92549	403	8617	137	12027	199	57422			87	3696	98	9459	36	8504	289	6999	53	5275	28	6969	false	false	
481579			9	490	10	794	8	1080	80	1796	9	853	15	2772			22	911	47	4484	44	7762	117	2362	23	2242	13	3494	false	false	
481627			99	4745	82	11849	89	31152	203	4377	42	2862	26	7018			5	189	1	56	3	609	0	0	0	0	0	0	false	false	
481748			9	310	1	0	1	20	27	628	6	593	1	113			5	209	7	816	2	431	10	228	13	873	12	2576	false	false	
481944			16	643	20	2043	28	7957	83	1673	11	581	7	1305			12	456	20	2213	5	1153	19	432	8	506	2	690	false	false	
482053			22	713	28	3875	31	11181	147	3911	42	3914	38	9473			40	1751	43	5805	82	22955	127	2313	87	6963	69	12760	false	false	
482156			49	1543	35	4583	45	17557	172	4970	55	4307	33	7878			113	5160	112	14616	65	16333	275	9040	60	5531	29	6361	false	false	
482370			2	69	5	651	0	0	0	0	0	0	0	0			7	290	1	122	3	542	10	194	2	117	0	0	false	false	
482446			28	1293	11	1995	8	4439	28	772	15	1402	7	1140			10	517	14	1319	14	2614	31	710	10	1080	8	1023	false	false	
483274			0	0	1	92	7	695	0	0	0	0	0	0															false	false	
483537			4	137	7	756	30	10420	40	693	6	482	3	271															false	false	
483751			59	9810	41	6995	47	17540	226	6640	17	2354	6	2231			148	6724	126	15617	67	19389	333	7572	19	2371	1	278	false	false	
484057			38	1724	38	5075	29	10542	246	6647	35	3415	15	2933			7	284	3	346	7	2018	143	3237	12	1410	1	15	false	false	
484776			44	2185	65	7620	78	33723	183	4483	66	6717	32	11175			16	679	25	2928	20	4752	15	367	10	964	0	0	false	false	
485054			1	75	1	125	2	485	14	349	2	162	2	450			7	214	21	3336	14	3940	85	2129	34	3242	25	5929	false	false	
485139			15	678	12	1545	23	10730	51	1274	17	2079	22	7636															false	false	
485214			30	777	43	4614	36	11715	213	2656	25	2285	10	3277			21	501	18	1471	7	2174	60	367	2	145	1	344	false	false	
485456			38	1410	53	5561	45	14252	328	8787	93	7166	70	19735			18	611	25	3420	14	4164	46	990	4	713	2	560	false	false	
485559			157	6509	777	90684	2947	1206985	18106	298516	1674	175576	2223	724704			5	187	4	263	9	2224	20	458	3	386	1	267	false	false	
487142			18	771	12	1272	6	1786	113	2660	13	1284	4	1102			27	864	32	3341	8	2381	42	460	6	437	1	342	false	false	
487357			99	3170	99	11358	71	23595	317	6148	37	3638	23	6759			198	7994	171	20829	99	26786	497	7718	40	3484	3	659	false	false	
488318			0	0	0	0	0	0	0	0	0	0	0	0			0	0	0	0	0	0	0	0	0	0	0	0			
488420			18	690	18	1854	15	4819	13	327	3	392	1	229															false	false	
488653			60	2426	55	7555	56	22898	155	4863	48	4720	50	17824			0	0	0	0	1	182	6	278	0	0	1	157	false	false	
488756			19	844	9	1268	7	2363	120	3080	15	1499	13	4324			13	761	27	3275	26	7666	191	5304	49	4007	30	5470	false	false	
489155			6	192	11	1773	12	7877	41	916	6	436	11	3002			0	0	1	85	0	0	10	375	5	327	5	894	false	false	
489249			84	2752	11	1239	2	606	117	2521	4	230	3	485			25	857	14	1337	6	1258	52	1255	10	1471	0	0	false	false	
489548			57	2090	40	4079	31	12677	453	7299	40	3073	56	19197			26	837	47	5305	35	7488	78	2319	57	5910	35	9246	false	false	
489623			497	18376	948	114191	1396	529951	3597	80895	924	76543	837	207586			112	5025	169	21463	133	33902	831	18839	90	9719	58	17352	false	false	
490348			90	4325	26	3960	16	8701	58	1692	7	1210	6	3131			37	2045	35	5825	63	31443	64	6373	37	5029	144	4024	false	false	
490450			0	0	9	1296	65	22285	121	2571	56	4731	117	34213			0	0	2	292	1	309	0	0	0	0	0	0	false	false	
490843			24	785	13	1379	8	3668	108	2358	21	2486	1	256			39	1594	38	4875	37	8251	227	4973	37	3523	10	1849	false	false	
490955			1	36	2	223	0	0	9	218	1	94	1	533	3	0													true	false	
491224			924	40000	2656	325000	8668	3610000	169648	2774000	14067	1522000	6656	1766000			163	7000	264	30000	191	45000	2737	74000	649	74000	237	51000			
491402			50	2607	106	12925	174	74737	75	1569	34	3373	39	10671	0	1													true	false	
491653	11	44															5	203	10	1379	10	2313	34	656	3	351	0	0	false	true	
491934			126	4614	216	24718	419	155593	1255	31371	630	26875	205	44416			124	4341	107	12679	61	15193	207	4485	25	1393	19	4157	false	false	
492650			42	1792	62	8477	111	49878	184	4827	56	6219	41	13662			14	636	24	3339	27	8329	51	1111	23	2445	28	7015	false	false	
492810	63	56													596	115													true	true	
493077			1	61	2	398	2	1104	3	164	3	192	0	0															false	false	
493152			37	1319	22	3032	14	6791	172	3745	28	2948	25	9124			13	536	21	2463	15	3851	173	5276	72	7993	55	13548	false	false	
493741			23	1105	28	3496	48	21480	190	5261	97	8728	29	7594			25	1366	56	6360	37	9442	210	19088	38	4736	19	8868	false	false	
493844			43	1761	114	9889	102	40237	355	8936	114	11311	102	26074			45	1832	35	4236	25	6862	70	1855	17	949	4	1086	false	false	
494261			26	905	81	11060	582	300201	1497	34529	385	35132	454	121527			0	0	0	0	0	0	18	419	3	347	0	0	false	false	
494654			0	0	0	0	12	7717	1	75	5	505	13	8550			0	0	0	0	0	0	0	0	0	0	0	0	false	false	
495419			24	1204	53	6111	93	37428	78	2148	26	1913	15	3337			1	58	0	0	0	0	0	0	0	0	0	0	false	false	
495558			12	365	15	1945	27	11134	10	162	2	125	5	2467			0	0	0	0	0	0	0	0	0	0	0	0	false	false	
496434			3	117	2	247	8	3174	18	308	7	850	3	601	0	4													true	false	
496845			71	2855	59	6774	69	26270	414	10911	71	5748	32	7578			46	1897	63	7809	55	13714	109	2413	37	4128	13	2036	false	false	
496957	2	44															3	143	3	206	3	1067	7	401	7	713	7	1239	false	true	
497039			73	3217	159	18611	214	80232	328	8798	85	7400	87	33332			11	407	9	1268	6	1508	29	482	0	0	1	305	false	false	
497404			331	13435	1486	154111	4543	1445246	169125	2851067	14584	1405024	4592	1056644			2	67	3	378	5	569	133	4143	44	4750	19	3864			
497655			2	29	3	313	1	68	19	470	1	123	1	555			2	44	0	0	1	284	3	69	0	0	0	0	false	false	
497851			9	417	4	282	8	4315	57	1501	15	1551	13	2563			13	478	5	439	4	1243	19	625	2	230	1	391	false	false	
497954			19	1178	70	9408	113	43837	183	5204	71	8050	80	22268			4	82	12	1882	9	2422	3	91	0	0	1	299	false	false	
498148			97	3757	68	8064	91	36925	458	11083	66	6803	37	13450			24	1131	29	3767	33	9625	70	2880	33	3370	30	6540	false	false	
498317			43	1699	86	9988	132	51911	263	8108	109	10335	88	28587			6	238	9	1087	4	1137	3	50	1	114	1	165	false	false	
498362			10	501	42	6024	119	55437	422	5730	66	6672	78	22789			43	2483	66	9493	27	8554	23	482	5	413	0	0	false	false	
498456			1	25	2	193	5	3494	29	1020	9	1269	0	0			1	77	1	82	1	338	4	187	0	0	1	400	false	false	
498531			33	1900	46	6372	32	15277	28	724	0	0	1	129			53	1723	4	394	0	0	5	112	0	0	0	0	false	false	
498625			66	2028	43	4018	18	5424	125	2889	25	2584	8	1451															false	false	
498942	102	61															13	423	16	1678	4	859	20	319	9	571	7	1525	false	true	
499154			7	182	11	1279	34	12174	33	1071	18	1151	27	9475			5	135	6	770	4	1581	19	214	8	1430	4	674	false	false	
499453			74	2473	76	10109	93	38770	309	7565	130	13856	96	28579			145	5033	237	25313	194	45740	300	6949	113	9548	40	7205	false	false	
499501			90	3863	279	38010	495	199114	614	19675	227	25817	204	61779			7	281	3	491	3	804	10	360	5	498	3	1045	false	false	
499743			20	974	38	4988	46	18999	143	4179	57	6247	49	18664			19	1076	27	3688	20	5372	55	1165	14	1818	8	2538	false	false	
499752			24	978	30	3341	39	15149	90	2495	18	2235	14	3075			14	292	13	920	3	563	106	586	16	637	4	737	false	false	
499855			18	755	37	4534	59	21617	60	1486	20	2210	25	7886			0	0	0	0	2	634	0	0	0	0	0	0	false	false	
500256			9	333	10	959	9	2575	64	2291	13	1833	16	4950			5	232	9	944	7	1475	26	703	4	430	3	1001	false	false	
500658			1	89	1	150	6	4279	36	813	14	1641	3	523			0	0	0	0	1	134	0	0	0	0	0	0	false	false	
501105			289	12475	1881	227518	4865	1891037	91080	1718550	18819	1661193	11235	2827752			6	259	22	2731	53	13326	1489	20974	229	22089	71	15865			
501132			219	7679	83	9262	46	12344	720	15866	129	13313	40	12562			100	4465	76	9747	95	42600	230	4251	29	2376	9	1623	false	false	
501459			30	930	42	4962	87	39145	140	3933	49	5309	60	21766			13	551	12	1470	12	3472	29	631	5	528	3	263	false	false	
501655	1	227															128	3911	67	7566	30	8516	101	2374	17	1565	4	1014	false	true	
501767			18	819	19	2158	21	7065	71	1598	11	973	2	313			7	281	4	281	4	1085	55	1286	4	604	3	1403	false	false	
501815			77	3533	134	15353	118	39077	192	4910	34	2807	49	13723			1	41	1	35	0	0	0	0	0	0	0	0	false	false	
502111			28	300	137	6281	362	73841	1623	81409	1195	55612	789	121802															false	false	
502447	114	144													40	52													true	true	
502559			11	418	13	1880	56	21795	41	712	6	712	3	491			1	14	0	0	3	828	2	85	0	0	0	0	false	false	
502652			2	130	22	2674	62	30425	113	2553	49	3560	62	16608			3	85	5	570	4	1557	1	11	1	131	1	124	false	false	
502746			24	1029	40	5313	78	32815	65	1607	47	4126	58	14771			9	339	18	1959	14	2648	7	226	4	121	6	1669	false	false	
502849			94	3765	108	13403	154	60488	1438	45309	1466	124162	616	175518			86	2749	74	6593	43	9486	213	5049	75	7279	37	8137	false	false	
503547			13	560	9	1213	1	236	50	1160	6	807	0	0			2	47	10	1191	4	814	39	1502	16	3043	9	3416	false	false	
503640	7	10															9	405	10	1261	10	3155	48	1196	19	2002	7	1468	false	true	
504142			21	705	14	1683	13	3498	41	882	8	981	7	2550			33	1031	23	2583	22	5415	52	1112	3	280	2	442	false	false	
504311			41	1583	96	11370	141	59070	125	3301	37	3880	43	10504			11	490	26	2997	26	6556	26	607	7	524	1	240	false	false	
504535			35	1478	57	6784	37	14084	541	9824	26	2264	8	1647			32	1010	16	2211	3	867	241	3870	6	550	2	300	false	false	
504647			15	637	25	3450	13	5621	65	1557	10	1205	12	2341			15	658	21	2318	8	2368	32	884	6	793	1	173	false	false	
504713			671	29750	2776	328358	7322	2977460	1288139	8581944	26967	1837483	10951	2536567			2321	62488	1589	110632	543	81649	1363	31839	300	26881	143	27307			
505550			43	1672	93	11668	176	70878	212	6864	132	14013	133	40946			16	692	31	3911	27	5631	81	2485	25	3245	22	6406	false	false	
505916			7	394	16	1576	13	3094	65	1867	20	1909	3	886			1	74	4	463	6	1762	1	40	1	249	2	501	false	false	
507068			5	165	19	2443	226	95082	429	8629	221	10463	127	20921			0	0	5	507	5	1404	5	83	2	215	1	334	false	false	
507152			13	425	39	4898	116	44311	73	2197	49	4075	36	9206			1	77	1	117	0	0	0	0	0	0	0	0	false	false	
507349			9	340	6	1065	4	1336	74	1408	6	806	4	803			8	360	12	1531	4	975	64	1428	14	1681	8	2049	false	false	
507509			8	415	43	4759	136	50776	387	4780	26	2336	24	6118			0	0	0	0	2	883	0	0	0	0	0	0	false	false	
508270			0	0	1	122	0	0	0	0	0	0	0	0															false	false	
508346			57	2318	114	11471	228	80514	257	4579	102	7125	135	36540			85	3462	90	9753	63	16600	116	2264	28	2718	14	2911	false	false	
508355			54	2447	64	8574	93	39155	168	4759	40	5092	39	22234			81	2757	43	5456	31	7692	167	3425	13	1055	4	1243	false	false	
509811			231	9656	349	42147	499	183786	3294	109759	288	27279	217	56915			139	6386	114	13186	61	15886	266	6293	39	3797	7	1732	false	false	
509857			7	226	2	305	5	2407	16	371	3	160	2	1000			0	0	1	63	0	0	4	45	0	0	0	0	false	false	
509950			203	6756	473	61099	890	368321	2539	66329	675	67295	550	154402			249	10531	296	38728	113	32931	1027	23816	153	15653	44	9015	false	false	
510330			41	2062	44	5985	53	20816	275	6011	28	3046	16	4329			55	2557	42	5554	19	4199	7	188	4	520	4	1011	false	false	
510648			11	492	19	2311	26	8427	19	507	5	453	4	935			0	0	2	293	2	509	1	18	1	133	0	0	false	false	
510871			184	6374	389	37010	353	123392	3077	44180	262	27447	224	71580			0	0	0	0	0	0	0	0	0	0	1	181			
510938			87	4239	73	9261	61	25876	211	4959	64	6747	49	16908			39	1753	56	7590	43	10469	136	3246	26	2651	25	4248	false	false	
510947			9	298	15	1727	18	7895	89	2238	35	3211	19	4866			12	416	20	1962	20	5605	36	773	7	657	3	534	false	false	
511832			58	2512	75	9141	63	27588	662	15207	107	11411	51	15068			127	5316	88	10257	36	9970	379	6652	28	2944	8	1803	false	false	
513256			32	1279	45	5640	68	26642	423	9861	54	4581	30	6418			66	2797	85	9404	46	11048	451	10398	94	7515	36	5166	false	false	
513322			33	1393	41	5410	42	17140	131	3911	32	2486	13	2978			8	281	4	548	7	1681	4	136	3	414	2	698	false	false	
513340			48	2612	96	12406	160	51845	420	11242	102	9679	49	10341			11	383	33	3714	18	3844	51	1602	10	1162	4	870	false	false	
513546			28	1061	23	2579	27	12314	71	1770	11	914	10	2108			63	2943	81	10431	47	12450	107	2333	13	1180	13	2571	false	false	
513854			8	442	5	796	15	4884	43	1259	41	5276	18	4986			19	821	24	3027	11	3287	220	4299	10	974	0	0	false	false	
514048			53	3049	85	11700	106	34417	1946	15140	71	6443	17	4719			151	6746	112	14632	56	15020	473	9484	21	2138	4	1565	false	false	
514057			0	0	0	0	0	0	4	94	5	430	1	239			2	38	2	429	8	2395	7	236	9	1076	7	2039	false	false	
514066			0	0	8	1038	125	65494	359	5171	223	15401	116	24658			0	0	0	0	1	170	0	0	1	83	2	765	false	false	
514132			101	4357	91	11563	79	25594	873	14014	62	5073	38	7722			407	14590	98	10822	28	7109	209	2899	6	527	1	220	false	false	
514356			4	118	4	483	8	2992	10	265	6	538	3	776			7	221	14	1782	3	936	28	745	9	874	3	438	false	false	
514655			3	169	25	3483	73	34476	34	911	22	1851	38	11822			1	7	0	0	2	376	10	323	5	375	0	0	false	false	
514936			15	663	53	6579	49	15717	197	4579	14	1269	12	2675			4	196	3	337	9	1990	0	0	0	0	0	0	false	false	
515979			3	111	3	295	3	212	42	1710	9	1218	14	4261															false	false	
516154			12	319	7	799	11	4565	69	1524	21	1665	12	2542			21	935	44	5255	43	13028	170	4587	58	5410	36	6570	false	false	
516855			31	1478	68	8110	201	81326	529	13953	163	15348	143	37194			7	279	8	1161	5	1595	11	434	3	207	2	683	false	false	
516873			0	0	2	329	13	4531	1	31	0	0	2	764															false	false	
517049			76	3324	90	11944	119	49797	445	9411	91	9898	48	15289			99	4213	59	7431	27	6416	163	2666	8	999	1	0	false	false	
517357			34	1155	46	5476	57	23676	283	6747	81	8591	75	24774			47	1975	49	6479	24	5974	144	2849	30	3017	6	1176	false	false	
517441			33	1689	40	6340	51	20990	231	6260	53	5825	27	8530			45	2157	58	8301	34	9830	211	4652	29	2743	8	1562	false	false	
517674			10	492	35	3908	80	31028	92	2645	43	2644	44	9879			3	146	5	263	2	190	11	198	0	0	1	68	false	false	
518037			202	8095	157	18228	170	58202	598	12192	92	8386	51	13609			111	3981	48	5317	27	6984	206	4552	33	2997	16	3657	false	false	
518176			0	0	3	192	0	0	4	109	11	716	1	189			1	29	2	346	0	0	0	0	0	0	0	0	false	false	
518354			5	172	11	851	9	540	31	581	13	1140	7	1875			1	7	0	0	0	0	5	187	0	0	1	213	false	false	
518877			41	2123	55	9299	50	21099	192	6354	36	5622	26	12124			16	672	7	1122	4	1584	4	77	0	0	0	0	false	false	
519146			89	3255	54	6392	52	18256	640	10558	45	4349	14	3534			253	8412	99	12538	62	15530	245	5314	19	2084	4	895	false	false	
519360			0	0	7	325	34	10890	0	0	0	0	7	2168															false	false	
519445			4	44	8	1206	18	9373	46	1992	20	3251	12	4233			4	153	2	459	5	1965	2	25	1	90	0	0	false	false	
519874	0	28															0	0	0	0	0	0	12	403	17	2150	13	3282	false	true	
520003			46	1595	98	9845	180	62829	136	3326	83	6813	72	19929			0	0	0	0	2	293	0	0	0	0	0	0	false	false	
520423			28	2348	43	5398	69	30473	26	1217	15	756	13	4022			0	0	1	36	0	0	1	12	1	8	0	0	false	false	
520777			10	471	46	5412	56	18917	0	0	0	0	0	0															false	false	
521158			7	313	42	5400	101	37714	109	2499	19	2095	15	2996			8	196	11	980	4	862	89	1176	3	214	0	0	false	false	
521970			57	2295	25	3755	30	12443	184	5612	15	2498	15	6828			13	696	13	2150	11	1976	83	2793	9	1320	9	2251	false	false	
522034			46	1435	18	1355	15	6607	47	1075	18	1487	6	1298			1	27	1	126	1	278	18	370	1	141	0	0	false	false	
522454			4	116	4	392	20	7807	38	918	7	496	4	891			9	330	4	489	0	0	10	151	1	111	0	0	false	false	
522605			97	3240	225	22996	309	96962	930	10308	193	14118	126	24850			5	129	8	1001	2	519	137	3007	54	5676	21	4157	false	false	
522669			6	502	28	4719	56	27314	76	2669	33	4333	30	8650			3	78	6	792	6	1853	0	0	0	0	0	0	false	false	
522753			29	1520	24	3170	30	12626	197	4358	39	3220	4	766			28	1251	29	2821	19	4892	129	1685	12	715	3	551	false	false	
523161			3	134	24	2752	26	9101	135	5094	15	1780	14	5833			7	387	22	2936	11	3595	62	1834	10	1441	4	641	false	false	
524579																													false	false	
524757			7	209	8	977	14	5347	25	450	2	335	1	566			7	279	5	492	0	0	0	0	0	0	0	0	false	false	
524766			5	258	10	1142	21	9818	116	2831	12	1147	14	3531			2	98	7	940	2	358	41	1251	14	1359	20	4325	false	false	
524953			16	798	33	4045	58	23713	276	9548	121	14084	110	32883			3	150	3	413	3	597	8	137	4	529	1	266	false	false	
524971			3	87	17	2033	109	103556	87	3140	49	6254	47	13804															false	false	
525053			56	2359	111	14181	273	106803	330	7499	72	7401	59	15369			26	1112	38	5263	23	5821	230	5224	59	5432	25	5099	false	false	
525549			66	2378	146	17798	349	132291	632	15701	276	23233	224	50404			31	1341	92	10819	62	14754	186	4579	80	5670	44	8174	false	false	
526452			0	0	1	113	1	258	9	123	6	464	6	2787			0	0	0	0	0	0	15	365	11	528	10	2095			
526519			45	1903	97	12368	133	48040	227	4624	90	7189	82	19842			0	0	4	399	2	706	5	109	3	370	0	0	false	false	
526854			35	1776	49	6364	50	15479	799	15673	178	14153	82	22429			18	714	29	4124	8	1662	10	438	1	110	2	628	false	false	
527057			22	1040	36	5484	25	10585	180	4529	29	3671	18	4872			43	2022	71	8880	50	14848	408	8959	51	4622	16	3356	false	false	
527178			9	530	13	1339	30	13041	69	1501	16	2466	39	18340															false	false	
527600			32	1227	72	9961	189	85561	264	10517	183	20125	180	52323															false	false	
527749			22	862	17	2343	7	2185	133	4217	25	3526	16	5198			14	678	9	904	10	2050	92	2607	23	2653	8	1356	false	false	
527954			160	6797	355	43929	733	293581	116609	637850	3977	100459	1679	157073			100	3901	233	27417	204	50701	5560	166976	2806	270796	1201	298905	false	false	
528102			7	181	22	2281	43	14538	67	4339	58	8045	19	8857			1	72	0	0	1	322	0	0	0	0	0	0	false	false	
528241			17	558	10	1227	5	2105	146	4090	27	3225	20	6932			33	1341	43	5643	32	10143	869	22455	289	24256	63	14913	false	false	
528849			139	6123	227	29350	343	140743	952	16583	203	19212	173	44439			65	2621	87	11090	74	22149	213	5170	71	9055	42	10265	false	false	
528960			58	2359	166	19259	152	59713	1462	27009	239	23854	132	40856			20	845	29	3464	7	2185	68	1102	7	589	1	200	false	false	
529275			4	251	9	1217	25	11066	0	0	0	0	0	0			0	0	0	0	0	0	0	0	0	0	0	0	false	false	
529341			11	382	30	3001	79	34841	644	22372	145	13895	114	29002			4	106	4	478	0	0	4	88	0	0	0	0	false	false	
529659			14	603	32	4355	40	16937	133	3688	45	4832	26	8703			23	1055	48	5732	57	15003	108	3120	50	4969	22	4992	false	false	
529958			0	0	1	186	10	6919	26213	79310	195	8454	45	9351			0	0	0	0	0	0	0	0	0	0	0	0	false	false	
530655			41	1391	21	2909	20	6834	217	5046	29	2989	21	6111			112	3850	106	13575	94	23523	439	11503	129	13413	75	14358	false	false	
530851			9	317	10	1285	7	2019	30	757	6	886	3	654			18	876	52	6578	27	7724	88	1852	11	1363	13	3884	false	false	
531157	23	57															21	839	18	2375	15	4586	226	5952	38	5005	16	4239	false	true	
531250			64	2601	67	7608	93	30618	379	9743	100	9747	68	20899			34	1240	27	2767	10	1767	42	953	18	1461	5	1331	false	false	
532042			248	9907	138	26303	64	22419	396	9040	67	6446	36	12276			148	6049	192	20572	155	35124	524	13291	112	10662	37	9659	false	false	
532453			0	0	1	178	3	1284	11	332	3	305	5	1113			1	55	5	604	3	945	53	1525	23	2841	19	5045	false	false	
532752			7	284	3	297	5	500	189	4648	31	3769	14	4412			26	1376	38	4597	21	5551	220	5483	58	6864	21	6247	false	false	
533124			3	153	22	2659	63	29598	39	1337	22	2905	25	7161															false	false	
533227			6	267	10	1208	19	7522	29	662	10	847	7	2751			9	478	14	1592	12	3217	27	934	12	1116	8	2723	false	false	
533535			25	987	31	3600	23	8760	178	4051	17	1381	10	2539			0	0	1	239	0	0	53	1269	0	0	0	0	false	false	
534073			3	127	4	594	1	400	5	224	1	11	2	395															false	false	
534242			0	0	0	0	0	0	24	409	4	136	0	0			6	259	4	536	5	1601	22	777	15	1673	10	2398	false	false	
534466			0	0	4	364	83	40130	9	111	1	199	7	3506			0	0	0	0	1	356	0	0	0	0	0	0	false	false	
534756			17	698	58	6633	71	25750	139	2624	23	1815	2	277			2	104	3	351	1	83	15	293	1	19	0	0	false	false	
534859			7	266	4	562	13	4073	76	1931	14	1665	10	3230			16	654	30	3700	11	2814	100	2369	23	2676	8	2304	false	false	
534877			57	1923	104	12796	155	63522	199	6325	66	6157	33	10659															false	false	
535034			23	739	34	4424	43	17494	166	3353	55	4897	20	5751			15	790	19	2719	3	1057	1	4	1	85	0	0	false	false	
535575			1	61	2	415	1	556	2	44	0	0	0	0															false	false	
535753			12	250	35	5572	164	76692	165	3329	89	5460	147	33000			2	64	1	64	3	697	0	0	0	0	0	0	false	false	
535931			16	491	24	2620	48	17314	72	2040	35	3044	14	4498			25	1399	29	2646	23	5616	14	245	2	39	0	0	false	false	
535940			160	8426	35	4373	20	7199	435	19645	43	5643	5	1831			29	2433	28	3292	67	26213	394	34773	43	4516	16	4939	false	false	
536059			0	0	7	645	142	61904	20	193	23	1267	61	17300			0	0	0	0	0	0	0	0	0	0	0	0	false	false	
536349			230	9153	96	12135	39	13795	313	7383	57	5669	36	10942			58	1930	82	10519	87	24836	1275	35559	514	47184	105	24108	false	false	
536527			5	216	35	4308	96	34702	14	687	6	179	21	6013															false	false	
536554			25	1200	30	4640	67	29563	240	6606	60	5756	25	7237			28	742	13	1509	20	3146	75	2135	20	2122	10	2433	false	false	
536853			11	409	5	559	3	1309	39	856	8	940	0	0			11	566	16	1744	6	1789	67	1463	9	1109	5	1189	false	false	
537243			17	735	18	1941	23	8036	115	2828	35	3466	19	6572			15	517	24	3607	30	7833	122	3199	39	3886	23	4213	false	false	
537449			5	225	18	2837	147	59153	13039	357299	1470	142213	483	134423			0	0	1	139	0	0	0	0	0	0	0	0	false	false	
537551			20	943	43	5584	98	39624	204	6182	59	6326	43	13368			22	1030	44	5872	50	19076	184	6015	57	6297	52	19267	false	false	
537560			23	939	62	7563	142	55007	217	4763	54	4091	51	11826			8	401	9	1380	12	2986	32	461	4	255	1	200	false	false	
538222			20	1088	16	2215	4	1664	32	1879	3	364	0	0			9	801	31	3337	25	6497	82	3023	7	779	1	241	false	false	
538473			3	209	5	870	59	31888	89	1779	118	7095	42	9573															false	false	
538754			5	272	11	1481	11	3577	193	5544	68	7496	15	4182			24	905	55	5898	43	11159	459	13065	131	15142	85	19867	false	false	
538802			2	55	4	263	39	23376	26	136	15	2248	34	16422			0	0	0	0	1	400	0	0	0	0	0	0			
539032			82	3485	156	18697	211	79843	45677	303832	109	9272	83	22689			12	425	8	1047	13	4273	35	879	6	1467	2	435	false	false	
539340			22	937	17	2025	14	4113	220	7067	88	10399	66	21821			14	615	21	2358	28	7423	40	1538	47	5168	27	7778	false	false	
539377			3	209	10	1198	31	12364	66	1120	22	1676	17	5342			1	4	1	68	0	0	0	0	0	0	0	0	false	false	
539452			23	720	39	4016	31	9699	288	6565	48	5588	19	5918			33	1122	18	2146	10	2456	149	3227	21	2046	3	775	false	false	
539872			5	296	15	2069	23	7533	38	913	16	1282	10	1530			12	392	8	1130	11	2996	31	741	11	976	9	1404	false	false	
540056			32	1478	28	3304	18	7189	104	2481	31	3339	25	6574			31	1283	54	7033	44	11102	108	2468	57	5440	37	8858	false	false	
540542			13	1287	13	2230	34	5060	12	34	2	72	3	439			1	5	1	71	5	1018	1	30	0	0	0	0	false	false	
540551			71	2996	115	13528	115	42749	625	17082	167	15012	112	21622			107	4408	132	15977	117	29232	941	22298	326	32834	204	42940	false	false	
540739			47	1815	40	4512	20	7182	194	4482	13	1524	7	2278			15	482	26	2887	16	4917	128	3246	8	715	0	0	false	false	
540775			237	5263	186	21684	253	89236	830	11428	141	11841	125	23529			112	3359	141	17340	83	20809	0	0	0	0	0	0	false	false	
540850			4	147	4	611	5	1829	186	4979	11	1383	6	2415			11	235	13	1539	3	592	128	3288	29	3536	13	3416	false	false	
541101			0	0	2	0	0	0	4	0	1	0	8	4000			0	0	0	0	0	0	0	0	0	0	0	0			
541231			39	1433	43	5595	48	20853	328	8259	43	4742	26	7210			92	3401	22	2771	5	1249	149	3365	9	907	2	132	false	false	
541307			3	11	2	20	7	4079	0	0	1	8	2	8															false	false	
541642			11	346	11	1374	7	3330	9	136	4	369	0	0			7	182	5	595	2	293	4	68	0	0	0	0	false	false	
541754			28	1120	20	2133	33	13983	387	9707	48	5212	22	7058			26	1163	52	7242	27	8998	251	7168	97	11163	32	7645	false	false	
541857			99	4067	93	11752	75	28663	699	16746	97	10088	23	7210			56	2209	55	6405	25	6885	40	1158	18	2172	8	2606	false	false	
542153			14	524	38	4838	24	9759	75	2159	41	4449	21	6677			13	380	31	3189	41	10639	87	2391	68	7136	24	5776	false	false	
542340			18	895	47	7151	61	27736	4687	24685	84	9672	45	14518			7	405	19	2228	6	1810	55	1847	8	941	5	1271	false	false	
542528			109	3291	283	30125	516	193462	495	8646	171	13601	234	50782			25	787	31	2624	23	4944	39	829	9	396	11	1996	false	false	
542667			9	303	45	5996	74	25350	109	4151	59	7406	54	16522															false	false	
542854			3	166	4	293	14	4966	33	664	6	462	4	784			2	60	4	479	1	372	19	434	4	438	0	0	false	false	
543262			171	14554	277	36467	519	197948	1308	37456	339	28943	156	33080			94	4510	179	21847	146	41578	901	23452	306	28271	118	22209	false	false	
543459			66	2519	62	8012	70	27353	311	8642	125	13144	94	29648			81	3490	96	11598	89	26158	251	6180	80	8121	76	16581	false	false	
543945			29	1274	26	3309	27	10137	165	4846	42	4257	32	9305			20	808	23	2920	17	4087	83	2067	31	2504	25	5965	false	false	
544335			58	2359	71	8867	92	31574	628	15004	71	7119	28	8874			50	1911	59	6612	60	21818	51	1195	20	2558	10	2405	false	false	
544447			12	473	3	409	0	0	39	946	9	944	5	1607			31	1326	35	4070	27	6947	135	3537	35	3296	14	2603	false	false	
544652			44	1571	61	7597	139	59106	164	3612	56	4366	62	15336			3	93	12	1205	9	2097	2	50	0	0	0	0	false	false	
544951			12	622	15	2255	25	11595	36	1066	8	786	3	1856			1	14	0	0	3	839	15	412	8	874	2	631	false	false	
545604			31	1194	71	8333	183	72717	141	5129	100	14237	54	12682			0	0	3	328	4	480	0	0	0	0	1	247	false	false	
546003			42	973	187	23564	357	133634	339	7969	109	8903	136	35600			0	0	0	0	0	0	2	110	0	0	0	0	false	false	
546320			31	1202	16	1772	25	8857	157	906	10	627	5	1392			16	630	11	1205	2	290	74	289	3	125	0	0	false	false	
546535			45	1397	51	6300	97	36916	351	8148	77	7296	69	16785			50	1829	21	2525	11	2777	3	24	0	0	0	0	false	false	
546544			69	3250	90	11050	187	77480	531	17698	249	25970	242	73971			15	766	39	5144	55	14640	170	5163	68	6496	44	8817	false	false	
547251			4	352	18	2344	14	5490	25	777	13	1261	12	2319			2	87	1	0	6	1384	1	17	2	121	1	312	false	false	
547550			28	1379	35	4847	26	8088	71	2281	24	2886	13	3159			8	193	4	484	6	1233	13	336	4	523	3	448	false	false	
547840			59	918	101	6763	172	58676	424	3729	203	11287	275	56571			14	550	20	2308	20	4471	23	598	16	1108	14	3631	false	false	
548052			21	1180	31	5751	61	23576	42	1000	12	1012	14	4371			2	94	2	189	5	1145	23	489	5	509	7	1548	false	false	
548267			35	1165	25	3348	14	5497	153	3338	16	1691	14	4539			39	1594	38	5158	10	2973	125	2284	18	1980	7	1717	false	false	
548351			237	12033	384	53174	529	219621	2301	67264	379	38845	178	49291			107	4958	91	10571	65	23481	814	20275	96	8741	30	6360	false	false	
548472			17	932	26	2896	14	3584	68	1189	10	724	3	721			1	34	3	249	0	0	1	53	0	0	0	0	false	false	
548771			10	800	35	5737	228	98891	93	2659	35	2280	44	7805			0	0	0	0	1	169	0	0	0	0	0	0	false	false	
549862			15	647	29	4520	31	13450	333	8517	56	4817	48	12788			0	0	2	276	0	0	2	129	0	0	0	0	false	false	
550279			4	170	15	2101	44	19681	97	4687	88	10986	38	10315															false	false	
550354			4	135	14	1570	34	13511	18	426	1	108	0	0			0	0	0	0	0	0	0	0	0	0	0	0	false	false	
550448			7	300	5	566	6	3408	10	220	2	225	7	2171			4	212	2	314	5	1243	12	333	3	225	4	481	false	false	
550635			19	703	33	3961	65	28282	42	1300	14	1852	18	4087			2	65	4	610	7	2042	0	0	0	0	0	0	false	false	
550653	7	606															7	198	9	1379	12	2622	111	2771	24	3157	16	4062	false	true	
550952			6	328	14	1842	32	12977	84	2431	16	1575	24	7631			0	0	2	223	0	0	9	222	3	350	1	100	false	false	
551016			137	1359	38	3600	46	14562	168	1778	33	2515	20	4832			39	256	7	270	6	1462	19	137	3	207	0	0	false	false	
552059			17	902	24	3197	36	14253	210	6188	61	6409	49	16975			45	1613	68	7553	49	13867	193	6715	42	5909	29	12076	false	false	
552161			28	1602	107	15137	266	113720	313	16810	162	20681	127	49157			5	270	6	794	6	1699	4	228	3	428	1	323	false	false	
552545			13	625	23	2776	28	10623	63	1648	30	3594	44	14716			8	437	26	3455	27	7029	58	1421	40	3196	31	7057	false	false	
552956			6	321	8	1076	6	2089	26	686	5	468	2	846			31	1179	42	5166	25	7724	62	1608	10	984	7	1454	false	false	
552974			14	778	28	3237	16	5864	491	10416	98	7717	82	15051			40	1757	28	3674	19	5680	97	2523	15	1338	6	921	false	false	
553038			51	2165	28	3458	24	8835	254	5972	26	2483	13	3424			44	1474	20	2179	21	5861	3	80	1	86	0	0	false	false	
553926			19	964	33	4679	34	14846	140	4295	47	4730	13	2694			12	600	20	2178	12	3103	56	1153	9	1030	2	579	false	false	
553944			12	573	50	5845	41	13807	471	8369	44	4295	9	2247			59	2241	81	9002	33	8704	207	3958	7	440	4	1052	false	false	
554343			9	415	10	1425	9	3571	217	5949	43	5081	29	9282			5	94	11	1201	5	1380	28	859	26	2505	22	5236	false	false	
554857			91	3796	105	14243	178	80453	4147	41286	211	24299	141	41797			38	1580	67	8688	65	18736	225	8611	78	10108	34	10430	false	false	
555256			21	1154	32	4201	26	10187	114	2250	13	1283	3	826			17	827	21	2593	16	4590	146	3332	14	1769	6	1480	false	false	
556011			27	1396	66	8722	72	29153	248	6413	44	3983	9	2109			24	1174	26	3638	34	10895	20	591	2	180	1	288	false	false	
556459			9	332	22	2544	43	15886	115	3301	49	4670	70	17253			5	221	5	332	0	0	2	71	4	336	1	125	false	false	
556936			79	3293	140	15293	137	49565	565	15543	197	16949	185	46510			60	2804	158	17179	130	30317	314	7837	145	14247	89	18762	false	false	
557317			70	2022	169	21705	470	209071	380	7365	214	13536	263	55091			25	462	35	3824	40	9740	71	680	11	1094	1	128	false	false	
557438			23	814	10	1162	7	2896	90	2146	18	2353	13	5846			16	722	34	3948	29	7236	138	4105	56	6077	27	6845	false	false	
557858			51	1881	87	10371	228	90005	286	7004	177	15132	312	72985			10	404	20	2240	12	3498	22	318	10	850	8	1690	false	false	
559179			7	282	3	435	5	873	11	255	1	131	3	517			0	0	1	87	1	115	0	0	0	0	0	0	false	false	
560214			12	468	3	431	2	1421	7	184	1	111	0	0			23	726	13	2058	7	3393	1	7	0	0	0	0	false	false	
560353			0	0	0	0	7	2870	18	474	5	210	5	1161			0	0	0	0	0	0	0	0	0	0	0	0	false	false	
560438			12	434	12	1583	11	6769	62	2026	9	1259	4	2745			7	114	3	278	4	754	1	1	0	0	0	0	false	false	
560830			10	313	14	1774	7	4474	65	2219	31	3780	6	1498			3	175	6	625	3	573	21	667	8	727	7	581	false	false	
561145			56	1920	65	7938	56	17763	363	9093	88	10106	56	17190			35	1770	100	13036	114	32367	362	10903	145	16828	80	20912	false	false	
561574			2	77	24	3706	120	61840	40	2576	37	3878	57	22812			0	0	1	197	6	2223	0	0	3	392	0	0	false	false	
561659			57	2677	121	14220	181	68703	328	6307	110	8193	59	14838			31	1423	70	8373	68	19355	177	4181	110	10384	69	12136	false	false	
561864			6	30	33	3868	89	35770	185	5070	95	9823	111	30322			0	0	0	0	0	0	2	54	0	0	0	0	false	false	
562058			33	1070	57	7078	74	26616	225	4235	96	6741	52	12274			3	116	5	651	3	661	5	116	0	0	0	0	false	false	
563233			15	612	21	2711	40	15049	55	1517	14	1120	17	4958			0	0	3	400	1	221	0	0	0	0	0	0	false	false	
563336			0	0	3	398	5	2186	103	2679	10	1051	8	2380			2	128	1	148	0	0	12	318	1	62	0	0	false	false	
563457			9	410	2	195	0	0	30	642	6	591	0	0			2	131	4	314	9	2515	39	922	2	123	6	1501	false	false	
563934			6	203	8	1209	8	2560	6	96	4	362	1	387			1	52	2	225	0	0	2	65	0	0	0	0	false	false	
564052			46	1404	29	3565	52	24117	59	1351	11	1199	16	3833			18	634	23	2920	7	1562	18	443	3	237	0	0	false	false	
564324			25	1203	67	7729	159	54596	293	9177	90	8279	118	35263			4	97	9	1194	2	464	3	76	6	441	2	365	false	false	
564463			69	3369	45	5972	48	18586	300	7520	45	4771	35	10423			3	39	1	53	1	52	123	2272	15	1524	0	0	false	false	
564557			45	1810	118	14016	180	70106	424	11539	89	11329	61	21327			16	790	22	2477	16	3654	2	91	0	0	0	0			
564678			3	213	10	1420	26	10716	173	3857	17	2342	9	2321															false	false	
564838			35	1560	37	4595	45	16827	241	5266	22	205	14	5127			3	69	5	696	3	880	2	51	0	0	0	0	false	false	
565143			22	1102	26	2617	17	5230	70	1918	8	905	14	4564			38	1592	21	2789	8	2138	47	941	4	277	0	0	false	false	
565170			0	0	0	0	7	3424	0	0	0	0	5	1055															false	false	
565536			303	7935	34	3980	8	2682	53	1524	21	2070	12	2156			3	171	6	759	8	2133	49	1181	21	2202	19	4501	false	false	
565750			14	425	37	4382	72	30436	155	3593	58	6168	109	34938			2	89	2	196	6	1776	12	199	0	0	0	0	false	false	
565844			9	487	15	1707	10	3331	27	820	7	812	2	268			10	382	12	1286	4	1092	42	975	10	841	6	1515	false	false	
566056			28	1178	21	1970	10	3217	117	2718	27	2715	24	4820			19	944	43	6133	46	12856	235	6260	111	11707	56	11317	false	false	
566243			37	1325	32	3548	30	13202	86	2209	27	4208	15	3917			12	430	6	482	4	1352	72	1411	13	931	12	2183	false	false	
567240			5	177	14	1618	33	14474	78	1299	4	263	2	913			26	888	16	1794	7	1239	46	593	4	270	0	0	false	false	
567679			18	542	20	3166	31	13460	122	1770	46	4332	50	13674			4	38	1	155	2	245	6	71	2	373	1	481	false	false	
567736			24	1061	24	3321	19	9254	213	5043	37	3805	11	2321			10	286	6	618	5	1338	1	40	4	352	4	701	false	false	
568126			17	693	39	5013	51	18973	58	1846	26	2929	38	15154			10	340	44	5252	42	11485	22	730	10	1198	1	81	false	false	
568135			17	783	54	6951	37	15562	79	2047	37	4336	21	6803			7	273	16	1928	8	2087	21	313	9	657	4	1125	false	false	
568359			25	1022	49	6458	88	39858	41	1246	22	5282	30	29651			2	76	2	296	4	1081	1	14	2	317	0	0	false	false	
568377			5	253	3	474	0	0	0	0	0	0	0	0															false	false	
568470			48	3278	159	22346	323	148166	161	15214	70	8342	70	28424															false	false	
568939			31	1354	50	6123	43	14547	182	4014	17	1729	8	2224			18	444	13	1582	2	495	1	10	0	0	0	0	false	false	
570558			8	519	16	2185	48	16774	242	5602	35	4169	13	3439			5	189	6	896	8	2175	236	4206	15	1122	8	1767	false	false	
570651			2	98	4	353	1	680	20	535	8	960	11	4780			7	252	10	1102	13	3697	31	880	16	2202	17	4876	false	false	
571135			37	1141	6	804	1	406	123	2512	17	2769	3	1057			58	2205	11	1865	7	1577	121	2490	16	2742	6	2263	false	false	
571265			3	99	37	3924	54	20132	40	998	24	2075	52	17229															false	false	
571920			50	1963	64	7152	70	24705	183	3663	28	2231	15	4576			23	906	26	3008	18	4962	49	1299	6	791	1	202	false	false	
571957			6	85	2	199	1	467	26	484	3	147	0	0			7	299	4	625	10	2664	105	2436	13	1038	8	1982	false	false	
572347			14	721	13	1565	9	2551	70	1673	29	1961	8	1238			17	741	13	1406	7	1284	96	2118	11	1145	3	829	false	false	
572374			36	1040	62	6284	163	60788	198	4904	79	4868	102	21912			31	1299	31	2537	18	4337	37	623	7	527	4	747	false	false	
572459			12	484	11	1199	12	6710	145	3480	41	4310	21	6280			58	2669	126	16721	87	24077	377	9925	112	12947	50	12682	false	false	
572655			25	1140	44	5487	62	23575	172	5469	50	4935	29	9876			0	0	0	0	0	0	4	61	0	0	1	0	false	false	
573036			13	471	50	5754	125	54807	101	2461	38	3360	58	12758			3	72	2	308	5	977	1	11	0	0	0	0	false	false	
573335			40	1437	71	7425	72	24752	217	4838	47	4766	25	7072			22	817	30	2994	10	2543	15	409	7	617	4	1003	false	false	
574079			9	585	34	4574	54	22612	32	878	14	970	19	3709			0	0	2	302	3	709	0	0	0	0	0	0	false	false	
574949			22	845	33	4327	56	24163	122	2958	43	4948	56	19785			20	887	34	4061	22	5658	35	931	13	1873	7	1650	false	false	
574976			7	330	36	4852	92	34208	1204	41290	538	51544	104	20257			4	180	5	485	3	841	6	105	4	498	5	562	false	false	
575133			54	1495	13	1634	6	1381	75	1772	3	295	2	317			20	594	15	1659	11	2843	36	863	1	115	0	0	false	false	
575254			51	2210	129	16694	289	123230	754	19158	245	22029	251	72957			21	742	29	3852	33	8571	89	2070	44	4017	48	6180	false	false	
575348			2	81	8	1394	25	7682	39	1013	5	514	13	4296			15	621	7	819	1	195	11	190	2	253	0	0	false	false	
575375			4	181	11	1260	15	4501	14	531	3	427	4	2569															false	false	
575759			50	1808	45	5338	20	6673	167	4562	33	3356	9	1877			43	1662	47	5760	56	14966	262	8037	118	12646	64	14469	false	false	
575834			22	973	50	6540	101	40117	281	5821	88	8396	98	24417			4	190	3	378	2	276	0	0	0	0	1	201	false	false	
576354			14	559	19	2609	23	8526	42	1140	32	3060	22	7643			1	20	1	166	1	387	0	0	0	0	0	0	false	false	
576578			42	377	17	1966	31	12157	103	1000	18	941	8	2307			3	127	0	0	0	0	0	0	0	0	0	0	false	false	
576608			39	1274	102	11488	193	71023	297	7399	75	6467	69	13552			0	0	0	0	2	691	0	0	0	0	0	0	false	false	
576644			20	1423	59	10540	74	40124	170	8210	51	9518	75	39624			6	382	17	2983	10	3956	13	555	1	125	0	0	false	false	
576952			22	743	23	3139	38	14724	219	4912	62	477	41	10138			22	743	23	3139	38	14724	219	4912	62	4777	41	10138	false	false	
577128			317	10937	502	53620	712	246354	13595	112933	915	78796	857	216237			153	4929	125	12312	75	23505	144	2035	25	2392	28	10958	false	false	
577137			0	0	4	526	36	18296	2	31	3	351	6	1477															false	false	
577230			5	169	3	448	0	0	0	0	0	0	0	0			9	161	3	456	1	140	0	0	0	0	0	0	false	false	
578116			20	908	46	6197	70	24013	174	4961	41	4211	27	8459			4	118	3	429	5	1106	3	11	2	272	1	390	false	false	
578237			17	835	22	2577	15	6264	61	1826	24	2495	15	3432			1	15	1	84	2	333	0	0	0	0	0	0	false	false	
578255			71	2955	102	13020	156	58456	701	16056	169	14871	173	49237			54	2532	67	8911	56	14007	264	6681	93	7903	70	12461	false	false	
578554			43	1211	12	1113	0	0	114	1945	15	1014	9	2740			128	3424	94	10657	58	15935	184	3300	22	1226	13	2866	false	false	
578741			29	845	54	7857	115	46577	145	3522	61	5764	66	15079			0	0	5	320	2	453	1	74	0	0	0	0	false	false	
578862			1	95	3	409	2	1102	76	1491	13	994	9	3196			8	385	4	445	0	0	52	806	2	75	0	0	false	false	
579140			85	3911	69	7914	70	22131	284	6341	56	4779	41	10504			156	7416	205	24879	76	20813	599	14392	96	9151	28	8432	false	false	
579319			5	168	0	0	0	0	44	1355	9	798	1	385			7	159	16	1553	10	1683	28	644	2	113	2	467	false	false	
579364			13	678	29	3812	61	23657	70	2086	13	1546	25	6266			20	994	29	3744	12	3040	19	465	1	97	4	898	false	false	
579636			27	1091	29	4063	37	13967	128	2701	24	3047	15	4392			22	1089	7	822	2	684	3	156	1	128	0	0	false	false	
580155			32	1043	57	7613	102	44115	1753	55226	202	19927	82	26714			19	931	37	4734	28	8731	142	2862	31	2706	26	4646	false	false	
580548			99	4989	139	19640	207	77730	901	21779	150	14816	76	24076			15	638	24	3137	17	4471	71	2139	12	1615	5	787	false	false	
580847			32	1088	20	2546	18	8233	174	3800	12	1143	5	2175			40	1499	41	5045	19	4598	92	1797	13	1631	4	854	false	false	
580874			20	978	68	9064	83	32811	66	1682	25	2028	18	2944															false	false	
581237			0	0	3	452	13	4748	26	824	5	594	8	1657															false	false	
581358			4	273	9	1254	3	838	95	3086	33	3512	31	11721			2	86	15	2017	10	2179	20	569	8	551	13	1554	false	false	
582654			15	682	13	1427	5	2211	72	1803	5	666	6	2505			16	855	15	1971	10	2458	67	1850	30	3525	13	3849	false	false	
582878			26	828	2	256	3	1063	0	0	0	0	1	246															false	false	
582953			26	1490	43	5849	75	27812	342	7364	68	5852	32	9474			19	876	43	6192	39	10584	308	8208	84	8492	45	9006	false	false	
582971			54	2888	94	12935	171	70019	558	13676	76	10110	69	23937															false	false	
583071			7	267	14	1947	13	6454	25	362	5	618	2	687															false	false	
583268			15	487	30	3902	88	49995	75	2058	31	3182	20	13327			1	79	0	0	1	307	3	46	1	226	0	0	false	false	
583352			49	2289	66	8327	66	22979	333	8380	70	6267	28	8953			5	185	6	808	6	1577	101	2438	13	1371	3	425	false	false	
583754			2	145	13	1751	72	37970	44	1319	29	3167	35	10045			1	74	1	93	2	425	0	0	0	0	0	0	false	false	
583905			150	5740	140	20743	146	66954	275	9220	94	10852	58	17363															false	false	
584377			15	387	46	5947	144	65314	300	9102	244	27887	250	70235			0	0	0	0	0	0	6	181	0	0	0	0	false	false	
584724			41	1620	67	7212	89	32650	214	5161	88	6564	52	14184			0	0	1	16	1	260	0	0	0	0	0	0	false	false	
584920			170	6716	440	50875	979	361251	1052	17837	304	25022	333	68770			34	1474	46	5371	22	5065	35	895	4	357	2	306	false	false	
585749			153	6110	88	11036	49	17496	855	18758	119	15087	51	16494			135	6132	199	26557	182	55158	806	17626	109	13176	51	13085	false	false	
586027																													false	false	
586072			61	2521	155	19556	302	128303	252	4550	82	6794	41	8529			2	51	7	1003	4	377	14	295	5	376	4	1343	false	false	
586335			37	1343	24	2902	19	7999	149	3185	26	3010	23	6153			3	107	3	386	0	0	0	0	0	0	0	0	false	false	
586960			6	147	13	1767	23	7085	29	801	5	394	1	252			15	673	16	1891	4	1347	4	149	1	96	0	0	false	false	
587677			30	1213	26	3465	16	5503	44	1211	15	1438	18	7775			7	359	9	1603	5	1274	16	464	8	739	2	530	false	false	
587800			25	1266	170	22226	306	107722	2763	68290	1166	102697	380	94310															false	false	
588245			10	324	40	5906	37	14048	46	2255	29	3425	12	3916			26	594	14	1386	19	6919	28	762	2	303	3	941	false	false	
588348			70	2468	42	5440	22	10010	338	9837	73	7601	35	10975			48	1977	51	7195	65	15122	559	17630	177	20492	71	17383	false	false	
589158			2	43	5	429	11	4122	22	548	7	917	6	1952			4	242	12	1293	18	5319	36	882	22	1998	20	3622	false	false	
589523			24	1165	137	17908	296	111794	429	10541	122	11531	104	25203			1	28	0	0	1	290	0	0	0	0	0	0	false	false	
589943			53	2188	76	9857	143	60836	328	7711	118	13158	144	48217			60	2225	113	13955	101	28209	199	4689	118	10808	67	10660	false	false	
590220			52	2164	86	9659	124	49124	335	7839	90	7917	79	20840			7	263	8	968	4	1060	0	0	1	70	0	0	false	false	
590640			17	940	29	3481	60	23358	93	2565	36	3347	24	5506			8	243	6	613	1	181	5	217	0	0	1	116	false	false	
590976			3	165	16	2306	68	32056	121	5475	86	8972	111	38589			0	0	0	0	1	481	0	0	0	0	0	0	false	false	
591209			0	0	0	0	1	502	0	0	0	0	0	0															false	false	
591320			46	2255	97	11654	173	66080	140	4106	52	4515	34	6678			3	147	2	179	3	927	0	0	0	0	0	0	false	false	
591357			12	457	20	2668	12	3401	77	1457	9	615	5	2426			13	530	11	1354	1	300	11	225	1	213	0	0	false	false	
591366			14	626	37	4392	57	24633	184	5146	39	3976	36	11646			16	663	12	1184	10	3163	30	747	10	622	2	198	false	false	
592448			62	3494	92	13075	148	64592	455	18133	151	15821	169	57672			3	57	0	0	0	0	0	0	0	0	0	0	false	false	
592550			11	317	9	1148	31	14139	36	1178	14	1618	10	4057			14	536	20	2406	16	4411	26	631	14	1129	8	1105	false	false	
592644			22	725	42	4165	60	25177	63	1187	23	1950	17	2871			10	424	12	1047	6	1314	29	620	7	869	5	1208	false	false	
593007			113	4103	362	43651	584	223166	2052	29261	377	30251	280	57225			1	47	3	328	1	260	204	3044	55	5203	36	6811	false	false	
593052			11	525	33	4402	50	22526	135	4134	91	8774	68	18734			23	901	51	4824	76	20609	190	6686	97	8949	81	24312	false	false	
593249			47	1592	40	5373	31	7445	199	5054	27	2409	16	6703			100	2853	27	3218	9	2138	29	577	4	502	0	0	false	false	
593333			25	1098	18	2424	11	3876	77	1792	10	1171	16	5204			15	705	25	2816	19	4011	41	959	12	1364	16	3027	false	false	
593771																													false	false	
593940			12	402	4	524	7	3392	70	1421	9	848	2	677			7	318	17	2508	11	3313	127	3038	24	2944	4	649	false	false	
594433			114	4762	208	26472	308	118207	432	11145	158	17549	78	26394			67	2624	47	6215	17	4735	61	1392	21	1682	6	1886	false	false	
594451			0	0	1	166	11	4842	75	2019	66	7871	56	18624															false	false	
594853			60	2241	91	10817	181	81503	331	11303	104	14399	92	24667			14	702	13	1652	10	2886	1	38	1	89	0	0	false	false	
594938			58	2319	69	8779	74	25287	200	5412	73	7042	37	11887			41	1815	60	7528	62	15769	138	3804	57	5766	35	7118	false	false	
594947			243	9689	419	48208	656	244814	655	22003	264	28542	320	124916			95	3617	163	13734	88	19941	154	4008	52	6613	36	8556	false	false	
595270			106	5430	397	55648	1676	780905	4035	33982	545	28384	724	137944			0	0	0	0	0	0	0	0	0	0	1	223	false	false	
595337			60	1875	26	2917	14	4736	195	4038	26	2590	4	1947			13	409	9	943	1	428	11	268	4	338	1	363	false	false	
595430			19	1016	73	8623	102	37143	9516	99476	711	71672	453	139394			1	55	0	0	0	0	7	129	0	0	0	0	false	false	
595869			3	260	87	13841	1148	612664	858	20158	327	41706	253	115227			0	0	0	0	1	345	0	0	0	0	0	0			
595944			9	451	5	562	1	313	52	980	8	703	3	805			11	477	29	2992	19	4104	57	1348	23	2577	19	4081	false	false	
596062			125	5570	191	23559	137	47524	1484	32383	111	12057	45	15461			279	12062	199	25693	94	25877	1031	18103	38	4017	12	3065	false	false	
596156			44	2345	92	13928	215	95344	143	4126	28	3703	25	9574															false	false	
596277			11	507	12	1982	12	3850	0	0	0	0	0	0															false	false	
596455			11	367	30	3409	42	11649	132	2781	20	1601	7	1597			2	48	1	75	1	352	8	193	8	909	3	699	false	false	
596978			2	75	12	1373	32	14569	29	666	19	1323	10	1594															false	false	
597041			6	310	18	2210	19	7589	40	325	28	2068	20	4934			3	87	7	907	6	1371	23	486	5	406	14	4645	false	false	
597313			77	2819	103	13075	100	35940	398	14074	125	10527	59	14716			8	303	5	649	12	3576	8	216	4	371	0	0	false	false	
597452			33	1692	50	5956	97	31427	88	3395	37	2529	40	8291			7	227	2	116	4	1110	0	0	0	0	0	0	false	false	
597546			112	5631	94	11747	81	28251	132	3653	31	2444	28	7999			71	4061	55	7843	59	15612	143	4353	20	2961	6	758	false	false	
597658			19	1000	29	3850	24	5921	32	2940	28	4798	28	3288			12	828	28	3806	42	5995	42	3643	52	10777	31	6070	false	false	
598002			24	957	57	7144	151	58083	265	5895	73	5262	78	16445			0	0	0	0	3	1040	1	33	0	0	0	0	false	false	
598048			114	4422	115	13856	151	61959	286	7437	102	11011	78	25430			0	0	1	101	0	0	0	0	0	0	0	0	false	false	
598132			67	1765	21	2409	13	4190	158	3124	9	842	8	2148			44	1197	13	1876	4	1043	11	211	0	0	1	1	false	false	
598543			5	149	3	266	0	0	27	583	6	775	2	540			14	691	15	1952	11	2554	420	13268	224	20753	48	10055	false	false	
599643			23	979	36	4707	36	13627	84	2492	26	2755	28	7271			122	6232	105	12954	56	11334	153	3796	23	2417	15	3938	false	false	
599764			35	905	165	16778	421	154011	707	12460	263	18110	255	51699			53	2672	195	25986	62	17821	42	772	13	934	5	907	false	false	
600419			80	2659	105	12521	176	71530	884	14294	254	18824	253	55608			72	2256	64	6574	36	8704	122	2018	15	1525	3	1072	false	false	
601032			11	498	5	635	0	0	44	1038	9	1232	2	633			8	324	7	1087	4	701	31	409	6	435	1	15	false	false	
601041	155	266															23	1228	30	4421	15	4589	89	1845	13	1618	7	1570	false	true	
601050			158	6552	320	36362	562	204674	7095	78246	914	78686	952	271453			166	7043	250	29418	131	32808	812	18118	158	17439	86	19256	false	false	
601153			9	283	6	809	6	1932	79	2501	24	2075	17	5916			8	247	25	2732	19	3913	67	2145	44	4316	26	6393	false	false	
601416			78	608	102	7477	203	74821	1700	13175	211	11853	228	41031			8	18	10	350	7	711	164	1325	17	648	4	1073	false	false	
601443			44	1475	65	8109	61	21904	234	5898	43	4443	17	3964			2	28	6	727	5	1539	6	120	0	0	0	0	false	false	
601658			33	1420	66	8795	131	61698	266	6800	49	4375	56	18461			9	333	1	250	1	296	67	1291	3	387	0	0	false	false	
602543			47	1637	33	5075	24	8725	165	3952	44	4205	22	7372			39	1435	42	5993	36	10476	125	3226	41	3851	29	4755	false	false	
602842			7	119	1	194	0	0	8	69	2	153	0	0			6	88	9	1761	3	1014	12	211	9	1035	8	1663	false	false	
603232			23	349	3	364	4	1045	90	2077	11	1148	8	2515			16	634	8	927	2	481	23	2023	2	272	0	0	false	false	
603540			14	476	14	1974	8	3033	67	1578	14	1184	1	386			37	1499	46	5726	14	4857	106	2239	14	2018	3	519	false	false	
603559			2	36	1	124	2	911	50	1577	4	274	1	35			6	280	13	1619	9	3274	86	2135	17	1718	1	145	false	false	
603755			2	59	5	707	10	2259	42	1235	6	541	1	212			4	156	10	1524	4	972	21	440	0	0	0	0	false	false	
604024			61	2847	87	11698	116	44113	167	4752	52	3608	72	16865			10	347	18	1915	25	5742	36	847	14	1198	14	2390	false	false	
604033			3	94	1	180	1	347	9	322	1	125	0	0			0	0	2	119	3	702	1	17	0	0	1	355	false	false	
604547			29	1378	34	4361	37	13022	116	2929	37	3725	25	7375			6	204	18	2075	25	5896	77	1929	36	3178	38	6805	false	false	
604640			6	263	7	916	19	7216	20	261	9	1108	13	2540			0	0	2	299	0	0	1	1	0	0	1	41	false	false	
605571			5	275	4	463	2	600	5	239	13	1569	12	3740			1	11	5	604	0	0	0	0	0	0	0	0	false	false	
605610			13	103	23	3214	38	13983	388	1768	29	2030	13	3611			4	50	2	285	0	0	0	0	0	0	0	0	false	false	
605656			31	1357	46	6075	80	39543	177	3638	48	4032	24	7068			30	1461	31	4443	21	6311	127	2651	18	1627	8	1590	false	false	
606046			1050	67374	2314	282898	4266	1586919	37215	245841	3616	324602	3730	855974			736	28103	575	63870	281	73830	1433	26247	189	17229	85	16213	false	false	
606176			18	885	41	5227	79	36691	148	3698	41	4085	49	16662															false	false	
606653			66	3240	111	15261	178	73481	423	10876	96	8780	67	14324			49	1808	167	20979	172	49460	901	27593	301	31094	187	44710	false	false	
607146			7	315	8	874	26	11858	42	1618	36	3630	25	7784			3	161	7	1041	3	982	19	483	9	650	7	1166	false	false	
608358	44	123															1	73	13	1730	18	4376	216	5703	59	6537	36	8111	false	true	
608844			3	106	27	3787	52	21007	20	428	19	1156	17	2934															false	false	
609010			53	931	47	5840	114	45357	170	1043	35	2933	32	7855			7	81	1	225	3	374	15	100	3	179	1	193	false	false	
609467			0	0	0	0	40	20130	25	1170	3	379	5	675															false	false	
609476			19	890	15	1919	24	8366	0	0	0	0	0	0															false	false	
609609			0	0	1	46	39	16597	16	191	33	3749	68	18021															false	false	
609832			21	794	19	1746	20	7492	98	2383	37	3328	29	8397			27	1300	44	4582	29	7392	85	1671	41	3027	27	4052	false	false	
610128			8	234	27	2476	32	8251	300	8291	25	1511	8	1265			15	519	19	2023	6	1312	33	853	6	552	2	563	false	false	
610164			26	1141	29	3610	58	16062	463	10723	43	4245	29	6823			7	278	16	814	13	2671	43	1199	10	1131	4	811	false	false	
610539	52	114															27	1221	12	2095	5	1947	49	1455	12	1722	10	3686	false	true	
610557			6	287	21	1645	58	24143	148	3844	50	3480	70	17294			0	0	2	186	2	358	4	145	9	462	1	282	false	false	
610913			32	1334	31	3442	42	14227	140	3434	45	4568	23	7332			12	443	7	945	4	955	25	414	1	78	0	0	false	false	
611031			8	317	23	2983	46	21878	19	515	9	920	11	3690			5	145	2	311	1	333	0	0	0	0	0	0	false	false	
612159			91	2934	44	4416	43	14958	234	5029	33	3284	22	8464			372	13336	180	22278	95	24202	417	9909	38	3372	18	4815	false	false	
612878			18	613	12	1923	9	3375	35	941	9	1337	5	2050			21	971	20	2997	16	5009	46	1159	13	1023	6	505	false	false	
613008			82	3007	428	55155	1610	672399	7101	180915	685	89517	901	330095			1	37	2	247	2	424	61	881	7	566	0	0	false	false	
613156			30	1283	101	13973	152	62335	287	8863	71	6865	54	17105			5	188	1	74	2	269	2	22	2	165	0	0	false	false	
613343			110	8363	143	18045	243	108444	490	17963	177	18527	177	48192			140	6020	245	30327	211	60367	371	13187	146	14332	85	19306	false	false	
613400			7	305	39	5672	97	37302	156	3140	171	10627	149	20310			0	0	2	119	1	365	0	0	0	0	0	0	false	false	
613558			120	3451	79	13467	112	56356	522	10193	79	12419	55	29232			45	2058	38	5980	19	6058	69	1917	20	3282	5	1760	false	false	
613679			26	1056	41	4734	59	22151	257	4524	83	6655	96	29243			2	50	6	420	8	1709	2	119	1	50	2	450	false	false	
613839			27	1480	44	6168	57	22601	106	1823	20	2278	3	338															false	false	
613950			18	951	63	9305	250	99101	66	2330	32	3416	40	12234			1	81	1	47	1	403	0	0	0	0	0	0	false	false	
613978			0	0	10	1564	32	14799	30	907	28	2793	7	1604			0	0	2	382	2	354	0	0	0	0	0	0	false	false	
614256			16	677	6	790	4	989	47	1093	8	942	3	1675			4	256	15	1882	7	2212	80	2242	12	1051	3	776	false	false	
614313			70	3522	137	17667	197	78627	295	8446	171	14944	167	35109			45	1350	88	8940	57	12032	157	6770	44	3777	15	2046	false	false	
614368			81	3021	94	12390	120	52205	951	19205	95	9187	58	13655			24	1105	24	3076	18	4405	172	4266	38	2956	17	3305	false	false	
614751			7	194	11	1229	36	13360	171	3507	33	2729	6	817			3	67	8	942	9	2167	126	3285	36	3170	26	3935	false	false	
614948			8	438	9	991	17	8033	54	1333	26	2504	26	8729			18	632	25	2892	30	7832	31	752	9	837	13	1838	false	false	
615217			21	918	59	6440	120	47575	117	3197	122	12970	139	30055															false	false	
615253			20	640	13	1251	3	432	69	1473	12	1331	11	3396			24	850	48	5829	27	6674	214	4925	54	5389	22	4714	false	false	
615851			15	605	16	1846	11	3769	100	2404	21	1586	11	3394			31	1321	39	4731	36	8743	99	2139	37	3912	27	5017	false	false	
615879			3	212	36	5676	46	19545	0	0	0	0	0	0															false	false	
615954			24	971	69	873	165	61000	650	14721	123	8866	69	17342			2	144	19	2443	22	5727	63	1549	23	2163	21	5993	false	false	
616036			26	1326	67	8392	127	42627	469	9660	104	8542	82	20299			1	55	5	408	4	1027	45	1026	4	425	1	268	false	false	
616540			61	2274	19	2310	17	5620	108	2394	37	4389	8	2769			19	852	23	2476	26	7497	67	1536	19	1821	17	3524	false	false	
617051			18	785	8	1225	22	7757	87	2037	13	813	21	6407			3	120	3	432	3	918	14	267	3	357	0	0	false	false	
617079			1	49	6	1092	3	1495	29	633	6	402	4	1746			1	50	3	438	1	496	0	0	0	0	0	0	false	false	
617145			78	3340	43	5778	30	11912	86	1563	17	1818	18	7102			19	751	47	3874	34	8974	52	1423	17	1798	14	3424	false	false	
617275			1	5	6	820	15	6815	18	631	14	1637	8	2273															false	false	
617743	63	182															26	1226	76	10179	74	20678	699	16321	154	17700	56	13989	false	true	
618647			11	408	6	899	11	4985	55	1806	8	1151	9	3416			12	563	8	1298	11	4728	70	2065	11	1808	11	4424	false	false	
618740			27	1127	55	6505	119	50205	86	2337	41	3586	93	36790			15	551	23	2261	23	6139	14	337	7	556	5	1882	false	false	
618777			11	276	7	1039	8	2864	27	429	7	859	1	194			42	1647	65	8892	33	8941	44	1079	5	411	1	290	false	false	
618807			54	2835	194	27373	696	312212	258	10686	158	17957	176	49699															false	false	
619701			56	1490	118	11912	350	134383	1479	20532	329	24567	556	159342			0	0	0	0	2	355	0	0	0	0	0	0	false	false	
619859			6	474	28	3581	36	15638	106	3390	20	2146	15	6438			7	444	16	1914	12	2914	31	689	6	751	0	0	false	false	
619877			0	0	0	0	0	0	0	0	0	0	0	0			0	0	0	0	0	0	0	0	0	0	0	0			
621151			3	143	8	1172	7	1790	63	2069	19	2275	6	1572			21	1132	36	5126	18	5568	88	4726	23	2864	9	2322	false	false	
621357			54	2095	26	3666	57	21431	538	12061	133	12588	65	16587			81	3226	84	10266	41	12058	266	5512	32	2707	9	1508	false	false	
621441			34	1334	46	5307	53	23707	145	4229	19	2223	14	3983			16	706	27	3501	12	2907	61	1432	10	1102	2	315	false	false	
622037			36	1439	68	8866	115	49502	234	7042	57	6488	50	18634			7	445	4	454	5	1150	13	381	9	507	10	2357	false	false	
622774			24	1169	55	7445	164	83649	609	17981	224	22712	145	38426			1	41	2	183	2	375	2	89	1	150	0	0	false	false	
623052			4	169	1	81	4	1640	43	1396	5	925	5	2283			1	13	9	1007	7	2373	106	4370	45	6025	62	14800	false	false	
623454			42	1921	62	8266	65	23575	410	9541	53	4151	30	7015			14	639	21	2590	9	2593	44	869	6	395	2	340	false	false	
623548			107	4352	58	7263	22	7485	186	4009	48	4943	22	5555			49	2316	37	5262	22	5601	65	1454	20	1501	16	2079	false	false	
623874			20	821	26	2906	37	14000	0	0	0	0	0	0															false	false	
624246			47	1784	49	6544	43	25842	189	5695	60	5804	62	18819			33	1310	39	4553	43	11039	51	1426	23	2674	11	2464	false	false	
624648			32	1357	33	4954	34	12907	216	4295	38	4548	20	7053			14	407	24	3362	22	6133	130	3208	40	4009	24	4578	false	false	
624778			5	140	5	413	5	1801	0	0	0	0	0	0															false	false	
624956			13	634	14	1444	24	8021	98	2089	33	3272	17	4835			9	413	11	1351	9	2268	65	1376	15	1654	11	2459	false	false	
625056	1	102															2	62	1	158	3	543	81	2075	34	3708	14	3311	false	true	
625065			1	25	15	1695	27	11673	41	1181	38	4145	51	16068			3	105	8	996	4	900	6	63	2	80	2	105	false	false	
625159			11	545	15	1833	17	6081	58	1574	18	1615	7	1975			4	131	1	103	1	261	0	0	0	0	0	0	false	false	
625654			59	2405	107	11983	203	79795	599	9603	287	22095	357	110778			4	32	8	636	8	1625	22	217	3	125	0	0	false	false	
625757			51	1816	54	7246	35	11530	147	2648	44	4133	16	3474			4	130	1	120	0	0	0	0	0	0	0	0	false	false	
625850			21	890	20	2046	24	5916	57	1423	1	62	2	279			102	3406	104	11775	44	9342	78	1232	0	0	0	0	false	false	
625953			4	103	4	596	8	2214	167	2751	29	2672	14	3678			61	1868	21	2355	1	231	0	0	0	0	0	0	false	false	
626101			16	1021	51	6469	174	75072	113	2966	63	6868	82	27334															false	false	
627108			24	997	40	4384	100	42835	95	1423	32	2654	17	3894			0	0	0	0	0	0	19	767	5	403	6	1743	false	false	
627854			17	707	28	3582	52	22174	171	4527	25	2547	11	2909			30	1124	37	4965	21	5977	55	1033	6	690	2	787	false	false	
628039			25	673	13	1514	8	2039	98	2267	8	812	4	1155			9	285	9	1188	6	1424	26	785	8	693	3	589	false	false	
628123			4	180	11	931	27	7966	67	1808	19	2447	34	12032			0	0	0	0	1	311	0	0	0	0	0	0	false	false	
628356			62	2119	66	8303	73	24402	158	2837	30	2439	16	3612			35	1557	14	1649	17	3601	89	1922	11	1050	3	384	false	false	
628552			51	1856	38	4483	40	13069	645	11509	21	2597	13	3835			171	6450	111	14350	36	10330	119	2563	12	1543	25	6540	false	false	
629148			233	4445	11	1469	5	859	36	1292	22	2537	9	2340			65	2922	44	6639	29	7902	330	5992	23	2479	13	3083	false	false	
629353			7	378	40	4679	75	30021	232	4258	56	3805	39	6875			3	185	15	2178	13	3557	55	1173	10	1137	5	1242	false	false	
629522			31	1199	36	3949	38	10438	90	2611	16	1829	2	426			1	12	1	110	1	98	0	0	1	247	0	0	false	false	
629746			7	404	15	1671	15	6207	44	935	11	376	23	5922			5	214	21	2210	27	7844	59	1879	42	3335	30	5407	false	false	
630041			0	0	15	613	11	1202	18	443	4	339	4	1025			2	117	3	505	3	915	21	457	0	0	0	0	false	false	
630340	63	35															25	1197	17	1554	17	5856	19	527	3	450	0	0	false	true	
630555			5	265	21	2630	54	27174	65	1800	32	2614	36	10890			2	172	3	266	5	1632	3	94	2	309	2	145	false	false	
630658			10	462	32	4478	25	7836	123	3300	30	3143	14	4445			20	1091	17	2371	14	5862	2	79	0	0	0	0	false	false	
631039			15	463	42	5324	76	33059	58	1267	34	3111	24	6542			11	294	18	1938	13	2766	13	271	5	495	3	828	false	false	
631150			11	550	26	3713	69	32232	90	2340	15	1459	7	1546			5	281	5	471	6	930	15	372	0	0	0	0	false	false	
631178			12	428	28	3462	55	20786	171	4143	57	5082	50	12604			6	218	9	1009	7	1498	6	73	0	0	0	0	false	false	
631422			41	1752	105	12129	231	82154	914	20806	229	21635	115	34490			40	1610	38	4024	17	3275	13	289	4	551	0	0	false	false	
631570			0	0	4	616	72	36784	1	28	3	0	1	0															false	false	
632410			41	1461	106	12883	171	60850	97	2573	44	3910	38	9731			1	11	1	118	3	697	0	0	1	168	0	0	false	false	
632607			52	1389	92	11322	165	62092	352	6967	83	6054	38	9573	1	93													true	false	
632858			5	152	6	749	21	9053	78	1945	22	2449	20	7904			0	0	0	0	0	0	0	0	1	78	0	0	false	false	
633378			2	28	40	3526	199	72136	135	3939	131	10158	175	41873															false	false	
633640			16	742	28	3365	63	26884	91	2409	39	3598	25	4351			0	0	1	113	5	1208	0	0	0	0	0	0	false	false	
634544			12	561	21	2589	27	9461	44	1275	12	1511	5	1921			13	456	14	1586	2	326	24	570	13	1555	2	535	false	false	
634955			28	975	25	3353	35	14365	94	1730	13	1157	12	4197			38	1453	25	3265	4	978	63	1105	2	259	2	681	false	false	
635840			46	1704	43	5059	40	12981	325	9162	139	12990	62	18161			64	2637	66	5605	46	10695	234	7632	96	13677	79	24929	false	false	
635907			20	756	50	5430	105	45355	183	3388	66	4934	65	16996			0	0	1	188	0	0	0	0	1	20	0	0	false	false	
636276			7	259	14	1409	16	7283	92	6063	46	5170	23	13301			1	12	2	151	0	0	0	0	0	0	0	0	false	false	
636753	27	78															5	298	20	2644	9	2734	129	7531	44	4809	14	2522	false	true	
636771			417	11947	366	34700	556	191430	1362	12941	430	28656	546	130997			3	35	3	347	0	0	21	48	3	90	1	53	false	false	
637170			19	976	30	4088	48	19475	60	1415	26	2012	32	7749			49	1826	107	8725	129	19750	80	1758	97	6046	110	15514	false	false	
637451			59	2230	206	28858	692	313643	1379	45126	528	55153	624	180279			18	588	19	2664	29	8184	71	1820	16	1620	10	1538	false	false	
637554			44	1405	72	8265	123	41054	91	2443	13	1329	12	3290			2	100	2	236	0	0	0	0	0	0	0	0	false	false	
638131			7	325	15	1604	17	5102	31	868	8	737	14	3681			3	133	3	395	3	403	19	298	2	324	2	467	false	false	
638355			10	424	19	2473	33	11843	154	4085	26	2789	13	3224			0	0	2	130	0	0	0	0	0	0	0	0	false	false	
638850			14	559	3	250	2	883	29	809	8	857	0	0			14	631	11	1421	13	2327	43	993	8	1047	4	1069	false	false	
639549			103	3902	118	12767	137	92342	550	11285	126	12196	102	53458			35	1293	52	5738	73	18242	260	6584	83	8090	37	7850	false	false	
639567																													false	false	
639633			20	906	35	4889	43	19076	95	2482	42	4529	40	12204			1	48	2	398	2	764	2	4	1	1	3	788	false	false	
639857			1	41	0	0	3	1469	46	1195	25	2220	2	621			0	0	4	623	8	2963	21	492	12	1129	11	3093	false	false	
640143			15	571	12	1327	12	3859	55	1282	26	2871	8	1907			10	375	11	1465	13	3734	16	413	11	1404	7	1110	false	false	
640246			112	4522	47	6227	16	5019	992	12303	71	8087	90	33742			66	2865	93	11915	63	17120	156	3809	57	5116	36	6097	false	false	
640442			18	864	21	2914	28	10923	299	7655	83	7230	44	12572			35	1548	76	8471	86	19402	404	12138	158	17871	70	13723	false	false	
640956			20	921	17	2324	10	4103	154	2684	53	2398	33	2677			51	2586	54	6783	33	7247	273	4487	114	5052	86	5067	false	false	
641449			9	377	11	1237	8	1763	67	1212	12	1104	5	1367			10	442	15	1725	9	2225	41	627	0	0	3	915	false	false	
641579			4	171	20	2612	61	26641	24	269	4	706	0	0			0	0	2	314	1	399	0	0	1	171	0	0	false	false	
642437			32	1277	30	4372	34	14648	428	8576	32	3368	8	2498			102	3827	31	4051	13	3814	141	1988	2	205	1	362	false	false	
643078			6	360	49	6926	61	25158	0	0	0	0	0	0			0	0	0	0	1	248	0	0	0	0	0	0	false	false	
643274			9	512	5	705	6	2124	0	0	0	0	0	0															false	false	
643340			21	738	56	7197	48	17369	55	972	30	2697	36	7489			13	638	27	3001	27	7084	40	826	27	2393	12	2037	false	false	
643658			5	258	13	1503	52	23711	11	241	10	491	7	2221															false	false	
644057			12	489	10	1257	2	454	106	2877	10	1228	11	3601			6	242	8	1156	7	1890	75	1839	19	2022	11	1756	false	false	
644141			12	654	15	1469	11	3817	73	2415	18	1585	3	946			1	78	0	0	0	0	4	91	1	109	0	0	false	false	
644646			6	185	12	1234	15	7529	36	1019	9	784	5	845			8	268	13	1755	15	4214	48	1152	27	3224	20	4957	false	false	
644776			2	72	4	674	32	16387	331	10645	214	17528	57	16151															false	false	
644842			18	944	20	2789	36	16192	202	5569	33	4491	26	8724			11	583	9	927	2	191	57	1394	22	2678	17	2948	false	false	
644954																													false	false	
644963			6	215	2	128	1	25	102	2287	9	960	6	1113			16	814	24	2905	9	2487	447	10729	62	7747	19	4529	false	false	
645157			9	257	10	1226	13	3432	83	1945	24	2496	23	8441			43	1877	42	5207	43	10809	107	2372	27	2559	12	3201	false	false	
645317			35	1275	82	8888	194	76062	471	7313	141	8898	112	22194															false	false	
645465			7	245	23	2515	57	25495	169	5182	108	13535	149	37843			4	128	5	542	6	1567	6	189	2	288	2	350	false	false	
645540			44	1879	57	7262	49	17333	285	7352	49	4917	23	4511			41	1279	39	5234	31	7685	87	2482	33	2806	10	1890	false	false	
645577			21	897	23	2866	56	22945	52	1097	16	1251	10	1352			11	524	9	1325	6	1462	10	168	1	198	0	0	false	false	
645625			523	23442	1068	117956	2047	764817	4108	89843	1281	98947	1672	357124			71	2263	155	15744	153	35481	184	5088	74	5651	46	8742	false	false	
646042			17	586	10	1190	8	3102	140	2874	22	1835	17	4609			22	1050	45	6404	25	6534	226	5230	59	5715	28	5099	false	false	
646145			25	1039	31	3251	41	17145	309	5490	38	2985	17	6442			150	5270	78	8408	30	7443	233	3480	6	753	2	538	false	false	
646172			43	2285	58	9606	65	32261	1	55	1	176	0	0															false	false	
646444			0	0	2	591	3	2149	0	0	3	990	4	1836															false	false	
646471			2	89	2	221	0	0	0	0	0	0	0	0			0	0	0	0	0	0	0	0	0	0	0	0	false	false	
646556			39	1958	65	8562	70	24825	111	2374	22	2275	13	3962			70	2514	94	11821	51	14000	109	2466	13	1525	8	1942	false	false	
646743			41	1669	52	6625	81	31040	179	4026	61	4751	50	12140			24	1009	57	6603	39	10055	134	2560	61	3806	25	4982	false	false	
646873			31	1530	71	9388	75	28949	240	6358	83	9747	43	13236			3	160	6	907	6	1518	0	0	1	111	0	0	false	false	
647218			21	814	54	7225	119	43972	141	3805	48	4408	48	15359			31	1354	31	3799	8	2160	9	223	2	245	1	148	false	false	
647245			24	395	17	1515	19	8240	49	1266	17	1549	17	4896			17	311	19	1687	12	3185	37	779	18	1620	21	3391	false	false	
647414			36	2016	30	3808	51	16576	141	2564	63	3419	39	8261			0	0	0	0	0	0	0	0	1	139	0	0	false	false	
647759			135	3990	44	5214	14	5546	597	7490	29	2174	25	6266			40	1284	22	3320	6	1783	697	5188	46	3972	3	410	false	false	
647777			44	2479	34	4578	23	10478	0	0	0	0	0	0			0	0	2	276	0	0	0	0	0	0	0	0	false	false	
647955			2	159	8	1287	32	11818	28	679	12	1412	14	5031			0	0	1	180	2	711	0	0	0	0	0	0	false	false	
648130			4	171	5	596	58	29046	20	593	20	968	30	5066															false	false	
648242			169	6431	312	38090	322	118142	564	11717	287	17538	144	28368			250	10706	351	37687	172	44178	377	8057	149	10902	72	12517	false	false	
648251			14	730	23	2697	34	13743	161	2835	27	1918	23	7338			117	4802	32	3808	17	7443	48	871	5	545	0	0	false	false	
648345			32	1213	24	3068	21	8775	116	3011	12	1144	6	1890			18	808	13	1621	5	1181	29	675	5	488	2	282	false	false	
648550			27	1038	22	2640	7	2531	455	8730	23	2360	7	2166			49	1881	51	7005	32	9501	553	12115	54	5965	14	3020	false	false	
649342			22	682	19	2269	25	9821	62	1626	26	2993	13	3778			13	467	12	1765	20	5182	50	1071	31	2661	22	3231	false	false	
649632			7	308	2	276	9	4557	117	3540	14	1393	10	3422			19	877	13	1690	11	3074	62	1740	27	4332	7	1713	false	false	
651121			78	3102	91	11354	91	31854	221	5722	15	748	9	1518			16	444	5	764	6	1533	1	15	0	0	0	0	false	false	
651149			13	466	12	1531	3	866	67	1780	12	1047	2	379			1	71	13	1731	10	2415	52	1059	16	2068	18	3876	false	false	
651158	39	135															73	2427	32	3829	14	4181	254	4723	20	2343	8	2619	false	true	
651354			4	233	4	498	5	1825	41	1064	11	877	8	3424			2	117	2	165	4	880	9	218	0	0	1	236	false	false	
651448			0	0	0	0	0	0	0	0	0	0	0	0			0	0	0	0	0	0	0	0	0	0	0	0			
651541			30	1374	46	6496	25	10940	133	3657	51	5463	36	11259			52	1736	55	7233	55	15687	164	4465	52	5780	33	7286	false	false	
651859			289	11967	436	51837	687	252994	2622	36309	209	21180	137	39692			240	9554	388	43124	342	80587	1161	31399	247	22294	180	33218	false	false	
651952			15	576	12	1504	19	7577	46	1475	26	2889	15	4725			8	337	11	1233	7	902	46	917	16	1061	5	946	false	false	
652043			76	3335	51	5986	26	7586	200	4455	46	4592	29	9330			40	1723	84	10228	73	16197	384	10246	125	14374	64	14361	false	false	
652070			0	0	0	0	0	0	0	0	1	187	0	0			0	0	0	0	0	0	0	0	0	0	0	0	false	false	
652874			0	0	0	0	1	619	3	25	1	41	0	0															false	false	
652959	1	28															12	529	7	1125	7	3380	69	1898	3	499	5	1912	false	true	
653134			34	1406	41	5411	53	21037	124	4156	39	4086	14	2977			4	113	3	510	1	254	7	410	6	291	8	1289	false	false	
653433			27	1010	4	349	10	3493	167	3107	21	1933	7	1233			20	939	28	2493	27	7405	179	3749	34	3619	9	1512	false	false	
653611			44	1521	75	8504	117	41813	206	2690	44	2963	27	4715			8	249	11	941	4	805	0	0	0	0	0	0	false	false	
653778			0	0	4	396	14	4098	47	1202	36	3166	11	1810			0	0	1	150	4	1167	3	21	0	0	0	0	false	false	
653947			80	4085	120	17717	51	12996	208	5660	69	6665	33	6883			31	707	97	3356	119	8016	206	4503	86	6028	64	8144	false	false	
654047			10	353	7	650	4	2714	19	569	4	384	5	1708			4	191	4	452	2	313	6	219	0	0	0	0	false	false	
654300			6	336	10	1087	28	12693	7	97	1	40	0	0			3	115	3	157	1	133	0	0	0	0	0	0	false	false	
654579			9	553	10	999	3	1797	23	746	3	464	0	0			0	0	1	124	0	0	0	0	0	0	0	0	false	false	
655530			1	2	5	758	8	3580	60	1820	16	1029	6	1663			8	437	11	1187	8	2254	48	296	22	1829	14	2840	false	false	
655839			181	8542	117	14580	99	38666	693	14779	108	10308	62	15606			130	4090	71	7781	48	9661	237	6034	19	2102	11	1279	false	false	
656032			15	653	22	2495	14	5502	64	1989	37	3944	6	1314			11	535	16	2319	24	6501	40	956	19	2007	10	2081	false	false	
656377			37	876	130	16994	367	174707	1582	36616	194	14093	302	51428			2	72	4	285	3	526	6	131	5	241	3	329	false	false	
656470			73	2691	195	21381	382	145586	1292	33423	256	23335	175	42878			52	2059	86	7341	51	9231	331	8355	101	8346	37	8948	false	false	
656658			3	121	2	267	9	4296	34	886	11	1370	5	1992			0	0	2	289	5	1131	13	494	6	461	0	0	false	false	
656779			6	193	3	433	7	3188	7	155	3	306	0	0															false	false	
657178			1	50	6	592	8	2669	0	0	0	0	0	0															false	false	
657271			33	1544	93	13553	125	50427	521	20100	77	7054	42	11996			0	0	0	0	0	0	4	33	1	131	1	383	false	false	
657365			1	1	43	3212	554	206062	7514	183977	2990	199993	1055	178611			0	0	0	0	0	0	0	0	0	0	0	0	false	false	
657459			60	1861	119	11602	245	84300	451	7202	192	11901	296	59232															false	false	
657758			49	2369	28	3798	24	9744	121	2503	16	1093	5	1344			8	328	22	3705	13	3674	160	4875	41	3914	7	1644	false	false	
657954			50	1693	31	3679	12	4473	252	6502	60	5626	25	6835			24	1034	34	5008	45	13333	276	7403	57	6714	24	7204	false	false	
658072			5	325	5	1037	11	3158	0	0	0	0	0	0															false	false	
658474			0	0	0	0	1	385	0	0	0	0	0	0															false	false	
658924			30	1004	19	2270	14	7901	213	6001	119	13187	22	7663	20	45													true	false	
659341			102	4378	77	9555	96	38296	81	2648	46	4102	31	13088			28	1252	32	3573	39	10714	43	830	16	1830	11	1731	false	false	
659556			50	1552	24	2537	19	6302	251	5209	32	3694	24	7034			201	5430	130	13033	91	21199	212	3753	49	4585	21	4076	false	false	
659640			2	76	0	0	3	808	35	388	8	1108	1	133			1	76	0	0	1	405	2	33	0	0	0	0	false	false	
659855			398	17557	943	116152	2190	865179	5759	154277	2404	142402	1153	332659			310	11836	479	50410	403	94595	12732	92407	605	59070	1070	98160	false	false	
660066			38	1606	16	1983	6	1847	17	1232	6	477	1	408			54	2548	61	7209	24	6076	22	454	1	140	0	0	false	false	
660253			13	547	18	2414	6	1803	46	1167	11	1045	11	2472			46	1643	88	10990	52	14081	248	5238	59	5801	34	7130	false	false	
660271			43	1815	43	5106	49	16510	137	2910	27	2686	37	8669			33	1461	31	3625	25	6161	72	1774	25	2250	12	2836	false	false	
660570			14	630	38	5528	109	54607	42	1421	20	2558	21	6925			11	293	6	601	5	845	3	43	0	0	0	0	false	false	
660655			28	797	73	6016	158	58676	2664	75181	460	36309	297	63041			19	569	24	2243	23	5318	68	1038	40	2481	25	5210	false	false	
660879			0	0	8	1227	9	2893	59	1884	10	1000	5	1335			0	0	0	0	1	466	1	23	0	0	0	0	false	false	
660927			24	1068	59	8196	171	68495	220	6855	71	7719	58	19016			2	91	3	441	4	1121	1	30	0	0	3	733	false	false	
661072			4	130	2	105	6	1969	24	833	2	476	2	422			6	265	73	12247	112	38735	0	0	0	0	0	0	false	false	
661223			13	659	7	1002	16	8873	335	9361	146	14421	86	22798			22	664	6	618	0	0	89	1618	0	0	1	269	false	false	
661308			11	534	12	1456	36	19409	66	2267	50	5453	56	17077															false	false	
661474			3	57	2	326	4	1162	0	0	0	0	0	0															false	false	
662350			7	369	18	2404	1	230	51	1330	7	980	6	2258			14	433	24	2732	21	9389	16	430	3	337	3	1470	false	false	
662369			14	825	107	10865	311	121946	528	2794	167	7238	106	17001			8	204	19	2530	23	5735	54	1773	47	4758	18	4193	false	false	
662949			17	851	29	3546	39	18319	69	1905	11	862	18	6161			3	144	3	343	2	592	6	193	1	120	2	825	false	false	
663245			458	19724	819	101909	1577	603702	4059	103429	1300	108839	1222	323551			603	24193	531	66012	282	75868	1298	31559	293	30718	141	32699	false	false	
663638			6	161	3	445	6	2291	111	3351	29	1645	1	307			4	84	5	509	5	1568	4	29	4	502	3	763	false	false	
663656			12	974	9	1129	30	9717	43	471	36	1174	19	3364			5	390	16	2531	11	4040	0	0	0	0	0	0	false	false	
663834			22	1190	86	12295	264	129206	403	15916	138	17119	134	39600			2	122	0	0	0	0	0	0	0	0	0	0	false	false	
663955			2	37	5	387	4	1069	40	1137	2	376	0	0			2	100	7	784	3	930	8	178	8	402	5	1245	false	false	
664206			54	2501	207	27689	541	205179	595	18986	179	18810	119	31141			0	0	1	167	2	236	19	660	16	2076	3	577	false	false	
664653			0	0	2	151	6	1617	23	849	17	1714	24	7038	0	1													true	false	
664756			297	12641	781	91206	1864	689510	3396	71512	911	87237	1068	300984			277	12236	531	62212	340	86173	738	16522	177	16103	114	21664	false	false	
665146			23	837	14	1823	31	12324	47	821	20	2218	20	5847			17	541	23	2439	33	8565	39	835	22	1853	8	892	false	false	
665258			9	346	15	2096	10	4009	158	4200	30	2656	25	4823			11	597	10	1214	4	1203	193	4330	20	2388	14	3212	false	false	
665865			40	1625	71	9150	137	59010	274	6870	35	3603	16	5029			60	2732	139	17762	58	16443	421	7764	18	2053	4	882	false	false	
666059			2	22	0	0	1	517	2	47	7	761	29	16647			0	0	1	44	0	0	0	0	0	0	0	0	false	false	
666358			5	189	9	1338	14	4912	43	1285	6	519	14	3326			3	90	1	223	1	119	3	59	1	64	1	450	false	false	
666554			23	951	15	1737	21	8480	148	4049	54	4982	29	6416			26	921	47	5753	60	17345	181	5145	76	5621	56	9168	false	false	
666844			13	407	3	364	1	380	54	1268	12	1319	6	1644			11	633	28	3782	21	5899	71	1461	23	1719	21	4193	false	false	
666974			1	64	6	567	4	1137	20	55	0	0	0	0															false	false	
667029			21	844	26	2644	41	13277	47	1317	8	789	11	2240			48	1455	15	1448	4	1193	9	152	0	0	0	0	false	false	
667346			6	188	4	556	5	1894	18	384	6	694	2	768			20	845	14	1743	14	3868	13	320	11	916	11	2405	false	false	
667524			24	1063	30	3262	32	10271	90	1840	12	1203	15	4977			63	2806	59	7253	34	8916	35	442	6	425	0	0	false	false	
667551			19	763	17	1713	11	2341	71	1094	23	2250	18	4311			10	454	24	2508	26	5192	37	784	20	1457	24	3246	false	false	
667757			118	6675	240	33542	536	226921	1718	59965	640	80678	662	254447			28	927	40	5025	32	7335	42	1051	4	398	2	418	false	false	
668053			6	400	14	1755	26	12721	31	984	27	2968	22	6526			4	149	4	389	5	925	1	12	2	338	0	0	false	false	
668147			43	1788	48	5751	43	16951	188	4689	45	3954	11	3809			21	1043	56	7521	38	9492	217	7931	69	6778	48	10298	false	false	
669555			232	10330	221	30488	176	71416	608	18112	123	13780	86	33564			68	2985	118	14472	123	36543	873	33059	256	39710	137	46312	false	false	
670430			39	1332	46	5973	42	16008	184	4472	39	3579	30	10047			8	269	19	1999	6	1536	11	371	5	290	2	569	false	false	
670467			7	349	99	11721	366	129270	359	9281	190	14262	142	29549			12	659	44	6603	47	14044	89	2080	45	4529	34	5170	false	false	
670560																													false	false	
670654			4	140	6	527	14	5342	73	2456	21	1730	16	4474			3	155	3	311	9	2314	16	337	12	1348	4	768	false	false	
670748			6	164	13	1890	17	5811	80	2514	34	3564	24	6784			2	89	5	546	5	1019	7	292	1	125	1	265	false	false	
670878			4	116	15	1708	40	14592	58	1450	27	2741	39	9807															false	false	
671053			8	288	11	1508	5	1917	52	1632	15	1781	3	987			26	1238	20	2382	11	2130	74	1481	19	2163	4	937	false	false	
671147			42	1798	81	11467	110	42395	470	12273	159	15223	81	22542			33	1397	70	8885	95	24201	337	9658	214	27086	103	28488	false	false	
671334			11	381	50	6144	167	70134	226	3758	128	11042	497	147607			0	0	0	0	0	0	0	0	0	0	0	0	false	false	
671464			6	234	97	10392	1211	488122	1666	26670	547	56436	643	152253															false	false	
671558			125	9416	117	15630	123	53718	952	22242	140	16068	103	35448			100	4345	89	12170	60	16948	982	20367	108	10195	19	4516	false	false	
672238			5	255	2	215	5	1584	23	771	7	767	1	284			5	299	5	622	2	347	42	1053	5	557	4	751	false	false	
672247			49	4510	41	5452	40	17289	113	6091	23	2655	19	6208			1	82	5	740	3	970	3	100	1	21	0	0	false	false	
672537			50	1160	81	9494	77	25697	161	3319	30	2543	15	2122			2	30	0	0	1	208	16	420	2	114	1	230	false	false	
672573			7	312	30	4117	33	10240	58	1509	21	1753	7	1445															false	false	
673244			1	25	4	571	9	3603	70	2613	7	864	16	7289			9	346	14	1411	7	1833	49	4043	3	437	5	1430	false	false	
673440			279	10378	373	46133	508	187611	2032	44163	353	32791	314	83663			175	6680	151	18461	57	13422	256	4531	21	1271	7	1002	false	false	
673477																													false	false	
673851			3	104	1	25	16	8259	9	497	7	715	17	6718			0	0	0	0	1	256	0	0	0	0	0	0	false	false	
673909			3	209	31	4422	129	59832	0	0	1	3	0	0															false	false	
674344			21	571	21	2719	19	6694	21	238	7	408	5	1240	2	3													true	false	
674849			36	1578	48	5481	80	35595	173	4461	33	2604	15	2950			154	5970	238	26765	223	58974	342	7985	115	9138	70	12490	false	false	
675042			32	796	10	1438	7	2647	82	2299	16	1347	10	2446			45	1949	21	2807	37	9520	133	3652	31	3318	16	3825	false	false	
675079			16	895	27	3590	57	23157	60	1802	13	1192	6	2321			70	3645	119	16685	52	15222	35	489	1	107	0	0	false	false	
675248			5	178	11	1387	22	10413	44	1288	21	2738	15	3892			8	519	9	972	6	1611	14	166	4	177	1	161	false	false	
675341			0	0	1	48	0	0	16	381	4	415	4	975			0	0	1	99	1	296	14	344	5	773	4	816	false	false	
675659			13	616	4	722	13	5514	36	1103	7	746	9	2867			15	738	22	3223	23	5551	71	2152	20	2151	25	5289	false	false	
675855			16	614	15	2008	15	5435	61	1272	7	547	4	1944			3	83	1	144	1	295	0	0	0	0	0	0	false	false	
676049			35	1210	32	3835	36	14082	174	4435	45	4671	27	7508			59	1905	15	1683	4	560	20	562	0	0	0	0	false	false	
676151			8	316	37	4429	69	28879	121	3444	41	2695	25	6884			14	541	30	3498	22	5682	159	4161	47	4627	18	4148	false	false	
677176			14	357	44	4841	88	38341	85	1356	37	2837	42	7976															false	false	
677354			17	688	13	1955	6	2254	276	7320	35	3613	14	4503			4	163	12	1809	12	3528	84	2216	22	2345	14	3431	false	false	
677448			35	1462	23	2940	25	8605	310	7163	43	3719	34	9245			77	3040	94	12704	75	18326	514	9573	108	9740	51	8910	false	false	
677644			137	5969	142	17550	183	69660	646	15166	150	17797	101	35586			189	7967	128	15297	64	17099	234	5429	73	6296	46	8246	false	false	
677756			7	378	2	316	3	1659	33	776	11	1140	11	4731			12	434	24	3295	31	8630	71	378	45	316	35	8563	false	false	
677970			34	1883	20	2564	20	6436	130	3369	19	1651	7	2094			4	244	5	591	29	9523	4	92	3	428	6	2296	false	false	
678052	144	38																											false	true	
678070			4	206	8	963	6	2522	0	0	0	0	2	584			0	0	2	134	1	210	0	0	0	0	0	0	false	false	
678258			6	184	8	1041	2	974	47	1694	7	903	1	294			10	578	13	1444	8	2712	35	1098	22	3104	18	4908	false	false	
678454			33	1324	23	2723	44	19011	397	9218	67	6547	16	3275			158	5549	28	3963	9	2851	28	662	4	519	0	0	false	false	
678557			36	1105	7	996	4	904	128	2787	8	809	3	544			28	1053	23	2923	31	8766	104	2855	29	3596	16	4204	false	false	
678744			11	531	26	3298	43	22370	85	2195	49	3856	49	10670			17	571	33	4143	52	19779	52	1274	15	1370	23	7593	false	false	
679451	64	113															15	578	32	3001	25	6450	210	4312	48	4470	17	3774	false	true	
680130			21	746	59	6811	76	31605	99	2669	44	3781	25	9069															false	false	
680457			79	3520	149	15857	265	93133	465	10974	175	13669	120	24793			20	857	47	5096	55	19131	184	4881	66	5741	53	10118	false	false	
680813			250	9065	396	45799	639	229103	2933	63176	485	33879	369	75816			164	7997	248	31702	144	38869	1600	27440	127	11888	43	7562	false	false	
681043			0	0	12	1695	5	1692	119	3310	43	3234	27	6564	2	0													true	false	
681249	11	28															9	407	9	1277	1	270	30	740	1	21	0	0	false	true	
682143			73	3211	149	18811	181	71015	267	7243	128	13299	134	41317			17	759	29	3861	35	12743	30	1022	6	487	8	2477	false	false	
682563			72	3393	511	64945	1743	764536	4507	141541	1726	192816	2329	787384			0	0	8	1089	6	1794	14	505	3	302	1	333	false	false	
682648			5	257	8	1071	34	15188	131	3806	37	4150	45	5016			5	273	11	1345	9	2592	18	562	10	1185	7	1144	false	false	
683449			38	1606	36	4990	14	3133	253	4848	49	4562	23	5453			25	708	57	4438	56	13055	298	8082	100	8949	55	11127	false	false	
683814			18	855	23	2569	30	10134	56	1842	37	4179	7	2522			1	28	1	68	0	0	0	0	0	0	0	0	false	false	
684455			109	4902	147	18687	209	90907	531	8103	66	5959	41	10753			129	5084	68	7957	28	7578	16	365	4	416	1	31	false	false	
685023			42	1594	14	1665	6	1301	41	1159	12	1540	10	3106			6	273	6	686	1	350	8	134	0	0	0	0	false	false	
685676			85	3841	221	28775	361	141594	739	13879	159	15262	125	29491			66	2833	158	16675	152	32367	510	13918	244	24071	130	26050	false	false	
686459			68	3036	32	4789	35	17052	244	6206	24	3605	11	4839			81	3599	61	10286	55	20020	262	7431	38	5587	16	5878	false	false	
686570			10	341	7	714	4	1478	46	1345	7	931	6	1518															false	false	
686758			11	320	11	1003	4	1852	87	1913	10	994	2	733			8	266	13	1668	5	1034	103	2917	17	1774	11	1378	false	false	
687054			8	435	13	1701	27	10232	78	2881	25	2891	35	8430			0	0	0	0	3	948	1	100	1	150	0	0	false	false	
687830			26	996	14	2291	7	2507	161	4617	18	3014	8	3255			56	2865	41	6759	30	10634	123	4005	30	5091	16	5990	false	false	
687951			34	1591	112	14720	149	61532	455	10332	202	20000	174	47710			28	1139	41	5036	35	9061	79	2204	44	4601	30	5777	false	false	
688079			0	0	0	0	0	0	0	0	0	0	0	0			0	0	0	0	0	0	0	0	0	0	0	0			
688453			17	638	13	1748	4	1034	46	1217	12	1277	9	2906			16	626	25	3642	18	5391	101	3219	37	4035	16	4296	false	false	
688556			19	730	11	1344	6	2117	27	523	8	852	5	2142			8	244	11	1214	7	1674	8	183	5	219	4	808	false	false	
689209			21	430	60	6850	117	40744	183	3585	26	1799	21	2895			0	0	0	0	0	0	0	0	0	0	0	0	false	false	
689357			17	840	42	4968	116	47735	104	2896	76	5794	62	17513															false	false	
689759			1	88	3	321	18	9523	11	487	7	579	25	7709															false	false	
691042			5	270	6	1005	7	5306	35	1618	7	1226	6	4385			3	44	1	121	0	0	22	786	6	815	7	2846	false	false	
691743			29	1201	14	1779	9	3845	10	373	3	371	3	631			7	271	11	1274	3	618	2	10	0	0	0	0	false	false	
691958			21	1099	37	5187	177	51048	129	3428	121	6225	274	47071			5	213	1	79	6	2742	63	1741	7	1281	5	1207	false	false	
692450			114	3402	45	4976	12	4731	210	5055	42	4061	14	4325			129	4928	150	19023	56	15597	327	5742	41	2438	9	2506	false	false	
692704																													false	false	
692946			17	532	38	4029	43	13441	41	739	25	2268	16	4030			16	551	17	2385	8	992	14	381	0	0	0	0	false	false	
693073			0	0	0	0	1	459	0	0	0	0	0	0															false	false	
693224			346	17467	1098	132406	3263	1382853	4223	121622	1842	183108	3187	801423			17	747	29	3355	19	4511	24	696	5	553	0	0	false	false	
693345			161	5982	184	21118	308	125131	2096	58341	426	40126	362	107667			190	6989	202	20703	108	27247	406	9935	172	18856	89	18311	false	false	
693952			16	774	27	2872	53	19006	193	5201	45	4223	27	5390			20	866	40	4250	52	12584	308	7622	54	5579	36	6924	false	false	
694146			2	70	3	243	0	0	2	55	4	305	1	32			0	0	0	0	6	1452	7	162	1	138	0	0	false	false	
694771			3	157	5	473	1	399	60	1076	0	0	0	0			0	0	1	204	0	0	15	182	1	189	0	0	false	false	
694847			67	3076	57	7910	58	23398	151	4461	39	4823	24	8901			14	498	18	2557	25	8317	4	176	3	309	3	1412	false	false	
694904			33	741	96	9562	365	113215	1726	51024	3851	299468	4478	999928			0	0	0	0	0	0	1	79	0	0	0	0			
695349			46	2687	58	6687	126	62229	285	9074	86	11130	57	21843			62	2776	103	13442	64	18371	188	6100	56	7439	26	7044	false	false	
695947			24	794	12	1400	9	3410	102	2496	11	1181	8	2866			51	2534	88	11976	78	21653	126	3049	28	2495	15	3679	false	false	
696047			8	347	9	1095	8	1780	18	180	1	55	0	0			17	605	16	1832	8	2244	30	411	0	0	0	0	false	false	
696168			1	26	5	531	13	3655	0	0	0	0	1	299															false	false	
696430			49	1618	113	12371	155	56517	193	3422	89	4895	81	14889			0	0	0	0	1	242	1	16	0	0	0	0	false	false	
696645			4	234	2	379	3	1371	109	3287	43	5171	34	13204			9	172	7	954	9	2423	20	653	11	1121	5	1236	false	false	
697035			30	987	26	3734	5	1178	171	2956	15	1261	14	3964			28	1078	22	2720	12	3863	61	995	13	957	4	1019	false	false	
697147			102	4460	57	9202	52	24203	148	3954	23	3127	16	4311			17	872	15	2396	6	1904	6	164	2	354	3	653	false	false	
697156			88	4255	72	8626	96	43193	432	10384	61	6235	62	21162			157	6419	140	19340	78	21424	419	10810	81	8601	35	7673	false	false	
697231			8	319	18	2063	42	15094	17	520	8	918	15	5250			0	0	0	0	1	497	0	0	0	0	0	0	false	false	
697763			11	383	102	13854	276	125518	203	7282	108	8890	66	16672			0	0	5	624	9	2534	11	298	1	60	3	295	false	false	
697950			8	355	5	603	8	2545	52	1018	13	1592	8	2559			3	205	0	0	2	486	8	152	0	0	0	0	false	false	
698144			54	2159	74	8539	121	43858	507	6517	72	5687	71	17492			26	853	27	2141	21	4093	22	443	6	302	2	211	false	false	
698546			53	1813	32	3880	20	6612	107	2207	23	2513	15	4330			25	947	33	3505	17	4426	71	1029	11	913	0	0	false	false	
698649			75	3255	89	11003	66	23905	291	7133	67	4882	43	9531			179	7554	195	25453	89	24363	343	7641	113	10094	43	8073	false	false	
699105			12	529	67	10371	309	141510	159	8284	209	26639	56	18906															false	false	
699253	72	159															78	3508	32	5705	22	7349	304	8729	20	3097	5	1675	false	true	
700140			18	899	18	2417	9	2147	34	903	11	1801	7	1469			5	232	6	547	6	1983	76	1855	13	1551	4	1133	false	false	
700252			7	215	7	1059	6	1905	71	1627	8	667	6	1717			11	315	3	517	3	813	43	1028	4	548	2	300	false	false	
700430			16	736	17	2194	23	9568	108	3613	82	12276	32	10080			3	203	2	211	1	221	0	0	1	155	0	0	false	false	
700458			17	522	12	1618	16	4753	49	1175	22	2505	15	3031			24	1035	30	3447	23	5953	79	1889	41	3860	33	7277	false	false	
701062			1	19	20	2908	122	52098	3330	89846	302	36110	205	63751			0	0	0	0	0	0	0	0	0	0	0	0	false	false	
701222			81	3891	117	13453	203	76316	642	15977	114	10880	85	23938			86	4176	164	20348	155	37724	295	8061	105	9549	81	19065	false	false	
701839			22	1206	59	6834	119	53110	350	11768	136	12148	78	17379			3	45	1	79	2	593	0	0	2	211	0	0	false	false	
701857			14	492	4	535	3	734	163	4007	17	1407	5	1284			16	611	9	1006	6	1614	186	3704	11	1331	7	1074	false	false	
702117			157	6737	573	63357	1114	400943	3306	78014	680	62155	818	234277			31	905	64	4297	49	7196	264	5110	51	4095	37	4789	false	false	
702359			18	813	19	2104	39	15989	89	2070	5	332	13	3665			8	386	8	1022	1	407	110	1352	3	315	0	0	false	false	
702612			103	4096	129	15982	132	46172	805	15762	73	6844	50	15190			100	3849	96	10523	41	8134	267	4522	18	1519	2	365	false	false	
702836			26	1220	44	6392	51	20001	192	4406	25	2974	7	2009			10	483	7	932	4	1386	17	260	2	191	0	0	false	false	
702911			34	1408	77	8815	65	22523	419	7106	79	8144	51	15267			29	1244	47	6152	53	14403	75	2542	18	2194	10	798	false	false	
703039			10	277	7	902	8	3035	28	546	16	1669	13	4037			5	306	16	2107	9	1942	16	431	8	736	7	1617	false	false	
703552			4	272	37	4900	244	117095	396	11170	164	16248	177	54371			1	81	5	491	3	975	19	415	0	0	0	0	false	false	
703767			9	330	123	14713	366	150855	504	11090	144	9171	177	28740			3	114	12	1573	17	4570	6	375	7	686	11	1448	false	false	
705378			21	926	30	4044	47	17864	43	812	11	930	3	458			4	175	19	2820	12	3591	51	1253	15	1694	7	1655	false	false	
705556			20	810	40	5028	26	9542	117	2931	48	3864	16	5057			5	276	8	969	12	3082	49	947	13	1428	3	883	false	false	
706030			11	424	38	4414	69	26133	58	1584	24	2312	18	5371			0	0	1	78	0	0	0	0	0	0	0	0	false	false	
706058			19	671	33	3507	21	7731	116	2104	21	1927	7	1632			18	691	14	1351	0	0	4	41	1	0	0	0	false	false	
706236			19	811	29	3832	45	20094	59	1717	9	896	12	4197			0	0	1	136	0	0	0	0	0	0	0	0	false	false	
706254			45	2051	63	8298	46	15784	374	9428	35	3512	26	8441			36	1703	55	7381	37	10618	386	7626	48	4152	5	1280	false	false	
706450			2	198	1	181	9	5001	6	186	3	276	5	1697			3	121	2	195	0	0	2	81	0	0	1	42	false	false	
706656			42	1452	38	4918	16	6755	163	3280	17	1521	6	1416			51	2184	48	6494	17	4567	265	5310	25	2953	11	1973	false	false	
707354			346	13153	521	64365	620	226418	1248	28368	326	29350	152	40560			232	8978	262	31722	171	42695	466	8206	75	7160	18	3542	false	false	
708379			149	4417	27	3507	6	1897	243	2462	25	2063	10	1763			59	1907	53	6954	41	11468	956	6316	136	7875	81	8045	false	false	
709143			74	3461	40	6644	54	26934	197	6642	36	5498	49	21955			68	3719	87	14291	51	18177	243	10519	69	11056	44	16363	false	false	
709451			39	1287	21	2636	6	1934	71	1128	9	909	5	749			19	554	32	3476	17	5907	75	1471	7	576	7	3097	false	false	
709554			8	415	26	3267	19	6869	155	4893	103	10959	82	29112			0	0	0	0	1	412	0	0	0	0	0	0	false	false	
709602			4	171	23	2962	33	14539	163	2875	69	3431	78	6144															false	false	
709639			39	1764	47	5918	42	14900	353	10316	79	9196	48	18805			111	3958	54	6535	28	8184	146	2615	11	1392	0	0	false	false	
709956			21	1567	24	2847	6	1964	151	5322	27	2902	8	3247			12	494	9	869	1	301	37	862	1	82	0	0	false	false	
710176			37	1567	45	5810	41	18880	117	2953	33	3265	28	6619			96	3500	82	10880	50	13539	189	4637	34	3274	16	3579	false	false	
710859			14	396	29	3204	17	5070	146	5749	32	3758	18	6285			15	405	14	1181	10	2872	53	1387	17	1229	13	2989	false	false	
711472			2	140	7	606	74	35872	359	11502	111	13217	110	38653			0	0	0	0	0	0	0	0	0	0	0	0			
711520			68	2698	17	2068	13	5880	42	1136	7	833	3	1112															false	false	
711548			4	88	41	5267	91	37258	75	2557	77	6186	40	10857			3	58	2	367	4	1280	8	219	3	322	3	414	false	false	
711753			13	92	5	344	5	2340	62	1609	12	1228	5	1810			15	745	14	1610	18	4465	61	2227	45	5098	35	6555	false	false	
711801			13	404	24	2407	66	25307	109	1555	12	561	11	1583															false	false	
712059			58	2748	76	9782	134	51712	322	8594	152	13028	131	36663			49	1700	132	15266	126	33317	399	10104	219	19914	142	24053	false	false	
712648			26	1077	21	2191	5	1737	238	4487	30	2822	5	1262			0	0	1	30	0	0	0	0	0	0	0	0	false	false	
712956			47	2417	25	6024	14	7400	71	2680	52	6427	22	7232			1	25	1	145	2	786	6	209	2	83	5	1174	false	false	
713252			8	466	14	1402	24	8243	191	4744	46	4141	13	3244			17	922	41	4853	27	7071	117	3848	49	5069	35	6783	false	false	
713476			8	246	24	3310	49	21254	430	13243	65	6191	35	8615															false	false	
713926			32	1371	59	7154	109	41277	384	8733	83	7248	56	12508			15	587	26	3293	38	10561	149	2860	67	5593	27	5385	false	false	
714165			1	39	1	41	2	1311	15	444	8	964	0	0			2	61	5	496	3	668	26	664	0	0	1	173	false	false	
714437			12	723	19	2611	20	9562	93	2690	11	2113	12	6548			5	132	2	342	0	0	21	511	2	326	0	0	false	false	
714839			12	538	39	3653	43	13104	31	324	14	1299	4	1589			0	0	3	357	0	0	0	0	0	0	0	0	false	false	
714978			27	49	21	1961	69	31468	199	290	8	733	9	2404															false	false	
715032			102	3632	35	5274	30	13611	139	2805	10	1743	6	2431			16	567	8	1358	7	3341	13	288	0	0	2	852	false	false	
715050			34	1343	24	3283	33	13477	420	11636	105	11447	68	24698			60	2618	60	7352	43	10612	272	6102	54	5536	32	7643	false	false	
715144			14	790	45	5764	54	17909	174	4529	70	6703	45	8560			8	407	22	2942	19	4464	48	1404	29	3699	20	4410	false	false	
715340			28	1469	102	13637	232	92730	170	5984	100	10841	125	42736			3	223	5	809	19	5484	6	142	9	1301	5	1472	false	false	
715470			5	268	3	445	2	495	1	46	0	0	0	0			1	25	0	0	0	0	0	0	0	0	0	0	false	false	
715630			21	1039	20	2159	23	7654	142	2900	11	1215	2	465			7	313	5	598	2	381	3	48	0	0	0	0	false	false	
715872			4	119	29	2971	47	20012	138	3925	69	4289	18	6144			2	80	1	20	4	1435	1	50	4	582	0	0	false	false	
715975			3	218	2	153	1	271	0	0	0	0	0	0			0	0	0	0	0	0	0	0	0	0	0	0	false	false	
716374			50	2452	105	13236	119	42968	487	14452	176	16568	65	15275			2	96	7	846	10	3074	35	831	4	219	4	770	false	false	
716833			15	574	42	4857	90	31950	85	2234	54	5193	11	2515															false	false	
716851			2	134	10	1252	17	5801	40	1255	36	3910	37	13727			1	96	8	1271	7	2579	0	0	0	0	0	0	false	false	
716954			69	2749	75	9024	90	34994	95	2649	31	3022	25	7722			29	1222	40	4972	24	6722	81	1967	20	1864	9	2190	false	false	
717232			11	406	13	1176	6	1147	59	1041	5	548	1	124			12	726	7	874	8	2417	26	515	3	294	1	162	false	false	
717670			7	283	11	1738	31	15055	30	1034	24	2245	14	3486			2	114	3	474	2	651	0	0	0	0	0	0	false	false	
717737			16	740	36	4330	89	32174	264	2846	104	8392	87	21795			0	0	0	0	1	240	0	0	0	0	0	0	false	false	
717924			327	14652	532	63553	1007	385840	1566	37192	337	32730	357	104682			179	6168	165	16880	158	46130	154	5196	59	6184	94	27942	false	false	
718145			79	3687	65	8777	102	39692	426	8720	47	4464	24	6605			71	2836	55	8037	20	5618	64	1426	11	983	3	362	false	false	
718275			4	188	4	194	9	3490	79	2629	30	2686	13	4381			0	0	0	0	0	0	0	0	0	0	0	0	false	false	
718538			113	4097	80	9374	118	41052	229	3562	47	3212	28	7420			16	495	12	1274	10	2361	29	498	0	0	0	0	false	false	
719030			41	1294	23	2257	3	830	34	1462	8	532	2	275			6	161	6	708	3	750	8	104	0	0	0	0	false	false	
719610			18	924	31	3593	45	19861	148	3482	20	2041	21	8038			1	77	0	0	1	242	0	0	0	0	0	0	false	false	
719656			42	1541	50	5580	71	25705	267	6935	106	11277	66	15553			36	1241	65	8261	40	10223	71	1646	29	2668	7	1545	false	false	
719964			29	1004	13	1865	5	2078	234	4940	24	2531	5	1275			32	1407	17	2121	11	2128	319	6574	47	4845	16	3461	false	false	
720157			6	275	5	583	1	261	18	369	2	196	1	423			9	339	5	403	3	922	49	529	8	569	3	180	false	false	
720344			31	1006	19	1933	12	3899	56	1368	9	1219	3	1203	28	15													true	false	
720746			74	3657	74	8539	74	25753	189	4437	34	2998	40	8927			53	2011	56	6471	28	7612	91	1843	41	3990	16	2357	false	false	
720858	28	108															16	877	21	1467	31	8931	407	30811	59	5720	21	4768	false	true	
721350			17	394	26	2785	35	12334	113	2702	52	4908	56	15722			25	960	62	6307	66	19275	154	4104	114	11804	118	23552	false	false	
721752			16	758	16	2174	13	4490	53	1010	11	811	6	1553			12	528	18	1606	4	1568	59	1260	9	985	2	273	false	false	
721949			61	2464	62	6924	75	21783	239	4546	29	2667	9	2344			98	4193	66	6489	29	7187	202	2906	5	483	2	601	false	false	
722227			14	740	31	3479	58	21074	20	734	22	1622	8	2818			0	0	1	109	0	0	0	0	0	0	0	0	false	false	
722432			230	8372	94	10833	44	12962	98	2307	18	1836	8	2135			5	218	8	926	7	1961	5	84	0	0	0	0	false	false	
722544			236	9125	139	22722	139	62737	2096	59778	139	21668	67	27945			107	4017	62	10396	35	11557	133	3014	15	2653	7	2400	false	false	
722777			32	1077	172	15275	379	111466	5372	131404	2669	180728	4501	455381			0	0	0	0	0	0	0	0	0	0	0	0			
722816			9	436	55	6106	48	17050	254	6923	101	9032	106	33168															false	false	
723112			216	9000	628	85000	1792	809000	43928	511000	1792	156000	4696	1933000			453	16000	118	11000	37	6000	14	0	5	0	0	0			
723158			10	545	13	1515	10	2372	259	8010	76	8624	38	12155			7	431	24	2252	25	6706	47	1326	25	3056	36	9091	false	false	
723550			9	315	3	340	3	522	121	3051	18	1931	4	975			49	1679	33	4197	10	2972	156	2982	22	2582	8	2180	false	false	
723653			19	894	35	3792	21	6481	110	2741	26	2288	3	1359			22	782	20	3169	19	5764	76	2009	8	917	12	4042	false	false	
724744			53	2389	30	3821	44	15714	246	6533	41	4157	39	14811			46	2141	75	9323	60	14666	268	7812	108	11529	75	16359	false	false	
724904			3	7	14	578	246	145355	96	3106	33	2743	13	3286															false	false	
724940			12	471	7	1035	4	1001	20	559	8	473	6	1118			10	566	8	879	7	1951	18	585	3	215	4	772	false	false	
725077			19	872	31	3137	43	15278	150	3108	38	3727	27	6915			3	65	6	853	12	3376	15	293	11	1366	5	1210	false	false	
725732			0	0	1	173	12	7944	0	0	0	0	7	2574			0	0	0	0	0	0	0	0	0	0	0	0			
725741			19	533	10	1260	9	1870	262	5159	17	1434	7	1218			20	664	6	574	1	390	21	188	4	109	0	0	false	false	
726458			9	405	19	2635	21	9948	47	814	7	648	9	2741			6	234	9	963	14	3883	40	1205	18	2042	6	1617	false	false	
726953			0	0	0	0	1	249	12	243	2	75	3	851															false	false	
727174			48	2415	43	7158	33	16456	0	0	0	0	0	0															false	false	
728948			23	715	30	3597	41	15578	95	2043	24	2229	23	3729			15	708	34	4065	33	8865	68	1532	39	2706	29	4185	false	false	
728957			14	695	23	2801	33	11827	209	4898	52	5887	32	9947			59	2893	82	9350	63	15672	367	8061	52	6376	18	4549	false	false	
729011			50	2088	127	17021	126	43150	160	4465	59	5240	37	8918			4	232	2	323	3	671	1	10	0	0	0	0	false	false	
729057			41	1822	58	7140	43	14805	83	2110	18	1931	9	2041			4	153	3	341	7	1545	25	1006	3	304	3	810	false	false	
729178			32	1076	28	3114	27	8976	151	3171	14	1532	2	287	69	91													true	false	
729310			84	4114	115	13667	123	48868	545	13873	208	20839	217	58343	995	50													true	false	
729842			20	879	17	2214	20	8101	52	1155	16	1558	5	2353			39	1478	54	6430	30	8663	21	686	21	1369	11	1672	false	false	
729945			8	195	5	301	5	875	65	1260	11	774	7	1734			4	272	10	949	5	1097	36	1238	17	1697	14	3556	false	false	
731050			21	899	22	2933	6	2684	192	5161	42	3817	14	4461			3	153	13	1643	18	5080	585	18210	320	28552	47	9654	false	false	
731247			92	4508	274	35538	429	164668	1914	44311	576	49975	373	96238			98	4190	227	25774	205	50090	705	15869	265	23921	118	27404	false	false	
731957			4	192	5	488	3	698	10	288	1	7	0	0			0	0	0	0	0	0	0	0	0	0	0	0	false	false	
732178			61	3127	82	10428	139	52813	657	17035	75	6354	42	10663			38	1851	64	7697	32	8644	253	4894	12	1186	5	829	false	false	
732253			24	1022	30	3650	43	14516	217	4662	31	2559	13	4731			103	3811	42	4672	27	7163	80	1771	13	1285	12	2672	false	false	
732637	59	31																											false	true	
732758			0	0	1	169	10	5367	1	48	0	0	6	2689			0	0	1	50	0	0	0	0	1	80	4	1249	false	false	
732918			99	4195	179	23131	206	76355	676	18436	161	16993	71	20784			9	311	19	2653	14	2844	20	413	3	293	0	0	false	false	
732954			2	75	6	723	3	1761	25	625	4	656	2	1332			3	81	7	964	3	1044	40	655	2	224	0	0	false	false	
733054			4	195	4	348	15	5397	279	5219	26	2596	23	5843			9	393	22	2783	5	1374	218	3765	27	1726	14	2951	false	false	
733540			32	1747	24	3907	58	28229	148	4614	31	4794	28	12674			7	158	0	0	1	1427	3	121	0	0	1	401	false	false	
733559			40	2158	31	4320	37	16210	219	5816	63	6637	53	17186			45	1825	46	6330	42	13555	152	4751	64	8147	45	11878	false	false	
733661			0	0	0	0	0	0	793	7881	8	576	0	0															false	false	
733755			17	586	21	2463	30	12971	87	2230	12	1031	3	1143			32	931	28	3450	18	7388	46	1111	9	1237	3	739	false	false	
733951	58	11997															78	2927	106	13553	68	19765	386	9504	76	8142	25	6286	false	true	
734248			153	6377	72	8332	39	13988	131	3697	25	2996	20	4881			173	8751	120	16166	106	30023	117	4207	53	7011	21	6439	false	false	
734350			97	3916	79	10362	100	40401	225	6501	62	6451	40	11850			33	1572	30	3892	28	9751	22	510	4	399	3	353	false	false	
734538			0	0	3	431	38	23265	6	211	8	792	16	5108			0	0	0	0	0	0	0	0	0	0	1	99	false	false	
734613			26	863	42	5609	47	14484	117	3764	21	2143	10	1569			38	1194	34	3777	24	6934	24	734	4	854	1	113	false	false	
735067			2	20	17	2407	74	32033	113	3162	38	4714	42	14908			6	222	8	1039	6	1919	5	40	0	0	0	0	false	false	
735414			11	566	15	1718	8	2123	37	850	2	212	1	305			0	0	5	403	2	416	0	0	0	0	0	0	false	false	
735441			58	2293	76	10782	137	51979	589	14665	194	17949	202	62356			116	3960	172	17691	182	34970	646	17856	306	34201	128	27558	false	false	
735973			3	68	5	517	0	0	0	0	0	0	0	0			0	0	4	655	1	154	0	0	0	0	0	0	false	false	
736158			9	289	5	811	1	351	53	1144	21	2225	7	2313			5	218	4	678	1	374	54	1435	14	1693	8	1896	false	false	
736550			61	2412	42	5239	54	19698	322	7528	45	4607	22	7478			99	3538	148	16762	110	21483	605	13601	93	10352	29	7250	false	false	
737548			51	2015	64	8410	97	37690	443	9159	106	8656	90	21818			58	2315	108	11915	88	20951	447	11304	145	14755	87	20986	false	false	
738013			66	2679	111	14153	194	68310	244	3837	102	9714	134	30041			65	1751	174	11000	124	15945	160	4001	77	6395	65	15374	false	false	
738040			148	6651	88	11218	51	16961	1180	25897	164	16737	83	24539			217	9041	544	68799	591	153854	2308	56199	659	67800	383	86595	false	false	
738143			50	2004	38	3880	64	24073	153	4374	38	5017	37	11422			8	250	12	1637	15	4286	27	758	13	1635	8	1814	false	false	
738255			13	578	8	792	9	3373	71	1548	19	1902	16	4338			21	934	23	2855	17	4597	84	2056	44	3028	37	7696	false	false	
738303			7	389	13	1876	67	31883	54	1006	17	909	38	10026															false	false	
738657			3	149	4	515	1	361	24	498	2	223	3	843			37	1573	31	4298	18	6145	47	1326	10	1626	1	2	false	false	
738769			39	1774	80	9263	153	66268	427	10993	91	7751	58	16670			81	3314	59	7366	27	6768	210	4299	27	2028	22	4054	false	false	
739346			11	461	12	1105	17	5756	50	1655	18	1831	17	7611			6	369	15	2186	19	4083	43	954	22	1887	22	3389	false	false	
739355			81	3236	103	13750	182	75349	450	11340	91	9955	61	17323			11	687	21	3296	20	5393	38	664	7	289	0	0	false	false	
739560			0	0	8	1089	232	109543	389	11822	199	15943	339	77156															false	false	
739832			78	3748	67	8750	64	26344	241	6843	48	4963	28	7205			9	415	12	1462	14	3338	9	266	3	292	4	750	false	false	
740249			12	478	17	2391	8	1632	37	890	19	1990	17	3698			7	269	15	1971	18	4505	42	1015	18	1518	15	2975	false	false	
741068			5	182	6	803	21	11452	37	1087	8	699	9	3148			1	24	0	0	0	0	3	102	0	0	0	0	false	false	
741152			7	383	6	697	3	840	28	404	6	672	3	690			11	491	13	2032	8	2095	41	1144	9	981	1	282	false	false	
741330			44	1711	121	13974	220	79759	583	6265	113	8294	79	17077			21	642	20	2274	27	6546	97	774	7	183	2	454	false	false	
741358			3	115	2	187	1	224	17	396	2	129	0	0			8	267	6	943	5	1804	47	2286	18	2494	6	1840	false	false	
741844			11	326	11	1066	21	5179	44	1094	4	351	5	1399			9	458	14	1234	9	2581	32	807	14	1634	15	2379	false	false	
741956			16	554	6	645	3	568	56	1194	11	1152	7	3133			0	0	0	0	3	722	16	445	9	1144	4	942	false	false	
741974			33	1135	28	3963	27	9544	16	452	3	202	1	37			2	39	0	0	7	2984	0	0	0	0	0	0	false	false	
742056			11	661	22	2481	22	7685	176	4107	22	2089	14	3410			2	79	9	1301	4	1004	25	588	7	787	2	301	false	false	
742542			21	851	20	1931	26	9254	71	1932	6	726	10	2079			13	580	25	2029	39	9171	26	1641	9	2046	5	1737	false	false	
742944			20	826	43	6459	85	37467	132	3463	45	4390	34	8234			1	60	7	784	0	0	1	27	0	0	0	0	false	false	
743679			48	1547	51	5798	73	23350	210	3220	62	4226	36	5708			41	1441	34	4518	33	8223	56	1093	12	1606	6	1160	false	false	
743950			3	88	2	31	1	282	25	521	8	641	6	1695			0	0	2	202	1	452	12	206	3	363	0	0	false	false	
744854			1	16	7	734	35	17038	113	3537	54	5005	27	4948			2	43	2	358	1	450	6	60	0	0	0	0	false	false	
745347			5	298	5	611	9	3946	41	1219	10	1414	16	3993			2	82	10	1363	13	4075	20	629	6	608	13	2731	false	false	
746157			12	598	34	4120	117	99193	79	2594	33	3729	40	39167			1	69	3	283	2	724	6	257	2	254	0	0	false	false	
746755			26	1038	32	4043	41	14610	170	4857	23	2331	18	5791			29	1282	44	5492	21	5834	304	7882	69	8501	16	3575	false	false	
746942			20	987	14	1893	6	1312	131	3032	19	1693	11	2382			43	1179	50	5431	44	11202	249	5086	47	5042	21	5606	false	false	
746979			18	906	17	1784	16	7043	98	1831	8	755	3	531			0	0	0	0	0	0	3	124	2	224	1	350	false	false	
747051	93	67													73	147													true	true	
747257			19	802	23	2380	13	5164	262	5888	25	2126	13	3439			42	1777	70	8454	29	7512	178	5099	42	5548	19	3651	false	false	
748254			12	447	42	6414	99	37000	222	5964	83	6228	79	26787															false	false	
748357			6	251	10	1482	32	14504	17	670	11	1210	16	5900			4	135	3	495	5	1531	0	0	0	0	0	0	false	false	
748441			24	832	17	2028	13	5079	213	6800	31	3098	2	557			23	1008	12	1402	3	808	4	99	1	20	0	0	false	false	
748964			9	472	24	2450	32	11412	70	1674	31	2734	21	4378			2	66	7	929	9	1489	18	280	8	241	10	515	false	false	
749242			853	31953	1727	193224	3134	1115824	4926	102094	1868	136175	1837	409813			140	4836	149	13729	82	18785	161	2396	30	2156	10	1947	false	false	
749635			17	999	73	9626	146	63382	215	6859	53	5003	31	8318			3	148	3	299	1	245	20	398	0	0	0	0	false	false	
749840	7	84															2	84	4	499	3	1141	25	401	1	76	0	0	false	true	
749943	13	491															37	1584	38	4824	22	6712	247	6110	67	7867	31	7622	false	true	
750051			6	308	22	3164	60	27809	227	9638	40	3679	86	3679			0	0	0	0	1	344	0	0	0	0	0	0	false	false	
750127			9	454	23	2992	55	20170	85	2813	30	2809	13	3482			4	142	16	1680	15	4685	4	81	0	0	0	0	false	false	
750341			21	1045	49	6478	111	47571	73	2025	20	1783	23	5163			0	0	3	497	0	0	3	0	0	0	0	0	false	false	
750444			6	268	4	526	4	1502	27	579	20	2359	23	10732			7	230	8	760	8	1860	34	770	15	1484	8	1639	false	false	
750846			8	359	6	912	15	5831	75	3030	21	2520	17	6769			5	244	14	1946	9	2658	59	2266	25	3702	14	3616	false	false	
751254			22	756	16	1459	14	4512	94	2017	23	1593	19	5987			24	715	29	3355	41	2725	89	2539	28	2305	22	2793	false	false	
751656			198	7127	364	41317	438	161858	1495	36713	476	38233	412	90409			146	5907	223	25688	233	62984	533	14314	255	24533	138	32593	false	false	
751852			6	254	23	2972	39	15927	20	490	9	573	19	9691															false	false	
752831			19	1020	57	8009	82	30696	198	3716	37	3001	17	5797			35	1653	48	6783	37	10149	73	829	2	225	2	389	false	false	
753052	28	75															57	2690	18	2651	11	3901	99	2055	4	614	1	285	false	true	
753324			11	338	74	9205	270	113484	220	5346	116	9209	119	26716			0	0	2	173	4	1299	2	49	0	0	0	0	false	false	
753641			20	1166	12	1760	1	310	33	1293	9	980	1	752			5	42	2	217	0	0	3	121	0	0	1	194	false	false	
753856			1	89	2	197	3	643	50	795	2	186	1	285			2	102	5	756	0	0	43	1061	8	1080	1	189	false	false	
754068			0	0	0	0	29	14768	14	143	9	544	25	4826															false	false	
754246			7	255	6	911	1	370	55	1664	10	1262	6	1822			17	746	25	3703	27	9439	120	2899	36	4471	27	6209	false	false	
754536			75	2261	21	2331	18	5656	152	2840	4	295	3	1098	58	98													true	false	
754826			94	3290	182	23449	165	63147	517	11229	126	10219	66	15478			7	268	16	2255	9	2462	157	2258	11	1495	7	1646	false	false	
754853			37	1735	55	7711	81	33803	354	10266	81	9418	91	30578			61	2662	74	12055	49	14050	135	3951	35	3891	27	6152	false	false	
754929			49	1728	98	10712	180	62044	335	5822	121	7999	88	17271			3	74	5	600	2	381	15	191	4	154	2	90	false	false	
755252			37	1363	48	4831	78	34154	203	4689	73	8745	40	14579			15	699	9	1331	7	1967	45	1036	14	1268	15	4187	false	false	
755421			19	827	13	1729	6	1809	125	2363	8	560	1	207			32	906	26	2448	6	338	83	1043	3	291	3	693	false	false	
755458			27	1307	44	6427	51	23405	154	4945	29	3449	20	6494			28	1248	55	6563	43	11514	192	5227	57	6404	25	5292	false	false	
756343			15	697	14	2144	25	8499	220	8281	99	11794	72	22849			2	47	16	2295	15	2631	112	3308	17	1713	20	4773	false	false	
756848			51	1975	44	5097	28	9603	113	1916	30	2260	12	3598			75	2998	86	10962	39	10702	327	6625	62	4700	20	4132	false	false	
757377			0	0	3	122	3	433	0	0	0	0	0	0															false	false	
757452			33	1301	30	2984	35	10308	112	2706	17	1795	6	2161			31	1219	62	8117	45	11842	25	617	11	1193	6	810	false	false	
757779			151	7150	105	16941	52	22140	263	7323	25	3698	9	3150															false	false	
758703			7	666	20	2689	74	39839	589	8313	110	11063	225	64184															false	false	
758842			14	821	17	1885	9	3108	29	741	14	1675	7	3474			21	1110	23	3319	18	5391	51	1724	17	1964	12	2817	false	false	
758851			4	171	12	1826	111	64607	214	7589	568	88500	614	271740			0	0	0	0	0	0	0	0	4	785	9	2949	false	false	
759045			10	441	22	3625	56	28118	112	1795	28	3334	12	3121															false	false	
759625			39	1710	72	9008	154	57923	418	10296	104	11196	46	12624			7	263	20	2621	16	4198	49	1245	5	720	4	1306	false	false	
760210			35	1045	15	1904	16	5081	45	1277	8	940	6	2720			6	222	3	250	1	344	9	155	0	0	0	0	false	false	
760331			13	483	62	7834	71	23412	55	1049	15	1188	6	1438			2	134	1	7	2	425	0	0	1	110	0	0	false	false	
760340			22	649	46	5639	32	12482	104	3463	32	2439	13	3384			9	499	8	1054	26	8205	33	827	12	1374	19	5249	false	false	
760434			37	1361	31	3842	36	13197	176	4090	35	3360	22	4504			23	1146	40	5602	23	4976	69	1643	14	1426	19	4000	false	false	
760649			15	655	4	584	5	1401	83	1695	11	703	16	4083			25	819	24	3300	23	4714	155	3495	53	5104	42	5460	false	false	
760854			85	3623	106	13904	111	37942	1408	14916	116	12095	50	13234			73	3260	107	13925	53	13497	223	5033	34	3595	9	2265	false	false	
760939			30	1236	24	3011	18	10030	67	1957	10	965	3	1130			3	114	2	179	1	341	0	0	0	0	0	0	false	false	
760957			1	35	10	1587	27	10820	3	55	29	3014	21	7091			0	0	1	150	0	0	3	49	0	0	0	0	false	false	
761244			24	1117	41	5273	64	25292	253	7017	58	6243	41	14584			14	506	16	3820	13	3998	154	3244	16	1421	7	1512	false	false	
761459			43	2104	60	7748	48	18918	283	8382	97	9872	53	19142			56	2499	84	10390	69	17858	304	8313	59	5746	17	3454	false	false	
761543			95	1304	77	4895	125	51836	1840	6313	195	4228	257	48696			119	1921	132	6646	197	40136	1751	6624	768	12703	498	40956	false	false	
761806			114	4898	490	59643	1381	515949	3949	70232	1562	123203	1874	458693			0	0	1	33	1	33	0	0	0	0	0	0	false	false	
761833			8	393	5	494	35	7847	23	578	16	1287	73	13381			0	0	0	0	0	0	0	0	0	0	0	0	false	false	
761851			25	1138	27	3300	22	10044	268	5935	56	5589	30	8767			42	1817	118	14563	88	23589	661	17596	237	24727	118	25560	false	false	
761954			28	1351	36	4489	27	9245	210	5120	29	4155	26	8002			22	1065	17	2158	9	2809	171	3328	20	1638	9	1525	false	false	
762045			16	522	23	2990	45	14855	45	1201	34	3195	37	9101			5	155	18	1763	9	3003	15	349	10	475	12	2351	false	false	
762447			232	14408	399	55684	728	294544	1589	47359	428	44003	492	154838			101	3733	191	21129	146	37906	2294	61232	462	60838	81	19885	false	false	
762474			6	232	40	5555	134	60540	111	4792	69	5792	93	24391			0	0	0	0	1	317	0	0	0	0	0	0	false	false	
762773			53	54	4	318	64	20292	7	20	0	0	0	0															false	false	
763211			19	828	17	2381	22	10839	42	1531	18	2112	20	6347	17	0													true	false	
763677			37	1290	58	5656	79	25594	247	5515	55	4820	29	8054			2	30	2	320	1	376	0	0	0	0	0	0	false	false	
763930			48	1841	70	10450	68	27454	535	12203	102	12381	55	18610			91	3439	43	5872	19	5341	94	2552	24	2282	14	3708	false	false	
764030			225	8265	683	73604	1571	565359	98145	965598	8210	791761	2969	723015			108	4089	123	13131	105	26051	333	6955	94	8092	43	8395	false	false	
764058			11	513	25	2767	101	36242	172	2995	78	7516	83	18195			0	0	0	0	0	0	0	0	0	0	0	0	false	false	
764067			15	673	23	2719	24	8050	120	3150	25	2732	13	4821			6	87	4	602	0	0	100	2536	3	542	2	644	false	false	
764142			9	449	6	617	8	2090	68	1770	31	3255	9	1936			12	721	27	3534	11	2588	66	1200	19	1676	3	471	false	false	
764151			9	326	8	1262	5	1556	145	3611	12	1459	1	249			9	343	3	332	0	0	68	1462	2	176	0	0	false	false	
764816			13	714	40	5681	55	16306	228	5670	60	5870	29	7518			6	137	5	703	4	1058	3	59	0	0	0	0	false	false	
765318			27	1073	13	1177	38	15294	172	4025	25	2396	14	5400			7	276	2	241	3	294	0	0	0	0	0	0	false	false	
765354			13	654	11	1334	17	5188	43	939	6	1073	10	2652			3	36	6	610	2	364	62	1058	4	671	1	480	false	false	
765505			6	261	22	2613	73	27179	126	1980	33	2207	45	10344															false	false	
765662			15	713	10	1029	17	5960	148	2519	21	2317	4	1020			1	61	9	1212	4	772	34	817	4	457	0	0	false	false	
765877			31	1214	13	1896	5	1138	73	1493	14	1347	8	2201			17	383	20	2309	8	2285	60	1588	15	1036	4	721	false	false	
766052			52	2197	31	3678	17	4803	61	1404	2	148	1	168			104	3884	72	9973	29	8272	146	2896	7	818	2	248	false	false	
766164			61	2663	104	11151	199	72922	6722	179407	1300	168000	1378	519272			41	1520	66	7201	53	11462	218	5994	83	9579	59	15185	false	false	
767152			5	228	6	487	5	1199	58	796	2	169	0	0			13	563	5	622	6	2226	15	178	0	0	1	116	false	false	
767246			1	15	0	0	0	0	50	1170	11	734	2	421			3	90	2	222	1	233	17	241	3	341	0	0	false	false	
767255			32	1045	20	3155	27	12129	211	4233	24	2362	22	4928			60	2580	53	7354	32	9661	298	5803	25	2028	3	780	false	false	
767554			10	507	7	1169	14	4653	71	1258	12	759	9	2012															false	false	
767572			6	179	3	491	4	1800	0	0	0	0	0	0															false	false	
767611			11	449	9	785	14	3031	91	1642	13	1539	0	0			1	30	1	172	1	335	0	0	0	0	0	0	false	false	
767732			114	4504	80	10133	86	29197	323	5757	31	3557	25	5185			109	3318	71	8349	64	14050	159	3796	43	4653	28	5012	false	false	
767974			3	90	16	1873	77	40396	16	505	30	4482	80	22728															false	false	
768458			3	165	14	1957	21	7020	100	4665	45	4266	6	2420			2	123	2	224	1	193	2	89	0	0	0	0	false	false	
768476	1	0																											false	true	
768953			6	173	9	1189	10	3361	61	2800	32	4325	13	3873			4	183	7	895	7	2449	14	483	10	798	4	1000	false	false	
769334			9	379	3	244	5	2334	48	1225	10	1017	12	5761			4	185	3	360	4	310	14	223	17	2072	9	1351	false	false	
770451			12	257	9	1049	4	1136	47	1512	18	2317	12	3512			9	437	36	4066	53	11886	116	4328	64	7696	38	9788	false	false	
770545			19	902	8	1117	21	4143	7	118	1	100	0	0			0	0	0	0	4	1292	25	702	6	693	5	1525	false	false	
770639			40	1776	64	6962	92	28919	145	4057	29	2116	33	9235			2	156	8	980	6	1199	1	63	1	72	0	0	false	false	
770657			559	22736	373	48326	312	108316	656	17820	133	14516	87	25416			151	6675	213	28431	142	38540	584	12476	120	11211	60	12840	false	false	
770853			57	2082	66	8212	67	21205	326	8733	95	11946	83	28881			9	486	23	2891	26	9903	35	961	12	1238	10	3403	false	false	
771047			2	99	3	331	0	0	33	718	9	795	3	1308			8	346	10	1148	9	2410	58	1633	19	1989	8	1380	false	false	
771140			71	2807	81	9827	114	41647	193	5345	86	10131	98	34644			132	4472	122	12583	59	14250	174	5083	67	7740	40	9970	false	false	
771458			58	2469	120	14246	179	64180	460	13064	218	19213	106	29897			7	292	20	2924	50	10297	29	933	12	928	5	1116	false	false	
771609			41	1745	150	19450	362	144608	241	5545	124	10299	143	36229			0	0	0	0	0	0	1	44	0	0	4	1087	false	false	
771748			11	527	8	954	5	1604	48	1158	14	1491	11	3199			8	273	12	901	10	2365	40	766	12	895	8	1820	false	false	
771878			3	244	24	3274	41	17726	12	284	10	969	9	2786															false	false	
772008			47	2522	99	16693	198	95552	669	10472	130	21010	72	37205															false	false	
772446																													false	false	
772754	205	133															41	1582	41	5194	38	17316	81	2033	10	1589	1	243	false	true	
773032			17	853	19	2118	20	7857	72	1986	16	1941	8	2333			38	1087	13	1375	3	1054	0	0	0	0	0	0	false	false	
773171			3	105	13	1724	3	820	55	1247	3	350	7	2310			7	290	16	1661	9	1361	53	1359	4	360	3	754	false	false	
773247			79	3182	147	14983	386	155688	1663	48060	1989	160384	1155	314451			59	2089	146	8248	122	16998	184	6715	86	8866	51	11326	false	false	
773443			34	1136	37	4917	27	10544	305	9095	86	9129	36	9394			17	624	20	2215	12	3035	128	2598	21	2083	6	1738	false	false	
773470			0	0	3	421	25	7849	11	104	0	0	0	0															false	false	
773742			20	957	50	6042	56	18278	163	4257	43	3823	39	9990			0	0	0	0	0	0	0	0	0	0	0	0	false	false	
774132			13	622	53	7077	188	79232	598	17759	172	15701	124	32832			5	310	2	146	7	2610	17	320	1	96	0	0	false	false	
774235			28	1092	10	1367	18	6608	82	1823	11	1262	8	1017			38	1660	22	2760	17	4254	59	1271	5	471	7	1565	false	false	
774253			15	712	20	2438	30	12037	85	2718	21	2335	18	6177															false	false	
774347			46	1774	21	2412	2	701	297	6552	43	4044	25	6919			38	1755	69	8133	55	14697	345	7651	92	9754	33	6414	false	false	
775054			10	346	17	1737	19	7667	65	996	18	1502	16	4781			13	483	26	3182	34	8737	89	2314	54	4075	30	5902	false	false	
775241			9	307	5	553	1	462	36	923	8	767	2	444			2	77	5	535	8	2426	26	576	10	591	6	1108	false	false	
775456			105	5600	217	26848	342	130475	687	14329	260	22124	240	65241			16	704	20	2143	18	4597	53	1024	23	2096	7	1459	false	false	
775773			1	33	4	376	1	213	2	106	1	2	1	275			0	0	0	0	0	0	0	0	0	0	0	0	false	false	
776369			20	1024	24	3540	35	12215	380	7130	17	1633	18	5139			18	886	10	1619	5	1353	22	424	1	38	4	745	false	false	
776547			13	583	40	4958	43	15295	146	3134	32	2932	7	2740			20	780	13	1507	9	2582	30	770	1	21	0	0	false	false	
777254			8	272	8	1375	8	3080	142	4215	19	2031	7	2289			7	364	15	2149	6	1755	71	1754	6	846	1	102	false	false	
777366			0	0	5	698	90	55420	73	564	6	381	16	6725			0	0	0	0	0	0	0	0	0	0	0	0			
777441			21	818	9	1235	4	1520	18	517	8	969	8	2376			13	582	3	368	7	1663	16	345	4	453	2	522	false	false	
777870			170	3135	90	10959	80	25656	462	2621	25	1509	13	1540															false	false	
778738			23	730	69	8954	341	92004	158	4247	132	5160	533	60964			7	168	5	258	2	542	0	0	0	0	0	0	false	false	
779016			144	7546	119	19065	107	54139	601	9438	56	8546	24	8956			51	1951	42	7487	83	40870	41	549	1	209	1	357	false	false	
779351			122	5953	185	24882	309	127046	504	13802	190	18777	165	45152			67	2797	129	15984	92	26507	246	6245	78	7174	36	8736	false	false	
779641			23	1093	18	2418	22	6867	43	1133	3	206	1	300			7	243	8	912	6	1651	24	2211	2	183	2	445	false	false	
779650			214	2967	166	9790	79	12631	343	2331	55	3234	56	13716			32	538	12	750	6	884	11	90	0	0	0	0	false	false	
779968			0	0	4	638	43	24140	78	3032	105	12538	68	25202															false	false	
780049			96	3984	51	5798	38	12515	576	11466	46	4597	19	6614			34	1449	25	2972	9	1915	171	2980	27	2726	7	1263	false	false	
780218			38	1753	86	9514	145	50256	188	5051	98	8641	94	24102			24	943	67	6257	54	12773	88	3088	27	2655	12	2616	false	false	
780263			2	30	11	1297	30	12934	102	2562	14	1527	16	4386			0	0	1	161	0	0	22	537	9	885	2	590	false	false	
780722			35	1710	79	9603	151	62475	139	4578	69	8867	37	12275			11	505	14	1828	17	4901	15	796	5	578	2	347	false	false	
780955			107	5869	106	14741	69	27144	282	11493	35	4157	30	10986			48	2996	51	6795	43	15234	140	6966	20	2527	8	2738	false	false	
782016			11	525	9	1288	19	7332	35	406	2	309	0	0			15	685	24	2076	11	2701	29	338	0	0	0	0	false	false	
782306			10	281	44	6895	261	116653	1472	30057	1388	97935	1646	440776															false	false	
782548			11	304	9	1022	10	2867	50	940	2	109	4	1505			45	1484	19	2183	22	5196	53	1191	8	925	1	122	false	false	
783161			1	14	27	3009	166	88143	361	7864	145	10860	94	20099			0	0	4	465	18	6607	22	224	10	688	9	1247	false	false	
783246			29	1512	19	3039	50	23719	131	3873	29	3612	21	7442			13	703	20	2514	17	4249	103	2844	31	3322	21	4927	false	false	
783349			6	317	7	771	0	0	11	383	5	643	4	1271			6	204	5	558	10	2693	7	213	2	230	3	484	false	false	
783648			101	4108	219	26166	431	188556	310	9116	185	18775	264	76420			0	0	1	124	2	749	0	0	0	0	0	0	false	false	
783844			30	851	79	9970	169	61983	97	2244	42	3148	54	12862			0	0	0	0	2	607	0	0	0	0	0	0	false	false	
783910			152	1492	70	7774	118	39273	710	3638	51	3187	30	5708			61	552	33	3521	25	6048	229	934	10	591	5	798	false	false	
784159			254	7905	112	12024	90	32146	542	11446	49	4865	23	6947			63	2580	47	5891	43	15815	68	1174	3	371	3	650	false	false	
784430			34	525	11	1403	13	4174	128	3449	11	1588	10	2972			23	620	10	776	5	680	13	372	3	182	0	0	false	false	
785147			58	2453	88	11243	106	41993	220	7087	91	11724	48	17761			48	2287	57	7462	21	5678	165	4213	28	3213	16	7075	false	false	
785473			34	1323	75	8071	319	138062	561	16499	146	7070	116	24758			36	1685	37	4319	30	8203	81	1754	20	1905	8	2308	false	false	
785857			50	2264	38	4242	45	15650	286	5947	55	3386	19	3411			5	274	2	208	3	792	11	382	2	354	2	651	false	false	
785923			33	1294	120	14820	328	132970	257	6949	75	6814	82	23839			4	158	18	1921	26	6138	24	900	13	1548	8	1406	false	false	
785950			29	1258	43	5369	76	32701	126	3067	55	4983	49	15420			15	476	26	3560	16	4087	29	876	24	3073	13	3548	false	false	
786210			77	2899	157	17541	290	113170	498	12419	159	15426	123	26512			54	2510	61	6964	41	11258	113	1962	8	1114	1	211	false	false	
786256			6	338	1	59	1	179	41	1452	24	3114	6	1585			16	470	13	1292	2	245	17	333	2	302	0	0	false	false	
786555			45	1724	55	5710	63	19948	297	8551	74	5982	29	6935			60	2653	110	13773	56	13779	301	6564	47	4657	23	3448	false	false	
786612			444	8803	694	57317	1185	339622	1792	21981	752	36129	830	125194			366	10042	256	26421	228	57253	189	3697	28	3094	11	1888	false	false	
786733			26	855	40	5027	77	30868	49	624	9	528	14	1800			2	4	0	0	1	278	2	10	0	0	0	0	false	false	
786948			48	2090	37	4182	27	11875	519	11868	94	9656	26	8545			24	1386	14	1647	32	8987	297	7756	72	8189	31	7968	false	false	
787459			16	279	53	4345	178	94838	25	436	10	394	15	9910			3	18	4	171	14	4424	9	89	10	819	23	8467	false	false	
787842			78	2446	41	5279	29	12833	608	11817	60	6596	23	6332			73	3404	93	13065	58	17418	808	14274	119	12675	36	8204	false	false	
788559			21	888	14	1668	19	5857	30	766	10	1458	4	1217			30	1230	22	3070	16	5230	56	1536	21	1998	11	2753	false	false	
788652			15	696	33	4140	49	19070	107	2603	35	3804	25	7941			2	78	0	0	0	0	2	22	2	204	1	121	false	false	
788773			29	972	41	4923	30	10536	193	5053	106	10734	108	36647			22	1215	17	2425	17	4029	40	1122	27	1941	27	5325	false	false	
789051			7	144	1	209	0	0	41	798	7	1139	2	467			8	337	12	1466	3	856	204	4281	14	1148	2	610	false	false	
790150			34	1330	28	3418	12	3420	86	1566	9	1089	2	442			18	569	8	1047	3	693	100	1334	4	470	0	0	false	false	
790271			242	9742	121	13749	111	40722	135	2941	31	3044	42	12956			0	0	0	0	0	0	0	0	0	0	0	0	false	false	
790543			11	376	32	4572	70	29007	65	2128	54	6055	53	18723			1	45	4	613	7	2146	8	101	13	1521	2	626	false	false	
790703			67	1692	96	8456	186	55043	453	5867	68	3315	36	8985															false	false	
790918			122	5219	232	29075	311	124552	328	9224	76	7219	64	19826			6	314	9	1494	3	917	10	302	3	500	1	309	false	false	
791072			20	891	19	2054	27	10552	165	5256	61	6804	26	9454			2	123	8	1079	6	1747	42	1197	14	2397	6	1194	false	false	
791353			10	231	28	3466	66	25762	143	3960	46	5476	29	10004			4	121	8	767	3	575	13	320	4	739	1	224	false	false	
791821			2	57	11	1319	46	22487	49	1258	26	1295	49	12565			0	0	0	0	1	271	0	0	0	0	0	0	false	false	
791942			68	3363	63	9755	29	12995	162	4334	12	1819	7	3967			3	97	5	1016	1	400	0	0	0	0	0	0	false	false	
792453			3	202	2	334	3	1224	30	1265	16	2357	22	6930			20	764	20	2637	10	3023	139	3377	12	1155	7	1330	false	false	
792640			61	2775	32	4353	14	4519	299	6520	44	5393	7	2146			52	2070	73	9186	51	16035	452	9249	68	7607	28	7247	false	false	
792659			4	112	11	1468	18	7515	16	313	5	621	2	1032			6	274	12	1392	3	653	5	24	0	0	0	0	false	false	
794149			24	818	22	2616	42	15099	250	6518	73	6199	53	13118			1	53	3	467	4	999	1	0	0	0	0	0	false	false	
794345			44	2254	45	5963	46	17930	161	4831	26	2654	15	2945			9	273	11	1634	10	2938	62	1614	10	984	3	611	false	false	
794475			0	0	0	0	0	0	0	0	0	0	0	0			0	0	0	0	0	0	0	0	0	0	0	0	false	false	
794653			15	514	7	777	4	940	21	517	0	0	1	500			6	229	9	1212	6	1224	34	902	8	897	7	1393	false	false	
795249			7	279	3	412	7	3203	41	891	4	451	6	2457			1	23	6	775	9	2006	38	902	25	2348	12	2084	false	false	
795548			40	2103	30	4045	42	18233	302	7237	59	5858	42	12482			63	2432	126	10043	125	17419	394	9303	168	15106	84	12507	false	false	
795959			23	1010	17	1891	4	1148	89	2450	23	2650	22	8177			6	151	8	745	4	1131	16	296	3	277	1	300	false	false	
795968			3	176	37	5379	223	103929	917	19793	71	7621	140	42582			0	0	0	0	0	0	11	313	1	55	0	0			
796152			139	6771	105	16091	119	48360	812	22264	75	9373	46	13611															false	false	
796657			12	620	10	1418	17	6256	44	1023	10	948	6	1106			11	433	8	985	3	1014	12	220	2	216	0	0	false	false	
797140			73	2641	100	13772	108	43730	607	16691	118	11755	50	13821			64	3290	152	16872	121	26609	422	9615	70	6554	25	7002	false	false	
797775			0	0	21	2356	92	26396	6	81	3	223	7	2752															false	false	
798512	15	44													82	119													true	true	
799751			110	5235	96	13737	51	20064	260	7372	91	8382	26	6248			22	971	23	2861	22	4946	101	2289	20	1784	9	1893	false	false	
799854			12	576	14	1922	18	7982	65	2303	16	1384	9	2142			6	237	7	651	2	879	8	138	4	409	2	489	false	false	
799939			0	0	0	0	0	0	8	272	3	279	1	300			1	55	1	81	4	710	1	83	4	383	4	1238	false	false	
799948			44	1897	28	3295	12	3825	248	6724	28	2605	9	2904			61	2160	32	3596	16	3440	252	5078	27	2356	14	2660	false	false	
800134			22	1001	31	3000	60	24082	29	855	19	2370	17	4764			3	125	4	435	3	941	6	140	1	54	1	210	false	false	
800442			38	1295	17	2214	13	3412	46	1452	5	579	3	745	5	50													true	false	
800479			0	0	0	0	0	0	0	0	0	0	0	0			0	0	0	0	0	0	0	0	0	0	0	0	false	false	
800853			5	216	21	2507	31	13092	173	3254	32	3097	8	1264															false	false	
801047			22	888	26	3258	51	18200	79	1673	17	1596	32	8514			20	753	34	3715	15	3035	63	1316	17	1192	15	2341	false	false	
801056			19	905	14	1597	14	5927	149	3827	38	3202	16	4596			24	830	27	2972	24	5878	76	1545	23	1944	13	3277	false	false	
801654			2	36	7	930	5	1542	64	2032	9	901	5	2137			7	264	11	1361	12	2750	36	987	8	1000	5	646	false	false	
803256			21	992	9	1619	12	4714	73	3055	23	2628	12	6089			4	90	9	1226	14	4564	41	1826	23	3563	16	5913	false	false	
803265			8	303	4	309	1	674	39	1015	4	499	1	146			3	91	1	162	0	0	41	587	2	299	0	0	false	false	
803649			48	2122	38	4254	40	14476	212	5293	82	7725	49	13629			21	852	65	7832	82	20830	156	4116	77	6670	61	9589	false	false	
803658			7	238	3	572	5	2089	26	712	18	2246	9	4194			4	176	4	708	12	1616	31	396	22	1548	14	3169	false	false	
803957			18	644	20	2469	31	12216	188	5109	83	9308	58	18719			34	1305	38	4636	29	7667	71	1692	34	3254	31	6111	false	false	
804150			5	248	7	902	6	1979	47	1099	16	1659	3	893			2	48	4	462	5	1478	10	195	3	344	2	647	false	false	
804338			1	26	7	770	42	23135	113	4179	272	27266	380	115111															false	false	
804374			50	2782	96	12743	124	45372	289	7522	106	11323	83	21170			8	507	8	1046	9	4420	1	12	2	289	0	0	false	false	
804422			16	891	16	2018	6	1333	81	2022	3	375	3	1361			19	792	21	2555	11	2933	68	1083	0	0	0	0	false	false	
804860			6	174	12	1644	10	3150	128	2627	6	630	0	0			17	650	8	714	2	419	19	259	0	0	0	0	false	false	
805045			17	599	20	3098	12	4159	110	3038	18	2203	12	2155			18	626	49	6210	31	8192	153	4520	44	5030	27	6092	false	false	
805250			41	1472	29	3471	45	17151	150	3862	21	2292	13	3060			50	2110	82	10698	66	20987	283	7341	67	7343	39	7697	false	false	
805335			13	578	14	2133	21	7540	138	3545	17	1889	13	4551			0	0	1	156	1	275	18	471	1	43	1	290	false	false	
805755			129	5175	169	20447	172	56288	765	17497	121	12331	51	11997			2	87	0	0	0	0	0	0	0	0	0	0	false	false	
805876			6	260	5	505	5	1065	5	118	1	132	1	38															false	false	
806846			63	1315	113	5917	374	114518	200	1768	146	2893	207	25738			0	0	1	22	1	58	0	0	0	0	0	0	false	false	
806958			35	1779	60	6846	81	33362	208	5281	81	6547	76	23007			38	1484	56	6515	25	5474	78	1830	42	3122	31	5644	false	false	
807348			9	310	19	2694	30	14407	21	346	6	475	15	5685			6	197	3	266	6	961	7	60	2	172	1	239	false	false	
807432			32	950	31	1984	27	11268	122	2720	27	2733	20	5656			77	2712	36	4422	21	6089	26	567	5	559	3	523	false	false	
807656			39	1691	47	6076	52	21938	332	10175	32	3439	13	3389			64	2577	37	5173	9	2226	17	438	2	225	1	155	false	false	
807955			34	1705	100	12872	257	96432	3225	97136	710	80436	273	72272			2	35	7	1080	5	1481	6	93	1	79	2	300	false	false	
808260			4	146	44	6015	205	93031	121	2925	118	7567	224	49192			1	22	12	1238	39	10194	182	1003	42	3107	66	9788	false	false	
808345	17	80															0	0	1	11	1	429	3	8	0	0	0	0	false	true	
808653			50	1973	34	3544	30	8762	162	4583	58	5245	29	7829			34	1170	64	7129	60	16950	271	6840	71	7800	76	16658	false	false	
809070			0	0	0	0	3	540	0	0	0	0	0	0			0	0	0	0	0	0	0	0	0	0	0	0	false	false	
809276			4	92	11	473	77	9679	392	3159	2971	47708	425	47906			0	0	0	0	1	178	75	361	0	0	0	0	false	false	
809379			15	569	9	1102	9	3032	13	195	4	422	10	7049			1	44	2	179	4	1230	11	261	3	292	1	218	false	false	
809650			31	1395	28	4132	36	15103	348	7915	51	6000	47	14057			31	1258	25	3127	9	2434	68	1854	6	537	11	2153	false	false	
809771			0	0	3	349	9	4127	0	0	0	0	0	0															false	false	
810544			17	759	18	2075	9	3364	143	3202	26	3247	11	2811			51	1764	52	6197	57	15552	926	26870	400	37430	69	15640	false	false	
811046			6	251	13	1973	56	23695	40	1515	35	3568	87	30763			0	0	1	82	3	648	0	0	0	0	0	0	false	false	
811457	7	21													5	36													true	true	
811541			16	431	21	2391	19	7474	136	2603	10	1351	10	3029			59	2287	40	4278	24	6249	51	860	3	329	2	689	false	false	
811550			34	1366	21	2439	5	2679	75	1601	5	619	1	594			16	420	10	1045	0	0	373	7180	5	538	1	360	false	false	
811747			22	910	40	5568	41	17034	185	4512	41	3548	37	9859			17	555	50	6157	62	16510	147	3264	67	4739	65	11653	false	false	
812379			9	403	9	934	22	8826	32	629	9	460	5	746			0	0	2	377	0	0	0	0	0	0	0	0	false	false	
812436			6	206	51	6389	180	75266	362	11408	210	24492	225	72614			0	0	0	0	1	439	0	0	0	0	0	0	false	false	
812557			61	1427	73	4721	103	23730	305	6039	75	5052	86	13740			102	3288	197	23837	132	33744	621	14892	238	24590	126	24476	false	false	
812614			46	1853	48	7193	50	19469	251	6682	52	4757	16	3328	2	32													true	false	
813572			9	769	13	1938	12	4028	321	5021	150	8855	58	23675			0	0	0	0	0	0	0	0	0	0	0	0	false	false	
813853			23	858	51	6772	129	60495	218	5250	104	9096	68	17366			16	643	18	2747	23	4352	32	737	18	1904	9	1813	false	false	
814074			0	0	0	0	0	0	0	0	1	235	0	0															false	false	
814355			8	306	3	386	1	261	35	731	1	116	2	544			23	767	19	1892	9	987	87	1147	9	557	8	1074	false	false	
814430			6	311	78	10299	476	232188	164	5981	161	18854	384	136513			0	0	0	0	0	0	0	0	0	0	0	0	false	false	
814458			17	799	28	3874	35	15190	153	3300	30	3027	25	6546			2	113	1	156	1	227	0	0	0	0	0	0	false	false	
814476			5	252	5	552	11	4138	0	0	0	0	0	0															false	false	
814551			19	934	34	4225	48	18460	229	4941	38	3854	22	4945			12	535	17	2392	13	3585	61	1196	9	1082	4	957	false	false	
814711			29	1215	28	3213	58	20846	141	3282	47	3730	38	8431			1	90	1	139	4	1830	0	0	0	0	0	0	false	false	
815053			21	662	9	1207	11	3629	68	2057	28	3382	39	12744			37	1446	32	3833	47	13161	130	3263	40	4337	16	4484	false	false	
815147			33	1575	85	8806	144	54633	102	2212	42	3918	55	15924			3	47	1	173	0	0	1	65	0	0	0	0	false	false	
815156			21	1141	55	7462	99	38273	228	5635	64	6120	61	16175			56	1936	105	12785	112	31419	294	7377	133	12456	88	15613	false	false	
815277			13	397	92	6601	196	57680	884	22622	104	15911	89	42350															false	false	
815754			52	2051	60	7514	55	21267	332	9617	82	8495	20	6301			13	697	6	520	6	1898	95	2436	5	337	5	919	false	false	
815772			17	625	25	2728	49	17472	6	108	2	55	6	1864															false	false	
816256			16	698	10	1227	9	3173	79	2137	15	1685	14	4405			14	793	15	1421	12	2381	14	397	11	1100	5	1308	false	false	
816304			1	80	9	1223	24	10360	21	681	0	0	1	442															false	false	
816603			38	1174	91	9100	223	71901	322	1741	91	2625	102	9787															false	false	
816751			4	153	6	805	9	2771	75	2219	10	1009	3	591			3	118	2	278	1	207	27	745	9	1067	2	625	false	false	
817477			19	852	17	1677	22	8695	44	1028	7	462	2	172			0	0	2	269	4	1847	4	35	0	0	0	0	false	false	
817824			514	19982	1929	227235	4170	1634172	347069	3012111	14283	1237407	7854	1896953			11	471	15	1825	15	3460	956	39386	568	47109	34	7639			
818401			21	886	68	6773	177	58149	315	4134	52	3921	80	21638			0	0	1	151	0	0	0	0	0	0	0	0	false	false	
818540			9	415	5	796	9	3010	30	865	15	1477	7	1965			0	0	10	1497	11	2011	63	1678	25	2897	9	2490	false	false	
818559			6	157	9	1214	16	6287	32	995	7	222	2	803			3	80	1	207	1	395	7	305	3	383	2	799	false	false	
818652			7	187	5	556	3	1685	61	1669	31	2310	5	1968			10	204	3	347	1	299	25	450	0	0	1	214	false	false	
819154			44	1595	37	3691	9	3417	85	1628	4	416	5	1131			0	0	7	787	7	2004	65	910	3	209	0	0	false	false	
819172			27	1251	27	3495	30	9129	40	980	11	1282	4	702			3	109	7	761	6	1545	5	215	0	0	0	0	false	false	
819453			57	2674	97	13603	81	32065	647	15661	109	12141	35	8464			67	2377	58	7214	27	4984	96	2917	12	1526	0	0	false	false	
819556			78	3193	90	11330	110	45413	250	5879	44	4402	23	6725			27	1263	23	3057	20	7205	88	2094	16	2206	7	1741	false	false	
819855			49	1971	65	8413	124	49178	519	13594	119	10637	78	22493			26	922	64	7377	50	15656	340	9177	100	9213	76	14042	false	false	
820048			41	2102	44	7079	75	28495	74	2038	21	2498	25	7190			29	1798	37	5842	24	7214	83	1651	6	615	7	1411	false	false	
820301			19	931	54	9324	66	31160	56	2858	48	7962	22	10559			0	0	1	83	2	809	0	0	0	0	0	0	false	false	
820477			0	0	6	1067	20	9264	2	22	2	434	0	0															false	false	
820842			33	1001	39	4810	62	21149	85	2213	17	1549	25	8798			51	1746	39	4507	7	1947	17	328	3	307	0	0	false	false	
820879			11	400	6	550	6	2684	12	286	10	758	5	2157			7	331	5	363	1	376	0	0	0	0	0	0	false	false	
821036			20	887	28	4085	37	16376	24	764	9	1161	29	10752			1	87	0	0	1	320	0	0	0	0	0	0	false	false	
821157			15	406	23	2407	22	7626	69	1399	27	2896	19	7144			15	575	26	3049	17	4680	36	660	12	1069	19	3622	false	false	
821559			0	0	1	160	0	0	18	468	1	32	0	0			0	0	0	0	0	0	0	0	0	0	0	0	false	false	
821643			2	47	3	407	4	2050	20	616	7	926	11	4341			2	96	11	1182	8	2088	24	540	10	460	7	715	false	false	
822042			51	2340	85	9356	158	58421	143	3412	83	7100	87	23783			22	729	41	6051	38	9526	53	1132	26	2608	18	3109	false	false	
822051			31	1249	29	3210	14	8990	255	5874	46	4463	26	7607			22	884	17	1637	13	3679	95	2244	16	1863	11	2037	false	false	
822275			3	167	4	564	6	3242	0	0	0	0	0	0															false	false	
822556			0	0	0	0	0	0	0	0	2	259	7	3720															false	false	
822631	35	116															4	167	3	518	6	1620	3	28	2	259	0	0	false	true	
823133			23	874	17	1312	20	10847	93	1845	24	1764	13	2463			8	227	24	1991	17	4498	63	1404	26	2104	5	612	false	false	
823142			5	312	6	523	8	4242	18	596	5	284	5	1152			1	11	6	479	1	228	3	133	0	0	0	0	false	false	
823450			12	494	31	4383	33	11692	20	388	13	1220	7	874			1	70	3	152	2	482	0	0	0	0	0	0	false	false	
823478			2	172	3	550	19	11106	19	636	38	3711	66	22333															false	false	
823553			2	57	1	70	0	0	6	230	2	366	1	367			2	106	3	490	4	906	43	1094	5	136	1	450	false	false	
823638			1	2	1	230	4	1962	33	998	13	1260	3	681			0	0	1	25	0	0	0	0	0	0	0	0	false	false	
823656			42	1583	45	5420	47	18981	229	5694	57	5391	31	7571			23	1337	58	7434	56	15215	316	7260	109	10969	59	10404	false	false	
824242			2	106	1	223	5	2512	1	34	2	421	2	753			1	71	9	667	13	3229	4	89	3	212	3	685	false	false	
824653			22	971	34	5268	112	47582	381	9481	75	8031	58	18970			41	1852	51	6369	42	12182	165	3992	23	2469	12	1981	false	false	
824671			28	2786	31	4135	87	38012	88	996	12	1133	16	3537			0	0	0	0	0	0	0	0	0	0	0	0	false	false	
824738			12	407	11	1257	3	1026	114	4204	21	2601	6	2296			25	1258	26	3370	22	5490	26	1069	18	2120	3	1312	false	false	
825146			268	12745	346	44126	484	196758	6196	50226	580	51361	421	115157			145	6599	200	27610	159	44553	527	13538	210	17083	106	21131	false	false	
825454			25	1107	28	3113	18	5076	335	6075	21	2057	13	3294			63	2750	54	5791	33	9075	19	495	6	116	3	323	false	false	
825548			20	597	24	2886	14	4131	65	1460	25	2354	20	5368			44	1633	66	7417	25	7076	44	888	21	2247	4	713	false	false	
825753			1	62	6	776	39	15777	18	371	24	1760	17	4071															false	false	
825847			113	3761	34	4962	15	4506	426	11211	96	8621	35	8856			53	2277	102	12018	109	31625	568	14808	195	20609	99	20361	false	false	
825940			20	619	17	2510	12	7333	21	706	8	1097	1	575			26	991	23	3167	12	2848	21	442	2	194	0	0	false	false	
826451	22	114															10	324	9	1004	8	2301	90	1768	6	590	2	500	false	true	
826648			34	1633	19	2490	21	7385	293	5629	43	3965	22	4154			46	2709	58	6909	51	14717	502	10950	100	9960	48	9637	false	false	
826956			75	2748	149	18116	384	159727	1087	29697	532	51001	460	117381			94	3695	182	23511	177	46564	1111	26504	847	49423	502	52972	false	false	
827355	98	44															39	1650	16	2569	10	3441	149	3409	17	2395	6	2049	false	true	
827458			13	643	18	1651	17	5437	55	1536	29	2984	30	8923			16	654	51	6060	26	7097	89	1933	50	4720	60	11994	false	false	
827560			1	24	5	411	19	6393	0	0	0	0	0	0			0	0	0	0	0	0	0	0	0	0	0	0			
828110			2	135	10	1247	11	3312	59	2483	43	5614	7	2964															false	false	
828174			17	797	25	3393	18	6472	0	0	0	0	0	0															false	false	
828473																													false	false	
828651			42	1678	114	13741	266	105346	2976	12856	56	4855	80	24247			5	167	15	2000	7	1849	31	626	9	824	2	504	false	false	
829032			171	6863	128	15128	89	33874	163	4752	28	2748	15	2067			1	50	0	0	0	0	0	0	0	0	0	0	false	false	
829041			33	1236	30	3225	24	9923	96	1926	12	1282	12	4266			41	1382	41	4826	10	2375	63	1253	0	0	0	0	false	false	
829050			26	1081	36	3874	53	20103	132	3080	18	2038	14	3684			31	1394	20	2340	6	1274	42	882	8	647	1	215	false	false	
830113			306	4462	89	9826	46	17348	1671	4653	97	6330	36	8406			142	1381	40	4929	27	6619	1037	1972	35	2372	6	587	false	false	
830252			3	140	2	297	5	1888	127	3245	19	1975	14	4337	1	71													true	false	
830355			27	1054	34	5052	46	18052	194	4585	44	3833	17	3927			24	1008	38	5237	18	4828	126	2794	19	1659	7	1849	false	false	
830542			80	3566	152	19454	218	86514	298	7638	112	8645	106	24621			31	1110	88	10464	60	13738	162	3896	67	5631	60	10179	false	false	
830645			37	1396	22	2515	13	5851	77	1837	11	1330	13	3659			12	530	25	3367	16	4721	43	965	30	2514	21	4660	false	false	
830748			25	928	40	4807	34	11282	120	3248	44	4643	27	8622			82	3682	116	13378	79	20730	78	1999	29	3289	10	2782	false	false	
831008			10	501	30	3711	101	41649	156	4329	110	10408	24	3740															false	false	
831576			34	1530	40	5732	95	37062	302	7666	72	6708	54	16193			15	566	7	869	13	3672	5	254	1	105	5	1839	false	false	
831642			26	1089	62	7526	87	29836	131	3081	38	2855	38	9858			2	113	5	716	8	1795	17	355	4	251	3	725	false	false	
831875			3	138	4	295	2	1212	0	0	0	0	0	0			0	0	0	0	0	0	0	0	0	0	0	0	false	false	
831941			33	1230	26	3053	46	16015	133	3015	30	3884	27	7235			14	360	15	1669	11	2909	22	533	6	603	0	0	false	false	
832528	58	15													2	1													true	true	
832546			61	2797	119	14684	167	64196	134	2741	53	5370	96	27028			3	91	4	232	2	484	6	128	4	444	1	449	false	false	
833404			136	2127	132	16088	303	119915	1237	7505	80	5623	78	18448			0	0	0	0	0	0	13	549	11	1797	7	2373	false	false	
833749			7	292	12	1639	37	17523	30	891	21	2007	15	5407			0	0	1	197	2	238	4	216	0	0	2	660	false	false	
833851			34	1288	20	2586	8	2464	67	1640	14	1760	4	1648			4	159	3	283	2	549	11	188	0	0	0	0	false	false	
834175																													false	false	
835079			6	192	5	443	2	443	0	0	0	0	0	0			4	173	2	174	8	1528	0	0	0	0	0	0	false	false	
835257			22	1006	37	3714	70	28663	105	2615	39	3152	36	9135			10	431	17	1828	24	4835	31	454	23	1907	13	1797	false	false	
835378			13	578	14	1711	4	1677	17	492	2	290	4	1411			4	224	2	276	2	601	2	33	0	0	0	0	false	false	
835444			61	2175	60	6225	51	18283	302	11441	246	26862	79	18037			17	581	10	1095	3	522	0	0	1	145	0	0	false	false	
835613			8	98	7	915	10	4557	15	179	4	306	0	0			7	273	6	667	3	584	11	148	2	207	0	0	false	false	
835659	16	97															9	466	12	1860	7	1529	99	2169	16	1532	15	3591	false	true	
835743			108	6244	110	12225	88	33246	1219	26202	97	9692	32	9315			47	1604	40	4526	14	2974	245	2853	8	935	0	0	false	false	
835770			5	150	19	2447	18	7755	5	212	2	186	5	1456															false	false	
836656			5	155	2	166	3	636	129	2380	5	522	2	544			6	289	5	561	7	1839	79	1850	1	141	2	459	false	false	
836843			172	6574	280	29512	586	227876	1758	44531	628	49027	593	125112			110	4207	238	22530	200	37488	669	19346	199	20837	111	21041	false	false	
837046	122	67													170	121													true	true	
837149			70	3124	46	6315	54	17248	471	10428	59	5911	15	3234			205	7976	167	20293	96	27463	599	12499	59	5603	22	6436	false	false	
837158			26	1004	10	1416	25	9642	39	955	8	718	7	3614			16	683	29	2576	27	4864	73	1340	21	2068	8	1538	false	false	
837354			18	615	28	4006	29	10081	102	3017	20	2094	16	3657			8	335	6	303	1	374	10	195	6	378	0	0	false	false	
837448			33	1424	38	4974	25	9368	190	5546	28	3281	20	7085			20	842	23	2691	21	4339	47	1244	41	3288	12	2260	false	false	
837541			24	1093	16	1934	7	2650	51	1858	36	4007	8	2380			46	2304	48	5180	26	7515	40	1377	15	942	8	1607	false	false	
837608			4	277	23	2651	111	41753	145	1237	47	1546	67	12637															false	false	
837653			1	40	1	86	0	0	20	507	3	355	1	430			4	109	13	1450	13	3166	82	2438	37	4026	15	2607	false	false	
837840			32	1261	27	3671	61	28375	228	14090	32	3045	15	4468			14	419	5	456	9	2628	92	3401	5	722	2	830	false	false	
837952			23	791	9	1030	7	3193	96	2396	5	595	7	1837			58	2372	67	8383	22	6001	217	4289	34	3879	8	2398	false	false	
837970			0	0	1	93	4	2066	14	699	55	6900	12	4716															false	false	
838155			3	137	1	126	1	100	24	688	6	546	6	1763			3	100	5	548	4	860	19	630	10	1270	7	1557	false	false	
839068			17	878	37	5422	83	34149	416	9245	36	3389	25	6536			11	574	10	1502	23	6979	216	4858	25	2615	11	1434	false	false	
839246			61	2225	27	2988	30	10289	365	7687	36	3788	15	4403			91	3726	116	12165	39	8167	299	5755	28	3409	10	2836	false	false	
839255			3	167	29	3314	61	25186	112	2633	39	3775	52	14310			0	0	0	0	0	0	0	0	0	0	1	273	false	false	
839572			0	0	5	247	0	0	1	60	0	0	1	458			0	0	0	0	1	309	0	0	0	0	0	0	false	false	
839817			12	453	8	1780	4	1679	13	519	9	1375	6	2799	7	1													true	false	
839974			5	217	18	2326	9	4119	16	463	9	827	1	218			13	627	38	4796	19	5348	0	0	0	0	0	0	false	false	
840019			13	416	21	2557	26	9280	88	2403	18	2149	22	9228			24	984	17	2118	7	1753	48	1187	4	347	2	505	false	false	
840251			21	574	20	2969	31	25685	100	3000	18	2890	15	11935	46	4247													true	false	
840354			5	229	3	338	5	2213	77	1694	16	1263	9	3455			5	206	8	918	8	1586	68	1899	21	1998	14	2675	false	false	
840363			94	4112	110	14521	122	47947	1430	39307	293	26923	108	30895			23	957	33	4089	16	5001	370	9368	105	9912	56	9590	false	false	
840747			40	2155	97	11939	142	58019	151	4230	118	9643	167	45961			17	817	68	8895	57	15832	77	2522	70	6302	36	8107	false	false	
841472			13	634	41	5279	62	27393	97	3888	45	3854	22	4516			1	51	2	102	2	568	0	0	1	50	0	0	false	false	
841753			43	1677	34	4823	57	22685	233	6099	37	4131	24	8297			8	235	12	1277	4	877	9	146	2	254	4	1386	false	false	
841838			8	226	13	1062	29	12737	330	10509	166	14871	166	37390			6	217	1	148	3	1202	0	0	0	0	0	0	false	false	
842376			3	82	6	686	8	3363	1	22	0	0	1	140			0	0	0	0	0	0	0	0	0	0	0	0	false	false	
842460			40	1260	176	18629	291	90570	855	15872	202	13999	147	29610			13	712	18	1179	11	2555	32	587	1	250	0	0	false	false	
842853			0	0	11	1709	3	1004	60	1825	19	1883	5	1041			4	282	6	759	2	469	13	360	7	787	1	387	false	false	
843476			15	343	5	778	2	871	57	1063	4	308	0	0			7	306	5	699	2	557	12	209	3	380	1	300	false	false	
843953			17	805	13	1417	2	494	58	1652	10	898	5	1297			6	327	3	161	5	1566	33	970	14	1599	7	1138	false	false	
844053			11	478	24	2858	71	32480	136	3171	133	12398	168	45277			0	0	0	0	6	2055	0	0	0	0	0	0	false	false	
844138			23	1020	35	4858	25	9048	188	4982	38	3504	14	3619			22	1038	18	1948	7	2090	86	2759	18	2110	7	1415	false	false	
844455	79	89													29	81													true	true	
844567			10	570	30	3708	94	39455	812	12527	95	7591	48	10867			0	0	1	186	1	330	0	0	0	0	0	0	false	false	
845247			81	3218	78	9916	115	43556	560	12480	102	10973	80	20529			136	4684	176	20551	92	21137	444	8647	51	4421	13	2037	false	false	
845573			16	376	33	4357	243	117505	273	4782	32	2796	51	14467															false	false	
846132			4	276	6	584	2	899	44	1302	15	1484	4	798			0	0	4	504	4	1028	11	245	5	530	5	1323	false	false	
846945			30	892	34	4448	29	11601	66	1970	12	1036	5	1408			5	226	5	873	2	275	4	103	0	0	1	325	false	false	
847157			49	1822	51	6093	49	17895	226	4648	48	4132	35	7283			31	1126	27	2514	18	4101	149	3424	18	2156	6	1096	false	false	
847979			7	242	8	952	11	4077	36	1393	35	3669	11	1984															false	false	
848248			23	1048	30	3898	44	16318	200	4240	21	2188	18	4508			26	1167	29	3418	18	4376	68	1702	20	1540	18	3566	false	false	
848453			6	338	13	1701	37	13056	14	267	14	831	36	5458			5	243	3	294	4	894	4	74	0	0	1	194	false	false	
849076			7	216	9	935	9	3089	21	825	11	1147	6	1902	12	0													true	false	
849348			15	789	13	1955	35	15855	153	3707	47	4261	31	7726			20	618	30	3802	38	10009	119	3029	42	4163	21	4562	false	false	
849357			58	2528	43	4978	36	12693	617	13583	78	7119	29	8583			84	3032	48	6472	17	5267	392	7603	17	1691	9	1273	false	false	
849432			81	3468	54	6398	66	21523	161	3816	52	4671	11	2259			14	570	14	1372	4	835	134	1846	7	570	5	380	false	false	
850036			17	574	77	7834	200	79397	352	1519	100	6302	142	30203			0	0	0	0	3	541	0	0	0	0	0	0	false	false	
850054			14	549	8	798	5	1519	92	2647	12	1288	4	1458			12	655	18	2296	22	5862	212	18378	21	2577	5	1046	false	false	
850456			45	2036	19	2436	23	7965	396	10573	59	6421	46	17296			106	4114	122	15683	61	17801	472	11280	85	9292	25	6722	false	false	
851060			2	73	3	367	9	4245	97	1096	8	914	4	1770			3	130	3	570	0	0	4	131	3	552	0	0	false	false	
851172			8	618	8	944	13	4251	0	0	0	0	0	0			0	0	0	0	0	0	0	0	0	0	0	0	false	false	
851239			48	2033	71	8853	56	18295	249	7740	72	7592	50	15103	1	13													true	false	
851631			13	521	23	2695	24	8557	273	7139	31	3505	17	5344			9	288	24	2645	14	3964	34	874	8	711	5	1081	false	false	
852218			389	11000	1862	187000	8180	3392000	3760378	30969000	97444	5939000	15063	2244000			3	0	9	1000	12	2000	57272	387000	732	32000	22	3000			
852254			29	1263	34	3705	21	6748	51	1476	20	1923	8	2160			28	1370	58	7306	90	36964	318	8294	97	10411	72	21198	false	false	
852320			1271	44000	3229	312000	6577	2185000	430132	3296000	11251	801000	11314	2149000			109	2000	154	16000	169	40000	451	7000	108	4000	108	6000			
852544			335	13305	296	36014	306	117546	1172	28970	240	25936	181	60779			172	6500	133	15558	69	17959	235	5458	64	6788	47	8679	false	false	
852704			1	32	20	2227	94	38471	111	1443	89	5923	196	55195			1	45	1	151	1	238	0	0	0	0	0	0	false	false	
852713			14	552	55	6275	188	70157	143	2356	72	5207	102	18913			0	0	1	47	3	491	0	0	0	0	1	295	false	false	
852973			18	831	59	6915	115	54830	108	6823	116	18248	104	28850			1	24	4	753	2	444	1	19	3	413	2	1272	false	false	
853251			6	243	16	2289	31	13366	39	1761	30	3061	19	6214															false	false	
853671			15	660	18	1850	42	17684	25	529	13	995	6	1096			1	42	0	0	2	665	0	0	0	0	0	0	false	false	
853747			219	6540	73	7501	24	6694	534	10536	48	5075	27	6776			82	3097	129	14370	55	15189	268	6571	63	5613	37	8098	false	false	
853804			7	438	18	2016	99	35325	28	336	13	537	10	3817															false	false	
853934			4	211	7	968	17	8385	72	2615	48	4791	12	4056			0	0	3	153	2	544	4	96	0	0	0	0	false	false	
853952			475	19398	807	95973	1444	524588	39741	142853	902	85150	746	200781			359	14151	443	52211	283	72807	1008	19771	118	12052	41	9609	false	false	
854173			27	782	21	1594	12	2674	1	35	1	44	0	0															false	false	
854753			9	544	29	3232	10	3755	110	2654	16	1658	15	5144			10	478	22	3095	26	6192	73	2168	43	4117	26	5424	false	false	
854847			7	329	3	380	7	3781	210	4010	13	1992	17	9427			13	455	11	1662	8	2945	80	1677	8	1291	7	2511	false	false	
855143			31	1404	36	5152	32	13130	161	3496	22	1554	5	2022			12	507	28	3151	7	2379	23	801	4	591	2	550	false	false	
855264			11	354	27	3570	27	10684	69	2164	15	1731	12	3165			1	84	2	237	2	370	17	341	3	261	1	125	false	false	
855303			8	308	3	319	0	0	38	737	6	575	0	0	3	5													true	false	
855563			2	125	18	2266	22	8212	1472	49402	493	32652	51	10776			0	0	2	43	3	607	0	0	0	0	0	0	false	false	
855741			37	1557	57	7000	62	24524	189	4318	53	4648	56	12952			13	521	30	3777	20	4475	42	850	25	2022	15	2801	false	false	
855844			16	697	24	3009	27	9641	32	554	8	847	6	1459			5	198	15	1875	7	2069	27	571	2	166	0	0	false	false	
855956			12	619	28	3484	20	6916	65	2111	38	4790	11	3097			10	493	21	2503	17	4632	36	881	14	1576	10	1950	false	false	
856159			0	0	0	0	0	0	11	449	0	0	3	914			4	213	11	1736	2	624	20	513	1	124	0	0	false	false	
856243			42	1456	81	10399	234	111885	259	8830	167	16035	332	112098			3	159	8	699	8	2070	8	233	3	282	6	1631	false	false	
856346			44	2124	50	6531	53	20198	130	3296	35	3719	42	14929			8	199	8	1099	2	670	3	71	2	136	0	0	false	false	
856458			3	44	1	100	0	0	4	109	4	621	3	1360			11	380	12	1496	13	3147	89	2403	24	2878	18	4158	false	false	
856542			4	233	2	403	8	4076	26	757	4	397	6	1681			14	304	18	1790	34	7848	42	1377	15	1714	13	2334	false	false	
856748			76	2537	81	10008	137	57868	1741	53447	111	9688	50	17569			40	1615	29	3412	21	5757	170	3141	12	709	8	1839	false	false	
856869			13	378	9	1215	4	814	97	2499	8	905	4	1008			8	335	3	545	2	601	33	764	1	47	1	275	false	false	
857259			9	274	3	440	2	382	33	763	5	543	1	280			20	1140	22	3235	4	1233	74	1432	13	1338	2	489	false	false	
857455			79	3089	76	8797	59	22116	278	7149	60	5854	38	10911			10	487	4	446	5	1432	46	1120	8	812	1	194	false	false	
857745			56	1772	52	5747	36	13103	210	4641	55	5792	40	12389			46	1951	63	6937	47	12980	191	4224	58	4498	40	8485	false	false	
857811			45	2065	59	7249	52	20054	179	6404	81	9376	29	10398			3	143	6	589	3	448	1	9	0	0	0	0	false	false	
857941			44	1700	49	6791	21	7100	49	1463	19	1645	10	3232			23	774	38	3824	42	9861	89	2072	16	1512	2	634	false	false	
858153			0	0	0	0	0	0	24	584	14	1574	6	2358			3	79	2	178	1	99	50	1581	21	2328	6	1463	false	false	
858443			13	569	12	1255	4	1450	56	1317	11	931	2	504			26	878	16	1996	4	768	56	1222	14	1061	5	946	false	false	
858452	5	129															5	205	11	896	6	1614	112	2883	24	2628	13	3041	false	true	
858528			68	2700	53	6647	43	15285	218	4305	13	1454	13	3578			76	2409	17	2377	15	3985	31	758	1	4	1	208	false	false	
858818																													false	false	
858854	97	308															103	4245	78	10224	45	11169	351	8111	72	8357	37	9881	false	true	
859002			84	757	73	7510	139	53561	917	4367	95	4918	84	17113			0	0	1	78	2	473	0	0	0	0	0	0	false	false	
859141			58	2697	74	9538	110	45683	230	5473	105	8995	103	26209			51	2228	88	11049	110	30236	174	3595	122	8659	94	15983	false	false	
859552			8	298	22	3081	90	34465	135	4199	66	6918	72	15857			2	83	3	264	1	437	13	486	1	24	1	107	false	false	
859655			0	0	1	250	11	7449	2	56	0	0	5	1060			0	0	0	0	7	2469	0	0	0	0	1	225	false	false	
859712			0	0	0	0	18	13612	182	1067	6	144	5	903															false	false	
860053			15	1091	68	10550	261	116623	186	7651	99	11212	116	43122															false	false	
860147			49	2250	48	7162	73	29953	249	7627	54	5878	48	14081			21	592	29	2838	27	4571	50	1266	23	2063	17	3558	false	false	
860231			24	1256	4	699	0	0	55	744	2	218	0	0			5	299	5	993	2	596	103	2994	15	2122	3	850	false	false	
860259			5	189	15	1989	48	23235	23	666	19	962	26	5107			2	82	4	511	0	0	0	0	0	0	0	0	false	false	
860334			21	818	44	5407	60	23572	94	2779	23	2778	7	2454			3	110	2	173	0	0	1	38	0	0	2	473	false	false	
860352			67	3074	65	7628	28	9244	279	6487	46	4649	25	6609			54	2279	103	13614	91	22427	874	20707	137	19574	126	26885	false	false	
861153			1	21	0	0	1	224	21	656	10	819	0	0			11	514	18	2053	15	4039	49	1264	21	2619	11	2464	false	false	
861658			22	722	12	1640	4	1675	47	647	11	777	9	2234			10	354	21	2052	17	4345	30	582	25	1456	14	3014	false	false	
861854			3	126	3	364	3	696	20	797	4	579	1	91			5	209	13	1807	12	3615	36	2271	19	2244	11	2996	false	false	
862057			84	287	29	3485	16	4780	380	7698	40	4376	23	6479			137	5397	159	21015	107	36824	884	5397	159	17614	51	14761	false	false	
862141			52	2161	52	6225	51	17792	128	3809	69	6340	31	10459			20	808	40	4947	26	7507	100	2308	13	1460	12	3237	false	false	
863362			1	63	3	320	0	0	6	64	0	0	0	0															false	false	
863607			7	57	11	852	10	3514	448	1570	10	418	8	1054															false	false	
863652			5	185	2	366	4	1620	14	244	7	788	4	1079			19	977	21	2561	14	4580	50	1136	12	931	4	803	false	false	
863746			33	2193	53	6723	72	27283	263	4450	101	9314	144	42070			10	462	29	2971	23	4491	63	1187	32	2717	28	5334	false	false	
864378			0	0	4	218	2	1129	5	76	3	334	3	569															false	false	
864471			172	7038	90	15118	54	25133	111	3239	21	3294	20	9755															false	false	
864846			78	2969	47	6862	37	16486	637	13488	48	5018	18	5955			223	8415	88	11519	27	7465	417	6487	8	662	0	0	false	false	
864855			24	814	9	1049	7	2144	43	912	11	1056	6	1513			20	792	28	3760	25	8320	166	4595	36	3880	13	3110	false	false	
865142			21	933	17	2030	13	4810	158	4666	44	4577	47	14220			14	483	28	3614	48	14853	162	5030	116	12178	73	15955	false	false	
865151			45	1359	58	6637	60	21443	242	6249	50	5344	36	11185			63	2497	79	8924	37	9471	270	5366	51	4846	14	3225	false	false	
865450			7	279	28	3651	49	19185	121	2942	64	6301	34	7180			8	295	49	6013	45	12608	66	1653	48	3985	32	5764	false	false	
865544			42	1679	54	6968	53	20436	175	4813	50	4183	33	10527			11	406	19	2320	24	6516	54	1362	26	2201	17	2850	false	false	
865759			11	412	2	129	20	8395	71	1727	16	2412	7	3264			23	1011	38	4081	36	9016	164	3488	46	4159	16	3545	false	false	
865852			31	1360	24	3538	19	9108	156	4233	36	4929	18	5805			11	462	14	1518	9	3041	18	780	14	1986	15	6352	false	false	
866000			35	1647	114	14703	271	108391	2379	64818	103	11327	71	19352															false	false	
866121			338	14427	278	35096	135	49900	335	8457	72	6767	30	9988			24	1184	46	4828	25	5779	99	2426	14	1599	6	1543	false	false	
866251	6	64															0	0	16	3552	0	0	173	8299	0	0	0	0	false	true	
867070			34	1544	41	5738	66	32925	50	1420	19	2166	15	4201			9	433	10	1120	14	3157	23	532	21	1888	2	496	false	false	
867632			0	0	12	1654	36	19804	33	1933	46	7996	49	49990															false	false	
867650			47	1570	113	14424	264	101913	365	6504	78	6695	64	13941			12	502	19	2512	36	9943	23	350	3	120	4	135	false	false	
867856			22	788	48	6123	103	38592	187	3354	69	6214	37	5904			12	447	18	2517	10	2846	23	430	2	323	2	348	false	false	
868059			25	1230	27	4323	13	9649	356	9199	63	6055	22	5470			38	1703	18	2219	13	5313	65	1623	12	1168	8	3751	false	false	
868572			2	127	6	813	3	942	0	0	0	0	0	0			0	0	0	0	4	1157	0	0	0	0	0	0	false	false	
868956			89	3895	125	16626	179	72357	658	19029	138	13669	67	21239			64	3046	88	10321	67	16409	391	11392	89	7981	40	9137	false	false	
869346			9	265	11	1698	5	1486	70	1707	18	1810	13	2991			27	1018	48	5111	46	11913	268	6708	75	6294	26	5028	false	false	
869551			37	1750	39	4852	33	11592	360	8365	53	5440	34	10752			53	2038	93	11675	51	12636	666	13660	84	10831	38	9466	false	false	
869663			12	390	37	3813	55	25865	46	1340	9	591	4	986			0	0	0	0	0	0	1	72	0	0	0	0	false	false	
869953			28	1073	22	3034	27	10241	69	1861	21	2306	12	4071			3	156	9	973	11	3387	79	1989	27	2478	18	3980	false	false	
870539			15	721	29	3259	50	15752	49	912	12	1020	11	2020			1	10	0	0	0	0	1	11	0	0	0	0	false	false	
870650			21	596	51	5583	117	52065	115	3443	66	6108	55	14118			0	0	0	0	2	640	0	0	0	0	0	0	false	false	
870856			14	445	6	472	3	741	15	274	2	35	4	1420			10	522	22	2711	9	2237	19	390	18	1676	9	1707	false	false	
870913			10	437	53	6381	78	35168	50	1499	16	1342	30	9284			3	95	2	246	3	731	3	64	1	124	0	0	false	false	
871358	67	139															20	602	15	1982	10	2523	68	1898	15	1833	7	2318	false	true	
871648			22	830	8	812	13	4310	46	1486	22	2330	7	1777			7	236	3	321	1	76	13	280	5	629	1	263	false	false	
871769			2	87	31	2997	399	178668	25	135	32	932	55	5590			0	0	0	0	1	343	0	0	0	0	0	0	false	false	
871956			2	49	12	1249	12	3118	99	2657	5	561	5	1375			6	249	6	705	5	1274	46	1029	8	755	2	595	false	false	
872047			29	1128	53	6183	64	24963	240	6258	103	9930	70	18493			17	682	46	4728	46	10105	121	2469	64	5863	34	5635	false	false	
872579			0	0	5	482	41	20454	4	102	2	198	5	947															false	false	
873259			58	3459	108	14015	106	38899	489	11150	121	13080	106	30780			106	4250	102	11850	43	10680	408	7015	19	1850	6	875	false	false	
874050			26	1147	29	3611	29	9383	322	6562	60	6057	18	5914			88	3762	193	17471	144	30074	359	8918	102	11391	62	14669	false	false	
874452			9	278	5	402	1	275	41	1378	11	618	5	1436			35	1163	66	8296	53	12642	88	2715	38	3889	17	3679	false	false	
874845			60	2644	196	23197	451	174040	1034	25568	501	43217	694	179704			57	2216	94	8315	92	15837	159	5029	99	8236	96	18810	false	false	
875048			50	1854	34	3907	16	4294	223	5407	50	5313	22	5838			25	1860	40	4115	28	7952	141	3852	47	5023	18	3600	false	false	
875057			72	3223	57	4501	21	7679	237	6041	40	4562	36	12257			31	1284	18	2417	15	3786	204	4575	17	2106	9	2468	false	false	
875132			4	368	44	6554	170	80917	59	2129	51	5477	31	9776			0	0	0	0	1	435	1	50	2	205	0	0	false	false	
875655			20	934	15	2048	17	4802	154	4833	36	4504	19	6778			5	216	7	1007	13	3492	52	1517	24	3099	6	1235	false	false	
875758			30	332	11	1885	6	1907	77	1935	13	1607	2	264			7	483	2	189	2	396	34	693	3	341	0	0	false	false	
875879			1	81	3	503	6	2933	2	107	1	86	1	328															false	false	
875936			46	2048	57	7700	77	29474	216	4833	50	4874	43	13632			44	1557	33	4005	10	2521	20	471	3	117	0	0	false	false	
876157			10	394	0	0	0	0	60	1231	6	421	6	1758			4	122	13	1355	22	5281	40	1139	20	1764	7	1420	false	false	
876634			131	4570	353	42087	479	180820	1449	34190	279	22314	166	37790			51	1772	61	6839	26	6558	51	1248	7	638	7	279	false	false	
876700			28	1035	95	12763	150	63685	94	2406	62	5786	54	9936			0	0	0	0	0	0	0	0	0	0	0	0	false	false	
877350			4	165	8	745	13	4115	37	1166	21	2619	12	2018			15	782	29	3700	24	7379	36	1030	35	2498	29	4642	false	false	
877752			22	829	43	5902	74	34052	103	2506	24	2739	25	8351			19	853	20	2613	10	2570	20	631	20	1454	6	1028	false	false	
877958	0	64													0	48													true	true	
879439			21	859	28	3860	30	11451	198	4550	20	1880	3	1136			15	611	27	3961	11	3163	13	180	1	111	0	0	false	false	
879457			20	1101	99	13323	189	77673	383	14142	148	15192	162	53815			12	623	72	10535	89	28854	201	8642	145	18076	119	32887	false	false	
879550			5	222	0	0	0	0	17	283	1	97	3	185			34	1562	10	928	10	2078	37	2370	0	0	1	250	false	false	
879644			111	3999	73	8645	30	9940	826	15714	83	8063	26	7731			76	3063	78	9063	69	21639	282	5708	40	3513	40	12514	false	false	
879747			48	2372	59	7397	48	16573	258	5697	37	2961	25	5549			7	261	3	368	1	189	11	513	5	468	2	40	false	false	
880332			59	2278	59	6717	57	21676	571	10645	59	5679	23	5927			72	2867	24	2712	12	3682	0	0	0	0	0	0	false	false	
880855			43	1665	69	9405	110	45933	240	5304	62	5312	47	13000			33	1182	50	6321	43	11200	77	1881	21	2045	8	2337	false	false	
881012			144	5952	250	31494	236	84113	813	15987	141	12140	97	22770			30	870	29	3563	22	6365	46	890	16	1706	3	606	false	false	
881441			18	763	8	895	11	4795	179	3374	17	1412	4	576			58	2011	22	2245	13	2167	121	2217	13	1219	10	1887	false	false	
881478			24	546	170	21968	766	345645	808	23013	442	38289	626	154800			2	21	22	1798	24	5609	22	857	27	2293	18	4173	false	false	
881852			32	1721	23	2430	27	12660	134	3319	28	3212	15	5411			9	380	20	2299	13	3496	127	2735	16	1803	10	3396	false	false	
881900			13	346	16	2767	36	16045	189	1486	15	738	7	565															false	false	
882242			29	1227	22	2812	22	7931	118	2259	22	2175	20	6627			21	574	48	5658	43	11316	105	2247	40	2876	30	3830	false	false	
882541			14	551	15	1644	12	3888	175	3998	30	3668	20	6771			11	383	23	2641	23	6616	127	3277	37	3349	16	4637	false	false	
882701			59	962	64	7921	229	90993	1060	3216	179	12681	208	44021			0	0	0	0	1	295	0	0	0	0	0	0	false	false	
882952			13	725	21	2784	52	18132	92	2484	21	2177	7	1837			33	1544	25	3258	12	3107	45	765	0	0	2	643	false	false	
883351	132	45															18	653	23	2630	30	7955	212	5190	56	5043	20	3744	false	true	
883959			31	958	26	2998	25	10209	185	4051	29	2692	24	6167			36	1605	46	7545	38	12097	180	3960	93	9512	44	7358	false	false	
884303			31	1637	100	13479	205	96102	583	16171	177	18459	159	56696			0	0	1	117	0	0	4	46	2	306	0	0	false	false	
884358			24	918	40	4789	64	22800	168	4416	38	3792	15	3983			21	778	17	1912	6	1471	2	58	1	89	0	0	false	false	
884376			4	161	6	640	5	1668	19	243	1	99	2	154															false	false	
884442			23	1221	61	8585	163	73896	145	4968	67	8356	51	19460			1	76	8	777	4	1156	1	9	0	0	2	535	false	false	
884648			35	1710	25	3429	18	7095	96	2368	18	1837	14	4875			19	892	37	4223	34	9448	87	2382	51	4358	35	7739	false	false	
884657			29	1228	21	2622	8	2418	79	1445	7	931	7	2381			25	925	44	5816	32	8906	157	3189	8	949	6	1195	false	false	
885252			17	721	19	2273	14	4719	83	2308	13	1687	12	4080			67	1801	53	5005	33	7621	349	7630	131	12412	89	22524	false	false	
885430			29	1243	14	1795	14	6472	57	2213	21	2312	4	1184	0	3													true	false	
885579			7	261	15	1708	40	13122	2	110	3	431	12	3963															false	false	
885869			98	5180	183	24820	288	112627	895	26149	184	21442	121	43302			11	347	18	1683	6	1328	76	1812	8	862	2	741	false	false	
886204			4	91	13	1357	43	14704	29	681	5	424	3	1214															false	false	
886624			63	3069	103	13276	128	49052	481	13144	80	8492	57	17313			3	28	3	282	5	1065	0	0	0	0	0	0	false	false	
887340			155	6676	209	26717	295	103586	857	20722	117	10158	83	25326			70	2866	136	15744	109	27034	366	8669	110	8406	80	13407	false	false	
887827			91	5015	43	6904	32	14160	57	1833	11	1633	8	3247			48	2610	29	4699	12	4266	54	1484	11	2110	0	0	false	false	
887854			24	819	13	2244	4	1223	69	2703	11	1691	2	554			26	788	7	1128	4	1431	33	541	2	303	0	0	false	false	
888002			56	1638	67	6417	281	99410	3083	12121	360	20546	330	48518			1	96	0	0	0	0	6	48	1	97	0	0	false	false	
888141			29	1318	19	2155	22	8114	68	1401	8	915	7	2554			9	250	11	1536	18	2108	46	1289	20	2342	11	2754	false	false	
888271			16	824	11	1479	6	2618	26	501	2	144	1	412															false	false	
888552			49	2332	77	10003	137	51630	536	11271	94	7956	64	13716			48	2243	76	10900	64	19445	383	10144	81	7083	52	10644	false	false	
888833			65	2955	90	11149	65	23765	278	7012	80	8552	40	12467			47	1697	45	5335	31	7406	97	2538	2	269	4	927	false	false	
890050			15	517	29	3596	54	20054	267	4701	56	3141	41	6527			3	141	3	341	2	596	57	1277	17	1627	6	1371	false	false	
890649			30	1345	36	4504	17	4599	168	3832	17	1301	7	1593			19	839	24	2923	23	6202	60	1534	10	1637	5	1249	false	false	
890742			153	6022	159	20203	183	74699	971	20524	130	10775	125	33302			28	1256	39	5095	19	4420	93	2065	31	2643	22	3524	false	false	
890957			1	2	0	0	2	539	13	328	2	329	6	1555			15	706	17	2077	9	2403	157	4894	50	5702	34	8729	false	false	
891226			12	292	60	7589	176	72971	88	2312	57	3625	53	8726			0	0	0	0	3	1203	0	0	0	0	0	0	false	false	
891253			4	141	4	312	4	934	16	438	2	298	0	0			6	261	8	639	8	3007	50	825	5	451	9	1875	false	false	
892205			15	678	120	13473	237	84357	540	13210	146	12906	152	31880															false	false	
892223			18	830	28	2776	25	8478	47	1372	19	2409	16	5095			22	909	46	6046	38	10988	60	1811	16	1508	6	858	false	false	
893855			4	163	13	2429	37	16982	1752	6678	18	1939	4	1701			2	80	2	270	0	0	0	0	0	0	0	0	false	false	
894272			8	334	12	1684	10	3118	5	58	1	86	3	1201			0	0	4	580	0	0	2	30	0	0	0	0	false	false	
894348			36	1682	39	5278	85	45961	102	4177	31	4129	35	13033			3	122	1	97	0	0	3	33	0	0	0	0	false	false	
894544			29	1132	26	3249	25	8103	111	2063	31	2183	20	4547			31	1073	61	7279	59	16252	134	2349	71	5374	54	7878	false	false	
894834	27	28													31	17													true	true	
895055			34	1454	67	9592	107	46423	440	11389	120	13163	90	32758			11	563	16	2211	9	2710	14	539	7	791	5	1103	false	false	
895448			16	662	11	1846	16	6828	33	881	22	2376	34	12359			8	276	16	2097	17	3763	36	1135	18	1579	10	2212	false	false	
895710			208	6906	243	29410	435	172073	867	16160	205	15327	227	54110			29	572	23	2290	8	1177	98	1283	5	442	2	526	false	false	
896155			51	1974	58	7178	46	13262	160	3499	35	3083	7	1746			7	224	5	357	5	1141	19	361	2	31	0	0	false	false	
897170			0	0	12	1284	108	55471	128	1472	30	3655	48	13511															false	false	
897237			2	139	5	713	8	2330	41	1185	7	493	0	0															false	false	
897451			6	272	3	432	5	2287	55	1509	19	1909	12	4550			11	527	18	2374	18	4037	101	2863	48	5181	19	4638	false	false	
897648			17	703	3	314	4	1026	79	2064	18	3035	8	2917			8	234	10	1308	5	1070	42	1252	34	3761	33	7325	false	false	
897853			82	2962	36	5017	18	5809	292	5579	18	2083	3	932			35	1256	41	5495	19	6296	190	3920	12	1124	4	1388	false	false	
898458			0	0	0	0	2	1216	3	66	1	112	1	985															false	false	
898579			42	1754	53	6198	74	28450	341	7976	71	7008	51	14345			39	1678	63	7917	31	8670	138	2762	26	2581	14	3742	false	false	
898627			85	3492	133	13394	153	53024	1126	22567	113	10322	42	9962			96	2963	61	6374	21	4764	43	1030	6	534	2	255	false	false	
898850			4	158	8	987	42	20017	138	4195	144	16850	175	56009			0	0	0	0	0	0	1	96	1	82	0	0	false	false	
899008			0	0	9	942	44	14050	11	70	6	452	9	913															false	false	
899343			50	1926	106	13733	141	58960	621	18735	100	9811	42	10315			48	2189	70	8291	33	8897	180	4643	13	1654	0	0	false	false	
899428			66	2235	200	24760	396	154772	348	8196	232	17748	213	34807			35	1048	16	1819	11	2890	9	205	2	185	3	400	false	false	
899642			41	1992	46	5893	38	13188	137	3245	23	2024	12	2196			7	279	22	3121	16	4209	34	863	35	3455	24	4340	false	false	
899651			24	1004	19	2208	17	5848	126	4157	56	6346	26	8871			23	1177	9	982	7	2369	87	2685	23	2582	6	1584	false	false	
900034			20	916	33	3911	63	21932	96	1876	33	2818	34	9418			5	160	2	225	0	0	3	101	3	544	7	1499	false	false	
900146			103	5976	65	8241	33	10603	705	36375	114	11039	25	6802			113	7580	129	15692	103	28111	1084	96172	89	8786	31	6556	false	false	
900306			5	195	21	2703	117	49487	304	7873	117	10380	149	41020															false	false	
900502			28	1019	28	3363	25	7270	27	249	9	380	2	406															false	false	
900678			3	123	6	718	2	1021	0	0	3	194	0	0															false	false	
901134			74	2929	61	7241	57	22929	177	4718	50	5002	19	5827			0	0	0	0	1	293	0	0	0	0	0	0	false	false	
901358			9	403	18	2397	40	14614	72	1768	18	1708	32	7338			15	730	29	3320	30	7990	76	1603	26	2163	12	1643	false	false	
901451			9	250	6	905	4	1960	12	304	1	190	4	2403			6	276	9	1006	2	706	55	2708	14	1567	10	2765	false	false	
901938			9	449	23	3323	44	17825	448	11494	92	11730	54	17075			15	650	30	3603	33	11645	63	1467	3	308	1	298	false	false	
901974			40	1388	10	1134	8	1505	97	2751	12	1303	8	1875			53	2516	58	7710	47	13247	187	6746	55	6845	16	4278	false	false	
902645			21	1197	4	537	5	1889	124	2034	1	115	0	0			3	165	3	466	20	7447	52	1033	12	1905	8	3865	false	false	
902672			29	865	49	5914	57	20783	124	3208	46	3979	30	8738			0	0	1	48	1	201	0	0	0	0	0	0	false	false	
903240			21	921	26	3041	34	14433	155	2702	11	1298	2	281			71	3690	55	6308	27	8497	62	625	1	8	0	0	false	false	
903754			20	815	21	2821	18	6346	170	4692	11	1416	9	2207			7	387	15	1671	20	6511	95	2019	9	1267	1	244	false	false	
903950			14	547	31	3698	40	13557	80	1748	15	1433	15	4254			4	127	5	786	4	1113	6	94	3	211	1	241	false	false	
904171			150	6307	179	22765	112	35515	732	20016	125	15943	74	21147			15	702	23	3320	17	4364	1	23	1	117	0	0	false	false	
904359			236	9657	132	18254	78	26959	271	4948	24	2302	9	3747			300	10001	168	21698	63	15542	310	5009	16	1270	3	1253	false	false	
904845			19	805	19	2503	18	5548	29	501	5	693	7	3150			9	286	7	792	2	676	0	0	0	0	0	0	false	false	
905356			16	829	35	5067	48	19799	56	1749	50	6971	44	18928			6	193	5	518	5	1527	2	47	0	0	0	0	false	false	
905673	33	81																											false	true	
906241			24	1090	38	4487	78	31858	286	7785	78	7432	52	15272			6	168	5	341	4	695	18	401	1	160	0	0	false	false	
906410			17	899	19	2689	10	3857	203	3192	11	783	4	125			57	2589	66	10000	82	23326	317	4580	8	458	0	0	false	false	
907444			16	707	44	5414	53	18820	73	1810	28	2864	18	3161			18	673	35	4483	16	4425	14	194	2	84	0	0	false	false	
907547			55	2266	107	14297	80	29837	236	6601	61	5349	59	7814			9	829	19	2196	17	4759	25	1038	12	1125	2	553	false	false	
908450			11	515	44	5930	55	25541	212	5786	63	6760	63	21763			9	332	19	2632	16	4082	30	1095	9	976	9	3039	false	false	
908553			198	14314	126	15547	114	41878	436	10178	78	7291	50	12896			240	11524	226	22374	208	56616	680	16928	170	16015	114	34300	false	false	
908861			13	398	8	1206	22	12198	2214	3439	40	3144	47	20551			4	160	2	275	2	548	3	65	3	375	4	1735	false	false	
909055			84	3927	71	11633	90	47653	269	7562	33	5055	24	14913			61	2870	38	6047	16	5778	59	1146	3	509	2	716	false	false	
909756			3	232	13	2108	56	26294	62	1544	20	1542	18	5036			7	140	5	574	0	0	2	164	1	210	4	930	false	false	
910079																	0	0	1	83	0	0	0	0	0	0	0	0	false	false	
910118			39	2038	65	7766	75	23718	356	7672	81	6421	70	13450			1	3	4	140	4	566	4	134	0	0	0	0	false	false	
910239			22	830	17	2537	31	13372	60	2332	19	2521	14	6068			0	0	0	0	1	364	0	0	0	0	0	0	false	false	
911160			17	556	34	4655	64	28583	130	3169	25	2383	19	5202			25	1058	26	2952	17	5028	115	3023	18	1722	9	1923	false	false	
911339			19	588	18	1898	33	10471	68	1712	23	1636	15	3184			2	98	0	0	1	418	2	62	0	0	0	0	false	false	
911759			8	259	5	643	0	0	23	466	4	530	0	0			204	6305	76	4371	81	8587	60	1332	28	2142	16	2906	false	false	
911973			17	925	63	8930	103	40860	1	18	1	193	3	467			0	0	3	286	1	47	0	0	0	0	0	0	false	false	
912756			14	622	8	1023	3	906	60	1438	4	368	1	229			2	151	7	632	2	561	10	389	4	280	1	77	false	false	
913146			47	1750	52	6731	117	41054	294	7837	159	14618	78	14890			43	1054	57	5407	46	6672	166	3379	33	2374	15	2527	false	false	
913436			6	240	4	507	3	910	2	34	0	0	0	0			4	79	3	415	0	0	2	27	0	0	0	0	false	false	
913753			20	751	38	5069	170	68143	191	5217	65	7137	79	17717			0	0	0	0	1	333	8	206	2	223	3	1019	false	false	
913856			252	8920	307	36319	460	176215	1297	23727	406	33951	354	79735			210	8532	285	34241	290	76694	667	14171	363	27779	290	49242	false	false	
914545			21	822	19	1781	32	15681	29	774	7	698	7	2450			13	434	24	2361	15	2908	21	519	13	1572	8	1352	false	false	
914648			170	6608	205	25284	362	136764	1150	23491	279	21812	159	39009			169	6756	130	15297	67	15804	157	3254	23	2662	31	6960	false	false	
914853			4	93	48	6066	28	10334	3	152	11	895	19	3215			0	0	11	1084	6	1588	0	0	3	277	3	195	false	false	
915056			25	978	15	2092	5	1404	80	2152	6	512	4	923			24	1080	22	2578	13	2759	149	3475	6	813	7	1788	false	false	
915065			3	141	10	1216	57	24079	109	3586	56	4290	103	25831			1	4	1	90	0	0	0	0	0	0	0	0	false	false	
915878																													false	false	
915935			0	0	0	0	12	4109	0	0	1	59	3	1121			2	120	0	0	2	351	5	120	1	184	0	0	false	false	
916343			13	532	7	795	4	1148	21	585	6	639	2	643			11	444	12	1379	7	1701	21	734	6	579	5	1273	false	false	
916745			82	3485	87	11140	77	26437	123	3620	26	2806	23	6164			3	151	1	127	542	542	12	221	1	133	1	270	false	false	
916857			17	702	17	1764	35	11514	99	2597	27	3196	33	10472			41	1681	28	3652	20	5072	25	826	6	484	6	1454	false	false	
917050			14	734	9	1047	29	12903	141	3736	59	5069	50	14975			31	1155	54	6672	46	12908	84	2539	63	5530	62	12653	false	false	
917500			16	896	20	3051	9	2921	98	2327	29	3023	14	3475			0	0	1	168	0	0	16	249	0	0	0	0	false	false	
917555			9	433	22	3005	58	26959	89	2359	37	3231	55	20749			10	420	5	578	5	1422	2	60	2	364	1	310	false	false	
917630			25	1010	27	3415	28	14433	85	2357	21	1857	4	1028															false	false	
917742			77	3783	171	21800	410	180866	10523	66089	465	55205	396	155788			4	114	3	337	1	209	1	20	0	0	0	0	false	false	
917854			4	246	10	1302	4	1382	33	1260	18	2398	30	8852			17	859	26	3625	51	14125	158	4108	65	7244	31	8747	false	false	
918132			25	756	45	5103	49	18366	185	5188	28	2346	27	10645			1	62	3	391	0	0	0	0	0	0	0	0	false	false	
918150			3	122	5	783	1	433	92	2051	16	1691	10	1809			8	358	16	2176	11	2736	215	5819	47	5587	37	7042	false	false	
918356			75	3577	24	3849	7	2539	102	3316	15	2028	2	588			1	78	0	0	0	0	11	224	1	117	1	366	false	false	
918477			2	67	5	512	62	26217	0	0	1	3	0	0															false	false	
918655			22	783	12	1054	7	1403	40	824	6	720	2	625			10	515	5	626	6	1186	32	878	13	2010	13	2098	false	false	
918776			2	88	3	348	0	0	2	22	3	287	1	28															false	false	
918879			35	1523	32	5553	37	28983	82	3311	25	4221	14	6929			32	1693	28	4171	24	8437	43	1452	13	1987	12	4451	false	false	
918918			0	0	1	91	2	1066	61	2812	44	5997	71	31954			0	0	0	0	0	0	0	0	0	0	0	0			
918954			37	1866	35	4128	49	17933	214	4382	74	7075	47	11737			15	569	15	2117	9	2468	27	718	8	768	8	2178	false	false	
919344			148	6106	58	7430	38	14640	646	12791	62	6532	29	7580			89	3150	40	4634	22	5693	39	814	10	713	5	954	false	false	
919456			14	709	32	4406	45	16849	47	1105	8	907	10	2008			18	856	37	4675	20	5177	8	211	2	55	1	320	false	false	
919568			14	593	22	2324	7	2031	198	5293	25	3211	7	2319			26	1258	33	4173	19	6307	200	4962	38	4501	9	2890	false	false	
919773			2	96	6	628	12	5265	0	0	0	0	0	0															false	false	
920210			153	3601	116	14430	77	28255	34	244	2	302	7	1567															false	false	
920359			13	453	17	2436	5	2275	45	1104	19	2624	10	2679			4	206	11	1410	10	3092	31	682	13	1715	11	2169	false	false	
920733			15	660	14	1950	25	10054	218	6439	50	6414	19	6319			7	207	6	857	7	1523	61	1555	24	1971	14	3841	false	false	
920854			46	2159	42	6620	58	23962	137	3278	54	5210	48	14881			30	1323	41	5171	43	10632	59	2041	43	3597	37	7057	false	false	
920975			45	1431	50	5890	69	26592	185	4993	39	3328	14	4456			1	49	5	649	3	816	0	0	0	0	0	0	false	false	
921039			19	685	34	3945	87	31911	106	2453	43	3741	32	4656			0	0	3	269	0	0	0	0	3	403	0	0	false	false	
921178			2	42	29	4172	110	50723	184	5917	164	16669	112	23957			0	0	1	126	1	312	10	654	35	5987	35	11102	false	false	
921655			2	162	1	62	0	0	14	132	5	632	2	503			1	68	3	448	1	231	25	472	3	252	1	66	false	false	
921879			10	308	17	1945	8	2987	16	351	5	309	1	253			9	431	10	1236	6	1615	5	199	0	0	0	0	false	false	
921936	23	39															11	458	12	1655	10	2693	47	1009	14	1468	2	657	false	true	
922157			13	541	15	2137	16	8233	136	3951	56	5341	30	10218			9	367	33	5039	23	6051	194	6127	66	7116	58	10348	false	false	
922344			55	1946	25	2955	30	10396	178	6034	75	7719	100	29294			37	1499	84	8210	92	34351	158	5088	60	7515	42	15195	false	false	
922559			27	1727	36	6651	62	30795	251	10974	77	12935	74	36377			53	3335	110	18787	66	24093	262	12044	149	27236	87	32280	false	false	
922924			31	1288	40	4383	56	7266	247	4696	28	2666	10	2761			6	296	5	540	9	1881	1	27	0	0	0	0	false	false	
923257			29	807	13	1742	18	9026	120	3032	12	1376	16	6379			4	145	0	0	0	0	0	0	0	0	0	0	false	false	
923350			9	327	7	913	2	293	41	1093	6	829	6	719			6	243	8	1003	9	2694	66	1428	15	1839	10	1867	false	false	
923707			20	922	49	6372	174	71322	195	2338	57	3215	57	10098															false	false	
923752			270	10740	219	29030	287	112274	1515	36461	247	27803	188	57482			469	17774	433	45311	170	38545	1064	24892	197	18742	90	24104	false	false	
923855			6	243	14	1450	12	5070	147	3426	33	2793	14	3352			25	564	24	2991	5	1356	99	1839	9	749	3	796	false	false	
923949			11	378	3	411	2	754	18	568	1	133	0	0			3	106	5	821	2	522	4	98	0	0	0	0	false	false	
924058			15	806	18	2020	28	10720	210	5250	33	2832	15	4192			29	1443	40	5104	17	4904	112	2700	17	1697	3	351	false	false	
924236	1823	737													804	99													true	true	
924254			16	719	8	1095	11	4975	183	4250	17	1939	4	1255			24	926	14	1845	7	1992	121	2725	10	1274	0	0	false	false	
924357			20	938	45	5570	45	14098	384	10194	87	7517	48	12014			43	1299	37	4174	23	5048	360	6048	31	2687	11	2718	false	false	
924553	0	36													374	194													true	true	
924937			40	1661	49	6258	30	11471	210	6020	61	6768	21	5274			60	2652	81	10025	49	13636	208	5371	66	6839	36	7588	false	false	
925037			51	2176	66	8459	108	81650	199	6548	99	10256	111	34902			12	464	21	2415	14	4752	19	584	7	503	7	1981	false	false	
925055			12	312	4	605	2	661	74	2254	28	3001	19	5754			13	596	25	2965	29	8553	82	2067	48	4694	36	6843	false	false	
925354			40	1707	26	3271	32	14697	131	2514	14	1461	9	3039			91	3463	37	4776	19	5236	57	1502	31	3729	34	7219	false	false	
925411																													false	false	
925653			0	0	13	2244	78	46460	57	3340	84	14559	108	61443			1	100	1	165	3	1300	8	287	2	350	3	1100	false	false	
926632			4	215	27	3315	116	46417	29	754	14	1078	20	4081			1	87	0	0	1	403	0	0	0	0	0	0	false	false	
926650			6	283	4	594	2	876	41	748	7	792	2	312			14	419	20	2083	9	2845	74	3707	18	3101	3	1345	false	false	
926959			16	595	16	2555	36	13702	162	3169	11	898	7	1689			17	693	9	853	5	1111	1	15	0	0	0	0	false	false	
927077			3	168	9	738	17	4877	2	10	7	533	1	408															false	false	
927134			22	1118	22	2444	28	9744	119	2957	30	3116	16	4407			16	592	29	3893	23	5087	73	1853	32	2848	28	4743	false	false	
927479			5	34	10	2179	21	13541	23	1442	3	268	0	0															false	false	
928056			69	2480	46	5323	42	17475	396	9307	94	9808	78	22402			104	3418	140	14584	87	19101	376	10000	156	16712	96	20156	false	false	
928421			19	830	93	12474	177	69830	278	6990	100	10046	60	11208			5	49	4	452	3	1327	2	33	0	0	0	0	false	false	
928618			46	1564	68	7794	134	59024	354	8601	100	8415	92	31248			0	0	0	0	1	315	2	0	0	0	0	0	false	false	
929352			80	3443	190	23662	489	206028	1885	59461	1090	105436	863	235434			69	3061	166	20253	143	38665	339	10190	165	15191	72	15148	false	false	
929932			23	791	51	5826	82	27876	197	4114	85	5978	60	12013			9	252	9	1028	5	1557	11	242	1	25	3	907	false	false	
929978			91	9020	229	32944	567	242878	2058	48541	305	39740	290	98668			6	294	13	1583	10	2380	31	948	12	1127	13	2918	false	false	
930358			1	36	6	1026	65	35875	1277	3850	43	2166	24	4301			0	0	1	175	3	651	0	0	1	135	2	666	false	false	
930442			56	3057	79	10428	109	44205	153	4021	73	6535	69	17795			42	1843	108	13308	93	24079	79	1654	63	4438	48	9515	false	false	
930853			122	5866	77	10847	50	18116	282	5630	36	4346	22	7612			4	97	2	306	0	0	126	2738	31	3824	12	2606	false	false	
930965			1	34	3	562	53	32885	56	2693	106	15871	119	53176															false	false	
931038			145	6463	133	17130	125	46778	463	12514	123	13029	60	18580			96	3798	127	10221	110	27853	306	8681	128	12234	84	17855	false	false	
931047			45	1576	25	3410	22	7446	604	12449	45	4145	0	0			176	6835	64	7988	23	6253	298	6229	25	2355	5	1250	false	false	
931159			5	189	4	381	5	1796	41	1390	13	1838	3	1344			5	258	22	2321	13	3173	137	3789	49	5411	22	4533	false	false	
931207																													false	false	
931270			0	0	0	0	3	1312	0	0	0	0	0	0															false	false	
931355			34	1157	23	3069	14	8783	205	5064	59	6080	21	5250			0	0	0	0	0	0	0	0	0	0	0	0	false	false	
931458			1	15	2	105	1	559	10	218	1	145	6	2859			1	71	1	135	1	393	10	154	2	276	3	786	false	false	
931944			10	379	14	1719	22	9272	27	875	24	2258	13	5474			6	273	15	1808	9	1933	32	693	10	757	8	1355	false	false	
932642	79	204													56	174													true	true	
932745			33	1368	90	10961	190	79683	147	3617	75	5434	67	16815			0	0	2	254	0	0	0	0	0	0	0	0	false	false	
932978			384	24352	1107	163061	937	375374	946	11747	187	14220	309	84131															false	false	
933023			61	2347	190	23481	645	257638	946	12140	226	16622	245	54309			44	1406	51	4904	45	8807	33	500	2	250	1	324	false	false	
933041			51	2325	20	2690	25	7625	256	6258	50	5020	36	8488			112	5016	165	20226	334	133202	819	22163	305	29966	201	58335	false	false	
933256			50	2354	118	15614	327	133938	856	25075	576	51656	511	138533			6	345	32	4122	54	15905	201	6687	95	9147	52	10746	false	false	
933340			62	2683	54	7275	57	34754	96	2912	48	5759	24	9223			12	533	10	1489	10	3050	49	1697	9	968	11	2634	false	false	
933377			8	494	41	5035	93	34434	487	17353	264	28988	261	83793			0	0	0	0	1	146	0	0	0	0	0	0	false	false	
933621			79	3553	232	28469	504	188343	515	10862	250	18859	215	47160			25	1288	33	3719	23	5127	77	1361	11	716	10	1712	false	false	
933966			24	1180	127	16703	1082	503605	631	22028	465	44382	539	151933			5	100	22	2927	42	12716	2	132	6	737	11	1690	false	false	
933975			44	712	28	3829	156	66414	283	24868	87	9025	65	21513			1	29	1	14	3	1446	0	0	2	282	0	0	false	false	
934271																													false	false	
934329			0	0	0	0	1	1000	1	0	3	1000	18	10000			0	0	0	0	0	0	0	0	0	0	0	0			
934673			10	392	30	4185	65	27909	171	4956	48	4793	30	7255			2	25	0	0	4	538	27	564	1	120	1	40	false	false	
935250			20	1314	18	1965	63	18015	652	23647	78	7783	57	14775			1	7	1	220	1	326	1	73	0	0	0	0	false	false	
935308			1	56	1	119	6	1583	0	0	0	0	0	0															false	false	
935559			88	3463	69	8496	74	26426	326	6829	52	5193	28	9681			101	3885	29	3247	11	2671	10	200	2	221	0	0	false	false	
935577			29	1289	18	1927	7	2052	78	2402	27	3577	7	2537			11	540	25	3908	26	8699	56	2188	27	3597	19	4876	false	false	
935719			33	1342	43	4999	37	16213	157	3934	29	3091	5	1295			8	257	5	372	2	731	0	0	0	0	0	0	false	false	
936136			53	1746	168	19498	471	162555	256	4980	326	20863	584	122943			0	0	2	180	6	1058	3	5	7	830	3	492	false	false	
936426			283	10433	531	60868	917	361206	2956	47972	637	47459	787	134729			15	709	28	3287	11	2169	10	147	1	77	2	250	false	false	
936462			3	65	63	7651	273	109810	995	22843	265	21903	186	37159			1	39	4	394	7	1257	15	291	10	455	2	106	false	false	
936583			0	0	7	733	26	7677	520	4491	35	2721	25	6585															false	false	
936640			25	968	31	3550	32	10929	133	2924	46	4312	36	11824			23	878	38	5143	37	10009	87	1953	30	2152	25	4184	false	false	
936837			48	2309	66	8688	67	23611	208	5719	53	6198	57	22649			7	303	8	805	12	3907	25	805	10	1162	4	689	false	false	
936855			321	10594	630	72062	1791	734107	3546	68634	1568	124335	2167	520830			150	4908	271	27988	241	55950	466	11543	211	19355	189	36342			
937339			17	614	18	2515	14	5538	39	904	11	893	8	2855			28	1115	35	3549	31	7639	68	1646	36	2590	27	4943	false	false	
937553			89	3152	18	2496	14	4391	261	5012	11	1011	6	1336			76	3314	57	7884	26	6831	274	4988	32	3535	7	1585	false	false	
937740			71	3300	103	13989	115	50294	196	5913	58	6796	44	15643			0	0	1	183	0	0	1	26	0	0	0	0	false	false	
937759			9	293	9	878	3	977	31	745	6	701	2	383			17	624	11	1491	13	2684	20	566	7	849	6	1608	false	false	
937834			15	686	9	993	37	15292	29	641	18	1359	11	3668			9	247	3	260	9	4088	0	0	0	0	0	0	false	false	
937843			6	266	5	1049	4	1606	57	1369	27	2850	11	3256			9	425	19	2483	13	4379	48	993	15	1329	13	3273	false	false	
938354			0	0	0	0	0	0	0	0	0	0	0	0			0	0	0	0	0	0	0	0	0	0	0	0	false	false	
938550			11	426	23	2695	17	7160	107	2267	23	1987	11	4168			17	604	12	1277	6	1633	23	414	9	720	2	219	false	false	
938859			43	3517	73	9177	92	41069	473	12554	95	11973	62	17882			57	2615	78	9404	26	7033	205	6223	54	5014	21	4739	false	false	
939070			10	491	38	4306	66	22414	33	872	18	1007	21	4258															false	false	
939249			132	5475	128	15420	132	51889	403	10168	173	16188	120	31373			84	3546	210	25129	181	41917	407	10163	253	19725	179	35266	false	false	
940021			5	242	18	2578	18	6372	93	2765	16	1480	7	2125			0	0	0	0	1	224	0	0	0	0	0	0	false	false	
940311			241	10000	810	75000	1024	282000	3538	96000	833	98000	659	222000			0	0	0	0	5	1000	0	0	0	0	4	1000			
940674			44	3418	42	5377	83	33363	129	3500	50	3786	24	8762															false	false	
940731			23	992	17	2065	11	3709	171	4102	19	1665	17	5531			51	2477	69	8328	67	19965	383	10723	105	10991	65	15305	false	false	
940852			11	275	4	636	5	1527	50	380	9	1356	5	1784			8	438	15	1824	5	1267	71	1751	22	2107	18	3481	false	false	
941541			6	310	9	1193	4	1858	90	2750	9	1400	10	3235			25	1130	26	110	16	4489	216	5239	8	1378	1	336	false	false	
941804			5	362	8	1032	23	11305	46	1101	15	1434	7	1457															false	false	
942454	30	83															33	1283	19	2021	4	974	225	3224	3	51	0	0	false	true	
942539			31	1537	41	5359	31	10970	989	22331	88	9778	37	11397			31	1185	28	3532	12	2855	285	5303	21	2046	2	365	false	false	
942847			16	620	20	3259	37	14146	359	9211	78	9123	50	16736			8	322	16	1739	5	1057	43	979	7	764	2	265	false	false	
943143			3	102	2	219	4	2381	9	250	2	168	0	0			6	293	10	1024	6	1678	23	282	13	1319	11	1424	false	false	
943152			2	76	3	452	2	372	33	698	5	548	0	0			6	174	18	2372	3	712	26	660	11	930	3	557	false	false	
943273			32	1299	21	2685	14	5580	23	720	5	644	1	222			10	431	17	1858	11	2862	1	7	0	0	0	0	false	false	
943675			30	1487	38	5339	46	18096	60	2036	12	1312	7	3534			7	476	10	1032	18	6334	33	1006	3	200	4	1640	false	false	
943853	15	109															4	170	11	1470	10	3263	111	3870	47	6021	32	6848	false	true	
943974			8	287	14	1935	42	17504	57	1916	23	2968	10	3289	1	2													true	false	
944047			50	2593	78	10362	50	17112	433	10934	72	6595	34	7834			58	2179	107	14140	88	32909	214	5511	57	5479	32	11026	false	false	
944337			19	997	29	3649	33	13451	87	1413	8	695	9	2244			2	78	2	216	2	619	0	0	0	0	0	0	false	false	
944355			23	1183	37	5301	70	31455	98	2825	35	2759	21	8567			27	1054	66	6595	71	16479	224	4773	108	9452	44	8850	false	false	
944627			14	440	43	6172	71	22164	242	5969	34	2503	21	5367			0	0	0	0	2	643	0	0	0	0	0	0	false	false	
944739			25	715	16	1972	9	3993	73	2310	16	2071	5	1426			1	22	0	0	1	263	1	12	0	0	0	0	false	false	
944748			3	61	2	273	4	1702	18	537	5	508	2	747			1	5	3	511	9	2867	26	726	10	1314	19	4184	false	false	
944935	14	85															10	471	13	2297	10	3412	123	3691	13	1844	5	1541	false	true	
945026			26	521	26	2767	23	4457	122	1025	14	674	21	3672															false	false	
945053			168	6407	209	24793	334	112910	673	17076	169	13895	111	26592			104	4007	138	16274	75	19754	290	7374	81	7759	43	7609	false	false	
945071			18	604	38	4384	26	8113	62	1776	5	754	5	1585			7	368	6	693	1	436	2	88	1	83	2	216	false	false	
945950			22	1173	32	4278	40	18446	87	2573	23	2498	9	2400															false	false	
946274			28	1310	51	6062	39	14946	44	1178	13	1191	11	4622			1	19	1	38	2	227	0	0	0	0	0	0	false	false	
946555			35	1659	39	5064	32	11076	167	3492	12	1157	3	407			67	3577	44	5789	11	3047	99	1873	7	334	3	103	false	false	
947525			41	1562	56	6220	81	30454	307	7582	106	10756	64	15403			3	237	3	392	7	1141	17	265	4	150	0	0	false	false	
947749			47	2109	87	11573	134	50126	183	4925	76	7529	53	12371			22	1082	68	8576	39	10391	100	2385	30	2902	27	5277	false	false	
947776			3	116	25	3581	65	25891	55	1405	37	4175	7	2267			0	0	0	0	0	0	0	0	0	0	0	0	false	false	
948250			44	1630	42	4793	39	13332	145	2895	11	1095	4	586			65	2309	23	2960	17	4455	15	270	4	281	2	739	false	false	
948278			0	0	1	15	3	890	2	64	0	0	0	0															false	false	
948531			19	970	42	6385	49	20596	155	3684	27	2597	11	2414			41	1498	30	4027	15	3964	19	558	7	903	3	845	false	false	
949154			49	2365	130	15607	370	156995	870	25745	214	21860	216	77320			20	693	33	4243	19	5401	61	1321	4	373	1	320	false	false	
949453			2	66	5	427	2	612	36	835	13	1075	6	1314			2	107	7	523	2	509	9	117	2	113	3	885	false	false	
950141			84	3768	107	13116	137	52965	296	7161	54	4211	34	9203			210	7729	213	26963	73	17400	491	10567	50	4657	21	3494	false	false	
950178			0	0	1	119	0	0	81	4586	126	18319	24	6326															false	false	
950356			19	832	40	4724	39	12285	155	4192	76	4150	56	11235															false	false	
950758			17	742	34	4109	58	19782	176	4765	65	6141	35	8684			5	157	6	394	4	1151	33	794	9	997	4	1051	false	false	
951102			12	670	49	6600	95	41613	185	4193	103	7199	69	15348															false	false	
952172			48	253	24	2699	106	46552	132	347	14	936	11	1695															false	false	
952257			7	276	9	687	5	1683	130	3610	13	784	4	443			18	501	24	2350	19	3929	72	988	10	591	3	883	false	false	
952677			51	1721	68	8925	171	65320	82	2024	39	2314	67	14183															false	false	
952846			9	492	13	1997	14	6142	50	1928	38	4852	36	14201			11	430	7	842	6	1775	23	255	8	1081	4	584	false	false	
953535			185	8730	136	19105	138	55386	250	7026	97	9201	100	28169			52	1938	79	8942	75	19655	198	4766	68	5194	22	3436	false	false	
953843			11	575	21	2881	61	24952	128	3646	53	5061	31	11841			4	190	9	1080	15	5785	8	268	7	973	6	2163	false	false	
953852			11	391	14	1540	30	12774	144	3740	9	909	4	1604			0	0	1	135	0	0	8	257	0	0	0	0	false	false	
954158			12	470	14	1537	7	1838	95	2138	18	1228	9	2276			23	1080	27	2536	28	7289	135	3168	42	3026	35	6707	false	false	
954251			51	2155	51	6435	23	10276	377	8840	54	5431	10	2309			30	1283	46	5129	46	12280	421	8356	18	1133	3	681	false	false	
954279			6	268	21	2847	120	54666	149	3730	103	10309	99	22909			0	0	0	0	0	0	0	0	0	0	1	391	false	false	
954653			3	147	23	3253	46	16660	28	1018	3	372	2	858			0	0	2	132	1	54	6	87	0	0	0	0	false	false	
954671			39	1607	40	5498	37	15215	177	3728	19	1705	16	4571			192	6674	60	7164	6	1473	0	0	0	0	0	0	false	false	
955753			2	67	7	975	12	3710	52	984	6	583	4	1456			2	148	3	344	2	478	4	71	0	0	0	0	false	false	
955940			18	972	32	4497	36	13752	356	5903	37	3788	13	4307			63	2353	80	10322	37	10833	271	5168	37	3769	4	679	false	false	
955959			28	1035	39	5231	61	18550	195	5980	73	7556	25	7115			8	309	11	1368	13	4037	27	449	21	1637	7	1020	false	false	
955977			7	277	55	7533	170	76378	95	2486	66	6094	122	30227			1	64	0	0	0	0	0	0	0	0	0	0	false	false	
956134			16	661	13	1364	18	7253	22	422	6	674	4	1171			1	61	4	506	5	1455	1	26	2	215	0	0	false	false	
956152			28	1237	20	2615	17	7080	120	3114	32	3988	19	6807			14	551	24	2630	11	3131	145	3206	22	2376	17	3663	false	false	
956255			21	1006	38	3943	49	18029	96	3036	39	4137	22	6526			2	51	4	444	3	707	7	215	5	247	3	230	false	false	
956358			42	1520	25	2956	34	16152	236	7951	72	7091	15	3247			35	1187	44	4342	28	8811	79	1783	13	1009	0	0	false	false	
956376			0	0	4	503	3	1271	7	65	1	85	0	0															false	false	
956527			5	282	25	3330	29	11280	79	2364	45	5336	46	12545															false	false	
956554			5	231	10	1034	23	9197	42	1186	18	1186	26	5795			0	0	0	0	0	0	0	0	0	0	0	0	false	false	
956750			111	5868	188	23170	224	85622	519	15482	61	5942	92	28576			45	2697	54	6595	41	15044	14	786	4	276	2	452	false	false	
956938			84	3262	96	11384	178	70760	845	20732	138	13076	68	16843			221	7545	82	7836	23	5162	18	355	1	97	0	0	false	false	
956956			15	760	15	2029	26	8627	136	2509	19	1777	7	1631			8	255	8	938	3	820	41	588	2	112	2	453	false	false	
957757			15	502	22	2287	14	4256	92	2236	38	3661	14	5567			39	1549	46	5416	29	7820	92	2627	51	6985	35	11577	false	false	
958204			28	1471	39	6747	136	77285	94	4049	63	9191	71	30954															false	false	
958231			0	0	0	0	0	0	13	381	4	489	2	566			2	80	2	318	5	1280	4	144	2	261	6	1546	false	false	
958558			46	1628	23	3337	13	4572	358	9527	49	5018	12	3649			14	671	10	1100	2	423	141	2587	14	1292	8	1511	false	false	
958763			31	1659	24	3056	24	18485	20	539	0	0	1	193			10	961	4	567	5	1387	84	1364	0	0	0	0	false	false	
959304			4	112	23	2764	352	183852	90	4088	101	11418	269	94423															false	false	
959443			32	1198	41	4138	31	12698	407	8213	49	4848	32	7295			60	2312	65	7974	37	9857	21	608	18	1823	10	2049	false	false	
959630			27	54	0	0	2	542	31	470	0	0	1	228			13	135	4	700	5	1353	8	109	0	0	0	0	false	false	
959715			0	0	0	0	29	9376	1	25	4	466	22	8924			0	0	0	0	0	0	0	0	0	0	0	0	false	false	
960047	94	25															24	1185	29	3578	6	1418	20	570	4	591	0	0	false	true	
960551			16	696	13	1558	11	3957	146	3626	27	3117	3	594			13	356	30	4049	18	5005	85	2314	27	3697	25	5834	false	false	
960935			89	3129	216	23723	371	136222	974	23220	276	23861	155	34137			116	4155	115	12203	70	15208	128	2893	61	5789	41	6581	false	false	
961259			12	523	41	4592	43	16033	159	3702	71	6939	46	12274			1	10	1	94	1	308	1	8	0	0	0	0	false	false	
961343			47	1926	86	11552	92	32814	62	1670	30	2606	16	5456			10	466	4	491	11	2544	12	315	7	605	8	1137	false	false	
961400			3	115	24	2809	78	26444	58	1615	26	3557	26	12466			0	0	0	0	0	0	0	0	0	0	1	142	false	false	
961446			36	1242	33	3755	27	10293	132	2708	49	5365	17	5096			53	2068	65	7559	40	12170	88	2917	39	5095	25	5600	false	false	
961576			5	169	11	999	2	690	1	1	0	0	0	0															false	false	
961624			87	2902	212	22851	445	127829	2506	18182	306	17834	387	64639			1	71	0	0	0	0	0	0	0	0	0	0	false	false	
961811			23	871	49	5739	70	27632	69	2291	37	3711	50	18016			5	145	3	236	4	1256	0	0	0	0	0	0	false	false	
962313			28	1090	19	2237	24	11714	61	1686	15	1891	16	5659			110	4386	80	13752	12	5367	33	447	0	0	0	0	false	false	
962890			143	7164	124	21222	190	98269	312	10668	88	13593	65	33655			115	4776	48	8012	35	11628	110	3146	39	6725	24	8064	false	false	
962966			1	77	4	608	26	6989	13	234	7	248	10	2324			0	0	0	0	4	250	0	0	0	0	0	0	false	false	
963002			89	880	26	3044	68	27307	322	1586	28	1627	25	6472			0	0	0	0	0	0	0	0	0	0	0	0	false	false	
963730			5	233	30	4110	185	78505	40	1597	55	6163	70	25403			0	0	0	0	0	0	0	0	0	0	0	0	false	false	
963945			79	2880	31	4218	126	15852	62	2956	92	3310	271	40810			125	4103	146	11012	97	14651	194	4835	43	3818	15	2906	false	false	
964157			5	333	15	1765	29	10961	24	668	7	1033	8	2775			1	58	1	97	0	0	0	0	1	119	0	0	false	false	
964250			16	565	10	1085	7	1601	65	1392	15	1395	7	2048			15	356	17	2311	14	3382	54	984	17	1430	10	1846	false	false	
965051			9	336	4	445	7	2548	147	1814	17	1688	4	1564			9	484	9	1525	4	1104	49	1284	20	2299	14	3422	false	false	
965789			7	285	22	3049	96	43310	58	1249	58	4224	133	40210			1	35	0	0	3	453	0	0	0	0	0	0	false	false	
966272			5	275	17	2167	13	5197	60	1265	19	1920	24	8856			4	186	4	430	8	1910	5	116	0	0	1	148	false	false	
966722			22	809	64	7839	60	23531	247	5865	72	6830	54	16274			16	883	28	2868	35	8453	349	8016	138	10568	79	16842	false	false	
966731			27	1110	55	7240	49	16810	240	5676	39	4126	6	1541			10	347	7	720	1	124	0	0	0	0	0	0	false	false	
966973			80	3473	19	2778	15	6906	24	858	0	0	0	0	4	44													true	false	
967046			41	1803	93	10868	175	63315	315	8207	143	12313	146	33023			7	221	11	1269	14	3648	42	1056	7	556	6	748	false	false	
967952			17	523	7	749	9	3936	95	2409	22	2598	18	4970			25	742	23	2320	21	5444	171	3727	35	1937	21	3193	false	false	
968070			24	863	53	6303	112	41377	298	9164	89	9502	97	25853			1	31	3	489	5	1312	1	58	0	0	1	284	false	false	
968155			9	467	20	3326	26	12206	82	2523	13	1783	3	1540			15	820	14	1901	6	1949	75	2218	18	2744	4	1265	false	false	
968249			16	567	21	2622	29	13614	87	1643	25	1912	18	5218			35	1575	50	7127	43	11652	181	3726	40	2728	25	4638	false	false	
968744			64	2596	43	5526	36	9963	335	6904	39	3895	10	2176			8	244	6	907	1	384	76	1410	4	528	4	1356	false	false	
969059			1	16	5	561	17	6930	13	330	6	566	8	2321			1	49	3	251	0	0	10	198	0	0	1	284	false	false	
969255			61	2218	61	8028	96	88718	179	3626	17	1806	10	3431			83	2653	16	2213	3	774	34	664	3	272	9	1818	false	false	
969639			45	2235	64	8309	61	20464	143	3101	38	2950	11	2014			15	663	8	683	11	2448	25	456	5	267	1	291	false	false	
969844			50	4378	29	2557	11	3900	99	2150	17	1299	16	5190			24	1001	41	4970	31	9096	147	3023	30	2707	20	3609	false	false	
969956	14	39													0	6													true	true	
970055			5	237	24	3179	39	16513	145	4031	40	3955	35	9353			3	226	1	114	2	469	0	0	0	0	0	0	false	false	
971070			19	802	22	2740	7	2079	27	670	3	427	1	115			2	79	0	0	1	475	1	60	1	72	0	0	false	false	
971379			2	36	2	73	1	71	0	0	0	0	0	0			0	0	1	101	0	0	0	0	0	0	0	0	false	false	
971959			78	3748	147	18805	237	91236	442	11942	199	17538	237	68221			78	3572	156	19413	137	39184	306	7296	157	12682	175	33434	false	false	
972143			13	713	15	1943	11	3129	275	8512	71	8325	48	14217			9	349	19	1948	21	4646	185	4808	68	8026	39	8718	false	false	
972406	0	3																											false	true	
972648			211	8758	159	20051	208	83084	961	20601	169	16976	113	37389			56	2204	45	5115	21	5747	159	4457	65	5752	39	9780	false	false	
972732			55	2266	117	14929	241	92232	541	11956	110	9851	69	18416			50	2023	52	6714	55	15358	190	3841	17	1637	8	1902	false	false	
972750			8	416	8	1031	11	4606	43	1438	50	3701	16	5026			13	663	20	2944	17	4404	82	2333	41	4560	12	2538	false	false	
972769			0	0	12	1730	156	63573	6	67	20	1023	91	11063															false	false	
972862			5	159	13	2052	78	33899	57	2180	43	3962	65	20363			1	54	5	842	2	691	12	419	1	135	6	1022	false	false	
973252			18	722	7	824	3	503	58	1199	10	1060	9	2493			13	606	18	2170	15	4576	95	2631	26	3186	16	2977	false	false	
974558	9	126															53	2050	53	6199	41	9524	229	5844	67	7258	34	7498	false	true	
974754			36	1470	34	4128	64	28109	258	6660	43	4741	25	7861			7	329	4	473	1	276	10	354	1	155	0	0	false	false	
975153			49	1948	53	6925	57	21809	277	7051	62	5919	34	11946			17	739	22	2806	13	2958	48	1152	9	894	2	528	false	false	
975256			78	3846	64	8962	66	24276	378	7747	110	13644	36	16325			64	1829	54	6824	34	9638	108	3683	67	7328	52	3691	false	false	
975452			25	1063	16	2072	7	2182	37	1160	6	671	7	2437			0	0	1	38	0	0	0	0	0	0	0	0	false	false	
975751																													false	false	
975854			12	591	48	5720	68	29372	219	4511	66	6152	46	12188			7	346	36	4468	25	7481	40	1158	26	2410	10	2498	false	false	
976534			46	1782	33	4136	41	15708	193	5258	31	3845	22	6028			17	763	37	5206	33	12793	73	1756	12	1265	21	5968	false	false	
976552			5	205	19	2425	65	28396	95	1919	70	5621	106	31570			1	52	0	0	3	597	0	0	0	0	0	0	false	false	
976703			0	0	0	0	0	0	0	0	0	0	2	911															false	false	
976954			0	0	0	0	0	0	5	222	4	684	1	298			8	8	6	961	0	0	9	296	8	1277	2	548	false	false	
977045			1	78	5	646	6	1377	40	1040	14	1352	10	2631			1	29	1	101	0	0	2	31	0	0	0	0	false	false	
977250			0	0	0	0	2	876	1	86	0	0	3	643			1	53	2	219	4	1242	2	58	2	96	0	0	false	false	
977616			6	58	13	1778	37	12301	7	152	6	494	2	543			4	178	4	715	9	1707	0	0	0	0	0	0	false	false	
977652			8	304	18	2712	18	7158	112	2862	12	1420	3	497			3	157	3	536	2	169	37	788	0	0	0	0	false	false	
977951			97	3939	127	16780	138	51178	327	8925	135	13296	105	28069			84	3281	106	12177	62	15240	214	5563	68	6908	42	8321	false	false	
978118			145	5631	186	21505	321	127383	312	9595	90	8601	67	23512			213	7963	196	22502	223	59548	222	6127	51	4514	22	4897	false	false	
979133			18	754	24	3157	23	8924	64	1916	19	2049	12	3620			16	630	57	4242	44	9781	198	5443	74	7397	53	11188	false	false	
979151			14	623	4	509	4	1193	58	868	6	612	1	158			13	659	32	5107	48	20857	122	2400	22	2796	34	12472	false	false	
979629			299	28087	149	19633	174	63257	584	32615	121	11719	76	22143			8	210	5	624	3	893	1	7	0	0	0	0	false	false	
979759			6	260	11	1500	31	15057	57	1545	36	4667	38	10085			3	83	5	583	7	1791	17	341	2	358	1	244	false	false	
980438			62	2471	50	6557	44	17708	304	9086	69	7326	55	16225			38	1235	58	7030	52	13233	93	2578	40	4243	18	4669	false	false	
980531			311	13556	221	29466	204	89243	637	8960	87	7433	66	12646			27	1033	15	1603	10	2576	48	734	7	812	7	964	false	false	
980661			13	453	82	11663	395	168263	13685	113341	711	44550	477	99258			0	0	2	387	7	1717	0	0	0	0	1	299			
980773			41	1534	71	8135	74	27136	85	2307	16	1172	11	2025			3	212	5	361	5	1145	0	0	0	0	1	356	false	false	
980951			20	772	22	2482	45	17962	112	2940	66	5016	59	19438			2	35	1	202	1	148	3	110	0	0	0	0	false	false	
980960			0	0	3	380	24	13782	210	4395	67	5211	83	30177			2	122	1	137	0	0	0	0	0	0	0	0	false	false	
981350			3	112	1	182	1	376	42	1036	6	604	4	1105			5	171	3	313	2	498	12	223	3	418	1	349	false	false	
981453			4	213	3	319	0	0	9	154	0	0	4	613			3	172	15	1642	11	2644	35	935	11	1184	7	1732	false	false	
982142			89	3845	123	16206	179	67687	726	18763	134	12634	49	13239			217	8376	246	27942	102	24208	428	9753	58	6523	17	2876	false	false	
982348			80	3130	60	7689	54	21521	159	3687	48	3829	47	13329			41	1264	61	6879	89	23079	132	2821	50	4533	34	5058	false	false	
982553			64	3251	68	9183	96	43658	169	4674	50	6145	53	18240			96	5401	118	15365	77	24132	143	4277	33	4603	16	4623	false	false	
983055			4	155	5	430	1	283	22	708	8	665	2	409			4	161	3	364	7	1020	30	894	14	1127	8	1153	false	false	
983158			0	0	1	235	0	0	0	0	0	0	0	0			9	382	13	1536	8	2580	84	2314	35	3988	21	3801	false	false	
983457			0	0	0	0	0	0	23	60	2	71	3	427															false	false	
983550			46	1599	57	5912	53	15651	258	6993	58	4587	17	2952			15	751	9	1129	21	6749	11	347	13	854	7	2400	false	false	
984258			25	991	38	4924	61	21060	544	10032	82	6516	52	12946			12	530	24	2498	11	2957	247	3939	27	2491	9	1348	false	false	
984351			20	755	3	418	1	202	90	2335	10	1365	17	7455			13	442	18	2653	17	5173	144	3574	36	3742	21	5548	false	false	
984454			3	259	10	1344	6	689	26	608	22	1978	7	1203			7	483	18	1736	27	6528	50	775	5	546	18	5142	false	false	
984856			11	495	14	2025	10	4051	149	3581	20	2090	15	4862			20	880	33	4285	34	8754	219	5228	25	2623	10	3502	false	false	
985451			52	1727	28	3663	17	6199	38	806	3	269	4	934			5	243	5	699	0	0	0	0	0	0	0	0	false	false	
985479			307	12438	205	35075	185	89860	1127	29293	170	26374	80	36806			79	3899	71	11982	66	23230	61	1625	12	1657	4	1155	false	false	
986159			18	741	8	1101	5	2986	117	3812	26	3130	11	2502			7	307	13	1734	12	2671	87	2681	43	4818	17	4677	false	false	
986551			13	1272	15	1700	13	3372	168	6417	19	2288	3	647			11	538	33	4377	20	6253	161	4586	28	3157	17	4809	false	false	
986757			1	38	2	293	2	333	63	3057	63	8300	44	10318			4	182	5	550	4	810	29	751	1	190	2	644	false	false	
986935			46	1021	15	1643	12	3244	172	3868	50	6201	27	9245			16	267	24	2347	7	1228	40	1005	17	2166	12	2922	false	false	
987231			33	1211	24	2920	31	10760	95	2275	21	1696	20	7181			16	897	10	1259	15	3384	37	908	17	1216	11	2567	false	false	
987259			50	1917	36	5117	27	8658	195	5679	69	7435	55	16493			28	1332	51	6061	46	11901	376	8980	135	11915	68	14344	false	false	
987576			0	0	1	116	0	0	2	93	0	0	1	394			2	129	0	0	1	261	0	0	0	0	0	0	false	false	
987651			3	120	10	996	4	1174	37	1001	7	637	4	1388	5	9													true	false	
987848			3	216	2	311	1	260	21	605	7	1070	9	2795			26	1277	32	3597	30	7376	185	4038	35	3176	12	3623	false	false	
988144			7	307	12	1564	6	2024	130	3026	15	1062	6	1510			89	4122	129	16413	71	19842	173	3403	9	808	4	794	false	false	
988153			76	3179	61	8132	54	19354	527	14654	157	17203	97	24371			71	3008	82	11222	58	16790	524	15623	239	25839	112	23544	false	false	
988256			10	428	12	1481	1	234	20	375	1	116	2	736			4	117	16	1686	5	1279	28	416	5	389	1	102	false	false	
988452			17	803	41	6140	92	35377	63	1335	27	3323	23	5724															false	false	
989141			8	365	10	966	9	4671	73	1955	12	1579	10	2791			5	244	9	1188	9	2172	22	570	7	410	5	884	false	false	
989347			71	2859	59	7585	49	22524	273	6509	72	7867	37	11344			22	1070	20	2735	11	3035	44	1116	26	2692	27	5379	false	false	
989534			31	961	15	1395	18	7562	148	2994	15	1373	11	3360			40	1314	14	2036	9	2644	3	93	0	0	0	0	false	false	
989730			14	630	27	3741	57	22976	158	4463	43	4651	13	3807			1	50	4	420	0	0	9	247	1	127	0	0	false	false	
989851			3	203	4	693	12	4171	74	2053	21	2014	20	6143			1	66	1	68	1	384	2	18	3	298	0	0	false	false	
990053			15	582	38	4061	49	20238	123	2710	26	3497	18	6021			0	0	0	0	0	0	1	10	0	0	0	0	false	false	
990352			71	2516	49	5677	42	13409	360	6627	65	5586	37	9639			172	7061	281	37358	178	47492	778	18977	228	22519	111	25022	false	false	
990642			65	2668	36	4440	18	6556	265	7326	79	6454	42	12284			59	2573	60	7439	55	16647	100	2224	65	5540	34	6504	false	false	
991078			5	190	10	1287	6	1774	85	2539	26	2927	5	720			1	62	1	205	0	0	0	0	0	0	0	0	false	false	
991135			5	209	18	2774	38	17754	14	321	16	1555	10	2943			1	35	0	0	1	308	0	0	0	0	0	0	false	false	
991340			135	5789	267	32003	367	134990	1203	23054	702	53424	1005	257384			38	1494	58	4863	41	10431	86	1827	46	3341	35	4868	false	false	
991359			33	1352	23	3340	26	8704	171	3579	22	2262	12	5302			33	1360	27	3348	24	6789	64	1425	29	2908	19	4169	false	false	
991555			16	584	14	1916	5	1296	72	1604	12	907	8	2502			38	1813	58	7150	40	10923	201	5032	74	8560	24	5551	false	false	
991621			59	2546	90	12039	51	19838	235	6042	27	2334	11	2791			26	976	26	3315	15	3857	6	96	0	0	0	0	false	false	
991854			30	1377	4	350	1	276	55	1446	10	1083	10	2637			0	0	0	0	0	0	16	323	3	350	2	643	false	false	
992851			24	990	17	945	24	4619	77	1741	22	2244	9	2852			37	1571	56	6138	50	15071	282	8536	101	11643	54	14412	false	false	
993250			5	212	13	1709	18	6037	126	4031	59	5315	31	6442			9	395	13	1347	30	5217	228	10321	153	17212	103	21316	false	false	
994435			149	5103	138	16942	147	46038	818	16022	1192	18832	106	29933			150	6617	126	15620	44	10184	313	6784	72	6953	42	8745	false	false	
994770			6	224	2	111	0	0	0	0	0	0	0	0			8	368	5	412	3	744	0	0	0	0	0	0	false	false	
995076			58	3091	166	23763	437	179122	957	31848	412	47926	313	97614			75	3707	99	13865	77	19879	288	10005	91	11958	37	10435	false	false	
995272			0	0	0	0	2	458	0	0	0	0	0	0															false	false	
995517			57	2348	35	4293	47	17146	309	7786	51	5605	13	4987			149	6897	194	24879	80	23063	703	27050	26	3143	2	494	false	false	
995571			75	1946	30	3921	39	15855	178	4215	46	4811	16	3957			23	522	9	915	12	3548	12	371	1	20	1	288	false	false	
995674			29	1337	53	7104	73	29479	149	4452	52	5366	30	11757			0	0	7	695	11	4871	0	0	0	0	0	0	false	false	
995955			2	87	0	0	4	1105	36	1019	2	251	3	1651			3	83	3	566	2	393	55	1461	12	1643	8	1931	false	false	
996260			1	53	4	491	68	41758	34	998	17	3036	12	6158															false	false	
997155			6	210	5	533	4	1772	51	1043	8	712	5	3181			4	189	7	783	0	0	37	810	2	269	1	235	false	false	
997557			11	395	3	282	4	2176	14	293	2	267	4	1481			7	297	6	507	9	2171	72	1603	10	934	7	1404	false	false	
997847			17	773	37	5001	52	22189	91	2594	63	5166	51	13705			13	604	20	2938	22	6741	58	1306	15	1252	5	839	false	false	
998358			25	878	11	1351	6	1417	90	2024	17	2067	5	1025			11	411	14	1724	10	2107	79	1606	22	1854	19	4946	false	false	
998648	21	119															11	371	15	1267	7	2491	53	412	5	265	3	463	false	true	
998657			10	409	12	1564	18	8882	90	1771	10	1409	15	6992			10	246	13	1795	2	700	60	1480	15	2252	8	1819	false	false	
998844			84	3600	82	10330	86	33315	283	7666	113	12061	100	31169			32	1703	79	10446	83	22109	171	4126	120	11555	85	19358	false	false	
999935			22	1186	64	8095	119	48060	367	7834	56	7942	48	17862			33	1598	40	4158	14	5537	2	51	0	0	0	0	false	false	
1000052			92	4712	98	13388	69	24959	202	6169	62	6355	51	16100			38	1769	100	8809	82	19188	1760	57762	781	80327	152	37250	false	false	
1000276			17	680	42	4930	69	22586	223	6770	88	9927	43	10049															false	false	
1000641			46	1841	71	9211	163	131396	230	6845	109	9997	117	53449			28	915	29	3069	27	7511	56	1521	17	1538	10	2566	false	false	
1000856			2	22	2	223	2	277	3	58	2	124	0	0			2	74	0	0	0	0	0	0	0	0	0	0	false	false	
1000959			24	1040	21	2489	14	5409	143	2909	44	4700	22	6282			33	1244	35	3841	18	4653	85	1966	45	4254	29	5181	false	false	
1001059			44	1872	77	10589	122	54214	316	9130	98	12057	105	37623			28	1121	63	6919	49	12762	198	5645	54	6067	37	7960	false	false	
1001152			47	2185	82	10602	131	61435	357	10559	176	20515	170	54448			10	399	12	1522	7	2086	14	313	2	262	5	1498	false	false	
1001639			9	543	45	4965	152	56132	92	2916	22	2710	73	32258															false	false	
1001648			152	6107	309	38385	485	193265	1076	30260	574	52856	737	200320			115	4102	189	11178	166	18326	283	6227	112	10740	66	14198	false	false	
1001853			25	933	36	3590	60	22332	96	2065	28	3106	30	6097			9	346	8	878	3	668	28	515	4	116	0	0	false	false	
1002373			15	655	43	7722	83	42499	490	6270	90	1771	38	8070															false	false	
1002458			23	696	14	1507	19	6759	91	1795	7	691	9	2393			20	575	5	439	0	0	1	29	0	0	1	225	false	false	
1002878			518	18822	781	88499	891	306889	4172	93623	873	70715	529	165695			121	4878	126	15746	111	28309	176	3823	14	1464	2	168	false	false	
1002953			7	293	6	617	12	3935	20	591	9	847	6	3210			14	561	30	3945	23	7557	16	227	2	306	4	1231	false	false	
1003455			41	1486	26	3017	20	5924	236	5774	52	4845	33	7875			81	3509	85	10461	52	15011	368	8681	87	9200	54	13276	false	false	
1003558			21	969	39	5172	43	12298	125	3480	36	2957	22	2869															false	false	
1003839			21	883	40	5306	70	31075	103	3522	69	7287	37	13867			0	0	0	0	1	44	0	0	0	0	0	0	false	false	
1003950			7	180	3	359	5	1343	22	779	4	328	0	0			12	441	8	959	5	1285	7	60	0	0	0	0	false	false	
1004256			3	71	4	505	4	2061	35	744	9	759	3	697			7	418	18	2490	12	3719	60	1631	27	2440	21	4230	false	false	
1004470			112	3557	105	17563	112	55018	151	4553	27	4262	24	11482			1	19	0	0	1	290	0	0	0	0	0	0	false	false	
1005075			1	18	13	1364	18	5671	0	0	0	0	0	0															false	false	
1005552			28	1044	45	5005	49	15057	153	3548	15	1597	7	3171			19	863	31	4090	10	2958	35	808	10	1005	0	0	false	false	
1005655			1	40	1	70	2	555	111	3618	65	7962	52	16031			13	551	13	1163	7	2079	29	937	16	1747	16	3116	false	false	
1005851			20	959	36	5693	27	12569	62	1469	23	2626	13	5899			6	160	10	1152	12	3668	57	1390	26	1840	23	5915	false	false	
1006148			46	1709	86	9666	143	56635	257	6764	79	6432	83	23376			43	2006	64	7582	92	37867	123	3277	61	6070	48	15455	false	false	
1006157			7	378	15	1667	18	8871	26	844	9	835	3	1584			0	0	1	80	0	0	0	0	0	0	0	0	false	false	
1006513			17	742	51	7067	77	31142	31	1131	28	2286	18	3546			0	0	1	236	1	445	0	0	0	0	0	0	false	false	
1006559			13	492	22	2495	50	16296	106	3139	23	2263	12	2471			0	0	1	137	1	72	1	9	1	105	0	0	false	false	
1006652			23	885	10	1227	2	872	218	4004	10	1046	7	2544			91	3301	47	6781	23	7356	119	3062	13	1353	23	5566	false	false	
1007015			56	2179	126	14891	228	81994	435	13387	157	15597	149	50986			9	374	26	2898	14	3887	13	313	5	562	2	238	false	false	
1007051			10	355	3	347	10	3702	63	1359	7	638	6	2009			31	1285	43	5343	26	8070	109	2463	29	2598	10	2482	false	false	
1007154			24	997	65	10415	123	52135	265	6311	103	10279	90	23396			32	1477	37	3880	21	5193	20	574	7	848	5	1226	false	false	
1007417			65	1399	66	6298	129	44509	31	1887	12	1155	5	1498															false	false	
1007734			16	970	57	7944	166	79563	109	3354	48	5243	46	14513			2	82	1	140	1	311	20	408	4	371	2	270	false	false	
1007752			56	2257	39	5111	55	17852	98	2303	34	3197	56	14673			25	565	41	3764	45	8710	127	3215	64	5941	45	8589	false	false	
1007819			154	6342	273	33452	400	147975	588	15831	180	18313	144	43272			1	38	1	51	1	448	0	0	0	0	0	0	false	false	
1007873			1	70	4	578	42	20362	0	0	0	0	0	0															false	false	
1007930			67	2185	19	2538	15	4989	89	2106	10	1299	7	1853			20	807	38	5292	33	9701	103	2389	45	4589	28	5180	false	false	
1007958	24	54															9	389	15	1954	15	4602	84	2374	21	1756	15	2813	false	true	
1008076			3	207	9	1309	19	7873	132	1121	3	323	22	11393			0	0	0	0	0	0	0	0	4	494	1	172	false	false	
1008151			9	301	9	1002	4	1350	126	2303	15	2066	5	924			21	924	38	4508	26	6374	214	5940	57	7960	28	6725	false	false	
1008209			1	52	6	782	29	11691	10	258	2	346	3	1025															false	false	
1008450			0	0	1	37	0	0	32	1232	10	1133	3	979			0	0	18	2116	13	2811	29	1254	9	1206	13	3144	false	false	
1008553			9	176	10	630	9	2902	36	747	11	879	8	1962			35	1482	54	6770	54	14520	106	2578	49	3952	43	7721	false	false	
1008674			7	217	31	4773	98	10058	142	7164	94	15020	49	17554															false	false	
1008955			11	697	15	1902	11	3986	299	9802	66	5798	10	2061			18	699	12	1629	14	4020	61	1860	15	1823	6	1378	false	false	
1009242			114	4172	71	9650	70	26020	496	12722	146	15441	78	24026			249	10031	255	31304	187	49369	749	16202	216	22816	119	27292	false	false	
1009354			23	793	46	4738	135	49195	171	5173	69	7760	78	27791			3	155	5	823	3	995	6	197	0	0	1	242	false	false	
1009756			40	1504	15	1740	6	2202	150	3409	44	4546	12	2996			54	2307	119	14803	83	23602	380	10677	155	13839	142	21839	false	false	
1009840	46	118															30	1319	17	2601	36	10788	121	3193	0	0	0	0	false	true	
1010015			31	1329	20	2371	32	12474	108	2459	34	3534	27	8408			1	14	2	205	3	671	18	471	2	265	0	0	false	false	
1010574			12	699	42	6206	92	42127	65	2020	50	6803	48	21097			1	51	1	222	2	837	0	0	0	0	0	0	false	false	
1011432			17	577	29	3445	34	12893	19	503	6	447	9	3237			1	28	2	257	0	0	0	0	0	0	0	0	false	false	
1011526			408	7937	376	44413	436	161911	940	17926	184	18690	175	49675			66	1859	54	6935	24	6720	91	1538	4	530	0	0	false	false	
1011638			125	4823	199	24910	235	89080	736	17129	136	13918	130	38656			43	1828	32	3659	20	5966	11	265	4	203	5	1157	false	false	
1011656			0	0	0	0	0	0	6841	110446	231	7361	0	0			0	0	0	0	0	0	4	63	2	334	0	0	false	false	
1011852	0	20															1	27	1	198	0	0	66	2876	14	2164	0	0	false	true	
1011955			39	1355	43	4520	42	16450	262	5983	84	7255	65	15823			81	2753	106	11422	76	21230	400	9474	233	22710	141	27276	false	false	
1012251			37	1498	38	4407	21	7429	197	4957	24	2218	6	1063	124	274													true	false	
1012457			5	154	2	156	4	217	78	1273	10	916	8	2809			7	353	11	1531	4	796	95	2395	37	4257	26	7130	false	false	
1013070			2	61	13	1706	64	29491	4	126	5	621	5	1976															false	false	
1013650			4	188	2	320	0	0	25	824	9	800	0	0			9	318	12	1660	11	3052	107	3037	51	7557	30	6959	false	false	
1013744			0	0	8	1248	25	13028	142	6671	66	9113	58	22501			1	78	0	0	2	693	1	25	1	27	0	0	false	false	
1014059			14	610	18	2214	15	5936	46	1061	8	1010	4	1288			9	366	11	1590	3	976	29	679	11	1530	10	2953	false	false	
1014125			8	282	33	4322	120	49955	90	2141	53	4978	63	17843			1	57	0	0	1	395	5	78	1	40	0	0	false	false	
1014246			16	665	19	2962	14	3928	77	2281	17	1760	9	1952			16	683	11	1630	12	3727	33	943	7	767	3	538	false	false	
1014255			11	330	3	363	0	0	27	862	9	1113	6	2016			4	151	5	417	4	1163	30	870	21	1856	14	3068	false	false	
1014376			72	3226	58	8054	47	16936	188	4373	15	1558	1	283			99	4860	54	7050	20	5021	19	490	3	367	0	0	false	false	
1014451			8	134	9	1000	10	5058	66	1232	12	951	16	5744			8	283	10	1095	14	3584	24	911	6	348	4	748	false	false	
1014554			15	752	17	2217	6	1698	68	1971	17	2211	7	1883			32	1489	30	4588	18	5370	103	2128	31	3206	12	2900	false	false	
1014657			66	2721	50	5993	39	11453	47	957	32	1429	17	2430			5	94	4	354	2	439	1	2	0	0	0	0	false	false	
1014853			22	759	26	2811	32	11283	132	2697	9	911	11	2018			104	3807	47	5782	31	8282	227	5033	39	2882	17	2240	false	false	
1015252			9	363	18	2389	24	10867	174	2550	66	6311	74	26561			0	0	0	0	0	0	0	0	0	0	0	0	false	false	
1015270			11	523	29	3413	39	12835	27	713	10	948	17	3404			0	0	3	122	1	160	1	9	1	118	0	0	false	false	
1015458			24	894	9	1041	14	6787	41	913	4	830	4	1697			4	202	5	917	4	1298	29	1129	14	1690	19	5910	false	false	
1015560			0	0	0	0	15	8649	0	0	0	0	0	0															false	false	
1015841			23	1081	23	2772	33	12247	145	4365	45	4516	18	4581			23	863	29	4209	27	8410	129	3239	49	4800	14	3570	false	false	
1015850			17	696	54	7361	104	38835	261	6841	55	5112	57	18213			1	100	1	105	1	202	0	0	0	0	0	0	false	false	
1016174			2	31	12	1046	10	3085	0	0	0	0	0	0															false	false	
1016231			12	636	41	5609	151	68938	111	3283	63	5745	86	22587			1	31	3	407	7	2573	0	0	0	0	0	0	false	false	
1016259			78	2726	80	9566	104	39640	404	8855	64	6173	80	23234			511	6533	166	17259	90	23937	259	5349	39	3888	10	1121	false	false	
1016558			14	735	4	460	7	2299	53	1518	19	1890	11	2884			6	377	9	1042	3	948	45	1477	18	1703	7	1346	false	false	
1016718	31	90													298	59													true	true	
1016848			39	1602	10	1367	15	4811	152	3291	13	1222	13	3768			42	1319	31	3537	22	5278	57	829	11	685	4	265	false	false	
1016857			19	735	36	4505	96	35650	75	1588	49	4578	65	18079			3	152	1	144	1	200	4	119	0	0	0	0	false	false	
1016941			20	1016	58	7761	56	21390	121	3117	30	2748	15	4644			1	83	3	308	0	0	6	76	0	0	0	0	false	false	
1017425			22	1078	39	5046	99	39226	495	12960	146	11624	76	17471			12	493	51	6403	46	10627	78	1930	12	1292	1	500	false	false	
1017555			2	173	2	456	9	3125	14	228	11	1177	3	882			4	232	6	627	3	763	8	219	4	289	2	779	false	false	
1017564			7	423	12	1606	19	8558	71	2126	19	2287	9	3702			5	280	5	514	3	567	9	315	0	0	2	611	false	false	
1017854			6	75	1	65	5	2205	43	827	4	459	4	1046	191	252													true	false	
1017939			311	12643	984	120030	2762	1102547	29960	584401	7531	616282	3661	901828			35	1258	54	5230	26	6022	57	1079	5	529	2	314	false	false	
1017957			19	829	25	3233	38	14798	152	3918	38	3763	26	7453			6	221	15	1380	13	2949	66	1736	14	1204	5	740	false	false	
1018927			8	385	40	4851	121	51745	156	3895	66	6196	130	42205			0	0	5	696	10	3231	47	1153	22	2776	10	2426	false	false	
1157415			4	102	10	1720	112	55774	9	319	10	1621	7	2261															false	false	
1160509			33	1483	30	4441	43	18752	528	11152	56	6332	21	5801			32	942	12	1663	2	566	4	43	0	0	0	0	false	false	
1162017			3	42	1	209	37	21120	11	429	10	1672	26	13567			1	71	0	0	3	1220	0	0	6	504	3	1084	false	false	
1163283			18	665	14	1652	7	6440	119	2555	16	1887	8	3329			4	101	2	256	1	450	10	100	0	0	0	0	false	false	
1169650			7	365	11	1389	112	51411	12	262	13	654	14	3617			0	0	0	0	2	816	0	0	0	0	0	0	false	false	
1176881			0	0	2	0	1	6	1	0	0	0	4	1027															false	false	
1176920	33	187															10	413	6	529	3	996	74	1449	5	352	2	350	false	true	
1187001			129	4635	115	13260	170	60449	1318	26951	152	15530	114	37489			117	5116	109	13101	55	15423	911	18436	143	14230	56	9252	false	false	
1187551			0	0	0	0	9	5801	0	0	0	0	5	2743															false	false	
1188772			17	612	27	2170	27	10886	218	4689	39	3130	32	7887			14	678	12	913	6	1063	15	422	5	302	0	0	false	false	
1188987			42	1710	50	5904	64	23970	325	6795	44	3596	23	5828			18	785	11	1033	9	2267	103	1918	0	0	0	0	false	false	
1190476			94	4357	354	50360	1492	657954	2622	67819	486	53228	780	353878			3	61	8	984	12	3548	6	179	9	910	3	807	false	false	
1191352			17	647	20	2369	42	15418	77	1656	17	1598	10	3349			21	660	13	1227	7	1009	0	0	0	0	1	176	false	false	
1216022			0	0	0	0	0	0	1199918	1758000	755	30000	332	31000			0	0	0	0	0	0	0	0	0	0	0	0			
1218446			1	97	1	76	6	3612	3096	8405	82	2153	28	4313			4	58	0	0	6	1779	4	57	1	3	0	0	false	false	
1222519			70	3279	102	13915	110	44507	536	12012	87	8720	55	14954			16	748	14	1694	6	1741	48	1037	5	469	7	1332	false	false	
1222948			57	2195	112	13429	119	42423	398	7588	62	5175	53	14434			32	1371	65	7176	78	17875	68	1577	46	4973	27	6273	false	false	
1225752			8	201	21	2734	61	23264	261	9693	112	12276	72	16143			2	87	0	0	1	151	0	0	0	0	0	0	false	false	
1225761			0	0	0	0	0	0	0	0	0	0	0	0			0	0	0	0	0	0	0	0	0	0	0	0			
1225798			20	641	36	3319	61	30504	13	314	7	760	9	3182															false	false	
1228034			66	2734	70	8002	85	33718	670	12646	66	5363	24	5529			95	3916	47	6142	26	7237	150	2977	6	525	2	266	false	false	
1293078			21	1055	48	6674	51	19164	100	1823	12	953	10	1974			17	789	12	1401	15	3806	12	284	1	62	0	0	false	false	
1356768			133	7439	401	49873	907	368096	1714	45429	356	43171	262	79699															false	false	
1369870																													false	false	
1386251			622	26362	880	108143	1094	399685	6036	147243	917	84272	586	144514			706	30210	686	83487	280	75741	2533	51876	254	24927	108	21728	false	false	
1387203			1	43	3	312	1	293	3	68	0	0	0	0															false	false	
1387605			143	5963	188	25214	299	126756	982	33305	381	33214	305	89186			115	4891	206	25874	201	56214	868	29484	269	33248	162	38934	false	false	
1391778																													false	false	
1394621			96	4363	145	18141	117	43235	590	11382	73	7171	24	6879			42	1694	14	1662	12	3088	1	5	0	0	0	0	false	false	
1394676			0	0	0	0	0	0	4662528	39086485	55340	4537070	5909	2166953			0	0	0	0	0	0	0	0	0	0	0	0			
1396764			0	0	0	0	9	3899	11	25	2	2	2	574															false	false	
1397471			3	69	16	2301	19	8311	171	5179	43	4818	34	13230															false	false	
1402384			17	827	27	3576	40	14941	135	3123	7	826	2	257			11	637	15	1921	11	3942	36	1053	1	138	0	0	false	false	
1404481			27	1043	37	5263	67	30638	359	9909	111	11623	37	10610			13	396	7	753	4	1039	1	40	2	352	4	1319	false	false	
1404883			0	0	3	308	18	9970	38	845	25	2119	13	4576			0	0	0	0	0	0	0	0	0	0	0	0	false	false	
1414819			0	0	4	231	10	7134	415	681	0	0	0	0															false	false	
1418255			0	0	2	284	14	7095	9	248	8	1079	7	1604															false	false	
1429028			5	151	4	661	40	20363	47	1369	47	4237	87	26908			4	175	7	788	1	500	6	55	5	333	2	625	false	false	
1435092			8	468	3	352	0	0	109	2831	16	2185	8	2231			8	331	18	2581	6	1823	55	1153	4	601	5	844	false	false	
1436204			7	205	49	5388	315	150307	1003	3209	68	3473	122	20718			0	0	0	0	3	556	1	50	4	401	8	1660	false	false	
1443266			0	0	0	0	0	0	0	0	0	0	0	0			0	0	0	0	0	0	0	0	0	0	0	0			
1444021			0	0	0	0	0	0	0	0	0	0	0	0			0	0	0	0	0	0	0	0	0	0	0	0			
1445943			106	5006	150	17088	212	84101	440	8739	55	5774	35	10961			136	5394	92	10681	36	9772	129	2195	11	1251	3	724	false	false	
1447639			11	392	31	3334	112	43447	160	3085	87	6133	106	19129			1	17	0	0	1	220	2	69	1	175	0	0	false	false	
1456501			0	0	12	2000	111	54000	0	0	0	0	0	0			0	0	0	0	0	0	0	0	0	0	0	0			
1458608			180	7802	424	53063	664	228953	2729	96674	1002	85112	747	176427			1	35	4	545	0	0	0	0	0	0	0	0	false	false	
1459717			94	4366	182	21041	201	70972	712	20003	128	12803	83	22315			30	1210	47	5220	30	7012	20	674	10	927	8	2209	false	false	
1459735			21	950	36	4704	95	36784	159	5184	85	9229	41	9772			2	63	8	1262	14	4426	2	22	1	21	0	0	false	false	
1459799			28	1080	56	7155	95	38294	215	5415	49	4389	44	11257			24	984	19	2977	26	7585	4	84	4	459	1	228	false	false	
1462986			4	216	2	340	33	14737	1	0	0	0	0	0															false	false	
1469677			61	5508	177	21975	245	84762	283	9146	444	22409	181	49278			6	228	15	1153	5	1238	1	19	1	1	0	0	false	false	
1470150			20	936	15	2371	18	9099	46	1094	17	2083	20	7354			5	296	6	583	14	3110	36	940	6	442	11	1906	false	false	
1474309			8	273	10	1242	10	5080	31	517	4	295	8	2510			1	39	1	139	0	0	2	73	1	126	0	0	false	false	
1479470			28	806	43	5117	88	28811	194	3695	60	4913	56	15478			8	443	8	1378	5	1529	6	192	0	0	0	0	false	false	
1481745			16	694	68	8906	104	57686	146	5274	38	3324	49	17360			6	240	6	694	4	559	0	0	0	0	0	0	false	false	
1492817			13	454	8	1072	6	2286	37	899	14	1111	7	855			21	812	23	2390	28	6144	34	680	12	1188	16	2153	false	false	
1493319			0	0	0	0	14	8682	0	0	0	0	3	556															false	false	
1494482			1	7	11	1790	20	8736	7	276	6	938	5	2158			1	50	1	93	1	226	0	0	1	164	0	0	false	false	
1494914			1	80	29	4376	178	82384	96	4661	55	6457	79	26264															false	false	
1629903																													false	false	
1718188			36	1516	146	19058	428	181759	344	13450	177	22507	156	63655			0	0	2	339	1	280	23	971	44	5311	30	7767			
1718469			0	0	0	0	0	0	0	0	0	0	0	0															false	false	
1820979																													false	false	
1836701			2	182	9	1332	52	25116	41	1270	31	2514	49	17318			0	0	0	0	0	0	0	0	0	0	0	0	false	false	
1842065			5	215	18	2580	137	63963	443	9765	160	13240	400	143567			0	0	0	0	0	0	0	0	1	245	0	0	false	false	
1863097			8	424	46	5891	112	42019	227	7951	116	12526	84	21213			0	0	1	118	0	0	0	0	0	0	0	0	false	false	
1864197			11	521	66	8468	242	105120	67	1555	68	4882	110	20684			2	47	10	1249	21	5516	12	155	6	699	13	1379	false	false	
1867983			20	443	47	5515	116	50985	148	3941	49	3636	54	12902			0	0	1	136	1	181	0	0	0	0	0	0	false	false	
1872941			15	761	19	2754	43	21534	87	2413	51	3967	81	21710			26	1112	37	5434	47	13893	64	1614	36	3419	49	11247	false	false	
1879016			11	384	17	2239	48	20807	81	2027	27	2531	17	5291			14	597	12	1386	7	1783	10	130	2	176	0	0	false	false	
1883321																													false	false	
1885932			2	119	4	681	12	5582	46	1802	40	5369	23	7873															false	false	
1890525			37	1613	148	19365	559	227871	47	1740	56	6467	91	28581	1	80													true	false	
1892154			19	1180	41	6066	68	25723	102	3122	27	2467	24	9051			29	861	19	2464	9	3000	0	0	0	0	0	0	false	false	
1893049			0	0	0	0	0	0	0	0	0	0	0	0			0	0	0	0	0	0	0	0	0	0	0	0			
1917301			17	958	35	4965	104	48612	11903	191852	1087	155587	1426	561997			0	0	0	0	0	0	8	307	1	106	0	0			
1918344			1	46	6	1010	71	38330	1048	35906	372	36135	127	49591															false	false	
1929247			781	28649	2175	269621	6023	2525084	10086	297558	3149	357292	2642	897116			60	2062	94	10701	77	17205	115	2346	30	3137	18	4384	false	false	
1940747			0	0	0	0	1	460	4	138	5	510	4	3300															false	false	
1945247			5	85	11	1179	30	8473	8	395	12	1288	17	2913															false	false	
2002222			16	617	33	5065	32	12635	313	5716	67	6080	25	7735			10	376	7	701	7	2296	81	1658	16	1695	4	1201	false	false	
2006024			7	444	34	4970	180	82127	4	113	5	923	20	7961			0	0	0	0	0	0	0	0	0	0	0	0	false	false	
2007991			16	703	38	4502	40	15156	110	2425	30	2977	21	5003			12	483	10	1068	7	2080	30	869	8	552	3	787	false	false	
2009605			32	1676	75	9940	165	54550	352	6424	261	13227	318	46214			32	1711	54	6335	69	13327	100	2005	88	3590	138	10056	false	false	
2010722			4	199	32	4707	78	33043	128	5027	48	4168	61	23094			0	0	0	0	0	0	0	0	0	0	0	0	false	false	
2037185			9	764	13	1831	26	8901	34	619	14	1238	14	2238			0	0	1	207	1	272	0	0	0	0	0	0	false	false	
2044811			4	213	43	5887	142	57211	16995	202885	1596	174063	900	262486			0	0	0	0	0	0	35	1649	5	859	0	0	false	false	
2044820			3	118	11	1428	47	22633	76	2684	32	2961	30	9385															false	false	
2051127			22	997	55	7799	72	32293	117	3150	52	4427	51	14968			1	74	0	0	0	0	0	0	0	0	0	0	false	false	
2059990			6	404	5	764	19	8824	54	1228	8	1185	3	1657			10	393	9	1254	2	806	9	138	1	92	0	0	false	false	
2068107			3	91	19	2384	113	55978	222	7557	98	12093	166	60729			0	0	0	0	0	0	1	50	1	97	1	479	false	false	
2107181	0	11																											false	true	
2119773			10	479	65	8319	184	88584	18294	219013	1487	157278	921	292094			0	0	0	0	0	0	85	2165	5	653	1	367	false	false	
2121196			0	0	0	0	1	688	0	0	0	0	1	12															false	false	
2122997																													false	false	
2123930			5	242	16	2261	11	5414	56	1132	13	857	7	1971			5	226	5	583	2	660	2	68	5	583	1	253	false	false	
2132941			3	143	17	2025	112	51503	99	2981	106	7773	193	44785			0	0	2	189	0	0	0	0	0	0	0	0	false	false	
2140348			15	550	10	1607	20	11348	18	640	10	1714	4	3450															false	false	
2142155			31	1429	49	6004	101	43786	2192	58777	1229	96768	356	113820			2	165	6	1082	5	1153	3	78	3	291	2	1000	false	false	
2163477																													false	false	
2182786			1	0	0	0	0	0	24200	170000	136	20000	3	0			0	0	0	0	0	0	2007	8000	4	0	0	0			
2193616			0	0	0	0	3	1504	154	7120	139	22472	77	36705			0	0	0	0	3	932	0	0	0	0	0	0			
2209553			2	43	36	3764	450	215676	230	5278	213	14193	453	72798			0	0	0	0	0	0	1	32	0	0	0	0	false	false	
2218443			9	329	21	2513	36	16376	49	1043	17	1660	15	3225			7	222	23	3125	22	5173	45	876	22	1251	14	3385	false	false	
2232757			52	2313	48	5840	64	19343	130	3434	30	2314	14	6462	5	1													true	false	
2233875			0	0	1	196	2	446	7	34	2	103	3	732			0	0	0	0	0	0	0	0	0	0	0	0	false	false	
2236821			1	78	6	588	52	21323	45	372	27	1594	54	13950			0	0	0	0	0	0	1	3	0	0	0	0	false	false	
2239288			11	622	62	8714	273	126729	11122	248775	1458	200146	655	248018			0	0	0	0	0	0	200	6230	36	5462	2	655	false	false	
2262718																													false	false	
2265456																													false	false	
2297998			0	0	2	233	29	15590	2	161	8	246	31	6710			0	0	0	0	0	0	0	0	0	0	0	0	false	false	
2298995			6	273	44	5201	156	67393	10643	100096	900	84880	831	255360															false	false	
2304636			10	646	17	1907	44	19320	77	1936	31	2957	26	5514			0	0	1	107	4	1085	0	0	0	0	0	0	false	false	
2305969			12	535	41	5368	86	55798	70	1605	5	640	12	6427			0	0	0	0	0	0	1	8	1	91	0	0	false	false	
2316714			3	126	14	1455	43	17236	19	318	10	976	20	5723															false	false	
2317672			0	0	6	829	38	20331	9	140	9	966	9	3529															false	false	
2325882																													false	false	
2328137			116	5505	255	32945	466	180739	458	11411	107	9106	82	19348			4	258	6	858	1	447	3	70	1	150	0	0	false	false	
2328285																													false	false	
2329200			20	961	19	3357	31	13914	226	8313	43	6021	11	5295															false	false	
2332910			0	0	0	0	32	16430	19	252	24	3450	48	12620															false	false	
2333140			4	274	4	764	44	27766	13	798	11	2125	20	9982															false	false	
2337335																													false	false	
2339599			7	315	19	3038	39	22857	58	2529	36	5742	33	14814															false	false	
2339795			16	967	77	9716	168	67092	13292	127667	958	86802	600	189111															false	false	
2343167			40	521	87	3983	204	42282	512	2374	245	1348	164	12410															false	false	
2344753			30	1217	94	11617	191	74320	251	6086	129	12053	186	57179			23	893	36	4210	28	7076	4	62	0	0	4	1086	false	false	
2353595			355	10161	560	51518	747	223959	1966	28469	431	29560	250	54379			41	950	43	2879	23	3809	146	2129	27	1486	12	1457	false	false	
2354985			50	1748	124	14684	248	96391	42508	500	1191	17005	783	100573			0	0	0	0	0	0	0	0	0	0	0	0	false	false	
2356091			50	2243	80	11251	101	38062	358	9238	85	9127	66	18117			21	814	34	4649	16	3919	26	735	0	0	0	0	false	false	
2358769			21	924	66	9138	165	70533	265	6768	163	16272	136	38210			7	268	13	1263	20	6420	102	2594	44	3364	13	3411	false	false	
2362458			0	0	0	0	0	0	0	0	0	0	0	0			0	0	0	0	0	0	0	0	0	0	0	0			
2371816			171	9005	137	21411	72	31437	124	4922	66	10730	46	19521															false	false	
2390929			24	1594	105	14648	428	200875	179	9723	127	17996	215	96332			0	0	0	0	1	229	0	0	0	0	0	0	false	false	
2391588			8	216	18	2058	43	13497	88	2284	22	1868	37	11670			1	13	4	487	2	701	8	214	2	140	1	44	false	false	
2396592			51	2937	62	10134	76	36941	311	8224	31	4738	28	13153			4	167	3	378	3	1087	0	0	1	100	0	0	false	false	
2396604			12	682	35	6010	36	14242	328	10387	39	5477	14	5552			14	692	17	2706	4	1450	36	905	6	895	1	251	false	false	
2398701			0	0	0	0	1	976	1	5	6	462	15	4891															false	false	
2434113			16	718	100	12841	383	163364	695	10646	298	18958	477	119117															false	false	
2451240			0	0	0	0	3	2458	1	23	0	0	5	3818															false	false	
2465881			114	4485	110	12988	88	31879	437	10589	132	13091	112	32836			26	1078	67	8558	56	16660	199	4269	95	7941	81	15653	false	false	
2467670			1	14	1	222	11	3675	0	0	0	0	1	455															false	false	
2471239			1	37	7	560	46	21499	72	1691	84	7600	100	38162			0	0	0	0	0	0	0	0	0	0	0	0	false	false	
2482824			152	6698	155	19280	224	90735	930	24077	225	25545	186	57319			155	6314	168	20423	61	16523	701	15646	121	12021	48	10774	false	false	
2489805			0	0	0	0	0	0	0	0	0	0	0	0			0	0	0	0	0	0	0	0	0	0	0	0			
2490285			10	610	2	128	8	2151	131	1984	7	731	7	2328			25	778	13	1657	4	1132	213	5107	36	2975	10	1870	false	false	
2497181			56	2508	80	10956	136	63146	232	9702	76	10446	76	32258			47	1995	68	8736	57	16050	84	2519	31	3101	14	3227	false	false	
2502825																													false	false	
2505424			34	1406	57	6318	123	49271	135	3324	37	3461	25	6331			11	350	7	717	8	2015	6	201	5	359	0	0	false	false	
2505451			13	618	36	3830	130	47192	142	3514	53	5422	36	8578			1	35	2	35	2	655	1	14	0	0	0	0	false	false	
2505460			40	1995	58	8020	47	17405	858	20277	108	11617	35	13170			16	753	17	2130	10	3066	178	5361	46	5502	20	5492	false	false	
2508751			7	476	35	5031	112	53010	17264	229931	1970	218202	1314	385721			0	0	0	0	0	0	157	5191	41	6293	12	3814	false	false	
2515320			1	60	1	114	37	23610	112	4019	27	3960	42	16318															false	false	
2529176			1	75	3	459	15	6525	9	246	14	451	13	4563			0	0	0	0	0	0	0	0	0	0	0	0	false	false	
2531562			5	273	7	1205	13	6654	12	429	5	850	4	1624															false	false	
2531991			0	0	0	0	0	0	0	0	0	0	0	0			0	0	0	0	0	0	0	0	0	0	0	0			
2533043			4	238	15	2389	45	21329	0	0	2	212	3	293															false	false	
2536633			14	785	15	2040	21	6855	68	1501	25	2445	18	3241			6	460	15	1794	13	3103	63	1552	21	2157	15	2718	false	false	
2539960			35	1476	39	5282	42	15634	336	9665	92	9954	60	20910			57	2558	115	14485	125	36429	353	9943	216	23819	138	31333	false	false	
2562137			33	1051	12	1448	4	1377	55	1268	11	1459	1	20			12	502	41	4647	38	10721	162	4757	58	6074	31	8046	false	false	
2562164			11	521	51	7078	203	95021	3142	31112	98	6971	160	26091			0	0	0	0	1	0	0	0	0	0	1	39	false	false	
2567123																													false	false	
2568063			1	73	5	870	57	24832	125	2691	42	3638	99	37652															false	false	
2576134			0	0	1	49	0	0	123168	550084	1159	167114	235	127048															false	false	
2577739			6	269	8	1029	13	4257	31	645	8	707	14	2068			3	214	4	528	2	518	5	94	0	0	1	60	false	false	
2580243			47	2430	71	12949	151	81776	175	8987	100	18300	79	42092			0	0	0	0	0	0	0	0	0	0	0	0	false	false	
2587916			32	1255	87	11469	174	63855	114	3545	35	3801	33	9914			0	0	3	446	1	277	0	0	0	0	0	0	false	false	
2594240			15	863	37	5796	254	125886	299	9761	225	24332	349	112117			2	96	7	916	4	1074	3	139	1	74	0	0	false	false	
2594419			1	40	7	405	34	11752	38	947	12	765	10	1445															false	false	
2596646			210	10059	330	43308	403	162125	1619	40738	297	33587	215	78021			139	5959	106	13337	47	10813	171	3843	32	3573	12	2165	false	false	
2597223																													false	false	
2597232																													false	false	
2598396			9	462	35	4823	47	18072	31	747	8	981	10	4072			2	61	3	329	0	0	2	18	0	0	0	0	false	false	
2600039																													false	false	
2602828			8	261	12	1565	44	17970	33	1358	14	2001	11	4005			1	46	0	0	0	0	4	172	0	0	0	0	false	false	
2605566																													false	false	
2607412			29	1482	35	6034	31	15090	0	0	1	125	1	712															false	false	
2608754			83	3932	186	25271	364	163190	742	20666	266	26853	341	125353			7	306	5	492	7	2062	11	283	0	0	2	535	false	false	
2610784			10	429	22	3252	54	23172	67	1584	17	1326	10	1225															false	false	
2614344			38	1655	66	8013	91	39443	289	7668	27	2404	11	2549			14	594	7	1040	7	1563	0	0	0	0	0	0	false	false	
2615190																													false	false	
2615220			71	3208	49	6053	31	11401	162	4334	30	3246	16	6717			35	1556	46	6249	41	11162	191	3704	16	1930	3	536	false	false	
2618780			5	286	25	3024	143	61636	505	11198	171	15247	477	117369			0	0	0	0	2	579	0	0	1	111	0	0	false	false	
2619714			31	1315	41	5320	54	20852	171	3941	39	3463	22	4966			29	1300	45	5454	33	9692	86	1960	25	2603	15	2880	false	false	
2621285			6	279	20	2818	58	24515	43	1287	31	3198	16	6690			0	0	0	0	0	0	0	0	0	0	0	0	false	false	
2621940			28	1377	33	4053	27	11449	104	2838	1	80	23	4108			4	169	12	1830	7	2282	32	1023	8	591	3	756	false	false	
2624400			17	727	87	11033	127	45577	7552	85926	552	60518	423	142225			0	0	0	0	0	0	0	0	0	0	0	0	false	false	
2625724			2	36	15	2584	139	65449	7	288	27	2178	53	14889			0	0	0	0	0	0	0	0	0	0	0	0	false	false	
2631172			16	373	25	3766	56	21793	110	1905	29	1778	33	5448			4	139	10	718	8	2358	16	737	16	1157	6	947	false	false	
2631846			6	487	23	3194	86	39742	112	3304	74	6811	85	23844															false	false	
2634191			362	16464	1296	167068	3250	1314409	3943	78865	1402	115307	1466	362319			161	6570	373	46114	376	106425	660	17084	442	41241	318	64593	false	false	
2634351			21	1134	69	7915	161	58775	8860	121989	1209	127645	601	166252			1	32	7	1043	4	560	20	1029	16	2508	4	1210	false	false	
2641827			0	0	0	0	0	0	0	0	0	0	0	0			0	0	0	0	0	0	0	0	0	0	0	0	false	false	
2642598			2	96	28	3358	93	36608	188	5633	68	6189	47	12362			2	61	4	339	3	995	9	339	3	237	5	1251	false	false	
2643595			0	0	1	60	23	11566	0	0	0	0	0	0															false	false	
2649177			0	0	0	0	0	0	496151	98980	522	84268	169	75795			0	0	0	0	0	0	2191	794	0	0	0	0	false	false	
2651899																													false	false	
2652092			10	365	85	9215	204	74669	324	4755	382	17639	409	74681															false	false	
2654911																													false	false	
2661861			23	1053	73	10557	163	69524	506	11455	128	13271	103	30644			2	8	4	792	3	1022	4	120	5	583	6	1790	false	false	
2666400			5	273	10	1310	31	14291	111	4370	56	4709	44	10900															false	false	
2667920																													false	false	
2667939			36	1527	23	3083	39	16579	70	2094	24	2611	26	12217			9	484	23	3227	28	8487	99	3532	40	5317	22	6185	false	false	
2667957			15	520	51	7349	114	43004	220	4607	85	7945	108	31046			9	366	17	2535	26	8071	35	900	23	1624	18	3814	false	false	
2668598			64	2905	134	16726	147	53127	155	4000	105	9139	68	16135			0	0	1	31	1	270	0	0	0	0	0	0	false	false	
2684552			38	1758	68	8033	61	21927	477	11018	114	12720	51	14620			20	1006	32	4341	11	3802	116	2983	22	2052	5	1538	false	false	
2686211			4	313	29	4395	107	44685	0	0	5	934	15	8480															false	false	
2687133			34	946	47	5410	106	39637	225	6659	84	5986	67	18349			13	376	11	995	15	3249	18	550	5	434	0	0	false	false	
2687487	0	51986																											false	true	
2693264			21	703	75	9474	151	61758	14442	161803	1221	122959	768	222143			11	387	34	4096	27	7168	47	1441	21	2351	11	2406	false	false	
2694681			0	0	30	4075	291	134510	60	2089	93	10651	141	44230															false	false	
2696180			21	746	27	3516	6	2039	103	1932	10	881	5	946			30	1455	48	5371	36	8956	134	3646	28	3406	13	2350	false	false	
2697963			0	0	3	628	32	17460	2	74	3	720	10	3209															false	false	
2700984			0	0	0	0	0	0	823424	1367578	10948	453572	2442	406195			0	0	0	0	0	0	0	0	0	0	0	0			
2702764			16	854	7	1189	10	7620	60	1265	16	1620	5	1294			4	162	10	1532	12	3069	54	1073	18	1706	7	1348	false	false	
2705112			8	444	14	1954	42	17674	170	4717	45	3880	25	7082			2	86	11	1644	13	3561	13	327	3	431	0	0	false	false	
2705895			0	0	2	239	15	8557	23	292	18	720	36	12315															false	false	
2708122			7	333	58	7003	152	63016	106	4329	69	8792	163	77973			0	0	3	275	4	1104	0	0	0	0	0	0	false	false	
2713920																													false	false	
2716088			45	2099	99	14267	191	81907	277	5351	61	4566	46	10080			0	0	1	28	1	392	0	0	0	0	0	0	false	false	
2718596			26	284	22	2031	27	8036	99	2917	38	3804	60	17913			8	327	10	1328	17	4935	18	710	9	772	11	2369	false	false	
2719810																													false	false	
2723376			0	0	0	0	0	0	0	0	0	0	0	0			0	0	0	0	0	0	0	0	0	0	0	0	false	false	
2724766	17	30															7	247	13	1243	4	777	38	747	11	1254	5	952	false	true	
2726050			11	475	8	811	15	6344	67	1958	18	1778	11	3960			10	373	14	1759	9	2336	37	651	25	2516	8	1532	false	false	
2729677																													false	false	
2730431			12	612	56	7863	159	62555	17	676	18	2196	34	13159			0	0	0	0	2	459	0	0	0	0	0	0	false	false	
2732565			29	1360	39	5403	50	21638	189	4541	61	4853	54	16119			25	1243	47	6507	42	12898	153	2929	36	3007	20	4595	false	false	
2733263			15	814	28	3516	52	22025	67	1737	50	5456	54	17483			0	0	0	0	2	502	0	0	0	0	0	0	false	false	
2734729			0	0	9	2009	248	133534	135	1621	159	19020	320	108112															false	false	
2735137			5	189	18	2477	25	13421	23	859	9	1229	14	6918			1	16	0	0	3	1138	0	0	0	0	2	818	false	false	
2735146			1	3	0	0	29	13350	954	38341	1691	172804	1188	301274			0	0	0	0	0	0	0	0	1	143	0	0	false	false	
2736219			0	0	0	0	1	743	5799	212303	1076	109445	455	116765															false	false	
2736291			1	77	34	4232	222	109259	122	4533	52	5951	135	46012															false	false	
2736451			109	3794	196	22025	272	95885	812	18190	135	11039	79	16090			50	1316	49	5245	27	4590	162	1797	17	1439	7	1327	false	false	
2736714			3	124	51	6348	267	116195	83	1850	79	6769	195	41654			0	0	3	505	12	4393	9	253	3	267	14	2703	false	false	
2737980			5	147	9	683	0	0	0	0	0	0	0	0															false	false	
2743244			65	2933	140	18604	328	142255	1770	26821	328	29550	197	63366			16	735	18	2118	7	1810	31	1000	14	1047	9	2103	false	false	
2745426			11	562	41	4275	90	34469	169	4844	70	6446	62	17884			2	106	2	352	0	0	3	188	2	252	0	0	false	false	
2745529																													false	false	
2746245	98	998													31	2													true	true	
2747279			35	1150	24	2933	9	3215	72	1576	8	921	6	1229			1	4	2	211	2	188	0	0	0	0	0	0	false	false	
2747466			76	2985	27	4025	13	5026	256	6299	17	2715	7	3098			181	8526	124	20397	49	17786	442	10226	44	6569	12	3832	false	false	
2747587			3	172	8	1036	65	36357	74	1465	33	1872	20	4463															false	false	
2748502			93	4565	151	20800	219	92113	841	14360	120	11667	114	31973			70	2498	37	4230	8	2003	17	394	12	1523	6	726	false	false	
2753917			2	93	10	1415	44	19819	23	704	16	1063	18	6357															false	false	
2754222			8	254	5	587	13	5313	12	465	10	1329	21	7451			1	78	2	153	0	0	0	0	0	0	0	0	false	false	
2756730			61	2657	45	7477	39	19491	413	5901	33	5041	10	4999			98	3851	50	5694	19	4477	135	3687	36	3711	47	10607	false	false	
2756909			4	178	15	2471	35	15835	54	2569	32	5538	78	41770															false	false	
2757205			8	356	34	3274	134	43887	143	917	47	2091	129	17449			0	0	3	259	0	0	0	0	0	0	0	0	false	false	
2758613			6	343	26	3088	378	181820	1170	25049	310	34392	1182	373668															false	false	
2759629			18	852	26	3185	39	14919	279	8048	45	4575	41	12590			3	82	10	1288	8	2154	159	5076	84	9460	53	10882	false	false	
2764212			7	697	97	12904	244	97623	10	340	21	2333	20	4262			0	0	0	0	2	860	0	0	0	0	0	0	false	false	
2769570			74	3170	64	9369	45	18096	308	8346	74	6182	40	11616			0	0	3	263	1	146	0	0	0	0	1	127	false	false	
2769954			20	621	37	4825	72	26973	154	3750	53	4638	25	7740			9	410	3	284	15	3196	0	0	0	0	0	0	false	false	
2771694			6	297	53	5834	201	71159	1839	18572	5639	124561	1314	94442			0	0	0	0	3	923	0	0	0	0	0	0	false	false	
2774707																													false	false	
2775151			1	66	13	1051	30	11277	25	712	20	1563	26	5725			1	76	1	192	1	263	2	57	1	177	2	435	false	false	
2775179			88	4618	96	13414	121	47071	557	10130	73	7420	45	11180			4	135	3	320	0	0	2	9	2	165	0	0	false	false	
2775692			6	196	8	1374	28	11069	78	3755	31	3974	13	4767			2	65	2	289	0	0	4	205	2	209	1	256	false	false	
2785477			21	1197	135	17915	274	108682	11	452	5	399	8	2515															false	false	
2785646			42	1895	64	8992	131	57481	307	9832	144	15787	120	37645			87	3888	89	11570	76	20964	234	6735	114	11734	70	15570	false	false	
2787770			80	2660	147	14954	201	68303	225	2369	69	3797	77	19440			5	247	5	662	4	810	2	93	1	92	0	0	false	false	
2791085			2	164	16	1948	50	19077	47	694	14	1432	16	4781			0	0	0	0	1	339	0	0	0	0	0	0	false	false	
2793593			6	346	17	2374	62	26396	239	10289	57	5806	19	7231			3	125	1	98	3	884	1	8	0	0	0	0	false	false	
2794732			12	13	24	2694	30	9700	100	4652	75	11289	34	17862			0	0	0	0	0	0	0	0	0	0	0	0	false	false	
2796277			0	0	0	0	1	748	0	0	0	0	1	500															false	false	
2797162			77	3431	100	12275	76	27939	366	9403	128	11339	110	36175			22	873	62	5363	56	8007	160	4917	98	9980	61	12435	false	false	
2797210																													false	false	
2797359			0	0	6	959	61	36173	11	521	10	812	29	10933															false	false	
2797724			285	20015	535	119612	1603	894641	5888	288748	857	83627	849	219042			18	1249	28	3304	23	4792	29	542	21	1958	11	1778	false	false	
2800491			30	1142	52	6034	60	20304	182	3233	34	2392	10	915			10	369	16	1179	7	2035	24	588	14	1713	6	726	false	false	
2805535			5	333	29	4184	87	42914	35	676	26	3112	47	17961			0	0	0	0	0	0	0	0	3	433	2	580	false	false	
2805928			24	1082	29	3110	22	7719	109	2033	25	2113	13	4140			18	621	11	1259	6	1559	25	450	3	150	1	207	false	false	
2806635			13	559	66	8572	112	40876	183	3079	35	2477	35	9312			17	728	26	2620	21	6084	41	1201	16	1875	5	1133	false	false	
2806840			9	334	33	4046	23	7321	109	3458	41	4085	33	9817			7	219	24	3186	25	7161	99	2454	21	1565	11	2522	false	false	
2806877			0	0	0	0	3	630	0	0	12	1442	11	4350															false	false	
2807173			19	503	15	2036	35	20079	72	2326	28	3904	29	10734			12	454	5	634	2	662	14	323	2	182	1	283	false	false	
2808602			7	373	52	6606	262	119009	396	9106	332	19154	231	44385			0	0	0	0	0	0	0	0	0	0	1	168	false	false	
2809373																													false	false	
2811086			61	1657	24	3151	8	3061	74	2207	36	4391	24	9687			5	175	3	392	3	717	0	0	0	0	1	295	false	false	
2815879			18	960	34	4085	108	40183	78	2173	28	2749	26	8816			1	60	1	95	2	587	0	0	0	0	0	0	false	false	
2819167			2	63	23	3605	45	19473	3865	61020	125	12908	31	7043	0	2832													true	false	
2819242			39	1705	69	8758	53	18651	329	7914	83	9637	67	24962			32	1176	41	4728	12	2475	48	1463	33	2953	26	6541	false	false	
2820604			12	457	43	5651	104	40765	92	2207	63	5143	50	15537			6	171	5	297	1	405	3	50	0	0	0	0	false	false	
2823221			57	1956	62	7377	42	13423	326	7329	62	7059	35	11056			22	765	14	1677	7	1748	42	1060	12	1483	14	3732	false	false	
2826017																													false	false	
2833882			1	69	29	2994	166	62308	20	731	64	4046	93	17828			3	158	0	0	1	461	0	0	0	0	0	0	false	false	
2834759			3	51	8	933	21	8631	12	181	9	665	17	2530															false	false	
2835103			76	3016	74	9792	76	34741	493	13213	86	9255	31	8447			190	8810	193	28235	107	30205	550	10257	80	7669	20	4270	false	false	
2836306			12	662	54	6566	107	35673	61	1420	51	3644	62	13776															false	false	
2838207			0	0	2	317	10	4989	6	315	7	489	16	4532															false	false	
2839790			29	1048	89	11407	212	81254	296	5859	62	5633	85	21085			12	542	3	501	1	500	0	0	0	0	1	340	false	false	
2845782																													false	false	
2847085			42	1489	23	2700	24	10020	23	578	11	1062	28	9794			7	261	19	2493	4	1193	3	63	1	95	0	0	false	false	
2847142			15	626	60	9615	283	131006	299	8873	185	18060	375	109506			0	0	0	0	0	0	0	0	0	0	0	0	false	false	
2849285			31	1513	69	8745	170	71288	372	12556	168	14939	188	40380			3	146	1	109	1	261	1	6	0	0	0	0	false	false	
2849463			8	505	39	6615	102	56917	47	2383	23	3432	8	4581			0	0	3	515	3	581	0	0	1	163	0	0	false	false	
2849801			41	1936	161	22024	537	232622	706	17226	435	32960	413	104082			2	74	14	2228	4	1329	0	0	0	0	0	0	false	false	
2850722																													false	false	
2855866			16	777	53	6179	71	24052	164	6116	109	11611	42	9923			5	178	11	1310	5	998	7	118	7	651	4	463	false	false	
2857600			9	417	17	2062	88	39341	114	3228	69	6068	87	20491			0	0	0	0	0	0	0	0	0	0	0	0	false	false	
2858492			60	2302	59	7070	58	19953	298	6975	44	3814	29	4742			107	4297	61	7466	38	8506	77	2476	47	5199	35	7642	false	false	
2858960			0	0	16	2615	220	114981	27	815	170	16573	454	150548															false	false	
2860039			9	381	12	1495	51	22188	28	453	8	766	11	1962															false	false	
2860271			7	217	41	7534	46	23004	44	1925	31	5461	65	33111															false	false	
2861317			35	1375	68	8956	98	39529	180	4566	24	2667	16	4513			41	1695	30	3200	17	4533	69	1173	6	665	1	301	false	false	
2867337			2	166	28	4194	191	99194	595	4009	655	23479	829	64393			0	0	0	0	8	2987	0	0	4	313	4	767	false	false	
2869162			28	1370	82	11753	201	99362	106	3872	107	12634	170	58320			0	0	2	185	3	597	0	0	0	0	0	0	false	false	
2871099			15	690	48	5970	66	24106	90	2080	35	3420	34	9949			10	360	5	691	6	1487	0	0	0	0	0	0	false	false	
2871558			7	309	9	1406	101	45244	12	454	3	236	7	1747															false	false	
2873598			3	215	9	1846	50	24978	35	1046	10	1322	13	3572															false	false	
2877345			2	183	6	465	56	29253	63	1936	68	7798	121	35997			0	0	1	132	0	0	0	0	0	0	0	0	false	false	
2877484			2	94	1	28	7	2536	4	77	8	832	6	1844															false	false	
2877831			13	558	29	3436	33	12060	183	3698	40	4121	12	3106			46	1660	32	3723	10	1933	14	313	2	110	6	1371	false	false	
2877840			0	0	22	3061	222	67827	51	1874	54	5201	56	11846			0	0	0	0	0	0	0	0	0	0	0	0	false	false	
2880019			0	0	12	1070	78	32060	22	490	99	7263	135	26315															false	false	
2881445																													false	false	
2882983			74	2870	68	9158	54	18715	220	5691	63	6504	53	18036			14	540	23	2834	16	4277	66	1295	9	1204	14	3285	false	false	
2889227			0	0	1	248	2	870	1	65	3	547	0	0															false	false	
2891622			13	640	14	1905	33	13850	51	1072	7	721	17	7842			14	467	12	1303	5	1620	45	1000	11	728	4	421	false	false	
2897633			32	1514	35	3956	53	19447	141	3663	39	3616	14	4153			2	63	3	459	0	0	0	0	0	0	0	0	false	false	
2901558			2	49	7	1067	9	4490	0	0	1	55	0	0															false	false	
2903123			33	2886	101	11507	223	94516	250	8096	89	13439	100	35856			2	44	0	0	0	0	0	0	0	0	0	0	false	false	
2905761			6	274	14	1699	25	9558	33	1380	20	1808	27	9956			0	0	0	0	0	0	0	0	0	0	0	0	false	false	
2907019			12	518	18	2645	38	16166	89	2686	34	3164	36	10990			3	91	10	1186	8	2477	8	174	2	10	0	0	false	false	
2907439			0	0	2	305	35	17963	3	19	1	250	1	354															false	false	
2912750																													false	false	
2913702			11	487	38	4890	60	25071	145	3965	55	4972	56	16084			2	86	7	721	5	1228	4	31	2	125	0	0	false	false	
2914268																													false	false	
2914727			45	1905	47	6402	49	17810	223	5813	46	4696	26	7302			32	1351	34	4008	35	8998	106	3119	45	5033	23	6252	false	false	
2915461			25	1355	129	18324	296	132098	210	8260	152	16475	252	85758			1	18	0	0	2	715	0	0	0	0	0	0	false	false	
2916534			0	0	0	0	1	825	0	0	0	0	1	750															false	false	
2916963																													false	false	
2917184			10	630	16	2824	41	17250	49	1057	9	1437	9	4098			1	71	2	371	0	0	0	0	0	0	0	0	false	false	
2917317			0	0	1	58	40	28361	4	79	3	91	10	3306															false	false	
2919898			20	752	53	6884	88	37364	291	7198	88	9550	70	19060			8	381	9	1266	2	664	19	516	3	385	0	0	false	false	
2920287			15	649	35	4763	43	18327	14	219	6	701	6	1490			2	114	1	114	1	325	0	0	0	0	0	0	false	false	
2920773			28	1236	104	11490	133	40960	103	2898	55	4874	70	14592			1	30	1	122	0	0	0	0	0	0	0	0	false	false	
2921622			19	705	16	2337	16	5923	113	2325	9	986	2	295			37	1340	11	897	4	948	29	375	1	136	0	0	false	false	
2921659																													false	false	
2925620			2	0	20	2591	95	42856	18	264	9	689	7	337															false	false	
2925666			279	13412	1029	134474	2940	1224379	10192	273816	3834	347925	3520	914670			19	529	16	1704	18	4019	110	2320	20	2080	9	1733	false	false	
2929392			10	566	68	10769	232	98289	177	5412	139	12491	230	53014			1	57	1	90	3	914	0	0	0	0	0	0	false	false	
2938198			7	362	35	4279	114	54814	15122	216457	1525	170706	863	260270			0	0	0	0	0	0	72	3574	24	3811	9	3210	false	false	
2938787																													false	false	
2939001			0	0	13	1330	29	14962	87	2288	25	1945	19	4537															false	false	
2939391			119	4346	41	4817	52	16906	258	5524	71	7430	40	9099			7	331	6	470	4	548	2	45	0	0	0	0	false	false	
2941068			280	13166	634	78301	967	365324	1154	35023	569	59166	604	180304			93	3778	140	13260	124	23040	169	4864	96	10381	63	12975	false	false	
2943615			26	1372	60	8231	128	52703	243	5612	22	2693	26	10196			5	185	8	890	5	1545	0	0	0	0	0	0	false	false	
2947556	0	1250																											false	true	
2948058			14	624	45	6632	129	57409	230	6676	142	15564	171	47312			5	179	7	620	4	1253	0	0	0	0	0	0	false	false	
2948423			51	1874	40	4978	21	8152	287	8370	59	6783	32	9774			6	336	6	997	10	2958	79	1993	38	3775	21	5913	false	false	
2949970			13	587	13	1954	12	7673	6	225	3	300	4	2045															false	false	
2953418			2	63	3	302	32	22097	6	148	9	373	19	6483			0	0	0	0	0	0	0	0	0	0	0	0	false	false	
2954059			7	425	48	6440	334	143711	91	2656	339	53602	174	58184															false	false	
2954497			3	202	21	3942	62	29119	25	891	16	2080	15	3372			2	66	6	774	4	1111	0	0	2	250	0	0	false	false	
2958972			80	3242	97	12141	174	53928	207	5720	73	7629	69	19301			79	2639	79	8286	42	10739	128	3874	50	5645	23	4908	false	false	
2960555			12	29	15	1902	15	4102	154	2790	19	1531	7	1112			14	538	24	2405	7	2081	124	2760	34	3076	23	4902	false	false	
2960788																													false	false	
2963266			5	97	10	971	71	31459	53	843	24	1726	30	8896			2	79	0	0	1	133	0	0	0	0	0	0	false	false	
2963275			7	253	34	4861	51	19380	24	1030	41	5248	32	9435			0	0	0	0	2	348	1	26	0	0	0	0	false	false	
2963864			12	302	20	2776	26	10401	88	1589	19	1787	11	3642			27	706	14	1820	8	1878	24	513	3	351	0	0	false	false	
2970657			1	63	13	1899	52	25951	8297	99821	655	70960	412	136931															false	false	
2973041																													false	false	
2973386																													false	false	
2980209			0	0	0	0	0	0	48919	214000	0	0	0	0															false	false	
2986407			41	1639	75	9590	209	85447	96	4119	134	19006	224	87008			0	0	1	11	1	478	0	0	0	0	0	0	false	false	
2989006			37	1491	52	6914	76	27576	209	4031	34	3480	36	10074			9	259	15	1559	7	1796	12	326	0	0	0	0	false	false	
2992547	0	33859															0	0	0	0	0	0	84403	779184	72082	2215866	3808	515963	false	true	
2997216			2	146	18	2385	71	31640	67	2174	31	2602	37	11118			0	0	5	574	7	2221	14	302	8	642	4	1063	false	false	
2997748			0	0	0	0	0	0	24	991	26	3369	40	16065															false	false	
2998576			11	235	38	2041	396	71379	2159	13695	2113	56077	678	153388			0	0	0	0	0	0	0	0	1	50	0	0	false	false	
3005097			12	472	8	1126	11	4688	50	1424	5	287	4	1496			38	1222	19	2406	7	2087	53	1211	10	1141	8	2361	false	false	
3010363			1	100	21	2281	41	16010	38	942	33	2620	30	9728															false	false	
3015939			0	0	0	0	26	15548	1	100	0	0	2	506			0	0	0	0	0	0	0	0	0	0	0	0	false	false	
3016347			4	289	24	3169	96	43107	111	3696	68	8078	141	29507			0	0	0	0	0	0	0	0	0	0	0	0	false	false	
3017081																													false	false	
3019982			2	146	36	3796	91	41127	46	1748	60	6167	98	14555															false	false	
3020447			12	501	13	1392	35	13298	61	1707	13	1635	21	4684			13	393	16	2212	18	5023	107	2484	39	2901	19	3899	false	false	
3022610			1	52	2	354	17	8647	11	534	9	1402	21	5792															false	false	
3025929			51	3311	55	5112	30	4870	124	7167	22	2633	15	5358															false	false	
3027763			1	63	18	2579	59	29994	51	1791	45	4183	31	9055			0	0	0	0	1	444	0	0	0	0	0	0	false	false	
3029253			0	0	0	0	0	0	0	0	0	0	0	0			0	0	0	0	0	0	0	0	0	0	0	0	false	false	
3029589			13	620	45	5712	105	43990	358	10534	99	10862	150	51845			1	83	0	0	0	0	0	0	0	0	1	265	false	false	
3032833			0	0	16	1883	10	2584	10	184	5	336	1	620	0	154													true	false	
3034257			61	2447	85	11499	123	51040	449	12377	70	8033	32	10056			48	2359	60	7704	17	4668	15	563	5	576	2	395	false	false	
3039636			1	28	10	497	122	48301	218	7869	198	25745	170	40442															false	false	
3040418			0	0	5	551	6	1786	47	270	2	84	10	2338			0	0	1	188	0	0	0	0	0	0	0	0	false	false	
3041358			35	1160	18	2054	7	2207	186	4702	26	3212	9	3474			18	868	41	4971	22	6914	122	3520	38	4088	13	2965	false	false	
3042234			10	463	14	2423	18	6835	123	3263	21	2424	21	3362			4	148	2	255	1	291	44	856	1	199	0	0	false	false	
3045383																													false	false	
3047659			35	1263	107	12801	354	134485	475	14117	219	19844	481	95594			1	30	1	203	1	233	2	98	0	0	1	81	false	false	
3048487			22	930	58	7229	117	49371	69	1320	28	1383	37	8246			1	0	2	341	5	1387	3	214	7	673	2	455	false	false	
3049635			95	3397	68	8227	60	24174	259	5678	62	5608	37	13737			75	2784	36	4585	18	4506	55	1289	6	517	0	0	false	false	
3052813			0	0	4	496	30	15355	13	282	11	1047	27	3370															false	false	
3066025			0	0	0	0	0	0	0	0	0	0	0	0			0	0	0	0	0	0	0	0	0	0	0	0			
3067929			0	0	2	340	24	12678	0	0	6	546	4	2283			0	0	0	0	0	0	0	0	0	0	0	0	false	false	
3068579			25	688	72	8344	144	51660	183	3782	79	6016	75	12307			1	16	0	0	0	0	0	0	0	0	0	0	false	false	
3070545			114	3569	30	3480	30	11086	180	5423	71	7299	23	7234			19	584	24	3599	37	9524	19	605	13	1593	18	3523	false	false	
3076220			0	0	0	0	3	997	2833	2977	30	1468	62	11581															false	false	
3076248			0	0	0	0	0	0	2	135	1	230	7	4685			0	0	0	0	0	0	0	0	0	0	0	0	false	false	
3076453			1	66	40	5505	342	169419	133	1536	153	8603	414	84398			0	0	0	0	0	0	0	0	0	0	0	0	false	false	
3076604			12	465	62	7169	165	64752	163	2281	113	6173	186	31508			1	8	0	0	3	606	0	0	0	0	0	0	false	false	
3089752																													false	false	
3090833			15	831	32	5014	45	19143	143	5519	99	9564	83	26904			0	0	1	127	0	0	0	0	0	0	0	0	false	false	
3103591			12	598	14	1716	13	2803	55	1137	11	1095	6	907			16	643	16	1870	16	4693	17	476	6	439	2	1445	false	false	
3109043			5	327	29	3248	85	39547	255	4700	48	3664	90	25197															false	false	
3109146			9	324	56	6360	200	85430	125	1748	77	5284	69	15918															false	false	
3110197			31	1936	93	11862	165	60246	365	11032	150	13685	154	43890			10	458	8	1075	7	2164	16	341	0	0	0	0	false	false	
3116519			2	94	7	701	30	13158	14	247	6	465	5	1598															false	false	
3120646			60	2623	48	6060	44	16624	100	2698	24	2615	23	5553			13	548	13	1625	6	1855	8	301	3	634	1	1	false	false	
3120897			5	249	18	2705	40	19526	168	5719	26	3167	26	8852			7	374	6	897	3	925	1	71	2	238	2	554	false	false	
3122994			17	603	36	6693	95	51659	114	3473	43	7005	42	20372															false	false	
3125315			49	1497	43	4537	24	8388	182	4176	32	3266	19	4542			0	0	0	0	1	54	0	0	0	0	0	0	false	false	
3125557			16	685	34	4519	66	26699	79	2277	40	3526	21	4986			1	13	0	0	2	553	28	684	35	3896	30	8310	false	false	
3128923			23	1120	35	5087	35	11772	78	1807	13	1435	12	4682			25	1039	37	4240	13	3876	171	3502	9	864	3	824	false	false	
3134399			2	121	2	284	22	10909	14	404	8	1092	20	8062			0	0	1	137	2	657	4	95	0	0	0	0	false	false	
3134698			8	314	19	2878	20	8132	98	3253	45	5102	20	5310			15	617	22	2632	14	3597	90	2770	33	2968	15	3263	false	false	
3138146			13	197	51	5371	546	223689	4834	19326	1241	54344	935	120643			0	0	0	0	0	0	15	118	4	145	2	157	false	false	
3139321			0	0	0	0	5	3549	73	2306	20	1966	12	4777			4	124	6	647	3	975	1	52	1	26	7	2332	false	false	
3140822			21	948	32	4014	60	26976	147	3085	76	5343	72	12618			19	769	25	3452	48	12367	80	2066	54	5112	29	6541	false	false	
3141726			49	2180	121	14769	230	84340	174	5012	61	4743	64	15034	162	21													true	false	
3146150			6	219	25	3813	151	74976	9	413	26	2397	87	32095															false	false	
3148613			0	0	13	1669	53	24312	29	833	15	845	10	3297			0	0	0	0	0	0	0	0	0	0	0	0	false	false	
3150205			10	263	23	2663	94	37746	165	4737	80	8939	83	20511			0	0	1	103	2	719	0	0	0	0	0	0	false	false	
3150447			0	0	0	0	0	0	0	0	0	0	0	0			0	0	0	0	0	0	0	0	0	0	0	0			
3153233			0	0	0	0	7	2335	19	149	9	650	73	28828															false	false	
3153297			39	1773	63	8277	134	53370	669	13944	113	11037	59	15168			46	2338	49	6386	31	7744	188	3964	10	1002	0	0	false	false	
3158546			4	66	16	2026	97	48349	152	2594	31	2020	67	19778			0	0	0	0	0	0	0	0	0	0	0	0	false	false	
3160978			114	3923	87	10690	126	50839	112	3788	57	6405	48	16620															false	false	
3165357			66	2853	133	17367	192	82829	407	12797	171	15269	148	41640			3	191	7	818	3	773	0	0	0	0	0	0	false	false	
3166699			0	0	1	197	2	993	2	58	1	229	6	2185			0	0	0	0	0	0	0	0	0	0	1	223	false	false	
3174920			62	3827	119	15068	150	62269	544	20174	121	11448	88	21646			29	1069	28	2996	12	3078	63	1230	8	632	3	966	false	false	
3180136																													false	false	
3184228			34	3210	86	17270	132	50581	4228	123328	717	91228	199	50369			9	453	10	934	10	2377	737	19775	94	12647	9	2504	false	false	
3185579			62	2364	98	11169	80	26734	259	5830	56	4247	25	6928			1	70	0	0	0	0	1	10	3	394	2	955	false	false	
3185896			3	284	17	2026	52	24525	137	6122	60	9161	116	44623			0	0	3	379	1	337	0	0	0	0	0	0	false	false	
3187630			1	11	7	1156	16	6483	133	2596	116	7570	217	44871															false	false	
3189063			3	183	25	2840	241	105948	50	1051	83	7618	279	40453			0	0	0	0	2	826	0	0	0	0	0	0	false	false	
3194692			46	2485	111	17235	110	39561	1972	54189	332	37478	96	36068			45	2149	78	10182	41	11849	166	4083	21	2098	5	1448	false	false	
3199811			50	2194	52	6563	60	20333	200	4173	20	1654	11	2090			131	5239	110	14923	50	13344	230	4434	19	1468	2	369	false	false	
3202702			0	0	0	0	1	0	675	9000	96	8000	66	18000															false	false	
3212149			0	0	0	0	0	0	4197	20871	176	6699	28	3670			0	0	0	0	0	0	0	0	0	0	0	0			
3212402			2	127	37	2615	444	174624	118	1756	199	10528	330	52072			0	0	0	0	0	0	0	0	0	0	0	0	false	false	
3213333			39	1756	31	3917	40	15611	215	3745	9	660	3	1019			50	1722	44	5779	25	8569	84	1613	11	1031	4	112	false	false	
3214059			0	0	20	3115	70	33607	52	1456	46	5070	141	32788															false	false	
3216017			18	1131	44	6851	83	35579	11925	175484	1401	170350	869	242386			0	0	0	0	0	0	61	2333	26	3824	6	1977	false	false	
3216316			0	0	5	616	58	14550	8	40	37	977	70	8223															false	false	
3217331			52	2407	59	6831	55	16504	700	18295	56	5524	8	3041			1	94	6	562	4	1131	70	1517	5	482	0	0	false	false	
3217957			31	1396	91	12516	233	105992	242	6631	96	8245	85	19988			7	266	12	1352	12	3247	0	0	0	0	1	29	false	false	
3219269																													false	false	
3220863			2	90	4	307	9	3649	404	10852	494	33592	99	24234			0	0	0	0	1	404	0	0	0	0	0	0	false	false	
3221468			17	886	66	6979	351	144483	549	18329	292	33373	463	140102			2	39	3	418	3	432	0	0	0	0	0	0	false	false	
3223305			76	3170	119	15784	143	53363	346	6895	167	13454	154	29363			4	255	0	0	2	820	0	0	0	0	0	0	false	false	
3223408			14	611	30	3779	43	16917	152	3418	44	5771	31	10235			14	707	9	1107	3	1091	97	2233	4	704	2	665	false	false	
3223417			17	787	50	6052	79	46876	79	2901	45	4799	115	49159			0	0	1	149	0	0	0	0	0	0	0	0	false	false	
3224302			11	330	38	4581	86	33517	158	3089	62	6046	31	9270			3	116	21	3048	23	6213	66	1890	34	3035	19	4131	false	false	
3224375			0	0	5	738	51	26496	11	213	12	1879	47	18212															false	false	
3224478			18	978	22	3142	25	9515	54	1342	9	838	10	4641			7	250	7	950	0	0	7	195	1	171	0	0	false	false	
3224580	0	7714																											false	true	
3228908																													false	false	
3229875																													false	false	
3232204			6	66	43	6144	407	211796	127	2870	125	13903	162	47087			2	100	17	2446	11	3147	0	0	1	100	0	0	false	false	
3232370			31	1303	36	4548	55	23541	145	3592	25	2448	15	4297			13	562	16	2009	6	1650	17	796	2	343	3	838	false	false	
3235410			1	0	34	4714	306	143508	179	2633	138	8629	197	42501			1	30	1	242	5	1779	5	21	5	405	11	1610	false	false	
3243282			8	439	45	7115	189	90712	4749	64780	177	16237	305	78264															false	false	
3247589			11	433	58	8420	140	49099	86	2548	30	2742	39	12135			0	0	1	123	2	720	1	27	1	125	0	0	false	false	
3248849			0	0	19	2723	128	61372	19	502	20	1397	26	9325			1	59	2	144	0	0	0	0	0	0	0	0	false	false	
3253834			7	252	19	2858	46	20286	134	4017	36	3531	24	6601			0	0	1	152	0	0	0	0	0	0	0	0	false	false	
3254297			44	2113	30	4367	24	7035	32	812	8	574	0	0			1	76	0	0	0	0	1	22	5	787	0	0	false	false	
3262788			9	523	18	2627	35	16858	152	3445	27	2994	14	3187			3	117	2	206	1	420	2	15	0	0	0	0	false	false	
3267738			7	451	27	4043	91	43293	111	4307	84	10077	106	28869			2	80	2	393	3	494	0	0	0	0	1	32	false	false	
3268173																													false	false	
3268249																													false	false	
3270046			4	272	14	1928	40	16110	172	4550	60	7013	66	16182			1	29	1	132	3	1159	0	0	0	0	0	0	false	false	
3271799			31	1109	84	10014	310	100080	255	7751	222	15966	594	127693			0	0	0	0	0	0	0	0	0	0	1	500	false	false	
3271986			8	303	44	4511	127	49120	112	2464	37	3791	74	22600			2	123	3	568	2	432	0	0	0	0	0	0	false	false	
3272956			5	175	26	2992	132	56801	129	5751	9	1249	7	1908			1	100	7	740	4	877	1	13	0	0	0	0	false	false	
3274709			10	592	47	5002	142	50231	265	4603	219	19548	282	62619			1	2	0	0	0	0	0	0	0	0	0	0	false	false	
3277241			2	172	13	1346	266	117757	44	1597	21	1569	25	4342			0	0	0	0	0	0	0	0	0	0	0	0	false	false	
3280625			24	1187	64	7708	188	79669	93	2600	80	5888	144	33446			0	0	1	69	0	0	0	0	0	0	0	0	false	false	
3281510			14	260	73	8408	481	203375	641	24025	397	35798	243	55410			5	239	3	214	4	649	0	0	0	0	0	0	false	false	
3282012			93	4028	47	6656	35	11298	459	12089	101	10283	46	11623			16	528	17	1950	7	2056	6	85	1	43	0	0	false	false	
3284070			0	0	0	0	65	33000	266227	8538000	59	3000	286	68000			0	0	0	0	0	0	0	0	0	0	0	0			
3284397			1	0	1	0	23	4008	0	0	1	0	3	2420															false	false	
3284445			1	54	7	1182	67	36178	44	1427	41	4277	177	65777															false	false	
3284490			31	1701	46	5193	76	22974	171	4650	29	2740	48	16871			9	491	11	1004	6	1583	47	1095	3	311	3	542	false	false	
3285246			3	280	2	264	2	987	131	3450	19	1956	1	317			3	115	16	1193	15	3302	69	1971	37	3217	25	4043	false	false	
3285778			15	688	36	5289	72	29114	104	2440	20	1978	19	4136															false	false	
3286999			14	559	30	4047	33	12141	88	2055	5	379	4	1401			9	435	24	2852	11	3067	20	541	5	440	1	218	false	false	
3287660			0	0	0	0	3	2015	176	7116	103	15471	224	109566															false	false	
3288452			11	619	27	4069	73	32247	64	1924	60	4437	101	21269			1	19	2	192	8	2467	0	0	0	0	0	0	false	false	
3290240			0	0	6	956	28	14307	25	733	17	531	30	7064			0	0	0	0	0	0	0	0	0	0	0	0	false	false	
3293540			1	75	19	2836	98	43502	33	1521	39	2894	65	15468			0	0	7	923	13	4265	3	295	2	127	1	232	false	false	
3296859			4	152	12	1619	47	25084	58	925	8	1225	13	4693															false	false	
3297490			12	424	39	5137	91	42347	232	5620	59	6165	79	24646			16	761	24	2666	13	3050	39	604	3	320	0	0	false	false	
3303298			60	2493	472	50980	1273	470370	48113	683017	4207	304811	2451	490847			0	0	0	0	0	0	0	0	0	0	0	0			
3303944			2	36	9	1167	61	27177	115	5107	111	12070	57	9912			0	0	0	0	0	0	0	0	1	53	0	0	false	false	
3306280			35	2460	56	6878	160	63278	314	8772	93	9017	92	21990			90	4403	90	10991	94	25494	82	2051	10	1648	5	1846	false	false	
3306598			68	2562	58	6037	27	9428	675	12271	53	5279	18	5683			190	7668	123	14648	43	15688	462	6923	17	1368	4	1404	false	false	
3308529			5	164	20	2798	39	14420	63	2154	41	3403	17	4278			0	0	0	0	6	1342	0	0	1	187	3	1323	false	false	
3308574			2	107	5	672	12	8600	4	123	4	714	5	3998															false	false	
3309393			30	1332	55	6072	65	24103	130	3667	53	6416	24	6780			5	266	0	0	2	722	9	157	0	0	0	0	false	false	
3309571			1	67	5	900	25	10747	27	870	61	7387	225	87731															false	false	
3310287																													false	false	
3314043			5	223	25	3448	60	23069	76	2055	60	5159	109	33449			1	13	0	0	2	101	0	0	0	0	0	0	false	false	
3314119			33	1767	30	5047	61	38061	116	3373	26	4031	33	19999			0	0	1	184	2	549	1	48	0	0	0	0	false	false	
3316739			34	1600	51	7101	65	24339	141	4706	60	6691	27	8717			19	911	20	2368	7	1868	12	245	0	0	3	795	false	false	
3317192			11	380	32	3277	71	31863	70	1744	32	2933	46	13016			1	47	1	160	3	729	0	0	0	0	0	0	false	false	
3317932			511	1029	7071	7375	203993	262514	7728	12013	23360	30384	127564	155577			0	0	0	0	0	0	0	0	0	0	0	0	false	false	
3320781			73	2496	81	9261	115	41743	252	4664	110	7806	106	24268			34	1225	43	5149	24	6245	63	1165	36	2365	18	3627	false	false	
3322468			1	10	9	1195	45	17561	40	56	5	311	9	2204			1	33	2	238	0	0	0	0	0	0	0	0	false	false	
3325759			114	1567	148	14983	218	107350	1045	11187	250	24462	284	118456			5	160	9	746	3	366	17	312	3	225	5	766	false	false	
3337097			8	394	34	3560	383	119068	16	771	120	6979	226	37671															false	false	
3340725			0	0	0	0	0	0	410	535	16	123	5	150															false	false	
3340903			3	122	10	1531	58	19519	22	682	4	531	2	956			1	21	0	0	2	515	0	0	0	0	0	0	false	false	
3341393			21	905	31	2982	64	24977	108	2551	36	2987	39	9231			5	97	8	847	11	1623	0	0	1	147	0	0	false	false	
3342671			3	69	14	1834	58	29618	17	723	19	1609	33	12536															false	false	
3344321			5	147	11	1700	59	28473	262	7010	64	8520	129	49840			0	0	4	642	0	0	4	120	0	0	0	0	false	false	
3346268			7	283	40	5933	174	72121	137	4054	89	8043	128	29717			0	0	1	214	2	325	6	274	4	874	2	451	false	false	
3346633			6	258	19	2234	32	14310	56	1858	21	2341	8	1672			2	158	4	526	6	1758	47	689	5	499	0	0	false	false	
3347603			5	321	12	1889	54	22497	14	459	13	1371	21	7466			0	0	0	0	0	0	0	0	1	137	0	0	false	false	
3347911			3	163	0	0	1	280	1768	13252	0	0	3	1996															false	false	
3348468			7	292	32	4057	92	35120	71	1614	41	3107	45	11258			1	49	3	437	8	1796	0	0	0	0	0	0	false	false	
3348888			112	5746	424	59588	1233	546506	1811	49718	1276	117092	1862	485031			8	388	20	2643	38	14400	27	683	23	1785	28	6271	false	false	
3349241			13	790	55	6761	121	53373	108	1934	41	3125	72	15407			0	0	0	0	0	0	0	0	0	0	0	0	false	false	
3350658			32	1427	70	8523	75	27782	354	6438	33	3018	13	2727			29	1138	18	2282	7	1777	40	842	9	858	2	272	false	false	
3350724			28	1314	59	8349	143	59652	469	13177	151	16419	121	33153			12	578	24	3173	22	6462	34	701	6	589	3	721	false	false	
3353154																													false	false	
3354599			13	813	33	4139	111	51836	106	3365	83	8398	153	41837			0	0	3	388	6	1609	0	0	0	0	0	0	false	false	
3356191			95	4042	153	21926	329	127611	638	19157	249	21148	199	50022			2	8	5	600	4	677	0	0	0	0	0	0	false	false	
3357077			13	524	36	4809	37	10385	61	1885	21	1846	13	2789			2	100	1	112	3	1040	0	0	0	0	0	0	false	false	
3357219			1	62	10	910	281	84706	149	4522	174	15717	274	56443			0	0	0	0	0	0	0	0	0	0	0	0	false	false	
3357385			0	0	0	0	31	15454	8	135	24	1556	78	15657			0	0	0	0	0	0	0	0	0	0	0	0	false	false	
3357620																													false	false	
3358270			17	635	50	6010	132	53295	99	2975	28	2614	38	8516															false	false	
3368635			1	100	8	619	50	11327	21	733	28	1965	50	10838															false	false	
3368925			2	115	1	17	46	23879	14	204	8	875	17	6591															false	false	
3370133			0	0	11	1405	60	28446	19	291	16	1490	72	27565															false	false	
3370357			0	0	6	1054	43	24038	27	769	23	2193	35	8620															false	false	
3374234			0	0	14	2014	32	12974	20	474	20	2662	25	7726			0	0	0	0	1	369	0	0	4	455	0	0	false	false	
3374382			12	626	52	6942	128	56435	141	2272	75	8305	112	30275			0	0	2	242	1	314	0	0	0	0	0	0	false	false	
3374403			39	1690	60	7686	119	42592	189	5221	79	6992	97	27943			9	407	6	903	8	2162	0	0	0	0	0	0	false	false	
3374412			75	3699	169	20662	330	130630	796	14322	215	17120	208	50700			210	9195	241	33188	97	25577	518	9610	67	6163	22	5074	false	false	
3377235			8	478	17	2839	64	21748	99	4061	50	7923	29	19579															false	false	
3378773			27	1234	68	10410	223	104185	390	14377	147	19085	187	77389			0	0	4	789	2	250	0	0	0	0	0	0	false	false	
3383665			7	299	19	2332	29	10278	98	2120	32	2873	38	9725			3	99	2	195	5	1364	6	60	4	319	1	312	false	false	
3384952			6	266	37	5823	145	63194	176	3618	80	7172	69	17460			2	97	1	129	0	0	4	63	3	406	3	433	false	false	
3385744			28	1113	52	7054	65	28088	287	6961	72	6516	30	5659			7	301	4	577	0	0	1	75	0	0	0	0	false	false	
3386264			0	0	5	307	55	23059	4	145	7	529	23	12435															false	false	
3386536			12	498	45	5740	113	45237	261	6527	182	18232	197	58411			14	509	12	1194	5	1208	8	201	1	42	0	0	false	false	
3387140			0	0	5	580	12	6353	10	374	12	1139	14	4381			0	0	0	0	1	411	0	0	0	0	0	0	false	false	
3388482			25	221	35	6592	137	78755	175	4728	106	10830	134	31236			1	46	3	374	2	850	11	133	6	632	8	2548	false	false	
3390337			0	0	1	69	14	7211	12	305	17	1804	46	15477															false	false	
3390627			2	73	11	1532	83	35444	23	778	16	1375	29	5948															false	false	
3391718			13	548	38	6653	126	67838	57	2129	62	6546	114	46747			0	0	0	0	1	256	0	0	0	0	0	0	false	false	
3393851			10	500	19	2983	36	13897	114	2518	27	2741	11	3268			2	79	3	321	0	0	0	0	0	0	0	0	false	false	
3394278																													false	false	
3394380			0	0	0	0	17	11020	2	114	1	255	4	1713			0	0	0	0	0	0	0	0	0	0	0	0	false	false	
3397233			2	157	3	453	34	17692	6	343	15	1737	28	9779															false	false	
3398623			1	41	15	1618	100	44270	216	9652	95	9044	236	58056			1	50	8	894	7	2141	6	292	11	1304	10	2156	false	false	
3401970			10	387	117	12824	556	229842	345	13377	426	49266	447	135662			1	39	0	0	1	407	0	0	0	0	0	0	false	false	
3402913			0	0	10	1431	66	34038	54	870	35	2832	43	13194			0	0	0	0	0	0	0	0	0	0	0	0			
3404207			12	601	55	6915	115	52891	15469	164696	1280	129008	762	219362			0	0	0	0	0	0	24	1324	15	2549	1	274	false	false	
3404373			2	92	34	5640	189	86494	14	763	40	3177	40	11192			0	0	1	157	10	3798	0	0	0	0	0	0	false	false	
3404467			9	606	60	8018	166	80635	104	2080	146	8860	173	37104															false	false	
3404506			58	2312	134	18178	235	96982	291	7141	117	12600	62	17439			4	95	8	905	7	1844	9	157	4	263	1	100	false	false	
3404999			11	409	58	8209	171	76460	113	2930	49	4233	60	15160			0	0	0	0	1	241	0	0	0	0	0	0	false	false	
3407084			0	0	0	0	8	3036	1511	15768	615	31655	228	78535															false	false	
3408728			218	18112	338	37675	670	271294	2342	82070	853	90394	977	306025			81	3431	51	4967	32	9325	56	2336	44	5303	31	8269	false	false	
3410141			11	352	15	1419	54	18743	35	666	7	313	5	1500			2	110	3	318	1	301	0	0	1	51	0	0	false	false	
3411773			11	406	16	2179	24	7888	71	2003	20	1905	25	6812			16	1020	40	4990	23	6563	69	1896	53	5198	44	9551	false	false	
3412417			26	1496	68	9648	129	49501	156	2803	50	3603	61	11503			4	239	4	465	9	2306	20	466	2	263	3	936	false	false	
3419416			5	218	42	4931	223	136120	92	2697	71	4134	147	21508															false	false	
3428258			0	0	0	0	28	13516	5	465	2	461	1	274															false	false	
3429219			25	1449	61	9882	70	30488	187	4189	18	2323	8	2293			20	826	10	1514	8	2347	20	408	1	80	0	0	false	false	
3435948			0	0	5	559	52	29028	642	7412	25	2540	25	5500			0	0	2	121	3	726	6	95	0	0	0	0	false	false	
3437148			9	326	16	2056	66	33424	218	2916	47	3328	20	5466			3	148	7	556	5	1076	13	273	0	0	0	0	false	false	
3437157			187	9865	352	47737	534	212539	1575	51816	429	49604	240	83548			42	1682	52	7027	36	10515	139	6130	67	10250	37	11364	false	false	
3437456			67	3920	80	13494	184	95314	128	2971	54	5428	38	13144			0	0	1	114	28	9655	0	0	0	0	0	0	false	false	
3437483			1	0	13	1407	99	49489	213	3323	80	4327	138	25792															false	false	
3438958			6	329	23	3306	49	22619	50	1938	26	3167	21	6724			0	0	0	0	1	396	5	75	0	0	0	0	false	false	
3440803			4	112	25	3299	84	33737	62	1800	34	1818	67	9471			0	0	0	0	5	1164	1	58	4	223	2	474	false	false	
3445901			12	601	42	5643	98	44639	135	3743	52	5474	35	8645			1	32	2	397	2	463	0	0	0	0	0	0	false	false	
3446225			30	1327	48	6545	60	26610	86	2231	21	2234	24	8756			11	536	19	2834	10	2415	13	283	6	528	6	984	false	false	
3446784			19	668	21	2909	67	27009	73	2575	19	2113	9	2028			1	38	0	0	1	353	0	0	0	0	0	0	false	false	
3447576			108	5175	116	19616	128	64601	395	9952	115	17901	87	40970			6	402	6	1000	3	998	7	323	0	0	2	691	false	false	
3447820			0	0	0	0	6	2517	10	262	42	4689	191	60643															false	false	
3448162			5	282	13	1670	36	15142	15	358	4	250	4	326			0	0	0	0	1	285	0	0	0	0	0	0	false	false	
3448425			3	167	6	705	14	4825	59	2029	19	2689	25	9988			0	0	1	100	0	0	0	0	0	0	0	0	false	false	
3449066			49	2087	167	21178	345	138082	3216	31629	220	20825	156	45125			17	649	7	782	6	1675	4	59	0	0	2	302	false	false	
3451050			2	50	31	4962	95	51763	53	1227	54	4283	57	12418			0	0	5	717	4	1103	2	60	1	0	4	604	false	false	
3455227			4	173	21	2977	166	69888	34	910	41	2680	73	13904			0	0	2	375	5	1504	0	0	1	206	1	5	false	false	
3459207			5	308	29	4332	123	54528	49	2052	41	3768	60	15238			0	0	0	0	10	3915	2	146	9	1057	13	3530	false	false	
3459216			2	110	11	1547	40	18968	81	2256	31	3458	13	4671			0	0	2	271	0	0	0	0	0	0	0	0	false	false	
3463875			5	275	16	1770	53	22523	454	10746	107	12147	61	16941			3	112	14	2039	9	2633	130	3451	26	2617	19	4615	false	false	
3465392			0	0	6	700	27	11924	28	1124	28	3729	44	19094			0	0	0	0	1	23	0	0	0	0	0	0	false	false	
3466988			2	142	7	1091	79	42166	136	6661	54	5880	46	18326															false	false	
3468450			2	156	19	2351	88	40935	6	72	7	658	34	3200															false	false	
3470097			1	20	9	1042	17	5107	12	300	13	1650	24	12607															false	false	
3470154			0	0	7	936	231	87432	19	314	42	4597	115	27327															false	false	
3470239			0	0	0	0	0	0	106	1946	298	8590	693	48112															false	false	
3470930			0	0	2	279	35	19504	110	3442	46	3922	27	10747															false	false	
3472046			12	387	35	4600	86	38827	427	9092	62	5966	80	28067			18	644	36	4518	14	4216	135	2090	11	674	4	290	false	false	
3472859			0	0	4	342	62	24554	14	36	45	2509	134	29142															false	false	
3475083			0	0	0	0	32	17493	10	496	43	5463	134	49380															false	false	
3476192			31	1063	85	10217	195	86275	359	7824	211	16243	93	20647			1	4	0	0	0	0	1	10	0	0	0	0	false	false	
3479018			14	630	19	2510	15	5219	435	8404	30	3150	11	3888			10	437	17	1851	5	1017	83	1545	7	490	2	692	false	false	
3480069			0	0	1	190	34	10629	7	157	10	698	15	3279															false	false	
3482045			0	0	7	1149	72	27754	6	392	8	919	6	3247															false	false	
3482111			34	1245	32	4819	74	34981	173	5183	58	6199	76	23206			13	368	14	1808	4	571	19	526	2	386	4	856	false	false	
3485215			3	112	14	1583	51	18586	57	1471	34	3270	26	6360			14	672	19	2925	2	581	0	0	0	0	0	0	false	false	
3485420			17	1062	80	10668	155	65357	244	7288	159	15206	109	21616			3	131	6	720	5	2051	26	753	13	1517	16	2967	false	false	
3487433			1	70	6	851	25	11705	20	890	13	1003	25	9769															false	false	
3487947			0	0	7	711	52	16628	10	328	28	2885	24	6586															false	false	
3488579			12	569	22	3110	71	30351	167	5128	52	7129	60	21217			4	181	2	300	1	405	16	501	1	123	3	1066	false	false	
3489071			1	9	15	2007	69	30995	132	1474	35	3732	21	4971			0	0	0	0	1	237	0	0	0	0	2	885	false	false	
3517590			9	454	12	2111	44	21725	40	983	36	6521	31	14131															false	false	
3529315																													false	false	
3531176			34	1315	36	3967	24	8634	164	4275	76	7675	48	10246			18	685	11	1377	3	377	21	563	3	468	1	300	false	false	
3532641			106	4713	282	32693	636	252615	1364	34758	692	67940	500	139032			26	819	29	2445	7	1592	0	0	2	20	0	0	false	false	
3537897			4	251	30	4891	94	41951	254	6088	158	14946	190	48249			2	89	4	356	0	0	0	0	0	0	0	0	false	false	
3538009			3	139	18	2885	57	26702	43	1012	65	6166	192	53111			0	0	0	0	1	293	0	0	0	0	0	0	false	false	
3545258			1	55	19	2506	306	144635	27	461	47	3228	233	64130															false	false	
3546862			0	0	0	0	19	18669	0	0	5	875	6	5005															false	false	
3547131			15	589	40	7586	109	58578	128	5776	59	10089	59	30574			0	0	0	0	0	0	0	0	0	0	0	0	false	false	
3547896			7	191	33	5037	191	76685	48	1475	33	3711	52	17787															false	false	
3548567			6	292	37	4827	144	64178	214	5472	127	10180	178	44347			3	105	1	90	5	1413	0	0	0	0	0	0	false	false	
3548763			5	274	19	2625	69	30753	11	457	8	553	13	2410			0	0	0	0	2	782	0	0	0	0	0	0	false	false	
3555248			2	149	2	238	19	9324	5	185	4	333	5	703															false	false	
3561771			3	186	7	1497	59	36092	2	14	1	246	5	1781															false	false	
3567269			23	1334	58	7192	120	47346	149	3975	98	9140	123	40575			1	56	3	506	4	922	0	0	0	0	0	0	false	false	
3579589			121	6917	413	56490	1374	608897	2484	73450	1073	98781	1055	285036			9	436	15	2189	20	4977	58	1415	11	1021	3	759	false	false	
3588312			11	612	96	14412	290	149170	453	16540	181	17281	205	55568			0	0	0	0	0	0	5	204	5	449	5	1605	false	false	
3588424			10	353	32	4366	153	66173	326	4165	166	11570	282	53671			1	7	2	279	1	235	0	0	0	0	0	0	false	false	
3591004			1	1	5	1016	43	20581	92	3984	11	2637	15	5435			0	0	0	0	0	0	0	0	0	0	0	0	false	false	
3592047			0	0	3	643	17	9135	3	182	2	144	10	3688															false	false	
3593307			1	55	19	2722	55	24316	7	146	7	578	12	4128															false	false	
3594087			38	1200	61	8359	51	15287	182	4188	47	3318	46	10761			26	722	19	1984	24	6328	47	614	9	1232	5	615	false	false	
3595271			16	909	95	10423	268	104214	74	1734	86	4349	84	12398															false	false	
3596250			3	142	14	1905	36	16203	140	3864	65	6659	80	31418			4	152	11	1462	6	1577	55	1476	17	2051	36	12515	false	false	
3597211			0	0	2	269	25	9897	79	235	17	473	13	689															false	false	
3599804			6	337	19	3308	32	23299	76	2667	14	2080	7	4078			0	0	0	0	2	1716	0	0	0	0	0	0	false	false	
3603961			42	1714	135	11445	349	82084	104	3039	91	4523	94	15594			2	69	2	129	4	1763	0	0	0	0	0	0	false	false	
3608751			13	475	28	4806	130	73041	353	8799	59	7604	54	21398															false	false	
3610718			1	90	8	1271	80	40667	60	4066	57	7266	118	45721			0	0	2	393	1	382	0	0	0	0	0	0	false	false	
3614837			16	782	32	4064	145	47582	96	9381	64	6260	93	22566			1	21	2	150	2	326	3	103	0	0	1	474	false	false	
3614846			10	475	16	2248	36	14124	92	2037	45	3494	32	6575			5	195	6	591	3	595	8	241	3	378	1	82	false	false	
3614976			5	263	31	4037	127	53994	80	4601	77	10694	114	39699			0	0	3	267	1	313	0	0	0	0	0	0	false	false	
3617856			31	1264	29	3974	28	10730	385	9224	62	6689	26	8233			21	1127	21	2532	12	3449	271	7072	74	8012	36	8540	false	false	
3619216			2	69	13	1672	63	25371	33	1082	49	3485	94	24376			0	0	0	0	1	220	0	0	0	0	0	0	false	false	
3623110			10	631	13	2610	54	31058	14	776	5	821	5	2829															false	false	
3623969			5	278	8	1101	22	10166	36	833	7	597	3	1278			3	34	2	368	1	149	0	0	0	0	0	0	false	false	
3626184			1	52	2	379	4	2570	33	1378	2	371	0	0			0	0	0	0	2	871	43	1909	9	1662	2	664	false	false	
3626858			2	176	12	2156	33	16389	18	1263	15	2480	17	9220			0	0	0	0	0	0	0	0	0	0	0	0	false	false	
3629420			66	1273	160	18060	433	178831	344	8326	148	12664	190	50170			20	478	12	1187	8	1444	6	145	1	157	0	0	false	false	
3629484			1	80	17	2289	53	25166	21	528	13	1165	21	5617			1	49	0	0	2	480	0	0	0	0	1	224	false	false	
3630323			2	43	16	1296	186	43563	248	1932	148	7337	335	57866			0	0	0	0	3	149	3	21	1	36	0	0	false	false	
3633016			22	1203	27	3172	42	19405	129	3248	31	3080	37	10912			2	64	0	0	1	291	2	29	3	323	0	0	false	false	
3633173			0	0	10	1752	100	50283	85	2793	67	5828	123	75723															false	false	
3635029			0	0	1	7	2	1067	0	0	0	0	1	261															false	false	
3635551			3	98	9	743	45	18228	37	940	13	1043	5	865			0	0	7	966	9	2491	0	0	0	0	0	0	false	false	
3636428			8	295	20	2257	40	16603	56	1383	33	2378	43	9685			0	0	5	270	5	1020	2	35	7	541	4	831	false	false	
3636446			1	76	4	499	57	25885	24	596	35	2776	82	17776															false	false	
3636914			19	892	71	10194	156	60568	73	2097	34	2980	52	13149			0	0	1	51	1	268	0	0	0	0	0	0	false	false	
3637247			9	407	44	5390	207	85431	198	6116	87	7647	109	30200			0	0	0	0	2	91	0	0	0	0	0	0	false	false	
3637685			14	599	33	4118	190	82856	104	2473	74	3756	108	18390															false	false	
3637706			14	910	40	5114	100	39670	39	987	22	2184	23	6338			3	133	1	144	16	4593	3	39	2	350	1	152	false	false	
3645840			2	19	3	128	34	7902	5	45	1	71	10	1285			0	0	0	0	0	0	0	0	0	0	0	0	false	false	
3650808			39	391	150	5513	1705	251297	1529	16258	1802	61936	4517	442736			26	207	62	2476	90	5164	17	230	25	346	16	446	false	false	
3655933			0	0	1	0	47	27189	13	379	31	2634	49	13324															false	false	
3664588			0	0	0	0	9	6022	3	132	4	512	24	10424															false	false	
3667132			7	365	14	1335	72	32203	46	1660	29	3077	67	17111															false	false	
3671997			10	377	33	4534	74	33664	21	387	6	654	15	4578			0	0	1	88	1	273	0	0	0	0	0	0	false	false	
3678857			59	1280	8	1215	51	25311	85	2272	84	6750	171	46956			0	0	1	80	0	0	0	0	0	0	0	0	false	false	
3688043			0	0	6	473	34	16091	15	268	27	1683	76	18346			0	0	0	0	0	0	0	0	0	0	0	0	false	false	
3688548			2	165	4	339	64	27770	18	460	15	923	34	7681															false	false	
3690121			0	0	3	375	19	9048	23	512	14	1038	19	4115			0	0	0	0	0	0	0	0	0	0	0	0	false	false	
3690635			0	0	1	177	28	10042	3	90	9	563	16	5142															false	false	
3690701			15	800	57	8513	125	56600	201	4451	88	6779	76	19687			0	0	1	80	1	408	0	0	0	0	0	0	false	false	
3719648			0	0	46	6790	329	137418	52	1233	68	5718	153	30342															false	false	
3720336			0	0	0	0	22	10547	82	5068	85	11983	107	40151															false	false	
3720608			5	314	17	2321	104	47915	202	11430	171	19813	287	110263															false	false	
3721605			78	3897	104	17265	162	79899	190	5349	49	7901	37	20033															false	false	
3729124			56	131	45	6192	205	92304	134	659	11	551	15	546															false	false	
3783313			0	0	2	121	105	43362	827	5805	37	5264	54	12333			0	0	0	0	0	0	0	0	0	0	0	0			
3783948																													false	false	
3786435			21	1343	49	9959	133	57878	44	1636	12	1528	31	10083			0	0	0	0	0	0	1	15	0	0	0	0	false	false	
3793714			2	32	10	1037	181	77508	73	4610	113	9394	199	40747															false	false	
3804535			35	1726	80	11456	189	83036	265	7169	82	7413	94	24641			33	1548	26	3330	31	7800	24	494	4	289	0	0	false	false	
3807880			8	337	31	4851	196	90900	368	11703	522	47171	594	147863			6	155	6	522	0	0	12	408	7	411	5	345	false	false	
3812147			1	92	16	1990	117	45536	15	360	17	1467	69	13713			0	0	0	0	2	520	0	0	0	0	0	0	false	false	
3816154			7	268	19	2692	55	26396	23	770	10	1035	8	3068			4	157	6	658	4	965	0	0	2	136	0	0	false	false	
3816163			14	783	36	4812	54	22446	105	2752	33	3905	25	6068			4	151	1	211	7	2360	0	0	0	0	0	0	false	false	
3816190			12	497	34	4672	120	48491	215	6267	79	7121	46	9701			0	0	2	268	1	80	11	226	0	0	0	0	false	false	
3821037			15	628	51	6832	139	63738	224	6148	158	12337	173	32252			1	68	2	305	7	2041	13	216	3	265	3	954	false	false	
3821626			4	134	5	547	100	33069	10	481	74	11025	35	12557															false	false	
3821822			19	1031	50	7232	183	74482	241	7285	96	11785	101	36861			2	118	7	805	8	2323	3	92	4	511	4	870	false	false	
3832127			2	60	18	2548	179	47553	11	359	47	4631	80	14521			0	0	0	0	1	73	0	0	0	0	0	0	false	false	
3835454			14	338	34	4061	181	80524	195	1877	34	2326	106	20314															false	false	
3843392			6	310	37	4610	97	37665	22	586	21	2192	122	36872															false	false	
3851427			4	210	15	2293	40	18605	109	2777	29	2986	67	18260			14	471	23	3163	15	4827	78	2099	26	1907	14	2627	false	false	
3938186			10	557	96	12431	540	220783	892	28807	384	30214	480	112742			0	0	0	0	0	0	0	0	0	0	0	0	false	false	
3939240																													false	false	
3943210			5	224	12	1558	34	14265	56	1634	27	2918	30	9754			5	214	14	1708	3	807	0	0	0	0	0	0	false	false	
3952904																													false	false	
4032791																													false	false	
4125778																													false	false	
4146830																													false	false	
4149037																													false	false	
4165907			12	386	17	2393	57	24464	137	4229	45	5063	18	6440			2	117	1	92	1	127	0	0	0	0	0	0	false	false	
4210227			49	1784	158	18140	455	181241	387	9100	245	18619	496	114090			33	1218	46	3714	32	5090	97	2409	40	4458	21	4682	false	false	
4368351																													false	false	
4397164																													false	false	
4457536			29	989	61	5704	60	23345	770	7985	19	1070	12	4851															false	false	
4536084			39	1954	81	10710	190	80895	931	19848	212	16439	152	31646			180	7442	209	26147	358	101128	644	12699	58	4015	18	1964	false	false	
4845861			7	488	69	10708	154	67019	84	2504	83	6920	113	29858			0	0	1	190	0	0	0	0	0	0	0	0	false	false	
5050028			2	109	6	757	16	5764	19	384	6	563	23	6073			0	0	1	100	0	0	0	0	0	0	0	0	false	false	
5136959			5	407	10	1474	74	39450	287	13860	96	10886	41	13156															false	false	
5143788			1	1	3	233	81	34170	22	844	25	1297	72	18775			1	86	0	0	0	0	0	0	0	0	0	0	false	false	
5192496			0	0	0	0	36	21525	16	522	40	2448	107	29991															false	false	
5193989			0	0	0	0	2	1727	17	1092	32	4307	64	26624															false	false	
5205819			3	90	10	1504	76	39569	141	3265	44	3974	88	28533			0	0	0	0	1	303	0	0	0	0	0	0	false	false	
5210989			0	0	1	42	37	10308	4	49	11	1221	113	26112															false	false	
5227101			3	87	12	1572	55	26832	48	1495	60	6437	78	24940															false	false	
5230790			1	60	24	3346	56	24393	43	1368	14	1373	12	4317			0	0	1	144	3	1152	0	0	0	0	0	0	false	false	
5278251			0	0	0	0	0	0	0	0	0	0	0	0			0	0	0	0	0	0	0	0	0	0	0	0			
5303724			3	134	15	1941	43	21229	8	172	7	445	22	3092															false	false	
5312593			3	130	10	1617	53	26202	12	144	8	288	13	2755															false	false	
5313312			0	0	1	121	26	12459	29	722	40	3566	52	16254			0	0	0	0	1	387	0	0	0	0	0	0	false	false	
5316920			7	428	51	8302	102	49571	126	4005	99	9274	117	30321															false	false	
5332603			0	0	6	990	42	21664	9	269	19	2944	26	10125															false	false	
5336928																													false	false	
5342974			0	0	0	0	1	692	0	0	0	0	1	120															false	false	
5349218			5	290	15	2470	38	20508	42	927	30	2801	82	32442			0	0	0	0	0	0	0	0	0	0	0	0	false	false	
5382514			0	0	0	0	5	4680	7	272	75	16429	21	13479			0	0	0	0	0	0	0	0	0	0	0	0	false	false	
5397639			0	0	0	0	0	0	0	0	0	0	0	0			0	0	0	0	0	0	0	0	0	0	0	0	false	false	
5398355			0	0	2	320	38	21415	4	11	8	265	7	797															false	false	
5398627			1	0	11	1558	30	14253	13	350	22	1688	44	12783															false	false	
5401273			3	218	15	2069	58	29601	19	494	23	1847	31	6389															false	false	
5412457			0	0	3	440	35	18595	17	597	20	1795	18	4845															false	false	
5427684			0	0	2	327	47	11423	0	0	14	401	23	3178															false	false	
5435988			0	0	2	377	23	11539	17	56	2	191	54	13551															false	false	
5448915			8	448	34	5280	81	33569	80	2951	35	3774	41	8361															false	false	
5472880			0	0	9	1377	38	15152	57	2581	35	3820	54	15084															false	false	
5475452			1	35	4	820	20	10162	24	567	16	2165	12	5505			0	0	3	359	0	0	0	0	0	0	0	0	false	false	
5479478			2	132	11	1864	38	18786	37	1160	14	1389	25	7667															false	false	
5514409			0	0	0	0	0	0	0	0	0	0	1	425															false	false	
5518023																													false	false	
5528880			1	74	5	979	18	8809	9	327	27	1086	39	8724			0	0	0	0	0	0	0	0	0	0	0	0	false	false	
5538937			10	335	22	3473	54	22657	29	956	22	1813	15	3587			0	0	2	368	0	0	0	0	0	0	0	0	false	false	
5543735			0	0	0	0	12	6660	7	270	3	370	6	1745															false	false	
5561001																													false	false	
5574430			1	72	10	1424	46	26281	26	469	15	1095	25	5955															false	false	
5582846	0	56119																											false	true	
5591633																													false	false	
5592340			2	113	6	1036	65	32151	49	1984	53	4961	98	30031			0	0	0	0	0	0	0	0	0	0	0	0	false	false	
5620869			8	215	14	428	64	26206	4	147	13	1014	13	1990															false	false	
5650923			0	0	1	212	22	14149	7	274	5	515	18	5553															false	false	
5660146			3	211	4	784	19	11087	44	2394	41	7673	93	50201															false	false	
5673191			0	0	0	0	28	15864	4	147	23	2054	32	8477			0	0	0	0	0	0	0	0	0	0	0	0	false	false	
5686089			0	0	0	0	3	2371	1	19944	0	0	3	16432															false	false	
5686324			5	333	6	897	6	3157	20	591	9	1059	2	331			6	324	1	108	4	1017	7	233	2	252	4	712	false	false	
5691319			0	0	0	0	12	11986	4	17	2	296	7	6207															false	false	
5692473			0	0	1	204	20	9122	3	34	7	365	11	3522			0	0	1	198	1	490	0	0	0	0	0	0	false	false	
5724226			0	0	3	417	25	14541	6	376	6	716	10	3902			0	0	0	0	0	0	0	0	0	0	0	0	false	false	
5728916			1	87	0	0	11	7525	28	1188	29	3226	16	7628															false	false	
5755510			1	45	1	150	15	8577	4	174	7	988	28	11503			1	45	0	0	0	0	0	0	0	0	0	0	false	false	
5758436			0	0	0	0	16	7598	18	869	11	1730	20	7978			0	0	0	0	0	0	0	0	0	0	0	0	false	false	
5758445			0	0	3	416	16	5582	7	93	17	1314	31	12608															false	false	
5760439			0	0	4	758	31	17627	93	3855	46	5650	31	8192			0	0	2	334	1	207	0	0	0	0	0	0	false	false	
5760662			0	0	5	974	31	17715	43	1462	33	3481	34	6708			0	0	0	0	0	0	0	0	0	0	0	0	false	false	
5777549			2	115	7	1394	20	10853	22	808	8	961	20	8819			0	0	0	0	0	0	0	0	0	0	0	0	false	false	
5784921																													false	false	
5787418			0	0	2	186	4	1865	64	2219	27	3473	29	9337			1	90	12	1882	3	1050	9	272	8	756	4	660	false	false	
5788705			0	0	0	0	3	1412	0	0	0	0	0	0															false	false	
5805228			0	0	0	0	9	5055	19	664	14	1811	51	18956															false	false	
5805424			12	11774	1	228	18	10685	33	14564	5	569	6	1520															false	false	
5805442			0	0	0	0	1	743	1	22	3	3	2	81															false	false	
5805451																													false	false	
5805479																													false	false	
5805488																													false	false	
5805817																													false	false	
5807400			0	0	12	1276	21	7138	19	723	7	1005	9	2826			0	0	0	0	0	0	2	27	0	0	0	0	false	false	
5837377			0	0	2	351	0	0	3	119	0	0	0	0															false	false	
5839915			0	0	0	0	4	2378	2	70	1	0	3	2089															false	false	
5859511																													false	false	
5860740			3	48	6	788	8	5069	3	174	5	643	3	951															false	false	
5861541			0	0	0	0	0	0	0	0	0	0	1	906															false	false	
5879201			1	85	1	248	9	4961	7	330	6	736	7	1952															false	false	
5882500																													false	false	
5887420			0	0	0	0	0	0	0	0	0	0	0	0			0	0	0	0	0	0	0	0	0	0	0	0	false	false	
5903517			5	356	1	131	9	5417	9	349	5	556	10	4034			2	151	1	235	2	629	3	66	3	394	2	625	false	false	
5906497			0	0	0	0	1	270	0	0	4	256	4	1281															false	false	
5972661																													false	false	
6009630																													false	false	
