"IDRSSD"	RCFD2930	RCFD2932	RCFD2938	RCFD3049	RCFD3066	RCFD3552	RCFD3553	RCFD3554	RCFD3646	RCFDB557	RCFDC011	RCFDC012	RCFDLB56	RCON2930	RCON2932	RCON2938	RCON3049	RCON3066	RCON3552	RCON3553	RCON3554	RCON3645	RCON3646	RCONB557	RCONC011	RCONC012	RCONLB56	TEXT3552	TEXT3553	TEXT3554	
	OTHER LIABILITIES, TOTAL	DIVIDENDS DECLARED BUT NOT YET PAYAB	ALL OTHER LIABILITIES	NET DEFERRED TAX LIABILITIES	ACCOUNTS PAYABLE	1ST ITM AMT FOR OTH LB OV25% OF 2930	2ND ITM AMT FOR OTH LB OV25% OF 2930	3RD ITM AMT FOR OTH LB OV25% OF 2930	OTHER EXPENSES ACCRUED & UNPAID	ALL0WANCE FOR CREDIT LOSSES OFF B/S	DEFERRED COMPENSATION LIABILITIES	DERIVATATIVES W/NEGATIVE FAIR VALUE	Operating lease liabilitie	OTHER LIABILITIES, TOTAL	DIVIDENDS DECLARED BUT NOT YET PAYAB	ALL OTHER LIABILITIES	NET DEFERRED TAX LIABILITIES	ACCOUNTS PAYABLE	1ST ITM AMT FOR OTH LB OV25% OF 2930	2ND ITM AMT FOR OTH LB OV25% OF 2930	3RD ITM AMT FOR OTH LB OV25% OF 2930	INTEREST ACCRUED & UNPAID ON DEPS	OTHER EXPENSES ACCRUED & UNPAID	ALL0WANCE FOR CREDIT LOSSES OFF B/S	DEFERRED COMPENSATION LIABILITIES	DERIVATATIVES W/NEGATIVE FAIR VALUE	Operating lease liabilitie	1ST ITM AMT FOR OTH LB OV25% OF 2930	2ND ITM AMT FOR OTH LB OV25% OF 2930	3RD ITM AMT FOR OTH LB OV25% OF 2930	
37														191	0	93	0	0	0	0	0	98	0	0	0	0	0				
242														94	0	0	0	0	0	0	0	80	9	5	0	0	0				
279														2906	0	1537	0	80	309	177	0	502	706	161	161	0	549	ATM Settlement	ESOP Payable	Accounts Payable Loan Repurchase	
354														941	0	306	0	0	0	0	0	154	409	72	0	280	0				
457														285	0	13	0	0	0	0	0	167	105	0	0	0	0				
505														6893	0	4722	1264	0	3761	0	0	603	211	93	0	0	0	Deferred Service Fee - FCC			
1155														3257	0	2021	0	0	0	0	0	649	587	0	1662	0	0				
1351														1411	0	83	0	0	0	0	0	1021	307	0	0	0	0				
1454														6231	0	4964	0	0	2602	0	0	245	446	576	2200	0	0	FISERV SETTLEMENT ACCOUNT			
1669														2245	0	1439	0	0	0	0	0	771	35	0	109	0	0				
1856														215	0	148	0	0	0	0	0	49	18	0	0	0	0				
2161														7780	0	6306	0	0	2242	0	0	156	1045	273	1411	0	1024	SBA OVERAGE PAYMENT FROM PPP LOAN IN 2022			
2732														6529	0	2437	0	0	0	0	0	2645	1267	180	0	0	1708				
2750														939	118	612	0	0	50	0	0	119	198	10	444	0	0	PYMT DUE TO LOAN PARTICIPATION BANK			
3252														995	0	0	0	0	0	0	0	582	413	0	0	0	0				
3458														331	0	55	0	0	0	0	0	198	78	0	0	0	0				
3720														3206	0	1	0	0	0	0	0	346	2819	40	0	0	0				
3971														12371	0	5294	0	0	0	0	0	3593	3376	108	2899	0	2275		Deferred Compensation		
4231														644	0	0	0	0	0	0	0	382	182	80	0	0	0				
5069														9305	0	2465	0	1997	0	0	0	2155	4022	663	0	0	0				
5135														4343	0	1131	0	0	0	0	0	1227	1985	0	1131	0	0				
5210														38860	0	30153	0	0	0	0	0	756	6190	1761	0	0	0				
5461														7589	0	5857	0	0	0	0	0	135	1415	182	4023	0	1352				
5751														1993	0	1390	0	0	729	0	0	203	329	71	533	0	0	Post Retirement Benefits Payable			
6039														4920		1588	0					2682	603	47			101				
6329														12941		7083	0	961				2284	2132	1442	4383		962				
7009														15982		643	0	232	411	0	0	4303	11036	0				Collateral Received on Interest Rate Swap Exposure			
7045														1185		0	0					199	986	0							
7072														5184	0	3572	0	0	0	0	0	79	1494	39	2805	0	350				
7456														684	0	318	0	0	0	0	0	237	129	0	318	0	0				
7634														452	0	0	0	0	0	0	0	244	178	30	0	0	0				
8462														1618	0	55	0	0	0	0	0	1461	94	8	0	0	0				
8631														854	0	704	0	0	0	0	0	74	74	2	700	0	0				
9357														8160	0	5965	0	896	0	0	0	49	2039	107	2578	0	0				
9553														1795	0	0	0	0	0	0	0	305	1490	0	0	0	0				
9807														15190		5658	0					4487	4307	738			4107	0	0		
9955														632	0	7	0	0	0	0	0	144	481	0	0	0	0				
10250														4053	0	1408	0	0	0	0	0	1105	1256	284	1058	0	0				
10849														1217	0	213	0	82	0	0	0	280	489	235	0	0	0				
11145														4268		548	0		86	5		490	3230	0		457		Great Lakes Capital FUnd	Differed Revenue	Marble CLiff Capital	
11640														3701	0	1749	0	0	0	0	0	759	1193	0	1749	0	0				
11837														420	0	5	0	0	0	0	0	110	196	109	0	0	0				
12030														6624	0	3819	0	2823	0	0	0	1256	133	1416	996	0	0				
12142														2795	0	1377	0	0	757	0	0	1294	105	19	447	0	0	SERP Liability			
12311	3784520	0	2914852	7098	1319813	0	0	0	565498	184055	0	0	0									113017									
12647														450	0	0	0	0	0	0	0	322	128	0	0	0	0				
12946														25626	0	14602	0	0	0	0	0	1419	8543	1062	9819	0	0				
13103														27013		17226	0					3641	3353	2793		8798	5103				
13251														218	0	84	0	0	2	24	0	134	0	0	0	0	0	Deferred Gain on sale of ORE	Accrued Employee  B&P	Deferred PPP Income	
13457														484	0	0	66	0	0	0	0	257	161	0	0	0	0				
14155														2813	0	1204	0	0	465	0	0	992	597	20	691	0	39	Deferred Mastercard contract incentive			
14650														914	0	305	0	0	0	0	0	133	266	210	248	0	0				
14753														317	0	0	11	0	0	0	0	145	161	0	0	0	0				
14865														7552	0	4735	0	0	0	0	0	311	2481	25	2134	0	0				
14977														432		38	0	30				207	154	33							
16551														1323	0	128	0	0	0	0	0	622	354	219	0	0	0	Deferred PPP Loan Fees			
17110														22048		7832	0					641	13506	69			7697				
17147														280619		83735	0					7063	171821	18000		56552					
17259														1647	0	1290	0	0	0	0	0	132	225	0	1290	0	0				
17950														4045	0	2322	0	0	0	0	0	665	897	161	1557	0	0	ATM/EFT Settlement			
17978														889	0	214	456	95	119	0	0	15	204	0	0	0	0	Other Liabilities			
18050														5028	0	1753	0	147	0	0	0	1012	2083	180	859	0	0				
18827														24904	0	16245	0	0	0	0	0	2032	4503	2124	0	10226	0				
18836														2620	0	945	0	0	0	0	0	282	1393	0	787	0	0				
18854														10349		8342	0		2268			1028	515	464			2264	Dividends Payable			
19356														1318	0	775	0	0	0	0	0	238	201	104	620	0	0				
19936														4015	0	3215	0	0	0	0	0	399	1	400	1967	0	0				
19972														1451	0	1342	0	0	1013	302	0	2	59	48	0	0	0	Accrued Exp Life Insurance	Accrued life insurance expense- death benefit		
20053														648	0	0	0	0	0	0	0	412	215	21	0	0	0	Unrealized interest AR			
20633														2532	0	1265	0	0	0	0	0	356	852	59	853	0	0				
20857														3078	0	630	0	133	0	0	0	2045	175	228	497	0	0				
21256														13	0	9	0	0	0	0	0	4	0	0	0	0	0				
21359														314	0	198	0	0	0	0	0	65	51	0	198	0	0				
21658														1637		979	0					360	298	0	860						
22048														3515	0	1857	0	15	0	0	0	872	587	199	1840	0	0				
22543														2407	0	689	607	425	0	0	0	169	817	125	0	0	253				
22552														327	0	0	0	0	0	0	0	302	25	0	0	0	0				
22730														2101	0	662	0	0	201	330	0	956	410	73	0	0	0	ATM Suspense	Visa Drafts in Process		
23456														1985	0	111	0	0	0	0	0	1307	521	46	0	0	0	Fed Withholding			
23504														83212		53100	0					2715	24593	2804			47559				
23643														1236	0	73	0	0	0	0	0	794	261	108	0	0	0				
23755														2191	0	1072	0	0	0	0	0	279	840	0	937	0	0		0	0	
24006														19438	0	16148	0	0	0	0	0	1094	1763	433	0	0	12017				
24378														1058	0	822	0	0	718	0	0	27	209	0	0	0	0	Treasurer's checks issued but not cashed			
24659														450	0	279	0	0	270	0	0	21	150	0	0	0	0	AGBMP			
24949														4384	0	2967	0	0	0	0	0	750	627	40	2967	0	0				
25357														2256	0	665	0	0	665	0	0	610	631	350	0	0	0	Deferred Revenue			
25647														2086		3	0	3				715	1368	0							
26765														50458	0	19958	0	2097	0	0	0	4329	19047	7124	0	0	15586				
27070														4867	0	849	0	0	0	0	0	1767	1939	312	426	0	0	Contract Incentive	Deferred fees		
27614														3761	0	2053	0	0	575	678	0	750	958	0	0	0	0	Split Dollar Life Insurance	Network Settlement		
27847														6042	0	3059	0	4	19	76	0	1039	1820	124	2960	0	0	Deferred Income	CDARS Incoming Ratebridge Payment	CDARS One-Way Sell Def Liability	
28013														28400		19444	0					461	7927	568	18610						
28152														1808		1647	0	105				85	38	38	1017	516					
28675														672		1	0					459	212	0							
28732														1576	0	975	0	150	816	0	0	222	222	157	0	0	0	Deferred Liabilities			
29476														1159	0	314	0	276	0	0	0	323	269	253	0	0	0				
29636														25607	0	18554	0	0	0	0	0	1496	4603	954	9511	0	8420				
29878														37057	0	36433	0	7258	114	6430	1138	0	534	90	21493	0	0	Abandoned Property	Minimum Liability Pension	Lease Liability	
30052														557	0	113	364	0	0	0	0	19	56	5	0	0	0				
31134														2161		1254	0	148	387		200	607	300	0				Index Liability Plan	Split Dollar Ins Liability	Allowance for unfunded committments	
31255														12768		4218	0		2108	39		653	7341	556			1645	Factored loans collected reserves	CDARS Ratebridge payments		
31657														155	0	0	0	0	0	0	0	97	58	0	0	0	0		Mastercard Drafts		
31826														3232		2474	0					582	153	23	1070						
31835														5197	0	1872	0	0	0	0	0	385	2940	0	1469	0	0				
32234														5232	0	3716	0	0	940	2652	0	931	585	0	0	0	0	Commitment on Equity Investments	Swaps		
32766														726	0	0	0	0	0	0	0	60	641	25	0	0	0				
32971														5807	0	3920	0	3	0	0	0	866	848	173	3498	0	278				
33147														3294	0	314	0	0	177	0	0	1564	1237	179	0	0	0	ATM Clearing Account	Incoming RBP - CDARS		
33259														7792	0	946	0	0	489	275	0	3443	3044	359	0	0	0	Interest Payable Participant	Miscellaneous Liabilities		
33370														316		316	0					0	0	0							
33839														141	0	0	88	0	0	0	0	48	0	5	0	0	0				
33857														14141		8480	0					2711	2635	315							
34434														5719	0	1319	0	290	0	0	0	486	3467	447	0	0	649				
34537														165484		117010	0					11827	30656	5991			50882				
34555														3132		2237	0	7				880	0	15	2148						
34742														6790	0	2601	0	0	0	0	0	2093	2028	68	2402	0	0				
35057														1262		177	0					642	329	114							
35301	16614000	0	13535000	108000	0	5340000	4543000	0	2897000	11000	0	0	0									63000						Payables for Cash Collateral received	Payable for securities purchased		
35646														1148	0	673	0	0	0	0	0	308	165	2	665	0	0	Acc slary contr BOLI General			
35879														1414	0	200	0	0	0	0	0	517	560	137	0	0	0				
36933														2621	0	967	0	0	464	0	0	787	767	100	0	0	0	Escrow balances			
37051														524	0	158	0	158	0	0	0	342	24	0	0	0	0				
37341														659	0	310	0	0	0	0	0	232	117	0	310	0	0				
37435														19209	0	4805	0	0	0	0	3397	777	11358	2269	0	0	179	Deferred Income	Escrow Payable	Due to Fed - Historic Tax Credit	
37640														59945		26445	0					7824	24630	1046			7500				
37659														875	0	764	0	0	0	0	0	40	50	21	764	0	0				
37949														485	0	220	0	0	0	0	0	259	6	0	0	0	0				
38740														1904	0	486	0	0	165	0	0	347	1037	34	0	0	0	LIHTC - Commitment			
39327														4497	0	2345	0	0	240	588	0	680	929	543	1390	0	0	Deferred Income	Lease Liability		
39756														9057		3394	0		3394			1513	3950	200				accrued salaries			
40033														844	0	785	0	0	0	0	0	10	49	0	785	0	0	Unfunded Projected Benefit Obligation	0		
40499														96312		75890	0					3909	13129	3384	38239		21535				
40855														1515	0	0	0	0	0	0	0	1191	324	0	0	0	0				
41553														666	0	0	0	0	0	0	0	61	560	45	0	0	0				
41629														1648	0	507	0	0	0	0	0	897	208	36	352	0	155				
41825														6052		3842	0					348	1355	507	1603		1887				
42037														701	0	0	0	0	0	0	0	124	577	0	0	0	0				
42354														1075	0	8	0	0	0	0	0	336	731	0	0	0	0				
42372														2932	0	2219	0	0	0	0	0	21	318	374	2219	0	0				
42420														122831	5241	84337	0					5573	26218	6703			44190				
42448														14022	0	1184	0	0	0	0	0	7118	3111	2609	0	0	0				
42457														236	0	0	0	0	0	0	0	21	215	0	0	0	0				
43052														924	0	4	0	0	0	0	0	239	668	13	0	0	0				
43351														2881	0	58	0	0	0	0	0	1729	744	350	0	0	0		INSURANCE PAYABLE	CAFETERIA PLAN	
43856														685	0	592	0	0	0	0	0	93	0	0	569	0	0				
43959														1171	0	0	0	0	0	0	0	662	493	16	0	0	0				
44040														1833	0	6	0	0	0	0	0	224	1586	17	0	0	0				
44433														7991		4730	0	1413				1643	1015	603		96	1365				
44741														2032	342	372	0	0	0	0	0	132	1499	29	0	0	0				
44750														2388	0	963	0	0	963	0	0	959	466	0	0	0	0	Deferred Income ORE			
44929														1214		1	859	1				117	194	43							
45056														624	0	201	0	0	0	0	0	232	191	0	201	0	0				
45458														1805	0	898	0	74	0	0	0	326	541	40	821	0	0				
45551														11227	0	6374	0	165	2479	0	0	4063	773	17	3403	0	0	EFA Vendor Subsidiary Deferred Income			
45560														28101		13621	0					5363	8228	889	8740		3583				
45775														3547	0	3490	0	0	0	0	0	55	1	1	3231	0	0				
46053														4011	0	2938	0	0	0	0	0	646	427	0	2056	0	0	Right of Use Lease Prior Lake	Int Rate Cap/Floor Swap	Right of Use Lease NAPA	
46941														1004	0	0	0	0	0	0	0	652	352	0	0	0	0				
47247														14195		3674	2136					952	5340	2093	1446	920					
47500														1817	0	420	0	41	0	0	0	35	1057	305	268	0	76				
48057														645	0	225	0	0	0	0	0	383	37	0	225	0	0				
48374														15773	0	6639	0	0	3766	0	0	1544	6745	845	0	0	0	Deferred Vendor Incentives			
48440														2061	0	1039	0	0	419	30	0	879	0	143	307	0	0	Split Dollar Life	Deferred Revenue	CDARS Incoming Ratebridge Payment	
49054														1432	0	538	0	0	217	0	0	178	716	0	203	0	109	DEFERRED VENDOR CREDIT			
49148														1829	200	1516	0	0	0	0	0	153	160	0	1316	0	0				
49241														18767	0	16013	0	0	0	0	0	1950	283	521	9848	0	0				
49652														427	0	149	0	0	0	0	0	150	118	10	0	0	0	Accrued Incentive Pay			
49858														1449	0	913	0	0	0	0	0	255	223	58	678	0	0				
49951														194	0	3	0	0	0	0	0	107	84	0	0	0	0				
50144														1760	0	0	0	0	0	0	0	378	1379	3	0	0	0				
50461														1170		622	0	317				200	248	100			299				
51253														17601		12975	0		9226			3127	1475	24				Escrows Payables			
51356														119		0	0					88	31	0							
51459														2037	0	545	0	0	0	0	0	816	572	104	545	0	0	Incoming RBP			
51842														6936		1812	0		109			3370	1361	393	1439			Supplemental Exec Retire Healthcare Benefit			
52719														4743689		4726848	0		2230283	2425685		0	16841	0				Participant fund cash	Payable to participants		
52951														1859	0	147	0	0	0	0	0	355	1327	30	0	0	0				
53051														177	0	0	0	0	0	0	0	171	6	0	0	0	0				
54058														2003		457	0		90			1246	0	300				ATM Clearing			
54656														8171		1551	0	360				5229	951	440	1135						
54973														145653		55160	0					879	85014	4600	31320		18930				
55336														4045	0	2558	0	535	0	0	0	353	963	171	806	0	0				
55635														1364	0	409	0	0	0	0	0	401	554	0	0	0	0				
55653														218	0	137	0	137	0	0	0	68	13	0	0	0	0				
55970														2723	0	35	0	0	0	0	0	616	2049	23	0	0	0				
56258														1697	0	957	0	0	0	0	0	418	188	134	0	0	0				
56351														34882		15285	0					3305	15540	752	8573		5076				
56548														8632	0	87	0	0	0	0	0	3587	4954	4	0	0	0				
56717														14681	0	5973	0	0	0	0	0	799	7367	542	5375	0	0				
57451														4756	0	0	0	0	0	0	0	2169	1697	890	0	0	0				
58225														1625	0	658	0	0	0	0	0	357	406	204	0	0	0				
58243														128838		87892	0	4181				11344	27102	2500	970	43133	32738				
58355														449	0	58	0	0	0	0	0	289	102	0	58	0	0				
58551														2398	0	1634	0	0	215	0	0	764	0	0	0	0	0	EMPLOYEE BONUS			
58636														5481	0	1502	0	0	782	0	0	1104	2278	597	716	0	0	ACCRUED SPLIT DOLLAR			
58757														5520	0	3924	0	0	145	0	0	1080	227	289	3571	0	188	Incentive Payable			
58971														166002		97115	0					7957	43872	17058	37671		39202				
59316														30191	2871	11427	0	0	0	0	0	10559	7739	466	0	0	3581				
59352														2513	0	301	0	0	0	0	0	875	1258	79	0	0	0				
59370														714	0	182	0	175	7	0	0	3	77	452	0	0	0	Other Liabilities			
59754														1156	0	852	0	0	0	0	0	202	74	28	0	0	0				
60143	1603000	0	1140000	0	0	358000	0	0	404000	37000	0	0	337000									22000						Pension plan liability			
60330														10378		7698	0					1948	472	260	4202		2260				
60545														1480	0	0	0	0	0	0	0	1214	266	0	0	0	0				
60554														371	0	0	0	0	0	0	0	238	133	0	0	0	0				
60648														3103	0	2109	0	0	0	0	0	155	839	0	2109	0	0				
61122														20998		15547	0					767	3689	995	8465		1231				
61355														11567	0	61	0	0	0	0	0	1761	9745	0	0	0	0				
61757														3908		720	0					1243	1743	202	699						
61832														3586	0	2143	0	0	2021	0	0	639	508	296	0	0	0	Contracts Payable			
61953														307	0	30	0	0	0	0	0	46	121	110	0	0	0				
62044														3273	0	2209	15	0	0	0	0	355	640	54	0	0	1833	Due to H.C.			
62110														2656	0	281	0	0	104	175	0	0	2375	0	0	0	0	Accrued postretirement benefits	Interco balance due to / from affiliates, net		
62147														275	0	22	0	0	0	0	0	88	158	7	0	0	0				
63050														5342	0	4209	0	0	0	0	0	467	666	0	4209	0	0				
63069	2426987	0	1646647	0	0	0	0	0	651367	89257	0	0	0									39716									
63201														911	0	408	0	0	378	0	0	91	334	78	0	0	0	Prepaid Exp FAS 15			
63573														3313	0	767	0	0	0	0	0	385	1628	533	631	0	0				
63733														9705		2481	0					2830	3190	1204	2365			Cardholder Settlement Debit Cards			
64150														1162	0	782	0	0	250	0	0	380	0	0	511	0	0	#1 Escrow			
64552														3354		2442	0		969			216	603	93				Reserve for Other Expenses			
64730														1968	0	11	0	0	0	0	0	175	1331	451	0	0	0				
65205														8815	0	3579	0	0	0	0	0	201	4079	956	0	964	0				
65559														7934		5824	0					1039	1071	0	5715						
65858														14407	0	1881	0	810	774	0	0	2841	8363	1322	0	0	0	Right of Use Lease Liability			
66154														2433	0	785	0	0	467	0	0	627	914	107	291	0	0	Unearned Conversion Credits Received			
66275														2725	0	1564	0	109	0	0	0	481	595	85	371	0	1049				
67142														558	0	9	0	0	0	0	0	327	169	53	0	0	0				
67151														8848	0	6403	0	0	0	0	0	596	1849	0	0	0	3426				
67209														25429	0	21800	0	0	5719	0	0	1010	1533	1086	11583	0	0	Collateral held from SWAP counterparties			
67254														186	0	0	0	0	0	0	0	0	186	0	0	0	0				
67656														13140		3377	0		2289			1516	7599	648	1082			ACCRUED LONG TERM EMPLOYEE BENEFITS			
67870														9378	0	7145	0	0	3264	0	0	355	1255	623	1469	0	2038	ESOP GUARANTEED LIABILITY			
68671														3987	0	1816	0	0	1165	0	0	1844	307	20	0	0	0	Escrow Deposits			
68756														6365		2933	0					1183	1918	331	2315						
68831														1441	0	0	0	0	0	0	0	102	1171	168	0	0	0				
69333														10737		1600	0					2697	5393	1047			1600				
69678														1717	0	924	0	0	759	0	0	382	386	25	0	0	0	Due to Holding Company			
70218														7073		6133	0					636	279	25			6127				
70414														2286	0	0	0	0	0	0	0	391	1645	250	0	0	0				
70638														890	0	5	0	0	0	0	0	321	562	2	0	0	0				
70955														327	0	4	127	0	0	0	0	40	156	0	0	0	0				
71073														1958	0	845	0	139	0	0	0	173	927	13	0	0	706				
71457														2800	0	1044	0	0	394	19	0	1037	719	0	583	0	0	Subscription Payable	Incoming Rate Bridge Payment		
71859														246	0	0	0	0	0	0	0	1	245	0	0	0	0				
72258														5219	0	0	0	0	0	0	0	1759	3318	142	0	0	0				
72351														394	0	0	0	0	0	0	0	155	237	2	0	0	0				
72454														1012	0	0	0	0	0	0	0	792	220	0	0	0	0				
72678														4041	0	479	0	479	0	0	0	1491	2035	36	0	0	0				
73116														5361	0	1296	0	0	0	0	0	95	3804	166	0	0	1296				
73152														1163	0	904	0	138	0	0	0	215	4	40	766	0	0				
73554														2583	0	892	696	0	0	0	0	668	212	115	408	484	0				
73956														273	0	113	0	113	0	0	0	146	6	8	0	0	0				
74056														2646	0	2184	0	0	2068	0	0	184	278	0	116	0	0	TAX CREDIT INVESTMENT LIABILITIES			
74140														14589		7218	0					937	5726	708	6001						
74403														9523		5215	0	2202				575	3056	677			1985		ATM Settlement	SERP	
74449														62	0	18	0	0	0	0	0	44	0	0	0	0	0				
75259														2925	0	765	0	0	0	0	0	1051	670	439	502	0	0				
75446														2544	0	8	0	0	0	0	0	998	1511	27	0	0	0				
75455														205	0	1	0	0	0	0	0	174	30	0	0	0	0				
75633	4128701	0	2388321	0	935962	0	0	0	1228830	263449	0	0	1015050									248101									
75651														362	0	0	0	0	0	0	0	304	58	0	0	0	0				
76153														418		63	184	63				64	107	0							
76443														387	0	5	0	0	0	0	0	37	307	38	0	0	0				
76854														2637	0	1559	0	419	0	0	0	518	269	291	526	0	532				
77150														565		0	9					414	130	12							
77253														1213	0	0	0	0	0	0	0	267	583	363	0	0	0				
77422														1387	0	1049	0	61	987	0	0	88	145	105	0	0	0	SERP Liability			
77851														76941		34352	0					21866	19673	1050	24351						
78157														209	0	46	0	0	0	0	0	30	115	18	0	0	0				
78241														259	0	0	0	0	0	0	0	198	61	0	0	0	0				
78559														649	0	22	19	0	0	0	0	106	483	19	0	0	0				
79042														3136		1575	0	1011				1273	195	93	154						
79127														684	0	276	0	0	0	0	0	38	349	21	252	0	0				
79145														2407	0	477	0	477	0	0	0	737	703	490	0	0	0				
79257														142	0	0	64	0	0	0	0	55	16	7	0	0	0				
79855														1003	0	0	0	0	0	0	0	664	339	0	0	0	0				
80150														6398	0	4198	0	40	19	0	0	1941	259	0	2405	0	0	Deferred Revenue			
80374														853	0	114	0	0	0	0	0	53	640	46	0	0	0				
80431														614	0	0	0	0	0	0	0	361	253	0	0	0	0				
81175														3549	0	336	0	0	205	0	0	709	2370	134	0	0	0	Lease Liabilities			
82033														1120	0	417	0	109	308	0	0	606	97	0	0	0	0	RETIREMENT PLAN			
82257														1021	0	698	0	0	0	0	0	199	124	0	698	0	0				
82350														1174	0	929	0	0	0	0	0	121	124	0	929	0	0				
83375														11405	0	5803	0	0	0	0	0	1869	1900	1833	3014	0	2676				
83638	241055	0	178476	0	0	0	0	0	43770	9692	0	0	113594									9117									
83834														2097	0	1208	0	0	0	0	0	248	452	189	1145	0	0				
83852														160	0	32	0	0	0	0	0	89	39	0	0	0	0				
83955														838	0	0	0	0	0	0	0	545	293	0	0	0	0				
84046														125	0	0	0	0	0	0	0	110	15	0	0	0	0				
84541														24005	0	16868	0	754	2386	138	0	5098	739	1300	9935	0	2940	ESCROW	Incentive Payments Accrued		
85052														688	0	132	0	51	0	0	0	291	250	15	0	0	59				
85472														146968		103373	0					2130	38175	3290		63196					
85931														3352	0	1733	0	0	0	0	0	1389	151	79	1404	0	0				
86349														4265	0	1905	0	0	0	0	0	970	1322	68	1619	0	0				
86675														6878	0	5170	0	0	0	0	0	82	1602	24	0	0	3288				
87047														966	0	500	0	0	0	0	0	261	162	43	484	0	0				
87234														11111	0	7433	0	0	0	0	0	3114	409	155	3602	0	2015				
87476														710	0	226	0	0	0	0	0	21	375	88	226	0	0	non construction LIP			
87579														3390		791	0					0	2121	478			482				
88231														18314	0	12563	0	830	0	3359	0	858	3141	1752	3456	0	2715		Mortgage Repurchase Reserve		
88259														1032	0	646	0	0	0	0	0	375	6	5	254	0	0	deferred contract incentives			
88352														1173		479	0	366				397	297	0			113				
88455														5139	0	102	0	0	0	0	0	1412	3625	0	0	0	0				
89032														1434	0	0	0	0	0	0	0	557	877	0	0	0	0				
89135														1719	0	1534	0	0	0	0	0	64	121	0	1417	0	0				
89854														1134	0	188	0	0	0	0	0	793	153	0	120	0	0				
89957														1402	0	319	0	38	0	0	0	668	330	85	0	0	281				
90047														142	0	2	8	0	0	0	0	92	40	0	0	0	0				
90177														1794	0	364	162	109	28	217	10	38	1207	23	0	0	0	Unearned Profit	Accrued Interest on FHLB Advances	CDARS Incoming Rate Bridge Payment	
90328														7417	0	5046	0	0	0	0	0	544	1355	472	1744	0	1382				
90337														8884	0	5337	0	0	0	0	0	1547	1280	720	4018	0	0				
90579														5490	0	3767	0	0	0	0	0	96	1420	207	3669	0	0				
91615														508	55	56	0	0	0	0	0	113	311	28	0	0	0				
91754														7452		2805	0	234				3670	707	270	2553		17				
91950														782	0	559	0	0	0	0	0	179	44	0	559	0	0				
92144														72	0	0	0	0	0	0	0	72	0	0	0	0	0				
92676														10802		8537	0		2578			173	1653	439			5536	Liability for Pension & Postretirement benefits			
92706														5712	0	5478	0	0	0	0	0	187	25	22	3853	0	426				
92902														33	0	19	9	0	0	0	0	4	1	0	0	0	0				
93244														1776	0	0	0	0	0	0	0	1190	459	127	0	0	0				
93543														8862	0	4122	0	0	0	0	0	1947	2563	230	1449	0	0				
93619	834	0	353	0	353	0	0	0	481	0	0	0	0									0									
94139														10171	732	6410	0	0	0	0	0	190	3395	176	4057	0	0				
94522														9681	0	7270	0	0	0	0	0	867	1438	106	4138	0	545				
94755														908	0	228	0	0	0	0	0	301	0	379	216	0	0				
94858														1671	0	993	0	0	661	210	0	406	248	24	0	0	0	ATM Suspense	Escrow Payable		
95051														3427		2006	0					762	645	14			1392				
95677														426	0	400	0	0	0	0	0	1	0	25	0	0	0				
96553														423	0	0	48	0	0	0	0	153	222	0	0	0	0				
97055														1734	0	14	0	0	5	9	0	1127	593	0	0	0	0	S.D. Box Rent plus cash items	Incoming RBP CDARS	NE Fund XVII	
97279														482	0	0	0	0	0	0	0	253	150	79	0	0	0				
97457														585	0	147	0	0	0	0	0	244	194	0	0	0	0				
97804														29913	0	12903	0	0	7294	0	0	1751	14180	1079	0	0	0	LIHTC/Fund Commitments			
97943														2243	0	62	0	0	0	0	0	1061	1120	0	0	0	0		Unearned Income PPP Loans		
98351														2872	0	2690	49	127	142	6	34	133	0	0	311	0	2070	UNEARNED LOAN FEE	ESCROW HOLDING	ACCRUED LOYALTY POINTS	
98463														10450	0	1056	0	0	0	0	0	1	9108	285	0	0	983				
98717														2401		94	0					1294	1008	5							
99143														4866	0	3643	0	0	0	0	0	174	1049	0	3619	0	0				
99376														44502		20938	0	1273	1407	450	21	537	20562	2465		17787		Deferred Revenue	LOC Valuation	Misc Liabilities	
99442														7364	0	3005	0	0	0	0	0	3149	1210	0	3005	0	0				
99536														21654	0	12209	0	1926	0	0	0	6387	3058	0	10282	0	0				
99853														32	0	0	0	0	0	0	0	20	12	0	0	0	0				
100236														5669	0	4016	0	0	0	0	0	466	1057	130	3555	0	0				
100357														14341	0	11577	0	0	0	0	0	1605	716	443	8744	0	457				
100562														161495		131044	0		59750	59750		9314	13932	7205				Low income housing fund commitments	SERP & MPL		
100777														2769	0	1946	0	0	1848	0	0	607	186	30	0	10	0	Other liabilities			
100843														4158	0	1859	0	0	0	0	0	586	1638	75	701	0	0	Interest Accrued on FHLB Adv			
101037														9905	0	6905	0	0	2534	0	0	1813	1066	121	0	0	0	Deferred Orig Fee			
101439														1076	0	413	0	0	413	0	0	274	389	0	0	0	0	ATM SETTLEMENT PAYABLE	DEFERRED SBA PPP LOAN FEES		
101671														15822		13734	0		8228			1359	646	83	3526			LT Lease Liability			
101738														1508	0	937	0	148	0	0	0	407	144	20	295	0	494				
101952														744	0	0	0	0	0	0	0	209	535	0	0	0	0				
102333														217	0	37	0	0	0	0	0	91	89	0	0	0	0				
102342														3510	0	468	0	0	0	0	0	2269	773	0	0	0	0				
102557														3202	0	2626	0	0	2555	0	0	491	85	0	0	0	0	Lease liability			
102874														1335		493	0					122	705	15							
103134														308	0	0	25	0	0	0	0	78	64	141	0	0	0				
104234														700	0	300	0	0	283	0	0	149	251	0	0	0	0	Deferred Fees on Loans			
104542														478	20	196	0	17	0	0	0	222	58	2	99	0	0				
104971														105	0	12	0	4	0	0	0	0	93	0	0	0	0				
105026														4427	0	2946	0	0	0	0	0	523	927	31	2204	0	0				
105473														26611	0	11781	0	0	0	0	0	212	13574	1044	8333	0	0				
105530														2443	0	1819	0	0	902	158	725	290	169	165	0	0	0	Unfunded Liabilities	Accrued DCP	Accrued DCP	
106359														23803		11825	0					3855	7023	1100			9109				
106452														3996	0	1382	0	0	485	0	0	100	2074	440	0	0	354	EFT Settlement			
106676														393	0	28	0	0	0	0	0	276	88	1	0	0	0				
107244														744008		462586	27900		238670			52405	53985	147132			162438	Uncalled Contributions for Equity Investments			
107570														4495	0	943	0	14	66	0	0	974	2397	181	863	0	0	Low Income Housing Tax Credit Investments			
107758														232	0	175	0	0	0	0	0	30	27	0	175	0	0				
108072														1118	0	254	0	0	0	0	0	56	758	50	203	0	0				
108269														2348	0	2339	0	0	0	0	0	7	2	0	2337	0	0				
108652														256	0	179	0	68	88	0	0	9	55	13	0	0	0	Bond Discount			
108746														112	0	0	0	0	0	0	0	75	37	0	0	0	0				
108951														5087	0	2283	0	0	0	0	0	1142	1362	300	2216	0	0				
109136														3969	0	2237	0	0	0	0	0	702	370	660	2237	0	0				
109154														461	0	0	0	0	0	0	0	303	158	0	0	0	0				
109453														2326	0	8	105	6	0	0	0	1636	577	0	0	0	0				
109574														5277	0	4008	0	0	0	0	0	18	951	300	4008	0	0				
109659														8552	0	6993	0	0	0	0	0	662	747	150	3456	0	0	Unamortized Loan Fees			
110413														7200		2425	0					108	4423	244	2425						
110936														12150	0	5045	0	0	267	0	0	1779	5215	111	0	0	4530	FIS EFT Settlement			
110945														1252	0	1	0	0	0	0	0	522	668	61	0	0	0	Loan Processing Cash			
110972														217	0	49	0	0	0	0	0	28	108	32	0	0	0				
111157														773		432	128	6	3			125	88	0	423			DDA Suspense			
111205														5738	0	1033	0	0	273	0	0	547	3978	180	0	0	465	Swap Liability			
111942														4106	0	2693	0	0	0	0	0	412	512	489	0	0	878	Achievement Pay			
112163														28335		19277	0					4277	4781	0	7185		11210				
112332														1088	0	524	0	190	334	0	0	522	21	21	0	0	0	BOLI			
112510														474	0	0	0	0	0	0	0	85	382	7	0	0	0				
112556														831	0	407	49	0	0	0	0	243	132	0	0	0	0	Ag BMP			
112837	25994090	0	10066705	0	0	0	0	0	15450297	134856	0	0	0									342232									
113003														46051		2528	39978			1735		2	3506	37	209		565	Pension 87	Fasb 106		
113030														1583	0	0	0	0	0	0	0	720	775	88	0	0	0				
113441														8139	0	3297	0	0	0	0	0	929	3913	0	3113	0	22	Low Income Housing			
113601														23735	0	17446	0	0	0	0	0	717	2562	3010	0	0	17445				
113740														4794		98	0					2240	1456	1000		98					
114149														2969	0	43	0	0	0	0	0	215	2673	38	0	0	0				
114260														17190		3277	0					3423	9290	1200			2612	Trade Date Purchased Loans Gov Guar			
114457														426	0	37	0	37	0	0	0	336	44	9	0	0	0				
114774														1145	0	243	619	2	0	0	0	235	48	0	0	0	0				
114840														2320	0	63	0	0	0	0	0	500	1457	300	0	44	0	Deferred Grant Revenue			
114859														585	0	261	17	0	0	0	0	191	116	0	261	0	0				
115146														580	0	46	32	0	0	0	0	501	0	1	0	0	0				
115575														7229	0	4898	0	0	0	0	0	88	1803	440	4132	0	0				
116358														194	0	14	0	0	0	0	0	101	79	0	0	0	0				
116554														779	0	772	1	0	0	0	0	2	4	0	0	0	0				
116741														530	0	3	0	0	0	0	0	443	84	0	0	0	0				
117038														2921	180	1810	0		2			949	99	63	1628			Dealer Reserve			
117074														4902	0	4616	0	0	0	0	0	1	257	28	3483	0	0				
117458														8808	0	3061	0	0	1971	0	0	2031	3691	25	1083	0	0	LHITC AND SOLAR PAYABLE			
117775														7099		6147	0	128	5778			17	935	0			241	Factoring Liabilities			
118156														9066	0	4461	0	0	0	0	0	2856	1749	0	3885	0	0				
118660														1077	0	812	0	0	0	0	0	1	264	0	0	0	801				
118736														2306	0	1246	0	0	0	0	0	669	342	49	1037	0	0				
119153														829		314	0					219	167	129	220						
119779														8220		0	0					739	7264	217							
119872														11696	0	9839	168	0	0	0	0	302	1170	217	2562	0	5501				
120476														279	0	1	0	0	0	0	0	166	112	0	0	0	0				
120542														1639	0	16	0	0	0	0	0	1429	144	50	0	0	0				
120609														18530	0	12729	0	0	3776	0	0	1	4611	1189	0	0	0	net post retirement liability	net pension liability		
120953														558	0	2	0	0	0	0	0	456	72	28	0	0	0				
121642														68371		30696	0					9362	22458	5855		9	30687				
121651														5896	0	2346	0	0	0	0	0	1362	2171	17	0	2139	0				
121914														4990	0	4186	0	0	2189	1444	0	162	642	0	0	0	0	EFT SETTLEMENT	DEFERRED COMPENSATION AND SERP PLANS		
122153														282	0	0	0	0	0	0	0	134	148	0	0	0	0				
122546														479	0	0	0	0	0	0	0	285	149	45	0	0	0				
123075														287	0	112	0	106	0	0	0	21	154	0	0	0	0				
123374														401	0	216	0	55	0	0	0	137	48	0	0	0	0				
124344														8801	0	3669	0	0	0	0	0	3725	1157	250	368	1298	1579				
124830														792	0	76	0	0	0	0	0	509	193	14	0	0	0				
125154														13783		8765	0		2633			83	4911	24			6132	RETIREMENT BENEFIT OBLIGATION			
125855														3985	0	0	0	0	0	0	0	770	2982	233	0	0	0				
125873														470	0	55	0	0	0	0	0	0	415	0	0	0	0				
126012														11720	132	8424	0	37	0	0	0	490	2535	271	7263	0	951				
126049														244	0	0	0	0	0	0	0	176	67	1	0	0	0				
126375														2257	0	1260	0	0	0	0	0	351	646	0	0	0	0				
126553														9067		7659	0		279	115		480	898	30		191	6303	Mortgage Liability	Banker's Acceptance		
126834														4538	0	11	0	0	0	0	0	3940	587	0	0	0	0				
127055														1801	0	0	0	0	0	0	0	351	1450	0	0	0	0				
127224														1331	0	0	0	0	0	0	0	533	786	12	0	0	0				
128258														353	0	0	5	0	0	0	0	161	112	75	0	0	0				
128904														503272		262759	0		66430			37300	190342	12871		70012	89349	Tax Credit Investments Commitments			
129349														2086	0	1237	51	0	0	0	0	315	378	105	1052	0	0				
129358														1593	0	552	0	0	346	0	0	300	576	165	0	0	142	Deferred Contract Incentives			
129732														144649		48663	0		26820			11518	81272	3196				A/P - due to Broker/Counterparty			
129853														1182	0	65	0	0	0	0	0	462	655	0	0	0	0				
129910														6668	0	4204	0	1111	0	0	0	958	1424	82	2642	0	0				
130345														6450	0	1598	0	0	1117	350	0	156	4559	137	0	0	0	ATM SETTLEMENT	ACCRUED PTO		
130541														39305		20940	0	5200				8093	7960	2312	222						
131436														5290		3259	0					143	1272	616	3209						
131717														415		114	0		105			61	240	0				Escrow Loan Account			
131940														1014	0	649	0	0	0	0	0	209	44	112	649	0	0				
132107														31459	0	16618	0	0	0	0	0	1099	12912	830	0	10927	0				
132451														417	0	25	0	0	0	0	0	282	110	0	0	0	0				
132778														297	0	55	0	0	0	0	0	1	240	1	33	0	0				
132938														902	0	22	0	0	0	0	0	461	385	34	0	0	0				
133579														9522		8023	0		2272	2497		19	1145	335	2279			RETIREMENT PLAN	ESCROW RESERVE		
133850														17824	0	2207	0	0	0	0	0	2503	11129	1985	0	0	1310				
133971														6074	0	4659	0	0	0	0	0	60	1345	10	4546	0	0				
134156														1433	0	116	612	0	0	0	0	192	501	12	0	0	0				
134437														14492	0	8207	0	0	0	0	0	1891	4126	268	7717	0	0				
134455														1885	0	942	0	0	0	0	0	595	348	0	942	0	0				
134848														1164	0	179	0	0	0	0	0	819	100	66	179	0	0				
135836														797	0	0	0	0	0	0	0	138	637	22	0	0	0				
135854														731	0	128	117	0	0	0	0	371	105	10	0	0	0				
136048														1689	0	570	0	0	570	0	0	776	343	0	0	0	0	Retiree Benefit Plan			
136338														2659	0	1415	0	0	506	0	0	316	710	218	605	0	0	Pension Liability			
136655														855	0	317	0	0	0	0	0	386	152	0	317	0	0				
137205														20258	0	11485	0	0	0	0	0	2405	5047	1321	7646	280	0				
137447														4023	0	2368	0	0	0	0	0	809	751	95	2368	0	0				
137456														347	0	0	0	0	0	0	0	82	265	0	0	0	0				
137559														561	0	72	0	0	0	0	0	385	104	0	0	0	0				
137643														667	0	207	0	0	0	0	0	251	209	0	0	0	0				
137652														37977		22764	5927	16980				563	8563	160							
137915														218802		107835	64984	1800	94860			71	40867	5045				Lease liability			
138051														843	0	0	92	0	0	0	0	677	74	0	0	0	0				
138257														523	0	161	0	0	0	0	0	310	27	25	0	0	0				
138556														1337	0	1045	0	0	0	0	0	182	100	10	1045	0	0				
139133														4232		3011	0					468	753	0	2239		772				
139478														2283	0	584	0	131	430	0	0	1	1638	60	0	0	0	Bill Payment Clearing			
139553														10802	0	1733	0	645	740	0	0	1373	7270	426	0	0	0	Debit Card Settlement			
139656														37344		18893	0		4747			5251	11922	1278				Naming Rights Payable			
139740														32777		18226	0					6955	6052	1544		11772					
139843														20051		11410	0					1812	4815	2014			4080				
140157														1860	0	21	805	0	0	0	0	478	556	0	20	0	0				
140362														44164		17051	12286					405	13120	1302		6681	9510				
140634														413	0	36	0	0	0	0	0	362	15	0	0	0	0				
141350														789	0	220	0	0	0	0	0	460	109	0	201	0	0				
141556	66166	0	28150	0	0	9006	0	0	11574	1496	9529	0	0									24946						INVESTMENT IN TAX CREDIT PAYABLE			
141677														937	0	300	0	0	0	0	0	247	390	0	0	0	0				
141958														555	0	0	0	0	0	0	0	468	57	30	0	0	0				
142049														963	0	0	0	0	0	0	0	307	612	44	0	0	0				
142179														2066	0	1709	0	0	0	0	0	181	176	0	1419	0	0				
142955														9365	0	6324	0	0	0	0	0	1416	1285	340	5029	0	0				
143372														1620	587	1289	0	73	0	0	0	56	253	22	573	0	0				
143662														840150		633078	0					24135	164861	18076		201757					
143859														2854	0	1057	0	0	284	0	0	965	832	0	561	0	0	Participation Sold Payment Payable			
143952														882	0	24	222	0	0	0	0	107	475	54	0	0	0				
144034														6038	0	3622	1520	0	0	0	0	692	154	50	2333	0	1250				
144052														3762	0	1972	0	0	0	0	0	876	789	125	721	0	0				
144155														9902		8600	0					275	916	111			8600				
144678														3761	0	3209	0	0	2121	0	0	292	219	41	0	0	0	Post Retirement Benefits			
144856														2874	0	102	0	0	0	0	0	912	1845	15	0	0	0				
144913														3158	0	1850	0	0	0	0	0	1308	0	0	0	0	1715				
145059														1139	0	662	0	0	652	0	0	424	53	0	0	0	0	Accd Salary			
145545														5816	0	4109	0	458	0	0	0	1241	438	28	0	0	0				
145554														1885	0	1006	0	0	0	0	0	112	398	369	903	0	0				
145741														1249	0	0	0	0	0	0	0	965	284	0	0	0	0				
145844														3401	0	23	0	0	0	0	0	976	2402	0	0	0	0				
146056														524	0	112	0	0	83	20	0	135	260	17	0	0	0	Federal Income Taxes Payable	State Income Taxes Payable		
146663														4589	0	2192	0	0	0	0	0	681	1702	14	2083	0	0				
147651														216	0	0	0	0	0	0	0	74	142	0	0	0	0				
147679														3920	0	2786	0	0	0	0	0	622	492	20	0	0	2258		0	0	
147857														1661		860	0					778	23	0		137					
147923														2037	0	1301	0	0	0	0	0	500	109	127	289	0	795				
148171														1564	0	888	0	812	0	0	0	514	112	50	0	0	0				
148238														2725	0	777	0	0	0	0	0	455	1285	208	363	0	0				
148340														902	0	415	0	0	0	0	0	308	179	0	286	0	129				
148470														11601	0	10576	0	0	0	0	0	219	754	52	10374	0	0				
148715														553	0	177	0	0	0	0	0	103	273	0	0	0	0				
148920														24	0	0	0	0	0	0	0	24	0	0	0	0	0				
149150														1166	0	76	0	0	0	0	0	210	880	0	0	0	0				
150035														17816		12122	0					2270	2849	575	4621						
150044														8723	0	4250	0	0	0	0	0	431	3252	790	3494	0	0				
150727														4812	0	2308	0	912	0	0	0	1277	708	519	0	0	0				
151957														5070	0	865	0	0	0	0	0	2050	2155	0	0	779	0				
152057														3577	0	0	0	0	0	0	0	41	3536	0	0	0	0				
152253														632	0	1	0	0	0	0	0	564	67	0	0	0	0	CDARS Incoming Ratebridge payment			
152440														583	0	0	0	0	0	0	0	421	154	8	0	0	0				
153054														2237	0	426	0	0	0	0	0	193	1018	600	202	0	0				
153353														15814	0	6651	0	0	19	0	0	3285	4693	1185	3570	3062	0	Federated Investors - Other Liability			
154154														4492	0	2368	0	0	611	0	0	1259	589	276	1216	0	0	Debit Card Settlement			
154770														15630	0	9028	0	0	0	0	0	926	3895	1781	8822	0	0				
155759														138	0	0	0	0	0	0	0	138	0	0	0	0	0				
156457														687	0	0	0	0	0	0	0	655	10	22	0	0	0				
156970														700		103	0					105	423	69							
157155														705	0	548	0	0	268	185	0	116	26	15	0	0	0	Accrued Salary Continuation Liability	Liability Outstanding Cashiers Checks		
157379														278	0	158	1	0	0	0	0	0	92	27	130	0	0				
157650														1075		225	0					106	715	29			102				
157744														3453	0	2277	0	0	789	0	0	214	880	82	837	0	79	Lender Risk Account - Present Value			
157856														70	0	54	0	0	0	0	0	16	0	0	0	0	0				
158376														276	0	120	0	6	0	0	0	150	6	0	114	0	0				
158741														1325	0	409	0	0	0	0	0	653	263	0	40	0	0				
159636														46260		9063	0					25988	8924	2285	6482		2426				
159645														1515	0	318	0	0	0	0	0	387	810	0	0	268	0				
159953														710	300	300	0	0	0	0	0	317	93	0	0	0	0				
159971														14857	0	13651	0	0	0	0	0	223	941	42	2721	0	3211				
160360														7041	0	4734	0	0	0	0	0	208	1639	460	2420	0	1666				
160454														1440	0	356	0	0	0	0	0	160	924	0	356	0	0				
160959														14973		3449	0					4757	5721	1046			3361				
161273														33406	0	10830	0	0	0	0	0	0	21278	1298	0	0	8448				
161602														54457	0	38162	0	0	0	0	0	8237	6575	1483	0	0	29475				
162337														14816	0	5458	0	0	0	0	0	5725	2633	1000	4077	0	0				
163343														343	0	0	0	0	0	0	0	127	24	192	0	0	0				
163549														35559		23894	0					2617	8098	950	20765	3129					
163857														7759	0	5765	0	0	0	0	0	900	742	352	1060	0	1607				
164153														969	0	770	0	0	54	0	0	111	88	0	625	0	0	DEFERRED LOAN FEES			
164331														881	0	478	0	0	317	125	0	114	274	15	0	0	7	SUSPENSE ATM	DEFERRED CONTRACT INCENTIVE		
164377														3175	0	2854	0	0	0	0	0	23	198	100	1928	0	846				
164957														753	0	0	0	0	0	0	0	344	239	170	0	0	0				
164975														308	0	146	0	0	0	0	0	0	162	0	0	0	0	Accrued interest payable on Brokered CDs	ATM in clearing payable		
165628	690556	0	462093	24163	0	0	0	0	160162	17146	0	302586	0									26992									
165758														1175	0	100	0	0	0	0	0	364	621	90	100	0	0				
166111														5076	0	0	4344	0	0	0	0	11	721	0	0	0	0				
166531														1953	0	31	0	0	0	0	0	561	1051	310	0	0	0				
166652														7054		2408	0	64				2262	2384	0			2344				
167453														735	0	27	0	23	0	0	0	495	213	0	0	0	0				
167752														98	0	58	0	0	41	17	0	21	19	0	0	0	0	25520 Income Tax Payable	12186 Escrows	Loan Settlement	
168571														2055	0	454	0	146	0	0	0	457	974	170	163	0	0				
169354														2126	0	357	0	0	0	0	0	1018	472	279	0	0	0				
169653														86801		67866	0					2440	14106	2389			31958				
169756														1417	0	1258	0	0	0	0	0	94	65	0	563	0	0				
170257														312	0	184	0	0	0	0	0	42	86	0	0	0	0				
170275														1838	0	1083	0	0	544	289	0	46	667	42	0	0	0	EXECUTIVE RETIREMENT PLAN	ADVANCE PAY FOR TAXES AND INS		
170332														2039		866	0	460				724	252	197	349						
171133	3221	0	2506	0	0	0	0	0	428	50	0	0	2502									237									
171656														813		390	0					401	22	0	385						
171759														890	0	18	0	0	0	0	0	210	662	0	0	0	0				
171768														5958	0	744	0	0	309	0	0	2281	2530	403	0	0	426	EFT ATM Settlement			
172251														174	0	0	0	0	0	0	0	95	79	0	0	0	0				
172457														2376	0	1792	0	0	568	0	0	171	314	99	817	0	0	Pension Funded Status			
172475														5261	0	3867	0	0	0	0	0	132	1192	70	3522	0	0				
172859														1093	0	320	0	290	30	0	0	241	532	0	0	0	0	CDARS			
173306														6114		3330	0					136	2588	60			2969				
173557														634	0	152	0	0	111	0	0	34	412	36	0	0	0	ATM Charges Payable			
173575														10733		8468	0					4	1956	305	2132						
173641														2968	0	0	0	0	0	0	0	2195	746	27	0	0	0				
173959														584	0	15	0	0	0	0	0	185	384	0	0	0	0				
174321														519	0	176	0	0	0	0	0	110	233	0	0	0	176				
174367														679	0	508	0	0	0	0	0	111	39	21	0	0	506				
174572														153812		126561	0		56767			1099	22575	3577				Employee Benefits			
175056														3716		1461	0		68			1333	813	109	1393			CDARS INCOMING RATEBRIDGE			
175140														2976		803	0		418			1423	344	406				Personnel			
175458														130	0	0	0	0	0	0	0	55	74	1	0	0	0				
175609														1845	288	1281	0	0	0	0	0	11	266	287	993	0	0				
176101														22826		10140	0					717	11612	357	7056						
176325														1139		99	0					312	728	0				Unearned income on bank property being leased			
176437														605	0	39	0	0	0	0	0	443	46	77	39	0	0				
176464														8871	0	6022	0	0	0	0	0	1003	1446	400	4966	0	342				
176642														540	0	143	0	0	0	0	0	199	75	123	0	0	0				
177135														9	0	0	0	0	0	0	0	6	3	0	0	0	0				
177443														825	0	469	0	0	0	0	0	90	236	30	469	0	0				
177500														565	375	444	0	0	0	0	0	1	111	9	0	0	0				
177555														170	0	89	0	0	9	16	0	81	0	0	64	0	0	Deferred Tax Payable	Income Tax Payable		
177751														8838	0	3458	0	0	0	1000	0	465	4629	286	0	0	0		Sprit of STL Fund/Cultivation Twain Fund		
177920														17369	0	5159	0	0	2993	0	0	2461	8222	1527	0	0	0	Unfunded Equity Investments			
178150														1070	0	743	0	0	0	0	0	188	115	24	663	0	0				
178244														876	0	165	0	165	0	0	0	684	27	0	0	0	0	ACCOUNTS RECEIVABLE NEGATIVE #			
178356														495	0	72	0	0	0	0	0	197	226	0	0	0	0				
178851														2520	0	75	0	0	0	0	0	331	1814	300	0	0	0				
179148														2520	0	1779	30	0	0	0	0	169	537	5	1776	0	0				
179335														1585	0	0	0	0	0	0	0	992	521	72	0	0	0				
179700														3814		1709	0		471			0	1766	339			1238	HISTORICAL TAX CREDIT LIABILITY			
180144														1259	0	180	0	0	0	0	0	333	746	0	180	0	0	0			
180845														647	0	0	0	0	0	0	0	579	68	0	0	0	0				
181963														1000	0	502	0	0	156	0	0	104	394	0	0	0	0	LETTERS CREDIT OUTSTANDING			
182951														7190	0	4417	0	346	0	0	0	890	1316	567	3928	0	143				
183668														8500	0	7191	0	0	0	0	0	57	1228	24	4382	0	0				
183770														8323	0	5105	0	0	0	0	0	947	1673	598	4540	0	0				
183958														1051	0	1	100	0	0	0	0	388	562	0	0	0	0				
184656														1893		1192	0					225	456	20	1180						
184759														358	0	0	230	0	0	0	0	128	0	0	0	0	0				
185251														36	0	25	0	0	25	0	0	6	5	0	0	0	0	ACCRUED EXPENSES			
185448														370		223	0		69	154		144	3	0				Deferred Gain OREO	Deferred Gain OREO P&I Payments		
185859														5694	0	6	0	0	0	0	0	1277	863	3548	0	0	0				
186221														4345		1576	0					900	1674	195			660				
186717														24886	979	23799	0	0	1100	0	0	654	394	39	0	0	21681	BOLI DEFERRED COMP			
186744														15942	0	4997	0	0	0	0	0	3800	5969	1176	4395	0	0				
187648														156	0	58	0	0	58	0	0	98	0	0	0	0	0	ACCD EXP			
187947														25788		13371	0					6629	5713	75		4741					
188056														1544	0	7	0	0	0	0	0	1232	305	0	0	0	0				
188177														541		8	23					347	163	0							
188430														4605		2601	0		665			61	1818	125	26	750	848	Deferred builder commitment fees			
188449														1556		170	0		130	9	31	891	261	234				RE TAX PAYABLE	PREPAID SAFE DEP BOX	KPMG PAYABLE	
188720														1836	0	550	0	75	245	0	0	762	446	78	143	0	0	Escrow Clearing			
188739														562	0	0	0	0	0	0	0	414	148	0	0	0	0				
188917														1102	0	581	0	0	0	0	0	191	303	27	523	0	0				
189129														3865	0	529	0	0	0	0	0	446	2397	493	186	0	282				
189950														1382	0	276	0	0	0	0	0	1037	69	0	276	0	0	Clearing House	Deferred SBA Loan Fees		
190563														2163	0	457	0	0	0	0	0	856	748	102	0	0	0				
190648														1447	0	466	0	129	307	0	0	742	239	0	0	0	0	ATM Cardholder Transit			
190947														344	0	0	6	0	0	0	0	51	245	42	0	0	0				
190956														1374	0	177	0	0	0	0	0	966	231	0	177	0	0				
191355														1481		0	0					1420	36	25							
191935														8779	0	3866	0	334	0	0	0	3168	1647	98	1165	0	320				
192147														2122		29	0	4				246	1567	280							
192558														3777		1312	0	1312				502	1779	184							
192651														109	0	28	0	0	0	0	0	81	0	0	0	0	0				
192857														3435	0	2282	0	59	360	291	0	709	344	100	1458	0	0	Contracted customer libaility	Unknown IRS refund		
193162														1377	0	0	0	0	0	0	0	140	1237	0	0	0	0				
193537														1876	0	91	0	0	0	0	0	1052	533	200	0	0	0	DEFERRED DIRECTORS FEES			
193649														940	0	0	0	0	0	0	0	340	381	219	0	0	0				
193809														48324		38977	0					434	8249	664	15894	2266					
194440														1447	0	0	0	0	0	0	0	1322	125	0	0	0	0				
194570														1335	0	1013	0	0	0	0	0	13	309	0	994	0	0				
194936														1080	0	4	0	0	0	0	0	519	337	220	0	0	0				
195111														29435	0	25732	0	0	0	0	0	685	2816	202	9385	7825	7619				
195157														368	0	51	1	0	0	0	0	57	246	13	0	0	0				
195456														570	0	0	257	0	0	0	0	232	61	20	0	0	0				
196752														748		115	67					317	249	0	105						
196800														8217		1260	0					3	6334	620							
197142														8855	0	7164	0	0	0	0	0	1166	446	79	6153	0	0				
197254														291		0	18					149	124	0							
197302														8689	0	5748	0	0	2211	0	0	439	2502	0	0	0	3203	Payment Due Participant			
197478	1272448	0	1038850	0	0	420004	0	0	165483	45307	0	280060	0									22808						Notes Payable			
197759														1831	0	2	0	0	0	0	0	851	978	0	0	0	0				
198073														276	0	45	0	45	0	0	0	145	86	0	0	0	0				
198149														1992	0	158	0	0	0	0	0	870	919	45	0	0	0		Deferred Contract Incentive		
198251														2888	0	354	97	0	186	161	0	410	1757	270	0	0	0	Accrued Bonus	Accrued Federal Income Tax	Deferred SBA PPP fee income	
198961														504	0	207	0	0	0	0	0	8	189	100	206	0	0				
199137														73	0	20	0	16	0	0	0	34	19	0	0	0	4				
199351														804	0	182	0	0	0	0	0	593	29	0	0	0	0	Loan Escrow Payable			
199436														793	0	108	0	0	0	0	0	433	231	21	0	0	0				
199463														5115	0	148	0	0	0	0	0	3228	1734	5	131	0	0				
200435														10446		5621	0		1664			1612	2437	776	1196		2100	Debit Card Settlement			
201254														952	0	114	0	0	0	0	0	570	268	0	31	0	0				
201834														22607		8335	0					2770	11072	430		1773	6199				
202514														1140	0	1	0	0	0	0	0	198	617	324	0	0	0				
202541														487	0	0	0	0	0	0	0	252	235	0	0	0	0				
202907														115530		85163	0					3137	26370	860	21685		34619	Investment Purchase Commitment			
203043														6788		1203	2784	623	301	258		1134	1542	125				Hy-Vee Payroll Card Activity Account	FHLB - MPF Other Liabilites		
203052														193		1	0					64	128	0							
203575														577	0	525	0	0	0	0	0	0	40	12	409	0	0				
204004														239993		172134	0		51034			8347	52049	7463			60684	Due to PFS-SAP			
204237														1271	0	1070	0	0	0	0	0	201	0	0	0	0	949				
204826														1441	0	330	0	330	0	0	0	323	524	264	0	0	0				
205243														7922	0	3737	0	0	0	0	0	2286	1272	627	3737	0	0				
205346														2134	0	32	0	0	28	0	0	853	1040	209	0	0	0	CDARS Deferred Fee			
205458														247	0	0	0	0	0	0	0	172	75	0	0	0	0				
205542														630	0	124	0	13	0	0	0	493	0	13	96	0	0				
206156														1477	0	332	0	0	106	0	0	149	846	150	0	0	183	ATM Moneymaker			
206174														4632	0	3105	0	692	25	0	0	27	1500	0	2388	0	0	Discount on SBA			
206473														445	0	254	37	0	0	0	0	1	153	0	0	0	0				
206772														1152	0	1101	0	0	1083	0	0	2	36	13	0	0	0	Lease Liability			
206950														886	0	796	0	406	0	0	0	90	0	0	390	0	0				
207041														283	0	16	0	0	0	0	0	100	131	36	0	0	0				
207050														11190		2459	2768					1850	4113	0		1704		Mortgage repurchase reserve			
207452														2190	0	277	0	0	0	0	0	624	1289	0	0	0	0				
207470														4045	0	3383	187	0	0	0	0	4	460	11	1774	0	0				
207555														2480	0	0	0	0	0	0	0	394	2086	0	0	0	0				
207845														14887	0	5132	0	0	1499	0	0	276	8508	971	0	0	0	Loan Escrow Accounts			
207872														8706	0	5851	0	247	0	0	0	1189	1666	0	3194	0	2390				
208057														3487		3	0					3273	211	0							
208244	1040247	0	757964	0	0	0	0	0	201779	30528	0	288689	258817									49976									
208347														596	0	0	0	0	0	0	0	233	291	72	0	0	0				
208440														745	0	237	0	0	0	0	0	285	223	0	232	0	0				
208459														1635	0	1	0	0	0	0	0	418	1216	0	0	0	0				
208570														9005	0	3016	0	0	0	0	0	280	5709	0	0	0	2771				
208655														2067	0	0	0	0	0	0	0	631	1436	0	0	0	0	unamortized PPP			
208972														1746	0	1645	0	1645	0	0	0	35	66	0	0	0	0				
209148														3253		1800	54					483	808	108	523		944				
209362														1388	0	487	725	0	268	0	0	166	10	0	0	0	161	Reserve for Mortage Recourse			
209559														647	0	156	2	25	114	17	0	137	349	3	0	0	0	Escrow Payable	Debit Card Settlement		
209858														9668	0	3089	0	0	0	0	0	1122	4707	750	0	0	2759				
210238														5142	0	2038	0	2000	0	0	0	284	2030	790	0	0	0				
210256														1053	0	569	0	0	0	0	0	484	0	0	330	0	0				
210434	3851885	0	1900410	457913	0	0	0	0	1386666	34682	0	0	640019									72214									
211114														739		262	0		262			166	311	0				Loan Escrow Account			
211271														13375		7491	0	5236	80			1044	3132	1708			2117	Recourse Liability	Capital Lease - Liability		
211338														3474	0	1081	0	0	681	0	0	848	903	642	146	0	0	Escrow Resrve			
211851														256	0	7	0	0	0	0	0	171	78	0	0	0	0				
212018														5182		4312	0					243	559	68	3423						
212344														509	0	2	0	0	0	0	0	330	177	0	0	0	0	Participation Custodial Account	RE Fees in Process	Sales Tax	
212522														22593		7731	0					4525	8595	1742			6738				
212577														59056		48294	0	2827				4325	2632	3805	34552		9489				
213471														1049	0	7	0	0	0	0	0	627	355	60	0	0	0				
213538														2428	0	1755	0	0	461	0	0	209	464	0	1246	0	0	Finance Lease Driveup Liability			
213912														1362		509	0					65	739	49	509						
213958														433		182	0		73			160	76	15	99	10		Shazam suspense credits			
214106														33015		20645	0					722	9876	1772	17630						
214414														33903	3350	19429	0	896	966	5080		5812	7354	1308	650	1827	6090	Suspense	Atm Clearing		
214722														14788		6455	0					1221	6552	560		2041	623				
214807														2326000	0	1720000	0	1351000	0	0	0	34000	571000	1000	0	0	0				
215345														5977	0	2193	0	0	0	0	0	1966	1760	58	2193	0	0				
215653														143	0	53	0	0	0	0	0	63	27	0	0	0	0				
215662														21111		16355	0					1777	2979	0	7668	1065	7125				
215710														6120	0	1316	0	0	487	387	0	888	3916	0	0	0	237	Other Liabilities	Unfunded Loan Commitments		
216164														2056	0	1458	0	0	0	0	0	246	352	0	1448	0	0				
216922														119415		24851	0					3696	80942	9926	6941		14882				
217059														2882		58	1305					895	527	97							
218131														873	0	93	0	0	0	0	0	232	440	108	0	0	0				
218261														614	0	0	0	0	0	0	0	409	205	0	0	0	0				
218878														492		196	0	196				44	219	33							
219044														2026	0	612	74	74	0	0	0	625	621	94	313	0	225				
219651														4331	0	1688	0	0	0	0	0	1114	39	1490	0	0	0				
219679														249	0	0	0	0	0	0	0	149	100	0	0	0	0				
220059														2640	0	240	0	0	0	0	0	568	1832	0	233	0	0				
220527														20518		15150	0		2364			591	3519	1258	5829		3844	Electronic Trans in Process			
220844														1677	0	825	0	0	0	0	0	534	318	0	825	0	0				
220974														6361	0	2193	0	873	0	0	0	2556	1367	245	1257	0	0				
221775														5109	0	3233	0	0	0	0	0	79	1368	429	0	0	3035				
222156														2086	0	1640	0	0	0	0	239	402	44	0	1280	0	0	0	0.	Deferred Income Mastercard Incentive	
222558														561	0	15	0	0	0	0	0	146	176	224	0	0	0				
222754														1734	0	727	0	0	0	0	0	247	760	0	0	0	727				
223322														26337		4976	0	1040				6582	14402	377							
223452														877	0	95	0	0	33	6	0	479	150	153	56	0	0	CARDHOLDERS IN PROGRESS	CDARS		
223751														518	0	28	200	0	0	0	0	207	83	0	0	0	0				
223845														957	0	198	0	0	0	0	0	635	76	48	0	0	0				
224954														210	0	0	0	0	0	0	0	96	114	0	0	0	0				
225054														1115	0	527	0	0	0	219	0	529	7	52	128	0	0		Reserve for retirement benefits		
225157														3231	0	1435	0	0	19	336	0	1141	651	4	1080	0	0	cdars rbp	Nonpost asset credit balance		
225559														3945	0	2709	0	0	1702	0	0	190	1015	31	603	0	0	Mortgage Escrow			
225942														673	0	535	0	89	0	0	0	111	27	0	78	0	0				
226949														174		107	0		107			5	62	0				Deferred gain on sale of bank building			
227151														9326	0	5816	0	0	0	0	0	1797	1301	412	5128	0	0				
227357														2983	0	1706	0	26	0	0	0	522	633	122	1412	0	72				
227656														482	0	0	0	0	0	0	0	367	115	0	0	0	0				
227777														1564	0	237	0	0	0	0	0	5	1295	27	0	0	0				
228000														6695	0	2462	774	0	0	0	0	382	2862	215	2462	0	0				
228158														3434	0	525	0	0	464	0	0	999	1910	0	0	0	0	ATM cardholders			
228279														4429	0	1261	915	0	0	0	0	142	2041	70	1244	0	0				
228345														2403	0	1465	0	0	0	0	0	329	483	126	1464	0	0				
229070														3012	0	2519	0	145	58	0	0	475	1	17	1705	0	611	Accrued Audit Fees			
229173														1009	0	798	0	0	270	0	293	9	188	14	0	0	0	Due To/From Parent		Mortgage Escrow	
229342														739		279	0					201	176	83	141						
229454														162	0	19	0	0	0	0	0	74	57	12	0	0	0				
229801	1176558	0	900420	0	98344	195510	0	0	155299	14482	0	205730	389104									106357						Counterparty Collateral			
229913	144480	0	8386	0	0	5441	2721	0	105427	6779	0	0	0									23888						Unearned Interest	Fair Value of Guarantee		
230423														5280	0	3803	0	0	0	0	0	248	1108	121	3492	0	0				
230610														2582	0	0	0	0	0	0	0	144	2392	46	0	0	0				
230759														26387		5466	0		1265			9293	11284	344				Inv Payable-LIHTC Partnerships			
231279														84	0	0	0	0	0	0	0	60	24	0	0	0	0				
232847														2081	0	1095	11	0	0	0	0	496	479	0	1095	0	0				
232856														12359	0	4868	0	0	0	0	0	4238	3058	195	2933	0	0				
233031	4055000	0	2680000	1000	0	0	0	0	1067000	131000	0	0	0									176000									
233246														608	0	0	154	0	0	0	0	263	191	0	0	0	0				
233358														2092	0	756	0	0	0	0	0	654	448	234	682	0	0				
233442														690	0	1	0	0	0	0	0	172	484	33	0	0	0				
233527														21388	0	7866	0	0	1782	1408	0	5223	7375	924	0	0	0	Escrow payable	Reserves for MSRs		
233554														36063	0	1674	0	0	768	374	0	9230	24328	831	0	0	0	Vendor Reserve	Deferred Service Income		
234355														4548		964	0		811			654	1883	1047				Mortgage Loan Recourse Reserve			
234506														2948		1561	0					476	734	177			1557				
234739														15774	0	2037	0	0	0	0	0	5607	6380	1750	0	0	0				
234841														1035	0	0	0	0	0	0	0	871	164	0	0	0	0				
235174														546	0	68	0	0	0	0	0	125	348	5	0	0	0				
235231														1832	0	739	0	0	0	0	0	1048	0	45	560	0	0				
235446														1244	0	0	0	0	0	0	0	723	449	72	0	0	0				
235530														2915	0	1127	0	0	534	0	0	296	1392	100	0	0	0	IPAY SETTLEMENT ACCOUNT			
235558														272	0	0	186	0	0	0	0	63	23	0	0	0	0				
235950														420	0	80	0	0	0	0	0	218	99	23	0	0	0				
236153														46011		14124	0					8973	21709	1205	9868		4256				
236256														365	0	0	0	0	0	0	0	171	194	0	0	0	0				
236603														4510	0	3896	0	0	0	0	0	394	125	95	3628	0	0				
236706														111510		60218	0					7128	43485	679		12476	41806				
236957														3760		2804	0					622	334	0	1956		828				
237066														29664		24070	0	32				857	186	4551	4957	2130	15935				
237619														20420		7342	0	250				263	10575	2240			3822				
237954														2442	0	1837	0	0	621	0	0	576	12	17	1192	0	0	Deferred Liabilities			
238139														704	0	9	0	0	0	0	0	535	160	0	0	0	0		0		
238250														104	0	0	0	0	0	0	0	104	0	0	0	0	0				
238737														5916	0	3741	0	0	0	0	0	247	1767	161	0	0	3591				
239556														6557	0	65	0	0	0	0	0	783	5595	114	0	0	0				
239659														3631	0	563	0	0	0	0	0	884	1487	697	0	0	223				
240954														953	0	181	0	0	0	0	0	95	677	0	0	0	0				
241009														312	0	193	0	193	0	0	0	10	109	0	0	0	0	PPP FEES			
241157														10017		8400	0	1975	1889	475		994	286	337	1409		2651	Accrued bonuses, vacation, payroll	Other Liabilities		
241559														953	0	306	0	0	0	0	0	556	91	0	120	0	0				
242257														3800	0	1033	0	0	0	0	0	487	1857	423	1002	0	0				
242444														14956	0	13777	0	0	545	11420	0	723	456	0	0	0	0	Health   Dental	Right of Use		
242949														297	0	0	0	0	0	0	0	50	247	0	0	0	0				
242958														1089	0	675	0	0	297	0	0	106	308	0	202	0	0	Deferred Benefit Plan			
242976														10319		5474	0		2199			340	4268	237	2308		862	Branch Operating Accounts			
243375														67138	0	32308	0	0	32002	0	0	9	34821	0	0	0	0	Intercompany Payable			
243414														2314	0	133	0	0	0	0	0	236	1905	40	0	0	0				
243955														2323	0	2198	0	1938	0	0	0	125	0	0	260	0	0				
244037														855	0	12	0	0	0	0	0	381	444	18	0	0	0				
244149														6414		1792	860		673			173	3515	74	1087			IBNR Liability			
244158														2120	0	1354	0	0	0	0	0	352	414	0	618	0	736				
244251														4332	0	1889	0	0	0	0	0	1149	744	550	1889	0	0				
245016	54449	0	21886	0	0	0	111	0	18703	0	8734	2146	0									13860							IRS Witholding		
245276														198104		77295	48374		27572			4329	67088	1018			19354	Acceptances executed and outstanding			
245351														901	0	154	0	0	133	0	0	387	325	35	0	0	0	Deferred Loan Fee			
245557														10085	0	5845	0	0	3083	0	0	1342	2295	603	0	0	0	Supplemental Retirement			
246022														15028		11959	0					556	2011	502			11795				
246134														6461		3432	0					2350	479	200	2809						
246451														565	0	240	0	0	0	0	0	255	0	70	0	0	0				
246657														9879		7050	0					227	2151	451	1952		5088	ICS Clearing			
246947														963	0	798	0	105	0	0	0	148	7	10	693	0	0				
246956														1219	0	99	0	0	0	0	0	1120	0	0	0	0	0	0			
247140														10715	0	5229	0	3154	0	0	0	4333	206	947	1551	0	0				
247355														10695	0	6744	0	0	0	0	0	750	1299	1902	2098	0	2927				
247476														763	0	26	0	0	0	0	0	17	716	4	0	0	0				
247551														2060	0	390	0	0	140	0	0	714	810	146	0	0	157	Escrow Payable			
247908														16694	0	12294	0	0	0	0	0	110	2859	1431	3855	0	0				
248240														12019		4206	0					1348	5906	559	2242			Unprocessed Escrow A/C			
248352														689	0	0	0	0	0	0	0	281	408	0	0	0	0				
248455														1553	0	753	0	663	0	0	0	562	0	238	0	0	0				
248633														3869	0	0	0	0	0	0	0	3048	564	257	0	0	0				
248745														4618	0	107	0	0	0	0	0	2142	1694	675	0	0	0				
249416														985	0	693	0	0	0	0	0	120	142	30	692	0	0				
249612														256002		193471	30124					2413	27075	2919			143806				
249658														475	0	0	0	0	0	0	0	90	356	29	0	0	0				
250430														1765	0	1475	0	45	0	0	0	290	0	0	1430	0	0				
250476														202	0	7	0	6	0	0	0	25	169	1	0	0	0				
250850														881	0	20	0	0	0	0	0	697	124	40	0	0	0				
251558														1729	0	86	0	0	0	0	0	131	1512	0	0	0	0				
251745														5147	0	3020	0	0	0	0	0	482	547	1098	1809	0	1020				
251978														9438	0	2227	0	0	0	0	0	1641	5570	0	2209	0	0				
252041														3159	0	112	0	0	102	0	0	1564	1483	0	0	0	0	Section 105 Health Insurance Accrual			
252452														221	0	0	0	0	0	0	0	61	111	49	0	0	0				
253356														8375		2407	0					964	3596	1408			2407				
253468														16888		7320	0		3535	1984		5986	747	2835				Loan Fees & Deposits	SERP Liability		
253646														4118	0	0	0	0	0	0	0	855	3263	0	0	0	0				
253730														2521	0	0	0	0	0	0	0	273	2248	0	0	0	0				
254317														31466	0	3071	26095	0	2375	0	0	2300	0	0	0	0	0	DIVIDENDS PAYABLE			
254504														5093	0	877	0	0	673	0	0	309	3826	81	0	0	0	Escrow Res & Flood Fees			
254849														10469	0	3756	3834	0	2035	0	0	749	1654	476	0	0	0	MAC Miscellaneous Liabilities			
255350														1694	0	1331	0	0	0	0	0	179	182	2	1331	0	0				
255547														626		460	0					109	49	8							
255556														5223	0	4574	0	518	0	0	0	469	180	0	3467	0	0				
255574														17911	0	11571	0	0	0	0	0	122	6091	127	0	0	9504				
255659														47302		30582	0					3049	7465	6206	14925						
256058														4917	0	2812	0	0	385	667	0	1420	137	548	1670	0	0	Operating Lease Liability	Other Benefits Payable		
256076														275	0	237	0	61	0	0	0	4	34	0	30	0	0				
256179														1849	0	1393	0	0	0	0	0	218	1	237	1344	0	0				
256553														38225		26505	0					8512	3208	0	15701						
257233														13677	0	12496	0	0	0	0	0	470	275	436	0	0	7472				
257345														1505	0	1	0	0	0	0	0	976	477	51	0	0	0				
257578														3944	0	2527	0	643	0	0	1747	636	781	0	0	0	0	Moneygram	ATM Clearing	Investor Payment Clearing	
257653														483	0	23	0	0	0	0	0	369	91	0	0	0	0				
257756														1845	0	27	0	0	0	0	0	232	1577	9	0	0	0				
258306														16703	0	15331	0	0	0	0	0	79	1193	100	13238	0	0				
258379														2183	0	1590	0	50	1224	0	0	156	254	183	106	0	0	EMPLOYEE PENSION LIABILITY			
258539														641	0	217	14	0	0	0	0	236	157	17	0	0	0				
258771														70898		44177	0					1011	22941	2769			29562				
258874														805	0	70	30	0	0	0	0	403	302	0	0	0	0				
259059														723	0	0	0	0	0	0	0	75	633	15	0	0	0				
259330														9178		2506	0					1862	4354	456			1810				
259442														3524	0	1445	0	0	0	0	0	791	1063	225	1431	0	0				
259956														223	0	0	0	0	0	0	0	152	71	0	0	0	0				
260055														66204		49278	0					4054	6322	6550	24048		19971				
260831														1827	0	150	0	0	0	0	0	1023	594	60	104	0	0				
261146														11994		9979	0		3482		2519	1167	461	387				Salaries & Bonuses Payable	Mortgage Loan Loss Reserve	MGL Program Fee Deferral	
261360														13535	0	6788	0	0	0	0	0	1698	4778	271	6788	0	0				
261940														11166	0	4767	0	0	0	0	0	2138	3204	1057	3698	0	0				
262059														5378	0	2828	0	0	0	0	0	613	1390	547	1060	1408	0				
262237														4046	0	2302	0	0	0	0	0	858	756	130	2299	0	0				
262358														5083	0	3184	0	0	0	0	0	443	1230	226	0	0	3170				
262741														3117	0	35	0	0	0	0	0	562	2520	0	0	0	0				
262844														6884	0	2373	0	0	0	0	0	2559	1587	365	2354	0	0				
262956														980	0	486	0	0	0	0	0	139	355	0	469	0	0				
263243														4389		2253	0					1352	715	69	1906						
263627														5020	0	4437	0	0	0	0	0	125	432	26	4391	0	0				
264455														7580	0	5321	0	0	0	0	0	755	1304	200	4668	0	0				
264772														198473	0	119261	0	0	88667	0	0	12312	65315	1585	0	0	0	Other Short Term Liabilities			
265340														705	0	0	0	0	0	0	0	368	312	25	0	0	0				
265407														26741	0	10665	0	0	0	0	0	50	15214	812	6246	0	3827				
265452														505	0	317	0	0	0	0	0	176	12	0	0	0	0				
265676														1675	0	697	0	0	300	0	0	616	262	100	346	0	0	Litigation Reserve			
266244														1064	0	2	0	0	0	0	0	692	370	0	0	0	0	Pension Benefit Liability			
266253														746	0	456	0	0	0	0	0	201	49	40	450	0	0				
266655														974	0	0	0	0	0	0	0	201	763	10	0	0	0				
266851														1943	0	956	0	0	0	0	0	467	427	93	524	0	384				
266945														5950	0	2545	0	0	0	0	0	1302	2018	85	0	0	2441				
267652														550	0	301	0	0	0	0	0	124	125	0	293	0	0	Deposit account transfer posting in-process			
268006														27639		8305	0					1448	16512	1374							
268136														4057	0	2807	0	0	0	0	0	495	606	149	2673	0	0				
268677														10547		8289	0	96				678	1487	93			8192				
268828														829		0	0					286	543	0							
268976														3192	0	2494	0	0	0	0	0	0	488	210	1940	0	447				
269049														2837	0	0	0	0	0	0	0	1339	1498	0	0	0	0				
269058														1440		641	0					175	614	10	520						
269571														475	0	324	9	0	9	0	0	123	19	0	315	0	0	Accrued FDIC Premium			
269759														140	0	0	0	0	0	0	0	140	0	0	0	0	0				
270148														1279	0	986	0	390	0	0	0	85	208	0	596	0	0				
270353														603	0	521	0	24	0	0	0	82	0	0	497	0	0				
270504														8293	0	5648	0	0	0	0	0	470	1552	623	0	0	775				
270531														1257	0	418	0	0	0	0	0	240	492	107	0	0	394				
270652														864	0	363	0	0	0	0	0	464	37	0	0	0	0	Capitalized Interest			
271136														1354	0	960	113	5	0	0	0	49	230	2	0	0	483				
271275														4985		4349	0					0	616	20	3628						
271341														579	0	48	0	48	0	0	0	196	307	28	0	0	0				
271529														14386	0	11765	0	0	0	0	0	180	2164	277	4875	0	3934				
272030														1484	0	663	0	388	0	0	0	436	307	78	0	0	211				
272058														293	0	0	0	0	0	0	0	293	0	0	0	0	0				
272151														464	0	346	0	0	0	0	0	66	26	26	0	0	346				
272272														51403	0	9241	0	638	0	0	0	14078	24144	3940	742	870	6991				
272302														50327		33237	0					2546	14275	269	30771						
273336														24684		12284	0					415	10264	1721			6261				
273550														2849	0	1783	0	0	776	0	0	451	405	210	1006	0	0	BALANCE DUE TO COMMUNITY HOUSING FUNDS			
273653														472	0	15	0	0	0	0	0	398	34	25	0	0	0				
273662														9938	0	0	0	0	0	0	0	4825	4005	1108	0	0	0				
273840														937	0	50	0	3	0	0	0	115	770	2	0	0	0				
273859														89	0	0	0	0	0	0	0	89	0	0	0	0	0				
274025														19	0	0	0	0	0	0	0	8	11	0	0	0	0				
274052														225	0	0	3	0	0	0	0	187	35	0	0	0	0				
274829														3866		2193	0					419	1165	89	2193						
274856														499	0	33	29	0	0	0	0	394	43	0	0	0	0	VISA-Cardholder in Process	HandiMart ATM in Process		
275255														1476		461	0	270	15	23	153	636	55	324				Incoming RBP	Other Liabilities	Deferred Loan Fee	
275358														23239	0	5260	0	0	1813	0	0	10089	7890	0	0	0	2344	Serp Benefit Obligations			
275479														6325	0	5975	0	0	0	0	0	1	349	0	5877	0	0				
275657														552	0	0	0	0	0	0	0	432	9	111	0	0	0				
276074														1403	0	372	728	0	206	0	0	24	279	0	0	0	0	SERP LIABILITY			
276159														975	0	0	0	0	0	0	0	614	358	3	0	0	0				
276551														628	0	2	0	0	0	0	0	289	337	0	0	0	0				
276579														1219163		718700	0		187780			63463	395234	41766		274466		LIH Partnerships Unpaid Commitments	Equity Funds Payable		
276645														2976	0	1804	0	0	0	0	0	458	714	0	1009	0	0				
276654														306		0	0					177	119	10							
276850														67448	0	159	0	0	0	0	0	3887	63336	66	0	0	159				
276953														417	0	19	0	0	0	0	0	398	0	0	0	0	0				
277240														4288	0	1056	0	0	0	0	0	2604	628	0	166	0	0				
277277														1248		125	0					551	366	206							
277736														869	0	212	0	0	0	0	0	411	246	0	0	0	0				
277820														6070	0	4440	0	0	1150	0	0	982	381	267	3073	0	0	Accrual for possible legal settlement			
278256														2131	0	1547	0	146	1	0	0	553	31	0	1376	0	23	CDARS Incoming RBP			
278555														30677	0	19477	0	8313	0	0	0	1342	8721	1137	3197	0	7965				
278733														2282	0	75	0	0	0	0	0	244	1531	432	0	0	0				
278751														130	0	0	0	0	0	0	0	44	86	0	0	0	0				
278818														41185		16008	0					3823	20504	850			15224				
279105														12847		4756	0					0	7847	244	2007		2749				
279842														4120	0	0	0	0	0	0	0	1960	1564	596	0	0	0				
279954														7742		1784	0					3658	2237	63	1293			OTHER LIABILITIES			
280110	3003218	0	2014426	0	0	1250509	0	0	622135	295960	0	0	0									70697						Low income housing commitments			
280138														2800	0	0	0	0	0	0	0	629	2171	0	0	0	0				
280352														1045	0	748	0	0	0	0	0	53	189	55	617	0	0	LOAN FEE COLLECTED NOT EARNED			
280558														408	0	24	0	0	0	0	0	174	210	0	0	0	0				
282075														12775	0	5046	0	0	1500	0	0	2945	4265	519	0	0	2582	Collateral for Interest Rate SWAP			
282226														1291	0	786	0	0	0	0	0	114	338	53	760	0	0				
282824														2240	0	563	0	0	0	0	0	326	1295	56	540	0	0				
283438														8736	500	6629	0					1803	304	0	1609						
283652														577	0	454	0	139	0	0	0	96	27	0	0	0	0				
283737														19031	0	13827	0	108	0	0	0	4747	108	349	1205	0	12091				
283867														12431	0	5851	0	0	0	0	0	3415	2700	465	2634	0	2150				
284154														543	0	40	0	0	0	0	0	115	284	104	0	0	0				
284239														1205	0	14	0	0	0	0	0	1128	63	0	0	0	0				
284556														4851	0	588	345	0	0	0	0	2794	1124	0	0	0	305				
284752														674	0	218	0	0	0	0	0	248	208	0	0	0	0				
284958														265	0	0	0	0	0	0	0	99	166	0	0	0	0				
285151														2827		1608	945	1395	203			211	0	63				Unearned Loan Fees			
285348														1769	0	385	0	21	0	0	0	282	1102	0	0	0	0				
285544														4427		3314	0					24	895	194			3314				
285553														379		33	91					157	95	3							
285740														8300		2596	0	318				329	5375	0	1313		965				
285852														4659	0	1105	0	0	508	0	0	1689	1702	163	597	0	0	ATM Settlement			
285928														2973	0	1393	0	0	0	0	0	621	629	330	1199	0	0				
286251														58	0	0	0	0	0	0	0	58	0	0	0	0	0				
286457														10528	0	2935	0	0	0	0	0	4108	3404	81	861	0	1774				
286840														1099	0	12	118	0	0	0	0	941	28	0	0	0	0				
287007														1403	0	306	0	306	0	0	0	106	985	6	0	0	0				
287342														512		0	0					437	75	0							
287922														113	0	0	0	0	0	0	0	16	97	0	0	0	0				
287959														998	0	39	0	0	0	0	0	319	500	140	0	0	0				
288152														168	0	0	0	0	0	0	0	73	95	0	0	0	0				
288376														1483		34	0	22				599	850	0							
288853														183379		61210	0	15774	16208			33620	77615	10934				Variation margin			
289056														1324	0	0	0	0	0	0	0	99	1225	0	0	0	0				
289225														152	0	13	0	0	0	0	0	110	29	0	0	0	0				
289515														17723	0	5523	0	0	0	0	0	2533	7677	1990	0	0	4411				
289702														25088	0	13573	0	0	0	0	0	2168	7960	1387	10591	0	0				
289739														655	0	4	0	0	0	0	0	153	498	0	0	0	0				
289757														3586	0	2983	0	0	0	0	0	436	167	0	2983	0	0				
290249														9862		7373	0					882	507	1100	4560						
290838														950	0	170	0	0	0	0	0	181	419	180	0	0	0				
290922														1355	1000	1065	0	0	0	0	0	284	6	0	0	0	0				
291059														3249	949	2315	0	0	0	0	0	835	99	0	1366	0	0				
291376														918		904	0					14	0	0	872						
291611														8622	2145	2454	4530	309	0	0	0	1168	407	63	0	0	0				
291732														517	0	0	0	0	0	0	0	333	184	0	0	0	0				
292234														622	0	488	0	91	297	0	0	14	10	110	0	0	0	ATM SUSPENSE			
292467														261	0	0	0	0	0	0	0	39	214	8	0	0	0				
292850														150	0	17	0	0	0	0	0	52	81	0	0	0	0				
293053														32029	0	25440	0	0	0	0	0	3089	3288	212	11305	0	13083				
293352														274	0	0	0	0	0	0	0	209	65	0	0	0	0				
293437														2778	0	1098	0	0	0	0	0	1360	309	11	890	180	0				
293651														2354	0	983	0	0	0	0	0	835	536	0	950	0	0				
293754														301	0	0	0	0	0	0	0	121	154	26	0	0	0				
294023														9616	0	2701	0	0	0	0	0	739	6146	30	0	1605	1096	Collateral held on derivative contract			
294751														12238		9806	0					643	1751	38	4709		4406		CDARS DEFERRRED FEE LIABILITIES		
294779														10929		4224	0					1740	4552	413			1350				
294827														1181	0	3	0	0	0	0	0	453	725	0	0	0	0				
295011														3562		21	0					1997	889	655							
295057														974	0	0	0	0	0	0	0	643	315	16	0	0	0				
295646														121	0	0	0	0	0	0	0	31	90	0	0	0	0				
296456														3836	0	693	0	292	0	0	0	1598	1405	140	401	0	0				
296474														1426	0	213	23	0	0	0	0	626	564	0	0	0	0				
296559														2098	0	68	0	0	0	0	0	1510	384	136	0	0	0				
296755														774	0	0	0	0	0	0	0	537	237	0	0	0	0				
297051														1366	0	0	0	0	0	0	0	208	1158	0	0	0	0				
297761														3644	0	2178	0	0	0	0	0	974	461	31	1269	0	372	0			
298049														1117	0	53	0	0	0	0	0	884	180	0	0	0	0				
298218														7238	0	6	0	0	0	0	0	20	7212	0	0	0	0				
298245														2024		7	0					742	1275	0							
299868														10211		9784	0					36	390	1	8416						
300009														17513	0	2474	0	0	0	0	0	95	14769	175	2091	0	0				
300063														5353	0	981	0	0	0	0	0	3412	860	100	0	0	486				
300353														2681	0	1859	0	0	0	0	0	380	442	0	1792	0	0				
300933														2909		1005	0		218	173		409	1162	333	358			Split Dollar Cost of Insurance	Right of  Use Lease Liability		
300942														2868		1770	0					835	163	100	697		375				
301574														8889	0	7315	0	0	0	0	0	35	1216	323	6153	0	0				
301800														17362		14168	0	294	7694			63	2459	672	800			Lease Liability			
302030														915	0	595	0	592	0	0	0	22	298	0	0	0	0				
302133														178	0	3	0	0	0	0	0	35	140	0	0	0	0				
302553														2858	0	664	0	0	0	0	0	2027	55	112	627	0	0				
302656														22302		7228	219		178			6587	7278	990	536	1858	4619	Deferred Gain on Sale of Other Real Estate			
303653														775	0	31	0	0	25	0	6	299	272	173	0	0	0	ATM Suspense		Plainview Lease Obligation	
303701														3438	0	3319	0	0	0	0	0	85	0	34	1831	0	0				
303747														391	0	0	0	0	0	0	0	174	216	1	0	0	0				
303952														3242	0	1804	0	0	0	0	0	667	758	13	1777	0	0				
304173														6923	0	4820	0	347	180	1027	1030	129	1974	0	0	0	0	Unearned Profit-REO Sold	Lease Liability	Accrued Interest on Borrowings	
304520														2503	0	1875	0	0	0	0	0	80	463	85	1875	0	0				
304575														212	0	171	0	0	0	0	0	11	30	0	0	0	149				
304762														1168	0	191	0	0	0	0	0	401	426	150	0	0	178				
304913														4228	0	3286	0	3002	0	0	0	0	942	0	0	0	0				
305059														806	0	239	305	0	0	0	0	50	212	0	0	0	0				
305077														3150	0	2781	0	0	0	0	0	1	351	17	1046	0	0				
305237														3601	0	3569	0	0	0	0	0	30	2	0	1959	0	0				
305442														5360	0	3970	0	0	0	0	0	568	254	568	0	0	3869				
306056														171	0	8	0	0	0	0	0	80	71	12	0	0	0				
306159														2016		40	0					1462	426	88				UNAMORTIZED LOAN FEES			
306337														2210	0	704	0	0	0	0	0	766	646	94	678	0	0				
306908														6922	0	6316	0	0	0	5148	0	51	466	89	0	0	0		Liability for SERP		
307062														10142	0	7882	0	0	421	0	0	224	961	1075	0	0	7360	Visa Check Card Settlement			
307334														2822	0	1955	0	0	0	0	0	383	444	40	0	785	585				
307361														2155	0	405	0	0	0	0	0	512	983	255	0	0	395				
307679														12165	0	8442	0	0	2767	3743	0	564	2670	489	0	0	0	Pension Benefits	Lease Liability		
308256														381	0	18	0	0	0	0	0	288	75	0	0	0	0				
308340														2064	0	8	0	0	0	0	0	519	1437	100	0	0	0				
308836														493	0	0	0	0	0	0	0	157	336	0	0	0	0				
309150														948	0	347	0	0	128	0	0	202	282	117	0	0	0	Fraudulent Deposit			
309655														16327	0	8113	0	0	0	0	0	1824	4726	1664	0	0	5872				
309851														188	0	9	0	0	0	0	0	131	41	7	0	0	0				
310754														19379	0	12873	0	0	0	0	0	649	5799	58	0	0	4610				
310978														35898		13454	0					3038	18261	1145		9651					
311050														6926	0	1582	0	0	0	0	0	3523	1590	231	1262	0	0				
311144														38	0	17	0	0	0	0	0	21	0	0	0	0	0				
311256														3375	0	170	0	0	0	0	0	687	2484	34	82	0	0				
311265														1939	0	529	0	0	327	0	0	417	920	73	0	0	0	Customer Letters of Credit			
311603														9194	0	408	0	0	102	0	0	358	8428	0	0	0	0	DEFERRED OPTION INCOME			
311658														188	0	0	0	0	0	0	0	137	51	0	0	0	0				
311845														302509		124408	0					21202	143960	12939			48380				
311939														3202	0	1189	0	0	0	0	0	1689	324	0	1171	0	0				
312244														5566	0	1932	0	0	533	0	0	1052	2352	230	899	0	0	Other Escrow			
312356														805	0	82	0	0	0	0	0	640	0	83	0	0	0				
313009														1402	0	462	0	0	410	0	0	271	586	83	0	0	0	LEASE LIABILITY			
313157														687	0	297	0	0	0	0	0	390	0	0	0	121	0	Reserve for Mortgage Loan Escrow			
313223														5005	0	4529	0	1616	0	0	0	209	62	205	2141	0	0				
313577														17637	0	10196	0	0	0	0	0	1234	6048	159	9389	0	0				
314257														3793	0	2260	0	0	1390	707	0	770	581	182	0	0	0	US Bank Swap Collateral	Lease liabilities	reciprocal deposit clearing	
314444														2526	0	1573	0	1283	0	0	0	817	16	120	0	0	0	0			
315656														1347	0	920	0	0	0	0	0	177	210	40	0	0	0				
316840														135561		127016	0		51712			3131	3914	1500			35335	Low Income Housing Commitments			
316859														478	0	0	0	0	0	0	0	137	341	0	0	0	0				
316934														21	0	0	0	0	0	0	0	7	14	0	0	0	0				
317258														4811	0	1746	0	0	0	0	0	889	1950	226	1326	0	0				
317342														254259		207142	0		134801			670	39747	6700				Accrued Tax Contributions			
317379														5799	0	3984	0	1204	378	540	0	1387	213	215	1654	0	0	Midwest Equity Fund	SRIP Liab		
318974														29676	0	19227	0	456	216	0	0	8	9560	881	6346	4265	7140	OCCH Partnership Commitments			
319047														3222	0	423	0	423	0	0	0	1060	1618	121	0	0	0				
319551														6720	0	4459	0	0	0	0	0	1505	489	267	3725	0	0				
320034														350	0	15	0	0	0	0	0	320	15	0	0	0	0				
320052														3903		13	488					116	3204	82				Unearned Contracts Signing Bonus			
320070														2819	0	2213	0	0	2091	0	0	207	373	26	0	0	0	Pension Liabilities			
320119														368432		278429	0	99089				33990	52503	3510			129457				
321152														6242		4914	0					405	750	173			4901				
321255														116		0	0					37	76	3							
321273														7466	0	3343	0	0	0	0	0	1097	2331	695	1673	0	1285				
321330														149	0	0	0	0	0	0	0	51	98	0	0	0	0				
321947														5582	596	2432	0		6			2394	575	181	1191			Investments Payable			
322449														1037	0	131	9	0	0	0	0	598	252	47	131	0	0				
322551														201	49	58	0	0	9	0	0	86	57	0	0	0	0	RESERVE FOR OTHER LOSSES	SBA LOANS		
323204														25235	0	16420	0	0	6997	0	0	1846	6969	0	0	0	0	Payable Deferred Benefits			
323651														1518	0	859	0	0	0	0	0	659	0	0	703	0	0				
324153														1534	0	226	0	148	0	0	0	627	535	146	0	0	0	Right to Use Liability			
324229														253	0	146	0	17	0	0	0	29	68	10	0	0	129	State Tax Payable	Points Holding	Escrow Payable	
324256														186	0	0	0	0	0	0	0	67	119	0	0	0	0				
324340														38680		18501	0	2273		8529		3275	15257	1647		1765			MARGIN GOLDMAN SACHS		
324854														2041	0	535	0	0	408	0	0	1415	91	0	0	0	0	Accrued Salary Continuation			
324863														13360		2724	0					4607	1537	4492	2140						
324975														1277	0	381	0	0	149	0	0	475	421	0	0	214	0	ATM Settlement			
325141														1083		0	0					173	852	58							
325459														81	0	0	0	0	0	0	0	81	0	0	0	0	0				
325534														1444	0	330	0	0	0	0	0	537	263	314	298	0	0				
326054														2183	0	110	0	110	0	0	0	1583	374	116	0	0	0				
326344														3676	0	2586	0	0	452	894	682	376	471	243	243	0	0	Accrued Employee Benefits	Plan Reserve	Accrued Payroll	
326858														37074	0	24933	0	0	20412	0	0	3650	8141	350	0	0	0	RIGHT OF USE LIABILITY			
326979														2489	0	1386	0	0	0	0	0	1	921	181	865	0	521				
327220														352	0	108	0	0	0	0	0	122	101	21	0	0	0	Other Misc Liabilities			
327305														20278	0	16326	0	0	0	0	0	676	3081	195	4424	6094	0				
327435														8923	0	7539	0	0	0	0	0	162	1130	92	593	0	0				
327556														2719	0	494	0	0	494	0	0	1537	688	0	0	0	0	OVERDRAFTS			
327855														13450	0	7802	0	0	863	0	0	2318	1195	2135	3166	0	0	Mortgage Loan Escrow			
328058														67	0	0	0	0	0	0	0	18	49	0	0	0	0				
328357														4467		2944	0					2	1516	5			2943				
328656														828	0	76	0	75	0	0	0	610	142	0	0	0	0				
328777														29194		19008	0					612	6378	3196	7749		6813				
329149														1037	0	569	93	0	0	0	0	193	182	0	568	0	0				
329345														8474	0	3363	0	0	122	0	0	1645	2815	651	2391	626	0	Deferred Loan Fees			
329550														4350	0	2510	0	0	924	0	0	758	1082	0	1218	0	0	Lease Right of Use Liability			
329952														4816		2301	0					1302	559	654	1806		313				
330239														793	0	39	0	0	0	0	0	630	88	36	0	0	0				
330248														1042	0	546	0	0	0	0	0	100	373	23	546	0	0				
330855														83266		56611	0					7189	18658	808			49019				
330949														3607	0	1389	0	0	0	0	0	1040	1064	114	674	0	0				
331076														5332	0	2922	0	1962	0	0	0	475	1437	498	320	0	425				
331375														1124	0	95	0	91	0	0	0	659	370	0	0	0	0				
331544														296	0	0	0	0	0	0	0	133	163	0	0	0	0				
331713														5978	0	2696	0	0	0	0	0	2096	642	544	2696	0	0				
332224														6303	0	3727	0	0	1290	0	0	1041	1211	324	0	0	1034	SERP PLAN			
332671														3356	0	2868	0	0	0	0	0	3	415	70	2868	0	0				
332756														149	0	0	0	0	0	0	0	116	33	0	0	0	0				
333034														2241	0	414	0	0	349	0	0	714	613	500	0	0	0	Escrow reserve			
333203														14740		8274	0		3397			2080	3479	907			2421	Affordable Housing Investment Payable			
333650														1688	0	389	0	0	194	0	0	1122	177	0	0	0	0	FIS Settlement			
333856														3589	0	0	0	0	0	0	0	306	2733	550	0	0	0	PARTICIPATION PAYABLE			
333940														289		0	0					138	147	4							
334264														6465	0	1538	0	244	699	592	0	1163	3515	249	0	0	0	INTERCOMPANY LIABILITY TAXES	REAL ESTATE ESCROW		
335346														3242	0	1729	0	0	0	0	0	373	1077	63	0	0	1682				
336147														681	0	149	0	149	0	0	0	271	50	211	0	0	0				
336361														1342	0	0	587	0	0	0	0	435	320	0	0	0	0				
336576														1606	0	642	0	6	202	0	0	466	440	58	0	0	434	LIP-TEB Sold Loans			
337340														672	0	16	0	0	0	0	0	481	162	13	0	0	0				
338646														6273	0	1064	0	0	0	0	0	1663	3031	515	0	0	735				
338945														452	0	3	0	0	0	0	0	169	238	42	0	0	0				
339072														9053		3636	0	1839	977			276	4497	644				Deferred Revenue			
339353														329	0	132	0	0	0	0	0	94	85	18	0	0	0				
339456														4425		1512	0					1401	1106	406			1409				
339607														16010	0	11742	0	0	0	0	0	1188	2627	453	0	3197	6273				
339773														87926		70667	0					3999	10929	2331	21429	23983	17890				
339858														1715304	0	1376019	0	0	0	0	938871	18942	264240	56103	0	0	0			Payables from Unsettled Trading securities transactions	
340135														17749		12107	0					356	3111	2175	8923						
340144														14021	0	6061	0	0	0	0	0	1467	5871	622	6061	0	0				
340256														6387	0	4147	0	0	0	0	0	769	1221	250	471	0	2775				
340443														1304	0	1056	0	0	0	0	0	170	71	7	690	0	0	'			
340742														13788		10046	0					1471	2014	257		722	8811				
340751														9501	0	4262	0	0	0	0	0	3853	1233	153	3952	0	0				
341310														8711	0	6736	0	0	0	0	0	13	1296	666	4847	0	481	ICS in clearing/In process			
342054														2503	0	1386	0	0	527	350	0	368	606	143	0	0	0	Debit Card Settlement Clearing	Unearned MasterCard Incentive		
342362														7314		2187	0	226				4222	615	290	1898		63				
342410														71782		58428	0					1763	9208	2383	32304						
342634														202973		137796	0					9174	30112	25891	88099		38091				
343051														635	0	583	0	0	0	0	0	11	36	5	583	0	0				
343248														141		0	0					79	62	0							
343770														374	0	79	0	0	0	0	0	98	172	25	0	0	0				
343903														9547	0	5674	0	2	496	0	0	1089	2784	0	2781	0	433	Non-Qualified Pension Liability			
343958														664	0	0	244	0	0	0	0	291	129	0	0	0	0				
344647														19311		16864	0	2162	693			2006	441	0	350	1530		Deferred Incentive Comp			
344852														875	0	440	0	0	440	0	0	247	126	62	0	0	0	Acc Liab Exec			
345309														29729		4470	0					104	25010	145	3193						
345345														3085		247	129					1982	697	30							
345747														6356		2230	0					1192	2724	210	2230						
345756														7143		6146	0	3666				956	0	41	528		1951				
345877														7237	0	6127	0	0	0	0	0	58	1052	0	5144	0	0				
346379														2358	0	70	524	0	0	0	0	508	1135	121	0	0	0				
346566														135	0	58	0	0	0	0	0	16	61	0	0	0	0				
346771														3279	0	2339	0	0	1635	0	0	0	871	69	630	0	0	Post Retirement Obligation			
347022														1412	0	1	0	0	0	0	0	398	973	40	0	0	0				
347639														3292	0	1858	0	6	0	0	0	132	1273	29	0	0	1851				
347956														14788		13145	184					319	835	305		5578	7567				
348159														1169	0	0	0	0	0	0	0	235	934	0	0	0	0				
348720														7670	0	4007	0	0	0	0	0	193	2670	800	1134	0	0				
349129														1614	0	0	0	0	0	0	0	358	1146	110	0	0	0				
349343														445	0	73	0	0	0	0	0	228	94	50	0	0	0				
350657														146	0	25	0	0	0	0	0	51	57	13	0	0	0				
350750														1279	0	61	0	0	0	0	0	825	393	0	0	0	0				
351131														135		85	0					36	0	14							
351560														8999	0	8274	0	0	1137	887	0	97	328	300	5945	0	0	Reserve for Profit Sharing and Bonus	Lease Liability		
351878														136	0	15	0	0	0	0	0	0	121	0	0	0	0				
352370														2205	0	969	0	0	0	0	0	519	688	29	965	0	0				
352651														992	0	667	0	0	587	0	0	83	202	40	0	0	0	deferred orig fee	Distribution Payable		
352745														1670	0	103	0	0	0	0	0	489	919	159	0	0	0				
352772														287678		212012	0		86343			13588	49328	12750				Unfunded investment commitments			
353238														5575	0	4900	0	0	530	0	0	475	0	200	4204	0	0	Unearned Fees			
353546														844	0	578	0	0	0	163	0	266	0	0	201	0	0	Bonus Payable	BOLI DCIP Payable		
353555														87129		8365	0					26138	48626	4000			3912				
353957														148	0	14	0	0	0	0	0	134	0	0	0	0	0				
354253														684	0	548	0	0	0	0	0	124	12	0	518	0	0				
354310														74475		38931	0					17433	14718	3393			30106				
354552														5198	0	2440	0	0	2118	0	0	1298	1200	260	0	0	0	Unearned Revenue - IRA Fees			
354851														343	0	8	0	0	0	0	0	153	141	41	7	0	0				
355120														6439	0	4998	0	0	0	0	0	1015	426	0	0	0	0				
355559														4296	0	2230	0	0	0	0	0	432	1336	298	1464	558	198				
355858														27405		5589	0		4223			1456	19411	949				Accrued Long Term Employee Benefits	Deferred Compensation		
356239														1783	0	1026	52	0	0	0	0	280	425	0	1023	0	0				
356659														715	0	0	0	0	0	0	0	461	254	0	0	0	0				
356752														1278	0	100	0	81	0	0	0	271	680	227	0	0	0				
357526														2611	0	1303	0	504	0	0	0	239	1069	0	0	0	0				
357553														1228	0	0	0	0	0	0	0	753	376	99	0	0	0				
357777														1291	0	841	0	0	0	0	0	84	245	121	840	0	0				
357937														5281	0	4004	0	0	0	0	0	433	588	256	3298	0	0				
358112														3827	0	2720	0	0	0	0	0	504	603	0	2719	0	0				
358448														242	0	0	0	0	0	0	0	29	182	31	0	0	0				
358756														164	0	0	0	0	0	0	0	164	0	0	0	0	0				
359472														39	0	6	0	0	0	0	0	1	28	4	0	0	0	FDIC DEPOSIT ACCTS			
359744														690	0	0	0	0	0	0	0	195	488	7	0	0	0				
360777														90		2	0					63	25	0							
361055														9597	0	2508	0	0	0	0	0	696	5734	659	0	0	2485				
361167														136873		108940	0		50514			9003	15156	3774				Securities Purchased Not Paid			
361279														3954	0	354	0	0	0	0	0	1709	1766	125	0	0	0				
361354														369	0	0	0	0	0	0	0	262	95	12	0	0	0				
361439														3872		349	0	282				1925	1485	113	67						
362043														300	0	2	0	0	0	0	0	160	117	21	0	0	0				
362155														377	0	0	0	0	0	0	0	124	145	108	0	0	0				
362717														6490	1188	1328	0					1941	2945	276			129				
362856														255	0	89	0	0	0	0	0	50	113	3	82	0	0				
362940														127	0	24	0	0	0	0	0	103	0	0	0	0	0				
363442														25	0	0	0	0	0	0	0	25	0	0	0	0	0				
363648														650	0	23	0	0	0	0	0	328	299	0	0	0	0				
363657														6155		1608	0		486			2087	2460	0		1121		Deferred gain on derivatives that were unwound			
363778														148	0	51	2	9	42	0	0	71	24	0	0	0	0	Misc			
364131														5652	0	5160	0	0	496	2062	347	455	0	37	0	0	2134	NON QUALIFIED PENSION	ICS INCLEARING	BONUS ACCRUAL	
364270	2492	0	1104	0	140	0	0	0	1377	11	0	0	368									0									
364430														3036	0	1410	0	0	0	0	0	1411	215	0	982	0	0				
364850														877		719	0		99			153	5	0	539			Reserve for High Deductible			
365325														275169		144356	0					26292	68702	35819			96899				
365745														1878	0	3	0	0	0	0	0	482	1218	175	0	0	0				
365848														461	0	75	0	0	0	0	0	106	278	2	0	0	0	Accounts payable			
365950														640	0	24	104	0	0	0	0	299	136	77	0	0	0				
366078														13363	0	7993	0	3363	0	0	0	1837	3167	366	2393	0	0				
366238														19922		10073	0	766	254			4014	5040	795	1340		5701	Deferred Director Fees			
366247														1089	0	28	547	0	0	0	0	514	0	0	0	0	0				
366359														308	0	103	0	0	0	0	0	96	109	0	0	0	0				
366658														400	0	0	31	0	0	0	0	265	90	14	0	0	0				
366854														2434	0	509	221	0	0	0	0	376	1171	157	0	0	394				
367150														214	0	12	0	0	0	0	0	174	28	0	0	0	0				
367178														1396	0	1069	0	0	0	0	0	16	311	0	1066	0	0				
367431														1338	0	332	0	0	0	0	0	166	800	40	0	0	0				
367543														1204	0	0	0	0	0	0	0	595	609	0	0	0	0				
368054														468	0	0	0	0	0	0	0	226	195	47	0	0	0				
368344														1723		0	0					500	1223	0							
368522														6548	0	4189	0	1310	0	0	0	115	2212	32	2879	0	0				
368951														660	0	14	0	0	0	0	0	349	291	6	0	0	0				
369453														903	0	90	0	90	0	0	0	611	172	30	0	0	0				
369659														11844	0	6599	0	0	0	0	0	1522	1938	1785	6599	0	0	UNEARNED REVENUE--PPP LOAN FEES			
370020														10901	0	7017	0	0	2127	0	0	562	3316	6	3849	0	0	Low income housing payable			
370347														297	0	0	0	0	0	0	0	195	102	0	0	0	0				
370721														1826		919	0		178			725	179	3				ACCRUED PAYROLL	ACCRUED GROUP INSURANCE		
370833														1876	0	809	0	0	0	0	0	376	661	30	0	0	628				
370954														483	0	39	0	0	0	0	0	165	154	125	0	0	0				
371223														2408	0	720	0	0	720	0	0	438	1250	0	0	0	0	LIHTC			
371232														3864	0	3274	0	0	0	0	0	171	419	0	3090	0	0				
371362														9956	0	7538	0	0	0	0	0	2413	5	0	6768	0	0				
371559														331	0	90	0	0	0	0	0	241	0	0	0	0	0				
371755														53		15	0					38	0	0							
371849														732	0	374	0	0	0	0	0	168	190	0	368	0	0				
371924														26207	0	19766	0	0	9000	0	0	1607	4107	727	0	0	0	Syndicated Loans in Process			
371942														1952	0	1281	0	0	0	0	0	370	301	0	1274	0	0	0			
372444														1132	0	666	0	0	0	411	0	287	153	26	170	0	0	SHAZAM DAILY SETTLEMENT & CARDHOLDER	ESCROW PAYABLE FHLMC/RURAL		
372538														8438	0	93	0	0	0	0	0	5752	1403	1190	0	0	0				
372640														1734	0	1466	0	564	0	0	0	101	73	94	902	0	0				
372855														1655		338	0	338				841	370	106							
373272														372	0	358	0	0	229	0	0	11	3	0	0	0	0	Escrow Payable			
373553														204	0	0	0	0	0	0	0	190	14	0	0	0	0				
373601														4756		3167	0		469			857	654	78				Other Liabilities			
374130														932	0	0	0	0	0	0	0	278	467	187	0	0	0				
374653														64476		46383	0					6632	10361	1100	13044		30126				
374774														152	0	0	0	0	0	0	0	37	115	0	0	0	0				
375043														11886		3412	0					2599	5402	473			3158				
375379														168	0	43	0	14	0	0	0	0	125	0	0	0	0				
375502														17824	0	13417	0	0	7169	0	0	0	4044	363	0	0	5939	ESOP Payable			
375566														19016	0	12299	0	0	0	0	0	2218	2753	1746	3408	0	8683				
375650														100	0	0	0	0	0	0	0	17	83	0	0	0	0				
376237														801	0	349	0	0	0	0	0	112	340	0	0	0	0	Lease Liability - Branch Building			
376273														32423		26770	0					34	5502	117	17146						
376442														3464		1597	0					1252	615	0	1545						
376947														759	0	0	144	0	0	0	0	346	269	0	0	0	0				
377663														1615		1218	0					186	211	0	774						
377850														1216	0	0	0	0	0	0	0	747	469	0	0	0	0				
378044														254	0	92	0	0	0	0	0	134	28	0	0	0	0				
378110														183	0	39	0	0	0	0	0	63	79	2	0	0	0				
379050														132	0	0	0	0	0	0	0	119	13	0	0	0	0	Deferred Fee Income			
379153														480	0	0	0	0	0	0	0	253	189	38	0	0	0				
379470														394	0	153	0	0	0	0	0	0	241	0	119	0	0				
379649														3159		2226	0					601	332	0	2226						
379920														536602		328907	0					31955	154308	21432			171791				
380346														686	0	0	0	0	0	0	0	314	319	53	0	0	0	OTHER	Fed and State W/H	Loan settlement account	
380458														34306	0	22673	0	518	0	0	0	2838	7568	1227	0	5298	7184				
380533														1767	0	0	0	0	0	0	0	1051	716	0	0	0	0				
380878														3071	0	1801	0	0	0	0	0	420	613	237	0	0	1335				
380944														1390	0	503	0	0	0	0	0	293	536	58	126	0	0	Sub-S Effect			
381026														617		0	0					401	216	0							
381932														4032	0	2907	0	0	299	75	0	143	982	0	175	0	0	ACCD BONUSES	ACCD PROFIT SHARE		
381950														1328	0	260	0	259	0	0	0	356	712	0	0	0	0				
382050														4313	957	3232	0					87	841	153							
382069														2807		562	0					1255	984	6			545				
382256														277	0	0	141	0	0	0	0	136	0	0	0	0	0				
382274														9	0	0	0	0	0	0	0	9	0	0	0	0	0				
382443														2508	0	1832	0	0	0	0	0	273	351	52	1804	0	0				
382537														1529	0	2	0	0	0	0	0	1379	7	141	0	0	0				
382649														5330	0	0	0	0	0	0	0	920	4410	0	0	0	0				
382658														950	0	0	91	0	0	0	0	353	506	0	0	0	0				
382742														2192	0	1564	0	437	0	0	0	118	423	87	0	0	1126				
382854														693		310	0					214	129	40	310						
384018														56219	0	34202	0	0	0	0	0	18977	1914	1126	0	0	27852				
384278														54661		47286	0	644				3589	3394	392	15371	14973	1705				
384353														41	0	0	0	0	0	0	0	27	14	0	0	0	0				
384652														8406	0	2298	0	0	0	0	0	3920	1845	343	0	0	2131				
384830														2717	0	1393	0	0	0	0	0	769	555	0	694	0	0				
385350														1613	0	1162	0	0	0	0	0	274	32	145	1068	0	0				
385471														6841	0	4807	0	0	0	0	0	300	1728	6	4494	0	0				
385547														1974	0	618	0	0	0	0	0	664	692	0	496	0	0	debit card clearing			
385686														4961	0	4835	0	2	0	0	0	4	96	26	3433	0	0				
386432														767	0	250	0	0	0	0	0	409	108	0	0	0	0				
386450														2398		1606	0		64	753		548	174	70	789			Accrued Salaries & Wages	Midwest Housing		
386731														4249	0	2883	0	0	182	0	0	920	324	122	0	321	2197	Deferred Revenue			
386825														242	0	0	0	0	0	0	0	65	177	0	0	0	0				
387055														648	0	0	0	0	0	0	0	48	600	0	0	0	0				
387671														2815	0	941	0	0	500	0	0	304	1377	193	0	0	0	SECONDARY MARKET			
388155														368	0	240	0	0	0	0	0	66	0	62	0	0	0				
388258														180	0	0	0	0	0	0	0	128	43	9	0	0	0				
388557														1750	0	0	47	0	0	0	0	957	746	0	0	0	0				
388744														1609	0	387	0	0	0	0	0	177	476	569	387	0	0				
388753														160	0	0	0	0	0	0	0	110	48	2	0	0	0				
388874														166	0	155	0	141	0	0	0	0	11	0	0	0	14				
389358														1068	0	0	0	0	0	0	0	704	364	0	0	0	0				
389376														642	0	59	0	0	47	0	0	96	487	0	0	0	0	ACCRUED VACATION			
390372														4938	0	3953	0	0	0	0	0	23	962	0	1417	0	2324				
390840														9994	0	7421	0	0	558	0	0	641	1606	326	842	981	4863	Director Deferred Plan			
391418														709	0	0	0	0	0	0	0	140	569	0	0	0	0				
391557														642	0	290	0	0	0	0	0	61	287	4	290	0	0				
391575	127269	0	31257	71640	18706	8789	0	0	4914	1199	0	0	0									18259						Interest Rate Swaps			
391959														722	0	241	169	0	0	0	0	119	193	0	0	0	0				
391977														21528	0	12083	0	0	0	0	0	200	9191	54	11816	0	0				
392152														426	0	0	0	0	0	0	0	127	204	95	0	0	0				
392255														485	0	56	0	0	56	0	0	317	112	0	0	0	0	Other Liabilities			
392778														10225	0	3792	0	0	1507	0	0	516	5556	361	918	0	0	Equity Investment Commitment			
393252														949	0	117	0	0	0	0	0	759	23	50	0	0	0				
393355														647		17	0					178	267	185							
393953														3501	0	2991	0	11	1893	1085	2	510	0	0	0	0	0	Other Reserved Liabilities	Real Estate Escrow	Misc.	
394156														1035	0	536	0	0	135	175	175	390	109	0	0	0	0	Unearned Loan Servicing Income	Participations Payable	Other Liability	
394259														2558	0	507	0	0	3	0	0	1124	852	75	504	0	0	Promontory Rate Bridge			
395238														1265949		536263	2312					64615	613784	48975			423130				
396057														471	0	0	0	0	0	0	0	134	313	24	0	0	0				
396244														4041		2627	0	1968				918	271	225	200			Debit Card Settlement			
396253														6240	0	3080	0	0	1614	0	0	540	2458	162	0	0	0	Deferred Fees Reserve			
396954														952	0	867	0	0	504	0	0	85	0	0	0	0	0	OFFICER DEFERRED			
397456														603		288	0		81			65	250	0			207	Off Balance Exposure Unfunded Commitments			
397531														33142	0	26779	0	0	0	0	0	421	4990	952	0	0	16503				
397540														33290		21535	0		13417			2349	6411	2995		104	4088	LIHTC UNFUNDED LIABILITY			
397559														2806	0	885	0	244	0	0	0	1619	230	72	528	0	0				
397755														14813	0	5333	411	0	0	0	0	3927	1142	4000	1145	0	2650	Deferred Income			
397858														140	0	0	24	0	0	0	0	100	16	0	0	0	0				
398051														2856		2239	215	457				176	226	0	1782			Other Assets			
398248														3658		574	2091					393	555	45			574				
398668	258686	0	44382	201098	0	26961	0	0	13206	0	0	0	0									0						Deferred Income			
398837														2264	221	1346	0	0	0	0	0	539	124	255	1125	0	0				
399357														416	0	0	0	0	0	0	0	375	41	0	0	0	0				
399517														88830		53366	0					8470	25870	1124			39361				
399731														757		161	0					207	389	0							
399973														854	0	52	0	0	0	0	0	24	729	49	0	0	0				
400057														1269	0	401	0	0	0	0	0	390	418	60	0	0	372				
400141														4472	0	1478	0	0	0	0	0	1555	1206	233	450	0	252				
400365														6359	0	3873	0	0	0	0	0	1241	999	246	3427	0	0				
400767														306	0	140	0	0	0	0	0	7	56	103	0	0	0				
401072														328	0	228	0	0	0	0	0	4	96	0	145	0	0				
401559														1884	0	1508	0	0	0	0	0	251	125	0	1424	0	0				
401755														1364	0	829	0	0	248	146	136	227	8	300	0	0	0	ACCT PAYABLE SAL CONT PLAN MJ	ACCT PAYABLE SAL CONT BOLI	ACCT PAYABLE TRADE	
401906														7763	0	6396	0	0	0	0	0	55	1048	264	2709	0	0				
401951														1037	0	773	0	0	0	0	0	102	137	25	0	0	743				
402846														813	0	283	0	0	145	0	0	468	62	0	138	0	0	Deferred Data Processing Credit			
402873														2055	0	1776	0	0	0	0	0	148	131	0	1776	0	0				
403067														3448	0	2174	0	0	0	0	0	296	927	51	0	0	2100				
403151														12414		1027	0	957				5654	5733	0				CDARS INCOMING RATEBRIDGE PAYMENT			
403179														42546	0	29718	0	0	0	0	0	1029	11249	550	0	1728	16257				
403254														506	0	374	0	0	0	0	0	3	129	0	0	0	319				
403656														413	0	0	110	0	0	0	0	17	286	0	0	0	0				
403870														10573	0	6470	0	0	0	0	0	1731	2297	75	4760	0	0				
403946														12008	0	7353	0	0	0	0	0	808	2753	1094	2395	0	3812				
404653														5086	0	2963	0	0	0	0	0	280	1616	227	0	0	2963				
404943														299	0	86	0	0	0	0	0	177	26	10	0	0	86				
406022														6054	0	4531	0	0	0	0	0	134	923	466	0	0	1349				
406059														2861	0	0	0	0	0	0	0	740	1608	513	0	0	0				
406666														1727	0	0	0	0	0	0	0	1144	395	188	0	0	0				
406974														3071	0	2104	0	0	0	0	0	358	580	29	0	0	2070				
407168														1070	0	0	0	0	0	0	0	828	242	0	0	0	0				
407506														66160	0	57035	0	0	0	0	0	43	8273	809	0	0	0				
407645														4500	370	1200	0	738	0	0	0	1833	1287	180	0	0	0				
407850														79	0	0	0	0	0	0	0	79	0	0	0	0	0				
408307														2571		708	0					0	1537	326			329				
408642														11645	0	10510	0	8508	0	0	0	161	364	610	1836	0	0				
408875														7708	0	2454	0	331	0	0	0	511	4387	356	0	310	1678			0	
409265														678	0	13	0	0	12	0	0	551	104	10	0	0	0	CDARS Incoming Ratebridge Payment			
410159														78	0	0	30	0	0	0	0	30	18	0	0	0	0				
410560														1660	0	93	0	0	0	0	0	1072	459	36	0	0	0				
410748														1538		626	0					586	189	137	626						
410917														2886	0	2046	0	618	0	0	0	488	352	0	0	0	1428				
411062														163	0	91	0	0	0	0	0	47	25	0	0	0	0				
411174														272	0	15	0	0	0	0	0	3	254	0	0	0	0				
411231														411	0	55	0	0	0	0	0	158	198	0	0	0	0				
411240														445	0	0	0	0	0	0	0	348	82	15	0	0	0				
411549														280	0	204	0	0	126	0	0	70	0	6	0	0	0	Profit Sharing Plan Payable			
411576														323		1	0					174	128	20							
411624														1088	140	289	0					579	220	0			143				
411651														1356	0	3	0	0	0	0	0	910	443	0	0	0	0				
412153														806	0	0	0	0	0	0	0	379	427	0	0	0	0	CDARS INCOMING RATEBRIDGE PAYMENT			
412452														550	0	492	1	0	0	0	0	57	0	0	492	0	0				
412555														1578	0	348	0	0	0	0	0	402	593	235	254	0	0				
412667														1319	0	28	331	0	0	0	0	289	411	260	0	0	0				
412751														71340		24044	0		12904			2003	36360	8933				Right of Use Lease Liability			
412845														983	0	148	0	52	96	0	0	278	497	60	0	0	0	DEFERRED REVENUE			
412872														396	0	307	0	0	0	0	0	62	6	21	0	0	0	Deconversion from FIS to Fiserv			
413141														45767		12084	0	9472				11039	22129	515							
413208	2993340	0	2104463	0	0	0	748284	0	551979	114623	0	0	0									222275							Oth Miscellaneous Liabilities		
413347														211	0	42	22	0	0	0	0	38	109	0	0	0	0				
413543														951	0	0	0	0	0	0	0	637	257	57	0	0	0				
413646														2925	0	193	0	0	0	0	0	655	1854	223	0	0	0				
413673														833	0	179	0	0	0	0	0	291	343	20	0	0	0	0			
413758														647	0	14	0	14	0	0	0	359	274	0	0	0	0				
414102														2558	0	1747	0	0	0	0	0	549	78	184	1747	0	0				
414652														881	0	0	23	0	0	0	0	317	541	0	0	0	0				
414764														4151	0	1942	0	0	0	0	0	1395	383	431	0	0	1401				
414858														1416	0	0	0	0	0	0	0	200	1101	115	0	0	0				
416245														267786		172136	0		51919			27871	53976	13803		48713		Equity Investment Obligations			
416272														1567	0	1025	0	0	716	0	0	42	500	0	0	0	0	Borrower Funds			
416339														350	0	151	0	0	0	0	0	105	64	30	0	0	0				
416357														663	0	0	63	0	0	0	0	221	379	0	0	0	0				
416656														2464	0	1011	0	0	0	0	0	494	959	0	680	0	0				
416674														5023	0	3314	0	0	2977	0	0	290	1133	286	0	0	0	SERP Accrual			
417626														3926	0	382	0	0	0	0	0	2740	433	371	0	0	0	Unfunded Pension Liability			
417710														200	0	0	0	0	0	0	0	135	65	0	0	0	0				
418100														366	0	225	0	0	101	0	0	93	13	35	0	0	0	Accrued FDIC Ins			
418249														11815	0	5283	0	0	0	0	0	2921	2961	650	4235	0	0				
418436														71	0	0	0	0	0	0	0	45	26	0	0	0	0				
419406														125120		80817	0					6455	35703	2145			21940				
419675														14181	0	2014	0	0	560	0	0	3378	8206	583	0	0	0	ATM Clearing Account			
419947														147	0	0	0	0	0	0	0	68	74	5	0	0	0				
420578														1041	0	106	0	63	0	0	0	225	579	131	0	0	0				
420644														1419	0	1052	0	0	0	0	0	114	63	190	689	0	0				
420877														580	0	374	0	0	0	0	0	36	74	96	0	0	0				
421445														527	0	0	0	0	0	0	0	79	383	65	0	0	0				
421539														1024	0	164	0	0	0	0	0	372	349	139	0	0	0				
422116														1939	0	696	0	16	680	0	0	108	1135	0	0	0	0	Lease Liability			
422433														38544		14018	0		10			18789	5037	700				Escrowed Funds	Income Taxes		
422657														1200	0	0	574	0	0	0	0	416	192	18	0	0	0				
423159														369	0	0	0	0	0	0	0	355	14	0	0	0	0				
423449														11133	0	8798	0	3755	0	0	0	818	201	1316	0	0	0				
423636														1322	0	582	0	0	0	0	0	302	394	44	516	0	0	Deferred Loan fees			
423739														12844	0	0	0	0	0	0	0	2928	7823	2093	0	0	0				
424156														2168	0	957	0	0	0	0	0	730	286	195	918	0	0				
424240														1556	0	24	20	0	0	0	0	1155	357	0	0	0	0				
424352														763	0	175	0	0	0	0	0	308	210	70	0	0	175				
424437														96		64	0					32	0	0							
425050														119	0	11	0	0	0	0	0	66	42	0	0	0	0				
425108														4699	0	2981	0	0	0	0	0	0	1481	237	1339	0	0				
425818														1513	0	202	0	0	125	0	0	637	503	171	0	0	0	Deferred Mastercard Signing Bonus			
425845														1578	0	567	141	0	0	0	0	523	347	0	567	0	0				
425911														12799	0	3834	0	0	795	1343	0	1681	5841	1443	0	1401	0	Other Liabilities	Refundable Federal Income Tax		
426057														821	0	564	0	0	564	0	0	203	0	54	0	0	0	Lease ROU LIability			
426141														257	0	28	0	0	28	0	0	56	173	0	0	0	0	Credit LIfe & Disability Ins			
426534														29265		7160	0					3691	15319	3095		3437					
426758														325	0	65	0	0	0	0	0	94	148	18	0	0	0				
426945														830	0	13	0	0	0	0	0	209	608	0	0	0	0				
427241														2293	0	1163	0	0	0	0	0	344	607	179	1163	0	0				
427353														6381	1000	4002	0	0	0	0	0	572	984	823	1843	0	0				
427858														378	0	17	0	0	0	0	0	86	175	100	0	0	0				
427960														525	0	165	0	165	0	0	0	278	13	69	0	0	0				
428060														9941	0	3750	0	0	0	0	0	2378	2963	850	0	0	3735				
428462														4589	0	3184	0	0	161	0	0	315	935	155	765	0	0	EFT SETTLEMENT			
428547														18575		10770	0		6596	3051		2328	3223	2254				Trade Date Securities Payable	Commitments to Fund Low Income Housing Tax Credit		
428855														949	0	542	0	535	7	0	0	353	0	54	0	0	0	cdars			
429021														4899	0	3033	0	0	279	174	0	1102	672	92	2509	0	0	electronic funds transfer suspense	loan suspense credits		
429487														13083	0	8033	0	0	0	0	0	476	4452	122	2159	0	4213				
430036														4180		2791	0				469	444	595	350			2169			Benefit Plan Reserve	
430054														1222	0	926	0	0	0	0	0	217	53	26	0	0	0				
430344														2346	0	871	0	0	1	0	0	1066	279	130	870	0	0	CDARS INCOMING RATEBRIDGE PAYMENT	RESERVE FOR STATE INCOME TAX		
431172														155658		90831	0		31330			7170	37325	20332			49544	Investment tax credit commitment			
431323														1482	0	163	0	94	0	0	0	692	627	0	0	0	0				
431350														825	0	338	0	0	0	0	0	336	146	5	338	0	0				
432058														1959	0	1346	0	50	60	0	0	196	145	272	0	0	1170	Debit Card Settlement			
432432														9192	0	2582	0	0	0	0	0	85	6525	0	2582	0	0				
433505														13468		3560	4318					253	4516	821			3560				
433608														84757		33682	0					4051	45539	1485			28822				
433859														938	0	271	329	0	200	0	0	262	76	0	0	0	0	Accrued Exp - Salary Expense			
433943														4480	0	2852	0	0	1392	0	0	780	848	0	1397	0	0	Escrow Payable			
434203														9645		7189	0					305	1133	1018	6562						
434539														2233	0	1481	0	0	0	0	0	328	424	0	1481	0	0				
435059														3338	0	1276	0	0	654	0	0	1118	628	316	548	0	0	Lease Liability			
435077														256242		240700	0	85174	113954			4	14640	898				Unclaimed Property			
435255														2338	0	755	241	0	583	0	0	796	546	0	0	0	0	Participation Settlement			
435666														1639	0	778	0	0	380	182	0	376	485	0	0	0	216	Unearned Origination Fees	BOLI Deferred Comp Liability		
435750														37507		31060	0					545	4938	964	2851		28209				
436159														174175		127667	270					20391	12915	12932			59289				
436542														3028	0	1128	0	0	0	0	0	1256	526	118	1127	0	0				
436739														3058	0	292	0	0	167	0	0	482	2074	210	0	0	0	Escrow Payable			
436953														7935	0	3164	0	0	2649	0	0	3033	789	949	0	0	0	Accrued Life Insurance			
437044														319	0	0	0	0	0	0	0	282	37	0	0	0	0				
437914														642101		541100	0					26226	62431	12344							
439132														4741		1251	0					2120	935	435			1251				
439338														29138		9718	0		3894			5579	10173	3668	1005	3662	969	Prepaid Debit Card & Everyday Rewards Points			
439356														8592	0	3844	0	0	1506	0	0	3069	1649	30	0	0	0	LIHTC MHEG Fund 56			
439404														24802	4000	15376	0					2176	6404	846							
439730														928	0	0	0	0	0	0	0	381	547	0	0	0	0				
440857														433	0	7	0	0	0	0	0	380	46	0	0	0	0				
440978														237	0	14	0	11	0	0	0	145	78	0	0	0	0	3			
441050														1284	0	131	0	0	0	0	0	917	184	52	0	0	0				
441078														2140	0	931	0	0	0	0	0	470	739	0	850	0	0				
441135														147	0	3	0	0	0	0	0	55	89	0	0	0	0	PPP Deferred Loan fees			
441256														14891		1675	0		665	446		5244	7322	650				Credit Card Rewards & Rebates	Accrued FDIC Ins & Special Assessment		
441359														2617	0	664	0	0	664	0	0	921	1009	23	0	0	0	difference of deff comp liab and other liab			
441470														52	0	0	1	0	0	0	0	0	51	0	0	0	0				
441630														573	0	33	0	0	0	0	0	353	117	70	0	0	0				
442011														1052	0	405	80	0	0	251	0	13	548	6	0	0	0		ATM Settlement		
442057														462	0	0	0	0	0	0	0	402	60	0	0	0	0				
442244														3237	0	1511	0	0	102	0	0	874	852	0	1409	0	0	UNUSED PTO			
442655														90	0	0	0	0	0	0	0	64	11	15	0	0	0				
443148														3003	0	2410	0	0	0	0	0	220	174	199	1522	0	0				
443205														60529	0	52693	0	0	0	0	0	27	7648	161	19011	32313	0				
443353														3592	0	1143	0	0	0	0	0	825	1624	0	729	0	0				
443625														1516	0	0	0	0	0	0	0	38	1478	0	0	0	0	0			
443634														632	0	0	0	0	0	0	0	304	299	29	0	0	0	Deferred SBA Origination Fees			
444350														5950	0	3515	0	0	0	0	0	359	2025	51	3515	0	0				
444556														4998	0	2852	0	10	0	0	0	779	917	450	1793	0	1040				
444677														1163	0	884	0	0	0	0	0	0	279	0	0	0	0				
445674														684	0	468	0	0	0	0	0	95	86	35	337	0	0				
445955														2620	0	769	0	0	0	0	0	913	743	195	669	0	0				
446130														2367		994	0					1373	0	0	341						
446149														404	0	0	80	0	0	0	0	319	0	5	0	0	0				
446176														170		41	0					51	78	0					0		
447070														2508	0	60	0	0	0	0	0	700	1748	0	0	0	0				
447100														29527		25571	0	145	897	1330	4611	111	3780	65	13050	4210	1084	ATM Settlement	Derivatives Collateral	Lead bank - loan payments due 3rd parties	
447557														1454	0	0	0	0	0	0	0	755	355	344	0	0	0				
448040														17478	0	4568	0	0	0	0	0	755	11621	534	0	1566	3002				
448554														4899	0	2603	0	0	0	0	0	1007	939	350	2196	0	0				
449038	1626	0	0	0	0	0	0	0	1626	0	0	0	0									0									
449430														6987	0	5892	0	0	3624	0	0	79	1015	1	0	0	1401	Reserve Escrow			
449832														1048		122	0					579	347	0							
449935														6143	0	4069	1560	3141	0	0	0	0	514	0	0	0	0				
450632														3234	0	1071	0	941	0	0	0	311	1062	790	85	0	0				
450669														124	0	0	109	0	0	0	0	15	0	0	0	0	0				
450753														5145		1849	0	146	1			2683	403	210	1647		54	IntraFi - Incoming Rate Bridge			
450856														84862		29579	0					8431	42521	4331		20031					
450959														5335	0	454	0	0	373	0	0	524	4157	200	0	0	0	Deferred revenue-signing bonus			
451068														2603	0	1586	0	0	895	0	0	466	329	222	454	0	0	ATM IN PROCESS			
451246														1124	300	573	0	0	0	0	0	411	55	85	0	0	0				
451273														1432		471	486		95			2	322	151			306	Res 401K Profit Sharing & 401K Matching Contributions			
451965	33076000	0	18752000	4014000	5720000	5316000	0	0	9076000	607000	0	0	0									627000						Delayed Equity Contributions under PAM Accounting			
452159														1436	0	196	424	171	0	0	0	636	86	94	0	0	0				
452739														1661	0	704	0	0	124	580	0	291	535	131	0	0	0	Escrow Reserve	Right of Use Liability		
452841														1761	0	668	0	0	0	0	0	832	261	0	637	0	0				
453147														327	0	0	0	0	0	0	0	94	226	7	0	0	0				
453446														4468	0	1698	0	0	1289	0	0	605	1819	346	0	0	0	Right of Use Liability			
454546														1806	0	142	0	118	0	0	0	204	1299	161	0	0	23				
454658														6810	0	0	0	0	0	0	0	646	6149	15	0	0	0				
454676														13758	0	3299	0	0	0	0	0	117	10107	235	0	0	3059				
454975														307	0	228	0	0	0	0	0	1	78	0	227	0	0				
455150														1084		880	0		609	270		204	0	0				Post Retirement Benefits	ESOP Contribution Payable	Fed Funds Payable	
455253														1694		807	0	80				108	508	271			594				
455459														2117	0	0	753	0	0	0	0	693	671	0	0	0	0				
455552														28244	0	22740	0	0	22740	0	0	494	5010	0	0	0	0	SWAP Variation Margin Collateral			
455945														907	0	439	0	0	0	0	0	385	0	83	0	0	0				
455972														17142		7847	0		4917			1740	5305	2250			2869	LIHTC Liability			
456045														198506		83897	0		44594	7087		10619	65907	38083				Lease Liability	Escrow Payable-Trimont		
456054														1416	0	900	53	0	0	0	0	181	282	0	900	0	0				
456344														449	0	0	0	0	0	0	0	449	0	0	0	0	0				
456755														2129		938	0					780	411	0	896						
457060														733	0	42	0	0	0	0	0	475	216	0	0	0	0				
457220														1022	0	131	0	0	0	0	0	815	76	0	0	0	0	ATM SUSPENSE ACCOUNT			
457426														1987	0	423	0	131	233	0	0	1054	510	0	0	0	0	FISERV EFT SETTLEMENT			
457752														4827	0	2296	0	0	0	0	0	341	1940	250	610	0	1622	Deferred revenue			
458142														838	0	20	0	0	0	0	0	514	302	2	0	0	0				
458544														6719	0	1055	0	0	0	0	0	1709	2736	1219	764	0	0				
458665														885	0	8	0	0	0	0	0	174	450	253	0	0	0				
458946														468	0	14	0	1	0	0	0	292	162	0	13	0	0				
459130														4231	0	3326	0	0	0	0	0	420	348	137	2538	0	0	DEFERRED PENSION PAYABLE			
459372														16965	0	14370	0	0	13886	0	0	694	1901	0	0	0	0	SUPPLEMENTAL DEF COMPENSATION LIABILITY			
459644														963	202	739	0	0	234	0	0	83	91	50	267	0	0	Benefit Plan Reserve			
459671														25371		6444	0	61				55	15046	3826			6106				
460033														31539		3598	0					8009	18755	1177			715				
460275														290	0	0	0	0	0	0	0	0	290	0	0	0	0				
460332														765	0	190	0	0	190	0	0	307	203	65	0	0	0	Other Liabilities			
460350														386		26	16		22			151	127	66				Core Conversion Liability			
460556														461	0	396	0	41	355	0	0	65	0	0	0	0	0	Drafts in Process			
460770														816	0	107	0	0	0	0	0	196	391	122	0	0	0				
461058														1750	0	488	0	0	0	0	0	276	909	77	0	0	0	Reserve for Fraud/Loss for ATM/Debit			
463605														2754	161	1547	0	0	0	0	0	96	515	596	1386	0	0				
463650														12664	0	7987	0	0	0	0	0	1492	1920	1265	3052	0	3540				
463735														454336		306076	0					10132	111028	27100	76958		127756				
464853														1605	0	1475	0	0	0	0	0	130	0	0	1475	0	0				
465038														1414	0	151	0	151	0	0	0	182	846	235	0	0	0				
465243														2383	0	1340	0	0	0	0	0	406	555	82	725	0	0				
465524														430	0	0	0	0	0	0	0	175	233	22	0	0	0				
465618														16563	0	9527	0	0	0	0	0	4607	2301	128	6031	0	2485				
465672														1844	0	953	0	0	0	0	0	277	485	129	840	0	0				
466044														1499		0	0					670	632	197							
466240														13594	0	4943	0	2514	2292	0	0	1929	6681	41	0	0	0	HR Liabilities			
466754														11476	0	1811	0	0	0	0	0	7314	1788	563	1811	0	0				
466932														274	0	117	0	0	0	0	0	114	43	0	0	0	0				
467144														467	0	239	0	0	0	0	0	175	42	11	233	0	0				
467470														967	0	169	0	0	0	0	0	20	777	1	0	0	0				
467658														9072	0	5624	0	3940	0	0	0	866	2079	503	1162	0	0				
467733														1128	0	463	0	0	113	209	0	520	145	0	0	0	0	Payroll Payable	Passport Switch		
468673														4314	0	1754	0	575	0	0	0	2005	555	0	1107	0	0				
468806														39665	0	5276	0	0	2873	0	0	20406	13806	177	0	0	0	Holdback Account			
469250														51	0	12	0	0	0	0	0	36	2	1	0	0	0				
469559														1337	0	0	58	0	0	0	0	907	327	45	0	0	0	Unearned Revenue PPP Fees			
469737														3688	0	401	0	55	0	0	0	314	2383	590	0	0	0				
470032														2367	0	1420	0	538	0	0	0	926	21	0	813	0	0				
470050														77691		38575	0	12458	24965			5608	23593	9915				Securities purchased not settled			
470434														1666	0	1441	0	3	526	0	0	118	107	0	0	0	912	Mortgage LIabilities			
470452														14303		8021	0	896				1821	3745	716	3278		3768				
471057														233		95	0					129	9	0							
472018														667	0	87	0	0	0	0	0	87	435	58	0	0	0				
472045														188	0	0	24	0	0	0	0	163	0	1	0	0	0				
472148														349	0	249	0	0	0	0	0	45	55	0	249	0	0				
472250														75		0	0					72	3	0							
472531														585	0	0	0	0	0	0	0	173	412	0	0	0	0				
472616														11769		8903	136					1030	1571	129	7749						
472951														878	0	0	51	0	0	0	0	116	701	10	0	0	0				
472979														622	0	0	0	0	0	0	0	394	228	0	0	0	0				
473042														26886	0	19355	0	0	1419	0	0	2368	4509	654	0	0	10263	LIHTC			
473257														971	0	0	0	0	0	0	0	471	243	257	0	0	0				
473266														13402	0	3626	0	0	0	0	0	1750	5273	2753	0	0	1880				
473501														175381		126445	0					6537	33328	9071			53136				
473930														2833	0	261	0	0	0	0	0	1001	1571	0	0	0	0				
474058														115	0	0	0	0	0	0	0	53	26	36	0	0	0				
474245														252	0	86	0	26	55	0	0	92	20	54	0	0	0	Other Accrued Liabilities			
474254														83181		52382	0					6894	19999	3906	24387						
474357														929	0	522	0	0	0	0	0	208	175	24	424	0	0				
474450														1331	0	167	0	0	106	0	0	466	657	41	0	0	0	Deferred Debit Card Incentives			
474544														247	0	0	0	0	0	0	0	100	147	0	0	0	0				
474656														926	0	561	0	0	518	0	0	300	30	35	0	0	0	Wire fraud recovery			
474759														152737		119807	0		36560			4959	26962	1009	32034			Loans Subject to GNMA repurchase rights			
474919														508050		339028	0					23218	131624	14180			162001				
475345														2342	0	0	0	0	0	0	0	395	1945	2	0	0	0				
475354														7828	0	2767	0	0	0	0	0	1962	2408	691	2268	0	0				
475653														4376	0	1213	0	0	0	0	0	1042	1718	403	817	0	0				
475756														1149	0	157	0	149	0	0	0	329	503	160	0	0	0				
476445														363	181	181	0	0	0	0	0	169	13	0	0	0	0				
476472														1956	0	953	0	0	0	0	0	164	839	0	0	0	448				
476539														3942	0	3259	0	0	2977	0	0	536	0	147	0	0	0	ACCR PENSION LIAB			
476810	68303000	0	53080000	1076000	0	16112000	0	0	11773000	1582000	0	0	0									792000						Brokerage Payable			
477303														5085	0	3905	0	0	0	0	0	151	840	189	3031	0	0				
477321														13097	0	10470	0	1016	5035	0	0	641	1606	380	4336	0	0	LIHTC CAPITAL CONTRIBUTION OBLIGATION			
477349														6267		5414	0		3708			456	322	75				Student Loan Unearned Income			
477648														2245	0	295	0	0	0	0	0	513	1322	115	0	0	0				
477844														1091	0	400	0	0	0	0	0	445	159	87	395	0	0				
478140														759	0	452	0	0	0	0	0	175	132	0	0	0	0				
478195														2841	0	98	0	0	0	0	0	1084	1659	0	98	0	0				
479071														5534	0	3731	0	0	0	0	0	39	1755	9	0	0	3678				
479268														141012		56252	0					1637	82602	521	55812						
479370														3043	0	636	0	208	0	0	0	76	2031	300	0	0	0	Rent Liability	ATM/POS Clearing		
479446														4582	0	2975	0	0	0	0	0	112	1140	355	2586	389	0				
479567														856	0	31	0	0	0	0	0	90	735	0	0	0	0				
479754														1989	0	921	0	0	0	0	0	722	346	0	921	0	0				
479839														8611	0	3593	0	0	0	0	0	3343	679	996	1834	0	0				
480059														322		0	0					79	243	0							
480228	45497000	0	31896000	552000	8373000	0	0	0	10296000	1141000	0	0	0									1612000									
480246														50	0	0	0	0	0	0	0	38	12	0	0	0	0				
480330														294		4	16	4				92	182	0				Accounts payable			
480433														2144	390	396	0	0	0	0	0	1130	618	0	0	0	0	Unfunded Pension			
480723														5097		3937	0					599	393	168			2262				
480853														3259	0	740	0	0	0	0	0	202	2317	0	613	0	0	Deferred Income			
481159														295	0	0	0	0	0	0	0	48	247	0	0	0	0				
481177														13638		9395	0	6588				1155	2938	150							
481579														592		86	0					384	99	23							
481627														3917	0	2364	0	0	0	0	0	693	807	53	1503	0	0				
481748														166	0	0	0	0	0	0	0	82	74	10	0	0	0				
481944														774	0	142	0	0	0	0	0	259	265	108	0	0	0				
482053														4786	0	3148	0	0	17	2	3090	1123	492	23	0	0	0	CDARS incoming Rate Bridge Payment	CDARS deferred fee liabilities	Swap Margin Collateral	
482156														6628	0	2609	0	0	0	1200	0	2891	855	273	1034	0	0	Loan Sale Repurchase Reserve	Unsold AFS Loan Reserve		
482370														298		177	0	31	73		73	107	14	0				Divendend Checks Outstanding & Stale	Backup Withholding	Debit Card Settlements	
482446														1719	348	426	0	0	0	0	0	255	1003	35	0	0	0				
483274														2664	0	185	0	0	0	0	0	467	1997	15	0	0	0				
483537														1486	0	929	0	0	0	0	0	258	269	30	0	0	929				
483751														4793	0	1246	0	0	0	0	0	1279	2178	90	1242	0	0				
484057														953	0	738	0	0	0	0	0	77	126	12	738	0	0				
484776														2487	0	529	0	0	0	0	0	1405	475	78	527	0	0				
485054														280	0	0	0	0	0	0	0	93	187	0	0	0	0				
485139														1224		686	0					300	238	0	574						
485214														2083	0	52	0	26	0	0	0	1423	392	216	0	0	0				
485456														3767	0	1527	0	0	0	0	0	844	548	848	0	0	1212	ATM Settlement			
485559														1510839		1053048	0		281634			108207	262998	86586		298782	334125	LIHTC Funding Commitments			
487142														289	0	0	0	0	0	0	0	193	96	0	0	0	0				
487357														4583		1665	0	300				664	2244	10	1321		44				
488318	2568	0	2069	0	597	1472	0	0	499	0	0	0	0									0						Deferred Income			
488420														264	0	4	0	0	0	0	0	140	117	3	0	0	0				
488653														6752	0	5855	0	0	3510	0	0	43	757	97	2318	0	0	Customer Escrow Balance			
488756														538	0	175	0	1	0	0	0	200	163	0	174	0	0	Agency Accounts Payable			
489155														652	0	16	132	16	0	0	0	149	355	0	0	0	0				
489249														130	0	14	0	0	0	0	0	92	23	1	0	0	0				
489548														4415	0	815	0	68	0	0	0	1025	2411	164	648	0	0				
489623														112664		84848	0		33281	9520		5256	17496	5064	19403	641	17519	Low Income Housing Commitments	Capital Investment Commitments		
490348														480	0	9	0	0	0	0	0	277	194	0	0	0	0	0			
490450														9131	257	862	0	0	497	0	0	2554	4235	1480	0	0	0	Provision for Other Losses	Ad Valorem Taxes Payable		
490843														361	0	225	0	0	151	0	0	95	17	24	0	0	0	OTHER ACCRUED EXPENSES			
490955														201	0	8	183	0	0	0	0	10	0	0	0	0	0				
491224	9194000	0	4164000	3512000	1248000	0	0	1077000	1178000	288000	0	0	0									52000								Credit Balances Factor Clients	
491402														8744	0	1837	0	0	0	0	0	93	6396	418	0	0	867				
491653														424	0	4	0	0	0	0	0	265	145	10	0	0	0				
491934														14262	0	5142	0	0	0	0	0	1709	6476	935	0	0	0				
492650														7684		1101	0	2	42			5187	1396	0				CDARS INCOMING RATEBRIDGE PAYMENT			
492810														1345		179	80	179				301	785	0				Pension			
493077														788	0	564	0	9	231	0	0	12	193	19	273	0	0	ATM SUSPENSE			
493152														3509	0	1593	0	0	0	0	0	1442	474	0	1593	0	0				
493741														5372	0	1532	0	0	0	0	0	548	2823	469	1256	0	0				
493844														2722	0	509	0	0	0	0	0	988	960	265	0	0	0				
494261														431274		232434	0		71086			34214	135405	29221			128340	Unfunded Commitment - LIHTC investments			
494654														3963	0	991	0	0	0	0	0	1400	1452	120	0	0	905				
495419														6805	0	4536	0	0	0	0	0	709	1459	101	2897	0	0				
495558														3623	481	481	0	0	0	0	0	72	3055	15	0	0	0				
496434														982	0	711	0	0	0	0	0	49	218	4	706	0	0				
496845														1889		0	0					988	771	130							
496957														823	0	529	0	0	0	0	0	294	0	0	0	0	0	Payroll Payable	Dividends Payable		
497039														10016	0	3284	256	0	0	0	0	3912	2494	70	939	0	1435				
497404	6072494	0	4033874	0	0	1040409	0	0	1691318	241082	0	0	1785760									106220						Due to Broker			
497655														774	0	514	0	0	318	162	0	154	61	45	0	0	0	Lease Liability	ATM clearings		
497851														3226	0	2006	0	0	1995	0	0	837	383	0	0	0	0	Accrued Salary Continuation			
497954														6487	0	2748	0	0	1008	0	0	1823	807	1109	0	0	0	End of year payable			
498148														8800	0	5671	0	0	0	0	0	1282	1558	289	5467	0	0				
498317														25734		5464	0					5504	14129	637	4130						
498362														25681		15333	0					2611	6337	1400	9516	167					
498456														109	0	0	0	0	0	0	0	19	83	7	0	0	0				
498531														6544	0	875	0	0	0	0	0	2679	2199	791	800	0	0	0			
498625														1668	0	1462	0	0	493	691	0	166	40	0	0	0	0	Mortgage Insurance Premiums	Employee Benefit Liability		
498942														281	0	0	0	0	0	0	0	150	123	8	0	0	0				
499154														619	0	38	0	0	0	0	0	136	445	0	0	0	0				
499453														4019	0	891	0	0	0	0	0	1343	1650	135	0	748	0				
499501														29728	0	19695	0	0	0	0	0	1507	6970	1556	9563	0	7238				
499743														3547		91	0					2444	923	89							
499752														176	0	0	0	0	0	0	0	1	172	3	0	0	0				
499855														3655	0	2135	0	0	0	0	0	893	627	0	1295	0	746				
500256														1086		157	0					744	0	185							
500658														411	0	0	5	0	0	0	0	34	290	82	0	0	0				
501105	3796484	0	2239488	0	0	594859	0	0	1334251	80000	0	566186	643734									142745						Low Income Housing and Energy Credit Investment			
501132														5535	1461	2509	0	0	0	0	0	1610	1332	84	862	0	0				
501459														7267	0	2281	0	1	0	0	0	1436	3487	63	940	0	441	Saint Louis Equity Fund Liability			
501655														1472		894	0		894			460	118	0				OFFICERS RETIREMENT			
501767														2725	0	2470	0	2	0	0	0	255	0	0	2425	0	0				
501815														14347		7927	0					1455	4943	22	5580		2200				
502111														31304	0	26679	0	7029	13082	0	0	262	3842	521	0	0	0	Due to Securitization Participants			
502447														734	0	73	0	0	0	0	0	373	288	0	0	0	0				
502559														2699	0	1836	436	0	0	1113	0	114	313	0	0	0	0		UNAMORTIZED CHARGES/FEES UNEARNED		
502652														2668	0	559	0	0	0	0	0	900	1052	157	0	238	173				
502746														1654	0	354	0	0	188	0	0	551	560	189	0	0	166	Deferred Fee Liability - VISA			
502849														23786	0	12416	0	0	6464	0	0	4052	4965	2353	0	0	0	LOW INCOME HOUSING TAX CREDIT PAYABLE			
503547														183	0	0	58	0	0	0	0	38	68	19	0	0	0				
503640														7678	0	5474	0	3592	0	0	0	44	1902	258	0	0	0				
504142														1019	0	749	0	3	0	0	0	29	193	48	628	0	0				
504311														8312	0	5938	0	0	0	0	0	472	1677	225	4733	0	0				
504535														1356	0	290	0	0	0	0	0	528	286	252	112	0	0				
504647														153	0	0	0	0	0	0	0	28	118	7	0	0	0	Unearned PPP fee income			
504713	20086582	0	14517450	3991	0	0	0	0	4652837	325241	0	0	0									587063									
505550														2984	0	1065	0	0	340	289	378	1067	622	230	0	0	0	FHLB Borrowed Money Accrued Int	Deferred Income	ATM-Debit Card Processing	
505916														266	0	207	0	15	0	0	0	59	0	0	0	0	0				
507068														36946		10699	0					858	23309	2080	10014						
507152														2880	0	905	0	0	0	0	0	858	1117	0	887	0	0				
507349														375	0	187	0	4	0	0	0	106	58	24	183	0	0				
507509														36461		15255	0	23	13332			93	20222	891		415		Right of Use Liability			
508270														809	0	4	0	0	0	0	0	756	49	0	0	0	0				
508346														10186	0	4696	0	0	0	0	0	1497	2995	998	0	0	2891				
508355														4009	0	1199	0	0	0	0	0	530	1960	320	1196	0	0				
509811														51480		12710	0					14647	22781	1342			11865				
509857														157	0	85	0	0	0	0	0	35	35	2	0	0	0				
509950														117239		74138	11941					5030	13658	12472	33308						
510330														4766	0	1603	0	0	0	0	0	271	2592	300	1206	0	0				
510648														1978	0	1266	0	0	1209	0	0	455	168	89	0	0	0	Stock Appreciation Rights Plan Liability			
510871	167946	0	97080	0	0	0	0	0	40707	3367	0	0	58316									26792									
510938														5056	0	3277	0	0	2333	0	0	356	1294	129	0	0	0	LIHTC Payable			
510947														1428	0	871	0	0	0	0	0	433	104	20	777	0	0				
511832														3465	0	1667	0	0	0	0	0	1550	174	74	1667	0	0				
513256														865		0	0					142	562	161							
513322														595	0	0	0	0	0	0	0	50	533	12	0	0	0				
513340														2583	0	1226	0	0	491	0	0	206	1118	33	0	0	627	Develop Michigan Commitment			
513546														681	0	0	0	0	0	0	0	105	544	32	0	0	0				
513854														754	0	62	0	0	0	0	0	87	605	0	0	0	0				
514048														6469	0	4824	0	0	1456	0	0	934	142	569	1432	0	0	Loan Origination Fees			
514057														159	0	0	54	0	0	0	0	25	80	0	0	0	0				
514066														38338	0	28300	0	0	0	0	0	886	8666	486	0	0	22273				
514132														3061	0	1410	0	0	0	785	0	652	901	98	0	0	0	Accrued Profit Share	BOLI Liability		
514356														58		0	0					23	11	24							
514655														2392	0	624	0	0	0	0	0	256	1062	450	0	0	0			0	
514936														2871	0	144	0	0	118	0	0	2130	539	58	0	0	0	Loan Escrow Insurance and Taxes			
515979														0	0	0	0	0	0	0	0	0	0	0	0	0	0				
516154														883	0	0	0	0	0	0	0	571	312	0	0	0	0				
516855														2684	0	108	0	0	0	0	0	1309	646	621	0	0	0				
516873														278	0	207	0	0	0	0	0	0	71	0	94	0	0				
517049														10471	0	630	0	0	0	0	0	2536	5114	2191	139	0	442				
517357														15898	0	7590	0	0	0	0	0	2015	5685	608	2151	0	5376				
517441														1896	0	36	0	0	0	0	0	480	1321	59	0	0	0				
517674														11731	0	8261	0	0	2181	0	0	1561	1503	406	6065	0	0	Deferred Income LPL Proceeds			
518037														6736	0	0	0	0	0	0	0	2746	3211	779	0	0	0				
518176														510	0	486	0	0	0	0	0	1	13	10	486	0	0				
518354														1805	0	0	0	0	0	0	0	95	1710	0	0	0	0				
518877														1282	0	548	0	0	0	0	0	249	302	183	0	0	0				
519146														5417	0	3125	0	0	0	0	0	1281	1011	0	2894	0	0				
519360														2654	0	892	0	0	145	0	0	744	992	26	493	0	0	Defer compensation postretirement split dollar			
519445														2453	0	1617	0	0	475	409	0	742	94	0	0	0	0	Escrow Reserve	Right of Use Asset		
519874														415	0	0	0	0	0	0	0	415	0	0	0	0	0	Federal Reserve Borrow	Accrued Interest Fed Disc		
520003														18582	0	13204	0	0	0	0	0	486	4337	555	5426	0	6551				
520423														2327	0	1196	0	1084	0	0	0	413	676	42	0	0	0				
520777														708	0	0	0	0	0	0	0	144	476	88	0	0	0				
521158														3794	0	2432	0	870	0	0	0	547	710	105	596	0	800				
521970														7068	0	5989	0	1691	560	1351	0	73	958	48	2387	0	0	OTHER LIABILITIES	OUTSTANDING CHECKS		
522034														1249	0	10	0	0	0	0	0	512	717	10	0	0	0				
522454														191	0	20	0	0	0	0	0	113	42	16	0	0	0				
522605														47553		33376	0					5517	5685	2975	7898			FV Liability Customer Loan Swaps			
522669														2138	0	830	0	0	678	0	0	434	675	199	0	0	0	Deferred Income			
522753														1747	0	496	0	0	0	0	0	723	468	60	379	0	0				
523161														4418	809	2253	0	0	0	0	0	1247	683	235	1410	0	0				
524579														8157	0	5746	0	1208	0	0	0	699	1071	641	3774	0	0				
524757														612	0	314	87	114	17	13	0	158	12	41	17	0	0	FDIC Assessment Payable	Property Tax Payable		
524766														530		0	0					142	231	157							
524953														1705	0	181	0	112	0	0	0	560	430	534	0	0	0				
524971														9979		5405	0	4218				10	4207	357	1187						
525053														9203		2318	0					1605	5101	179	1342		976				
525549														23313	0	13017	0	0	0	0	0	1352	7546	1398	3251	0	3837				
526452	38862	0	5000	12642	0	0	0	0	18846	543	0	0	1706									1831									
526519														19467	0	14940	0	0	0	0	0	3308	848	371	0	0	9028				
526854														12443		7338	0		709			3771	1294	40	6573			Unearned Fees			
527057														516	0	9	0	0	0	0	0	237	243	27	0	0	0				
527178														2934	0	2178	0	0	756	0	0	236	520	0	0	0	0	Clearing Account			
527600														19255	0	16634	0	0	0	0	0	1113	1104	404	9624	0	0				
527749														289	0	39	0	0	0	0	0	174	76	0	0	0	0				
527954														589017		81603	0		26264			46716	439432	21266			26630	Deferred Revenue			
528102														2849	0	2040	0	0	0	0	0	0	714	95	0	0	2040				
528241														488	0	15	0	0	0	0	0	110	363	0	0	0	0				
528849														22618	0	15212	0	0	0	0	0	1149	5537	720	3874	0	8139				
528960														10865		1215	0					3727	3623	2300			1149				
529275														4176	0	260	0	240	0	0	0	2606	1282	28	0	0	0				
529341														29304	0	23990	0	0	6834	10668	0	935	4379	0	927	1578	3399	SERVICED LOANS P&I/T&I	OTHER LIABILITIES		
529659														3305	0	1875	0	0	0	0	0	806	624	0	1270	601	0				
529958														18846		8031	0					0	8131	2684							
530655														3719	0	782	0	0	0	0	0	1149	1788	0	548	208	0			Paycheck Protection Program Fees Collected	
530851														1819	0	371	0	0	0	0	0	1165	243	40	0	0	0				
531157														668	0	352	0	0	0	0	0	268	48	0	0	0	0				
531250														8185	0	2727	0	0	0	0	0	1968	3192	298	2110	0	0				
532042														7023	0	1300	0	0	0	0	0	1627	3747	349	1289	0	0				
532453														823	0	536	0	0	0	0	0	245	42	0	536	0	0				
532752														546	0	149	0	0	0	0	0	374	23	0	0	0	0				
533124														3981	0	2528	0	0	0	0	0	398	960	95	0	0	2249				
533227														771	0	298	0	0	0	0	0	68	405	0	298	0	0				
533535														933	0	28	0	0	0	0	0	745	160	0	0	0	0				
534073														7	0	0	0	0	0	0	0	0	7	0	0	0	0				
534242														269	0	42	0	0	0	0	0	50	177	0	0	0	0				
534466														3461	0	3051	0	0	0	0	0	307	61	42	0	0	2369				
534756														1808	0	932	0	0	83	0	0	149	727	0	848	0	0	cont liab spencer bancshares			
534859														627	0	0	147	0	0	0	0	223	244	13	0	0	0				
534877														4593	0	2031	0	0	0	0	0	770	1766	26	0	1138	520				
535034														829	0	56	0	0	0	0	0	395	378	0	0	0	0				
535575														440	0	144	0	0	0	0	0	25	253	18	0	0	0	Pension Reported in OCI per ASC715-20			
535753														52135	0	35702	0	0	0	0	0	9791	3578	3064	0	0	28001				
535931														2103		817	0		271			698	524	64	492			EFT settlement			
535940														1074	0	459	99	0	0	0	0	369	68	79	434	0	0				
536059														35614		6861	0	3469				20457	6191	2105			2246				
536349														2028	0	14	0	0	0	0	0	729	1285	0	0	0	0				
536527														5275	0	2447	0	0	0	0	0	868	1960	0	0	0	2005				
536554														8728	0	2273	0	0	1970	0	0	3034	1889	1532	0	0	0	Lease liability			
536853														104	0	0	0	0	0	0	0	56	48	0	0	0	0				
537243														693	0	284	0	0	7	0	0	328	81	0	103	0	0	CDARS INCOMING RATEBRIDGE PAYMENT	CDARS IN-CLEARING / PROCESS		
537449														67801		45710	0					9198	10920	1973		41228					
537551														2442	0	0	0	0	0	0	0	2246	196	0	0	0	0				
537560														16254		7968	0					3492	4794	0			7007				
538222														1519		1316	0					183	1	19	1316						
538473														22180	0	14987	0	3710	0	0	0	2436	3721	1036	0	784	10491				
538754														5363	0	3451	0	0	0	0	0	791	1121	0	3441	0	0				
538802	38670	0	29893	0	4571	0	0	0	472	839	0	0	24577									7466									
539032														50660		43379	0	155	14090	11712		6862	419	0				Salary Continuation	Min. Pension Liability	FX Fwd Contract	
539340														3002	0	1153	0	0	0	0	0	860	989	0	1153	0	0				
539377														3033	325	1064	0	0	0	0	0	787	975	207	0	0	0	Branch Lease			
539452														1365	0	1277	0	0	0	0	0	88	0	0	0	0	0				
539872														3389	0	2201	0	0	0	0	0	98	825	265	2012	0	0				
540056														3138	0	1452	0	1427	0	0	0	1324	342	20	0	0	0				
540542														920	0	0	0	0	0	0	0	49	871	0	0	0	0				
540551														21677		14312	0					1941	4174	1250	5938	1619					
540739														2153	0	458	0	0	0	0	0	768	909	18	450	0	0				
540775														4181		2161	0			686		347	1523	150			669	ATM Settlement	Borrowers Funds		
540850														388	0	0	0	0	0	0	0	203	185	0	0	0	0				
541101	7921000	0	4437000	759000	1441000	0	0	0	2560000	69000	0	0	0									96000									
541231														4697		3348	0		615			1315	34	0	2282			ADECA Guaranty Funds			
541307														1855	0	1043	0	810	0	0	0	152	460	200	0	0	0	Other Liabilities			
541642														597	0	97	1	43	0	0	0	214	276	9	0	0	0				
541754														1606	0	233	0	0	0	0	0	543	830	0	233	0	0				
541857														5412	0	1824	0	625	0	0	0	1776	1682	130	1142	0	0				
542153														1443	0	765	0	301	330	0	0	192	430	56	0	0	0	Unearned/Unexpended Payroll			
542340														5783	0	331	0	0	0	0	0	2095	2777	580	307	0	0				
542528														53115		15558	0	1427				8311	25693	3553	5674		2277				
542667														6200	0	4293	0	0	1137	0	0	1679	190	38	2435	0	0	Trustes Fees			
542854														340	0	306	0	0	0	0	0	18	14	2	0	0	0				
543262														25418		9670	0					4304	11444	0	8483						
543459														5342	0	109	0	0	0	0	0	1560	3588	85	0	0	0				
543945														3412	0	0	0	0	0	0	0	2040	1179	193	0	0	0	5			
544335														1490	0	291	0	39	0	0	0	591	608	0	7	0	0				
544447														811	0	0	0	0	0	0	0	648	163	0	0	0	0				
544652														5053	0	2185	0	0	0	0	0	732	2005	131	0	0	2011				
544951														46	0	6	0	0	0	0	0	40	0	0	0	0	0				
545604														10461	0	7035	0	0	0	0	0	18	2771	637	3470	0	0				
546003														31241	0	16083	0	0	0	0	0	1733	13330	95	0	4046	10672				
546320														537	0	173	0	0	0	0	0	213	151	0	165	0	0				
546535														2325	0	1	0	0	0	0	0	743	1256	325	0	0	0				
546544														9811	0	2032	0	0	0	0	0	3600	3794	385	0	0	1828				
547251														160		0	0					12	148	0							
547550														961	0	0	0	0	0	0	0	376	431	154	0	0	0				
547840														36254		20299	0					777	13196	1982			17061				
548052														1001	0	579	0	0	201	0	0	318	69	35	239	0	0	deferred vacation expense			
548267														2234	0	1642	0	0	1255	0	0	181	317	94	0	0	0	DEFERRED RETIREMENT PAYABLE			
548351														27798		15258	0					3612	8865	63	7760						
548472														497	0	434	30	0	0	0	0	33	0	0	434	0	0				
548771														9696	0	5039	0	0	1863	0	0	691	3744	222	0	0	0	Right of Use Lease Liability			
549862														2308		30	0					1144	654	480							
550279														3162	0	365	0	0	365	0	0	1209	1571	17	0	0	0	ATM cash clearing & other			
550354														1083		758	0					142	126	57			200				
550448														444	0	0	0	0	0	0	0	404	30	10	0	0	0				
550635														7303	0	5322	0	1182	998	648	0	1419	562	0	836	1370	0	Cash ATM Items awaiting disposition	Federated Cash Sweeps in Process		
550653														464	0	0	287	0	0	0	0	115	62	0	0	0	0				
550952														2001	0	1056	0	0	888	0	0	298	608	39	0	0	0	POST RETIREMENT BENEFIT OBLIGATION			
551016														2061	0	1658	0	0	0	0	0	31	372	0	1304	0	0		0		
552059														1932	0	715	0	0	0	0	0	698	478	41	654	0	0				
552161														18871	0	2405	3883	0	0	0	0	5509	4808	2266	1910	0	0				
552545														5354	0	3461	0	0	1301	1980	0	863	1030	0	0	0	0	Commitment on Equity Investments	Swaps		
552956														107	0	0	0	0	0	0	0	54	33	20	0	0	0				
552974														1798		538	0	135				341	886	33							
553038														2058	0	1647	0	687	0	0	0	211	0	200	189	0	0				
553926														1023		614	0	46				149	162	98	524						
553944														2420	0	747	0	0	160	417	0	605	890	178	0	0	0	deferred gain on CSI contract credits	accrued expenses		
554343														714	0	0	0	0	0	0	0	135	554	25	0	0	0				
554857														10530		4067	0			435		4784	1229	450	3632			ACCRUED INTEREST ON BORROWINGS	OTHER LIABILITIES		
555256														2702	0	1328	0	0	0	0	0	424	839	111	0	0	0				
556011														3671	0	18	0	0	0	0	0	1225	2428	0	0	0	0				
556459														8222	0	3428	0	0	0	0	0	1404	3043	347	2513	0	0				
556936														11403		3418	0					2731	4957	297	2801						
557317														37590		19635	0					1220	14678	2057			14340				
557438														1913	0	8	0	0	0	0	0	141	1764	0	0	0	0				
557858														42716		19310	0		8150			11210	10604	1592	10034			LIHTC Notes Payable			
559179														151	0	130	0	0	108	0	0	10	11	0	0	0	0	Construction loans in process/out of draw period			
560214														143	0	0	0	0	0	0	0	66	77	0	0	0	0				
560353														727	0	0	0	0	0	0	0	346	322	59	0	0	0				
560438														400	0	44	0	0	0	0	0	256	100	0	0	0	0				
560830														646	0	245	0	0	0	0	0	98	303	0	0	0	0				
561145														4329	0	0	0	0	0	0	0	2099	2201	29	0	0	0				
561574														4744	0	950	0	0	511	0	0	459	3006	329	0	0	0	AFFORDABLE HOUSING COMMITMENT			
561659														5818		3211	0		990			406	1531	670	2030			Equity Fund of Nebraska			
561864														5667	0	3592	0	0	600	0	0	420	1294	361	0	0	0	Bonus			
562058														3302	0	1029	0	0	947	0	0	1017	736	520	0	0	0	FISERV NETWORK SETTLEMENT			
563233														3729	0	3405	0	478	0	0	0	72	252	0	0	0	0				
563336														563	0	492	0	0	0	0	0	59	12	0	492	0	0				
563457														2133	0	1910	0	0	0	0	0	179	44	0	1910	0	0				
563934														428	0	3	105	0	0	0	0	162	158	0	0	0	0				
564052														1017	0	148	0	148	0	0	0	864	5	0	0	0	0				
564324														4391	0	2690	0	0	0	0	0	672	1029	0	2476	0	0				
564463														1792	0	926	0	0	496	0	0	633	154	79	236	0	0	Salary Continuation - Accrued Liability	Year End Bonus Paybable	Year End MLO Bonus Payable	
564557	13170	0	2644	0	0	0	0	0	3481	1318	0	0	2455									5727									
564678														453		411	0					0	18	24							
564838														1133	0	370	0	21	0	0	0	492	198	73	227	0	122				
565143														6557		1735	0	999	626			815	3992	15				DEBIT CARD SETTLEMENT			
565170														6803	0	6571	0	0	0	0	0	1	231	0	6015	0	0				
565536														1025	0	381	34	0	0	0	0	243	343	24	335	0	0	CDARS DEFERRED FEE LIABILITIES			
565750														14308	0	2590	0	0	0	0	0	1388	7332	2998	0	0	1870				
565844														928		549	133					188	2	56	507						
566056														1589	0	397	0	172	0	0	0	320	872	0	0	211	0				
566243														810	0	49	325	0	0	0	0	302	89	45	0	0	0				
567240														806	0	0	0	0	0	0	0	447	273	86	0	0	0				
567679														2947	0	2033	0	0	1294	0	0	171	743	0	0	0	0	Miscellaneous Liabilities			
567736														1362	0	1070	0	0	286	0	0	291	0	1	628	0	0	Unearned Income			
568126														9871	0	6743	0	0	6743	0	0	309	2819	0	0	0	0	Participation loan payments due other banks			
568135														1827	0	340	0	0	147	0	0	719	719	49	0	0	0	DEFERRED INTEREST INCOME			
568359														6502		3543	0		188			2292	545	122	491		2699	FHLB - AHP FUNDS			
568377														1043	0	0	0	0	0	0	0	666	368	9	0	0	0				
568470														35382		28103	0		4074			415	4838	2026				Interest Rate Swap Mark to Market			
568939														1794	0	527	0	0	522	0	0	889	158	220	0	0	0	Misc Payable for Participated OREO			
570558														931	0	56	0	0	19	37	0	429	331	115	0	0	0	Reserve 401K	Property Taxes	FHLB Loan	
570651														288	0	5	116	0	0	0	0	112	55	0	0	0	0				
571135														617		269	0					213	0	135	269						
571265														6573		4461	0					1766	278	68	4267						
571920														2519	0	787	0	0	0	0	0	184	1548	0	242	0	0				
571957														278	0	0	0	0	0	0	0	75	180	23	0	0	0	interest withholding	Fed Fund Borrowing	Fed Home Loan Borrowings	
572347														914		88	203					216	352	55							
572374														88675		26387	0					3180	51064	8044		14125	6091	0			
572459														3781	0	1965	0	0	0	0	0	1746	70	0	1965	0	0				
572655														311		0	0					175	136	0							
573036														6913	0	4854	0	0	0	0	0	632	1145	282	1735	0	2791				
573335														1027	0	290	0	0	0	0	0	537	0	200	284	0	0				
574079														1764	0	677	39	0	0	0	0	10	1014	24	358	0	0				
574949														6126	0	26	0	0	0	0	0	2531	3158	411	0	0	0				
574976														19039	0	11593	0	0	0	6877	0	2898	3714	834	4716	0	0	Contingent liabilities	Accounts not meeting threshold		
575133														283	0	95	0	0	0	0	0	156	1	31	0	0	0				
575254														64594		47623	0		12870			3941	11510	1520	13890			Hedge collateral liability			
575348														941	0	133	0	0	0	0	0	506	299	3	0	0	0				
575375														484		269	0		158			1	204	10				Loans in Process			
575759														3188	475	1731	0		689			695	744	18				EFT Network Settlement Account			
575834														6009	0	4396	0	0	0	0	0	385	1163	65	4169	0	0				
576354														1584		581	0		286			297	659	47				Accrued salaries and commissions			
576578														1276	0	929	0	0	346	0	0	0	272	75	269	0	0	Directors' Retirement Liability			
576608														14082		7037	0	2366				1768	4806	471	1916		2071		ATM SETTLEMENT	SERP RESERVE	
576644														9001	0	5061	0	0	0	0	0	1487	1738	715	0	1384	2702				
576952														550	0	1	0	0	0	0	0	142	407	0	0	0	0				
577128														105968		68541	0			20064		10442	24563	2422			10968	LIHTC Liability	ATM Settlements	Insurance Agency Premiums Payable	
577137														13504		5756	4140	2039				1165	1800	643		1513					
577230														100	0	0	0	0	0	0	0	51	49	0	0	0	0				
578116														4256	0	3926	0	0	0	0	0	225	52	53	2670	0	0				
578237														154	0	19	0	0	0	0	0	40	95	0	0	0	0				
578255														20987	0	14207	0	0	0	0	0	2618	3332	830	9360	4753	0				
578554														272	0	2	0	0	0	0	0	234	36	0	0	0	0				
578741														2424	0	5	0	0	0	0	0	438	1565	416	0	0	0	SBA PPP Unamortize fees			
578862														244		0	0					151	83	10							
579140														4134	0	975	0	0	0	0	0	840	2319	0	0	0	0				
579319														226	0	171	0	0	0	0	0	21	34	0	0	0	0				
579364														3433	0	220	0	0	113	0	0	1410	1365	438	0	0	0	Loan Expenses Collected			
579636														1099	0	857	0	339	0	0	0	235	1	6	0	0	272				
580155														6947	0	1283	0	0	0	0	0	2987	2155	522	1240	0	0				
580548														5283		3229	0					375	1679	0	2379						
580847														507	0	49	0	0	0	0	0	158	231	69	0	0	49				
580874														1912	0	1558	0	198	0	0	0	101	201	52	1349	0	0				
581237														300	0	263	0	0	0	0	0	36	1	0	0	0	263	reserve for interest bank term funding program			
581358														1142	0	482	0	0	0	0	0	398	260	2	482	0	0				
582654														278	0	0	0	0	0	0	0	137	118	23	0	0	0				
582878														1085	0	978	0	0	0	0	0	31	76	0	903	0	0				
582953														5847	0	2499	0	0	0	0	0	777	2471	100	2302	0	0				
582971														12411	0	8943	0	0	0	292	4016	136	3057	275	3586	1048	0		Health Insurance Claims Account	Other Miscellaneous Liabilities	
583071														2251	0	2200	0	0	89	729	265	0	51	0	0	0	0	Non Performing Mtg&Non Mtg Interest	Deferred Income Taxes	ATM in Process	
583268														5474	0	353	0	0	0	0	0	2512	2267	342	0	0	307				
583352														3527	0	397	0	0	0	0	0	374	2756	0	266	0	113				
583754														4783	0	2422	0	0	0	0	0	645	1335	381	646	0	1761				
583905														21482	0	16111	0	0	0	0	0	850	3993	528	4608	0	0				
584377														34394		30107	0			8906		1302	2596	389	15938				Unearned Income - Solar Leases		
584724														9958	0	8096	0	0	2085	0	0	608	1254	0	0	0	2913	BOLI POST RETIREMENT OBLIGATION			
584920														18969	0	4738	0	0	0	0	0	1963	7743	4525	2515	0	0				
585749														6227	0	11	229	0	0	0	0	4550	1437	0	0	0	0	Unearned Income			
586027														1971	0	373	0	298	0	0	0	1356	242	0	0	0	0				
586072														4857	0	2380	0	1600	0	0	0	1986	139	352	0	0	0				
586335														468	0	0	135	0	0	0	0	170	163	0	0	0	0				
586960														501	0	0	0	0	0	0	0	52	396	53	0	0	0				
587677														1757	0	987	0	547	0	0	0	461	257	52	0	0	0				
587800														147190		99642	0					3711	40987	2850	32301						
588245														2612	0	2	0	0	0	0	0	854	1603	153	0	0	0				
588348														1407		50	0					1077	280	0							
589158														3140	0	2493	0	0	1750	0	0	449	198	0	743	0	0	Federal Home Loan Advance			
589523														16712	2700	11998	0	0	0	0	0	2274	2070	370	7327	0	265				
589943														11252		3000	0		1102	746		2622	5144	486				Loss Contingency	FMV IR Swaps		
590220														11139		8293	0		4593			411	2248	187			985	Supplemental Executive Retirement Plans			
590640														4229	0	1095	0	331	0	0	0	1174	1085	875	762	0	0				
590976														13279	0	4851	0	0	0	0	0	6886	867	675	0	0	3692				
591209														1085	0	4	0	0	0	0	0	10	970	101	0	0	0	Pension Liability			
591320														2890		752	0					736	1188	214			702				
591357														1451	0	175	0	0	0	0	0	742	507	27	175	0	0				
591366														4051		2711	0					546	644	150	959		310				
592448														37320		14721	0		13103			1299	20773	527				lease liability			
592550														4482		2839	0					1458	185	0	2817						
592644														6679	0	0	1256	0	0	0	0	153	3841	1429	0	0	0				
593007														63494		44818	0					1783	13209	3684		11642	11269				
593052														16939	0	4186	308	0	0	0	0	5305	7024	116	0	1392	0				
593249														2556	0	654	0	0	0	0	0	1580	322	0	0	0	0				
593333														998	0	60	0	0	0	0	0	402	536	0	0	0	0				
593771														507	0	0	0	0	0	0	0	38	469	0	0	0	0				
593940														172		0	0					141	25	6							
594433														22608	0	4729	0	0	0	0	0	9458	6207	2214	0	1719	0				
594451														10920	0	6697	0	16	244	0	0	1332	2661	230	2847	0	3590	Other			
594853														21272	0	18318	0	0	0	0	0	2007	1	946	10398	0	0				
594938														3757	0	3254	0	801	582	0	0	319	184	0	1769	0	0	SERP Accrual			
594947														35102		5535	0	3949				8355	18613	2599			1586				
595270														295513		98376	21313					17821	144747	13256			43936				
595337														705	0	0	0	0	0	0	0	506	199	0	0	0	0				
595430														20026		8257	5303		7316			1683	2481	2302				Commitments to Fund Low Income Housing Tax Credit			
595869	281500	0	214738	0	0	93727	0	0	32303	9892	0	0	0									24567						UNFUNDED COMMITMENT- LOW INCOME HOUSING			
595944														895	0	493	0	0	0	0	0	280	122	0	493	0	0				
596062														10445	0	5799	0	0	0	0	0	1951	1857	838	5178	0	0				
596156														7448		3851	0		3776			1041	2519	37				ROU LIABILITY			
596277														132	0	26	0	0	0	0	0	41	65	0	0	0	0				
596455														1005	0	44	0	0	0	0	0	582	289	90	0	0	0				
596978														2053	0	1398	0	0	894	0	0	255	392	8	0	0	440	Bank Expense Vouchers			
597041														1396	0	164	45	0	0	0	0	928	134	125	162	0	0				
597313														4048	0	1288	0	0	550	0	0	791	1912	57	0	0	0	Lease Liability			
597452														3396	0	1199	235	0	421	504	0	1710	143	109	0	0	0	Ln Builders Funds Advanced	Deferred Loan Fees (New)		
597546														6769	0	4079	0	0	0	0	0	907	1689	94	3392	0	0				
597658														497	0	4	0	0	0	0	0	177	316	0	0	0	0				
598002														8642		3761	0					365	4243	273			2103				
598048														6255	0	1122	0	0	339	0	0	735	4148	250	0	317	0	ATM Settlement			
598132														227	0	0	0	0	0	0	0	24	178	25	0	0	0				
598543														517	0	0	0	0	0	0	0	285	232	0	0	0	0				
599643														1797	280	294	0	0	0	0	0	923	580	0	0	0	0				
599764														38580		12239	0		34	411		4889	12427	9025	8830	2675	288	CDARS Incoming RteBridge	Allow Mtg Repurchase	Investments Purchased not Settled	
600419														24168	0	13031	0	0	4953	3650	0	4038	5865	1234	0	0	0	Due to Broker/Counterpart IR Derivative	Intrinsic Value Back to Back Swaps		
601032														483		353	0					14	101	15	353						
601041														455		0	12					255	188	0				Bonuses			
601050														534127		387109	7110	156336				32398	91505	16005	28	22645	31947				
601153														1487	0	656	42	0	0	0	0	471	218	100	656	0	0				
601416														103021		61967	0		27900			22388	14738	3928			32188	Collateral due to Broker			
601443														2030	0	177	0	177	0	0	0	1181	372	300	0	0	0				
601658														2459	0	53	0	0	0	0	0	1452	954	0	0	0	0				
602543														3060	0	2129	0	0	805	0	0	683	173	75	0	0	0	Employee Comp Payable			
602842														14	0	0	0	0	0	0	0	14	0	0	0	0	0				
603232														738		237	0	193	25			248	253	0				Debit card cleating			
603540														414	0	245	0	0	0	0	0	75	58	36	0	0	0				
603559														140	0	0	0	0	0	0	0	73	37	30	0	0	0				
603755														333	0	124	0	0	0	0	0	18	155	36	122	0	0				
604024														6535	0	1659	0	428	1213	0	0	983	3578	315	0	0	0	ATM/debit card settlement			
604033														53	0	5	0	0	0	0	0	31	17	0	0	0	0				
604547														2090	0	644	116	0	0	0	0	423	845	62	512	0	0				
604640														1163		930	0					153	59	21	438		366				
605571														252	0	67	0	0	0	0	0	185	0	0	0	0	0	RE TAXES			
605610														2693	0	1674	0	0	0	0	0	77	912	30	1674	0	0				
605656														2334		115	0	91				1110	939	170							
606046														836358		470762	0		138116			139172	216873	9551			195996	Unfunded LIHTC Investment Commitments			
606176														13838	0	11052	0	0	0	0	0	43	1643	1100	10335	0	0				
606653														4321	0	677	0	0	332	0	0	2226	1418	0	0	0	345	CDAR Incoming RBP			
607146														5900	0	2262	0	0	0	621	0	3187	451	0	810	0	777		Def Fee Income		
608358														1161	0	583	0	0	160	0	0	391	187	0	0	0	0	Deferred Interest Income			
608844														2784	0	594	0	0	388	0	0	242	1798	150	0	0	0	FASB 91 Unearned Fees			
609010														1913	0	973	0	0	560	0	0	178	689	73	0	0	0	POST RETIREMENT BENEFITS PAYABLE			
609467														2313	0	1572	0	0	0	0	0	206	519	16	0	0	1567				
609476														2749	0	1947	0	0	1590	0	0	408	329	65	0	0	0	Construction LIP			
609609														17851	0	14594	0	0	0	0	0	1685	1569	3	0	0	14275				
609832														683	0	37	8	0	0	0	0	306	162	170	0	0	0				
610128														4598	0	3511	0	0	2485	0	0	178	809	100	960	0	0	Pension Plan Liability			
610164														4137	0	2439	0	469	1065	0	0	275	1406	17	0	0	0	LT LEASE LIABILITY			
610539														286		1	0					61	191	33							
610557														1739	0	394	0	0	0	0	0	359	869	117	0	0	0				
610913														1576	0	409	0	0	127	0	0	874	282	11	0	0	141	Deferred Interest			
611031														3976	0	1240	0	0	0	0	0	240	2496	0	1240	0	0				
612159														2135	0	207	0	0	0	0	0	1062	866	0	0	0	0				
612878														379	0	150	0	0	0	0	0	187	42	0	0	0	0				
613008														217324		138647	0		61593			5658	71619	1400			56450	Obligation to fund low income housing tax credit investments			
613156														5776	0	4181	0	0	0	0	0	145	1354	96	425	0	2593				
613343														20631	0	10099	0	0	0	0	0	4887	5137	508	8312	0	0				
613400														77394		52082	0			1651		1198	24114	0	5366	30096		Deferred pension liability	Deferred income NEFWC, Inc.		
613558														9058	0	6255	0	0	0	0	0	2091	594	118	4826	0	0				
613679														3979		1139	0	740	266			707	1831	302	122			Internal / Sweep Accounts			
613839														1463	0	57	0	0	0	0	0	422	840	144	0	0	0				
613950														175241	0	133321	0	0	0	0	0	2461	38023	1436	0	0	94401				
613978														409	0	216	0	195	0	0	0	57	109	27	0	0	0	Accounts Payable			
614256														637	0	478	0	0	0	0	0	159	0	0	478	0	0				
614313														19181		11139	1451					2170	2770	1651							
614368														3221	0	635	0	0	0	0	0	689	1859	38	0	0	437				
614751														2148		1520	0					281	347	0	1520						
614948														2062	0	27	0	0	0	0	0	401	1503	131	0	27	0				
615217														3595	813	813	0	0	0	0	0	556	1651	575	0	0	0				
615253														1079	0	297	0	0	0	0	0	628	154	0	0	0	0				
615851														429	0	0	0	0	0	0	0	401	28	0	0	0	0				
615879														1396	0	64	0	56	8	0	0	892	433	7	0	0	0	Safe Deposit Box/Key Deposits			
615954														11308	0	7029	0	0	0	0	0	487	2555	1237	6410	0	538				
616036														9163	0	2730	0	0	0	0	0	1648	4523	262	2730	0	0				
616540														1810	0	1237	29	0	34	9	2	298	220	26	1192	0	0	Acc Exp repurchase payable	state tax, CDARS Incoming RB	TT&L	
617051														453	0	4	0	0	0	0	0	266	183	0	0	0	0				
617079														455	0	59	0	5	0	0	0	0	376	20	0	22	0				
617145														837	0	270	0	0	0	0	0	367	200	0	0	0	0				
617275														408		275	0					92	37	4	275						
617743														886	0	1	73	0	0	0	0	610	196	6	0	0	0				
618647														335	0	0	0	0	0	0	0	219	110	6	0	0	0				
618740														7231	0	2287	0	1907	105	0	0	1717	3069	158	239	0	0	Deferred Gain - Signing Bonuses for EFT Related Contracts			
618777														220	0	0	94	0	0	0	0	79	47	0	0	0	0	Other liabilities			
618807														94546		47177	0					4207	37131	6031	21774	18045					
619701														22722	0	9036	0	0	0	5908	0	501	12328	857	0	0	0	0	Long Term Lease		
619859														979	0	35	0	0	0	0	0	668	265	11	0	0	0				
619877	2054000	0	923000	0	778000	0	0	0	1116000	1000	0	0	0									14000									
621151														435	0	0	0	0	0	0	0	181	177	77	0	0	0				
621357														2223	0	1	0	0	0	0	0	485	1270	467	0	0	0	Visa Draft in Process	ATM Clearing		
621441														3383	0	2096	0	0	0	0	0	410	865	12	2096	0	0				
622037														3021	0	1649	0	0	0	0	0	308	804	260	952	0	0				
622774														18525	0	14247	0	0	0	0	0	1940	1872	466	11685	0	0				
623052														1029	0	0	0	0	0	0	0	579	425	25	0	0	0				
623454														4130	930	2651	0	0	702	0	0	874	455	150	762	0	0	Right to Use Leases			
623548														1987	0	1318	0	0	726	0	0	262	372	35	0	0	0	Benefit Plan Reserve Liability	Unearned SBA Fees		
623874														2935	0	2326	0	0	49	0	0	297	237	75	0	0	0	Accrued Property Taxes			
624246														3700	0	869	214	0	0	814	0	643	1941	33	0	0	0		FHLB MPF LOAN PAYMENTS		
624648														599	0	0	0	0	0	0	0	398	201	0	0	0	0				
624778														5490	0	4786	0	0	0	0	0	530	110	64	4053	0	0				
624956														247	0	3	0	0	3	0	0	99	145	0	0	0	0	Deffered Fee Income			
625056														479	0	417	0	0	0	0	0	19	43	0	417	0	0				
625065														2416	0	492	0	0	454	0	0	139	1196	589	0	0	0	Deferred Income - Loans			
625159														4083		7	0					3066	891	119							
625654														35672		20773	0	7497				330	12443	2126	11009						
625757														494	0	7	0	7	0	0	0	103	289	95	0	0	0				
625850														625	0	126	114	124	0	0	0	260	70	55	0	0	0				
625953														1621	0	1346	0	0	1346	0	0	212	63	0	0	0	0	Life Insurance Reserve Liability			
626101														18369		12376	0					762	3875	1356	8635						
627108														26626	0	7378	17567	342	1436	3219	0	22	1480	179	0	0	525	Bank/Official Checks	Retirees Health Insurance Liabilities		
627854														549	0	117	0	117	0	0	0	391	41	0	0	0	0				
628039														418	0	33	0	33	0	0	0	176	114	95	0	0	0				
628123														1453		20	0					75	1113	245							
628356														1808	0	410	0	0	0	0	0	460	938	0	394	0	0				
628552														3378		42	0					2189	1021	126							
629148														3447	0	3098	0	14	0	0	0	136	129	84	3084	0	0				
629353														4785	0	2496	0	226	1909	0	0	1333	844	112	361	0	0	Loan Escrow			
629522														2758	0	1897	0	0	0	0	0	162	679	20	1897	0	0				
629746														931		62	0					483	280	106							
630041														148	0	80	0	80	0	0	0	24	41	3	0	0	0				
630340														253	0	3	0	0	0	0	0	229	21	0	0	0	0				
630555														7654	0	4542	0	15	0	0	0	682	1890	540	4312	0	0				
630658														2883	0	2219	0	0	1784	110	0	52	509	103	0	0	0	ATM Balancing	TBL Payables		
631039														1491	0	210	0	0	0	0	0	273	849	159	195	0	0				
631150														2260	0	1759	0	0	0	0	0	344	157	0	1498	0	0				
631178														3685		2276	0	85				699	410	300	1932		1				
631422														18792		9182	0		3786			8535	762	313	3890			Cardholder Expense			
631570														12102	0	7480	0	0	0	0	0	1477	3113	32	4036	0	0				
632410														2453		0	0					669	1286	498							
632607														6832	0	2817	0	0	0	0	0	528	3232	255	0	0	2444				
632858														1941	0	179	0	0	0	0	0	908	482	372	0	0	0				
633378														42494		25905	0					5259	10201	1129			12917				
633640														401	0	235	0	0	0	0	0	166	0	0	0	0	0				
634544														1250	0	434	0	0	0	0	0	517	249	50	432	0	0				
634955														4090	0	2633	0	0	2330	0	0	159	1298	0	0	0	0	CONTRACTUAL RETIREMENT RESERVE			
635840														4286	0	2122	0	0	0	0	0	301	1600	263	1711	178	0				
635907														10598	0	7775	0	0	0	0	0	552	1710	561	0	0	3348				
636276														3220	0	2183	0	0	0	0	0	171	497	369	1831	0	0				
636753														211	0	0	0	0	0	0	0	91	56	64	0	0	0				
636771														84024		60122	0		15306			2940	16024	4938		20754		Tax Credit Liability			
637170														4093	0	568	0	350	0	0	0	498	2707	320	0	0	0				
637451														118569		43223	0		30180			6985	59247	9114				Margin Call Payable			
637554														848		0	0					19	128	701							
638131														1282	0	0	0	0	0	0	0	777	444	61	0	0	0				
638355														682	0	0	0	0	0	0	0	607	57	18	0	0	0				
638850														1648		13	1227					94	209	105							
639549														6434	0	2599	0	28	0	0	0	1606	1741	488	1968	0	0	Def Loan Fees - PPP			
639567														303290		216532	0					619	86139	0	101328						
639633														2305	0	657	0	0	266	323	0	847	801	0	0	0	0	Escrow Control	Mastercard Drafts in Process		
639857														95	0	47	0	0	0	0	0	44	4	0	0	0	0				
640143														1381	0	15	1134	0	0	0	0	84	143	5	0	0	0				
640246														8104		5576	0					914	1614	0	4772						
640442														3015	0	1612	0	0	0	0	0	1064	327	12	1601	0	0				
640956														835	0	463	0	0	354	0	0	130	117	125	0	0	0	Real Estate Escrow			
641449														853	0	0	0	0	0	0	0	652	190	11	0	0	0				
641579														364	0	18	0	0	0	0	0	80	216	50	0	0	0				
642437														1545		320	0					568	384	273							
643078														6131	0	4097	0	1948	0	0	0	279	1625	130	0	0	2148		0	0	
643274														18	0	0	0	0	0	0	0	2	16	0	0	0	0				
643340														2276		5	0					9	2165	97							
643658														252		109	0					41	37	65							
644057														49		0	0					45	4	0							
644141														528	0	336	0	142	0	0	0	93	86	13	0	0	0				
644646														804	0	373	0	0	0	0	0	290	141	0	373	0	0				
644776														1327		536	0					149	622	20			332				
644842														2500	0	635	0	4	118	499	0	1005	517	343	0	0	0	Deferred Revenue	due from (to) holding company		
644954														1900	0	458	0	0	0	0	0	0	1442	0	0	0	0				
644963														1792	0	900	11	0	0	0	0	630	233	18	900	0	0	deferred insurance			
645157														373		0	0					269	104	0							
645317														28416		12937	0	10	6664			2559	12184	736				Deferred income			
645465														15949		8952	0					442	6190	365			4162				
645540														1720	0	0	0	0	0	0	0	424	792	504	0	0	0				
645577														3356	0	2137	0	224	0	0	0	196	823	200	1913	0	0				
645625														274823		159723	0					16797	91833	6470		66526					
646042														425	0	0	35	0	0	0	0	212	178	0	0	0	0				
646145														3372	0	1171	0	0	735	0	0	1104	1087	10	0	0	0	ESCROW			
646172														4668	0	4617	0	563	856	0	428	51	0	0	0	0	0	Employee Insurance Payable	EFT & Check Settlement	Accrued Retirement and 401 K	
646444														1961	0	376	0	373	0	0	0	175	1410	0	0	0	0				
646471														51	0	0	0	0	0	0	0	35	16	0	0	0	0				
646556														1637	0	248	79	0	0	0	0	845	256	209	129	0	0				
646743														3099	0	646	0	29	0	0	2	1212	1140	101	308	307	0	0		Pbiz Accounts Receivable Program	
646873														2367	0	543	0	0	0	0	0	39	1736	49	431	0	0				
647218														4183	0	729	0	0	0	0	0	1945	1342	167	0	0	619				
647245														1613		95	0					692	763	63		66					
647414														290		0	0					150	140	0							
647759														1896	0	1367	0	0	0	0	0	278	170	81	1343	0	0				
647777														350		13	0					151	186	0							
647955														537	0	0	0	0	0	0	0	120	417	0	0	0	0				
648130														11047		5874	0		2750			839	3898	436			3115	Trust Funds Uninvested			
648242														29288		19462	0					1684	7992	150		9332	10109				
648251														607	0	105	28	0	0	0	0	143	331	0	0	0	0				
648345														1018	0	392	0	0	0	0	0	203	362	61	0	0	0				
648550														389	0	0	0	0	0	0	0	99	290	0	0	0	0				
649342														16223	0	13311	0	0	0	0	0	1560	1239	113	2600	0	10524	.			
649632														314		36	0					157	94	27			36				
651121														3107	0	819	0	0	0	0	0	304	1925	59	0	0	706				
651149														981	0	669	0	0	320	0	0	180	132	0	0	0	0	Deferred Insurance Reimbursement			
651158														656	0	105	0	96	9	0	0	551	0	0	0	0	0	UNEARNED SAFE DEPOSIT BOX FEES			
651354														299	0	1	0	0	0	0	0	188	93	17	0	0	0				
651448	11	0	0	0	0	0	0	0	11	0	0	0	0									0									
651541														1875	0	121	0	111	0	0	0	1102	627	25	0	0	0				
651859														41650		13136	0	3300				14523	13991	0	5409						
651952														949	181	751	0	139	0	0	0	124	74	0	430	0	0				
652043														3358	0	28	0	0	0	0	0	1573	1757	0	0	0	0				
652070														1270	0	801	0	0	0	0	0	367	102	0	721	0	0				
652874														84267		35956	0		21744			18114	30056	141				Interest Rate SWAP Valuation			
652959														48	0	0	0	0	0	0	0	48	0	0	0	0	0				
653134														1352	0	134	0	0	133	0	0	390	723	105	0	0	0	Deferred unearned commission			
653433														4156	0	3894	0	0	0	0	0	100	162	0	3894	0	0				
653611														8588	0	4660	0	0	1113	0	0	630	2058	1240	1451	0	1397	Accumulated post retirement benefits			
653778														3821	0	2514	0	0	2514	0	0	329	973	5	0	0	0	Unfunded Directors Pension			
653947														2240	0	257	0	0	0	0	0	1457	526	0	0	0	0				
654047														213	0	30	0	24	0	0	0	45	138	0	0	0	0				
654300														1411		205	864					15	230	97							
654579														257	0	229	0	139	0	0	0	0	28	0	18	0	0	Offical Checks Outstanding			
655530														566	0	0	0	0	0	0	0	164	402	0	0	0	0				
655839														6531	0	1193	0	0	0	0	0	2402	2616	320	0	0	1192				
656032														1598	0	376	0	0	0	0	0	424	592	206	376	0	0				
656377														239646		182160	0		62183			19471	17515	20500		37969	51227	LIABILITY FOR CRA LOW INCOME HOUSING TAX CREDIT			
656470														22200	0	11813	0	0	0	0	0	3399	6433	555	9901	0	0				
656658														3866	0	2130	1295	2000	0	0	0	30	403	8	0	0	0				
656779														936	0	400	0	0	0	0	0	217	319	0	398	0	0				
657178														2806	0	96	0	0	0	0	0	208	2502	0	0	0	0				
657271														31175		22397	0					6219	2273	286			8581				
657365														107518		64085	0					30541	10387	2505			38688				
657459														39927		29642	0	0				4352	4911	1022	18536						
657758														862	0	132	262	132	0	0	0	98	170	200	0	0	0				
657954														1464	0	572	0	0	0	0	0	323	569	0	397	0	0				
658072														865	0	480	0	70	0	0	0	221	155	9	410	0	0				
658474														258	0	204	0	177	0	0	0	12	42	0	0	0	0				
658924														958	0	0	0	0	0	0	0	439	519	0	0	0	0				
659341														2036	0	119	0	0	0	0	0	321	1185	411	0	0	0				
659556														1256		438	26	278				304	72	416	156						
659640														928	0	0	0	0	0	0	0	133	795	0	0	0	0				
659855														213447		116486	0			16821	23431	32505	59624	4832		217	34627	Accrued Int Payable Derivatives	Acquired salary continuation plans	Unearned Income	
660066														336	0	0	0	0	0	0	0	103	233	0	0	0	0				
660253														577	0	24	20	0	0	0	0	293	56	184	0	0	0				
660271														4419	0	472	0	429	0	0	0	612	3263	72	0	0	43				
660570														7065	0	4883	0	0	2414	0	0	849	1246	87	2178	0	0	ESOP Loan			
660655														28118		16904	0	617				1714	7800	1700	6223	5447	1080				
660879														497	0	134	0	0	0	0	0	166	135	62	0	0	0				
660927														4997	0	3344	0	0	0	0	0	721	339	593	1095	0	1190				
661072														1220		728	1	214				301	185	5	514						
661223														503		3	0					271	229	0							
661308														58548		36860	0	1843	15000			1951	15057	4680	4558		15395	Broker Payable			
661474														1512	0	1399	0	0	0	0	0	62	1	50	0	0	0				
662350														1263	0	24	0	0	0	0	0	139	1100	0	0	0	0				
662369														71858		60077	0					4126	6845	810	17921		22794				
662949														3296	0	580	0	282	298	0	0	1055	1350	311	0	0	0	Deferred fees			
663245														314722		199950	0					47243	41901	25628			64907				
663638														291	0	50	0	0	0	0	0	154	3	84	0	0	0				
663656														429	0	45	0	0	0	0	0	96	268	20	0	0	0				
663834														87853		44149	0					13669	25844	4191			34231				
663955														10080	0	8578	1110	0	4813	3100	0	357	35	0	0	0	0	LIHTC Payable	PNC Margin Account		
664206														45946		30390	0					2896	12010	650		12932	8358				
664653														5911	0	4718	0	0	0	0	0	182	785	226	1717	0	2740				
664756														185277		48723	0					32837	66071	37646			29753				
665146														1779	0	775	0	0	0	0	0	466	538	0	514	248	0				
665258														537	0	5	0	0	0	0	0	117	415	0	0	0	0				
665865														2594	0	108	0	0	108	0	0	1960	526	0	0	0	0	ICS/CDARS Incoming & In Process			
666059														10051	0	406	0	0	0	0	0	8324	658	663	0	0	0				
666358														299	0	85	0	0	0	0	0	111	81	22	0	0	0				
666554														512	0	0	0	0	0	0	0	304	208	0	0	0	0				
666844														1038	0	0	0	0	0	0	0	886	152	0	0	0	0				
666974														378	0	173	0	0	0	0	0	19	186	0	0	0	0				
667029														968	0	337	0	0	154	0	0	272	299	60	0	0	0	CDARS DEFERRED LIABILITY FEE			
667346														777	0	452	0	0	0	0	0	184	141	0	415	0	0				
667524														902		296	0					246	299	61			296				
667551														911	0	323	0	0	18	0	0	497	84	7	305	0	0	Credit Card Rewards			
667757														108390		73224	0					4049	27738	3379			55808				
668053														312	0	0	0	0	0	0	0	143	169	0	0	0	0				
668147														1428	0	0	0	0	0	0	0	879	549	0	0	0	0				
669555														4279	0	372	0	0	0	0	0	815	2880	212	0	0	0				
670430														1002	0	68	0	0	0	0	0	441	350	143	0	0	0				
670467														38246	0	34549	0	0	0	0	0	467	2650	580	0	0	24347				
670560														221374	0	206475	0	180281	0	0	0	0	14899	0	0	0	0				
670654														218	0	0	0	0	0	0	0	168	50	0	0	0	0				
670748														173	0	0	0	0	0	0	0	48	125	0	0	0	0				
670878														8425	0	7478	0	0	3800	0	0	53	737	157	0	0	2400	Accrued Liability SERP			
671053														263	0	0	0	0	0	0	0	190	59	14	0	0	0				
671147														4199	0	195	0	0	119	0	0	3091	718	195	0	0	0	BAS in Process			
671334														16428		3937	0	3573				175	11643	673							
671464														244468		116376	0					71381	53388	3323		39401	60885				
671558														6342	0	2716	0	0	0	0	0	3229	200	197	1116	837	0				
672238														361	0	288	0	0	0	0	0	68	5	0	0	0	0				
672247														814	0	312	0	0	0	0	0	451	0	51	0	0	0				
672537														1100	0	121	0	102	0	0	0	801	178	0	0	0	0				
672573														1191	0	824	166	0	0	0	0	1	200	0	180	0	552			.	
673244														624	0	0	0	0	0	0	0	277	288	59	0	0	0				
673440														19299		2431	0					3209	10832	2827	2430						
673477														40	0	35	0	0	0	0	0	3	2	0	0	0	0				
673851														366	0	81	51	0	0	0	0	69	31	134	0	0	0				
673909														24680	1374	3265	4629	0				8210	8576	0							
674344														1386	0	474	0	0	0	0	0	609	296	7	474	0	0				
674849														14335	2566	4583	0	0	0	0	0	8620	1004	128	2011	0	0				
675042														751		106	0	1				435	210	0	105						
675079														1590	0	277	0	0	0	0	0	141	761	411	0	0	0				
675248														723	0	314	0	0	0	0	0	122	98	189	0	0	314				
675341														1109	0	1050	0	0	0	0	0	58	0	1	1050	0	0				
675659														1071	0	18	0	0	0	0	0	1053	0	0	0	0	0				
675855														528	0	246	0	0	0	0	0	186	96	0	0	0	0				
676049														947	0	31	0	0	0	0	0	773	133	10	0	0	0				
676151														5132	0	673	0	0	0	0	0	1821	2638	0	670	0	0				
677176														77174		49278	0	2834				4264	21670	1962	3358		39350				
677354														2045		1333	0					371	199	142	1333						
677448														1219	0	276	0	0	0	0	0	738	205	0	236	0	0				
677644														15841	0	7681	0	0	6294	0	0	2170	4501	1489	0	0	0	BOLI BENEFITS PAYABLE			
677756														750	0	64	0	0	0	0	0	438	208	40	0	0	0				
677970														1365	0	984	0	116	185	25	20	160	221	0	515	0	0	Deferred Revenue FiServ	Unclaimed Int/ Funds	Deluxe Gift Cards	
678052														22	0	12	0	0	0	0	0	2	8	0	0	0	0				
678070														3021		733	0					1557	731	0	733						
678258														357	0	0	0	0	0	0	0	140	186	31	0	0	0				
678454														3048	0	204	0	204	0	0	0	335	2509	0	0	0	0				
678557														131		41	24					46	10	10							
678744														1809	0	104	0	104	0	0	0	1128	571	6	0	0	0				
679451														511	0	5	0	0	0	0	0	228	275	3	0	0	0				
680130														9910		4010	0					686	4807	407	3899						
680457														3399	0	426	0	0	0	0	0	1260	1713	0	0	0	0				
680813														53095		27566	0		23927			7561	16670	1298				NOTE PAYABLE TAX CREDIT INVESTMENTS			
681043														323	0	0	0	0	0	0	0	114	208	1	0	0	0				
681249														666	0	500	0	0	0	0	0	90	76	0	500	0	0				
682143														10802	0	5421	0	0	0	0	0	844	4205	332	1723	0	1501				
682563														636327		434503	0					50640	101575	49609			305526				
682648														1303	0	26	0	0	0	0	0	907	370	0	0	0	0	Deferred Fees			
683449														2889	0	0	0	0	0	0	0	809	1657	423	0	0	0				
683814														1264	0	832	0	0	0	0	0	253	179	0	0	0	578				
684455														9376	0	4675	0	0	0	0	0	1070	3631	0	2083	0	2138	Servicing Liabilities	Def ORE Gain		
685023														995	0	957	0	0	59	30	0	38	0	0	671	0	0	DEBIT CARD SETTLEMENT	DEFERRED LOAN RECOVERY		
685676														28439	0	18787	0	8019	0	0	0	6360	1742	1550	6493	0	0				
686459														1774		796	0	285				789	0	189	511						
686570														330	0	253	0	10	0	0	0	3	74	0	0	0	0				
686758														660	0	40	0	0	0	0	0	538	82	0	0	0	0				
687054														580	0	134	0	0	0	0	0	153	284	9	0	0	115				
687830														628	0	0	0	0	0	0	0	76	552	0	0	0	0				
687951														16729	0	4899	0	0	0	2686	0	9930	1900	0	0	0	0	Insurance Agency Accounts Payable	Lease Liability		
688079	57860	0	1000	18	1000	0	0	0	56842	0	0	0	0									0									
688453														371	0	0	0	0	0	0	0	371	0	0	0	0	0				
688556														328	0	17	0	1	0	0	0	102	209	0	0	0	0				
689209														15393	0	8600	0	0	0	0	0	111	5431	1251	3253	0	3804				
689357														6445		1710	0			676		2115	2420	200			1032	Other Liabilities	PTO		
689759														1635	0	982	0	0	0	0	0	23	630	0	0	0	982				
691042														121	0	0	0	0	0	0	0	85	28	8	0	0	0				
691743														331	0	0	0	0	0	0	0	242	48	41	0	0	0				
691958														10093	0	1386	0	1276	0	0	0	3071	5082	554	0	0	0				
692450														1059	0	4	49	0	0	0	0	509	460	37	0	0	0				
692704														2028	0	1038	0	0	783	0	0	0	990	0	241	0	0	Intercompany Loan Payable Interest			
692946														2533		1213	0					431	756	133							
693073														737	0	737	0	7	0	0	0	0	0	0	730	0	0	Construction Loan Deposit/Loans-In-Process			
693224														349423		249331	0	72227				17870	55444	26778			124973				
693345														75710		39527	0	4010	2893			2864	33319	0				Loan Swap Liability			
693952														3417	0	1797	0	0	0	0	0	767	503	350	1618	0	0	UNAMORTIZED LOAN FEES - PPP LOANS			
694146														199	0	0	0	0	0	0	0	86	113	0	0	0	0				
694771														77	0	27	0	0	0	0	0	0	50	0	0	0	0				
694847														1768	0	106	0	0	0	0	0	37	1525	100	0	0	0				
694904	1192621	0	675843	583	0	0	0	0	373434	56000	0	0	454341									86761									
695349														1164		9	0					461	681	13							
695947														1810	0	944	0	189	234	0	0	682	151	33	459	0	0	Escrow			
696047														276	0	0	0	0	0	0	0	142	126	8	0	0	0				
696168														2281	0	2002	0	61	1019	0	0	65	194	20	0	0	645	Dealer Participation			
696430														6702	0	4871	0	0	0	0	0	329	1157	345	3023	0	0				
696645														809		239	0	67				184	386	0							
697035														1630	0	110	0	0	110	0	0	456	1064	0	0	0	0	Unamataized Loan Fees			
697147														3113	0	392	0	0	0	0	0	486	1887	348	318	0	71				
697156														8223	0	5622	0	0	0	0	0	776	1825	0	5565	0	0				
697231														3047	0	1014	0	736	0	0	0	119	1678	236	0	0	0				
697763														52155		41698	0	12176				186	10070	201			20375				
697950														1190	0	56	0	56	0	0	0	243	865	26	0	0	0				
698144														6526	0	1432	0	0	0	0	0	1049	3316	729	517	649	0				
698546														1741		1557	0	37	57	19	1	133	6	45	1441			929715 - ER Cont	924006 - FDIC Assessment Payable	928900 - Farmermac Payable	
698649														3205	0	2077	0	81	0	0	0	429	699	0	1140	0	0				
699105														11928	0	6252	0	0	0	0	0	1	4730	945	2159	2366	0				
699253														689	0	40	143	0	0	0	0	236	270	0	0	0	0				
700140														311	0	0	18	0	0	0	0	140	153	0	0	0	0				
700252														1808	0	1305	0	0	0	0	0	4	499	0	1305	0	0				
700430														1667		850	0					817	0	0	422						
700458														2308	0	1008	0	0	0	0	0	952	348	0	1008	0	0				
701062														123569		77566	0					8171	33819	4013			31981				
701222														11927	0	0	0	0	0	0	0	1194	10688	45	0	0	0				
701839														12669	0	9976	0	0	0	0	0	195	1950	548	4943	0	4938				
701857														394	0	277	0	0	0	0	0	117	0	0	252	0	0				
702117														215422		158079	0					12205	38921	6217		76556					
702359														2660	0	1944	0	0	0	0	0	324	280	112	0	0	1941				
702612														10802	2000	3015	0	0	928	0	0	2513	4439	835	0	0	0	MASTERCARD ADVANCE PAYMENT			
702836														1430	0	945	0	0	0	0	0	429	56	0	0	0	0				
702911														3361	0	1759	0	774	0	0	0	819	470	313	917	0	0				
703039														841	150	150	0	0	0	0	0	596	95	0	0	0	0				
703552														29842	0	17828	0	3530	0	0	0	1020	8598	2396	1123	0	11668				
703767														45466		32775	0		8100			1397	10105	1189	12983		9855	LIHTC Unfunded Commitment			
705378														1650	0	1077	0	0	787	0	0	365	208	0	0	0	0	Accrued Director Retirement			
705556														1992	0	781	0	0	0	0	0	656	555	0	0	0	0				
706030														986	0	557	0	0	0	0	0	243	126	60	134	0	0				
706058														520	0	0	0	0	0	0	0	229	244	47	0	0	0				
706236														907	0	200	0	0	0	0	0	422	285	0	0	0	0				
706254														1475		0	0					1135	315	25							
706450														245	0	62	0	0	0	0	0	157	14	12	0	0	0				
706656														1893	0	1061	0	0	0	0	0	748	45	39	629	0	0				
707354														25544		3492	156	2026	1466			6632	13286	1978				Wages Payable			
708379														1190	0	2	0	0	0	0	0	167	1021	0	0	0	0				
709143														3786		2776	0	2285				676	256	78			164				
709451														133	0	0	0	0	0	0	0	64	65	4	0	0	0				
709554														2751	0	0	0	0	0	0	0	18	2583	150	0	0	0				
709602														31433		19384	0		6826	5367		542	10286	1221				Lease Financial Obligation	Pension Liability		
709639														7903	0	290	0	0	256	0	0	902	6496	215	0	0	0	Deferred Incentive Income			
709956														313		4	0		4			270	32	7				CDARS INCOMING RATEBRIDGE PAYMENT			
710176														2716	0	635	0	0	0	0	0	664	1251	166	0	0	0				
710859														3847	0	2061	0	0	0	0	0	1785	1	0	1859	0	0				
711472	45063	0	42311	0	7746	0	0	0	1446	784	12245	0	20860									522									
711520														1647	0	1408	0	0	0	0	0	173	60	6	1383	0	0				
711548														2662	0	1600	0	0	0	0	0	427	623	12	1545	0	0				
711753														516	0	14	166	0	14	0	0	75	261	0	0	0	0	Scribner Insurance Agency Liabilities			
711801														3733	0	1331	0	0	0	0	0	824	1106	472	1199	0	0				
712059														3393	0	375	0	0	0	0	0	1753	803	462	75	0	129		0		
712648														1606	0	977	0	0	855	0	0	154	474	1	0	0	0	deferred mastercard incentive			
712956														4927	310	1897	0	0	0	0	0	102	2903	25	1457	0	130				
713252														1179	0	0	0	0	0	0	0	903	259	17	0	0	0				
713476														10767	0	5092	0	0	0	0	0	1096	4094	485	4987	0	0				
713926														11959		6191	0					1289	3650	829	4098		930				
714165														43	0	28	0	28	0	0	0	15	0	0	0	0	0				
714437														965	0	112	0	0	0	0	0	253	600	0	0	0	0				
714839														1603		201	105					457	824	16							
714978														3134	0	505	0	0	0	0	0	0	2393	236	505	0	0				
715032														1165		50	0					608	330	177							
715050														2191	0	506	0	457	0	0	0	843	733	109	0	0	0				
715144														2054	0	523	0	0	0	0	0	224	1152	155	236	0	286				
715340														4527	0	1110	0	0	0	0	0	922	2495	0	811	0	0				
715470														526	0	20	0	20	0	0	0	398	108	0	0	0	0				
715630														1129	0	0	0	0	0	0	0	461	493	175	0	0	0				
715872														4656		2689	0	614				361	1497	109	1940						
715975														205	0	0	0	0	0	0	0	74	131	0	0	0	0				
716374														7568	0	3882	0	0	2932	0	0	2211	1344	131	0	0	0	SolCap Tax Credit Investment			
716833														13336		2444	0					2379	8303	210	1579		798				
716851														2142	0	1738	0	0	0	0	0	117	112	175	1683	0	0				
716954														1660	0	48	0	0	0	0	0	560	1028	24	0	0	0				
717232														682	121	170	0	0	0	0	0	419	63	30	0	0	0				
717670														859	0	91	0	91	0	0	0	182	423	163	0	0	0				
717737														23247		18229	0					2109	1978	931	6355		10865				
717924														24081		16563	0					1720	4078	1720	3113						
718145														5690	0	304	0	0	130	0	152	1909	3359	118	0	0	0	ROU-Lease Liability		Reserve for FA Award Fund	
718275														1087	0	438	0	1	0	0	0	81	494	74	0	0	279				
718538														2754	0	1404	0	0	0	0	0	416	934	0	1063	0	0		Accounts Payable		
719030														135	0	0	0	0	0	0	0	65	70	0	0	0	0				
719610														1254	0	0	0	0	0	0	0	488	766	0	0	0	0				
719656														4503	0	3131	0	0	2547	0	0	415	797	160	0	0	0	CAPITAL CONTRIBUTIONS PAYABLE - TAX CREDITS			
719964														1804	0	1461	0	0	0	0	0	73	255	15	1461	0	0				
720157														199	0	0	0	0	0	0	0	172	27	0	0	0	0				
720344														1616		1004	0	911				388	215	9	54						
720746														5380	0	3902	0	579	0	0	0	564	811	103	1120	90	0				
720858														1157	0	871	0	0	0	0	0	227	59	0	858	0	0				
721350														8107	0	2302	67	24	0	0	0	3154	2121	463	2145	0	0				
721752														777	0	621	0	0	616	0	5	154	2	0	0	0	0	Accrued Salary Cont. Liability	Backup WIthholding Tax	Cash Benefits Paid	
721949														5153	0	2914	0	0	1670	0	0	1641	378	220	0	0	0	CLS Loan Escrow			
722227														1723	0	972	0	0	0	0	0	64	660	27	0	0	972				
722432														2417	0	88	0	0	0	0	0	190	2023	116	0	0	0				
722544														22309	0	3177	0	0	0	0	0	4238	12894	2000	3039	0	0				
722777	2966405	0	2386404	0	1659456	0	0	0	400907	54019	0	0	0									125075									
722816														9425	0	5443	0	0	0	0	0	2053	1583	346	0	0	1989				
723112	3660000	0	2352000	5000	0	739000	0	0	1088000	145000	0	0	673000									70000						Commitments to fund low-income housing investments			
723158														379	0	0	0	0	0	0	0	292	63	24	0	0	0				
723550														290	0	19	0	0	0	0	0	270	1	0	0	0	0				
723653														3006	0	1951	0	0	0	0	0	244	811	0	1944	0	0				
724744														6963	0	4972	0	0	0	0	0	1702	289	0	3725	0	0				
724904														4008	0	106	0	0	0	0	0	374	3528	0	0	0	0				
724940														80	0	0	0	0	0	0	0	70	10	0	0	0	0				
725077														4713	0	3713	0	0	0	0	0	465	458	77	220	0	0				
725732	87938	0	40918	0	0	0	0	0	23707	207	0	0	35277									23106									
725741														2756	0	2388	0	0	0	0	0	145	223	0	2239	0	0				
726458														376	0	5	0	0	0	0	0	133	238	0	0	0	0				
726953														6718		2027	0	125				1713	2104	874			1716				
727174														5734	0	1503	0	0	413	0	0	82	3979	170	788	0	0	Unrealized Loss on Commitments			
728948														3296	0	0	0	0	0	0	0	1033	2195	68	0	0	0				
728957														1450	0	578	0	0	0	0	0	504	368	0	578	0	0				
729011														6757	0	1674	0	0	0	0	0	2645	2012	426	801	0	192				
729057														377	0	104	0	57	0	0	0	221	12	40	47	0	0				
729178														3256	570	2572	0	0	0	0	0	321	329	34	1669	0	212	Unearned fees on PPP loans			
729310														10279	1100	7390	0	543	0	0	0	702	1655	532	4349	0	0				
729842														1276	0	416	0	0	0	0	0	284	576	0	416	0	0				
729945														1430	0	877	0	0	567	236	0	305	248	0	0	0	0	ACCRUED SUPPLEMENT RETIREMENT SIBLEY	ACCRUED BENEFIT SPLIT DOLLAR		
731050														549	0	0	0	0	0	0	0	200	349	0	0	0	0				
731247														27690		19979	0		8200			3653	328	3730				Investment Securities in Process			
731957														46	0	0	0	0	0	0	0	26	20	0	0	0	0				
732178														4716	0	1094	0	423	0	0	0	1540	508	1574	0	0	0			Deferred Loan Fees	
732253														2309	0	598	0	0	0	0	0	811	900	0	406	0	0				
732637														1124		279	0					538	307	0							
732758														15393	0	13717	0	0	5077	3838	0	207	1319	150	0	0	3742	Suspense Credits- Safekeeping	Salary Continuation Plan		
732918														16710		10651	96	5268				2330	2759	874	2307		592				
732954														264	0	117	0	0	0	0	0	140	0	7	102	0	0				
733054														12423		3690	0	196				3661	4672	400	3405		85				
733540														922	0	475	0	0	467	8	0	171	215	61	0	0	0	Benton Capital Lease	AIP/Other Borrowings	Earl Whaley	
733559														3772	0	541	0	0	0	0	0	1096	2135	0	0	0	371				
733661														12592	0	1680	0	1531	0	0	0	0	10912	0	0	0	0				
733755														860	0	710	0	0	0	0	0	90	60	0	619	0	0				
733951														655	0	22	0	0	0	0	0	309	281	43	0	0	0				
734248														3034	0	1971	0	0	0	0	0	461	529	73	1707	0	0				
734350														2450	0	1313	0	0	0	0	0	296	841	0	1303	0	0				
734538														12453	0	9195	0	0	0	0	0	0	2053	1205	3369	0	0				
734613														1319	0	611	0	0	611	0	0	236	292	180	0	0	0	Accrued Benefit Liability			
735067														4934	0	2529	0	50	0	0	0	445	1236	724	0	0	2443				
735414														417	0	246	0	15	0	0	0	32	139	0	231	0	0				
735441														7333	0	1109	0	0	756	0	0	3897	2052	275	0	0	0	DEFERRED CONTRACT INCENTIVE			
735973														596	0	557	0	0	0	0	0	16	23	0	505	0	0				
736158														128	0	5	0	0	0	0	0	36	87	0	0	0	0				
736550														2184	0	852	11	0	831	0	0	812	506	3	0	0	0	Deferred Income			
737548														9168	0	0	0	0	0	0	0	2048	6574	546	0	0	0				
738013														4843	0	1675	0	0	692	0	0	612	2240	316	701	0	0	EFT Network Settlement Account			
738040														18215		4323	0					9492	4400	0	3676	647					
738143														6042	0	3263	0	0	0	0	0	1222	1312	245	2982	0	0				
738255														986		164	0		164			397	425	0				Accrued Expense - Profit Sharing			
738303														14305		10308	0					20	3512	465	7959		1116				
738657														282		196	0					76	0	10							
738769														14974	0	12160	0	0	0	0	0	689	1569	556	4127	0	3134				
739346														1158	0	136	0	0	7	0	0	804	218	0	129	0	0	CDARS INCOMING RATEBRIDGE PAYMENT			
739355														5816		3800	0					911	1105	0	3745						
739560														83766		53785	0		19229			1381	25158	3442	14183			Supplemental Retirement Plan			
739832														2212	0	1724	0	0	448	0	0	329	146	13	1237	0	0	LNS PURCHASING ACCOUNTING			
740249														940	0	0	179	0	0	0	0	648	113	0	0	0	0				
741068														634	0	95	0	0	0	0	0	99	400	40	0	0	0				
741152														169	0	0	0	0	0	0	0	25	144	0	0	0	0				
741330														18442		13596	0	177				2278	2227	341	10853		2427				
741358														134	0	77	0	0	0	0	0	56	0	1	0	0	0				
741844														877	0	275	0	0	0	0	0	217	385	0	262	0	0	Profit Sharing Plan Accrual			
741956														157	0	77	0	0	0	0	0	80	0	0	0	0	0				
741974														2391	0	872	208	0	0	0	0	588	664	59	0	0	0				
742056														578	0	13	0	0	0	0	0	146	294	125	0	0	0				
742542														1455	0	0	0	0	0	0	0	356	1049	50	0	0	0				
742944														2487	466	1413	0		312		166	475	384	215			171	ACCUMULATED POST RETIREMENT BENEFIT	DEFERRED FEES ON SBA PPP LOANS	DEFERRED COMP-CONT#1	
743679														9542	0	7614	0	0	0	0	0	224	1507	197	5859	0	193				
743950														312	0	19	23	0	0	0	0	111	159	0	0	0	0				
744854														3748	0	1721	0	0	0	0	0	1205	822	0	0	0	1277	29620 Card Cash Payable	29880 Tenant Deposits		
745347														745		62	0					314	264	105							
746157														1266	0	160	0	0	160	0	0	488	283	335	0	0	0	ACC EMPL BONUS/PROFIT SHARING			
746755														2110	0	159	0	0	0	0	0	397	1128	426	0	0	0				
746942														767	0	81	84	81	0	0	0	584	18	0	0	0	0				
746979														338	0	3	0	3	0	0	0	188	147	0	0	0	0				
747051														632		223	0		223			255	81	73				Unearned Income			
747257														659	0	239	0	0	0	0	0	177	203	40	239	0	0				
748254														2339	0	1077	0	0	586	0	0	181	984	97	397	0	0	Accrued Benefit Liability			
748357														3263	0	1755	0	0	722	0	0	383	933	192	0	0	1028	Deferred SBA Sales Income			
748441														692	0	1	0	1	0	0	0	261	338	92	0	0	0				
748964														1634	0	903	0	0	0	0	0	185	546	0	890	0	0				
749242														311500		151131	0					36609	100194	23566	23793		56887				
749635														3078	0	165	0	0	148	0	0	755	1836	322	0	0	0	unearned contract incentives			
749840														50	0	0	0	0	0	0	0	47	1	2	0	0	0				
749943														1313	0	91	117	0	0	0	0	949	156	0	0	0	0				
750051														2260	0	265	0	0	0	0	0	1409	586	0	0	0	0				
750127														807	0	133	0	0	0	0	0	123	495	56	133	0	0				
750341														2097	379	409	0	0	0	0	0	340	1292	56	0	0	0				
750444														904	0	15	0	0	0	0	0	307	477	105	0	0	0				
750846														342	0	0	0	0	0	0	0	221	121	0	0	0	0				
751254														3265	0	569	0	0	0	0	0	2172	524	0	0	0	0				
751656														25041		6378	0	75				7779	9968	916	1129		5052				
751852														3961	0	2074	0	232	7	0	0	266	1321	300	1135	0	0	DEFERRED REVENUE			
752831														4382	0	3525	0	0	0	0	0	475	272	110	1422	0	1311				
753052														244	0	0	0	0	0	0	0	237	7	0	0	0	0				
753324														19215	0	17035	0	0	0	0	0	903	873	404	0	0	10190				
753641														325	0	28	0	0	0	0	0	56	226	15	0	0	0				
753856														370	0	44	0	25	0	0	0	244	65	17	0	0	0				
754068														10811	0	8418	0	0	0	0	0	489	1555	349	0	0	8373				
754246														429	0	106	44	0	0	0	0	190	89	0	106	0	0				
754536														1896	0	1066	0	0	264	0	0	507	323	0	802	0	0	BONUS CONTINGENT RESERVES			
754826														12690	0	3558	0	0	0	1771	0	966	6890	1276	0	0	0		Deferred Incentive Pay		
754853														10166	0	3218	0	0	0	0	0	2305	3686	957	2094	0	1105				
754929														9586		2289	0					1522	5535	240			1481				
755252														4713	0	1174	0	0	0	0	0	1855	1568	116	743	0	0	ATM Adjustment Settlement	Unrealized Gain/Loss in Subsidiary		
755421														231	0	78	0	0	0	0	0	117	36	0	0	0	0				
755458														2323	459	647	0	0	0	0	0	1216	310	150	0	181	0	State and Federal Tax Withholding on Deposit Accounts			
756343														1209	0	107	4	0	0	0	0	598	500	0	0	0	0				
756848														1222	0	69	0	0	0	0	0	531	602	20	0	0	0				
757377														9222	0	6824	0	538	4068	2163	0	1125	1273	0	0	0	0	Post Retirement Liability	SERP		
757452														987		487	0		70	262		373	11	116				UNEARNED FLEX CREDITS	EFT SETTLEMENT		
757779														1158	0	745	0	0	350	169	0	24	267	122	0	0	0	ACCRUED BENEFIT LIABILITY - BOLI	EFT NETWORK SETTLEMENT		
758703														118580		70766	0					3413	42148	2253		23453	31013				
758842														1104	0	775	0	445	0	0	0	327	0	2	330	0	0				
758851														23048	0	5751	0	0	2070	1809	0	8350	8868	79	0	0	0	Gov Guaranteed Loan Good Faith Deposits	Secondary market payable		
759045														8509	0	6094	0	0	0	0	0	764	955	696	6029	0	0				
759625														9085	0	5099	0	0	2083	0	0	2634	980	372	0	0	0	ICS in Process			
760210														259	0	0	0	0	0	0	0	157	102	0	0	0	0				
760331														1658	0	111	0	111	0	0	0	481	704	362	0	0	0				
760340														1653	0	322	837	0	173	102	0	293	182	19	0	0	0	Cash Items/Suspense	LCM in Process		
760434														882		67	0					240	420	155				Deferred Gain on sale			
760649														710	0	0	88	0	0	0	0	520	102	0	0	0	0				
760854														23958	0	17025	0	0	0	0	0	3932	2501	500	16724	0	0				
760939														1117	0	990	0	0	0	0	0	67	47	13	767	0	0				
760957														711	0	10	0	0	0	0	0	626	25	50	0	0	0				
761244														3805	0	1168	0	0	0	0	0	1158	1479	0	255	0	0				
761459														1571	0	86	0	86	0	0	0	946	527	12	0	0	0				
761543														5052	0	954	0	84	0	0	0	1845	1783	470	865	0	0	0			
761806														1481208		1205928	0		595857			32133	220323	22824				LIHTC PAYABLE			
761833														3036		0	831					1273	897	35							
761851														893	0	95	0	0	0	0	0	652	0	146	0	0	0				
761954														2693	0	2147	0	653	0	0	0	344	87	115	0	0	1494				
762045														2191	0	657	0	0	0	0	0	330	680	524	0	0	657				
762447														35462		15065	0					5317	14859	221			12708				
762474														19564	0	9724	0	4911	0	0	0	5847	3239	754	3945	0	0	MSP Pending Items			
762773														6037	0	5121	0	0	626	407	0	287	629	0	0	0	0	Safe Deposit Security	Deferred Safe Deposit income		
763211														621	0	125	0	0	0	0	0	295	124	77	0	0	0				
763677														8961	0	6196	0	0	0	0	0	954	1062	749	4650	0	1292				
763930														2786	0	29	0	0	0	0	0	1886	486	385	0	0	0				
764030														290700		176443	0					22656	56053	35548			50565				
764058														12358	0	6660	0	0	0	0	0	2352	2526	820	2722	0	3155				
764067														339	0	0	0	0	0	0	0	197	142	0	0	0	0				
764142														1232	0	458	0	0	9	0	0	303	471	0	34	0	0	CDARS Incoming RBP			
764151														961	0	805	0	0	0	0	0	65	91	0	715	0	0				
764816														2962	0	1352	0	232	0	0	0	858	752	0	773	0	347				
765318														1055	0	0	0	0	0	0	0	243	812	0	0	0	0				
765354														549		382	0	76	165	141		137	0	30				ATM	ESCROW		
765505														15628		3014	0					163	11752	699		800	2029				
765662														167	0	0	0	0	0	0	0	68	25	74	0	0	0				
765877														993	0	420	0	0	344	0	0	74	499	0	0	0	0	Accrued Salary Continuation			
766052														262	0	0	0	0	0	0	0	251	1	10	0	0	0				
766164														106546		44018	0	17007				9014	51033	2481			27011				
767152														211	0	0	0	0	0	0	0	119	92	0	0	0	0				
767246														54	0	0	0	0	0	0	0	54	0	0	0	0	0				
767255														3462	0	2512	0	0	350	0	0	420	380	150	2144	0	0	Deferred Revenue/Unearned Income			
767554														359	0	131	0	0	0	0	0	63	146	19	0	0	0				
767572														184	0	67	0	0	5	8	0	28	75	14	49	0	0	Partial Payments	Filing Fees Collected		
767611														723		0	0					340	315	68							
767732														2836	0	585	0	0	0	0	0	369	1667	215	0	0	585				
767974														25361	0	18784	0	0	11562	0	0	1997	2322	2258	0	0	0	Equity Contributions Payable			
768458														1246		0	0					195	1026	25							
768476														314	0	90	0	0	0	0	0	74	149	1	0	0	0				
768953														3991	0	2182	0	0	0	993	637	1104	705	0	0	0	0		FCP Commitment on Cost Method Investment	Holleway Commitment on Cost Method Investment	
769334														345	0	0	25	0	0	0	0	240	80	0	0	0	0				
770451														1450	0	979	0	0	0	0	0	134	337	0	979	0	0				
770545														198	0	0	0	0	0	0	0	151	47	0	0	0	0				
770639														1734	0	922	0	0	0	0	0	421	391	0	692	0	0				
770657														15751	0	7933	0	0	5744	0	0	3473	4345	0	1952	0	0	ATM/POS CLEARING			
770853														3013	0	300	0	0	201	88	0	933	1780	0	0	0	0	ATM Card Holders	Real Estate Tax Payable		
771047														281	0	192	0	1	0	0	0	46	26	17	191	0	0	FORD CREDIT - AUTO	ACCTS PAY - BACKUP WITHHOLDING		
771140														12040		5425	0	465				3021	2884	710	2433	813					
771458														25404	0	11925	0	0	0	0	0	2540	10716	223	11925	0	0				
771609														42844	0	28350	0	0	0	0	0	496	13551	447	18179	0	0	Interest Rate Derivatives_Held for Trading	Other Misc Liabilities		
771748														916	0	301	0	270	31	0	0	444	171	0	0	0	0	261500 ACCRUED ACC. DEPRECIATION			
771878														3752	0	2158	0	0	0	0	0	451	1143	0	2147	0	0	misc liabilities			
772008														22282	0	14945	0	0	0	0	0	194	5956	1187	4222	0	0				
772446														10010	0	61	0	0	0	0	0	0	9949	0	0	0	0				
772754														416	0	25	0	0	0	0	0	379	12	0	0	0	0				
773032														957		53	0					98	725	81							
773171														1077	0	290	303	256	33	0	0	102	382	0	0	0	0	ALLL on Sold Loans			
773247														103294		34930	0					9240	54563	4561	10476		10125				
773443														3013		1388	2					883	740	0	1348						
773470														14871	0	8111	1543	0	0	0	0	641	4548	28	0	0	6474				
773742														6544	0	2363	0	0	69	0	0	99	3862	220	2294	0	0	RECOURSE RESERVE			
774132														30135	0	23006	0	0	0	0	0	1158	4753	1218	3924	0	18211				
774235														823	0	464	0	0	186	0	0	70	289	0	0	0	0	DEFINED PLAN RESERVE			
774253														355	0	27	0	0	0	0	0	146	174	8	0	0	0	Deferred Revenue			
774347														1672	0	84	0	0	0	0	0	1326	262	0	84	0	0				
775054														6973	0	3798	0	0	0	0	0	2234	941	0	2510	684	0				
775241														486		62	0					103	321	0							
775456														8751	0	2429	0	0	0	0	0	3805	2218	299	1705	0	0				
775773														2728	0	2042	0	0	0	0	0	30	576	80	1946	0	0				
776369														1114	0	0	0	0	0	0	0	365	430	319	0	0	0				
776547														3693		2078	0	1186				990	585	40	141						
777254														519	0	5	14	0	0	0	0	197	303	0	0	0	0				
777366	26703	0	17838	0	0	1090	0	0	2204	678	0	0	16051									5983						BOLI BENEFIT PLAN RESERVE			
777441														596	0	20	0	0	20	0	0	311	253	12	0	0	0	CDARS INCOMING RATEBRIDGE PAYMENT			
777870														4166	0	1896	0	0	0	0	0	990	1280	0	346	0	0				
778738														23226	0	14520	0	0	3089	614	8075	6408	2277	21	0	0	1843	Deferred Fees	Scorecard Credit/Debit Card Redmption Liability	Investment Purchases Settlement	
779016														7269	0	1868	0	0	478	0	0	1928	3195	278	862	0	0	Loan Escrow Balances			
779351														23582		3087	2946					4443	11510	1596	107	200	1233				
779641														390	0	291	0	0	0	0	0	22	77	0	0	0	0				
779650														1671	0	721	0	0	600	0	0	293	657	0	0	0	0	ATM SETTLEMENT	YEAR-END BONUS ACCRUAL	FDIC ASSESSMENT PAYABLE	
779968														13162	0	7009	0	0	6909	0	0	4070	2003	80	0	0	0	Lease Liability			
780049														2483	0	1450	0	0	0	0	0	682	319	32	1448	0	0				
780218														5954	0	2347	0	0	0	0	0	406	2561	640	1305	0	0				
780263														2774	0	2168	0	0	0	0	0	69	524	13	1658	0	508				
780722														4619		748	0					1183	2343	345			740				
780955														2439	0	279	151	0	226	0	0	1484	525	0	0	0	0	Excess Escrow Disbursement			
782016														457	270	270	0	0	0	0	0	29	144	14	0	0	0				
782306														57744		38676	0					2876	13514	2678			17630	INTERCOMPANY DUE TO TOTAL			
782548														371	0	0	0	0	0	0	0	143	228	0	0	0	0				
783161														10666	0	467	0	0	0	0	0	583	8466	1150	324	0	0	0	0	0	
783246														1810	0	350	0	341	0	0	0	541	919	0	0	0	0				
783349														88		0	0					54	27	7							
783648														157442		121052	0					10999	21877	3514		66959	29482	SECURITY PURCHASED NOT SETTLED/TRADE DATE			
783844														3282		913	0					372	1174	823			882				
783910														2045	0	1027	0	458	0	0	0	107	868	43	0	0	414				
784159														1870	0	0	0	0	0	0	0	1111	459	300	0	0	0				
784430														2388	0	2150	0	0	0	0	0	192	46	0	0	0	0				
785147														8853	0	4807	0	0	0	1116	2351	173	3614	259	0	0	878		Unfunded OCCH	Flex Credit	
785473														30468		12402	0		6014			6708	9593	1765			4006	Investment funding obligation			
785857														1624	0	1102	0	0	220	831	0	320	183	19	51	0	0	Employee Bonus Payable	Debit Card Clearing Account	Securities Purchased Payable	
785923														19194	0	13813	0	5355	0	0	0	1233	3896	252	0	0	5934				
785950														6707	0	3136	0	0	0	0	0	1636	1231	704	3065	0	0				
786210														14692	0	908	0	0	0	0	0	2258	9108	2418	0	0	878				
786256														541		304	180					8	0	49							
786555														4065	473	3141	0	139	0	0	0	567	357	0	2310	0	0				
786612														64276		42656	0		9934			13052	5351	3217	8186		15342	LOAN LEVEL INTEREST RATE SWAP			
786733														4267	0	2577	0	0	2458	0	0	592	911	187	0	0	0	Supplemental Executive Retirement Plans			
786948														1120	0	347	0	0	0	0	0	505	268	0	347	0	0				
787459														5525	0	3051	0	0	3051	0	0	500	1889	85	0	0	0	BONUS			
787842														1212	0	0	0	0	0	0	0	597	565	50	0	0	0				
788559														2338	0	1717	0	0	0	0	0	425	188	8	1115	0	0				
788652														1864	0	1367	0	0	0	0	0	232	190	75	1005	0	0				
788773														4412	0	3193	0	0	0	0	0	705	434	80	2432	0	0				
789051														172	0	73	0	4	0	0	0	99	0	0	69	0	0				
790150														1052	0	822	0	0	0	0	0	77	150	3	822	0	0				
790271														7269	0	5275	0	0	0	0	0	843	1101	50	3702	0	0	CDARS Incoming Ratebridge Payment	CDARS Deferred Fee Liabilities		
790543														15122		9682	0	2947				2897	1360	1183	816	5919					
790703														8058	0	808	0	0	0	0	0	67	6749	434	0	0	541				
790918														12221	0	7027	0	902	0	0	0	1786	3311	97	0	3823	1908				
791072														718	0	213	0	0	0	0	0	249	199	57	182	0	0				
791353														3161	750	1283	0		227			192	1556	130	125			DUE TO STATE MN - BMP			
791821														3636	0	775	0	0	478	0	0	224	2427	210	0	0	0	MV SWAP	0	0	
791942														1850	0	543	0	420	0	0	0	1025	282	0	0	0	0				
792453														498	0	0	0	0	0	0	0	430	1	67	0	0	0				
792640														884	0	12	0	0	0	0	0	738	134	0	0	0	0				
792659														1243	0	403	0	0	0	0	0	614	201	25	0	0	0				
794149														1374		307	0		293			447	116	504				Deferred contract signing bonus			
794345														1921	0	771	0	0	0	0	0	885	265	0	762	0	0				
794475														964	0	509	0	0	0	0	0	16	439	0	0	0	0				
794653														64	0	0	0	0	0	0	0	64	0	0	0	0	0				
795249														244		10	0					207	27	0							
795548														4358	0	2104	0	376	0	0	0	2002	226	26	1724	0	0				
795959														644	0	0	0	0	0	0	0	240	403	1	0	0	0				
795968	545963	0	444266	0	0	113815	0	0	76385	1585	0	120147	0									23727						LIHTC Investment Commitment			
796152														3743	0	853	0	0	0	0	0	1289	1544	57	420	0	0				
796657														563	0	0	0	0	0	0	0	211	290	62	0	0	0				
797140														5334	0	1601	0	10	0	0	0	1174	1952	607	611	0	0				
797775														38120		29986	0					1435	6220	479			23820				
798512														303	0	226	0	0	226	0	0	6	70	1	0	0	0	deferred fee plan - payable			
799751														1080		399	0		237	161		537	144	0				Escrow Reserves	Accounts Payable - Loans		
799854														718	0	348	0	0	0	0	0	150	205	15	0	0	348				
799939														12	0	0	0	0	0	0	0	12	0	0	0	0	0				
799948														1676	400	453	0	0	0	0	0	804	280	139	0	0	0				
800134														1664	0	188	13	0	0	0	0	337	1039	87	6	0	82				
800442														6071	0	5662	0	0	2	0	0	305	46	58	5660	0	0	accrued expense audit			
800479														83	0	69	0	0	0	0	0	4	10	0	0	0	0				
800853														4180	0	3242	0	0	0	0	0	573	314	51	0	0	0				
801047														2623	0	164	0	0	0	0	0	991	1193	275	0	86	0				
801056														980	0	527	2	0	0	0	0	287	118	46	511	0	0				
801654														664	0	0	0	0	0	0	0	128	536	0	0	0	0				
803256														932	0	10	575	0	10	0	0	135	212	0	0	0	0	Fraud Reserve			
803265														86	0	18	0	0	0	0	0	56	12	0	16	0	0				
803649														4894	0	534	170	0	507	0	0	3687	503	0	0	0	0	Escrow			
803658														1462	0	1155	0	0	0	0	0	147	60	100	1155	0	0				
803957														4488	0	1003	0	0	0	0	0	2688	797	0	1003	0	0				
804150														153	0	0	0	0	0	0	0	142	11	0	0	0	0				
804338														11037	0	3076	0	0	0	0	0	2074	5493	394	0	0	2333				
804374														3920	0	2857	0	228	0	0	0	109	954	0	878	0	856				
804422														280	0	75	0	0	0	0	0	164	9	32	0	0	0				
804860														219		66	0					142	0	11							
805045														916	0	198	0	0	0	0	0	553	165	0	0	0	198				
805250														1173		12	0					306	849	6							
805335														981		656	0					101	172	52	450						
805755														4280		624	0	2	622			2095	1473	88				Points Collected Note Earned			
805876														510	0	31	0	0	0	0	0	49	430	0	0	0	0				
806846														16548	0	6067	0	0	425	0	0	5451	5030	0	944	0	0	ATM CLEARINGS			
806958														6223		4610	0					1085	528	0	4591						
807348														1028	0	377	0	0	0	0	0	148	456	47	180	0	196				
807432														1548	0	199	0	0	0	0	0	1047	152	150	180	0	0				
807656														4623	0	0	0	0	0	0	0	144	4479	0	0	0	0				
807955														20048	0	5440	0	0	0	0	0	3124	9242	2242	0	0	5400				
808260														84955		59299	0		16164			7112	15744	2800	36722			CRA Low Inc Housing Investment			
808345														71	0	0	0	0	0	0	0	32	39	0	0	0	0				
808653														1857	0	18	0	0	0	0	0	1135	701	3	0	0	0				
809070														89	0	55	5	0	0	0	0	1	28	0	0	0	0				
809276														19002	0	9171	0	1233	0	0	0	1875	7956	0	0	0	7774				
809379														174	0	0	0	0	0	0	0	34	129	11	0	0	0				
809650														8621		1682	0	81				659	6280	0	441	411	749				
809771														19029	0	18154	0	0	14831	0	0	32	709	134	0	0	0	SECOND RETIREMENT LIABILITY			
810544														1341	0	65	0	0	0	0	0	842	434	0	0	0	0				
811046														171635		94830	0					12591	59809	4405		78409					
811457														16		0	0					7	9	0							
811541														578	0	0	0	0	0	0	0	344	234	0	0	0	0				
811550														802	0	583	0	0	561	0	0	191	16	12	0	0	0	ACCR DIR LIAB			
811747														2595	0	1009	129	435	192	0	0	1197	254	6	306	0	0	ICS CLEARING ACCOUNT			
812379														817		577	0	458				164	44	32					ESCROW		
812436														4227	0	1218	0	0	0	0	0	419	1581	1009	1173	0	0				
812557														9604	0	1990	0	0	0	0	0	3165	4373	76	1990	0	0				
812614														890		0	0					424	466	0				Unearned SBA PPP Fee Income			
813572														508		51	0					85	327	45							
813853														3617	0	64	0	0	0	0	0	1889	1664	0	0	0	0	FUNDS DUE TO FHLMC			
814074														5444		4353	0					910	181	0	1854		2113				
814355														219	0	3	0	0	0	0	0	188	28	0	0	0	0				
814430														255767		109431	0				78014	45784	85738	14814						Other Liab-Miscellaneous	
814458														3332	765	775	0	0	0	0	0	333	2034	190	0	0	0				
814476														601		0	0					107	494	0							
814551														2396	0	821	12	0	0	0	0	821	400	342	0	0	609	CARD NETWORK SETTLEMENT (CLEARING ACCT)			
814711														2938		0	0					413	2525	0							
815053														1019	0	95	0	0	0	0	0	603	320	1	0	0	0				
815147														1987	0	508	0	0	0	0	0	361	762	356	348	0	0				
815156														11306	0	4368	0	0	0	0	0	5402	1536	0	4186	0	0				
815277														5733		4457	0					636	295	345			4262				
815754														1083	0	183	0	183	0	0	0	622	0	278	0	0	0				
815772														1227	0	700	0	0	0	0	0	39	444	44	693	0	0				
816256														482	0	334	0	0	0	0	0	81	65	2	334	0	0				
816304														5794	0	5327	0	0	0	0	0	0	443	24	5262	0	0				
816603														118276	11520	88592	0	454				6201	22293	1190	33374	1830	38299				
816751														80	0	8	0	0	0	0	0	72	0	0	0	0	0				
817477														1559	0	525	0	0	0	0	0	403	631	0	0	0	0	Elan Cards Settlement			
817824	10885999	0	7441441	0	0	2822148	0	0	2492591	759210	0	0	0									192757						Tax Credit Investments			
818401														33195	0	28530	0	0	0	0	0	584	3421	660	12553	7837	0				
818540														536		0	0					354	172	10							
818559														175	0	0	0	0	0	0	0	99	76	0	0	0	0				
818652														143		0	0					38	105	0							
819154														724	244	268	0	0	0	0	0	157	287	12	0	0	0				
819172														1014	0	751	0	0	278	0	0	90	159	14	386	0	0	Officer Retention			
819453														3480		375	0		141	141		2943	114	48				ACCRUED 401K	ESCROW CONTROL		
819556														4081	0	2182	0	0	0	0	0	1092	783	24	2172	0	0				
819855														6458	0	4737	0	1951	0	0	0	1563	146	12	2604	0	0				
820048														3856		1209	0	755				665	1603	379		406					
820301														3275		1572	0					16	1665	22			727				
820477														465	0	7	0	0	0	0	0	4	454	0	0	0	0				
820842														1216	0	103	0	0	103	0	0	566	369	178	0	0	0	freddie max funds due			
820879														2478	0	2201	0	0	0	0	0	48	229	0	2201	0	0				
821036														748	0	4	0	0	0	0	0	309	435	0	0	0	0	IN PROCESS LIABILITIES			
821157														1690	0	546	0	0	0	0	0	899	245	0	267	0	0				
821559														305	0	5	0	5	0	0	0	235	65	0	0	0	0				
821643														548		358	0		357			166	24	0				ACCR SALARY CONTINUATION PLAN			
822042														16681		10509	0					829	4808	535	6317						
822051														1606	0	32	0	0	0	0	0	772	802	0	0	0	0				
822275														4169	0	1177	2282	0	0	0	0	45	567	98	0	0	1119				
822556														53129		8344	0					3148	40206	1431		6704					
822631														184	0	62	0	0	0	0	0	100	22	0	0	0	0				
823133														2663	0	210	0	0	115	0	0	1414	944	95	0	0	0	FAS 158 Pension Acct			
823142														581		0	0					256	314	11							
823450														1704	0	1096	0	383	0	0	0	464	54	90	563	0	0				
823478														17402	0	12221	0	0	0	0	0	3	4299	879	6968	0	4497				
823553														62	0	0	32	0	0	0	0	17	13	0	0	0	0				
823638														1241	0	68	0	0	0	0	0	812	221	140	0	0	0				
823656														3722	0	0	0	0	0	0	0	1865	1857	0	0	0	0				
824242														1330	0	1196	0	0	0	0	0	87	43	4	1196	0	0				
824653														4603	0	2397	0	0	0	0	0	1976	230	0	0	0	0				
824671														2755	0	1102	0	23	192	0	0	1	1611	41	826	0	0	ATM SETTLEMENT 19253			
824738														232	0	0	16	0	0	0	0	52	164	0	0	0	0				
825146														18576		5154	0					2188	9590	1644	1601						
825454														1669		751	0		696			564	284	70				SERP			
825548														1340	0	117	0	0	0	0	0	737	486	0	0	0	0				
825753														7670		6079	0					393	1178	20			6079				
825847														1349	0	7	49	0	0	0	0	1020	273	0	0	0	0	Deferred Loan Fee Revenue (SBA PPP Loans)			
825940														809	0	112	5	0	0	0	0	627	60	5	0	0	0				
826451														1445	0	1211	0	0	0	0	0	165	69	0	1211	0	0				
826648														1209	0	10	0	0	0	0	0	721	478	0	0	0	0				
826956														37126		20848	1145	14342				4609	10011	513							
827355														1126	0	0	0	0	0	0	0	478	648	0	0	0	0				
827458														4859	0	0	0	0	0	0	0	1849	2691	319	0	0	0				
827560	11782	0	6040	0	0	0	0	0	4421	284	0	0	5400									1037									
828110														2069	0	1618	0	0	615	0	0	5	433	13	0	0	926	EFT SETTLMENT ACCOUNT			
828174														4961	0	4839	0	159	0	0	0	84	38	0	4401	0	0				
828473														1422		497	0	72	18	407		2	879	44				Official Checks and Money Orders	ATM Settlement		
828651														12263		2630	0	756				1026	7718	889			1439				
829032														1064	0	149	0	0	0	0	0	155	741	19	0	0	102				
829041														2214	0	289	0	0	0	0	0	858	1067	0	0	0	0	Escrow Deposits inhouse			
829050														1659	0	1245	0	0	701	0	0	412	2	0	0	0	0	Escrow Accounts Payable			
830113														3199	0	2643	0	0	0	0	0	198	358	0	2296	0	0				
830252														1482	0	1241	0	0	0	0	0	16	225	0	1241	0	0				
830355														7761	0	6899	0	0	0	0	0	623	64	175	6551	0	0				
830542														12967	0	6364	0	0	0	0	0	1303	4870	430	4280	0	0				
830645														1412	0	562	1	0	0	0	0	759	90	0	0	0	0				
830748														1499	0	5	0	0	0	0	0	894	600	0	0	0	0				
831008														8291	0	6181	0	0	4063	0	0	605	916	589	1514	0	0	Lease Right of Use Liablility			
831576														6065	788	1456	0	0	0	0	0	2906	1344	359	0	0	461				
831642														6132	0	2031	0	0	0	0	0	1643	1058	1400	1578	0	0				
831875														806	0	72	0	0	0	0	0	361	373	0	0	0	0				
831941														1141	0	164	0	0	0	0	0	593	384	0	0	0	0				
832528														723	0	388	0	388	0	0	0	213	118	4	0	0	0				
832546														6581		4033	0					739	1573	236	3325						
833404														12760		8494	0					545	2973	748	4296						
833749														2344	0	640	0	172	270	0	0	575	1129	0	0	0	0	Credit Card Rewards Liability Accrual			
833851														318	0	175	0	0	143	0	0	39	104	0	0	0	0	unearned Shazam incentives			
834175														2015	0	1291	0	0	0	0	0	316	408	0	1282	0	0				
835079														274	0	64	0	0	0	0	0	0	210	0	0	0	0				
835257														4115	0	833	0	0	249	0	0	2946	224	112	393	0	0	Accrued Salary Payable			
835378														353	0	173	0	116	0	0	0	83	91	6	57	0	0	0			
835444														959	0	2	0	0	0	0	0	782	175	0	0	0	0				
835613														201	0	0	0	0	0	0	0	96	95	10	0	0	0				
835659														246	0	0	0	0	0	0	0	96	150	0	0	0	0				
835743														6131	0	2502	0	0	0	0	0	2834	795	0	2463	0	0				
835770														3342	0	500	0	151	0	0	0	1460	816	566	349	0	0				
836656														7	0	0	0	0	0	0	0	7	0	0	0	0	0				
836843														49638		17306	0					8283	19749	4300	13007						
837046														588	0	1	0	0	0	0	0	585	2	0	0	0	0				
837149														3623	0	1581	0	131	0	0	0	1257	670	115	1173	0	0				
837158														1956	0	5	935	0	0	0	0	2	1006	8	0	0	0				
837354														2718	0	1949	0	0	0	0	0	469	300	0	1949	0	0				
837448														1491	0	446	30	0	0	0	0	442	573	0	319	0	0	TRUST DEPT LIABILITY			
837541														1570	0	1083	0	0	81	0	0	151	304	32	958	0	0	Liability for post retirement death benefits			
837608														7769	0	3649	0	0	0	0	0	2074	2046	0	1846	1133	670				
837653														546	0	226	0	0	0	0	0	300	20	0	190	0	0				
837840														3727	0	1959	0	0	0	0	0	786	732	250	1959	0	0				
837952														384	0	0	0	0	0	0	0	204	160	20	0	0	0				
837970														5754		4085	0	711				1198	456	15	3237						
838155														159	0	0	0	0	0	0	0	101	58	0	0	0	0				
839068														2240	0	0	0	0	0	0	0	912	1028	300	0	0	0				
839246														993	0	32	8	0	0	0	0	543	353	57	0	0	0				
839255														3146		1326	0					314	1182	324	1173						
839572														6484	0	5158	0	993	0	0	0	172	1028	126	0	1	0				
839817														510		114	0		113			122	274	0				Escrow Loan Account			
839974														534	0	296	0	296	0	0	0	31	198	9	0	0	0	Accrued expenses payable			
840019														775	0	482	0	0	0	0	0	240	53	0	0	0	450	ATM Suspense	Visa Drafts In Process		
840251														1209	0	44	0	44	0	0	0	1165	0	0	0	0	0				
840354														221	0	15	0	0	0	0	0	103	103	0	0	0	0				
840363														22071	0	14025	0	0	0	0	0	5436	1635	975	10230	0	0				
840747														12023	0	3442	0	0	0	0	0	4076	3725	780	3085	0	0				
841472														1292	0	3	0	3	0	0	0	273	891	125	0	0	0				
841753														925	0	16	0	0	0	0	0	130	702	77	0	0	0				
841838														12547		878	0	109				6092	5566	11		388					
842376														4625	0	937	0	0	0	0	0	666	2971	51	855	0	0				
842460														12422		2751	0	1159				2509	5985	1177			1592				
842853														103	0	0	3	0	0	0	0	89	11	0	0	0	0				
843476														721	0	570	0	0	0	0	0	116	35	0	0	0	0				
843953														1238	0	1212	0	0	0	0	0	26	0	0	0	0	1198				
844053														34222		25834	0					945	4643	2800	13879		10882				
844138														681	0	0	0	0	0	0	0	286	395	0	0	0	0				
844455														181	0	0	0	0	0	0	0	181	0	0	0	0	0				
844567														8279	0	2695	0	0	925	1322	0	1257	2930	1397	0	0	0	ATM Clearing	ESI Accrued Liability	70164	
845247														3287	0	341	29	0	0	0	0	1585	687	645	0	0	0				
845573														72589		61903	0					188	9852	646	45116						
846132														84	0	0	0	0	0	0	0	33	51	0	0	0	0				
846945														1756	0	1060	0	0	0	0	0	198	459	39	1060	0	0				
847157														3025	0	1931	0	0	576	18	0	849	195	50	1337	0	0	Split Dollar Life Insurance Benefit	CDARS Incoming Ratebridge Payment		
847979														987	0	417	0	0	0	0	0	1	569	0	0	0	0				
848248														2517	0	991	0	0	0	0	0	597	343	586	0	0	0				
848453														505	0	3	0	0	0	0	0	198	280	24	0	0	0				
849076														624	0	280	0	0	193	0	0	189	155	0	0	0	0	Accrued Post Retirement Benefit			
849348														2382	0	1034	0	0	0	0	0	801	547	0	682	0	0				
849357														642	0	0	0	0	0	0	0	103	539	0	0	0	0				
849432														856		285	0					317	204	50							
850036														81007		33054	0		14695			2476	43719	1758		12346		Counterparties swaps collateral			
850054														325		0	0					75	236	14							
850456														1575	0	85	0	51	0	0	0	1106	304	80	0	0	31				
851060														223	0	0	0	0	0	0	0	171	44	8	0	0	0				
851172														6903	0	3918	0	0	0	0	0	1419	1554	12	3911	0	0				
851239														9002	0	7470	0	0	2057	0	0	307	1211	14	3727	0	0	NETWORK SETTLEMENT			
851631														3208	0	1121	0	948	0	0	0	1009	908	170	0	0	0				
852218	180289000	0	136780000	0	0	62689000	0	0	38762000	2926000	0	0	0									1821000						Customer payables			
852254														1927	0	534	0	0	0	0	0	1061	262	70	519	0	0				
852320	9473000	0	6479000	0	0	2348000	0	0	2216000	354000	0	0	0									424000						Unfunded liabilities for affordable housing investments			
852544														20870	0	2927	0	0	732	0	0	4109	9100	4734	0	0	0	SBA Incentive program			
852704														11645	0	6507	0	0	0	0	0	1367	3490	281	0	0	5091				
852713														13688	0	5244	0	0	0	0	0	4676	3683	85	0	1328	2643				
852973														1728	0	26	0	0	0	0	0	303	1224	175	0	0	0				
853251														3575	0	2857	0	0	1504	0	0	441	168	109	0	0	0	BANK SERVICE EXPENSE PAYABLE			
853671														4857	0	640	0	0	379	0	0	2283	1598	336	0	0	0	Mastercard prepaid commissions			
853747														1083	0	239	0	238	0	0	0	748	11	85	0	0	0	Anticipated Insurance Proceeds			
853804														10176	0	7306	0	0	0	0	0	52	1986	832	6970	0	0				
853934														1326	0	171	0	0	0	0	0	14	1052	89	0	0	0				
853952														164536		120825	0	56027				9622	33565	524			31261				
854173														1629	0	1173	0	0	0	0	0	386	70	0	1038	0	0	Accumulated Post Retirement Liability			
854753														1055	0	0	0	0	0	0	0	1055	0	0	0	0	0				
854847														2566	0	2254	0	0	0	0	0	256	56	0	2254	0	0				
855143														3979	0	3515	0	0	0	0	0	234	195	35	3509	0	0				
855264														1257	0	209	0	0	0	0	0	142	826	80	0	0	0				
855303														111	0	0	49	0	0	0	0	62	0	0	0	0	0				
855563														4177		3124	0	454				212	834	7			1961				
855741														3400	0	678	0	0	0	0	0	1414	1079	229	678	0	0				
855844														1136	0	134	0	0	8	0	0	266	678	58	123	0	0	CDARS INCOMING RATEBRIDGE PAYMENT			
855956														723	0	145	0	0	0	0	0	522	0	56	0	0	0				
856159														48	0	0	0	0	0	0	0	38	10	0	0	0	0				
856243														13459	0	7509	0	0	0	0	0	2340	2270	1340	4188	0	3037				
856346														2271		1475	12		800			336	325	123				CDARS IN CLEARING			
856458														317	0	0	0	0	0	0	0	242	75	0	0	0	0				
856542														1252	0	965	0	0	0	0	0	287	0	0	895	0	0				
856748														7560	0	84	0	0	0	0	0	1359	4687	1430	84	0	0				
856869														2012	0	1656	0	0	0	0	0	54	288	14	959	0	681				
857259														1151	0	926	0	0	0	0	0	204	21	0	926	0	0				
857455														2046	0	1691	0	0	0	0	0	1	332	22	1520	0	0				
857745														1523	0	672	0	0	58	0	0	851	0	0	545	0	0	Real Estate Taxes Payable			
857811														2718	0	1428	0	0	0	0	0	339	951	0	0	0	1168				
857941														510	0	0	0	0	0	0	0	491	0	19	0	0	0		Unpostable Item Adj		
858153														167	0	0	76	0	0	0	0	72	9	10	0	0	0				
858443														181		48	0					82	27	24				SBA Deferred Loan Fee			
858452														127	0	0	0	0	0	0	0	119	8	0	0	0	0				
858528														4502		2277	0	67				234	1961	30	2064		100				
858818														25652	0	25590	0	0	25590	0	0	1	61	0	0	0	0	NET CLEARING WITH PARENT CO			
858854														1483	0	712	0	0	0	0	0	545	226	0	634	0	0				
859002														21253	0	14690	0	0	0	0	0	7	6052	504	11283	0	0				
859141														12150		5093	0					2438	3646	973	3585						
859552														4824		1065	0		698			1573	1686	500	320			Debit Card Settlement			
859655														6605	0	4891	0	0	0	0	0	76	986	652	3155	0	0				
859712														90226		79784	0		24075			22	9570	850	22024		25509	APBO LIABILITY			
860053														6047		1641	0					1216	2111	1079	1429						
860147														2555	0	35	0	0	0	0	0	1561	950	9	0	0	0				
860231														187	0	0	62	0	0	0	0	46	79	0	0	0	0				
860259														2174		968	0		367			199	759	248			595	DUE TO ACCOUNTS			
860334														1737	0	0	0	0	0	0	0	754	954	29	0	0	0				
860352														3044	0	913	0	0	0	0	0	1809	322	0	913	0	0				
861153														162	0	0	56	0	0	0	0	65	30	11	0	0	0				
861658														562	0	0	0	0	0	0	0	160	370	32	0	0	0				
861854														1108	0	0	0	0	0	0	0	203	905	0	0	0	0				
862057														976	0	0	0	0	0	0	0	812	83	81	0	0	0				
862141														3843	0	347	547	0	270	0	0	934	2015	0	0	0	0	DEFERRED REVENUE			
863362														126	0	0	25	0	0	0	0	1	100	0	0	0	0				
863607														4049	0	1	0	0	0	0	0	185	3786	77	0	0	0				
863652														1736	0	1366	0	0	0	0	0	258	105	7	1366	0	0				
863746														4124	0	1665	125	0	0	0	0	521	1813	0	1572	0	0				
864378														1593	0	1088	0	0	0	0	0	134	351	20	886	0	0				
864471														3216	0	35	0	0	0	0	0	190	2397	594	0	0	0				
864846														3189	0	941	0	0	15	0	0	552	1595	101	0	0	0	Accrued Accts payable			
864855														1151	0	0	0	0	0	0	0	644	507	0	0	0	0				
865142														2213	0	24	0	0	0	0	0	1103	1064	22	0	0	0				
865151														3822	0	553	0	0	392	0	0	1825	1444	0	0	0	0	Deferred Loan Fees			
865450														2130	0	993	0	0	156	0	0	834	92	211	27	0	666	Accrued Bonus			
865544														7084	0	3536	0	0	0	0	0	2408	816	324	2760	0	0				
865759														528	60	86	0	0	0	0	0	208	234	0	0	0	0				
865852														591	0	237	0	0	0	0	0	146	208	0	0	0	0		CDARS Deferred Fee Liabilities		
866000														54154		18996	0					5336	28538	1284		8908	2929				
866121														6049	2000	4205	0	0	0	0	0	284	1420	140	770	0	0				
866251														97	0	2	0	0	2	0	0	88	7	0	0	0	0	Res for Payroll	Res for State Income Tax		
867070														2281	0	915	0	458	0	0	0	299	866	201	457	0	0			all other	
867632														7869		2111	0					2591	2262	905			2107				
867650														17166		11246	0					232	3845	1843	2897						
867856														3143	0	9	0	0	0	0	0	1613	996	525	0	0	0				
868059														773	0	184	0	0	0	0	0	234	350	5	0	0	0	FISERV EFT CLEARING ACCT			
868572														159	0	51	0	51	0	0	0	78	28	2	0	0	0				
868956														3205	0	0	0	0	0	0	0	926	1958	321	0	0	0				
869346														1832		172	0					500	1016	144	172						
869551														1320	0	0	0	0	0	0	0	788	426	106	0	0	0				
869663														3408	0	1432	0	0	0	0	0	1702	274	0	1432	0	0				
869953														823	0	133	0	121	0	0	0	140	369	181	0	0	0				
870539														20670	0	16112	0	0	0	0	0	59	4424	75	16112	0	0				
870650														5978	0	2912	0	0	0	0	0	1080	1464	522	0	0	0				
870856														432	50	50	0	0	0	0	0	254	123	5	0	0	0				
870913														6489	0	4158	0	0	0	1328	0	599	1659	73	0	0	0		OHIO EQUITY FUND PAYABLE		
871358														187		0	6					181	0	0							
871648														591	0	55	0	0	0	0	0	302	213	21	0	0	0				
871769														62830	23	25006	0		9933			1486	27238	9100			7124	Commitment to fund ITC			
871956														495	0	0	0	0	0	0	0	94	401	0	0	0	0				
872047														5788		1032	0		812			1913	2437	406				DEFERRED REVENUE			
872579														633	0	76	106	0	0	0	0	380	43	28	0	0	0				
873259														9635	0	6983	0	0	5617	0	0	1085	723	844	1366	0	0	Capital Lease Liability			
874050														4046		2673	0					903	265	205	2649						
874452														1862	0	1374	0	0	153	179	0	388	100	0	1042	0	0	Escrow	AG BMP Payable		
874845														47272		30986	0	2384	16785			9644	6642	0	5067			Due to Swap Counterparties - Pledged Collateral			
875048														2063	0	493	0	0	0	0	0	1158	357	55	369	0	0				
875057														3500	0	0	0	0	0	0	0	186	3314	0	0	0	0				
875132														2651	0	1795	0	1741	0	0	0	583	273	0	0	0	0				
875655														690	0	0	0	0	0	0	0	222	459	9	0	0	0				
875758														1820	0	1620	0	0	0	0	0	129	68	3	1351	0	0				
875879														688	0	468	0	0	0	0	0	18	189	13	0	166	159	Reserve for Repurchase Risk			
875936														4512	0	2260	0	0	0	0	0	622	1056	574	2260	0	0				
876157														630	0	292	0	0	0	0	0	209	102	27	292	0	0	Unearned SBA Loan Fees			
876634														36349		24867	0	2009	15497			1265	8479	1738				TOTAL ESCROWED TAXES PAYABLE			
876700														57188		40517	6760			13932		2094	7175	642	11612			SWAP Collateral	Stadium Naming Liability		
877350														1253	0	399	0	0	0	0	0	633	221	0	398	0	0				
877752														3273	0	136	0	0	132	0	0	711	2285	141	0	0	0	SHAZAM CARDHOLDER ACTIVITY			
877958														47	0	0	0	0	0	0	0	47	0	0	0	0	0				
879439														2240	190	903	0	0	0	0	0	1045	292	0	685	0	0				
879457														15742		8784	0					4621	2136	201	2250	5637					
879550														65	0	51	0	51	0	0	0	8	6	0	0	0	0				
879644														1792	0	0	0	0	0	0	0	954	648	190	0	0	0				
879747														5097	0	3350	0	0	0	0	0	1043	650	54	3350	0	0				
880332														3038	0	1162	0	0	0	0	0	869	837	170	1160	0	0				
880855														7900	0	4335	0	0	0	0	0	1650	1849	66	1311	2991	0				
881012														15700	0	9942	0	0	0	0	0	1518	4225	15	9247	0	0				
881441														422	0	69	0	0	0	0	0	197	106	50	0	0	0				
881478														112028		102384	0		47080			150	8754	740				Funding Obligation - LIHTC			
881852														1448	0	924	0	0	0	0	0	494	1	29	888	0	0				
881900														1653		911	319		676	62		94	321	8				Unearned Points	Unearned Loan Fees		
882242														4696	0	2161	661	0	0	0	0	1096	703	75	2161	0	0				
882541														757	0	451	0	0	0	0	0	190	116	0	358	0	0	ESOP PAYABLE			
882701														48273	0	36299	0	0	0	0	0	180	10148	1646	25913	0	9344				
882952														1793	0	585	0	0	0	0	0	506	446	256	580	0	0				
883351														819	0	188	0	0	0	0	0	528	103	0	151	0	0				
883959														1050	0	161	0	0	160	0	0	146	743	0	0	0	0	FHLB Stock Dividend			
884303														45537		25672	0		18815			3576	15743	546				Interest Rate Swap Liability			
884358														3179	0	1852	0	0	0	0	0	286	1041	0	1391	0	0	Deferred Comp Liab-DCP			
884376														1134	0	660	0	0	0	0	0	219	194	61	649	0	0				
884442														11964	0	3229	0	15	1335	0	0	1916	6542	277	0	0	1867	ATM Suspense			
884648														4559	0	3972	0	2	0	0	0	508	79	0	3798	0	0				
884657														350	0	50	0	32	0	0	0	181	119	0	18	0	0				
885252														2438	0	874	0	439	0	0	0	998	566	0	435	0	0				
885430														597	0	115	0	0	0	0	0	326	156	0	62	0	0				
885579														642	0	130	0	0	0	0	0	266	246	0	0	0	0				
885869														11630	290	2817	0	0	0	0	0	1882	6654	277	0	0	642				
886204														18712	0	6379	0	0	0	0	0	4	12309	20	0	0	5223				
886624														8366	0	3160	0	0	0	0	0	774	4103	329	0	0	3124	00			
887340														21099	0	6529	0	421	0	315	0	2872	10657	1041	5753	0	0		HEDGE LOCK AND CLOSE PAYABLE		
887827														769	0	0	0	0	0	0	0	769	0	0	0	0	0				
887854														98	0	10	14	0	0	0	0	35	0	39	0	0	0				
888002														33793		30054	0		10601			254	2577	908				Operating Lease Liabilities			
888141														1841	0	12	0	0	0	0	0	29	1736	64	0	0	0				
888271														1498	0	462	0	0	403	0	0	13	1020	3	0	0	0	Suspense Accounts			
888552														7535	0	5334	0	0	13	8	0	458	1107	636	5313	0	0	Incoming RBP	Mortgage Suspense		
888833														3581	0	1264	0	0	0	1088	0	2076	241	0	176	0	0		Other Miscellaneous Liabilities		
890050														2234	0	701	0	0	473	0	0	579	622	332	0	0	0	ALLOWANCE FOR RE REPURCHASE			
890649														1123	0	464	0	0	0	394	0	488	151	20	0	0	0		Deferred Compensation Liability		
890742														11360	0	4697	0	0	0	0	0	2362	3590	711	0	3708	0				
890957														1437	0	633	0	0	0	0	0	578	149	77	633	0	0				
891226														6057	0	3781	0	0	0	0	0	719	1384	173	2804	0	0				
891253														1058	0	328	0	118	208	2	0	157	573	0	0	0	0	PAYABLE TO AFFILIATE	BACKUP WITHOLDING		
892205														25552		10531	0					253	14132	636			7198				
892223														2112	0	1653	0	191	0	0	0	372	87	0	1428	0	0				
893855														38347	0	2614	0	0	1982	0	0	199	35190	344	0	0	0	DEFERRED BAAS PROGRAM REVENUES			
894272														3185	0	1869	0	0	72	39	84	900	273	143	1518	0	0	BENEFIT PLAN RESERVE	RESERVE FOR OUTSTANDING FHLB CHKS	ATM SETTLEMENT	
894348														10926	0	5821	0	1998	0	0	0	2312	2286	507	3533	0	0	Debit Card Settlement			
894544														3618	0	2337	0	1130	0	0	0	325	898	58	918	0	0				
894834														181	0	2	0	0	0	0	0	23	136	20	0	0	0				
895055														4731	0	0	0	0	0	0	0	2956	1685	90	0	0	0				
895448														1985	0	1077	0	0	0	0	0	616	171	121	1075	0	0				
895710														30273	0	20034	0	0	0	0	0	76	9420	743	8011	0	0				
896155														2036	0	1070	0	0	0	0	0	537	195	234	1046	0	0				
897170														45950	0	34326	0	0	0	0	0	2515	6999	2110	0	0	30501				
897237														533	0	322	0	0	243	0	0	23	188	0	0	0	0	PENSION PLAN LIABILITY			
897451														1113	0	896	0	29	0	0	0	209	8	0	741	0	0				
897648														1629		574	0					455	14	586							
897853														414	0	0	0	0	0	0	0	294	120	0	0	0	0				
898458														24623	0	88	24391	0	0	0	0	0	144	0	0	0	0				
898579														4502	0	1100	0	0	0	0	0	1069	1831	502	1065	0	0				
898627														4904	0	1782	0	0	1316	0	0	497	2075	550	0	0	0	ESCROW ACCOUNT			
898850														8447	580	5148	0	0	0	0	0	1456	1444	399	1386	0	875				
899008														9690	0	4755	0	0	3346	0	0	90	3659	1186	0	0	1307	ESOP Loan payable			
899343														3928		2301	0		35			651	956	20	1340		516	Unearned credit life premium			
899428														8086	0	2203	0	0	0	0	0	1464	3828	591	0	0	1710				
899642														915	0	220	0	0	159	0	0	272	394	29	0	0	0	Unearned VISA Fee Income			
899651														1169	0	0	0	0	0	0	0	354	815	0	0	0	0				
900034														5827	0	4833	0	0	0	0	0	994	0	0	3726	0	0				
900146														5095	0	509	0	0	0	0	0	2297	1634	655	509	0	0				
900306														35269	0	22754	0	0	0	0	0	5256	5573	1686	15173	228	0				
900502														12941	0	12426	0	0	0	0	0	0	515	0	8795	0	0	Deferred Comp			
900678														3080	0	841	2180	0	0	0	0	4	55	0	237	0	0	ATM Settlement	Due to Holding Company	Deferred SBA PPP Income	
901134														1576	0	79	0	0	0	0	0	492	1002	3	0	0	0				
901358														4965	0	3332	0	0	0	0	0	1094	470	69	802	0	524				
901451														514	0	20	0	0	0	0	0	412	16	66	0	0	0				
901938														11956	0	4996	0	0	0	0	0	4620	1735	605	4928	0	0				
901974														1909	0	1712	0	0	0	0	0	30	72	95	1045	0	0				
902645														276	0	100	0	0	0	0	0	122	54	0	0	0	0	Particpation LIFO			
902672														4550	0	2072	0	0	0	0	0	3	2099	376	2033	0	0				
903240														1647	0	0	0	0	0	0	0	214	1379	54	0	0	0				
903754														474	0	33	0	0	0	0	0	165	208	68	0	0	0	0			
903950														173	0	0	0	0	0	0	0	87	86	0	0	0	0				
904171														6698	0	2917	0	0	1115	1288	0	2684	956	141	0	0	0	Accrued Benenfit Liability	Lease Liability		
904359														5504	0	4234	0	0	0	0	0	297	423	550	2996	0	0				
904845														953		38	0					238	677	0							
905356														3571	0	1556	0	0	706	0	0	1253	441	321	0	0	0	Deferred/Unearned Loan Fees			
905673														4458	0	3721	0	0	0	0	0	1	713	23	2191	0	0				
906241														4664	0	3069	0	0	0	0	0	1286	309	0	1821	0	1218				
906410														1345	0	593	0	0	592	0	0	489	263	0	0	0	0	ACCRUED INDEX RETIREMENT PLAN			
907444														1055	0	220	0	22	198	0	0	446	306	83	0	0	0	Unamortized Loan Fees - 4k CDARS INCOMING RATEBRIDGE PAYMENT			
907547														2090	0	195	0	3	0	0	0	469	1107	319	73	0	89				
908450														4603	0	2589	0	0	0	0	0	1462	552	0	2589	0	0				
908553														4179	0	679	0	0	0	0	0	1419	1661	420	564	0	0	PPP SBA FEES			
908861														1570		927	0	839				141	437	65							
909055														5401	0	1745	0	341	0	0	0	1149	2330	177	824	580	0				
909756														3747	0	3286	0	0	3024	0	0	236	181	44	0	0	0	PARTICIPATION CUSTODIAL ACCOUNT			
910079														47	0	0	0	0	0	0	0	11	36	0	0	0	0				
910118														6790	0	3444	0	0	0	0	0	273	2829	244	3099	0	0				
910239														2987	628	2466	0	0	0	0	0	263	258	0	1640	0	0				
911160														3292	0	1687	0	0	0	0	0	1017	558	30	1490	0	197				
911339														1335	0	1021	0	0	0	0	0	274	40	0	927	0	94				
911759														735	0	609	0	0	0	0	0	82	44	0	609	0	0				
911973														43893	10556	27113	0	0	0	0	0	170	14610	2000	12730	0	0				
912756														121	0	0	0	0	0	0	0	121	0	0	0	0	0				
913146														8985	0	5979	0	0	2973	0	0	875	1722	409	1980	0	0	Commitments to fund income tax credit entities			
913436														117	0	3	45	0	0	0	0	25	44	0	0	0	0				
913753														13268		6390	0					895	4640	1343			5971				
913856														60943		38213	0		19632			3333	11676	7721	12924			Equity Funds of Nebraska			
914545														852	0	0	0	0	0	0	0	366	340	146	0	0	0				
914648														27845	0	13213	0	843	0	0	0	7554	5495	1583	11347	0	1017				
914853														1126		512	0					574	0	40	464						
915056														391	0	104	0	104	0	0	0	287	0	0	0	0	0	Tax Payable			
915065														4851	0	1523	0	0	0	0	0	389	2526	413	0	0	1365				
915878														127254		31124	0	13054				14810	51489	29831			17252				
915935														208	0	161	0	0	0	0	0	19	28	0	161	0	0				
916343														206	0	0	0	0	0	0	0	71	134	1	0	0	0				
916745														8192		6344	0	795				1362	366	120	4291						
916857														2304	0	1533	0	0	0	0	0	123	529	119	1125	0	0				
917050														3423		1073	0					1864	401	85	1072						
917500														932	564	564	0	0	0	0	0	89	207	72	0	0	0				
917555														6446	0	741	0	0	469	0	0	1331	4374	0	0	0	0	Reserve for Discretionary Bonus			
917630														700		311	0					198	189	2			311	CECL-we use a contra asset account			
917742														434622		194548	0					76535	128263	35276							
917854														1096		0	0					762	266	68							
918132														880	0	520	0	0	155	0	0	329	31	0	212	0	0	Right of Use Liability			
918150														1088	0	828	0	0	0	0	0	260	0	0	828	0	0				
918356														632	0	0	0	0	0	0	0	51	581	0	0	0	0				
918477														14045	0	10076	0	0	0	0	0	2742	1227	0	2969	0	3180				
918655														420	0	0	0	0	0	0	0	353	48	19	0	0	0				
918776														334	0	293	18	1	0	62	210	2	21	0	0	0	0		Escrow Funds	Deferred Income LRA	
918879														1025	0	217	0	0	0	0	0	214	262	332	126	0	0				
918918	388715	0	231539	0	44508	164823	0	0	43350	1076	0	4258	0									112750						SECURITIES PURCHASED NOT PAID FOR			
918954														2348	0	1451	0	0	0	0	0	362	456	79	1144	0	0				
919344														2890	0	1400	0	0	0	0	0	1087	350	53	0	0	0				
919456														5270	0	2541	215	0	0	0	0	1676	478	360	2380	0	0				
919568														305	0	0	0	0	0	0	0	210	0	95	0	0	0				
919773														415	0	353	0	0	96	0	0	1	0	61	172	0	0	ACCRUAL FOR FHLB INTEREST			
920210														441	103	103	0					138	190	10							
920359														445	0	126	0	0	0	0	0	319	0	0	0	0	0				
920733														1929	0	655	0	638	0	0	0	368	906	0	0	0	0				
920854														5874	475	2466	0	0	26	50	7	1369	2039	0	1908	0	0	INTEREST RATE SWAP	RESERVE UNFUNDED COMMIT	CDARS RATEBRIDGE	
920975														1820	0	309	0	0	0	0	0	676	835	0	0	0	240				
921039														5251		1970	0					199	2114	968	1970						
921178														11890	0	6551	0	0	0	0	0	1537	3504	298	0	0	4652				
921655														885	0	845	0	0	0	0	0	40	0	0	845	0	0				
921879														238	0	118	0	0	0	0	0	63	51	6	0	0	0				
921936														233	0	2	0	0	0	0	0	76	139	16	0	0	0				
922157														1544	0	507	0	0	419	0	0	656	181	200	0	0	0	Promontory ICS Clearing Acct			
922344														3999	0	385	345	318	0	0	0	63	3033	173	67	0	0				
922559														6555	90	2603	0	0	0	10	0	3063	830	59	2503	0	0		CDARS rate bridge		
922924														849	0	0	0	0	0	0	0	200	599	50	0	0	0				
923257														651	0	70	0	0	0	0	0	220	361	0	0	0	0				
923350														405	0	185	0	0	0	183	0	185	35	0	0	0	0		ACC SALARY CONT EXP		
923707														27357	0	23074	0	0	1472	0	0	0	2835	1448	9870	0	11679	Accrued Pension			
923752														34838	0	19653	0	96	11872	1500	0	2983	11887	315	5380	0	0	Low Income Housing Tax Credits	Accrued Rewards Payable		
923855														526	0	86	0	17	0	0	0	238	202	0	22	0	0				
923949														298	0	62	0	0	0	0	0	107	123	6	0	0	0				
924058														1525	0	233	0	0	0	0	0	676	556	60	0	0	0				
924236														5636	0	3418	0	111	0	0	0	1559	215	444	0	0	0				
924254														165	0	0	0	0	0	0	0	136	18	11	0	0	0				
924357														766	0	361	0	219	0	0	0	284	121	0	142	0	0	Investments committed to purchase			
924553														487	0	0	0	0	0	0	0	304	183	0	0	0	0				
924937														2948	0	1762	0	0	0	0	0	229	948	9	1097	0	0				
925037														15997	0	5905	0	253	0	0	0	4511	4857	724	0	0	0				
925055														873	0	125	0	0	10	0	115	212	416	120	0	0	0	CDARS Incoming Bridge	Bonds Pending Settlement	Other Liabilities	
925354														4707	0	1752	0	0	0	0	0	741	2214	0	1300	0	0				
925411														49505	0	24439	0	0	0	0	0	6569	18497	0	12079	0	12360				
925653														1628	0	72	0	0	0	0	0	518	988	50	0	0	0				
926632														5059		3653	0					259	1027	120	3278		320				
926650														285	0	0	0	0	0	0	0	101	184	0	0	0	0				
926959														564	0	21	0	0	0	0	0	320	223	0	0	0	0				
927077														557		122	0	21	1			70	365	0			100	OTHER LIABILITIES			
927134														1227	0	228	76	0	228	0	0	666	57	200	0	0	0	ATM Processing Settlement			
927479														15952	0	13793	0	157	0	0	0	712	1447	0	3057	0	10579				
928056														3706	0	1416	0	0	650	0	0	932	1079	279	0	0	0	Accrued HR Benefits			
928421														25274	0	14327	0	0	0	0	0	3738	5459	1750	0	0	0				
928618														11769	0	6794	0	0	0	0	0	4428	301	246	0	3062	1516				
929352														250965		109762	62305					29139	45490	4269			70566				
929932														5044	0	2396	0	0	0	0	0	1487	461	700	0	0	2221				
929978														24337		18903	0	3534				2627	1077	1730	4783	311	10200				
930358														16462		12814	0	8089				443	3059	146	3859						
930442														9489	0	32	0	0	0	0	0	1754	7183	520	0	0	0				
930853														925		589	0	218		179		262	74	0					Deferred Compensation Payable		
930965														104250		45989	0		13074			1109	51750	5402	16569			FOREIGN EXCHANGE AP OUTSTANDING			
931038														5578	0	0	0	0	0	0	0	2074	3403	101	0	0	0				
931047														1518		910	0		2			274	313	21	908			RBP CDARS			
931159														460	0	91	0	0	0	0	0	133	0	236	91	0	0				
931207														5876	0	529	0	138	0	0	0	0	5347	0	0	0	391				
931270														1384	0	23	349	0	0	0	0	0	1000	12	0	0	0				
931355														570	0	174	0	0	0	0	0	258	138	0	0	0	0				
931458														54	0	0	0	0	0	0	0	34	14	6	0	0	0	eft settlement			
931944														818	0	150	0	150	0	0	0	378	209	81	0	0	0				
932642														119	0	0	3	0	0	0	0	58	58	0	0	0	0				
932745														2724	0	1487	0	0	0	0	0	212	1025	0	0	0	1486				
932978														108654		76172	0		14644			6411	23983	2088	28812	14658	12260	Counterparty Collateral			
933023														39294		28066	0					2091	7214	1923	14032		11541				
933041														7438		2447	0					1614	3088	289	2445						
933256														79641		50581	0		12062			7115	17144	4801			18017	Income Taxes Payable			
933340														1116	0	0	0	0	0	0	0	771	345	0	0	0	0	Unamortized loan commitment fees/cost			
933377														19422		13162	0					648	5271	341	6108	5498					
933621														106760		79686	0		38583			4467	19100	3507	23803			Commitment to Fund			
933966														256487		217701	0		92727			1162	30874	6750				EQUITY INVESTMENTS - UNFUNDED COMMITMENTS			
933975														39030	0	24320	0	0	0	0	0	7072	5338	2300	6663	0	11578				
934271														260701		205487	0		102244			0	55214	0				Accounts payable to subservicing clients	Guarantee fees payable on behalf of clients		
934329	283000	0	97000	6000	36000	0	0	0	125000	1000	0	0	46000									54000									
934673														7107	0	4846	0	0	0	0	0	117	1865	279	4551	0	0				
935250														4909	0	240	0	0	0	0	0	1070	2592	1007	0	0	238				
935308														4765		76	0					2223	2463	3							
935559														2427	0	17	0	0	0	0	0	1433	977	0	0	0	0				
935577														2180	0	170	0	0	0	0	0	1488	477	45	102	0	0				
935719														712	0	515	0	0	0	0	0	110	87	0	515	0	0	Accrued SERP Liabilities			
936136														54759		36369	0					2592	13500	2298			11933				
936426														199365		157941	0		40245			22569	12966	5889			43792	Interest Rate Swap			
936462														179861		68142	0					5310	102674	3735			59233				
936583														18040	0	11223	0	0	0	0	0	2832	3797	188	5715	0	0				
936640														2145	0	54	0	54	0	0	0	1042	1049	0	0	0	0				
936837														712	0	62	0	0	0	0	0	495	155	0	0	0	0				
936855	890824	0	594072	0	0	0	0	0	207238	8221	0	0	0									81293									
937339														1723		1108	0		569			615	0	0				BOLI Reserve			
937553														687	0	116	0	0	0	0	0	531	37	3	95	0	0				
937740														9795	0	6648	0	0	0	0	0	486	2261	400	6176	0	417				
937759														688	0	59	25	0	0	0	0	409	104	91	0	0	0				
937834														399	0	73	0	0	0	0	0	250	60	16	0	0	0				
937843														168	0	0	0	0	0	0	0	47	121	0	0	0	0				
938354														121	0	0	0	0	0	0	0	61	60	0	0	0	0				
938550														220	0	0	0	0	0	0	0	114	7	99	0	0	0				
938859														7874	0	4850	0	0	0	0	0	157	1890	977	3612	703	0				
939070														567	0	284	0	0	270	0	0	6	257	20	0	0	0	ATM Settlement			
939249														12997		1073	0					5429	4895	1600	732						
940021														1155		800	0					28	327	0	800			escrow reserve			
940311	1156000	0	856000	0	0	0	594000	0	260000	10000	0	0	0									30000							SECURITIES TRADES PAYABLE		
940674														2647	0	2219	0	0	0	0	0	134	288	6	2064	0	0				
940731														1948	0	1281	0	0	0	0	0	66	601	0	1069	0	0				
940852														251		0	0					213	38	0							
941541														948	0	297	0	52	0	0	0	341	250	60	244	0	0				
941804														978	0	976	0	371	208	0	0	2	0	0	0	0	292	Deferred Loan Fees	Lease liability		
942454														5045	0	4903	0	0	0	0	0	142	0	0	4492	0	0				
942539														5061	0	157	0	0	0	0	0	4018	886	0	0	0	0				
942847														407	0	0	0	0	0	0	0	321	86	0	0	0	0				
943143														372	0	17	0	12	0	0	0	131	197	27	0	0	0				
943152														115	0	0	0	0	0	0	0	88	18	9	0	0	0				
943273														320	0	19	0	0	0	0	0	186	115	0	0	0	0				
943675														3695	0	2454	0	2277	0	0	0	87	1017	137	0	0	0				
943853														651	0	29	214	0	0	0	0	408	0	0	0	0	0				
943974														968	0	605	0	301	149	0	0	41	322	0	0	0	155	ACL OFF BALANCE SHEET LIABILITY ACCT (Unfunded Commitment Reserve)			
944047														3806	0	477	0	0	0	0	0	1719	1407	203	271	0	0				
944337														2036	0	1318	0	0	0	0	0	407	15	296	623	0	0				
944355														5221		3132	0					1316	554	219							
944627														8950	0	5180	0	0	0	0	0	355	3064	351	3580	199	1400				
944739														2159	0	72	0	0	0	0	0	744	1343	0	0	0	0				
944748														424	0	3	44	0	0	0	0	368	9	0	0	0	0				
944935														352	0	168	0	0	0	0	0	153	22	9	168	0	0				
945026														1907		1091	0					7	809	0	796		294				
945053														32903		23897	0	17444				1270	7146	590							
945071														5432	0	5174	0	3647	0	0	0	8	35	215	1525	0	0				
945950														412	0	0	0	0	0	0	0	348	64	0	0	0	0				
946274														1196	0	1029	0	450	0	0	0	6	103	58	578	0	0				
946555														1523	0	364	0	0	0	0	0	374	785	0	357	0	0				
947525														1550	0	712	0	0	0	0	0	368	422	48	712	0	0				
947749														6042	0	2697	0	0	0	0	0	646	2450	249	1455	0	0				
947776														1881	0	1264	0	0	0	0	0	0	496	121	1237	0	0				
948250														1134	0	237	0	0	237	0	0	180	653	64	0	0	0	Deferred Income - M/C & Pulse Incentives			
948278														705	0	214	0	0	214	0	0	382	89	20	0	0	0	Deferred prepaid interest			
948531														2261	0	975	0	0	0	0	0	311	380	595	975	0	0				
949154														30801		11995	0					5984	9475	3347			10187				
949453														91	0	0	0	0	0	0	0	78	10	3	0	0	0				
950141														3083		788	219	753				1003	897	176							
950178														14964	0	10177	0	0	0	0	0	751	3033	1003	0	0	6238				
950356														970	0	149	0	0	0	0	0	169	652	0	149	0	0				
950758														789		94	0					284	411	0							
951102														7097	0	6206	0	0	0	0	0	14	877	0	4071	0	1878				
952172														14484		9927	0					1122	2776	659	6468						
952257														490	0	0	0	0	0	0	0	297	193	0	0	0	0				
952677														19308	0	5739	0	2206	0	0	0	1678	10669	1222	1216	1553	0				
952846														1112	0	0	0	0	0	0	0	488	624	0	0	0	0				
953535														13419	0	7364	0	0	0	0	0	1600	4393	62	3442	353	3312				
953843														1860	0	72	0	0	0	0	0	475	1138	175	0	0	0				
953852														1125	0	70	0	0	0	0	0	918	24	113	0	0	0				
954158														429	0	4	0	0	0	0	0	425	0	0	0	0	0				
954251														2773		1732	0					523	328	190	1732						
954279														3076	0	996	0	0	0	0	0	77	1628	375	726	0	0				
954653														220	0	0	0	0	0	0	0	44	80	96	0	0	0				
954671														875	0	446	0	0	369	0	0	351	78	0	0	0	0	Accrued Payroll			
955753														583	0	0	0	0	0	0	0	161	299	123	0	0	0				
955940														2060	0	307	0	0	0	0	0	1131	332	290	0	0	255				
955959														5812	0	3890	0	0	13	0	0	313	1609	0	3660	0	91	CDARs incoming ratebridge payment			
955977														16266	0	6848	0	0	0	0	0	1155	7669	594	1859	0	4103				
956134														672	0	56	0	0	0	0	0	311	261	44	0	0	0				
956152														315	0	111	0	0	111	0	0	137	62	5	0	0	0	Salaries			
956255														3175	0	666	0	0	520	0	0	434	1717	358	0	0	0	Debit Card Settlement			
956358														547	0	1	0	0	0	0	0	264	210	72	0	0	0				
956376														702	0	401	0	0	0	0	0	0	283	18	366	0	0				
956527														2429	0	1153	0	0	0	0	0	888	388	0	0	0	0				
956554														244	0	0	0	0	0	0	0	76	134	34	0	0	0				
956750														7385	0	2710	0	206	297	36	0	846	2970	859	426	0	1520	MEDICAL BENEFITS RESERVE	CONTRACT INCENTIVES		
956938														10511	0	5139	0	1652	0	0	0	3466	558	1348	1806	0	1650				
956956														1171	0	585	0	0	348	0	0	475	111	0	0	0	0	Score Card Liability			
957757														3667	0	2335	0	0	906	808	0	574	638	120	0	0	0	ATM Check Card Settlement	Deferred Flex Credit		
958204														52229		47736	0					1045	3292	156	22087		20741				
958231														85	0	0	0	0	0	0	0	85	0	0	0	0	0				
958558														2820	0	2130	0	0	0	0	0	571	119	0	1756	0	0				
958763														612	0	6	0	0	0	0	0	192	389	25	0	0	0				
959304														186275		152988	0					6635	25676	976			50102				
959443														2364	0	0	0	0	0	0	0	1237	1127	0	0	0	0				
959630														375	0	363	0	0	0	0	0	7	0	5	351	0	0				
959715														14917		10723	0	435				693	2981	520	5527		1753				
960047														550	0	47	231	0	0	0	0	233	39	0	0	0	0				
960551														397	0	97	0	0	0	0	0	263	37	0	97	0	0				
960935														14063		6027	0					2963	3524	1549		338					
961259														3685	0	222	0	0	0	0	0	341	2559	563	0	0	219				
961343														2279		1099	0					108	901	171	597						
961400														8805	0	2507	1112	35	0	0	0	5	4981	200	1655	0	812				
961446														981	0	214	0	0	202	0	0	566	190	11	0	0	0	FHLBI Grant Program			
961576														10118		8112	0					52	1795	159			4193				
961624														195469		114233	0					32396	44970	3870			77579				
961811														10290		8681	0					620	895	94			8681				
962313														479	0	0	0	0	0	0	0	99	380	0	0	0	0				
962890														11111	0	3404	0	0	0	0	0	2826	4254	627	0	0	864				
962966														611036	0	169510	63908	58341	50563	45733	0	4114	373504	0	0	0	0	Interest rate hedge SWAPs	Credit default swap liabilities		
963002														5941	0	2259	0	0	0	0	0	2	3392	288	0	0	2259				
963730														863	0	99	0	0	0	0	0	203	552	9	0	0	0				
963945														256936		144203	28857	120109				26932	44722	12222		10538	8325				
964157														3461	0	908	0	0	853	0	0	330	2223	0	0	0	0	Future Lease Obligations			
964250														256	0	18	0	0	0	0	0	143	80	15	0	0	0				
965051														808	0	479	0	0	4	0	248	241	88	0	227	0	0	WITHHOLDING-CREDIT LIFE-CDAR	CD INTEREST CHECKS	UNEARNED INCOME CORR CONV CREDIT	
965789														14971		7505	0					1280	3912	2274			4962				
966272														759	0	75	0	0	0	0	0	241	433	10	0	0	0				
966722														5107	0	4274	0	0	0	0	0	416	326	91	2327	0	0				
966731														4409	0	1660	0	0	0	882	91	1845	887	17	677	0	0		Death Benefit Plan- Keyman	Accrued IRS Withheld Int	
966973														166	0	89	0	19	4	0	0	15	34	28	54	0	0	Unearned Profit on Real Estate Owned			
967046														7985	0	4956	0	0	0	0	0	659	2207	163	4956	0	0				
967952														1974	0	1631	0	0	0	0	0	185	157	1	1631	0	0				
968070														106534		82270	1044		55163			2639	14257	6324				Low Income Housing Partnership			
968155														1170	0	0	0	0	0	0	0	296	829	45	0	0	0				
968249														1992	0	211	0	0	0	0	0	946	814	21	0	0	0	part pymnt			
968744														5096	43	2191	0	0	0	0	0	2071	633	201	1751	0	0				
969059														103	0	8	0	0	0	0	0	88	0	7	0	0	0				
969255														3793	0	5	0	0	0	0	0	2556	1232	0	0	0	0				
969639														2671	0	1733	0	0	0	0	0	336	602	0	1373	0	0				
969844														1729	0	770	0	0	0	0	0	274	631	54	689	0	0				
969956														254	0	69	0	0	69	0	0	91	92	2	0	0	0	Income Tax Payable			
970055														1345	0	791	0	0	711	0	0	291	81	182	0	0	0	Operating Lease Liability			
971070														1488	0	1248	0	0	0	0	0	74	163	3	1246	0	0				
971379														12	0	2	0	0	0	0	0	1	9	0	0	0	0				
971959														20604		1848	0	517				11794	4953	2009	854						
972143														1235	0	83	49	0	0	0	0	876	227	0	0	0	0				
972406														34351		20218	676					2	13455	0			20218				
972648														12124		5260	0					4915	1598	351	4607						
972732														15362		8147	0					4065	2177	973	4324						
972750														462	0	19	0	0	0	0	0	112	331	0	0	0	0				
972769														11197	0	8201	0	355	0	0	0	1177	1769	50	3655	0	4181				
972862														7243	2567	4513	0	0	0	0	0	325	1172	1233	0	0	0				
973252														113	0	1	0	0	0	0	0	55	57	0	0	0	0				
974558														1472	0	0	0	0	0	0	0	461	1011	0	0	0	0				
974754														2370	0	1342	0	0	506	147	107	696	307	25	0	0	0	Lease Liability	Reserve for Accured Salaries	MasterCard Incentive	
975153														2471	0	1266	0	0	0	484	0	619	483	103	0	0	0	DEFERRED INTEREST	FISERV EFT SETTLEMENT		
975256														1587	0	883	0	676	0	0	0	501	31	172	63	0	0				
975452														360	0	253	0	22	0	0	0	107	0	0	231	0	0				
975751														132855		26133	47583	25025				10	59129	0							
975854														2016	0	319	0	0	300	0	0	697	1000	0	0	0	0	loan participation clearing account			
976534														2642	0	1688	0	0	0	0	0	239	715	0	1532	0	0				
976552														10642	0	3724	0	0	0	0	0	2749	4169	0	1102	1309	1296				
976703														555425		404808	0		0	0	0	11143	139474	0			403547				
976954														78	0	0	0	0	0	0	0	75	3	0	0	0	0				
977045														236		0	0					82	154	0							
977250														5013	0	3781	73	0	1979	0	0	325	579	255	1098	0	0	CASH LETTER IN PROCESS			
977616														1321	0	0	0	0	0	0	0	564	166	591	0	0	0				
977652														279	0	9	0	0	0	0	0	89	130	51	0	0	0				
977951														11969		6426	0					2771	2424	348							
978118														43471		29871	0		9104			2056	10630	914			9809	Participations Payable			
979133														2804	0	1109	0	0	344	0	0	539	1156	0	0	0	0	Escrow Payable			
979151														1141	0	592	0	0	0	0	0	413	66	70	580	0	5				
979629														6263	0	43	0	43	0	0	0	1260	4818	142	0	0	0				
979759														1600	0	1229	0	370	602	0	0	205	0	166	0	0	0	PENSION BENEFITS LIABILITY			
980438														576	0	0	0	0	0	0	0	278	173	125	0	0	0				
980531														7915		4640	0		1450			1094	1902	279				ATM Settlement			
980661	632845	0	502213	0	200726	0	0	0	79109	33347	130747	0	0									18176									
980773														2856	0	475	0	34	411	0	0	208	2082	91	0	0	0	UNEARNED INCOME			
980951														793		199	0			149		344	187	63					Reloadable card pooled balances		
980960														13244	0	7699	0	0	0	0	0	289	4696	560	0	0	7417				
981350														136		22	0	22				92	1	21							
981453														159	0	14	0	3	0	0	0	136	9	0	0	0	0				
982142														10752	0	3934	0	2671	0	0	0	2466	3729	623	0	0	1262				
982348														10163	0	4369	0	0	0	0	0	2319	3475	0	0	1778	0				
982553														4526	0	1319	0	0	0	0	0	716	1214	1277	0	0	1319				
983055														133	0	0	0	0	0	0	0	128	2	3	0	0	0				
983158														35	0	0	0	0	0	0	0	35	0	0	0	0	0				
983457														19805	0	16403	0	0	0	0	0	1931	1331	140	0	0	10302				
983550														1474		854	0					510	110	0	463						
984258														2249	0	324	0	0	323	0	0	904	1021	0	0	0	0	ATM/Debit Card Clearing			
984351														713	0	285	0	0	103	0	0	279	123	26	181	0	0	securities purchased not settled			
984454														249	0	172	0	59	0	0	0	58	0	19	113	0	0				
984856														1201	0	721	0	0	0	0	0	450	30	0	658	0	0				
985451														695		6	0					10	679	0							
985479														7196	0	1939	0	0	0	737	0	291	4475	491	0	0	1078	0	OCCH		
986159														926	0	574	2	0	0	0	0	315	35	0	556	0	0				
986551														1985		1223	0					707	55	0	986			Escrow Checks Payable			
986757														108		35	0					70	3	0							
986935														1758	0	1	0	0	0	0	0	1157	600	0	0	0	0				
987231														1998	0	0	0	0	0	0	0	750	1248	0	0	0	0				
987259														1423	0	630	0	0	0	0	0	277	516	0	0	0	508				
987576														69	0	0	0	0	0	0	0	42	27	0	0	0	0				
987651														1169	0	406	141	0	0	0	0	380	32	210	0	0	0				
987848														1189		676	215		244			211	87	0	308			Deferred Revenue Inventive from Mastercard 10 yr. agreement			
988144														1083	0	37	0	0	0	0	0	762	264	20	0	0	0				
988153														4035		189	0					3256	440	150	177						
988256														181	0	0	0	0	0	0	0	160	21	0	0	0	0				
988452														2265	0	0	0	0	0	0	0	298	1815	152	0	0	0				
989141														1468	0	0	125	0	0	0	0	454	889	0	0	0	0				
989347														4556	0	326	0	0	323	0	0	2072	1475	683	0	0	0	ATM Debit Card Clearings Suspense Outstanding			
989534														935	0	582	0	0	150	0	0	318	35	0	0	0	432	Allowance for Unfunded Commitments			
989730														5789	0	317	0	7	0	0	0	824	4512	136	0	303	0				
989851														855	0	383	0	0	0	0	0	365	107	0	383	0	0				
990053														1284	0	0	0	0	0	0	0	565	609	110	0	0	0				
990352														2648	0	388	0	0	0	0	0	1062	1198	0	0	341	0				
990642														3827	0	2641	0	0	680	0	0	543	578	65	1957	0	0	Due to Bank Holding Company			
991078														393	0	198	0	0	0	0	0	23	172	0	197	0	0				
991135														393	0	32	0	0	0	0	0	80	237	44	0	0	0				
991340														157660		97031	0				61493	25810	26875	7944						Unfunded Commitments	
991359														1214		569	0		552			350	213	82				OTHER LIABILITIES-SUPPLEMENTAL EXECUTIVE RETIREMENT PLAN ACCRUAL			
991555														568	0	6	0	0	0	0	0	277	285	0	0	0	0				
991621														4000		2115	0	615				1116	666	103	1109						
991854														9	0	0	0	0	0	0	0	9	0	0	0	0	0				
992851														1811	0	0	0	0	0	0	0	1811	0	0	0	0	0				
993250														1770	0	310	0	0	0	0	0	676	741	43	0	0	0		Dividends Payable		
994435														7175	0	2651	0	0	0	0	0	1260	2581	683	1567	0	0				
994770														234	0	0	0	0	0	0	0	164	70	0	0	0	0				
995076														21403		17622	0					3386	0	395			14183				
995272														8943	0	8227	0	0	0	0	0	16	637	63	6856	0	0				
995517														3510	0	2109	0	0	1018	0	0	792	609	0	0	0	0	Deferred Comp/BOLI			
995571														5177		3109	0					577	1397	94	2345						
995674														2368	0	1736	0	0	1228	0	0	345	190	97	0	0	0	Checks in Process			
995955														346	0	0	0	0	0	0	0	281	19	46	0	0	0				
996260														53163		31336	0					5494	15531	802			21923				
997155														354	0	88	21	0	0	0	0	221	0	24	88	0	0				
997557														907	0	524	0	0	0	0	0	256	82	45	524	0	0				
997847														2949		294	0					1596	659	400	287				SBA FEES - PPP		
998358														169	0	0	0	0	0	0	0	93	76	0	0	0	0				
998648														2724	0	1889	0	0	0	0	0	146	689	0	1332	0	0				
998657														982	0	622	0	0	0	0	0	278	82	0	0	0	460				
998844														9169	0	2545	0	192	0	0	0	4288	2336	0	2351	0	0				
999935														7270		5369	0					806	863	232	3496		1329				
1000052														3223	0	277	0	206	0	0	0	1201	1680	65	0	0	0				
1000276														2311	0	1585	0	0	50	9	0	1	693	32	300	0	1205	GROSS NON-ACCRUAL INTEREST PAID	INVESTOR LOAN PAYABLE		
1000641														5994	0	2405	0	0	0	0	0	654	2846	89	1541	0	859				
1000856														589		495	0					2	92	0	495						
1000959														1275		402	0					621	252	0	402						
1001059														3954	0	439	0	0	0	0	0	1737	1410	368	116	0	283				
1001152														111141		33176	0		19845			13182	61363	3420				Inv Pay - LIHTC partnerships			
1001639														33221		782	0	782				18457	13368	614							
1001648														24632		16276	0					3686	3770	900			14715				
1001853														4262		1991	0					1712	485	74	1740						
1002373														6503	0	5560	0	0	0	0	0	0	887	56	2134	0	2664				
1002458														605	0	111	0	0	105	0	0	129	365	0	0	0	0	Deferred Income from Mastercard Contract Incentive			
1002878														127629		70802	0					4907	41028	10892			47902				
1002953														558	0	84	0	0	12	0	0	442	0	32	0	0	0	Escrows			
1003455														857	0	183	0	0	0	0	0	399	227	48	0	0	0				
1003558														2777		1821	0					242	688	26	1683						
1003839														11817	0	10019	0	0	417	8680	343	700	1098	0	508	0	0	Directors Death Benefits	Lease Liability	Deferred Fees Reserve	
1003950														7826	0	32	0	0	0	0	0	53	7734	7	0	0	0				
1004256														374	0	181	0	0	0	0	0	80	113	0	123	0	0				
1004470														13041	0	10365	583	247	3855	0	0	0	1582	511	1123	0	0	Reserves			
1005075														1780	0	1128	0	438	0	0	0	459	143	50	667	0	0				
1005552														2482	0	1666	0	0	0	0	0	276	533	7	0	0	1665				
1005655														930		0	0					511	363	56							
1005851														458	0	250	0	250	0	0	0	144	0	64	0	0	0				
1006148														7309	0	4621	0	0	0	0	0	1227	1461	0	3918	0	0	Insurance Reserves	Deferred PPP Loan Fees		
1006157														717	0	0	0	0	0	0	0	282	410	25	0	0	0				
1006513														5848	0	3903	0	0	80	0	0	967	878	100	3624	0	0	Reserve sick time accrual			
1006559														960	0	625	0	0	0	0	0	245	67	23	0	0	518				
1006652														1761		0	0					1154	559	48							
1007015														104913		88646	0					3249	10445	2573			68212		0		
1007051														974	0	0	140	0	0	0	0	293	515	26	0	0	0				
1007154														5952	0	4299	0	0	0	0	0	472	1152	29	4217	0	0				
1007417														6155	0	4174	0	0	490	0	0	15	1704	262	0	0	0	FISERVE RECON ADJUSTMENT			
1007734														2884	0	1366	0	0	0	0	0	444	744	330	312	0	960				
1007752														553	0	13	0	0	0	0	0	212	323	5	0	0	0				
1007819														35326	0	24124	0	0	0	0	0	5493	4690	1019	0	0	10215				
1007873														10931	0	10547	0	0	0	0	0	0	372	12	8018	0	0				
1007930														863	0	574	0	0	0	0	0	289	0	0	356	0	0				
1007958														188	0	0	0	0	0	0	0	117	71	0	0	0	0				
1008076														1688	0	275	0	1	0	0	0	498	773	142	274	0	0				
1008151														340	0	69	0	0	0	0	0	208	63	0	0	0	0				
1008209														421	0	5	0	0	0	0	0	53	298	65	0	0	0				
1008450														249	0	0	81	0	0	0	0	129	14	25	0	0	0				
1008553														994	0	482	0	0	0	0	0	484	28	0	383	0	0				
1008674														21260	0	16108	0	0	0	337	0	1897	3063	192	7222	0	8145		ACCRUED SERP		
1008955														719	0	0	0	0	0	0	0	577	142	0	0	0	0				
1009242														5039	0	3	0	0	0	0	0	2323	2680	33	0	0	0				
1009354														22254		967	0					7625	5808	7854			766				
1009756														3099	0	2217	0	0	0	0	0	799	59	24	2151	0	0				
1009840														341		13	0		13			281	47	0				RE Contract Payments			
1010015														1699	0	21	0	0	0	0	0	307	493	878	0	0	0				
1010574														2449	0	1414	0	0	0	0	0	41	676	318	949	0	0				
1011432														877	0	384	0	0	384	0	0	217	276	0	0	0	0	Pension PBO Liability			
1011526														82960		70377	0		38447			4564	7997	22				Loan Swap Liability			
1011638														4562	0	189	0	0	0	0	0	1896	1659	818	0	0	0				
1011656														9911	0	8639	2	0	6238	0	0	896	374	0	0	0	0	Holdback Payable for Purchase Receivable			
1011852														42		0	0					14	28	0							
1011955														3980	0	837	0	0	0	0	0	2423	677	43	638	132	0				
1012251														4057	0	2767	0	0	0	0	0	870	380	40	2767	0	0				
1012457														284	0	93	0	0	0	0	0	163	14	14	0	0	0				
1013070														7436		5289	0					34	1588	525	5213		58				
1013650														480	0	0	0	0	0	0	0	452	28	0	0	0	0				
1013744														3206	0	585	299	0	0	0	0	881	1376	65	0	166	305				
1014059														218	0	54	0	0	0	0	0	25	139	0	0	0	0				
1014125														5443	0	2010	0	0	1485	0	0	829	2156	448	0	0	0	Escrow Payable			
1014246														12913	0	12487	14	0	12487	0	0	228	184	0	0	0	0	INTRAFI RECIPROCAL DEPOSIT			
1014255														289	0	0	37	0	0	0	0	110	142	0	0	0	0				
1014376														1529	0	68	0	0	0	0	0	269	1192	0	0	0	0				
1014451														292	0	200	0	0	0	0	0	75	17	0	200	0	0				
1014554														908	0	304	0	0	0	0	0	428	176	0	304	0	0				
1014657														1565		799	0					535	111	120	799						
1014853														1108	0	42	0	0	0	0	0	394	617	55	0	0	0				
1015252														4346	0	2333	0	0	1497	0	0	812	1201	0	0	0	0	Directors' Deferred Compensation			
1015270														4255	0	2493	0	179	0	0	0	363	1329	70	302	0	0				
1015458														551	0	8	51	0	0	0	0	265	227	0	0	0	0	MN Ag Loan Fund			
1015560														77843		55081	0	2480	5000			16257	6372	133			47244	Syndication loan payable			
1015841														919	0	117	0	0	117	0	0	326	476	0	0	0	0	ACCRUED PROFIT SHARING			
1015850														2981	0	1169	0	0	0	0	0	840	786	186	1161	0	0				
1016174														2685	0	1216	334	371	0	0	0	29	945	161	742	0	0				
1016231														11507		6551	0		3116			2364	1818	774				SERP			
1016259														5316	0	1810	0	0	742	0	0	1506	0	2000	0	0	1002	OTHER MISC LIABILITIES			
1016558														332	0	33	0	0	0	0	0	174	125	0	0	0	0				
1016718														418	0	0	0	0	0	0	0	109	309	0	0	0	0				
1016848														131		0	0					58	73	0							
1016857														7885	0	1422	0	791	0	0	0	478	5351	634	0	0	631				
1016941														714	0	0	0	0	0	0	0	333	293	88	0	0	0				
1017425														3779	0	1076	0	0	0	0	0	328	2275	100	0	0	1076				
1017555														191	0	0	0	0	0	0	0	131	60	0	0	0	0				
1017564														608	0	339	0	0	0	0	0	9	184	76	226	0	0				
1017854														150	0	0	0	0	0	0	0	100	50	0	0	0	0				
1017939														246600		159866	0					10497	64692	11545			41734				
1017957														3579	0	2119	0	0	0	0	0	568	503	389	1564	0	539				
1018927														29585	0	16282	0	0	0	0	0	292	11385	1626	0	0	8138				
1157415														23585	0	2722	0	915	0	0	0	18008	1356	1499	1800	0	0				
1160509														2232	0	1059	0	0	0	0	0	643	530	0	854	0	0				
1162017														12027	0	7440	0	0	0	0	0	162	3402	1023	4591	0	2807				
1163283														545	0	147	0	0	0	0	0	287	65	46	147	0	0				
1169650														5741	0	223	0	104	97	0	0	5251	266	1	0	0	0	Loan fee in processing			
1176881														54854		3157	4506	1869				38298	8845	48			1288				
1176920														104	0	77	0	0	0	0	0	27	0	0	0	0	0				
1187001														21378		10145	0					3210	4674	3349			6218				
1187551														580	0	47	0	0	0	0	0	11	460	62	0	0	0				
1188772														20838		5413	0		1105			1088	13965	372		2228	2080	Mortgage loan repurchase reserve	0		
1188987														3898		2706	0	239				430	762	0	2467						
1190476														172692		102346	0	51210				6135	57687	6524							
1191352														1422	0	900	0	0	0	0	0	192	270	60	849	0	0				
1216022	5031000	0	4235000	0	0	1404000	0	0	600000	5000	0	0	0									191000						Merchant Promo Deferred Revenue			
1218446														3633	0	1700	0	0	0	0	0	38	1835	60	1700	0	0	0	0	0	
1222519														5236	0	0	0	0	0	0	0	3913	1323	0	0	0	0				
1222948														1507		86	0		2	80		397	1024	0				Due from FNMA	Reserve for Loans Sold		
1225752														3945	0	3013	0	0	0	0	0	320	612	0	2398	0	0				
1225761	456933	0	306909	145970	306788	0	0	0	3527	0	0	0	0									527									
1225798														494	0	0	53	0	0	0	0	71	370	0	0	0	0				
1228034														4371	0	2791	0	1292	0	0	0	483	137	960	917	0	0				
1293078														1130	0	43	0	0	0	0	0	209	849	29	0	0	0				
1356768														83679		43924	0					6527	29147	4081			23548				
1369870														2235	0	5	2162	0	0	0	0	0	68	0	0	0	0				
1386251														144024		108658	0					16907	18187	272							
1387203														798	0	432	0	0	0	402	0	176	138	52	0	0	0		LEASE LIABILITY		
1387605														33964	0	12646	0	436	0	0	0	10949	7440	2929	7458	2153	0				
1391778														268745		231268	0		136274			6360	31117	0				Tax Reserve			
1394621														7815	0	564	0	0	307	0	0	4723	2128	400	0	0	0	Escrow Control			
1394676	9815693	0	6766816	0	0	2332911	3321248	0	2757560	0	0	0	0									291317						Due to affiliates	Deferred fee income		
1396764														6838	0	2827	0	334	0	0	0	1735	2276	0	2121	0	372				
1397471														1823	0	1221	0	0	0	0	0	350	2	250	0	0	1131	FR BTF			
1402384														2330	0	74	686	0	0	0	0	576	788	206	0	0	0				
1404481														3514	0	2832	0	0	0	0	0	257	50	375	0	1036	1286				
1404883														2436	0	1801	0	0	0	0	0	307	318	10	0	0	1801				
1414819														10926		6079	0					2241	2541	65			5432				
1418255														664	0	349	28	64	0	0	0	8	247	32	267	0	0				
1429028														11262	0	8683	0	0	0	0	0	654	1366	559	0	0	8074				
1435092														804	0	2	0	0	0	0	0	69	728	5	0	0	0				
1436204														42112		31488	0					1635	8095	894			20668				
1443266	88000	0	11000	0	5000	0	0	0	7000	0	0	0	0									70000									
1444021	896139	0	268764	402618	0	0	0	0	224757	0	0	0	152634									0									
1445943														12605		6659	0					745	3208	1993			1843				
1447639														20301	0	12792	0	0	0	0	0	573	4215	2721	9231	0	0				
1456501	3840000	0	2265000	0	0	0	0	0	761000	304000	0	0	0									510000									
1458608														45557		965	0			868		8692	35498	402				Derivatives with a negative fair value	Factoring Payable		
1459717														12842		4884	0		4796			5544	2414	0				ATM/DEBIT CARD SETTLEMENT ACCOUNT	PAYABLE TO TWAIN HTC FUND LLC		
1459735														17579	591	6657	0	1108	875	0	0	2333	8394	195	4011	0	0	Lease Liability			
1459799														3230	0	1882	0	0	0	0	0	650	385	313	1670	0	0				
1462986														614	0	105	0	0	0	0	0	509	0	0	0	0	80				
1469677														17878	0	8875	0	0	0	0	0	3730	3871	1402	4776	2463	0				
1470150														1249		320	0					567	297	65							
1474309														883	0	409	0	0	409	0	0	300	141	33	0	0	0	LEASE LIABILITY			
1479470														5032	0	3643	0	0	0	0	0	575	710	104	2717	0	0				
1481745														4282	0	435	0	0	0	0	0	2008	1604	235	0	0	420				
1492817														633		168	30		168			265	170	0				Deriv Liability			
1493319														3117	0	1426	0	0	0	0	0	280	1406	5	0	0	1426				
1494482														135	0	0	0	0	0	0	0	17	108	10	0	0	0				
1494914														53415		41308	0					9725	2147	235			38733	Shipper's Usance			
1629903														17230		4180	3336					0	9714	0	4006						
1718188	63484	0	58203	0	0	20308	0	0	2839	2155	14990	0	0									287						Due to LIHTC Partnerships			
1718469														34482		20441	0	2875	13024	2027		3044	10917	80	1604	419		Notes Payable - Invest in R/E Ventures	Notes Payable - Equity Investment		
1820979														844		414	0	307				0	430	0			107				
1836701														2349	0	0	0	0	0	0	0	995	1059	295	0	0	0				
1842065														938564		524337	0		185480			37159	291971	85097		241921		Unfunded Commitments on CRA Investment Tax Credits			
1863097														13000		9209	0					419	2861	511			7898				
1864197														23846		7104	0					242	15635	865			6999				
1867983														32751		13602	0					10954	5760	2435			11952				
1872941														3009	0	925	0	0	0	0	0	536	1548	0	600	0	0				
1879016														7085	0	5049	0	75	0	0	0	1081	575	380	1151	0	3818				
1883321														19386		9696	0	912	7032			4144	5546	0	607		125	Payable Securities			
1885932														11827		3967	0					4020	3838	2			2554				
1890525														32386	0	14727	0	0	0	0	0	946	15991	722	7494	0	4493				
1892154														5435	0	4253	0	0	2369	0	0	540	492	150	0	0	1150	ESCROW BALANCES PAYABLE			
1893049	23000	0	16000	0	0	16000	0	0	6000	0	0	0	0									1000						Payable to affiliated companies			
1917301	153542	0	115179	0	40371	0	0	0	22630	9132	0	33957	0									6601									
1918344														99801		63067	0		30645			14268	21276	1190			23096	Commitments to Fund Affordable Housing Project			
1929247														1015726		725092	0					39741	186200	64693	67536		496760				
1940747														2144	0	1547	0	175	0	0	0	85	512	0	0	0	1316				
1945247														332	0	234	0	0	152	0	0	22	76	0	0	0	59	Deferred Grant Revenue			
2002222														4473	0	2050	0	0	0	0	0	1573	850	0	1883	0	0				
2006024														6335	0	2141	0	0	1911	0	0	1831	1763	600	0	0	0	Lease liabilities			
2007991														4494	0	0	0	0	0	0	0	706	3593	195	0	0	0				
2009605														15249		5108	0	16	4088			5510	2831	1800	251		585	LOAN PAYMENTS OWED TO PARTICIPATING BANKS			
2010722														1846	0	596	0	0	0	0	0	508	583	159	299	0	269	NA			
2037185														2763	0	1737	0	0	0	0	0	379	481	166	1449	0	0				
2044811														29544		17663	0		14198			2181	5564	4136				Commitments to Fund Low Income Housing Tax Credit			
2044820														406	0	1	0	0	0	0	0	218	168	19	0	0	0				
2051127														1587	0	619	0	0	0	0	0	295	673	0	619	0	0				
2059990														800	0	61	0	0	0	0	0	207	300	232	0	0	0				
2068107														18059	0	10157	0	0	4649	0	0	898	6819	185	0	0	0	LEASE LIABILITY			
2107181														58358	0	0	0	0	0	0	0	0	58358	0	0	0	0				
2119773														36794		20273	0					3642	7360	5519							
2121196														1060871	0	922498	0	0	809000	0	0	276	137758	339	0	0	0	Due to Broker			
2122997														1031		1029	0		1029			2	0	0				Payable to Non-Affiliate			
2123930														746	0	428	0	0	0	0	0	257	61	0	398	0	0				
2132941														24537	0	1267	0	0	0	0	0	1329	21704	237	1267	0	0				
2140348														189538	0	177427	135	177051	0	0	0	150	11520	306	0	0	0				
2142155														38593		27459	0	7370				1656	7337	2141	9059	11028					
2163477														12676	0	10297	0	0	3708	2842	0	0	2379	0	0	0	0	Accrued Compensation	Deferred Income Management Fees		
2182786	52200000	0	45926000	0	0	27773000	0	0	4879000	575000	0	0	0									820000						Trade date payable			
2193616	153710	0	53641	0	0	30133	0	0	78891	18226	17558	0	0									2952						Unsettled Loan Purchase Payable	Unsettled Securities Purchase Payable		
2209553														105209		69909	0		25197			4863	29684	753			29475	RETIREMENT LIABILITY			
2218443														1691	0	6	0	6	0	0	0	1042	643	0	0	0	0				
2232757														2931	1136	2617	0	0	0	0	0	59	219	36	487	0	987				
2233875														3620	0	2697	0	0	0	0	0	296	191	436	0	0	2198				
2236821														5940	0	2818	676	1179	0	0	0	570	1795	81	0	0	1376				
2239288														142555		99365	0					2015	25836	15339							
2262718														3650		3468	0		2748			0	182	0				Reserve for Production Incentive			
2265456														95434	0	56263	0	0	35195	0	0	12	39159	0	0	0	20860	Defered Income			
2297998														22669	0	10565	0	0	0	0	0	4204	7331	569	4159	0	5516				
2298995														21926		12731	0		9568			2376	4041	2778				Trade Date Securities Payable			
2304636														518		135	91					90	148	54							
2305969														4069	0	1188	0	0	0	0	0	915	1925	41	414	0	619				
2316714														5341	0	2663	0	0	0	0	0	1011	1211	456	0	0	2359				
2317672														1706	0	930	0	0	920	0	0	270	459	47	0	0	0	Operating lease obligation			
2325882														17414	0	15937	0	15535	0	0	0	0	1477	0	0	0	0				
2328137														17917		8243	0					4211	4973	490	5548		2511				
2328285														2057	0	1155	0	0	702	0	0	0	902	0	0	0	0	Accrued Net Payroll			
2329200														3956		2587	0	108	1021			279	983	107	383		617	Deferred revenues-CDFI Awards			
2332910														7731	0	4647	0	0	0	0	0	2076	841	167	0	0	4280				
2333140														1563	0	559	0	0	0	0	0	165	760	79	0	0	530				
2337335														0	0	0	0	0	0	0	0	0	0	0	0	0	0				
2339599														6089	0	4083	0	0	0	0	0	653	1268	85	1911	0	1703				
2339795														13197		4869	0		1942			3800	2848	1680			1896	Commitments to Fund Low Income Housing Tax Credit			
2343167														4594	0	965	0	0	0	0	0	62	3530	37	0	909	0				
2344753														10140	0	74	0	74	0	0	0	1819	3828	4419	0	0	0				
2353595														41511	0	12765	0	0	0	0	0	748	27679	319	11640	0	0				
2354985														211461		123349	6213		42377			26823	47361	7715			36575	Low Income Housing Tax Credit Commitments			
2356091														3861	0	1071	10	24	0	0	0	849	1931	0	1004	0	0				
2358769														3805	0	808	0	0	218	0	0	1226	1661	110	548	0	0	MB Repurchase Obligation Reserve			
2362458	280504	0	135298	74328	135234	0	0	0	70831	0	0	0	0									47									
2371816														4655	0	3449	0	0	0	0	0	695	511	0	3449	0	0				
2390929														22044		8184	0	625	500	745	5996	3060	8435	2365				Allowance for Potential Mortgage Repurchases	Low-Income Investments	Supplemental Executive Retirement Plan	
2391588														928	0	74	0	0	0	0	0	326	422	106	0	0	0				
2396592														4075	0	2423	0	0	0	0	0	1232	0	420	1109	0	0	Deferred Loan Fees			
2396604														2432	0	1242	0	1240	0	0	0	589	574	27	0	0	0				
2398701														4785	0	1244	0	0	0	0	0	2313	1063	165	0	0	961				
2434113														40348	0	27866	0	0	0	0	0	1033	9974	1475	10300	0	13881				
2451240														376498		371370	0					2	5045	81		361326					
2465881														12003	0	4176	0	0	0	0	0	3566	3300	961	2642	0	0				
2467670														942	0	440	0	151	0	0	0	0	470	32	0	0	0				
2471239														97781		69368	0		21812			11887	14205	2321			40558	Arena Naming Rights Liability			
2482824														23283	0	4816	0	0	2515	937	0	1795	16172	500	0	0	0	Lease Liability ASC Topic 842	FIS EFT Settlement		
2489805	1546000	0	678000	0	0	278000	244000	0	391000	12000	0	0	0									465000						UNFUNDED LIHTC	INTERCOMPANY PAYABLES		
2490285														305	0	16	0	0	0	0	0	37	232	20	0	0	0				
2497181														9609	0	1785	0	0	0	0	0	1272	3910	2642	0	0	1077				
2502825														75	0	40	0	0	0	0	0	0	35	0	0	0	0				
2505424														1825	0	221	0	0	0	0	0	438	1143	23	0	0	0				
2505451														1399	0	11	0	0	0	0	0	696	534	158	0	0	0				
2505460														6464	0	3974	0	0	0	0	0	866	1532	92	3911	0	0				
2508751														75535		6158	46898					1496	16603	4380			5808				
2515320														11974	0	6362	0	0	0	0	0	166	4995	451	0	0	4773				
2529176														1391	0	103	0	0	0	0	0	655	568	65	0	0	0				
2531562														247	0	3	0	0	0	0	0	90	154	0	0	0	0				
2531991	1573	0	1015	0	1004	0	0	0	558	0	0	0	0									0									
2533043														1280	0	536	0	44	0	0	0	636	108	0	0	0	463				
2536633														1237	0	0	0	0	0	0	0	254	910	73	0	0	0				
2539960														4210	0	609	0	1	0	0	0	2708	883	10	0	0	0	ESCROW RESERVE			
2562137														1029	0	54	0	0	0	0	0	370	600	5	0	0	0				
2562164														57196		6600	0					430	45563	4603			5476				
2567123														213000	0	68711	113737	0	58501	0	0	0	30552	0	0	0	0	Deferred fee income			
2568063														10416	0	974	0	0	486	486	0	16	9309	117	0	0	0	Other Liability Expense	Intercompany		
2576134														72807	0	46932	0	0	0	0	0	8916	15359	1600	17946	0	0				
2577739														1543	0	621	0	0	614	0	0	831	91	0	0	0	0	Accrued Salary			
2580243														11218		8303	0		660	5490		743	1601	571			2131	Post-retirement benefit liability	Due to Counterparty		
2587916														2704	0	1583	0	0	0	0	0	240	881	0	0	0	1480				
2594240														42922	0	34169	0	0	0	0	0	1231	5355	2167	0	14295	19874				
2594419														4684		1313	0		1232			136	2956	279				ASCT 842 Right of Use Liability			
2596646														20162	0	2626	0	0	0	0	0	2726	14695	115	0	0	2351				
2597223														5257	0	4918	0	0	1160	657	0	0	339	0	0	0	3101	Accrued Compensation Expense	Accrued Advisor Fees	Dividends Payable	
2597232														2531	0	2150	0	0	2066	0	0	0	381	0	0	0	0	Due to affiliates or subsidiaries			
2598396														1478		586	0	583				243	601	48							
2600039														150437	0	92254	0	0	35111	42829	0	0	58183	0	0	0	0	Intercompany Payable	Deferred Revenue		
2602828														1269	0	903	90	0	663	234	0	113	163	0	0	0	0	Accrued accounts payable to software provider Fiserv. Software contract breech.	Evanston branch lease liability.		
2605566														56083		46691	54		28131	15873		5722	3616	0				Dealer payables	Payables on behalf of dealers		
2607412														187	0	47	0	0	0	0	0	140	0	0	0	0	0				
2608754														62249		41858	0			35603		7752	11772	867					DEFERRED INCOME		
2610784														376	0	6	0	0	0	0	0	217	123	30	0	0	0				
2614344														3167	0	10	0	0	0	0	0	541	2297	319	0	0	0				
2615190														128815		42273	0	3628	11858	14718		10972	75140	430			9281	Unearned Annual Service Charge	cardholder rewards		
2615220														1950	0	1282	0	0	0	0	0	145	308	215	907	0	361				
2618780														407700		242229	0					6900	101940	56631			220728				
2619714														3700	0	1533	0	0	0	0	0	722	1445	0	1527	0	0				
2621285														1145	0	0	0	0	0	0	0	351	794	0	0	0	0				
2621940														1425	0	1177	0	0	0	0	0	114	134	0	1119	0	0				
2624400														23749		17872	0		7091	10696		2124	2233	1520				Trade Date Securities Payable	Commitments to Fund Low Income Housing Tax Credit		
2625724														11397	0	6483	0	0	3706	0	0	1477	2835	602	0	0	2189	DUE INVESTOR			
2631172														11618		4793	0					225	6140	460							
2631846														107995		105337	0		104819			1604	656	398				Payment Processing			
2634191														324746		194091	0				88740	26189	80130	24336						LIHTC Delayed Equity Contribution	
2634351														23924		7982	9100		6941			1339	3938	1565				Commitments to Fund Low Income Housing Tax Credit			
2641827														1354	0	927	0	927	0	0	0	0	427	0	0	0	0				
2642598														1623		229	0		18			535	733	126			196	Garnished or Levied Balances			
2643595														1650	95	1263	0	478	0	0	0	0	87	300	0	0	0				
2649177														34719	0	28978	0	0	18765	8680	0	855	4886	0	0	0	0	Payable to USPS	Pooled Meter Funding Float		
2651899														3022	814	2863	14	2049	0	0	0	0	145	0	0	0	0				
2652092														120250		75907	0					13433	25985	4925			37297				
2654911														149521		130398	0		96555	13435		564	18559	0				AFS securities purchased	Derivative Cash Collateral	A/P Securities Purchases AFS	
2661861														14282		10332	0					37	3209	704	4015		3765				
2666400														10802	0	994	0	0	0	327	0	5911	3897	0	0	0	0		RESERVE FOR UNFUNDED COMITMENTS		
2667920														716	0	16	6	0	0	0	0	0	694	0	0	0	0				
2667939														2951	0	2077	0	0	995	129	0	856	18	0	868	0	0	PSP LIABILITY	SAR LIABILITY	DEFERRED COMP PLAN	
2667957														2170		0	0					960	1160	50							
2668598														6396	0	418	0	0	0	0	192	1306	4560	112	0	0	0	CDARS INCOMING RBP	MAC SUSPENSE ACCOUNT	PC - ESCROW BAL	
2684552														2290		486	927					270	164	443		6					
2686211														10355		8791	0					666	848	50			8785				
2687133														4836		4071	0	36				10	538	217	4034						
2687487														18524	0	6206	0	0	3214	0	0	4774	7544	0	0	0	0	Lease Liability			
2693264														21149		10396	0					2106	5257	3390			6108				
2694681														39894	0	414	0	0	123	0	0	36250	2143	1087	0	0	0	APPRAISAL/ESA FEES			
2696180														439	0	340	0	0	0	0	0	47	52	0	201	0	0				
2697963														14140		7396	0					2020	4507	217							
2700984	257799	0	12392	0	0	0	12390	0	239408	0	0	0	0									5999							AP Clearing		
2702764														705	0	359	0	0	0	0	0	290	56	0	279	0	0				
2705112														548	0	146	0	50	0	0	0	309	93	0	0	0	0				
2705895														82099		59007	0					2640	18282	2170			50458				
2708122														10468	0	6913	0	0	0	0	0	1372	1858	325	0	0	6888				
2713920														8008	0	6800	0	4820	0	0	0	0	1208	0	0	0	0				
2716088														7031	0	3358	0	0	0	0	0	2337	1133	203	2002	0	855				
2718596														1426	0	264	0	0	0	0	0	798	330	34	0	0	0				
2719810														1828		474	110					0	1244	0							
2723376														1066	0	508	0	0	0	0	0	0	558	0	0	0	503				
2724766														189	0	0	0	0	0	0	0	93	74	22	0	0	0				
2726050														3115	0	2342	0	0	2229	0	0	255	484	34	0	0	0	RESERVE FOR LEGAL LIABILITY	PARTICIPATION PAYABLE		
2729677														15048	0	10277	0	0	9576	0	0	0	4771	0	0	0	0	Intercompany Payable			
2730431														3499	0	1165	0	0	1055	0	0	489	1788	57	0	0	0	Escrow liabilities			
2732565														2556	0	95	0	0	0	0	0	1659	802	0	0	0	0				
2733263														1572	0	194	0	0	0	0	0	702	663	13	0	0	0				
2734729														53430		31323	0					1346	20242	519	11579		17249				
2735137														2131	0	66	0	0	0	0	0	441	1624	0	0	0	0				
2735146														665852		272248	119358	118409			88844	15572	246359	12315						Low income housing tax credit investment payable	
2736219														20477	0	10158	0	0	0	0	0	2235	7876	208	6305	0	0	Due to Merchant/Processor			
2736291														120900		66167	0	23190				25192	24234	5307			37168				
2736451														9369		4286	0					1166	3421	496			3234				
2736714														19047	0	7294	0	0	0	0	0	101	11155	497	3684	0	2531				
2737980														49031		9448	3141		4319			16681	19431	330				DEFERRED LRA INCOME			
2743244														21911		10205	0					6242	4822	642	4535		2613				
2745426														10979		6273	0					1723	2358	625	3590		2622				
2745529														787	0	168	0	0	0	0	0	0	619	0	0	0	0				
2746245														1190	0	900	0	160	0	0	0	215	18	57	733	0	0	Adjustment in Other Liabilites			
2747279														416	0	115	0	0	115	0	0	117	106	78	0	0	0	Accumulated Post-Retirement Benefit Obligation			
2747466														1637	0	456	0	146	0	0	0	607	492	82	310	0	0				
2747587														24163	0	17781	0	0	4997	4470	0	184	4892	1306	0	0	5421	Accounts Payable	Recourse Liability		
2748502														13643	0	10172	0	0	0	0	0	883	2302	286	8885	0	0				
2753917														333	0	9	0	0	0	0	0	25	268	31	0	0	8				
2754222														1288	0	978	0	485	0	0	0	30	219	61	0	0	486				
2756730														3124	0	871	0	0	0	0	0	1031	1222	0	0	0	0				
2756909														5699	0	4549	0	0	0	0	0	0	1130	20	0	0	4463				
2757205														45999		40588	0					1684	2168	1559			26937				
2758613														11980		2544	0		1646			350	7089	1997				Unfunded commitments - investment fund partnerships			
2759629														3500	0	1494	0	0	0	0	0	1347	581	78	1494	0	0				
2764212														18212		9344	0					5455	2166	1247	6357						
2769570														2237	0	1	0	0	0	0	0	431	1804	1	0	0	0				
2769954														1508	0	624	0	0	0	0	0	452	252	180	505	0	0				
2771694														25171	0	17630	1957	2210	0	0	0	922	4108	554	309	0	13819				
2774707														576	0	0	238	0	0	0	0	24	314	0	0	0	0				
2775151														1365	0	158	0	0	0	0	0	44	713	450	158	0	0				
2775179														3149	0	460	0	137	0	0	0	325	2128	236	0	0	314				
2775692														496	0	0	89	0	0	0	0	100	247	60	0	0	0				
2785477														15450	0	9627	0	0	7771	0	0	4013	1685	125	0	0	1811	Loan Escrow and Other			
2785646														17415	0	9665	0	0	6183	0	0	5519	1031	1200	0	0	0	Interest Rate Swaps			
2787770														12790		9939	0					856	1317	678	5752		3640				
2791085														3522	0	1472	0	115	0	0	0	426	1624	0	0	0	1257				
2793593														4735		1497	0					2076	846	316			1490				
2794732														4659	0	1691	0	0	782	552	0	2415	502	51	0	0	0	CDARS Ratebridge Payments-Incoming	Lease Liability		
2796277														2225		1033	0		1030			75	1117	0				Right of use lease liabilities			
2797162														4819		357	0					273	4014	175		49					
2797210														457	0	0	0	0	0	0	0	0	457	0	0	0	0				
2797359														11293	0	7986	0	0	0	0	0	106	2798	403	0	0	7880				
2797724														263095		135443	0					20223	99163	8266			52174				
2800491														6006	0	4105	0	0	0	0	0	384	1288	229	3744	0	0				
2805535														2736	0	253	0	74	0	0	0	1125	1358	0	0	0	0				
2805928														1571		993	0					154	399	25	719						
2806635														4225	0	1288	0	0	284	0	0	1150	841	946	919	0	0	HEALTH BENEFIT PLAN LIABILITY			
2806840														3017		1807	0					1016	194	0	1593	147					
2806877														38402		18396	4973		1811			995	14038	0		1968	14335	Mortgage Recourse Reserve			
2807173														776	0	91	0	0	0	0	0	251	185	249	0	0	0				
2808602														35365		17388	0					8068	8717	1192			4525				
2809373														4161	0	2260	462	604	1029	373	0	0	1439	0	0	0	254	Intercompany Payable	Deferred Revenue	Loss Contingency-Legal Settlement	
2811086														210	0	0	0	0	0	0	0	116	81	13	0	0	0				
2815879														2036	0	132	209	0	0	0	0	671	1017	7	0	0	0	0	0	0	
2819167														25263	0	15509	0	0	0	0	0	1287	8447	20	8775	0	0				
2819242														3028	0	345	0	187	0	0	0	1877	806	0	0	0	0				
2820604														7595	0	4117	0	0	0	0	0	1610	1868	0	0	0	3921				
2823221														2801	0	0	0	0	0	0	0	1360	1376	65	0	0	0				
2826017														94492		84496	0					0	9996	0			57164				
2833882														7179	0	3937	0	0	0	0	0	975	1837	430	0	0	3516				
2834759														8487	0	2034	0	0	0	0	0	4028	2418	7	0	0	1917				
2835103														3923	0	1623	0	0	0	0	0	1461	736	103	1332	0	0				
2836306														859	0	203	0	0	188	0	0	137	403	116	0	0	0	MPP Lender Reserve	Misc Other Assets		
2838207														12310	0	7563	0	1980	0	0	0	3015	1141	591	0	0	5129				
2839790														13615	0	8820	0	0	0	0	0	1091	2779	925	2955	0	4617				
2845782														685		0	0		0	0	0	0	685	0							
2847085														808	0	0	0	0	0	0	0	100	708	0	0	0	0				
2847142														14125	0	3591	0	0	0	0	0	1357	8480	697	0	0	3455				
2849285														3060	0	349	0	0	0	0	0	1832	724	155	0	0	0				
2849463														9720	0	2016	0	0	0	0	0	3157	4114	433	0	0	1996	00	0		
2849801														24867		9228	0					9433	6206	0	7516	1590					
2850722														375129		229901	3954		227141			58806	82468	0				Payable to affiliate			
2855866														3624	0	91	0	0	0	0	0	1648	1657	228	0	0	0				
2857600														13735	0	11889	293	0	0	0	0	1020	446	87	8846	0	2266				
2858492														2025	0	0	0	0	0	0	0	894	997	134	0	0	0				
2858960														96120		45552	0	7607				1100	47693	1775			21127				
2860039														3752	0	2545	0	0	294	0	0	438	661	108	2201	0	0	Accrued Benefit Liability			
2860271														5368	0	3063	0	0	120	0	0	1949	356	0	1740	0	1203	FDIC Insurance			
2861317														3214	0	1729	0	0	32	0	0	439	758	288	923	0	0	FHLB AHP PROCEEDS			
2867337														34789		15292	0			5000		4356	14544	597	1097		7744		Due to-from bank-bankcorp		
2869162														5440	0	850	0	0	0	0	0	1485	1808	1297	313	0	265				
2871099														6793	0	3783	0	0	0	0	0	722	2192	96	2397	0	0				
2871558														13230	0	13169	0	0	0	0	0	58	0	3	0	0	9000				
2873598														4524	0	2483	0	0	0	0	0	52	1876	113	0	0	2344				
2877345														9582		2124	0		572	1165		4800	2281	377	370			PNC Swap Collateral	FHN Swaps held for trading		
2877484														883		869	0	20				14	0	0			805				
2877831														4466	0	3417	0	0	0	0	0	949	83	17	1835	0	0				
2877840														18715	0	11077	0	106	3624	0	0	6285	1353	0	0	0	7317	COMMITMENT FEE RESERVE			
2880019														21656	0	6842	0	1698	0	0	0	3746	10646	422	0	0	4955				
2881445														12573	0	4373	0	0	2050	0	0	0	8200	0	1600	0	0	Payable for securities purchased			
2882983														1882	0	932	0	0	567	0	0	627	281	42	268	0	0	LOAN CLOSING PAYABLES			
2889227														3841	0	2965	0	0	0	0	0	452	364	60	0	0	2458				
2891622														125046		93979	0	15916				3296	27424	347	14570	32898	16815				
2897633														1697	0	558	0	0	0	0	0	172	967	0	0	0	0				
2901558														223		71	13					37	102	0							
2903123														10025		6058	0					378	3223	366	2172		2486				
2905761														635	0	493	0	0	0	0	0	12	100	30	129	0	363				
2907019														3161	0	1057	0	0	692	0	0	1509	595	0	0	0	0	Serviced Lease Pymt Payable	Reserve for EPO EPD		
2907439														919		38	0					816	0	65							
2912750														1301	0	0	0	0	0	0	0	0	1301	0	0	0	0				
2913702														1803		180	0		171			346	1192	85				Deferred Revenue			
2914268														1985	0	563	0	0	563	0	0	11	1411	0	0	0	0	Payable to parent			
2914727														3043	0	94	0	1	0	0	0	1211	1115	623	0	0	0				
2915461														13247	0	8664	0	0	0	0	0	861	3597	125	2954	0	4040				
2916534														4485	0	1561	0	0	0	0	0	1591	1316	17	0	0	1433				
2916963														14983	0	9793	2804	0	9785	0	0	0	2386	0	0	0	0	Deferred fee income			
2917184														915	0	5	0	5	0	0	0	336	487	87	0	0	0	DEFERRED INCOME			
2917317														318231		76143	0					943	230348	10797		68498					
2919898														4579		831	0					1352	2111	285			204	AP ACH Processing - GL Suspense			
2920287														671	0	35	0	0	0	0	0	120	467	49	0	0	0				
2920773														4988	0	1786	0	0	0	0	0	322	1717	1163	0	0	1377				
2921622														294	0	0	0	0	0	0	0	128	166	0	0	0	0				
2921659														52308	0	44019	0	0	20889	0	0	0	8289	0	0	0	0	Deferred Revenue: Trustee Revenue	Payables		
2925620														1748	0	556	0	127	0	0	0	91	935	166	413	0	0	Income Tax Payable - Federal & State			
2925666														627987		442611	0					41939	130123	13314			382356				
2929392														8223	0	2747	0	821	0	0	0	406	4880	190	0	0	1484				
2938198														43361		27028	0		9397			3164	7818	5351			9590	Trade Date Securities Payable			
2938787														10799		5148	0	141				0	5651	0			5007				
2939001														684	0	155	0	4	151	0	0	34	495	0	0	0	0	Escrows			
2939391														2585	0	1775	0	0	160	0	0	294	271	245	220	0	1235	BOLI Payable			
2941068														56184		21913	0					7364	24107	2800	20831						
2943615														5218	0	3292	0	0	0	0	0	444	1482	0	2894	0	0				
2947556														15865	5000	7741	0	0	0	0	0	0	8124	0	0	0	0				
2948058														13933	0	11550	0	0	0	0	0	765	888	730	0	0	6989				
2948423														8849	0	7228	0	0	0	0	0	160	1436	25	7228	0	0				
2949970														2465	0	440	0	0	144	0	0	646	1379	0	0	147	0	Reserve Secondary Market			
2953418														8114		2711	0					2878	2388	137			2661				
2954059														22742		13732	0					2003	6320	687			12478				
2954497														9305	0	7297	0	0	0	0	0	347	1457	204	2558	1825	2096				
2958972														10164	0	6624	0	42	0	0	0	419	3121	0	0	0	0				
2960555														1044	0	0	0	0	0	0	0	286	758	0	0	0	0				
2960788														121	0	76	0	0	0	0	0	0	45	0	0	0	0				
2963266														34835		17778	0	9939				2642	11126	3289			7839				
2963275														1793	0	1189	0	0	95	698	0	290	264	50	0	0	0	1st Data Settlement Acct	Defective Sale Compensating Balance		
2963864														4123	0	2462	0	0	0	0	0	705	956	0	2462	0	0				
2970657														5465		232	0					1570	2296	1367							
2973041														933	0	874	0	0	267	0	0	0	59	0	0	0	0	Management Incentive			
2973386														16045	0	16020	0	15765	0	0	0	25	0	0	0	0	0				
2980209														1363000	0	960000	0	357000	397000	0	0	9000	393000	1000	0	0	0	Rewards			
2986407														11419		6661	0					316	3747	695	2591		3326				
2989006														2003	0	738	0	0	0	0	0	463	706	96	629	0	0				
2992547														22666	0	3027	0	0	0	0	0	0	19639	0	1746	0	1133				
2997216														2772	0	2217	0	0	0	0	0	147	225	183	1085	0	1096				
2997748														4387	0	606	0	41	0	0	0	151	3572	58	0	0	0	Other - Fees Payable	Other - Unearned safe deposit box rent		
2998576														184460	0	153675	11976	9692	0	0	0	3499	15310	0	0	0	0				
3005097														552	0	321	118	0	0	0	0	102	3	8	0	0	0				
3010363														1119	0	197	0	0	0	0	0	75	430	417	170	0	0				
3015939														7539	0	5311	0	0	0	0	0	990	968	270	3607	0	1399				
3016347														64962		48841	0					2536	12599	986			39432				
3017081														123012	0	23844	0	0	20182	0	0	657	98511	0	0	0	0	Unearned Revenue			
3019982														9669	0	5255	0	192	0	0	0	1725	2465	224	0	294	1695				
3020447														1124	0	164	0	0	0	0	0	523	367	70	0	0	164				
3022610														4281	0	2777	0	0	0	0	0	226	1095	183	0	0	2669				
3025929														529	0	37	0	0	0	0	0	130	362	0	0	0	0				
3027763														3029	0	33	0	0	0	0	0	2489	423	84	0	0	0				
3029253														1001	0	0	0	0	0	0	0	3	998	0	0	0	0				
3029589														231259		225501	0	8207				1669	1596	2493	37441	179634					
3032833														125	0	0	0	0	0	0	0	9	99	17	0	0	0				
3034257														7939	3048	5397	0	1718				2035	0	507							
3039636														13382	0	9124	0	0	0	0	0	239	3807	212	3108	0	5225				
3040418														10565		6391	0		2613			1346	2828	0				UNPROCESSED CARDILE CASH COLLATERAL			
3041358														285	0	39	0	0	0	0	0	200	46	0	0	0	0				
3042234														4717		1003	0	162				3142	472	100	786		31				
3045383														73348	0	43	0	0	0	0	0	0	73305	0	0	0	0				
3047659														24916	0	13253	0	6274	0	0	0	3888	5263	2512	0	0	0				
3048487														3485	0	1956	0	0	0	0	0	105	1369	55	1228	0	0				
3049635														387	0	229	0	0	0	0	0	158	0	0	0	0	0				
3052813														12452		8990	0					659	2598	205	6191		2751				
3066025	39277	0	1326	0	0	1326	0	0	37951	0	0	0	0									0						Deferred revenue			
3067929														430	0	0	0	0	0	0	0	130	202	98	0	0	0	FRB Deferred Stock Liability			
3068579														23270		14379	0					7428	1393	70	8645		5149				
3070545														3416	0	19	0	19	0	0	0	1085	2312	0	0	0	0				
3076220														44182		11629	0	8271				3981	9254	19318							
3076248														118720		86898	0	69302				4301	16010	11511			10440				
3076453														40304	0	16934	0	0	0	0	0	444	20412	2514	0	0	16714				
3076604														4318		128	0					984	2986	220							
3089752														1257	0	323	196	0	280	0	0	0	738	0	0	0	0	Payable to Affiliates			
3090833														1795	230	355	0	0	0	0	0	676	721	43	0	0	0				
3103591														486		203	0					112	135	36	109						
3109043														32863		15234	0		8252			10638	6390	601				Swap Counterparty Collateral			
3109146														56902		31746	0		18694			11893	11992	1271				Mark to Market Adjustment on Customer Derivatives			
3110197														49680	0	32547	0	0	0	0	0	12077	3289	1767	13606	0	10311				
3116519														3599	0	94	0	0	0	0	0	2782	714	9	0	0	0				
3120646														4164	0	2209	0	0	2208	0	0	1611	344	0	0	0	0	Accd Salary			
3120897														980		647	0					263	70	0			646				
3122994														2904	0	0	190	0	0	0	0	669	1904	141	0	0	0				
3125315														1176	0	518	0	0	0	0	0	223	408	27	0	0	0				
3125557														1190	0	8	0	0	0	0	0	490	624	68	0	0	0				
3128923														2685	0	1022	51	0	114	906	0	752	726	134	0	0	0	Misc Liabilities	ROU Lease Liabilities		
3134399														1084	0	602	0	0	0	0	0	200	195	87	0	0	504				
3134698														3683	0	2482	0	0	0	0	0	868	283	50	2052	0	0				
3138146														1128407	0	571524	0	0	229665	0	0	105463	412213	39207	0	0	159776	Unfunded investment in Low Income Housing Credits			
3139321														1332	0	940	0	116	0	0	0	384	4	4	824	0	0				
3140822														4638	0	314	2131	0	0	0	0	870	1218	105	0	0	0				
3141726														6416		908	0					694	4123	691			678				
3146150														23329	0	16985	0	0	0	0	0	2386	3242	716	0	0	0				
3148613														2987	0	2330	0	0	0	0	0	109	523	25	0	0	1892				
3150205														2808	0	1190	0	299	0	0	0	614	1002	2	0	0	745				
3150447	1889000	0	1303000	0	0	1104000	0	0	241000	1000	0	0	0									344000						Unfunded LIHTC Commitments			
3153233														1722	0	121	0	121	0	0	0	459	917	225	0	0	0				
3153297														11857	0	5862	0	0	0	0	0	3389	2046	560	1970	0	0				
3158546														29987	0	26156	0	0	0	0	0	756	2436	639	0	0	21268				
3160978														1821	0	550	0	0	337	0	0	314	957	0	211	0	0	ACCRUED INCENTIVES			
3165357														17110	0	12739	0	450	1850	1059	1096	1099	2584	688	1935	0	5708	Subsidiary Earnout Liability	FHLB LRA	Other Liabilities	
3166699														14471	0	12587	0	0	681	11768	0	416	1310	158	0	0	0	Intercompany Payable	Lease Liability		
3174920														5863	0	2210	0	0	0	0	0	1754	1489	410	1276	115	0				
3180136														232		137	0		66	71		0	95	0				Contingent Liability	Due to secondary market		
3184228														10317	0	3977	0	0	0	0	0	1682	4058	600	0	0	1365	EQUIPEMENT FINANCE PAYABLE			
3185579														3344	0	2458	0	0	618	1415	0	525	361	0	0	0	0	LEASEHOLD PROPERTY	SERP DEFERRED LIABILITY RESERVE		
3185896														3072	0	30	0	0	0	0	0	518	2244	280	0	0	0				
3187630														73233		33969	0		21574	8478		13308	22890	3066				Lease Liabilities	FHO Servicing		
3189063														33476	0	16814	0	0	0	0	0	3543	12312	807	0	0	11671				
3194692														10630		5165	0					1898	2945	622	3025						
3199811														6098	0	4748	0	0	0	0	0	820	193	337	2340	0	1859				
3202702														1901000		1752000	0		1614000			15000	81000	53000				Due to healthcare providers			
3212149	826939	0	123244	0	0	38902	48100	0	523918	5188	0	0	0									174589						Deferred Revenue	Intercompany Payable		
3212402														61069		29779	0					23796	6231	1263			19652				
3213333														2966	0	110	0	0	0	0	0	1150	1706	0	0	0	0				
3214059														17924		8227	0					375	7042	2280			7314				
3216017														25368		10417	0		6452			2688	9927	2336				Trade Date Securities Payable			
3216316														6303	0	5296	0	0	0	0	0	406	575	26	0	0	4077				
3217331														1919	0	326	0	0	175	0	0	917	669	7	0	0	0	Escrow Payable			
3217957														6477	0	2101	0	0	0	0	0	752	3624	0	0	0	1764				
3219269														6052		629	0	193				0	5423	0	434						
3220863														2695	0	829	0	0	0	0	0	633	1233	0	0	0	807				
3221468														134573		72943	0					19625	33102	8903		49658	20481				
3223305														2661	0	716	0	442	0	0	0	224	1495	226	13	0	0	Deferred Revenue from Paychecks Protection Program			
3223408														3219	0	44	0	3	41	0	0	1671	1436	68	0	0	0	Leases - Right to Use			
3223417														4213		2394	0					1274	445	100			2394				
3224302														4448	0	2600	0	0	0	0	0	540	1075	233	175	0	0				
3224375														7088	0	3498	0	0	0	3182	0	672	2303	615	0	0	0		Lease Liability		
3224478														798		53	0					403	256	86	53						
3224580														394698		358076	0			124259		9967	26655	0					Rewards Program Liability		
3228908														49142	0	16029	0	6189	0	0	0	3064	30049	0	0	0	0				
3229875														7346		435	1693	435				0	5218	0							
3232204														136843		110407	0		32043			5201	20046	1189			59600	Low Income Housing Tax Credit Payables			
3232370														1489	0	14	0	0	0	0	0	1221	140	114	0	0	0				
3235410														17636		13722	0	1090				1069	562	2283	5144		5552				
3243282														10189	0	6597	0	0	0	0	0	120	3466	6	2766	0	0				
3247589														4465	0	1120	0	0	0	0	0	168	3036	141	751	0	0				
3248849														30180		24787	0					2337	2784	272		14677	6188				
3253834														874		93	0					502	279	0							
3254297														216	0	0	0	0	0	0	0	166	50	0	0	0	0				
3262788														2004	0	337	0	0	337	0	0	508	1024	135	0	0	0	Escrow deposits received	Unamortized Fees on PPP Loans		
3267738														13712	0	10216	0	0	0	0	0	1301	1455	740	2898	0	4082	DEFERRED LOAN FEES			
3268173														20		20	0					0	0	0							
3268249														206	0	4	0	0	4	0	0	31	171	0	0	0	0	CDAR - Incoming Rate Bridge Payment			
3270046														2185		228	0					1275	641	41							
3271799														33139	0	21218	0	0	6933	0	0	6392	4033	1496	0	0	0	Lease liability			
3271986														2958	0	461	0	86	288	0	0	218	2000	279	0	0	0	Participation Payouts			
3272956														4670	0	404	0	0	0	0	0	2343	1619	304	0	0	374				
3274709														28517		13166	0		7940			8584	3268	3499			4875	COLLATERAL HELD FOR DERIVATIVE INSTRUMENTS			
3277241														2799	0	1491	0	427	1064	0	0	273	899	136	0	0	0	Escrow Holdbacks			
3280625														8399	0	201	0	0	80	0	0	1538	6431	229	0	0	0	CDARS Incoming RBP			
3281510														15204	0	6732	0	0	0	0	0	2107	5835	530	4860	0	0				
3282012														1566	0	405	0	0	351	0	0	665	385	111	0	0	0	ATM Suspense			
3284070	2781000	0	1671000	1000	0	958000	0	0	358000	4000	0	0	0									747000						LIHTC Commitments			
3284397														121632		5753	1558					69206	43658	1457			3149				
3284445														14392	0	9319	0	7470	0	0	0	1154	3708	211	0	0	0				
3284490														11651		4511	0					3114	3893	133	772		3640				
3285246														232		4	0					143	85	0							
3285778														811	0	90	0	0	89	0	0	66	503	152	0	0	0	Non Accrual Interest Paid Accounting Adjustment			
3286999														615	0	82	0	0	0	0	0	279	248	6	0	0	0				
3287660														116700		56596	0	38703				46089	13871	144							
3288452														12796	0	5960	0	0	0	0	0	3462	3274	100	0	0	5308				
3290240														10608		4913	0	1057	1780	1280		1255	3711	729		643		SWAP COUNTER PARTY CASH COLLATERAL	SWAP DEBT PURCHASE		
3293540														3861	0	971	0	0	0	0	0	165	2624	101	0	882	0				
3296859														4639	0	1900	0	0	920	0	0	249	2185	305	0	0	0	Loan Fees Payable			
3297490														8164	0	4658	0	0	2407	0	0	1938	1451	117	0	0	2247	Loan Fees Collected but Unearned			
3303298	3583107	0	2625306	0	0	1089468	0	0	652739	201196	0	0	1044253									103866						CRA Related Deferred Payments			
3303944														3242	0	2531	0	0	0	0	0	201	403	107	0	0	2152				
3306280														9611	0	2664	0	0	1043	1440	0	1623	3388	1936	0	0	0	FASB 91 Loan Fees	OPERATING LEASE LIABILITY		
3306598														1761	0	68	0	0	0	0	0	1461	232	0	0	0	0				
3308529														1354		581	0					542	65	166							
3308574														1249	0	782	0	263	0	0	0	181	251	35	0	0	513				
3309393														827	0	15	0	0	0	0	0	318	494	0	0	0	0				
3309571														3049		357	0					1220	1135	337	158		179				
3310287														3866		1738	0		0	0	0	0	2128	0			1729				
3314043														4349	0	2959	0	0	0	0	0	548	742	100	0	667	2077				
3314119														313	0	0	0	0	0	0	0	74	239	0	0	0	0				
3316739														858	0	61	0	60	0	0	0	360	382	55	0	0	0				
3317192														1110	0	0	0	0	0	0	0	494	597	19	0	0	0				
3317932														76711		38218	0					8012	27144	3337			38217				
3320781														3086	0	1801	0	315	0	0	0	671	73	541	610	0	638				
3322468														880	0	88	0	0	0	0	0	32	712	48	0	0	0				
3325759														34292		7166	0		2899			3480	22494	1152				Residential RE Escrow Reserve			
3337097														27937	0	12731	0	0	0	0	0	10840	4072	294	0	0	12728				
3340725														9635	0	5152	0	0	0	0	0	1031	3428	24	0	0	3007				
3340903														361	0	76	0	0	0	0	0	54	82	149	0	0	0				
3341393														2458	0	2255	0	0	0	0	0	175	28	0	2114	0	0				
3342671														2844	0	2076	0	0	0	0	0	231	537	0	0	0	1335				
3344321														17408		8459	0	445				1496	7114	339		1253	6496				
3346268														2480	0	800	0	0	0	0	0	780	782	118	0	0	0				
3346633														645	0	386	0	0	0	0	0	15	244	0	272	0	0				
3347603														2358	0	318	0	0	0	0	0	596	1436	8	0	0	0				
3347911														4085	0	1933	0	0	1450	0	0	701	1451	0	0	0	0	Deferred RLOC Subscription			
3348468														3732	0	1514	0	0	0	0	0	373	1345	500	1434	0	0				
3348888														112347		62859	0		24694	30483		9077	39756	655				Lease Obligation	TAX CREDIT CONTRIBUIONS		
3349241														6818	0	4320	0	0	0	0	0	724	1766	8	1143	0	3035				
3350658														6924	0	3853	0	0	0	0	0	1614	960	497	3400	0	0				
3350724														33634		23430	0		21918			2267	6334	1603		36		ROU Liability			
3353154														44	0	39	0	0	0	0	0	0	5	0	0	0	0				
3354599														19266	0	15248	0	0	0	0	0	2119	1578	321	0	0	14555				
3356191														19199	0	11635	24	949	0	0	0	5450	2090	0	0	0	7774				
3357077														1586	550	1151	0	0	0	0	0	372	0	63	0	0	601				
3357219														45104	0	23419	0	10181	0	0	0	15597	5730	358	0	0	12242				
3357385														11171		8412	0					689	1970	100			8366				
3357620														1239	0	26	0	0	0	0	0	0	1213	0	0	0	0				
3358270														1684		469	0					390	640	185			469				
3368635														4397		1862	0					314	2221	0			1647				
3368925														1989	0	670	0	0	0	0	0	540	765	14	0	0	567				
3370133														5049	0	3519	0	0	0	0	0	324	1066	140	0	0	3427				
3370357														4991		4593	0					7	324	67			4573				
3374234														1995	0	259	0	0	0	0	0	1192	544	0	0	0	213				
3374382														10948	0	6191	0	0	0	0	0	490	3290	977	0	0	4732				
3374403														2192	0	437	0	0	0	0	0	829	637	289	437	0	0				
3374412														26534	0	16900	0	0	0	0	0	5309	2225	2100	2695	7809	0				
3377235														4464	0	991	0	0	0	0	0	1050	2376	47	0	0	0				
3378773														56068		43078	0		28353			4040	5340	3610				Swap/Cap Collateral			
3383665														1858		52	0					719	1017	70							
3384952														3968	0	1684	0	0	0	0	0	693	1501	90	0	0	1681				
3385744														5109	0	4063	0	557	0	0	0	796	18	232	795	0	2711				
3386264														28084	0	22230	0	0	0	0	0	1033	4491	330	12381	0	5598				
3386536														9907		7745	0	1502				1441	0	721	2345		2482				
3387140														958	0	14	0	0	0	0	0	375	529	40	0	0	0				
3388482														12544	0	9259	0	0	1030	819	0	884	1408	993	0	0	7257	LOW INCOME HOUSING TAX CREDIT - CONTRIBUTIONS	ACCRUED FOR EMPLOYEE VACATION		
3390337														1372	0	198	0	0	0	0	0	60	1094	20	0	0	0				
3390627														1714	0	1147	0	30	302	0	0	38	182	347	0	0	431	Accrued Salaries			
3391718														9193	0	6066	0	0	0	0	0	1966	1052	109	2910	0	2528				
3393851														1568	0	318	0	0	131	0	0	1029	221	0	0	0	163	escrow payable			
3394278														374720		89766	0		28475	26989		76208	156204	52542				Building Liability	Low Income Housing		
3394380														523	0	331	0	0	0	0	0	34	100	58	0	0	0				
3397233														7446	0	958	0	848	0	0	0	2528	3830	130	0	0	0				
3398623														19858	0	6761	0	1666	1304	0	0	462	12201	434	2146	0	0	Low Income Housing Tax Credit - Payable			
3401970														26517		16260	0	1157				2360	7089	808	2964		12138				
3402913	32430	0	8257	0	71	0	0	0	18451	3301	0	0	6401									2421									
3404207														15393		6548	0		4936			2867	3618	2360				Commitments to Fund Low Income Housing Tax Credit			
3404373														6057	0	2625	0	0	906	1436	0	1179	1534	719	0	0	0	INTERST PAYABLE FHLB ADVANCES	OTHER LIABILITY (DERIVATIVE)		
3404467														9057	0	5855	0	0	0	0	0	466	1275	1461	1532	0	2965				
3404506														10311	0	4360	0	0	0	0	0	1418	4069	464	2461	0	1686				
3404999														3541	0	2686	0	0	0	0	0	230	540	85	0	0	2152				
3407084														11943	0	8040	0	7392	0	0	0	2698	1205	0	0	0	19				
3408728														69061	0	41392	0	0	0	0	0	3424	20976	3269	0	0	28564				
3410141														8686	0	7141	0	0	0	0	0	909	560	76	0	0	0				
3411773														1318	0	241	0	0	0	0	0	685	362	30	0	0	0				
3412417														4676	0	3557	0	0	0	0	0	22	863	234	1524	0	1939				
3419416														12265		7551	0					1448	2059	1207			4800				
3428258														16821	0	12490	0	0	0	0	0	264	3913	154	0	0	10179				
3429219														4737	0	441	0	0	0	0	0	1323	2935	38	0	0	0				
3435948														35871	0	18394	0	0	5078	0	0	1881	15437	159	0	0	12983	Deferred revenue			
3437148														6403	0	270	0	167	0	0	0	912	4939	282	0	0	0				
3437157														15232		7225	0	163	3219			1644	6363	0	3783			Lease Obligations			
3437456														26741		21376	0	6808	14			1167	4003	195			8222	MORTGAGE LOAN SALE RECOURSE LIABILITY			
3437483														12402	0	5988	0	0	3441	0	0	47	5496	871	0	0	2093	Due from Bancor			
3438958														1471	0	1036	0	0	550	0	0	290	67	78	0	0	465	Accrued Incentives			
3440803														2567	0	1007	0	0	0	0	0	537	673	350	0	0	963				
3445901														2296	0	1017	0	0	0	0	0	299	705	275	0	0	925				
3446225														1120	0	55	0	0	0	0	0	642	285	138	0	0	0		Audit/Accounting		
3446784														6716	0	5048	0	0	0	0	0	1067	560	41	0	0	3284				
3447576														38841	0	28004	0	0	0	0	0	316	9354	1167	0	0	25781				
3447820														12906	0	3154	0	0	0	0	0	1	9251	500	0	0	3054				
3448162														627	0	1	0	0	0	0	0	375	116	135	0	0	0				
3448425														237	0	0	0	0	0	0	0	66	134	37	0	0	0				
3449066														29279		21045	0					2605	5519	110	5521	13096	2050				
3451050														3805	0	1005	0	0	0	0	0	143	2067	590	0	0	807				
3455227														14685	0	10604	0	0	0	0	0	525	3512	44	8658	0	1946				
3459207														5995	0	1677	0	352	0	0	0	2487	1186	645	0	0	918				
3459216														1700	0	669	0	0	0	0	0	491	540	0	0	0	658				
3463875														2645	0	0	0	0	0	0	0	781	1424	440	0	0	0				
3465392														4469		914	0		828			159	3396	0				Lease Obligation			
3466988														6062	0	4040	0	0	0	0	0	287	1371	364	0	0	3755				
3468450														1540	0	902	11	739	0	0	0	478	79	70	0	0	0				
3470097														916	0	843	0	0	839	0	0	33	14	26	0	0	0	Client Trust			
3470154														15888	0	4303	0	0	0	0	0	9329	1886	370	0	0	4300				
3470239														38831		10435	0	6391				84	28312	0				Investments payable			
3470930														4705	0	3031	0	0	0	0	0	265	1400	9	0	0	2245				
3472046														8503	0	5600	0	1211	2786	0	0	1067	1472	364	0	0	1603	Moody Center operating lease			
3472859														15005	0	5440	0	0	0	0	0	6664	2823	78	0	0	4662				
3475083														268018		158880	0					18601	84856	5681		110730					
3476192														19494		714	0					6268	9775	2737	714				Other Liability		
3479018														1632	0	937	0	0	0	0	0	434	216	45	937	0	0				
3480069														756	0	0	0	0	0	0	0	54	684	18	0	0	0				
3482045														924	0	173	0	0	0	0	0	129	518	104	0	0	0				
3482111														7630	0	88	0	0	0	0	0	1269	6076	197	0	0	31				
3485215														901	0	501	0	261	0	0	0	333	50	17	0	0	222				
3485420														9206	0	2226	0	0	0	0	0	722	6119	139	0	2052	0				
3487433														3014	0	2152	0	0	0	0	0	243	508	111	0	0	1369				
3487947														2469	0	822	0	0	0	0	0	1377	147	123	0	0	595				
3488579														6320	0	615	0	0	0	0	0	1003	4002	700	0	0	0	Other Liability	Reserve for Employee Profit Sharing		
3489071														1667	0	556	0	0	0	0	0	59	834	218	493	0	0				
3517590														3785	0	1245	0	0	0	0	0	380	1660	500	0	0	997				
3529315														11067	0	4508	0	0	3788	0	0	0	6559	0	0	0	0	Due to/from Affiliate			
3531176														4443	0	3037	0	0	0	0	0	775	21	610	2903	0	0				
3532641														55244		27616	0					4261	20091	3276		14079	12451				
3537897														12292	0	10650	0	0	0	0	0	400	957	285	0	0	8178				
3538009														1844	0	404	0	0	0	0	0	413	1027	0	0	0	395				
3545258														16105		8936	0		1194			1475	4795	899			7586	LIHTC Fund CRA Investment Undisburse			
3546862														8232	0	1572	0	0	1572	0	0	4557	1768	335	0	0	0	Lease Liabilities			
3547131														19851	0	10037	0	1586	0	0	0	717	8832	265	0	0	7610				
3547896														7326		4519	0	3751				1308	1331	168			768				
3548567														13246	0	5865	0	0	0	0	0	758	4243	2380	0	0	3867				
3548763														2257	0	92	0	0	0	0	0	261	1904	0	0	0	0				
3555248														1960		1165	0	68				41	636	118			1097				
3561771														7008	0	70	0	70	0	0	0	905	6033	0	0	0	0				
3567269														2072	0	288	0	0	146	0	0	748	1036	0	0	0	0	Unamortized Core Processer Credits			
3579589														88661		42283	0		15213	17134		6295	25458	14625				Taxes Payable - Current	Operating Lease Liabilities		
3588312														9735	0	2897	0	0	0	0	0	207	6561	70	0	0	2484				
3588424														9504	0	2897	0	0	0	0	0	1735	4552	320	0	0	1348				
3591004														872	0	0	0	0	0	0	0	103	634	135	0	0	0				
3592047														7611		5717	0		473	1212		929	690	275			3998	Accrued Payroll and Commissions	Reserve for Mortgage Recourse		
3593307														4129	0	2388	0	705	0	0	0	654	1012	75	0	0	1613				
3594087														1660		461	0					862	207	130			392				
3595271														36937		24128	0		1496	21501		9655	2743	411				Serp Liability	Lease Liability	0	
3596250														3148	0	1426	0	0	0	0	0	1027	695	0	0	707	0				
3597211														5715		149	0					82	5484	0							
3599804														495	0	35	0	0	0	0	0	314	146	0	0	0	0				
3603961														4038	0	892	0	0	105	0	0	222	2924	0	0	0	0	Disc Retained			
3608751														25049	0	15231	0	0	3152	0	0	2666	6295	857	0	4295	0	Lease Liability			
3610718														10650	0	5831	0	0	1736	0	0	1439	2613	767	0	0	3195	Other Liabilities			
3614837														6978		2178	0					718	3207	875	1686						
3614846														2138	0	1082	0	44	0	0	0	333	649	74	0	0	1038				
3614976														21788	0	16041	0	0	6318	0	0	1853	3391	503	0	0	7283	OTHER LIABILITIES			
3617856														922		0	0					771	151	0							
3619216														10732	0	7494	0	0	0	0	0	461	2568	209	0	0	6658				
3623110														5647	0	1248	0	0	0	0	0	2516	1097	786	0	0	956				
3623969														4461	744	864	0	0	0	0	0	129	3448	20	120	0	0				
3626184														292	0	2	0	0	0	0	0	234	56	0	0	0	0				
3626858														1667	0	803	0	471	0	332	0	429	348	87	0	0	0	Other Liability	Franchise Taxes Payable	Lease Incentive Obligation	
3629420														23830	0	10129	0	0	10073	0	0	1337	10959	1405	0	0	0	SERP Liabilities			
3629484														670	0	72	0	0	0	0	0	235	302	61	0	0	0				
3630323														54858	0	28124	0	0	0	0	0	4892	20329	1513	0	0	19835				
3633016														670	0	0	0	0	0	0	0	69	375	226	0	0	0				
3633173														11814		7689	0					1104	2633	388	2311		5316				
3635029														25613	0	3004	0	0	0	0	0	834	20071	1704	0	0	2349				
3635551														968	0	133	216	0	0	0	0	54	528	37	101	0	0				
3636428														2975	0	1721	0	0	349	0	0	912	210	132	0	0	0	accrued salaries			
3636446														20636	0	11561	0	0	0	0	0	2949	6029	97	4428	0	6121				
3636914														7175	0	5652	0	0	0	0	0	437	623	463	5547	0	102				
3637247														20433	0	15806	0	0	0	0	0	1244	2846	537	6492	0	8651				
3637685														74095		35887	0		17160			13964	20968	3276				LIHTC			
3637706														2244	0	604	0	0	0	0	0	131	1478	31	510	0	0				
3645840														5402	0	4007	0	0	3668	0	0	483	902	10	0	0	0	ORE liabilities payable to others			
3650808														64630		19383	0	14493				834	31532	12881							
3655933														3265	0	742	0	0	0	0	0	723	1465	335	0	0	528				
3664588														14683		9388	495					886	3509	405			5384				
3667132														411	0	85	0	0	0	0	0	61	199	66	0	0	0				
3671997														2275	0	86	0	0	0	0	0	907	1057	225	0	0	0	0			
3678857														14270		5893	0					2400	4624	1353			5296				
3688043														14084	0	7772	0	0	0	0	0	410	4692	1210	4677	0	0				
3688548														1612	0	960	0	0	0	0	0	126	458	68	144	0	761				
3690121														2632	0	1413	0	0	0	0	0	137	632	450	0	0	1373				
3690635														5434	0	2926	0	0	0	0	0	571	853	1084	0	0	2850				
3690701														3261		1220	0	9				437	1396	208	1211						
3719648														11736	0	6948	0	0	0	0	0	2647	2106	35	0	0	4442				
3720336														5250	0	4526	0	0	0	0	0	516	188	20	0	0	4475				
3720608														20601	0	14626	0	116	12623	0	0	640	4267	1068	575	0	0	Right of Use Liability			
3721605														4128	0	2178	0	0	0	0	0	890	769	291	1235	0	855				
3729124														6488	0	2623	0	51	0	0	0	629	3074	162	0	0	2110				
3783313	199947	0	122364	0	0	64431	0	0	46442	918	0	0	0									30223						Loans in process			
3783948														74048		36245	0	1849	3364			1092	35711	1000	6684	1268	3571	xborder client payable			
3786435														5633	0	2764	0	57	0	0	0	1011	1500	358	2677	0	0	ACCD SALARY CONTINUATION PLAN			
3793714														29027	0	16777	0	0	0	0	0	849	10900	501	0	0	11565				
3804535														17382		12997	0		4069			1350	1714	1321		5622		LIHTC TAX CREDIT PAYABLE			
3807880														10300	0	6080	0	0	0	0	0	770	3391	59	1737	0	1839				
3812147														2910	0	1549	0	0	0	0	0	479	786	96	0	0	1535				
3816154														2063	0	1383	0	0	0	0	0	137	542	1	0	0	1367				
3816163														1109	0	724	0	0	90	483	0	114	251	20	151	0	0	Franchise Tax Payable	ROU Lease Liability		
3816190														4702	0	738	0	0	0	0	0	1241	2590	133	0	703	0				
3821037														14553		9474	0					2062	2827	190			9138				
3821626														13751	0	11575	0	0	0	8300	0	441	1735	0	0	0	0	Borrower Equity Escrow	SBA GTY CONTINGENT RESERVE		
3821822														3623	0	0	0	0	0	0	0	654	2501	468	0	0	0				
3832127														10315	0	2419	0	0	0	0	0	6798	998	100	0	0	2299				
3835454														67589		50583	0					5649	10728	629			27294				
3843392														4926	0	4363	0	0	1494	0	0	96	458	9	0	0	2683	Loan Escrow			
3851427														100160		61445	19209					1347	17154	1005			25477				
3938186														699427		378792	0			145025		28019	284906	7710					Securities Purchased - Traded but not settled		
3939240														667	0	346	0	346	0	0	0	0	321	0	0	0	0				
3943210														1183	0	862	0	253	0	0	0	77	234	10	0	373	0				
3952904														1526	0	1524	2	0	0	0	0	0	0	0	0	0	1319				
4032791														4987	0	201	2	0	136	0	0	0	4784	0	0	0	0	Sundry Items Payable			
4125778														2503	0	2137	0	1680	0	0	0	0	366	0	0	0	0				
4146830														1221	0	839	0	0	558	0	0	0	382	0	0	0	0	Due to Affliate			
4149037														8290	0	6442	0	0	5342	0	0	0	1848	0	0	0	0	Due to affiliate			
4165907														2475	0	288	90	0	0	0	0	1291	706	100	0	0	0				
4210227														113422		67874	0					12680	31911	957			29805				
4368351														203	0	169	0	0	0	0	0	0	34	0	0	0	0				
4397164														7049	0	3859	0	0	0	0	0	0	3190	0	0	0	3858				
4457536														15358	0	14833	0	1946	1253	1776	0	169	263	93	0	0	1349	Accrued Payroll Payables	Contingent Liabilities		
4536084														15781	0	8528	0	0	5540	0	0	1220	5964	69	0	0	2988	Finance lease liability			
4845861														5952		14	0	14				1175	3576	1187							
5050028														19049		14903	0		8708			1132	2480	534				Inv. Pay - LIHTP			
5136959														9594	0	6035	0	0	3844	0	0	2134	1425	0	0	0	0	Capital Lease Liability			
5143788														2274	0	732	0	0	0	0	0	37	1236	269	343	0	366				
5192496														3222	0	1086	0	0	145	0	0	412	1595	129	0	0	912	Loan suspense liabilities	Other Misc Liabilities		
5193989														972		24	0					1	743	204							
5205819														9390	0	5850	0	0	0	0	0	283	1943	1314	0	2148	3579				
5210989														38044	0	34885	0	5316	13531	12268	0	360	2521	278	0	396	0	Clearing & In-process	Intercompany Payable		
5227101														1181		202	0					28	509	442		124	52				
5230790														4177	0	3508	0	0	0	0	0	139	356	174	0	0	3504				
5278251	27989	0	13166	0	0	12351	0	0	12510	0	0	0	0									2313						Payable to affiliated companies			
5303724														2733	0	1826	0	0	0	0	0	96	701	110	0	0	1711				
5312593														4757	0	3573	0	0	0	0	0	698	351	135	0	369	2462				
5313312														5880	0	4295	0	0	0	0	0	286	1010	289	0	0	4176				
5316920														2937	0	2451	0	0	0	0	0	103	383	0	0	0	1967				
5332603														2088	0	865	0	0	0	0	0	134	929	160	387	0	379	Due to Parent			
5336928														181	0	0	0	0	0	0	0	0	181	0	0	0	0				
5342974														6332	0	4228	0	49	0	0	0	184	1920	0	0	0	4179				
5349218														10479	0	6439	0	0	0	0	0	997	2764	279	0	0	6294				
5382514														5130	0	2533	0	91	0	0	0	1586	646	365	0	0	2431				
5397639														6172	0	4236	0	3068	0	0	0	0	1936	0	0	0	1168				
5398355														6686	0	4955	0	0	0	0	0	229	1134	368	0	0	4854				
5398627														3067	0	1456	0	0	0	0	0	342	896	373	0	0	1114				
5401273														1943	0	690	0	0	535	0	0	279	682	292	0	0	0	Lease Liability			
5412457														3209	0	2311	0	0	0	0	0	50	713	135	0	0	2233				
5427684														1512	0	770	0	0	671	0	0	373	369	0	0	0	0	ESCROW BALANCES - INSURANCE			
5435988														2042	0	831	0	640	0	0	0	70	1021	120	0	0	0				
5448915														1295		199	0	159				589	285	222			40				
5472880														3670	0	2293	0	0	966	0	0	85	1292	0	0	0	1137	Other Liabilities			
5475452														4331	0	3890	0	0	0	0	0	45	396	0	272	0	3560				
5479478														1961	0	1123	0	0	0	0	0	281	480	77	0	0	1123				
5514409														11180	0	5283	0	1357	0	0	0	1761	3720	416	0	2077	1344				
5518023														51205	0	30390	0	0	14015	10635	0	0	20815	0	0	0	0	Settlement Clearing	Escheatable Items in Process		
5528880														2479	0	2110	0	0	0	0	0	194	175	0	0	0	1714				
5538937														2278	0	1650	0	0	0	0	0	71	536	21	0	0	1605				
5543735														496	0	261	0	163	0	0	0	7	215	13	0	0	98				
5561001														5892	0	5756	0	4650	0	0	0	0	136	0	0	0	0				
5574430														2559	0	1640	0	0	0	0	0	184	523	212	0	0	1632				
5582846														64301	0	61790	0	0	13011	24427	0	356	2150	5	0	0	0	Investor Payable	IC Payable to Affiliates		
5591633														2081		2081	0		810	127		0	0	0	1144			ACCRUED COMPENSATION AND BONUS	OTHER LIABILITIES INDIVIDUALLY BELOW THRESHOLD		
5592340														4715	0	1430	0	0	364	0	0	477	1699	1109	0	0	0	Participation Payable			
5620869														7897	0	5196	0	0	0	0	0	230	2346	125	0	0	3726				
5650923														2009	0	1528	0	0	0	0	0	259	196	26	0	0	1310				
5660146														3574	0	894	0	0	0	0	0	1350	906	424	0	0	769				
5673191														1353	0	1091	0	0	215	0	0	52	181	29	0	0	762	SBA Discount on Retained Servicing			
5686089														1112	0	243	167	0	0	0	0	90	506	106	0	0	0				
5686324														226	0	0	0	0	0	0	0	138	88	0	0	0	0				
5691319														1313	0	990	0	0	0	0	0	314	4	5	0	0	0				
5692473														2409	0	1899	0	0	0	0	0	163	315	32	0	0	1794				
5724226														981	0	492	0	2	0	0	0	131	292	66	0	0	425				
5728916														3194	0	2422	0	0	1898	0	0	158	611	3	0	0	0	Right to Use Offset			
5755510														1439	0	969	0	0	0	0	0	85	340	45	0	0	958				
5758436														767	0	604	0	64	165	375	0	99	0	64	0	0	0	Accrued PTO Payable	Accrued ICP	Director's fees and other accruals	
5758445														1162	0	1022	0	0	0	0	0	19	0	121	81	0	883		ROU Liab		
5760439														5032	0	4337	0	0	0	0	0	283	0	412	0	0	3506				
5760662														990	0	516	0	214	0	0	0	9	364	101	0	0	302				
5777549														1373	0	876	0	0	79	0	0	127	179	191	0	0	663	CDARS			
5784921														484	0	15	0	0	0	0	0	0	469	0	0	0	0				
5787418														1215	0	557	0	0	0	0	0	58	600	0	0	0	526				
5788705														1921	0	1165	0	0	0	0	0	33	585	138	0	0	544				
5805228														4111	0	3676	11	0	0	0	0	40	368	16	0	0	3408				
5805424														2526	0	2027	0	0	468	0	0	109	354	36	0	0	0	Fiserv Vendor Flex Credits			
5805442														1898	0	1579	0	0	5	0	0	232	72	15	0	0	1574	Other Liabilities			
5805451														2673	0	41	0	0	0	0	0	0	2632	0	0	0	0				
5805479														2466		1580	311		0	0	0	0	575	0			1576				
5805488														43		43	0					0	0	0							
5805817														3360	0	971	0	971	0	0	0	0	2389	0	0	0	0				
5807400														604	0	307	0	0	0	0	0	210	87	0	0	0	0				
5837377														1295	0	1186	0	0	0	0	0	81	28	0	0	0	1114				
5839915														55	0	54	0	0	0	0	0	1	0	0	0	0	0				
5859511														35632	0	33582	0	0	33582	0	0	0	2050	0	0	0	0	Intercompany Payable			
5860740														1538	0	1183	33	3	0	0	0	97	207	18	0	0	1101				
5861541														1470	0	1175	0	0	0	0	0	5	290	0	0	0	1023				
5879201														804	0	527	0	0	527	0	0	24	248	5	0	0	0	Lease liability			
5882500														798	0	798	0	95	0	0	0	0	0	0	0	0	703				
5887420														599	0	599	0	0	0	0	0	0	0	0	0	0	471				
5903517														695	0	560	0	0	0	0	0	94	12	29	0	0	560				
5906497														245	0	31	0	0	0	0	0	1	183	30	0	0	0				
5972661														4267		4267	0	1837	1098	0	0	0	0	0				Income Tax Payable Related			
6009630														1778	0	1567	0	0	0	0	0	0	211	0	598	0	969				
