"IDRSSD"	RIADA491	RIADB904	RIADB905	RIADB906	RIADB907	RIADB909	RIADB910	RIADB911	RIADB912	RIADB947	RIADB948	RIADB949	RIADB950	RIADB951	RIADB952	RIADB953	RIADB954	RIADB955	RIADB956	RIADB957	RIADB958	RIADB959	RIADB960	RIADB961	RIADC058	RIADJ315	RIADJ316	
	NET TRUST INCOME (LOSS)	PERSONAL TRUST AND AGENCY ACCOUNTS	EMPLOYEE BENEFIT-DEFINED CONTRIBUTN	EMPLOYEE BENEFIT-DEFINED BENEFIT	OTHER RETIREMENT ACCOUNTS	CUSTODY AND SAFEKEEPING ACCOUNTS	OTH FIDUCIARY/RELATED SERVICES INCME	PLUS:INTRACMPNY INCM CRDTS FOR FIDUC	FIDUCIARY/RELTD SRVCS INCM-FRGN OFFS	PRSNL TRST/AGCY ACCTS-GROSS LOSS,ETC	PRSNL TRST/AGCY ACCTS-GROSS LOSS NON	PERSONAL TRUST/AGCY ACCTS-RECOVERIES	RETIREMT RLTD TRST,ETC-GROSS LOSS MN	RETIREMT RLTD TRST,ETC-GROSS LOS NON	RETIREMT RELATED TRST,ETC-RECOVERIES	INVMT MNGEMT AGCY ACCTS-GROS LOS MNG	INVMT MNGEMT AGCY ACCTS-GROS LOS NON	INVTMT MNGEMT AGCY ACCTS-RECOVERIES	OTH FIDU ACCTS/RLTD SVCS-GROS LOS MN	OTH FID ACCTS/RLTD SVCS-GROS LOS NON	OTH FIDU ACCTS/RLTD SVCS-RECOVERIES	TOT FIDU SETTLEMTS,ETC-GROS LOSS MN	TOT FIDU SETTLEMTS,ETC-GROS LOSS NON	TOT FIDU SETTLEMENTS,ETC-RECOVERIES	LESS: EXPENSES	FID REL SRVC INC INV MGMT ADVIS AGY 	FID REL SRVC INC FOUND ENDW TR AGY A	
37																												
242																												
279																												
354																												
457																												
505																												
1155																												
1351																												
1454		286	165	0	282	0	0																			740	40	
1669																												
1856																												
2161																												
2732																												
2750																												
3252																												
3720																												
3971																												
4231																												
5069																												
5135																												
5210																												
5461																												
5751																												
6039																												
6329																												
7009		9844	3	172	0	51	28995																			623	134	
7045																												
7072																												
7456																												
7634																												
8462																												
8631																												
9357																												
9553																												
9807		101	0	0	29	7	0																			0	5	
9955																												
10250																												
10849																												
11145																												
11640																												
11837																												
12030																												
12142																												
12311		19265	175	72	9667	567	260		0																	28633	2831	
12647																												
12946																												
13103																												
13251																												
13457																												
14155																												
14650																												
14753																												
14865																												
14977																												
16551																												
17110		3002	440	183	3131	0	102																			10215	2001	
17147		2462	475	88	973	63	0																			2218	705	
17259																												
17950																												
17978																												
18050																												
18827																												
18836																												
18854																												
19356																												
19936																												
19972																												
20053																												
20633																												
20857																												
21256																												
21359																												
21658																												
22048																												
22543																												
22552																												
22730																												
23456																												
23504																												
23643																												
23755																												
24378																												
24659																												
24949																												
25357																												
25647																												
26765																												
27070																												
27614																												
27847																												
28013																												
28152																												
28675																												
28732																												
29476																												
29636																												
29878																												
30052																												
31134																												
31255																												
31657																												
31826																												
31835																												
32234																												
32766																												
32971																												
33147																												
33259																												
33370																												
33839																												
34537		1178	0	0	355	0	119																			2251	59	
34555																												
34742																												
35057																												
35301		1000	80000	62000	10000	869000	0		642000																	77000	16000	
35646																												
35879																												
36933																												
37051																												
37341																												
37435		169	42	1	586	0	0																			856	90	
37640		842	171	121	648	89	0																			1211	182	
37659																												
37949																												
38740																												
39327																												
40033																												
40855																												
41553																												
41629																												
41825																												
42037																												
42354																												
42372																												
42420		633	6	98	807	19	6																			1652	187	
42448																												
42457																												
43052																												
43351																												
43856																												
43959																												
44040																												
44433																												
44741																												
44750																												
44929																												
45056																												
45458																												
45551																												
45560		2092	8	78	67	86	0																			362	66	
45775																												
46053																												
46941																												
47247																												
47500																												
48374																												
48440																												
49054																												
49148																												
49241																												
49652																												
49858																												
49951																												
50461																												
51253																												
51356																												
51459																												
51842																												
52719	24807	0	0	0	0	0	171774	0																	146967	0	0	
52951																												
53051																												
54058																												
54973																												
55336																												
55635																												
55970																												
56258																												
56351		979	25	0	339	107	0																			1146	232	
56548																												
56717																												
57451																												
58225																												
58243		2504	1319	89	233	35	1																			561	218	
58355																												
58551																												
58636																												
58757																												
58971		2833	198	0	1198	122	0																			3495	337	
59316																												
59352																												
59370																												
59754																												
60330																												
60545																												
60554																												
60648																												
61122		302	158	166	652	23	6																			1185	62	
61355		10	0	0	7	4	11																			13	90	
61757																												
61832		540	24	0	274	32	0																			1085	219	
61953																												
62044																												
62110		3105	0	0	0	0	0																			0	47	
62147																												
63050																												
63069		21877	743	187	3245	516	0		0																	7115	1313	
63201																												
63573																												
63733																												
64552																												
64730																												
65205		234	0	0	32	5	0																			200	279	
65559		520	0	0	0	3	0																			0	24	
65858																												
66154																												
66275																												
67142																												
67151																												
67209																												
67254																												
67656																												
68671																												
68756																												
68831																												
69333		327	0	0	217	52	50																			426	0	
69678		554	132	0	831	54	0																			1510	75	
70218																												
70638																												
70955																												
71073																												
71457																												
71859																												
72258																												
72351																												
72454																												
72678																												
73116																												
73152																												
73554																												
73956																												
74056																												
74140		339	0	8	125	51	0																			289	54	
74403																												
74449																												
75259																												
75446																												
75455																												
75633		16412	160	0	10664	335	11		0																	45809	1999	
75651																												
76153																												
76443																												
76854																												
77150																												
77253																												
77422																												
77851		572	809	0	488	44	100																			987	83	
78157																												
78241																												
78559																												
79042																												
79127																												
79145																												
79257																												
79855																												
80150																												
80374																												
80431																												
81175																												
82033																												
82257																												
82350																												
83375																												
83638		428	0	0	6	0	105		0																	0	0	
83834																												
83852																												
83955																												
84541																												
85052																												
85472																												
85931																												
86349																												
86675																												
87047																												
87234																												
87476																												
87579																												
88231																												
88259																												
88352																												
88455																												
89032																												
89135																												
89854																												
89957																												
90047																												
90177																												
90328																												
90337																												
90579																												
91615																												
91950																												
92144																												
92676																												
92706																												
92902																												
93244																												
93543		656	8	0	319	5	0																			583	7	
93619		0	0	1698	0	3496	0		0																	0	0	
94139																												
94522																												
94755																												
94858																												
95051																												
95677																												
96553																												
97055																												
97279																												
97457																												
97804																												
97943																												
98351																												
98463																												
98717																												
99143																												
99376																												
99442																												
99536																												
99853																												
100236																												
100357																												
100562																												
100777																												
100843																												
101037																												
101439																												
101671																												
101738																												
101952																												
102333																												
102342																												
102557																												
102874																												
103134																												
104234																												
104542																												
104971																												
105026																												
105473		477	84	71	293	5	0																			574	8	
105530																												
106359																												
106452																												
106676																												
107244		1099	90	69	286	45	0																			942	16	
107570																												
107758																												
108072																												
108269																												
108652																												
108746																												
108951																												
109136																												
109154																												
109453																												
109574																												
109659																												
110413																												
110936																												
110945																												
110972																												
111157																												
111205																												
111942																												
112332																												
112510																												
112556																												
112837																												
113003																												
113030																												
113441																												
113601																												
113740																												
114149																												
114260		184	0	0	28	32	0																			523	0	
114457																												
114774																												
114840																												
114859																												
115146																												
115575																												
116358																												
116554																												
116741																												
117038																												
117458																												
117775																												
118156																												
118660																												
118736																												
119153																												
119779																												
119872																												
120476																												
120542																												
120609																												
120953																												
121642		328	798	40	539	34	69																			804	104	
121651																												
121914																												
122153																												
122546																												
123075																												
123374																												
124344																												
124830																												
125154																												
125855																												
126012																												
126049																												
126375																												
126553		361	0	0	613	19	27																			580	76	
126834																												
127055																												
127224																												
128258																												
128904		8865	69	4	2809	98	616																			3727	2126	
129349																												
129358																												
129732		303	32	0	152	46	0																			688	41	
129853																												
129910																												
130345																												
130541		333	69	0	332	4	0																			662	7	
131436																												
131717																												
131940																												
132107																												
132451																												
132778																												
132938																												
133579																												
133971																												
134156																												
134437																												
134455																												
134848																												
135836																												
135854																												
136048																												
136338																												
136655																												
137205																												
137447																												
137456																												
137559																												
137643																												
137652																												
137915		39	0	163	4	33	0																			270	20	
138051																												
138257																												
138556																												
139133																												
139478																												
139553																												
139656		73	0	0	91	0	0																			344	34	
139740		601	0	0	82	14	0																			306	4	
139843																												
140157																												
140362																												
140634																												
141350																												
141556																												
141677																												
141958																												
142049																												
142179																												
142955																												
143372																												
143662	2466	1120	8	20	228	8662	0	0																	8698	979	149	
143859																												
143952																												
144052																												
144155																												
144678																												
144856		861	5	3	316	81	93																			511	188	
144913																												
145059																												
145545																												
145554																												
145741																												
145844																												
146056																												
146663																												
147651																												
147679																												
147857																												
147923																												
148171																												
148238																												
148340																												
148470																												
148715																												
149150																												
150035		253	51	258	238	167	0																			246	51	
150044																												
150727																												
151957																												
152057																												
152253																												
152440																												
153054																												
153353																												
154154																												
154770																												
155759																												
156457																												
156970																												
157155																												
157379																												
157650																												
157744																												
157856																												
158376																												
158741																												
159636																												
159645																												
159953																												
159971																												
160360		989	0	6	40	0	0																			38	7	
160454																												
160959																												
161273																												
161602		1911	244	25	1524	219	0																			2366	100	
162337																												
163343																												
163549																												
163857																												
164153																												
164331																												
164377																												
164957																												
164975																												
165628		2195	230	46	1325	54	0		0																	1985	0	
165758																												
166111																												
166531																												
166652																												
167453																												
167752																												
168571																												
169354																												
169653		434	147	25	319	60	0																			828	0	
169756																												
170257																												
170275																												
170332																												
171133																												
171656																												
171759																												
171768																												
172251																												
172457																												
172475																												
172859																												
173306																												
173557																												
173575																												
173641																												
173959																												
174321																												
174367																												
174572																												
175056																												
175140																												
175458																												
175609		94	0	0	66	40	0																			284	0	
176101		1186	39	0	2	12	0																			222	0	
176325																												
176464																												
176642																												
177135																												
177443																												
177500																												
177555																												
177751																												
178150																												
178244																												
178356																												
178851																												
179148																												
179335																												
179700																												
180144																												
180845																												
181963																												
182951																												
183668																												
183770																												
183958																												
184656																												
184759																												
185251																												
185448																												
185859																												
186717																												
186744		474	57	0	312	0	171																			322	81	
187648																												
187947																												
188056																												
188177																												
188430																												
188449																												
188720																												
188739																												
188917																												
189129																												
189950																												
190563																												
190648																												
190947																												
190956																												
191355																												
191935																												
192147																												
192558		461	0	0	0	227	0																			391	54	
192651																												
192857																												
193162																												
193537																												
193649																												
193809																												
194440																												
194570																												
194936																												
195111																												
195157																												
195456																												
196752																												
196800		162	0	0	97	0	0																			210	2	
197142																												
197254																												
197302																												
197478																												
197759																												
198073																												
198149																												
198251																												
198961																												
199137																												
199351																												
199436																												
199463																												
200435		228	0	0	573	0	0																			945	40	
201254																												
201834																												
202514																												
202541																												
202907		900	13	809	535	110	272																			1307	279	
203043																												
203052																												
203575																												
204004		653	0	0	0	0	0																			0	0	
204237																												
204826																												
205243																												
205346																												
205458																												
205542																												
206156																												
206174																												
206473																												
206772																												
206950																												
207041																												
207050																												
207452																												
207470																												
207555																												
207872																												
208057																												
208244		11457	244	199	3494	549	548		0																	4645	1460	
208347																												
208440																												
208459																												
208570																												
208655																												
208972																												
209148																												
209362																												
209559																												
209858																												
210238																												
210256																												
210434		120607	13014	44637	36255	530391	23254		380976																	488573	28393	
211114																												
211271																												
211338																												
211851																												
212018																												
212344																												
212522		729	15	1	297	44	1																			173	65	
212577																												
213471																												
213538																												
213912																												
214106																												
214414																												
214722																												
214807	70000	0	0	0	0	3000	0																			7000	0	
215345																												
215653																												
215662																												
215710																												
216164																												
216922																												
217059																												
218131																												
218261																												
218878																												
219044																												
219651																												
219679																												
220059																												
220527																												
220844																												
220974																												
221775																												
222156																												
222558																												
222754																												
223322		196	0	0	167	99	0																			181	3	
223452																												
223751																												
223845																												
224954																												
225054																												
225157																												
225559																												
225942																												
226949																												
227151																												
227357																												
227656																												
227777																												
228000																												
228158																												
228279																												
228345																												
229070																												
229173																												
229342																												
229454																												
229801		283	0	0	0	43	0		0																	188	0	
229913																												
230423																												
230610																												
230759																												
231279																												
232847																												
232856																												
233031		54000	3000	1000	10000	3000	1000		0																	8000	5000	
233246																												
233358																												
233442																												
233527																												
233554																												
234355		412	20	0	208	124	25																			292	40	
234506																												
234739																												
234841																												
235174																												
235231																												
235446																												
235530																												
235558																												
235950																												
236153		386	1051	0	0	0	0																			0	8	
236256																												
236603																												
236706		2955	6	0	704	159	111																			12398	13	
236957																												
237066																												
237619																												
237954																												
238139																												
238250																												
238737																												
239556		208	35	0	249	12	11																			551	46	
239659																												
240954																												
241009																												
241157																												
241559																												
242257																												
242444																												
242949																												
242958																												
242976																												
243375																												
243414																												
243955																												
244037																												
244149																												
244158																												
244251		477	61	0	22	250	0																			114	49	
245016																												
245276		0	979	59	476	3	0																			709	0	
245351																												
245557																												
246022																												
246134																												
246451																												
246657		146	60	0	23	250	1																			716	0	
246947																												
246956																												
247140																												
247355																												
247476																												
247551																												
247908																												
248240																												
248352																												
248455		479	49	0	120	94	0																			117	17	
248633																												
248745																												
249416																												
249612																												
249658																												
250430																												
250476																												
250850																												
251558																												
251745																												
251978																												
252041		235	265	2	827	16	0																			732	16	
252452																												
253356		647	32	0	66	173	0																			781	321	
253468																												
253646																												
253730																												
254317																												
254504																												
254849																												
255350																												
255556																												
255574																												
255659																												
256058																												
256076																												
256179																												
256553		653	16	0	3	100	1																			113	137	
257233																												
257345																												
257578																												
257653																												
257756																												
258306																												
258379																												
258539																												
258874																												
259059																												
259330																												
259442																												
259956																												
260055		415	70	0	241	79	0																			700	114	
260831																												
261146																												
261360																												
261940																												
262059																												
262237																												
262358																												
262741																												
262844																												
262956																												
263243																												
263627																												
264455																												
264772																												
265340																												
265407																												
265452																												
265676																												
266244																												
266253																												
266655																												
266851																												
266945																												
267652																												
268006																												
268136																												
268677																												
268828																												
268976																												
269049																												
269058																												
269571																												
269759																												
270148																												
270353																												
270504																												
270531																												
270652																												
271136																												
271275																												
271341																												
271529																												
272030																												
272058																												
272151																												
272272																												
272302																												
273336		532	0	10	43	9	0																			146	2	
273550																												
273653																												
273662																												
273840																												
273859																												
274025																												
274052																												
274829																												
274856																												
275255																												
275358																												
275479																												
275657																												
276074																												
276159																												
276551																												
276579		1084	0	0	398	676	0																			6542	142	
276645																												
276654																												
276850																												
276953																												
277240																												
277277																												
277736																												
277820																												
278256																												
278555		668	5	0	219	2	0																			285	57	
278733																												
278751																												
278818		193	0	0	67	10	0																			229	52	
279105																												
279842																												
279954																												
280110		24036	1267	421	9068	2853	4667		0																	38134	5849	
280138																												
280352																												
280558																												
282075																												
282226																												
282824																												
283438																												
283652																												
283737																												
283867																												
284154																												
284239																												
284556																												
284752																												
284958																												
285151																												
285348																												
285544																												
285553																												
285740		259	18	0	26	7	0																			0	17	
285852		306	0	0	398	66	0																			327	142	
285928																												
286251																												
286457																												
287007																												
287342																												
287922																												
287959																												
288152																												
288376																												
288853																												
289056																												
289225																												
289515		779	80	1	483	26	7																			769	106	
289702																												
289739																												
289757																												
290249		1218	91	0	278	11	0																			309	69	
290838																												
290922																												
291059																												
291611																												
291732																												
292234																												
292467																												
292850																												
293053																												
293437																												
293651																												
293754																												
294023																												
294751																												
294779																												
294827																												
295011																												
295057																												
295646																												
296456																												
296474																												
296559																												
296755																												
297051																												
297761																												
298049																												
298218																												
298245																												
299868																												
300009																												
300063																												
300353																												
300933																												
300942																												
301574																												
301800																												
302030																												
302133																												
302553																												
302656																												
303653																												
303701																												
303747																												
303952																												
304173																												
304520																												
304575																												
304762																												
304913	1788	1338	0	0	0	0	0																			0	0	
305059																												
305077																												
305237																												
305442																												
306056																												
306159																												
306337																												
306908																												
307062																												
307334																												
307361																												
307679																												
308340																												
308836																												
309150																												
309655																												
309851																												
310754																												
310978																												
311050																												
311144																												
311256																												
311265																												
311603																												
311658																												
311845		2624	704	49	1579	16	0																			3244	90	
311939																												
312244																												
312356																												
313009																												
313157																												
313223																												
313577																												
314257																												
314444																												
315656																												
316840																												
316859																												
316934																												
317258																												
317342		3437	392	18	2205	70	41																			4767	375	
317379																												
318974																												
319047																												
319551																												
320034																												
320052																												
320070																												
320119		4	0	0	0	8	0																			1935	9	
321152																												
321255																												
321273																												
321330		30	0	0	18	0	90																			65	0	
321947																												
322449																												
322551																												
323204																												
323651																												
324153																												
324229																												
324256																												
324340																												
324854																												
324863																												
324975																												
325141																												
325459																												
325534																												
326054																												
326344																												
326858		1062	256	35	392	0	0																			1508	175	
326979																												
327220																												
327305																												
327435																												
327556																												
327855																												
328058																												
328357																												
328656																												
328777																												
329149																												
329345																												
329550																												
329952																												
330239																												
330248																												
330855																												
330949																												
331076																												
331375																												
331544																												
331713																												
332224																												
332671																												
332756																												
333203																												
333650																												
333856																												
333940																												
334264																												
335346																												
336147																												
336361																												
336576																												
337340																												
338646		1185	14	0	308	0	2																			416	21	
338945																												
339072																												
339353																												
339456																												
339607																												
339773																												
339858		16792	7484	545	3235	2742	0																			9968	4661	
340135																												
340144																												
340256																												
340443																												
340742																												
340751																												
341310																												
342054																												
342410		1233	11	2	896	77	0																			1435	90	
342634		1639	472	81	505	939	158																			2009	150	
343051																												
343248																												
343770																												
343903																												
343958																												
344647																												
344852																												
345309																												
345345																												
345747																												
345756																												
345877																												
346379																												
346566																												
346771																												
347022																												
347639		335	0	0	13	19	71																			59	0	
347956																												
348159																												
348720																												
349129																												
349343																												
350657																												
350750																												
351131																												
351560																												
351878																												
352370																												
352651																												
352745																												
352772																												
353238																												
353546																												
353555		1701	859	12	660	0	0																			2155	457	
353957																												
354253																												
354310		1071	0	71	164	68	0																			748	113	
354552																												
354851																												
355120																												
355559																												
355858		444	0	0	1	14	0																			26	0	
356239																												
356659																												
356752																												
357526																												
357553																												
357777																												
357937																												
358112																												
358448																												
359472																												
359744																												
360777																												
361055																												
361167		1139	67	5	182	108	0																			667	31	
361279																												
361354																												
361439																												
362043																												
362155																												
362717		231	51	9	218	34	0																			178	17	
362856																												
363442																												
363648																												
363657																												
363778																												
364131																												
364270																												
364430																												
364850																												
365325		1322	230	118	212	257	100																			2009	572	
365745		2	0	0	0	0	0																			320	0	
365848																												
365950																												
366078																												
366238																												
366247																												
366359																												
366658																												
366854																												
367150																												
367178																												
367431																												
367543																												
368054																												
368344																												
368522																												
368951																												
369453																												
369659																												
370020																												
370347																												
370721																												
370833																												
370954																												
371223																												
371232																												
371362																												
371849																												
371924																												
371942																												
372444																												
372538																												
372640																												
372855																												
373272																												
373553																												
373601																												
374130																												
374653		962	117	0	281	515	0																			864	516	
374774																												
375043																												
375379																												
375650																												
376237																												
376273																												
376442		110	0	0	88	12	1																		217	114	13	
376947																												
377663																												
377850																												
378044																												
378110																												
379050																												
379153																												
379470																												
379649																												
379920		2276	1247	425	1833	291	638																			5995	447	
380346																												
380458																												
380533																												
380878																												
380944																												
381026																												
381932																												
381950																												
382050																												
382069																												
382256																												
382274																												
382443																												
382537																												
382649																												
382658																												
382742																												
382854																												
384018																												
384278																												
384353																												
384652																												
384830																												
385350																												
385471																												
385547																												
385686																												
386432																												
386450																												
386731																												
386825																												
387671																												
388155																												
388258																												
388557																												
388744																												
388753																												
388874																												
389358																												
389376																												
390372																												
390840																												
391418																												
391557																												
391575																												
391959																												
391977																												
392152																												
392255																												
392778																												
393252																												
393355																												
393953																												
394156																												
394259																												
396057																												
396244																												
396253																												
396954																												
397456																												
397531		81	2	854	430	86	52																			293	2	
397540		875	137	0	1	26	0																			389	185	
397559																												
397755																												
397858																												
398051																												
398248																												
398668		0	0	32	207	14625	0		0																	0	2	
398837																												
399357																												
399517		361	94	30	527	267	0																			699	106	
399731																												
399973																												
400057																												
400141																												
400365																												
400767																												
401072																												
401559																												
401755																												
401906																												
401951																												
402846																												
402873																												
403067																												
403151		109	72	0	77	11	0																			274	82	
403179																												
403254																												
403656																												
403946																												
404653																												
404943																												
406022																												
406059																												
406666																												
406974																												
407168																												
407506																												
407645																												
408642																												
408875																												
409265																												
410159																												
410560																												
410748																												
410917																												
411062																												
411174																												
411231																												
411240																												
411549																												
411576																												
411624																												
411651																												
412153																												
412452																												
412555																												
412667																												
412751																												
412845																												
412872																												
413141																												
413208		3071	0	0	0	13395	0		0																	7459	0	
413347																												
413543																												
413646																												
413673																												
413758																												
414102																												
414652																												
414764																												
414858																												
416245		4302	714	64	3250	104	60																			8700	588	
416272																												
416339																												
416357																												
416656																												
416674																												
417626																												
417710																												
418100																												
418249		372	1032	1	380	109	35																			816	411	
418436																												
419406		354	28	9	926	17	0																			1482	282	
419675																												
420578																												
420644																												
421445																												
421539																												
422116																												
422433																												
422657																												
423159																												
423449																												
423636																												
423739																												
424156																												
424240		207	8	0	30	33	0																			79	17	
424352																												
424437																												
425050																												
425108																												
425818																												
425845																												
425911																												
426057																												
426141																												
426534		1056	70	1	714	52	223																			1286	75	
426758																												
426945																												
427241																												
427353																												
427858																												
427960																												
428060																												
428462																												
428547																												
428855																												
429021																												
429487																												
430036																												
430054																												
430344																												
431323																												
431350																												
432058																												
432432																												
433505		361	7	0	635	41	0																			1415	51	
433608		1035	41	0	1611	128	0																			2211	195	
433859																												
433943																												
434203		668	0	0	11	2	0																			28	0	
434539																												
435059																												
435077																												
435255																												
435666																												
435750																												
436159		60	0	1	67	7	0																			131	69	
436542																												
436739		161	8	0	170	46	0																			145	15	
436953																												
437044																												
437914		4834	58	90	1110	219	369																			3214	697	
439132																												
439338		430	0	0	36	58	2																			67	123	
439356																												
439404		175	0	0	352	43	0																			782	37	
439730																												
440857																												
440978																												
441050																												
441078																												
441135																												
441256		374	2	0	426	8	0																			609	101	
441359																												
441470																												
441630																												
442057																												
442244																												
442655																												
443148																												
443205																												
443353																												
443625																												
443634																												
444350																												
444556																												
444677																												
445674																												
445955																												
446130																												
446149																												
446176																												
447070																												
447100																												
447557																												
448040																												
448554																												
449038		0	0	0	0	0	0		0																	0	0	
449430																												
449832																												
449935		88	2928	617	10398	33	3																			6326	16	
450632																												
450669																												
450856		2464	2869	70	1880	9935	0																			8453	348	
450959																												
451068																												
451246																												
451273																												
451965		87000	0	0	10000	2000	0		0																	93000	35000	
452159																												
452739																												
452841																												
453147																												
453446																												
454546																												
454658																												
454975																												
455150																												
455253																												
455459																												
455552																												
455945																												
455972																												
456045		988	42	41	3372	96	177																			484	0	
456054																												
456344																												
456755																												
457060																												
457426																												
457752																												
458142																												
458544																												
458665																												
458946																												
459130																												
459372																												
459644																												
459671																												
460033																												
460275																												
460332																												
460350																												
460556																												
460770																												
461058																												
463605																												
463650																												
463735		8950	603	272	1000	2819	11																			6805	1469	
464853																												
465038																												
465243																												
465524																												
465618																												
465672																												
466044																												
466240																												
466754																												
466932																												
467144																												
467470																												
467658																												
467733																												
468673																												
468806																												
469250																												
469559																												
469737																												
470032																												
470050																												
470434																												
470452																												
471057																												
472018																												
472045																												
472148																												
472250																												
472531																												
472616																												
472951																												
472979																												
473042																												
473257																												
473266																												
473930																												
474058																												
474245																												
474254		2200	0	9	533	21	0																			3328	327	
474357																												
474450																												
474544																												
474656																												
474759		434	26	0	163	154	0																			667	45	
474919		1633	2013	259	2367	20	0																			3179	834	
475345																												
475354																												
475653																												
475756																												
476445																												
476472																												
476539																												
476810		0	0	0	0	532000	83000		454000																	60000	0	
477321																												
477349																												
477648																												
478140																												
478195																												
479071																												
479268		671	104	4	166	37	4																			860	278	
479370																												
479446																												
479567																												
479754																												
479839																												
480059																												
480228		169000	1000	3000	89000	8000	0		0																	336000	92000	
480246																												
480433																												
480723																												
480853																												
481159																												
481177																												
481579																												
481627																												
481748																												
481944																												
482053																												
482156																												
482370																												
482446																												
483274							2																					
483537																												
483751																												
484057																												
484776																												
485054																												
485139																												
485214																												
485456																												
485559		7430	141	355	1080	651	0																			4635	129	
487142																												
487357																												
488318		3101	0	0	6	59	0		0																	61	123	
488420																												
488653																												
488756																												
489155																												
489249																												
489548																												
489623		3627	876	0	2467	303	0																			4692	374	
490348																												
490450																												
490843																												
490955																												
491224		5000	3000	2000	3000	1000	1000		0																	10000	2000	
491402																												
491653																												
491934																												
492650																												
492810																												
493077																												
493152																												
493741																												
493844																												
494261																												
494654																												
495419																												
495558																												
496434																												
496845																												
496957																												
497039																												
497404		3402	0	46	34	1706	0		0																	2099	748	
497655																												
497851																												
497954																												
498148																												
498317																												
498362		2431	30	0	333	133	0																			911	266	
498456																												
498531																												
498625																												
498942																												
499154																												
499453																												
499501																												
499743																												
499752																												
499855																												
500256																												
500658																												
501105		30000	0	2000	1000	5000	7000		0																	9000	2000	
501132																												
501459																												
501655																												
501767																												
502111																												
502447																												
502559																												
502652																												
502746																												
502849																												
503547																												
503640																												
504142																												
504311																												
504535																												
504647																												
504713		60801	261	4660	19360	98643	37567		18757																	149738	21254	
505550																												
505916																												
507068		1424	631	8	249	26	24																			666	60	
507152																												
507349																												
507509																												
508270																												
508346																												
508355																												
509811																												
509857																												
509950																												
510330																												
510871																												
510938																												
510947																												
511832																												
513256																												
513322																												
513340																												
513546																												
513854																												
514048																												
514057																												
514066		650	17	0	189	23	0																			855	294	
514132																												
514356																												
514655		689	0	0	35	5	0																			133	0	
514936																												
515979																												
516154																												
516855																												
516873																												
517049																												
517357																												
517441																												
517674																												
518037																												
518176																												
518354																												
518877																												
519146																												
519360																												
519445																												
519874																												
520003																												
520423																												
520777																												
521158																												
521970																												
522034																												
522454																												
522605		809	93	0	462	35	0																			1840	388	
522669																												
522753																												
523161																												
524579																												
524757																												
524766																												
524953																												
524971																												
525053																												
525549																												
526452																												
526519																												
526854																												
527057																												
527178																												
527600																												
527749																												
527954		4494	41	222	1092	833	93																			4900	1419	
528102																												
528241																												
528849																												
528960																												
529275																												
529341																												
529659																												
529958																												
530655		237	38	0	178	21	1																			593	0	
530851																												
531157																												
531250																												
532042																												
532453																												
532752																												
533124																												
533227																												
533535																												
534073																												
534242																												
534466																												
534756																												
534859																												
534877																												
535034																												
535575																												
535753																												
535931																												
535940																												
536059																												
536349																												
536527																												
536554																												
536853																												
537243																												
537449		1640	467	0	636	6	0																			900	34	
537551																												
537560		719	99	10	162	93	0																			429	84	
538222																												
538473																												
538754																												
538802																												
539032																												
539340																												
539377																												
539452																												
539872																												
540056																												
540542																												
540551																												
540739																												
540775																												
540850																												
541101		0	19000	25000	9000	1618000	0		442000																	0	1000	
541231																												
541307																												
541642																												
541754																												
541857																												
542153																												
542340																												
542528		84	0	0	375	1	0																			567	60	
542667																												
542854																												
543262																												
543459																												
543945																												
544335																												
544447																												
544652																												
544951																												
545604																												
546003																												
546320																												
546535																												
546544																												
547251																												
547550																												
547840		207	1	0	118	0	0																			477	10	
548052																												
548267																												
548351																												
548472																												
548771																												
549862		1528	28	0	194	8	0																			70	1	
550279																												
550354																												
550448																												
550635		185	2	0	93	12	502																			176	3	
550653																												
550952																												
551016																												
552059																												
552161																												
552545																												
552956																												
552974																												
553038																												
553926																												
553944																												
554343																												
554857																												
555256																												
556459																												
556936																												
557317																												
557858		1631	1407	62	1399	626	0																			4730	285	
559179																												
560214																												
560353																												
560438																												
560830																												
561145																												
561574																												
561659																												
561864																												
562058																												
563233																												
563336																												
563457																												
563934																												
564052																												
564324																												
564463																												
564557		375	0	0	0	0	0		0																	30	2	
564678																												
564838																												
565143																												
565170																												
565536																												
565750																												
565844																												
566056																												
566243																												
567240																												
567679																												
567736																												
568126																												
568135																												
568359																												
568377																												
568470		216	0	0	195	0	0																			201	50	
568939																												
570558																												
570651																												
571135																												
571265																												
571920																												
571957																												
572347																												
572374																												
572459																												
572655																												
573036																												
573335																												
574079																												
574949																												
574976																												
575133																												
575254		434	18	0	91	4	0																			242	0	
575348																												
575375																												
575759																												
575834																												
576354																												
576578																												
576608																												
576644																												
576952																												
577128		695	749	35	468	34	0																			686	407	
577137																												
577230																												
578116																												
578237																												
578255																												
578554																												
578741																												
578862																												
579140																												
579319																												
579364																												
579636																												
580155																												
580548																												
580847																												
580874																												
581237																												
581358																												
582654																												
582878																												
582953																												
582971																												
583071																												
583268																												
583352																												
583754																												
583905																												
584724																												
584920		284	27	0	220	6	2																			658	12	
585749																												
586027																												
586072																												
586335																												
586960																												
587677																												
587800																												
588245																												
588348																												
589158																												
589523																												
589943																												
590220																												
590640																												
590976																												
591209		221	0	0	67	17	1																			343	33	
591320																												
591357																												
591366																												
592448		2953	37	0	0	0	0																			0	0	
592550																												
592644																												
593007		719	0	59	381	21	0																			601	233	
593052																												
593249																												
593333																												
593771																												
593940																												
594433																												
594451																												
594853																												
594938																												
594947		814	0	0	202	32	7																			375	79	
595270		1626	0	0	349	62	5																			2022	267	
595337																												
595430																												
595869																												
595944																												
596062																												
596156																												
596277																												
596455																												
596978																												
597041																												
597313																												
597452																												
597546																												
597658																												
598002																												
598048		232	114	0	536	0	0																			603	59	
598132																												
598543																												
599643																												
599764		719	3	0	31	24	161																			155	0	
600419																												
601032																												
601041																												
601050		12977	977	1399	9023	2801	1925																			37129	3349	
601153																												
601416																												
601443																												
601658																												
602543																												
602842																												
603232																												
603540																												
603559																												
603755																												
604024																												
604033																												
604547																												
604640																												
605571																												
605610																												
605656																												
606176																												
606653																												
607146																												
608358																												
608844		691	5	0	155	91	0																			269	35	
609010																												
609467																												
609476																												
609609																												
609832																												
610128																												
610164																												
610539																												
610557																												
610913																												
611031																												
612159																												
612878																												
613008		977	841	52	1926	59	241																			6290	825	
613156																												
613400																												
613558																												
613679																												
613839																												
613950																												
613978																												
614256																												
614313		81	190	1	298	29	0																			244	95	
614368																												
614751																												
614948																												
615217																												
615253																												
615851																												
615879																												
615954																												
616036																												
616540																												
617079																												
617145																												
617275																												
617743																												
618647																												
618740		111	4	0	299	3	0																			554	123	
618777																												
618807																												
619701																												
619859																												
619877																												
621151																												
621357																												
621441																												
622037																												
622774																												
623052																												
623454																												
623548																												
623874																												
624246																												
624648																												
624778																												
624956																												
625056																												
625065																												
625159																												
625757																												
625850																												
625953																												
626101																												
627108		248	0	0	194	4	4																			321	71	
627854																												
628039																												
628123																												
628356																												
628552																												
629148																												
629353																												
629522																												
629746																												
630041																												
630340																												
630555																												
630658																												
631039																												
631150																												
631178																												
631422																												
631570																												
632410																												
632607																												
632858																												
633378																												
633640																												
634544																												
634955																												
635840																												
635907																												
636276																												
636753																												
636771																												
637170																												
637451		837	14	1	254	296	97																			1624	40	
637554																												
638131																												
638355																												
638850																												
639549																												
639567																												
639633																												
639857																												
640143																												
640246																												
640442																												
640956																												
641449																												
641579																												
642437																												
643078																												
643274																												
643340																												
643658																												
644057																												
644141																												
644646																												
644776																												
644842																												
644954		2885	7	0	106	0	241																			0	157	
644963																												
645157																												
645317		573	64	72	268	47	0																			159	0	
645540																												
645577																												
645625		3806	454	115	799	209	873																			1583	0	
646042																												
646145																												
646172																												
646444																												
646471																												
646556																												
646743																												
646873																												
647218																												
647245																												
647414																												
647759																												
647777																												
647955																												
648130		618	0	0	202	0	0																			1555	0	
648242		849	80	1	540	14	18																			1149	1	
648251																												
648345																												
648550																												
649342																												
649632																												
651121																												
651149																												
651158																												
651448																												
651541																												
651859																												
651952																												
652043																												
652070																												
652874																												
652959																												
653134																												
653433																												
653611																												
653778																												
653947																												
654047																												
654300																												
654579																												
655530																												
655839																												
656032																												
656377																												
656470																												
656658																												
656779																												
657178																												
657271																												
657365																												
657459																												
657758																												
657954																												
658072																												
658474																												
658924																												
659341																												
659556																												
659640																												
659855		1780	661	9	1288	126	0																			3469	1091	
660066																												
660253																												
660271																												
660655																												
660879																												
660927																												
661072																												
661223																												
661308		0	0	2663	926	551	0																			147	19	
661474																												
662350																												
662369																												
662949		947	2	0	250	48	1																			444	88	
663245		2936	279	161	1339	128	0																			2981	319	
663638																												
663656																												
663834																												
663955																												
664206		624	0	0	763	11	7																			1612	264	
664653																												
664756		2193	349	6	355	76	386																			1151	391	
665146																												
665258																												
665865																												
666554																												
666844																												
666974																												
667346																												
667524																												
667551																												
667757																												
668053																												
668147																												
669555																												
670430																												
670467																												
670560		233	0	0	9	0	0																			1051	56	
670654																												
670748																												
670878																												
671053																												
671147																												
671334																												
671464																												
671558																												
672238																												
672247																												
672537																												
672573																												
673244																												
673440		410	256	0	195	40	30																			489	38	
673477																												
673851																												
673909																												
674344																												
674849																												
675042																												
675079																												
675248																												
675341																												
675659																												
675855																												
676049																												
676151																												
677176		891	0	0	268	88	0																			762	126	
677354																												
677448																												
677644																												
677756																												
677970																												
678052																												
678070																												
678258																												
678454																												
678557		35	1	0	35	32	0																			44	2	
678744																												
679451																												
680130																												
680457																												
680813																												
681043																												
681249																												
682143																												
682563		17642	1603	184	1543	1428	0																			10241	3175	
682648																												
683449		66	69	0	113	3	0																			171	18	
683814																												
684455																												
685023																												
685676																												
686459																												
686570																												
686758																												
687054																												
687830																												
687951																												
688079		0	0	0	0	0	0		0																	0	0	
688453																												
688556																												
689209																												
689357																												
689759		139	0	0	6	846	0																			1	0	
691042																												
691743																												
691958																												
692450																												
692704		8408	26361	30377	3483	0	0																			0	16594	
692946		132	18	0	214	0	33																			257	6	
693073																												
693224		3434	49	0	1353	146	0																			4698	766	
693345		507	67	5	240	76	9																			319	252	
693952																												
694146																												
694771																												
694847		282	2	2	241	6	0																			212	26	
694904																												
695349																												
695947																												
696047																												
696168																												
696430																												
696645																												
697035																												
697147																												
697156																												
697231																												
697763		880	0	0	0	5	0																			42	0	
697950																												
698144																												
698546																												
698649																												
699105																												
699253																												
700140																												
700252																												
700430																												
700458																												
701062		407	0	2	106	281	2																			479	52	
701222																												
701839																												
701857																												
702117		2924	1100	68	479	339	55																			1967	0	
702612																												
702836																												
702911																												
703039																												
703552		0	0	0	0	3580	0																			0	0	
703767																												
705378																												
705556																												
706030																												
706058																												
706236																												
706254																												
706450																												
706656																												
707354																												
708379																												
709143																												
709451																												
709554																												
709602																												
709639																												
709956																												
710176																												
710859																												
711472		32	0	0	0	24	0		0																	0	0	
711520																												
711548																												
711753																												
711801		196	9	0	275	37	0																			533	0	
712059																												
712648																												
712956																												
713252																												
713476																												
713926																												
714165																												
714437																												
714839																												
714978																												
715032																												
715050																												
715144																												
715340																												
715470																												
715630																												
715872																												
715975																												
716374																												
716833																												
716851		809	0	0	0	39	19																			33	1	
716954																												
717232																												
717670																												
717737																												
717924																												
718145																												
718275																												
718538																												
719030																												
719610																												
719656																												
719964																												
720157																												
720344																												
720746																												
720858																												
721350																												
721752																												
721949																												
722227																												
722432																												
722544																												
722777		0	0	0	0	0	0		109059																	109059	0	
722816																												
723112	145000	38000	2000	1000	20000	13000	3000		0																	59000	7000	
723158																												
723550																												
723653																												
724744																												
724904																												
724940																												
725077																												
725732																												
726458																												
726953																												
727174																												
728948																												
728957																												
729011																												
729057																												
729178																												
729310																												
729842																												
729945																												
731050																												
731247		606	93	0	1478	30	0																			1646	113	
731957																												
732178																												
732253																												
732637																												
732758																												
732954																												
733540																												
733559																												
733661																												
733755																												
733951		54	48	0	134	0	3																			245	12	
734248																												
734350																												
734538																												
734613																												
735067																												
735414																												
735441																												
735973																												
736550																												
737548																												
738013																												
738040																												
738143																												
738255																												
738303																												
738657																												
738769																												
739346																												
739355																												
739560		1207	0	0	0	0	0																		939	0	0	
739832																												
740249																												
741068																												
741152																												
741358																												
741844		75	0	0	62	0	0																			83	0	
741956																												
741974																												
742056																												
742542																												
742944																												
743679																												
743950																												
744854																												
745347																												
746157																												
746755																												
746942																												
746979																												
747051																												
747257																												
748254																												
748357																												
748441																												
748964		681	8	0	25	0	0																			0	34	
749242		634	1163	70	64	65	0																			68	21	
749635																												
749840																												
749943																												
750051																												
750341																												
750444																												
750846																												
751254																												
751656		211	20	0	175	0	0																			283	0	
751852																												
752831																												
753052																												
753324																												
753641																												
753856																												
754068																												
754246																												
754536																												
754826																												
754853		1032	182	0	262	10	0																			394	164	
754929		221	75	0	0	6	4																			278	0	
755421																												
755458																												
756343																												
756848																												
757377																												
757452																												
757779																												
758703																												
758842																												
758851																												
759045																												
759625																												
760210																												
760331																												
760340																												
760434																												
760649																												
760854																												
760939																												
760957																												
761244																												
761459																												
761543																												
761806		1113	8	128	277	96	1																			1198	158	
761833																												
761851																												
761954																												
762045																												
762447																												
762474																												
762773																												
763211																												
763677																												
763930																												
764030																												
764058																												
764067																												
764142																												
764151																												
764816																												
765318																												
765354																												
765505																												
765662																												
765877																												
766052																												
766164																												
767152																												
767246																												
767255																												
767554																												
767572																												
767611																												
767732																												
767974																												
768458																												
768476																												
768953																												
769334																												
770451																												
770545																												
770639		231	15	0	63	24	0																			175	0	
770657																												
770853																												
771047																												
771140																												
771458																												
771609		292	136	105	287	20	0																			524	268	
771748																												
771878																												
772008																												
772754																												
773032																												
773171																												
773247		4458	425	0	954	69	0																			1534	150	
773443																												
773470																												
773742																												
774132																												
774235																												
774253																												
774347																												
775054																												
775241																												
775456																												
775773																												
776369																												
776547																												
777254																												
777366																												
777441																												
777870																												
778738																												
779016																												
779351		172	330	0	198	0	1																			222	116	
779641																												
779650																												
779968																												
780049																												
780218																												
780263																												
780722																												
780955																												
782016																												
782306		523	0	0	234	70	0																			688	197	
782548																												
783161																												
783246																												
783349																												
783648		374	0	0	825	23	66																			394	0	
783844																												
783910																												
784159																												
784430																												
785147		512	343	0	459	50	0																			574	26	
785857																												
785923		1556	4	0	173	0	0																			129	109	
785950																												
786210																												
786256																												
786555																												
786612		333	0	8	87	28	12																			264	42	
786733																												
786948																												
787459																												
787842																												
788559																												
788652																												
788773																												
789051																												
790150																												
790271																												
790543																												
790703																												
790918																												
791072																												
791353																												
791821																												
791942																												
792453																												
792640																												
792659																												
794149																												
794345																												
794475																												
794653																												
795249																												
795548																												
795959																												
795968		3935	33	229	826	312	0		0																	4914	2140	
796152																												
796657																												
797140																												
797775																												
798512																												
799751																												
799854																												
799939																												
799948																												
800134																												
800442																												
800479																												
800853																												
801047																												
801056																												
801654																												
803256																												
803265																												
803649																												
803658																												
803957																												
804150																												
804338																												
804374																												
804422																												
805045																												
805250																												
805335																												
805755																												
805876																												
806846																												
806958																												
807348																												
807432																												
807656																												
808260																												
808345																												
808653																												
809070																												
809276																												
809379																												
809650																												
809771																												
810544																												
811046		1690	743	10	459	723	245																			694	21	
811457																												
811541																												
811550																												
811747																												
812436																												
812557																												
812614																												
813853																												
814074																												
814355																												
814430		74	0	0	31	68	0																			406	0	
814458																												
814476																												
814551																												
814711																												
815053																												
815147																												
815156																												
815277																												
815754																												
815772																												
816256																												
816304																												
816603		1578	183	144	1636	85	10																			3824	397	
816751																												
817477		120	0	0	53	0	20																			44	20	
817824		66715	3842	4252	32596	11305	1483		0	0	0	0	0	0	0	0	0	0	0	0	0	0	0	0		107894	30285	
818401																												
818540																												
818559																												
818652																												
819154																												
819172																												
819453																												
819556																												
820048		219	0	0	111	28	0																			255	11	
820301																												
820477																												
820842																												
820879																												
821036																												
821157																												
821559																												
821643																												
822042		382	17	0	266	27	13																			182	44	
822051																												
822275																												
822556																												
822631																												
823133																												
823142																												
823450																												
823478																												
823638																												
823656																												
824242																												
824653																												
824671																												
824738																												
825146		255	0	0	437	9	0																			499	61	
825548																												
825753																												
825847																												
825940																												
826451																												
826648																												
826956																												
827355																												
827458																												
827560																												
828110																												
828174																												
828473																												
828651		516	0	0	61	47	4																			397	122	
829041																												
829050																												
830113																												
830252																												
830355																												
830542		428	32	0	118	77	0																			197	97	
830645																												
830748																												
831008																												
831576																												
831642																												
831875																												
831941																												
832528																												
832546		305	0	0	368	0	0																			0	18	
833404																												
833749		2428	959	0	720	70	6																			0	351	
833851																												
834175																												
835079																												
835257																												
835378																												
835444																												
835613																												
835659																												
835743																												
835770																												
836656																												
837046																												
837149																												
837158																												
837354																												
837448																												
837541																												
837608																												
837653																												
837840																												
837952																												
837970																												
838155																												
839068																												
839246																												
839255																												
839572																												
839817																												
839974																												
840019																												
840251																												
840354																												
840363																												
840747																												
841472																												
841753																												
841838																												
842376																												
842460																												
842853																												
843476																												
843953																												
844053		1119	99	0	225	189	31																			803	156	
844138																												
844455																												
844567																												
845247																												
845573																												
846132																												
846945																												
847157																												
847979																												
848248																												
848453																												
849076																												
849348																												
849357																												
849432																												
850036		551	593	15	1550	112	1																			2681	0	
850054																												
850456																												
851060																												
851172																												
851239																												
851631																												
852218		79000	53000	44000	22000	608000	50000		581000																	657000	75000	
852254																												
852320		39000	0	0	1000	7000	0		0																	50000	9000	
852544																												
852704																												
852713																												
852973		1298	11	79	211	61	0																			311	230	
853251																												
853671																												
853747																												
853804																												
853934																												
853952		3187	83	35	2600	469	0																			6416	897	
854173																												
854753																												
854847																												
855143																												
855264																												
855303																												
855563																												
855741																												
855844																												
855956																												
856159																												
856243																												
856346																												
856458																												
856542																												
856748																												
856869																												
857259																												
857745																												
857811																												
857941																												
858153																												
858443																												
858452																												
858528																												
858818																												
858854																												
859002																												
859141																												
859552																												
859655																												
859712																												
860053																												
860147																												
860231																												
860259																												
860334																												
860352																												
861658																												
861854																												
862057																												
862141																												
863362																												
863607																												
863652																												
863746																												
864378																												
864471																												
864846																												
864855																												
865142																												
865151																												
865450																												
865544																												
865759																												
865852																												
866000		490	442	9	793	16	0																			881	0	
866121																												
866251																												
867070																												
867632																												
867650																												
867856																												
868059																												
868572																												
868956																												
869346																												
869551																												
869663																												
869953																												
870539																												
870650																												
870856																												
870913																												
871358																												
871648																												
871769																												
871956																												
872047																												
872579																												
873259																												
874050																												
874452																												
874845		2135	251	26	304	176	0																			0	171	
875048																												
875057																												
875132																												
875655																												
875758																												
875879																												
875936																												
876157																												
876634		1449	20	0	382	7	0																			495	68	
876700																												
877350																												
877752																												
877958																												
879439																												
879457																												
879644																												
879747																												
880332																												
880855																												
881012																												
881441																												
881478																												
881852																												
881900																												
882242																												
882541																												
882701																												
882952																												
883351																												
883959																												
884303		888	518	4	431	112	47																			699	446	
884358																												
884376																												
884442																												
884648																												
884657																												
885252																												
885430																												
885579																												
885869																												
886204																												
886624																												
887340																												
887827																												
887854																												
888002																												
888141		225	0	0	51	3	0																			134	21	
888271																												
888552																												
888833																												
890050																												
890649																												
890742																												
890957																												
891226																												
891253																												
892205																												
892223																												
893855																												
894272																												
894348																												
894544																												
894834																												
895055																												
895448																												
895710		303	293	17	410	46	79																			673	264	
896155																												
897170																												
897237																												
897451																												
897648																												
897853																												
898458		235	0	0	223	13	0																			505	0	
898579																												
898627																												
898850																												
899008																												
899343																												
899428																												
899642																												
899651																												
900034																												
900146																												
900306																												
900502																												
900678																												
901134																												
901358																												
901451																												
901938																												
901974																												
902645																												
902672																												
903240																												
903754																												
903950																												
904171																												
904359																												
904845																												
905356																												
905673																												
906241																												
906410																												
907444																												
907547																												
908450																												
908553																												
908861																												
909055																												
909756																												
910079																												
910118																												
910239																												
911160																												
911339																												
911759																												
911973																												
912756																												
913146																												
913753																												
913856		948	0	0	30	35	0																			112	3	
914545																												
914648																												
914853																												
915056																												
915065																												
915878																												
915935																												
916343																												
916745																												
916857																												
917050																												
917500																												
917555																												
917630																												
917742		6793	4500	259	3041	507	0																			3067	883	
917854																												
918132																												
918150																												
918356																												
918477																												
918655																												
918776																												
918879																												
918918																												
918954																												
919344																												
919456																												
919568																												
919773																												
920210																												
920359																												
920733																												
920854																												
920975																												
921039																												
921178		703	4	0	114	260	0																			302	148	
921655																												
921879																												
921936																												
922157																												
922344																												
922559																												
922924																												
923257																												
923350																												
923707																												
923752																												
923855																												
923949																												
924058																												
924236																												
924254																												
924357																												
924553																												
924937																												
925037																												
925055																												
925354																												
925411		0	0	0	0	18638	7212																			0	0	
925653																												
926632																												
926650																												
926959																												
927077																												
927134																												
927479																												
928056																												
928421																												
928618		650	395	342	419	133	9																			382	42	
929352		662	1754	0	1320	132	0																			3550	341	
929932																												
929978																												
930358																												
930442																												
930853																												
930965																												
931038																												
931047																												
931159																												
931207		4053	0	17	0	9	0																			262	489	
931270																												
931355																												
931458																												
931944																												
932642																												
932745																												
932978																												
933023																												
933041																												
933256		361	8249	32	4015	7287	1856																			1803	217	
933340																												
933377																												
933621		1096	5	0	99	0	45																			68	201	
933966		630	16	70	171	82	0																			2141	120	
933975		570	0	0	342	0	1																			0	0	
934271																												
934329		42000	1000	0	9000	19000	0		0																	115000	17000	
934673																												
935250																												
935308																												
935559																												
935577																												
935719																												
936136		666	334	0	252	14	33																			731	0	
936426		741	0	0	45	9	0																			214	150	
936462		1737	8	0	176	149	0																			955	46	
936583																												
936640																												
936837																												
936855		6176	225	29	2895	8296	0		90																	9391	1492	
937339																												
937553																												
937740																												
937759																												
937834																												
937843																												
938354																												
938550																												
938859																												
939249		57	20	0	152	0	0																			98	7	
940021																												
940311		0	6000	1000	0	0	0		0																	0	0	
940674																												
940731																												
940852																												
941541																												
941804																												
942454																												
942539																												
942847																												
943143																												
943152																												
943273																												
943675																												
943974																												
944047																												
944337																												
944355																												
944627																												
944739																												
944748																												
944935																												
945026																												
945053		305	64	0	404	53	0																			442	24	
945071																												
945950																												
946274																												
946555																												
947525																												
947749																												
947776																												
948250																												
948278																												
948531																												
949154		969	312	0	255	77	0																			816	25	
950141																												
950178																												
950356																												
950758																												
951102																												
952172																												
952257																												
952846																												
953535																												
953843																												
953852																												
954158																												
954251																												
954279																												
954653																												
954671																												
955753																												
955940																												
955959																												
955977																												
956134																												
956152																												
956255																												
956358																												
956376																												
956527																												
956554																												
956750																												
956938																												
956956																												
957757																												
958204		221	6	0	212	28	0																			435	9	
958231																												
958558																												
958763																												
959304																												
959443																												
959630																												
959715																												
960047																												
960551																												
960935																												
961259																												
961343																												
961400																												
961446																												
961576																												
961624																												
962313																												
962890																												
962966																												
963002																												
963730																												
963945																												
964157																												
964250																												
965051																												
965789																												
966272																												
966722																												
966731																												
966973																												
967046																												
967952																												
968070																												
968155																												
968249																												
968744																												
969059																												
969255																												
969639																												
969844																												
969956																												
970055																												
971070																												
971379																												
971959		444	1868	21	361	0	1																			535	135	
972143																												
972648																												
972732																												
972750																												
972769																												
972862																												
973252																												
974558																												
974754																												
975153																												
975256																												
975452																												
975751		9599	28	13	2396	746	177																			21078	1516	
975854																												
976534																												
976552		254	0	0	76	24	2																			379	1	
976703		28712	221	276	14442	2422	24302																			143069	18256	
976954																												
977045																												
977250																												
977616																												
977652																												
977951																												
978118																												
979133																												
979151																												
979629																												
979759																												
980438																												
980531																												
980661		1568	462	974	2	709	1883		0																	2891	576	
980773																												
980951																												
980960																												
981350																												
981453																												
982142																												
982348																												
982553																												
983158																												
983457																												
983550																												
984258																												
984351																												
984454																												
984856																												
985451																												
985479																												
986159																												
986551																												
986757																												
986935																												
987231																												
987259																												
987576																												
987651																												
987848																												
988144																												
988153																												
988256																												
988452																												
989141																												
989347																												
989730																												
989851																												
990053																												
990352																												
990642																												
991078																												
991135		258	0	1	36	6	22																			16	0	
991340		1562	1142	129	1126	106	46																			2722	185	
991555																												
991621																												
991854																												
992851																												
993250																												
994435																												
994770																												
995076																												
995272																												
995517																												
995571																												
995674																												
995955																												
996260																												
997155																												
997557																												
997847																												
998358																												
998648																												
998657																												
998844																												
999935																												
1000052																												
1000276																												
1000641																												
1000856																												
1000959																												
1001059																												
1001152																												
1001639																												
1001648																												
1001853																												
1002373																												
1002458																												
1002878		770	525	0	325	118	10																			799	341	
1002953																												
1003455																												
1003558																												
1003839																												
1003950																												
1004256																												
1004470																												
1005075																												
1005552																												
1005655																												
1005851																												
1006148																												
1006157																												
1006513		617	20	3	193	1	0																			78	0	
1006559																												
1006652																												
1007015		532	186	0	773	14	108																			1313	199	
1007051																												
1007417		222	45	0	216	40	0																			612	106	
1007734																												
1007752																												
1007819																												
1007873																												
1007930																												
1007958																												
1008076																												
1008151																												
1008209																												
1008553																												
1008674																												
1008955																												
1009242																												
1009354		0	0	0	0	0	0																			0	0	
1009756																												
1009840																												
1010015																												
1010574																												
1011432																												
1011526	2307	915	41	188	615	235	0	86																	1009	1032	204	
1011638																												
1011656																												
1011955							276																					
1012251																												
1012457																												
1013070																												
1013650																												
1013744																												
1014059																												
1014125																												
1014246																												
1014255																												
1014376																												
1014451																												
1014554																												
1014657																												
1014853																												
1015252																												
1015270																												
1015458																												
1015560																												
1015841																												
1015850																												
1016174																												
1016231																												
1016259																												
1016558																												
1016718																												
1016848																												
1016857																												
1017425																												
1017564																												
1017854																												
1017939		376	3	0	267	16	0																			756	74	
1017957																												
1018927																												
1157415																												
1160509																												
1162017																												
1163283																												
1169650																												
1176881																												
1176920																												
1187001																												
1187551																												
1188772																												
1188987																												
1190476		579	334	3	34	80	0																			1622	13	
1191352																												
1216022																												
1218446																												
1222519																												
1222948																												
1225752																												
1225761																												
1225798																												
1228034																												
1293078																												
1369870		196	9	0	275	37	0																			533	0	
1386251		1707	300	22	662	464	0																			704	513	
1387203																												
1387605																												
1391778																												
1394621																												
1394676																												
1396764																												
1397471																												
1402384																												
1404481																												
1404883																												
1414819																												
1418255																												
1435092																												
1436204		297	0	0	58	1	0																			239	1	
1443266																												
1444021		0	91258	54045	6128	0	218315		0																	135646	3430	
1445943		119	136	0	385	0	27			0	0	0	0	0	0	0	0	0	0	0	0	0	0	0		313	27	
1447639		557	30	0	176	21	1																			886	119	
1456501																												
1458608		246	287	0	127	128	0																			98	0	
1459717																												
1459735																												
1459799																												
1462986																												
1469677																												
1470150																												
1474309																												
1479470																												
1481745																												
1492817																												
1493319																												
1494482																												
1494914																												
1629903		6793	4500	259	3041	507	0																			3067	883	
1718188																												
1718469																												
1820979		2965	43	12	548	0	0																			0	243	
1836701																												
1842065																												
1863097		639	19	0	881	75	0																			2755	8	
1864197																												
1872941																												
1879016																												
1883321		3189	32	12	1236	100	0																			2140	0	
1885932																												
1890525																												
1892154																												
1893049																												
1917301		2814	25	349	578	351	1044		0																	1078	5	
1918344																												
1929247		1606	2	0	957	50	136																			2963	45	
1940747																												
1945247																												
2002222																												
2006024																												
2007991																												
2009605																												
2010722																												
2044811																												
2044820																												
2051127																												
2059990																												
2068107																												
2119773																												
2121196																												
2122997																												
2123930																												
2132941		1493	218	15	73	116	1																			2568	0	
2140348																												
2142155		654	5	0	309	248	199																			1002	229	
2163477		18259	0	0	444	47	13																			2000	5546	
2182786		0	0	0	0	0	2000		0																	0	0	
2193616																												
2209553																												
2218443																												
2232757																												
2233875																												
2236821																												
2239288																												
2262718		7366	749	158	349	680	122	147																		7435	1123	
2265456		6030	1712	630	1186	2460	7916																			26362	1053	
2297998																												
2298995																												
2304636																												
2305969																												
2316714																												
2317672																												
2325882		8580	0	0	3	0	0																			34	1099	
2328137																												
2328285		3394	0	0	209	2134	0																			45	85	
2329200																												
2332910																												
2333140																												
2337335		0	0	0	0	0	0																			0	0	
2339599																												
2339795																												
2343167																												
2344753		1757	86	0	1319	252	190																			2073	169	
2353595																												
2354985																												
2356091																												
2358769																												
2362458																												
2371816																												
2390929		1078	425	76	557	11	0																			809	45	
2391588																												
2396592																												
2396604																												
2398701																												
2451240																												
2465881																												
2467670																												
2471239																												
2482824																												
2489805																												
2490285																												
2497181																												
2502825																												
2505424																												
2505451																												
2505460																												
2508751																												
2515320																												
2529176		603	0	0	119	216	0																			441	14	
2531562																												
2531991		1470	0	0	0	0	0		0																	10	1	
2533043																												
2536633																												
2539960																												
2562137																												
2562164																												
2567123		0	0	0	0	1180	10375																			29364	0	
2568063		78	0	0	2644	0	320																			5683	0	
2576134																												
2580243																												
2594240																												
2594419																												
2596646																												
2597223		5106	0	0	14	225	0																			330	89	
2597232		1261	0	0	23	7	0																			224	0	
2598396																												
2600039		0	0	0	0	20740	815																			0	0	
2602828																												
2605566																												
2607412																												
2608754																												
2610784																												
2614344																												
2615190																												
2615220																												
2618780		753	0	0	0	0	0																			69	0	
2619714																												
2621285																												
2621940																												
2624400																												
2625724																												
2631172																												
2631846																												
2634191																												
2634351																												
2641827		112	0	0	24	0	46																			1190	0	
2643595																												
2649177																												
2651899																												
2652092																												
2654911	14737	0	28	209	1	21260	278	12558		0	0	0	0	0	0	0	0	0	0	144	0	0	144	0	22007	222	1559	
2661861																												
2666400																												
2667920		3879	0	0	15	0	43																			667	52	
2667939																												
2667957																												
2668598																												
2686211																												
2687133																												
2687487																												
2693264																												
2694681																												
2696180																												
2697963																												
2700984																												
2702764																												
2705112																												
2705895																												
2708122																												
2713920	2284	5990	0	0	167	82	0	0		0	0	0	0	0	0	0	0	0	0	0	0	0	0	0	4714	355	207	
2716088																												
2718596																												
2719810		2814	25	349	578	351	1044																			1078	5	
2723376		1933	0	0	0	140	0																			0	0	
2724766																												
2726050																												
2729677		0	3758	4	146	54110	0																			0	0	
2730431																												
2732565																												
2733263																												
2734729																												
2735137																												
2735146																												
2736219																												
2736291																												
2736451																												
2736714																												
2737980																												
2743244																												
2745426																												
2745529		967	4	0	469	52	5																			881	127	
2746245																												
2747279																												
2747466																												
2747587																												
2748502																												
2753917																												
2754222																												
2756730																												
2756909																												
2757205																												
2758613																												
2759629																												
2764212																												
2769570																												
2771694																												
2774707																												
2775151																												
2775179																												
2775692																												
2785477																												
2785646																												
2787770																												
2791085																												
2793593																												
2794732																												
2796277		1081	8	4	449	1	0																			1391	199	
2797162																												
2797210		375	99	19	251	30	142																			542	23	
2797359																												
2797724		375	99	19	251	30	142																			542	23	
2805535																												
2805928																												
2806635																												
2806840																												
2806877																												
2807173																												
2808602																												
2809373		4204	0	0	7	566	0																			0	0	
2811086																												
2815879																												
2819167																												
2819242																												
2820604																												
2823221																												
2826017		11696	96	190	4704	127	422																			25779	12956	
2833882																												
2835103																												
2836306																												
2838207																												
2839790																												
2845782		422	0	0	0	11	163																			6	0	
2847085																												
2847142																												
2849285																												
2849463																												
2849801																												
2850722																												
2855866																												
2857600																												
2858492																												
2858960																												
2860039																												
2860271																												
2861317																												
2867337																												
2869162																												
2871099																												
2871558																												
2873598		1471	0	0	284	11	48																			1009	38	
2877345																												
2877484																												
2877831																												
2880019																												
2881445		1779	0	0	4737	230	0																			8040	76	
2882983																												
2889227																												
2891622																												
2897633																												
2901558																												
2903123																												
2905761																												
2907019																												
2907439																												
2912750		1176	4	0	314	54	5																			549	212	
2913702																												
2914268		8346	116	0	2444	170	0																			0	0	
2914727																												
2915461																												
2916534																												
2916963		1061	0	0	0	132	584																			0	0	
2917184																												
2917317																												
2919898																												
2920287																												
2921622																												
2921659		3761	51232	3432	0	16164	1714																			8392	1532	
2925620																												
2925666		11301	959	562	1927	2344	375		0																	11074	1382	
2929392		186	55	0	168	50	0																			495	46	
2938198																												
2938787	2159	3379	2071	33	2462	348	0	0																	13561	6623	812	
2939001																												
2939391																												
2941068		1222	996	1	645	44	0																			1675	180	
2943615																												
2947556																												
2948058																												
2948423																												
2949970																												
2953418																												
2954059																												
2954497																												
2958972																												
2960555																												
2960788		96	0	0	0	0	0																			0	186	
2963266																												
2963275																												
2963864																												
2970657																												
2973041		300	75	0	845	3	0																			671	59	
2973386		160	0	648	16	90500	0																			0	0	
2980209																												
2989006																												
2992547																												
2997216																												
2997748																												
2998576																												
3005097																												
3010363																												
3015939		543	30	4	260	188	78																			1226	63	
3016347																												
3017081		0	17043	2777	389419	1894	6423																			302323	5001	
3019982																												
3020447																												
3022610																												
3027763																												
3029253		246	877	0	2971	0	357																			2106	2219	
3029589		233	6	0	243	0	53																			529	72	
3034257																												
3039636																												
3040418																												
3041358																												
3045383		5316	0	0	18430	0	0																			49860	301	
3049635																												
3052813																												
3066025		32562	2905	2924	56	1816	0		0	0	0	0	0	0	0	0	0	0	0	0	0	0	0	0		1908	8087	
3067929																												
3068579																												
3070545																												
3076220	597	0	0	0	0	597	0	0		0	0	0	0	0	0	0	0	0	0	0	0	0	0	0	0	0	0	
3076248																												
3076453																												
3076604																												
3089752		875	17	30	150	4	0																			386	25	
3090833																												
3103591																												
3109043																												
3109146																												
3110197																												
3116519																												
3120646																												
3120897																												
3122994																												
3125315																												
3125557																												
3128923																												
3134399																												
3134698																												
3138146																												
3139321																												
3140822		282	3	0	105	30	1																			202	46	
3141726																												
3146150																												
3148613																												
3150205																												
3150447																												
3153297																												
3158546		2343	382	0	721	74	21																			958	205	
3160978																												
3165357																												
3166699		3089	0	0	0	0	0																			0	31	
3174920																												
3180136																												
3184228																												
3185579																												
3185896																												
3187630																												
3189063																												
3194692																												
3199811																												
3202702																												
3212149																												
3212402																												
3213333																												
3214059																												
3216017																												
3216316																												
3217331																												
3217957																												
3219269		3288	0	0	2078	0	0																			2419	0	
3220863																												
3223305																												
3223408																												
3223417																												
3224302																												
3224375																												
3224478																												
3224580																												
3228908																												
3229875		2276	1247	425	1833	291	638																			5995	447	
3232204																												
3232370																												
3235410																												
3243282																												
3247589																												
3248849																												
3253834																												
3254297																												
3267738																												
3268173																												
3268249																												
3271799																												
3271986																												
3272956																												
3274709																												
3277241																												
3280625																												
3281510																												
3282012																												
3284070																												
3284397																												
3284445		435	0	0	0	3126	573																			0	1	
3284490																												
3285246																												
3285778																												
3286999																												
3287660																												
3288452																												
3290240		2353	0	19	907	3	122																			2337	86	
3293540																												
3296859																												
3297490																												
3303298		1954	142	66	274	322	302		0																	2361	362	
3303944																												
3306280																												
3306598																												
3308529																												
3308574																												
3309393																												
3309571																												
3310287		16673	0	0	0	13	4737																			48	188	
3314043																												
3314119																												
3316739																												
3317192																												
3317932																												
3320781																												
3322468																												
3325759																												
3337097																												
3340725																												
3340903																												
3341393																												
3342671																												
3344321																												
3346633																												
3347603																												
3347911																												
3348468																												
3348888																												
3349241																												
3350658																												
3350724																												
3353154																												
3354599																												
3356191																												
3357077																												
3357219																												
3357385																												
3357620		489	0	0	0	0	40																			0	0	
3358270																												
3368635																												
3368925																												
3370133																												
3370357																												
3374234																												
3374382																												
3374403																												
3374412																												
3377235																												
3378773																												
3384952																												
3385744																												
3386264																												
3386536																												
3387140																												
3388482																												
3390337																												
3391718																												
3393851																												
3394278																												
3394380																												
3397233																												
3398623																												
3401970																												
3402913																												
3404207																												
3404373																												
3404467																												
3404506																												
3404999																												
3407084																												
3408728																												
3410141																												
3411773																												
3412417																												
3419416																												
3428258																												
3429219																												
3435948																												
3437148																												
3437157																												
3437456																												
3437483																												
3438958																												
3440803																												
3445901																												
3446225																												
3446784																												
3447576																												
3447820																												
3448162																												
3448425		16	232	10	62	7	0																			40	3	
3449066																												
3451050																												
3455227																												
3459207																												
3459216																												
3463875																												
3465392																												
3466988																												
3468450																												
3470097																												
3470154																												
3470239		2141	0	0	127	55	0																			90	64	
3470930																												
3472046																												
3472859																												
3475083																												
3476192																												
3479018																												
3480069																												
3482045																												
3482111																												
3485215																												
3487433																												
3487947																												
3488579																												
3517590																												
3529315		11100	0	0	1761	579	894																			4676	985	
3531176																												
3532641																												
3537897																												
3538009																												
3545258																												
3546862																												
3547896																												
3548763																												
3555248																												
3561771																												
3567269																												
3579589																												
3588312																												
3588424																												
3591004																												
3592047																												
3593307																												
3594087																												
3595271																												
3596250																												
3597211																												
3599804																												
3603961																												
3608751																												
3610718																												
3614837																												
3614846																												
3614976																												
3617856																												
3619216																												
3623110																												
3623969																												
3626184																												
3626858																												
3629484																												
3630323																												
3633016																												
3633173																												
3635029																												
3635551																												
3636428																												
3636446																												
3636914																												
3637247																												
3637685	76	1506	0	0	57	8	0	0		3	0	0	0	0	0	0	0	0	0	0	0	3	0	0	1543	35	0	
3645840																												
3650808																												
3655933																												
3664588																												
3667132																												
3671997																												
3678857																												
3688043		566	221	0	6	0	0																			2947	29	
3688548																												
3690121																												
3690635																												
3719648																												
3720336																												
3720608		854	79	8	706	44	0																			2279	128	
3721605																												
3729124																												
3783313																												
3783948																												
3786435																												
3793714																												
3804535																												
3807880																												
3812147																												
3816154																												
3816163																												
3816190																												
3821037																												
3821626																												
3821822																												
3832127																												
3835454																												
3843392																												
3851427																												
3938186																												
3939240		1154	0	28	413	1788	0																			0	0	
3943210																												
3952904		487	4	0	81	4	0																			244	0	
4032791		5523	0	0	0	0	0																			606	258	
4125778	486	1434	0	0	0	41	0	0		0	0	0	0	0	0	0	0	0	0	0	0	0	0	0	1166	177	0	
4146830		3746	0	0	0	0	0																			395	0	
4149037		5364	686	4549	1242	47	0																			3270	1089	
4165907																												
4210227																												
4368351		428	0	0	0	0	0																			16	0	
4397164		2101	0	0	0	0	0																			2958	46	
4457536																												
4536084																												
4845861																												
5050028																												
5136959																												
5192496																												
5193989																												
5205819																												
5210989																												
5227101																												
5230790																												
5278251		0	14826	437	120	9597	4802		0																	0	0	
5303724																												
5312593																												
5313312																												
5316920																												
5332603																												
5342974																												
5349218																												
5382514																												
5397639		0	0	0	0	0	0																			0	0	
5398355																												
5398627																												
5401273																												
5412457																												
5427684																												
5435988																												
5448915																												
5472880																												
5475452																												
5479478																												
5514409																												
5518023																												
5528880																												
5538937																												
5543735																												
5561001		0	0	0	0	0	17848																			0	0	
5574430																												
5582846																												
5591633		4666	0	0	62	17	0																			1421	0	
5592340																												
5620869																												
5650923																												
5660146																												
5673191																												
5686089																												
5686324																												
5691319																												
5692473																												
5724226																												
5728916																												
5755510																												
5758436																												
5758445																												
5760439																												
5760662																												
5777549																												
5784921																												
5787418																												
5788705																												
5805228																												
5805424																												
5805442																												
5805451		0	0	0	0	74	0																			0	0	
5805479		718	0	0	0	0	159																			0	0	
5805488		2637	0	0	0	0	1513																			0	0	
5805817		0	0	0	0	0	5119																			0	0	
5807400																												
5837377																												
5839915																												
5859511		1556	134	71	977	1979	0																			1051	628	
5860740																												
5861541																												
5879201																												
5882500																												
5887420		518	13	0	68	0	43																			502	0	
5903517																												
5906497																												
5972661		0	0	0	0	0	3089																			0	0	
5975224																												
6009630																												
6053129																												
6058562																												
6060882																												
6095071																												
