"IDRSSD"	RCFD0071	RCFD0081	RCFD1773	RCFD2130	RCFD2143	RCFD2145	RCFD2150	RCFD2160	RCFD2170	RCFD2930	RCFD2948	RCFD3000	RCFD3123	RCFD3190	RCFD3200	RCFD3210	RCFD3230	RCFD3300	RCFD3545	RCFD3548	RCFD3632	RCFD3656	RCFD3838	RCFD3839	RCFD5369	RCFD6724	RCFDA130	RCFDB528	RCFDB529	RCFDB530	RCFDB989	RCFDB995	RCFDG105	RCFDJA22	RCFDJJ34	RCFN2200	RCFN6631	RCFN6636	RCON0071	RCON0081	RCON1773	RCON2130	RCON2143	RCON2145	RCON2150	RCON2160	RCON2170	RCON2200	RCON2930	RCON2948	RCON3000	RCON3123	RCON3190	RCON3200	RCON3210	RCON3230	RCON3300	RCON3545	RCON3548	RCON3632	RCON3656	RCON3838	RCON3839	RCON5369	RCON6631	RCON6636	RCON6724	RCON8678	RCONA130	RCONB528	RCONB529	RCONB530	RCONB987	RCONB989	RCONB993	RCONB995	RCONG105	RCONJA22	RCONJJ34	
	INT-BEARING BALS DUE FRM DEP INSTS	NONINTEREST-BEARING BALS&CURR&COIN	AVAILABLE-FOR-SALE SECURITIES	INVEST. IN UNCONSOLIDATED SUBS & CO.	INTANGIBLE ASSETS	PREMISES&FIXED ASSETS(INCL ROU)	OTHER REAL ESTATE OWNED	OTHER ASSETS	TOTAL ASSETS	OTHER LIABILITIES, TOTAL	TOTAL LIABILITIES	MINORITY INT. IN CONSOL. SUBSIDIARIE	ACL_AMT	OTHER BORROWED MONEY	SUBORDINATED NOTES AND DEBENTURES	TOTAL EQUITY CAPITAL	COMMON STOCK	TOT LIAB, RESERVE & CAPITAL ACCOUNTS	TOTAL TRADING ASSETS	TRADING LIABILITES	UNDIVIDED PROFITS & CAPITAL RESERVES	DIRECT INDIRECT INV IN RE	PERPETUAL PREFERRED STK&REL SURPLUS	SURPLUS	LOANS AND LEASES HELD FOR SALE	AUDIT INDICATOR	OTHER COMPONENTS OF EQUITY CAPITAL	LOANS & LEASES, NET UNEARNED INCOME	LOANS & LEASES, NET UNEARN INC&ALLOW	ACCUMULATED OTH COMPREHENSIVE INCOME	SECURS PURCHSD UDR AGRMNTS TO RESELL	SECURS SOLD UNDR AGRMNTS TO REPURCH	TOT EQT CAP INC NONCTRL MINORITY INT	Equity securities with readily deter	Held to maturity securities (ASU 201	TOTAL DEPOSITS	NON-INTEREST BEARING DEPOSITS	TOT INT BEAR DEPS IN DOM&FGN OFF	INT-BEARING BALS DUE FRM DEP INSTS	NONINTEREST-BEARING BALS&CURR&COIN	AVAILABLE-FOR-SALE SECURITIES	INVEST. IN UNCONSOLIDATED SUBS & CO.	INTANGIBLE ASSETS	PREMISES&FIXED ASSETS(INCL ROU)	OTHER REAL ESTATE OWNED	OTHER ASSETS	TOTAL ASSETS	TOTAL DEPOSITS	OTHER LIABILITIES, TOTAL	TOTAL LIABILITIES	MINORITY INT. IN CONSOL. SUBSIDIARIE	ACL_AMT	OTHER BORROWED MONEY	SUBORDINATED NOTES AND DEBENTURES	TOTAL EQUITY CAPITAL	COMMON STOCK	TOT LIAB, RESERVE & CAPITAL ACCOUNTS	TOTAL TRADING ASSETS	TRADING LIABILITES	UNDIVIDED PROFITS & CAPITAL RESERVES	DIRECT INDIRECT INV IN RE	PERPETUAL PREFERRED STK&REL SURPLUS	SURPLUS	LOANS AND LEASES HELD FOR SALE	NON-INTEREST BEARING DEPOSITS	TOT INT BEAR DEPS IN DOM&FGN OFF	AUDIT INDICATOR	FISCAL YEAR END	OTHER COMPONENTS OF EQUITY CAPITAL	LOANS & LEASES, NET UNEARNED INCOME	LOANS & LEASES, NET UNEARN INC&ALLOW	ACCUMULATED OTH COMPREHENSIVE INCOME	FEDERAL FNDS SOLD	SECURS PURCHSD UDR AGRMNTS TO RESELL	FEDERAL FNDS PURCD IN DOMESTIC OFFCS	SECURS SOLD UNDR AGRMNTS TO REPURCH	TOT EQT CAP INC NONCTRL MINORITY INT	Equity securities with readily deter	Held to maturity securities (ASU 201	
37																																							15810	1612	47217	0	0	283	0	2405	86116	72350	127	72477	0	696	0	0	13639	1200	86116	0	0	12897	0	0	3500	0	36592	35758			0	19485	18789	-3958	0	0	0	0	13639	0	0	
242																																							1590	1548	18513	0	0	477	0	573	56044	47678	84	50762	0	170	3000	0	5282	120	56044	0	0	6106	0	0	120	0	13123	34555		1231	0	30386	30216	-1064	3127	0	0	0	5282	0	0	
279																																							5509	3861	59892	0	210	12037	9271	13667	428509	331615	2560	379844	0	3440	45669	0	48665	1	428509	0	0	34475	0	0	17252	0	49582	282033			0	306645	303205	-3063	2574	0	0	0	48665	0	18283	
354																																							2465	1705	2128	0	0	4830	0	3699	123554	97583	922	110825	0	879	12320	0	12729	100	123554	0	0	-1492	0	0	14117	18437	20048	77535			0	79956	79077	4	11213	0	0	0	12729	0	0	
457																																							4767	1097	493	0	0	758	226	1406	87633	71758	278	79536	0	1059	7500	0	8097	60	87633	0	0	3107	0	0	4940	0	11830	59928			0	79786	78727	-10	146	0	0	0	8097	13	0	
505																																							20761	7385	66562	0	1685	12047	0	25593	928503	765967	10082	850049	52	8749	74000	0	78402	6480	928503	0	0	52905	0	0	18403	0	149270	616697			0	803219	794470	614	0	0	0	0	78454	0	0	
1155																																							8339	12918	80324	0	9142	8737	0	14078	557123	495201	3734	498935	0	6980	0	0	58188	1600	557123	0	0	35857	0	0	23696	737	61293	433908			0	429828	422848	-2965	0	0	0	0	58188	0	0	
1351																																							6956	5308	7379	0	0	3931	113	3090	234655	200193	1238	201431	0	1450	0	0	33224	240	234655	0	0	32630	0	0	530	0	30223	169970			0	150057	148607	-176	0	0	0	0	33224	0	59271	
1454																																							124779	27246	397986	0	0	3437	0	18467	1171608	1054914	6303	1074217	0	7645	0	0	97391	1000	1171608	0	0	135276	0	0	1214	784	371940	682974			0	606388	598743	-40099	0	0	13000	0	97391	166	0	
1669																																							25082	5697	81639	0	0	3472	0	22402	462938	408809	2524	411333	0	5810	0	0	51605	800	462938	0	0	52342	0	0	800	0	87307	321502			0	316973	311163	-2337	0	0	0	0	51605	0	13483	
1856																																							2788	1112	7805	0	98	414	0	728	43550	35030	62	37092	0	433	2000	0	6458	500	43550	0	0	292	0	0	5732	0	4476	30554			0	30038	29605	-66	0	0	0	0	6458	0	1000	
2161																																							4442	3242	82092	0	0	19230	0	21689	375922	327631	6610	343241	0	3215	5000	0	32681	1000	375922	0	0	19073	0	0	20524	0	72694	254937			0	243200	239985	-7916	5242	0	4000	0	32681	0	0	
2732																																							127506	7471	43073	0	1112	2675	0	7660	729563	601838	5138	606976	0	5748	0	0	122587	0	729563	0	0	116752	0	0	5789	0	132778	469060			0	545814	540066	46	0	0	0	0	122587	0	0	
2750																																							23	660	12832	0	0	219	0	5039	70587	57827	970	62265	0	536	2340	0	8322	109	70587	0	0	899	0	0	8000	0	7912	49915			0	52284	51748	-686	0	0	1128	0	8322	66	0	
3252																																							0	8099	238813	0	0	1909	0	6175	364135	312743	1345	314088	0	3382	0	0	50047	200	364135	0	0	49369	0	0	300	0	72742	240001			0	111021	107639	178	1500	0	0	0	50047	0	0	
3720																																							61566	7079	102385	0	0	4046	0	15032	441857	392641	3644	396285	0	2100	0	0	45572	2400	441857	0	0	37149	0	0	18600	0	107346	285295			-8580	214447	212347	-3997	225	0	0	0	45572	0	39177	
3971																																							44986	7599	218026	2476	9095	17541	0	35026	1042613	842608	11703	909811	0	13025	55500	0	132802	2	1042613	0	0	21532	0	0	118985	0	181525	661083			0	715749	702724	-7717	4230	0	0	0	132802	910	0	
4231																																							26411	1267	71824	0	0	817	0	6736	172793	148546	953	149499	0	1084	0	0	23294	500	172793	0	0	13093	0	0	12100	0	38556	109990			0	65535	64451	-2399	0	0	0	0	23294	0	1287	
5069																																							67144	1243	6448	0	0	36499	0	9457	500519	259394	6552	265946	0	10218	0	0	234573	4500	500519	0	0	225620	0	0	4129	0	38072	221322			0	388830	378612	324	0	0	0	0	234573	1116	0	
5135																																							101617	7804	99355	0	1042	6606	308	20719	668744	528787	3637	543474	0	6109	11050	0	125270	651	668744	0	0	100330	0	0	24391	0	115687	413100			0	437402	431293	-102	0	0	0	0	125270	0	0	
5210																																							44777	20561	466894	2251	72509	33308	19	171765	3211593	2475524	36791	2813292	0	23672	280000	0	398301	4798	3211593	0	0	223840	0	0	191837	28170	554725	1920799			0	2330514	2306842	-22174	260	0	3611	17366	398301	949	63288	
5461																																							15413	13209	33775	0	27	11008	0	20806	786267	670923	7682	712488	0	6917	33883	0	73779	2059	786267	0	0	82089	0	0	4241	0	258205	412718			0	482335	475418	-14610	0	0	0	0	73779	0	216611	
5751																																							0	7942	103987	0	871	1602	0	9862	338600	300046	1759	301805	0	3460	0	0	36795	600	338600	0	0	32713	0	0	8752	0	48395	251651			0	195582	192122	-5270	16004	0	0	0	36795	0	6210	
6039																																							58277	6140	54172	0	0	11486	0	9282	569937	509006	4863	513869	0	7128	0	0	56068	469	569937	0	0	24909	0	0	30568	0	167744	341262			0	405235	398107	122	28955	0	0	0	56068	0	3518	
6329																																							121431	45491	191318	0	0	45257	1522	63278	2207970	1946455	14966	2011421	0	29533	25000	0	196549	2600	2207970	0	0	162893	0	0	42400	1411	454194	1492261			0	1767794	1738261	-11344	1	0	25000	0	196549	0	0	
7009																																							287427	500	1299915	0	0	2235	0	15208	1863938	1723058	16977	1740035	0	0	0	0	123903	500	1863938	0	0	123302	0	0	552	0	203809	1519249			0	257779	257779	-451	0	0	0	0	123903	874	0	
7045																																							21231	2974	143594	0	0	1654	0	10653	319192	295363	1033	296396	0	1131	0	0	22796	100	319192	0	0	28082	0	0	2325	0	35487	259876			0	138762	137631	-7711	0	0	0	0	22796	0	1455	
7072																																							1461	7640	39634	0	6266	11952	0	21480	464860	396208	5322	419530	0	3580	18000	0	45330	0	464860	0	0	43634	0	0	4060	0	78315	317893			0	338217	334637	-2364	6226	0	0	0	45330	0	35564	
7456																																							570	3676	26388	0	0	723	0	6129	155217	128506	699	143039	0	1303	12906	0	12178	400	155217	0	0	6081	0	0	6600	0	25454	103052			0	118968	117665	-903	0	0	928	0	12178	66	0	
7634																																							17473	711	11772	0	0	373	0	1314	91656	79530	418	79948	0	1371	0	0	11708	200	91656	0	0	4452	0	0	8060	0	16878	62652			0	61384	60013	-1004	0	0	0	0	11708	0	0	
8462																																							8026	5973	89394	0	0	502	0	1824	203846	173674	808	174482	0	2119	0	0	29364	350	203846	0	0	32272	0	0	350	0	33487	140187			0	95161	93042	-3608	5085	0	0	0	29364	0	0	
8631																																							5661	1970	17189	0	0	2596	0	3804	79436	71602	793	72395	0	419	0	0	7041	500	79436	0	0	6305	0	0	800	0	23597	48005			0	46181	45762	-564	2454	0	0	0	7041	0	0	
9357																																							6547	5503	50998	1903	41460	3134	0	4854	564303	423680	12405	451085	0	3972	15000	0	113218	500	564303	0	0	56243	0	0	56160	0	149379	274301			0	452980	449008	315	0	0	0	0	113218	896	0	
9553																																							547	3107	31898	0	0	746	0	14513	240243	148645	1656	216096	0	1671	65795	0	24147	400	240243	0	0	25571	0	0	1700	0	27189	121456			0	158027	156356	-3524	0	0	0	0	24147	0	33076	
9807																																							174951	12344	392337	0	0	20895	2091	171445	2811720	2410976	24598	2476751	0	32091	0	0	334969	20000	2811720	0	0	203082	0	0	112272	0	154613	2256363			0	1935191	1903100	-385	0	0	0	41177	334969	1148	133409	
9955																																							42824	3289	53115	0	0	5251	0	5373	246634	185455	801	214169	0	2040	27913	0	32465	110	246634	0	0	30467	0	0	3023	0	46417	139038			0	128621	126581	-1135	0	10201	0	0	32465	0	0	
10250																																							4245	7462	187821	0	0	10949	0	6776	717628	658944	3646	668090	0	4545	5500	0	49538	1500	717628	0	0	25275	0	0	38500	0	149372	509572			0	437072	432527	-15737	0	0	0	0	49538	0	67848	
10849																																							4479	1699	71449	0	694	6021	0	4710	328570	292238	1307	295545	0	3329	2000	0	33025	16	328570	0	0	20620	0	0	15375	0	40243	251995			0	242847	239518	-2986	0	0	0	0	33025	0	0	
11145																																							34438	9297	125977	44	967	7317	72	18673	465668	393575	4297	416872	0	3433	19000	0	48796	1000	465668	0	0	30773	0	0	25000	0	95689	297886			0	258013	254580	-7977	14303	0	0	0	48796	0	0	
11640																																							6932	9041	103364	0	0	3710	0	23987	393355	351039	2965	354004	0	2571	0	0	39351	650	393355	0	0	3041	0	0	44095	0	88666	262373			0	248892	246321	-8435	0	0	0	0	39351	0	0	
11837																																							17212	961	68565	0	0	940	0	2460	183560	168590	497	169087	0	1235	0	0	14473	314	183560	0	0	5866	0	0	11686	0	12981	155609			0	94657	93422	-3393	0	0	0	0	14473	0	0	
12030																																							48680	11771	135802	0	0	4322	560	54581	713582	596547	8157	604704	0	12290	0	0	108878	300	713582	0	0	107833	0	0	300	0	198659	397888			0	465776	453486	445	4305	0	0	0	108878	0	75	
12142																																							13123	15645	72686	0	0	4208	165	13940	337514	311271	2754	314025	0	2267	0	0	23489	1250	337514	0	0	9401	0	0	25550	0	93821	217450			0	168686	166419	-12712	2650	0	0	0	23489	0	48678	
12311	12269857	3062477	26132431	285493	6506126	1614991	12331	7751440	224047234	3992571	199334957	419229	2537122	13578488	818099	24293048	39999	224047234	211440	328280	5142634	2531665	780000	20219878	1415054		0	149520831	146983709	-1889463	0	22405	24712277	12058	15258162	0	0	0			26132431							180595114					13578488					211440	328280						36156830	144438284							0	0	0	22405		12058		
12647																																							16710	2499	0	0	0	2893	0	6652	215689	180130	668	189648	0	1224	8850	0	26041	250	215689	0	0	8074	0	0	17717	0	64347	115783			0	124322	123098	0	0	0	0	0	26041	0	63837	
12946																																							9466	38994	470651	0	36654	65880	0	111423	3050571	2733700	22368	2776068	0	36154	20000	0	274503	1	3050571	0	0	236389	0	0	95182	8049	571056	2162644			0	2340181	2304027	-57069	0	0	0	0	274503	5427	0	
13103																																							17309	20610	287348	0	17193	30848	0	84805	3122402	2551445	43105	2658608	2331	25400	64058	0	461463	500	3122402	0	0	432779	941	0	34019	8320	380426	2171019			0	2646682	2621282	-5835	0	0	0	0	463794	15508	18238	
13251																																							12125	1890	3573	0	428	1208	0	1942	76548	67207	273	67480	0	752	0	0	9068	25	76548	0	0	5173	0	0	3975	0	14980	52227			0	55686	54934	-105	448	0	0	0	9068	0	0	
13457																																							245	12161	1829	0	522	4458	0	1645	148740	131843	725	132568	0	1891	0	0	16172	50	148740	0	0	123	0	0	16000	0	8158	123685			0	119807	117916	-1	9964	0	0	0	16172	0	0	
14155																																							12920	6319	22242	0	0	6626	0	17054	467321	408096	3300	418896	0	5041	7500	0	48425	176	467321	0	0	48033	0	0	160	0	76261	331835			0	407201	402160	56	0	0	0	0	48425	0	0	
14650																																							12777	1313	0	0	0	1978	0	2695	161524	144526	1074	145600	0	1752	0	0	15924	200	161524	0	0	11740	0	0	3984	0	24340	120186			0	129713	127961	0	10772	0	0	0	15924	0	4028	
14753																																							6572	1371	10202	0	0	68	0	961	65809	57635	277	57912	0	617	0	0	7897	300	65809	0	0	5635	0	977	1277	0	22709	34926			0	33612	32995	-292	13485	0	0	0	7897	126	29	
14865																																							80517	26273	197652	0	486	9842	0	29350	960382	849933	8669	858602	0	6833	0	0	101780	730	960382	0	0	90374	0	0	11532	0	250295	599638			0	619482	612649	-856	0	0	0	0	101780	0	3613	
14977																																							5961	445	6304	0	18	2129	0	1353	66056	53918	455	54373	0	682	0	0	11683	0	66056	0	0	11662	0	0	0	0	13581	40337			0	50347	49665	21	181	0	0	0	11683	0	0	
16551																																							11120	6026	56142	0	4325	9774	0	11700	470056	391489	1558	420547	0	4879	27500	0	49509	175	470056	0	0	21340	0	0	30325	500	105897	285592			0	356181	351302	-2331	0	0	0	0	49509	0	19167	
17110																																							23506	1752	0	0	0	7867	0	4261	174139	118473	19336	137809	0	279	0	0	36330	300	174139	0	0	29044	0	0	6986	0	0	118473			0	113124	112845	0	0	0	0	0	36330	21308	2600	
17147																																							196300	84158	1407102	0	735546	138394	658	683060	19011326	15336558	255369	16542290	0	195597	806608	0	2469036	10871	19011326	0	0	898603	178380	125	1687684	20079	2178965	13157593			0	13791707	13596110	-128247	0	0	40000	103755	2469036	0	1971539	
17259																																							1331	1151	12726	0	0	1243	0	2602	70196	64030	1454	65484	0	1061	0	0	4712	769	70196	0	0	3934	0	0	769	0	18872	45158			0	51659	50598	-760	0	0	0	0	4712	0	545	
17950																																							106	7352	395785	0	4292	7779	0	16311	798812	703468	3404	730172	0	5488	23300	0	68640	725	798812	0	0	50479	0	0	32837	0	161522	541946			0	372508	367020	-15401	0	0	0	0	68640	167	0	
17978																																							19501	2280	0	0	0	5232	211	2633	318795	182524	895	183419	0	1495	0	0	135376	0	318795	0	0	135376	0	0	0	0	3049	179475			0	174284	172789	0	9348	0	0	0	135376	0	106801	
18050																																							96572	14814	311951	0	0	12020	0	19912	1100844	999125	6370	1005495	0	7561	0	0	95349	1214	1100844	0	0	91022	0	0	34671	1	322739	676386			0	653135	645574	-31558	0	0	0	0	95349	0	0	
18827																																							159351	32209	387089	4345	43624	36053	510	103808	2928928	2539721	22108	2634124	0	22486	72295	0	294804	693	2928928	0	0	135048	0	0	162569	0	503334	2036387			0	2184270	2161784	-3506	0	0	0	0	294804	155	0	
18836																																							10496	2219	35468	0	0	6874	0	8890	236765	211644	2984	214628	0	1987	0	0	22137	180	236765	0	0	21007	0	0	1676	0	59279	152365			0	174793	172806	-726	12	0	0	0	22137	0	0	
18854																																							217201	37891	54019	0	10949	21884	461	31122	1962629	1700873	11812	1712685	0	19407	0	0	249944	40	1962629	0	0	238252	0	0	14198	2078	341456	1359417			0	1606431	1587024	-2546	0	0	0	0	249944	0	0	
19356																																							1180	9088	13106	0	772	1307	257	5415	152189	131245	764	140071	0	1842	8062	0	12118	2025	152189	0	0	5022	0	0	6200	0	21754	109491			0	122625	120783	-1129	281	0	0	0	12118	0	0	
19936																																							115745	2770	108498	0	0	3879	136	12832	504882	450169	3077	458312	0	4030	5066	0	46570	420	504882	0	0	36003	0	0	14166	0	107294	342875			0	264535	260505	-4019	0	0	0	0	46570	0	517	
19972																																							24544	2120	0	0	0	347	0	8113	120160	94070	1342	95412	0	505	0	0	24748	0	120160	0	0	24748	0	0	0	0	85	93985			0	58371	57866	0	0	0	0	0	24748	1244	25926	
20053																																							3941	3649	4218	0	0	411	0	3432	231630	196238	971	204209	0	1892	7000	0	27421	150	231630	0	0	21340	0	0	6053	0	35757	160481			0	207245	205353	-122	10626	0	0	0	27421	0	0	
20633																																							7621	3585	75858	0	0	5319	315	18692	362670	295240	2262	321658	0	2706	24156	0	41012	1106	362670	0	0	39988	0	0	2816	0	45899	249341			0	252689	249983	-2898	616	0	0	0	41012	681	0	
20857																																							14035	3848	94929	0	5304	14525	900	11115	705168	620667	3410	650281	0	2484	6044	0	54887	200	705168	0	0	14173	0	0	45893	238	103973	516694			0	467767	465283	-5379	0	0	19000	1160	54887	66	94925	
21256																																							929	279	1202	0	0	133	0	550	8494	7595	9	7604	0	106	0	0	890	105	8494	0	0	80	0	0	695	0	3474	4121			0	5507	5401	10	0	0	0	0	890	0	0	
21359																																							9735	5541	19978	0	0	334	0	1613	80812	73206	344	73550	0	520	0	0	7262	550	80812	0	0	3210	0	0	4850	0	21155	52051			0	43891	43371	-1348	0	0	0	0	7262	0	240	
21658																																							3109	5199	43785	0	0	1495	0	7840	257977	209851	1828	233759	0	2301	22080	0	24218	100	257977	0	0	21100	0	0	4157	0	26127	183724			0	198485	196184	-1139	277	0	0	0	24218	88	0	
22048																																							10241	6845	46456	0	0	4310	10	10807	342950	309085	3509	313009	0	4440	415	0	29941	1000	342950	0	0	27140	0	0	6650	0	54345	254740			0	268721	264281	-4849	0	0	0	0	29941	0	0	
22543																																							40851	1970	11183	0	3382	23428	0	4623	413185	374166	2267	376433	0	2706	0	0	36752	602	413185	0	0	22355	0	0	13762	1190	119324	254842			0	309750	307044	33	19426	0	0	0	36752	88	0	
22552																																							532	2361	12563	0	0	2155	0	3466	155122	117179	356	143558	0	1200	1123	0	11564	100	155122	0	0	3608	0	0	8900	0	31567	85612			0	132962	131762	-1044	0	0	24900	0	11564	74	2209	
22730																																							5312	4355	134707	0	0	2821	0	8256	300839	271360	2353	281739	0	1743	149	0	19100	250	300839	0	0	24852	0	0	300	0	93038	178322			0	146921	145178	-6302	210	0	0	7877	19100	0	0	
23456																																							14656	5109	82130	0	4027	6210	348	8490	417636	382160	2176	384893	0	3186	557	0	32743	126	417636	0	0	37143	0	0	2512	370	42378	339782			0	297659	294473	-7038	1335	0	0	0	32743	0	488	
23504																																							2270449	80218	797485	0	156748	74131	0	593862	15332384	12949436	101950	13686828	119	97372	560400	0	1645437	1	15332384	75042	75042	692721	0	0	992844	1989	4070322	8879114			-8661	10758208	10660836	-31468	0	0	0	0	1645556	2723	618901	
23643																																							5738	2638	102495	0	0	2784	72	14416	375073	339067	1120	350237	0	2821	10050	0	24836	200	375073	0	0	35464	0	0	4800	0	66300	272767			0	249751	246930	-15628	0	0	0	0	24836	0	0	
23755																																							17928	1778	28356	0	1027	4908	0	11054	319072	287017	4402	293765	0	2209	2346	0	25307	110	319072	0	0	26051	0	0	4615	0	58995	228022			0	219696	217487	-5469	1166	0	0	0	25307	0	35368	
24378																																							6193	798	2082	0	0	1278	0	1092	78672	63766	350	70116	0	348	6000	0	8556	0	78672	0	0	8679	0	0	0	0	11964	51802			0	55277	54929	-123	719	0	0	0	8556	0	11581	
24659																																							3478	3123	31888	0	810	638	0	1113	113586	101054	413	101467	0	598	0	0	12119	50	113586	0	0	3924	0	0	7950	0	33150	67904			0	57767	57169	195	4497	0	0	0	12119	13	10857	
24949																																							64846	6545	80121	0	697	4009	0	16682	587481	509885	5110	523745	0	5417	8750	0	63736	1800	587481	0	0	28438	0	0	33223	1626	110217	399668			0	300419	295002	275	0	0	0	0	63736	0	117953	
25357																																							6516	7737	73634	0	0	6156	600	10187	593707	528402	1721	530123	0	4833	0	0	63584	1957	593707	0	0	11969	546	0	49558	0	60450	467952			0	467227	462394	100	3444	0	0	0	63584	0	22493	
25647																																							71193	3744	20786	0	0	6745	0	5383	392141	307549	2877	352426	0	3433	42000	0	39715	12	392141	0	0	9619	0	0	30829	0	51790	255759			0	287723	284290	-745	0	0	0	0	39715	0	0	
26765																																							810230	33800	154516	0	3454	63294	1670	115118	4936269	4456318	53594	4509912	0	49725	0	0	426357	2360	4936269	0	0	129098	0	0	309537	923	1159754	3296564			0	3797854	3748129	-14638	0	0	0	0	426357	0	5135	
27070																																							3432	8621	162416	0	16550	16183	0	50789	979247	748154	4814	844801	0	8461	90750	0	134446	0	979247	0	0	142513	0	0	0	0	73274	674880			0	729717	721256	-8067	0	0	1083	0	134446	0	0	
27614																																							20100	7961	256327	0	2654	7028	0	19708	586992	546067	3629	549696	0	1577	0	0	37296	1515	586992	0	0	47896	0	0	11139	0	144216	401851			0	274791	273214	-23254	0	0	0	0	37296	0	0	
27847																																							2624	8955	146302	0	0	12792	937	32030	932050	818377	5595	850972	0	7573	27000	0	81078	430	932050	0	0	86131	0	0	7982	0	153243	665134			0	735983	728410	-13465	0	0	0	0	81078	0	0	
28013																																							151900	12051	1412419	0	90	45727	0	282663	5752016	4048613	32108	5027722	108	38144	941956	0	724186	0	5752016	20198	5045	279857	0	0	460277	0	777184	3271429			-11728	3856773	3818629	-4220	0	0	0	0	724294	0	8339	
28152																																							8751	9004	31468	0	0	1174	1062	6202	234948	215233	1678	216911	0	2122	0	0	18037	105	234948	0	0	8210	0	0	12500	273	51121	164112			0	158574	156452	-2778	1926	0	0	0	18037	0	18636	
28675																																							896	3090	147003	0	401	1577	0	4299	328797	272923	1159	298082	0	1708	24000	0	30715	0	328797	0	0	32111	0	0	0	0	12304	260619			0	173133	171425	-1396	0	0	0	0	30715	106	0	
28732																																							20174	2979	22416	0	0	3368	0	2612	171602	146842	1731	148573	0	1567	0	0	23029	250	171602	0	0	23130	0	0	307	0	50045	96797			0	114263	112696	-658	1795	0	0	0	23029	0	5562	
29476																																							1909	1972	13631	0	199	4807	0	6523	161941	139058	891	142949	0	1816	3000	0	18992	0	161941	0	0	13159	0	0	6069	0	14656	124402			-43	125776	123960	-193	8600	0	0	0	18992	0	340	
29636																																							50989	17131	151708	0	13112	28316	1839	62937	1512484	1337629	25766	1437618	0	8945	0	0	74866	1	1512484	0	0	17035	0	0	124806	755	285005	1052624			0	841607	832662	-66976	0	0	0	74223	74866	710	352325	
29878																																							143207	6225	48905	0	0	34941	4496	25017	2199882	1403765	35518	1439283	0	18416	0	0	760599	0	2199882	0	0	765469	0	0	0	0	59095	1344670			0	1955507	1937091	-4870	0	0	0	0	760599	0	0	
30052																																							4802	810	7679	0	3007	1971	0	478	54940	42581	783	44364	0	438	1000	0	10576	1000	54940	0	0	1455	0	0	8140	0	12717	29864			0	35129	34691	-19	1502	0	0	0	10576	0	0	
31134																																							46843	3281	24898	0	0	4774	0	3106	226527	182979	1914	184893	0	1931	0	0	41634	200	226527	0	0	42267	0	0	250	0	50360	132619			0	145556	143625	-1083	0	0	0	0	41634	0	0	
31255																																							61965	7023	199573	0	933	6272	1900	32728	1318887	1180647	14379	1195026	0	10052	0	0	123861	2989	1318887	0	0	95969	0	0	31311	0	416878	763769			0	1018545	1008493	-6408	0	0	0	0	123861	0	0	
31657																																							0	3495	0	0	0	1307	0	6179	184266	156446	111	156557	0	1043	0	0	27709	60	184266	0	0	25439	0	0	2210	0	41024	115422			0	69267	68224	0	5632	0	0	0	27709	0	99429	
31826																																							55850	11869	33063	0	905	9444	0	13341	517608	464324	5030	469354	0	5032	0	0	48254	800	517608	0	0	48058	0	0	800	0	117729	346595			0	398168	393136	-1404	0	0	0	0	48254	0	0	
31835																																							27444	1649	42149	0	0	2247	24	18755	192039	159132	4119	163251	437	2347	0	0	28351	461	192039	0	0	9548	0	0	19550	0	85045	74087			0	95292	92945	-1208	3844	0	0	0	28788	772	2210	
32234																																							4477	6053	42000	0	4534	5073	0	24261	386400	371448	5051	385489	0	1188	0	0	911	332	386400	0	0	5169	0	0	28061	0	34399	337049			0	143180	141992	-32651	0	0	8990	0	911	0	158010	
32766																																							124540	1126	0	0	1640	3941	0	2395	383994	309655	1078	329733	0	2904	19000	0	54261	320	383994	0	0	12669	0	0	41272	0	38497	271158			0	253145	250241	0	111	0	0	0	54261	0	0	
32971																																							19700	3257	28101	0	294	14070	0	17149	458092	393672	6457	417629	0	3253	17500	0	40463	0	458092	0	0	43756	0	0	0	441	59900	333772			0	378267	375014	-3293	0	0	0	0	40463	66	0	
33147																																							31182	5790	38661	0	0	6323	112	19886	586303	534263	3300	540063	0	5749	2500	0	46240	0	586303	0	0	38304	0	0	13611	0	94322	439941			0	465098	459349	-5675	25000	0	0	0	46240	0	0	
33259																																							113551	2624	143288	1060	0	16185	0	28173	1146708	992941	6482	1035423	0	11930	36000	0	111285	919	1146708	0	0	47097	0	0	66581	0	217843	775098			0	852355	840425	-3312	0	0	0	0	111285	0	1402	
33370																																							4383	379	0	0	0	258	0	588	26685	19154	305	23604	0	154	4145	0	3081	0	26685	0	0	3081	0	0	0	0	298	18856			0	21221	21067	0	0	0	0	0	3081	0	10	
33839																																							10715	802	14912	0	0	227	0	422	46921	41204	187	41613	0	112	222	0	5308	200	46921	0	0	4521	0	0	550	0	6895	34309			0	19955	19843	37	0	0	0	0	5308	0	0	
33857																																							10003	3488	83597	0	15213	10252	17	19739	1431193	1134415	15307	1290857	0	14510	141135	0	140336	200	1431193	0	0	67365	0	0	81050	1150	152812	981603			0	1302244	1287734	-8279	0	0	0	0	140336	0	0	
34537																																							167778	191331	5164567	60157	1232328	216403	4250	684621	20830874	16264595	208574	17794031	104	178803	835000	0	3036739	56793	20830874	0	0	307932	0	0	2749209	16297	3905994	12358601			0	12627984	12449181	-77195	43860	0	0	485862	3036843	13923	586178	
34555																																							7226	4537	139411	0	1150	5476	0	17451	404054	359806	3052	366116	0	3248	3258	0	37938	400	404054	0	0	36356	0	0	1900	0	79372	280434			0	217051	213803	-718	15000	0	0	0	37938	0	0	
34742																																							11245	5515	78985	7204	570	16435	358	20535	742792	657470	6318	676413	0	5998	11000	0	66379	1	742792	0	0	50254	0	0	17526	2497	93069	564401			0	602448	596450	-1402	0	0	1625	0	66379	0	2998	
35057																																							22825	6090	16595	0	1092	6844	815	9397	267251	244371	1103	245474	0	2508	0	0	21777	500	267251	0	0	15266	0	0	6361	1660	61176	183195			0	204362	201854	-350	0	0	0	0	21777	79	0	
35301	126523000	4303000	66710000	995000	8801000	3259000	0	53970000	360681000	27965000	331762000	0	193000	17088000	524000	28919000	30000	360681000	4361000	4762000	16401000	0	0	13303000	92000		0	46871000	46678000	-815000	6812000	841000	28919000	6000	38171000	73910000	2712000	71198000			45688000							206672000					17017000					1206000	2398000						32812000	173860000							0	4450000	0	841000		6000		
35646																																							5495	6294	25607	0	0	234	0	4871	128044	109961	1266	111227	0	727	0	0	16817	250	128044	0	0	15389	0	0	1900	0	24527	85434			0	86270	85543	-722	0	0	0	0	16817	0	0	
35879																																							4521	1252	22289	0	390	2346	0	13763	270520	217878	1677	258400	0	1143	38845	0	12120	1	270520	0	0	12783	0	0	4919	0	7743	210135			-474	190670	189527	-5109	0	0	0	0	12120	0	36432	
36933																																							21721	7058	51863	0	0	8232	222	10492	513050	451813	4042	469855	0	5503	14000	0	43195	675	513050	0	0	33230	0	0	15002	0	42452	409361			0	418116	412613	-5712	349	0	0	0	43195	0	500	
37051																																							11355	739	1912	0	4436	1989	0	2117	148048	116397	427	131824	0	1317	15000	0	16224	100	148048	0	0	4316	0	0	11933	0	6811	109586			0	126790	125473	-125	0	0	0	0	16224	27	0	
37341																																							15	1624	6169	0	0	778	0	2658	81565	68145	560	70705	0	1076	2000	0	10860	148	81565	0	0	10105	0	0	752	0	14672	53473			0	66488	65412	-145	4891	0	0	0	10860	18	0	
37435																																							610494	64147	638786	0	5532	20775	36	27780	2331428	2070938	22170	2093108	0	18401	0	0	238320	1000	2331428	0	0	191909	0	0	60028	1390	740349	1330589			0	929793	911392	-14617	0	0	0	0	238320	0	51096	
37640																																							46409	71424	1653744	0	413804	138953	68	247308	8376930	7048051	63341	7257382	0	77694	102137	0	1119548	6747	8376930	0	0	368676	0	0	908753	7817	1947862	5100189			0	5875097	5797403	-164628	0	0	0	43853	1119548	0	0	
37659																																							200	1707	136	0	0	498	0	2421	54394	46152	866	47018	0	580	0	0	7376	400	54394	0	0	6374	0	0	600	0	13525	32627			0	40911	40331	2	3903	0	0	0	7376	0	5198	
37949																																							11668	1756	137563	0	443	657	0	11017	268215	221147	533	241055	0	1954	3000	0	27160	660	268215	0	0	22230	0	0	7936	0	31832	189315			0	107065	105111	-3666	0	0	0	16375	27160	0	0	
38740																																							16458	4364	78743	0	0	6749	0	16023	389086	313816	1829	362880	0	3417	47235	0	26206	900	389086	0	0	18382	0	0	14250	110	39248	274568			0	270056	266639	-7326	0	0	0	0	26206	0	0	
39327																																							60971	5740	198823	0	0	16110	0	34985	986161	854126	5452	859578	0	4998	0	0	126583	8	986161	0	0	110201	0	0	20994	0	234695	619431			0	661363	656365	-4620	0	0	0	0	126583	0	13167	
40033																																							4636	911	18246	0	0	2123	0	5160	51352	42417	790	43207	0	785	0	0	8145	89	51352	0	0	3836	0	0	4766	0	14444	27973			0	21061	20276	-546	0	0	0	0	8145	0	0	
40855																																							18363	2823	9533	0	200	2815	476	2455	196122	167131	1298	177760	0	1698	9331	0	18362	130	196122	0	0	8454	0	0	9870	0	14459	152672			0	158466	156768	-92	2689	0	0	0	18362	0	0	
41553																																							9887	2967	67020	0	0	464	0	3587	146478	137174	706	137880	0	910	0	0	8598	800	146478	0	0	12883	0	0	2500	0	14102	123072			0	38197	37287	-7585	11252	0	0	0	8598	0	14014	
41629																																							9945	2917	44051	0	0	3293	0	5794	354220	283317	1909	315226	0	2544	30000	0	38994	2107	354220	0	0	37331	0	0	422	0	93418	189899			0	290247	287703	-866	517	0	0	0	38994	0	0	
41825																																							23975	6732	53681	0	1657	11438	0	19790	1128814	985198	9294	1027562	0	9842	33000	0	101252	0	1128814	118	70	47475	0	0	58919	3935	266830	718368			0	930855	921013	-5142	0	0	0	0	101252	0	86475	
42037																																							5655	1002	22361	0	0	1062	439	4150	97056	85400	646	86046	0	792	0	0	11010	5	97056	0	0	10717	0	0	2000	0	49139	36261			0	53459	52667	-1712	9720	0	0	0	11010	0	0	
42354																																							1464	6802	38996	0	254	11250	55	11279	374194	310272	523	340795	0	3554	30000	0	33399	150	374194	0	0	37524	0	0	710	0	84217	226055			0	307648	304094	-4985	0	0	0	0	33399	0	0	
42372																																							30741	1873	77502	0	0	4733	0	14376	477003	383079	2926	396005	0	3638	10000	0	80998	0	477003	0	0	84119	0	0	0	0	37250	345829			0	351416	347778	-3121	0	0	0	0	80998	0	0	
42420																																							71213	103263	1013528	0	395086	111192	990	443038	12311455	10343364	127227	10801313	0	125768	258276	49480	1510142	38971	12311455	0	0	690349	0	0	845861	271452	2465166	7878198			0	9508039	9382271	-65039	0	0	0	22966	1510142	0	519422	
42448																																							162955	12665	179344	0	22349	114261	65	59339	2552325	2115911	11998	2263684	0	30963	135775	0	288641	1200	2552325	0	0	198534	0	0	95801	0	249109	1866802			0	2032310	2001347	-6894	0	0	0	0	288641	0	0	
42457																																							1125	341	7720	0	0	69	0	1550	60314	52101	75	52576	0	471	400	0	7738	500	60314	0	0	2682	0	0	5500	0	8706	43395			0	42553	42082	-944	0	0	0	0	7738	0	7427	
43052																																							14239	2150	29494	0	0	317	0	8180	139235	109031	968	111449	0	1560	1450	0	27786	50	139235	0	0	26320	0	0	2010	0	24632	84399			0	85221	83661	-594	1194	0	0	0	27786	0	0	
43351																																							137022	14561	2602	0	4097	16236	884	9158	661342	585391	2174	598500	0	11503	10935	0	62842	50	661342	0	0	4908	0	0	57955	0	115553	469838			0	488269	476766	-71	0	0	0	0	62842	16	0	
43856																																							13585	1892	10784	0	0	1178	0	3898	99466	87705	673	90378	0	714	2000	0	9088	150	99466	0	0	8853	0	0	150	0	19878	67827			0	66290	65576	-65	0	0	0	0	9088	0	2553	
43959																																							31719	2281	86376	0	0	2125	0	11653	260842	214710	1301	240011	0	1303	24000	0	20831	1000	260842	0	0	24197	0	0	5000	0	56656	158054			0	127991	126688	-9366	0	0	0	0	20831	0	0	
44040																																							11091	1442	148278	0	0	789	89	16202	417714	367022	1552	370574	0	4718	2000	0	47140	200	417714	0	0	55745	0	0	200	0	59605	307417			0	244365	239647	-9005	176	0	0	0	47140	0	0	
44433																																							141740	1643	584375	0	6	11833	0	30007	1610849	1389941	16631	1466572	0	13400	60000	0	144277	162374	1610849	0	0	-37312	0	15000	9528	0	83193	1306748			-1	854645	841245	-5312	0	0	0	0	144277	0	0	
44741																																							33432	5018	182998	0	677	12951	0	6934	696309	627356	2790	630146	0	5941	0	0	66163	1500	696309	0	0	58601	0	0	8500	0	129190	498166			0	460014	454073	-2438	0	0	0	0	66163	226	0	
44750																																							11677	3288	42470	0	0	3129	5702	11924	240709	194690	1712	226502	0	2092	30100	0	14207	62	240709	0	0	19070	0	0	1670	0	20341	174349			0	164611	162519	-6595	0	0	0	0	14207	0	0	
44929																																							20352	3141	55760	0	6075	2436	0	4816	202829	179765	1382	181147	0	1221	0	0	21682	855	202829	0	0	11778	0	0	9671	0	47624	132141			0	110337	109116	-622	1133	0	0	0	21682	0	0	
45056																																							10431	2817	28145	0	0	162	0	2039	104961	88390	1519	91774	0	720	1865	0	13187	200	104961	0	0	12136	0	0	1800	0	20125	68265			0	54706	53986	-949	0	0	0	0	13187	0	7381	
45458																																							1784	3529	74216	1231	633	4995	0	9753	271367	218032	1882	247410	0	1924	25975	0	23957	200	271367	0	0	14749	0	0	16190	0	53418	164614			0	176650	174726	-7182	0	0	1521	0	23957	0	500	
45551																																							9200	47263	183189	0	6522	27210	0	51643	1348151	1158664	10746	1219410	0	12101	50000	0	128741	2100	1348151	0	0	119575	0	0	18433	10047	197290	961374			0	1025178	1013077	-11367	0	0	0	0	128741	0	0	
45560																																							339154	38150	476944	0	2011	137409	0	76178	2993110	2723590	31660	2755250	0	15638	0	0	237860	22000	2993110	0	0	188717	0	0	59801	5709	926889	1796701			0	1897877	1882239	-32658	0	0	0	0	237860	3561	31755	
45775																																							9980	1060	25475	0	0	2543	0	7446	211724	183361	3536	194986	0	944	8089	0	16738	0	211724	0	0	19307	0	0	0	0	25794	157567			0	166164	165220	-2569	0	0	0	0	16738	0	0	
46053																																							6326	3668	72794	0	711	7252	0	12043	316165	285129	4080	294209	0	3261	5000	0	21956	1000	316165	0	0	13830	0	0	14000	257	81121	204008			0	177569	174308	-6874	1953	0	0	0	21956	100	36753	
46941																																							5	7813	41349	0	0	1577	0	7781	241172	213605	938	223927	0	2174	6359	0	17245	300	241172	0	0	19791	0	0	1700	0	43405	170200			0	182961	180787	-4546	0	0	3025	0	17245	0	1860	
47247																																							96895	35473	27128	0	29478	13651	542	52833	1432696	1230330	13458	1317225	0	11516	73000	0	115471	3000	1432696	393	437	41923	0	0	72500	92373	600919	629411			0	1091045	1079529	-1952	3569	0	0	0	115471	0	832	
47500																																							51011	2935	49946	0	175	9267	0	25583	620413	462768	2417	548726	0	4081	83541	0	71687	0	620413	0	0	76829	0	0	0	0	68030	394738			0	478596	474515	-5142	0	0	0	0	71687	6981	0	
48374																																							58443	13048	100929	0	22629	18956	3311	85518	1896697	1600921	24879	1675125	0	16589	49000	0	221572	705	1896697	0	0	145321	0	0	83846	1847	246017	1354904			0	1607061	1590472	-8300	1087	0	0	325	221572	457	0	
48440																																							3382	4616	56065	0	596	3404	0	7970	231615	200018	1762	212930	0	1668	11150	0	18685	95	231615	0	0	19097	0	0	2612	104	50744	149274			0	157146	155478	-3119	0	0	0	0	18685	0	0	
49054																																							5419	1664	25104	0	130	592	0	4085	229767	165086	1333	201047	0	3328	34628	0	28720	25	229767	0	0	3701	0	0	27150	0	12487	152599			0	196101	192773	-2156	0	0	0	0	28720	0	0	
49148																																							11020	3067	55173	0	0	1070	0	3342	130210	114682	1862	116544	0	649	0	0	13666	200	130210	0	0	17578	0	0	1800	0	28159	86523			0	57187	56538	-5912	0	0	0	0	13666	0	0	
49241																																							62644	19597	112951	0	7437	39923	1549	67975	1485190	1276446	19973	1296419	0	13806	0	0	188771	0	1485190	0	0	18297	0	0	177844	0	210520	1065926			0	1158056	1144250	-7370	0	0	0	0	188771	0	28864	
49652																																							2353	1747	37195	0	0	766	580	9518	151957	113722	1943	132908	0	3065	16268	0	19049	120	151957	0	0	16098	0	0	4001	0	31112	82610			0	102863	99798	-1170	0	0	975	0	19049	0	0	
49858																																							14843	5748	16869	0	3480	6292	0	5863	167747	135464	1363	136827	0	1445	0	0	30920	922	167747	0	0	18939	0	0	10925	0	50007	85457			0	116097	114652	134	0	0	0	0	30920	0	0	
49951																																							1	4808	18260	0	4568	3355	231	8401	285123	247524	2194	263241	0	2319	10709	0	21882	20267	285123	0	0	3196	0	0	0	0	19059	228465			0	247193	244874	-1581	625	0	2814	0	21882	0	0	
50461																																							13085	423	0	0	0	603	3088	2933	97625	55334	1281	56615	0	5895	0	0	41010	4286	97625	0	0	36684	0	0	40	0	20566	34768			0	78388	72493	0	5000	0	0	0	41010	0	0	
51253																																							60593	10928	29327	0	11315	37759	4590	25941	1374320	1064007	12897	1170904	0	11443	94000	0	203416	700	1374320	0	0	166637	0	0	35959	0	168621	895386			0	1205310	1193867	120	0	0	0	0	203416	0	0	
51356																																							11520	1962	18044	0	0	191	0	394	65420	48928	111	49039	0	215	0	0	16381	370	65420	0	0	14982	0	0	1020	0	10036	38892			0	13110	12895	9	20414	0	0	0	16381	0	0	
51459																																							1572	5786	141829	0	1352	2336	0	13199	320575	293470	2070	295540	0	1620	0	0	25035	200	320575	0	0	24657	0	0	6400	0	70061	223409			0	156055	154435	-6222	0	0	0	0	25035	66	0	
51842																																							7100	11008	71347	0	8184	9630	0	14010	683303	582235	5606	598841	0	11929	11000	0	84462	250	683303	0	0	85726	0	0	5058	0	111564	470671			0	573941	562012	-6572	0	0	0	0	84462	12	0	
52719																																							3806619	1522	0	0	55940	11839	0	107216	3983136	0	3013486	3013486	0	0	0	0	969650	1850	3983136	0	0	756254	0	150000	61546	0	0	0			0	0	0	0	0	0	0	0	969650	0	0	
52951																																							7660	7347	166793	0	0	3666	68	7749	394838	319858	1151	352509	0	3213	31500	0	42329	300	394838	0	0	41743	0	0	1450	0	117653	202205			0	195531	192318	-1164	9237	0	0	0	42329	0	0	
53051																																							17499	1521	0	0	0	566	0	605	134613	110703	177	110880	0	700	0	0	23733	1000	134613	0	0	17733	0	0	5000	0	39151	71552			0	82796	82096	0	0	0	0	0	23733	0	32326	
54058																																							0	12143	109086	0	4839	3754	0	10475	639380	566871	1798	573669	0	6507	5000	0	65711	1000	639380	0	0	56905	0	0	12884	0	73968	492903	6		0	477728	471221	-5078	27862	0	0	0	65711	0	0	
54973																																							286993	112962	755884	0	6579	191788	0	493014	8979486	8180399	129211	8309610	0	57557	0	0	669876	9	8979486	0	0	446178	0	5	359704	4723	2541377	5639022			0	6083247	6025690	-136020	0	0	0	0	669876	0	1101853	
55336																																							16264	5855	109983	0	0	16332	0	9744	651699	576557	4085	582972	0	4874	2330	0	68727	2044	651699	0	0	47675	0	0	24956	0	137589	438968			0	496970	492096	-5948	1425	0	0	0	68727	0	0	
55635																																							14299	1243	6829	0	0	142	846	2693	183222	164799	1021	165820	0	1735	0	0	17402	2737	183222	0	0	1856	0	0	12982	0	24371	140428			0	158905	157170	-173	0	0	0	0	17402	0	0	
55970																																							39468	3498	49536	0	38	22117	0	25196	617248	535055	2702	537957	0	6787	200	0	79291	0	617248	0	0	80245	0	0	0	127	46318	488737			0	484055	477268	-954	0	0	0	0	79291	0	0	
56258																																							306	4173	130954	0	0	8234	0	7532	322185	293543	1577	306095	0	2178	10975	0	16090	3000	322185	0	0	9944	0	0	14250	0	66751	226792			0	164814	162636	-11104	8350	0	0	0	16090	0	0	
56351																																							774632	59944	358393	0	34243	101213	1179	123299	4444588	3901425	37109	3938534	0	34105	0	0	506054	5400	4444588	0	0	277383	0	0	231036	1468	1117854	2783571			0	2763770	2729665	-7765	0	0	0	0	506054	0	260552	
56548																																							7142	3690	110840	0	1914	14147	0	22418	826686	576681	8438	739119	0	7649	154000	0	87567	180	826686	0	0	48147	0	0	42730	475	60847	515834			0	673100	665451	-3490	540	0	0	0	87567	69	0	
56717																																							46567	6627	228309	580	655	18270	224	50163	1162379	980758	17084	1040647	0	13730	42805	0	121732	333	1162379	0	0	130486	0	0	1756	0	207348	773410			0	824710	810980	-10843	4	0	0	0	121732	0	0	
57451																																							56326	10457	261844	0	0	6875	0	18459	732134	629638	4744	654485	0	7427	15000	0	77649	612	732134	0	0	59670	0	0	25173	0	113434	516204			0	384232	376805	-7806	0	0	0	5103	77649	1368	0	
58225																																							10299	4215	98067	0	3403	14071	19	13354	463455	418942	1592	420585	0	3208	51	0	42870	500	463455	0	0	40642	0	0	4934	0	105649	313293			0	323235	320027	-3206	0	0	0	0	42870	0	0	
58243																																							423571	57770	238333	3601	46486	123138	132	301138	7187696	5993592	142452	6324356	0	76743	188312	0	863340	3500	7187696	0	0	400747	0	0	464465	8529	1083799	4909793			0	5266540	5189797	-5372	0	0	0	0	863340	0	795201	
58355																																							42	993	0	0	305	1643	0	1495	76251	68348	521	69219	0	811	0	0	7032	100	76251	0	0	1532	0	0	5400	780	13079	55269			0	71753	70942	0	0	0	350	0	7032	0	51	
58551																																							0	6983	84146	0	2504	958	18	10700	276758	246572	1997	248569	0	3105	0	0	28189	1031	276758	0	0	19400	0	0	10536	0	55565	191007			0	173759	170654	-2778	795	0	0	0	28189	0	0	
58636																																							2294	10169	121966	372	417	17506	0	20946	551719	497317	4677	501994	0	5212	0	0	49725	516	551719	0	0	47902	0	0	7168	1568	164658	332659			0	381693	376481	-5861	0	0	0	0	49725	0	0	
58757																																							1891	10678	60864	0	1841	5858	0	17975	446404	383258	5747	404755	0	2320	15000	0	41649	50	446404	0	0	14866	0	0	28483	194	69560	313698			0	349344	347024	-1750	0	0	750	0	41649	79	0	
58971																																							580152	131177	159426	63497	135	127640	543	222001	10682990	8946579	191088	9715684	0	154789	250000	0	967306	7535	10682990	0	0	947525	0	0	35664	17579	3243331	5703248			0	7340514	7185725	-23418	0	0	0	328017	967306	0	2195115	
59316																																							12819	31618	408782	0	29602	26268	771	90397	2426477	2105046	30114	2209293	0	19882	74133	0	217184	900	2426477	0	0	87634	0	0	149993	0	445998	1659048			0	1846102	1826220	-21343	0	0	0	0	217184	0	0	
59352																																							60595	4340	155224	0	0	10499	0	11701	660205	575885	2893	578778	0	6652	0	0	81427	1497	660205	0	0	79011	0	0	1497	0	124400	451485			0	424498	417846	-578	0	0	0	0	81427	0	0	
59370																																							29761	1330	18036	0	0	5162	0	15922	358898	296974	981	297955	0	3684	0	0	60943	0	358898	0	0	61673	0	0	0	0	51684	245290			0	291197	287513	-730	0	0	0	0	60943	31	1143	
59754																																							40655	410	441	0	762	6823	83	5326	244313	208550	1641	220191	0	2601	10000	0	24122	75	244313	0	0	1692	0	0	22449	0	13368	195182			0	191456	188855	-94	958	0	0	0	24122	0	0	
60143	6650000	863000	14873000	0	696000	700000	5000	5644000	80052000	1594000	72814000	0	695000	3858000	623000	7238000	59000	80052000	345000	457000	6483000	0	0	2775000	171000		0	50753000	50058000	-2079000	0	0	7238000	47000	0	402000	183000	219000			14873000							65880000					3858000					345000	457000						23070000	42810000							0	0	0	0		47000		
60330																																							200442	14218	212664	0	5630	28407	366	33121	1407730	1252512	13119	1265643	0	15052	12	0	142087	20	1407730	0	0	134274	0	0	29438	147	423029	829483			0	904187	889135	-21645	0	23600	0	0	142087	0	0	
60545																																							1587	6468	70962	0	0	578	393	3744	290746	254952	1153	263690	0	2454	7000	0	27056	200	290746	0	0	26933	0	0	3800	0	34024	220928			0	209468	207014	-3877	0	0	585	0	27056	0	0	
60554																																							4303	3904	6920	0	0	641	0	2661	109350	96343	354	97775	0	1229	1078	0	11575	50	109350	0	0	4647	0	0	6950	0	38031	58312			0	81267	80038	-72	10812	0	0	0	11575	71	0	
60648																																							65289	3818	115203	0	330	3775	0	14286	425672	390663	3207	393870	0	4344	0	0	31802	540	425672	0	0	38184	0	0	2200	0	78574	312089			0	225913	221569	-9122	47	0	0	0	31802	0	1355	
61122																																							118294	13318	92488	0	11991	30680	1083	113057	2060785	1743614	26700	1852975	0	19470	65000	0	207810	3692	2060785	0	0	136716	5120	0	90935	130	453036	1290578			0	1521704	1502234	-23533	0	0	0	17661	207810	1029	171361	
61355																																							1163	21872	154884	0	10053	41923	0	52735	1505634	1298461	9047	1368607	0	13106	25000	0	137027	3710	1505634	0	0	101021	0	0	52019	2378	333651	964810			0	1008316	995210	-19723	0	0	29000	7099	137027	0	225416	
61757																																							80455	2247	28017	0	4307	7109	0	14836	586606	509356	4436	513792	0	6036	0	0	72814	540	586606	0	0	56951	0	0	15132	0	111233	398123			0	440227	434191	191	0	0	0	0	72814	0	15444	
61832																																							30609	1932	174945	0	0	3667	0	18568	361804	321793	3189	324982	0	2133	0	0	36822	6534	361804	0	0	28390	0	0	8199	0	149887	171906			0	134216	132083	-6301	0	0	0	0	36822	0	0	
61953																																							10954	870	30033	0	0	1025	0	890	124311	113516	161	113677	0	1085	0	0	10634	100	124311	0	0	11746	0	0	600	0	28095	85421			0	68704	67619	-1812	0	0	0	0	10634	0	12920	
62044																																							37496	2781	2192	0	0	4156	44	4506	281511	254842	3154	257996	0	1763	0	0	23515	200	281511	0	0	-14128	0	0	37450	0	56898	197944			0	232053	230290	-7	46	0	0	0	23515	0	0	
62110																																							3639	217	0	0	0	0	0	661	13913	0	3017	3017	0	0	0	0	10896	500	13913	0	0	6643	0	0	3700	0	0	0			0	0	0	53	0	0	0	0	10896	9396	0	
62147																																							4875	3237	29918	0	188	827	0	3317	106343	88493	323	97816	0	671	9000	0	8527	300	106343	0	0	7783	0	0	3091	0	33981	54512			0	63780	63109	-2647	388	0	0	0	8527	0	484	
63050																																							407	7103	78037	0	1229	5747	0	14912	447718	353244	5347	383591	0	3865	25000	0	64127	286	447718	0	0	57517	0	0	10440	0	91055	262189			0	320148	316283	-4116	24000	0	0	0	64127	0	0	
63069	5689340	371643	10787871	0	592044	802250	0	2848408	98429760	2180773	86043484	0	682563	4924659	400000	12386276	90002	98429760	335479	0	5195914	0	0	6226457	3761		0	68874687	68192124	873903	0	0	12386276	236060	8570780	0	0	0			10787871							78538052					4924659					335479	0						23353196	55184855							0	0	0	0		236060		
63201																																							24677	1235	62582	0	0	2070	0	6798	287613	263666	602	266487	0	2392	2219	0	21126	1230	287613	0	0	19386	0	0	5500	0	76095	187571			0	175687	173295	-4990	0	0	0	0	21126	0	16956	
63573																																							17898	2039	69503	0	0	6380	0	9820	637370	502158	3607	517719	0	6962	11954	0	119651	0	637370	0	0	118139	0	0	0	0	47447	454711			0	538692	531730	1512	0	0	0	0	119651	0	0	
63733																																							18229	21369	399189	629	19264	19114	0	61241	1759147	1451111	10934	1583838	0	13417	121793	0	175309	430	1759147	0	0	117079	0	0	71896	232	222431	1228680			0	1232226	1218809	-14096	1000	0	0	0	175309	71	0	
64552																																							81945	1493	26395	0	139	21726	0	12568	435936	380765	5039	385804	0	3800	0	0	50132	100	435936	0	0	-1935	0	0	53995	3709	26651	354114			0	271699	267899	-2028	20062	0	0	0	50132	0	0	
64730																																							79801	1489	107985	0	0	1198	0	3885	312002	281718	2506	284224	0	1974	0	0	27778	200	312002	0	0	8543	0	0	23850	0	95583	186135			0	119618	117644	-4815	0	0	0	0	27778	0	0	
65205																																							58249	7373	103113	100	443	10811	0	59370	1013850	808073	9038	833211	0	6705	16100	0	180639	0	1013850	0	0	185777	0	0	1000	0	86219	721854			0	780644	773939	-6138	0	0	0	0	180639	452	0	
65559																																							76491	7793	351690	0	0	20469	0	27230	1014794	905998	10355	916353	0	5877	0	0	98441	495	1014794	0	0	77475	0	0	32505	3529	226507	679491			0	533469	527592	-12034	0	0	0	0	98441	0	0	
65858																																							78640	40742	592627	0	23413	41092	150	42951	2751411	2478897	15724	2544639	0	22381	50018	0	206772	20000	2751411	0	0	141637	0	0	68999	0	661802	1817095			0	1952646	1930265	-23864	0	0	0	0	206772	281	1250	
66154																																							6721	2062	30709	0	0	7236	621	10532	317177	286185	2352	290492	0	2527	1955	0	26685	300	317177	0	0	17264	0	0	11396	838	48619	237566			0	259535	257008	-2275	1450	0	0	0	26685	0	0	
66275																																							140073	10284	63604	0	0	7222	418	11964	732162	621197	2469	663666	0	8061	40000	0	68496	1	732162	0	0	29523	0	0	39574	0	40423	580774			0	506575	498514	-602	0	0	0	0	68496	83	0	
67142																																							7151	1205	47862	0	80	7274	0	4295	244548	196094	506	216600	0	1605	20000	0	27948	100	244548	0	0	18048	0	0	13690	0	1331	194763			-181	176617	175012	-3709	1669	0	0	0	27948	0	0	
67151																																							33212	4949	217224	0	325	11271	0	7079	1038067	932524	9043	950067	0	16382	8500	0	88000	1152	1038067	0	0	85705	0	0	26168	488	163484	769040			0	776645	760263	-25025	228	0	0	0	88000	0	3028	
67209																																							8923	8851	168623	0	1175	18736	2467	45585	1586852	1311761	22790	1447715	0	17446	108895	0	139137	0	1586852	4269	4269	134843	0	0	17035	0	193839	1117922			0	1327815	1310369	-12741	0	0	0	0	139137	17854	0	
67254																																							13921	615	0	0	0	61	0	195	15763	13264	253	13517	0	6	0	0	2246	800	15763	0	0	-27753	0	0	29199	0	2287	10977			0	42	36	0	935	0	0	0	2246	0	0	
67656																																							68313	13565	195969	0	5602	18504	0	28756	1541563	1238304	13584	1251888	0	68368	0	0	289675	5161	1541563	0	0	236761	0	22839	30566	0	341550	896754			0	1170837	1102469	-5652	0	0	0	0	289675	0	108385	
68671																																							72817	657	0	0	0	8706	687	5495	277467	244717	2888	247605	0	1389	0	0	29862	21197	277467	0	0	8665	0	0	0	0	7680	237037			0	190494	189105	0	0	0	0	0	29862	0	0	
68756																																							166064	28987	213572	0	2892	14730	0	25720	1329703	1189399	5323	1195260	0	9958	538	0	134443	200	1329703	0	0	100560	0	0	36256	0	131313	1058086			0	862958	853000	-2573	0	0	0	0	134443	0	24738	
68831																																							5734	3297	47646	0	0	8407	581	6866	261023	212700	1481	229681	0	2574	15500	0	31342	600	261023	0	0	18800	0	0	12608	0	42782	169918			0	191066	188492	-666	0	0	0	0	31342	0	0	
69333																																							2681	21815	216984	0	0	42905	350	50702	1794596	1504805	24823	1609582	0	15849	0	0	185014	1430	1794596	0	0	122867	0	0	79674	851	200050	1304755			-20	1293209	1277360	-18937	100	0	25350	54604	185014	0	180848	
69678																																							98827	11117	181282	0	89	18869	0	8575	709631	648502	2702	651204	0	4160	0	0	58427	4645	709631	0	0	49628	0	0	8913	0	219998	428504			-492	394712	390552	-4267	0	0	0	0	58427	66	254	
70218																																							8325	1620	1978	0	0	93	0	7281	100637	67983	6541	87524	0	1082	13000	0	13113	5060	100637	0	0	5039	0	0	3032	0	18133	49850			0	82422	81340	-18	0	0	0	0	13113	0	0	
70638																																							8217	5929	45122	13979	2993	8918	781	12085	484585	402164	813	428793	0	5700	25816	0	55792	600	484585	0	0	39695	0	0	17524	4264	82060	320104			0	387997	382297	-2027	0	0	0	0	55792	0	0	
70955																																							7253	395	0	0	0	12	0	693	22335	18579	205	18784	0	122	0	0	3551	30	22335	0	0	3226	0	0	295	0	5086	13493			0	14104	13982	0	0	0	0	0	3551	0	0	
71073																																							9307	835	15176	0	1668	927	0	8229	156223	88504	1747	139277	0	879	49026	0	16946	18	156223	0	0	6153	180	0	11985	18916	2119	86385			0	101114	100235	-1210	0	0	0	0	16946	0	750	
71457																																							1596	12440	130856	2290	623	9091	0	24794	679697	553578	2316	622239	0	7127	42000	0	57458	600	679697	0	0	23277	0	0	39400	0	80226	473352			0	505028	497901	-5819	0	0	0	24345	57458	0	106	
71859																																							62543	1809	3635	0	0	844	0	1799	82820	58170	87	58257	0	172	0	0	24563	25	82820	0	0	23302	0	0	1236	3069	55521	2649			0	4462	4290	0	4831	0	0	0	24563	0	0	
72258																																							248665	1671	221600	0	0	2560	0	9725	1089572	985471	4177	989648	0	3142	0	0	99924	100	1089572	0	0	90719	0	0	9500	0	112100	873371			0	303837	300695	-395	0	0	0	0	99924	0	304656	
72351																																							0	1485	31211	0	0	413	0	807	81041	73713	241	73954	0	1471	0	0	7087	150	81041	0	0	11700	0	0	150	0	21884	51829			0	44761	43290	-4913	3835	0	0	0	7087	0	0	
72454																																							10618	2561	15783	0	0	2505	0	1737	169034	152130	681	152811	0	941	0	0	16223	50	169034	0	0	4059	0	0	12960	0	35531	116599			0	110864	109923	-846	6600	0	0	0	16223	31	19276	
72678																																							37150	2104	139842	0	0	6829	908	33937	583375	469487	3265	518810	0	2972	36733	0	64565	0	583375	0	0	83385	3867	0	0	0	19313	450174			0	361635	358663	-18820	0	0	0	9325	64565	75	0	
73116																																							30355	5781	133376	0	0	20438	0	14653	714697	639996	4904	647900	0	5028	3000	0	66797	0	714697	0	0	67236	0	0	7000	0	34969	605027			0	515122	510094	-7439	0	0	0	0	66797	0	0	
73152																																							248	1726	56054	0	0	1219	0	6173	131114	114897	1172	124069	0	974	8000	0	7045	120	131114	0	0	14231	0	0	914	0	26849	88048			0	52739	51765	-8220	13929	0	0	0	7045	0	0	
73554																																							6343	2775	70231	0	100	4745	0	16672	345563	242838	3330	306524	0	3556	60356	0	39039	700	345563	0	0	680	0	0	39284	0	21490	221348			0	240581	237025	-1625	1576	0	0	0	39039	0	6096	
73956																																							1502	1686	19126	0	0	311	0	1685	56303	49108	228	49336	0	548	0	0	6967	1500	56303	0	0	5215	0	0	1500	0	12286	36822			0	20642	20094	-1248	11899	0	0	0	6967	0	0	
74056																																							0	3285	48604	0	382	2018	0	9441	205240	151633	2737	178207	0	1248	23837	0	27033	250	205240	0	0	19518	0	0	7750	0	31813	119820			0	142758	141510	-485	0	0	0	0	27033	0	0	
74140																																							3106	22739	497790	0	6629	28744	343	78797	2161209	1850654	18761	1982415	0	13727	45000	0	178794	6831	2161209	0	0	106816	0	0	73169	423	435056	1415598			0	1536365	1522638	-8022	0	0	0	68000	178794	0	0	
74403																																							51745	9609	125598	0	3351	18133	0	33543	1384369	1135223	9581	1261219	0	12810	63238	0	123150	0	1384369	0	0	125283	0	0	9929	899	175748	959475			0	1153652	1140842	-12062	649	0	0	53177	123150	0	0	
74449																																							6747	358	0	0	0	374	0	160	28131	24202	27	24229	0	102	0	0	3902	50	28131	0	0	3722	0	0	130	0	6090	18112			0	13452	13350	0	1427	0	0	0	3902	0	5715	
75259																																							80682	12864	20865	0	1562	13140	0	30780	1257098	1115338	5175	1143513	0	10152	23000	0	113585	100	1257098	0	0	48432	0	0	65150	0	162160	953178			0	1107357	1097205	-97	0	0	0	0	113585	0	0	
75446																																							644	7173	156348	0	12271	5791	0	16930	518942	429506	2562	444646	0	3395	12578	0	74296	670	518942	0	0	60068	0	0	20363	0	99196	330310			0	323180	319785	-6805	0	0	0	0	74296	0	0	
75455																																							7114	866	28732	0	0	27	0	358	54598	46388	233	46621	0	586	0	0	7977	59	54598	0	0	2758	0	0	4951	0	12128	34260			0	18087	17501	209	0	0	0	0	7977	0	0	
75633	21539710	2628976	43992418	23320	12719774	1975667	27697	11525518	252074150	3566727	214682310	33041	2248839	12673254	0	37358799	510187	252074150	347871	117540	8764417	0	0	29677890	48787		0	139754345	137505506	-1593695	50813	1333750	37391840	74780	19583313													196979273																	44817492	152161781							30000		11766					
75651																																							824	1152	26567	0	0	906	0	3907	77483	65779	463	67942	0	748	1700	0	9541	300	77483	0	0	2938	0	0	7200	0	12415	53364			0	42124	41376	-897	0	0	0	0	9541	2751	0	
76153																																							1556	1970	999	0	0	2929	0	2632	62332	48204	392	56596	0	703	8000	0	5736	500	62332	0	0	2918	0	0	2319	0	11527	36677			0	48217	47514	-1	0	0	0	0	5736	0	4732	
76443																																							6028	1275	32427	0	66	1379	0	977	137404	123294	635	125695	0	1360	1766	0	11709	150	137404	0	0	6488	0	0	9350	0	46035	77259			0	96610	95250	-4279	2	0	0	0	11709	0	0	
76854																																							14880	1205	73553	0	0	12302	0	21512	653794	562597	2550	590491	0	8954	25344	0	63303	500	653794	0	0	54296	0	0	15522	0	179285	383312			0	539181	530227	-7015	115	0	0	0	63303	0	0	
77150																																							10954	2232	12127	0	0	930	0	843	97521	88050	679	89463	0	984	734	0	8058	100	97521	0	0	1611	0	0	6823	0	15365	72685			0	70680	69696	-476	739	0	0	0	8058	0	0	
77253																																							34096	11712	196595	0	472	28507	118	31845	650179	595891	2146	599967	0	4519	1930	0	50212	2000	650179	0	0	31029	0	0	32120	0	158980	436911			0	344243	339724	-14937	0	0	0	0	50212	0	7110	
77422																																							8576	23	19022	0	0	667	0	9147	128761	95212	1381	109593	0	1858	6000	0	19168	2087	128761	0	0	11240	0	0	7189	0	47759	47453			0	90171	88313	-1348	3013	0	7000	0	19168	0	0	
77851																																							120115	52660	268454	0	68286	57071	8321	152701	4697206	4087092	80063	4168495	0	43175	1340	0	528711	758	4697206	0	0	381512	0	0	155389	71668	759525	3327567			0	3409054	3365879	-8948	0	0	0	0	528711	0	532051	
78157																																							19877	1590	4920	0	0	743	0	482	89097	78501	235	78736	0	469	0	0	10361	400	89097	0	0	6843	0	0	3850	0	34067	44434			0	49315	48846	-732	0	0	0	0	10361	0	12639	
78241																																							1701	2204	14865	0	0	1145	219	1563	102241	83794	382	87151	0	1383	0	0	15090	340	102241	0	0	13440	0	0	1988	0	25836	57958			0	81927	80544	-678	0	0	2975	0	15090	0	0	
78559																																							19390	1062	12252	0	0	1506	0	1108	74444	72530	521	73051	0	846	0	0	1393	420	74444	0	0	-7014	0	0	8249	0	17245	55285			0	39965	39119	-262	0	0	0	0	1393	7	0	
79042																																							10584	3514	77742	0	0	3666	0	20873	552821	470947	2498	514092	0	2188	40647	0	38729	1000	552821	0	0	39064	0	0	6055	620	85053	385894			0	438010	435822	-7390	0	0	0	0	38729	0	0	
79127																																							300	1638	21275	0	0	4056	0	4042	89914	78712	835	81164	0	950	1617	0	8750	125	89914	0	0	9748	0	0	125	0	18815	59897			0	56286	55336	-1248	3267	0	0	0	8750	0	0	
79145																																							4860	1844	17687	26	0	4962	0	4459	240843	179696	2324	215205	0	2371	33185	0	25638	489	240843	0	0	18413	0	0	7337	767	38671	141025			0	206521	204150	-601	2088	0	0	0	25638	0	0	
79257																																							5300	895	9623	51	1640	250	0	736	56642	45090	163	49610	0	375	4357	0	7032	61	56642	0	0	-88	0	0	7151	0	8197	36893			-189	35995	35620	97	0	0	0	0	7032	673	1854	
79855																																							5173	8164	13888	0	0	690	0	4675	334436	287908	1025	299263	0	3325	10000	0	35173	608	334436	0	0	13046	0	0	21442	880	50430	237478			0	302131	298806	77	1500	0	0	330	35173	0	660	
80150																																							10658	20325	196303	0	5094	10306	0	27519	704059	637187	6857	644113	0	2019	69	0	59946	1000	704059	0	0	51927	0	0	15773	313	177227	459960			0	417520	415501	-8754	18040	0	0	0	59946	0	0	
80374																																							18900	2052	99983	0	6	4042	0	9784	242165	203110	967	204077	0	691	0	0	38088	0	242165	0	0	39968	0	0	0	0	22338	180772			0	108089	107398	-1880	0	0	0	0	38088	0	0	
80431																																							5414	1994	17338	1	0	1020	284	831	95594	81462	634	82096	0	1334	0	0	13498	155	95594	0	0	13579	0	0	155	0	24519	56943			0	70046	68712	-391	0	0	0	0	13498	0	0	
81175																																							3175	6978	36973	0	1776	8837	1000	13579	515536	450273	3562	462386	0	6100	8551	0	53150	0	515536	88	0	36470	0	0	17118	230	53500	396773			-476	448998	442898	38	0	0	0	0	53150	0	2	
82033																																							4891	1125	62054	0	0	4380	0	15497	287263	241439	1155	267594	0	2863	25000	0	19669	638	287263	0	0	15893	0	0	12075	0	95853	145586			0	185865	183002	-8937	16314	0	0	0	19669	0	0	
82257																																							3108	860	17976	0	0	394	0	680	54189	47207	938	48145	0	1795	0	0	6044	50	54189	0	0	1361	0	0	4558	0	15349	31858			0	32960	31165	75	0	0	0	0	6044	6	0	
82350																																							3061	2650	21735	0	0	809	0	3080	67208	59657	1142	60800	0	409	1	0	6408	355	67208	0	0	6425	0	0	975	0	16597	43060			0	29558	29149	-1347	6724	0	0	0	6408	0	0	
83375																																							103994	1638	178272	499	0	20556	12112	47233	1339316	1209632	12458	1222090	0	9243	0	0	117226	322	1339316	1739	0	76678	0	0	58875	0	339610	870022			0	829224	819981	-18649	0	0	0	0	117226	1609	151683	
83638	409444	53380	2023883	0	21975	133486	15542	479706	9757923	262640	8779556	0	79276	711984	0	978367	118961	9757923	0	0	440560	0	0	419882	83844		0	6613391	6534115	-1036	0	0	978367	2548	0	0	0	0			2023883							7804932					711984					0	0						1577830	6227102							0	0	0	0		2548		
83834																																							20257	6424	49727	0	0	2452	0	6278	271837	227977	2014	246102	0	1750	6811	0	25735	600	271837	0	0	23523	0	0	5400	0	84908	143069			0	186786	185036	-3788	0	0	9300	0	25735	0	1663	
83852																																							1553	525	18341	0	123	438	0	646	44074	39229	111	39340	0	481	0	0	4734	25	44074	0	0	1742	0	0	4240	3270	8280	30949			0	19659	19178	-1273	0	0	0	0	4734	0	0	
83955																																							2222	892	42878	0	0	3333	103	4523	148239	130913	1113	136223	0	953	4197	0	12016	160	148239	0	0	9058	0	0	3220	0	13359	117554			0	90675	89722	-422	430	0	0	0	12016	0	4136	
84541																																							72140	50336	419212	0	40479	69149	6845	85870	2913249	2551818	27147	2581309	0	27874	2344	0	331940	328	2913249	0	0	151594	0	0	184490	1253	481988	2069830			0	2055092	2027218	-4472	2390	0	0	0	331940	0	138357	
85052																																							7701	1557	103442	0	0	1019	0	7276	202956	187483	544	189477	0	958	0	0	13479	4128	202956	0	0	13742	0	0	8760	0	14816	172667			0	71435	70477	-13151	3198	0	0	1450	13479	0	8286	
85472																																							74455	52096	1231827	0	529681	130341	10266	584982	14471649	11041860	163516	12734219	0	83726	1474408	0	1737430	1	14471649	0	0	407669	0	0	1333219	5768	1776478	9265382			-1301	11054392	10970666	-2158	0	0	0	54435	1737430	0	881567	
85931																																							34482	7124	61349	0	0	1235	0	7325	352880	319019	3057	327076	0	2524	5000	0	25804	225	352880	0	0	22914	0	0	5775	0	71190	247829			0	195299	192775	-3110	23550	0	0	0	25804	0	25040	
86349																																							40865	13634	140645	0	4992	8681	51	9647	677783	598480	5579	604059	0	7126	0	0	73724	1200	677783	0	0	59351	0	0	17971	0	180430	418050			0	466394	459268	-4798	0	0	0	0	73724	0	0	
86675																																							102647	4979	184910	2023	18603	27102	0	31087	1320116	1058410	7981	1066391	0	8020	0	0	253725	0	1320116	0	0	268590	0	0	0	3193	64400	994010			0	953592	945572	-14865	0	0	0	0	253725	0	0	
87047																																							0	2451	65174	0	0	703	0	9162	158066	134390	885	135275	0	998	0	0	22791	100	158066	0	0	27850	0	0	2233	0	24644	109746			-2719	77101	76103	-4673	4473	0	0	0	22791	0	0	
87234																																							84989	5542	65141	0	195	18270	0	38161	937671	827760	12131	848891	0	7696	9000	0	88780	1512	937671	0	0	83825	0	0	6512	4763	129174	698586			0	728306	720610	-3069	0	0	0	0	88780	0	0	
87476																																							22598	761	33138	0	351	656	0	9778	266829	227583	1313	228896	0	6560	0	0	37933	0	266829	0	0	38141	0	0	0	2891	15172	212411			0	203216	196656	-208	0	0	0	0	37933	0	0	
87579																																							18612	1166	57168	0	0	1838	0	27887	637950	576340	4807	581438	0	6523	291	0	56512	0	637950	0	0	64058	0	0	0	0	387926	188414			0	517443	510920	-7546	0	0	0	0	56512	5502	14857	
88231																																							149060	8380	101406	0	14152	13367	144	56630	1555126	1339551	20539	1400090	0	17411	40000	0	155036	771	1555126	0	0	139813	296	0	14759	40528	348294	991257			0	1178322	1160911	-307	0	0	0	0	155036	0	10252	
88259																																							4664	1404	13129	0	0	332	0	3356	94975	79173	1207	83907	0	762	3527	0	11068	100	94975	0	0	2437	0	0	9150	0	18274	60899			0	72852	72090	-619	0	0	0	0	11068	0	0	
88352																																							19510	2026	54013	0	0	2747	0	9933	213338	173379	1243	174622	0	1862	0	0	38716	321	213338	0	0	35755	0	0	3679	0	53014	120365			0	126971	125109	-1039	0	0	0	0	38716	0	0	
88455																																							4058	10201	159107	4059	20187	13684	1220	36468	939734	713222	8396	838409	0	7113	114800	0	101325	1337	939734	0	0	25810	0	0	82663	0	114685	598537			0	665653	658540	-8485	0	0	1991	0	101325	0	32210	
89032																																							25031	1940	91006	0	0	2297	30	4519	228632	202343	1289	203632	0	1181	0	0	25000	600	228632	0	0	21013	0	0	4400	0	33035	169308			0	95476	94295	-1013	500	0	0	0	25000	0	9014	
89135																																							9095	5046	4978	0	0	1252	0	3331	85575	74594	1425	76019	0	1033	0	0	9556	250	85575	0	0	9835	0	0	250	0	22411	52183			0	62906	61873	-779	0	0	0	0	9556	0	0	
89854																																							12246	3347	9442	0	354	3262	0	6054	191406	167619	549	170168	0	2349	2000	0	21238	200	191406	0	0	15458	0	0	5670	0	37729	129890			0	156573	154224	-90	2411	0	0	0	21238	66	0	
89957																																							26270	604	11061	0	0	10795	100	4507	227920	199391	1574	200965	0	2060	0	0	26955	100	227920	0	0	4516	0	0	22294	0	18217	181174			0	176643	174583	45	0	0	0	0	26955	0	0	
90047																																							6665	1021	14863	0	0	1491	0	421	47291	43501	136	43637	0	223	0	0	3654	100	47291	0	0	4781	0	0	900	0	8928	34572			0	22803	22580	-2127	250	0	0	0	3654	0	0	
90177																																							7302	5668	20135	0	0	5407	799	11833	379288	247294	1861	344068	0	1281	59913	35000	35220	0	379288	0	0	35905	0	0	0	0	27170	220124			0	314601	313320	-685	0	0	0	0	35220	144	14680	
90328																																							3125	19724	114096	71	10943	42113	0	53008	1293036	1178186	7541	1185727	0	8666	0	0	107309	537	1293036	0	0	37906	0	0	81803	0	371023	807163			0	1058198	1049532	-12937	343	0	0	0	107309	81	0	
90337																																							79169	14407	44442	0	0	19854	3085	25607	681188	559734	13060	582794	0	16376	10000	0	98394	2971	681188	0	0	75496	0	0	21889	0	152968	406766			0	511000	494624	-1962	0	0	0	0	98394	0	0	
90579																																							67085	3840	159416	0	0	19309	0	16907	669416	570654	5920	596219	0	4220	19645	0	73197	0	669416	0	0	80178	0	0	0	0	75791	494863			0	407079	402859	-6981	0	0	0	0	73197	0	0	
91615																																							1509	8723	22680	0	0	2810	75	5056	158657	145454	408	145862	0	941	0	0	12795	420	158657	0	0	14702	0	0	420	0	33513	111941			0	111763	110822	-2747	6894	0	0	0	12795	88	0	
91950																																							20	1146	28616	0	0	493	0	3883	82495	68633	757	76026	0	248	6636	0	6469	500	82495	0	0	3716	0	0	2800	0	10258	58375			0	43233	42985	-547	1445	0	0	0	6469	0	3907	
92144																																							1593	1131	19340	0	0	8	0	2053	42842	35137	69	35206	0	44	0	0	7636	120	42842	0	0	7134	0	0	1080	0	9531	25606			0	14415	14371	-698	4346	0	0	0	7636	0	0	
92676																																							4525	7632	124947	0	805	18212	0	33366	874750	707298	10512	795405	0	5852	72950	0	79345	0	874750	0	0	88058	0	0	100	0	235324	471974			0	691068	685216	-8813	0	0	0	4645	79345	47	0	
92706																																							22621	2115	77185	0	47	6473	0	20137	416061	354471	6152	368623	0	1605	8000	0	47438	0	416061	0	0	51732	0	0	6031	0	75882	278589			0	288973	287368	-10325	69	0	0	0	47438	46	0	
92902																																							1516	461	0	0	0	1100	56	362	27289	23918	46	23964	0	212	0	0	3325	100	27289	0	0	3025	0	0	200	0	10252	13666			0	16979	16767	0	0	0	0	0	3325	0	7027	
93244																																							786	6011	94595	0	1969	6722	0	14230	509049	390422	1461	475872	0	2190	71726	0	33177	64	509049	0	0	16207	0	0	27414	0	56895	333527			0	382230	380040	-10508	2407	0	0	12263	33177	89	2200	
93543																																							5429	10500	71756	0	2329	6962	37	25863	644139	564015	7271	571286	0	6747	0	0	72853	1420	644139	0	0	62119	0	125	13067	875	19073	544942			0	493304	486557	-3878	33245	0	0	0	72853	586	0	
93619	54334	56	246	0	0	0	0	6008	60644	412	412	0	0	0	0	60232	1000	60644	0	0	56481	0	0	2750	0		0	0	0	1	0	0	60232	0	0													0																	0	0							0		0					
94139																																							66090	14343	300095	0	11668	38155	0	44708	940070	631040	10130	842170	0	5362	201000	0	97900	3326	940070	0	0	69259	0	0	35225	1154	114424	516616			0	449745	444383	-9910	16	0	0	0	97900	0	19458	
94522																																							55267	14893	81083	0	892	24990	36	39969	1366254	1225950	13568	1239518	0	8709	0	0	126736	2000	1366254	7826	0	127892	0	0	900	704	297840	928110			0	1130774	1122065	-4056	0	0	0	0	126736	3279	15250	
94755																																							42144	2699	77682	0	0	5821	0	10062	297613	259956	856	268812	0	2801	8000	0	28801	50	297613	0	0	27142	0	0	3650	0	56515	203441			0	162006	159205	-2041	0	0	0	0	28801	0	0	
94858																																							3959	2665	49565	0	0	1929	0	2665	188581	167748	821	168569	0	2005	0	0	20012	100	188581	0	0	23078	0	0	600	0	44710	123038			0	129803	127798	-3766	0	0	0	0	20012	0	0	
95051																																							40140	2451	21131	0	2087	10666	0	7727	356547	234383	2716	328301	0	5463	91202	0	28246	1000	356547	0	0	-2537	0	0	30900	0	18446	215937			0	277741	272278	-1117	0	0	0	0	28246	67	0	
95677																																							2314	465	11	0	0	1262	0	1793	93026	72689	434	83873	0	613	10750	0	9153	0	93026	0	0	110	0	0	9043	0	14120	58569			0	79553	78940	0	686	0	0	0	9153	0	7555	
96553																																							7957	1643	5156	0	955	1843	0	3948	138500	100634	311	121912	0	1633	20967	0	16588	100	138500	0	0	5279	0	0	11213	0	12330	88304			0	116562	114929	-4	0	0	0	0	16588	7	2062	
97055																																							8832	9144	79539	0	2224	6259	0	20306	635427	483606	1752	570358	0	3515	85000	0	65069	300	635427	0	0	18838	0	0	48379	0	54282	429324			0	512294	508779	-2448	0	0	0	0	65069	344	0	
97279																																							5102	983	19068	0	0	3860	0	1480	115054	104844	524	105368	0	842	0	0	9686	148	115054	0	0	6902	0	0	3093	0	25571	79273			-1	85403	84561	-456	0	0	0	0	9686	0	0	
97457																																							2355	5922	2023	0	103	6025	60	5221	183794	165062	669	168493	0	1791	0	0	15301	50	183794	0	0	3906	0	0	11347	0	58910	106152			0	163876	162085	-2	0	0	2762	0	15301	0	0	
97804																																							13533	5419	139269	0	20089	12718	0	72912	1050348	780509	32152	885265	0	8274	72604	0	165083	550	1050348	0	0	162081	0	0	7754	579	151564	628946			0	794103	785829	-5302	0	0	0	0	165083	0	0	
97943																																							112	7539	126051	0	11689	5358	374	8933	648460	553316	1703	587369	0	3287	31000	0	61091	782	648460	0	0	35509	0	0	37153	500	89000	464316			0	491191	487904	-12353	0	0	1350	0	61091	0	0	
98351																																							17112	3202	20316	0	0	15936	0	6103	215319	196525	3223	199748	0	1498	0	0	15571	226	215319	0	0	11001	0	0	7153	0	67839	128686			0	152501	151003	-2809	0	0	0	0	15571	0	1647	
98463																																							66902	12988	335564	0	0	13622	0	44456	831732	705666	12821	744208	0	6194	0	0	87524	31281	831732	0	0	56511	0	0	24512	0	350725	354941			0	364394	358200	-24780	0	0	0	25721	87524	0	0	
98717																																							17021	963	28755	0	0	877	0	7963	147425	105738	1691	112392	0	2581	4963	0	35033	2750	147425	0	0	29275	0	0	3251	0	19918	85820			0	94227	91646	-243	200	0	0	0	35033	0	0	
99143																																							51075	9926	99812	0	0	8979	0	16016	359360	321505	4930	326788	0	1456	353	0	32572	225	359360	0	0	33354	0	0	2700	0	87455	234050			0	170248	168792	-3707	0	0	0	0	32572	0	4760	
99376																																							291802	25012	515134	2978	32905	5791	765	74021	4102536	3503173	48632	3651805	0	28482	100000	0	450731	1	4102536	0	0	358769	0	0	89358	86934	507411	2995762			0	3095119	3066637	2603	0	0	0	0	450731	0	557	
99442																																							192874	5405	102654	0	21673	17929	693	38212	1122434	990533	6795	997328	0	4970	0	0	125106	541	1122434	0	0	60525	0	0	98008	237	91330	899203			0	601904	596934	-33968	0	0	0	0	125106	0	145823	
99536																																							136947	31237	354507	0	3365	44228	102	27477	1662136	1479562	23212	1517183	0	6659	30	0	144953	2202	1662136	0	0	119139	0	0	30770	0	283449	1196113			0	1070932	1064273	-7158	0	0	0	14379	144953	0	0	
99853																																							1719	1173	25149	0	0	2326	0	1154	52493	47743	65	47808	0	203	0	0	4685	495	52493	0	0	4903	0	0	495	0	16591	31152			0	17605	17402	-1208	3570	0	0	0	4685	0	0	
100236																																							67065	5565	15045	0	0	7135	0	7107	398584	345046	5938	350984	0	6375	0	0	47600	180	398584	0	0	42708	0	0	5847	0	148942	196104			0	286392	280017	-1135	16450	0	0	0	47600	0	200	
100357																																							35984	13400	261163	0	11941	24114	230	42479	1212396	1083753	13437	1097190	0	9988	0	0	115206	2000	1212396	0	0	120664	0	0	12000	0	259924	823829			0	813279	803291	-19458	10895	0	0	0	115206	0	8899	
100562																																							64100	92913	1731931	0	315553	95229	6245	433497	9820725	8270252	176613	8458578	0	125762	11713	0	1362147	5858	9820725	0	0	665875	0	0	785019	2695	2600383	5669869			0	7111087	6985325	-94605	0	0	0	0	1362147	2693	90544	
100777																																							4743	6790	189606	0	186	17223	52	34659	745663	637146	3139	670285	0	2295	30000	0	75378	1	745663	0	0	83215	0	0	0	4422	91890	545256			0	464100	461805	-7838	0	0	0	0	75378	0	26177	
100843																																							5950	10100	201602	0	1658	18364	113	20285	852531	700908	4599	789007	0	11451	83500	0	63524	100	852531	0	0	45145	0	0	34703	0	174864	526044			0	602881	591430	-16424	0	0	0	0	63524	0	3029	
101037																																							101819	18262	362181	0	0	27705	10	19715	1364195	1194779	9324	1204103	0	13740	0	0	160092	1500	1364195	0	0	141428	0	0	48500	0	433684	761095			0	848243	834503	-31336	0	0	0	0	160092	0	0	
101439																																							710	5492	38692	0	0	5175	0	3223	283839	237911	332	239333	0	4244	0	0	44506	264	283839	0	0	42182	0	0	4024	0	70984	166927			0	234791	230547	-1964	0	0	1090	0	44506	0	0	
101671																																							7434	10940	244444	0	2314	8433	0	42928	941604	848093	12465	867079	0	4709	6521	0	74525	3792	941604	0	0	60983	0	0	20551	0	309229	538864			0	624040	619331	-10801	0	0	0	0	74525	0	5780	
101738																																							12166	4394	89474	0	0	8758	981	7047	331142	303021	1653	304674	0	944	0	0	26468	1500	331142	0	0	24238	0	0	7550	0	78568	224453			0	145070	144126	-6820	0	0	0	0	26468	0	64196	
101952																																							20094	3992	50114	0	0	493	60	6609	163917	150103	715	150818	0	1273	0	0	13099	200	163917	0	0	15194	0	0	500	0	29291	120812			0	79760	78487	-2795	4068	0	0	0	13099	0	0	
102333																																							0	2106	18449	0	0	1857	0	1251	76580	70659	105	70764	0	528	0	0	5816	184	76580	0	0	1829	0	0	4882	0	13225	57434			0	37517	36989	-1079	15928	0	0	0	5816	0	0	
102342																																							2012	7650	76084	0	0	11193	525	7131	472860	416809	3661	429270	0	4872	6000	0	43590	1075	472860	0	0	29576	0	0	12995	0	68814	347995			0	372768	367896	-56	0	0	2800	0	43590	369	0	
102557																																							1956	1520	25369	0	653	2989	0	3302	177816	150071	3171	158742	0	1725	5500	0	19074	412	177816	0	0	2829	0	0	15850	379	25508	124563			0	143373	141648	-17	0	0	0	0	19074	0	0	
102874																																							5918	2447	6839	0	1038	5457	0	2520	213314	172622	1149	180771	0	1500	7000	0	32543	0	213314	0	0	32902	0	0	0	107	26028	146594			0	189008	187508	-359	0	0	0	0	32543	0	1480	
103134																																							1502	1632	26462	0	0	345	0	3288	90195	81741	390	82131	0	438	0	0	8064	300	90195	0	0	5249	0	0	3200	0	26880	54861			0	38029	37591	-685	19375	0	0	0	8064	0	0	
104234																																							6195	2680	56118	0	0	4250	0	2067	158337	143844	634	144478	0	859	0	0	13859	160	158337	0	0	15696	0	0	900	0	78707	65137			0	81930	81071	-2897	0	0	0	0	13859	0	5956	
104542																																							1153	1229	35469	0	0	159	0	1423	75915	66498	468	71711	0	363	4745	0	4204	60	75915	0	0	6108	0	0	465	0	15517	50981			0	36845	36482	-2429	0	0	0	0	4204	0	0	
104971																																							8540	395	2873	0	938	535	0	321	32439	25176	115	25291	0	162	0	0	7148	1	32439	0	0	681	0	0	6548	0	501	24675			0	18999	18837	-82	0	0	0	0	7148	0	0	
105026																																							26879	5455	50783	0	0	11588	1272	12005	552600	468296	6931	491227	0	4406	16000	0	61373	1265	552600	0	0	39871	0	0	20976	0	149959	318337			0	390376	385970	-739	10150	0	0	0	61373	0	48498	
105473																																							58979	27935	30754	0	0	28833	0	32592	2730135	2162549	28750	2275046	0	12941	0	0	455089	0	2730135	7671	0	461642	0	0	0	0	328670	1833879			0	1407409	1394468	-6553	0	0	0	83747	455089	13	1148890	
105530																																							537	4523	75225	0	0	3126	0	10211	229412	197579	2458	206421	0	1743	0	0	22991	237	229412	0	0	28283	0	0	500	0	49866	147713			0	137533	135790	-6029	0	0	6384	0	22991	0	0	
106359																																							9053	52055	613923	0	14206	49693	0	96502	2929264	2432335	25956	2683167	0	24658	223675	0	246097	2840	2929264	1201	1201	230320	0	0	81917	0	765559	1666776			0	2098913	2074255	-68980	1654	0	0	0	246097	0	16722	
106452																																							5760	6722	68262	0	1717	9304	1129	5225	663023	557032	3537	579953	0	6892	15000	0	83070	1250	663023	0	0	56440	0	0	27844	0	187569	369463			0	524617	517725	-2464	0	0	0	4384	83070	0	47179	
106676																																							4144	778	4457	0	0	1538	0	1465	101650	73450	373	89823	0	799	16000	0	11827	0	101650	0	0	11942	0	0	0	0	3461	69989			0	88120	87321	-115	251	1696	0	0	11827	0	0	
107244																																							2650502	183318	2610143	0	660789	921998	54543	1862483	40785840	33384965	807446	34655989	0	475721	0	463041	6129851	1104	40785840	0	0	4317292	0	338980	1497334	4504	3832875	29552090			0	32313281	31837560	-24859	0	0	0	537	6129851	0	0	
107570																																							2415	6135	82257	0	1191	8670	0	21472	559044	457916	3950	506266	0	6593	44400	0	52778	22	559044	0	0	43701	0	110	13795	81	53259	404657			-228	431870	425277	-4622	0	0	0	0	52778	0	11546	
107758																																							4024	5469	7072	0	0	357	0	3182	80418	65320	278	73477	0	278	7879	0	6941	100	80418	0	0	583	0	0	6660	0	218	65102			0	60592	60314	-402	0	0	0	0	6941	0	0	
108072																																							55	4494	23791	0	132	2938	0	8541	208181	177538	2431	190969	0	2686	11000	0	17212	10	208181	0	0	14081	0	0	6508	237	29671	147866			0	145203	142517	-3387	25476	0	0	0	17212	0	0	
108269																																							11798	3016	16491	530	0	1100	0	3953	54409	42536	2386	44922	0	219	0	0	9487	50	54409	0	0	10082	0	0	50	0	9430	33106			0	17740	17521	-695	0	0	0	0	9487	0	0	
108652																																							311	5720	0	0	399	335	0	1712	71778	60395	159	60554	0	321	0	0	11224	200	71778	0	0	-2537	0	0	13561	0	11153	49242			0	35156	34835	0	21466	0	0	0	11224	0	7000	
108746																																							4648	327	47095	943	0	503	0	1053	86811	75485	171	75656	0	148	0	0	11155	600	86811	0	0	12182	0	0	600	0	18016	57468			0	32390	32242	-2227	0	0	0	0	11155	0	0	
108951																																							146	15939	230793	0	363	8661	0	13619	771540	635793	4821	711989	0	4415	71375	0	59551	204	771540	0	0	28315	0	0	51386	0	122168	513625			0	491716	487301	-20354	14314	0	0	0	59551	404	0	
109136																																							36914	4674	131655	0	0	3015	0	21544	547827	494821	3662	498483	0	3113	0	0	49344	14488	547827	0	0	24423	0	0	18716	0	114577	380244			0	259672	256559	-8283	0	0	0	0	49344	0	93466	
109154																																							4320	1770	25231	0	0	1120	77	3422	154251	117051	494	143095	0	1341	0	0	11156	100	154251	0	0	3275	0	0	8700	0	23739	93312			0	119652	118311	-919	0	0	25550	0	11156	0	0	
109453																																							25050	4373	33796	0	2191	8686	0	6292	350390	292706	1673	317379	0	2708	23000	0	33011	100	350390	0	0	15586	0	0	18879	0	50151	242555			0	272370	269662	-1554	340	0	0	0	33011	0	0	
109574																																							10955	4111	89547	0	218	7429	0	18903	636312	520378	6030	576123	0	3754	49715	0	60189	0	636312	0	0	5674	0	0	62177	0	102246	418132			0	473781	470027	-7662	0	0	0	0	60189	35122	0	
109659																																							6480	7137	15003	0	138	18454	3956	15380	480310	426110	8723	434833	0	4314	0	0	45477	338	480310	0	0	23938	0	0	21177	0	105636	320474			0	418076	413762	24	0	0	0	0	45477	0	0	
110413																																							688152	2884	343750	0	0	10565	0	94165	1585129	1352944	9428	1364470	0	5413	0	0	220659	200	1585129	14360	0	202532	0	0	17385	0	972384	380560			0	436666	431253	542	0	0	0	2098	220659	0	0	
110936																																							264785	9260	907890	0	10488	4518	228	32014	3205995	2841765	9489	2852212	0	26939	958	0	353783	191500	3205995	0	0	164109	0	0	6000	0	938111	1903654			0	1991658	1964719	-7826	2825	0	0	0	353783	9268	0	
110945																																							4927	13203	46649	0	0	5397	0	8789	352220	302483	968	311960	0	3022	8509	0	40260	125	352220	0	0	28525	0	0	13862	0	83691	218792			0	276001	272979	-2252	276	0	0	0	40260	0	0	
110972																																							5457	626	6527	0	120	1472	0	3115	95149	76185	268	85453	0	636	9000	0	9696	0	95149	0	0	10013	0	0	0	0	11778	64407			0	72692	72056	-317	5776	0	0	0	9696	0	0	
111157																																							4668	6561	2191	0	0	2877	0	5859	102279	71310	853	92928	0	770	20765	0	9351	150	102279	0	0	3415	0	0	6100	0	16132	55178			0	80893	80123	-314	0	0	0	0	9351	0	0	
111205																																							13677	6050	108756	0	581	18435	0	33194	1064499	817755	6148	959370	0	8520	135467	0	105129	0	1064499	0	0	112882	1437	0	0	1036	84482	733273			0	866695	858175	-7753	0	0	0	0	105129	23158	0	
111942																																							69561	11802	75269	0	1394	5932	0	20504	744830	605349	4115	656964	0	6960	47500	0	87866	250	744830	0	0	71385	0	0	19925	0	127140	478209			0	566211	559251	-3694	1050	0	0	0	87866	67	0	
112332																																							334	5069	50206	6272	825	3411	1128	7674	168723	148582	1189	149771	0	1003	0	0	18952	276	168723	0	0	21317	0	0	1000	0	30126	118456			0	94327	93324	-3641	0	0	0	0	18952	0	480	
112510																																							0	6441	5452	0	0	2313	0	2552	121967	112842	551	113393	0	933	0	0	8574	300	121967	0	0	8596	0	0	400	0	21898	90944			-60	93076	92143	-662	13066	0	0	0	8574	0	0	
112556																																							7964	336	10750	0	0	489	0	1303	70073	59871	1195	62566	0	742	1500	0	7507	1	70073	0	0	2193	0	0	5499	0	17208	42663			0	48398	47656	-186	1575	0	0	0	7507	0	0	
112837	53795121	2715108	93580631	7167174	38039258	3958490	55552	23912262	658464240	27030916	560879811	217	23408802	24776975	2265311	97584212	123630	658464240	1702054	1466832	17368568	0	0	85696825	759776		0	453622320	430213518	-5604811	0	586915	97584429	2565296	0	142429	142429	0			93446790							504610433					24776975					1702054	1466832						28128480	476481953							0	0	0	586915		2565296		
113003																																							67441	4381	96292	0	0	2759	0	5706	475408	196656	50257	246913	0	1248	0	0	228495	0	475408	0	0	227879	0	0	0	0	14333	182323			0	67320	66072	616	0	0	0	0	228495	232757	0	
113030																																							12576	1398	19049	0	0	1384	0	1221	152733	131326	1690	133016	0	2976	0	0	19717	55	152733	0	0	12852	0	0	8345	0	33772	97554			0	120081	117105	-1535	0	0	0	0	19717	0	0	
113441																																							99489	12292	176973	0	2964	10835	0	33530	1275496	1127454	8293	1149883	84	8254	10000	0	125529	100	1275496	0	0	108975	0	0	28176	0	293662	833792			0	886917	878663	-11722	0	0	0	4136	125613	4543	56207	
113601																																							173737	6996	459	0	0	19482	19100	13578	1806903	1473041	25505	1503554	0	15702	5008	0	303349	2798	1806903	0	0	275696	0	20000	5190	0	119667	1353374			-301	1578449	1562747	-34	0	0	0	0	303349	877	9927	
113740																																							59695	6596	175550	0	227	20262	0	46179	1316947	1188226	4093	1192319	0	13724	0	0	124628	925	1316947	0	0	78275	0	0	48479	17948	178861	1009365			0	993815	980091	-3051	10399	0	0	0	124628	0	0	
114149																																							452	12144	72475	0	1151	2705	0	14312	289805	221062	3032	251179	0	2629	23600	0	38626	450	289805	0	0	23771	0	0	17926	0	48187	172875			0	185590	182961	-3521	3605	0	0	3485	38626	0	0	
114260																																							234327	24411	2008987	0	1162	51292	269	49563	5099945	3734714	41755	4530699	0	21450	15127	0	569246	31669	5099945	0	0	522079	33273	0	40000	6147	1827090	1907624			0	2711964	2690514	-24502	0	0	0	739103	569246	0	0	
114457																																							15936	1610	107998	0	0	3039	331	4504	294260	264300	2109	266409	0	3060	0	0	27851	200	294260	0	0	39419	0	0	500	0	57690	206610			0	163510	160450	-12268	392	0	0	0	27851	0	0	
114774																																							11936	232	0	0	4111	1181	0	1025	66029	45421	1060	46481	0	398	0	0	19548	0	66029	0	0	19548	0	0	0	509	3638	41783			0	43753	43355	0	0	0	0	0	19548	0	3680	
114840																																							45531	7850	100241	0	0	8041	0	19751	613664	539800	2778	547028	0	5641	4450	0	66636	200	613664	0	0	42881	0	0	26730	0	116127	423673			0	436841	431200	-3175	0	0	0	0	66636	0	1050	
114859																																							486	897	36825	0	0	642	0	1908	93573	69219	455	84148	0	747	3938	0	9425	400	93573	0	0	2424	0	0	6980	0	11105	58114			0	48988	48241	-379	0	0	0	10536	9425	4574	0	
115146																																							1501	4564	0	0	0	1645	0	4350	189283	146140	590	171449	0	1038	24511	0	17834	860	189283	0	0	12974	0	0	4000	0	24898	121242			0	125730	124692	0	0	0	208	0	17834	0	52531	
115575																																							23055	7453	105871	0	2090	8108	0	31619	948632	759744	7239	842706	0	7989	75723	0	105926	635	948632	0	0	107020	0	0	2950	0	161615	598129			0	778425	770436	-4679	0	0	0	0	105926	0	0	
116358																																							9437	2602	13053	135	0	229	0	1140	79657	71830	201	72031	0	333	0	0	7626	75	79657	0	0	1038	0	0	6925	0	20166	51664			0	44329	43996	-412	0	0	0	0	7626	0	9065	
116554																																							48459	5875	162705	0	98	423	0	3723	257422	246911	949	247860	0	227	0	0	9562	100	257422	0	0	-40521	0	0	50534	600	92454	154457			0	17701	17474	-551	18065	0	0	0	9562	0	0	
116741																																							29245	3238	66773	0	0	2041	0	3679	227243	199622	527	200149	0	1712	0	0	27094	120	227243	0	0	29390	0	0	3001	0	32606	167016			0	119656	117944	-5417	4323	0	0	0	27094	0	0	
117038																																							18066	5009	23035	0	0	7452	1064	8852	285111	257009	2784	259793	0	2132	0	0	25318	1200	285111	0	0	23148	0	0	1950	611	52393	204616			0	205472	203340	-980	17682	0	0	0	25318	0	0	
117458																																							8669	4386	394026	0	13390	10586	0	43037	1202363	739237	9641	1017611	0	10677	268733	0	184752	1500	1202363	0	0	134607	0	0	49726	0	86402	652835			0	738514	727837	-1081	0	0	0	0	184752	0	432	
117775																																							25203	1885	40896	0	0	933	0	2578	129587	103284	9093	112377	0	1109	0	0	17210	1	129587	0	0	11445	0	0	7718	0	10706	92578			0	59066	57957	-1954	135	0	0	0	17210	0	0	
118156																																							37424	16936	315743	0	7042	27821	0	57159	1554252	1314426	8631	1378690	0	3225	55633	0	175562	15	1554252	5474	0	63657	0	0	115630	0	142424	1172002			0	1081398	1078173	-3740	8480	0	0	0	175562	0	0	
118660																																							14994	1657	271	0	50	1028	0	3078	246729	195648	955	215605	0	2321	19002	0	31124	800	246729	0	0	29723	0	0	600	0	9992	185656			0	227972	225651	1	0	0	0	0	31124	0	0	
118736																																							14126	4592	106075	0	0	8117	0	11426	307983	271385	2879	274264	0	1931	0	0	33719	500	307983	0	0	19943	0	0	16960	0	74880	196505			0	163309	161378	-3684	0	0	0	0	33719	0	2269	
119153																																							6472	18265	131242	0	0	2226	0	2628	390280	356272	502	356774	0	2947	0	0	33506	4000	390280	0	0	26533	0	0	4000	0	97204	259068			0	231826	228879	-1027	568	0	0	0	33506	0	0	
119779																																							18986	9786	29751	0	1096	29330	0	49197	1669051	1337496	8932	1511340	0	9811	161039	0	157711	0	1669051	3873	3873	157673	0	0	0	2046	175701	1161795			0	1455793	1445982	38	114	0	0	0	157711	469	78421	
119872																																							12286	1128	152406	0	439	5943	0	11022	599500	488579	11551	552438	0	3427	52308	0	47062	0	599500	0	0	24993	0	0	26908	0	87499	401080			0	419703	416276	-4839	0	0	0	0	47062	0	0	
120476																																							100	1181	0	0	0	1790	0	1011	71226	51316	274	63090	0	402	11500	0	8136	0	71226	0	0	8136	0	0	0	0	3832	47484			0	48740	48338	0	43	0	0	0	8136	0	18763	
120542																																							47688	7409	40184	0	78	4059	0	8998	505654	423067	1688	443155	0	6927	18400	0	62499	400	505654	0	0	43294	0	0	18615	0	101259	321808			0	401120	394193	190	2978	0	0	0	62499	67	0	
120609																																							21976	17991	341641	0	612	25576	488	90525	1905036	1658991	17253	1733056	0	12893	56812	0	171980	0	1905036	0	0	196628	0	0	1500	0	512975	1146016			0	1417248	1404355	-26148	0	0	0	0	171980	1872	0	
120953																																							1975	4026	91673	0	296	2216	0	11609	250699	233283	1342	234625	0	1467	0	0	16074	300	250699	0	0	21181	0	0	4500	0	51532	181751			0	140154	138687	-9907	217	0	0	0	16074	0	0	
121642																																							265891	82358	1034788	0	69378	176124	5243	186851	8074068	7008555	83667	7152255	0	71066	60033	0	921813	900	8074068	0	0	312064	0	0	610695	10449	1283890	5724665			0	6290795	6219729	-1846	0	0	0	0	921813	0	23257	
121651																																							43181	1176	1003001	0	0	884	0	10017	1225143	1142337	5073	1147410	0	2494	0	0	77733	480	1225143	0	0	58291	0	0	28500	21681	24659	1117678			0	68597	66103	-9538	79100	0	0	0	77733	0	0	
121914																																							2092	6449	64324	0	2221	5123	36	15828	458972	410888	3312	414902	0	2971	702	0	44070	200	458972	0	0	46408	0	0	2000	0	38161	372727			0	352009	349038	-4538	13861	0	0	0	44070	0	0	
122153																																							11375	2769	29897	500	0	458	0	726	78349	65924	174	66098	0	290	0	0	12251	500	78349	0	0	11495	0	0	1500	0	16512	49412			0	32141	31851	-1244	0	0	0	0	12251	773	0	
122546																																							5615	2368	11038	0	0	5028	0	3678	121037	108384	454	112633	0	1076	3700	0	8404	50	121037	0	0	9119	0	0	200	85	17921	90463			0	94301	93225	-965	0	0	0	95	8404	0	0	
123075																																							3180	436	22522	0	0	391	0	2039	87547	65257	271	74533	0	647	9005	0	13014	0	87547	0	0	15237	0	0	0	0	3218	62039			0	58530	57883	-2223	1096	0	0	0	13014	0	0	
123374																																							4410	1441	0	0	2279	2081	257	1040	99379	78528	141	87669	0	605	9000	0	11710	0	99379	0	0	11710	0	0	0	0	2457	76071			0	74502	73897	0	0	0	0	0	11710	0	13974	
124344																																							26072	5931	79150	0	1760	5931	0	23366	726479	608287	6833	660120	0	7498	45000	0	66359	12000	726479	0	0	35659	0	0	23005	670	80557	527730			0	586931	579433	-4305	16	0	0	0	66359	661	3489	
124830																																							20920	3077	39979	0	0	807	0	7256	195737	155085	915	156000	0	1330	0	0	39737	200	195737	0	0	20557	0	0	19385	0	59193	95892			0	118790	117460	-405	6211	0	0	0	39737	27	0	
125154																																							17201	19387	183590	0	0	15786	3053	19676	478802	384575	11125	399340	0	2611	3640	0	79462	1545	478802	0	0	76556	0	0	2568	0	18450	366125			0	142416	139805	-1207	0	0	0	0	79462	11286	69018	
125855																																							23851	26488	114695	0	3183	21099	3200	22811	1313421	1167052	5566	1178191	0	8226	5573	0	135230	200	1313421	0	0	70487	0	0	68882	887	11495	1155557			0	1104367	1096141	-4339	0	0	0	0	135230	0	1066	
126012																																							4068	3010	113724	0	0	3946	0	27557	485836	422418	11422	449040	0	3401	15200	0	36796	1000	485836	0	0	51910	0	0	1000	0	131373	291045			0	331188	327787	-17114	0	0	0	0	36796	0	5744	
126049																																							8077	1897	21302	0	0	2890	0	3769	123670	108095	271	108701	0	1848	335	0	14969	150	123670	0	0	17867	0	0	600	0	29047	79048			0	80128	78280	-3648	0	0	0	0	14969	0	7455	
126375																																							15017	2322	3462	0	0	1015	0	13259	218786	166234	1545	192779	0	901	25000	0	26007	0	218786	0	0	26524	0	0	0	0	18653	147581			0	96292	95391	-517	0	0	0	0	26007	0	88320	
126553																																							43142	6388	53687	0	2155	6886	0	33463	582836	493396	9229	532225	0	2710	29600	0	50611	1000	582836	0	0	19367	0	0	31649	737	139430	353966			0	439088	436378	-1405	0	0	0	0	50611	0	0	
126834																																							28360	10642	324571	429	0	1749	0	19066	831159	713438	5008	718446	0	5433	0	0	112713	10000	831159	0	0	122597	0	0	10000	634	157109	556329			0	451141	445708	-29884	0	0	0	0	112713	0	0	
127055																																							13761	3972	11321	0	3288	5249	3441	2533	135346	105957	1897	120854	0	803	11000	0	14492	200	135346	0	0	2441	0	0	11858	0	21720	84237			0	84894	84091	-7	0	0	2000	0	14492	0	7690	
127224																																							35367	1912	113515	0	225	4042	0	12186	367501	345032	1436	346468	0	1075	0	0	21033	584	367501	0	0	28947	0	0	2117	0	103561	241471			0	201329	200254	-10615	0	0	0	0	21033	0	0	
128258																																							52341	2591	1846	0	0	1815	0	1805	85877	77717	366	78083	0	393	0	0	7794	261	85877	0	0	2580	0	0	5000	0	22930	54787			0	25872	25479	-47	0	0	0	0	7794	0	0	
128904																																							190766	124428	3825569	0	1340895	190302	0	1531882	30579383	25666442	553739	26436157	0	331841	215976	0	4143226	600	30579383	0	0	1161992	0	0	3207997	22761	6536823	19129619			0	23085064	22753223	-227363	0	0	0	0	4143226	0	599557	
129349																																							294	3016	134772	0	0	4977	70	10382	277418	213859	2561	246989	0	1248	3050	0	30429	140	277418	0	0	33627	0	0	2500	0	28362	185497			0	121052	119804	-5838	1662	0	0	27519	30429	0	2441	
129358																																							29767	1934	0	0	0	3260	0	3049	286582	244203	1469	261365	0	2190	15693	0	25217	100	286582	0	0	15311	0	0	9806	3027	30160	214043			0	247735	245545	0	0	0	0	0	25217	0	0	
129732																																							88911	60184	1405106	0	219754	68851	3394	346257	9630743	7687930	155476	8276573	0	108834	340000	0	1354170	500	9630743	13470	13569	585799	0	0	840946	13621	1859375	5828555			0	7509369	7400535	-73075	0	0	0	79598	1354170	10660	0	
129853																																							2867	1875	85938	0	0	1255	0	7049	255446	211518	854	227870	0	2000	15498	0	27576	0	255446	0	0	26305	0	0	2950	0	36337	175181			0	158458	156458	-1679	0	0	0	0	27576	4	0	
129910																																							29619	6912	48814	0	509	11046	483	15933	614539	530819	6642	558061	0	5927	16000	0	56478	110	614539	0	0	48173	0	0	11129	0	132785	398034			0	498148	492221	-2934	9002	0	0	4600	56478	0	0	
130345																																							791	12113	185168	0	1482	10518	0	18847	639346	593782	5822	599604	0	5537	0	0	39742	249	639346	0	0	50385	0	0	13251	0	193001	400781			0	334848	329311	-24143	80126	0	0	0	39742	90	900	
130541																																							72646	63121	875414	0	179925	92222	1153	290496	6413881	5352972	43394	5644952	0	51299	159949	0	768929	2618	6413881	3883	0	128312	0	0	663995	9778	1156263	4196709			0	4876542	4825243	-25996	0	0	169	88468	768929	0	0	
131436																																							53003	15569	222032	0	0	14910	0	21990	815467	733421	4597	738018	0	8393	0	0	77449	1516	815467	0	0	59069	0	0	16870	0	232024	501397			0	485791	477398	-6	10565	0	0	0	77449	0	0	
131717																																							583	2677	29090	398	0	1082	0	543	68215	61489	598	62827	0	570	0	0	5388	50	68215	0	0	4749	0	0	2952	0	18374	43115			0	28639	28069	-2363	5773	0	0	740	5388	0	0	
131940																																							699	2000	19004	0	0	2459	0	6830	153376	132047	1146	138693	0	844	5500	0	14683	100	153376	0	0	14404	0	0	900	0	12630	119417			0	117237	116393	-721	5991	0	0	0	14683	0	0	
132107																																							115418	17950	126249	0	9107	11703	0	67701	1830082	1458732	33313	1645779	384	14336	153734	0	183919	0	1830082	0	0	141923	0	0	53450	5282	194786	1263946			0	1486351	1472015	-11454	0	0	0	0	184303	1693	2964	
132451																																							2489	3286	52604	690	0	1162	0	1367	185535	155961	341	166712	0	1397	0	0	18823	600	185535	0	0	19443	0	0	800	0	61667	94294			0	123411	122014	-2020	1923	0	0	10410	18823	0	0	
132778																																							8811	3022	3416	0	512	1744	0	2292	71640	64995	320	65315	0	557	0	0	6325	0	71640	0	0	6677	0	0	0	0	30947	34049			0	51892	51335	-352	0	0	0	0	6325	0	508	
132938																																							11089	5849	34703	0	0	1338	0	5228	145425	123552	963	133730	0	1210	9215	0	11695	250	145425	0	0	8903	0	0	5750	0	57931	65621			0	78195	76985	-3208	10233	0	0	0	11695	0	0	
133579																																							12223	3752	107164	0	12	4496	0	20610	637039	490796	7772	568568	0	5559	70000	0	68471	0	637039	0	0	71892	0	0	0	0	92741	398055			0	494341	488782	-3421	0	0	0	0	68471	0	0	
133850																																							127957	30992	737075	4243	22340	29632	21271	83249	2651069	2263116	19677	2417794	2055	18761	85000	0	231220	2000	2651069	0	0	210300	0	0	71020	2960	383328	1879788			0	1591366	1572605	-52100	17953	0	0	50001	233275	792	0	
133971																																							21473	1554	168646	10925	0	2243	0	45333	544915	386094	5512	411606	0	2901	20000	0	133309	0	544915	0	0	146100	0	0	0	0	15036	371058			0	288168	285267	-12791	0	0	0	0	133309	0	9474	
134156																																							5584	4382	4352	0	0	1927	273	4351	144454	119096	1311	128707	0	1296	8300	0	15747	150	144454	0	0	5914	0	0	9650	0	22104	96992			0	103760	102464	33	11250	0	0	0	15747	0	9871	
134437																																							78192	16740	423041	160	6988	26421	1906	51170	1622811	1413554	17316	1430870	0	13682	0	0	191941	201	1622811	0	0	127325	0	0	82357	646	311476	1102078			0	1031229	1017547	-17942	0	0	0	0	191941	0	0	
134455																																							9712	3319	51987	0	0	2210	390	7806	185266	160784	1554	163338	0	1260	1000	0	21928	175	185266	0	0	11951	0	0	13439	0	39468	121316			0	111102	109842	-3637	0	0	0	0	21928	0	0	
134848																																							19779	4142	142171	0	0	1881	0	9747	354961	307500	1055	308555	0	2445	0	0	46406	300	354961	0	0	42356	0	0	6800	0	73115	234385			0	179620	177175	-3050	0	0	0	0	46406	66	0	
135836																																							1208	2122	24549	0	0	1779	67	4532	172594	141194	1018	152712	0	2597	10500	0	19882	300	172594	0	0	10021	0	0	10779	0	34960	106234			0	135109	132512	-1218	5825	0	0	0	19882	0	0	
135854																																							1458	4808	25796	0	0	1381	0	5895	154728	124870	1052	140670	0	964	12737	0	14058	100	154728	0	0	5528	0	0	9400	0	41606	83264			0	116215	115251	-970	0	0	2011	0	14058	0	139	
136048																																							7464	644	34757	0	0	1193	0	6489	190310	149890	1888	174353	0	1432	22575	0	15957	500	190310	0	0	12370	0	0	5150	0	9232	140658			0	141129	139697	-2063	0	0	0	0	15957	66	0	
136338																																							53850	21414	165808	0	7545	11306	20	7321	533315	479875	2129	482004	0	2707	0	0	51311	600	533315	0	0	51263	0	0	14900	0	139378	340497			0	268758	266051	-15452	0	0	0	0	51311	0	0	
136655																																							0	1725	9232	0	516	368	0	4690	104739	77237	786	95023	0	812	17000	0	9716	204	104739	0	0	8514	0	0	2025	0	20083	57154			0	88522	87710	-1027	498	0	0	0	9716	0	0	
137205																																							230282	24685	205755	0	802	31362	400	64559	2714674	2328099	24789	2421717	0	19863	68829	0	292957	0	2714674	0	0	292966	0	0	20000	2588	231177	2096922			0	2167499	2147636	-20009	0	0	0	0	292957	6605	0	
137447																																							3502	6014	159459	0	3250	3714	103	24564	493982	439339	4308	446001	0	3384	2354	0	47981	188	493982	0	0	58922	0	0	3818	0	80624	358715			0	296760	293376	-14947	0	0	0	0	47981	0	0	
137456																																							115	5814	51328	0	0	1975	40	5054	180231	162299	292	168005	0	1447	5414	0	12226	650	180231	0	0	12546	0	0	3650	0	44853	117446			0	108074	106627	-4620	9278	0	0	0	12226	0	0	
137559																																							0	5660	0	0	1490	1063	0	2727	167915	133361	460	133821	0	1604	0	0	34094	200	167915	0	0	33694	0	0	200	0	39010	94351			0	88745	87141	0	24085	0	0	0	34094	0	45749	
137643																																							816	1962	67259	0	820	861	0	3956	169591	131638	634	141911	0	1165	5350	0	27680	600	169591	0	0	27165	0	0	1775	0	28949	102689			0	95082	93917	-1860	0	0	4289	0	27680	0	0	
137652																																							19853	1088	33	0	40439	10154	507	33535	1110261	893703	28591	988724	12930	4412	66430	0	108607	200	1110261	0	0	56056	0	0	52350	74536	410974	482729			0	916097	911685	1	0	0	0	0	121537	0	18431	
137915																																							522549	11533	239152	57479	109358	103341	6677	704308	5766998	4312100	257424	4569524	-8757	85839	0	0	1206231	1	5766998	0	0	77086	0	0	1157548	178	185279	4126821			0	4098262	4012423	-28404	0	0	0	0	1197474	0	0	
138051																																							18330	1979	0	0	608	944	284	2220	176751	142439	774	143213	0	1891	0	0	33538	30	176751	0	0	32883	0	0	625	0	20292	122147			0	124205	122314	0	0	0	0	0	33538	0	30072	
138257																																							21940	1595	64147	0	377	2332	0	2570	136924	131052	507	131559	0	569	0	0	5365	100	136924	0	0	11766	0	0	272	0	59731	71321			0	44532	43963	-6773	0	0	0	0	5365	0	0	
138556																																							3091	2149	16164	0	200	2277	0	4822	123047	111115	1277	112392	0	482	0	0	10655	122	123047	0	0	10403	0	0	2378	0	35951	75164			0	60378	59896	-2248	3008	0	0	0	10655	0	31440	
139133																																							377	7180	37505	0	1883	6198	1467	9593	356754	319629	4580	324209	0	3137	0	0	32545	380	356754	0	0	19604	0	0	14189	0	61594	258035			0	276347	273210	-1628	19341	0	0	0	32545	0	0	
139478																																							2937	5882	288	0	0	10340	0	31011	940390	686757	2019	848269	0	4869	148562	0	92121	23	940390	0	0	84555	0	0	7539	0	101470	585287			0	708156	703287	4	375	0	0	10931	92121	34	186236	
139553																																							56308	18658	371415	0	90	40797	880	26260	1964393	1727625	11998	1827090	0	16465	87467	0	137303	1000	1964393	0	0	125743	0	0	36300	247	351970	1375655			0	1466203	1449738	-25740	0	0	0	0	137303	0	0	
139656																																							519149	90621	1026496	0	109439	136355	5388	286147	6326745	5181640	45693	5577405	0	52757	310208	0	749340	1326	6326745	0	0	81690	0	0	660213	1392	1214998	3966642			0	4198180	4145423	6111	255	0	0	39864	749340	832	5248	
139740																																							325639	24034	468447	0	0	108380	0	122499	4141577	3474630	30706	3775336	0	30525	270000	0	366241	3000	4141577	0	0	213199	0	0	218619	0	546517	2928113			0	3001690	2971165	-68577	0	121413	0	0	366241	0	0	
139843																																							77259	39298	669729	317	14918	28116	158	88408	3425975	2884429	20868	3099046	0	37868	190000	0	326929	1694	3425975	3749	3749	255256	7931	0	89342	2366	485892	2398537			0	2525489	2487621	-19363	0	0	0	0	326929	6015	90	
140157																																							3399	13361	111798	0	4173	9770	0	11233	521779	399748	2448	426862	0	3997	24666	0	94917	1024	521779	0	0	58609	20	0	38732	0	94528	305220			0	372022	368025	-3448	0	0	0	0	94917	0	0	
140362																																							89735	34670	510950	0	25	22787	0	148995	4087875	3176480	44791	3705612	0	58835	484341	0	382263	36759	4087875	0	0	345489	0	0	0	0	1407981	1768499			0	3335882	3277047	15	0	0	0	0	382263	3666	0	
140634																																							934	3482	39401	0	0	1008	255	1621	85722	83787	480	84267	0	323	0	0	1455	200	85722	0	0	2202	0	0	5500	0	25787	58000			0	28454	28131	-6447	10500	0	0	0	1455	0	390	
141350																																							350	5310	13209	0	664	1553	8	4261	166850	143098	706	152804	0	774	9000	0	14046	300	166850	0	0	15061	0	0	400	0	31232	111866			0	131184	130410	-1715	11085	0	0	0	14046	0	0	
141556	200376	13293	106222	5751	70812	20526	38189	35918	3343693	67745	2755337	29084	96277	111401	0	559272	478	3343693	0	0	553306	16136	0	5606	0		0	2932585	2836308	-118	0	0	588356	162	0	0	0	0			106222							2576191					111401												243682	2332509							0	0	0	0		162		
141677																																							290	236	0	0	0	177	0	2963	55539	41537	697	42234	0	185	0	0	13305	0	55539	0	0	13305	0	0	0	0	0	41537			0	37071	36886	0	3840	0	0	0	13305	0	11147	
141958																																							4360	4375	45917	0	0	1283	426	3833	134552	109782	684	110466	0	807	0	0	24086	200	134552	0	0	29203	0	0	500	0	24983	84799			0	74509	73702	-5817	656	0	0	0	24086	0	0	
142049																																							1293	91	62273	0	0	685	0	3179	164074	133787	1108	147495	0	1401	12600	0	16579	550	164074	0	0	21437	0	0	1780	0	24847	108940			0	97199	95798	-7188	688	0	0	0	16579	67	0	
142179																																							1293	1791	8363	0	0	1412	0	3428	154768	105243	1942	111685	0	297	4500	0	43083	0	154768	0	0	43551	0	0	0	0	147	105096			0	40140	39843	-468	0	694	0	0	43083	0	97944	
142955																																							186162	2525	119188	0	814	7053	0	15185	936317	843251	8455	851706	0	7776	0	0	84611	1271	936317	0	0	19516	0	0	64191	0	157884	685367			0	612973	605197	-367	193	0	0	0	84611	0	0	
143372																																							10053	3746	9541	0	0	5433	0	3360	189337	169724	1893	171617	0	1893	0	0	17720	159	189337	0	0	15197	0	0	2507	0	38165	131559			0	158065	156172	-143	7	0	0	0	17720	0	1025	
143662																																							1869324	510217	11112060	343652	2297602	572923	2440	2410257	66821352	54336279	933011	58679507	0	466424	3202952	0	8141845	3576107	66821352	19370	0	-681979	0	0	5446182	262273	17543729	36792550			0	47776333	47309909	-198465	2	0	0	207265	8141845	93323	18000	
143859																																							17694	6785	66460	0	1923	8767	0	15656	478812	405072	2066	433281	0	4135	26143	0	45531	350	478812	0	0	10085	0	0	35650	0	73194	331878			0	356518	352383	-554	8077	0	0	0	45531	67	1000	
143952																																							1502	7812	59661	0	1405	7631	0	7080	266853	194970	1147	247227	0	2078	51110	0	19626	390	266853	0	0	14919	0	0	10670	0	53569	141401			0	159584	157506	-6353	155	0	0	0	19626	0	24101	
144052																																							87226	4381	154470	0	0	5291	0	7216	631270	543483	3277	555326	0	5275	0	0	75944	6000	631270	0	0	62932	0	0	9000	0	30751	512732			0	377892	372617	-1988	0	0	0	8566	75944	69	0	
144155																																							2558	10100	142863	0	0	14505	0	2680	481944	360924	10512	450476	0	3613	9000	0	31468	300	481944	0	0	6196	0	0	32700	0	80951	279973			0	312851	309238	-7728	0	0	0	70040	31468	0	0	
144678																																							19199	5443	69172	0	263	2879	0	29156	573099	506202	3884	520086	0	1795	10000	0	53013	0	573099	0	0	59644	0	0	0	0	38584	467618			0	448782	446987	-6631	0	0	0	0	53013	0	0	
144856																																							63315	5604	85144	0	317	11302	0	6845	473210	430370	4036	434406	0	3811	0	0	38804	4860	473210	0	0	9280	0	0	26250	262	111612	318758			0	302096	298285	-1586	2136	0	0	0	38804	0	0	
144913																																							205	4923	56705	0	0	5516	0	6284	470382	359438	3392	399030	0	2272	36200	0	71352	200	470382	0	0	77337	0	0	500	0	80097	279341			0	253753	251481	-6685	355	0	0	0	71352	0	144913	
145059																																							25134	3320	43275	0	0	1074	0	5348	139498	128025	1101	129126	0	925	0	0	10372	300	139498	0	0	9417	0	0	1000	0	22938	105087			0	57189	56264	-345	5083	0	0	0	10372	0	0	
145545																																							17484	12570	109198	0	11906	12807	509	33684	929773	764498	5821	841469	0	8361	25000	0	88304	133	929773	0	0	55380	0	0	38637	622	144568	619930			0	542562	534201	-5846	36203	0	0	46150	88304	0	160589	
145554																																							46214	5009	9023	0	0	3693	0	7275	278077	236488	1629	238117	0	3104	0	0	39960	1280	278077	0	0	36174	0	0	2811	0	123653	112835			0	203833	200729	-305	634	0	0	0	39960	0	5500	
145741																																							19502	7403	69963	0	0	2359	0	3724	267560	238151	851	241559	0	1612	0	0	26001	334	267560	0	0	24629	0	0	2100	0	71351	166800			0	164871	163259	-1062	1350	0	0	2557	26001	0	0	
145844																																							60550	7162	207463	0	4700	8998	0	21060	675926	605805	3121	608926	0	5749	0	0	67000	242	675926	0	0	51975	0	0	24518	0	150878	454927			0	371742	365993	-9735	0	0	0	0	67000	0	0	
146056																																							1268	567	12135	0	0	748	0	2627	77144	69770	769	70539	0	943	0	0	6605	500	77144	0	0	123	0	0	5974	0	10055	59715			0	50384	49441	8	908	8793	0	0	6605	657	0	
146663																																							48771	9997	454035	0	0	12490	0	82049	1342665	1029665	5615	1160280	0	18523	125000	0	182385	2967	1342665	0	0	227042	0	0	4524	1	336434	693231			0	753494	734971	-52148	0	0	0	0	182385	351	0	
147651																																							999	1573	8498	0	0	1098	116	1250	68710	59521	263	59784	0	811	0	0	8926	500	68710	0	0	7976	0	0	500	0	11796	47725			0	52929	52118	-50	3058	0	0	0	8926	0	0	
147679																																							5932	3222	1939	5	0	9077	0	13605	378104	296264	3664	342621	0	1675	42693	0	35483	0	378104	0	0	35627	0	0	0	0	29165	267099			0	309831	308156	-144	0	0	0	0	35483	0	36168	
147857																																							17030	3148	16610	0	0	1495	0	8141	322294	280877	1481	299196	0	2359	16838	0	23098	750	322294	0	0	5648	0	0	24250	0	47061	233816			0	213429	211070	-7550	0	0	0	0	23098	0	64800	
147923																																							24494	3448	19671	0	0	9778	0	13050	667847	592567	2725	595292	0	3457	0	0	72555	1640	667847	0	0	64811	0	0	7656	0	182872	409695			0	496066	492609	-1552	243	0	0	0	72555	0	104554	
148171																																							4708	1271	70142	0	3481	3949	650	15552	365240	282591	2381	324972	0	2778	40000	0	40268	338	365240	0	0	43226	517	0	0	0	50532	232059			0	262318	259540	-3296	5430	0	0	0	40268	0	0	
148238																																							30748	5227	24476	50	0	9396	2500	15512	410719	357075	2142	359252	0	3128	35	0	51467	125	410719	0	0	44985	0	0	7451	0	49246	307829			0	305926	302798	-1094	20012	0	0	0	51467	0	0	
148340																																							24104	2270	18585	0	0	1870	0	3848	135733	124901	939	125840	0	529	0	0	9893	399	135733	0	0	8974	0	0	1506	0	27926	96975			0	85550	85021	-986	0	0	0	0	9893	35	0	
148470																																							12996	2203	0	0	0	4074	0	14380	300925	237163	12238	271401	0	1381	22000	0	29524	100	300925	0	0	29414	0	0	0	0	59813	177350			0	243152	241771	10	500	0	0	0	29524	0	25001	
148715																																							23541	4116	37507	0	0	2278	0	2478	170524	146513	406	146919	0	741	0	0	23605	240	170524	0	0	14639	0	0	10656	0	35843	110670			0	101345	100604	-1930	0	0	0	0	23605	0	0	
149150																																							13312	4460	28205	0	1899	4981	0	2550	254098	206614	1674	233866	0	3000	25578	0	20232	100	254098	0	0	11819	0	0	9873	1531	41991	164623			0	198789	195789	-1560	1354	0	0	0	20232	17	0	
150035																																							79478	22903	556275	0	9021	28803	222	66671	1785669	1593304	18333	1613582	95	8037	1945	0	171992	1750	1785669	0	0	175533	0	0	27333	887	484597	1108707			0	1005688	997651	-32624	80	0	0	0	172087	0	23678	
150044																																							67169	17349	85487	747	2437	17946	0	36393	1078615	903171	8591	972279	0	9105	60517	0	106336	2000	1078615	0	0	47227	2308	0	58000	1367	187449	715722			0	844588	835483	-891	11929	0	0	0	106336	0	0	
150727																																							15093	11935	264599	0	10906	27978	0	52352	1235216	1035231	22341	1116572	0	8808	59000	0	118644	725	1235216	0	0	138691	0	0	1381	802	105250	929981			0	856897	848089	-22153	0	0	0	0	118644	0	3462	
151957																																							32672	7979	212853	0	7144	9944	667	30707	1154050	920034	5507	1033089	0	10479	103520	0	120961	500	1154050	50214	4028	50191	1663	0	81500	1535	93346	826688			0	807380	796901	-11230	1674	0	0	0	120961	97	0	
152057																																							14801	4339	26423	0	0	3166	0	5709	186200	158720	4003	162723	0	2088	0	0	23477	200	186200	0	0	20004	0	0	4703	0	65261	93459			0	133850	131762	-1430	0	0	0	0	23477	0	0	
152253																																							3430	3259	36712	0	0	1755	0	2960	289665	247811	606	249592	0	3344	0	0	40073	50	289665	0	0	30316	0	0	9950	0	58195	189616			0	130334	126990	-243	0	0	1175	0	40073	0	114559	
152440																																							38059	2381	15245	0	55	530	325	1923	177236	146981	562	147543	0	2099	0	0	29693	50	177236	0	0	29644	0	0	500	0	21049	125932			0	120817	118718	-501	0	0	0	0	29693	0	0	
153054																																							42612	11691	78215	0	922	3403	0	19434	705139	569058	5089	637107	0	11009	62960	0	68032	3792	705139	0	0	66355	0	0	5000	174	202333	366725			0	558978	547969	-7115	719	0	0	0	68032	0	0	
153353																																							50187	22221	319179	0	32786	20838	0	77993	1579827	1340140	15292	1435484	0	15546	65200	0	144343	600	1579827	0	0	81034	0	0	86314	2509	215908	1124232			0	1069660	1054114	-23605	0	0	0	14852	144343	0	0	
154154																																							7739	9944	348023	0	7933	14541	2681	39883	1055323	873398	5079	919477	0	6893	41000	0	135846	1200	1055323	0	0	130042	0	0	19743	0	223617	649781			0	528661	521768	-15139	0	0	0	0	135846	0	102811	
154770																																							151308	1257	76747	0	33	5831	0	44177	1252824	936065	17824	1000816	0	35562	46927	0	252008	0	1252824	0	0	256981	0	0	0	0	99001	837064			0	977623	942061	-4973	460	0	0	0	252008	30950	0	
155759																																							14981	2115	24975	0	0	666	0	1759	111053	93021	164	93185	0	519	0	0	17868	100	111053	0	0	15553	0	0	3300	0	22759	70262			0	67076	66557	-1085	0	0	0	0	17868	0	0	
156457																																							1025	4395	10388	0	472	787	0	1163	105034	94392	690	96107	0	974	1025	0	8927	110	105034	0	0	1613	0	0	7500	0	17182	77210			0	87747	86773	-296	31	0	0	0	8927	0	0	
156970																																							13926	1428	347	0	0	1460	0	4682	155405	132791	878	133748	0	2405	79	0	21657	0	155405	0	0	21672	0	0	0	0	28590	104201			0	135967	133562	-15	0	0	0	0	21657	0	0	
157155																																							328	2387	27243	0	0	750	0	4329	89543	67741	566	80342	0	617	12035	0	9201	500	89543	0	0	1288	140	0	9500	0	15762	51979			0	51793	51176	-2087	3190	0	0	0	9201	0	0	
157379																																							13328	310	0	0	0	1517	0	846	138458	125072	385	125457	0	386	0	0	13001	0	138458	0	0	0	0	0	13001	0	20615	104457			0	103848	103462	0	3503	0	0	0	13001	0	15492	
157650																																							18520	1570	20921	0	2057	3074	0	2146	128779	112420	1136	113556	0	555	0	0	15223	596	128779	0	0	4249	0	0	10393	0	34780	77640			0	81046	80491	-15	0	0	0	0	15223	0	0	
157744																																							328	4001	57596	0	556	7093	0	14383	352471	309861	3524	328385	0	3103	15000	0	24086	101	352471	0	0	14299	0	0	15179	0	54081	255780			0	266258	263155	-5493	3775	0	0	0	24086	84	1500	
157856																																							18778	845	12907	0	0	453	0	455	54844	43414	80	46803	0	261	1000	0	8041	100	54844	0	0	8296	0	0	800	0	16309	27105			0	20949	20688	-1155	718	0	0	2309	8041	0	0	
158376																																							11251	1342	0	0	0	2055	27	1452	137671	104698	312	105010	0	1021	0	0	32661	0	137671	0	0	32666	0	0	0	0	26010	78688			0	107061	106040	-5	0	0	0	0	32661	8	15496	
158741																																							20643	3333	53724	0	0	763	0	8772	237171	198836	1463	205401	0	1544	5102	0	31770	400	237171	0	0	33242	0	0	2900	0	30692	168144			0	151480	149936	-4772	0	0	0	0	31770	0	0	
159636																																							326143	31445	966504	0	7673	67982	515	168146	5876656	5252535	41464	5298158	0	55034	4159	0	578498	6995	5876656	0	0	611270	0	0	15398	2361	425101	4827434			0	4351129	4296095	-55165	9792	0	0	0	578498	0	0	
159645																																							1546	371	60267	0	0	1275	0	5586	169620	133471	1195	157166	0	560	22500	0	12454	240	169620	0	0	12690	0	0	2760	0	24330	109141			0	80090	79530	-3236	2190	0	0	0	12454	0	18855	
159953																																							22088	1573	77490	0	0	728	192	2056	208751	180184	914	182501	0	1727	1403	0	26250	1200	208751	0	0	24921	0	0	1800	0	33786	146398			0	75745	74018	-1671	0	0	0	0	26250	0	30606	
159971																																							77910	3932	0	0	26094	7782	0	50772	1142696	895373	12290	957663	0	5582	50000	0	185033	0	1142696	0	0	121015	0	0	64858	0	125548	769825			0	840950	835368	-840	0	0	0	0	185033	33	140805	
160360																																							16663	11722	155158	0	0	14603	157	22144	811846	709044	7760	724304	0	8237	7500	0	87542	2289	811846	0	0	53447	0	0	36092	0	162270	546774			0	599636	591399	-4286	0	0	0	0	87542	0	0	
160454																																							53763	5531	56190	0	1088	2337	0	8647	274348	245123	1695	246818	0	3198	0	0	27530	100	274348	0	0	21602	0	0	8371	676	79951	165172			0	149247	146049	-2543	0	0	0	0	27530	67	0	
160959																																							138892	15412	418061	151	0	4771	3744	37512	2642787	2217306	13922	2315816	0	38703	72598	0	326971	506	2642787	0	0	315341	0	0	5656	0	230741	1986565			0	2061211	2022508	5468	0	0	0	11990	326971	0	1736	
161273																																							73329	19353	313833	0	136067	41862	0	136669	3233778	2620054	45321	2756252	0	12170	90877	0	477526	1	3233778	0	0	39512	0	0	440348	0	596482	2023572			0	2472185	2460015	-2335	638	0	0	0	477526	0	52012	
161602																																							288570	46026	501998	0	10959	45678	816	89993	5315449	4384014	73404	4857418	69	37570	400000	0	457962	8000	5315449	0	0	416000	0	0	46314	4037	857558	3526456			0	3921575	3884005	-12352	519	0	0	0	458031	7953	434895	
162337																																							213401	32625	183728	0	5054	14295	2850	32946	1594707	1446383	14231	1460614	0	17559	0	0	134093	200	1594707	0	0	112587	0	0	32678	2658	286631	1159752			0	1074709	1057150	-11372	0	50000	0	0	134093	0	0	
163343																																							11999	4150	0	0	429	1923	0	2451	111532	91699	370	92069	0	1342	0	0	19463	400	111532	0	0	18463	0	0	600	0	26291	65408			0	91922	90580	0	0	0	0	0	19463	0	0	
163549																																							26088	32716	346374	1783	22473	32380	1222	78806	2077345	1742715	38086	1921222	0	15651	140421	0	156123	316	2077345	0	0	100996	0	0	79229	1687	329357	1413358			0	1544678	1529027	-24418	1764	0	0	0	156123	0	3025	
163857																																							10972	36938	111467	0	0	6604	0	30523	809540	667794	8907	716814	0	9583	37779	0	92726	500	809540	0	0	92953	0	0	1250	1881	148494	519300			0	602707	593124	-1977	111	0	0	2334	92726	0	17920	
164153																																							6969	2016	56834	0	360	1940	0	2223	143503	129161	907	130068	0	753	0	0	13435	650	143503	0	0	6660	0	0	9350	371	40674	88487			0	73383	72630	-3225	92	0	0	0	13435	68	0	
164331																																							3061	4433	150906	0	24	1759	0	11830	359873	329735	762	330497	0	1554	0	0	29376	1100	359873	0	0	36300	0	0	1600	0	96177	233558			0	183364	181810	-9624	6050	0	0	0	29376	0	0	
164377																																							2010	994	9819	0	0	3662	744	9651	159702	133897	3149	143546	0	1377	6500	0	16156	0	159702	0	0	16266	0	0	0	0	13363	120534			0	134199	132822	-110	0	0	0	0	16156	0	0	
164957																																							12090	3568	12994	0	0	3371	50	1524	127511	112626	739	113365	0	1228	0	0	14146	200	127511	0	0	13512	0	0	959	0	23638	88988			0	93242	92014	-525	1900	0	0	0	14146	0	0	
164975																																							8601	409	12092	0	46	819	0	4238	135259	117654	239	122893	0	734	5000	0	12366	0	135259	0	0	675	0	0	12405	0	7918	109736			0	109788	109054	-714	0	0	0	0	12366	0	0	
165628	597338	174117	3971931	70754	1094985	253134	184	1499097	20985843	777868	18249008	329	186487	699511	7500	2736506	10075	20985843	0	0	988869	0	0	1927504	16952		0	13424070	13237583	-189942	0	0	2736835	11223	58545	0	0	0			3971931							16764129					699511					0	0						3819288	12944841							0	0	0	0		11223		
165758																																							23285	2861	44627	0	0	1302	0	6028	190823	173295	1227	174522	0	1464	0	0	16301	10	190823	0	0	4496	0	4000	7990	1684	55770	117525			0	112500	111036	-195	0	0	0	0	16301	0	0	
166111																																							15200	3528	2945	0	0	6866	118	28769	365975	288861	5873	317834	0	1298	23100	0	48141	0	365975	0	0	51007	0	0	0	0	39411	249450			0	309747	308449	-2866	100	0	0	0	48141	0	0	
166531																																							86216	4259	32086	0	0	11946	3738	13667	446407	396406	1573	398087	0	5319	108	0	48320	8000	446407	0	0	33851	0	0	8000	0	88871	307535			0	299814	294495	-1531	0	0	0	0	48320	0	0	
166652																																							71890	3519	87584	0	3218	8033	0	9639	757769	666404	6853	679445	0	10130	6188	0	78324	500	757769	0	0	34647	0	0	45892	0	198974	467430			0	583147	573017	-2715	0	0	0	0	78324	2	867	
167453																																							262	5080	42536	0	298	2850	0	4188	151509	118727	777	129199	0	1011	6500	0	22310	150	151509	0	0	21683	0	0	1573	0	28822	89905			0	97306	96295	-1096	0	0	3195	0	22310	0	0	
167752																																							686	1048	12104	0	1065	205	0	809	32822	27353	98	27706	0	200	255	0	5116	50	32822	0	0	2416	0	0	2825	0	6617	20736			0	15640	15440	-175	1465	0	0	0	5116	0	0	
168571																																							604	7243	56540	0	3022	23325	0	14435	481563	438077	1682	439759	0	4613	0	0	41804	2	481563	0	0	7002	0	0	40040	0	71853	366224			0	367181	362568	-5240	13825	0	0	0	41804	0	1	
169354																																							29638	9314	472094	0	0	1476	0	15185	624190	561056	1435	562491	0	3183	0	0	61699	1137	624190	0	0	60520	0	0	3607	0	202044	359012			0	99666	96483	-3565	0	0	0	0	61699	0	0	
169653																																							249991	70896	1053567	0	31537	135705	204	208212	6652312	5973955	89486	6116641	0	41467	53200	0	535671	81000	6652312	5602	0	47792	0	0	513303	13131	1409144	4564811			0	4017449	3975982	-106424	0	0	0	0	535671	1775	905710	
169756																																							108362	8189	6320	0	0	8885	0	13890	866586	780251	140	781213	0	5165	822	0	85373	672	866586	0	0	66139	0	0	18560	0	264897	515354			0	477738	472573	2	0	0	0	0	85373	0	248367	
170257																																							12581	1792	29999	0	0	879	0	3154	74151	64844	318	65162	0	312	0	0	8989	300	74151	0	0	9311	0	0	300	0	30305	34539			0	26058	25746	-922	0	0	0	0	8989	0	0	
170275																																							33954	4516	73157	138	0	5313	0	12987	387496	344732	2540	348058	0	1276	786	0	39438	0	387496	0	0	42794	0	0	0	0	60084	284648			0	247852	246576	-3356	0	0	0	0	39438	0	10855	
170332																																							37614	3818	25723	0	0	11898	0	9059	376464	341100	2061	346252	0	3777	3091	0	30212	1400	376464	0	0	23455	0	0	9366	0	59430	281670			0	292129	288352	-4009	0	0	0	0	30212	0	0	
171133	22185	4087	699	0	0	2003	0	1273	84840	2405	76787	0	1192	0	0	8053	14804	84840	0	0	-12021	0	0	5299	0		0	55785	54593	-29	0	50	8053	0	0	0	0	0			699							74332					0												20018	54314							0	0	0	50		0		
171656																																							18791	651	38392	0	289	3547	110	6486	204864	183444	813	188257	0	1605	4000	0	16607	400	204864	0	0	13831	0	0	2700	0	44984	138460			0	138203	136598	-324	0	0	0	0	16607	0	0	
171759																																							1048	3241	37053	0	565	7591	0	8664	213562	185705	904	196614	0	1860	10005	0	16948	700	213562	0	0	15563	0	0	4577	0	41463	144242			0	152360	150500	-3892	4900	0	0	0	16948	0	0	
171768																																							57733	12427	171127	29	236	38534	4196	16735	1288008	1046461	4680	1123282	0	7695	72141	0	164726	656	1288008	0	0	157754	0	0	13350	1359	243006	803455			0	993327	985632	-7034	0	0	0	0	164726	0	0	
172251																																							2846	1896	2782	0	5420	1119	0	466	71033	58678	127	58805	0	735	0	0	12228	100	71033	0	0	72	0	0	12048	0	15222	43456			0	55292	54557	8	1947	0	0	0	12228	0	0	
172457																																							42559	2192	5298	0	293	9791	0	15251	417511	378490	1640	385131	0	3344	5000	0	32380	980	417511	0	0	23411	0	0	11223	0	83798	294692			0	344971	341627	-3234	0	0	1	0	32380	0	500	
172475																																							66795	4667	2415	0	272	8189	0	16003	588900	514497	5040	539069	0	2871	19532	0	49831	100	588900	0	0	40739	0	0	9000	0	65797	448700			0	445376	442505	-8	0	0	0	0	49831	0	48054	
172859																																							5607	6689	27284	0	4942	1024	0	9005	230264	199022	884	201256	0	1961	1350	0	29008	210	230264	0	0	21156	0	0	8240	0	58697	140325			0	166315	164354	-598	0	0	0	0	29008	66	11293	
173306																																							6232	6930	154093	7436	337	11129	0	20489	556957	505608	5814	513148	0	1309	1726	0	43809	400	556957	0	0	52080	0	0	1000	0	21865	483743			0	351620	350311	-9671	0	0	0	0	43809	0	0	
173557																																							5825	2476	61900	0	0	5226	2604	2752	305144	268552	731	269283	0	3598	0	0	35861	750	305144	0	0	29731	0	0	5745	0	81339	187213			0	226052	222454	-365	2	0	0	0	35861	0	1905	
173575																																							3968	7792	253096	0	0	13827	0	45362	2049182	1806624	11877	1876681	0	8392	58180	0	172501	0	2049182	0	0	190634	0	0	0	0	339826	1466798			0	1668751	1660359	-18133	0	0	0	0	172501	35345	29433	
173641																																							49680	7429	86098	0	0	2025	0	6566	465073	421539	2805	424344	0	3324	0	0	40729	900	465073	0	0	44251	0	0	1000	0	75056	346483			0	316599	313275	-5422	0	0	0	0	40729	0	0	
173959																																							1952	1193	58554	0	0	742	0	5605	96582	83304	540	83844	0	209	0	0	12738	276	96582	0	0	15742	0	0	276	0	24001	59303			-15	26570	26361	-3541	2175	0	0	0	12738	0	0	
174321																																							18606	4187	32414	0	0	7808	0	1691	193790	176549	554	177103	0	2109	0	0	16687	2322	193790	0	0	6824	0	0	8552	0	91779	84770			0	131193	129084	-1011	0	0	0	0	16687	0	0	
174367																																							7553	366	16544	0	2575	886	625	1078	61415	52498	471	52969	0	197	0	0	8446	500	61415	0	0	2166	0	0	7336	0	15648	36850			0	22040	21843	-1556	0	0	0	0	8446	0	9945	
174572																																							284688	56007	1122017	0	120302	98673	0	709360	11018560	8526735	180083	9915908	0	67201	1209090	0	1102652	0	11018560	0	0	685397	0	0	520813	0	1600054	6926681			-28782	8292009	8224808	-74776	0	0	0	0	1102652	6472	396233	
175056																																							41237	6537	16450	0	2434	7548	350	14258	462981	419600	4518	424118	0	3533	0	0	38863	660	462981	0	0	26857	0	0	11292	0	105305	314295			0	377700	374167	54	0	0	0	0	38863	0	0	
175140																																							24884	8221	169300	0	7434	7467	0	21466	635794	530688	2911	574027	0	4700	33352	0	61767	375	635794	0	0	59961	0	0	11794	0	168636	362052			0	401282	396582	-10363	440	0	0	7076	61767	0	0	
175458																																							4157	1092	5549	0	0	124	0	821	37522	33584	133	33717	0	484	0	0	3805	100	37522	0	0	945	0	0	2800	0	6738	26846			0	16097	15613	-40	0	0	0	0	3805	0	10166	
175609																																							39448	3458	99769	0	2380	6033	0	4334	308458	268480	2893	271373	0	2516	0	0	37085	2400	308458	0	0	34159	0	0	520	0	132676	135804			0	136368	133852	6	9580	0	0	0	37085	0	9604	
176101																																							172592	31611	419406	0	0	19270	0	86137	2650965	2324730	24493	2359223	0	28335	10000	0	291742	1000	2650965	0	0	232549	0	0	106000	0	740013	1584717			0	1950284	1921949	-47807	0	0	0	0	291742	0	0	
176325																																							205	2056	48083	0	0	3631	0	8954	354811	303425	1499	317224	0	4394	12300	0	37587	420	354811	0	0	39343	0	0	705	0	76698	226727			0	286956	282562	-2881	9231	0	0	0	37587	89	0	
176437																																							19610	894	25961	0	0	288	0	3214	98163	88649	698	89347	0	491	0	0	8816	200	98163	0	0	6822	0	0	4200	0	32201	56448			0	48687	48196	-2406	0	0	0	0	8816	0	0	
176464																																							138245	31809	332367	3062	19178	13854	10993	35663	1373996	1189802	8469	1247223	0	9711	0	0	126773	2500	1373996	0	0	75473	0	0	81751	433	327301	862501			0	795508	785797	-32951	0	0	0	48952	126773	0	2595	
176642																																							23544	1706	15190	0	815	2856	27	4004	187361	169367	517	170884	0	1623	1000	0	16477	400	187361	0	0	15846	0	0	400	388	18566	150801			0	140454	138831	-169	0	0	0	0	16477	0	0	
177135																																							0	3471	0	0	0	57	0	318	32370	23481	6	23487	0	162	0	0	8883	500	32370	0	0	7783	0	0	600	0	14095	9386			0	10546	10384	0	855	0	0	0	8883	0	17285	
177443																																							3622	2074	99937	0	0	27	0	6340	198046	172563	1460	175323	0	948	0	0	22723	280	198046	0	0	24780	0	0	3670	0	27548	145015			0	82033	81085	-6007	4961	0	0	1300	22723	0	0	
177500																																							9885	1848	0	0	0	2332	275	715	87627	76909	564	77473	0	979	0	0	10154	50	87627	0	0	10054	0	0	50	0	19321	57588			0	73551	72572	0	0	0	0	0	10154	0	0	
177555																																							2995	765	6462	0	0	257	0	1745	37313	31202	193	34395	0	214	3000	0	2918	125	37313	0	0	2397	0	0	545	0	9880	21322			0	25303	25089	-149	0	0	0	0	2918	0	0	
177751																																							333088	25486	62062	0	136	335	0	17037	1438529	1224054	13107	1237161	0	13088	0	0	201368	2500	1438529	0	0	194673	0	0	6907	0	515592	708462			0	1013473	1000385	-2712	0	0	0	0	201368	0	0	
177920																																							20170	19653	155543	0	42361	22699	0	70782	1901612	1473787	15262	1667247	0	22707	178198	0	234365	8541	1901612	0	0	161558	0	0	80509	0	376635	1097152			0	1585426	1562719	-16243	7685	0	0	0	234365	0	0	
178150																																							15267	11311	101546	0	0	1970	0	8772	297047	272275	2860	275135	0	1911	0	0	21912	169	297047	0	0	24841	0	0	3702	0	47996	224279			0	158127	156216	-6800	1635	0	0	0	21912	0	330	
178244																																							12579	16437	29885	0	0	623	0	3661	188475	159081	791	164879	0	1563	5007	0	23596	137	188475	0	0	23261	0	0	1350	0	35376	123705			0	126853	125290	-1152	0	0	0	0	23596	0	0	
178356																																							15626	4293	9330	0	0	2408	123	1901	154813	140925	384	141309	0	331	0	0	13504	50	154813	0	0	10873	0	0	5950	0	37117	103808			0	68506	68175	-3369	8125	0	0	0	13504	0	44832	
178851																																							8937	6747	264286	0	541	11988	0	12252	586478	530860	2860	533720	0	5356	0	0	52758	1701	586478	0	0	63242	0	0	3562	0	183886	346974			0	287041	281685	-15747	0	0	0	0	52758	42	0	
179148																																							6623	3780	32586	0	0	4714	0	8571	269686	224411	2676	237100	0	1968	10013	0	32586	760	269686	0	0	30164	0	0	2240	0	58381	166030			0	215380	213412	-578	0	0	0	0	32586	0	0	
179335																																							40027	5386	84306	0	0	2585	28	10171	229895	206550	1445	207995	0	1350	0	0	21900	560	229895	0	0	4290	0	0	24460	0	55819	150731			0	88492	87142	-7410	250	0	0	0	21900	0	0	
179700																																							3963	5486	149850	0	249	9915	1650	40545	743035	570792	4026	684203	0	7658	104442	0	58832	10	743035	0	0	72842	0	0	0	0	64378	506414			0	529135	521477	-14020	0	0	0	4943	58832	9900	0	
180144																																							994	2917	39425	0	13	853	0	4937	146971	134863	1267	136130	0	933	0	0	10841	1200	146971	0	0	6749	0	0	6025	0	38979	95884			0	93053	92120	-3133	3712	0	0	0	10841	0	2000	
180845																																							6246	1051	48759	0	4355	574	0	4127	172369	123461	784	148570	0	1069	21000	0	23799	300	172369	0	0	10679	0	0	16576	0	23428	100033			0	108326	107257	-3756	0	0	0	3325	23799	0	0	
181963																																							37796	3354	44511	0	0	3198	0	2436	239377	210712	574	211286	0	1639	0	0	28091	800	239377	0	0	29338	0	0	828	0	71346	139366			0	149721	148082	-2875	0	0	0	0	28091	0	0	
182951																																							3854	4752	82685	0	0	13128	0	25065	648291	567661	7052	576818	0	6078	0	0	71473	1	648291	0	0	64604	0	0	10706	0	130021	437640			0	524885	518807	-3838	0	0	2105	0	71473	0	0	
183668																																							75456	8437	114000	0	885	5255	0	25011	974892	853783	7689	861472	0	9995	0	0	113420	1044	974892	0	0	86256	0	0	28150	0	285962	567821			0	753166	743171	-2030	0	0	0	0	113420	2677	0	
183770																																							5537	3869	82953	0	24	18432	0	26162	862215	701150	9578	754425	0	6277	41485	0	107790	0	862215	2212	2212	110695	0	0	0	0	110548	590602			0	729303	723026	-2905	0	0	0	0	107790	0	0	
183958																																							133	5656	81089	0	0	5050	0	9172	323759	272030	962	280492	0	4401	7500	0	43267	300	323759	0	0	43749	0	0	1750	0	75837	196193			0	220798	216397	-2532	6262	0	0	0	43267	0	0	
184656																																							25400	4142	131893	0	0	1351	0	5457	233415	215570	2260	217830	0	648	0	0	15585	200	233415	0	0	27605	0	0	200	0	67489	148081			0	65691	65043	-12420	129	0	0	0	15585	0	0	
184759																																							4260	2825	0	0	0	116	98	1080	61047	52476	393	52869	0	662	0	0	8178	400	61047	0	0	7062	0	0	900	0	9043	43433			0	31796	31134	-184	475	0	0	0	8178	2279	18780	
185251																																							2753	844	12163	0	0	1	0	1308	22151	20059	47	20106	0	236	0	0	2045	25	22151	0	0	1148	0	0	1025	0	3143	16916			0	4359	4123	-153	959	0	0	0	2045	0	0	
185448																																							134	2814	34545	0	0	571	3007	1492	125699	83442	497	96789	0	593	12850	0	28910	100	125699	0	0	28033	0	0	2100	0	22249	61193			0	83727	83134	-1323	0	0	0	0	28910	2	0	
185859																																							59218	3664	21291	0	5442	29966	0	18107	939830	699742	5350	782480	0	15145	75000	0	157350	1286	939830	0	0	85529	0	0	73846	818	267121	432621			0	531481	516336	-3311	0	0	0	2388	157350	0	284988	
186717																																							51243	12499	230612	0	0	20972	1417	35134	936387	781554	22674	804228	0	8726	0	0	132159	751	936387	0	0	135898	0	0	1251	0	242649	538905			0	573158	564432	-5741	0	20078	0	0	132159	0	0	
186744																																							70792	17438	345186	0	2311	12504	0	59195	1830219	1610524	15463	1625987	0	19100	0	0	204232	4000	1830219	0	0	180243	0	0	32541	930	151314	1459210			0	1340963	1321863	-12552	0	0	0	0	204232	0	0	
187648																																							8931	328	5582	0	0	2204	170	894	31203	22419	1203	23622	0	639	0	0	7581	70	31203	0	0	1723	0	50	5985	0	7416	15003			0	13733	13094	-247	0	0	0	0	7581	0	0	
187947																																							87707	16308	433443	0	11850	31028	0	62612	2415388	2030289	27253	2220058	0	23692	156670	0	195330	540	2415388	0	0	163204	0	0	56165	3089	322754	1707535			0	1784692	1761000	-24579	2568	0	0	5846	195330	283	5500	
188056																																							132935	3842	153349	0	0	4245	0	3563	494312	444828	1340	446247	0	2543	79	0	48065	500	494312	0	0	12793	0	0	33500	0	51369	393459			0	198921	196378	1272	0	0	0	0	48065	0	0	
188177																																							21557	724	1494	0	0	2977	0	848	167209	121610	601	122211	0	417	0	0	44998	0	167209	0	0	45021	0	0	0	0	2110	119500			0	70167	69750	-23	0	0	0	0	44998	917	68942	
188430																																							111324	2939	22445	0	37	1018	0	20925	652158	581323	3513	585183	0	6298	347	0	66975	654	652158	0	0	-88585	0	0	155797	45943	269759	311564			0	453825	447527	-891	0	0	0	0	66975	0	0	
188449																																							19267	4675	104612	0	0	5728	250	5321	337224	306764	1419	308183	0	2011	0	0	29041	400	337224	0	0	31332	0	0	4350	0	67930	238834			0	181290	179279	-7041	18092	0	0	0	29041	0	0	
188720																																							3202	4067	86726	0	0	6683	0	18543	365660	317224	2040	326717	0	1444	5000	0	38943	2167	365660	0	0	42567	0	0	1000	0	63130	254094			0	247365	245921	-6791	518	0	0	2453	38943	0	0	
188739																																							1246	2929	165	0	0	3930	53	1485	80817	71634	471	72105	0	697	0	0	8712	90	80817	0	0	2879	0	0	5745	0	24802	46832			0	67906	67209	-2	3800	0	0	0	8712	0	0	
188917																																							21895	1277	40361	0	0	1177	0	7385	197088	177546	1382	178928	0	1139	0	0	18160	20	197088	0	0	20097	0	0	244	0	35717	141829			0	126132	124993	-2201	0	0	0	0	18160	0	0	
189129																																							81332	17731	132217	0	5353	13769	0	41053	1292368	1128690	6156	1167280	0	12470	917	0	125088	4000	1292368	0	0	114396	0	0	11709	213	289722	838968			0	829778	817308	-5017	247	0	0	31517	125088	0	183145	
189950																																							6666	5379	29120	0	274	2528	0	4388	146777	125028	1568	126596	0	951	0	0	20181	50	146777	0	0	9968	0	0	10450	0	23407	101621			0	73762	72811	-287	25611	0	0	0	20181	0	0	
190563																																							17205	6265	48132	0	3310	9094	0	8772	368714	330638	1831	332469	0	3649	0	0	36245	474	368714	0	0	12105	0	0	23618	0	121023	209615			0	261742	258093	48	0	0	0	0	36245	0	17843	
190648																																							22859	6234	95164	0	176	2072	0	4252	290405	260332	1268	267563	0	2047	0	0	22842	1567	290405	0	0	19450	0	0	3426	0	22925	237407			0	161695	159648	-1601	0	0	0	5963	22842	0	0	
190947																																							37698	3109	25148	0	0	1269	0	1215	128685	113532	266	113798	0	1171	0	0	14887	189	128685	0	0	13038	0	0	1650	0	50920	62612			0	58155	56984	10	3262	0	0	0	14887	0	0	
190956																																							11633	5691	51282	0	2719	2688	0	13752	234068	205872	1425	207297	0	2415	0	0	26771	360	234068	0	0	16065	0	0	13700	0	59778	146094			0	141461	139046	-3354	7236	0	0	0	26771	21	0	
191355																																							14040	1993	206442	0	0	1933	0	6045	424944	380210	1782	381992	0	3990	0	0	42952	900	424944	0	0	37818	0	0	7464	0	83510	296700			0	198481	194491	-3230	0	0	0	0	42952	0	0	
191935																																							24598	7867	177291	0	0	10935	0	17233	1143806	1013467	11766	1038852	0	9104	0	0	104954	15	1143806	0	0	69125	0	0	53173	0	235114	778353			-687	833663	824559	-16672	0	0	0	13619	104954	0	81323	
192147																																							59245	7218	115472	0	477	5309	0	20272	551687	488755	2223	490978	0	4494	0	0	60709	400	551687	0	0	63037	0	0	2100	0	110733	378022			0	312213	307719	-4828	0	0	0	0	60709	13013	22962	
192558																																							18183	10720	153784	0	2121	11286	180	6215	594357	540349	2317	550666	0	5779	8000	0	43691	460	594357	0	0	42509	0	0	5540	0	114018	426331			0	397647	391868	-4818	0	0	0	0	43691	0	0	
192651																																							10233	1102	7665	0	839	577	0	750	62129	55228	126	55354	0	524	0	0	6775	350	62129	0	0	1496	0	0	5600	0	14065	41163			0	41236	40712	-671	185	0	0	0	6775	66	0	
192857																																							45521	9381	120648	0	11660	4809	1001	11436	569281	458930	5081	488701	0	5821	0	0	80580	1000	569281	0	0	42964	0	0	40286	0	80712	378218			0	369581	363760	-3670	0	0	0	24690	80580	0	1065	
193162																																							12547	4766	0	0	12	3668	87	2407	149656	130724	806	131530	0	2034	0	0	18126	1500	149656	0	0	8733	0	0	7893	0	29841	100883			0	120039	118005	0	2938	0	0	0	18126	0	5226	
193537																																							11415	5142	31896	0	0	1546	263	7766	158316	131528	1921	133449	0	1533	0	0	24867	480	158316	0	0	17989	0	0	9520	0	27040	104488			0	90642	89109	-3122	11179	0	0	0	24867	0	0	
193649																																							80	2534	143644	0	0	1088	0	6174	321275	268636	1059	271117	0	1880	0	0	50158	500	321275	0	0	47776	0	0	5400	0	27402	241234			0	169635	167755	-3518	0	0	1422	0	50158	0	0	
193809																																							26263	4913	384544	0	3230	14141	7575	67285	2564524	2017644	39614	2283983	0	14995	226725	0	280541	0	2564524	0	0	284890	0	0	0	2820	266795	1750849			0	1982114	1967119	-4349	0	0	0	0	280541	86634	0	
194440																																							26831	4925	31032	0	0	4267	0	3518	335554	278382	1655	307513	0	2428	24900	0	28041	400	335554	0	0	23999	0	0	4287	267	50386	227996			0	264877	262449	-645	2132	0	0	2576	28041	133	0	
194570																																							9992	1159	5686	0	935	6244	0	4570	179087	148858	1113	159471	0	1297	9500	0	19616	8	179087	0	0	11140	0	0	9030	0	17014	131844			0	145819	144522	-562	0	0	0	0	19616	0	5979	
194936																																							7418	564	30172	0	0	1370	0	1264	210629	168643	1130	169773	0	2815	0	0	40856	25	210629	0	0	30935	0	0	10000	0	25912	142731			0	172656	169841	-104	0	0	0	0	40856	0	0	
195111																																							86093	15893	162203	0	3603	19608	0	60738	1301581	1115207	27370	1167730	0	8353	25153	0	133851	0	1301581	0	0	87562	58	0	54219	0	227840	887367			0	961738	953385	-7930	0	0	0	0	133851	0	0	
195157																																							2999	965	8926	0	772	1332	0	707	60097	50638	301	52327	0	456	0	0	7770	800	60097	0	0	1909	0	0	4965	0	23545	27093			0	44721	44265	96	0	0	1388	0	7770	131	0	
195456																																							7063	2956	13734	0	0	3415	0	1886	101530	87833	542	91927	0	843	3000	0	9603	2300	101530	0	0	5019	0	0	2300	0	31416	56417			0	73319	72476	-16	0	0	552	0	9603	0	0	
196752																																							13171	839	0	0	0	4076	0	6894	196226	118831	599	174430	0	1743	55000	0	21796	50	196226	0	0	13128	0	0	8618	0	18988	99843			0	171596	169853	0	0	0	0	0	21796	0	1393	
196800																																							1840	9573	91383	393	1665	23213	0	45476	1283954	1038470	8841	1141811	0	8803	94500	0	142143	100	1283954	0	0	5962	0	0	144968	0	258536	779934			0	1119214	1110411	-8887	0	0	0	0	142143	0	0	
197142																																							6343	3740	112898	0	0	1510	0	18763	476666	376449	7500	421158	0	3532	23954	0	55508	300	476666	0	0	36048	0	0	30000	0	79191	297258			0	331473	327941	-10840	1643	0	0	13255	55508	0	3828	
197254																																							5957	948	0	0	983	1862	0	820	85940	77870	206	78076	0	508	0	0	7864	60	85940	0	0	3242	0	0	4562	0	13927	63943			0	33964	33456	0	33200	0	0	0	7864	0	8714	
197302																																							37841	2761	54308	0	68	7560	0	39769	687524	606174	7292	618466	0	4734	5000	0	69058	0	687524	0	0	73278	0	0	0	0	104847	501327			0	549748	545014	-4220	0	0	0	0	69058	203	0	
197478	3183037	376003	13212220	382090	469666	207717	21183	1876320	79661753	1299020	71510688	0	809773	3003325	0	8151065	23775	79661753	0	0	6277899	522058	0	2195774	20976		0	56878172	56068399	-346383	425000	0	8151065	27026	2870058	3875631	134	3875497			12399107							63332712					3003208					0	0						16822036	46510676							0	425000	0	0		27026		
197759																																							5227	6869	76647	0	4520	5944	980	15012	451141	386404	2159	408563	0	4553	20000	0	42578	713	451141	0	0	16754	0	0	28763	0	86655	299749			0	338693	334140	-3652	1642	0	0	0	42578	160	0	
198073																																							7471	695	0	0	0	348	432	1058	108940	91042	416	95675	0	1011	4217	0	13265	1266	108940	0	0	10607	0	0	1392	0	774	90268			0	90927	89916	0	0	9020	0	0	13265	0	0	
198149																																							38166	12705	143180	0	3089	13276	585	19978	656821	571930	2000	606430	0	4829	30000	0	50391	3000	656821	0	0	48459	0	0	10027	1103	140259	431671			0	429231	424402	-11095	270	0	0	2500	50391	67	0	
198251																																							429	3455	35237	0	2496	3980	0	8267	337420	278896	1744	308640	0	3629	28000	0	28780	75	337420	0	0	6075	0	0	24925	3371	79223	199673			0	261466	257837	-2295	21848	0	0	0	28780	0	500	
198961																																							19085	5020	21502	0	0	708	0	6662	188590	165963	331	166294	0	1780	0	0	22296	200	188590	0	0	21975	0	0	200	0	58169	107794			0	137393	135613	-79	0	0	0	0	22296	0	0	
199137																																							8886	6612	0	0	0	617	0	1120	172802	144129	79	144208	0	535	0	0	28594	434	172802	0	0	27955	0	0	205	0	37363	106766			0	50933	50398	0	0	0	0	0	28594	0	105169	
199351																																							7078	2710	18922	0	2926	5360	0	9614	244628	219523	798	220900	0	2339	450	0	23728	100	244628	0	0	5606	0	0	19947	0	35114	184409			0	199670	197331	-1925	0	0	0	129	23728	0	687	
199436																																							1329	8063	43391	0	0	2499	0	8109	333342	298327	483	304810	0	3417	6000	0	28532	200	333342	0	0	26060	0	0	6811	0	94611	203716			0	253992	250575	-4539	1781	0	0	0	28532	0	17595	
199463																																							62522	10675	30661	0	0	41206	6800	16308	844765	729050	2855	771905	0	8860	40000	0	72860	562	844765	0	0	31502	0	0	43707	0	178020	551030			0	685453	676593	-2911	0	0	0	0	72860	0	0	
200435																																							359458	17157	193123	354	0	25408	0	13339	2321472	2070692	7511	2081564	0	25171	0	0	239908	1000	2321472	0	0	189694	0	0	48288	0	745973	1324719			0	1275936	1250765	926	0	0	0	3361	239908	0	461868	
201254																																							1559	2944	29336	0	0	1654	0	4586	174474	154639	837	155476	0	1252	0	0	18998	50	174474	0	0	-1283	0	0	21430	0	25401	129238			0	135647	134395	-1199	0	0	0	0	18998	0	0	
201834																																							275556	7332	185573	0	0	56174	0	88695	2893511	2471074	25180	2596754	0	27895	100500	0	296757	2230	2893511	0	0	240931	0	0	63197	1729	609925	1861149			0	2306107	2278212	-9601	0	0	0	0	296757	240	0	
202514																																							34107	10096	34661	0	46	3123	67	3445	427367	371707	950	372657	0	9240	0	0	54710	400	427367	0	0	45227	0	0	9100	0	138039	233668			0	349439	340199	-17	1623	0	0	0	54710	0	0	
202541																																							27334	1012	73632	0	0	1207	0	3802	200454	140370	400	178254	0	1406	0	0	22200	600	200454	0	0	25894	0	0	1900	225	27977	112393			0	94648	93242	-6194	0	0	0	37484	22200	0	0	
202907																																							118539	157939	2870429	0	787189	233013	8209	505250	17000592	14553206	139552	15382691	2725	88381	458770	0	1615176	5407	17000592	0	0	923083	0	0	1105618	108	3845178	10708028			0	10950217	10861836	-418932	0	0	0	231163	1617901	3914	1454166	
203043																																							7616	5114	53436	0	3177	9571	0	20626	491648	358299	8683	423277	0	3890	56295	0	68371	2060	491648	0	0	60851	0	0	7200	118	74915	283384			0	395880	391990	-1740	0	0	0	0	68371	0	0	
203052																																							25186	4844	16292	0	0	335	0	636	105586	89761	73	89834	0	792	0	0	15752	100	105586	0	0	15175	0	0	400	0	29740	60021			0	54181	53389	77	4769	0	0	0	15752	0	135	
203575																																							507	2159	15786	0	0	606	0	3042	76111	64576	531	66087	0	290	980	0	10024	0	76111	0	0	8462	0	0	3035	0	9625	54951			0	52803	52513	-1473	1498	0	0	0	10024	0	0	
204004																																							71463	139996	3164756	0	782152	171137	2015	980115	24946372	19322398	346450	21780803	0	184767	2016948	0	3165569	60000	24946372	0	0	852888	0	0	2372484	14710	3717715	15604683			-43621	19504061	19319294	-76182	0	0	0	95007	3165569	18607	282127	
204237																																							18676	15093	51372	0	282	1744	104	1591	197887	167335	1147	168482	0	2322	0	0	29405	500	197887	0	0	12734	0	0	16222	0	78105	89230			0	111347	109025	-51	0	0	0	0	29405	0	0	
204826																																							216834	3664	70841	0	0	2956	0	10431	455520	408411	1715	410126	0	2836	0	0	45394	788	455520	0	0	46833	0	0	1524	960	76918	331493			-833	150965	148129	-2918	1705	0	0	0	45394	0	0	
205243																																							7647	10682	126912	0	52	8620	50	28932	522946	443946	7361	451307	0	7932	0	0	71639	360	522946	0	0	47450	0	0	29466	0	75334	368612			-673	347983	340051	-4964	0	0	0	0	71639	0	0	
205346																																							42436	7847	149709	0	865	3321	0	4995	436858	384178	1849	390293	0	2561	0	0	46565	562	436858	0	0	41270	0	0	6000	268	85988	298190			0	229767	227206	-1267	76	0	0	4266	46565	135	0	
205458																																							397	238	11046	0	0	671	0	816	48176	38600	171	43242	0	613	4471	0	4934	150	48176	0	0	1338	0	0	4950	0	9589	29011			0	25324	24711	-1504	10297	0	0	0	4934	0	0	
205542																																							508	2814	71669	0	0	3414	0	11141	271249	211782	738	244268	0	2031	27115	0	26981	824	271249	0	0	28688	0	0	4767	0	26016	185766			0	183734	181703	-7298	0	0	4495	138	26981	0	0	
206156																																							17363	3377	124018	0	0	10382	0	7787	477400	428498	3440	431938	0	2955	0	0	45462	6500	477400	0	0	18501	0	0	24051	0	170563	257935			0	204398	201443	-3590	4710	0	0	0	45462	0	108320	
206174																																							41613	988	96247	0	479	11227	0	20471	516485	438147	5080	455788	0	2791	11917	0	60697	0	516485	644	644	72357	0	0	0	0	86522	351625			0	347607	344816	-11660	0	0	0	0	60697	0	0	
206473																																							4920	2327	9610	0	277	1059	234	2481	170327	129901	429	143952	0	339	13622	0	26375	500	170327	0	0	26099	0	0	0	0	12350	117551			0	145438	145099	-224	4320	0	0	0	26375	0	0	
206772																																							18434	717	9254	0	0	7	0	2924	125534	93004	969	103973	0	1368	10000	0	21561	4237	125534	0	0	16303	0	0	2187	0	3848	89156			0	95566	94198	-1166	0	0	0	0	21561	0	0	
206950																																							826	1816	11764	0	0	398	0	2921	70898	62893	871	64711	0	591	947	0	6187	150	70898	0	0	6348	0	0	520	0	18347	44546			0	53764	53173	-831	0	0	0	0	6187	0	0	
207041																																							5681	1823	27596	0	0	144	0	1259	57508	51146	473	51619	0	447	0	0	5889	140	57508	0	0	5915	0	0	224	0	8182	42964			0	21452	21005	-390	0	0	0	0	5889	0	0	
207050																																							10322	34299	257841	0	58143	27567	0	34510	1403917	1177323	13998	1257352	0	9836	66031	0	146565	515	1403917	0	0	121809	0	0	41365	129408	262389	914934			0	861663	851827	-17124	0	0	0	0	146565	0	0	
207452																																							16077	8463	110653	0	0	4294	0	7238	308893	258049	2099	271612	0	3446	11464	0	37281	1000	308893	0	0	38440	0	0	1400	0	32366	225683			0	165545	162099	-3559	0	0	0	0	37281	69	0	
207470																																							25315	3787	0	5	675	2361	0	13356	278465	233680	4489	238169	0	567	0	0	40296	0	278465	0	0	39616	0	0	0	254	44969	188711			0	120269	119702	680	0	0	0	0	40296	0	113010	
207555																																							12680	5896	21838	0	1371	2347	1778	2360	168823	148146	2526	150672	0	1978	0	0	18151	150	168823	0	0	9860	0	0	8650	0	30793	117353			0	122531	120553	-509	0	0	0	0	18151	0	0	
207845																																							138275	30838	325141	0	28531	16945	0	54653	1591626	1386469	15089	1466558	0	12037	65000	0	125068	1200	1591626	0	0	94956	0	0	44358	818	326322	1060147			-653	999170	987133	-14793	577	0	0	0	125068	0	8715	
207872																																							39508	4878	43014	0	1240	14207	0	18656	845540	734400	7951	762351	0	8468	20000	0	83189	41064	845540	0	0	38982	1909	0	5182	5899	148932	585468			0	656855	648387	-2039	0	0	0	0	83189	0	67842	
208057																																							63143	6896	434252	0	1655	2066	818	13922	931245	808694	3335	812029	0	6386	0	0	119216	50	931245	0	0	85377	0	0	32450	0	130021	678673			0	414879	408493	1339	0	0	0	0	119216	0	0	
208244	1234532	587343	11381915	143	2884489	889345	3601	3616996	71771976	1003471	63659234	0	569520	6700187	0	8112742	65070	71771976	0	0	2384003	0	0	6142222	52911		0	48764162	48194642	-478553	0	261366	8112742	30571	2895488	0	0	0			10482289							55594013					6700187					0	0						13796003	41798010							0	0	100197	261366		30571		
208347																																							4309	16	4752	0	0	1097	0	2939	118960	96162	655	103442	0	1333	6625	0	15518	60	118960	0	0	10013	0	0	5512	99	15599	80563			0	106121	104788	-67	88	0	0	0	15518	0	872	
208440																																							5839	2878	26384	0	0	1123	0	4181	151040	131438	892	132330	0	1431	0	0	18710	100	151040	0	0	17293	0	0	1650	0	11537	119901			0	112039	110608	-333	0	0	0	0	18710	27	0	
208459																																							20083	275	49478	0	24581	328	0	1355	118567	44069	958	45027	0	20	0	0	73540	83	118567	0	0	-1760	0	0	75184	0	4776	39293			0	4458	4438	33	18029	0	0	0	73540	0	0	
208570																																							14543	2712	63478	0	0	4352	0	21705	371160	275415	8616	304031	0	2727	20000	0	67129	31235	371160	0	0	36109	0	0	0	0	28651	246764			0	266085	263358	-215	0	0	0	0	67129	0	1012	
208655																																							757	5104	267533	0	0	3357	0	9802	480723	333563	1059	416404	0	3420	39691	0	64319	433	480723	0	0	58094	0	0	6931	0	66727	266836			0	197590	194170	-1139	0	0	0	42091	64319	0	0	
208972																																							3987	342	40811	0	0	1233	0	4578	127847	96629	1892	117883	0	284	19362	0	9964	0	127847	0	0	11786	0	0	0	0	3340	93289			0	77180	76896	-1822	0	0	0	0	9964	0	0	
209148																																							58597	4771	69537	0	9861	11634	0	11731	602993	527106	2745	529851	0	5532	0	0	73142	200	602993	0	0	41773	0	0	34730	0	148288	378818			0	442345	436813	-3561	49	0	0	0	73142	0	0	
209362																																							80401	610	0	0	3407	844	0	1192	168938	141565	2137	143702	0	2366	0	0	25236	12612	168938	0	0	12624	0	0	0	0	12667	128898			0	84850	82484	0	0	0	0	0	25236	0	0	
209559																																							2977	936	36124	0	0	652	0	3555	86594	56010	651	64401	0	924	0	0	22193	100	86594	0	0	22167	0	0	200	0	16071	39939			0	42349	41425	-274	925	0	0	7740	22193	0	0	
209858																																							97845	15529	138683	0	22288	12138	1275	28156	1410775	1146030	9906	1246400	0	16047	89000	0	164375	1365	1410775	1047	1021	36403	0	0	129688	0	338987	807043			0	980215	964168	-3081	0	0	0	443	164375	73	129573	
210238																																							65373	5901	69236	0	0	12950	40	20197	623400	545463	3438	548901	0	8905	0	0	74499	2500	623400	0	0	41256	0	0	36847	0	149928	395535			0	415375	406470	-6104	3004	0	0	0	74499	0	40229	
210256																																							5502	1262	58947	0	1344	1185	0	4607	205998	186425	671	187096	0	1235	0	0	18902	1000	205998	0	0	4761	0	0	16500	0	40348	146077			0	134386	133151	-3359	0	0	0	0	18902	0	0	
210434	60439886	1125192	34036495	0	715410	929208	0	11433061	176396321	4143031	164981779	2956	164323	10693125	2016042	11411586	3563	176396321	288341	871821	9664962	0	0	2298808	6825		0	41941456	41777133	-555747	2654086	292205	11414542	14940	22975744	92584595	12538472	80046124			31207891							52630760					10243958					374533	412296						15335042	37295718							0	57	1750200	292205		14940		
211114																																							308	4804	53427	398	0	3656	0	1346	146152	128333	1050	136433	0	800	4500	0	9719	236	146152	0	0	6921	0	0	6464	0	35737	92596			0	82909	82109	-3902	104	0	0	2550	9719	0	0	
211271																																							74608	7381	490609	0	25186	9221	3056	55464	2966175	1895946	15706	2540542	0	29625	628890	0	425633	2334	2966175	0	0	367101	0	0	70147	3559	123331	1772615			-3029	2176716	2147091	-10920	0	150000	0	0	425633	0	0	
211338																																							47512	2685	17251	571	0	6822	0	2818	422389	381298	3715	385013	0	4532	0	0	37376	440	422389	0	0	38447	0	0	321	3860	76315	304983			0	345402	340870	-1832	0	0	0	0	37376	0	0	
211851																																							3044	2905	8489	0	0	318	0	1468	113597	98296	198	101013	0	896	2519	0	12584	120	113597	0	0	5167	0	0	7380	0	21685	76611			0	93983	93087	-83	4286	0	0	0	12584	0	0	
212018																																							24815	6757	163183	0	0	5650	0	31378	662124	573667	5311	612978	0	5373	34000	0	49146	500	662124	0	0	53466	0	0	8115	470	112303	461364			0	433639	428266	-12935	1605	0	0	0	49146	0	0	
212344																																							5664	1337	41963	0	640	2929	0	2177	125054	99712	562	103062	0	553	2788	0	21992	400	125054	0	0	23296	0	0	1300	0	23917	75795			0	70488	69935	-3004	343	0	0	0	21992	66	0	
212522																																							9358	36286	638713	0	2188	86169	57	73678	2440615	2006669	23409	2251835	0	21330	187175	0	188780	613	2440615	0	0	209661	0	0	5936	13075	445151	1561518			0	1598046	1576716	-27430	0	0	4220	30362	188780	0	4375	
212577																																							328990	14411	142540	0	42586	70034	0	203150	4544079	3718371	61146	3948501	0	41479	168984	0	595578	1	4544079	0	0	258382	0	0	340058	205693	721199	2997172			-3438	3578154	3536675	575	0	0	0	0	595578	0	0	
213471																																							24713	1073	0	0	0	2303	344	4589	618613	517245	674	517919	0	2629	0	0	100694	0	618613	0	0	100694	0	0	0	0	4444	512801			0	267411	264782	0	0	0	0	0	100694	692	320117	
213538																																							23590	3892	79359	0	422	4640	127	4701	242585	212342	2086	214428	0	1737	0	0	28157	300	242585	0	0	21152	0	0	9700	0	82886	129456			0	118950	117213	-2995	7000	0	0	0	28157	0	1641	
213912																																							3511	3519	19044	0	231	3361	175	7258	260079	236217	1222	237439	0	1970	0	0	22640	380	260079	0	0	19036	0	0	3999	0	67287	168930			0	224950	222980	-775	0	0	0	0	22640	0	0	
213958																																							10791	2060	34861	0	2702	1605	0	2446	117590	106879	425	107304	0	701	0	0	10286	50	117590	0	0	2601	0	0	11389	0	25846	81033			0	60107	59406	-3754	0	0	0	0	10286	0	3719	
214106																																							116511	8802	411590	0	0	17329	0	116221	3147210	2650733	31960	2866882	55	21334	184189	0	280273	1	3147210	0	0	255505	0	0	36468	0	112563	2538170			0	1687399	1666065	-11701	0	0	0	0	280328	398	810294	
214414																																							54677	42219	415720	198	95522	31864	0	93523	3426287	2735120	33418	3033633	0	27688	227377	0	392654	203764	3426287	0	0	191049	0	0	9700	3934	531712	2203408			0	2713678	2685990	-11859	469	0	15000	22718	392654	2171	0	
214722																																							2320	32160	545967	0	6905	19713	0	67853	1664048	1467004	12077	1491671	0	11269	0	0	172377	2000	1664048	0	0	135303	0	0	52480	0	337017	1129987			0	1000399	989130	-17406	0	0	12590	0	172377	0	0	
214807																																							18719000	28000	404000	0	1000	1000	0	2008000	43031000	30856000	2367000	33223000	0	32000	0	0	9808000	2127000	43031000	0	0	6766000	0	0	933000	0	9697000	21159000			0	14981000	14949000	-18000	0	6921000	0	0	9808000	0	0	
215345																																							318	11108	162546	0	11146	9730	0	24365	738507	638317	6981	658548	0	7510	13250	0	79959	1500	738507	0	0	57263	0	0	27000	0	127515	510802			0	523479	515969	-5804	2184	0	0	0	79959	1141	0	
215653																																							8341	1477	4662	0	0	125	0	657	44240	38190	80	38749	0	467	0	0	5491	75	44240	0	0	1670	0	0	3725	0	12445	25745			0	29173	28706	21	0	0	479	0	5491	0	272	
215662																																							16416	16694	505938	0	347	20633	0	76381	1691788	1300723	20090	1552305	0	13761	220000	0	139483	320	1691788	0	0	118559	0	0	55441	0	415678	885045			0	1067640	1053879	-34837	0	0	0	11492	139483	0	1500	
215710																																							5729	5719	55600	0	10063	9457	0	31564	895480	781873	6589	839088	0	7083	35220	0	56392	821	895480	0	0	46625	510	0	36100	0	209939	571934			0	601378	594295	-27154	0	0	0	15406	56392	338	182205	
216164																																							44891	6634	62169	0	0	3095	0	9662	291755	258760	1931	266223	0	1653	5532	0	25532	413	291755	0	0	21951	0	0	7988	0	84369	174391			0	166957	165304	-4820	0	0	0	0	25532	0	0	
216922																																							173786	138164	2048556	0	495982	152485	1425	529217	12659342	10757586	193700	10952039	0	123581	753	0	1707303	5670	12659342	0	0	753569	0	0	1097439	7790	3497028	7260558			0	8722419	8598838	-149375	0	0	0	0	1707303	0	513099	
217059																																							36109	8510	142635	0	2593	3486	0	4410	489579	441770	4510	447386	0	2948	1106	0	42193	2458	489579	0	0	7729	0	0	37700	176	69838	371932			0	293627	290679	-5694	251	0	0	0	42193	0	730	
218131																																							58121	6361	163611	0	0	8553	42	7987	545094	468179	1046	483466	0	4903	0	0	61628	900	545094	0	0	77856	0	0	900	0	132399	335780			0	295898	290995	-18028	9424	0	0	14241	61628	0	0	
218261																																							17298	3050	26157	0	0	817	984	723	85839	72776	403	73179	0	430	0	0	12660	145	85839	0	0	11782	0	0	897	0	17454	55322			0	37240	36810	-164	0	0	0	0	12660	0	0	
218878																																							45585	3941	76700	0	327	3141	0	8264	256630	197492	2002	235078	0	1034	35584	0	21552	0	256630	0	0	19010	0	0	6253	0	69332	128160			-592	118853	117819	-3119	853	0	0	0	21552	0	0	
219044																																							22568	1585	21430	30	5638	3735	0	5299	294501	256372	2002	267374	0	1515	9000	0	27127	50	294501	0	0	6448	0	0	21295	0	50478	205894			0	234229	232714	-666	1502	0	0	0	27127	0	0	
219651																																							78010	4385	155586	0	798	8175	0	18799	988553	899037	2663	901700	0	10231	0	0	86853	2500	988553	0	0	70156	0	0	22873	0	210646	688391			0	733031	722800	-8676	0	0	0	0	86853	0	0	
219679																																							2329	430	9253	0	0	687	0	1540	40520	34185	203	34388	0	190	0	0	6132	0	40520	0	0	6546	0	0	0	0	4738	29447			0	26471	26281	-414	0	0	0	0	6132	0	0	
220059																																							58830	6657	64703	0	12173	10589	0	17958	584998	515491	3144	526279	0	4332	7644	0	58719	985	584998	0	0	46296	0	0	21817	0	99107	416384			0	352236	347904	-10379	0	0	0	0	58719	0	66184	
220527																																							30384	27721	377363	0	0	14162	0	56331	1701359	1510677	20302	1530979	0	10126	0	0	170380	14632	1701359	0	0	144375	0	0	38608	1136	413820	1096857			0	1204388	1194262	-27235	0	0	0	0	170380	0	0	
220844																																							17970	1550	49084	0	1312	2436	0	10429	255972	193008	1973	230766	0	1848	35785	0	25206	335	255972	0	0	21253	0	0	6161	0	26080	166928			0	174247	172399	-2543	0	0	0	0	25206	0	792	
220974																																							163708	8919	92827	5	4941	12012	0	28582	1072130	943529	7566	958649	0	12592	7554	0	113481	391	1072130	0	0	74308	0	0	42457	2286	159935	783594			0	618104	605512	-3675	0	0	0	0	113481	0	153338	
221775																																							88865	1274	0	0	0	6127	0	3436	320479	266617	2259	282765	0	4640	13889	0	37714	1	320479	0	0	36172	0	0	1541	0	54564	212053			0	225417	220777	0	0	0	0	0	37714	0	0	
222156																																							17851	3463	144236	0	0	543	16	8921	243574	207456	1908	209364	0	1374	0	0	34210	80	243574	0	0	23423	0	0	14920	0	39524	167932			0	67234	65860	-4213	2684	0	0	0	34210	0	0	
222558																																							26907	2694	32854	0	0	2314	351	6741	162718	144084	396	144980	0	1323	0	0	17738	1398	162718	0	0	4878	0	0	11602	0	47981	96103			0	87496	86173	-140	4684	0	0	500	17738	0	0	
222754																																							9397	4123	115377	0	0	2831	0	5241	391246	326950	1630	348957	0	5275	20377	0	42289	900	391246	0	0	23888	0	0	17477	0	118556	208394			0	259552	254277	24	0	0	0	0	42289	0	0	
223322																																							553793	25074	62802	0	7876	48193	0	101391	4208720	3760938	29834	3802747	0	42593	11975	0	405973	4360	4208720	0	0	388151	0	0	15783	12898	749161	3011777			0	3439286	3396693	-2321	0	0	0	0	405973	0	0	
223452																																							6406	3435	32897	0	0	452	0	3919	143002	124619	860	128479	0	1822	3000	0	14523	120	143002	0	0	14299	0	0	280	0	16213	108406			0	97715	95893	-176	0	0	0	0	14523	0	0	
223751																																							9745	2128	3464	0	0	672	0	984	88585	73444	491	75412	0	956	1477	0	13173	400	88585	0	0	6752	0	0	6100	0	19229	54215			0	71987	71031	-79	555	0	0	0	13173	6	0	
223845																																							2380	598	24526	0	704	1046	528	5667	177878	153907	880	154787	0	1377	0	0	23091	300	177878	0	0	22216	0	0	1000	0	23180	130727			0	107296	105919	-425	3975	0	0	0	23091	205	32330	
224954																																							9443	2951	18145	0	6900	929	0	921	117440	98063	326	98389	0	833	0	0	19051	100	117440	0	0	2755	0	0	16313	0	15951	82112			4	78984	78151	-121	0	0	0	0	19051	0	0	
225054																																							0	2407	13759	0	0	2793	0	3280	229710	206721	1372	210593	0	2274	2500	0	19117	1000	229710	0	0	17086	44	500	1000	226	30009	176712			0	189752	187478	-469	19723	0	0	0	19117	0	0	
225157																																							14205	4864	0	0	580	1967	0	5990	317207	277648	2831	281440	0	2669	961	0	35767	50	317207	0	0	17767	0	0	17950	0	50735	226913			0	292136	289467	0	0	0	0	0	35767	134	0	
225559																																							1408	5015	136401	5	0	9810	2806	22025	563319	459000	2918	524874	0	3497	40000	0	38445	900	563319	0	0	27173	0	0	18858	6803	78413	380587			0	382543	379046	-8486	0	0	1500	21456	38445	0	0	
225942																																							4940	721	12836	0	0	393	0	483	38567	33948	579	36385	0	177	10	0	2182	588	38567	0	0	451	0	0	2422	0	8400	25548			0	19371	19194	-1279	0	0	1848	0	2182	0	0	
226949																																							2203	137	1140	0	0	270	0	1242	16555	14763	142	15097	0	550	192	0	1458	263	16555	0	0	-6679	0	0	7877	0	3382	11381			0	12113	11563	-3	0	0	0	0	1458	0	0	
227151																																							13313	6155	162143	0	17425	10408	0	25191	655241	560501	8926	578139	0	4898	8000	0	77102	200	655241	0	0	63883	0	0	20124	0	100233	460268			0	425478	420580	-7105	26	0	0	712	77102	0	0	
227357																																							31756	8087	141217	0	109	10693	0	15251	516582	464662	3487	468149	0	2840	0	0	48433	1200	516582	0	0	52145	0	0	4921	0	133572	331090			0	259531	256691	-9833	0	0	0	0	48433	0	52778	
227656																																							16643	671	5087	0	0	669	0	624	55405	49546	346	49892	0	476	0	0	5513	75	55405	0	0	1415	0	0	4051	3169	9536	40010			0	29018	28542	-28	0	0	0	0	5513	0	0	
227777																																							23307	1787	22932	0	1557	10686	0	16884	541205	432783	1611	482321	0	2106	47927	0	58884	0	541205	0	0	59850	0	0	0	0	36897	395886			0	466130	464024	-966	0	0	0	0	58884	0	28	
228000																																							16209	6741	44856	0	9	10006	0	39193	775801	610489	8851	638340	0	5013	19000	0	137461	1	775801	0	0	109932	0	0	30000	0	134842	475647			0	663470	658457	-2472	330	0	0	0	137461	0	0	
228158																																							48636	14800	46732	0	178	16023	400	14532	739719	655746	3169	662835	0	7954	61	0	76884	770	739719	0	0	59652	0	0	18016	0	100330	555416			0	606200	598246	-1554	0	0	0	3859	76884	172	0	
228279																																							3764	9244	105061	24	1994	7583	0	22971	586674	517216	4503	536619	0	5886	14900	0	50055	8	586674	0	0	48632	0	0	10715	641	56623	460593			-552	441212	435326	-8748	0	0	0	0	50055	66	0	
228345																																							15060	3414	0	0	0	9192	0	8901	331793	262812	2070	278882	0	2386	14000	0	52911	72	331793	0	0	37458	0	0	15381	0	28592	234220			0	277822	275436	0	0	0	0	0	52911	0	19790	
229070																																							9581	667	0	0	0	3306	0	9506	221074	175569	2371	179940	0	1300	2000	0	41134	0	221074	0	0	41134	0	0	0	0	4586	170983			0	199314	198014	0	0	0	0	0	41134	0	0	
229173																																							1683	987	12380	0	165	1202	0	2878	102187	75526	885	95411	0	809	19000	0	6776	940	102187	0	0	7453	0	0	0	0	11132	64394			0	83701	82892	-1617	0	0	0	0	6776	0	0	
229342																																							9533	7606	63428	0	0	876	125	2658	196359	170868	813	176997	0	1548	0	0	19362	1000	196359	0	0	16494	0	0	4000	0	60114	110754			0	110281	108733	-2132	3400	0	0	5316	19362	0	0	
229454																																							3035	5306	61972	0	0	1283	0	2180	137595	128538	127	129481	0	654	0	0	8114	300	137595	0	0	8519	0	0	5300	0	44356	84182			0	64473	63819	-6005	0	0	816	0	8114	0	0	
229801	1268399	297182	4202218	0	1962045	644405	4531	2555221	64061947	990623	55874478	2273	583400	2464442	0	8185196	152667	64061947	19140	18031	2366696	0	0	5739755	26236		0	50136730	49553330	-73922	0	91475	8187469	33403	3495837	0	0	0			4202218							52309907					2464442					19140	18031						12282314	40027593							0	0	0	91475		33403		
229913	2763011	708678	0	0	0	0	0	200172	5495218	141773	4151195	0	6437	0	0	1344023	98474	5495218	1044	0	275072	0	0	974791	0		0	1805739	1799302	-4314	0	0	1344023	22680	331	0	0	0			0							4009422					0												1138989	2870433							0	0	0	0		22680		
230423																																							8916	8835	95896	0	231	12867	0	18472	367550	307116	5878	324470	0	2428	0	0	43080	3208	367550	0	0	41728	0	0	3208	185	104160	202956			0	224510	222082	-5064	0	0	5000	6476	43080	66	0	
230610																																							40208	2792	94719	0	0	3702	0	11756	356204	315949	2788	319867	0	2521	0	0	36337	745	356204	0	0	34844	0	0	3000	0	97364	218585			0	205538	203017	-2252	10	0	0	1130	36337	0	0	
230759																																							12	59991	1981694	0	1962	52043	16926	83913	4387332	3778750	23898	3835669	0	29458	10332	0	551663	1000	4387332	0	0	495387	0	0	139000	0	1320340	2458410			0	1526874	1497416	-83724	693275	0	0	22689	551663	0	100	
231279																																							37479	1508	98	0	0	372	0	5421	116171	109050	141	109191	0	414	0	0	6980	3000	116171	0	0	2532	0	0	1450	0	12279	96771			0	57984	57570	-2	13723	0	0	0	6980	0	0	
232847																																							16257	2425	61460	0	2277	765	0	3845	195225	173136	2095	179452	0	1345	300	0	15773	400	195225	0	0	16307	0	0	4600	0	26428	146708			0	109541	108196	-5534	0	0	0	3921	15773	0	0	
232856																																							260930	21251	41098	0	8032	21894	6652	31720	2389217	1899372	9270	2093642	0	23675	185000	0	295575	1250	2389217	0	0	276565	0	0	21014	1752	343552	1555820			0	1973425	1949750	-3254	0	0	0	0	295575	0	46138	
233031	7607000	4238000	27541000	180000	6407000	2096000	17000	8381000	157412000	3379000	139281000	60000	1556000	3418000	497000	18071000	0	157412000	25000	0	3153000	0	0	16454000	486000		0	95637000	94081000	-1536000	0	0	18131000	747000	5606000	0												131987000																	39635000	92352000							0		0					
233246																																							4953	2162	25737	0	3772	555	0	2328	116939	98755	564	103019	0	1012	3350	0	13920	100	116939	0	0	4697	0	0	9570	0	22133	76622			0	77745	76733	-447	0	0	350	0	13920	66	633	
233358																																							45185	7523	120175	0	325	3914	0	9851	306138	275139	1919	277058	0	1902	0	0	29080	560	306138	0	0	28610	0	0	1476	0	90971	184168			0	102887	100985	-1566	236	0	0	0	29080	0	17944	
233442																																							4359	2889	12271	0	0	2691	80	4935	142444	102439	1275	129708	0	3518	25994	0	12736	80	142444	0	0	8143	0	0	5545	0	21414	81025			0	118075	114557	-1032	662	0	0	0	12736	0	0	
233527																																							107237	8583	332928	0	2643	28563	1461	66848	2411390	1934652	25331	2109983	0	19444	150000	0	301407	2000	2411390	0	0	17985	0	0	312541	14769	422031	1512621			0	1865717	1846273	-31119	1851	0	0	0	301407	234	0	
233554																																							234468	19619	64342	0	1024	29154	0	41176	2558391	2193986	49350	2248694	0	39733	5358	0	309697	900	2558391	0	0	271125	0	0	38350	7071	430328	1763658			0	2201145	2161412	-678	0	0	0	0	309697	125	0	
234355																																							163369	21812	368693	0	9242	11518	199	56776	1411234	1239218	3323	1279051	0	15209	20000	0	132183	20000	1411234	0	0	94668	0	0	30380	1019	231073	1008145			0	783257	768048	-12865	0	10039	0	16510	132183	0	519	
234506																																							24002	9004	100915	0	0	4265	0	6733	511817	451857	2959	467223	0	3680	12407	0	44594	2366	511817	0	0	19674	0	0	26041	0	105288	346569			0	366355	362675	-3487	439	0	0	0	44594	0	3784	
234739																																							367750	33048	217357	0	60073	35799	0	43839	2304592	2031095	19547	2051335	0	21950	0	0	253257	7000	2304592	0	0	18900	0	0	225501	2065	594055	1437040			0	1561154	1539204	1856	5457	0	0	693	253257	0	0	
234841																																							96	877	223413	0	0	539	0	4254	343927	289382	1013	292195	0	1040	1000	0	51732	100	343927	0	0	52610	0	0	1200	0	17085	272297			0	115788	114748	-2178	0	0	800	0	51732	0	0	
235174																																							5524	3026	0	0	0	1679	0	2060	97312	63116	552	81668	0	1276	18000	0	15644	1	97312	0	0	10065	0	0	5578	0	4408	58708			0	86299	85023	0	0	0	0	0	15644	0	0	
235231																																							8562	4958	82511	0	0	5631	0	10581	240454	217046	1661	218707	0	680	0	0	21747	1000	240454	0	0	23707	0	0	1000	0	61950	155096			0	95336	94656	-3960	4800	0	0	0	21747	0	28755	
235446																																							38	3836	100207	0	1	1837	467	5745	362117	316514	1679	333586	0	1689	12900	0	28531	1400	362117	0	0	33101	0	0	2385	0	52486	264028			0	251675	249986	-8355	0	0	0	2493	28531	0	0	
235530																																							30091	11988	261946	0	0	18444	291	9597	861750	795321	3170	798491	0	5961	0	0	63259	400	861750	0	0	66991	0	0	5075	828	181100	614221			0	534526	528565	-9207	0	0	0	0	63259	0	0	
235558																																							2528	1129	0	0	0	236	0	1235	36097	28347	284	32381	0	204	3750	0	3716	100	36097	0	0	316	0	0	3300	0	3301	25046			0	30732	30528	0	441	0	0	0	3716	0	0	
235950																																							4855	3008	38107	0	0	2796	1700	2067	94077	78369	263	81524	0	1350	2892	0	12553	300	94077	0	0	13806	0	0	400	0	21330	57039			0	34894	33544	-1953	8000	0	0	0	12553	0	0	
236153																																							532163	58877	595981	0	14303	151854	6251	120836	6161111	5455407	48241	5650185	0	51764	145000	0	510926	430	6161111	1537	1537	440598	0	0	108395	15849	1634307	3821100			0	4713653	4661889	-38497	0	0	0	0	510926	1046	525	
236256																																							7170	1721	70992	0	0	617	0	1465	112324	97164	293	99981	0	373	0	0	12343	320	112324	0	0	11184	0	0	1550	0	16698	80466			0	23384	23011	-711	7275	0	0	2524	12343	73	0	
236603																																							15425	2275	73867	0	0	4239	0	13476	370521	334415	4537	339104	0	1313	152	0	31417	770	370521	0	0	36464	0	0	770	0	77583	256832			0	261627	260314	-6587	0	0	0	0	31417	0	925	
236706																																							179108	8712	774203	0	45130	79894	0	133936	7517888	6604847	105088	6784388	59	71039	74453	0	733441	4701	7517888	0	0	589901	0	0	186767	4887	1444371	5160476			-367	6253736	6182697	-47561	0	0	0	0	733500	13459	95862	
236957																																							11011	3462	27418	0	69	13505	0	15462	361467	289708	5043	314751	0	3992	20000	0	46716	544	361467	0	0	14978	0	0	31456	0	37973	251735			0	293029	289037	-262	0	0	0	0	46716	1503	0	
237066																																							577287	16326	601753	12763	8842	25365	5138	49239	2812432	2499733	26927	2526660	0	29301	0	0	285772	7500	2812432	0	0	183993	0	0	94501	0	814355	1685378			0	1544842	1515541	-222	0	0	0	0	285772	178	0	
237619																																							101040	29835	220431	0	12467	35564	0	59958	2150738	1783489	20448	1871957	0	25305	60673	0	278781	0	2150738	867	7347	208458	0	0	65158	0	460494	1322995			-8868	1671560	1646255	14033	2800	0	0	0	278781	0	41521	
237954																																							373	3722	68617	0	0	324	216	3218	253484	211271	2396	216667	0	5261	3000	0	36817	500	253484	0	0	26468	0	0	11650	0	36494	174777			0	170277	165016	-1801	11927	0	0	0	36817	71	0	
238139																																							16759	4080	81630	0	0	2423	0	1823	260568	235454	728	236182	0	1591	0	0	24386	150	260568	0	0	22485	0	0	2350	0	66073	169381			0	144014	142423	-599	0	0	0	0	24386	0	11430	
238250																																							10780	1374	13179	0	0	256	0	1452	71566	62362	96	62458	0	537	0	0	9108	750	71566	0	0	8255	0	0	750	0	33306	29056			0	43456	42919	-647	1540	0	0	0	9108	66	0	
238737																																							62230	6361	194767	0	0	5225	0	24909	853422	771188	6420	777608	0	7639	0	0	75814	5000	853422	0	0	44013	0	25583	9369	0	468965	302223			0	567017	559378	-8151	0	0	0	0	75814	552	0	
239556																																							21684	14091	110339	0	11844	11814	0	22073	632867	524445	6464	550909	0	5015	20000	0	81958	200	632867	0	0	57777	0	0	30400	1316	98539	425906			0	444514	439499	-6419	0	0	0	0	81958	0	207	
239659																																							75479	14185	1184	0	2725	14386	909	5098	677348	578417	3941	582463	0	11711	54	0	94885	300	677348	60	51	82918	0	0	11700	9906	156437	421980			0	557847	546136	-33	0	0	0	0	94885	0	7280	
240954																																							97074	2762	1888	1	0	3969	0	2166	269128	238154	1019	239173	0	1420	0	0	29955	800	269128	0	0	18552	0	0	10700	0	85891	152263			0	102316	100896	-97	0	0	0	0	29955	0	60372	
241009																																							17645	4013	70333	0	0	2498	0	7794	203426	179800	291	180091	0	1411	0	0	23335	756	203426	0	0	25351	0	0	4101	0	71263	108537			-3159	100368	98957	-3714	0	0	0	0	23335	0	2186	
241157																																							7451	12694	186234	0	261	21640	1375	27960	959285	791764	9337	888019	0	11454	240	0	71266	1384	959285	0	0	69131	0	0	21916	0	181114	610650			0	705277	693823	-21165	7847	0	0	86678	71266	0	0	
241559																																							2424	5470	37299	0	2598	1883	555	5943	278519	216380	564	251329	0	2949	34385	0	27190	1000	278519	0	0	14194	0	0	12411	0	48027	168353			0	223878	220929	-415	0	0	0	0	27190	0	1418	
242257																																							18159	33395	73705	0	6577	18858	0	19688	818751	694049	4660	741950	0	6782	42741	0	76801	50	818751	0	0	45371	0	0	32690	0	149824	544225			0	647181	640399	-1310	7970	0	0	500	76801	0	0	
242444																																							229023	23116	493811	0	1466	32196	0	73339	2007657	1807131	14553	1822377	0	14333	693	0	185280	2800	2007657	0	0	207769	0	0	8673	0	416190	1390941			0	1166918	1152585	-33962	2121	0	0	0	185280	0	0	
242949																																							866	3532	25266	327	0	1000	0	3226	102324	90023	419	93264	0	779	600	0	9060	1000	102324	0	0	7369	0	0	1500	0	27735	62288			0	68859	68080	-809	0	0	2222	0	9060	27	0	
242958																																							6307	3124	24780	0	0	5106	0	2284	168773	143827	1217	152044	0	1888	7000	0	16729	1000	168773	0	0	8979	0	0	8000	0	13537	130290			0	129060	127172	-1250	0	0	0	0	16729	0	0	
242976																																							50089	5613	33226	0	8745	13174	0	38295	903014	689285	11599	742862	0	6438	41978	0	160152	1500	903014	0	0	77972	0	0	88788	0	146457	542828			-6978	754575	748137	-1130	0	0	0	0	160152	0	5735	
243375																																							1421732	172509	2467843	0	10928	511	0	1020444	5204851	4873476	52736	4926212	0	7628	0	0	278639	0	5204851	0	0	308696	0	0	151560	0	4732976	140500			0	118512	110884	-181617	0	0	0	0	278639	0	0	
243414																																							0	6111	88398	0	822	6459	0	8655	309256	278314	631	280195	0	2585	1250	0	29061	1100	309256	0	0	22561	0	0	5529	0	55294	223020			0	173990	171405	-129	22617	0	0	0	29061	0	4789	
243955																																							1612	2062	981	0	1908	1855	52	2155	46938	35642	1370	37433	0	525	421	0	9505	118	46938	0	0	-409	0	0	9794	0	4448	31194			0	32270	31745	2	4555	0	0	0	9505	13	0	
244037																																							31252	2711	34014	0	0	5492	40	1816	213000	182700	1188	183888	0	2632	0	0	29112	105	213000	0	0	18547	0	0	10616	0	46426	136274			0	138326	135694	-156	1915	0	0	0	29112	66	0	
244149																																							53923	3597	115492	0	17117	5842	169	14560	328622	249465	3579	263044	0	3181	10000	0	65578	0	328622	0	0	64757	0	0	850	6803	80590	168875			0	93038	89857	-29	0	0	0	0	65578	0	21262	
244158																																							4837	8022	79916	0	5115	2518	0	17892	411340	340513	2328	368570	0	6522	25729	0	42770	400	411340	0	0	28218	0	0	18213	0	102566	237947			0	282555	276033	-4061	17007	0	0	0	42770	0	0	
244251																																							894	7904	313314	0	0	5928	584	15461	647512	568323	4373	587239	0	5277	12914	0	60273	3000	647512	0	0	76066	0	0	4524	0	152185	416138			0	296939	291662	-23317	11765	0	0	1629	60273	0	0	
245016	470993	9294	114826	0	2597	62535	0	51566	2739028	47761	2494595	0	24367	100000	0	244433	5000	2739028	0	0	239921	0	0	1000	0		0	1852080	1827713	-1488	0	0	244433	2279	197225	531755	0	531755			0							1815079					100000												337820	1477259							0	0	0	0		2279		
245276																																							936536	45223	2510882	7678	160250	106475	2489	331322	12384752	10265021	176506	11053028	0	202341	511501	0	1331724	7925	12384752	0	0	618338	0	0	722367	15545	2629170	7635851			0	8201042	7998701	-16906	0	0	0	100000	1331724	153	269498	
245351																																							52494	8690	68933	0	0	3769	196	15851	344926	308117	754	308871	0	2989	0	0	36055	1000	344926	0	0	29422	0	0	9450	0	47936	260181			0	197982	194993	-3817	0	0	0	0	36055	0	0	
245557																																							73177	12535	243199	13	19785	13924	1088	19578	1034845	867140	10366	917506	0	7803	40000	0	117339	600	1034845	0	0	132792	0	0	4997	4040	205402	661738			0	654577	646774	-21050	732	0	0	0	117339	0	0	
246022																																							41072	10267	143870	0	0	15305	0	7291	576238	501709	15003	516712	0	4257	0	0	59526	5300	576238	0	0	45506	0	0	13700	1630	164655	337054			0	361060	356803	-4980	0	0	0	0	59526	0	0	
246134																																							64200	7546	279417	0	4711	14781	260	26387	877165	794581	5975	800556	0	5840	0	0	76609	50	877165	0	0	76924	0	0	19424	0	64854	729727			0	485703	479863	-19789	0	0	0	0	76609	0	0	
246451																																							7697	3982	17333	0	1619	4042	0	1264	126262	104612	615	112527	0	1983	7300	0	13735	150	126262	0	0	8062	0	0	6700	0	24127	80485			0	92308	90325	-1177	0	0	0	0	13735	0	0	
246657																																							108101	7866	489450	0	0	18218	0	23126	1071878	991088	12868	1022792	0	5200	0	0	49086	4000	1071878	0	0	50092	0	0	28984	0	247860	743228			0	359344	354144	-33990	308	0	0	18836	49086	0	70665	
246947																																							4764	1670	48415	0	0	1306	0	4286	112087	99060	827	99887	0	609	0	0	12200	100	112087	0	0	13267	0	0	300	0	13301	85759			0	47921	47312	-1467	4334	0	0	0	12200	0	0	
246956																																							27406	4034	233585	0	273	1521	462	36174	630816	528720	1201	554394	0	4638	1773	0	76422	128	630816	0	0	63713	0	0	19657	0	138514	390206			0	330937	326299	-7076	0	0	22700	0	76422	1062	0	
247140																																							9998	35755	188826	0	14912	22866	364	53126	2551420	2016308	17752	2233094	0	21959	199034	0	318326	779	2551420	0	0	222774	0	0	104398	703	367840	1648468			0	2161780	2139821	-9625	19769	0	0	0	318326	0	65280	
247355																																							267578	21992	275791	-55	0	32777	11	71577	2143301	1799425	8480	1914119	0	15031	106214	0	229182	496	2143301	0	0	207572	0	0	35591	4885	594619	1204806			0	1477721	1462690	-14477	0	0	0	0	229182	6055	0	
247476																																							698	698	23894	0	776	523	0	8246	94218	71114	833	78272	0	405	6325	0	15946	0	94218	0	0	18239	0	0	0	0	3499	67615			0	58572	58167	-2293	1216	0	0	0	15946	0	0	
247551																																							21162	5323	22341	0	0	12854	300	5753	441434	386927	2090	398004	0	4213	8987	0	43430	300	441434	0	0	24060	0	0	19000	0	87847	299080			0	377914	373701	70	0	0	0	0	43430	0	0	
247908																																							26007	22767	219117	0	4759	34171	0	64750	2015501	1628202	19520	1833935	0	18251	186213	0	181566	0	2015501	0	0	210379	9739	0	9000	0	700559	927643			0	1650147	1631896	-37813	0	0	0	0	181566	2295	0	
248240																																							171839	18029	89915	0	10727	27696	773	43930	1904880	1649405	11490	1734945	0	15539	65359	0	169935	901	1904880	0	0	142795	0	0	30494	4189	197821	1451584			0	1543391	1527852	-4255	0	0	0	8691	169935	0	9930	
248352																																							171	2903	25613	0	591	6565	0	6450	193387	159464	474	178438	0	1534	18500	0	14949	250	193387	0	0	4146	0	0	13750	0	12974	146490			0	152517	150983	-3197	111	0	0	0	14949	0	0	
248455																																							8619	9110	292589	0	2057	3458	0	10610	535828	461496	1318	462814	0	3162	0	0	73014	6600	535828	0	0	68483	0	0	8965	0	104349	357147			0	212215	209053	-11034	0	0	0	0	73014	332	0	
248633																																							733	12248	85956	0	0	5683	1160	6041	449272	357541	3245	389286	0	3108	18000	0	59986	112	449272	0	0	60915	0	0	1469	0	44350	313191			0	319792	316684	-2510	11665	7000	10500	0	59986	322	1780	
248745																																							466	2561	86443	0	718	7082	0	10145	433545	383126	5595	388721	0	4130	0	0	44824	199	433545	0	0	41340	0	0	5801	252	91812	291314			0	302559	298429	-2516	27104	0	0	0	44824	345	0	
249416																																							133	3309	65382	0	0	1964	0	5653	169220	157928	936	158864	0	768	0	0	10356	300	169220	0	0	13543	0	0	1631	0	45853	112075			0	88872	88104	-5118	4675	0	0	0	10356	0	0	
249612																																							755256	35082	3533697	0	274072	190191	58	635889	19225517	15709760	288751	17648072	0	63652	1649561	0	1577445	1	19225517	128832	0	1440059	0	0	247270	0	1448200	14261560			0	13337856	13274204	-109885	0	0	0	0	1577445	5261	392975	
249658																																							1123	959	50328	0	0	1668	0	4595	123514	107686	746	108432	0	969	0	0	15082	177	123514	0	0	2682	0	0	13297	0	29854	77832			0	65810	64841	-1074	0	0	0	0	15082	0	0	
250430																																							250	3278	47838	0	0	4035	585	5302	130228	109115	1712	110827	0	611	0	0	19401	20	130228	0	0	20195	0	0	480	0	26057	83058			0	61058	60447	-1294	7993	0	0	0	19401	0	500	
250476																																							7731	286	25925	181	0	2035	0	660	63692	54113	143	54256	0	254	0	0	9436	0	63692	0	0	-5171	0	0	14850	0	6893	47220			0	27128	26874	-243	0	0	0	0	9436	0	0	
250850																																							12055	1727	0	0	4158	2603	0	3264	133307	114431	800	115231	0	744	0	0	18076	1000	133307	0	0	102	0	0	16974	0	22917	91514			0	82645	81901	0	27599	0	0	0	18076	0	0	
251558																																							26753	14100	142392	83	2377	4993	157	15176	412114	355186	1606	376792	0	4306	20000	0	35322	2160	412114	0	0	33645	0	0	2840	2465	106057	249129			0	207924	203618	-3323	0	0	0	0	35322	0	0	
251745																																							67518	16250	86112	0	0	6800	0	8093	595853	523663	5775	529438	0	4461	0	0	66415	1250	595853	0	0	64653	0	0	2250	0	188163	335500			0	362106	357645	-1738	0	0	0	0	66415	333	53102	
251978																																							25791	10497	10853	0	0	12353	2541	10202	638162	555560	8512	579572	0	6821	15500	0	58590	1703	638162	0	0	57540	0	0	479	0	50066	505494			-1229	558807	551986	97	3250	0	0	0	58590	0	10689	
252041																																							105347	1917	70454	0	751	10057	0	9045	774887	684101	2401	703389	0	7212	16887	0	71498	554	774887	0	0	63520	0	0	8525	575	136122	547979			0	581721	574509	-1101	2165	0	0	0	71498	67	0	
252452																																							3964	2962	58338	0	97	2951	0	1523	130782	119842	187	124529	0	501	3500	0	6253	112	130782	0	0	2409	0	0	8439	0	39075	80767			0	61448	60947	-4707	0	0	0	1000	6253	0	0	
253356																																							91188	18590	330196	0	87	15917	4437	34470	1567423	1345934	6919	1352853	0	17449	0	0	214570	1500	1567423	0	0	234542	0	0	3500	0	476815	869119			0	1088870	1071421	-24972	567	0	0	0	214570	0	550	
253468																																							455453	22017	675398	19086	0	12146	0	141935	5801890	5148329	19414	5253399	0	103799	85656	0	548491	28340	5801890	0	0	511330	0	0	2191	0	932804	4215525			0	4579654	4475855	6630	0	0	0	0	548491	0	0	
253646																																							261	6486	90507	0	5456	6561	0	12708	468647	400169	4010	430100	0	2988	17500	0	38547	800	468647	0	0	23062	0	0	20200	96	75937	324232			0	344464	341476	-5515	5096	0	0	8421	38547	0	0	
253730																																							1423	5836	31976	0	0	6261	150	5592	154084	138150	2269	140419	0	1668	0	0	13665	300	154084	0	0	8705	0	0	6200	0	43414	94736			0	76566	74898	-1540	21627	5000	0	0	13665	0	1321	
254317																																							43053	3829	0	0	0	14581	0	13308	1405373	1010249	35992	1046241	0	1141	0	0	359132	5000	1405373	0	0	52572	0	0	301560	0	61714	948535			0	142319	141178	0	0	0	0	0	359132	190175	999249	
254504																																							27307	4598	82087	0	0	6244	237	15328	375234	328955	6137	337157	0	2276	2065	0	38077	400	375234	0	0	31299	0	0	9713	0	96850	232105			0	226022	223746	-3335	0	0	0	0	38077	0	15687	
254849																																							14738	9445	118958	0	0	1403	0	105020	696917	532613	11953	612330	20452	5878	63764	0	64135	2281	696917	0	0	27801	0	0	37772	0	182378	350235			0	421343	415465	-3719	31888	0	0	4000	84587	0	0	
255350																																							2984	4428	37132	0	0	2195	455	5405	141176	124025	1770	125795	0	793	0	0	15381	200	141176	0	0	4550	0	0	11800	0	35823	88202			0	89023	88230	-1169	0	0	0	0	15381	0	347	
255556																																							12938	3214	57960	0	0	1383	0	9911	320261	272824	5173	291656	0	2071	7149	0	28605	1387	320261	0	0	25036	0	0	6559	0	66618	206206			0	203690	201619	-4377	2349	0	0	6510	28605	0	30887	
255574																																							51238	9030	326346	0	904	65499	1349	36297	1257462	915482	16323	1010062	0	6289	78257	0	247400	0	1257462	0	0	166900	0	0	88400	28504	206957	708525			0	744584	738295	-7900	0	0	0	0	247400	0	0	
255659																																							287519	90524	1956219	364	36484	89766	0	68330	7710086	6751808	54784	6971223	0	64980	50518	0	738863	5000	7710086	0	0	703494	12966	0	82229	9743	1956829	4794979			0	5223151	5158171	-51860	0	0	0	114113	738863	0	0	
256058																																							20691	9171	160545	0	0	7439	5243	13044	684117	565768	4006	620700	0	7310	48000	0	63417	1500	684117	0	0	59457	0	0	7795	0	109781	455987			0	475294	467984	-5335	0	0	2926	0	63417	0	0	
256076																																							2532	2778	16406	0	0	2269	0	5999	136029	121327	521	121848	0	1372	0	0	14181	0	136029	0	0	15889	0	0	0	0	27625	93702			0	107417	106045	-1708	0	0	0	0	14181	0	0	
256179																																							750	6174	19896	0	0	1490	0	5261	160179	135160	1883	137043	0	1109	0	0	23136	672	160179	0	0	22573	0	0	689	0	48300	86860			0	110318	109209	-798	17207	0	0	0	23136	0	192	
256553																																							27662	81196	566855	0	14077	50488	111	148869	4835143	4321159	51901	4373060	0	43897	0	0	462083	10765	4835143	0	0	389440	20451	0	82067	2280	858349	3462810			0	3965329	3921432	-20189	0	0	0	0	462083	1722	0	
257233																																							75336	9398	253531	0	6839	40195	1519	56032	1203765	1077553	31700	1109253	0	9446	0	0	94512	1219	1203765	0	0	98289	0	0	29878	0	196296	881257			0	718251	708805	-34874	52110	0	0	0	94512	0	0	
257345																																							14048	7625	90411	0	0	3790	0	2891	303280	260292	1692	281984	0	2078	20000	0	21296	327	303280	0	0	24807	0	0	1604	0	73279	187013			0	186555	184477	-5442	38	0	0	0	21296	0	0	
257578																																							17438	6120	18082	722	4993	12061	0	32493	673135	535378	2698	613076	0	6115	75000	0	60059	130	673135	0	0	59414	4552	0	2157	4328	72019	463359			0	578461	572346	-1642	0	0	0	0	60059	0	0	
257653																																							9892	2035	33853	0	0	68	0	677	79769	69475	334	69809	0	496	0	0	9960	200	79769	0	0	9773	0	0	300	0	16670	52805			0	26032	25536	-313	7708	0	0	0	9960	0	0	
257756																																							2037	4287	44998	0	801	3092	0	12861	338567	305299	2110	307409	0	4044	0	0	31158	400	338567	0	0	23016	0	0	9880	0	77580	227719			0	260401	256357	-2138	14134	0	0	0	31158	0	0	
258306																																							13673	4428	89870	0	6	5290	0	26520	644286	503612	17417	588529	0	4904	67500	0	55757	0	644286	0	0	59357	0	0	3888	0	132242	371370			0	507006	502102	-7488	0	0	0	0	55757	0	2397	
258379																																							15436	2797	18806	0	0	1066	0	8286	216374	200122	1767	201889	0	1460	0	0	14485	0	216374	0	0	17295	0	0	0	0	10941	189181			0	166333	164873	-2810	5110	0	0	0	14485	0	0	
258539																																							3476	145	30659	0	0	1087	1724	2630	137596	107115	523	121503	0	1647	13865	0	16093	338	137596	0	0	14171	0	0	1912	0	18253	88862			0	99522	97875	-328	0	0	0	0	16093	0	0	
258874																																							12305	1374	14923	0	316	1178	0	6007	132936	107859	1067	113476	0	518	4550	0	19460	0	132936	0	0	19921	0	0	0	0	5930	101929			0	88878	88360	-461	8456	0	0	0	19460	3	14	
259059																																							31183	1918	31780	0	0	1338	0	2048	129548	110394	670	114281	0	1098	3217	0	15267	500	129548	0	0	4063	0	0	10700	0	25399	84995			0	60932	59834	4	1447	0	0	0	15267	0	0	
259330																																							64146	9401	168075	0	7435	26284	256	31789	1155121	1034675	10839	1045514	0	10704	0	0	109607	25	1155121	106	0	89465	0	0	20897	0	160522	874153			0	853018	842314	-780	4850	0	0	0	109607	0	465	
259442																																							12470	13062	77524	0	1498	6672	0	17463	544198	469822	3958	478780	0	5854	5000	0	65418	360	544198	0	0	53784	0	0	13600	1318	74072	395750			0	418136	412282	-2326	433	0	0	0	65418	141	1335	
259956																																							0	12172	68592	1601	0	5701	0	4486	181526	155374	153	167535	0	955	8000	0	13991	500	181526	0	0	6932	0	0	9500	0	11888	143486			0	89929	88974	-2941	0	0	0	4008	13991	0	0	
260055																																							347030	109066	737958	0	17631	90247	22959	190249	6850257	6078888	70685	6153496	450	47759	0	0	696311	4410	6850257	3901	3923	542234	0	0	184485	5407	1833797	4245091			0	4338160	4290401	-34818	0	0	0	0	696761	0	1035408	
260831																																							33140	4616	6342	0	0	9175	0	1903	275051	247055	1567	248622	0	3602	0	0	26429	200	275051	0	0	13817	0	0	12333	0	41772	205283			0	223477	219875	79	0	0	0	0	26429	0	0	
261146																																							1556	3767	43402	0	7713	6943	0	7209	515459	444781	16897	461678	0	6973	0	0	53781	100	515459	0	0	22374	0	0	33255	75569	52709	392072			0	352331	345358	-1948	23942	0	0	0	53781	0	0	
261360																																							71604	45779	275925	64	2918	23422	379	34129	1206192	1048435	11451	1059886	0	7559	0	0	146306	1000	1206192	0	0	128907	0	0	20368	0	322265	726170			0	750340	742781	-3969	0	0	0	0	146306	910	8281	
261940																																							3776	15042	194217	0	4811	21050	505	33139	1142306	1025950	10221	1036204	0	10672	33	0	106102	300	1142306	0	0	99412	0	0	19004	0	133939	892011			0	850438	839766	-12614	29000	0	0	0	106102	0	1000	
262059																																							33061	3471	62842	0	0	8227	0	19416	547962	477533	5452	497985	0	7074	15000	0	49977	1000	547962	0	0	49009	0	0	5000	0	71240	406293			0	426019	418945	-5032	0	0	0	0	49977	0	2000	
262237																																							45871	6722	42141	0	0	8172	472	16016	582890	521339	3777	525116	0	6289	0	0	57774	756	582890	0	0	33456	0	0	25827	4135	110386	410953			0	465650	459361	-2265	0	0	0	0	57774	0	0	
262358																																							120317	3706	19515	0	4855	18340	945	26342	672666	555828	5185	596013	0	7018	35000	0	76653	400	672666	0	0	-7529	0	0	84598	0	72676	483152			0	485465	478447	-816	0	0	0	0	76653	0	199	
262741																																							4819	7910	72428	0	4511	12793	0	18424	760094	628998	4436	693434	0	4206	60000	0	66660	425	760094	0	0	32804	0	0	38686	762	93880	535118			0	642179	637973	-5255	0	0	0	0	66660	0	474	
262844																																							8268	4626	294788	0	5075	12506	0	34301	966256	779127	6105	870329	0	9303	85000	0	95927	750	966256	0	0	96987	0	0	17940	0	233845	545282			0	615823	606520	-19750	0	0	0	97	95927	172	0	
262956																																							243	2948	60673	815	860	1943	0	9737	182282	139234	757	159891	0	2233	18500	0	22391	300	182282	0	0	7881	0	0	16000	0	44250	94984			0	107085	104852	-1790	0	0	1400	0	22391	211	0	
263243																																							9853	9736	126079	0	745	12320	0	13139	587827	507749	4682	543527	0	4842	15338	0	44300	90	587827	0	0	29062	0	0	26301	0	110978	396771			0	358141	353299	-11153	420	0	0	15758	44300	0	62236	
263627																																							6894	1213	0	0	0	1144	0	13246	196173	172939	4988	177927	0	810	0	0	18246	2500	196173	0	0	8896	0	0	6850	0	45674	127265			0	93837	93027	0	6590	0	0	0	18246	0	74059	
264455																																							40951	7258	198970	118	0	13428	49	15468	762558	673523	8114	681637	0	6331	0	0	80921	4000	762558	0	0	64006	0	0	16000	0	250523	423000			0	490122	483791	-3085	2525	0	0	0	80921	0	0	
264772																																							895008	6238	3696626	0	135577	87052	0	419744	11472011	9948426	217930	10166356	0	275743	0	0	1305655	0	11472011	0	0	370477	0	0	953338	1762396	488943	9459483			0	4745113	4469370	-18160	0	0	0	0	1305655	0	0	
265340																																							13	4426	77928	0	0	4230	0	12398	312856	255358	526	283461	0	1629	27500	0	29395	180	312856	0	0	36169	0	0	3820	0	56626	198732			0	212405	210776	-10774	3085	0	77	0	29395	0	0	
265407																																							129414	25903	299022	0	26107	41971	0	77478	2749252	2342726	29522	2430698	0	25934	4071	0	318554	250	2749252	0	0	339106	0	0	0	0	440028	1902698			0	2167321	2141387	-20802	0	0	0	54379	318554	0	7970	
265452																																							251	1288	30462	0	740	1013	0	4264	128458	95362	539	113674	0	1254	16500	0	14784	65	128458	0	0	12465	0	0	2750	0	16849	78513			0	84329	83075	-496	3086	0	0	1273	14784	0	4279	
265676																																							8955	3279	29389	0	0	2619	0	5612	153062	134377	1716	136099	0	1117	6	0	16963	232	153062	0	0	16323	0	0	2591	0	46962	87415			-230	104191	103074	-1953	134	0	0	0	16963	0	0	
266244																																							32925	2722	55634	0	0	4914	0	9574	303919	260719	1142	282056	0	2881	20195	0	21863	231	303919	0	0	24861	0	0	1731	0	42093	218626			0	201031	198150	-4960	0	0	0	0	21863	0	0	
266253																																							99	1234	19058	0	0	1065	0	7860	142953	114283	683	126602	0	2144	11636	0	16351	300	142953	0	0	11630	0	0	5394	0	22225	92058			0	107929	105785	-973	7852	0	0	0	16351	0	0	
266655																																							4816	1923	23400	0	0	422	0	7736	111151	86491	1013	97119	0	957	9615	0	14032	150	111151	0	0	2588	0	0	12175	0	13092	73399			0	73745	72788	-881	0	0	0	0	14032	66	0	
266851																																							5786	2698	76263	0	263	9866	0	13323	335850	285509	1730	297239	0	2888	10000	0	38611	100	335850	0	0	41031	0	0	1718	0	56956	228553			0	230500	227612	-4238	39	0	0	0	38611	0	0	
266945																																							34758	5751	214505	0	30	27503	0	47442	1140123	938702	6110	1044812	0	9251	100000	0	95311	900	1140123	0	0	67609	0	0	47229	0	68976	869726			0	819384	810133	-20427	1	0	0	0	95311	0	0	
267652																																							7832	771	43164	0	0	2279	536	5325	112585	104519	440	105959	0	1093	1000	0	6626	270	112585	0	0	3097	0	0	8730	0	34578	69941			0	53771	52678	-5471	0	0	0	0	6626	0	0	
268006																																							32135	27936	344398	0	9571	33119	0	69648	2991929	2662315	30867	2740166	0	18302	31261	0	251763	250	2991929	14118	0	274580	0	0	0	0	365675	2296640			0	2479306	2461004	-23067	0	0	0	15723	251763	0	0	
268136																																							55471	5443	52405	209	0	4991	0	9532	412938	359946	4227	364173	0	5557	0	0	48765	650	412938	0	0	37798	0	0	10628	0	102515	257431			0	290444	284887	-311	0	0	0	0	48765	0	0	
268677																																							43184	2667	42881	0	0	8139	52	21539	695941	584856	11149	646143	0	5951	50138	0	49798	0	695941	0	0	-44657	0	0	105293	8603	102857	481999			0	573232	567281	-10838	0	0	0	0	49798	0	1595	
268828																																							1862	3741	98524	0	0	6479	1034	18210	363648	287280	915	300695	0	2684	5500	0	62953	10000	363648	0	0	52692	0	0	10000	0	69268	218012			0	236482	233798	-9739	0	0	7000	0	62953	0	0	
268976																																							98418	2888	0	0	0	4533	0	19317	907444	736930	3386	800316	0	2375	60000	0	107128	0	907444	0	0	4123	0	0	103005	0	40943	695987			0	679687	677312	0	0	0	0	0	107128	0	104976	
269049																																							34265	9227	55199	0	11410	16900	0	11022	898513	754995	2779	807410	0	8430	47000	0	91103	12439	898513	0	0	22734	0	0	56703	4254	128474	626521			0	763166	754736	-773	0	0	0	2636	91103	0	1500	
269058																																							625	4336	80845	0	3328	888	0	8739	287083	246301	1593	256394	0	2214	2000	0	30689	500	287083	0	0	10038	0	0	24500	0	44830	201471			0	190470	188256	-4349	0	0	6500	0	30689	66	0	
269571																																							2121	191	0	0	0	66	0	2284	95470	83202	445	83647	0	362	0	0	11823	0	95470	0	0	11823	0	0	0	0	0	83202			0	64458	64096	0	0	0	0	0	11823	1705	25007	
269759																																							0	2011	3648	0	0	281	0	3874	60411	51064	142	52206	0	1197	1000	0	8205	200	60411	0	0	1721	0	0	6300	0	18367	32697			0	51794	50597	-16	0	0	0	0	8205	0	0	
270148																																							4484	4069	36971	0	0	6061	11	5268	177419	158066	946	159012	0	1215	0	0	18407	287	177419	0	0	17079	0	0	3003	0	63360	94706			0	119624	118409	-1962	2146	0	0	0	18407	0	0	
270353																																							7083	988	25160	0	0	328	0	1819	55131	50915	575	51490	0	212	0	0	3641	175	55131	0	0	2548	0	0	3325	0	16055	34860			0	19965	19753	-2407	0	0	0	0	3641	0	0	
270504																																							116922	11627	144041	6795	12201	12091	319	27507	1286848	1072030	8859	1161326	0	10865	38939	0	125522	350	1286848	0	0	115529	0	0	19254	138	220205	851825			0	966072	955207	-9611	0	0	0	41498	125522	0	0	
270531																																							28969	469	18690	0	0	2050	0	3657	177286	137174	1141	152315	0	1739	14000	0	24971	1000	177286	0	0	-8739	0	0	33479	0	47436	89738			0	124690	122951	-769	0	0	0	0	24971	0	500	
270652																																							3081	773	38502	0	0	1004	0	3229	107108	99331	439	99770	0	722	0	0	7338	150	107108	0	0	2588	0	0	5550	0	28208	71123			0	57534	56812	-950	3700	0	0	0	7338	7	0	
271136																																							9872	1677	5304	0	0	10378	0	1217	102136	89233	1724	90957	0	1785	0	0	11179	1430	102136	0	0	5050	0	0	4617	0	34858	54375			0	63791	62006	82	5125	0	0	0	11179	100	6457	
271275																																							11726	3489	104836	0	48	5687	0	16461	489208	419164	4860	456524	0	3202	32500	0	32684	0	489208	0	0	1405	0	0	38711	946	129379	289785			0	345972	342770	-7432	0	0	0	0	32684	652	2593	
271341																																							8447	1340	25303	0	88	3775	0	850	119977	109507	792	110308	0	1029	9	0	9669	271	119977	0	0	6256	0	0	6400	0	43995	65512			0	81193	80164	-3258	10	0	0	0	9669	0	0	
271529																																							53808	10969	234645	0	1667	14591	0	18559	729554	637791	12410	682301	0	3375	0	0	47253	1800	729554	0	0	42871	0	0	22228	10928	172136	465655			0	387762	384387	-19646	0	0	0	32100	47253	0	0	
272030																																							22842	4386	14321	0	0	4558	0	3852	235258	213679	1412	215091	0	1818	0	0	20167	77	235258	0	0	13427	0	4270	3608	0	52520	161159			0	187067	185249	-1215	50	0	0	0	20167	0	0	
272058																																							116	1491	6520	0	0	159	0	906	49624	40769	278	44547	0	294	3500	0	5077	66	49624	0	0	1602	0	0	5434	0	5036	35733			0	24929	24635	-2025	2600	0	0	0	5077	18	13179	
272151																																							3918	1054	18268	0	0	1839	0	3448	52295	45817	661	46478	0	326	0	0	5817	155	52295	0	0	4706	0	0	2638	0	12685	33132			0	24094	23768	-1682	0	0	0	0	5817	0	0	
272272																																							34465	64403	444965	0	22903	94156	1536	172539	5043770	4321308	73253	4516602	0	54465	102041	0	527168	1	5043770	0	0	230835	0	0	304971	1271	534561	3786747			0	4226556	4172091	-8639	0	35441	0	20000	527168	0	0	
272302																																							158808	12456	110672	0	9435	56371	0	238400	5372290	3179286	52574	4704102	0	14343	1468720	0	668188	0	5372290	0	0	668425	42770	0	0	0	186965	2992321			0	4200880	4186537	-237	6752	0	0	3522	668188	426826	123263	
273336																																							33205	23499	519009	0	6270	32251	0	117207	2926118	2621263	21909	2643172	0	26427	0	0	282946	2000	2926118	0	0	250848	0	0	77910	0	1006020	1615243			0	1937947	1911520	-47812	1	0	0	0	282946	1375	281781	
273550																																							3929	3765	171064	2890	3506	3427	0	21503	436018	369720	3438	379002	0	3414	3767	0	57016	430	436018	0	0	43139	0	0	22360	0	89977	279743			0	225842	222428	-8913	3440	0	0	2077	57016	66	0	
273653																																							1902	14278	3409	0	0	788	0	880	87191	78018	432	78450	0	1291	0	0	8741	150	87191	0	0	5224	0	0	3725	0	17333	60685			0	67027	65736	-358	0	0	0	0	8741	0	198	
273662																																							416323	10921	643014	0	1498	6881	0	46074	1788521	1573084	11401	1584485	0	10894	0	0	204036	1800	1788521	0	0	247062	0	0	27200	0	275836	1297248			0	674527	663633	-72026	0	0	0	0	204036	177	0	
273840																																							4184	6292	36437	0	1915	4672	224	10484	265417	236694	625	237319	0	2228	0	0	28098	746	265417	0	0	13125	0	0	14808	0	64639	172055			0	203349	201121	-581	0	0	0	0	28098	88	0	
273859																																							1967	1273	0	0	0	51	0	492	18790	16398	133	16531	0	126	0	0	2259	150	18790	0	0	1884	0	0	225	0	5830	10568			0	6595	6469	0	1215	0	0	0	2259	0	7323	
274025																																							3476	728	2649	0	0	318	0	402	21868	19614	12	19626	0	341	0	0	2242	250	21868	0	0	1853	0	0	250	0	6590	13024			0	13914	13573	-111	722	0	0	0	2242	0	0	
274052																																							15033	633	3164	0	0	598	18	772	57579	52782	187	53704	0	429	735	0	3875	225	57579	0	0	3177	0	0	475	0	13946	38836			0	37770	37341	-2	20	0	0	0	3875	0	0	
274829																																							75964	6075	129957	0	4117	13932	0	31135	696251	603397	10577	633201	0	5650	5434	0	63050	1579	696251	0	0	53968	0	0	18301	0	161442	441955			0	440721	435071	-10798	0	0	0	13793	63050	0	0	
274856																																							19248	1970	48688	0	0	580	0	2665	150588	132405	532	133637	0	1213	700	0	16951	91	150588	0	0	9884	0	0	7900	0	11027	121378			0	78584	77371	-924	0	0	0	0	16951	66	0	
275255																																							17463	8771	33883	0	3364	6057	647	10398	368862	327296	1417	328713	0	3777	0	0	40149	118	368862	0	0	21284	0	0	20681	0	48940	278356			0	292056	288279	-1934	0	0	0	0	40149	0	0	
275358																																							186066	31976	291978	0	12052	30245	0	59680	2147633	1868116	25056	1919682	0	16710	15961	0	227951	1381	2147633	0	0	94146	0	0	149181	2384	253241	1614875			0	1547647	1530937	-16757	1987	0	0	10549	227951	328	0	
275479																																							8939	3185	44407	0	0	570	0	9268	205345	135017	6295	177312	0	827	36000	0	28033	0	205345	0	0	33251	0	0	0	0	21964	113053			0	133357	132530	-5218	6446	0	0	0	28033	0	0	
275657																																							247	2251	39835	0	0	463	0	2191	84259	74316	429	74745	0	906	0	0	9514	300	84259	0	0	12232	0	0	800	0	14277	60039			0	34048	33142	-3818	5700	0	0	0	9514	0	430	
276074																																							2872	2456	48262	0	840	13190	0	17250	312206	245320	2513	284820	0	1915	36987	0	27386	8500	312206	0	0	23693	0	0	491	0	43032	202288			-1357	228149	226234	-3941	0	0	0	0	27386	0	1102	
276159																																							1850	9384	74457	0	0	2150	0	3988	179655	166740	797	167537	0	1388	0	0	12118	100	179655	0	0	17656	0	0	250	0	50977	115763			0	89214	87826	-5888	0	0	0	0	12118	0	0	
276551																																							11992	2475	43967	0	1005	1238	0	5672	150170	134999	598	135597	0	1428	0	0	14573	100	150170	0	0	12684	0	0	4644	0	44693	90306			0	73730	72302	-2855	5030	0	0	0	14573	6489	0	
276579																																							2087485	683240	9206593	165379	1114816	1261001	4783	3163725	88989689	75875678	1336635	81809986	0	678051	2891686	969116	7179703	148	88989689	63944	0	7351845	396802	66317	1726363	201443	25822996	50052682			-23612	60916612	60238561	-1941358	27264	1392980	244279	492592	7179703	114289	8867384	
276645																																							9473	8739	73973	0	210	2971	85	13092	347700	272370	3213	313131	0	2837	35288	0	34569	250	347700	0	0	31702	0	0	6800	0	36987	235383			0	241994	239157	-4183	0	0	0	2260	34569	0	0	
276654																																							628	1912	16244	0	304	690	0	1117	93676	81514	438	84638	0	1097	1636	0	9038	100	93676	0	0	1196	0	0	9062	0	14903	66611			0	73167	72070	-1320	136	0	1050	0	9038	0	575	
276850																																							380852	25121	276271	0	10712	38534	525	35344	2199625	1888176	64545	2012721	0	17423	60000	0	186904	2000	2199625	0	0	117170	7471	0	69000	1931	239270	1648906			0	1437901	1420478	-1266	41	0	0	0	186904	0	2345	
276953																																							1880	513	21647	0	0	225	0	2962	68843	58040	1068	61108	0	520	2000	0	7735	75	68843	0	0	5493	0	0	2925	0	13207	44833			0	42136	41616	-758	0	0	0	0	7735	0	0	
277240																																							67014	5302	29440	368	94	2730	0	5498	540445	441749	3021	468084	0	7789	6000	0	72361	1691	540445	0	0	54390	0	0	16276	0	69848	371901			0	437788	429999	4	0	0	0	17314	72361	0	0	
277277																																							64034	1121	5744	0	366	4043	2175	12685	368085	318757	1936	339693	0	2907	19000	0	28392	4273	368085	0	0	24194	0	0	0	0	87722	231035			0	280824	277917	-75	0	0	0	0	28392	0	0	
277736																																							4575	4521	19694	0	0	2614	0	2131	227357	185180	1134	201314	0	2002	15000	0	26043	410	227357	0	0	24784	0	0	1795	0	52829	132351			0	195674	193672	-946	150	0	0	0	26043	0	0	
277820																																							56356	10678	71402	0	1639	1445	0	18540	623382	517545	5102	543061	0	3890	12000	0	80321	600	623382	0	0	73776	0	0	14300	0	141821	375724			0	229550	225660	-8355	0	0	0	8414	80321	0	237662	
278256																																							642	5864	79853	0	3878	5140	0	16078	374433	285688	2513	329583	0	2301	35502	0	44850	200	374433	0	0	24720	0	0	21661	0	19373	266315			0	253579	251278	-1731	11700	0	0	5880	44850	0	0	
278555																																							42720	570879	70012	0	1170	15666	40	40185	4855805	4461511	36488	4498115	0	20974	116	0	357690	950	4855805	0	0	245316	0	0	112480	331487	4069704	391807			0	3804620	3783646	-1056	0	0	0	0	357690	0	0	
278733																																							20989	1438	11577	0	0	2336	300	2317	202944	172625	2443	175068	0	2785	0	0	27876	200	202944	0	0	13611	0	0	14502	0	25348	147277			0	166362	163577	-437	410	0	0	0	27876	0	0	
278751																																							4975	1383	8518	0	393	1182	120	685	38486	34480	187	34667	0	182	0	0	3819	70	38486	0	0	1296	0	0	2412	0	15490	18990			0	12470	12288	41	2000	0	0	0	3819	0	6942	
278818																																							210786	58420	511831	0	104897	78496	1682	162709	5261716	4435803	43599	4662134	0	39007	167073	0	599582	1485	5261716	15896	15659	243036	15454	0	379752	805	966099	3469704			0	4066896	4027889	-24691	0	0	0	0	599582	804	72047	
279105																																							50764	35454	320655	0	0	13207	0	76315	2007879	1753765	15300	1799065	0	7793	30000	0	208814	0	2007879	0	0	241620	0	0	0	0	450982	1302783			0	1240888	1233095	-32806	0	0	0	0	208814	3478	274911	
279842																																							90795	9815	76765	0	7083	8468	0	11445	1045511	782306	3299	923838	0	9657	136000	0	121673	650	1045511	0	0	77468	0	0	48605	0	105854	676452			0	844520	834863	-5050	6277	0	0	2233	121673	0	0	
279954																																							84335	16608	298949	0	15658	35299	0	48534	1480074	1277662	7683	1333428	0	10855	48083	0	146646	495	1480074	0	0	71590	0	0	86621	0	294672	982990			0	991342	980487	-12060	0	0	0	0	146646	204	0	
280110	10124475	1303449	39595563	2	3165273	1041977	11175	8805414	181707510	2960000	162632501	63	1437653	3428405	1932320	19074946	50000	181707510	190892	639021	9568352	2452513	0	11173849	1077455		0	106745410	105307757	-1717255	10031	12936	19075009	0	8621534	0	0	0			39595563							153659819					3428405					190892	639021						27613889	126045930							0	10031	0	12936		0		
280138																																							20569	2169	48730	0	0	619	0	7966	157582	121086	2659	123745	0	1738	0	0	33837	800	157582	0	0	28279	0	0	7200	0	32715	88371			0	79267	77529	-2442	0	0	0	0	33837	0	0	
280352																																							11000	2566	0	0	245	934	0	1814	110092	92271	995	93266	0	1535	0	0	16826	500	110092	0	0	10331	0	0	5995	0	33982	58289			0	63191	61656	0	23808	0	0	0	16826	0	8069	
280558																																							6685	2825	21896	0	0	275	0	797	125392	115895	341	116236	0	1160	0	0	9156	88	125392	0	0	10596	0	0	212	0	35860	80035			0	94074	92914	-1740	0	0	0	0	9156	0	0	
282075																																							20589	9154	260582	0	99	15007	0	68838	1473936	1262909	11197	1274106	0	12490	0	0	199830	1	1473936	0	0	209304	0	0	99	0	192869	1070040			0	1084663	1072173	-9574	0	0	0	0	199830	0	27494	
282226																																							164772	11508	183850	0	0	4130	0	7447	495356	435279	1006	436285	0	1292	0	0	59071	1250	495356	0	0	62996	0	0	4750	0	109395	325884			0	124441	123149	-9925	500	0	0	0	59071	0	0	
282824																																							26375	7380	19891	0	0	3612	0	17338	441709	345007	2353	390090	0	4853	42730	0	51619	31	441709	0	0	50946	0	0	1458	0	46473	298534			0	368337	363484	-816	3629	0	0	0	51619	0	0	
283438																																							60624	5071	310922	2052	294	24523	1802	49402	1105310	957063	15892	982955	0	7083	10000	0	122355	251	1105310	0	0	68856	0	25000	38197	1966	224632	732431			0	619875	612792	-9949	25115	0	0	0	122355	10747	0	
283652																																							7078	1882	0	0	0	4590	0	3689	197700	166941	391	169563	0	2348	2231	0	28137	1000	197700	0	0	22968	0	0	4169	0	102642	64299			0	166153	163805	0	16656	0	0	0	28137	0	0	
283737																																							116024	17137	288339	0	0	14919	0	9407	1354670	1189055	19108	1208227	0	9450	64	0	146443	669	1354670	0	0	132743	0	0	10316	0	308898	880157			0	716715	707265	2715	0	0	0	0	146443	0	201579	
283867																																							153044	50190	17720	0	2172	35824	31700	25602	1392348	1215113	12740	1257870	0	9858	30017	0	134478	1500	1392348	0	0	112992	0	0	20500	0	333723	881390			0	1085954	1076096	-514	0	0	0	0	134478	0	0	
284154																																							10657	1520	8760	0	6074	2185	0	2205	176252	142744	885	152629	0	1465	9000	0	23623	120	176252	0	0	3290	0	0	20167	0	24997	117747			0	145126	143661	46	1190	0	0	0	23623	0	0	
284239																																							348	3994	0	0	0	3080	538	6684	243231	214456	1290	220420	0	1951	4674	0	22811	70	243231	0	0	22671	0	0	70	0	48453	166003			0	198145	196194	0	21036	0	0	0	22811	0	11357	
284556																																							37705	3573	1406	0	0	5693	94	18321	579108	457531	5095	525885	0	4624	63259	0	53223	150	579108	0	0	30368	0	0	22823	0	70932	386599			0	515808	511184	-118	0	0	0	0	53223	0	1132	
284752																																							199	2780	52148	0	222	1946	0	1964	143037	126259	1044	130037	0	1009	2734	0	13000	238	143037	0	0	14179	0	0	1272	0	31111	95148			0	77601	76592	-2689	6300	0	0	0	13000	0	886	
284958																																							7920	1106	4849	0	0	62	0	1117	43682	36792	173	38001	0	605	1036	0	5681	200	43682	0	0	2312	0	0	3200	0	6753	30039			0	29233	28628	-31	0	0	0	0	5681	0	0	
285151																																							21926	6566	46537	0	4916	5929	0	4138	316199	267971	2167	280138	0	2301	10000	0	36061	550	316199	0	0	6028	0	0	29497	0	97824	170147			0	228488	226187	-14	0	0	0	0	36061	0	0	
285348																																							43118	3813	52528	0	2412	9405	0	6023	301888	246744	1875	264619	0	2071	16000	0	37269	0	301888	0	0	5717	0	0	33164	0	42828	203916			0	186660	184589	-1612	0	0	0	0	37269	0	0	
285544																																							34336	2215	3374	0	0	3782	0	4152	212529	166226	4477	180703	0	3974	10000	0	31826	1706	212529	0	0	22916	0	0	7300	24055	43121	123105			0	144589	140615	-96	0	0	0	0	31826	0	0	
285553																																							27252	515	11986	0	0	343	0	987	61088	48992	407	49399	0	173	0	0	11689	50	61088	0	0	10142	0	0	1450	0	14717	34275			0	19938	19765	47	240	0	0	0	11689	0	0	
285740																																							24451	4685	165586	0	97	6391	0	31467	1017221	805802	12197	904033	0	12508	45000	0	113188	2300	1017221	0	0	55899	0	0	57982	1585	196788	609014			0	788704	776196	-2993	0	0	0	41034	113188	0	6763	
285852																																							48625	12076	98575	0	641	12388	0	19519	815953	735370	3332	766202	0	4347	27500	0	49751	500	815953	0	0	41345	0	0	20787	0	168524	566846			0	466546	462199	-12881	0	0	0	0	49751	0	161930	
285928																																							20954	7568	126688	0	0	9483	0	12107	439480	390511	2736	393247	0	3170	0	0	46233	2613	439480	0	0	44026	0	0	7900	0	82407	308104			0	263434	260264	-8306	0	0	0	0	46233	0	2416	
286251																																							349	1043	7167	0	0	195	0	2245	29117	27116	37	27153	0	461	0	0	1964	300	29117	0	0	2426	0	0	300	0	7761	19355			0	14714	14253	-1062	3865	0	0	0	1964	0	0	
286457																																							63419	16052	449955	842	9977	8171	109	48909	1485132	1218888	7664	1341522	0	10921	114970	0	143610	50	1485132	0	0	63892	0	0	85095	1802	202271	1016617			0	893018	882097	-5427	3139	0	0	0	143610	0	660	
287007																																							38330	1972	0	0	0	1176	569	2762	173817	127682	939	128621	0	1945	0	0	45196	1000	173817	0	0	44630	0	0	1000	0	51277	76405			0	117480	115535	-1434	0	0	0	0	45196	0	13473	
287342																																							11609	2521	32686	0	0	1044	0	2999	147914	111655	499	121438	0	1348	9284	0	26476	350	147914	0	0	24974	0	0	3550	0	25909	85746			0	97153	95805	-2398	1250	0	0	0	26476	0	0	
287922																																							245	2277	26158	0	0	514	0	2328	67808	59515	61	59576	0	480	0	0	8232	250	67808	0	0	8324	0	0	750	0	14364	45151			0	34310	33830	-1092	2456	0	0	0	8232	0	0	
287959																																							8724	4365	95265	0	0	1574	0	2365	211716	192042	1045	194227	0	1188	0	0	17489	1000	211716	0	0	16526	0	0	1000	0	33899	158143			0	79766	78578	-1037	20845	0	0	1140	17489	0	0	
288152																																							3185	1193	12172	0	0	70	0	1793	26188	22580	132	22912	0	165	0	0	3276	25	26188	0	0	3322	0	0	275	0	4844	17736			0	7940	7775	-346	0	0	200	0	3276	0	0	
288376																																							20812	2764	176921	0	306	8783	0	23133	363568	334738	2081	341801	0	2013	4982	0	21767	9	363568	0	0	36499	0	0	8031	0	93442	241296			0	132862	130849	-22772	0	0	0	0	21767	0	0	
288853																																							897631	134368	5631468	0	18205	223519	2523	847211	26480975	23072950	146869	24620695	0	169369	1400876	0	1860280	7000	26480975	0	0	2032883	60734	0	445129	1151	7571891	15501059			0	16122494	15953125	-624732	0	0	0	0	1860280	0	2711040	
289056																																							991	3396	45180	3	154	2922	0	10666	191111	168837	1318	179937	0	791	9000	0	11174	1700	191111	0	0	7602	0	0	8325	0	17025	151812			0	78974	78183	-6453	0	0	782	0	11174	0	49616	
289225																																							31	437	36518	0	0	113	0	2189	51648	42079	187	50266	0	79	8000	0	1382	350	51648	0	0	5536	0	0	485	0	5828	36251			0	7058	6979	-4989	4998	0	0	0	1382	0	383	
289515																																							106274	22446	454586	166	9016	30795	0	56340	2239135	1836236	18375	2054611	0	20655	200000	0	184524	1376	2239135	0	0	177883	0	0	26854	18929	310715	1525521			0	1561238	1540583	-21589	0	0	0	0	184524	0	0	
289702																																							10569	20448	355399	0	6417	47361	0	47124	2082168	1594662	24862	1824558	0	10835	205034	0	257610	0	2082168	0	0	272144	4604	0	25000	0	445211	1149451			0	1546271	1535436	-39534	50	0	0	0	257610	49135	5625	
289739																																							14696	7674	48807	0	0	5551	932	9664	306966	264383	444	264827	0	2425	0	0	42139	722	306966	0	0	31157	0	0	11675	0	73774	190609			0	222067	219642	-1415	0	0	0	0	42139	0	0	
289757																																							4179	1125	52505	0	0	1596	0	9509	221544	180697	3681	188378	0	957	4000	0	33166	55	221544	0	0	14501	0	0	22595	0	40316	140381			0	149149	148192	-3985	4438	0	0	0	33166	0	0	
290249																																							32883	17056	276121	0	0	29232	0	70546	1601754	1259866	13526	1419485	0	10875	76151	0	182269	1950	1601754	0	0	172002	0	0	14811	5325	370909	888957			0	1181466	1170591	-6494	0	0	0	69942	182269	0	0	
290838																																							12023	183	133804	0	253	6089	0	7066	509675	413080	5594	458424	0	3584	39750	0	51251	10	509675	0	0	6443	0	0	45623	1559	78715	334365			0	351753	348169	-825	529	0	0	0	51251	0	0	
290922																																							6924	3755	0	0	0	745	0	930	109074	96424	411	96835	0	767	0	0	12239	100	109074	0	0	9639	0	0	2500	0	19716	76708			0	55688	54921	0	2827	0	0	0	12239	0	38972	
291059																																							0	3445	0	0	0	1702	0	4010	167849	143534	3764	147748	0	750	0	0	20101	500	167849	0	0	15851	0	0	3750	0	37526	106008			0	156599	155849	0	0	0	450	0	20101	2843	0	
291611																																							15935	7578	100889	0	0	7188	226	11147	481511	373327	10919	384335	0	3263	89	0	97176	929	481511	0	0	87786	0	0	7218	0	81129	292198			-69	303594	300331	1312	0	0	0	0	97176	38217	0	
291732																																							1995	1635	80499	0	0	156	0	3214	100066	88057	518	88575	0	188	0	0	11491	50	100066	0	0	17613	0	0	125	0	24720	63337			0	5393	5205	-6297	6750	0	0	0	11491	0	612	
292234																																							10719	11393	71267	0	0	6957	0	17108	244971	237150	554	237704	0	1358	0	0	7267	50	244971	0	0	16043	0	0	9192	0	83170	153980			0	128885	127527	-18018	0	0	0	0	7267	0	0	
292467																																							7069	2194	70537	0	0	3043	0	1216	136897	121897	44	123441	0	519	0	0	13456	600	136897	0	0	14563	0	0	1400	0	49690	72207			0	49357	48838	-3107	4000	0	0	1500	13456	0	0	
292850																																							1720	2414	15289	0	0	616	49	512	52993	46921	62	48136	0	268	0	0	4857	49	52993	0	0	5015	0	0	198	0	16364	30557			0	21119	20851	-405	0	0	1153	0	4857	0	11542	
293053																																							594392	36080	250365	0	15251	44109	1007	56361	2588004	2238542	38257	2276799	0	25807	0	0	311205	1750	2588004	0	0	247370	0	0	68455	1514	1052983	1185559			0	1614732	1588925	-6370	0	0	0	0	311205	0	0	
293352																																							5176	3555	4583	0	0	42	0	1110	63686	57246	216	57462	0	621	0	0	6224	120	63686	0	0	664	0	0	5505	0	22638	34608			0	41966	41345	-65	7875	0	0	0	6224	0	0	
293437																																							10075	1916	141505	0	0	3872	10	25873	294607	221217	2882	267099	0	1028	43000	0	27508	3	294607	0	0	57436	29	0	597	0	25793	195424			0	112355	111327	-30528	0	0	0	0	27508	0	0	
293651																																							3002	4621	26051	0	1372	1185	0	10526	237700	201167	2473	206289	0	3196	649	0	31411	100	237700	0	0	16812	0	0	15000	0	31447	169720			0	194073	190877	-501	66	0	2000	0	31411	0	0	
293754																																							12134	7434	7423	0	0	2032	0	2517	170564	152652	256	158276	0	805	0	0	12288	650	170564	0	0	8630	0	0	3390	0	46295	106357			0	139829	139024	-382	0	0	0	5368	12288	0	0	
294023																																							50236	15470	471914	0	1489	15083	0	32310	1151176	1040353	8502	1049924	0	7837	1069	0	101252	1800	1151176	0	0	70926	3710	0	52364	2043	141719	898634			0	562311	554474	-23838	4379	0	0	0	101252	68	0	
294751																																							31528	14938	49601	0	0	14639	9039	11829	434777	361924	11765	376753	0	6075	3064	0	58024	729	434777	0	0	58537	0	0	1221	0	90229	271695			0	303078	297003	-2463	0	0	0	0	58024	0	6200	
294779																																							215748	23176	75243	0	16046	21703	221	42828	2005570	1705895	13198	1739093	0	18125	20000	0	266477	1	2005570	0	0	194509	0	0	72200	3736	405713	1300182			0	1476957	1458832	-233	14410	0	0	0	266477	867	132760	
294827																																							6239	2856	20529	0	0	7258	264	9406	182600	154953	1163	158616	0	1353	2500	0	23984	500	182600	0	0	23292	0	0	1477	0	99103	55850			0	137401	136048	-1285	0	0	0	0	23984	0	0	
295011																																							37132	11766	110457	0	985	7035	0	18993	623494	529832	3507	548067	0	5842	2226	0	75427	1150	623494	0	0	75314	0	0	2150	541	100363	429469			0	439403	433561	-3187	3024	0	0	12502	75427	0	0	
295057																																							9935	2281	25644	5	11	670	0	1510	148194	124688	806	133184	0	1288	76	0	15010	100	148194	0	0	3326	0	0	11450	0	27018	97670			0	108379	107091	134	1047	0	0	7614	15010	0	0	
295646																																							267	1996	10091	0	0	91	0	509	20955	18473	120	18593	0	66	0	0	2362	75	20955	0	0	2388	0	0	625	0	5395	13078			0	7371	7305	-726	696	0	0	0	2362	0	0	
296456																																							123419	17431	65704	0	8244	18268	419	14932	644831	561968	3227	566523	0	5256	1328	0	78308	188	644831	0	0	36196	0	0	42237	0	184095	377873			0	397041	391785	-313	4629	0	0	0	78308	0	0	
296474																																							12211	998	19876	0	618	3189	0	11488	240440	188346	1721	199196	0	1984	9129	0	41244	0	240440	0	0	41564	0	0	0	0	5929	182417			0	194017	192033	-320	0	0	0	0	41244	27	0	
296559																																							19789	3725	168872	352	0	2862	0	6881	377201	343699	2025	345724	0	2175	0	0	31477	1500	377201	0	0	34156	0	0	2000	0	69065	274634			0	172625	170450	-6179	0	0	0	0	31477	4270	0	
296755																																							38780	1702	20862	0	0	1709	0	7673	273768	244807	749	245556	0	2688	0	0	28212	500	273768	0	0	25673	0	0	1900	0	56496	188311			0	205730	203042	139	0	0	0	0	28212	0	0	
297051																																							17425	4544	23664	0	0	6353	0	5528	261243	230806	970	238776	0	2024	7000	0	22467	193	261243	0	0	20605	0	0	2947	539	37211	193595			0	203108	201084	-1278	2106	0	0	0	22467	0	0	
297761																																							15083	794	78976	0	9203	8489	3654	17332	282995	208494	3935	250895	0	1801	38466	0	32100	2780	282995	0	0	-5195	0	0	35800	5872	36616	171878			0	145393	143592	-1285	0	0	0	0	32100	0	0	
298049																																							3224	2838	29552	0	1100	659	725	3078	204578	179392	1068	180460	0	2705	0	0	24118	500	204578	0	0	19072	0	0	5440	0	33285	146107			0	166041	163336	-894	0	0	0	0	24118	66	0	
298218																																							48379	9071	206198	2824	12571	17717	200	41748	941392	762649	9162	771811	0	6583	0	0	169581	0	941392	0	0	161695	0	0	8504	230	333779	428870			0	582767	576184	-618	0	0	0	0	169581	11583	14687	
298245																																							15185	10893	171163	0	0	1874	247	12370	443491	346104	1226	395908	0	3098	43000	0	47583	400	443491	0	0	60606	0	0	400	0	55905	290199			0	234857	231759	-13823	0	0	3583	1995	47583	0	0	
299868																																							62084	329	0	0	0	6789	2703	31047	411533	310462	11460	349193	0	3398	27271	0	62340	1417	411533	0	0	53147	0	0	7776	0	1430	309032			0	302827	299429	0	5199	0	0	0	62340	0	3953	
300009																																							86384	6633	86209	0	14512	13485	5300	39780	942403	761557	15607	821401	0	6953	44237	0	121002	0	942403	0	0	129022	3783	0	0	4054	146298	615259			0	647964	641011	-8020	0	0	0	0	121002	41252	0	
300063																																							131634	691	1689	0	885	11577	0	13943	520138	381257	5814	387071	0	6230	0	0	133067	3743	520138	0	0	55165	0	41563	32836	0	34508	346749			0	365949	359719	-240	0	0	0	0	133067	0	0	
300353																																							822	8797	133375	0	0	4139	0	10650	486100	441970	2785	446748	0	4141	0	0	39352	800	486100	0	0	37352	0	0	9755	0	138002	303968			0	327708	323567	-8555	0	0	1993	0	39352	0	4750	
300933																																							32866	12163	72309	0	0	7441	0	17028	453373	408808	3132	411940	0	5098	0	0	41433	2000	453373	0	0	25018	0	0	20473	0	178040	230768			0	313662	308564	-6058	2989	0	0	0	41433	13	0	
300942																																							22081	1329	55372	0	0	3257	0	5588	286073	253070	3170	258381	0	2720	2141	0	27692	190	286073	0	0	24584	0	0	3510	0	52309	200761			0	201166	198446	-592	0	0	0	0	27692	0	0	
301574																																							61245	3486	56138	0	163	7809	0	43300	727591	595739	9621	610598	0	4884	5238	0	116993	0	727591	0	0	91414	0	0	37993	0	96190	499549			-4711	560334	555450	-7703	0	0	0	0	116993	0	0	
301800																																							65477	14759	167855	900	6787	19952	0	62889	1383907	1223138	17524	1262669	0	11439	22007	0	121238	0	1383907	0	0	129941	0	0	8291	2835	212265	1010873			0	1053892	1042453	-16994	0	0	0	0	121238	0	0	
302030																																							54662	2152	26245	0	0	612	0	1137	158840	145509	511	146020	0	450	0	0	12820	300	158840	0	0	11596	0	0	3000	0	59981	85528			0	66585	66135	-2076	0	0	0	0	12820	0	7897	
302133																																							4868	138	33291	0	641	155	16	3068	57559	42086	185	51291	0	181	9020	0	6268	100	57559	0	0	-1166	0	0	7276	0	2334	39752			0	15563	15382	58	0	0	0	0	6268	0	0	
302553																																							17918	5465	53265	0	4790	8197	443	11286	445545	389418	2495	401965	0	4576	10052	0	43580	600	445545	0	0	20742	0	0	23652	0	65975	323443			0	322815	318239	-1414	0	0	0	0	43580	0	25942	
302656																																							308902	16119	370632	0	42287	30700	6597	76307	3012445	2645028	27480	2686403	0	31131	13895	0	326042	500	3012445	0	0	151987	9844	0	181881	3207	591222	2053806			0	2178981	2147850	-8326	0	0	0	0	326042	0	0	
303653																																							300	2803	136251	0	0	2549	0	2510	322701	282407	604	287921	0	1388	4910	0	34780	800	322701	0	0	30349	0	0	9200	0	107793	174614			0	179676	178288	-5569	0	0	0	0	34780	0	0	
303701																																							6856	1976	56666	0	0	4536	0	7846	251880	219733	3257	229095	0	1603	6105	0	22785	0	251880	1875	0	27992	0	0	0	0	63648	156085			0	173728	172125	-5207	0	0	0	0	22785	0	0	
303747																																							1036	3637	16408	0	0	222	3254	3226	83282	76500	313	76813	0	750	0	0	6469	319	83282	0	0	5114	0	0	2431	0	13703	62797			0	53726	52976	-1395	95	0	0	0	6469	0	2428	
303952																																							26603	11191	177410	0	3738	7638	0	20176	567250	478770	3234	501004	0	3741	19000	0	66246	600	567250	0	0	64033	0	0	12275	0	146214	332556			0	310383	306642	-10662	12655	0	0	0	66246	69	1128	
304173																																							17302	1944	277176	0	3276	24189	91	74047	1366747	1033777	7209	1199986	0	6086	159000	0	166761	0	1366747	0	0	192718	0	0	0	0	176642	857135			0	974589	968503	-25957	0	0	0	0	166761	219	0	
304520																																							505	5098	19952	0	0	973	0	4935	135423	109674	2637	122287	0	1607	5175	0	13136	2910	135423	0	0	7233	0	0	2915	0	38006	71668			0	105567	103960	78	0	0	0	4801	13136	0	0	
304575																																							1265	495	16842	0	359	16	0	588	50817	42941	283	43224	0	119	0	0	7593	7000	50817	0	0	500	0	0	0	0	1476	41465			0	8818	8699	93	22553	0	0	0	7593	0	0	
304762																																							27152	7512	78369	0	2239	7777	0	2208	252324	218515	1195	219710	0	1306	0	0	32614	200	252324	0	0	2234	0	0	30188	0	61397	157118			0	126932	125626	-8	1441	0	0	0	32614	0	0	
304913																																							101302	37095	0	0	0	779	0	1102	140278	3020	5911	8931	0	0	0	0	131347	50000	140278	0	0	28542	0	0	52805	0	0	3020	2a	1231	0	0	0	0	0	0	0	0	131347	0	0	
305059																																							5876	2131	21507	306	604	6666	0	4798	127606	95217	936	111422	61	900	15269	0	16123	500	127606	0	0	4234	0	0	11700	0	38615	56602			0	86618	85718	-311	0	0	0	0	16184	0	0	
305077																																							20330	669	66923	0	208	1992	0	7372	207356	172099	3144	175243	0	842	0	0	32113	0	207356	0	0	27640	0	0	7126	0	19877	152222			-1214	109596	108754	-1439	0	0	0	0	32113	408	700	
305237																																							13790	2193	55033	0	0	4534	0	8567	195317	168196	2435	170631	0	1569	0	0	24686	400	195317	0	0	15407	0	0	10100	0	86240	81956			0	112221	110652	-1221	548	0	0	0	24686	0	0	
305442																																							39226	11993	111721	20	7845	14526	0	28222	762918	682874	8734	691608	0	6542	0	0	71310	800	762918	0	0	48864	0	0	31445	0	138076	544798			0	502944	496402	-9799	1237	0	0	0	71310	0	51726	
306056																																							250	798	0	0	0	92	99	1805	30078	25924	212	26136	0	310	0	0	3942	400	30078	0	0	2678	0	0	864	0	4349	21575			0	24404	24094	0	150	0	0	0	3942	0	2790	
306159																																							1744	4496	8571	0	0	10266	26	17100	474845	343006	2346	425602	0	5197	80250	0	49243	863	474845	0	0	22486	0	0	26780	258	37849	305157			0	403949	398752	-886	33632	0	0	0	49243	0	0	
306337																																							5240	7721	62521	0	0	5920	0	17098	484289	431619	2281	433900	0	6475	0	0	50389	66	484289	0	0	51707	0	0	2132	0	64271	367348			0	382322	375847	-3516	9942	0	0	0	50389	0	0	
306908																																							64471	7602	181575	0	0	5522	492	36439	661805	558357	7649	568659	0	4877	2653	0	93146	672	661805	0	0	95611	0	0	700	0	192401	365956			0	362595	357718	-3837	0	0	0	0	93146	0	7986	
307062																																							68787	14915	158940	0	0	9020	0	8250	667565	559302	9368	568670	0	6771	0	0	98895	2000	667565	0	0	88221	0	0	12174	0	173124	386178			0	402273	395502	-3500	9846	0	0	0	98895	120	2185	
307334																																							14166	3212	79690	0	0	16007	719	11126	370876	317029	2419	339448	0	2378	20000	0	31428	260	370876	0	0	6869	0	0	26083	0	36755	280274			0	236284	233906	-1784	12050	0	0	0	31428	0	0	
307361																																							86386	8280	26985	0	0	15053	0	7017	625207	560138	2242	562380	0	5466	0	0	62827	2075	625207	0	0	55647	0	0	6148	0	152492	407646			0	474571	469105	-1043	0	0	0	0	62827	0	12381	
307679																																							100036	14769	294173	0	13436	16133	0	41458	1274361	1123354	12263	1135617	0	9292	0	0	138744	550	1274361	0	0	117358	0	0	30551	0	406331	717023			0	775266	765974	-9715	0	0	0	0	138744	0	28382	
308256																																							3496	751	23099	0	0	1391	0	961	87184	80576	392	80968	0	504	0	0	6216	200	87184	0	0	1151	0	0	4800	0	23868	56708			0	47304	46800	65	0	0	0	0	6216	0	10686	
308340																																							291	1198	61059	0	904	2238	0	12470	337321	275196	1815	319460	0	2440	41000	0	17861	300	337321	0	0	20796	0	0	7500	3109	38541	236655			0	258487	256047	-10735	0	0	1449	0	17861	0	5	
308836																																							16546	2151	513	0	0	319	0	851	77607	67266	382	68083	0	1005	0	0	9524	513	77607	0	0	4721	0	0	4290	0	17831	49435			0	50942	49937	0	7290	0	0	435	9524	0	0	
309150																																							35724	13468	98314	0	0	5265	0	18990	501959	446042	1036	447078	0	3836	0	0	54881	550	501959	0	0	46124	0	0	11490	0	109278	336764			0	319691	315855	-3283	14343	0	0	0	54881	0	0	
309655																																							30669	12580	183627	0	4246	44707	6323	43661	1971682	1728339	21840	1775594	0	19552	25415	0	196088	102	1971682	0	0	96743	0	0	103483	2295	372482	1355857			0	1661406	1641854	-4240	1720	0	0	0	196088	0	0	
309851																																							6993	1837	39593	0	0	384	0	4053	85901	79423	178	79601	0	249	0	0	6300	91	85901	0	0	5002	0	0	3660	0	7764	71659			0	28604	28355	-2453	4000	0	0	0	6300	0	686	
310754																																							99194	5410	1999	0	4187	4988	1071	26752	511047	431804	21902	462281	0	4787	8575	0	48766	450	511047	0	0	8633	0	0	39675	163682	4481	427323			0	208551	203764	8	0	0	0	0	48766	0	0	
310978																																							59884	10931	230848	0	1710	22427	424	129487	2259133	1476199	32869	1921326	0	17478	412258	0	337807	1	2259133	0	0	126090	0	0	223983	145057	110649	1365550			0	1675552	1658074	-12267	0	0	0	0	337807	291	0	
311050																																							106886	13547	474353	0	12698	19268	0	21342	1443414	1163846	5881	1312401	0	7436	25000	0	131013	2000	1443414	0	0	87477	0	0	63045	70	299362	864484			0	505648	498212	-21509	407	0	0	117674	131013	0	296631	
311144																																							500	5312	11066	0	0	97	0	229	59630	52595	476	53071	0	393	0	0	6559	8	59630	0	0	6136	0	0	1380	0	31217	21378			0	30787	30394	-965	8300	0	0	0	6559	0	3732	
311256																																							1057	5646	16185	0	2533	3929	561	9970	350736	291791	2841	320771	0	1881	25500	0	29965	750	350736	0	0	6130	0	0	23426	5295	69145	222646			0	305277	303396	-341	0	0	639	0	29965	0	2164	
311265																																							39300	4729	91618	0	3044	13536	0	11885	384305	349974	1648	352829	0	2514	0	0	31476	1200	384305	0	0	28868	0	0	7316	0	113486	236488			0	222707	220193	-5908	0	0	1207	0	31476	0	0	
311603																																							18307	9708	199742	0	420	13116	0	44022	1194469	915709	10469	1063432	0	9652	137254	0	131037	0	1194469	0	0	138047	0	0	0	0	343744	571965			0	918030	908378	-7010	0	0	0	0	131037	776	0	
311658																																							1715	12894	48867	0	0	2392	0	2609	109884	103256	164	103420	0	403	0	0	6464	200	109884	0	0	7383	0	0	500	0	17894	85362			0	41755	41352	-1619	55	0	0	0	6464	0	0	
311845																																							715504	455980	4910689	0	856134	491220	13156	715118	27788097	24329038	357768	25491133	196	217203	234725	0	2296768	4	27788097	23862	67582	1896921	53760	2240	1047694	127883	7671409	16657629			0	19641639	19424436	-650091	0	0	0	502020	2296964	355	0	
311939																																							9041	2348	37522	0	0	4111	475	10202	296071	261653	2574	264227	0	2091	0	0	31844	300	296071	0	0	18816	0	0	13700	0	65894	195759			0	225593	223502	-972	0	0	0	0	31844	0	8870	
312244																																							24272	8137	242767	0	585	9039	0	30624	1092796	969584	4984	1021977	0	10541	40000	0	70819	1600	1092796	0	0	89184	0	0	14073	307	149706	819878			0	787606	777065	-34038	0	0	0	7409	70819	0	0	
312356																																							8587	3019	27112	0	0	2934	24	2390	202935	176144	398	178542	0	2682	0	0	24393	100	202935	0	0	23780	0	0	900	0	38331	137813			0	161551	158869	-387	0	0	2000	0	24393	0	0	
313009																																							24255	505	23740	0	0	271	0	6677	276574	190562	1123	247685	0	2273	56000	0	28889	373	276574	0	0	792	0	19	30243	0	27710	162852			-28	223389	221116	-2510	0	0	0	0	28889	0	10	
313157																																							606	2140	39127	677	0	6436	168	4096	196295	178022	552	178574	0	1654	0	0	17721	100	196295	0	0	9450	0	0	10200	0	15413	162609			0	143326	141672	-2029	1373	0	0	0	17721	0	0	
313223																																							51574	3567	75091	0	4075	6077	0	21598	508523	448275	5236	469288	0	6005	15777	0	39235	1000	508523	0	0	39613	0	0	6975	2052	34133	414142			0	296117	290112	-8353	1845	0	0	0	39235	944	51588	
313577																																							3724	22228	200407	0	18907	36750	0	34350	1180052	999819	22200	1074967	0	8369	52948	0	105085	1	1180052	0	0	100577	0	0	15750	360	247051	752768			0	869315	860946	-11243	2117	0	0	0	105085	0	263	
314257																																							247861	16674	176792	0	18845	18771	3036	18113	1428434	1294865	4405	1299270	0	7850	0	0	129164	200	1428434	0	0	49026	0	0	81300	7466	286186	1008678			0	928726	920876	-1362	0	0	0	0	129164	0	0	
314444																																							14533	2821	41435	0	0	2150	5	7709	246823	217660	2417	230077	0	2425	10000	0	16746	0	246823	0	0	23441	0	0	3253	0	62509	155151			0	152865	150440	-9948	0	0	0	0	16746	0	27730	
315656																																							20863	5305	0	0	0	2674	0	1440	197883	176229	579	176808	0	1173	0	0	21075	1650	197883	0	0	17775	0	0	1650	0	51090	125139			0	168014	166841	0	760	0	0	0	21075	0	0	
316840																																							146331	75640	880632	109230	48862	66917	1277	218880	7038402	5271632	128686	6001225	0	85352	506000	0	1037177	8750	7038402	6285	6403	866106	0	0	166827	117350	1252092	4019540			0	5446461	5361109	-4506	0	0	0	88504	1037177	945	4944	
316859																																							9124	2071	59586	0	0	1834	0	5135	153147	137189	469	137658	0	870	0	0	15489	441	153147	0	0	16371	0	0	2199	0	28419	108770			0	53584	52714	-3522	4442	0	0	0	15489	0	18241	
316934																																							1373	2286	6872	0	0	409	0	974	48599	42334	9	42343	0	506	0	0	6256	300	48599	0	0	4792	0	0	1250	0	16974	25360			0	33935	33429	-86	3256	0	0	0	6256	0	0	
317258																																							47029	7131	138153	0	448	12194	183	21560	719374	660038	4976	665918	0	4322	0	0	53456	440	719374	0	0	58971	0	0	2482	537	91488	568550			0	496320	491998	-8437	0	0	0	904	53456	141	0	
317342																																							813405	70736	722111	194643	216423	120376	190	238491	9533246	7793115	243971	8458991	0	91867	302140	0	1074255	4120	9533246	0	0	678178	0	0	453232	6247	1437621	6355494			0	7041310	6949443	-61275	2235	0	7289	112476	1074255	0	198946	
317379																																							20377	7731	58889	0	410	13031	69	10345	535704	456604	6496	466069	0	5586	2969	0	69635	20	535704	0	0	55193	0	0	19746	355	76709	379895			-2908	429899	424313	-2416	0	0	0	0	69635	0	184	
318974																																							168034	24054	157887	120	30438	7919	0	133489	2909587	2176159	29371	2685530	0	19605	480000	0	224057	1	2909587	0	0	232581	1858	0	8000	14726	306036	1870123			0	2390667	2371062	-16525	0	0	0	0	224057	0	0	
319047																																							646	3722	56794	0	1506	6124	509	13410	365876	327353	2976	338369	0	3470	5000	0	27507	1264	365876	0	0	28292	0	0	1264	827	63194	264159			0	285205	281735	-3313	0	0	3040	0	27507	603	0	
319551																																							554	17311	157643	0	10478	12251	494	32466	999097	798325	6666	891630	0	7443	86639	0	107467	300	999097	0	0	14471	0	0	93440	0	95892	702433			0	764278	756835	-744	0	0	0	0	107467	2254	8811	
320034																																							1069	768	18127	0	0	304	0	2356	114944	109161	365	109526	0	641	0	0	5418	8	114944	0	0	7618	0	0	2360	0	39581	69580			0	52333	51692	-4568	12098	0	0	0	5418	0	28530	
320052																																							35987	8735	178270	0	0	16338	470	9412	660695	596321	4594	601435	0	6289	520	0	59260	250	660695	0	0	28166	0	0	29661	0	125527	470794			0	394997	388708	1183	0	0	0	0	59260	0	22775	
320070																																							698	2280	12858	0	465	2585	0	9116	186846	146271	2731	149002	0	1792	0	0	37844	1	186846	0	0	37911	0	0	0	253	24150	122121			0	142518	140726	-68	17865	0	0	0	37844	0	0	
320119																																							1128294	17191	1610719	1445	0	155149	0	526541	14430208	12510967	383361	13001018	0	94753	2586	0	1429190	75259	14430208	125408	104104	1401418	0	0	25029	0	1523531	10987436			0	9969501	9874748	-72516	0	0	0	0	1429190	14875	975838	
321152																																							18569	1074	29067	0	0	1055	0	3764	163462	154340	1885	156225	0	1189	0	0	7237	50	163462	0	0	-21607	0	0	32919	0	9995	144345			0	107945	106756	-4125	0	0	0	0	7237	0	3177	
321255																																							1285	1252	0	0	0	379	34	752	34760	30121	100	30221	0	455	0	0	4539	400	34760	0	0	3819	0	0	320	0	6698	23423			0	22325	21870	0	3939	0	0	0	4539	0	5249	
321273																																							11170	6924	38759	0	17984	3532	0	33534	881423	703315	7392	768665	0	9005	57958	0	112758	0	881423	0	0	25322	0	0	94657	0	141076	562239			-3569	742769	733764	-3652	35756	0	0	0	112758	0	0	
321330																																							10049	2542	32879	0	0	830	0	2268	89385	80879	359	81238	0	315	0	0	8147	1200	89385	0	0	6243	0	0	1200	0	22008	58871			0	40127	39812	-496	1005	0	0	0	8147	0	0	
321947																																							19050	4782	216580	0	6680	9937	0	30144	792687	683415	6160	729705	0	6212	0	0	62982	632	792687	0	0	70462	0	0	11310	487	150255	533160			-316	511239	505027	-19106	0	0	0	40130	62982	0	0	
322449																																							170	1825	9559	0	127	5173	0	2373	150775	126831	912	137743	0	1238	10000	0	13032	336	150775	0	0	12320	0	0	1438	0	17427	109404			0	128631	127393	-1062	4155	0	0	0	13032	0	0	
322551																																							1231	1587	10009	0	0	701	0	516	58890	53927	218	54145	0	601	0	0	4745	54	58890	0	0	4456	0	0	173	0	9864	44063			0	42269	41668	62	0	0	0	0	4745	0	3178	
323204																																							109522	19256	281769	0	5404	26884	0	63078	2071682	1887744	26041	1913785	56	23006	0	0	157841	302	2071682	0	0	137896	0	0	44981	15186	526129	1361615			0	1538091	1515085	-25338	0	0	0	0	157897	351	35147	
323651																																							13986	1833	59242	0	0	1312	260	6119	365413	332451	778	333229	0	3331	0	0	32184	500	365413	0	0	33206	0	0	1500	0	39708	292743			0	270558	267227	-3022	15434	0	0	0	32184	0	0	
324153																																							9221	2761	77861	0	0	4759	0	10593	357486	313581	1317	324898	0	3881	10000	0	32588	560	357486	0	0	34827	0	0	2941	0	79634	233947			0	256172	252291	-5740	0	0	0	0	32588	0	0	
324229																																							655	3220	10769	5	0	1025	0	732	56113	48336	269	48605	0	350	0	0	7508	200	56113	0	0	7321	0	0	325	0	12732	35604			0	39013	38663	-338	944	0	0	0	7508	100	0	
324256																																							29	200	0	0	0	208	0	1307	63818	57207	141	57348	0	400	0	0	6470	1000	63818	0	0	4470	0	0	1000	0	19389	37818			0	49711	49311	0	528	0	0	0	6470	0	12235	
324340																																							31883	56092	554420	22	170078	48318	2524	158783	4407418	3602337	33616	3900741	0	35550	264788	0	506677	3016	4407418	0	0	123887	0	0	415448	7185	909320	2693017			0	3022033	2986483	-35674	0	0	0	0	506677	6437	385193	
324854																																							89	4939	79483	0	381	2132	50	12495	288428	257782	1572	260819	0	2802	0	0	27609	250	288428	0	0	26183	0	0	2900	0	47383	210399			0	185597	182795	-1724	6064	0	0	1465	27609	0	0	
324863																																							103794	44400	168064	0	0	17324	0	64345	2259922	1909271	27500	1936771	0	28926	0	0	323151	2000	2259922	0	0	311497	0	0	29200	1564	737775	1171496			0	1640703	1611777	-19546	39663	0	0	0	323151	0	208991	
324975																																							6292	1164	71037	0	84	968	44	7489	174240	148455	1039	159494	0	538	10000	0	14746	0	174240	0	0	18105	0	0	0	0	20364	128091			0	87700	87162	-3359	0	0	0	0	14746	0	0	
325141																																							0	6589	80740	0	1637	9270	0	10995	287631	247211	952	248163	0	1217	0	0	39468	300	287631	0	0	43537	0	0	3637	0	63677	183534			0	163342	162125	-8006	16275	0	0	0	39468	0	0	
325459																																							23	498	11924	0	0	46	0	1142	25659	19265	102	21040	0	248	1200	0	4619	250	25659	0	0	5594	0	32	300	0	5153	14112			0	12274	12026	-1557	0	0	473	0	4619	0	0	
325534																																							1893	2265	104760	0	516	2477	0	3156	360089	323856	2311	330333	0	2477	1582	0	29756	300	360089	0	0	32467	0	0	2575	213	58865	264991			0	247286	244809	-5586	0	0	2584	0	29756	0	0	
326054																																							31619	7586	37638	0	0	3849	0	7460	494067	395217	1593	440867	0	3667	15000	0	53200	150	494067	0	0	56383	0	0	1000	0	79037	316180			-3071	365610	361943	-1262	0	0	0	29057	53200	1136	42836	
326344																																							11229	6574	151980	0	195	6544	24	28584	719681	563095	4041	650686	0	6203	60860	0	68995	600	719681	0	0	77759	0	0	4400	0	104683	458412			0	510357	504154	-13764	0	0	0	22690	68995	0	10397	
326858																																							67710	34599	368489	0	0	39327	0	66227	2088099	1702657	51226	1894722	0	23091	140000	0	193377	6000	2088099	0	0	178214	0	0	35695	190	417668	1284989			0	1532524	1509433	-26532	330	0	839	0	193377	0	1794	
326979																																							74732	5443	193652	0	392	9302	0	37730	845767	744039	2723	748850	0	4997	2088	0	96917	10	845767	0	0	105042	0	0	2462	0	112391	631648			0	528081	523084	-10597	1432	0	0	0	96917	0	0	
327220																																							6304	2921	37940	0	97	5772	0	6195	190680	172506	268	177780	0	1393	5006	0	12900	444	190680	0	0	13371	0	0	2994	0	64057	108449			0	123506	122113	-3909	9338	0	0	0	12900	0	0	
327305																																							24707	11959	165335	5	5699	17006	0	35029	1119834	962680	18698	1011378	0	8473	30000	0	108456	100	1119834	0	0	83642	0	0	31713	0	214519	748161			0	868180	859707	-6999	0	0	0	0	108456	387	0	
327435																																							55883	7751	292025	0	0	10473	0	37265	841773	771128	9180	780308	0	9241	0	0	61465	1028	841773	0	0	87830	0	0	2060	0	435563	335565			0	442132	432891	-29453	0	0	0	0	61465	0	5485	
327556																																							15	7772	122415	0	0	7881	30	13451	395212	344553	2290	356887	0	3205	10044	0	38325	100	395212	0	0	31096	0	0	7200	0	70033	274520			0	233382	230177	-71	13471	0	0	0	38325	0	0	
327855																																							155694	13110	57308	0	5978	15718	2359	25286	975431	854000	13162	867162	0	11544	0	0	108269	155	975431	0	0	89397	0	0	23939	0	227087	626913			0	711522	699978	-5222	0	0	0	0	108269	0	0	
328058																																							14479	972	5235	0	0	37	0	589	53224	45375	27	45402	0	531	0	0	7822	500	53224	0	0	7298	0	0	500	0	9549	35826			0	30286	29755	-476	2157	0	0	0	7822	0	0	
328357																																							212397	3189	20553	0	75	5975	412	23197	819886	640700	5141	740925	0	5374	87197	0	78961	200	819886	0	0	74426	0	0	10833	0	280535	360165			0	448858	443484	-6498	0	0	7887	0	78961	0	110604	
328656																																							918	3569	11897	0	0	733	0	8135	235329	180896	733	213136	0	2474	30145	0	22193	100	235329	0	0	12333	0	0	11400	0	37883	143013			0	212467	209993	-1640	0	0	1362	0	22193	84	0	
328777																																							150348	16397	560961	0	4636	28130	870	132239	3029370	2420582	30776	2701383	0	20275	249757	0	327987	0	3029370	656	268	294826	0	0	93489	800	304149	2116433			0	2112733	2092458	-60328	0	0	0	0	327987	0	41875	
329149																																							42	1158	17186	0	2661	1315	0	6366	157058	110340	953	139716	0	1175	23300	0	17342	50	157058	0	0	11101	0	0	6610	0	28301	82039			0	129345	128170	-419	0	0	3731	1392	17342	160	0	
329345																																							16282	7260	240390	0	2982	18115	436	44198	1064187	896090	7473	946563	0	9440	43000	0	117624	100	1064187	0	0	67543	0	0	56467	4702	129167	766923			0	739262	729822	-6486	0	0	0	0	117624	0	0	
329550																																							1279	9416	68544	0	0	27868	314	22658	572671	499313	5031	527873	0	5029	23529	0	44798	2086	572671	0	0	24889	0	0	22009	0	91752	407561			0	447575	442546	-4186	46	0	0	0	44798	0	0	
329952																																							53149	10889	309377	0	0	10112	79	15542	992503	888776	4822	893598	0	6348	0	0	98905	550	992503	0	0	107686	0	0	800	423	243931	644845			0	502337	495989	-10131	96943	0	0	0	98905	0	0	
330239																																							2143	4884	174463	980	0	3769	7	16252	370221	303071	846	303917	0	2083	0	0	66304	374	370221	0	0	63985	0	0	6122	0	113901	189170			0	151634	149551	-4177	18172	0	0	0	66304	0	0	
330248																																							2766	2360	59844	0	1597	2000	0	5808	177505	156726	929	158867	0	1276	1212	0	18638	1300	177505	0	0	15294	0	0	4150	0	49091	107635			0	99527	98251	-2106	4879	0	0	0	18638	0	0	
330855																																							8443	27662	270479	0	43217	64216	63	162804	3035331	2502670	83020	2687935	464	20820	100000	0	346932	600	3035331	2245	2245	238997	0	0	123061	24543	528574	1974096			0	2132652	2111832	-15726	0	0	0	0	347396	2	319825	
330949																																							3462	6751	53770	0	0	14230	0	11905	421664	369604	3518	389283	0	2301	16161	0	32381	300	421664	0	0	12088	0	0	22125	0	57300	312304			0	333622	331321	-2132	225	0	0	0	32381	0	0	
331076																																							2635	5297	29660	0	40	6143	0	15292	275735	209442	4472	213914	0	2693	0	0	61821	1	275735	0	0	27774	0	0	35199	0	53430	156012			0	218868	216175	-1153	493	0	0	0	61821	0	0	
331375																																							6622	4355	30460	0	0	6191	0	5360	390316	314423	1176	358599	0	3689	43000	0	31717	0	390316	0	0	1207	0	0	31262	0	59053	255370			0	340732	337043	-752	0	0	0	0	31717	285	0	
331544																																							5059	1796	50783	0	0	1512	0	4438	109867	91819	591	92410	0	636	0	0	17457	1500	109867	0	0	13137	0	0	6000	0	25248	66571			0	46620	45984	-3180	295	0	0	0	17457	0	0	
331713																																							5383	6961	102415	0	0	6799	0	31017	663985	584916	5673	614589	0	5732	24000	0	49396	75	663985	0	0	69471	0	0	500	0	97845	487071			0	517142	511410	-20650	0	0	0	0	49396	0	0	
332224																																							14023	2184	160217	0	82	4949	0	19850	479538	405479	5855	411352	0	4534	18	0	68186	2846	479538	0	0	24877	0	0	45461	0	91869	313610			0	279067	274533	-4998	0	0	0	0	68186	0	3700	
332671																																							20822	2635	8055	0	0	3075	0	8891	107424	70490	3433	78923	0	2386	5000	0	28501	0	107424	0	0	28687	0	0	0	0	10253	60237			0	66332	63946	-186	0	0	0	0	28501	0	0	
332756																																							2071	663	12144	0	0	623	0	1766	69569	50681	180	58761	0	307	7900	0	10808	100	69569	0	0	2956	0	0	8000	0	13010	37671			0	51292	50985	-248	0	0	0	0	10808	1317	0	
333203																																							10591	10570	326255	0	4051	22041	0	55459	1616622	1217797	15323	1519601	0	8407	286481	0	97021	200	1616622	0	0	99273	13095	0	23431	4172	229784	988013			0	1176800	1168393	-25883	118	0	0	0	97021	1877	0	
333650																																							95642	9666	103278	0	6538	4285	590	17617	615337	541018	1702	542720	0	7283	0	0	72617	646	615337	0	0	27229	0	0	45068	0	118269	422749			0	379245	371962	-326	0	0	0	0	72617	746	5013	
333856																																							70997	4326	55579	0	672	10715	0	16230	690146	608891	4178	613069	0	6475	0	0	77077	555	690146	0	0	75939	0	0	3245	0	252824	356067			0	533160	526685	-2662	0	0	0	0	77077	0	4942	
333940																																							1225	1578	18883	0	0	262	0	1278	67653	60056	236	60292	0	176	0	0	7361	200	67653	0	0	7922	0	0	200	0	21269	38787			0	22922	22746	-961	2843	0	0	0	7361	0	18838	
334264																																							55808	13645	208151	0	471	11381	0	21885	778915	690868	5253	712548	0	6058	0	0	66367	625	778915	0	0	63628	0	0	16451	0	266733	424135			0	473132	467074	-14337	0	0	0	16427	66367	0	500	
335346																																							17686	8132	29096	0	0	4183	0	8505	415315	348442	2989	361431	0	7011	10000	0	53884	500	415315	0	0	41880	0	0	12158	0	84337	264105			0	354724	347713	-654	0	0	0	0	53884	0	0	
336147																																							1153	4772	21106	0	0	2335	0	3212	219799	193583	1093	199676	0	1658	5000	0	20123	400	219799	0	0	11221	0	0	9600	0	58177	135406			0	178481	176823	-1098	9398	0	0	0	20123	0	1000	
336361																																							33550	5535	1228	0	0	10825	0	1192	226423	190085	1134	191219	0	1613	0	0	35204	600	226423	0	0	29592	0	0	5200	0	50464	139621			0	123375	121762	-188	21721	0	0	0	35204	0	30610	
336576																																							632	4243	25341	0	0	7012	0	6407	331853	286579	1968	303047	0	2610	14500	0	28806	0	331853	0	0	31274	0	0	0	1237	32178	254401			0	289246	286636	-2468	345	0	0	0	28806	0	0	
337340																																							16671	1317	44502	0	8106	1268	0	989	149960	126705	650	127355	0	899	0	0	22605	665	149960	0	0	6416	0	0	16035	0	20720	105985			0	78006	77107	-511	0	0	0	0	22605	0	0	
338646																																							42029	6031	50360	0	2868	9062	785	12363	628361	542911	5823	566874	0	6310	18140	0	61487	650	628361	0	0	34319	0	0	26301	0	104611	438300			0	511106	504796	217	0	0	0	0	61487	67	0	
338945																																							14280	2082	1937	0	0	664	0	1044	65592	58464	464	58928	0	437	0	0	6664	200	65592	0	0	5191	0	0	1320	0	13802	44662			0	46009	45572	-47	0	0	0	0	6664	13	0	
339072																																							538824	1435	958	0	0	6999	54	35023	675249	405663	24851	430514	0	1432	0	0	244735	1168	675249	0	0	215773	0	0	27781	361	153649	252014			0	87388	85956	13	0	0	0	0	244735	5639	0	
339353																																							17342	1760	24348	0	1531	233	0	1760	85337	73439	384	73823	0	446	0	0	11514	50	85337	0	0	6533	0	0	5850	0	28990	44449			0	38809	38363	-919	0	0	0	0	11514	0	0	
339456																																							6648	12544	137587	0	0	21584	709	6837	661715	584147	4164	588311	0	7722	0	0	73404	600	661715	0	0	66670	0	0	13450	1385	240637	343510			0	455007	447285	-7316	0	0	0	0	73404	0	27136	
339607																																							17603	8037	178408	0	4587	22927	0	32290	1446208	1032362	12025	1312210	0	4891	267823	0	133998	0	1446208	0	0	141820	1789	0	9000	0	182348	850014			0	1176076	1171185	-16822	3039	0	0	0	133998	6343	0	
339773																																							274324	60437	268959	0	39654	67099	0	248741	6926702	5858918	92362	6147515	0	87411	196235	0	779187	0	6926702	0	0	362757	0	0	419566	66447	838714	5020204			0	5985393	5897982	-3136	3059	0	0	0	779187	0	0	
339858																																							617152	1073654	13606625	89353	1363843	479024	169	1573808	52005221	39680944	1763542	46509440	0	275860	2790415	461704	5495781	82517	52005221	5676246	353773	3087326	300357	0	2492108	93133	8162491	31518453			0	25608215	25332355	-166170	0	4859	937639	521423	5495781	15901	1778742	
340135																																							1062	27785	244229	1977	0	38600	598	77755	2044108	1824544	18842	1855652	0	15526	100	0	188456	2269	2044108	0	0	174147	0	0	26142	3314	513814	1310730			0	1632648	1617122	-14102	10573	0	0	12166	188456	0	21093	
340144																																							9826	19826	184265	950	5471	12913	0	48950	1460917	1189610	14747	1322704	0	12605	112950	0	138213	1805	1460917	0	0	101187	949	0	48133	180	287117	902493			0	1108640	1096035	-12912	40	0	0	5397	138213	0	81512	
340256																																							4850	2726	193613	0	0	5199	447	14124	875946	658596	8111	788707	0	5868	122000	0	87239	341	875946	0	0	21481	0	0	72159	0	132667	525929			0	660855	654987	-6742	0	0	0	0	87239	0	0	
340443																																							1912	449	64587	0	562	880	0	5030	137750	124220	978	127098	0	608	1900	0	10652	500	137750	0	0	15084	0	0	500	0	26451	97769			0	64938	64330	-5432	0	0	0	0	10652	0	0	
340742																																							1896	6206	121110	0	365	10120	0	16819	825048	663329	13119	744471	0	8464	43500	0	80577	276	825048	0	0	860	0	0	81811	8640	88352	574977			0	666147	657683	-2370	0	0	0	24523	80577	2209	0	
340751																																							61038	10262	103042	0	0	11702	90	30074	984345	872298	10673	882971	0	8789	0	0	101374	100	984345	0	0	99983	0	0	1784	0	185159	687139			0	776926	768137	-493	0	0	0	0	101374	0	0	
341310																																							18131	5200	158102	0	337	9901	370	42120	968287	820016	9419	879908	0	8029	50473	0	88379	0	968287	0	0	91588	0	0	6028	0	172483	647533			0	742130	734101	-9237	0	0	0	0	88379	0	25	
342054																																							87882	2587	57724	0	0	15697	0	4162	617491	561872	2256	569952	0	4241	0	0	47539	750	617491	0	0	49548	0	0	4086	552	99678	462194			0	449128	444887	-6845	0	0	0	5824	47539	0	4000	
342410																																							107691	42083	952497	0	111041	63574	0	260573	5541962	4533712	70798	4918473	0	47681	274701	0	623489	564	5541962	14463	14720	215593	10938	0	422533	6090	874113	3659599			0	4020693	3973012	-15201	0	0	0	24542	623489	0	0	
342634																																							414412	253595	1876830	0	465894	225658	6957	666596	18922957	15640943	234968	16707474	0	157071	364762	0	2215483	13390	18922957	9610	21801	1368141	0	0	847577	278789	3038112	12602831			0	13674233	13517162	-13625	0	0	445000	0	2215483	0	1207454	
343051																																							2326	2316	49367	0	0	999	355	7298	91926	81491	629	82120	0	490	0	0	9806	50	91926	0	0	10134	0	0	400	0	26020	55471			0	22930	22440	-778	6825	0	0	0	9806	0	0	
343248																																							200	713	7305	0	0	147	0	707	38486	30405	154	33384	0	300	2825	0	5102	26	38486	0	0	4991	0	0	145	0	7118	23287			0	27325	27025	-60	0	0	0	0	5102	0	2389	
343770																																							3011	181	23639	0	0	554	0	829	104179	90669	337	91006	0	693	0	0	13173	0	104179	0	0	13314	0	0	0	0	9431	81238			0	68064	67371	-141	8537	0	0	0	13173	0	57	
343903																																							22494	6989	105301	0	8010	8506	0	37676	1031499	830375	9496	925371	0	5142	85500	0	106128	0	1031499	0	0	110614	0	0	0	0	113528	716847			0	845897	840755	-4486	1768	0	0	0	106128	0	0	
343958																																							33	1481	0	0	0	531	0	4028	101806	89341	933	90717	0	1357	443	0	11089	50	101806	0	0	1389	0	0	9650	0	18445	70896			0	96119	94762	0	935	0	0	0	11089	36	0	
344647																																							82731	11587	305880	0	2717	10784	2279	48209	1230620	1039200	11539	1144221	0	6898	25000	0	86399	1700	1230620	0	0	93628	0	0	26101	0	158741	880459			0	649688	642790	-35030	575	0	0	68482	86399	0	123068	
344852																																							30933	2497	57745	0	0	1402	0	2385	156675	143439	754	144193	0	833	0	0	12482	250	156675	0	0	7261	0	0	7250	0	43143	100296			0	62546	61713	-2279	0	0	0	0	12482	0	0	
345309																																							9238	19510	265011	224	411	31019	0	86664	1755941	1170727	30986	1486779	0	11828	285066	0	269162	0	1755941	0	0	279847	0	0	3190	0	435751	734976			0	1314335	1302507	-13875	0	0	0	0	269162	39157	2200	
345345																																							19803	8978	5757	0	1730	11701	0	10748	554123	456385	2760	496645	0	5350	37500	0	57478	300	554123	0	0	52485	0	0	4663	350	55559	400826			0	500406	495056	30	0	0	0	0	57478	0	0	
345747																																							25374	3495	81020	0	1951	19661	0	31742	864872	696338	8514	789852	0	9956	85000	0	75020	100	864872	0	0	61522	0	0	19900	490	172603	523735			0	696264	686308	-6502	2927	0	0	0	75020	0	11904	
345756																																							29631	4555	32444	0	6490	8128	236	41228	560266	423218	5914	474132	0	6631	45000	0	86134	1375	560266	0	0	85940	0	0	600	41421	118414	304804			0	402764	396133	-1781	0	0	0	0	86134	0	0	
345877																																							39854	8444	140650	0	2924	9404	3089	25781	876512	760937	8477	769613	0	6925	199	0	106899	0	876512	0	0	77082	0	0	28918	537	312691	448246			-158	651295	644370	1057	0	0	0	0	106899	0	1459	
346379																																							1544	16506	21346	0	1171	5047	620	14136	350930	278727	1837	323856	0	2801	43292	0	27074	3403	350930	0	0	16853	0	0	7497	4978	22232	256495			0	287884	285083	-679	355	0	0	0	27074	144	0	
346566																																							12987	1484	22572	0	0	1185	0	497	77847	66992	95	67087	0	580	0	0	10760	750	77847	0	0	9081	0	0	750	0	28151	38841			0	39169	38589	179	533	0	0	0	10760	0	0	
346771																																							27273	3705	9	0	944	4177	0	1948	198327	170831	1857	172688	0	1023	0	0	25639	1	198327	0	0	14581	0	0	10528	75	54983	115848			0	110948	109925	529	0	0	0	0	25639	0	50271	
347022																																							53452	3036	94882	0	0	6707	284	2916	305598	269661	1303	271792	0	1828	0	0	33806	2500	305598	0	0	32341	0	0	2500	0	83701	185960			0	146149	144321	-3535	0	0	0	828	33806	0	0	
347639																																							22263	2364	94984	0	8000	7854	0	19626	456680	300605	3464	431244	0	2146	127175	0	25436	2000	456680	0	0	13017	0	0	12771	4192	131278	169327			0	196886	194740	-2352	0	0	0	0	25436	0	102657	
347956																																							68480	4505	37660	0	0	44786	0	17447	565153	485562	15459	501021	0	5807	0	0	64132	1942	565153	0	0	-17664	0	0	82545	0	76334	409228			0	382135	376328	-2691	15947	0	0	0	64132	0	0	
348159																																							2644	2380	29770	0	1144	2381	0	10221	218075	172283	1154	200000	0	2411	26563	0	18075	247	218075	0	0	8374	0	0	11887	0	43719	128564			0	171944	169533	-2433	0	0	0	0	18075	2	0	
348720																																							113877	7007	225209	0	212	18047	1225	21365	965683	814098	7587	821685	0	10336	0	0	143998	698	965683	0	0	140658	0	0	1787	143	250968	563130			0	530637	520301	855	0	0	0	0	143998	0	58297	
349129																																							9832	8045	6098	0	0	3500	0	8654	263549	232332	1207	241539	0	1147	0	0	22010	500	263549	0	0	27007	0	0	7500	0	66234	166098			0	101665	100518	-12997	1115	0	8000	0	22010	0	125787	
349343																																							45184	7436	27229	14	0	2600	2280	2682	283670	243066	600	243666	0	2768	0	0	40004	460	283670	0	0	35355	0	0	4415	0	75343	167723			0	199013	196245	-226	0	0	0	0	40004	0	0	
350657																																							2062	710	22671	0	0	405	34	362	42662	38929	153	39175	0	184	0	0	3487	300	42662	0	0	3480	0	0	300	0	12183	26746			0	16602	16418	-593	0	0	93	0	3487	0	0	
350750																																							23056	2155	0	0	0	2955	2996	2049	260409	214867	1415	226282	0	3440	10000	0	34127	680	260409	0	0	32247	0	0	1200	0	40486	174381			0	230638	227198	0	0	0	0	0	34127	0	0	
351131																																							500	1136	22838	0	0	603	0	1318	46913	37710	145	37855	0	229	0	0	9058	123	46913	0	0	9685	0	0	425	0	13875	23835			0	18238	18009	-1175	2509	0	0	0	9058	0	0	
351560																																							70683	4579	0	0	0	6078	0	11976	278782	220388	9507	229895	0	6285	0	0	48887	5230	278782	0	0	43657	0	0	0	0	106179	114209			0	191355	185070	0	0	0	0	0	48887	0	396	
351878																																							3576	7059	42479	0	0	1029	448	1983	203885	178467	553	183541	0	881	4521	0	20344	0	203885	0	0	20884	0	0	0	0	7149	171318			0	148192	147311	-540	0	0	0	0	20344	0	0	
352370																																							4636	3846	63651	0	0	6276	388	6181	205030	175074	2081	177155	0	1125	0	0	27875	0	205030	0	0	28004	0	0	0	0	25656	149418			0	109320	108195	-129	11848	0	0	0	27875	9	0	
352651																																							23911	1154	27746	0	0	2033	0	1894	211561	185669	909	186578	0	2362	0	0	24983	332	211561	0	0	17874	0	0	7067	0	50995	134674			0	156985	154623	-290	200	0	0	0	24983	0	0	
352745																																							5478	2022	49782	0	264	2334	0	10798	348701	305918	1597	316785	0	3158	9270	0	31916	300	348701	0	0	32829	0	0	1200	775	87434	218484			0	277092	273934	-2413	428	0	0	0	31916	0	2886	
352772																																							239868	182772	2016261	0	387214	141799	5578	808463	16347870	13812149	326545	14396409	0	160276	150000	0	1951461	2851	16347870	0	0	534279	0	0	1627343	42902	4497857	9314292			0	11721687	11561411	-213012	0	0	0	107715	1951461	406	961196	
353238																																							70284	13244	81589	0	0	7015	352	17522	743393	666469	5552	672021	0	6023	0	0	71372	50	743393	0	0	69997	0	0	4892	0	140673	525796			0	545224	539201	-3567	14183	0	0	0	71372	0	3	
353546																																							9471	3416	36454	0	659	5057	0	5987	184429	163442	988	166333	0	1441	1903	0	18096	757	184429	0	0	15631	0	0	2245	0	34247	129195			0	124826	123385	-537	0	0	0	0	18096	0	0	
353555																																							1722074	124882	379287	2442	47119	155155	25	111026	9551998	8336986	68756	8474958	0	91320	0	0	1077040	5000	9551998	0	0	1026638	8	0	50000	12619	1453614	6883372			0	7081198	6989878	-4598	0	0	30601	38615	1077040	7483	0	
353957																																							2892	2769	28244	0	0	56	0	1044	57227	48839	114	48953	0	1044	0	0	8274	25	57227	0	0	11223	0	0	150	0	9987	38852			0	23266	22222	-3124	0	0	0	0	8274	0	0	
354253																																							9637	1234	23996	0	0	428	0	2749	63317	55742	658	56400	0	454	0	0	6917	200	63317	0	0	3437	0	0	4000	0	17320	38422			0	25727	25273	-720	0	0	0	0	6917	0	0	
354310																																							490133	63579	366251	0	182838	66127	23926	244838	8404657	7199956	73235	7497602	0	88165	200000	0	907055	2400	8404657	0	0	432948	0	0	493820	15288	1544617	5655339			0	6914804	6826639	-22113	0	0	0	24411	907055	2014	123024	
354552																																							81772	15191	332854	0	13676	11840	0	23433	890612	806502	3296	833986	0	4904	0	0	56626	1025	890612	0	0	59601	0	0	31545	1224	79715	726787			0	415464	410560	-35545	0	0	0	24188	56626	62	0	
354851																																							15615	974	6531	0	0	163	0	2808	95067	84069	186	85255	0	1767	1000	0	9812	250	95067	0	0	7484	0	0	2150	0	15128	68941			0	70743	68976	-72	0	0	0	0	9812	0	0	
355120																																							108924	14119	150734	0	0	8902	0	21905	886375	774283	6590	780873	0	8170	0	0	105502	970	886375	0	0	94894	0	0	12030	0	212463	561820			0	588349	580179	-2392	0	0	0	0	105502	0	1612	
355559																																							35673	12022	160980	0	6361	9429	0	16682	613674	533827	4209	551036	0	5094	13000	0	62638	900	613674	0	0	32778	0	0	31100	3307	100784	433043			0	374155	369061	-2140	159	0	0	0	62638	0	0	
355858																																							201670	33960	196357	1265	54254	40209	674	53217	2073342	1571391	28144	1619329	0	80811	19794	0	454013	971	2073342	0	0	414849	0	38050	12974	2908	346639	1224752			0	1521482	1440671	-12831	0	0	0	0	454013	0	48157	
356239																																							1315	53914	115727	0	5764	3903	100	9885	497871	447671	2089	451072	0	2090	1312	0	46799	450	497871	0	0	49253	0	0	3550	0	38188	409483			0	295069	292979	-6454	14284	0	0	0	46799	0	0	
356659																																							5339	2156	35633	0	0	572	98	1844	181833	145756	665	148021	0	5101	1000	0	33812	100	181833	0	0	27665	0	0	5950	0	13988	131768			0	141292	136191	97	0	0	600	0	33812	0	0	
356752																																							28046	38760	63303	0	0	8183	0	8045	526613	481393	2196	483589	0	4455	0	0	43024	350	526613	0	0	5815	0	0	37953	285	137420	343973			0	381777	377322	-1094	2669	0	0	0	43024	0	0	
357526																																							12341	4760	4845	899	0	5075	723	13454	263335	203454	2609	245678	0	1578	39615	0	17657	8000	263335	0	0	6537	0	0	8000	0	81785	121669			0	216355	214777	-4880	0	0	0	0	17657	0	6461	
357553																																							11316	7482	88645	0	0	1053	0	4955	249319	210583	1194	220383	0	1490	5000	0	28936	2000	249319	0	0	26532	0	0	2000	0	52857	157726			0	137358	135868	-1596	0	0	0	3606	28936	0	0	
357777																																							11578	669	0	0	0	2736	251	15311	344495	254596	1370	301625	0	1675	45659	0	42870	0	344495	0	0	42870	0	0	0	0	21798	232798			0	271736	270061	0	0	0	0	0	42870	0	43889	
357937																																							50811	1379	28345	0	0	8314	982	19426	486051	427978	4776	432754	0	3537	0	0	53297	200	486051	0	0	39125	0	0	14300	0	113522	314456			0	347972	344435	-328	0	0	0	0	53297	0	32359	
358112																																							4347	4526	40038	0	3268	7731	6	5736	217167	180036	3881	196971	0	1319	0	0	20196	567	217167	0	0	14268	0	0	9496	0	46448	133588			0	152544	151225	-4135	290	0	2000	11054	20196	0	0	
358448																																							4172	2793	34322	0	0	2556	0	4698	96644	87280	172	87452	0	593	0	0	9192	2535	96644	0	0	5958	0	0	2535	0	23118	64162			0	45394	44801	-1836	2902	0	0	0	9192	0	400	
359472																																							9610	1483	171	0	0	415	0	604	66807	49575	63	49638	0	465	0	0	17169	0	66807	0	0	17173	0	0	0	0	1732	47843			0	54752	54287	-4	0	0	0	0	17169	237	0	
359744																																							394	3110	54797	0	945	409	0	1834	105289	92591	693	93284	0	658	0	0	12005	264	105289	0	0	8687	0	0	3721	0	22099	70492			0	37566	36908	-667	6892	0	0	0	12005	0	0	
360777																																							6389	607	0	0	0	207	0	541	30543	23380	69	23449	0	68	0	0	7094	0	30543	0	0	7094	0	0	0	0	0	23380			0	22867	22799	0	0	0	0	0	7094	0	0	
361055																																							45923	20461	161572	0	91	35294	18	39751	1291227	1052027	10710	1217042	0	8447	60826	0	74185	2000	1291227	0	0	76543	0	0	29659	0	230187	821840			0	868897	860450	-34017	0	0	0	93479	74185	0	127667	
361167																																							302906	81080	1456219	0	201294	164185	248	269862	8508720	6942818	81861	7444472	0	45100	321136	0	1064248	15000	8508720	0	0	307741	0	0	837124	1332	1510788	5432030			0	4817991	4772891	-95617	5800	0	0	98657	1064248	5426	1247477	
361279																																							732	2811	27109	0	435	4582	0	9454	346592	299245	4087	317332	0	2699	14000	0	29260	100	346592	0	0	19799	0	0	9490	0	44585	254660			0	295187	292488	-129	8981	0	0	0	29260	0	0	
361354																																							8934	268	32093	0	8	179	0	548	62793	53582	320	53902	0	387	0	0	8891	248	62793	0	0	7957	0	0	1000	0	6528	47054			0	11259	10872	-314	9891	0	0	0	8891	0	0	
361439																																							40902	5769	98208	0	0	7578	0	23011	613829	551089	4050	555139	0	7062	0	0	58690	549	613829	0	0	63033	0	0	2485	0	127136	423953			0	445423	438361	-7377	0	0	0	0	58690	0	0	
362043																																							341	496	20964	0	0	640	0	794	52892	48113	251	48364	0	401	0	0	4528	50	52892	0	0	2287	0	0	2550	0	7206	40907			0	29565	29164	-359	493	0	0	0	4528	0	0	
362155																																							26680	8076	48898	0	0	1552	0	3953	234014	208128	324	208452	0	1946	0	0	25562	500	234014	0	0	24664	0	0	500	0	78819	129309			0	140860	138914	-102	5941	0	0	0	25562	0	0	
362717																																							16035	12851	383526	0	23390	9752	0	45814	1314050	973843	8017	1177001	0	9196	145000	0	137049	2003	1314050	0	0	77766	0	0	75899	0	272677	701166			0	829980	820784	-18619	1898	0	0	50141	137049	0	0	
362856																																							30932	7640	104392	0	0	2105	0	3707	169432	145909	91	146000	0	636	0	0	23432	200	169432	0	0	20550	0	0	4580	0	71709	74200			0	21292	20656	-1898	0	0	0	0	23432	0	0	
362940																																							2717	1737	11236	0	0	199	0	283	87627	73839	133	73972	0	1371	0	0	13655	100	87627	0	0	12441	0	0	1400	0	21383	52456			0	42308	40937	-286	30518	0	0	0	13655	0	0	
363442																																							5294	1575	3053	0	0	69	0	793	18889	15042	35	15077	167	115	0	0	3645	300	18889	0	0	1639	0	0	1700	0	4267	10775			0	8005	7890	6	215	0	0	0	3812	0	0	
363648																																							82819	2872	99336	0	1481	825	0	2428	274873	248237	548	248785	0	1389	0	0	26088	150	274873	0	0	24944	0	0	3850	0	17759	230478			0	82259	80870	-2856	4171	0	0	0	26088	71	0	
363657																																							4641	4718	512556	0	933	7802	1800	14768	1011690	848755	5288	929251	0	3344	0	0	82439	3000	1011690	0	0	110990	0	0	3000	0	153543	695212			0	467332	463988	-34551	0	0	0	75208	82439	484	0	
363778																																							8513	232	0	0	227	1732	0	3551	105299	86245	399	95385	0	621	8741	0	9914	0	105299	0	0	9914	0	0	0	0	8828	77417			0	90207	89586	0	0	0	0	0	9914	0	1458	
364131																																							13924	4055	93711	0	0	8218	150	7175	399319	354610	4610	359230	0	4258	0	0	40089	200	399319	0	0	11354	0	0	30850	0	87533	267077			0	276344	272086	-2315	0	0	10	0	40089	0	0	
364270	34115	3940	0	0	593	7845	0	3060	178071	2443	156489	0	1038	0	0	21582	640	178071	0	0	20773	0	0	525	150		-356	90017	88979	0	0	0	21582	0	39389	22668	5603	17065			0							131378					0												44344	87034							0	0	0	0		0		
364430																																							23202	3506	49692	0	0	7349	166	4022	377181	326109	3136	339245	0	3628	10000	0	37936	682	377181	0	0	22202	0	0	15538	0	93384	232725			0	292872	289244	-486	0	0	0	0	37936	0	0	
364850																																							17867	2441	9773	0	0	647	101	1790	113681	97821	874	100827	0	1029	2132	0	12854	240	113681	0	0	4193	0	0	8460	0	16419	81402			0	82079	81050	-39	12	0	0	0	12854	0	0	
365325																																							2292562	247574	3051168	0	2067581	298143	8857	1129530	33545963	27249096	270361	27968030	104	297518	250000	0	5577829	2000	33545963	0	0	1464924	0	0	4248525	31277	6579637	20669459			0	24709122	24411604	-137620	1358	0	0	198573	5577933	5325	984	
365745																																							10149	6424	60540	0	5037	2270	0	12070	306592	263395	2306	267073	0	2232	0	0	39519	516	306592	0	0	30581	0	0	16419	45	44178	219217			0	211395	209163	-7997	894	0	0	1372	39519	0	0	
365848																																							219	1796	42194	1001	0	1202	0	2162	92724	81473	532	82005	0	258	0	0	10719	400	92724	0	0	7737	0	0	5423	0	23142	58331			0	26117	25859	-2841	18287	0	0	0	10719	4	0	
365950																																							8591	2591	4272	0	2302	3106	0	1070	135132	111933	564	114497	0	1387	2000	0	20635	160	135132	0	0	-204	0	0	20586	0	20762	91171			0	113160	111773	93	1427	0	0	0	20635	0	0	
366078																																							30961	10437	85605	2802	8889	18661	804	34257	997929	892884	11864	920428	0	9012	15680	0	77501	3360	997929	0	0	17568	2731	0	63738	4603	174282	718602			0	788935	779923	-7165	0	0	0	0	77501	0	18256	
366238																																							30318	35410	382490	0	33885	48003	1992	46824	2267326	2015596	26988	2043892	0	21021	0	0	223434	7680	2267326	0	0	128121	0	0	117674	5451	646312	1369284			0	1691423	1670402	-30041	10200	0	737	571	223434	2351	0	
366247																																							12709	453	31316	0	2098	524	0	2204	160260	133237	1186	134423	0	1542	0	0	25837	150	160260	0	0	24454	0	0	1100	0	31006	102231			0	110839	109297	133	427	0	0	0	25837	0	1232	
366359																																							6639	1977	39677	0	0	2124	0	940	95877	87990	147	88137	0	932	0	0	7740	400	95877	0	0	7075	0	0	400	0	36492	51499			0	45431	44499	-135	0	0	0	0	7740	0	21	
366658																																							10700	2281	37885	0	0	1683	0	2464	139431	123730	359	124089	0	1090	0	0	15342	55	139431	0	0	13033	0	0	3188	0	28778	94952			0	74442	73352	-934	0	0	0	0	15342	0	11066	
366854																																							6098	2958	12526	0	1663	2620	0	2494	213389	189601	2522	192123	0	3906	0	0	21266	297	213389	0	0	1212	0	0	19752	0	41003	148598			0	182203	178297	5	6733	0	0	0	21266	0	0	
367150																																							15638	2194	20790	0	0	633	97	1547	128342	104994	404	113505	0	1036	8107	0	14837	255	128342	0	0	14737	0	0	154	0	26126	78868			0	88479	87443	-309	0	0	0	0	14837	0	0	
367178																																							26117	549	0	0	277	690	0	7204	133530	103125	1409	104643	0	1395	109	0	28887	0	133530	0	0	28887	0	0	0	0	26481	76644			0	95019	93624	0	0	0	0	0	28887	0	5069	
367431																																							28853	2495	36652	0	0	7204	0	7531	362206	309364	605	314969	0	3676	5000	0	47237	10395	362206	0	0	27817	0	0	9205	0	107898	201466			0	283147	279471	-180	0	0	0	0	47237	0	0	
367543																																							2487	3974	100429	0	0	6178	457	19833	406504	310696	3786	361875	0	4168	45000	0	44629	900	406504	0	0	43187	0	0	4100	0	73037	237659			0	276500	272332	-3558	0	0	2393	0	44629	814	0	
368054																																							2377	4832	61352	0	0	510	321	2531	144021	120586	306	120892	0	978	0	0	23129	290	144021	0	0	27173	0	0	1000	0	40796	79790			0	68415	67437	-5334	0	0	0	0	23129	0	4661	
368344																																							0	3195	84029	0	0	1591	0	8966	212505	192614	1777	197582	0	732	0	0	14923	1000	212505	0	0	17174	0	0	4700	0	42036	150578			0	115390	114658	-7951	0	0	416	2775	14923	66	0	
368522																																							1226	1868	10640	215	0	1696	0	11609	208161	141340	5369	186709	0	1507	40000	0	21452	300	208161	0	0	18812	0	0	3400	0	65692	75648			0	182414	180907	-1060	0	0	0	0	21452	0	0	
368951																																							25770	2106	94445	0	0	1193	0	3282	305934	257446	492	273635	0	2220	15697	0	32299	122	305934	0	0	35670	0	0	1280	0	47418	210029			-3898	173387	171167	-875	7461	0	0	0	32299	510	0	
369453																																							1555	3761	40234	0	0	1644	0	6759	164393	151960	655	152615	0	1266	0	0	11778	2400	164393	0	0	12223	0	0	2400	0	24912	127048			0	101581	100315	-5245	9275	0	0	0	11778	0	850	
369659																																							143067	15098	84444	0	1043	33239	0	40062	1605712	1396288	10418	1416260	0	16179	0	0	189452	250	1605712	0	0	136832	0	0	58646	0	355491	1040797			0	1304938	1288759	-6276	0	0	0	9554	189452	0	0	
370020																																							1171	9373	82606	0	5797	12230	0	26887	814284	699359	11781	744430	0	6147	30547	0	69854	900	814284	0	0	61296	0	0	12450	0	169967	529392			0	682367	676220	-4792	0	0	2665	78	69854	0	0	
370347																																							1072	1742	21779	1	0	1644	0	2813	142829	124623	300	126923	0	1355	2000	0	15906	200	142829	0	0	16637	0	0	200	0	16749	107874			0	114312	112957	-1131	821	0	0	0	15906	0	0	
370721																																							14716	2746	47259	0	5235	3345	0	13511	329338	287660	3011	293671	0	2608	3000	0	35667	110	329338	0	0	28013	0	0	10170	0	53518	234142			0	237023	234415	-2626	8111	0	0	0	35667	0	0	
370833																																							23017	1142	40838	0	0	3054	395	4017	117077	98131	2261	100392	0	876	0	0	16685	428	117077	0	0	3602	0	0	12432	0	36078	62053			0	45490	44614	223	0	0	0	0	16685	0	0	
370954																																							19	1422	14119	0	0	1153	992	2120	110930	90455	452	92407	0	645	1500	0	18523	100	110930	0	0	16886	0	0	1700	304	25311	65144			0	66677	66032	-163	24769	0	0	0	18523	0	0	
371223																																							20903	1342	36544	0	1881	3352	0	11007	343601	307156	2341	309497	0	3676	0	0	34104	91	343601	0	0	32169	0	0	2359	2119	74813	232343			0	270129	266453	-515	0	0	0	0	34104	0	0	
371232																																							17830	1660	65307	0	0	1993	1842	11285	201699	170073	4073	175201	0	1013	0	0	26498	400	201699	0	0	19593	0	0	7135	0	57616	112457			0	102795	101782	-630	0	0	0	1055	26498	0	0	
371362																																							64111	15047	195416	0	2400	15184	0	17514	653212	593113	9718	602831	0	4754	0	0	50381	200	653212	0	0	31587	0	0	32317	0	157084	436029			0	348294	343540	-13723	0	0	0	0	50381	0	0	
371559																																							1235	1372	63989	0	0	306	0	1423	121004	99911	296	100207	0	567	0	0	20797	1002	121004	0	0	19748	0	0	1002	0	19975	79936			0	43236	42669	-955	10010	0	0	0	20797	0	0	
371849																																							2230	2137	18853	37	0	1160	38	2544	88620	80061	669	80730	0	906	0	0	7890	250	88620	0	0	7369	0	0	750	0	14398	65663			0	61978	61072	-479	0	0	0	0	7890	49	500	
371924																																							18374	13318	278986	0	10147	22175	0	45384	1547248	1348148	16321	1384469	0	10116	20000	0	162779	980	1547248	0	0	87354	5810	0	77857	0	300088	1048060			0	1162261	1152145	-3412	0	0	0	0	162779	909	0	
371942																																							17050	3618	39814	0	1840	1515	0	7107	186498	160556	2092	162648	0	966	0	0	23850	112	186498	0	0	17050	0	0	7131	0	36401	124155			0	116520	115554	-443	0	0	0	0	23850	0	0	
372444																																							10904	985	41176	19	0	2015	29	2067	140187	121571	938	129484	0	824	6975	0	10703	100	140187	0	0	11861	0	0	300	0	31592	89979			0	83816	82992	-1558	0	0	0	0	10703	0	0	
372538																																							42012	12349	126085	0	0	12679	571	26365	1119590	900207	8940	969647	0	12918	60500	0	149943	300	1119590	0	0	85954	0	0	63700	0	233132	667075			0	907447	894529	-11	5000	0	0	0	149943	0	0	
372640																																							39474	2811	58588	0	0	2312	0	8525	304625	280033	1580	281613	0	1268	0	0	23012	450	304625	0	0	21774	0	0	4150	0	48237	231796			0	187272	186004	-3362	6911	0	0	0	23012	0	0	
372855																																							3968	3211	16267	0	0	4358	0	7874	290667	259096	1707	266203	0	2491	5400	0	24464	600	290667	0	0	11334	0	0	12949	0	37669	221427			0	246735	244244	-419	10745	0	0	0	24464	0	0	
373272																																							2266	216	1230	0	200	32	0	879	55528	49022	2	51524	0	320	2500	0	4004	0	55528	0	0	4018	0	0	0	0	4746	44276			0	51025	50705	-14	0	0	0	0	4004	0	0	
373553																																							135	1278	0	0	3614	854	0	1018	134356	109491	277	109768	0	480	0	0	24588	215	134356	0	0	1702	0	0	22671	0	68520	40970			0	56417	55937	0	71520	0	0	0	24588	0	0	
373601																																							149827	1465	1051400	0	0	11157	0	9768	1502562	1356160	3412	1509572	0	1842	0	0	-7010	0	1502562	0	0	-21198	0	0	162455	0	48592	1307568			0	280787	278945	-148267	0	0	0	150000	-7010	0	0	
374130																																							15534	2131	38194	0	0	2544	0	7333	241802	190968	1121	220089	0	1752	20000	0	21713	100	241802	2600	0	23592	0	0	1600	202	56605	134363			0	175016	173264	-3579	0	0	8000	0	21713	0	0	
374653																																							1230665	184024	456119	0	0	43251	0	134015	4154885	3462247	70348	3678295	0	30968	145700	0	476590	4160	4154885	0	0	433743	0	0	63552	5208	1371272	2090975			0	2132187	2101219	-24865	0	0	0	0	476590	384	0	
374774																																							10708	51783	31847	0	0	1446	0	8323	192590	165839	123	170162	0	1112	4200	0	22428	1610	192590	0	0	20603	0	0	5382	0	61291	104548			0	89595	88483	-5167	0	0	0	0	22428	0	0	
375043																																							8181	22303	84569	0	0	29372	2021	63820	1997437	1766279	11280	1821559	0	21650	44000	0	175878	2414	1997437	0	0	123797	0	0	56414	1814	338776	1427503			0	1806242	1784592	-6747	765	0	0	0	175878	0	0	
375379																																							3106	594	5106	0	0	770	0	1342	42800	34575	178	39203	0	287	4450	0	3597	0	42800	0	0	4137	0	0	0	0	7874	26701			0	32137	31850	-540	0	0	0	0	3597	0	32	
375566																																							75333	7579	50738	0	5147	15147	0	26851	1154876	1034910	13006	1049173	0	10596	64	0	105703	890	1154876	0	0	24170	0	0	82500	2733	203182	831728			0	981626	971030	-1857	0	0	0	1193	105703	0	318	
375650																																							8474	741	62344	0	0	124	0	2320	86615	78993	84	79077	0	222	0	0	7538	100	86615	0	0	10252	0	0	150	0	20848	58145			0	12433	12211	-2964	0	0	0	0	7538	0	401	
376237																																							1306	3288	29126	477	0	227	0	3590	128400	113289	861	114150	0	1020	0	0	14250	1	128400	2130	0	13944	0	0	1455	0	31514	81775			0	77058	76038	-1150	12218	0	0	0	14250	0	0	
376273																																							205400	28844	1	0	27982	64192	0	29379	2566563	2142979	37301	2180280	0	13731	0	0	386283	0	2566563	0	0	386535	0	0	0	1930	245745	1897234			0	1961659	1947928	-252	0	0	0	0	386283	4594	256313	
376442																																							2424	6965	152428	0	5151	6630	345	20472	729538	598877	4579	638206	0	6479	34750	0	91332	750	729538	0	0	82498	0	0	10800	702	119032	479845			0	540106	533627	-2716	0	0	0	0	91332	199	595	
376947																																							11380	5122	15373	0	0	1470	0	4156	188785	152234	910	153144	0	1837	0	0	35641	100	188785	0	0	34903	0	0	800	0	25560	126674			0	139226	137389	-162	13895	0	0	0	35641	0	0	
377663																																							100	2020	61146	0	0	1639	0	4911	148449	137739	1360	139099	0	1423	0	0	9350	200	148449	0	0	8959	0	0	4100	0	44082	93657			0	78487	77064	-3909	1569	0	0	0	9350	0	0	
377850																																							406	1725	352	0	0	822	0	6718	255112	209374	1086	231460	0	3414	21000	0	23652	1142	255112	0	0	5951	0	0	16580	0	16723	192651			0	216798	213384	-21	31705	0	0	0	23652	0	0	
378044																																							4121	1494	401	0	378	2360	0	496	81136	71856	278	72134	0	592	0	0	9002	100	81136	0	0	2831	0	0	6073	0	10796	61060			0	72478	71886	-2	0	0	0	0	9002	0	0	
378110																																							1279	478	21145	0	0	853	0	706	58445	52342	313	52655	0	144	0	0	5790	194	58445	0	0	6050	0	0	194	0	19706	32636			0	30752	30608	-648	3376	0	0	0	5790	0	0	
379050																																							2963	714	5080	0	0	72	0	912	28039	23102	115	24198	0	244	981	0	3841	25	28039	0	0	828	0	0	2975	0	4103	18999			0	18410	18166	13	132	0	0	0	3841	0	0	
379153																																							13810	4945	39821	0	0	1610	0	2583	187667	169383	527	169910	0	1344	0	0	17757	323	187667	0	0	14851	0	0	3009	0	53506	115877			0	124393	123049	-426	0	0	0	0	17757	0	1849	
379470																																							11478	4572	34354	0	27	804	0	4728	158955	131743	419	137662	0	672	5500	0	21293	0	158955	0	0	23220	0	0	0	0	11389	120354			0	103664	102992	-1927	0	0	0	0	21293	0	0	
379649																																							10304	4254	60471	0	0	2208	68	19818	230749	159871	2764	162635	0	1065	0	0	68114	250	230749	0	0	69802	0	0	750	0	46460	113411			0	114204	113139	-2688	18675	0	0	0	68114	0	1812	
379920																																							2104864	390331	3726589	0	2563398	561596	3047	1628426	50018001	39124307	483427	43226952	80000	436530	2155000	420000	6711049	4255	50018001	103403	208335	2059890	0	0	4706779	514648	10266198	28858109			0	34741259	34304729	-59875	0	0	705000	130883	6791049	0	4116970	
380346																																							9877	2011	27717	0	0	3801	0	4117	135691	112737	622	121359	0	1169	8000	0	14332	68	135691	0	0	16464	0	0	1627	0	26563	86174			0	89337	88168	-3827	0	0	0	0	14332	0	0	
380458																																							52466	53806	833251	0	57433	150269	167	67492	2942142	2605231	36373	2676454	0	17657	0	0	265688	600	2942142	39581	34850	111008	0	0	210420	4110	730020	1875211			0	1684141	1666484	-56340	7550	0	0	0	265688	0	9533	
380533																																							30091	5183	29864	6750	2292	11787	204	11546	672118	610798	2559	616268	0	4193	2811	0	55850	60	672118	0	0	47324	0	0	8934	0	89586	521212			0	552016	547823	-468	0	0	0	100	55850	0	26578	
380878																																							6504	1499	162329	0	0	3938	0	10562	384837	320096	3258	351354	0	1603	28000	0	33483	13	384837	0	0	21301	0	0	12670	115	7295	312801			0	201057	199454	-501	436	0	0	0	33483	0	0	
380944																																							13987	5607	15843	0	391	2938	0	5905	188095	165468	1248	173218	977	1447	6502	0	13900	401	188095	0	0	5932	0	0	8198	0	37448	128020			0	123552	122105	-631	21319	0	0	0	14877	0	0	
381026																																							776	2238	29746	0	0	6835	0	3929	145629	135034	694	135728	0	802	0	0	9901	400	145629	0	0	10309	0	0	1600	0	21825	113209			0	94324	93522	-2408	8583	0	0	0	9901	0	0	
381932																																							22196	5249	39108	0	0	6828	185	13771	372716	327936	2902	335838	0	3777	5000	0	36878	123	372716	0	0	21584	0	0	17733	0	115156	212780			0	289156	285379	-2562	0	0	0	0	36878	0	0	
381950																																							48258	7837	163679	270	349	1388	0	14583	343698	323984	1670	325654	0	955	0	0	18044	1000	343698	0	0	22850	0	0	1000	0	86068	237916			0	108289	107334	-6806	0	0	0	0	18044	0	0	
382050																																							26259	8943	99503	5	521	4248	59	18256	487146	428075	3201	446276	0	4105	15000	0	40870	1125	487146	0	0	23316	0	0	20875	26438	129849	298226			0	306086	301981	-4446	0	0	0	0	40870	933	0	
382069																																							6	12320	292828	0	4771	13744	231	14093	512448	438102	2606	452287	0	2404	0	0	60161	1000	512448	0	0	44485	0	0	29449	0	150363	287739			0	142721	140317	-14773	31425	0	0	11579	60161	2713	0	
382256																																							2116	3499	15537	0	77	390	0	1291	61393	55339	347	55686	0	441	0	0	5707	200	61393	0	0	5355	0	0	200	0	9143	46196			0	37954	37513	-48	500	0	0	0	5707	0	470	
382274																																							145	324	0	0	0	0	0	38	3817	3691	14	3705	0	30	0	0	112	0	3817	0	0	0	0	112	0	0	0	3691			0	3325	3295	0	0	0	0	0	112	0	15	
382443																																							10285	4144	30558	0	0	961	0	9445	199589	153884	2962	156846	0	611	0	0	42743	425	199589	0	0	40832	0	0	2075	0	29725	124159			0	144805	144194	-589	0	0	0	0	42743	2	0	
382537																																							24478	4137	56563	0	0	7397	700	4603	414568	345108	1848	346956	0	3669	0	0	67612	1426	414568	0	0	36207	0	0	32430	0	79633	265475			0	319771	316102	-2451	588	0	0	0	67612	0	0	
382649																																							2435	13895	264744	0	18709	8848	2874	32550	1041146	898792	4439	926341	0	6800	0	0	114805	2000	1041146	0	0	45067	0	0	81788	0	429656	469136			0	673842	667042	-14050	0	0	0	23110	114805	0	30049	
382658																																							54643	8142	0	0	0	651	0	5510	313743	268765	5088	273853	0	3184	0	0	39890	370	313743	0	0	39020	0	0	500	0	56890	211875			0	242267	239083	0	0	0	0	0	39890	0	5714	
382742																																							15063	4821	8314	0	0	3219	0	2343	153545	126761	2593	134604	0	1378	5250	0	18941	17306	153545	0	0	-2273	0	0	4013	5512	34059	92702			0	113078	111700	-105	2573	0	0	0	18941	0	0	
382854																																							3905	1513	46789	0	269	2407	370	4684	166906	151015	644	153659	0	1238	2000	0	13247	300	166906	0	0	7623	0	0	6203	0	35399	115616			0	94768	93530	-879	5133	0	0	0	13247	0	8306	
384018																																							708691	16009	82504	0	4826	29470	0	63322	3956261	3378806	54338	3433144	0	40858	0	0	523117	292500	3956261	0	0	228910	5322	0	7500	0	1035707	2343099			0	3035054	2994196	-5793	0	0	0	0	523117	1788	50133	
384278																																							54520	29663	2388866	0	182250	40693	604	242800	4310472	3204540	128887	3864941	0	10947	531514	0	445531	1	4310472	0	0	365515	0	0	126505	118662	568458	2636082			0	1263343	1252396	-46490	0	0	0	0	445531	18	0	
384353																																							3138	530	0	0	0	124	0	727	18875	17025	41	17066	0	75	0	0	1809	40	18875	0	0	209	0	0	1560	0	5149	11876			0	12230	12155	0	1200	0	0	0	1809	0	1001	
384652																																							50979	3026	116144	781	9398	2353	0	40926	1130082	950530	10381	991407	0	6254	84	0	138675	407	1130082	0	0	57581	0	0	82829	0	248033	702497			0	856085	849831	-2142	0	0	0	30412	138675	0	56644	
384830																																							18774	1505	22418	0	0	2167	0	2609	175876	155015	1904	156919	0	1446	0	0	18957	1200	175876	0	0	12934	0	0	6056	0	42821	112194			0	129326	127880	-1233	0	0	0	0	18957	523	0	
385350																																							4861	4301	0	0	0	3162	0	5898	218672	191746	1650	199946	0	1856	6550	0	18726	300	218672	0	0	14946	0	0	3480	0	30934	160812			0	154981	153125	0	172	0	0	0	18726	0	47153	
385471																																							78	6332	23674	88	1971	8550	0	29086	626368	457060	6086	535746	0	6381	72600	0	90622	1	626368	0	0	61771	0	0	29647	0	50630	406430			0	472945	466564	-797	0	0	0	0	90622	0	90025	
385547																																							5912	4132	35203	0	0	2563	896	8640	196140	166135	1611	167746	0	1731	0	0	28394	50	196140	0	0	23575	0	0	5200	0	35995	130140			0	133773	132042	-431	1431	0	0	0	28394	0	5321	
385686																																							28234	2458	23227	0	0	4244	0	18128	403682	340125	4354	344479	0	2651	0	0	59203	500	403682	0	0	60573	0	0	100	0	53137	286988			0	225654	223003	-1970	0	0	0	0	59203	0	104388	
386432																																							717	2833	29573	0	0	7410	0	5592	235880	209385	923	210308	0	1733	0	0	25572	100	235880	0	0	26100	0	0	300	0	54286	155099			0	168099	166366	-928	15889	7000	0	0	25572	0	500	
386450																																							30616	1932	2745	0	934	1798	0	24916	520720	459682	2243	464013	0	2720	0	0	56707	153	520720	0	0	6288	0	0	50266	0	54307	405375			0	260985	258265	0	0	0	0	2088	56707	0	199514	
386731																																							9096	3505	112611	1239	32	3052	505	11983	396368	346561	3699	374802	0	2606	24542	0	21566	175	396368	0	0	35164	0	0	1450	0	44490	302071			0	250400	247794	-15223	6481	0	0	0	21566	66	4	
386825																																							20044	2509	65191	0	0	1444	0	3164	155166	137148	294	143942	0	407	6500	0	11224	2400	155166	0	0	8414	0	0	2400	0	62007	75141			0	63221	62814	-1990	0	0	0	0	11224	0	0	
387055																																							36717	2105	25537	0	0	3352	0	4210	144967	118703	280	118983	0	1196	0	0	25984	183	144967	0	0	21620	0	0	5209	0	42515	76188			0	74242	73046	-1028	0	0	0	0	25984	0	0	
387671																																							9699	6037	59685	0	3997	14354	0	27696	610742	542931	3190	546121	0	6658	0	0	64621	0	610742	0	0	68690	0	0	0	321	68380	474551			0	495382	488724	-4069	0	0	0	0	64621	229	0	
388155																																							2770	2772	55141	0	460	3654	0	3528	217575	195580	393	195973	0	2138	0	0	21602	1000	217575	0	0	16892	0	0	7375	0	78772	116808			0	151388	149250	-3665	0	0	0	0	21602	0	0	
388258																																							2714	1690	12381	0	0	8	0	873	31644	26309	163	26472	0	441	0	0	5172	100	31644	0	0	5391	0	0	225	0	4884	21425			0	11519	11078	-544	2834	0	0	0	5172	66	0	
388557																																							2785	1963	6373	0	547	16486	0	7273	552997	466962	1474	498436	0	6192	30000	0	54561	25	552997	0	0	4829	0	0	49666	0	98318	368644			0	486128	479936	41	37634	0	0	0	54561	0	0	
388744																																							30160	4093	75256	0	0	3002	0	10220	313882	273605	1622	275227	0	4979	0	0	38655	1560	313882	0	0	19507	0	0	18538	0	67951	205654			0	195645	190666	-950	485	0	0	0	38655	0	0	
388753																																							5463	1844	3692	0	0	161	0	679	47708	41544	192	42492	0	337	756	0	5216	76	47708	0	0	907	0	0	4224	0	6959	34585			0	30860	30523	9	4590	0	0	0	5216	0	756	
388874																																							2518	669	10759	0	0	1061	0	1476	101955	82857	186	88793	0	510	5750	0	13162	0	101955	0	0	13008	0	0	0	0	5636	77221			0	58233	57723	154	5110	0	0	0	13162	0	22639	
389358																																							243	8006	0	0	0	561	0	10066	343978	299717	578	300295	0	2291	0	0	43683	500	343978	0	0	37683	0	0	5500	0	55217	244500			0	264495	262204	0	19000	0	0	0	43683	0	43898	
389376																																							7913	261	14804	0	1	191	0	4030	53441	36679	580	42298	0	321	5039	0	11143	0	53441	0	0	11288	0	0	0	0	2582	34097			0	26231	25910	-145	0	0	0	0	11143	331	0	
390372																																							30486	1121	37166	0	0	4664	190	6703	445221	339131	4487	380118	0	2167	36500	0	65103	0	445221	0	0	68270	0	0	0	0	6000	333131			0	367058	364891	-3167	0	0	0	0	65103	0	0	
390840																																							617	10614	35953	2578	1083	9922	0	12083	390571	319217	10478	358695	0	3534	29000	0	31876	697	390571	0	0	13256	0	0	19303	0	95006	224211			0	305963	302429	-1380	15292	0	0	0	31876	0	0	
391418																																							439	4580	94930	0	0	1404	0	18414	206098	188850	545	189395	0	3765	0	0	16703	400	206098	0	0	18571	0	0	6000	0	44490	144360			0	90096	86331	-8268	0	0	0	0	16703	0	0	
391557																																							2926	1095	0	0	0	592	0	1804	52937	46758	407	47165	0	1092	0	0	5772	150	52937	0	0	4649	0	0	973	0	13064	33694			0	39606	38514	0	882	0	0	0	5772	0	7124	
391575	213564	10167	661863	2174	3173	43229	57	254087	6295144	143949	5646374	0	81846	51020	31795	648770	843	6295144	0	0	305670	1021899	104860	271503	0		0	3516120	3434274	-34106	0	0	648770	0	650657	306468	147110	159358			661863							5113142					51020												184101	4929041							0	0	0	0		0		
391959																																							6280	2075	119	0	0	732	0	3115	80299	65356	595	69167	0	1102	3216	0	11132	30	80299	0	0	1433	0	0	9669	0	11886	53470			0	60917	59815	0	8163	0	0	0	11132	0	0	
391977																																							41318	7679	125114	0	5789	21470	0	49146	1123275	1011275	19878	1031518	0	3199	365	0	91757	0	1123275	0	0	112866	0	0	0	0	208315	802960			0	625359	622160	-21109	0	0	0	0	91757	4268	246331	
392152																																							18	1994	0	0	0	984	0	1023	85100	69317	408	74319	0	759	4594	0	10781	50	85100	0	0	9586	0	0	1145	1144	7208	62109			0	76807	76048	0	3889	0	0	0	10781	0	0	
392255																																							12472	5510	22587	0	164	1520	169	3741	128042	118671	921	119592	0	904	0	0	8450	125	128042	0	0	9507	0	0	125	0	33245	85426			0	82114	81210	-1307	0	0	0	0	8450	0	669	
392778																																							34415	2488	197195	0	0	13680	0	53278	649598	506407	18506	588691	50	4776	63778	0	60857	150	649598	0	0	85818	0	0	0	0	104119	402288			0	326280	321504	-25111	0	0	0	0	60907	0	27038	
393252																																							21302	4424	10682	0	0	4315	0	2890	201649	181353	1174	182527	0	1539	0	0	19122	2700	201649	0	0	15975	0	0	500	0	48763	132590			0	159575	158036	-53	0	0	0	0	19122	0	0	
393355																																							191	1740	49114	0	0	3427	0	2280	230186	202036	611	211097	0	2201	8450	0	19089	663	230186	0	0	15637	0	0	3142	0	51598	150438			0	174955	172754	-353	30	0	0	0	19089	0	650	
393953																																							30805	8556	244410	0	0	12601	0	15389	997811	904456	2745	907201	0	7358	0	0	90610	383	997811	0	0	108084	0	0	415	0	251733	652723			0	693408	686050	-18272	0	0	0	0	90610	0	0	
394156																																							8622	1110	15385	0	0	3598	0	6703	135897	115709	713	120897	0	1700	4475	0	15000	250	135897	0	0	9259	0	0	5900	0	13781	101928			0	99539	97839	-409	2627	0	0	0	15000	13	0	
394259																																							4	8559	103412	0	3705	2441	33	13745	519514	436039	2532	468283	0	5163	29712	0	51231	500	519514	0	0	50178	0	0	16094	0	141285	294754			0	312995	307832	-15541	0	0	0	0	51231	0	79783	
395238																																							1891499	563163	7411072	0	506613	744716	22306	3276706	61204265	51914514	1345995	55358814	20240	477934	1443466	495921	5825211	68912	61204265	83426	110070	1592922	4699	0	4779154	106221	11298227	40616287			0	44625627	44147693	-615777	17063	4257	4577	44271	5845451	15647	2409184	
396057																																							6406	610	14296	0	110	1443	0	1383	88359	76467	254	79852	0	693	0	0	8507	98	88359	0	0	3290	0	0	5379	0	17809	58658			0	64657	63964	-260	0	0	0	3131	8507	27	120	
396244																																							9426	6165	79402	0	0	12873	0	20779	493522	438965	2296	445593	0	2581	4332	0	47929	1000	493522	0	0	54342	0	0	1500	693	58185	380780			0	366765	364184	-8913	0	0	0	0	47929	0	0	
396253																																							7667	20947	163589	0	17770	11319	0	40545	1360197	1122926	5686	1206054	0	14516	77442	0	154143	21442	1360197	0	0	29278	0	25000	79833	1910	123289	999637			0	1067345	1052829	-1410	43546	0	0	0	154143	75	0	
396954																																							1440	11828	145439	0	0	2818	0	10688	300731	270894	1168	272062	0	2121	0	0	28669	900	300731	0	0	33952	0	0	2100	0	83286	187608			0	123549	121428	-8283	7086	0	0	0	28669	4	0	
397456																																							5743	2611	61494	0	92	2139	5217	1912	156853	141183	640	141823	0	1814	0	0	15030	720	156853	0	0	12531	0	0	6020	0	54653	86530			0	79459	77645	-4241	0	0	0	0	15030	0	0	
397531																																							557838	5597	54669	0	0	3606	0	39560	1468427	1287379	19725	1333921	0	7717	26817	0	134506	2200	1468427	0	0	115605	1681	0	17800	0	724133	563246			0	784507	776790	-1099	0	0	0	0	134506	0	28686	
397540																																							108057	41778	258210	0	33267	32641	111	80365	2274908	1968802	23430	1992801	0	21840	569	0	282107	20	2274908	0	0	183841	19053	0	99913	2829	594920	1373882			0	1590733	1568893	-1667	0	0	0	0	282107	0	129704	
397559																																							2997	3442	82496	0	3559	14158	0	11298	903206	735306	2840	828646	0	10154	90500	0	74560	50	903206	0	0	13239	0	0	63551	494	69048	666258			0	794053	783899	-2280	521	0	0	0	74560	0	342	
397755																																							257153	2431	1010	0	3221	38160	3033	44900	1861250	1545247	16612	1625359	0	18150	63500	0	235891	250	1861250	0	0	104691	0	0	130995	0	183273	1361974			0	1529492	1511342	-45	0	0	0	0	235891	0	0	
397858																																							7644	4144	21020	0	3712	2849	0	960	116564	101853	274	102127	0	615	0	0	14437	800	116564	0	0	-240	0	0	13640	0	20800	81053			0	71849	71234	237	5001	0	0	0	14437	0	0	
398051																																							759	1634	14459	0	128	3830	0	6517	144143	120354	3191	130445	0	1182	6900	0	13698	100	144143	0	0	2425	0	0	11500	0	27369	92985			0	117998	116816	-327	0	0	0	0	13698	0	0	
398248																																							37364	2716	64545	0	18	2364	0	16523	354808	285767	4681	319389	0	1889	0	0	35419	651	354808	0	0	28977	0	0	5850	180	81137	204630			0	232987	231098	-59	0	0	0	28941	35419	0	0	
398668	219768	34663	98977	0	856313	13036	0	128734	1351491	268400	269820	0	0	0	0	1081671	1000	1351491	0	0	972372	0	0	108284	0		0	0	0	15	0	0	1081671	0	0													1420																	1420	0							0		0					
398837																																							7645	7200	80093	0	0	9396	0	9914	329494	281458	2420	291878	0	2669	4000	0	37616	760	329494	0	0	25370	0	0	11281	0	89419	192039			0	177968	175299	205	0	0	4000	0	37616	0	39947	
399357																																							3778	1249	4344	0	0	2007	0	2255	84431	71604	392	73996	0	827	2000	0	10435	203	84431	0	0	8912	0	0	1408	0	8740	62864			0	71625	70798	-88	0	0	0	0	10435	0	0	
399517																																							442902	78067	584330	0	124688	147602	2280	319830	8372231	7131555	118413	7431915	7379	64887	181947	0	932937	2300	8372231	0	0	416758	0	0	544544	2517	1136783	5994772			0	6483773	6418886	-30665	0	0	0	0	940316	8991	242138	
399731																																							26309	3277	26557	0	0	1352	1858	3546	108941	93904	712	94616	0	694	0	0	14325	354	108941	0	0	9801	0	0	5252	0	41369	52535			0	46736	46042	-1082	0	0	0	0	14325	0	0	
399973																																							12871	2802	34664	0	2721	6534	321	2861	225118	188155	694	200232	0	1922	11383	0	24886	0	225118	0	0	26183	0	0	0	0	21322	166833			0	163587	161665	-1297	679	0	0	0	24886	0	0	
400057																																							26551	8693	34956	0	0	3177	0	6017	239156	212031	970	220798	0	1594	337	0	18358	172	239156	0	0	15543	0	0	3952	0	61031	151000			0	161356	159762	-1309	0	0	0	7460	18358	0	0	
400141																																							50458	8686	155196	0	1938	14969	410	9967	750432	687225	3528	690753	0	8796	0	0	59679	20	750432	0	0	25255	0	0	40760	95	186404	500821			0	511433	502637	-6356	0	0	0	0	59679	0	6076	
400365																																							148950	4959	69964	0	1567	9618	0	17321	558878	496837	6165	503002	0	4477	0	0	55876	486	558878	0	0	30417	0	0	27032	500	203693	293144			0	310476	305999	-2059	0	0	0	0	55876	0	0	
400767																																							998	5862	86137	0	0	4825	0	7699	218922	196925	435	197360	0	1032	0	0	21562	550	218922	0	0	19873	0	0	5209	0	99373	97552			0	69593	68561	-4070	44840	0	0	0	21562	0	0	
401072																																							1225	1340	29335	0	0	152	0	1930	75664	62069	288	64857	0	270	2500	0	10807	0	75664	0	0	12867	0	0	0	0	1964	60105			0	39952	39682	-2060	2000	0	0	0	10807	0	0	
401559																																							10	2201	22506	0	207	834	0	4403	116844	106115	1892	108707	0	466	700	0	8137	200	116844	0	0	8281	0	0	3027	0	34115	72000			0	32138	31672	-3371	101	0	0	0	8137	0	54910	
401755																																							6217	1408	0	135	0	934	0	5685	174817	151716	1187	152903	0	2351	0	0	21914	650	174817	0	0	15725	0	0	5539	0	35227	116489			0	155716	153365	0	7073	0	0	0	21914	0	0	
401906																																							8375	11900	156858	692	2266	12843	0	23882	841551	709375	10128	723732	0	5952	4229	0	117819	0	841551	0	0	118437	470	0	15000	0	157846	551529			0	613368	607416	-15618	0	0	0	0	117819	16849	0	
401951																																							3101	1146	6836	0	0	2070	0	2363	96635	74368	1013	88681	0	830	13300	0	7954	75	96635	0	0	570	0	0	7500	6009	25999	48369			0	75500	74670	-191	440	0	0	0	7954	0	0	
402846																																							48	2221	28080	0	2481	202	0	1737	122562	85938	842	88815	0	289	1500	0	33747	200	122562	0	0	27763	0	0	6206	0	10435	75503			0	41109	40820	-422	0	0	535	0	33747	0	46973	
402873																																							7812	520	5379	0	0	943	0	996	63158	48959	2188	51147	0	564	0	0	12011	1	63158	0	0	9968	0	0	2131	0	3475	45484			0	46073	45509	-89	1999	0	0	0	12011	0	0	
403067																																							5213	1828	39178	0	10	1905	0	7101	167237	131958	2817	149875	0	1427	15100	0	17362	2675	167237	0	0	3511	0	0	13894	4572	29877	102081			0	108857	107430	-2718	0	0	0	0	17362	0	0	
403151																																							40070	78257	296962	0	8456	34709	0	53769	2760622	2438827	9899	2517456	0	23580	56000	0	243166	3000	2760622	0	0	86315	0	0	177000	1423	349746	2089081			0	2089356	2065776	-23149	0	0	12730	0	243166	1293	179907	
403179																																							62545	15530	270310	0	4077	24024	1380	98291	2089518	1604046	38819	1909932	0	16987	267067	0	179586	0	2089518	0	0	137008	0	0	70911	1070	251693	1352353			-5935	1629278	1612291	-22398	0	0	0	0	179586	0	0	
403254																																							956	314	401	0	0	313	0	2309	6598	5164	374	5538	0	0	0	0	1060	100	6598	0	0	-20968	0	0	21933	0	1852	3312			0	2305	2305	-5	0	0	0	0	1060	0	0	
403656																																							6457	1055	30971	0	0	825	0	917	86332	77378	234	77612	0	952	0	0	8720	48	86332	0	0	4877	0	0	4565	0	20398	56980			0	30809	29857	-770	16250	0	0	0	8720	0	0	
403870																																							3464	5577	184755	0	1431	10005	0	32869	830382	654893	8803	748732	0	6526	68051	0	81650	1	830382	0	0	68418	0	0	27435	0	43018	611875			-1058	598807	592281	-13146	0	0	0	16985	81650	0	0	
403946																																							28632	32146	155790	0	4828	19311	0	28592	1571795	1293941	13471	1420771	0	15738	113359	0	151024	380	1571795	0	0	108893	0	0	51248	6022	273110	1020831			0	1310512	1294774	-9497	960	0	0	0	151024	0	740	
404653																																							123063	703	4231	0	1164	6236	0	5494	662300	588358	5422	593780	0	4872	0	0	68520	96	662300	0	0	19914	0	0	48561	0	90176	498182			0	526281	521409	-51	0	0	0	0	68520	0	0	
404943																																							1624	1334	13541	0	0	1500	0	1390	80320	74602	273	75479	0	1035	0	0	4841	120	80320	0	0	6569	0	0	880	207	19640	54962			0	54949	53914	-2728	0	0	604	0	4841	57	6753	
406022																																							16867	4475	90506	0	0	4133	0	13991	455586	417906	5734	423640	0	3870	0	0	31946	3958	455586	0	0	32423	482	0	3942	0	147829	270077			0	329002	325132	-8377	0	0	0	0	31946	0	0	
406059																																							111691	6204	7272	0	0	18707	0	5283	588397	513640	3160	526800	0	5662	10000	0	61597	557	588397	0	0	41205	0	0	20401	0	159315	354325			0	444417	438755	-566	485	0	0	0	61597	0	0	
406666																																							47124	3700	61001	0	6070	11304	3396	2947	380914	335071	2070	338641	0	3577	1500	0	42273	2900	380914	0	0	17934	0	0	26276	0	91084	243987			0	246809	243232	-4837	2140	0	0	0	42273	0	0	
406974																																							38017	1939	47732	0	0	5760	0	9858	317062	274553	3208	285261	0	2486	7500	0	31801	500	317062	0	0	30893	0	0	4913	0	88571	185982			0	215467	212981	-4505	775	0	0	0	31801	0	0	
407168																																							10134	9095	11787	0	0	376	0	4518	179669	148878	1166	157086	0	1808	42	0	22583	1000	179669	0	0	16660	0	0	4895	0	32267	116611			0	145505	143697	28	0	0	7000	0	22583	62	0	
407506																																							203145	29900	246338	5790	21245	52057	3563	128047	2732114	2231226	74937	2402209	0	22308	84613	0	329905	0	2732114	11433	11433	200309	0	0	132155	0	659713	1571513			0	2052904	2030596	-2559	0	0	0	0	329905	0	0	
407645																																							40319	8690	276749	0	1470	6974	0	4753	625171	554381	4913	575571	0	2732	10642	0	49600	1680	625171	0	0	55159	0	0	2690	301	96344	458037			0	286742	284010	-9929	1905	0	0	5635	49600	0	0	
408307																																							69600	6007	138316	0	28	7718	0	27885	677842	555612	2685	610297	0	4520	52000	0	67545	0	677842	0	0	78079	0	0	0	0	78483	477129			0	432725	428205	-10534	83	0	0	0	67545	0	0	
408642																																							37669	6200	182921	0	10630	4848	0	80526	1420052	807950	16351	1231414	0	14129	317500	0	188638	4257	1420052	2111	1046	145470	0	0	49831	11016	302463	505487			0	1097058	1082929	-10920	1202	0	88567	0	188638	0	0	
408875																																							98272	11286	157046	0	0	11389	0	22245	784087	658464	8599	694063	0	7450	27000	0	90024	298	784087	0	0	6596	0	0	82844	1212	256140	402324			0	490087	482637	286	0	0	0	0	90024	0	0	
409265																																							6263	3656	28221	0	0	419	0	1433	134524	125002	731	125733	0	941	0	0	8791	8600	134524	0	0	4307	0	0	800	0	30851	94151			0	83473	82532	-4916	12000	0	0	0	8791	0	0	
410159																																							8121	2201	1170	0	0	123	0	360	27884	24020	125	24145	0	248	0	0	3739	240	27884	0	0	2004	0	0	1520	0	4964	19056			0	10932	10684	-25	5225	0	0	0	3739	0	0	
410560																																							43584	8296	91856	0	846	2619	0	4828	369817	325175	1531	326706	0	1095	0	0	43111	600	369817	0	0	36965	0	0	9400	0	110087	215088			0	218883	217788	-3854	0	0	0	0	43111	0	0	
410748																																							65151	1791	0	0	0	2162	719	6264	378454	326583	2308	328891	0	4469	0	0	49563	457	378454	0	0	37523	0	0	11583	0	69130	257453			0	281069	276600	0	3670	0	0	0	49563	6	22091	
410917																																							32143	7696	290452	0	0	6439	0	3991	700468	545763	2220	659463	0	5521	0	0	41005	790	700468	0	0	60428	0	0	2000	0	207497	338266			0	365268	359747	-22213	0	0	0	111480	41005	0	0	
411062																																							18673	1998	179905	0	0	1120	0	3046	245322	223882	110	223992	0	474	0	0	21330	400	245322	0	0	23388	0	0	4610	0	96170	127712			0	41054	40580	-7068	0	0	0	0	21330	0	0	
411174																																							2772	73	0	0	0	604	0	654	40359	29625	194	29819	0	450	0	0	10540	0	40359	0	0	10344	0	0	0	0	176	29449			0	36706	36256	196	0	0	0	0	10540	0	0	
411231																																							10611	1250	23634	0	0	4639	200	1652	116424	105391	927	106318	0	833	0	0	10106	200	116424	0	0	11407	0	0	500	0	27193	78198			0	75068	74235	-2001	203	0	0	0	10106	0	0	
411240																																							10384	1669	42708	0	0	288	0	1171	96342	85287	418	88705	0	411	3000	0	7637	100	96342	0	0	7918	0	0	2200	0	22019	63268			0	40533	40122	-2581	0	0	0	0	7637	0	0	
411549																																							1519	651	10601	0	0	375	0	728	47319	41096	260	41356	0	335	0	0	5963	200	47319	0	0	5635	0	0	600	0	8931	32165			0	33780	33445	-472	0	0	0	0	5963	0	0	
411576																																							4459	1026	14696	0	0	618	0	2531	76912	66175	293	66468	0	457	0	0	10444	0	76912	0	0	10591	0	0	0	0	11966	54209			0	45413	44956	-147	8626	0	0	0	10444	0	0	
411624																																							1275	4964	59481	0	352	5913	0	4185	286742	257775	1149	265052	0	2199	6128	0	21690	500	286742	0	0	26940	0	0	570	0	52959	204816			0	206649	204450	-6320	6017	0	0	0	21690	105	0	
411651																																							265	5109	62142	0	0	1225	0	5674	219121	187497	1484	198715	0	1637	9734	0	20406	300	219121	0	0	18064	0	0	1700	0	35565	151932			0	146255	144618	342	0	0	0	0	20406	88	0	
412153																																							998	7875	43768	0	0	3440	0	5166	285470	235952	478	251930	0	2580	15500	0	33540	600	285470	0	0	7709	0	0	27400	0	38921	197031			0	221691	219111	-2169	5112	0	0	0	33540	0	0	
412452																																							0	1900	9922	0	0	1496	0	1427	60908	52720	577	53297	0	411	0	0	7611	330	60908	0	0	7878	0	0	500	0	30846	21874			-92	39329	38918	-1005	7019	0	0	0	7611	0	226	
412555																																							506	4961	92604	0	1325	4188	0	10518	314897	260291	1723	288129	0	3565	26115	0	26768	100	314897	0	0	24581	0	0	2655	0	61104	199187			0	203379	199814	-568	981	0	0	0	26768	0	0	
412667																																							51	6129	0	0	0	2573	0	11061	308021	273619	874	274493	0	1683	0	0	33528	150	308021	0	0	25796	0	0	7582	0	80890	192729			0	202315	200632	0	72765	0	0	0	33528	0	14810	
412751																																							934046	215440	524032	0	18178	197093	13255	277908	9248621	8440909	49457	8492058	0	82146	0	0	756563	1027	9248621	1692	1692	744193	0	0	95918	0	2846022	5594887			0	6132453	6050307	-84575	7290	0	0	0	756563	128149	881231	
412845																																							26270	4892	148954	0	4957	8311	71	5792	455000	404252	981	407199	0	3504	1321	0	47801	1600	455000	0	0	47072	0	0	5391	0	81761	322491			0	248292	244788	-6262	0	0	0	645	47801	0	10965	
412872																																							7107	1258	36511	0	0	1638	0	2087	116833	109868	415	111283	0	328	1000	0	5550	0	116833	0	0	7991	0	0	0	0	9293	100575			0	68560	68232	-2441	0	0	0	0	5550	0	0	
413141																																							266880	8482	62072	0	7100	13343	5967	179008	6700737	3836566	51591	6164157	0	67995	2276000	0	536580	420	6700737	0	0	512596	0	0	23405	0	82354	3754212			0	6209790	6141795	159	0	0	0	0	536580	16090	0	
413208	23094329	761801	30029615	1598	464724	552769	6845	5500421	165262283	3208384	149061643	0	388147	2464475	1480192	16200640	2001	165262283	23228730	2352155	3048642	0	1500000	13012648	1459299		0	52883199	52495052	-1362651	9252008	1311304	16200640	122063	18293029	8324082	0	8324082			30029615							129196051					2464475					23228730	2352155						23678337	105517714							0	9252008	725000	1311304		122063		
413347																																							3079	1819	20869	0	0	569	0	1009	77527	67847	350	68197	0	468	0	0	9330	100	77527	0	0	8445	0	0	1000	0	12756	55091			0	48462	47994	-215	2087	0	0	0	9330	0	101	
413543																																							12812	3468	30022	0	1873	763	0	2336	198798	174698	807	175505	0	1578	0	0	23293	320	198798	0	0	19974	0	0	4942	0	40863	133835			0	127195	125617	-1943	0	0	0	0	23293	70	21837	
413646																																							47899	5066	75187	0	1673	16550	0	29033	717895	589798	2734	642233	0	6580	42938	0	75662	550	717895	0	0	68246	0	0	9920	364	105676	484122			-2690	545187	538607	-364	3345	0	0	6763	75662	171	0	
413673																																							6981	4220	42711	0	1221	1663	226	3660	182112	164622	902	165524	0	1326	0	0	16588	1140	182112	0	0	11244	0	0	6949	678	35328	129294			0	116793	115467	-2745	37	0	0	0	16588	66	5182	
413758																																							9174	4444	5881	0	0	1338	0	3955	170857	154388	419	154807	0	1702	0	0	16050	300	170857	0	0	2993	0	0	12837	0	30331	124057			0	147767	146065	-80	0	0	0	0	16050	0	0	
414102																																							45915	3082	35885	0	0	8629	0	18693	447921	377561	2563	380124	0	3264	0	0	67797	263	447921	0	0	66172	0	0	1000	0	139824	237737			0	300216	296952	362	2338	0	0	0	67797	0	36427	
414652																																							1735	2984	34363	0	33	1586	0	9242	168646	145653	671	147276	0	1415	952	0	21370	1000	168646	0	0	19202	0	0	3283	0	41528	104125			0	118618	117203	-2115	1500	0	0	0	21370	0	0	
414764																																							35437	11834	106486	0	1	34828	0	12858	935737	810326	3887	839417	0	7239	25204	0	96320	2	935737	0	0	63712	0	0	33037	0	163058	647268			0	692274	685035	-431	0	0	0	0	96320	0	49258	
414858																																							1819	10655	42054	0	0	4504	750	8645	270980	226224	1412	247717	0	2207	20081	0	23263	200	270980	0	0	18007	0	0	8014	0	51113	175111			0	204760	202553	-2958	0	0	0	0	23263	0	0	
416245																																							113011	180880	2162548	3854	484274	222058	700	739342	18052735	15032901	255649	15569285	0	174023	113806	0	2483450	8741	18052735	0	0	339413	0	0	2259770	5752	3669389	11363512			0	13567799	13393776	-124474	0	0	0	166929	2483450	155	746385	
416272																																							9846	958	27602	0	0	753	0	4951	137411	113043	885	125603	0	768	11675	0	11808	0	137411	0	0	14013	0	0	0	0	24918	88125			0	88161	87393	-2205	0	0	0	0	11808	0	5908	
416339																																							22	2807	19253	0	3308	1073	0	4149	139871	122992	467	123500	0	1238	0	0	16371	95	139871	0	0	3125	0	0	13017	0	18395	104597			0	110497	109259	134	0	0	0	41	16371	0	0	
416357																																							11165	2258	0	0	0	89	0	2293	86006	64545	819	65364	0	638	0	0	20642	200	86006	0	0	19642	0	0	800	0	18723	45822			0	66855	66217	0	2614	0	0	0	20642	0	1370	
416656																																							121	10662	96320	0	531	9188	0	16456	433974	370140	1551	392870	0	4895	19500	0	41104	150	433974	0	0	38968	0	0	5931	0	25098	345042			0	304973	300078	-3945	618	0	1679	0	41104	0	0	
416674																																							30244	5259	95158	0	0	13825	500	12407	821598	750080	5702	755782	0	5062	0	0	65816	0	821598	0	0	64716	0	0	7430	0	160060	590020			0	669267	664205	-6330	0	0	0	0	65816	0	0	
417626																																							22958	4521	120549	0	0	8047	138	5988	650577	564976	4445	569421	0	5047	0	0	81156	300	650577	0	0	82740	0	0	1000	0	102702	462274			0	454188	449141	-2884	3857	0	0	0	81156	1334	34044	
417710																																							1606	1607	14033	0	1189	2017	259	1065	59076	48024	244	49268	0	479	1000	0	9808	430	59076	0	0	4558	0	0	4993	0	12306	35718			0	37335	36856	-173	444	0	0	0	9808	0	0	
418100																																							9581	4762	77630	0	0	9733	0	3956	467827	409566	439	410005	0	2131	0	0	57822	0	467827	0	0	57614	0	0	0	0	328415	81151			0	364296	362165	208	0	0	0	0	57822	0	0	
418249																																							111778	25564	285681	0	1510	8184	0	67828	1678467	1333265	10889	1478400	0	17465	32200	0	200067	5000	1678467	0	0	183159	0	0	22101	756	420314	912951			0	1153225	1135760	-10193	0	0	16616	85430	200067	2241	39165	
418436																																							7339	851	0	0	0	77	0	197	24267	20833	192	21223	0	76	0	0	3044	120	24267	0	0	2324	0	0	600	0	4705	16128			0	6147	6071	0	0	0	0	198	3044	0	9732	
419406																																							25740	78696	1467136	0	81507	184206	0	419610	7354239	5701411	181544	6826781	0	37612	607042	0	527458	1	7354239	0	0	557156	0	0	95232	17438	1511173	4190238			0	5106380	5068768	-124931	0	0	0	336784	527458	11138	0	
419675																																							21910	9105	251915	1	1884	13323	56	41927	1519486	1119824	11538	1383362	0	16466	240000	0	136124	2000	1519486	0	0	75222	0	56	93405	828	105022	1014802			0	1191695	1175229	-34559	560	0	12000	0	136124	0	2748	
420578																																							21073	4132	47580	0	0	5850	34	18219	279648	190713	1177	206622	0	2367	14732	0	73026	0	279648	0	0	47795	0	0	27238	0	35430	155283			0	170210	167843	-2007	0	0	0	0	73026	0	14917	
420644																																							19911	7185	82617	0	2677	4424	0	12076	393998	345239	2225	348424	0	3366	960	0	45574	100	393998	0	0	38912	0	0	13768	1785	82400	262839			-828	237938	234572	-6378	1698	0	0	0	45574	0	27053	
420877																																							4807	2950	53609	0	0	2430	0	2544	158615	143173	250	143423	0	938	0	0	15192	3	158615	0	0	15920	0	0	1742	0	17495	125678			0	71783	70845	-2473	2777	15793	0	0	15192	0	2860	
421445																																							1358	2619	81420	0	0	1015	0	3289	179699	164183	627	166175	0	1017	280	0	13524	520	179699	0	0	15704	0	0	4150	0	50430	113753			0	91015	89998	-6850	0	0	1085	0	13524	0	0	
421539																																							1383	11628	35325	0	0	4001	0	4705	228019	196919	1017	206755	0	2417	0	0	21264	760	228019	0	0	5777	0	0	17968	0	45255	151664			0	148469	146052	-3241	24925	0	0	8819	21264	0	0	
422116																																							3357	4661	10090	0	0	3341	0	3947	97267	85787	1954	87941	0	977	200	0	9326	191	97267	0	0	7981	0	0	1160	0	28280	57507			0	68793	67816	-6	4055	0	0	0	9326	0	0	
422433																																							820332	25068	676592	0	2638	59585	35084	103555	4075579	3636734	32848	3811701	0	40755	135000	0	263878	5560	4075579	0	0	36995	0	0	228632	0	418461	3218273			0	2069802	2029047	-7309	551	0	0	7119	263878	452	322675	
422657																																							11671	5640	10851	0	0	6012	151	2498	139231	125004	1104	126108	0	1307	0	0	13123	450	139231	0	0	9720	0	0	2950	0	30747	94257			0	103715	102408	3	0	0	0	0	13123	0	0	
423159																																							46619	13382	100062	0	0	14579	0	3116	383093	323835	508	324343	0	3817	0	0	58750	726	383093	0	0	55860	0	0	2226	0	96364	227471			0	150617	146800	-62	58535	0	0	0	58750	0	0	
423449																																							62566	8902	202819	0	1116	19102	0	47176	1139311	921135	11389	1043811	0	10681	105000	0	95500	4202	1139311	0	0	86740	0	0	19800	0	241790	679345			0	808311	797630	-15242	0	0	0	6287	95500	0	0	
423636																																							26766	1967	11629	0	0	1361	0	4426	180482	155858	1219	157077	0	2025	0	0	23405	137	180482	0	0	9444	0	0	14458	0	28441	127417			0	136358	134333	-634	0	0	0	0	23405	0	0	
423739																																							62301	5855	23890	0	9983	15481	1059	40571	1549495	1332812	12189	1345001	0	15367	0	0	204494	330	1549495	0	0	164579	0	0	38665	153	361832	970980			0	1195318	1179951	920	24223	0	0	0	204494	0	186028	
424156																																							1203	3010	69664	0	915	1405	0	7990	225192	194182	1525	196907	0	1699	1200	0	28285	400	225192	0	0	19053	0	0	11207	0	34808	159374			0	134851	133152	-2375	7787	0	0	0	28285	66	0	
424240																																							13993	3303	94605	104	0	1038	0	2715	260221	217704	1345	222596	0	2388	3547	0	37625	1000	260221	0	0	35845	0	0	1000	0	46022	171682			0	146851	144463	-220	0	0	0	0	37625	0	0	
424352																																							23931	2692	155959	0	0	7747	0	8419	283957	241677	652	274079	0	2389	31750	0	9878	440	283957	0	0	9205	0	0	16717	0	69804	171873			0	87598	85209	-16484	0	0	0	0	9878	0	0	
424437																																							3746	234	0	0	0	10	0	306	25506	22453	31	22484	0	156	0	0	3022	50	25506	0	0	2501	0	0	500	0	7938	14515			-29	16192	16036	0	1670	0	0	0	3022	0	3504	
425050																																							740	704	15469	0	0	282	0	727	34044	30509	61	30570	0	216	0	0	3474	60	34044	0	0	2511	0	0	1590	0	6206	24303			0	13645	13429	-687	2693	0	0	0	3474	0	0	
425108																																							28303	4067	48434	0	873	10305	0	11631	512006	448969	3778	468747	0	4020	16000	0	43259	0	512006	0	0	47586	0	0	2280	0	63415	385554			0	412413	408393	-6607	0	0	0	0	43259	0	0	
425818																																							35760	6822	76620	0	50	7506	170	12349	453787	394327	1638	404452	0	4634	5455	0	49335	750	453787	0	0	43444	0	0	7840	0	85758	308569			0	319144	314510	-2699	0	0	0	3032	49335	0	0	
425845																																							1076	4140	4104	0	0	2678	0	14234	480775	330686	1530	429216	0	4652	97000	0	51559	200	480775	0	0	41060	0	0	10213	0	49884	280802			0	437435	432783	86	21760	0	0	0	51559	0	0	
425911																																							53829	6630	579468	0	2597	34443	0	69591	2256965	1914564	13430	2058325	0	16886	130331	0	198640	574	2256965	0	0	182556	0	0	37647	2588	690293	1224271			0	1515745	1498859	-22137	0	0	0	0	198640	8960	0	
426057																																							14410	10053	19513	0	2	1138	0	1428	115921	99171	790	105985	0	772	6024	0	9936	1250	115921	0	0	-1032	0	0	10504	0	31191	67980			0	70149	69377	-786	0	0	0	0	9936	0	0	
426141																																							0	425	12633	0	0	77	62	449	29347	23429	269	24019	0	138	0	0	5328	50	29347	0	0	4633	0	0	950	0	7754	15675			0	8363	8225	-305	0	0	321	0	5328	0	7476	
426534																																							97846	24423	813101	0	91881	73642	963	88856	5067928	4371113	30245	4413659	0	41690	12301	0	654269	5000	5067928	0	0	414408	0	0	257879	1263	1060893	3310220			0	3456209	3414519	-23018	0	0	0	0	654269	2688	458746	
426758																																							9198	3784	32983	0	0	2217	169	4764	144917	131640	350	132990	0	681	1000	0	11927	200	144917	0	0	12794	0	0	200	0	21275	110365			0	91103	90422	-1267	1380	0	0	0	11927	0	0	
426945																																							10449	10055	39456	11	0	2421	0	2960	233046	199495	856	214851	0	2669	14500	0	18195	60	233046	0	0	16686	0	0	3339	0	34984	164511			0	170363	167694	-1890	0	0	0	0	18195	0	0	
427241																																							3939	8243	185178	0	1691	13192	0	17839	554670	474750	3421	514290	0	3397	30000	0	40380	300	554670	0	0	31119	0	0	16988	0	67957	406793			0	326455	323058	-8027	162	0	6119	0	40380	1368	0	
427353																																							50270	19186	74366	0	32879	27898	2253	18559	1109740	961505	17983	982044	0	7910	2556	0	127696	482	1109740	0	0	56386	0	0	76521	6362	222941	738564			0	885877	877967	-5693	0	0	0	0	127696	0	0	
427858																																							0	3066	29023	0	0	3574	0	1451	135202	118153	366	118519	0	1023	0	0	16683	1000	135202	0	0	9329	0	0	7125	0	72812	45341			0	96996	95973	-771	2115	0	0	0	16683	0	0	
427960																																							41329	2710	2962	0	0	989	0	884	167703	145622	838	146460	0	1139	0	0	21243	850	167703	0	0	19504	0	0	927	750	34693	110929			0	119154	118015	-38	64	0	0	0	21243	0	0	
428060																																							226766	12553	110504	0	0	13162	0	6670	1502874	1344128	14268	1373502	0	13758	15106	0	129372	520	1502874	0	0	129033	0	0	9440	402	200609	1143519			0	1145787	1132029	-9621	0	0	0	0	129372	788	0	
428462																																							30205	2155	74971	0	222	4696	0	10495	371201	325096	3958	335784	0	2482	6730	0	35417	705	371201	0	0	33416	0	0	6370	0	144292	180804			0	186553	184071	-5074	0	0	0	0	35417	144	64242	
428547																																							20667	14934	490960	0	43296	37036	0	135592	3454109	2923184	17278	3106707	0	16843	163654	0	347402	121	3454109	2591	2591	192365	0	0	165787	0	470671	2452513			0	2626466	2609623	-10871	4	0	0	0	347402	1532	97874	
428855																																							26629	2188	70746	0	0	3879	0	4060	240230	199980	663	220643	0	1522	20000	0	19587	150	240230	0	0	24524	0	0	150	0	49434	150546			0	133944	132422	-5237	306	0	0	0	19587	0	0	
429021																																							99274	5442	117133	0	0	7179	0	26833	714601	635779	5216	640995	0	6588	0	0	73606	3556	714601	0	0	76869	0	0	3557	0	172608	463171			0	457129	450541	-10376	0	0	0	0	73606	0	8199	
429487																																							131012	7398	7700	0	4960	7662	344	33871	1092309	954192	11920	976112	0	8605	10000	0	116197	0	1092309	0	0	93179	0	0	23864	542	137883	816309			0	905533	896928	-846	0	0	0	0	116197	0	1892	
430036																																							18343	9138	102003	0	0	6480	0	13434	468318	407647	4652	420299	0	4710	8000	0	48019	335	468318	0	0	45382	0	0	3192	0	128407	279240			0	311524	306814	-890	5000	7106	0	0	48019	0	0	
430054																																							3171	1804	21095	0	0	5633	0	3555	251003	215421	1406	222813	0	3066	5986	0	28190	10	251003	0	0	19716	0	0	9119	0	57421	158000			0	193327	190261	-655	25484	0	0	0	28190	0	0	
430344																																							19745	1572	60242	0	0	1059	0	9406	298738	195184	2412	254596	0	1899	57000	0	44142	550	298738	0	0	46136	0	0	1825	0	9640	185544			0	208613	206714	-4369	0	0	0	0	44142	0	0	
431323																																							6586	2972	45118	0	2400	7094	0	6645	279867	255327	1523	256850	0	1382	0	0	23017	150	279867	0	0	17516	0	0	7157	0	68340	186987			0	209617	208235	-1806	817	0	0	0	23017	0	0	
431350																																							175	5054	44394	0	185	1061	190	2694	115992	107444	763	109207	0	440	1000	0	6785	240	115992	0	0	6896	0	0	2844	0	14500	92944			0	49679	49239	-3195	13000	0	0	0	6785	0	0	
432058																																							45034	3484	53214	0	1900	17665	822	5719	301601	246990	2196	264186	0	2027	15000	0	37415	225	301601	0	0	11140	0	0	26034	0	55558	191432			0	174886	172859	16	904	0	0	0	37415	0	0	
432432																																							33639	3394	215092	0	0	1486	0	9490	345388	327931	8656	336587	0	1088	0	0	8801	1250	345388	0	0	40513	0	0	1250	731	67517	260414			0	81454	80366	-34212	0	0	0	0	8801	1190	0	
433505																																							27572	11558	489963	0	1152	18619	0	64823	1497823	1161942	15145	1281449	0	12000	81362	0	216374	0	1497823	0	0	232011	407	0	4979	420	205286	956656			0	853714	841714	-20616	0	0	0	23000	216374	41595	0	
433608																																							82100	50934	1382068	0	66397	98526	229	238049	8678169	7133907	92293	7886215	0	57671	564446	0	791954	5400	8678169	0	0	448617	14524	0	356840	48852	2093112	5040795			0	6440833	6383162	-18903	0	0	50000	45569	791954	800	312528	
433859																																							4950	463	0	0	0	27	0	6516	149938	123633	837	130843	0	1824	6373	0	19095	50	149938	0	0	18695	0	0	350	0	17973	105660			0	100877	99053	0	3460	0	0	0	19095	1320	34149	
433943																																							10140	4814	192351	0	0	2643	869	34447	588904	519920	5302	545953	0	4752	17552	0	42951	800	588904	0	0	63040	0	0	12200	0	71500	448420			0	348318	343566	-33089	74	0	0	3179	42951	0	0	
434203																																							54352	2758	131583	0	0	10396	0	26540	666840	596810	9378	606188	0	5675	0	0	60652	750	666840	0	0	62100	0	0	3148	0	49733	547077			-771	436017	430342	-4575	0	0	0	0	60652	0	10869	
434539																																							4212	8124	135067	16	0	9319	0	10823	310552	276603	2064	278667	0	2028	0	0	31885	21	310552	0	0	37813	0	0	380	0	81183	195420			0	142432	140404	-6329	2587	0	0	0	31885	0	0	
435059																																							16745	7937	64298	0	89	7942	18	8200	440824	354794	3053	407691	0	3760	28961	0	33133	200	440824	0	0	27809	0	0	13300	300	92676	262118			0	339055	335295	-8176	0	0	0	20883	33133	0	0	
435077																																							302318	28905	1310047	5178	316056	64378	0	489024	7563929	6351773	321225	6672998	-823	58840	0	0	891754	20	7563929	0	0	370966	0	0	655764	87969	6079570	272203			0	4982855	4924015	-134996	0	0	0	0	890931	7377	28662	
435255																																							3084	5515	21671	0	0	12844	0	9448	328268	245497	1230	300227	0	2951	53500	0	28041	1300	328268	0	0	16722	0	0	14136	0	50069	195428			0	218948	215997	-4117	0	0	0	0	28041	18	59691	
435666																																							28781	2489	886	0	0	8767	107	3574	164016	141982	1782	143764	0	1616	0	0	20252	8476	164016	0	0	7646	0	0	4220	0	29799	112183			0	121028	119412	-90	0	0	0	0	20252	0	0	
435750																																							17504	20737	647706	0	12882	95872	0	43503	1822291	1630844	38166	1669010	0	13583	0	0	153281	2000	1822291	0	0	110578	0	0	76188	4439	568846	1061998			0	993231	979648	-35485	0	0	0	0	153281	0	0	
436159																																							746291	196213	1459579	0	530403	231619	6009	482970	16265349	13932191	228675	14289960	93	185983	29229	0	1975296	75	16265349	0	0	494899	0	0	1512874	201076	2656625	11275566			0	12383626	12197643	-32552	167543	45848	90000	9865	1975389	155	0	
436542																																							22399	6126	35384	0	214	5866	0	9095	433004	369909	2988	390397	0	4969	17500	0	42607	550	433004	0	0	35890	0	0	6450	0	66338	303571			0	358889	353920	-283	0	0	0	0	42607	0	0	
436739																																							8677	4612	19423	0	0	2285	622	4028	251901	202343	3750	222607	0	3438	9302	0	29294	400	251901	0	0	18184	0	0	11598	0	30202	172141			0	215692	212254	-888	0	0	0	7212	29294	0	0	
436953																																							93572	3889	37212	0	3339	17802	3510	34578	1304809	1156640	9156	1191315	0	12968	20000	0	113494	400	1304809	0	0	99454	0	0	14394	90	100494	1056146			0	1123785	1110817	-754	0	0	0	5519	113494	0	0	
437044																																							11	2156	34923	0	0	95	0	1125	83202	71773	327	72100	0	170	0	0	11102	150	83202	0	0	11872	0	0	1350	0	10483	61290			-240	33588	33418	-2030	11474	0	0	0	11102	0	0	
437914																																							1158025	531637	3542246	12828	890074	199025	200	771980	21217946	17933957	601691	18550392	-10470	179647	14744	0	2678024	0	21217946	0	0	721144	0	0	2402427	61573	5617558	12316399			0	13261674	13082027	-445547	0	0	0	0	2667554	0	968331	
439132																																							51932	4714	113400	0	695	4124	0	14598	416586	370086	5239	375325	0	4589	0	0	41261	300	416586	0	0	37552	0	0	8700	0	76042	294044			0	220345	215756	-5291	11367	0	0	0	41261	0	0	
439338																																							421042	34115	622505	0	33355	31675	2526	87815	4088428	3437069	28798	3685636	0	34049	99500	0	402792	413	4088428	0	0	220849	0	0	196640	905	668716	2768353			0	2604446	2570397	-15110	0	0	0	120269	402792	0	284093	
439356																																							7094	14560	294626	0	64	30587	0	48224	1416593	1142600	8589	1270626	0	13392	119090	0	145967	155	1416593	0	0	112813	0	0	30074	637	76332	1066268			0	1034193	1020801	2925	0	0	0	347	145967	0	0	
439404																																							6	31897	264480	0	4873	28544	0	71987	3130767	2665821	22891	2876533	0	25365	137500	0	254234	725	3130767	4308	0	250823	0	0	33825	0	280967	2384854			0	2394109	2368744	-31139	0	0	0	50321	254234	0	355928	
439730																																							7119	3633	45354	0	503	5662	0	4207	185585	158459	806	167515	0	1017	7000	0	18070	416	185585	0	0	13717	0	0	4622	0	32829	125630			0	119392	118375	-685	732	0	1250	0	18070	0	0	
440857																																							2354	482	0	0	0	316	605	1039	61756	46532	432	56214	0	735	9250	0	5542	100	61756	0	0	4012	0	0	1430	0	7980	38552			0	57629	56894	0	0	0	0	0	5542	66	0	
440978																																							1016	446	6065	0	0	493	0	2403	37451	31930	207	32137	0	236	0	0	5314	10	37451	0	0	5610	0	0	90	0	42	31888			0	25308	25072	-396	1956	0	0	0	5314	0	0	
441050																																							147206	4142	0	0	0	968	973	2204	591271	498227	1540	499767	0	1789	0	0	91504	100	591271	0	0	91279	0	0	125	0	179797	318430			0	139761	137972	0	0	0	0	0	91504	0	297806	
441078																																							11081	1500	124954	0	1241	5805	117	12868	288935	225098	2394	259464	0	732	23213	0	29471	0	288935	0	0	22384	0	0	12305	0	25230	199868			0	132004	131272	-5218	0	0	0	8759	29471	97	0	
441135																																							4513	218	13228	0	163	1346	0	1286	37401	32631	158	33601	0	302	812	0	3800	675	37401	0	0	-879	0	0	5931	0	7659	24972			0	16949	16647	-1927	0	0	0	0	3800	0	0	
441256																																							16474	38610	297392	0	23950	42664	0	104395	3244131	2848867	15538	2936215	0	30683	71810	0	307916	1100	3244131	0	0	285994	0	0	41258	3518	359589	2489278			0	2747230	2716547	-20436	0	0	0	0	307916	581	0	
441359																																							9767	7986	189244	0	1355	17707	41	17863	607148	525938	2740	528678	0	5478	0	0	78470	150	607148	0	0	85182	0	0	5753	0	90755	435183			0	364836	359358	-12615	3827	0	0	0	78470	0	0	
441470																																							5835	430	0	0	0	385	0	160	26991	24203	60	24263	0	113	0	0	2728	0	26991	0	0	2728	1	0	0	0	0	24203			0	20291	20178	0	0	0	0	0	2728	0	2	
441630																																							1850	3310	53070	0	0	1019	12	1122	160856	149154	533	149687	0	1267	0	0	11169	250	160856	0	0	12227	0	0	3750	0	43690	105464			0	91504	90237	-5058	10236	0	0	0	11169	0	0	
442011																																							15444	2834	24959	0	4	12100	0	23604	347125	297847	409	315589	0	2733	17333	0	31536	0	347125	0	0	13569	0	0	18637	0	45663	252184			0	269656	266923	-670	0	0	0	0	31536	0	1257	
442057																																							5351	1155	888	0	13	2613	0	2122	85117	73516	509	78025	0	760	4000	0	7092	220	85117	0	0	1275	0	0	5598	0	11873	61643			0	72348	71588	-1	1387	0	0	0	7092	0	0	
442244																																							11774	7967	130859	0	9276	5271	19	16793	448989	358768	3385	398164	0	4285	23026	0	50825	1177	448989	0	0	32703	0	0	21740	0	83275	275493			0	271315	267030	-4795	0	0	2668	10317	50825	0	0	
442655																																							31605	7867	26928	0	0	422	0	667	89932	82149	72	82221	0	409	0	0	7711	200	89932	0	0	7297	0	0	800	0	41988	40161			-595	22852	22443	9	0	0	0	0	7711	0	0	
443148																																							737	5323	38142	0	2578	15228	0	17642	428110	341001	3292	378984	0	3590	24000	0	49126	250	428110	0	0	42725	0	0	11000	1163	34649	306352			0	350788	347198	-4849	0	0	10691	0	49126	99	0	
443205																																							152317	38908	564491	430	18695	36395	0	185206	3296954	2482236	60484	2984329	0	23490	129428	0	312625	1	3296954	0	0	390870	0	0	1000	0	666416	1815820			0	2318486	2294996	-79246	0	0	0	312181	312625	0	5516	
443353																																							53998	9283	65502	0	2096	9772	0	14476	611752	537966	3575	559397	0	14783	17856	0	52355	180	611752	0	0	29835	0	0	22049	0	95316	442650			0	471248	456465	291	0	0	0	0	52355	160	0	
443625																																							6479	4046	34897	0	74	286	0	6122	92286	71370	1641	73308	0	1181	297	0	18978	100	92286	0	0	19348	0	0	400	0	14342	57028			0	41563	40382	-870	0	0	0	0	18978	0	0	
443634																																							3714	3538	65195	0	40	2886	0	6846	202836	177517	893	179410	0	1211	1000	0	23426	568	202836	0	0	22124	0	0	4892	298	45825	131692			0	120734	119523	-4158	611	0	0	0	23426	185	0	
444350																																							61982	9813	69493	0	0	10680	0	24009	1295534	1146613	5182	1151795	0	2894	0	0	143739	1000	1295534	0	0	95400	0	0	47500	0	500202	646411			0	588732	585838	-161	0	0	0	0	143739	0	533719	
444556																																							23759	15461	296168	0	3834	9933	0	26803	833844	740841	4341	765215	0	8798	16115	0	68629	3315	833844	0	0	51724	0	0	27392	0	160860	579981			0	466668	457870	-13802	0	0	0	3918	68629	16	0	
444677																																							13352	264	0	0	0	158	0	1107	42375	36553	667	37220	0	62	0	0	5155	0	42375	0	0	5155	0	0	0	0	0	36553			0	27556	27494	0	0	0	0	0	5155	0	0	
445674																																							6808	332	8687	0	0	4865	0	5637	119958	92898	586	101484	0	1139	8000	0	18474	0	119958	0	0	18656	0	0	0	0	8410	84488			0	90925	89786	-182	0	0	0	0	18474	2327	1516	
445955																																							51874	12451	97104	39	5747	15557	339	16825	614871	556469	5239	561708	0	5025	0	0	53163	2639	614871	0	0	48103	0	0	12510	0	119918	436551			0	418725	413700	-10089	0	0	0	0	53163	0	1235	
446130																																							7470	2014	136950	0	0	2131	0	12546	304556	275572	2175	283747	0	1505	6000	0	20809	400	304556	0	0	32161	0	0	973	0	41890	233682			0	122112	120607	-12725	22838	0	0	0	20809	0	0	
446149																																							1913	2987	5052	0	0	4943	454	3773	133871	118561	245	119021	0	1637	215	0	14850	460	133871	0	0	4728	0	0	9865	0	13428	105133			0	105606	103969	-203	10780	0	0	0	14850	0	0	
446176																																							1261	521	42066	0	29	1607	0	3221	131018	97466	171	112137	0	669	14500	0	18881	1	131018	0	0	22244	0	0	0	0	3455	94011			0	78458	77789	-3364	4524	0	0	0	18881	0	0	
447070																																							47566	2159	106653	0	138	7420	729	27617	489987	357250	3453	367159	0	2682	6456	0	122828	0	489987	0	0	133714	0	0	0	0	52865	304385			0	272018	269336	-10886	0	0	0	0	122828	0	28369	
447100																																							83752	14371	138335	0	179	35685	0	96942	1819829	1417313	31552	1660183	0	6138	211318	0	159646	2	1819829	0	0	141284	0	0	27504	0	181060	1236253			0	1453266	1447128	-9144	3399	0	0	0	159646	0	38	
447557																																							106729	2634	405	0	1871	4995	652	6457	658270	517601	1896	577871	0	7427	58374	0	80399	110	658270	0	0	77793	0	0	2490	140	99720	417881			0	539367	531940	6	2447	0	0	0	80399	0	0	
448040																																							235544	29197	115768	90	7423	11462	5468	30186	1088968	965146	10161	975421	1722	8035	0	0	111825	2000	1088968	0	0	28240	0	0	82896	0	292895	672251			0	661280	653245	-1311	0	0	114	0	113547	0	585	
448554																																							66312	15937	109479	0	4570	12551	0	18962	741121	657972	4979	662951	0	5212	0	0	78170	1805	741121	0	0	69372	0	0	9395	0	203538	454434			0	467081	461869	-2402	51375	0	0	0	78170	66	0	
449038	0	25461	221	0	0	0	0	323	26005	1281	1281	0	0	0	0	24724	600	26005	0	0	13970	0	0	10150	0		0	0	0	4	0	0	24724	0	0													0																	0	0							0		0					
449430																																							1953	5783	23519	0	5126	6186	0	10784	272805	223418	13448	236866	0	5680	0	0	35939	50	272805	0	0	1944	0	0	36300	2122	59807	163611			0	213562	207882	-2355	9450	0	0	0	35939	0	0	
449832																																							18928	5848	83485	0	0	9817	91	13378	350225	319593	1287	327880	0	2801	7000	0	22345	133	350225	0	0	31725	0	0	1532	0	83018	236575			0	221479	218678	-11045	0	0	0	0	22345	0	0	
449935																																							0	4	18494	0	0	0	0	15741	37758	784	5552	6336	0	0	0	0	31422	0	37758	0	0	31545	0	0	75	0	0	784			0	0	0	-198	0	0	0	0	31422	3519	0	
450632																																							158732	7784	21281	0	401	13579	0	11996	703236	604832	2258	607860	0	6667	0	0	95376	500	703236	0	0	50980	0	0	45081	1251	148558	456274			0	494867	488200	-1185	0	0	0	770	95376	0	12	
450669																																							5685	624	98447	0	0	2400	0	3996	126787	118689	69	118758	0	124	0	0	8029	87	126787	0	0	13501	225	0	202	0	38275	80414			0	15534	15410	-5761	0	0	0	0	8029	0	0	
450856																																							21991	54871	1768700	0	19902	131370	0	347853	9093084	7734474	93004	8137478	0	108721	310000	0	955606	14870	9093084	0	0	834541	0	300	103859	14683	1113648	6620826			0	6840262	6731541	2036	0	0	0	0	955606	2173	0	
450959																																							19601	13396	212196	0	7741	12575	465	28811	1028747	837761	5737	932176	0	10478	88678	0	96571	1200	1028747	0	0	51237	0	0	51165	0	189148	648613			0	735250	724772	-7031	8669	0	0	0	96571	308	213	
451068																																							128097	6440	478403	0	6213	16339	0	4995	881951	807530	2227	809757	0	5240	0	0	72194	1015	881951	10357	0	74674	0	0	11111	2010	305817	501713			0	234313	229073	-14606	2	0	0	0	72194	22	0	
451246																																							2701	1368	36772	0	918	3046	0	8850	251098	222549	1275	231514	0	2209	7690	0	19584	1000	251098	0	0	22020	0	0	1000	84	33662	188887			0	199568	197359	-4436	0	0	0	0	19584	0	0	
451273																																							2258	7238	1499	0	0	544	0	14209	652429	490058	1366	553424	0	1119	62000	0	99005	0	652429	0	0	98982	0	0	0	0	22137	467921			0	572675	571556	23	7610	0	0	0	99005	0	47515	
451965	133813000	38677000	206888000	21340000	29199000	12792000	350000	49699000	1822693000	34791000	1648902000	40000	13806000	43112000	3169000	173751000	519000	1822693000	107330000	20869000	63124000	0	0	114851000	4388000		0	948689000	934883000	-4743000	75221000	63556000	173791000	29000	208023000	6500000	205000	6295000			206751000							1476890000					41900000					105602000	19530000						404901000	1071989000							61000	70461000	15000	63131000		29000		
452159																																							12920	4266	91492	0	0	11662	1073	3770	323126	269369	1321	274515	0	2318	3825	0	48611	1124	323126	0	0	44790	0	0	2894	0	73338	196031			0	198968	196650	-197	1293	0	0	0	48611	0	0	
452739																																							13634	2779	42117	0	0	3781	5	6558	265286	228352	1658	230010	0	2706	0	0	35276	600	265286	0	0	9227	0	0	26827	0	38295	190057			0	174334	171628	-1378	14174	0	0	0	35276	0	10610	
452841																																							16695	1068	61976	0	0	2479	0	4753	214142	183218	1862	188080	0	1556	3000	0	26062	864	214142	0	0	25049	0	0	3386	0	37683	145535			0	128727	127171	-3237	0	0	0	0	26062	0	0	
453147																																							70431	2940	15973	0	5115	2965	0	489	133257	116093	202	116295	0	430	0	0	16962	180	133257	0	0	1	0	0	16771	0	31262	84831			0	28062	27632	10	7646	0	0	0	16962	66	0	
453446																																							5363	5663	171625	0	0	8314	380	16935	498100	427447	4485	431932	0	2636	0	0	66168	0	498100	0	0	72421	0	0	6985	24764	93349	334098			0	187966	185330	-13238	24061	0	0	0	66168	0	55665	
454546																																							12866	4228	128120	0	2415	7132	0	6965	481999	421081	1737	436319	0	2741	0	0	45680	238	481999	0	0	41354	0	0	10535	643	90953	330128			0	270292	267551	-6447	955	0	0	13501	45680	0	51124	
454658																																							6445	7149	94856	0	0	4228	0	16023	348568	320959	5709	326668	0	3324	0	0	21900	98	348568	0	0	30148	0	0	1272	0	116786	204173			0	208556	205232	-9618	14635	0	0	0	21900	0	0	
454676																																							493646	12724	138338	38	94	24389	0	34098	1403478	1215423	11036	1236459	0	8353	10000	0	167019	0	1403478	0	0	10747	0	0	156261	0	203385	1012038			0	708504	700151	11	0	0	0	0	167019	0	0	
454975																																							9450	806	0	0	0	1790	225	7624	199928	147331	326	170657	0	1211	23000	0	29271	0	199928	0	0	29271	0	0	0	0	8655	138676			0	181244	180033	0	0	0	0	0	29271	0	0	
455150																																							250	5869	46429	0	28	1980	3	11196	295234	240850	833	258933	0	1638	17250	0	36301	300	295234	0	0	40208	0	0	700	0	55846	185004			0	220858	219220	-4907	10259	0	0	0	36301	0	0	
455253																																							38401	2632	19076	0	749	3027	0	3868	376735	309858	1416	311274	0	3760	0	0	65461	385	376735	0	0	34609	0	0	30965	0	72323	237535			0	312742	308982	-498	0	0	0	0	65461	0	0	
455459																																							30200	5169	128083	0	7489	16375	194	7139	467683	416270	3428	419698	0	3007	0	0	47985	100	467683	0	0	12200	0	0	33282	0	179890	236380			0	268989	265982	2403	0	0	0	0	47985	0	7052	
455552																																							27413	8851	613088	0	14131	3036	0	75571	987619	827401	27742	903621	0	966	45000	0	83998	230	987619	0	0	70622	0	0	47770	0	55111	772290			0	246297	245331	-34624	0	0	0	3478	83998	198	0	
455945																																							745	1273	1643	0	0	991	0	2690	195233	165187	997	169968	0	1306	3784	0	25265	16	195233	0	0	23352	0	0	1950	0	24880	140307			0	177852	176546	-53	5875	0	0	0	25265	0	5470	
455972																																							269138	36156	99932	0	3282	57914	806	21594	2464280	2132934	17335	2150269	0	29606	0	0	314011	1280	2464280	0	0	277024	9895	0	36720	6857	693695	1439239			0	1969056	1939450	-1013	0	0	0	0	314011	4533	14723	
456045																																							424479	237143	2871930	0	1430546	369225	39830	784210	22716797	17895325	168409	18719787	0	297583	500250	0	3997010	60	22716797	0	0	1107443	0	0	3055394	197600	4283772	13611553			0	15397155	15099572	-165887	3000	0	0	155803	3997010	0	1259262	
456054																																							5271	860	68568	0	0	242	0	8286	190027	142225	1177	152553	0	1346	0	0	37474	1000	190027	0	0	30120	350	0	8000	0	28759	113466			0	107796	106450	-1646	0	0	0	9151	37474	0	0	
456344																																							2103	1421	0	0	0	84	0	368	23377	15627	324	15951	0	1014	0	0	7426	200	23377	0	0	4093	0	0	3133	0	6725	8902			0	18903	17889	0	525	0	0	0	7426	19	968	
456755																																							9322	2976	71512	0	0	10419	0	12130	418381	375388	1698	383086	0	4044	6000	0	35295	1000	418381	0	0	35380	0	0	7750	412	76307	299081			0	315654	311610	-8835	0	0	0	0	35295	0	0	
457060																																							49417	3088	9047	0	0	2383	11	3151	249668	204614	540	211154	0	3901	6000	0	38514	1088	249668	0	0	32086	0	0	5312	0	50939	153675			0	186472	182571	28	0	0	0	0	38514	0	0	
457426																																							18778	7248	35933	0	0	7103	0	10781	491150	459698	1755	461453	0	1947	0	0	29697	19120	491150	0	0	25919	0	0	0	0	98207	361491			0	278667	276720	-15342	0	0	0	0	29697	477	134110	
457752																																							4203	7700	96685	0	1855	5514	326	6081	543010	435105	4781	504697	0	5942	58500	0	38313	250	543010	0	0	28600	0	0	18900	698	69454	365651			0	422372	416430	-9437	3518	0	0	6311	38313	0	0	
458142																																							9809	2412	20055	0	0	1468	313	9600	310605	276028	792	276820	0	4154	0	0	33785	100	310605	0	0	35062	0	0	1000	0	21677	254351			0	261833	257679	-2377	0	0	0	0	33785	0	9269	
458544																																							22901	7619	40447	0	0	28908	190	26687	921140	815787	6634	844333	0	10484	21912	0	76807	150	921140	0	0	43759	0	0	35526	454	89896	725891			0	774896	764412	-2628	28050	0	0	0	76807	0	1472	
458665																																							28534	20937	264944	0	0	5007	0	6660	436370	373703	733	374436	0	2418	0	0	61934	1858	436370	0	0	46015	0	0	16886	0	187814	185889			0	107698	105280	-2825	5008	0	0	0	61934	0	0	
458946																																							6744	5502	16307	0	0	7449	0	3890	144651	125822	460	129782	0	1046	3500	0	14869	150	144651	0	0	11654	0	0	3825	0	26326	99496			0	99852	98806	-760	0	0	0	0	14869	13	5940	
459130																																							8725	7265	151646	0	0	10720	417	25924	498181	426471	4943	431414	0	3561	0	0	66767	1000	498181	0	0	55809	0	0	24000	0	201179	225292			0	294582	291021	-14042	50	0	0	0	66767	0	2413	
459372																																							126614	2079	0	0	0	4449	0	36621	448273	325980	18509	366199	0	1318	0	0	82074	0	448273	0	0	82074	0	0	0	0	61608	264372			0	167065	165747	0	0	0	0	21710	82074	0	112763	
459644																																							16270	1724	38762	0	333	926	0	4278	120594	110871	1004	111875	0	867	0	0	8719	367	120594	0	0	7223	0	0	3585	0	22080	88791			0	53140	52273	-2456	0	0	0	0	8719	0	6028	
459671																																							310510	12119	142746	0	3732	54042	0	70461	3425142	2971364	28549	3110149	0	22833	109267	0	314993	200	3425142	0	0	263655	0	0	56400	0	527886	2443478			0	2851210	2828377	-5262	0	0	0	969	314993	888	2267	
460033																																							344031	72183	1013292	0	17467	145874	6182	110049	5015100	4565516	29431	4601118	0	36760	4449	0	413982	375	5015100	0	0	282410	0	0	143884	12902	279830	4285686			0	3329877	3293117	-12687	0	0	0	1722	413982	3	0	
460275																																							3187	568	4105	0	0	46	0	1061	43948	24690	289	36829	0	426	11850	0	7119	0	43948	0	0	7105	0	0	0	0	436	24254			0	35407	34981	14	0	0	0	0	7119	0	0	
460332																																							28721	5467	0	0	227	5014	0	2232	355036	281996	1178	301917	0	3059	0	0	53119	16204	355036	0	0	20711	0	0	16204	12	71899	210097			0	259586	256527	0	0	0	0	18743	53119	0	56836	
460350																																							2493	1004	23653	0	584	4236	0	3035	107021	87903	495	97786	0	804	9388	0	9235	100	107021	0	0	2562	0	0	6600	0	19548	68355			0	72820	72016	-27	0	0	0	0	9235	0	0	
460556																																							2450	1575	5383	0	0	570	429	1450	62268	54932	176	55108	0	945	0	0	7160	2	62268	0	0	419	0	0	6778	0	9052	45880			0	48293	47348	-39	2459	0	0	0	7160	0	604	
460770																																							13127	51	0	0	0	1390	0	1696	112990	89827	945	95772	0	979	5000	0	17218	500	112990	0	0	16368	0	0	350	0	0	89827			0	96706	95727	0	999	0	0	0	17218	0	0	
461058																																							15304	3810	58091	3	254	2680	0	6873	180931	161352	2129	163481	0	1036	0	0	17450	600	180931	0	0	13661	0	0	3600	0	77152	84200			0	94952	93916	-411	0	0	0	0	17450	0	0	
463605																																							3112	5228	57288	426	481	4788	0	12184	384277	339187	2755	341942	0	3829	0	0	42335	266	384277	0	0	35979	0	0	8382	1648	99292	239895			0	289927	286098	-2292	13024	0	0	0	42335	0	0	
463650																																							171092	12617	8645	0	0	19778	48	22973	1340848	1139261	11979	1161240	0	11179	10000	0	179608	3000	1340848	0	0	123031	0	38000	17000	861	186437	952824			0	893969	882790	-1423	0	0	0	0	179608	0	222044	
463735																																							68751	568609	5961917	10464	992474	354492	14536	1579974	35458426	29554747	435222	31116974	0	307731	432135	0	4341452	11866	35458426	58597	77578	1855428	31545	0	2850408	33158	10649815	18904932			0	23958529	23650798	-376250	229	0	70400	546892	4341452	0	2132882	
464853																																							25	628	0	0	0	992	0	1163	63307	55085	1728	57713	0	567	900	0	5594	100	63307	0	0	4194	0	0	1300	0	9311	45774			0	51570	51003	0	8264	0	0	0	5594	1232	0	
465038																																							28868	1719	0	0	0	2544	0	7055	410156	323430	2230	358147	0	5869	32487	0	52009	400	410156	0	0	35437	0	0	16172	1420	52028	271402			0	371700	365831	0	0	0	0	0	52009	0	2719	
465243																																							37149	3168	68915	0	0	2519	0	3699	393781	335126	2631	355174	0	2836	17417	0	38607	600	393781	0	0	34964	0	0	3300	250	62455	272671			0	280917	278081	-257	0	0	0	0	38607	0	0	
465524																																							11222	3603	27513	0	0	3716	0	1883	152175	132576	350	136926	0	1129	4000	0	15249	150	152175	0	0	12407	0	0	3850	0	29833	102743			0	105307	104178	-1158	60	0	0	0	15249	0	0	
465618																																							34760	7164	153792	1542	855	9666	0	43272	1126023	961036	16441	977477	0	14259	0	0	148546	375	1126023	0	0	151341	0	0	3285	3102	292044	668992			0	885173	870914	-6455	956	0	0	0	148546	0	0	
465672																																							11067	3666	17976	0	1048	2640	0	9044	221316	193242	1704	194946	0	1993	0	0	26370	1	221316	0	0	25400	64	0	2000	0	29756	163486			0	176981	174988	-1031	823	0	0	0	26370	0	0	
466044																																							3402	4783	69761	0	5600	1677	0	4112	284908	244414	1488	256781	0	2599	3000	0	28127	2544	284908	0	0	15308	0	0	13356	272	42832	201582			0	194335	191736	-3081	3500	0	0	7879	28127	65	0	
466240																																							40555	14450	249080	0	28456	18868	1091	52539	1166855	1029444	18013	1063872	0	9112	13746	0	102983	2	1166855	0	0	80548	0	0	68106	0	141384	888060			0	770928	761816	-45673	0	0	0	2669	102983	0	0	
466754																																							76647	6241	77102	0	4	24414	0	23122	1095717	947061	10381	995140	0	10212	37698	0	100577	51	1095717	0	0	81118	0	0	23056	0	171439	775622			0	898399	888187	-3648	0	0	0	0	100577	0	0	
466932																																							40030	6278	36407	0	0	3143	360	6250	190384	170105	237	170342	0	1511	0	0	20042	200	190384	0	0	19858	0	0	225	675	45627	124478			0	96714	95203	-241	2038	0	0	0	20042	0	0	
467144																																							921	1334	18129	0	0	1183	108	1726	79612	56490	480	68970	0	445	12000	0	10642	480	79612	0	0	9270	0	0	2020	0	14511	41979			0	56562	56117	-1128	94	0	0	0	10642	0	0	
467470																																							17260	1272	29931	469	33	4300	0	2628	193794	170172	906	174786	0	1497	3708	0	19008	0	193794	0	0	20089	0	0	0	0	15635	154537			0	139398	137901	-1081	0	0	0	0	19008	0	0	
467658																																							80263	7254	208672	0	4141	12600	0	39812	1089051	985322	9590	994912	0	8538	0	0	94139	1000	1089051	0	0	109494	0	0	19900	829	205879	779443			0	620913	612375	-36255	5200	0	0	0	94139	0	117905	
467733																																							28796	2412	27715	1700	0	2321	217	17892	216417	204709	904	205613	0	941	0	0	10804	41	216417	0	0	14103	0	0	6013	0	43995	160714			0	85061	84120	-9353	10000	0	0	0	10804	0	41244	
468673																																							6620	3148	12273	0	80	3044	0	11908	376010	307370	3547	332688	0	4157	21771	0	43322	1	376010	0	0	29909	0	0	13467	1364	37328	270042			-92	341730	337573	37	0	0	0	0	43322	0	0	
468806																																							441577	4645	4915	1983	639	23652	719	89135	4947308	3861110	30876	4411290	0	63813	519304	0	536018	8555	4947308	0	0	430138	0	0	97321	87423	168602	3692508			0	4350813	4287000	4	0	0	0	0	536018	5620	0	
469250																																							4739	598	0	0	0	95	0	224	16654	13711	48	14190	0	119	431	0	2464	120	16654	0	0	2204	0	0	140	0	2221	11490			0	8717	8598	0	670	0	0	0	2464	0	1730	
469559																																							3788	2023	148124	0	3143	4369	0	8331	419432	348866	1983	384173	0	4146	17500	0	35259	100	419432	0	0	21272	0	0	32627	0	32542	316324			0	253601	249455	-18740	0	0	0	15824	35259	199	0	
469737																																							919	18795	72381	0	0	5663	0	3204	462640	419723	3646	423369	0	5728	0	0	39271	217	462640	0	0	44071	0	0	3533	0	134448	285275			0	322461	316733	-8550	41174	0	0	0	39271	0	3771	
470032																																							12727	5758	44710	0	0	5147	0	5627	220292	198159	2255	202414	0	1920	2000	0	17878	49	220292	0	0	16012	0	0	5664	0	48597	149562			0	146430	144510	-3847	1813	0	0	0	17878	0	0	
470050																																							826947	249366	5462693	0	312929	148110	280	292378	15381581	13499192	56507	13640333	0	105536	21053	0	1741248	5000	15381581	0	0	1378927	0	0	626208	29992	3534352	9964840			0	8158277	8052741	-268887	1575	0	625	62956	1741248	4570	0	
470434																																							18655	508	2708	0	1150	3489	185	2389	109703	84747	2756	91811	0	731	4308	0	17892	50	109703	0	0	-944	0	0	18806	8610	11912	72835			0	72740	72009	-20	0	0	0	0	17892	0	0	
470452																																							19010	36978	533653	0	16359	59453	923	72252	2671503	2422129	18576	2465705	0	21099	25000	0	205798	200	2671503	0	0	231071	0	0	62300	0	626860	1795269			0	1943145	1922046	-87773	710	0	0	0	205798	10119	0	
471057																																							0	1639	22303	0	0	53	0	1720	47993	39020	302	39322	0	437	0	0	8671	500	47993	0	0	8349	0	0	1000	0	8485	30535			0	20660	20223	-1178	2055	0	0	0	8671	0	0	
472018																																							20555	1437	44747	0	0	814	160	3868	160842	122071	1010	143624	0	788	438	0	17218	100	160842	0	0	22869	0	0	200	0	28347	93724			0	89969	89181	-5951	70	0	0	20105	17218	10	0	
472045																																							750	776	21271	0	0	1	0	746	58678	44538	156	44694	0	413	0	0	13984	200	58678	0	0	13576	0	0	1300	0	8261	36277			0	32753	32340	-1092	2781	0	0	0	13984	13	0	
472148																																							12142	2229	14108	0	287	252	0	1644	41979	37411	414	37825	0	210	0	0	4154	300	41979	0	0	2663	0	0	2253	0	5273	32138			0	11232	11022	-1062	0	0	0	0	4154	0	295	
472250																																							15306	748	0	0	0	0	0	131	23488	19871	68	19939	0	208	0	0	3549	75	23488	0	0	2699	0	0	775	0	3700	16171			0	5250	5042	0	60	0	0	0	3549	0	2201	
472531																																							4088	1867	70062	0	0	918	0	967	118099	99608	519	100127	0	585	0	0	17972	14	118099	0	0	18007	0	0	367	0	26848	72760			0	40782	40197	-416	0	0	0	0	17972	0	0	
472616																																							53887	10133	74958	16	355	9551	0	35908	698520	613915	12433	632227	0	5500	5879	0	66293	1865	698520	0	0	52598	0	0	9583	0	178040	435875			0	515918	510418	2247	0	0	0	0	66293	81	3213	
472951																																							9509	5714	0	0	0	2902	0	1205	86581	75380	813	76193	0	355	0	0	10388	625	86581	0	0	9138	0	0	625	0	17858	57522			0	30571	30216	0	691	0	0	0	10388	0	36344	
472979																																							10372	1622	120320	0	210	1371	0	17533	349767	281695	601	290196	0	2423	7900	0	59571	0	349767	0	0	66299	0	0	0	0	43011	238684			0	200438	198015	-6728	0	0	0	0	59571	324	0	
473042																																							87824	18298	255580	3962	7497	29644	520	31986	2090375	1789533	28171	1896011	0	16716	74000	0	194364	7558	2090375	0	0	160398	0	0	43997	3038	390864	1398669			0	1668578	1651862	-17589	0	0	0	4307	194364	0	164	
473257																																							688	2168	51126	0	0	556	0	2295	205642	186308	1008	187316	0	2123	0	0	18326	600	205642	0	0	7530	0	0	11900	650	50169	136139			0	145082	142959	-1704	5200	0	0	0	18326	0	0	
473266																																							107623	39989	329245	0	17227	34529	0	59858	2357533	2056915	13242	2116705	0	16663	46548	0	240828	750	2357533	0	0	183593	0	0	77174	8185	722514	1334401			0	1288968	1272305	-20689	0	0	0	0	240828	0	488572	
473930																																							32438	8779	141905	13	387	7334	386	6145	564315	488608	1410	490018	0	4769	0	0	74297	200	564315	0	0	63025	0	0	13800	0	184824	303784			0	364281	359512	-2728	7025	0	0	0	74297	0	391	
474058																																							7639	4188	86036	0	0	8881	0	11080	258951	243103	169	243272	0	2105	0	0	15679	400	258951	0	0	26650	0	0	400	0	69270	173833			0	143232	141127	-11771	0	0	0	0	15679	0	0	
474245																																							11449	1614	0	0	0	654	0	815	84122	73375	205	73739	0	832	0	0	10383	709	84122	0	0	7676	0	0	1998	0	19279	54096			0	57093	56261	0	2340	0	0	159	10383	66	10923	
474254																																							571034	58062	1585294	0	19545	63618	18026	210645	5888744	5332023	82247	5414270	0	35084	0	0	474474	12250	5888744	0	0	534556	0	0	64541	90	1065417	4266606			0	3300809	3265725	-136873	0	0	0	0	474474	0	96705	
474357																																							15014	630	27186	0	130	266	0	5650	117054	95757	850	99436	0	706	2829	0	17618	250	117054	0	0	16736	0	0	775	0	25741	70016			0	68734	68028	-143	150	0	0	0	17618	0	0	
474450																																							274	6290	62320	0	3708	3634	0	6431	337276	272616	1257	305944	0	3042	25370	0	31332	504	337276	0	0	16377	0	0	14474	0	55540	217076			0	257661	254619	-23	0	0	6701	0	31332	0	0	
474544																																							14828	2184	0	0	0	1132	0	1733	75363	62206	402	67636	0	451	5028	0	7727	195	75363	0	0	5386	0	0	2146	0	22590	39616			0	47944	47493	0	3725	0	0	0	7727	0	4268	
474656																																							7283	526	11719	0	3	521	0	2750	125590	110961	920	111881	0	1051	0	0	13709	88	125590	0	0	4920	0	0	8775	0	9098	101863			0	100440	99389	-74	3399	0	0	0	13709	0	0	
474759																																							601620	50972	468970	0	185117	105434	11514	327185	8473383	7174386	176770	7362316	0	85016	0	0	1111067	8010	8473383	0	0	562387	0	0	568020	100539	1718403	5455983			0	6673180	6588164	-27350	0	0	0	11160	1111067	29	33839	
474919																																							757155	272197	3407859	0	641499	284282	1365	1120672	31982120	26848886	477818	28407741	44000	364462	890672	0	3530379	55697	31982120	97937	151299	1726677	144688	0	1953310	16316	5388197	21460689			0	24144677	23780215	-205305	0	0	0	39066	3574379	32050	1425885	
475345																																							19412	1583	93487	0	120	3008	1292	13525	320120	279688	1420	294760	0	3271	7000	0	25360	1310	320120	0	0	12977	0	0	14690	0	50740	228948			0	190964	187693	-3617	0	0	0	6652	25360	0	0	
475354																																							6279	3956	225348	0	0	25906	0	23118	773605	658845	7866	719711	0	6620	53000	0	53894	350	773605	0	0	38494	0	0	31650	332	196640	462205			0	495286	488666	-16600	0	0	0	0	53894	0	0	
475653																																							28904	2288	50048	0	2561	17167	0	11746	562231	453153	4140	504793	0	4695	47500	0	57438	921	562231	0	0	21487	0	0	36750	0	117266	335887			0	406014	401319	-1720	0	0	0	0	57438	0	48198	
475756																																							17489	3104	4091	0	1416	4840	285	3981	270380	236774	948	245722	0	2432	8000	0	24658	3500	270380	0	0	14407	0	0	7100	0	14271	222503			0	191245	188813	-349	0	0	0	0	24658	0	46361	
476445																																							11110	1843	20452	0	0	641	106	4744	81804	68317	334	68651	0	3059	0	0	13153	600	81804	0	0	8568	0	0	4868	0	23381	44936			0	45743	42684	-883	0	0	0	0	13153	0	224	
476472																																							13877	1239	17614	0	2636	1070	0	5123	297726	237468	1697	261665	0	3096	22500	0	36061	4	297726	0	0	2270	0	0	33699	18393	37499	199969			0	240385	237289	88	485	0	0	0	36061	0	0	
476539																																							38477	11809	225477	0	0	2335	0	8591	395907	353798	3733	363781	0	622	0	0	32126	525	395907	0	0	34841	0	0	7475	0	120570	233228			0	102865	102243	-10715	6975	0	0	6250	32126	0	0	
476810	314166000	21197000	218176000	3190000	13474000	12986000	15000	101663000	1836436000	55308000	1659008000	898000	17160000	70675000	10500000	176530000	751000	1836436000	171853000	43929000	48712000	2714000	2100000	148655000	7201000		0	710722000	693562000	-23688000	90458000	13296000	177428000	94000	185687000	633600000	62405000	571195000			61365000							831700000					64005000					38642000	8068000						123048000	708652000							0	25081000	0	3976000		2000		
477321																																							166	21369	262347	0	2725	18745	0	28974	1211874	1089119	11315	1125564	0	8777	4875	0	86310	2400	1211874	98	98	79397	8891	0	21518	293	241908	847211			0	872392	863615	-17005	0	0	2330	17827	86310	0	4651	
477349																																							2328	6146	36369	0	1896	3611	0	20921	489021	407499	3393	434892	0	2165	24000	0	54129	74	489021	0	0	52888	0	0	3869	189820	55739	351760			0	229161	226996	-2702	934	0	0	0	54129	0	0	
477648																																							22162	9197	40597	0	0	4044	840	7251	341323	287785	2763	290548	0	2277	0	0	50775	200	341323	0	0	46671	0	0	5050	26	69408	218377			0	255888	253611	-1146	3469	0	0	0	50775	88	38	
478140																																							15815	8202	43513	0	1731	3628	183	3820	210359	189402	636	190038	0	1576	0	0	20321	600	210359	0	0	11422	0	0	11056	0	47147	142255			0	131335	129759	-2757	2793	0	0	0	20321	104	811	
478195																																							8742	8905	68194	0	437	14927	0	11969	542866	456405	2564	492384	0	6234	33415	0	50482	224	542866	0	0	19711	0	0	32391	0	50734	405671			0	435860	429626	-1844	0	0	0	0	50482	66	0	
479071																																							3496	3622	5068	0	0	4876	0	7537	230975	194774	5714	200488	0	1427	0	0	30487	827	230975	0	0	21462	0	0	8232	0	92609	102165			0	161694	160267	-34	45106	0	0	0	30487	0	1003	
479268																																							101534	62992	1282387	0	36309	62668	0	172254	4778288	3737300	160413	3898257	0	79843	544	0	880031	1454	4778288	0	0	810311	0	0	89000	0	1062114	2675186			0	2469772	2389929	-20734	0	0	0	0	880031	640378	29837	
479370																																							3047	8880	57137	0	0	6253	0	13644	532976	437306	4233	485139	0	5298	43600	0	47837	3000	532976	0	0	37059	0	0	8860	1601	59633	377673			0	447712	442414	-1082	0	0	0	0	47837	0	0	
479446																																							14375	5299	87250	0	0	2864	0	14478	309367	244876	4803	278679	0	1890	29000	0	30688	200	309367	0	0	28721	0	0	6300	0	45695	199181			0	178651	176761	-4533	898	0	0	0	30688	39	7403	
479567																																							5283	1562	36930	0	0	1510	200	6124	97333	90499	741	91240	0	543	0	0	6093	446	97333	0	0	7910	0	0	658	0	41608	48891			0	46267	45724	-2921	0	0	0	0	6093	0	0	
479754																																							1613	2024	12096	0	0	3225	0	6641	245803	219144	1878	221845	0	2361	27	0	23958	200	245803	0	0	20192	0	0	3800	0	25316	193828			0	211099	208738	-234	0	0	796	0	23958	0	11466	
479839																																							35069	13928	169324	0	0	18964	0	27550	981988	875292	9728	897942	0	7374	0	0	84046	1	981988	0	0	66805	0	0	22925	0	197950	677342			0	712206	704832	-5685	0	0	0	12922	84046	1818	10503	
480059																																							52	2343	11249	0	0	3595	1090	937	161461	144729	450	145179	0	1249	0	0	16282	3827	161461	0	0	7874	0	0	6536	0	21423	123306			0	107394	106145	-1955	36050	0	0	0	16282	0	0	
480228	191950000	25178000	367004000	9021000	58310000	19381000	132000	91260000	2636823000	44334000	2390573000	0	13188000	89778000	1403000	246250000	3020000	2636823000	130212000	35328000	72559000	17360000	0	177631000	5077000		0	1174996000	1161808000	-6960000	37306000	117762000	246250000	205000	522619000	140279000	14935000	125344000			347709000							1961689000					84017000					94156000	27849000						563132000	1398557000							0	21963000	0	115215000		205000		
480246																																							992	5155	43658	0	0	277	0	654	82492	73836	335	76171	0	285	2000	0	6321	250	82492	0	0	6577	0	0	1000	0	15263	58573			0	30519	30234	-1506	200	0	0	0	6321	0	1322	
480330																																							3760	740	0	0	0	2330	852	624	49120	46794	1028	47822	0	18	0	0	1298	420	49120	0	0	386	0	0	435	0	14306	32488			0	4212	4194	57	0	0	0	0	1298	0	36620	
480433																																							68695	4018	92021	0	0	8508	1025	4994	416339	377830	2638	380468	0	2375	0	0	35871	1735	416339	0	0	36574	0	0	2000	0	113241	264589			0	239453	237078	-4438	0	0	0	0	35871	0	0	
480723																																							13679	1109	9936	0	3498	11911	0	15038	265411	232607	4912	242519	0	2111	5000	0	22892	954	265411	0	0	21102	0	0	2255	3889	74900	157707			0	180879	178768	-1419	9147	0	0	0	22892	0	18436	
480853																																							63463	3374	23333	0	0	6348	188	6489	214065	181125	3619	184744	0	2833	0	0	29321	250	214065	0	0	28320	0	0	1122	0	56010	125115			0	113703	110870	-371	0	0	0	0	29321	0	0	
481159																																							113369	7735	3458	0	0	1631	231	10604	291390	248034	723	248757	0	2648	0	0	42633	502	291390	0	0	36591	0	0	5544	0	127199	120835			0	156949	154301	-4	0	0	0	0	42633	61	0	
481177																																							3692	18751	345566	0	37556	19323	0	69641	1601852	1395105	16116	1421622	0	12458	8900	0	180230	2325	1601852	0	0	86148	0	0	97444	5141	364695	1030410			0	1110851	1098393	-5687	0	0	0	1501	180230	0	3789	
481579																																							9980	2355	28997	0	96	2304	35	5536	126179	99253	643	112229	0	743	12333	0	13950	201	126179	0	0	6783	0	0	7842	0	14170	85083			0	75305	74562	-876	0	0	0	0	13950	0	2314	
481627																																							35409	9590	70543	0	4027	8076	430	23021	704628	620730	4384	631675	0	5741	5715	0	72953	1500	704628	0	0	55437	0	0	18100	0	119643	501087			0	559273	553532	-2084	0	0	306	540	72953	0	0	
481748																																							6717	1095	33536	0	0	215	71	745	70764	65810	157	65967	0	336	0	0	4797	300	70764	0	0	7122	0	0	1100	0	14352	51458			0	25689	25353	-3725	3031	0	0	0	4797	0	1	
481944																																							79	6240	18288	0	0	6217	0	9368	209289	179665	533	180198	0	2301	0	0	29091	1500	209289	0	0	24597	0	0	3072	690	78433	101232			0	98787	96486	-78	4596	0	0	0	29091	0	67325	
482053																																							627	2890	73244	0	2306	8511	927	16672	640452	578504	1901	585405	0	7332	5000	0	55047	1332	640452	0	0	37776	0	0	28964	0	52947	525557			0	499129	491797	-13025	0	0	0	0	55047	160	43318	
482156																																							166	5602	448648	0	696	3256	936	49665	1020387	698504	5695	789099	0	5643	84900	0	231288	300	1020387	0	0	220661	0	0	18854	24967	158408	540096			0	491582	485939	-8527	0	0	0	0	231288	512	0	
482370																																							8214	564	16569	0	0	870	0	667	63507	58279	226	58505	0	132	0	0	5002	0	63507	0	0	5224	0	0	0	0	9316	48963			0	27694	27562	-222	0	0	0	0	5002	0	9061	
482446																																							10235	4973	77047	0	57	1249	0	8137	198341	176127	1594	177721	0	1404	0	0	20620	600	198341	0	0	22683	0	0	2650	0	38186	137941			0	93365	91961	-5313	4655	0	0	0	20620	27	0	
483274																																							71168	3290	48	26	803	12218	0	9262	794422	674419	2507	676926	0	1928	0	0	117496	0	794422	0	0	117496	0	0	0	0	68246	606173			0	360881	358953	0	0	0	0	0	117496	0	338654	
483537																																							8962	2957	33762	0	0	1630	0	1495	157720	143109	1249	144358	0	1410	0	0	13362	1079	157720	0	0	13036	0	0	1319	0	38164	104945			0	109154	107744	-2072	1170	0	0	0	13362	0	0	
483751																																							45615	9182	145367	0	1179	5510	0	15600	527825	442339	4273	459412	0	3316	12800	0	68413	275	527825	0	0	58676	0	0	10083	0	106177	336162			0	308688	305372	-621	0	0	0	0	68413	0	0	
484057																																							14851	3466	61793	0	0	433	0	5671	146656	128699	1227	129926	0	347	0	0	16730	720	146656	0	0	19129	0	0	1680	0	36526	92173			-450	60789	60442	-4349	0	0	0	0	16730	0	0	
484776																																							18488	4713	16754	0	11459	2538	1812	7384	307212	261490	2919	270608	0	3161	6199	0	36604	1520	307212	0	0	10151	0	0	25578	0	37035	224455			0	246796	243635	-645	330	0	0	0	36604	99	0	
485054																																							8355	1249	14238	76	583	146	0	2242	86410	73501	281	74041	0	750	259	0	12369	300	86410	0	0	2315	0	0	9700	0	19625	53876			0	60271	59521	54	0	0	0	0	12369	0	0	
485139																																							5517	2364	28126	0	0	2056	0	4066	151560	132552	991	138543	0	1452	5000	0	13017	1141	151560	0	0	7131	0	0	8053	0	39083	93469			0	98743	97291	-3308	0	0	0	0	13017	0	12140	
485214																																							30058	3781	19958	0	0	2940	0	2192	269294	238788	2201	240989	0	2454	0	0	28305	200	269294	0	0	22224	0	0	6515	0	58599	180189			0	186083	183629	-634	1959	0	0	0	28305	0	24777	
485456																																							11042	6935	21528	0	0	7071	0	11844	322348	271104	3374	282797	0	3188	0	0	39551	3500	322348	0	0	9873	0	0	26300	0	94085	177019			0	256286	253098	-122	10830	0	0	8319	39551	0	0	
485559																																							1124771	960612	8165120	0	1618403	864824	2930	3112820	83572753	68096612	1619807	74383940	392	738493	419182	495292	9188421	72457	83572753	2002970	740598	3207274	0	294816	6408844	406184	16440686	51655926			0	64163400	63424907	-794970	20521	613122	1039332	1973117	9188813	39091	1216478	
487142																																							3393	2445	65462	0	0	468	22	5438	129533	106317	346	106663	0	352	0	0	22870	200	129533	0	0	20580	0	0	2300	0	27884	78433			0	47296	46944	-210	5361	0	0	0	22870	0	0	
487357																																							9441	9603	182741	0	4951	13832	0	11426	721577	623207	3988	644928	0	6574	2086	0	76649	150	721577	0	0	71378	0	0	20764	0	157035	466172			0	493378	486804	-15643	2779	0	0	15647	76649	0	0	
488318	162161	249	0	0	46612	0	0	25899	241941	3102	142847	0	2	0	0	99094	5000	241941	0	0	24541	0	0	91921	0		0	7022	7020	-22368	0	0	99094	0	0													139745																	139709	36							0		0					
488420																																							435	495	79558	0	0	1242	0	2586	154554	132335	232	143567	0	830	11000	0	10987	300	154554	0	0	13440	0	0	300	0	26333	106002			0	71068	70238	-3053	0	0	0	0	10987	0	0	
488653																																							789	7707	49105	0	384	3337	1342	18407	321537	285543	5097	290640	0	3168	0	0	30897	2000	321537	0	0	21026	0	0	8732	0	123318	162225			0	221529	218361	-861	22104	0	0	0	30897	0	1	
488756																																							8708	4574	58403	0	3133	1569	0	6384	207384	127348	599	181947	0	1570	54000	0	25437	325	207384	0	0	11905	0	0	15675	0	28524	98824			0	104459	102889	-2468	1502	20222	0	0	25437	0	0	
489155																																							0	889	0	0	0	1603	0	477	80434	66582	561	67143	0	630	0	0	13291	168	80434	0	0	3963	0	0	9160	0	14622	51960			0	61074	60444	0	13200	0	0	0	13291	0	3821	
489249																																							663	1648	16407	0	1475	103	94	898	73590	63210	133	63343	0	397	0	0	10247	50	73590	0	0	6599	0	0	4167	0	14267	48943			0	49238	48841	-569	2961	0	0	0	10247	0	500	
489548																																							1605	16026	123620	4605	1225	9624	40	29447	641982	556463	4564	572928	0	6070	11800	0	69054	1500	641982	101	101	62382	0	0	15517	0	90009	466454			0	461744	455674	-10345	15	0	0	0	69054	0	0	
489623																																							95477	137239	688668	0	175687	76037	729	610042	9742967	8344022	110637	8561370	0	92973	0	25000	1181597	10000	9742967	0	0	705898	0	0	478438	4004	2756402	5587620			0	8047123	7954150	-12739	0	0	0	81711	1181597	934	0	
490348																																							13964	1785	4129	895	438	3101	24	3174	138815	124300	663	125113	0	2213	150	0	13702	480	138815	0	0	10701	0	0	2520	0	28877	95423			0	112393	110180	1	993	0	0	0	13702	132	0	
490450																																							231693	11490	158835	2531	0	46511	0	42880	1870071	1604345	5375	1686589	0	19865	76000	0	183482	12845	1870071	0	0	143259	0	0	28815	0	326974	1277371			0	1283654	1263789	-1437	0	0	0	869	183482	0	112342	
490843																																							8609	3181	38286	0	0	3479	0	9585	205179	177577	117	191682	0	852	11938	0	13497	400	205179	0	0	16979	0	0	1825	0	31587	145990			0	92973	92121	-5707	0	0	0	2050	13497	0	49918	
490955																																							2711	143	3474	0	1008	190	0	109	10869	7960	186	8146	0	33	0	0	2723	60	10869	0	0	-193	0	0	2845	0	3584	4376			0	3267	3234	11	0	0	0	0	2723	0	0	
491224	19543000	763000	31790000	135000	532000	2003000	120000	14611000	229332000	9710000	205961000	0	1566000	33515000	430000	23371000	10000	229332000	0	0	15314000	2788000	0	7964000	799000		0	147930000	146364000	83000	232000	224000	23371000	7000	9645000	1000	1000	0			31790000							162081000					33515000					0	0						41156000	120925000							0	232000	0	224000		7000		
491402																																							9611	5772	124145	0	980	13679	0	30345	917282	794502	8858	839506	0	6133	36146	0	77776	0	917282	0	0	86230	0	0	0	0	132446	662056			0	738651	732518	-8454	0	0	0	0	77776	232	0	
491653																																							5716	1223	56176	0	0	700	0	2507	111521	96371	452	101223	0	552	4400	0	10298	220	111521	0	0	8472	0	0	2828	0	22946	73425			0	45001	44449	-1222	0	0	0	0	10298	0	750	
491934																																							227537	24929	383044	0	75677	37045	1048	139796	3720806	3098170	30019	3323161	0	23014	194972	0	397645	900	3720806	0	0	94800	0	0	336438	78990	557452	2540718			0	2381224	2358210	-34493	1515	0	0	0	397645	6397	386618	
492650																																							637	8058	416035	0	3103	18839	718	60718	1573634	1199335	6893	1403267	0	14901	197039	0	170367	300	1573634	0	0	82271	0	0	95225	265	95673	1103662			0	1079810	1064909	-7429	352	0	0	0	170367	0	0	
492810																																							2084	2113	13112	0	0	1180	0	4526	101337	88225	1305	92274	0	841	2744	0	9063	125	101337	0	0	8099	0	0	1575	0	18720	69505			0	76065	75224	-736	3098	0	0	0	9063	0	0	
493077																																							7338	2206	23849	0	3918	1834	0	4527	112463	91188	563	101751	0	530	10000	0	10712	1	112463	0	0	-272	0	0	14620	0	8365	82823			0	69321	68791	-3637	0	0	0	0	10712	0	0	
493152																																							196	5944	59759	0	1984	3833	0	13096	341831	294992	3562	312591	0	3105	14037	0	29240	750	341831	0	0	6657	0	0	26050	0	30888	264104			0	260124	257019	-4217	0	0	0	0	29240	0	0	
493741																																							248	5597	104129	0	2573	2764	0	20652	461977	398317	5243	416962	0	5014	7000	0	45015	800	461977	0	0	41065	0	0	15342	0	80985	317332			0	317109	312095	-12192	13278	0	0	6402	45015	0	641	
493844																																							46068	10570	8761	0	0	19722	0	21617	801268	641608	2633	698681	0	6398	54440	0	102587	176	801268	0	0	35751	0	0	66490	0	110842	530766			0	698882	692484	170	2046	0	0	0	102587	0	0	
494261																																							2123451	179755	2454058	1350	338533	245903	17095	2071671	34710463	27999648	403050	30848253	0	245604	1823819	381736	3862210	2861	34710463	0	0	-3209513	0	0	7338123	182936	7979078	20020570			0	25032679	24787075	-269261	0	0	240000	0	3862210	0	2308636	
494654																																							109516	1035	23344	0	3950	12466	0	19807	700010	592485	4322	626807	0	7321	30000	0	73203	750	700010	0	0	29717	0	0	44540	0	79085	513400			0	527888	520567	-1804	0	0	0	0	73203	0	9325	
495419																																							21687	12282	272498	0	15605	11987	112	23270	689269	591438	7023	600067	0	4919	0	0	89202	5000	689269	0	0	47804	0	0	51949	0	172255	419183			0	336747	331828	-15551	0	0	0	1606	89202	0	0	
495558																																							826	2355	0	0	0	3070	0	3282	147440	124508	3299	127807	0	1516	0	0	19633	500	147440	0	0	17578	0	0	1800	0	27595	96913			0	83139	81623	-245	11100	0	0	0	19633	0	45184	
496434																																							331	445	19827	0	0	9	0	3284	54543	40281	963	41244	0	226	0	0	13299	225	54543	0	0	14382	0	0	225	0	12293	27988			0	22046	21820	-1533	8827	0	0	0	13299	0	0	
496845																																							11690	9681	181091	0	744	4426	0	8521	633157	535102	2587	566591	0	7052	19703	0	66566	360	633157	0	0	54732	0	0	13901	0	93559	441543			0	424056	417004	-2427	0	0	3144	6055	66566	0	0	
496957																																							5221	952	7671	0	0	402	0	1312	38800	32692	887	34579	0	233	1000	0	4221	50	38800	0	0	1756	0	0	2600	0	3077	29615			0	18549	18316	-185	0	0	0	0	4221	18	4908	
497039																																							92596	26394	43138	0	4256	49765	253	72203	2268810	1856788	8153	2027876	0	18096	135553	0	240934	760	2268810	14131	14131	124313	0	0	116536	0	439240	1417548			0	1861113	1843017	-675	25329	0	10000	3251	240934	0	97728	
497404	24241492	4655731	126084487	2844317	12785031	4096493	77171	7427830	346188188	5869625	296455131	4973	2726180	261939	26300	49728084	0	346188188	147191	0	16497565	124603	0	34002753	1484089		0	164925071	162198891	-772234	0	6759402	49733057	20862	0	0	0	0										283537865																	53797487	229740379							0		0					
497655																																							40663	11187	0	0	0	1896	9	2224	208728	182341	593	182934	0	1202	0	0	25794	1150	208728	0	0	19794	0	0	4850	0	45590	136751			0	11407	10205	0	0	0	0	0	25794	917	141627	
497851																																							5865	6603	107429	0	0	3537	0	12357	229835	197504	2936	208000	0	1213	0	0	21835	400	229835	0	0	19674	0	0	3400	1727	37719	159785			0	91330	90117	-1639	2200	0	0	7560	21835	0	0	
497954																																							125654	21052	195377	0	1218	80611	787	22166	1176779	1007960	8906	1066173	0	10579	49307	0	110606	200	1176779	0	0	70277	709	0	47734	1090	283168	724792			0	735369	724790	-7605	3325	0	0	0	110606	0	0	
498148																																							13094	17624	67942	0	276	15842	662	37291	880651	669826	8453	777279	0	8413	99000	0	103372	300	880651	0	0	62104	0	0	45555	392	121748	548078			0	735938	727525	-4587	3	0	0	0	103372	0	0	
498317																																							28382	17505	253906	0	7637	20429	0	62027	1567392	1334465	27302	1404834	0	11251	43067	0	162558	5617	1567392	0	0	95709	0	0	63100	0	318413	1016052			0	1183305	1172054	-1868	0	0	0	0	162558	0	5452	
498362																																							311667	4201	141712	0	6807	56166	3264	57248	2448815	2176494	24637	2201131	0	19100	0	0	247684	1680	2448815	0	0	155243	0	0	92106	18171	293412	1883082			0	1868679	1849579	-1345	0	0	0	0	247684	0	0	
498456																																							16714	828	5791	0	2173	1773	0	454	40610	31095	243	31738	0	131	0	0	8872	150	40610	0	0	-247	0	0	8950	0	14995	16100			0	13008	12877	19	0	0	400	0	8872	0	0	
498531																																							8308	4229	79137	0	0	5004	137	4941	478173	332623	6302	343925	0	8804	5000	0	134248	2	478173	0	0	121306	0	0	8682	0	13072	319551			0	385221	376417	4258	0	0	0	0	134248	0	0	
498625																																							14314	2231	47850	0	0	3732	0	6782	212950	190632	1612	192244	0	1912	0	0	20706	307	212950	0	0	20610	0	0	556	0	59759	130873			0	139514	137602	-767	439	0	0	0	20706	0	0	
498942																																							18693	1386	37033	0	0	101	0	993	105709	93330	369	94035	0	465	0	0	11674	300	105709	0	0	11555	0	0	1700	0	17033	76297			0	46965	46500	-1881	1003	0	0	336	11674	0	0	
499154																																							43446	1246	88260	0	0	11530	0	2466	234020	215489	512	218302	0	935	2301	0	15718	210	234020	0	0	14169	0	2790	1205	0	60974	154515			0	88007	87072	-2656	0	0	0	0	15718	0	0	
499453																																							31213	4098	137213	0	16051	17132	0	37955	1125175	953005	3555	1011677	0	8402	55117	0	113498	150	1125175	0	0	54452	0	0	62310	915	107211	845794			0	884713	876311	-3414	0	0	0	0	113498	303	3984	
499501																																							28474	21038	227391	10220	21226	51319	0	98701	2854230	2289271	33474	2589743	0	17741	256975	0	264487	0	2854230	13763	6681	294989	1500	0	0	0	451208	1838063			0	2380346	2362605	-30502	0	0	0	3342	264487	12993	5000	
499743																																							6578	12301	5856	0	403	4280	0	8510	327173	266897	3100	300497	0	3600	30500	0	26676	50	327173	0	0	15540	0	0	11077	2631	36941	229956			0	289918	286318	9	230	0	0	0	26676	66	0	
499752																																							29381	3004	0	0	0	4557	410	2046	181028	163863	75	163938	0	1235	0	0	17090	990	181028	0	0	7507	0	0	8593	0	103943	59920			0	119734	118499	0	0	0	0	0	17090	0	23131	
499855																																							27090	9288	27527	0	0	5782	0	20077	513193	427603	3130	463733	0	3781	33000	0	49460	500	513193	0	0	36030	0	0	14793	0	89646	337957			0	422750	418969	-1863	0	0	0	0	49460	98	4362	
500256																																							165029	4731	0	0	0	1291	0	2397	487060	411444	994	412438	0	1616	0	0	74622	466	487060	0	0	73075	0	0	1081	0	132825	278619			0	74658	73042	0	0	0	0	0	74622	0	240570	
500658																																							10479	2191	0	0	0	1762	0	2925	74340	60470	463	62433	0	759	1500	0	11907	1387	74340	0	0	6507	0	0	4013	0	21884	38586			0	57742	56983	0	0	0	0	0	11907	0	0	
501105	16999597	1700671	23201229	111422	8948655	1595043	22145	9051607	212887157	3984770	184553965	0	2115241	7787869	1239487	28333192	120635	212887157	55776	0	8864657	1893893	0	19065358	1067397		0	137715445	135600204	282542	0	48868	28333192	209801	12429717	24055	24055	0			23201229							171468916					7787869					55776	0						47734098	123734818							0	0	0	48868		209801		
501132																																							50114	4802	242697	63	7026	11496	5074	42044	1001455	885448	7404	907852	0	7147	15000	0	93603	7	1001455	0	0	93787	0	0	25087	5	287687	597761			0	578850	571703	-25278	41671	24760	0	0	93603	0	0	
501459																																							61731	15563	83428	0	16577	16231	15568	53361	1052433	917577	7885	928306	0	4565	2844	0	124127	749	1052433	0	0	79056	0	0	45816	3	189116	728461			0	792129	787564	-1494	1908	0	0	0	124127	176	323	
501655																																							2029	890	22348	0	811	1992	0	3431	119050	101609	1383	108992	0	890	6000	0	10058	150	119050	0	0	5790	0	0	6185	0	24295	77314			0	85624	84734	-2067	2815	0	0	0	10058	0	0	
501767																																							15999	4744	30197	0	436	2193	0	11521	155841	120204	3453	123657	0	1345	0	0	32184	1022	155841	0	0	30432	0	0	3000	0	43202	77002			0	92002	90657	-2270	0	0	0	0	32184	94	0	
502111																																							280870	1297	16829	0	30346	242	1287	29443	1730035	1512878	42444	1562671	0	45226	7349	0	167364	840	1730035	117	0	67174	0	0	99354	518141	53872	1459006			0	896689	851463	-4	0	0	0	0	167364	0	0	
502447																																							8936	2123	23412	0	0	1962	142	5719	115674	101117	515	104165	0	1129	2533	0	11509	300	115674	0	0	12576	0	0	1000	0	24724	76393			0	72882	71753	-2367	1627	0	0	0	11509	0	0	
502559																																							1420	10501	34168	0	0	8620	0	8151	250032	206137	2379	218516	0	2048	10000	0	31516	510	250032	0	0	25087	0	0	7212	0	97580	108557			0	164210	162162	-1293	25010	0	0	0	31516	0	0	
502652																																							36022	3340	22713	0	0	3636	0	15917	494904	417161	3078	443739	0	4375	23500	0	51165	150	494904	0	0	3877	0	0	48256	3324	50732	366429			0	412709	408334	-1118	1618	0	0	0	51165	0	0	
502746																																							135316	3479	32800	0	0	8001	0	10840	572351	522687	1502	524189	0	4868	0	0	48162	100	572351	0	0	47090	0	0	5050	0	94782	427905			0	386783	381915	-4078	0	0	0	0	48162	0	0	
502849																																							26030	38064	322172	0	10139	30362	0	92939	3288735	2979494	26185	3072011	0	23950	51400	14932	216724	800	3288735	0	0	231528	0	0	81833	0	485651	2493843			0	2568088	2544138	-97437	0	0	0	0	216724	915	223976	
503547																																							2319	1357	8055	0	0	157	0	1295	58007	47375	222	51097	0	887	3500	0	6910	500	58007	0	0	5833	0	0	1000	0	13196	34179			0	45711	44824	-423	0	0	0	0	6910	0	0	
503640																																							9774	3681	9200	0	0	909	52	5404	113019	94177	5195	99438	0	295	0	0	13581	100	113019	0	66	4530	0	0	9740	50494	10798	83379			0	29351	29056	-789	4449	0	0	0	13581	0	0	
504142																																							10554	3546	47324	0	0	1917	0	2021	136565	124769	741	125510	0	1175	0	0	11055	600	136565	0	0	10434	0	0	600	0	39279	85490			0	72378	71203	-579	0	0	0	0	11055	0	0	
504311																																							3574	10600	135162	0	0	13685	0	21897	721197	643271	8604	668465	0	5553	14164	0	52732	438	721197	0	0	52054	0	0	1001	2536	149448	493824			0	537496	531943	-761	1800	0	0	2426	52732	0	0	
504535																																							19966	9617	76073	22	1750	3944	170	9655	355807	304409	1241	310650	0	2682	5000	0	45157	55	355807	0	0	38677	0	0	9360	0	109766	194643			0	193396	190714	-2935	38699	0	0	0	45157	0	5197	
504647																																							18292	2380	7476	0	0	499	0	2119	104038	89633	183	89816	0	407	0	0	14222	50	104038	0	0	8196	0	0	5950	0	24664	64969			0	52092	51685	26	269	0	0	0	14222	0	21318	
504713	40914975	5367860	90164993	221622	17371281	3765938	24426	46410249	676125227	21022145	607538015	626584	7604656	43793240	4600000	67960628	18200	676125227	3697012	3327388	44785498	0	0	29946193	2538062		0	391334993	383730337	-6789263	5723000	1035381	68587212	23002	76169750	5963101	87265	5875836			90164993							527512112					43784893					3697012	3327388						85407079	442105033							2720	5723000	284648	1035381		18281		
505550																																							16713	4652	143566	0	10800	10447	0	11598	756449	580031	3401	673432	0	6042	90000	0	83017	126	756449	0	0	44514	0	0	42930	228	74040	505991			0	564090	558048	-4553	264	0	0	0	83017	133	0	
505916																																							5070	2307	27209	0	0	754	0	792	93682	82891	263	86154	0	452	3000	0	7528	375	93682	0	0	6439	0	0	1214	0	15588	67303			0	56253	55801	-500	1749	0	0	0	7528	0	0	
507068																																							156871	31184	1207788	0	343	23765	0	186393	3304145	2875470	35341	2957418	0	33865	46607	0	346727	4286	3304145	0	0	352645	0	0	46026	16786	863342	2012128			0	1714667	1680802	-56230	0	0	0	0	346727	213	0	
507152																																							65741	7161	127551	0	0	4920	281	5620	821884	743272	3777	747052	0	7130	3	0	74832	1000	821884	0	0	74088	0	0	2275	0	178190	565082			0	617576	610446	-2531	0	0	0	0	74832	164	0	
507349																																							329	1526	28775	0	0	185	0	1392	73122	61704	387	65241	0	356	3150	0	7881	240	73122	0	0	7958	0	0	380	0	17766	43938			0	41176	40820	-697	29	0	0	0	7881	66	0	
507509																																							94236	5266	201932	250	6793	28528	0	54151	1870620	1582348	36112	1710161	0	18206	91701	0	160459	0	1870620	0	0	169545	0	0	1355	548	300303	1282045			0	1483317	1465111	-10441	0	0	0	0	160459	6360	7445	
508270																																							12125	369	0	0	0	56	0	688	104319	94323	811	95134	0	364	0	0	9185	0	104319	0	0	9185	0	0	0	0	0	94323			0	85354	84990	0	5091	0	0	0	9185	0	1000	
508346																																							88680	16632	208623	0	0	33919	98	67422	1881737	1579639	14765	1696490	0	21111	102086	0	185247	3000	1881737	0	0	101797	0	0	96905	616	455974	1123665			0	1486792	1465681	-16455	0	0	0	0	185247	66	0	
508355																																							57889	9997	37760	0	1503	14329	974	12313	467314	418724	2345	422694	0	4366	1625	0	44620	1000	467314	0	0	34198	0	0	9000	0	67958	350766			0	335021	330655	422	1894	0	0	0	44620	0	0	
509811																																							262452	96127	1094809	0	67268	67004	3066	216621	6642331	5395699	53155	5768882	0	60169	10729	0	873449	3150	6642331	0	0	773772	0	0	159748	211	1269862	4125837			0	4894942	4834773	-63221	0	0	500	308799	873449	0	0	
509857																																							1831	880	20334	0	0	1386	0	2979	40888	37250	117	37367	0	122	0	0	3521	81	40888	0	0	2887	0	0	935	0	12457	24793			0	13257	13135	-382	0	0	0	0	3521	343	0	
509950																																							170497	160218	1648761	94	211308	434712	21612	665595	16273258	13128243	122055	14708827	5661	128471	1357912	3093	1558770	1868	16273258	0	0	957119	0	0	631999	255957	3067120	10061123			0	12360042	12231571	-32216	0	46959	0	97524	1564431	425974	0	
510330																																							14751	5450	98167	0	0	7952	11	21280	418551	356150	3907	365057	0	5182	5000	0	53494	2992	418551	0	0	54481	0	0	6008	0	89334	266816			0	276122	270940	-9987	0	0	0	0	53494	0	0	
510648																																							52835	6775	74642	0	807	2375	0	2305	218987	197768	1949	199717	0	1192	0	0	19270	500	218987	0	0	12764	0	0	8368	0	42107	155661			0	75553	74361	-2362	4581	0	0	0	19270	306	0	
510871	560172	97672	4554032	0	65357	190570	7522	473666	19111594	192837	17213572	0	249037	296744	0	1898022	179600	19111594	0	0	736239	0	100000	1236733	16697		0	13125356	12876319	-354550	0	0	1898022	5024	264563	257320	89930	167390			4554032							16466671					296744					0	0						5456592	11010079							0	0	0	0		5024		
510938																																							23780	2768	132295	0	7232	13293	2842	13740	640200	567549	5788	573991	0	7341	0	0	66209	1100	640200	0	0	49480	0	0	20139	166	133221	434328			0	451350	444009	-4510	0	0	0	654	66209	0	75	
510947																																							8995	1831	25074	0	57	1098	0	4580	134146	122000	1391	123391	0	1081	0	0	10755	600	134146	0	0	9075	0	0	2148	0	25912	96088			0	91948	90867	-1068	1644	0	0	0	10755	0	0	
511832																																							21056	40085	61961	130	0	11736	0	22466	578524	494633	3394	504938	0	4876	6911	0	73586	200	578524	0	0	74905	0	0	400	0	75924	418709			0	425966	421090	-1919	0	0	0	0	73586	0	0	
513256																																							615	7036	188580	0	1101	10090	0	17458	637270	539726	630	570356	0	6743	30000	0	66914	550	637270	0	0	68711	0	0	4700	0	139718	400008			0	372708	365965	-7047	41175	0	0	0	66914	0	5250	
513322																																							9433	958	7134	0	0	1811	0	3222	103360	93910	702	94612	0	439	0	0	8748	790	103360	0	0	7058	0	0	1293	0	26171	67739			0	75125	74686	-393	0	0	0	0	8748	0	6116	
513340																																							48867	8507	90621	0	3216	10211	0	24316	553680	478002	2252	496254	0	3386	16000	0	57426	2716	553680	0	0	33644	0	0	27284	0	117648	360354			0	371328	367942	-6218	0	0	0	0	57426	0	0	
513546																																							9482	2881	65202	0	0	5544	0	6421	278018	250491	837	251328	0	1829	0	0	26690	150	278018	0	0	31139	0	0	400	0	49627	200864			0	190084	188255	-4999	0	0	0	0	26690	233	0	
513854																																							2876	3079	24226	0	0	1741	0	1214	101510	86683	569	90252	0	920	3000	0	11258	173	101510	0	0	8121	0	0	2815	0	33285	53398			0	69294	68374	149	0	0	0	0	11258	0	0	
514048																																							25624	14452	0	0	0	25413	267	17788	614162	474827	8547	542289	0	8932	58915	0	71873	0	614162	0	0	59158	0	0	12715	131	59522	415305			0	503335	494403	0	0	0	0	0	71873	0	36084	
514057																																							12677	504	0	0	0	10	0	276	20891	17909	59	17968	0	143	0	0	2923	65	20891	0	0	2603	0	0	255	0	6006	11903			0	7567	7424	0	0	0	0	0	2923	0	0	
514066																																							5278	15572	572135	0	7319	43136	0	84558	2058386	1816276	39050	1876326	0	13575	21000	0	182060	1201	2058386	0	0	214443	0	0	23458	0	675358	1140918			0	1343963	1330388	-57042	0	0	0	0	182060	0	0	
514132																																							44795	5322	96294	0	0	8050	148	15453	470124	404771	3929	410066	0	3861	1366	0	60058	347	470124	0	0	43144	0	0	20888	780	135370	269401			0	299562	295701	-4321	3581	0	0	0	60058	0	0	
514356																																							4905	1823	0	0	0	1676	0	691	34589	29936	59	29995	0	230	0	0	4594	202	34589	0	0	1574	0	0	2818	0	6510	23426			0	18390	18160	0	7316	0	0	0	4594	18	0	
514655																																							15851	4507	182769	0	936	13932	0	5866	716112	629435	3150	636032	0	5730	3447	0	80080	3090	716112	0	0	72496	0	0	9424	0	155530	473905			0	497981	492251	-4930	0	0	0	0	80080	0	0	
514936																																							124992	3811	9484	0	0	8351	396	7129	366218	326923	2413	329336	0	3077	0	0	36882	720	366218	0	0	12420	0	0	23888	0	90746	236177			0	215132	212055	-146	0	0	0	0	36882	0	0	
515979																																							5142	552	0	0	0	302	0	155	37683	30184	0	30184	0	562	0	0	7499	0	37683	0	0	7499	0	0	0	0	4527	25657			0	13956	13394	0	0	0	0	0	7499	0	18138	
516154																																							15881	3214	0	0	236	754	0	5711	205067	155103	744	181579	0	1784	25732	0	23488	125	205067	0	0	4488	0	0	18875	0	15564	139539			0	180989	179205	0	0	0	0	0	23488	66	0	
516855																																							112638	7660	31976	0	0	4183	600	5723	898360	792446	2663	795109	0	14709	0	0	103251	375	898360	0	0	77461	0	0	25686	0	131353	661093			0	750289	735580	-271	0	0	0	0	103251	0	0	
516873																																							8744	2187	23689	0	902	5019	0	3690	87422	76668	234	76902	0	531	0	0	10520	179	87422	0	0	-9511	0	0	20749	0	7631	69037			0	43319	42788	-897	0	0	0	0	10520	0	403	
517049																																							2546	18523	50990	0	5731	31185	0	62031	1527555	1260406	10602	1327758	0	12742	56750	0	199797	0	1527555	0	0	113521	0	0	85877	815	150868	1109538			0	1129976	1117234	399	238500	0	0	0	199797	0	0	
517357																																							62299	19693	64116	0	20564	19161	12069	29839	1308234	1163324	14752	1188076	0	11921	10000	0	120158	200	1308234	0	0	33359	0	0	93580	0	230958	932366			0	1085172	1073251	-6981	6981	0	0	0	120158	66	195	
517441																																							1237	5000	83554	0	2369	10054	0	12078	409234	328594	1908	372503	0	3064	41000	0	36731	750	409234	0	0	24152	0	0	13942	0	62127	266467			-92	287888	284824	-2021	43	0	0	1001	36731	0	10075	
517674																																							83711	13613	166399	0	1934	20262	250	39969	1136884	975712	10992	1011931	0	6747	25227	0	124953	0	1136884	0	0	140084	0	0	0	381	164693	811019			0	659690	652943	-15131	0	0	0	0	124953	456	156966	
518037																																							17028	11955	269410	0	0	28059	1424	29634	1161884	1083297	6607	1089904	0	10876	0	0	71980	1095	1161884	0	0	55602	0	0	64905	0	224764	858533			0	814742	803866	-49622	0	0	0	0	71980	0	508	
518176																																							5328	107	13561	0	626	471	0	6064	52393	37192	501	37715	0	300	22	0	14678	0	52393	0	0	15764	0	0	0	0	117	37075			0	25675	25375	-1086	0	0	0	0	14678	861	0	
518354																																							5598	508	0	0	0	2236	0	4314	79746	67245	1729	68974	0	1640	0	0	10772	338	79746	0	0	9421	0	0	1013	160	19043	48202			0	26347	24707	0	0	0	0	0	10772	0	42223	
518877																																							24894	3446	6003	0	0	8398	0	1346	177118	156799	1792	158591	0	1518	0	0	18527	3144	177118	0	0	8998	0	0	6447	0	57348	99451			0	134549	133031	-62	0	0	0	0	18527	0	0	
519146																																							24571	4198	171656	0	0	6271	0	15125	502078	451861	5163	464413	0	3830	7389	0	37665	76	502078	0	0	25208	0	0	20320	0	35427	416434			0	284087	280257	-7939	0	0	0	0	37665	0	0	
519360																																							28047	1267	0	0	0	1552	0	5803	236745	192369	3204	199573	0	2509	4000	0	37172	2264	236745	0	0	22457	0	0	12451	0	17244	175125			0	199140	196631	0	3445	0	0	0	37172	0	0	
519445																																							1520	1005	22318	0	0	1222	0	3053	186000	162999	1109	171467	0	1264	3000	0	14533	50	186000	0	0	2126	0	0	15292	0	42482	120517			0	158146	156882	-2935	0	0	3000	1359	14533	0	0	
519874																																							311	1380	12299	0	0	247	0	2167	61406	55962	255	56317	0	1215	100	0	5089	50	61406	0	0	4653	0	0	1000	0	16488	39474			0	36917	35702	-614	9300	0	0	0	5089	0	0	
520003																																							25185	12029	343958	0	187	24312	0	63864	1610517	1363156	18827	1458410	0	9785	28809	0	152107	1	1610517	0	0	166905	3367	0	0	0	264756	1098400			0	1147400	1137615	-14799	0	0	0	47618	152107	0	0	
520423																																							13167	1314	50630	0	58	1580	0	17304	383662	318079	1758	326837	0	3688	7000	0	56825	488	383662	0	0	56697	0	0	2222	0	119458	198621			0	301503	297815	-2582	254	0	0	0	56825	1540	0	
520777																																							13040	5760	142685	0	0	6358	0	15312	409469	360558	946	361504	0	2340	0	0	47965	0	409469	0	0	58480	0	0	0	0	5093	355465			0	228372	226032	-10515	282	0	0	0	47965	0	0	
521158																																							77296	13757	138808	0	0	4472	216	16033	593611	521408	3489	524897	0	4816	0	0	68714	550	593611	0	0	60992	0	0	6601	0	147110	374298			0	343625	338809	571	4220	0	0	0	68714	0	0	
521970																																							23093	874	32479	0	389	8853	0	14273	392170	324676	7220	349282	0	2254	6167	0	42888	0	392170	0	0	44097	0	0	0	604	58405	266271			0	174473	172219	-1209	0	0	0	11219	42888	11	139375	
522034																																							11637	1347	45842	0	0	1324	0	5840	117900	110494	1373	112367	0	569	500	0	5533	450	117900	0	0	9223	0	0	1158	0	19595	90899			0	52479	51910	-5298	0	0	0	0	5533	0	0	
522454																																							119	1418	23805	0	63	496	526	1808	80761	71221	118	73339	0	729	2000	0	7422	433	80761	0	0	7083	0	0	1207	0	12458	58763			0	50391	49662	-1301	2864	0	0	0	7422	0	0	
522605																																							35890	43637	597424	0	161546	66681	0	196060	4678327	3834108	54097	4105023	0	34052	212016	0	573304	1200	4678327	0	0	310230	0	0	297090	5283	683611	3150497			0	3605858	3571806	-35216	0	0	0	4802	573304	0	0	
522669																																							18617	3502	17217	0	703	8509	1841	6565	376443	325771	2332	333103	0	4347	5000	0	43340	1775	376443	0	0	36266	0	0	7125	0	127146	198625			0	295162	290815	-1826	28674	0	0	0	43340	0	0	
522753																																							68398	5772	159724	0	2157	3489	0	15104	456080	416543	3108	422750	0	3021	3099	0	33330	1500	456080	0	0	24062	0	0	21635	0	124715	291828			0	204457	201436	-13867	0	0	0	0	33330	0	0	
523161																																							484	4705	147618	0	0	1882	0	7205	474210	424410	6618	431028	0	3035	0	0	43182	647	474210	0	0	44283	0	0	5780	0	105027	319383			0	287226	284191	-7528	28125	0	0	0	43182	0	0	
524579																																							2835	3863	58350	0	1305	3579	0	42404	1034904	609214	7374	869229	0	4011	252641	0	165675	0	1034904	0	0	167540	0	0	0	4589	56074	553140			0	918619	914608	-1865	0	0	0	0	165675	3371	0	
524757																																							8629	1457	2664	0	0	1526	0	892	81421	72475	711	73186	0	716	0	0	8235	428	81421	0	0	6114	0	0	1678	0	10829	61646			0	66969	66253	15	0	0	0	0	8235	0	0	
524766																																							5573	4038	19050	0	2646	3429	0	2093	146655	119041	1423	120464	0	1509	0	0	26191	500	146655	0	0	15333	0	0	10236	0	28576	90465			0	91235	89726	122	20100	0	0	0	26191	0	0	
524953																																							4871	5855	0	0	0	12710	516	14473	524404	468576	3070	471646	0	5663	0	0	52758	2000	524404	0	0	40479	0	0	12660	0	101561	367015			-2381	422375	416712	0	36661	0	0	0	52758	0	32606	
524971																																							93344	14993	96873	0	0	15976	0	26128	791728	717040	10920	727960	0	6017	0	0	63768	1	791728	0	0	34784	0	0	36386	2887	253094	463946			0	546895	540878	-7403	0	0	0	0	63768	0	649	
525053																																							88398	17319	60103	0	0	10899	0	23140	912461	791964	7901	820865	0	9539	21000	0	91596	500	912461	0	0	79189	0	0	13887	0	144016	647948			0	722141	712602	-1980	0	0	0	0	91596	0	0	
525549																																							207259	38986	403535	0	57735	37717	340	124187	3274376	2707857	29222	2934929	0	25002	197850	0	339447	149	3274376	0	0	144957	0	0	209808	565	572896	2134961			0	2406835	2381833	-15467	17880	0	0	0	339447	526	3813	
526452	101994	27371	49536	0	371	37995	4021	116118	1352658	42773	1126877	0	17144	44196	0	225781	88	1352658	0	0	117649	5415	0	109912	0		0	964454	947310	-1868	0	0	225781	0	60777	0	0	0			49536							1039908					44196												15540	1024368							1750	0	0	0		0		
526519																																							5420	9197	345740	0	339	25993	213	53912	1511927	1205443	20330	1402829	0	6793	177056	0	109098	771	1511927	0	0	117960	0	0	9363	0	125812	1079631			0	881272	874479	-18996	0	0	0	0	109098	446	196188	
526854																																							35628	5211	61552	4040	0	12107	1557	21772	653856	582757	11184	593941	0	5062	0	0	59915	1025	653856	0	0	53785	0	0	14450	0	166071	416686			0	517051	511989	-9345	0	0	0	0	59915	0	0	
527057																																							500	4073	25395	0	0	2221	0	7976	239564	206553	434	222502	0	2325	14000	0	17062	300	239564	0	0	17822	0	0	300	0	26721	179832			0	201724	199399	-1360	0	0	1515	0	17062	0	0	
527178																																							1828	1618	46296	0	0	1540	620	5658	202822	171447	1827	181274	0	1787	8000	0	21548	2	202822	0	0	10649	0	0	10857	0	20458	150989			0	125475	123688	40	19217	0	0	0	21548	0	2357	
527600																																							34846	12596	155268	0	19802	27718	0	77110	1758578	1539744	21137	1590527	0	6728	29033	0	168051	1	1758578	613	613	177652	2051	0	0	215	242193	1297551			0	1331623	1324895	-9602	0	0	0	0	168051	454	103010	
527749																																							11022	2497	40030	0	388	436	0	1181	113729	103531	358	103889	0	585	0	0	9840	100	113729	0	0	3439	0	0	6600	0	19555	83976			0	58229	57644	-299	328	0	0	0	9840	203	0	
527954																																							1417851	518949	5801413	0	608152	466279	4304	1568229	34573634	28157587	636085	30824480	0	958503	1980789	0	3749154	9709	34573634	0	0	2976969	159830	0	930334	50537	7220538	20937049			0	24783242	23824739	-167858	14375	0	5956	44063	3749154	15526	123450	
528102																																							14133	2055	105981	0	221	6670	0	19666	442139	370617	2907	402080	0	1931	28556	0	40059	1	442139	0	0	2040	0	0	45144	0	65996	304621			0	295344	293413	-7126	0	0	0	0	40059	0	0	
528241																																							2559	2596	31083	0	5018	3515	0	8805	210084	175046	627	175673	0	2124	0	0	34411	874	210084	0	0	22659	0	0	11941	0	46115	128931			0	157847	155723	-1063	0	0	0	0	34411	67	718	
528849																																							83528	20486	73779	0	16039	32978	0	20048	1586359	1392108	24869	1420245	0	15978	3268	0	166114	260	1586359	0	0	85964	0	0	82479	1686	338379	1053729			-272	1344841	1328863	-2317	42	0	0	0	166114	510	8400	
528960																																							366094	50380	622982	0	0	40231	0	18400	2204513	1924240	10255	1934495	0	22128	0	0	270018	750	2204513	0	0	202518	0	0	62530	0	727318	1196922			0	1125736	1103608	4220	0	0	0	0	270018	2818	0	
529275																																							176	1687	63962	0	0	12549	0	6869	387752	322043	4019	347862	42	4000	21800	0	39848	2001	387752	0	0	44879	1113	0	0	20484	21464	300579			0	284912	280912	-7032	0	0	0	0	39890	0	0	
529341																																							65788	3683	97746	0	435	12656	0	39543	951221	606218	23864	864009	0	8227	233927	0	87212	200	951221	0	0	50095	0	0	42050	179448	86570	519648			0	559346	551119	-5133	803	0	0	0	87212	0	0	
529659																																							3044	3716	78481	0	0	8715	0	10651	425698	344192	2883	377923	0	4104	24051	0	47775	500	425698	0	0	41509	0	0	10000	0	61968	282224			0	325047	320943	-4234	0	0	0	6797	47775	148	0	
529958																																							846226	2050	137321	2047	6270	16539	759	117601	2972669	2450680	13490	2555513	0	25194	0	0	417156	7000	2972669	0	0	309141	0	0	106027	3323	462193	1988487			0	1791116	1765922	-5012	74611	0	91343	0	417156	0	0	
530655																																							39312	8211	75901	0	9445	1211	4508	11492	556004	516519	3066	519585	0	4061	0	0	36419	4000	556004	0	0	41452	0	0	10250	0	172869	343650			0	269087	265026	-19283	0	0	0	0	36419	0	140898	
530851																																							96394	6928	136712	0	0	702	0	6147	396191	361861	1638	363499	0	1222	0	0	32692	1600	396191	0	0	24028	0	0	13400	0	64788	297073			0	150530	149308	-6336	0	0	0	0	32692	0	0	
531157																																							497	2946	33856	0	1305	1889	0	7176	145904	118460	758	128988	0	973	9770	0	16916	360	145904	0	0	10596	0	0	7317	0	26690	91770			0	98682	97709	-1357	526	0	0	0	16916	0	0	
531250																																							67682	15121	53020	0	2794	13471	0	31846	851821	752337	6350	767684	0	11404	8997	0	84137	150	851821	0	0	27101	0	0	59597	0	160210	592127			0	679291	667887	-2711	0	0	0	0	84137	0	0	
532042																																							12980	13167	39660	0	3046	11478	0	20424	798759	708273	5957	714230	0	8301	0	0	84529	120	798759	0	0	66476	0	0	18073	1929	198175	510098			0	549277	540976	-140	1225	0	0	0	84529	0	153874	
532453																																							12594	1075	14959	0	0	265	0	3829	75071	62753	865	63618	0	255	0	0	11453	100	75071	0	0	4696	0	0	6570	0	18746	44007			0	34462	34207	87	8142	0	0	0	11453	0	0	
532752																																							1144	2562	33315	0	0	1163	0	2279	123410	107120	545	110665	0	1207	3000	0	12745	150	123410	0	0	10111	0	0	2927	0	21506	85614			0	84154	82947	-443	0	0	0	0	12745	0	0	
533124																																							25931	2992	116590	0	0	9330	0	12287	380381	328187	5073	333260	0	2570	0	0	47121	1432	380381	0	0	493	0	0	44983	0	121288	206899			0	213638	211068	213	2183	0	0	0	47121	0	0	
533227																																							100	5314	14518	0	0	1196	0	3686	101222	88971	804	92775	0	883	3000	0	8447	375	101222	0	0	7419	0	0	1137	0	29459	59512			0	71862	70979	-484	5429	0	0	0	8447	0	0	
533535																																							9685	856	147820	0	0	458	0	11176	238195	203909	717	208626	0	1025	4000	0	29569	80	238195	0	0	50490	0	0	1520	0	55175	148734			0	69200	68175	-22521	25	0	0	0	29569	0	0	
534073																																							4468	407	19535	0	0	813	0	4109	57878	48506	81	48587	0	83	0	0	9291	0	57878	0	0	9969	0	0	0	0	15206	33300			0	28626	28543	-678	0	0	0	0	9291	0	3	
534242																																							7489	241	13217	0	0	81	0	829	39756	34268	148	34416	0	165	0	0	5340	200	39756	0	0	4723	0	0	500	0	5635	28633			0	10458	10293	-83	0	0	0	0	5340	0	7606	
534466																																							34841	1614	4672	0	0	3282	3496	3596	234246	195827	3514	204341	0	3168	5000	0	29905	1000	234246	0	0	27947	0	0	1000	0	22304	173523			0	185913	182745	-42	0	0	0	0	29905	0	0	
534756																																							5295	5071	71439	0	81	3624	0	9564	331136	284215	1937	291152	0	2903	5000	0	39984	200	331136	0	0	40120	0	0	1871	0	74722	209493			0	230586	227683	-2207	8379	0	0	0	39984	0	0	
534859																																							12223	1676	0	0	0	626	0	3980	104019	88253	665	92525	0	838	3607	0	11494	270	104019	0	0	9219	0	0	2005	0	12171	76082			0	66094	65256	0	802	0	0	0	11494	0	19456	
534877																																							26559	5300	180154	0	1716	7370	0	29985	1023361	747951	3344	924587	0	5459	173292	0	98774	3000	1023361	0	0	82361	0	4000	15944	431	84239	663712			0	773217	767758	-6531	0	0	0	0	98774	4088	0	
535034																																							53303	3275	33091	0	0	10813	1256	7020	271274	245765	830	246595	0	1654	0	0	24679	394	271274	0	0	7392	0	0	18256	0	58163	187602			0	164170	162516	-1363	0	0	0	0	24679	0	0	
535575																																							6020	1869	13048	0	495	3847	0	1486	141788	126041	399	128574	0	905	2134	0	13214	1013	141788	0	0	11807	0	0	1111	0	25249	100792			0	115928	115023	-717	0	0	0	0	13214	0	0	
535753																																							380117	64875	350815	0	20043	58554	0	43406	3320167	2775244	54486	2859730	0	31234	30000	0	460437	12400	3320167	0	0	139177	0	0	324955	6462	403790	2371454			0	2422890	2391656	-16095	0	0	0	0	460437	4239	0	
535931																																							16029	9546	45316	0	0	5573	500	8568	247355	225179	2863	228042	0	3125	0	0	19313	3607	247355	0	0	11739	0	0	8086	422	81726	143453			0	164526	161401	-4119	0	0	0	0	19313	0	0	
535940																																							1470	6331	79990	0	3026	5261	0	13235	325669	282205	1805	293430	0	1878	0	0	32239	600	325669	0	0	29300	0	0	6935	0	19823	262382			0	217729	215851	-4596	505	0	0	9420	32239	0	0	
536059																																							247483	6207	58692	0	767	10573	0	44615	2219657	1867661	32933	1928594	0	23203	28000	0	291063	5000	2219657	0	0	276524	0	0	12514	0	213698	1653963			0	1869312	1846109	-2975	0	0	0	0	291063	5211	0	
536349																																							10415	6289	107485	0	11228	4409	0	20675	529831	468881	2514	471395	0	4428	0	0	58436	1970	529831	0	0	25516	0	0	34958	104	125619	343262			0	372389	367961	-4008	0	0	0	0	58436	16	1249	
536527																																							25512	3511	294041	0	0	21791	157	27834	773478	604504	6179	665968	0	12622	50000	0	107510	3186	773478	0	0	38643	0	0	77759	377	137788	466716			0	411932	399310	-12078	0	0	0	5285	107510	945	0	
536554																																							3963	7294	87534	0	0	18669	30893	14575	1082291	919158	11662	960820	0	15704	30000	0	121471	2175	1082291	0	0	47920	0	0	71325	0	104763	814395			0	785369	769665	51	141612	0	0	0	121471	0	8086	
536853																																							5510	2931	20458	0	0	166	105	576	69569	55835	59	55894	0	571	0	0	13675	1107	69569	0	0	11718	0	0	1107	0	20176	35659			0	38294	37723	-257	2100	0	0	0	13675	0	0	
537243																																							112	6437	47043	0	0	1824	0	7591	220683	182532	675	199455	0	1860	14700	0	21228	150	220683	0	0	23285	0	0	3795	0	39975	142557			0	159536	157676	-6002	0	0	1548	0	21228	0	0	
537449																																							8709	30771	422087	0	11985	9930	0	237130	4082035	3381533	72531	3658671	0	35877	204607	0	423364	700	4082035	0	0	309922	0	0	122482	18849	379888	3001645			0	3373241	3337364	-9740	0	0	0	0	423364	0	5210	
537551																																							380	4148	0	0	0	8722	0	7379	395547	333015	3141	356156	0	4705	20000	0	39391	921	395547	0	0	17018	0	0	21452	0	42761	290254			0	337062	332357	0	42546	0	0	0	39391	15	0	
537560																																							327819	44637	222351	0	0	45941	0	34138	2476407	2012452	18068	2268969	0	32035	110000	0	207438	3750	2476407	0	0	176956	0	0	29220	1563	299197	1713255			0	1332000	1299965	-2488	0	0	0	128449	207438	1332	498661	
538222																																							6702	1706	19148	0	0	1814	0	7174	98177	78024	1516	79540	0	485	0	0	18637	1000	98177	0	0	16575	0	0	1000	0	11806	66218			0	57971	57486	62	4147	0	0	0	18637	0	0	
538473																																							174341	2054	41926	5089	0	11374	0	25903	1057047	944877	21155	966032	0	7134	0	0	91015	429	1057047	0	0	86833	0	0	6381	78801	25593	919284			0	707162	700028	-2628	0	0	0	0	91015	1776	15755	
538754																																							98680	4862	111017	0	0	1847	0	16869	503642	445768	6684	452452	0	3760	0	0	51190	800	503642	0	0	52512	0	0	800	0	109960	335808			0	268954	265194	-2922	0	0	0	0	51190	0	5173	
538802	538405	5136	373724	0	0	27905	6510	25859	2631077	37263	2365068	0	9843	29100	0	266009	4065	2631077	0	0	242590	0	0	19251	0		0	1532600	1522757	103	0	0	266009	5209	125572	0	0	0			373724							2298705					29100												765380	1533325							0	0	0	0		5209		
539032																																							450210	56347	421926	0	23764	177471	1032	86531	3009302	2622590	45206	2742742	0	25724	60000	0	266560	592	3009302	0	0	170371	5589	0	102423	1717	543821	2078769			0	1810439	1784715	-6826	0	0	0	14946	266560	0	0	
539340																																							163	8614	235963	0	0	7090	1008	28002	610154	505332	3045	557730	0	3478	49000	0	52424	100	610154	0	0	58065	0	0	12900	0	133949	371383			0	252204	248726	-18641	56782	0	0	353	52424	67	23739	
539377																																							10023	14087	9918	0	0	7528	0	3922	297849	263334	3143	266692	0	3889	215	0	31157	100	297849	0	0	17851	0	0	13267	0	31066	232268			0	256260	252371	-61	0	0	0	0	31157	0	0	
539452																																							59	4291	52224	0	0	2358	0	2313	164883	140521	1491	151418	0	1614	5190	0	13465	400	164883	0	0	15903	0	0	3450	0	43331	97190			0	105252	103638	-6288	0	0	4216	0	13465	0	0	
539872																																							89326	3949	84659	0	0	5898	0	10052	368474	361732	3071	364803	0	1688	0	0	3671	350	368474	0	0	8601	0	0	24058	0	48622	313110			0	176278	174590	-29338	0	0	0	0	3671	0	0	
540056																																							1232	4812	225306	0	1028	1613	0	14560	475765	348624	2563	429329	0	3586	38217	0	46436	678	475765	0	0	28480	0	0	27322	0	61344	287280			0	230800	227214	-10044	0	0	0	39925	46436	0	0	
540542																																							30727	4090	30107	0	0	679	54	717	111671	100907	958	101865	0	262	0	0	9806	150	111671	0	0	3661	0	0	6850	0	44487	56420			0	25092	24830	-855	0	0	0	0	9806	0	20467	
540551																																							3032	20412	351582	0	3999	41187	3019	70890	1892247	1584631	21681	1736312	0	14547	130000	0	155935	2000	1892247	0	0	110593	0	0	64500	4712	274642	1309989			0	1364799	1350252	-21158	15155	0	0	0	155935	502	27505	
540739																																							36311	5001	144092	0	0	6249	588	11132	352106	327044	1663	328707	0	1989	0	0	23399	100	352106	0	0	39446	0	0	600	0	65887	261157			0	150722	148733	-16747	0	0	0	0	23399	0	0	
540775																																							58483	16351	60441	0	1231	16542	0	25514	890207	785442	4718	810160	0	7085	20000	0	80047	0	890207	0	0	77298	2510	0	7442	793	167413	618029			0	712427	705342	-4693	0	0	0	0	80047	0	3000	
540850																																							490	1088	24165	0	0	1894	0	1722	60927	48350	310	55660	0	336	7000	0	5267	60	60927	0	0	6134	0	0	175	0	7005	41345			0	30629	30293	-1102	1275	0	0	0	5267	0	0	
541101	122567000	4214000	101873000	2552000	7361000	3248000	1000	18517000	380997000	8374000	351175000	0	224000	4940000	0	29822000	1135000	380997000	6629000	2771000	17363000	0	0	12943000	0		0	40704000	40480000	-1619000	25462000	2657000	29822000	0	48093000	111756000	7405000	104351000			64453000							220677000					4796000					5924000	2061000						59544000	161133000							0	24885000	0	2631000		0		
541231																																							8000	6223	130233	0	0	3612	3159	15209	400452	342271	5024	351645	0	2932	0	0	48807	21	400452	5276	0	46937	0	0	7745	228	98493	243778			0	223978	221046	-5896	6458	0	0	4350	48807	0	1008	
541307																																							21146	243	0	0	1410	389	0	5736	177864	135321	2751	163620	0	1925	25548	0	14244	285	177864	0	0	-62035	0	0	75994	0	2488	132833			0	150865	148940	0	0	0	0	0	14244	0	0	
541642																																							5863	2058	77572	0	0	2775	0	9703	151958	130661	464	131125	0	694	0	0	20833	200	151958	0	0	19236	0	0	2800	0	46013	84648			0	52785	52091	-1403	1896	0	0	0	20833	0	0	
541754																																							25600	4371	55518	0	2578	2926	0	8659	308913	276165	1286	278751	0	3171	1300	0	30162	250	308913	0	0	20162	0	0	10629	0	55903	220262			0	212432	209261	-879	0	0	0	0	30162	0	0	
541857																																							39356	7824	79806	0	755	18941	7	20037	649009	594978	5150	600585	0	3801	457	0	48424	2400	649009	0	0	39304	0	0	11021	1014	108450	486528			0	474428	470627	-4301	9105	0	0	0	48424	1537	0	
542153																																							48823	8514	11644	0	0	6404	0	6234	377441	335103	1065	339439	0	3634	3271	0	38002	150	377441	0	0	10203	0	0	27850	0	96164	238939			0	299456	295822	-201	0	0	0	0	38002	0	0	
542340																																							21678	9820	6491	0	7948	5946	1097	8962	610652	471943	5845	539405	0	6607	61617	0	71247	200	610652	0	0	19988	0	0	51660	907	57134	414809			0	554366	547759	-601	12	0	0	0	71247	32	0	
542528																																							24768	36861	680423	0	143538	42998	0	129605	4326380	3490179	33511	3709308	0	42020	179944	0	617072	11612	4326380	3494	5674	120955	16386	0	520087	7180	725747	2764432			0	3270046	3228026	-35582	13101	0	0	0	617072	0	0	
542667																																							24835	3219	183954	0	0	21952	212	27034	640657	530325	7124	537449	0	4551	0	0	103208	0	640657	0	0	121752	0	0	0	1171	142789	387536			0	275416	270865	-18544	0	0	0	0	103208	0	107415	
542854																																							14307	1581	125	0	0	202	0	356	32303	28171	281	28452	0	199	0	0	3851	40	32303	0	0	1625	0	0	2186	0	9340	18831			0	15918	15719	0	0	0	0	0	3851	13	0	
543262																																							393504	56713	859691	0	719	70973	0	104079	3677023	3143135	24643	3349841	0	23805	50000	0	327182	901	3677023	0	0	258045	0	0	104625	1554	1052377	2090758			0	1752268	1728463	-36389	0	0	0	132063	327182	0	461327	
543459																																							10696	9169	209104	0	7756	42628	1767	29239	917944	801355	3951	824413	1266	10790	19107	0	92265	2500	917944	0	0	57506	0	0	35206	192	158149	643206			0	617893	607103	-2947	237	0	0	0	93531	53	0	
543945																																							28908	3537	95483	0	0	3339	0	6328	630357	569246	3558	575014	0	5529	0	0	55343	1235	630357	0	0	53363	0	0	3515	116	23161	546085			0	498108	492579	-2770	0	0	0	2210	55343	67	0	
544335																																							10065	10447	55171	0	6730	11344	29	12749	555143	479797	1000	493475	0	3359	11000	0	61668	835	555143	0	0	28868	0	0	35364	0	240886	238911			0	407469	404110	-3399	0	0	0	1678	61668	0	44498	
544447																																							3595	1454	67250	0	0	382	0	5401	144778	123621	930	129351	0	1237	4800	0	15427	30	144778	0	0	23528	0	0	470	0	15121	108500			0	67638	66401	-8601	295	0	0	0	15427	0	0	
544652																																							26878	7939	133227	0	3729	20814	0	13274	1024871	865212	4225	925151	0	10712	55714	0	99720	1000	1024871	0	0	15546	0	0	84713	420	134688	730524			0	829302	818590	-1539	0	0	0	0	99720	0	0	
544951																																							7184	1676	4441	0	0	3062	955	781	52034	45783	49	45832	0	746	0	0	6202	200	52034	0	0	2010	0	0	3931	0	9247	36536			0	34258	33512	61	0	0	0	0	6202	423	0	
545604																																							5096	11173	154667	0	0	9338	0	46368	1204298	1002966	10822	1120859	0	9026	107046	0	83439	0	1204298	0	0	106683	0	0	1	0	189205	813761			0	985531	976505	-23245	0	0	0	25	83439	1151	0	
546003																																							94643	14521	452648	0	438	46042	0	80552	3006738	2345991	32022	2704584	0	19800	326571	0	302154	3000	3006738	0	0	232217	0	0	86698	1456	461646	1884345			0	2335338	2315538	-19761	0	0	0	0	302154	900	0	
546320																																							365	1615	16813	0	0	3816	0	4466	104986	86659	590	92584	0	945	4509	0	12402	500	104986	0	0	7406	0	0	5050	0	22651	64008			0	78856	77911	-554	0	0	826	0	12402	0	0	
546535																																							95005	7184	38524	0	0	13384	0	11172	502381	453107	2414	455521	0	4441	0	0	46860	150	502381	0	0	38116	0	0	9850	0	94009	359098			0	341553	337112	-1256	0	0	0	0	46860	0	0	
546544																																							44033	24017	137132	0	18459	49702	0	38299	2260937	1900675	9493	2029739	0	19792	110000	0	231198	615	2260937	0	0	107318	0	0	125475	10181	256447	1644228			0	1949141	1929349	-2210	0	0	0	9571	231198	0	9765	
547251																																							62743	2776	0	0	0	1119	0	655	134170	109736	255	109991	0	1309	0	0	24179	340	134170	0	0	4179	0	0	19660	0	33526	76210			0	68186	66877	0	0	0	0	0	24179	0	0	
547550																																							13547	2163	80885	0	0	1901	0	6987	212596	190587	1104	191691	0	1779	0	0	20905	100	212596	0	0	20849	0	0	2900	0	46957	143630			0	108892	107113	-2944	0	0	0	0	20905	0	0	
547840																																							217061	65047	927015	0	3723	52936	201	99366	3233515	2845304	46429	2943176	0	20597	51443	0	290339	400	3233515	0	0	266478	2693	0	71668	558	810444	2034860			0	1885512	1864915	-48207	0	0	0	0	290339	0	0	
548052																																							1571	4903	92836	0	0	3599	0	9128	286923	267243	947	268190	0	2177	0	0	18733	800	286923	0	0	18742	0	0	5650	0	56960	210283			0	149743	147566	-6459	21470	0	0	0	18733	5850	0	
548267																																							11083	7843	124160	0	0	2173	0	22723	343198	296586	2016	298602	0	5287	0	0	44596	1060	343198	0	0	37837	0	0	10060	0	46676	249910			0	180503	175216	-4361	0	0	0	0	44596	0	0	
548351																																							171797	46565	344288	0	13432	45478	2398	80337	3218653	2707570	33284	2740854	0	34878	0	0	477799	1000	3218653	0	0	440832	0	0	38022	362	983108	1724462			0	2528893	2494015	-2055	0	0	0	0	477799	0	19981	
548472																																							3983	617	17649	0	986	3292	0	4219	122269	107507	431	111438	0	879	3500	0	10831	500	122269	0	0	9640	0	0	1388	0	11164	96343			0	92391	91512	-697	0	0	0	0	10831	0	11	
548771																																							30486	3626	26952	0	488	13796	0	35508	1044737	864917	10512	927325	0	8423	51896	0	117412	0	1044737	0	0	82751	0	0	37928	0	148058	716859			-2842	876115	867692	-425	0	0	0	0	117412	0	66189	
549862																																							28832	5700	195967	0	0	4421	0	17424	637595	555644	1848	557492	0	5711	0	0	80103	1000	637595	0	0	71813	0	0	29000	0	150455	405189			0	390962	385251	-21710	0	0	0	0	80103	0	0	
550279																																							33098	10710	62153	0	0	15926	0	42231	1026095	732850	3870	909308	0	5302	172588	0	116787	0	1026095	0	0	119237	0	0	0	0	77699	655151			0	867279	861977	-2450	0	0	0	0	116787	0	0	
550354																																							4410	3520	40948	0	0	1031	440	5870	157317	140455	1231	141686	0	1760	0	0	15631	188	157317	0	0	16744	0	0	188	0	28756	111699			0	97779	96019	-1489	5079	0	0	0	15631	0	0	
550448																																							8714	1291	33116	0	0	1678	450	721	88833	81055	425	81480	0	1286	0	0	7353	200	88833	0	0	9273	0	0	800	0	12705	68350			0	44122	42836	-2920	0	0	0	0	7353	27	0	
550635																																							31758	4580	85956	0	2079	16097	0	26293	713389	628002	6672	635928	0	5447	1254	0	77461	49094	713389	0	0	27628	0	0	1070	518	125827	502175			0	440623	435176	-331	0	0	0	0	77461	0	110932	
550653																																							13447	3551	8491	0	0	232	0	1364	60421	47662	510	49627	0	791	1455	0	10794	120	60421	0	0	9291	0	0	1480	0	15080	32582			0	34127	33336	-97	0	0	0	0	10794	0	0	
550952																																							465	4389	196238	0	0	6408	0	18217	390332	366174	1662	367836	0	1459	0	0	22496	500	390332	0	0	39604	0	0	8000	0	115690	250484			0	144174	142715	-25608	21900	0	0	0	22496	0	0	
551016																																							10075	5877	62448	0	47	6290	0	12837	401618	355574	4220	373794	0	2959	14000	0	27824	525	401618	0	0	29573	0	0	539	0	76252	279322			0	240226	237267	-2813	2383	0	0	0	27824	0	64394	
552059																																							22095	2380	57056	0	19	8798	0	14883	509097	458170	2001	468171	0	5123	8000	0	40926	800	509097	5692	0	21912	0	0	21004	0	90744	367426			0	401781	396658	-2790	0	0	0	0	40926	130	1386	
552161																																							124553	27252	250	6424	4187	47330	522	44419	2093733	1795022	18680	1838702	0	20304	25000	0	255031	1000	2093733	0	0	207361	0	0	46680	0	461739	1333283			0	1834346	1814042	-10	250	0	0	0	255031	0	24504	
552545																																							4592	4786	58722	0	463	12625	0	46677	437153	403537	9574	417782	0	2593	0	0	19371	100	437153	0	0	20676	120	0	22417	0	36732	366805			0	215510	212917	-23822	0	0	4671	0	19371	0	96251	
552956																																							2368	1902	8287	0	0	312	0	1008	92366	78899	181	79080	0	552	0	0	13286	240	92366	0	0	13554	0	0	200	0	16101	62798			0	62288	61736	-708	1333	0	0	0	13286	0	15420	
552974																																							72507	6388	36444	0	349	9305	122	14073	454036	359565	2200	405024	0	3883	43259	0	49012	732	454036	0	0	46905	0	0	4398	0	89038	270527			0	318731	314848	-3023	0	0	0	0	49012	0	0	
553038																																							40612	2866	3974	0	1668	2562	0	8347	301984	267388	1281	268669	0	3642	0	0	33315	3320	301984	0	0	22578	0	0	7494	0	50269	217119			0	162571	158929	-77	46306	0	0	0	33315	0	36720	
553926																																							2946	4574	70325	0	1584	2847	0	6721	233026	202707	1106	213573	0	1536	9760	0	19453	1200	233026	0	0	21659	0	0	1200	0	28018	174689			0	144770	143234	-4606	795	0	0	0	19453	0	0	
553944																																							5308	15921	49878	0	903	5764	134	6378	442542	370320	2301	379721	0	4389	7100	0	62821	495	442542	0	0	46818	0	0	19252	0	102978	267342			0	352246	347857	-3744	10310	0	0	0	62821	89	0	
554343																																							379	3247	67189	0	0	1107	0	5013	203431	153966	572	175540	0	1950	21002	0	27891	1800	203431	0	0	24827	0	0	3200	0	7680	146286			0	128368	126418	-1936	78	0	0	0	27891	0	0	
554857																																							175458	38502	147880	0	3108	18713	318	73955	2149132	1961539	9657	1994401	0	18918	0	0	154731	1100	2149132	0	0	117424	0	0	98900	0	348893	1612646			0	1295550	1276632	-62693	0	0	0	23205	154731	0	414566	
555256																																							18825	5434	66366	0	0	9436	0	7212	245033	209613	2876	212489	0	1956	0	0	32544	600	245033	0	0	11237	0	0	19886	0	80571	129042			0	139716	137760	821	0	0	0	0	32544	0	0	
556459																																							37413	13549	130727	0	18034	21775	0	21055	734960	657924	7915	665845	0	6081	0	0	69115	1500	734960	0	0	52459	0	0	33048	0	168254	489670			0	498488	492407	-17892	0	0	0	6	69115	0	0	
556936																																							11255	15844	428688	0	2807	16891	0	52289	1662075	1430500	12905	1496834	0	12983	53429	0	165241	400	1662075	0	0	134990	3856	0	51300	1549	219646	1210854			0	1137563	1124580	-21449	775	0	0	0	165241	1163	2378	
557317																																							15729	29553	262620	4211	74552	31182	0	92128	3067526	2555580	38003	2708583	0	31674	115000	0	358943	150	3067526	0	0	66320	0	0	294801	0	604557	1951023			0	2556729	2525055	-2328	7011	0	0	0	358943	0	25485	
557438																																							19450	4019	1014	0	0	5112	0	5498	189640	161818	1788	163606	0	2038	0	0	26034	200	189640	0	0	22206	0	0	3675	0	33171	128647			0	141154	139116	-47	0	0	0	0	26034	0	15431	
557858																																							314281	228607	1963974	0	15429	67109	0	229803	6970742	6290046	44954	6507686	0	48686	0	0	463056	12000	6970742	0	0	634886	0	0	94577	0	1311484	4978562			0	4185088	4136402	-278407	165	0	955	171731	463056	14972	0	
559179																																							1285	694	6287	0	0	262	0	923	43936	35202	83	35285	0	150	0	0	8651	0	43936	0	0	9056	0	0	0	0	3151	32051			0	29407	29257	-405	5228	0	0	0	8651	0	0	
560214																																							2269	600	28229	0	0	372	0	930	102686	87965	200	96165	0	588	8000	0	6521	375	102686	0	0	9656	0	0	625	0	12135	75830			0	70874	70286	-4135	0	0	0	0	6521	0	0	
560353																																							17881	11530	129760	0	0	906	0	1824	211992	203722	1468	205190	0	538	0	0	6802	220	211992	0	0	25441	0	0	220	0	42276	161446			0	50523	49985	-19079	106	0	0	0	6802	0	0	
560438																																							3193	1146	36205	0	0	733	0	1744	77314	68011	337	68348	0	514	0	0	8966	100	77314	0	0	10530	0	0	100	0	22835	45176			0	31707	31193	-1764	3100	0	0	0	8966	0	0	
560830																																							3619	3108	53842	0	774	504	0	1174	116605	103465	672	104137	0	695	0	0	12468	50	116605	0	0	11202	0	0	2174	0	20029	83436			0	53010	52315	-958	1269	0	0	0	12468	0	0	
561145																																							22336	7420	65049	0	511	17314	0	16939	626692	523876	4968	548027	0	5313	17426	0	78665	759	626692	0	0	77203	0	0	3490	0	90791	433085			0	493214	487901	-2787	175	0	0	1757	78665	0	9047	
561574																																							58908	6616	66375	0	2747	6294	2294	29559	1004586	891111	4836	903415	0	14487	1519	5949	101171	37954	1004586	0	0	69668	0	0	0	0	182723	708388			0	846280	831793	-6451	0	0	0	0	101171	0	0	
561659																																							85202	10242	306096	0	525	16456	2983	17670	1333700	1198915	6840	1208221	0	11208	2466	0	125479	5000	1333700	0	0	114211	995	0	18438	2070	334422	864493			0	902669	891461	-12170	0	0	0	0	125479	0	0	
561864																																							53009	8699	144644	0	0	12759	1367	14698	715606	633075	6118	639193	773	11730	0	0	75640	1956	715606	0	0	37030	0	0	42270	0	345796	287279			0	491660	479930	-5616	0	0	0	0	76413	0	500	
562058																																							23004	4080	62428	0	961	9555	0	8478	561850	462600	3197	515297	0	6620	49500	0	46553	400	561850	0	0	48088	0	0	5800	526	58809	403791			0	458436	451816	-7735	1002	0	0	0	46553	0	0	
563233																																							40131	8459	113816	0	0	6347	0	13897	365919	317380	1056	333153	0	2183	0	0	32766	1448	365919	0	0	23291	0	0	16079	0	113175	204205			0	179987	177804	-8052	2490	0	0	14717	32766	0	2975	
563336																																							5132	1257	40493	0	0	1694	0	4299	155974	139906	594	141597	0	911	0	0	14377	100	155974	0	0	16268	0	0	700	0	44552	95354			0	86536	85625	-2691	0	0	1097	0	14377	0	17474	
563457																																							9109	1405	3923	0	449	1099	0	3836	93322	76292	2101	78592	0	230	199	0	14730	250	93322	0	0	14281	0	0	250	0	17496	58796			0	32603	32373	-51	170	0	0	0	14730	0	40958	
563934																																							21923	661	1450	0	0	1082	0	382	70414	61511	310	61821	0	340	0	0	8593	400	70414	0	0	7706	0	0	500	0	14640	46871			0	20729	20389	-13	0	0	0	0	8593	0	24527	
564052																																							85745	2157	0	0	0	57	0	2295	334062	166097	1078	167175	0	2936	0	0	166887	1250	334062	0	0	146364	0	0	19273	0	57937	108160			0	197156	194220	0	3493	0	0	0	166887	0	46095	
564324																																							19071	13378	301782	0	2255	6299	0	11950	845174	781594	5063	786657	0	5142	0	0	58517	700	845174	0	0	72005	0	0	700	633	173265	608329			0	482595	477453	-14888	0	0	0	0	58517	0	12353	
564463																																							6785	10592	141443	0	0	4281	644	10262	381018	348013	2267	350280	0	2456	0	0	30738	400	381018	0	0	34216	0	0	5828	0	66494	281519			0	209467	207011	-9706	0	0	0	0	30738	0	0	
564557	261549	34364	271102	0	0	50538	0	47364	2178874	10776	1916099	0	15586	0	0	262775	1418	2178874	0	0	229890	0	0	66997	0		0	1420268	1404682	-35530	0	0	262775	23854	79498	0	0	0			271102							1905323					0												510993	1394330							5923	0	0	0		23854		
564678																																							13208	784	13114	0	0	1062	0	3368	149102	118267	685	137756	0	853	18804	0	11346	0	149102	0	0	11652	0	0	0	0	5440	112827			0	118419	117566	-306	0	0	0	0	11346	0	0	
564838																																							6614	8918	55917	0	0	1693	0	6293	210068	189166	1111	196277	0	1550	6000	0	13791	62	210068	0	0	12461	0	0	6809	0	61642	127524			0	132183	130633	-5541	0	0	0	0	13791	0	0	
565143																																							7618	3274	53048	0	0	1702	0	14927	366580	315020	5217	327641	0	696	7404	0	38939	1000	366580	0	0	39153	0	0	4000	0	95083	219937			0	284707	284011	-5214	2000	0	0	0	38939	0	0	
565170																																							20696	623	81	0	0	371	0	7756	181779	107979	6930	114909	0	1639	0	0	66870	0	181779	0	0	66870	0	0	0	0	3262	104717			0	153655	152016	0	0	0	0	0	66870	0	236	
565536																																							8634	2843	49203	0	2647	962	37	6676	159348	137257	1263	139520	0	1285	1000	0	19828	790	159348	0	0	14209	0	0	7502	0	20769	116488			0	87231	85946	-2673	2400	0	0	0	19828	0	0	
565750																																							61547	9986	18908	0	824	24652	11436	17363	1170435	902044	11756	1028800	0	18366	115000	0	141635	210	1170435	0	0	121721	0	0	20500	440	151986	750058			0	1043645	1025279	-796	0	0	0	0	141635	0	0	
565844																																							7813	897	45598	0	0	2102	0	1716	138077	126170	862	127032	0	879	0	0	11045	145	138077	0	0	11096	0	0	1004	0	25956	100214			0	80830	79951	-1200	0	0	0	0	11045	0	0	
566056																																							7146	5170	40474	0	2052	5962	0	14235	321453	283737	1400	285137	0	2564	0	0	36316	100	321453	0	0	25294	0	0	15720	0	53760	229977			0	223240	220676	-4798	4778	0	0	0	36316	0	20960	
566243																																							33141	8867	130400	0	0	345	0	3450	331060	289448	1224	291420	0	1788	748	0	39640	1100	331060	0	0	32375	0	0	5725	0	60799	228649			0	156113	154325	440	0	0	0	0	39640	532	0	
567240																																							6499	5968	57834	0	0	2351	3	3301	266161	192299	655	231702	0	2215	13932	0	34459	200	266161	0	0	24092	0	0	10800	0	41915	150384			0	161708	159493	-633	6431	0	0	24816	34459	0	24281	
567679																																							9771	4381	0	0	916	6315	867	9868	269247	242839	2053	248983	0	1705	4091	0	20264	1	269247	0	0	20340	0	0	0	0	41144	201695			-77	222707	221002	0	0	0	0	0	20264	0	16127	
567736																																							1870	3369	44265	0	0	1670	0	4223	170668	154570	1135	155705	0	1550	0	0	14963	800	170668	0	0	9142	0	0	7021	0	47962	106608			0	79901	78351	-2000	20475	0	0	0	14963	0	16445	
568126																																							43118	11012	144358	0	0	1965	0	15496	543685	491268	3660	494942	0	3125	14	0	48743	101	543685	0	0	59107	0	0	1000	0	112062	379206			0	255861	252736	-11465	75000	0	0	0	48743	0	0	
568135																																							12276	2649	58227	0	786	4175	0	4838	311595	238121	1853	289974	0	2961	50000	0	21621	225	311595	0	0	19943	0	0	6775	439	55852	182269			0	231078	228117	-5322	0	0	0	0	21621	88	0	
568359																																							119900	3931	72973	0	4848	16922	0	23632	973766	740310	5930	879240	0	8831	133000	0	94526	155	973766	0	0	41526	0	0	57101	0	59313	680997			0	740391	731560	-4256	0	0	0	0	94526	0	0	
568377																																							6292	2588	41537	0	0	926	0	6513	178940	164196	1107	166903	0	258	1600	0	12037	0	178940	0	0	17707	0	0	0	0	3311	160885			0	118126	117868	-5670	0	0	0	0	12037	55	3161	
568470																																							101382	18260	316227	0	24282	44976	89	81339	2020532	1727494	34750	1846947	95	17506	45551	0	173490	344	2020532	0	0	101265	0	0	113542	1096	264034	1463460			0	1450387	1432881	-41661	0	0	0	39152	173585	0	0	
568939																																							10975	7075	65346	0	0	2836	0	2364	281929	240127	1192	241319	0	2140	0	0	40610	366	281929	0	0	38432	0	0	5332	0	73753	166374			0	184874	182734	-3520	0	0	0	0	40610	0	10599	
570558																																							43564	6874	62587	0	0	2191	620	2197	302203	268383	789	269172	0	1765	0	0	33031	2000	302203	0	0	16481	0	0	15165	0	105410	162973			0	185935	184170	-615	0	0	0	0	33031	0	0	
570651																																							735	1141	0	0	475	437	0	1299	74142	66497	298	66795	0	513	0	0	7347	105	74142	0	0	1878	0	0	5364	0	16156	50341			0	50429	49916	0	5300	0	0	0	7347	0	14839	
571135																																							11600	1346	68911	0	0	271	0	3563	130698	117799	637	118436	0	493	0	0	12262	35	130698	0	0	14636	0	0	515	0	34529	83270			0	39923	39430	-2924	5577	0	0	0	12262	0	0	
571265																																							2023	4200	96373	0	0	5358	0	18720	512791	446390	6908	460930	0	7880	7632	0	51861	4404	512791	0	0	29300	0	0	22589	3351	168696	277694			0	370436	362556	-4432	0	0	0	0	51861	0	20210	
571920																																							19002	2385	55549	0	483	9528	0	9890	288700	265857	2338	268340	0	2497	145	0	20360	1000	288700	0	0	19804	0	0	1835	897	21666	244191			0	191798	189301	-2279	1665	0	0	0	20360	0	0	
571957																																							17	3489	22823	0	0	150	0	740	55776	51378	277	51655	0	245	0	0	4121	100	55776	0	0	5338	0	0	200	0	22952	28426			0	17406	17161	-1517	11396	0	0	0	4121	0	0	
572347																																							6849	2218	0	0	2995	3781	318	1436	95496	82035	881	82916	0	684	0	0	12580	109	95496	0	0	5249	0	0	7222	0	23700	58335			0	77561	76877	0	1022	0	0	0	12580	0	0	
572374																																							79718	114557	523831	0	9684	132712	6025	193660	5603078	4544883	69441	4992805	54	64771	330014	0	610219	8000	5603078	0	0	519424	0	0	114995	6838	1476933	3067950			0	4421624	4356853	-32200	0	0	0	48467	610273	0	179200	
572459																																							1065	9121	72445	0	1810	1167	0	16450	430228	364802	4050	396209	0	4317	4400	0	34019	336	430228	0	0	23037	0	0	19915	0	42709	322093			0	332487	328170	-9269	0	0	10900	12057	34019	0	0	
572655																																							55697	1652	0	0	0	4931	0	1784	310210	275690	191	275881	0	2626	0	0	34329	899	310210	0	0	26709	0	0	6721	0	106263	169427			0	248772	246146	0	0	0	0	0	34329	0	0	
573036																																							72796	3273	144883	0	1811	11316	0	22843	733880	649631	7562	667193	0	6529	10000	0	66687	1800	733880	0	0	33342	0	0	36893	1925	132209	517422			0	481562	475033	-5348	0	0	0	0	66687	0	0	
573335																																							11761	6998	178067	0	0	7226	0	6486	431757	376277	1109	378708	0	4867	1322	0	53049	500	431757	0	0	34929	0	0	17186	0	116568	259709			0	222158	217291	434	0	0	0	0	53049	0	3928	
574079																																							55159	1546	52906	0	0	4111	0	10868	334410	302495	2236	304731	0	1850	0	0	29679	0	334410	0	0	33432	0	0	0	0	36880	265615			0	211670	209820	-3753	0	0	0	0	29679	0	0	
574949																																							28424	3700	118853	0	785	2105	0	24689	954125	826414	5404	874317	0	10026	42499	0	79808	150	954125	0	0	72692	0	0	18855	290	67944	758470			-459	742507	732481	-11430	0	0	0	0	79808	0	42798	
574976																																							216434	31096	862103	0	12194	19235	148	63696	2273312	1900776	17066	2000842	1177	11399	83000	0	271293	0	2273312	0	0	323652	0	0	6248	1135	403456	1497320			-16784	951869	940470	-41823	3389	0	0	0	272470	0	123412	
575133																																							31636	2465	0	0	0	691	0	3001	105828	91852	238	92090	0	252	0	0	13738	90	105828	0	0	7238	0	0	6410	0	26606	65246			0	36948	36696	0	0	0	0	0	13738	0	31339	
575254																																							494121	57933	567540	0	44490	58524	1594	144921	4478487	3953902	59501	4013403	0	45131	0	0	465084	1250	4478487	0	0	284429	0	0	227124	9993	1103342	2850560			0	3144502	3099371	-47719	0	0	0	0	465084	0	0	
575348																																							2178	3367	35251	0	0	2385	0	2630	148595	130714	864	133182	0	971	0	0	15413	150	148595	0	0	16488	0	0	1100	0	40344	90370			0	103755	102784	-2325	0	0	1604	0	15413	0	0	
575375																																							11139	635	0	0	422	1279	0	988	93802	77125	273	77398	0	1735	0	0	16404	0	93802	0	0	16404	0	0	0	0	6508	70617			0	81074	79339	0	0	0	0	0	16404	0	0	
575759																																							4186	6664	151034	1767	8272	7168	0	31077	594966	497196	3230	529862	0	5581	29436	0	65104	6536	594966	0	0	40107	0	0	25711	0	73603	423593			0	390379	384798	-7250	0	0	0	0	65104	0	0	
575834																																							61487	2077	85411	0	0	4939	0	19510	585240	512403	7213	519616	0	5478	0	0	65624	1420	585240	0	0	65557	0	0	1420	0	211084	301319			0	417294	411816	-2773	0	0	0	0	65624	0	0	
576354																																							8588	3995	42428	0	16357	2675	0	11559	218199	172345	1806	184729	0	886	10578	0	33470	106	218199	0	0	-948	0	0	34437	55710	17995	154350			0	77773	76887	-125	0	0	0	0	33470	0	0	
576578																																							805	1192	22305	0	0	5087	0	7182	148185	130944	1243	137183	0	890	4996	0	11002	0	148185	0	0	12593	0	0	2007	0	8989	121955			-332	112241	111351	-3266	263	0	0	0	11002	0	0	
576608																																							20313	13602	103906	0	1128	32544	0	30210	1611246	1311583	14718	1457864	0	13411	109049	0	153382	0	1611246	0	0	161282	0	0	464	1244	177294	1134289			0	1421341	1407930	-8364	369	0	0	22514	153382	0	0	
576644																																							45696	33657	32465	0	9586	9328	0	19713	894621	773742	9428	804313	0	5710	21143	0	90308	325	894621	0	0	79103	0	0	14014	0	126192	647550			-292	601490	595780	-2842	142864	0	0	0	90308	19	5513	
576952																																							6880	6223	75894	0	1091	9554	0	12490	352422	311357	567	318726	0	3119	3000	0	33696	2933	352422	0	0	24218	0	0	10017	0	50811	260546			0	243237	240118	-3472	0	0	0	3802	33696	172	0	
577128																																							79196	104130	984366	0	393182	109811	123	341709	9637101	7750473	84678	8452844	0	75676	588140	0	1184257	100	9637101	9708	9275	351099	0	0	903686	2667	1546816	6203657			0	6756908	6681232	-70628	1891	0	0	20278	1184257	6249	922837	
577137																																							100385	16767	384350	0	311	33853	0	19707	1472558	1204061	13851	1309912	0	6715	92000	0	162646	153	1472558	0	0	75799	0	0	89659	0	210944	993117			-2668	923900	917185	-297	0	0	0	0	162646	0	0	
577230																																							6390	843	13131	0	0	616	0	854	52956	46279	88	50367	0	197	4000	0	2589	5000	52956	0	0	-2972	0	0	2257	0	4007	42272			0	31313	31116	-1696	0	0	0	0	2589	6	0	
578116																																							1702	5232	97107	0	8111	7448	0	21791	517344	436467	4601	464886	0	3347	21500	0	52458	550	517344	0	0	36522	0	0	19950	0	89408	347059			0	377191	373844	-4564	0	0	2318	0	52458	0	2109	
578237																																							6885	3880	27328	0	0	1518	0	725	66167	56774	162	56936	0	555	0	0	9231	1084	66167	0	0	1662	0	0	7823	0	20585	36189			0	26386	25831	-1338	0	0	0	0	9231	0	0	
578255																																							129275	45015	616098	9859	26799	33898	19454	36849	2451820	2184192	21304	2205496	0	20264	0	0	246324	1500	2451820	0	0	199088	0	0	93611	6359	633557	1550635			0	1491720	1471456	-47875	0	0	0	0	246324	0	56758	
578554																																							5635	4730	25133	0	0	2567	0	4136	138091	121685	323	122008	0	1182	0	0	16083	190	138091	0	0	13641	0	0	2286	0	34684	87001			0	93792	92610	-34	3280	0	0	0	16083	0	0	
578741																																							13810	8633	57669	0	587	2047	0	6672	470624	386065	2251	429024	0	3730	40708	0	41600	240	470624	0	0	35273	0	0	10349	0	71121	314944			0	383560	379830	-4262	1376	0	0	0	41600	0	0	
578862																																							23566	1322	31239	0	0	76	0	419	73718	66923	267	67190	0	281	0	0	6528	200	73718	0	0	3532	0	0	2800	0	23360	43563			0	17377	17096	-4	0	0	0	0	6528	0	0	
579140																																							8138	9370	71532	0	2879	5587	0	19010	573965	490861	5002	511863	0	4684	16000	0	62102	1660	573965	0	0	56196	0	0	8803	0	101523	389338			0	449738	445054	-4557	3987	0	0	0	62102	12	8396	
579319																																							7421	1332	13859	0	0	411	0	898	55476	50348	140	50488	0	168	0	0	4988	575	55476	0	0	3872	0	0	814	0	13977	36371			0	31705	31537	-273	18	0	0	0	4988	0	0	
579364																																							48839	6835	10730	0	2002	11894	905	11976	453179	346171	2524	405626	0	4164	56931	0	47553	354	453179	0	0	26223	0	0	20983	0	132536	213635			0	339814	335650	-7	21348	0	0	0	47553	0	3000	
579636																																							36340	3635	77811	0	1606	3249	368	5983	224954	188743	617	189360	0	2204	0	0	35594	110	224954	0	0	15132	0	18470	3310	0	43928	144815			-30	98166	95962	-1398	0	0	0	0	35594	0	0	
580155																																							33537	5586	40959	0	1176	13359	543	15246	783088	662203	7538	710741	0	13342	41000	0	72347	10	783088	0	0	51879	0	0	21974	1286	124702	537501			0	662987	649645	-1516	0	0	0	0	72347	0	21751	
580548																																							9119	9271	129701	0	2216	11886	0	19079	716304	623040	5071	658111	0	4305	30000	0	58193	300	716304	0	0	61280	0	0	5400	304	95806	527234			0	538312	534007	-8787	721	0	0	0	58193	0	0	
580847																																							4851	2797	41303	0	0	1544	74	2135	222860	177639	327	203868	0	1717	5000	0	18992	300	222860	0	0	13711	0	0	6900	0	48953	128686			0	160760	159043	-1919	11113	0	0	20902	18992	0	0	
580874																																							19832	3445	31193	0	158	5310	0	6689	285569	252132	3240	256518	0	2162	1146	0	29051	0	285569	0	0	28976	0	0	0	0	56260	195872			0	215212	213050	75	3910	0	0	0	29051	0	1982	
581237																																							14028	3113	0	0	0	945	0	923	144348	130337	289	130626	0	548	0	0	13722	350	144348	0	0	12023	0	0	1349	0	61336	69001			0	76229	75681	0	0	0	0	0	13722	0	49658	
581358																																							490	4197	65782	0	0	6703	0	8158	249971	203416	1097	227013	0	2215	22500	0	22958	650	249971	0	0	1945	0	0	23350	0	27937	175479			0	166849	164634	-2987	0	0	0	0	22958	7	0	
582654																																							2178	2022	35810	0	0	197	0	2544	99260	82526	240	88266	0	1717	5500	0	10994	120	99260	0	0	12134	0	0	580	0	17129	65397			0	54237	52520	-1840	3989	0	0	0	10994	0	0	
582878																																							5791	686	0	0	0	426	21	1597	40350	33666	1029	34695	0	411	0	0	5655	0	40350	0	0	5655	0	0	0	0	1	33665			0	31388	30977	0	252	0	0	0	5655	0	600	
582953																																							25258	11129	22054	0	616	15206	0	17609	508166	450012	5399	461303	0	5036	5000	0	46863	2000	508166	0	0	28840	0	0	17609	19929	67834	382178			0	394456	389420	-1586	0	0	0	892	46863	0	6945	
582971																																							21504	17403	137033	400	5820	23156	0	40155	1437160	1233232	14196	1307428	0	10189	60000	0	129732	0	1437160	0	0	139988	0	0	0	7879	319664	913568			0	1058463	1048274	-10256	0	0	0	0	129732	0	135536	
583071																																							7703	1119	14145	0	0	4325	0	11799	186457	139735	2357	158092	0	1882	16000	0	28365	0	186457	0	0	27318	679	0	0	0	13276	126459			0	148569	146687	1047	0	0	0	0	28365	0	0	
583268																																							91952	3489	36196	0	0	8887	694	19702	770199	658082	5652	663734	0	8586	0	0	106465	226	770199	0	0	93464	0	0	13591	0	114330	543752			0	617865	609279	-816	0	0	0	0	106465	0	0	
583352																																							91329	3862	146039	0	5108	8062	26	7330	588832	509489	3201	512690	0	6701	0	0	76142	1486	588832	0	0	67193	0	0	7792	0	186920	322569			0	333777	327076	-329	0	0	0	0	76142	0	0	
583754																																							89572	4285	10847	0	480	2118	0	17334	744484	603367	4690	648057	0	4627	40000	0	96427	200	744484	0	0	38843	0	0	57494	0	98039	505328			0	624475	619848	-110	0	0	0	0	96427	0	0	
583905																																							35813	5337	135909	0	6	22996	0	26507	1822337	1387979	20490	1583171	0	9285	174702	0	239166	0	1822337	0	0	246500	0	0	0	0	126750	1261229			0	1525557	1516272	-7334	0	0	0	0	239166	79497	0	
584377																																							48236	28885	516352	0	17105	59137	0	70135	1653440	1434949	42304	1507253	0	9316	30000	0	146187	10723	1653440	0	0	140024	0	0	39730	0	465918	969031			0	897394	888078	-44290	0	0	0	0	146187	0	25512	
584724																																							34084	12297	234205	0	682	33823	2540	46964	851705	657198	16242	777843	0	4261	75000	0	73862	2095	851705	0	0	46880	0	0	30092	0	149869	507329			0	491371	487110	-5205	0	0	0	29403	73862	0	0	
584920																																							313678	52733	968970	0	20799	59113	0	58977	4393903	3939912	20977	3960889	0	36504	0	0	433014	730	4393903	0	0	490030	0	0	26425	11766	1679770	2260142			0	2837576	2801072	-84171	0	0	0	0	433014	0	106795	
585749																																							18612	14661	204001	0	18732	12322	143	20282	1144270	1010151	6489	1028640	0	8591	12000	0	115630	625	1144270	0	0	90575	0	0	22175	0	194659	815492			0	862788	854197	2255	606	0	0	0	115630	714	0	
586027																																							792	2905	39139	274	0	941	0	19527	298680	199111	1936	201047	0	6241	0	0	97633	1089	298680	0	0	94400	0	0	2277	0	9430	189681			0	205625	199384	-133	26593	0	0	0	97633	209	8916	
586072																																							132306	9419	0	0	915	29288	60	8438	1056466	956275	5117	961392	0	11827	0	0	95074	0	1056466	0	0	55074	0	0	40000	2045	182593	773682			0	776448	764621	0	0	0	0	0	95074	0	109374	
586335																																							750	5828	57738	0	0	2292	0	3417	133546	117018	362	117380	0	555	0	0	16166	478	133546	0	0	10546	0	0	10450	0	27443	89575			0	57663	57108	-5308	6413	0	0	0	16166	0	0	
586960																																							12752	4470	64764	0	0	2348	0	7020	187410	162846	487	172333	0	1010	9000	0	15077	290	187410	0	0	15138	0	0	3710	0	43216	119630			0	97066	96056	-4061	0	0	0	0	15077	0	0	
587677																																							25495	2002	127597	0	359	4424	0	6971	431465	316877	1738	342515	0	2722	23900	0	88950	0	431465	0	0	93649	0	0	0	0	30895	285982			0	266852	264130	-4699	0	0	0	0	88950	487	0	
587800																																							114725	78513	1072027	31799	64701	58398	0	334636	8984131	6949290	150709	7811517	0	84736	711518	0	1172614	0	8984131	0	0	1229558	0	0	0	0	1701620	5247670			0	6984971	6900235	-56944	0	0	0	0	1172614	328097	1000	
588245																																							969	3444	13393	0	500	8123	0	3727	261187	223805	2776	234659	0	2853	8000	0	26528	80	261187	0	0	21507	0	0	4978	0	34979	188826			0	233884	231031	-37	0	0	78	0	26528	0	0	
588348																																							1274	899	65518	0	0	1023	1235	4340	292884	251779	599	255592	0	3476	3000	0	37292	94	292884	0	0	37251	0	0	2042	0	28308	223471			0	222071	218595	-2095	0	0	214	0	37292	0	0	
589158																																							735	3582	28784	0	0	1004	0	3161	154487	123148	3257	128205	0	1858	0	0	26282	125	154487	0	0	14611	0	0	11500	0	20153	102995			0	112920	111062	46	0	0	1800	0	26282	88	6071	
589523																																							115302	29101	447768	0	0	23964	0	39668	1555193	1397008	16898	1421690	0	11910	0	0	133503	3127	1555193	0	0	120906	0	0	31265	931	210738	1186270			0	901349	889439	-21795	9020	0	0	7784	133503	0	0	
589943																																							116124	12311	329909	0	17132	41121	9966	69588	1751191	1514104	12205	1596309	0	17864	70000	0	154882	5546	1751191	0	0	85710	0	0	86118	507	252269	1261835			0	1166273	1148409	-22492	5844	0	0	0	154882	280	0	
590220																																							59289	14040	357740	0	3702	14451	0	30813	1194143	1084382	9798	1094180	0	6420	0	0	99963	2459	1194143	0	0	84542	0	10655	18862	9019	269716	814666			0	689562	683142	-16555	0	0	0	0	99963	0	21947	
590640																																							36685	8193	343147	0	0	16147	0	26595	911006	772612	5879	808491	0	5152	30000	0	102515	830	911006	0	0	62226	1013	0	43527	147	116955	655657			0	484231	479079	-4068	0	0	0	0	102515	0	0	
590976																																							32666	1620	0	0	0	3485	0	12028	1096886	873690	13073	989833	0	7599	103070	0	107053	1	1096886	0	0	104556	0	0	2496	1879	23387	850303			0	1050307	1042708	0	2500	0	0	0	107053	0	0	
591209																																							33837	1189	118608	0	120	6798	0	22445	383228	300457	1112	341569	0	1352	40000	0	41659	0	383228	0	0	49723	0	0	0	0	7823	292634			0	201490	200138	-8064	0	0	0	0	41659	93	0	
591320																																							27763	13213	27319	0	850	24337	107	15159	814415	666715	3026	760603	0	6296	80000	0	53812	2000	814415	0	0	33512	0	0	30600	0	186646	480069			0	597987	591691	-12300	0	0	0	10862	53812	0	113976	
591357																																							594	2485	23846	0	58	1619	689	1500	110665	98773	1025	99798	0	602	0	0	10867	50	110665	0	0	11259	0	0	600	0	22353	76420			0	70859	70257	-1042	5077	4540	0	0	10867	0	0	
591366																																							52353	21328	83234	188	0	39677	6661	19974	683680	622092	4036	630825	0	4352	4697	0	52855	251	683680	0	0	29380	0	0	26369	0	185260	436832			0	464616	460264	-3145	0	0	0	0	52855	0	1	
592448																																							166093	28892	127372	0	3975	17229	734	67422	1286556	1072077	52124	1124201	0	13852	0	0	162355	100	1286556	0	0	97574	0	0	64794	18682	398631	673446			0	870009	856157	-113	0	0	0	0	162355	0	0	
592550																																							25533	3464	38834	0	11121	3861	0	7919	241503	205915	5140	211055	0	813	0	0	30448	450	241503	0	0	1150	0	0	28092	248	36642	169273			0	151336	150523	756	0	0	0	0	30448	0	0	
592644																																							100415	4916	126017	0	697	13670	5584	9980	889642	751916	6330	768246	0	8267	10000	0	121396	1775	889642	0	0	101683	0	0	16225	593	197386	554530			0	613241	604974	1713	0	0	0	0	121396	0	22796	
593007																																							25989	71503	930401	0	196881	73081	0	237633	6967049	5576246	76987	6242349	0	45276	334337	0	724700	2319	6967049	0	0	501256	11367	0	287413	15040	1151915	4424331			0	4965138	4919862	-66288	0	0	0	254779	724700	0	485292	
593052																																							25331	13724	87556	0	30874	36152	2260	33137	1308415	1050111	17830	1169941	0	10481	102000	0	138474	215	1308415	0	0	66367	0	0	74391	239725	194547	855564			0	850137	839656	-2499	0	0	0	0	138474	0	0	
593249																																							4480	10110	225762	0	479	2269	0	21266	555786	497883	2333	504977	0	3123	4761	0	50809	696	555786	0	0	32745	0	0	25104	0	91655	406228			0	227978	224855	-7736	3511	0	0	0	50809	0	63054	
593333																																							11430	3508	24186	0	0	1829	0	2934	151727	136986	1305	138699	0	1102	408	0	13028	100	151727	0	0	11118	0	0	2330	0	26159	110827			0	108942	107840	-520	0	0	0	0	13028	0	0	
593771																																							9926	0	0	0	0	0	0	2665	13027	8182	191	8373	0	0	0	0	4654	3278	13027	0	0	-5854	0	0	7630	0	195	7987			-400	0	0	0	0	0	0	0	4654	0	436	
593940																																							238	1747	37712	0	0	421	60	2284	85767	75453	327	76280	0	490	500	0	9487	600	85767	0	0	11378	0	0	1800	0	10385	65068			-1038	42402	41912	-3253	1362	0	0	0	9487	31	0	
594433																																							149576	37004	894335	0	26201	46438	20840	145796	2878211	2424986	22828	2700146	0	17460	250000	0	178065	60	2878211	0	0	232018	0	0	126089	3265	427483	1997503			0	1572216	1554756	-180102	0	0	0	2332	178065	0	0	
594451																																							36364	2152	110161	0	766	3349	276	40339	1004988	836057	15613	891670	0	10478	40000	0	113318	150	1004988	0	0	7582	0	0	109959	0	151289	684768			0	799082	788604	-4373	4226	0	0	0	113318	0	18751	
594853																																							170688	21554	340483	0	5261	24421	0	52783	1622375	1415631	21279	1483275	0	11887	46365	0	139100	2426	1622375	0	0	108380	0	0	51298	110	335699	1079932			0	1018962	1007075	-23004	0	0	0	0	139100	0	0	
594938																																							42714	10483	162116	0	291	4492	0	19564	638557	520905	3308	588557	0	3783	37564	0	50000	75	638557	0	0	55950	0	0	4725	386	67492	453413			0	390600	386817	-10750	0	0	0	26780	50000	0	11694	
594947																																							187842	53413	163946	35444	204955	79218	0	107867	4503074	3751912	40598	3902476	0	44374	109966	0	600598	1800	4503074	0	0	200505	0	0	403293	6243	1059122	2692790			0	3604652	3560278	-5000	10	0	0	0	600598	132	103726	
595270																																							319294	161307	6768864	933	270896	367964	11173	1609745	41367487	24559280	281797	37464043	0	221325	12622966	0	3903444	1000	41367487	0	0	3619867	0	0	190375	0	4470294	20088986			0	31977910	31756585	92202	0	0	0	0	3903444	0	100726	
595337																																							12092	1309	63356	0	0	1012	0	3242	164895	135402	702	136104	0	2080	0	0	28791	151	164895	0	0	29195	0	0	1959	0	23877	111525			0	85698	83618	-2514	200	0	0	0	28791	66	0	
595430																																							46368	8740	259731	0	56322	22255	184	97546	2503451	2075758	21490	2223882	0	9328	125513	0	279569	900	2503451	1121	1121	177997	0	0	110106	0	271415	1804343			0	1870339	1861011	-9434	5	0	0	0	279569	0	150168	
595869	1264706	159702	1658223	0	378380	120106	30338	366495	24213489	271337	21200331	0	195911	17582	0	3013158	6149	24213489	0	0	1401596	279119	0	1659813	0		0	20140375	19944464	-54400	0	0	3013158	11956	0	262170	27331	234839			1658223							20649242					17582					0	0						3495184	17154058							0	0	0	0		11957		
595944																																							5476	611	14343	0	273	476	0	3274	90239	68453	855	81669	0	814	12361	0	8570	192	90239	0	0	6570	0	0	1858	0	6188	62265			0	65351	64537	-50	1249	0	0	0	8570	0	0	
596062																																							78202	17539	259613	0	13662	22254	0	36820	1351861	1208220	10898	1219118	0	13815	0	0	132743	1000	1351861	0	0	95201	0	0	48148	987	383404	824816			0	932296	918481	-11606	845	0	0	0	132743	0	3458	
596156																																							725	10039	75460	0	0	10761	67	5615	673384	589649	8075	604408	0	6587	6000	0	68976	1440	673384	0	0	55008	0	0	14560	0	213579	376070			0	577304	570717	-2032	0	0	0	684	68976	0	0	
596277																																							255	921	0	0	0	1607	0	252	21611	19469	169	20138	0	275	500	0	1473	0	21611	0	0	1473	0	0	0	0	483	18986			0	18281	18006	0	500	0	0	0	1473	70	0	
596455																																							6580	2528	41844	0	0	4982	0	2129	261975	237601	1150	238751	0	2030	0	0	23224	405	261975	0	0	4268	0	0	19595	0	69764	167837			0	129932	127902	-1044	0	0	0	0	23224	0	76010	
596978																																							10742	2167	4061	0	716	3649	1019	12307	247632	185728	3726	210510	0	1826	21056	0	37122	0	247632	0	0	26758	0	0	12761	0	28672	157056			-1993	213406	211580	-404	926	0	0	0	37122	0	465	
597041																																							2294	2082	35423	0	3619	4998	0	5111	198618	165058	1465	184311	0	910	16882	0	14307	50	198618	0	0	-1174	0	0	20312	2882	24893	140165			0	141119	140209	-4881	0	0	906	0	14307	0	2000	
597313																																							52057	8129	116908	0	645	8892	0	21804	640858	559752	4154	575406	0	5170	11500	0	65452	213	640858	0	0	63068	0	0	7192	6151	149683	410069			0	418934	413764	-5021	0	0	0	0	65452	0	12508	
597452																																							73507	4892	9385	10	4220	6864	3057	9647	337683	295353	3536	298889	0	3994	0	0	38794	1156	337683	0	0	22675	0	0	14946	847	89474	205879			0	229248	225254	17	0	0	0	0	38794	0	0	
597546																																							18292	13577	97239	0	659	12952	252	16727	551388	484089	7863	509952	0	4444	18000	0	41436	200	551388	0	0	35375	0	0	12663	0	54529	429560			0	378026	373582	-6802	17093	0	0	0	41436	1015	0	
597658																																							20055	7678	60381	0	0	209	165	3518	170463	148679	583	155276	0	1895	0	0	15187	1000	170463	0	0	7898	0	0	10000	0	28098	120581			0	80352	78457	-3711	0	0	0	6014	15187	0	0	
598002																																							70846	6480	133568	0	0	8098	0	16616	838861	766815	8164	775404	0	5874	425	0	63457	0	838861	0	0	57707	0	0	13995	1088	107286	659529			0	606936	601062	-8245	1103	0	0	0	63457	0	0	
598048																																							790	10989	138110	0	1974	7248	517	22999	693380	589930	6689	632471	0	7667	31355	0	60909	979	693380	0	0	51241	0	0	17087	0	106017	483913			0	518420	510753	-8398	0	0	548	3949	60909	0	0	
598132																																							11541	956	14032	0	0	2827	0	652	67781	58273	102	58375	0	794	0	0	9406	390	67781	0	0	6017	0	0	3610	0	25343	32930			0	38567	37773	-611	0	0	0	0	9406	0	0	
598543																																							839	1880	26779	0	0	505	0	4546	103588	89745	500	93051	0	801	0	0	10537	419	103588	0	0	6773	0	0	4376	0	19867	69878			0	69539	68738	-1031	0	0	0	2806	10537	66	235	
599643																																							477	7905	36060	0	4155	3281	0	5727	261034	219564	2332	235140	0	2008	10000	0	25894	150	261034	0	0	19076	0	0	7623	0	24712	194852			0	205409	203401	-955	0	0	3244	0	25894	28	0	
599764																																							1099612	422518	1783603	1514	25268	63306	664	193550	6881835	6516976	41962	6558938	0	41090	0	0	322897	2500	6881835	0	0	378476	0	0	135943	6273	1659781	4857195			0	3326617	3285527	-194022	0	0	0	0	322897	0	0	
600419																																							5181	12125	163687	0	4102	32981	0	56421	1973005	1482200	25625	1807891	0	10974	300066	0	165114	408	1973005	2827	0	141616	412	0	33255	1200	203891	1278309			0	1699940	1688966	-10165	0	0	0	0	165114	2381	2722	
601032																																							5150	1948	8959	0	0	589	0	2082	42906	36793	648	37441	0	205	0	0	5465	100	42906	0	0	5185	0	0	400	0	8833	27960			0	24383	24178	-220	0	0	0	0	5465	0	0	
601041																																							156	3355	17079	0	0	413	0	1434	112073	94268	532	94800	0	1484	0	0	17273	200	112073	0	0	15699	0	0	1400	493	19492	74776			0	83225	81741	-26	7402	0	0	0	17273	0	0	
601050																																							2747599	811954	9094572	0	159850	480305	1838	797037	32722351	25937792	450564	29441197	220	179468	50059	0	3280934	10162	32722351	40476	13141	2578430	99659	0	1190344	4329	8503907	17433885			0	17771263	17591795	-498002	0	850000	128625	2861016	3281154	42937	0	
601153																																							5301	740	22130	0	0	1481	0	7817	181818	153067	1300	164367	0	1722	10000	0	17451	200	181818	0	0	13681	0	0	4300	0	26299	126768			0	144177	142455	-730	1894	0	0	0	17451	0	0	
601416																																							51613	50534	922472	0	50303	66296	94	368542	6235224	5289662	97490	5572971	0	47386	159000	0	662253	400	6235224	26817	26819	388203	0	0	306680	3365	1046038	4243624			0	4657866	4610480	-33030	0	0	0	0	662253	0	84708	
601443																																							43266	5372	8378	0	29	1875	0	3039	427009	370910	1862	372772	0	4669	0	0	54237	280	427009	0	0	53007	0	0	5720	0	48065	322845			0	250294	245625	-4770	1154	0	0	0	54237	0	118271	
601658																																							33673	8374	278052	23	2076	27023	16353	19879	1248145	1003293	2765	1101058	0	9548	95000	0	147087	500	1248145	0	0	40139	0	0	110454	0	203173	800120			0	863719	854171	-4006	8521	0	0	0	147087	0	0	
602543																																							18095	4150	82435	0	11719	5821	0	15388	474925	417935	3984	429705	0	3407	0	0	45220	1000	474925	0	0	24874	0	0	25139	2785	76461	341474			0	337939	334532	-5793	0	0	0	7786	45220	0	0	
602842																																							1995	205	0	0	0	47	0	1616	17002	13770	24	15154	0	125	1360	0	1848	400	17002	0	0	848	0	0	600	0	4733	9037			0	12059	11934	0	95	0	0	0	1848	0	1110	
603232																																							0	1360	2289	0	0	149	0	1209	69326	53004	488	53492	0	901	0	0	15834	225	69326	0	0	10017	0	0	5575	0	16894	36110			0	24586	23685	17	1353	0	0	0	15834	0	39281	
603540																																							4705	2244	16030	0	0	1683	0	2514	103232	88400	437	95913	0	1225	7076	0	7319	180	103232	0	0	5733	0	0	3020	0	16695	71705			0	76953	75728	-1614	328	0	0	0	7319	0	0	
603559																																							27	177	15288	0	0	230	0	1962	40991	33330	145	36876	0	414	3401	0	4115	100	40991	0	0	4386	0	0	667	0	7622	25708			0	22023	21609	-1038	1698	0	0	0	4115	0	0	
603755																																							6760	4082	27344	0	0	532	0	1670	61139	54947	280	55227	0	491	0	0	5912	237	61139	0	0	4095	0	0	1563	0	16912	38035			0	20747	20256	17	495	0	0	0	5912	0	0	
604024																																							71248	9116	254726	0	51	6534	0	19217	802192	706872	6646	735678	0	4866	835	0	66514	4905	802192	0	0	66795	0	0	5126	719	165278	541594			0	440809	435943	-10312	4573	0	0	21325	66514	65	0	
604033																																							8558	584	4684	0	0	81	0	309	23295	20876	59	20935	0	91	0	0	2360	54	23295	0	0	2357	0	0	246	0	5945	14931			0	6662	6571	-297	425	0	0	0	2360	0	2083	
604547																																							438	9203	28711	0	661	3925	0	7020	267455	200872	2239	234679	0	3605	0	0	32776	570	267455	0	0	29628	0	0	3006	0	43394	157478			0	219486	215881	-428	0	0	31568	0	32776	89	1527	
604640																																							30406	1223	9773	0	3564	2365	0	2924	166871	138121	1612	141478	0	619	1745	0	25393	300	166871	0	0	4071	0	0	21022	15575	8630	129491			0	101660	101041	0	0	0	0	0	25393	0	0	
605571																																							10864	1821	6004	0	0	3844	0	6623	156418	125834	266	126100	0	243	0	0	30318	0	156418	0	0	31885	0	0	0	0	10260	115574			0	71330	71087	-1567	1119	0	0	0	30318	0	55056	
605610																																							19623	3069	32054	0	176	3182	0	4373	287967	237895	3193	259088	0	2354	18000	0	28879	0	287967	1995	0	26217	0	0	4470	0	30809	207086			0	222403	220049	-1808	0	0	0	0	28879	0	3446	
605656																																							2300	4333	108523	0	944	12155	0	12597	480857	421319	2655	438714	0	4889	0	0	42143	282	480857	0	0	31311	0	0	10947	0	109716	311603			0	344894	340005	-397	0	0	0	14740	42143	0	0	
606046																																							1425266	778722	9117370	0	1775823	821515	11745	2022575	53529044	44139279	832075	47285383	0	495093	2252640	0	6243661	466555	53529044	28182	36561	3223807	497528	166993	2814628	267281	9429598	34709681			0	37246384	36751291	-428322	11241	0	0	24828	6243661	20505	0	
606176																																							48321	14262	337925	0	0	25411	2423	44856	1128948	844342	18530	1016259	0	11725	153387	0	112689	0	1128948	0	0	127553	0	0	2378	0	285787	558555			0	656846	645121	-17242	0	0	0	0	112689	895	9734	
606653																																							32304	4700	237449	0	1824	17393	138	29626	1344534	1165620	4805	1183225	0	14665	12333	0	161309	1300	1344534	0	0	110222	0	0	67700	0	234673	930947			0	1035765	1021100	-17913	0	0	0	467	161309	0	0	
607146																																							11721	2712	99045	0	0	1985	0	6025	568581	477577	4768	514444	0	4769	32099	0	54137	300	568581	0	0	45800	0	0	11950	0	25250	452327			0	448838	444069	-3913	1024	0	0	0	54137	0	2000	
608358																																							11662	2557	13417	0	0	956	0	2616	104404	87469	1064	88533	0	715	0	0	15871	400	104404	0	0	10998	0	0	4600	0	19791	67678			0	48259	47544	-127	25615	0	0	0	15871	37	0	
608844																																							48317	4024	215085	0	1850	10666	0	6898	597635	539721	2951	542672	0	3613	0	0	54963	2396	597635	0	0	37056	0	0	20390	664	170228	369493			0	313744	310131	-4879	0	0	0	0	54963	0	0	
609010																																							43613	2809	23223	0	18	3722	0	12919	409411	367964	2458	370422	0	4162	0	0	38989	350	409411	0	0	38912	0	0	440	0	24424	343540			0	327269	323107	-713	0	0	0	0	38989	0	0	
609467																																							32844	1653	10767	0	189	1377	0	2747	186022	151758	2295	154053	0	2517	0	0	31969	16097	186022	0	0	2738	0	2000	11100	0	8362	143396			0	137623	135106	34	0	0	0	0	31969	0	1339	
609476																																							21261	10952	0	0	0	5913	152	8092	553093	431963	1857	468820	0	2398	35000	0	84273	0	553093	0	0	84482	0	0	0	0	14854	417109			0	287201	284803	-209	0	0	0	0	84273	0	221920	
609609																																							164581	7865	118104	0	17	2932	0	28097	799671	564369	21132	585501	0	5087	0	0	214170	2501	799671	0	0	-23132	0	0	234895	0	119459	444910			0	478975	473888	-94	0	0	0	0	214170	0	4187	
609832																																							3971	6108	105844	0	3603	2457	0	10952	305175	276069	627	276696	0	1468	0	0	28479	800	305175	0	0	23312	0	0	8429	0	59646	216423			0	171948	170480	-4062	0	0	0	0	28479	66	1694	
610128																																							2567	10036	256541	0	0	2078	50	43730	651097	479844	3163	523507	0	3754	40500	0	127590	291	651097	0	0	140357	0	0	2000	0	161966	317878			0	281365	277611	-15058	6	0	0	0	127590	0	58478	
610164																																							28510	28576	55500	0	0	13224	209	8633	487454	424483	4180	428663	0	3728	0	0	58791	1000	487454	0	0	23715	0	0	40345	918	163208	261275			0	354144	350416	-6269	0	0	0	0	58791	1468	0	
610539																																							7764	1045	26676	0	0	270	0	1926	84692	79760	288	80048	0	667	0	0	4644	400	84692	0	0	3225	0	0	3538	0	22199	57561			0	47678	47011	-2519	0	0	0	0	4644	0	0	
610557																																							12197	4130	18232	0	837	11722	0	8454	310890	276747	1144	277891	0	2517	0	0	32999	1000	310890	0	0	7048	0	0	26000	0	75082	201665			0	257831	255314	-1049	0	0	0	0	32999	4	0	
610913																																							37341	5883	84293	0	251	6797	28	3817	362599	315961	4284	320860	0	2638	0	0	41739	2000	362599	0	0	39449	0	0	3508	0	120487	195474			0	226782	224144	-3218	45	0	0	615	41739	0	0	
611031																																							20439	1349	25257	0	0	3978	90	7626	256941	224046	3490	227536	0	2996	0	0	29405	150	256941	0	0	6766	0	0	22747	0	86569	137477			0	201198	198202	-258	0	0	0	0	29405	0	0	
612159																																							1444	8144	136722	0	9865	8497	0	14767	471789	387888	3197	414503	0	5165	18240	0	57286	1665	471789	0	0	20899	0	0	35747	0	77794	310094			0	297515	292350	-1025	0	0	0	5178	57286	0	0	
612878																																							10115	833	26996	0	633	2141	0	2794	130159	111176	299	111475	0	1064	0	0	18684	0	130159	0	0	19163	0	0	0	0	2503	108673			0	87711	86647	-479	0	0	0	0	18684	0	0	
613008																																							542132	230812	2004247	0	1226396	278177	2100	672996	24909975	20256765	301442	21034318	0	189877	416549	0	3875657	2044	24909975	64324	59562	553233	238374	0	3360134	35909	5763222	14493543			0	18503777	18313900	-39754	0	0	0	0	3875657	21581	1279027	
613156																																							40154	5365	28560	0	1069	12453	0	20499	564385	446483	5293	513163	0	3350	61387	0	51222	2500	564385	0	0	35181	0	0	16610	0	130750	315733			0	323319	319969	-3069	0	0	0	0	51222	0	136316	
613343																																							5770	17704	365520	0	22940	17664	0	57663	1794976	1495929	23494	1629840	0	15169	73950	0	165136	935	1794976	0	0	161581	0	0	29533	883	273281	1222648			0	1322001	1306832	-26913	0	0	0	36467	165136	0	0	
613400																																							42646	42024	569083	2183	10495	75745	0	238533	4479358	3613920	96689	4079976	0	19006	356840	0	399382	500	4479358	0	0	430157	2443	0	0	0	628766	2985154			0	3510207	3491201	-31275	5005	0	0	12527	399382	0	0	
613558																																							53625	14686	20168	0	19712	43558	0	35809	1199730	1036107	8807	1069278	0	10435	24364	0	130452	800	1199730	0	0	61346	0	0	68529	670	235764	800343			0	1021937	1011502	-223	0	0	0	0	130452	0	0	
613679																																							11234	7123	89850	88	8119	12368	254	25961	605018	487566	3771	551337	0	4945	60000	0	53681	1	605018	0	0	27757	0	0	32381	0	37293	450273			0	454129	449184	-6458	0	0	0	0	53681	837	0	
613839																																							2260	5666	869	975	841	8886	0	7117	424869	344544	1556	378450	0	4444	31000	0	46419	400	424869	0	0	36099	0	0	16000	0	90644	253900			0	270769	266325	-6080	0	0	1350	0	46419	0	131930	
613950																																							101535	364386	1421558	0	0	119260	538	135921	4507588	3985172	170005	4219063	0	27796	0	0	288525	1464	4507588	0	0	147941	0	0	257148	16911	2369524	1615648			0	2192268	2164472	-118028	0	0	0	63886	288525	1116	181891	
613978																																							16021	3090	16277	0	0	890	0	1784	164764	145100	439	145539	0	1200	0	0	19225	0	164764	0	0	20341	0	0	0	0	15876	129224			0	112361	111161	-1116	14841	0	0	0	19225	140	560	
614256																																							37	3489	46565	0	0	1433	0	3468	98395	84115	649	94264	0	504	9500	0	4131	100	98395	0	0	7426	0	0	1534	0	14933	69182			0	41898	41394	-4929	100	0	0	0	4131	0	1909	
614313																																							54650	13757	188627	0	41821	20539	0	51213	1536850	1317530	17860	1380172	0	16114	35552	0	156678	5500	1536850	0	0	105713	0	0	66946	1761	264268	1053262			0	1180596	1164482	-21481	0	0	0	9230	156678	0	0	
614368																																							199744	11792	146407	30	0	35451	412	35862	978794	882748	2240	884988	0	7949	0	0	93806	500	978794	0	0	90237	0	0	8045	1807	278965	603783			0	555232	547283	-4976	6	0	0	0	93806	0	0	
614751																																							28369	3454	66055	0	0	7089	0	5519	274696	239625	1922	251547	0	3445	10000	0	23149	750	274696	0	0	7888	0	0	19250	0	76746	162879			0	167655	164210	-4739	0	0	0	0	23149	0	0	
614948																																							6395	1279	92421	0	70	1763	0	11427	306614	256675	1930	277835	0	1927	19230	0	28779	750	306614	0	0	29924	0	0	750	0	46077	210598			0	194857	192930	-2645	261	0	0	0	28779	68	0	
615217																																							141818	14644	185581	0	0	3502	0	34008	1180148	987697	4896	1078300	0	9189	0	0	101848	2895	1180148	0	0	123312	0	0	2895	0	242430	745267			0	746040	736851	-27254	1552	0	0	85707	101848	3353	58839	
615253																																							39905	2317	97770	0	0	204	2	3098	201274	176177	1163	177340	0	1899	0	0	23934	1000	201274	0	0	14319	0	0	11500	0	36532	139645			0	59811	57912	-2885	0	0	0	0	23934	66	0	
615851																																							6961	2074	68729	3	0	2451	0	5100	235080	204183	438	204621	0	2321	0	0	30459	94	235080	0	0	34284	2	0	377	690	38455	165728			0	140401	138080	-4296	9570	0	0	0	30459	0	1420	
615879																																							26718	538	0	0	1014	1024	0	1256	125679	94191	2018	96209	0	1450	0	0	29470	0	125679	0	0	29470	0	0	0	0	3534	90657			0	96579	95129	0	0	0	0	0	29470	0	0	
615954																																							75893	14056	5758	0	0	15044	0	33377	1052047	812186	10369	962555	167	11432	140000	0	89325	1660	1052047	0	0	39412	0	0	48864	0	202543	609643			0	875339	863907	-611	795	0	0	0	89492	0	43217	
616036																																							17970	21916	152646	0	1345	11134	0	17151	656916	550444	9752	560196	0	14792	0	0	96720	1000	656916	0	0	47403	0	0	48000	0	194873	355571			0	372443	357651	317	0	0	0	0	96720	0	77103	
616540																																							2638	3670	26616	0	3787	1072	0	8680	194161	162626	1889	166765	0	2181	250	0	27396	400	194161	0	0	21810	0	0	5645	0	34569	128057			0	136461	134280	-459	13418	0	0	2000	27396	0	0	
617079																																							8480	634	4392	0	398	1460	0	1506	57460	39626	591	48217	0	399	8000	0	9243	1	57460	0	0	217	0	0	9293	0	3028	36598			0	40989	40590	-268	0	0	0	0	9243	0	0	
617145																																							291	6461	48650	0	581	2779	3	4257	221290	194464	554	196524	0	1748	0	0	24766	360	221290	0	0	11640	0	0	15723	0	40813	153651			0	160016	158268	-2957	0	0	1506	0	24766	0	0	
617275																																							14289	332	3010	0	0	118	0	2642	72204	57530	562	58092	0	740	0	0	14112	1050	72204	0	0	8935	0	0	4359	0	17169	40361			-236	52514	51774	4	39	0	0	0	14112	0	0	
617743																																							1498	5785	35157	0	4486	1373	0	6776	273724	212293	1027	231470	0	4422	18150	0	42254	200	273724	0	0	30679	0	0	11590	0	39597	172696			0	223071	218649	-215	0	0	0	0	42254	0	0	
618647																																							157	606	10114	0	0	782	0	2166	69920	57999	254	63253	0	637	5000	0	6667	100	69920	0	0	6662	0	0	200	0	10968	47031			0	54120	53483	-295	2612	0	0	0	6667	0	0	
618740																																							100053	7466	55983	0	6644	13944	0	32435	860833	781985	4666	787254	0	8185	603	0	73579	5000	860833	0	0	54991	0	0	19572	10922	128847	653138			0	641571	633386	-5984	0	0	0	0	73579	0	0	
618777																																							5973	592	0	0	0	401	0	654	60785	47508	243	47751	0	239	0	0	13034	0	60785	0	0	13034	0	0	0	0	11590	35918			0	45479	45240	0	6910	0	0	0	13034	0	1015	
618807																																							47760	27795	414409	0	110509	46560	10225	240760	8538245	5955731	94502	7574822	0	79004	1442605	0	963423	500	8538245	0	0	898165	0	0	58252	6404	1027686	4928045			0	6594487	6515483	6506	0	0	0	81984	963423	193	1118147	
619701																																							129741	15713	267617	0	15202	29009	0	79635	2832798	2207788	33067	2507279	0	22018	260000	0	325519	500	2832798	6033	6424	238005	0	0	99879	400	443238	1764550			0	2298466	2276448	-12865	0	0	0	0	325519	0	13000	
619859																																							4587	4568	51608	1	288	10413	48	8712	208453	184526	924	197950	0	1301	12500	0	10503	300	208453	0	0	9450	0	0	7434	0	65877	118649			0	129529	128228	-6681	0	0	0	0	10503	0	0	
619877	8013000	3498000	15797000	0	0	14000	1000	3274000	107989000	1912000	102729000	0	1902000	7426000	0	5260000	18000	107989000	0	0	5954000	17000	275000	3148000	608000		0	44439000	42537000	-4135000	0	0	5260000	44000	34186000													93391000																	398000	92993000							0		0					
621151																																							2446	1973	38872	0	0	345	0	2006	113355	90090	385	91184	0	739	709	0	22171	563	113355	0	0	19537	0	0	3000	0	21542	68548			0	63397	62658	-929	5055	0	0	0	22171	0	0	
621357																																							99964	8268	3170	0	508	9006	0	3177	491391	430642	2120	432762	0	5338	0	0	58629	6269	491391	0	0	42436	0	0	10491	2029	114740	315902			-476	369556	364218	-91	200	0	0	0	58629	0	851	
621441																																							13259	6214	77330	0	2498	4687	116	11406	324277	274627	5179	288936	0	3157	9130	0	35341	200	324277	0	0	23673	0	0	13992	0	61431	213196			0	211924	208767	-2524	0	0	0	0	35341	0	0	
622037																																							44920	6186	51691	0	0	17898	2567	9992	630904	569640	3190	572830	0	7792	0	0	58074	300	630904	0	0	56684	0	0	2133	0	149483	420157			0	500589	492797	-1043	0	0	0	0	58074	0	4853	
622774																																							2909	23367	551606	0	6320	37486	864	32214	2051229	1682249	19498	1742532	0	43720	0	0	308697	528	2051229	0	0	320351	0	0	1572	4458	513709	1168540			0	1362912	1319192	-13754	69700	0	0	40785	308697	3113	0	
623052																																							16184	7620	307884	0	0	564	0	7364	436744	386101	1279	387380	0	1709	0	0	49364	2000	436744	0	0	45020	0	0	2000	0	164225	221876			0	78837	77128	344	20000	0	0	0	49364	0	0	
623454																																							30842	7952	143349	0	2473	15934	0	15893	584833	530550	5033	535583	0	4273	0	0	49250	2990	584833	0	0	35783	0	0	20927	0	192996	337554			0	372663	368390	-10450	0	0	0	0	49250	0	0	
623548																																							3005	2405	45710	0	0	4997	72	7174	250704	226608	1948	228556	0	1573	0	0	22148	800	250704	0	0	22531	0	0	967	162	40010	186598			0	163634	162061	-2150	25118	0	0	0	22148	0	0	
623874																																							19379	3615	16859	0	924	4621	0	10664	295454	254756	1666	256422	0	1420	0	0	39032	0	295454	0	0	40722	0	0	0	0	19638	235118			0	213952	212532	-1690	0	0	0	0	39032	0	26860	
624246																																							15280	7793	14861	0	3063	12241	0	18372	540109	453218	3822	486540	0	5407	29500	0	53569	1250	540109	0	0	23992	0	0	29008	0	121661	331557			0	473906	468499	-681	0	0	0	0	53569	0	0	
624648																																							2611	2714	34667	0	0	1316	0	5875	213388	166931	401	188748	0	2207	21416	0	24640	120	213388	0	0	24753	0	0	1880	0	26125	140806			-312	167817	165610	-1801	595	0	0	0	24640	0	0	
624778																																							78004	7903	170814	0	0	14244	365	37516	1010960	852631	5168	857799	0	1804	0	0	153161	0	1010960	0	0	158130	0	0	0	0	38121	814510			0	702736	700932	-4969	0	0	0	0	153161	1182	0	
624956																																							32722	5181	0	0	131	2256	0	4524	203372	183896	244	184140	0	2284	0	0	19232	400	203372	0	0	9232	0	0	9600	1100	72818	111078			0	138017	135733	0	0	0	0	0	19232	6	21719	
625056																																							12735	5055	40876	0	0	304	0	2759	93424	81112	413	81525	0	646	0	0	11899	360	93424	0	0	6887	0	0	4690	0	30188	50924			0	27341	26695	-38	5000	0	0	0	11899	0	0	
625065																																							26258	3002	57844	0	0	10241	250	15258	462831	401039	3779	404818	0	3956	0	0	58013	3000	462831	0	0	9026	0	0	50591	0	91961	309079			0	350934	346978	-4604	1000	0	0	0	58013	0	2000	
625159																																							8	6423	487347	0	7094	10162	0	16528	736936	657878	3316	661387	0	2760	0	0	75549	1000	736936	0	0	67752	0	0	25000	0	183647	474231			0	158976	156216	-18203	50275	0	0	193	75549	2708	175	
625757																																							43468	8982	107872	0	0	1922	0	11172	330950	297063	313	297376	0	1542	0	0	33574	405	330950	0	0	25599	0	0	6295	0	29945	267118			0	154965	153423	1275	2896	0	0	0	33574	0	1215	
625850																																							27984	6547	0	0	0	2819	0	3371	351593	268457	691	301148	0	3978	32000	0	50445	600	351593	0	0	45157	0	0	4688	0	38544	229913			0	314850	310872	0	0	0	0	0	50445	0	0	
625953																																							30952	3511	55273	116	0	2275	15	9929	155037	136026	1646	137672	0	751	0	0	17365	197	155037	0	0	12727	0	0	9313	0	48975	87051			0	53717	52966	-4872	0	0	0	0	17365	0	0	
626101																																							45679	10869	138468	0	2110	27167	0	67397	1680205	1352410	19656	1457625	0	18056	85559	0	222580	0	1680205	0	0	218349	0	0	10000	27844	403379	949031			0	1372932	1354876	-5769	1012	0	0	0	222580	4783	0	
627108																																							48344	3014	131638	0	18	18775	0	26640	1039087	782657	28195	830179	0	6160	19327	0	208908	0	1039087	0	0	208413	0	0	0	0	56555	726102			0	726208	720048	495	0	0	0	0	208908	90610	0	
627854																																							0	25496	0	0	0	1982	167	4782	381788	250104	829	273933	0	2064	23000	0	107855	3	381788	0	0	107316	0	0	536	0	52169	197935			0	317208	315144	0	4763	0	0	0	107855	0	29454	
628039																																							41645	1786	46130	0	0	876	0	1357	143757	127057	330	127387	0	2149	0	0	16370	100	143757	0	0	5632	0	0	14327	0	69053	58004			0	54084	51935	-3689	0	0	0	0	16370	0	28	
628123																																							3711	1777	103469	0	317	2341	0	19808	359945	332382	2183	338607	0	2716	4042	0	21338	5688	359945	0	0	25160	0	0	5875	0	104158	228224			0	231221	228505	-15385	17	0	0	0	21338	0	0	
628356																																							5155	5116	13086	0	0	2129	0	3169	353458	317972	1953	322625	0	2263	2700	0	30833	300	353458	0	0	25238	0	0	6014	0	66784	251188			0	254016	251753	-719	341	0	0	0	30833	0	72709	
628552																																							22454	3197	44773	0	1216	8253	130	8917	397020	340819	3204	354023	0	2940	10000	0	42997	500	397020	0	0	26461	0	0	17761	0	54658	286161			0	309020	306080	-1725	2000	0	0	0	42997	0	0	
629148																																							336	6900	36083	0	156	5187	231	9269	189713	167114	3233	178009	0	837	7662	0	11704	100	189713	0	0	13603	0	0	2569	0	23619	143495			0	124088	123251	-4568	8300	0	0	0	11704	0	0	
629353																																							100174	11463	235831	2069	14886	27365	441	8338	866367	750153	3624	768777	0	6047	15000	0	97590	2000	866367	0	0	85796	0	0	10190	0	240006	510147			0	471847	465800	-396	0	0	0	0	97590	0	0	
629522																																							18744	6895	75700	0	2850	7180	215	17394	422265	374527	3411	377938	0	2700	0	0	44327	100	422265	0	0	42823	0	0	5767	0	113627	260900			0	295987	293287	-4363	0	0	0	0	44327	0	0	
629746																																							2185	5473	41832	0	118	3213	0	3635	210384	183883	796	193179	0	1609	8500	0	17205	653	210384	0	0	16099	0	0	1888	0	32289	151594			0	142208	140599	-1435	2027	0	0	0	17205	0	11302	
630041																																							6109	1372	5758	0	0	469	0	505	32659	29165	165	29330	0	170	0	0	3329	50	32659	0	0	2780	0	0	575	0	5986	23179			0	16948	16778	-76	1109	0	0	0	3329	0	559	
630340																																							2751	815	19740	0	0	342	0	927	98627	81018	333	87395	0	1030	5000	0	11232	200	98627	0	0	11096	0	0	1200	0	27047	53971			0	75082	74052	-1264	0	0	1044	0	11232	0	0	
630555																																							73038	4850	116822	0	0	19891	0	16545	628770	563595	7223	570868	0	6623	50	0	57902	14000	628770	0	0	21199	0	0	31750	0	163581	400014			0	392152	385529	-9047	0	0	0	0	57902	0	12095	
630658																																							14071	4085	193270	0	3032	8105	0	4549	442078	373859	3944	377803	0	3120	0	0	64275	479	442078	0	0	59166	0	0	13006	0	171684	202175			0	218086	214966	-8376	0	0	0	0	64275	0	0	
631039																																							10043	3033	2154	0	0	10580	0	9282	327683	288457	1377	296834	0	2061	7000	0	30849	15046	327683	0	0	-1014	0	0	20648	0	100244	188213			0	231388	229327	-3831	0	0	0	0	30849	0	63264	
631150																																							47603	7824	22364	0	0	11071	576	8860	397918	357734	2958	360692	0	3170	0	0	37226	240	397918	0	0	29803	0	0	7496	0	79443	278291			0	302790	299620	-313	0	0	0	0	37226	0	0	
631178																																							27206	5317	36704	0	241	2940	0	9001	381445	317136	3685	339821	0	2879	10000	0	41624	1	381445	0	0	38339	0	0	4125	0	48852	268284			0	302842	299963	-841	0	0	9000	0	41624	73	0	
631422																																							163048	20549	442387	0	0	15595	0	31112	1948354	1621432	14766	1763979	0	9147	0	0	184375	1935	1948354	0	0	182358	0	0	1936	0	444611	1176821			0	835422	826275	-1854	0	0	0	127781	184375	0	449388	
631570																																							48208	6162	1404	0	108	9809	0	24911	1227875	884267	12009	1109336	0	5634	213060	0	118539	1	1227875	0	0	54346	0	0	64175	0	78927	805340			0	1043288	1037654	17	0	0	0	0	118539	721	98898	
632410																																							257	10067	348855	0	143	11149	0	32059	891361	806715	2070	824587	0	6204	15802	0	66774	701	891361	0	0	84545	0	0	7652	0	224539	582176			0	459330	453126	-26124	35705	0	0	0	66774	0	0	
632607																																							17102	8874	199378	0	689	21281	0	43450	1469308	1137418	6807	1331750	0	9179	187525	0	137558	1	1469308	0	0	148261	0	0	9	0	146595	990823			0	1187478	1178299	-10713	235	0	0	0	137558	0	0	
632858																																							39653	1481	65996	0	0	14789	0	6032	588365	466055	2125	520180	0	6136	52000	0	68185	800	588365	0	0	8319	0	0	60453	0	52264	413791			0	464306	458170	-1387	0	0	0	0	68185	2244	0	
633378																																							104883	28577	1000397	0	114776	53621	0	473554	7605829	5736456	38146	6891185	0	44958	1116583	0	714644	50000	7605829	0	0	-140675	0	0	890279	8786	647109	5089347			-17997	5753393	5708435	-66963	0	0	0	0	714644	0	112800	
633640																																							12703	2169	65074	0	0	8560	0	6938	235158	214934	465	215524	0	1782	125	0	19634	280	235158	0	0	18854	0	0	3755	0	58693	156241			0	141496	139714	-3255	0	0	0	0	19634	0	0	
634544																																							8121	2682	1974	0	50	2176	1519	5747	195906	157850	1450	174500	0	2298	15200	0	21406	50	195906	0	0	15524	0	0	5900	0	37642	120208			0	175846	173548	-68	89	0	0	0	21406	0	0	
634955																																							2016	6221	98915	0	1033	3831	0	14942	298185	259940	4000	268700	0	2771	0	0	29485	1000	298185	0	0	16472	0	0	16815	0	60689	199251			0	173956	171185	-4802	42	0	4760	0	29485	0	0	
635840																																							1124	20129	162553	0	6502	10512	0	25872	648646	570819	5212	585395	0	5056	9364	0	63251	1000	648646	0	0	36190	0	0	29123	338	195007	375812			0	426672	421616	-3062	0	0	0	0	63251	0	0	
635907																																							12581	6307	114454	0	0	18069	0	46667	1112593	880195	11503	997172	0	9402	105474	0	115421	0	1112593	0	0	126780	0	0	1	0	122679	757516			0	898270	888868	-11360	307	0	0	0	115421	25340	0	
636276																																							3352	1545	85701	0	0	5050	0	28639	402685	252019	2850	313369	0	2865	58500	0	89316	0	402685	0	0	92320	0	0	0	0	20913	231106			0	276889	274024	-3004	41	0	0	0	89316	0	4333	
636753																																							3654	1812	20091	0	0	163	0	1791	80223	62346	258	67704	0	709	0	0	12519	100	80223	0	0	13126	0	0	300	0	17805	44541			0	53421	52712	-1007	0	0	5100	0	12519	0	0	
636771																																							86152	52235	495909	0	60794	46139	777	222557	5499615	4819251	112453	5008704	0	63445	77000	0	490911	200	5499615	0	0	222606	0	0	325793	9031	1088485	3730766			0	4279943	4216498	-57688	0	0	0	0	490911	0	309523	
637170																																							393	13905	72065	0	3192	10047	0	18888	782859	632468	4191	715674	0	6986	79015	0	67185	1	782859	0	0	54989	0	0	13449	308	128193	504275			0	670980	663994	-1254	0	0	0	0	67185	67	0	
637451																																							1026848	102562	1429056	2202	283118	106415	8020	198161	12749613	10914073	122783	11242100	1776	91510	47633	0	1505737	8857	12749613	33686	4403	588074	0	0	988790	950142	2894719	8019354			0	7967419	7875909	-79984	650	4250	153208	0	1507513	265	728329	
637554																																							50	2869	47836	0	0	12278	0	3328	584463	486556	1331	487887	0	6524	0	0	96576	1097	584463	0	0	98744	0	0	1163	0	105994	380562			-2640	470342	463818	-1788	54284	0	0	0	96576	0	0	
638131																																							6636	2680	88110	0	0	3273	1458	3911	278408	249083	1298	250381	0	1812	0	0	28027	1000	278408	0	0	30978	0	0	1000	0	61170	187913			0	174152	172340	-4951	0	0	0	0	28027	0	0	
638355																																							76445	2011	0	0	0	3135	977	3957	265894	238655	552	239207	0	1648	0	0	26687	875	265894	0	0	24937	0	0	875	0	73811	164844			0	155207	153559	0	0	0	0	0	26687	0	25810	
638850																																							84790	3660	86911	0	0	713	0	6061	203114	156570	2027	158597	0	683	0	0	44517	1400	203114	0	0	40027	0	0	2800	0	54295	102275			0	21662	20979	290	0	0	0	0	44517	0	0	
639549																																							11285	3258	238162	0	3117	4627	285	26278	774911	604453	7268	679222	0	5582	15475	0	95689	650	774911	0	0	96705	0	0	6253	793	116092	488361			0	492633	487051	-7919	0	0	0	52026	95689	55	0	
639567																																							208168	628	0	0	11106	54761	0	209858	1966557	1085400	327609	1413009	0	248739	0	0	553548	1500	1966557	0	0	519509	0	0	32539	0	786	1084614			0	1710913	1462174	0	5853	0	0	0	553548	14009	0	
639633																																							21833	8995	53913	0	0	943	0	2594	299215	264849	1964	268476	0	2966	0	0	30739	100	299215	0	0	28391	0	0	3000	0	69563	195286			0	213903	210937	-752	0	0	0	1663	30739	0	0	
639857																																							286	935	5091	0	0	335	207	635	52598	47923	114	48037	0	362	0	0	4561	600	52598	0	0	-106	0	0	4510	0	18919	29004			0	35515	35153	-443	9956	0	0	0	4561	0	0	
640143																																							6820	1271	30655	1007	9262	2899	692	1408	134806	113985	1135	115120	0	738	0	0	19686	100	134806	0	0	269	0	0	18792	0	34116	79869			0	81530	80792	525	0	0	0	0	19686	0	0	
640246																																							1501	10133	260968	0	5327	8050	0	40750	623140	421060	7510	559004	0	3858	130000	0	64136	5400	623140	0	0	71175	0	0	5400	0	40586	380474			0	300267	296409	-17839	2	0	0	434	64136	0	0	
640442																																							560	4119	22317	0	0	3949	0	7860	300105	252914	3050	269349	0	3225	11785	0	30756	300	300105	0	0	26606	0	0	4100	0	44094	208820			0	264525	261300	-250	0	0	1600	0	30756	0	0	
640956																																							5523	4531	81332	0	219	2252	0	2879	245109	219272	669	219941	0	2035	0	0	25168	800	245109	0	0	22512	0	0	6785	0	43070	176202			0	148064	146029	-4929	2278	0	0	0	25168	66	0	
641449																																							16848	1202	91143	0	0	837	0	6286	167962	151712	876	157409	0	353	3328	0	10553	250	167962	0	0	18747	0	0	250	0	30535	121177			0	51277	50924	-8694	722	0	0	1493	10553	0	0	
641579																																							36397	2233	70217	0	0	8585	0	1329	264025	226510	357	232760	0	1541	0	0	31265	310	264025	0	0	26887	0	0	7090	0	97133	129377			0	146805	145264	-3022	0	0	0	5893	31265	0	0	
642437																																							1564	4292	85860	0	642	4899	0	10276	273956	231146	1709	248930	0	2032	16075	0	25026	300	273956	0	0	19354	0	0	12423	0	47141	184005			0	168455	166423	-7051	0	0	0	0	25026	0	0	
643078																																							43117	233	0	0	0	1474	4929	18929	366521	237490	5933	260423	0	3177	17000	0	106098	270	366521	0	0	52256	0	0	53572	0	4751	232739			0	281267	278090	0	0	0	0	0	106098	0	19749	
643274																																							210	907	13138	0	0	123	0	3459	55509	36437	29	50066	0	329	13600	0	5443	105	55509	0	0	4480	0	0	1895	0	534	35903			0	35382	35053	-1037	2619	0	0	0	5443	0	0	
643340																																							97291	6389	198365	0	44010	7482	0	16154	571776	475440	551	475991	0	2398	0	0	95785	1600	571776	0	0	0	0	0	94185	0	133773	341667			0	203718	201320	0	765	0	0	0	95785	0	0	
643658																																							19747	840	15377	0	0	1735	0	2645	109908	92408	273	93128	0	1133	447	0	16780	212	109908	0	0	12634	0	0	4045	0	32166	60242			0	70697	69564	-111	0	0	0	0	16780	0	0	
644057																																							1479	1137	4200	0	0	424	0	951	58199	47946	63	49843	0	811	0	0	8356	400	58199	0	0	7332	0	0	600	0	12895	35051			0	50819	50008	24	0	0	1834	0	8356	0	0	
644141																																							7152	3236	42789	3	0	1148	0	5090	119879	106677	767	107444	0	510	0	0	12435	205	119879	0	0	5113	0	0	8795	0	39786	66891			0	56106	55596	-1678	0	0	0	0	12435	0	4865	
644646																																							8737	3329	50679	0	0	914	0	6181	181110	145762	742	146504	0	1414	0	0	34606	991	181110	0	0	34711	0	0	2100	0	30232	115530			0	108438	107024	-3196	4050	0	0	0	34606	196	0	
644776																																							6489	1902	25834	0	0	2808	0	17614	367874	292351	2654	341802	0	2277	46797	0	26072	200	367874	0	0	20052	0	0	6290	0	11328	281023			0	302715	300438	-470	0	0	0	0	26072	0	12789	
644842																																							1427	5064	19493	0	0	4385	0	14173	270755	231189	1707	243006	0	3021	10110	0	27749	0	270755	0	0	17790	0	0	10500	0	41793	189396			0	221234	218213	-541	8000	0	0	0	27749	0	0	
644954																																							0	0	0	0	0	117	0	1259	12633	500	2599	3099	0	0	0	0	9534	10	12633	0	0	5601	0	0	3923	0	0	500			0	0	0	0	0	0	0	0	9534	3285	7972	
644963																																							58267	6993	24033	0	0	1355	0	4608	156456	138017	1646	139663	0	954	0	0	16793	50	156456	0	0	16526	0	0	150	0	38243	99774			0	62154	61200	67	0	0	0	0	16793	0	0	
645157																																							11926	4144	29648	0	17	3373	0	5271	222602	199340	506	199846	0	1626	0	0	22756	110	222602	0	0	18347	0	0	4559	0	52354	146986			0	169099	167473	-260	0	0	0	0	22756	0	750	
645317																																							331602	18382	314221	0	21462	36307	135	71217	1785369	1562060	27322	1595145	57	19971	0	0	190167	3846	1785369	0	0	182061	0	0	7507	0	395645	1166415			0	1012014	992043	-3247	0	0	0	5763	190224	0	0	
645465																																							333875	5253	105832	0	5827	31945	9239	78161	2541208	2209633	16735	2236368	0	22214	10000	0	304840	1800	2541208	0	0	154805	0	0	150510	0	465061	1744572			0	1950581	1928367	-2275	0	0	0	0	304840	0	42709	
645540																																							85014	5206	52604	0	0	6427	0	3701	377778	341439	1298	342737	0	5746	0	0	35041	342	377778	0	0	32743	0	0	1900	0	85417	256022			0	230470	224724	56	0	0	0	0	35041	102	0	
645577																																							20260	2219	1342	0	0	3176	0	8918	204894	157436	2841	174477	0	2097	14200	0	30417	0	204894	0	0	30414	0	0	0	0	22131	135305			0	171076	168979	3	0	0	0	0	30417	0	0	
645625																																							745651	215659	3288332	0	1723386	261132	619	1124759	27619827	21831113	284805	23459361	0	218749	1232764	0	4160466	13778	27619827	28182	0	1153484	0	0	3126524	87454	5539031	16292082			0	19228829	19010080	-133320	0	0	0	110679	4160466	2627	1131946	
646042																																							10008	1499	33542	0	0	1306	0	4290	143695	130013	328	130341	0	955	0	0	13354	480	143695	0	0	9093	0	0	3710	0	26755	103258			0	94005	93050	71	0	0	0	0	13354	0	0	
646145																																							25051	5699	182535	0	0	4027	42	7131	439395	305799	2862	403512	0	3066	0	0	35883	500	439395	0	0	18231	0	0	19500	0	90727	215072			0	215091	212025	-2348	2885	0	0	94851	35883	0	0	
646172																																							62956	5381	0	0	94	7313	0	5586	581010	408893	4841	413734	0	6015	0	0	167276	0	581010	0	0	167276	1106	0	0	0	165293	243600			0	504242	498227	0	0	0	0	0	167276	347	0	
646444																																							80638	332	0	0	1221	1994	0	2813	215854	178445	1872	180317	0	1966	0	0	35537	1085	215854	0	0	1184	0	0	33268	0	55454	122991			0	125884	123918	0	0	0	0	0	35537	1789	3149	
646471																																							2890	215	0	0	0	10	0	604	17463	13417	49	13466	0	94	0	0	3997	0	17463	0	0	843	0	0	3154	0	0	13417			0	13838	13744	0	0	0	0	0	3997	0	0	
646556																																							19332	10737	6195	0	3850	13628	0	12094	492806	439263	1715	440978	0	5065	0	0	51828	2075	492806	0	0	31084	0	0	18761	0	98966	340297			0	416523	411458	-92	130	15301	0	0	51828	81	0	
646743																																							16127	3849	138831	0	5257	13170	0	9849	618449	493875	3913	565020	0	4961	55272	0	53429	221	618449	0	0	33542	0	0	30954	0	90779	403096			0	433574	428613	-11288	2605	0	0	11960	53429	148	0	
646873																																							7975	1708	16030	0	313	3950	0	7291	314166	248238	2592	288215	0	1995	37385	0	25951	0	314166	0	0	25904	0	0	0	280	40190	208048			0	274800	272805	47	3814	0	0	0	25951	0	0	
647218																																							95997	12648	124043	0	0	8375	0	16980	814885	737007	3344	740351	0	7295	0	0	74534	1189	814885	0	0	65581	0	0	11507	850	176029	560978			0	562049	554754	-3743	67	0	0	0	74534	0	1171	
647245																																							201	3507	78128	0	0	1537	0	17919	401451	324299	1673	380008	0	1708	51546	0	21443	1375	401451	0	0	25190	0	0	10961	0	46180	278119			0	253173	251465	-16083	19	0	0	2490	21443	648	48027	
647414																																							16523	2949	71114	0	0	1491	0	1513	189499	171387	520	175425	0	1192	0	0	14074	375	189499	0	0	15949	0	0	625	0	35198	136189			-221	93151	91959	-2654	163	0	0	3518	14074	0	3787	
647759																																							1406	4380	46400	0	0	3851	0	8787	191498	180652	1732	182393	0	1933	9	0	9105	450	191498	0	0	12987	0	0	4050	0	39190	141462			0	128550	126617	-8382	57	0	0	0	9105	0	0	
647777																																							5177	1559	26809	3	78	3901	0	2189	184598	165133	424	165557	0	300	0	0	19041	0	184598	0	0	19901	0	0	0	220	4516	160617			0	144611	144311	-860	0	0	0	0	19041	0	351	
647955																																							15517	790	8524	0	960	2881	0	1596	110274	97418	179	99597	0	1231	2000	0	10677	600	110274	0	0	3114	0	0	7593	0	19209	78209			0	80397	79166	-630	0	0	0	0	10677	0	840	
648130																																							196632	6748	81386	0	0	17174	0	40666	1365487	1150488	10719	1231695	0	11664	50000	0	133792	12500	1365487	0	0	73644	0	0	49239	0	283355	867133			0	820036	808372	-1591	0	0	0	20488	133792	3716	210793	
648242																																							130566	16498	245314	0	3954	81461	125	47972	3791470	3179251	24366	3488617	0	21942	285000	0	302853	1486	3791470	0	0	150800	0	0	189072	220	515644	2663607			0	2112099	2090157	-38505	3020	0	0	0	302853	0	1172183	
648251																																							41688	4946	29339	0	0	5315	38	9059	281987	251518	955	252473	0	2305	0	0	29514	200	281987	0	0	28315	0	0	800	369	83948	167570			0	193538	191233	199	0	0	0	0	29514	0	0	
648345																																							8206	1096	27728	0	0	1258	111	1154	140646	125503	861	127364	0	1433	1000	0	13282	1200	140646	0	0	6667	0	0	5300	0	18069	107434			0	94752	93319	115	0	0	0	0	13282	0	7774	
648550																																							30269	2168	3535	0	0	908	0	3785	133305	116839	166	117005	0	1792	0	0	16300	867	133305	0	0	14356	0	0	1090	0	55774	61065			0	94432	92640	-13	0	0	0	0	16300	0	0	
649342																																							48965	4799	92447	0	4888	16483	207	11324	523441	394236	16646	464198	0	5776	53000	0	59243	100	523441	0	0	33786	0	0	25783	0	70426	323810			0	350104	344328	-426	0	0	0	316	59243	0	0	
649632																																							7887	2567	10341	0	633	657	0	1289	78095	71086	303	71389	0	573	0	0	6706	1	78095	0	0	-4022	0	0	11230	0	12033	59053			0	55294	54721	-503	0	0	0	0	6706	0	0	
651121																																							24262	7784	119043	0	591	10204	0	22501	561380	496359	3336	509695	0	1187	10000	0	51685	6616	561380	0	0	48401	0	0	5981	0	142065	354294			0	229925	228738	-9313	0	0	0	0	51685	0	148257	
651149																																							9643	899	10071	0	0	1222	0	2939	73971	67147	597	67744	0	580	0	0	6227	124	73971	0	0	2540	0	0	3676	0	12035	55112			0	49741	49161	-113	0	0	0	0	6227	36	0	
651158																																							9745	1866	67297	0	2165	450	0	4781	157993	141187	974	142161	0	804	0	0	15832	450	157993	0	0	11083	0	0	8320	0	37511	103676			0	68331	67527	-4021	4162	0	0	0	15832	0	0	
651448	61000	7545	0	0	0	0	0	1898	70443	0	500	0	0	0	0	69943	1000	70443	0	0	13290	0	0	55653	0		0	0	0	0	0	0	69943	0	0													500																	0	500							0		0					
651541																																							24956	2481	47413	0	0	3104	0	9332	330646	279363	1416	304247	0	2485	23468	0	26399	400	330646	0	0	15480	0	0	10369	195	49585	229778			0	245650	243165	150	0	0	0	0	26399	0	0	
651859																																							21362	101577	2008171	0	28171	212220	0	205514	7583294	6228838	52444	6851466	0	91353	364700	0	731828	6500	7583294	0	0	361112	0	0	368500	22970	1648646	4580192			0	5074307	4982954	-4284	254	0	4675	200809	731828	101	0	
651952																																							40364	1793	17566	0	0	8340	0	6378	169937	150403	1357	151760	0	1850	0	0	18177	106	169937	0	0	15534	0	0	3006	0	53726	96677			0	97346	95496	-469	0	0	0	0	18177	0	0	
652043																																							598	5255	76445	0	13368	4008	80	9133	440816	378018	2436	394490	0	3595	14036	0	46326	78	440816	0	0	31493	0	0	23757	0	93216	284802			0	327447	323852	-9002	7914	0	0	0	46326	163	0	
652070																																							29461	940	0	0	608	1203	0	4729	76228	57661	1167	58828	0	269	0	0	17400	0	76228	0	0	17400	0	0	0	0	5968	51693			0	37016	36747	0	0	0	0	0	17400	0	2540	
652874																																							938828	39267	2346128	0	17157	1217	34898	674728	13937262	10798449	80937	12729386	0	40510	1850000	0	1207876	0	13937262	0	0	567129	431106	0	686705	230004	1499861	9298588			0	9258942	9218432	-45958	0	0	0	0	1207876	5497	0	
652959																																							5007	955	0	0	0	73	0	645	26576	23557	42	24099	0	160	500	0	2477	100	26576	0	0	2177	0	0	200	0	5830	17727			0	13956	13796	0	0	0	0	0	2477	0	6100	
653134																																							58877	8021	132445	0	0	6796	385	15862	467175	341758	833	406608	0	3425	0	64017	60567	2009	467175	0	0	57650	0	0	12193	0	112139	229619			-7700	248214	244789	-3585	0	0	0	0	60567	0	0	
653433																																							23954	5505	53506	0	0	998	0	7117	170676	147229	4214	151443	0	1530	0	0	19233	240	170676	0	0	20134	0	0	2260	0	37960	109269			0	73161	71631	-3401	0	0	0	0	19233	0	7965	
653611																																							78167	15799	49487	0	0	9406	0	31091	988719	832721	9657	890378	0	9714	48000	0	98341	4867	988719	0	0	81229	0	0	11894	920	160317	672404			0	813563	803849	351	0	0	0	0	98341	0	0	
653778																																							9129	1181	97210	0	0	1706	0	16858	276510	207362	3849	235211	0	1250	24000	0	41299	0	276510	0	0	47997	0	0	0	0	6771	200591			0	151666	150416	-6698	0	0	0	0	41299	10	0	
653947																																							23642	2284	48694	0	961	12588	0	6422	460238	417530	2033	419563	0	5775	0	0	40675	700	460238	0	0	33139	0	0	9217	0	91390	326140			0	371422	365647	-2381	0	0	0	0	40675	0	0	
654047																																							23937	1079	6637	0	3615	614	0	1271	80549	64805	244	65049	0	542	0	0	15500	6559	80549	0	0	-1428	0	0	10282	0	8463	56342			0	43938	43396	87	0	0	0	0	15500	0	0	
654300																																							7692	1583	39495	0	4	1981	0	16533	305936	240663	1502	277915	0	1544	35750	0	28021	0	305936	0	0	28936	0	0	0	0	29026	211637			0	240192	238648	-915	0	0	0	0	28021	0	0	
654579																																							1802	42	0	0	0	190	0	744	43608	20890	231	30121	0	360	9000	0	13487	0	43608	0	0	13487	0	0	0	0	3751	17139			0	41190	40830	0	0	0	0	0	13487	0	0	
655530																																							16450	1098	12412	0	0	538	507	1933	65115	55889	768	56657	0	261	0	0	8458	75	65115	0	0	1952	0	0	6500	0	21293	34596			0	31312	31051	-69	876	0	0	0	8458	0	250	
655839																																							63448	10160	63492	0	0	8708	0	11538	663231	596206	5514	601720	0	6240	0	0	61511	49	663231	0	0	48082	0	0	20084	0	181279	414927			0	503770	497530	-6704	8355	0	0	0	61511	0	0	
656032																																							7541	2948	95858	0	452	2780	0	5695	313690	258906	1950	284368	0	2431	20431	0	29322	150	313690	0	0	28293	0	0	5060	107	54362	204544			0	133047	130616	-4181	0	0	0	3081	29322	40	67653	
656377																																							573855	161011	4142280	0	443084	312222	8738	1011223	27269094	21505529	271544	24213605	0	199539	2436532	0	3055489	0	27269094	0	0	2193917	0	0	799668	0	2801403	18704126			0	20051426	19851887	61904	0	0	0	0	3055489	0	764794	
656470																																							96931	24352	480103	0	6066	53109	532	80992	2600812	2285822	22839	2308661	0	24159	0	0	292151	255	2600812	0	0	301189	0	0	6444	3068	588841	1696981			0	1879402	1855243	-15737	416	0	0	0	292151	0	0	
656658																																							26060	3693	48493	0	9092	3456	0	7332	234554	195284	4491	199775	0	1413	0	0	34779	700	234554	0	0	3642	0	0	30585	0	64769	130515			0	117172	115759	-148	3219	0	0	0	34779	0	17450	
656779																																							12237	1540	4480	0	0	2366	0	5174	144903	120383	975	121358	0	1472	0	0	23545	0	144903	0	0	23896	0	0	0	0	2642	117741			0	119731	118259	-351	0	0	0	0	23545	3	844	
657178																																							7620	704	4453	0	0	933	0	5597	147395	114516	2747	126263	0	1040	9000	0	21132	0	147395	0	0	20877	0	0	0	0	2559	111957			0	126023	124983	255	0	0	0	0	21132	0	3105	
657271																																							281832	48417	474949	1516	21448	83286	376	127879	3982369	3562395	35286	3622681	0	20520	25000	0	359688	0	3982369	0	0	378096	0	0	0	7166	481392	3081003			0	2952274	2931754	-18408	0	0	0	0	359688	0	3746	
657365																																							147456	65386	834396	0	17490	52175	1980	170278	7822274	6686435	110625	6949628	0	69903	150000	0	872646	14	7822274	2579	2568	345179	29666	0	570740	7403	1892274	4794161			0	6563368	6493465	-43287	0	0	0	0	872646	0	0	
657459																																							57976	19467	319378	0	18060	18448	616	161572	2980633	2459375	44104	2611581	0	31123	90000	0	369052	12886	2980633	2939	2939	194697	0	0	161956	12016	97238	2362137			0	2401284	2370161	-487	0	0	0	15163	369052	0	0	
657758																																							31240	2351	33685	0	1901	707	0	7035	162958	129201	1258	146459	0	1824	16000	0	16499	1300	162958	0	0	8400	0	0	7300	0	51519	77682			0	87863	86039	-501	0	0	0	0	16499	0	0	
657954																																							196	4145	55783	216	243	5280	0	9568	243630	222208	1728	226436	0	1855	2500	0	17194	400	243630	0	0	6325	0	0	15450	0	37310	184898			0	152902	151047	-4981	17000	0	0	0	17194	152	0	
658072																																							14208	391	0	0	0	1227	0	2104	89061	81097	791	81888	0	398	0	0	7173	0	89061	0	0	7173	0	0	0	0	11307	69790			0	54433	54035	0	0	0	0	0	7173	0	17096	
658474																																							8912	178	0	0	0	372	0	1381	115617	80807	337	81144	0	589	0	0	34473	0	115617	0	0	34473	0	0	0	0	477	80330			0	84441	83852	0	0	0	0	0	34473	0	20922	
658924																																							51867	3988	18957	0	0	2091	0	1433	184660	158865	1503	160368	0	1550	0	0	24292	500	184660	0	0	23397	0	0	500	0	60395	98470			0	98809	97259	-105	143	0	0	0	24292	0	8922	
659341																																							7293	8553	152620	0	204	17399	0	8854	659873	598603	2451	601054	0	5935	0	0	58819	2660	659873	0	0	60105	0	0	4109	161	83381	515222			0	470633	464698	-8055	91	0	0	0	58819	0	0	
659556																																							19779	9686	14087	0	562	3407	0	10956	284264	254137	1741	255878	0	3139	0	0	28386	500	284264	0	0	26567	0	0	2300	0	35137	219000			0	221656	218517	-981	6684	0	0	0	28386	0	586	
659640																																							14903	63	5198	0	0	2840	0	1110	83557	68968	966	69934	0	591	0	0	13623	60	83557	0	0	5356	0	0	8212	0	17560	51408			0	60034	59443	-5	0	0	0	0	13623	0	0	
659855																																							952660	357021	5288140	5547	1175822	401061	3431	932248	26568494	22396621	219741	23197180	0	191432	23998	0	3371314	50000	26568494	26576	77260	384258	0	0	3115194	73589	5595105	16801516			0	15201674	15010242	-178138	61	0	0	479560	3371314	0	2342096	
660066																																							16017	2250	82058	0	0	1747	0	1091	147817	134272	261	134533	0	148	0	0	13284	585	147817	0	0	12583	0	0	2415	0	56870	77402			0	44802	44654	-2299	0	0	0	0	13284	0	0	
660253																																							3200	2824	0	0	0	1083	0	7846	142850	112766	547	128874	0	1361	15561	0	13976	23	142850	0	0	2976	0	0	10977	0	17681	95085			0	127643	126282	0	0	0	0	0	13976	27	1588	
660271																																							16979	9478	143223	0	1518	5840	756	11630	501242	413970	3938	461628	0	3594	0	0	39614	3009	501242	0	0	31209	0	0	8896	1268	76756	337214			0	308715	305121	-3500	0	0	0	43720	39614	0	5429	
660570																																							37933	812	18787	0	0	3122	0	15976	455994	358987	11078	413339	0	4451	43274	0	42655	15840	455994	0	0	28526	0	0	0	0	26921	332066			-2173	356046	351595	462	27769	0	0	0	42655	0	0	
660655																																							224010	40185	1029024	0	29005	36567	476	69566	5227427	4590804	31662	4689347	0	44507	47804	0	538080	3270	5227427	0	0	387304	0	0	182265	3199	973758	3617046			0	3836538	3792031	-34759	0	0	0	19077	538080	3364	0	
660879																																							38089	1379	0	0	0	716	0	613	85899	76170	384	76554	0	711	0	0	9345	983	85899	0	0	7918	0	0	469	0	18850	57320			-25	45813	45102	0	0	0	0	0	9345	0	0	
660927																																							56821	3949	7448	0	0	8042	0	13881	728366	652345	4819	657164	0	6664	0	0	71202	15076	728366	0	0	37547	0	0	18589	0	149043	503302			0	543005	536341	-10	0	0	0	0	71202	0	101884	
661072																																							1624	2502	9824	0	108	5136	0	4795	174434	149409	1776	152185	0	913	1000	0	22249	0	174434	0	0	18409	0	0	4138	7094	17023	132386			0	143491	142578	-298	710	0	0	0	22249	0	63	
661223																																							6486	4030	114629	0	0	1374	194	3668	261722	226064	523	229587	0	2845	3000	0	32135	200	261722	0	0	33461	0	0	500	0	46550	179514			-1628	134031	131186	-398	155	0	0	0	32135	0	0	
661308																																							286716	4501	1783552	7979	13849	14287	0	254138	8867199	7992617	56112	8054489	0	57586	5760	0	812710	310	8867199	0	0	526660	0	0	317828	2814	3277794	4714823			0	4957273	4899687	-32088	0	48662	0	0	812710	0	1551014	
661474																																							11496	840	0	0	0	725	0	7224	98041	63211	1281	64492	0	700	0	0	33549	0	98041	0	0	33549	0	0	0	0	0	63211			0	65157	64457	0	0	0	0	0	33549	0	13299	
662350																																							706	966	8074	0	0	6283	0	5117	113865	87770	1206	104692	0	830	11679	0	9173	480	113865	0	0	2191	0	0	7520	0	12160	75610			0	87247	86417	-1018	0	0	4037	0	9173	0	6302	
662369																																							64214	71414	625330	25000	27409	41523	1565	153584	3826215	2883364	67206	3384123	0	21480	92700	0	442092	73335	3826215	0	0	307055	0	0	84876	0	1002551	1880813			0	2546845	2525365	-23174	0	0	210000	130853	442092	0	290811	
662949																																							44751	3709	138383	0	0	4995	0	3178	466961	380672	3718	397991	0	1961	563	0	68970	800	466961	0	0	63427	0	0	6700	0	88501	292171			0	263867	261906	-1957	0	10039	0	13038	68970	0	0	
663245																																							331574	380419	3266203	0	1405089	539863	12008	1246082	24498708	20726455	266687	21301122	0	224377	286597	0	3197586	35	24498708	11685	0	109761	0	0	3380919	17438	4872355	15854100			0	17492179	17267802	-293129	0	0	400	20983	3197586	20545	0	
663638																																							682	1375	49474	0	0	385	0	1896	100639	77284	238	90644	0	721	10842	0	9995	1191	100639	0	0	10019	0	0	1509	0	10507	66777			0	47513	46792	-2724	0	0	2280	0	9995	35	0	
663656																																							7434	69	0	0	140	1220	0	2468	73025	68126	569	68695	0	1712	0	0	4330	625	73025	0	0	-7850	0	0	11555	0	22199	45927			0	63406	61694	0	0	0	0	0	4330	0	0	
663834																																							167496	34129	807333	0	1020	84743	192	264836	7436315	6271808	110166	6738930	0	83844	356956	0	697385	8500	7436315	0	0	554460	0	0	150519	600	1734849	4536959			0	5975746	5891902	-16094	0	0	0	0	697385	1788	182276	
663955																																							39658	1435	37434	0	2455	2912	804	23676	511566	424111	9692	435003	0	3704	1200	0	76563	486	511566	0	0	62705	0	0	9514	0	30006	394105			0	406896	403192	3858	0	0	0	0	76563	0	0	
664206																																							92758	43900	585973	0	8537	110335	0	222307	5600777	4467044	56940	5022898	0	22793	458914	0	577879	1	5600777	0	0	592794	0	0	0	33943	227340	4239704			0	4489167	4466374	-14916	0	0	40000	0	577879	0	36650	
664653																																							116414	2352	49462	0	0	14229	0	14151	392959	334771	6294	341065	0	2028	0	0	51894	4982	392959	0	0	13258	0	0	34552	0	47881	286890			0	198379	196351	-898	0	0	0	0	51894	0	0	
664756																																							1397414	351494	338197	1140	3550749	409022	13296	650234	38458815	28768719	169083	31089068	0	333742	1950000	0	7369747	520	38458815	198	50	2031153	0	0	5338370	14155	9754156	19014563			0	21791213	21457471	-296	217	0	0	201216	7369747	0	10275228	
665146																																							9446	3363	73643	0	4154	3152	1473	14478	335274	273436	1841	299494	0	2588	24217	0	35780	1005	335274	0	0	29820	0	0	8388	42	38797	234639			0	227487	224899	-3433	557	0	0	0	35780	67	0	
665258																																							1812	2174	10234	0	759	981	0	4872	112051	94665	476	95141	0	1282	0	0	16910	150	112051	0	0	16378	0	0	375	0	27731	66934			0	84501	83219	7	8000	0	0	0	16910	0	0	
665865																																							24223	5059	280143	1602	546	11670	0	9893	943297	844084	2561	846645	0	5348	0	0	96652	105	943297	0	0	105661	0	0	7896	0	191720	652364			0	586145	580797	-17010	23810	0	0	0	96652	0	5554	
666059																																							146179	1715	30764	0	0	64504	0	23602	1196604	1070420	9603	1080023	0	12778	0	0	116581	50	1196604	0	0	44052	10560	0	75913	0	95939	974481			0	932058	919280	-3434	0	0	0	0	116581	0	0	
666358																																							13487	1498	19426	0	0	310	0	1241	69856	49172	329	61412	0	720	122	0	8444	848	69856	0	0	1209	0	0	6718	0	20891	28281			0	34614	33894	-331	0	0	0	11789	8444	0	0	
666554																																							1143	3430	0	0	0	4205	0	9067	593699	399153	785	460933	0	2614	0	0	132766	180	593699	0	0	53210	0	0	81503	0	72651	326502			0	268208	265594	-2127	0	0	5000	55995	132766	0	310260	
666844																																							2752	1146	70868	0	741	678	0	3656	192041	150897	1068	162265	0	1241	10300	0	29776	200	192041	0	0	25851	0	0	6262	0	27710	123187			0	113441	112200	-2537	0	0	0	0	29776	0	0	
666974																																							10406	1432	14387	0	0	2384	171	4210	278891	245354	396	246015	0	1158	265	0	32876	0	278891	0	0	32814	0	0	0	0	23011	222343			0	242650	241492	62	4409	0	0	0	32876	0	0	
667029																																							46866	4379	173036	0	7067	2858	0	9865	415050	376746	2005	380231	0	1533	0	0	34819	144	415050	0	0	27181	0	0	17808	0	58041	318705			0	172512	170979	-10314	0	0	0	1480	34819	0	0	
667346																																							9534	2971	37706	0	1230	2531	0	4582	149395	122851	858	133709	0	916	10000	0	15686	700	149395	0	0	9813	0	0	6223	0	44320	78531			0	91757	90841	-1050	0	0	0	0	15686	0	0	
667524																																							36928	2864	40996	783	0	2094	214	2300	228115	203724	947	204671	0	1569	0	0	23444	150	228115	0	0	24505	0	0	529	0	59397	144327			0	143289	141720	-1740	216	0	0	0	23444	0	0	
667551																																							1742	1002	47898	0	32	1194	0	3681	126135	106203	957	117030	0	976	9870	0	9105	150	126135	0	0	10250	0	0	2000	0	28338	77865			0	71562	70586	-3295	0	0	0	0	9105	0	0	
667757																																							351095	73122	1117176	10086	130649	174801	650	157813	9620310	8348199	109865	8490091	0	96782	5913	0	1130219	5	9620310	19192	12977	446549	0	0	738089	1032	2020776	6327423			0	7670917	7574135	-54424	0	0	0	13137	1130219	0	10559	
668053																																							163	874	8	40	568	377	0	725	62623	51244	396	55640	0	542	4000	0	6983	720	62623	0	0	2493	0	0	3770	0	9958	41286			0	54200	53658	0	6210	0	0	0	6983	0	0	
668147																																							666	290	41506	0	200	4229	0	7886	256847	223119	1733	235374	0	2281	9400	0	21473	600	256847	0	0	22181	0	0	1900	0	24891	198228			0	204033	201752	-3208	0	0	0	1122	21473	318	0	
669555																																							12369	11545	218181	0	1892	38282	151	32600	1252928	1044708	3998	1147901	0	13584	99195	0	105027	1000	1252928	0	0	41458	0	0	74000	1163	128302	916406			0	940119	926535	-11431	0	10210	0	0	105027	0	0	
670430																																							6359	3254	52272	0	0	6060	534	8181	239483	220353	776	221129	0	1532	0	0	18354	150	239483	0	0	22761	0	0	4152	0	78960	141393			0	144399	142867	-8709	19956	0	0	0	18354	0	0	
670467																																							45904	34712	476595	0	36481	53133	226	95473	2238358	1819010	48594	1965459	0	19959	0	0	272899	2365	2238358	0	0	164506	0	0	116519	0	858392	960618			0	1515793	1495834	-10491	0	0	0	97855	272899	0	0	
670560																																							422686	0	599	0	0	22637	0	95343	541265	0	265781	265781	0	0	0	0	275484	50000	541265	0	0	167557	0	0	57927	0	0	0	2a	1231	0	0	0	0	0	0	0	0	275484	0	0	
670654																																							13407	3335	0	0	0	40	0	669	88099	79604	190	79794	0	700	0	0	8305	225	88099	0	0	305	0	0	7775	0	21527	58077			0	71348	70648	0	0	0	0	0	8305	0	0	
670748																																							10310	2433	34845	0	5324	1287	93	4401	120998	99243	542	104785	0	1193	5000	0	16213	400	120998	0	0	734	0	0	14238	0	18135	81108			0	63498	62305	841	0	0	0	0	16213	0	0	
670878																																							3062	2143	54107	0	0	4804	0	32030	572248	399656	8577	508611	0	2992	100378	0	63637	0	572248	0	0	67686	0	0	0	0	49622	350034			0	479094	476102	-4049	0	0	0	0	63637	0	0	
671053																																							759	1279	8004	0	0	2276	0	1539	90011	79974	220	82694	0	932	0	0	7317	120	90011	0	0	6617	0	0	1120	0	13011	66963			0	77086	76154	-540	0	0	2500	0	7317	0	0	
671147																																							100	8338	42504	0	2937	5795	0	9836	772931	681950	4024	692174	0	6904	0	0	80757	1200	772931	0	0	66782	0	0	15432	176	97743	584207			0	710149	703245	-2657	0	0	6200	0	80757	0	0	
671334																																							245833	172438	479236	0	0	60692	61654	19484	2722839	2334420	25440	2364860	0	20130	5000	0	357979	469	2722839	0	0	280123	0	0	93204	0	746270	1588150			0	1687380	1667250	-15817	0	0	0	0	357979	0	16252	
671464																																							435510	124549	1833082	41237	539097	105305	365	543807	18526390	15620679	254267	16159868	0	156661	284922	0	2366522	16441	18526390	0	0	786637	27940	0	1711751	86905	3389296	12231383			0	14701012	14544351	-148307	0	0	0	0	2366522	4460	239782	
671558																																							106404	25653	145548	0	0	14284	30	43232	1288585	1157311	7591	1164902	0	12671	0	0	123683	800	1288585	0	0	121687	0	0	9933	103	167669	989642			0	962922	950251	-8737	1115	0	0	0	123683	1965	0	
672238																																							4527	1627	30845	0	0	382	0	2429	76334	65497	362	67744	0	255	1885	0	8590	50	76334	0	0	9142	0	0	110	0	16795	48702			0	34959	34704	-712	0	0	0	0	8590	0	1820	
672247																																							693	5334	44646	0	0	1460	101	3321	174001	146524	1004	157922	0	1213	10000	0	16079	1125	174001	0	0	13763	0	0	4430	0	26260	120264			0	119190	117977	-3239	469	0	394	0	16079	0	0	
672537																																							21427	3542	125440	958	0	3322	0	8726	392141	336583	1687	340470	0	2570	0	0	51671	1	392141	0	0	53620	0	0	6410	0	143769	192814			0	202116	199546	-8360	6504	22676	0	2200	51671	0	0	
672573																																							19978	1622	4416	0	0	7064	0	10361	314248	276195	1239	286345	0	750	8911	0	27903	1	314248	0	0	28323	0	0	0	0	31821	244374			0	198241	197491	-421	0	0	0	0	27903	0	73316	
673244																																							266	1320	34805	0	1551	1442	0	4592	123102	101740	751	105991	0	1027	3500	0	17111	635	123102	0	0	5105	0	0	12219	0	22553	79187			0	79201	78174	-848	952	0	0	0	17111	0	0	
673440																																							313706	72811	3263328	14463	14636	152940	150	123955	8360743	6564353	10367	7170967	0	111715	4978	200000	1189776	600	8360743	0	0	1270527	0	0	91507	6411	1329835	5234518			0	4494133	4382418	-172858	15925	0	0	391269	1189776	0	0	
673477																																							2435	68	5807	0	0	70	0	449	40859	26891	41	29553	0	272	2621	0	11306	0	40859	0	0	11506	0	0	0	0	45	26846			0	32117	31845	-200	0	0	0	0	11306	185	0	
673851																																							13845	1113	4610	0	0	5329	0	5002	149616	132262	423	132685	0	1112	0	0	16931	196	149616	0	0	12876	0	0	4016	0	44269	87993			0	120829	119717	-157	0	0	0	0	16931	0	0	
673909																																							362197	6683	0	0	0	17116	0	99080	4542678	2567067	32088	4062970	0	28555	1463815	0	479708	2182	4542678	0	0	461530	0	0	16004	0	469935	2097132			0	3927587	3899032	-8	0	0	0	0	479708	151071	7499	
674344																																							39370	1899	0	0	365	2403	0	4140	149080	131252	1463	132715	0	618	0	0	16365	50	149080	0	0	14575	0	0	1740	0	27572	103680			0	94897	94279	0	702	0	0	0	16365	0	5922	
674849																																							28927	10748	329822	0	6956	12148	0	41829	2209415	1849819	15099	2001418	0	18161	136500	0	207997	250	2209415	0	0	111373	0	0	105751	1060	94358	1755461			0	1792940	1774779	-9377	3146	0	0	0	207997	0	0	
675042																																							2404	3637	24467	0	0	1763	0	3966	137131	121796	733	122529	0	830	0	0	14602	400	137131	0	0	9714	0	0	5096	0	26131	95665			0	93806	92976	-608	164	0	0	0	14602	133	7621	
675079																																							48267	2808	29572	0	0	6112	423	7816	495999	445999	1476	447475	0	3370	0	0	48524	1174	495999	0	0	33232	0	0	18315	0	30104	415895			0	401454	398084	-4197	0	0	0	0	48524	0	2917	
675248																																							5346	2548	45377	0	56	452	0	2941	155143	132017	1105	143122	0	1453	10000	0	12021	118	155143	0	0	12082	0	0	2343	0	21638	110379			0	94050	92597	-2522	5826	0	0	0	12021	0	0	
675341																																							2464	610	19307	0	0	82	0	888	30950	26072	1159	27231	0	403	0	0	3719	300	30950	0	0	1491	0	0	3100	0	4623	21449			0	6273	5870	-1172	1729	0	0	0	3719	0	0	
675659																																							105	2953	73233	0	143	655	0	2551	191200	173955	1003	177600	0	918	2642	0	13600	1000	191200	0	0	12612	0	0	3915	0	23352	150603			0	87865	86947	-3927	24545	0	0	0	13600	68	0	
675855																																							13570	3328	12753	0	0	4764	2	4239	121253	108542	322	108864	0	725	0	0	12389	1487	121253	0	0	5165	0	0	5704	0	39663	68879			0	82697	81972	33	625	0	0	0	12389	0	0	
676049																																							250	3442	32710	0	0	1689	36	2836	251376	205589	767	226356	0	1494	20000	0	25020	1000	251376	0	0	23370	0	0	2500	0	40037	165552			0	173409	171915	-1850	850	0	0	0	25020	0	37648	
676151																																							34791	10842	103621	65	7312	7908	0	19468	599398	500889	4949	552066	0	5681	40500	0	47332	600	599398	0	0	36440	0	0	26606	0	126281	374608			0	419773	414092	-16314	1100	0	0	5728	47332	199	0	
677176																																							679858	50617	310364	0	553	74346	1394	118744	6440470	5557429	71488	5916174	0	52205	0	0	524296	29427	6440470	0	0	376931	0	0	107914	0	814787	4742642			0	5252460	5200255	10024	0	0	287257	0	524296	0	4339	
677354																																							18561	3729	63432	0	0	742	0	1829	161618	150648	1915	152953	0	762	390	0	8665	100	161618	0	0	10362	0	0	2450	0	60490	90158			0	71529	70767	-4247	0	0	0	0	8665	2558	0	
677448																																							2683	6130	57471	0	5051	2859	0	8847	378401	295350	1186	337450	0	2869	11119	0	40951	100	378401	0	0	34671	0	0	6600	0	30103	265247			0	281684	278815	-420	0	0	0	29795	40951	31	16514	
677644																																							2930	27887	360438	0	51310	27329	56	87688	1953484	1618196	14422	1735411	0	17584	95070	0	218073	10	1953484	0	0	61458	0	0	174082	377	239668	1378528			0	1380746	1363162	-17477	31684	0	0	7723	218073	0	623	
677756																																							861	3351	59115	0	0	583	0	4694	150265	108145	796	129541	0	726	20600	0	20724	200	150265	0	0	17828	0	0	3800	0	25878	82267			0	82320	81594	-1104	0	0	0	0	20724	67	0	
677970																																							8803	2836	17843	0	473	5167	50	6725	257648	230948	1223	232171	0	2355	0	0	25477	0	257648	0	0	25721	0	0	0	0	40453	190495			0	218106	215751	-244	0	0	0	0	25477	0	0	
678052																																							13383	1787	15197	0	0	414	0	278	43479	36828	20	36848	0	227	0	0	6631	200	43479	0	0	5989	0	0	1400	0	24326	12502			0	12647	12420	-958	0	0	0	0	6631	0	0	
678070																																							14305	1641	210521	0	0	1373	0	26513	316160	221599	3295	242894	0	513	18000	0	73266	0	316160	0	0	77804	0	0	0	0	8336	213263			0	55314	54801	-4538	0	0	0	0	73266	113	6893	
678258																																							0	1126	4891	0	0	525	0	1046	66931	60615	172	60787	0	358	0	0	6144	100	66931	0	0	3252	0	0	2900	0	16650	43965			0	40222	39864	-108	9000	0	0	0	6144	0	10479	
678454																																							8343	4264	41610	0	0	7785	1925	4928	231237	199239	1760	203999	0	1692	3000	0	27238	283	231237	0	0	19785	0	0	7717	0	50668	148571			0	164074	162382	-547	0	0	0	0	27238	0	0	
678557																																							10242	4600	23678	0	0	337	0	1863	104744	79003	240	86258	0	612	0	0	18486	500	104744	0	0	16905	0	0	1400	0	16818	62185			0	64636	64024	-319	0	0	0	7015	18486	0	0	
678744																																							559	9007	54759	0	5053	7544	0	14446	441491	344349	1870	400342	0	4881	54123	0	41149	800	441491	0	0	25324	0	0	21200	0	58854	285495			0	354988	350107	-6175	0	0	0	0	41149	16	0	
679451																																							39	2128	23790	0	0	1438	0	3914	138859	100377	585	128962	0	982	24499	0	9897	10	138859	0	0	3614	0	0	7675	0	22223	78154			0	76283	75301	-1402	0	0	3501	0	9897	200	32049	
680130																																							64116	2188	276668	0	362	5727	831	33031	795547	682470	10491	693750	0	4640	789	0	101797	1500	795547	0	0	94524	0	0	11387	0	284726	397744			0	380527	375887	-5614	36737	0	0	0	101797	0	0	
680457																																							65578	13832	29133	0	6747	15206	0	22455	1363581	1129391	1563	1178018	0	4234	576	0	185563	3500	1363581	0	0	125453	0	0	56500	3094	310261	819130			0	735225	730991	110	0	0	0	46488	185563	0	476545	
680813																																							47250	40328	1339602	0	186106	65047	52	282342	5230209	4373220	48050	4702270	0	36811	281000	0	527939	81359	5230209	0	0	295658	0	0	294665	1516	1024566	3348654			0	3304713	3267902	-143743	0	0	0	0	527939	64	0	
681043																																							12738	810	12473	0	0	1026	0	709	87748	74992	384	75795	0	656	419	0	11953	197	87748	0	0	10183	0	0	2253	0	15038	59954			0	60590	59934	-680	58	0	0	0	11953	0	0	
681249																																							13676	960	0	0	0	94	0	2038	48221	42236	701	42937	0	377	0	0	5284	70	48221	0	0	4494	0	0	720	0	11246	30990			0	18747	18370	0	0	0	0	0	5284	0	13083	
682143																																							4753	11187	130145	0	3217	11580	245	34660	1319644	1119392	12480	1197472	0	12074	65600	0	122172	5282	1319644	0	0	92187	0	0	26387	463	218163	901229			0	1095602	1083528	-1684	0	0	0	0	122172	355	39511	
682563																																							8183080	691871	15928168	0	692226	1313225	1348	1118109	53127804	43333423	599363	48586679	0	281495	0	0	4541125	8500	53127804	148630	109263	4208985	0	0	1166591	0	14559956	28773467			0	21891813	21610318	-842951	0	9650	18775	4525855	4541125	0	3431179	
682648																																							3900	1213	102860	0	0	2485	2062	8542	277281	234153	1255	258408	0	1815	23000	0	18873	200	277281	0	0	22929	0	0	4700	0	36527	197626			0	158034	156219	-8956	0	0	0	0	18873	0	0	
683449																																							10372	1943	177061	0	304	2286	101	24497	433686	333273	3191	367406	0	2449	9043	0	66280	875	433686	0	0	67636	0	0	3125	0	64060	269213			0	219386	216937	-5356	0	0	0	21899	66280	185	0	
683814																																							27312	4548	116920	0	0	6963	119	6358	331206	278704	1294	279998	0	1744	0	0	51208	2000	331206	0	0	35983	0	0	14000	0	70244	208460			0	167929	166185	-775	2801	0	0	0	51208	0	0	
684455																																							71360	13496	190925	0	2633	49972	5148	65477	1520955	1329674	7758	1362432	0	9000	25000	0	158523	35	1520955	0	0	42930	0	0	116528	0	213999	1115675			0	1130944	1121944	-970	0	0	0	0	158523	0	0	
685023																																							5855	1647	20474	0	0	903	366	4254	109107	88106	1055	97795	0	743	8634	0	11312	1200	109107	0	0	10255	0	0	1200	0	18600	69506			0	76237	75494	-1343	0	0	0	0	11312	0	114	
685676																																							38841	24135	281004	5907	52262	101438	86	90649	2103648	1807259	28048	1858329	0	17370	22917	0	245319	0	2103648	0	0	120489	0	0	137696	7452	459814	1347445			0	1519019	1501649	-12866	0	0	105	0	245319	225	0	
686459																																							21481	5853	33817	0	2409	10115	1935	11790	431038	390306	1849	392155	0	3523	0	0	38883	150	431038	0	0	26679	0	0	14225	490	53319	336987			0	335961	332438	-2171	10605	0	0	0	38883	105	0	
686570																																							0	6325	12453	0	0	579	301	2229	93961	71364	260	86585	0	578	12800	0	7376	0	93961	0	0	8352	0	0	0	0	11045	60319			0	72652	72074	-976	0	0	2161	0	7376	0	0	
686758																																							12347	1007	71186	0	0	383	0	3610	164373	137883	710	138593	0	39	0	0	25780	1250	164373	0	0	24577	0	0	6250	0	53421	84462			0	24907	24868	-6297	0	0	0	0	25780	185	50787	
687054																																							17357	1384	2434	0	0	2635	0	2573	134706	114273	549	119322	0	1091	4500	0	15384	40	134706	0	0	5130	0	0	10260	0	17721	96552			0	109414	108323	-46	0	0	0	0	15384	0	0	
687830																																							16090	2740	64125	0	0	780	0	6324	195909	174681	611	175292	0	982	0	0	20617	300	195909	0	0	16543	0	0	3176	0	44666	130015			0	100376	99394	598	0	0	0	0	20617	0	6456	
687951																																							25351	27048	247052	0	45894	49591	14724	59227	2308328	1929723	16919	2058092	0	19624	109700	0	250236	1600	2308328	0	0	154078	0	0	103680	4131	351572	1578151			0	1840279	1820655	-9122	0	0	0	1750	250236	198	14457	
688079	732436	0	0	0	0	0	0	584130	1316566	57669	57669	0	0	0	0	1258897	64307	1316566	0	0	222099	0	0	972491	0		0	0	0	0	0	0	1258897	0	0													0																	0	0							0		0					
688453																																							0	884	18610	0	0	224	0	1324	79455	65596	388	70404	0	442	0	0	9051	400	79455	0	0	7752	0	0	1200	0	15989	49607			0	58811	58369	-301	0	0	4420	0	9051	44	0	
688556																																							1424	4208	47017	0	0	858	0	1748	118470	101708	267	101975	0	891	0	0	16495	414	118470	0	0	14946	0	0	1286	0	27621	74087			0	64013	63122	-151	73	0	0	0	16495	0	20	
689209																																							82030	16265	227917	0	1438	12556	34	46378	2202448	1667921	17548	1891559	0	17043	206090	0	310889	0	2202448	0	0	0	0	0	324899	0	363540	1304381			0	1724785	1707742	-14010	0	0	0	0	310889	0	108088	
689357																																							595	6418	206101	0	0	3602	0	7759	828855	716115	7990	759405	0	5395	35300	0	69450	200	828855	0	0	7632	0	0	74800	0	178598	537517			0	609775	604380	-13182	0	0	0	0	69450	0	0	
689759																																							67893	3612	58776	0	0	1447	2547	2223	239444	216459	1968	218427	0	1977	0	0	21017	1114	239444	0	0	5447	0	0	15381	0	162753	53706			-495	104923	102946	-430	0	0	0	0	21017	0	0	
691042																																							290	1498	27223	0	0	241	48	1233	55197	51129	210	51339	0	134	0	0	3858	150	55197	0	0	4993	0	0	600	0	11825	39304			0	17673	17539	-1885	7125	0	0	0	3858	0	0	
691743																																							250	4757	0	0	0	1370	0	476	111837	97697	345	98042	0	347	0	0	13795	1600	111837	0	0	10595	0	0	1600	0	27011	70686			0	44286	43939	0	15000	0	0	0	13795	0	46045	
691958																																							42615	12367	45869	0	7338	41234	20	21426	1049767	908950	9121	938071	0	16907	20000	0	111696	58	1049767	0	0	52965	0	0	59696	4714	77540	831410			0	850100	833193	-1023	5497	35494	0	0	111696	0	0	
692450																																							14350	4370	6040	0	0	5273	0	3518	215960	185180	1096	186276	0	2088	0	0	29684	173	215960	0	0	29078	0	0	387	0	37151	148029			0	159754	157666	46	4888	0	0	0	29684	0	19855	
692704																																							0	5000	0	0	0	0	0	89296	94296	0	1468	40467	0	0	38999	0	53829	378	94296	0	0	41977	0	0	11474	0	0	0			0	0	0	0	0	0	0	0	53829	0	0	
692946																																							30302	6890	86375	0	0	4764	0	13468	421882	368715	2224	370939	0	3008	0	0	50943	1000	421882	0	0	27794	0	0	24704	0	125697	243018			0	277665	274657	-2555	5426	0	0	0	50943	0	0	
693073																																							2338	534	0	0	0	42	0	1601	22379	16631	740	17371	0	145	0	0	5008	0	22379	0	0	5008	0	0	0	0	0	16631			0	14022	13877	0	0	0	0	0	5008	0	3987	
693224																																							706014	233744	4191272	189248	2048831	274015	4217	1311679	37497884	30494591	387630	31781802	0	295108	660895	0	5716082	5	37497884	108911	163254	1264707	0	0	4707502	18486	6867584	23627007			0	27796167	27501059	-256132	26191	0	0	75432	5716082	0	884217	
693345																																							75670	54649	1149526	0	113115	70368	94	278701	5749906	4571531	69639	5109346	0	47995	175708	0	640560	14492	5749906	0	0	410392	0	0	302357	3031	913609	3657922			0	4052272	4004277	-86681	475	0	257825	34643	640560	0	0	
693952																																							282	3428	18930	0	703	2491	0	8777	284643	239872	3052	249172	0	3295	0	0	35471	400	284643	0	0	31920	0	0	3600	0	52569	187303			0	234584	231289	-449	18610	0	0	6248	35471	133	0	
694146																																							7226	388	10282	0	0	316	0	454	27533	23783	189	23972	0	78	0	0	3561	60	27533	0	0	-4368	0	0	8039	0	4596	19187			0	8945	8867	-170	0	0	0	0	3561	0	0	
694771																																							23510	1653	0	0	0	199	0	221	50097	44392	68	44460	0	225	0	0	5637	25	50097	0	0	4887	0	0	725	0	25616	18776			0	3802	3577	0	0	0	0	0	5637	0	20937	
694847																																							60478	10324	121353	20	349	5973	644	14394	476787	403614	2089	410703	0	3645	5000	0	66084	2936	476787	0	0	46001	0	0	19065	0	142798	260816			0	253502	249857	-1918	0	0	0	0	66084	0	13395	
694904	5340602	552839	15700649	88455	382176	857442	2917	4551630	87511954	1182068	79367098	0	1029999	11735203	448417	8144856	4229	87511954	3678	1847	-988390	0	503946	9303281	264512		-189505	60732141	59702142	-488705	0	0	8144856	64912	0													65999563																	12059684	53939879							0		0					
695349																																							2566	5481	99440	0	412	7382	0	20001	604491	517309	904	528213	0	4858	10000	0	76278	500	604491	0	0	59547	0	0	21500	292	119813	397496			0	472728	467870	-5269	972	0	0	0	76278	0	75	
695947																																							3006	1032	30708	0	0	1904	0	6647	219143	193324	1786	195610	0	1985	500	0	23533	50	219143	0	0	17013	0	400	6499	325	33584	159740			0	169206	167221	-429	7400	0	0	0	23533	0	900	
696047																																							6517	2073	25963	0	0	1660	0	3466	118219	97807	283	102519	0	1244	4429	0	15700	60	118219	0	0	16993	0	0	690	0	29523	68284			0	77427	76183	-2043	2357	0	0	0	15700	0	0	
696168																																							21227	7100	0	0	0	1057	0	10632	409500	361383	2727	364110	0	8504	0	0	45390	3628	409500	0	0	41762	0	0	0	0	2049	359334			0	375409	366905	0	2579	0	0	0	45390	0	0	
696430																																							59376	8131	169285	0	3532	12540	0	23639	768003	677370	8588	685958	0	6205	0	0	82045	1000	768003	0	0	67572	0	0	24500	4286	208244	469126			0	493419	487214	-11027	0	0	0	0	82045	0	0	
696645																																							2587	2448	37479	0	77	2288	0	8083	183331	165674	757	166431	0	1825	0	0	16900	360	183331	0	0	17427	0	0	420	0	31837	133837			0	131998	130173	-1307	196	0	0	0	16900	0	0	
697035																																							12121	1652	13353	0	0	1983	0	2318	104495	89859	1765	91624	0	533	0	0	12871	563	104495	0	0	7726	0	0	5883	0	15343	74517			0	73601	73068	-1301	0	0	0	0	12871	0	0	
697147																																							10051	6366	119526	0	1062	7824	0	22467	457801	395523	3065	429588	0	3078	31000	0	28213	0	457801	0	0	29802	0	0	12000	0	60595	334928			0	292958	289880	-13589	625	0	0	0	28213	0	0	
697156																																							38678	14468	32346	0	1454	18763	0	20951	711607	600732	8229	646216	0	5878	37255	0	65391	600	711607	0	0	53218	0	0	12859	345	124456	476276			0	584447	578569	-1286	2163	0	0	0	65391	13	3857	
697231																																							240962	2778	0	0	0	10018	0	3651	635442	565842	1648	567490	0	3662	0	0	67952	1400	635442	0	0	65152	0	0	1400	0	137590	428252			0	258458	254796	0	0	0	0	0	67952	0	123237	
697763																																							487097	81576	3468734	0	121673	39315	0	161022	5923791	4843088	47571	5293912	0	11573	0	0	629879	408560	5923791	0	0	252061	29891	6000	54397	0	2254498	2588590			0	726482	714909	-91139	0	0	0	403253	629879	0	819574	
697950																																							12578	690	8092	0	0	625	0	2528	65847	55753	1181	57282	0	580	348	0	8565	1212	65847	0	0	5435	0	0	2228	0	19921	35832			0	41914	41334	-310	0	0	0	0	8565	0	0	
698144																																							48707	22396	273137	0	329	39345	0	61049	1410476	1274703	6115	1300818	0	13300	20000	0	109658	1950	1410476	0	0	75908	0	0	70028	3175	183814	1090889			0	965108	951808	-38228	0	0	0	0	109658	175	10355	
698546																																							10768	2941	31450	0	0	1513	98	4824	160037	137793	1885	139678	0	962	0	0	20359	150	160037	0	0	17167	0	0	3878	0	26470	111323			0	105114	104152	-836	4291	0	0	0	20359	0	0	
698649																																							38742	11211	160224	0	13263	9313	0	23835	675431	607862	2420	610282	0	4215	0	0	65149	526	675431	0	0	6891	0	0	67452	0	304612	303250			0	384837	380622	-9720	558	0	0	0	65149	0	37663	
699105																																							24155	4457	282235	0	1121	16102	0	49972	1578933	1253405	14229	1449840	0	7575	182206	0	129093	1	1578933	0	0	61126	0	0	95816	3567	159237	1094168			0	1204899	1197324	-27850	0	0	0	0	129093	0	0	
699253																																							12307	3063	7216	0	0	85	0	1800	105299	90071	621	90692	0	990	0	0	14607	375	105299	0	0	13831	0	0	400	0	27958	62113			0	72300	71310	1	9518	0	0	0	14607	0	0	
700140																																							16385	1047	10422	0	306	152	0	1829	53446	45236	310	45546	0	487	0	0	7900	120	53446	0	0	4595	0	0	3530	0	10337	34899			0	23792	23305	-345	0	0	0	0	7900	0	0	
700252																																							17741	1231	33968	0	0	711	0	4555	103246	90190	1277	91467	0	594	0	0	11779	655	103246	0	0	11235	0	0	1305	0	44147	46043			0	37200	36606	-1416	8434	0	0	0	11779	0	0	
700430																																							5662	7045	98502	0	0	4816	89	12404	278104	251733	1945	260678	0	2543	7000	0	17426	202	278104	0	0	20669	0	0	10133	0	56703	195030			0	152129	149586	-13578	0	0	0	0	17426	0	0	
700458																																							24381	1499	43530	0	259	1471	0	6218	269474	238722	3270	243999	0	2236	2007	0	25475	1000	269474	0	0	15781	0	0	9278	0	44284	194438			0	194102	191866	-584	0	0	0	0	25475	15	235	
701062																																							290453	88200	748212	120	8672	125442	0	285178	7397722	6615293	123718	6764011	0	59621	25000	0	633711	17710	7397722	0	0	-250487	58495	0	953756	1084	1891490	4723803			0	5289096	5229475	-87268	0	0	0	0	633711	0	562391	
701222																																							107541	15065	132175	0	13061	11264	0	38076	1320880	1131307	13523	1200720	0	11311	50000	0	120160	2000	1320880	0	0	74624	0	0	47795	0	236095	895212			0	972727	961416	-4259	712	0	0	5890	120160	0	41570	
701839																																							62751	6733	482793	0	0	17489	0	28577	1447209	1372745	13764	1391762	0	10483	0	0	55447	1079	1447209	0	0	52080	0	0	62902	0	421756	950989			0	859349	848866	-60614	0	0	0	5253	55447	0	0	
701857																																							9710	1338	12870	0	0	457	0	2210	54503	48378	443	48821	0	271	0	0	5682	100	54503	0	0	4662	0	0	900	0	21859	26519			0	28189	27918	20	0	0	0	0	5682	0	0	
702117																																							298118	185158	1862838	0	477803	95829	402	724338	15879824	13632370	207790	14031405	0	138000	43176	0	1848419	25000	15879824	0	0	889910	0	0	1005918	1108	1032590	12599780			0	11598114	11460114	-72409	0	0	0	148069	1848419	11360	762756	
702612																																							96284	38710	257873	0	15727	23120	0	13089	1257558	1096068	13183	1110438	0	11893	0	0	147120	779	1257558	0	0	79285	0	0	71210	0	234872	861196			0	790318	778425	-4154	117	0	0	1187	147120	34213	0	
702836																																							10693	2794	3569	0	0	6000	0	5232	220597	197498	1457	198955	0	2373	0	0	21642	607	220597	0	0	20440	0	0	608	0	41349	156149			0	167188	164815	-13	17325	0	0	0	21642	0	10169	
702911																																							10390	7514	346344	0	798	1823	15	30978	831000	729067	3178	751245	0	5425	19000	0	79755	2000	831000	0	0	95178	0	0	2000	723	140053	589014			0	437840	432415	-19423	0	0	0	0	79755	0	0	
703039																																							34260	3386	30182	0	0	449	0	9369	195560	161487	929	162416	0	7501	0	0	33144	100	195560	0	0	21384	0	0	12752	0	42409	119078			0	125415	117914	-1092	0	0	0	0	33144	0	0	
703552																																							84808	6867	196670	0	1787	81470	0	57734	2347817	2063001	26809	2139810	0	27531	50000	0	208007	50	2347817	0	0	140795	0	0	83823	800	640534	1422467			0	1589176	1561645	-16661	0	0	0	0	208007	0	356036	
703767																																							91298	27627	469410	210	107359	33500	0	150993	3685157	3097230	42432	3212662	0	30071	73000	0	472495	6465	3685157	0	0	375933	0	0	129721	0	1066910	2030320			0	2540857	2510786	-39624	59	0	0	0	472495	6797	287118	
705378																																							2690	2631	9967	0	197	2677	0	7417	150741	121179	4169	136238	0	1364	10890	0	14503	1	150741	0	0	13554	0	0	2169	360	23332	97847			0	123599	122235	-1221	2540	0	0	0	14503	27	0	
705556																																							96	4087	94105	0	0	4791	0	3617	308662	256388	1945	285776	0	2148	15069	0	22886	4	308662	0	0	27689	0	0	6349	245	56465	199923			0	193683	191535	-11156	10186	0	0	12374	22886	0	0	
706030																																							23629	4525	35743	0	0	4609	0	3828	264886	236003	1817	243820	0	3121	6000	0	21066	103	264886	0	0	10611	0	0	14823	0	44956	191047			0	194105	190984	-4471	1331	0	0	0	21066	0	237	
706058																																							5629	303	24393	0	0	124	0	2725	138762	116498	382	120816	0	1094	3936	0	17946	150	138762	0	0	20955	0	0	150	0	23213	93285			0	97772	96678	-3309	8910	0	0	0	17946	0	0	
706236																																							1524	3634	13948	0	0	2194	80	2442	147404	123490	1256	127173	0	1940	2427	0	20231	1493	147404	0	0	9803	0	0	8896	0	24045	99445			0	120999	119059	39	4523	0	0	0	20231	0	0	
706254																																							9989	9281	64757	0	655	7171	0	5603	379768	351510	1102	352612	0	3454	0	0	27156	853	379768	0	0	30622	0	0	3979	0	89813	261697			0	277766	274312	-8298	8000	0	0	0	27156	0	0	
706450																																							8281	923	8309	0	0	254	423	656	32647	29350	146	29496	0	177	0	0	3151	175	32647	0	0	-266	0	0	3920	0	11381	17969			0	13978	13801	-678	0	0	0	0	3151	0	0	
706656																																							7300	6097	102320	0	417	1898	0	8292	234381	211297	1759	213056	0	1517	0	0	21325	332	234381	0	0	22252	0	0	2234	0	33647	177650			0	109253	107736	-3493	0	0	0	0	21325	31	290	
707354																																							201907	42447	562629	0	77919	68518	678	185167	4469173	3749877	27008	3925765	61	33484	148880	0	543347	299	4469173	0	0	421037	0	0	156730	2617	817287	2932590			0	3356270	3322786	-34719	4505	0	0	0	543408	0	0	
708379																																							11190	6374	58637	37	0	760	0	13543	247592	219609	1174	221246	0	1787	463	0	26346	10	247592	0	0	21511	0	0	8968	294	15808	203801			0	152850	151063	-4143	0	0	0	0	26346	0	5694	
709143																																							2765	11147	211147	0	14397	7104	0	34612	703409	535172	4901	644287	0	5025	63000	0	59122	1600	703409	0	0	26725	0	0	46368	443	57037	478135			0	426564	421539	-15571	255	0	0	41214	59122	0	0	
709451																																							31709	1090	8447	0	719	535	0	2170	150189	132110	91	134201	0	1013	2000	0	15988	100	150189	0	0	15950	0	0	260	0	24089	108021			0	106532	105519	-322	0	0	0	0	15988	0	0	
709554																																							38906	3766	40291	0	0	1492	0	8207	305494	271209	3473	274682	0	2032	0	0	30812	400	305494	0	0	28338	0	0	5350	0	149340	121869			0	178047	176015	-3276	12511	0	0	0	30812	0	24306	
709602																																							29815	10334	467723	0	56	22787	0	58353	2735109	2143119	28590	2514442	0	29138	84500	0	220667	28025	2735109	1946	1946	232893	0	0	0	0	295427	1847692			0	2128683	2099545	-40251	45	0	0	256287	220667	0	44505	
709639																																							245	9581	211531	0	489	7942	0	31873	772155	706291	6862	713207	0	4339	54	0	58948	600	772155	0	0	78607	0	0	600	0	85865	620426			0	480283	475944	-20859	34550	0	0	0	58948	0	0	
709956																																							9822	1924	8179	0	3404	7192	0	1535	105181	84265	3176	94497	0	826	7056	0	10684	0	105181	0	0	-702	0	0	11181	0	19359	64906			0	64696	63870	205	9255	0	0	0	10684	0	0	
710176																																							55432	3447	37667	0	4258	11473	0	14207	638980	546912	3281	569693	0	5901	19500	0	69287	500	638980	0	0	31919	0	0	37066	0	120549	426363			0	489409	483508	-198	28964	0	0	0	69287	24	0	
710859																																							33038	26486	129830	0	0	3122	0	17617	520549	462651	3613	485038	0	3362	0	0	35511	2000	520549	0	0	49176	0	0	10566	0	115948	346703			0	313818	310456	-26231	0	0	0	18774	35511	0	0	
711472	389369	35389	426516	0	1984	42580	0	110949	3013931	50482	2790279	0	28986	0	0	223652	10890	3013931	0	0	227959	0	0	23156	0		-290	1726723	1697737	-38063	0	0	223652	0	309407	747084	192141	554943			426516							1992713					0												726814	1265899							0	0	0	0		0		
711520																																							1007	5215	18072	0	0	1932	335	2758	95121	82202	1688	83890	0	629	0	0	11231	1150	95121	0	0	9817	0	0	1150	0	43556	38646			0	58325	57696	-886	8106	0	0	0	11231	0	0	
711548																																							54764	2989	85187	0	0	4816	600	16233	413915	363019	2866	365896	0	4029	11	0	48019	3200	413915	0	0	33283	0	0	16800	0	105318	257700			0	252457	248428	-5264	298	0	0	0	48019	600	0	
711753																																							15865	2931	10974	0	10	212	0	3005	91674	77862	284	78146	0	1007	0	0	13528	450	91674	0	0	3119	0	0	9950	0	26647	51215			0	55330	54323	9	4288	0	0	0	13528	66	0	
711801																																							15986	4616	157336	0	3014	10704	6700	31662	873372	766352	4415	791267	0	4630	20500	0	82105	0	873372	0	0	89582	0	0	0	0	140254	626098			0	626350	621720	-7477	0	0	0	0	82105	21634	0	
712059																																							24509	4617	97090	0	8817	11375	0	20724	954172	815202	4989	859287	0	6965	39096	0	94885	100	954172	0	0	28351	0	0	70275	0	61912	753290			0	793659	786694	-3841	0	0	0	0	94885	346	0	
712648																																							4980	5048	12621	0	1228	5245	0	7878	194397	135104	1337	167282	0	2822	30841	0	27115	0	194397	0	0	23859	0	0	3133	0	23721	111383			0	152669	149847	123	7550	0	0	0	27115	0	0	
712956																																							9512	7791	0	0	0	2418	2251	6887	276213	232777	4284	237061	0	2754	0	0	39152	1200	276213	0	0	35398	0	0	2800	0	74097	158680			0	124439	121685	-246	24520	0	0	0	39152	0	101149	
713252																																							622	2222	39623	0	0	2163	0	4551	189075	165951	1299	171750	0	1849	4500	0	17325	300	189075	0	0	14224	0	0	3500	0	35440	130511			0	139423	137574	-699	2250	0	0	0	17325	70	0	
713476																																							13198	3675	96099	0	1500	4799	0	29346	597830	404813	11873	533041	0	4924	116355	0	64789	0	597830	0	0	42677	0	0	29971	0	74242	330571			-3746	444913	439989	-4113	3948	0	0	0	64789	5276	0	
713926																																							689	20193	345339	0	2907	22464	0	50550	1372297	1250729	13586	1264315	0	7818	0	0	107982	500	1372297	0	0	86602	0	0	37483	3191	284693	966036			0	886253	878435	-16603	48529	0	0	0	107982	0	0	
714165																																							3302	511	37304	0	0	217	0	2967	81449	71639	43	71682	0	300	0	0	9767	480	81449	0	0	9296	0	0	480	0	26455	45184			0	8478	8178	-489	12500	0	0	0	9767	0	16470	
714437																																							16658	1970	25122	0	0	5642	0	5410	259636	204235	792	235027	0	1758	30000	0	24609	400	259636	0	0	11288	0	0	13250	0	36632	167603			0	206592	204834	-329	0	0	0	0	24609	0	0	
714839																																							45460	2043	39971	0	0	4624	0	5849	225348	191399	1020	192644	0	1409	225	0	32704	478	225348	0	0	26799	0	0	5087	133	48931	142468			0	110695	109286	340	0	0	0	0	32704	0	17982	
714978																																							14870	2266	47224	0	326	8189	0	17510	543451	454661	3546	495307	0	3655	37100	0	48144	0	543451	0	0	49766	0	0	0	0	94266	360395			0	456400	452745	-1622	321	0	0	0	48144	0	0	
715032																																							59451	1947	13197	0	0	2739	0	1659	188769	167741	1102	168843	0	1651	0	0	19926	775	188769	0	0	13512	0	0	5700	0	33510	134231			0	108652	107001	-61	2775	0	0	0	19926	0	0	
715050																																							41238	2657	34847	0	3587	8235	1216	7181	465038	403617	2359	420976	0	3995	15000	0	44062	200	465038	0	0	16542	0	0	28300	0	95413	308204			0	370072	366077	-980	0	0	0	0	44062	0	0	
715144																																							50675	3892	42184	0	4872	2278	0	6593	372059	318183	1662	319845	0	3013	0	0	52214	835	372059	0	0	44994	0	0	6350	1020	144348	173835			0	263558	260545	35	0	0	0	0	52214	0	0	
715340																																							24437	14041	83569	0	0	12682	4165	33707	1186043	1049785	5118	1088122	0	13686	28000	0	97921	1601	1186043	719	719	46314	0	0	54399	935	221284	828501			0	1022899	1009213	-4393	0	0	4500	0	97921	923	1652	
715470																																							9358	105	0	0	0	284	0	923	66730	44317	502	55819	0	389	11000	0	10911	683	66730	0	0	10007	0	0	221	0	2344	41973			0	56448	56059	0	0	0	0	0	10911	0	1	
715630																																							12535	3842	130086	0	0	2207	0	11937	272647	242087	1223	243310	0	1281	0	0	29337	400	272647	0	0	40163	0	0	400	0	81719	160368			0	113321	112040	-11626	0	0	0	0	29337	0	0	
715872																																							53709	3977	108219	0	754	11856	0	16336	497355	439368	4508	443876	0	4378	0	0	53479	0	497355	0	0	43666	0	0	12891	0	90868	348500			0	306815	302437	-3078	0	0	0	0	53479	67	0	
715975																																							4482	750	6425	0	0	589	0	1160	75512	65504	117	65621	0	597	0	0	9891	0	75512	0	0	10012	0	0	0	0	0	65504			0	60581	59984	-121	0	0	0	0	9891	0	2122	
716374																																							111362	26821	417190	0	6472	14357	0	30460	1269801	1126003	10212	1136215	105	10108	0	0	133481	1	1269801	0	0	94805	0	0	50321	1464	220777	905226			0	664208	654100	-11646	575	0	0	0	133586	0	7000	
716833																																							87177	39839	461378	0	35423	45041	0	76220	2150999	1774370	13972	1961553	0	14072	31000	0	189446	2952	2150999	0	0	101647	0	0	103130	6162	331034	1443336			0	1412813	1398741	-18283	0	0	0	142211	189446	0	1018	
716851																																							18788	3489	186405	0	56	3998	0	7179	337503	321806	2054	323860	0	492	0	0	13643	900	337503	0	0	28672	0	0	5325	0	71957	249849			0	116845	116353	-21254	0	0	0	0	13643	0	1235	
716954																																							9736	5010	64551	0	1622	6428	0	11366	344556	281651	1306	310957	0	3204	28000	0	33599	50	344556	0	0	32049	0	0	4950	0	69891	211760			0	248981	245777	-3450	0	0	0	0	33599	66	0	
717232																																							2005	998	18970	0	0	180	0	1018	113167	104213	1103	105316	0	382	0	0	7851	250	113167	0	0	10697	0	0	1073	0	24262	79951			0	40539	40157	-4169	0	0	0	0	7851	0	49839	
717670																																							8072	258	5988	0	5218	8384	0	7571	199336	158293	792	161720	0	1909	2635	0	37616	6	199336	0	0	36	0	0	37588	0	6142	152151			0	148026	146117	-14	17728	0	0	0	37616	0	0	
717737																																							161110	38328	413602	1542	0	25030	0	40855	1964949	1748797	27346	1776385	0	15395	0	0	188564	700	1964949	242	242	186841	0	0	25600	0	350400	1398397			0	1299635	1284240	-24577	0	0	0	0	188564	0	0	
717924																																							216284	61719	1253574	0	33940	59197	0	103754	5198701	4694512	25524	4774286	0	36101	30000	0	424415	832	5198701	0	0	364197	6586	0	175986	11461	1479201	3215311			0	3416390	3380289	-116600	0	0	0	24250	424415	71897	0	
718145																																							2293	19363	181017	0	3874	22316	425	33334	908343	785403	4566	827969	0	7522	38000	0	80374	550	908343	0	0	71924	0	0	15863	0	221935	563468			0	550478	542956	-7963	4450	0	0	0	80374	0	98315	
718275																																							84803	6052	112549	0	0	1965	0	2232	270937	235897	1188	237085	0	2169	0	0	33852	4672	270937	0	0	25332	0	0	4664	0	80286	155611			0	64366	62197	-816	0	0	0	0	33852	1139	0	
718538																																							3430	3279	48770	0	1540	8129	312	14848	396733	343326	2562	354731	0	3539	8843	0	42002	500	396733	0	0	36000	0	0	7431	0	79915	263411			0	302577	299038	-1929	17387	0	0	0	42002	0	0	
719030																																							2863	7218	20354	0	0	2368	0	3095	84072	73457	55	73512	0	560	0	0	10560	40	84072	0	0	11272	0	0	400	0	34170	39287			0	38374	37814	-1152	2574	0	0	0	10560	0	7786	
719610																																							23103	4546	36588	0	0	6064	52	4591	229068	206234	1201	207435	0	2211	0	0	21633	100	229068	0	0	21093	0	0	750	0	92945	113289			0	156335	154124	-310	0	0	0	0	21633	0	0	
719656																																							13194	5997	76420	0	0	6264	0	18419	497508	412865	2784	450242	0	4025	5890	0	47266	2000	497508	0	0	40964	0	0	6115	838	130175	282690			0	379201	375176	-1813	1112	0	0	28703	47266	88	0	
719964																																							54484	866	30730	0	0	314	0	5529	173690	148197	1765	149962	0	1254	0	0	23728	700	173690	0	0	20420	0	0	3000	0	60295	87902			0	60028	58774	-392	0	0	0	0	23728	0	22993	
720157																																							7270	788	21960	0	0	161	0	218	44062	36993	161	37154	0	301	0	0	6908	42	44062	0	0	4236	0	0	2458	0	7507	29486			0	13966	13665	172	0	0	0	0	6908	0	0	
720344																																							1602	3070	41849	0	0	1010	0	8715	173826	141536	1219	156240	0	640	11485	0	17586	250	173826	0	0	15179	0	0	6850	0	41895	99641			0	118220	117580	-4693	0	0	2000	0	17586	0	0	
720746																																							36738	8082	292301	0	9063	7611	0	22409	655588	537680	4556	596133	0	4598	53897	0	59455	800	655588	0	0	51039	0	0	17382	473	156718	380962			0	280722	276124	-9766	2787	0	0	0	59455	0	0	
720858																																							851	1177	37312	0	0	208	0	4366	113632	98923	3109	103032	0	1581	1000	0	10600	300	113632	0	0	9367	0	0	2900	0	19045	79878			0	67661	66080	-1967	3638	0	0	0	10600	0	0	
721350																																							3301	21462	25534	0	9632	11343	0	27081	697020	551322	6980	620456	0	5878	61989	0	76564	100	697020	0	0	42658	0	0	34469	0	142011	409311			0	603968	598090	-663	0	0	165	0	76564	199	378	
721752																																							2572	728	38859	0	0	654	0	2675	78514	70596	763	71409	0	526	0	0	7105	300	78514	0	0	6160	0	0	4700	0	16801	53795			0	33288	32762	-4055	0	0	50	0	7105	264	0	
721949																																							16466	14943	146398	0	3452	12711	43	7534	676306	577584	4233	599951	0	7652	0	0	76355	1200	676306	0	0	32625	0	0	45850	0	183057	394527			0	481619	473967	-3320	792	0	0	18134	76355	0	0	
722227																																							15646	1121	13458	0	22	2855	0	6212	154051	109725	1584	136309	0	886	25000	0	17742	16159	154051	0	0	-7318	0	0	10525	0	47743	61982			0	115623	114737	-1624	0	0	0	0	17742	0	0	
722432																																							3949	2716	65434	0	0	4090	924	26850	365004	277227	3004	306860	0	2337	26629	0	58144	100	365004	0	0	56130	0	0	1500	0	70851	206376			0	263164	260827	414	0	0	0	0	58144	0	214	
722544																																							60706	31138	1050810	0	2203	10053	0	100443	2920038	2301942	28705	2365918	0	51352	7942	0	554120	5000	2920038	0	0	508957	2500	0	55330	0	612985	1688957			0	1713537	1662185	-15167	0	0	0	27329	554120	0	0	
722777	14908134	671888	7327735	136969	1643112	950057	41978	11010642	104148024	2576937	89977222	0	1232425	4466995	0	14170802	1	104148024	1224932	560672	948576	0	0	13772131	796883		0	53464402	52231977	-549906	0	234940	14170802	813	13202904	5830259	2484017	3346242			6621332							76307419					3705121					1220053	554711						14428260	61879159							0	0	0	234940		813		
722816																																							22415	10752	355513	0	94	13578	0	41684	1183807	1064959	10554	1091034	0	7983	15521	0	92773	17481	1183807	0	0	92282	0	0	5388	0	282300	782659			-2692	743295	735312	-19686	135	0	0	0	92773	0	4324	
723112	18876000	3451000	35485000	0	6511000	2917000	20000	8750000	213730000	3551000	189082000	0	2253000	6784000	750000	24648000	5000	213730000	3303000	2257000	10889000	1894000	0	16862000	733000		0	122651000	120398000	-3108000	0	311000	24648000	26000	11366000	143000	0	143000			35485000							175060000					6784000					3303000	2257000						43620000	131440000							0	0	226000	311000		26000		
723158																																							16449	265	19069	0	0	481	0	1857	141531	127168	372	127540	0	1877	0	0	13991	150	141531	0	0	5339	0	0	9850	0	19040	108128			0	105287	103410	-1348	0	0	0	0	13991	0	0	
723550																																							3285	2201	50864	0	0	418	0	1462	112266	105536	269	105805	0	240	0	0	6461	150	112266	0	0	10884	0	0	200	0	29414	76122			0	52518	52278	-4773	1758	0	0	0	6461	0	0	
723653																																							20937	4986	115411	0	0	2898	202	9048	321514	282157	2877	285611	0	1453	577	0	35903	452	321514	0	0	32856	0	0	4663	0	132205	149952			0	74093	72640	-2068	0	0	0	0	35903	0	95392	
724744																																							9569	8121	117108	0	6978	4638	0	31024	630720	494538	8047	553549	0	6446	48120	0	77171	350	630720	0	0	48274	169	0	29600	488	81113	413425			0	457332	450886	-1053	1739	0	0	2844	77171	0	0	
724904																																							30969	810	15450	0	5437	6892	828	7239	481165	406440	1801	426241	0	10076	18000	0	54924	92	481165	0	0	20870	0	0	34008	8429	7319	399121			0	415187	405111	-46	0	0	0	0	54924	0	0	
724940																																							6094	1273	0	0	0	12	0	2750	52395	43072	52	43124	0	90	0	0	9271	150	52395	0	0	7271	0	0	1850	0	5665	37407			0	35808	35718	0	648	0	0	0	9271	0	5900	
725077																																							18457	2592	16002	0	1726	5888	0	8872	362554	300947	5387	322372	0	4190	16038	0	40182	0	362554	0	0	15035	0	0	26693	0	25608	275339			-208	309948	305758	-1338	3259	0	0	0	40182	0	0	
725732	472682	36719	333258	0	237	34577	0	150633	5466642	96830	4890411	0	41072	191850	0	576231	21843	5466642	33901	0	314449	0	0	237697	0		0	4365841	4324769	2242	0	0	576231	3687	70079	0	0	0			333258							4601731					191850												1054691	3547040							6100	0	0	0		3687		
726458																																							337	1091	11047	0	1501	928	0	2608	95122	77906	370	86126	0	718	7850	0	8996	500	95122	0	0	1777	0	0	7486	0	16688	61218			0	77814	77096	-767	514	0	0	0	8996	0	0	
726953																																							269989	1695	118119	0	0	8600	12972	21409	1091686	811915	6767	919763	0	6006	101081	0	171923	2948	1091686	0	0	110547	0	0	57634	0	130369	681546			0	590788	584782	794	0	0	0	0	171923	0	74120	
727174																																							164934	3226	0	0	20932	10848	0	35107	1356947	1195463	5765	1201228	0	11436	0	0	155719	157	1356947	0	0	153582	0	0	1980	46651	88567	1106896			0	1084949	1073513	0	1736	0	0	0	155719	0	0	
728948																																							7565	9228	182535	0	1140	6089	0	9545	631093	542945	3682	565488	0	9109	18861	0	65605	1027	631093	759	0	51045	0	0	23965	0	122346	420599			0	423341	414232	-10432	0	0	0	0	65605	0	0	
728957																																							8690	7847	102420	0	201	2768	0	9651	342395	314130	1554	315684	0	3097	0	0	26711	570	342395	0	0	6470	0	0	26930	0	91314	222816			0	213836	210739	-7259	79	0	0	0	26711	0	0	
729011																																							2256	19049	91321	0	2622	11199	0	17427	690622	611389	10596	621985	0	4955	0	0	68637	620	690622	0	0	50026	0	0	21471	779	150271	461118			0	465405	460450	-3480	76978	0	0	0	68637	0	8541	
729057																																							19844	2950	58051	0	0	2110	324	1726	188292	172496	436	172932	0	1176	0	0	15360	100	188292	0	0	7902	0	0	7400	0	46938	125558			0	100058	98882	-42	4356	0	0	0	15360	49	0	
729178																																							5947	2766	27658	408	208	4674	0	7715	226918	184191	2654	201170	0	1266	14325	0	25748	1029	226918	0	0	22317	0	0	3702	0	33848	150343			0	137608	136342	-1300	0	0	0	0	25748	0	41200	
729310																																							19649	11516	276611	0	10712	34991	137	59398	1416480	1192127	10360	1278255	0	29436	75768	0	138225	150	1416480	0	0	97801	0	0	45641	5900	202346	989781			0	896680	867244	-5367	0	0	0	0	138225	0	130322	
729842																																							2590	2408	118054	0	0	1385	187	5301	274561	228375	1253	246349	0	2312	15000	0	28212	100	274561	0	0	29778	0	0	3300	0	47118	181257			0	146841	144529	-4966	19	0	1721	0	28212	88	0	
729945																																							14586	5299	0	0	0	380	145	9198	101243	86228	1073	87464	0	2066	163	0	13779	513	101243	0	0	170	0	0	13096	0	28121	58107			0	64270	62204	0	0	0	0	0	13779	0	9431	
731050																																							11837	3067	24132	0	5098	1795	0	7531	193601	162137	590	163127	0	1609	400	0	30474	250	193601	0	0	17090	0	0	14000	0	41969	120168			0	138567	136958	-866	0	0	0	0	30474	16	3167	
731247																																							886	40656	955584	0	2500	37643	451	85356	4646755	3371323	21680	4044218	0	58204	64333	0	602537	3725	4646755	0	0	538653	8241	0	65101	8047	596760	2774563			-3638	3565023	3506819	-1304	572	0	586882	0	602537	0	0	
731957																																							5896	503	11171	0	0	17	0	161	34521	31632	57	31689	0	94	0	0	2832	56	34521	0	0	2729	0	0	100	0	9228	22404			0	13898	13804	-53	2969	0	0	0	2832	0	0	
732178																																							59069	17744	89280	0	239	16763	0	10794	1013686	890685	6298	896983	0	9559	0	0	116703	3258	1013686	0	0	77950	0	0	35994	1101	180041	710644			0	822638	813079	-499	5358	0	0	0	116703	0	259	
732253																																							31645	3113	9181	0	4538	9620	126	7232	255150	222783	1783	224566	0	1709	0	0	30584	7460	255150	0	0	7980	0	0	15540	460	24284	198499			0	189556	187847	-396	0	0	0	0	30584	0	1388	
732637																																							6809	1937	48356	0	0	1070	92	5983	138023	125148	1842	128490	0	750	1500	0	9533	50	138023	0	0	12068	0	0	1235	0	31603	93545			0	74526	73776	-3820	0	0	0	0	9533	0	0	
732758																																							26382	298	16658	0	0	5619	0	25416	441940	247026	11768	385106	0	5797	6200	0	56834	1234	441940	0	0	41578	0	0	15091	0	104585	142441			0	335700	329903	-1069	37654	0	120112	0	56834	0	10	
732954																																							50917	1527	50917	0	0	251	0	2679	146527	137837	183	138020	0	226	0	0	8507	400	146527	0	0	13791	0	0	800	0	35665	102172			0	38910	38684	-6484	1552	0	0	0	8507	0	0	
733540																																							62	1555	0	0	0	2822	1701	2264	173218	154961	920	155881	0	1795	0	0	17337	100	173218	0	0	8538	0	0	8699	0	9205	145756			0	157602	155807	0	8650	0	0	0	17337	0	357	
733559																																							3290	4627	15032	0	0	8253	775	7142	369086	300638	3446	325084	0	4551	21000	0	44002	300	369086	0	0	13857	0	0	29900	0	32150	268488			0	306186	301635	-55	7264	0	0	0	44002	70	20998	
733661																																							30459	0	32070	0	0	97	0	3380	182351	55934	14475	145457	0	2502	75048	0	36894	850	182351	0	0	37589	0	0	1433	82195	41	55893			0	36631	34129	-2978	0	0	0	0	36894	21	0	
733755																																							22062	1889	8670	0	0	2179	0	1151	139209	122154	909	126063	0	1101	3000	0	13146	100	139209	0	0	12950	0	0	150	0	35727	86427			0	104271	103170	-54	0	0	0	0	13146	88	0	
733951																																							18288	3049	82225	0	2142	2038	0	6380	279751	215569	998	259067	0	1975	42500	0	20684	600	279751	0	0	14534	0	0	13686	0	41793	173776			0	167604	165629	-8136	0	0	0	0	20684	0	0	
734248																																							2638	8088	125785	0	3096	3109	517	24724	467700	374056	3731	425604	0	4050	38000	0	42096	1000	467700	0	0	41674	0	0	13206	0	51659	322397			0	301083	297033	-13784	2311	0	0	9817	42096	399	0	
734350																																							31241	8282	97687	791	0	15064	10405	18908	586150	477675	1915	499590	0	3343	20000	0	86560	216	586150	0	0	51950	0	0	36500	0	128044	349631			0	406571	403228	-2106	0	0	0	0	86560	0	544	
734538																																							296327	19558	68538	0	449	13910	0	63436	1067690	451600	15002	902995	0	17240	0	0	164695	24578	1067690	1235	0	60046	0	0	85844	0	445408	6192			0	548044	530804	-5773	53025	20408	416075	20318	164695	0	0	
734613																																							16759	3969	108373	0	0	2348	0	15962	417550	349496	1556	351052	0	3142	0	0	66498	60	417550	0	0	60678	0	0	10000	0	72868	276628			-2042	273124	269982	-2198	0	0	0	0	66498	157	0	
735067																																							76733	4372	0	0	1092	8342	0	8563	503380	368335	4631	435602	0	5552	47688	0	67778	125	503380	0	0	49638	0	0	18015	0	115260	253075			0	408838	403286	0	0	0	14948	0	67778	0	992	
735414																																							5787	1137	0	0	0	1223	0	2746	78712	70233	399	70632	0	306	0	0	8080	200	78712	0	0	2820	0	0	5060	0	4920	65313			0	49743	49437	0	398	0	0	0	8080	0	17984	
735441																																							73180	28178	22304	0	5545	18541	0	19351	1512992	1304094	6324	1355418	0	13660	45000	0	157574	740	1512992	0	0	142451	0	0	14374	1835	170554	1133540			0	1357718	1344058	9	0	0	0	0	157574	0	0	
735973																																							1606	118	19948	0	0	704	0	7012	76457	61306	674	63080	0	296	1100	0	13377	1	76457	0	0	14712	0	0	0	0	3597	57709			0	47142	46846	-1336	0	0	0	0	13377	223	0	
736158																																							5410	1204	17237	0	0	158	170	2355	53637	47284	108	47621	0	295	229	0	6016	200	53637	0	0	938	0	0	5800	0	9859	37425			0	21398	21103	-922	6000	0	0	0	6016	0	0	
736550																																							211	6415	87352	0	2470	7174	180	9127	437183	370858	1818	396120	0	4067	23400	0	41063	50	437183	0	0	26167	0	0	16671	474	78326	292532			0	327339	323272	-1825	0	0	44	0	41063	508	0	
737548																																							13301	4060	90991	1787	3793	6283	0	29139	823634	688591	10517	722664	0	7316	4286	0	100970	170	823634	0	0	88067	0	0	15548	0	138886	549705			0	681584	674268	-2815	0	0	0	19270	100970	12	0	
738013																																							8187	10992	174912	0	2216	9028	0	14905	1076098	794304	5555	967783	0	13188	167924	0	108315	350	1076098	0	0	123001	0	0	350	2084	188757	605547			0	866962	853774	-15386	0	0	0	0	108315	0	0	
738040																																							42462	25109	476544	0	15238	35199	162	90663	2480897	1945663	14474	2258144	0	22519	265000	0	222753	200	2480897	0	0	222298	0	0	47148	1153	353809	1591854			0	1640784	1618265	-46893	0	0	0	33007	222753	172	175930	
738143																																							2431	4401	179063	0	2765	13785	2585	19900	675953	568655	5758	633572	0	3451	32500	0	42381	1403	675953	0	0	41085	0	0	20641	0	77297	491358			0	448597	445146	-20748	2121	0	0	26659	42381	0	3756	
738255																																							2022	3069	64202	0	0	1103	0	8925	237153	188985	1118	209407	0	1959	19304	0	27746	1260	237153	0	0	27929	0	0	2080	0	36225	152760			0	159791	157832	-3523	0	0	0	0	27746	0	0	
738303																																							128023	4417	87878	0	10752	13176	0	62388	1640097	1317280	14688	1486512	0	7650	154544	0	153585	0	1640097	0	0	5675	0	0	159849	2538	155150	1162130			0	1298091	1290441	-11939	0	0	0	0	153585	0	40484	
738657																																							5230	1063	7257	0	0	806	0	1961	53601	48335	200	49043	0	362	0	0	4558	50	53601	0	0	4912	0	0	200	0	11958	36377			0	36268	35906	-604	0	0	508	0	4558	0	1378	
738769																																							119234	51423	142358	0	34044	42026	6722	54526	1622684	1369699	13442	1433141	0	15889	50000	0	189543	846	1622684	0	0	125291	0	0	74812	0	458704	910995			0	1188240	1172351	-11406	0	0	0	0	189543	0	0	
739346																																							16	3906	48177	0	171	556	0	3652	171978	139231	1141	156484	0	1439	10000	0	15494	60	171978	0	0	18443	0	0	1000	0	25125	114106			0	116904	115465	-4009	0	0	6112	0	15494	35	0	
739355																																							123868	7366	20829	0	20	13405	1807	7521	834839	736497	5172	741669	0	10045	0	0	93170	390	834839	0	0	80980	0	0	13657	0	148138	588359			0	670068	660023	-1857	0	0	0	0	93170	0	0	
739560																																							563507	36799	315663	14190	7177	110496	631	164761	5911501	5259926	91360	5451286	0	73279	100000	0	460215	1600	5911501	0	0	409391	0	0	76468	14310	1708033	3551893			0	4745629	4672350	-27244	0	0	0	0	460215	11617	0	
739832																																							1765	9764	61006	0	6080	6284	0	10103	364093	308059	2301	330332	0	2448	19972	0	33761	700	364093	0	0	25448	0	0	11219	92	52820	255239			0	271447	268999	-3606	0	0	0	0	33761	0	0	
740249																																							664	4327	119644	0	0	533	0	5260	304218	249451	1085	271791	0	453	17000	0	32427	600	304218	0	0	30517	0	0	4400	0	53061	196390			0	174176	173723	-3090	0	0	4255	0	32427	67	0	
741068																																							33886	1612	0	0	7804	6943	0	2019	157048	126237	723	132403	0	669	5443	0	24645	500	157048	0	0	969	0	0	23176	0	27906	98331			0	105453	104784	0	0	0	0	0	24645	0	0	
741152																																							21842	1807	49319	0	0	250	0	525	94552	86387	168	86555	0	342	0	0	7997	400	94552	0	0	10220	0	0	400	0	37950	48437			0	21151	20809	-3023	0	0	0	0	7997	0	0	
741330																																							99314	9509	147760	3582	25734	58291	1350	30115	1549080	1366308	17596	1388711	3329	8396	4807	0	157040	1000	1549080	0	0	42020	0	0	126095	0	201918	1164390			0	1151691	1143295	-12075	25000	0	0	0	160369	5130	0	
741358																																							750	434	0	0	0	62	40	757	23833	17863	137	19200	0	201	1200	0	4633	200	23833	0	0	3613	0	0	820	0	6140	11723			0	21125	20924	0	616	0	0	0	4633	0	250	
741844																																							6707	1460	28584	0	0	2016	0	6248	139236	115896	964	117860	0	830	1000	0	21376	100	139236	0	0	18284	0	0	4400	185	30522	85374			0	94352	93522	-1408	478	0	0	0	21376	36	0	
741956																																							7802	4158	11029	0	0	327	0	1082	50025	44617	74	44691	0	323	0	0	5334	600	50025	0	0	2098	0	0	3522	0	15949	28668			-12	25221	24898	-874	0	0	0	0	5334	0	729	
741974																																							12091	1915	8765	0	242	3562	0	8224	289077	214002	1542	258992	0	1664	43448	0	30085	1	289077	0	0	-11736	0	0	41847	623	11101	202901			0	252986	251322	-27	2240	0	0	0	30085	0	93	
742056																																							50253	7647	63210	0	0	1816	374	3104	306396	279584	422	280006	0	2061	0	0	26390	300	306396	0	0	23298	0	0	5000	0	44202	235382			0	182053	179992	-2208	0	0	0	0	26390	0	0	
742542																																							1398	1696	29102	0	0	979	0	2759	159462	142756	1600	144856	0	1340	500	0	14606	200	159462	0	0	13899	0	0	2366	0	20686	122070			0	120350	119010	-1859	4518	0	0	0	14606	0	0	
742944																																							37973	5871	21926	0	0	7881	0	11536	432193	372546	2226	390747	0	3397	15975	0	41446	900	432193	0	0	39593	0	0	900	586	63587	308959			0	327060	323663	53	2818	0	0	0	41446	0	19939	
743679																																							40844	9652	109640	0	3996	14084	0	15930	674114	530519	10187	596145	0	4491	24379	0	77969	0	674114	0	0	83741	0	0	0	383	108493	422026			0	482114	477623	-5772	1962	0	0	31060	77969	0	0	
743950																																							5167	1215	44996	0	0	1490	0	1949	80568	67755	367	68122	0	211	0	0	12446	135	80568	0	0	13461	0	0	195	0	14158	53597			0	24360	24149	-1345	1602	0	0	0	12446	0	0	
744854																																							71375	8024	62759	694	0	10759	0	4523	511745	433742	3130	436872	0	7968	0	0	74873	1050	511745	0	0	51659	0	0	22088	0	121916	311826			0	320605	312637	76	40816	0	0	0	74873	0	158	
745347																																							652	3492	76829	0	0	625	0	2923	160396	141675	868	147343	0	1006	0	0	13053	1500	160396	0	0	10630	0	0	3500	0	17838	123837			0	76881	75875	-2577	0	0	4800	0	13053	0	0	
746157																																							17417	1090	64933	0	7862	6442	44	5164	374619	324239	1167	338406	0	3538	13000	0	36213	100	374619	0	0	12232	0	0	27400	0	58340	265899			0	275205	271667	-3519	0	0	0	0	36213	0	0	
746755																																							2754	4559	145820	0	0	2385	0	11849	370175	318154	2253	334367	0	2217	13960	0	35808	390	370175	0	0	28220	962	0	9301	0	71056	247098			0	204063	201846	-2103	0	0	0	0	35808	0	0	
746942																																							4229	3680	42857	0	9219	2426	0	2814	164600	138848	823	141726	0	762	2055	0	22874	112	164600	0	0	7135	0	0	16038	0	10534	128314			0	99989	99227	-411	114	0	0	0	22874	34	0	
746979																																							12752	2270	9511	0	5	6362	0	832	150329	119071	339	119410	0	1119	0	0	30919	0	150329	0	0	31056	0	0	0	402	12717	106354			0	47255	46136	-137	919	0	0	0	30919	0	71140	
747051																																							14963	1260	6442	0	0	2749	0	3552	124407	110425	497	111922	0	1202	1000	0	12485	152	124407	0	0	8923	0	0	3597	0	30082	80343			0	95736	94534	-187	907	0	0	0	12485	0	0	
747257																																							19187	3102	20376	0	0	2425	0	8489	192531	174526	685	175211	0	1820	0	0	17320	120	192531	0	0	11579	0	0	5515	471	45540	128986			0	140203	138383	106	0	0	0	0	17320	98	0	
748254																																							12324	5821	93952	0	0	3055	0	11907	408209	337820	3950	374770	0	3592	33000	0	33439	200	408209	0	0	4344	0	0	33112	0	95500	242320			0	284742	281150	-4217	0	0	0	0	33439	0	0	
748357																																							33118	2658	4648	0	9998	4228	0	4389	314700	257079	4248	261327	0	3061	0	0	53373	100	314700	0	0	3514	0	0	49752	9345	28947	228132			0	233377	230316	7	16000	0	0	0	53373	0	0	
748441																																							853	2563	41973	0	0	512	179	2737	141012	115749	672	119410	0	944	2989	0	21602	1	141012	0	0	20722	0	0	2399	0	20943	94806			0	85689	84745	-1520	7450	0	0	0	21602	0	0	
748964																																							22639	14387	102035	0	123	6508	0	15959	430303	361269	2072	378341	0	2537	15000	0	51962	1000	430303	0	0	44193	0	0	9677	0	165132	196137			0	271189	268652	-2908	0	0	0	0	51962	0	0	
749242																																							763188	299593	2560818	0	1621801	464330	15191	967843	26747636	21774368	368125	22698267	0	293955	550000	0	4049369	3864	26747636	0	0	1102672	0	0	3033716	265959	5342090	16432278			0	19047039	18753084	-90883	0	5756	0	5774	4049369	0	1030073	
749635																																							104175	22335	233259	528	770	45240	0	32282	1018261	923654	3690	927501	0	7176	157	0	90760	102	1018261	0	0	99267	0	0	10781	172	269198	654456			0	565354	558178	-19390	21322	0	0	0	90760	0	0	
749840																																							9232	1551	0	0	0	0	0	360	35896	30754	116	30870	0	411	0	0	5026	50	35896	0	0	4176	0	0	800	0	5918	24836			0	13133	12722	0	238	0	0	0	5026	0	11793	
749943																																							3661	2829	47208	0	0	1770	272	4041	249367	220052	1545	221597	0	1900	0	0	27770	1760	249367	0	0	26109	0	0	800	0	36739	183313			0	182044	180144	-899	9442	0	0	0	27770	0	0	
750051																																							63798	2186	88286	0	0	2746	0	2132	406754	370446	1438	371884	0	3808	0	0	34870	14	406754	0	0	18574	0	0	22586	0	52654	317792			0	251175	247367	-6304	239	0	0	0	34870	0	0	
750341																																							152874	8358	55516	12	164	8717	0	13970	589689	532187	3081	542268	0	3941	7000	0	47421	1354	589689	0	0	23163	0	0	24000	0	108499	423688			0	354019	350078	-1096	0	0	0	0	47421	0	0	
750444																																							16093	3794	0	0	1016	1713	7	2099	121993	105356	772	108328	0	1933	2200	0	13665	47	121993	0	0	176	0	0	13442	0	13363	91993			0	99186	97253	0	0	0	0	0	13665	18	0	
750846																																							10813	494	19791	0	0	524	0	3227	113143	84118	203	84321	0	1848	0	0	28822	100	113143	0	0	27932	84	0	900	0	21467	62651			0	80058	78210	-110	0	0	0	0	28822	0	0	
751254																																							7838	3526	307393	0	0	746	0	9114	411728	333960	3541	391501	0	656	54000	0	20227	140	411728	0	0	9204	0	0	19860	0	28074	305886			0	83698	83042	-8977	0	0	0	0	20227	67	2	
751656																																							162803	44872	728280	0	145103	39528	25	97443	3704763	3152434	28327	3285745	0	31575	83443	0	419018	290	3704763	0	0	127572	0	0	348538	5767	758407	2394027			0	2512198	2480623	-57382	0	0	0	21541	419018	319	0	
751852																																							65161	3415	9157	65	2442	596	0	7283	413610	351458	4004	362962	65	3826	7500	0	50583	1380	413610	0	0	24467	0	0	24729	0	173994	177464			0	329317	325491	7	0	0	0	0	50648	0	0	
752831																																							15932	4757	62587	0	0	1761	0	4759	426343	379705	3746	383451	0	4685	0	0	42892	100	426343	0	0	37634	0	0	10400	0	98455	281250			0	319921	315236	-5242	8002	0	0	0	42892	0	13309	
753052																																							3430	666	19496	0	0	73	0	781	57377	48002	218	48365	0	547	0	0	9012	275	57377	0	0	8513	0	0	150	0	10087	37915			0	33443	32896	74	0	0	145	0	9012	35	0	
753324																																							103984	13942	119543	0	637	14907	0	72874	1887698	1607753	22511	1670264	0	15320	40000	0	217434	1682	1887698	0	0	211239	0	0	9773	4786	432564	1175189			0	1473077	1457757	-5260	99268	0	0	0	217434	0	0	
753641																																							15728	303	11217	0	0	1402	1	4969	94637	82201	231	83386	0	791	954	0	11251	573	94637	0	0	7866	0	0	3364	0	15973	66228			0	61153	60362	-552	655	0	0	0	11251	0	0	
753856																																							5000	5840	0	0	0	13	0	1417	50000	39620	372	39992	0	230	0	0	10008	400	50000	0	0	8608	0	0	1000	0	9155	30466			0	6844	6614	0	5500	0	0	0	10008	0	25616	
754068																																							333711	6370	5715	0	0	13998	0	10329	996220	885777	10502	904304	0	8163	8025	0	91916	3615	996220	0	0	53651	0	0	34629	0	449981	435796			0	607501	599338	21	0	0	0	0	91916	0	26759	
754246																																							1066	3499	668	0	0	1206	0	2247	86933	78707	446	79153	0	692	0	0	7780	50	86933	0	0	7573	0	0	150	0	14857	63850			0	78887	78195	7	39	0	0	0	7780	13	0	
754536																																							61245	4060	35448	0	0	325	50	2587	169728	151777	1210	152987	0	1173	0	0	16741	200	169728	0	0	12873	0	0	4800	0	33960	117817			0	67186	66013	-1132	0	0	0	0	16741	0	0	
754826																																							78005	11986	130351	0	7787	19922	0	23134	1540805	1354745	13188	1381443	0	11019	0	0	159362	18000	1540805	0	0	124532	0	0	26026	202	263929	1090816			0	1092777	1081758	-9196	162	0	0	13510	159362	0	187498	
754853																																							126508	7735	163778	15034	951	9088	0	38497	1254749	1059953	13180	1130943	450	12394	30500	0	123356	2257	1254749	0	0	45440	0	0	89022	0	552606	507347			0	904311	891917	-13363	975	0	27310	0	123806	266	0	
754929																																							50831	8419	654377	0	12208	20318	0	86132	1821703	1646795	12880	1659675	0	9892	0	0	162028	683	1821703	0	0	181855	0	0	19218	0	332884	1313911			0	999310	989418	-39728	0	0	0	0	162028	0	0	
755252																																							772	9387	91408	0	207	10290	521	20515	627030	509333	3245	552133	0	3162	28598	0	74897	400	627030	0	0	59808	0	0	23600	1133	98413	410920			0	421117	417955	-8911	7300	0	0	10957	74897	0	67542	
755421																																							8983	4458	0	0	0	491	0	512	62873	56669	272	56941	0	448	0	0	5932	500	62873	0	0	5372	0	0	75	0	11107	45562			-15	35226	34778	0	0	0	0	0	5932	0	13651	
755458																																							1000	8079	61106	0	535	3667	0	8544	422662	352680	2837	383114	0	3286	27597	0	39548	120	422662	0	0	3021	0	0	39343	0	25084	327596			0	340068	336782	-2936	0	0	0	0	39548	141	2808	
756343																																							24191	2919	0	0	0	3339	540	6830	242016	197792	1064	220856	0	2113	22000	0	21160	200	242016	0	0	10310	236	0	10650	0	19181	178611			0	205820	203707	0	0	0	0	0	21160	132	122	
756848																																							20970	3254	19821	0	1011	2081	0	5476	266831	244028	1215	245243	0	3878	0	0	21588	314	266831	0	0	10666	0	0	11120	0	48896	195132			0	208350	204472	-512	9746	0	0	0	21588	0	0	
757377																																							31	3535	271559	0	479	9220	0	16648	856258	644622	8802	653424	0	2806	0	0	202834	0	856258	0	0	209212	0	0	0	0	67790	576832			0	554783	551977	-6378	2809	0	0	0	202834	0	0	
757452																																							8574	18533	49752	0	1793	5832	0	6771	392929	352157	825	361982	0	1844	9000	0	30947	400	392929	0	0	15929	0	0	19765	0	66430	285727			0	295848	294004	-5147	0	0	0	0	30947	0	7670	
757779																																							7348	1635	10595	0	811	6194	0	8230	213251	180147	1406	187755	0	2037	6202	0	25496	0	213251	0	0	26033	0	0	0	0	31703	148444			0	180475	178438	-537	0	0	0	0	25496	0	0	
758703																																							143214	27259	593438	22717	26893	41839	0	257977	6937271	5570103	117913	6233740	0	49701	545724	0	703531	500	6937271	0	0	663058	14010	0	56750	9950	919942	4650161			0	5702284	5652583	-16777	0	0	0	0	703531	17277	130114	
758842																																							5914	3110	30226	0	0	544	0	4135	159742	144430	1072	147411	0	707	0	0	12331	400	159742	0	0	12490	0	0	2850	0	21554	122876			0	71569	70862	-3409	447	0	0	1909	12331	88	44416	
758851																																							96477	3965	6049	0	2401	9256	0	76791	2266431	1935642	24938	2106080	0	14584	145500	0	160351	1157	2266431	0	0	59142	0	0	99037	36262	17572	1918070			0	2048296	2033712	1015	0	0	0	0	160351	0	1518	
759045																																							28765	2158	131268	0	1303	5510	0	20194	610592	436083	9253	482552	0	5561	37216	0	128040	1000	610592	0	0	117621	0	0	14643	0	102990	333093			0	426955	421394	-5224	0	0	0	0	128040	0	0	
759625																																							42117	13031	69962	3517	0	16515	0	17796	925507	825470	6520	831990	0	8374	0	0	93517	2955	925507	0	0	67834	0	6642	18106	1737	166954	658516			0	758742	750368	-2020	1282	0	0	0	93517	0	9182	
760210																																							7808	1493	37487	0	0	860	56	5842	133594	114211	200	114411	0	1685	0	0	19183	1220	133594	0	0	17212	0	0	1305	0	33813	80398			0	81022	79337	-554	711	0	0	0	19183	0	0	
760331																																							205745	5308	335268	0	0	5180	117	4244	1070872	1036228	1585	1037813	0	3866	0	0	33059	1440	1070872	0	0	32381	0	0	24096	0	368027	668201			0	518876	515010	-24858	0	0	0	0	33059	0	0	
760340																																							5924	1563	8723	0	2044	3748	0	3913	140608	124786	1191	125977	0	1230	0	0	14631	60	140608	0	0	5519	0	0	9120	0	26021	98765			0	115923	114693	-68	0	0	0	0	14631	0	0	
760434																																							14868	7430	11573	0	157	4701	0	3050	217954	176485	514	198999	0	1388	22000	0	18955	100	217954	0	0	12957	0	0	5872	0	33968	142517			0	145428	144040	26	0	0	0	0	18955	0	32135	
760649																																							5225	5191	14652	0	2451	4182	0	2812	163402	139553	697	144774	0	1358	4524	0	18628	600	163402	0	0	5920	0	0	12059	0	16138	123415			0	130247	128889	49	0	0	0	0	18628	0	0	
760854																																							60936	25380	457936	0	0	17929	0	43958	1233638	1073737	24003	1150288	0	6870	1046	0	83350	1156	1233638	0	0	93886	0	0	9538	1778	88106	985631			0	630248	623378	-21230	2343	0	0	51502	83350	0	0	
760939																																							6713	1049	10742	0	0	2012	0	2756	85864	76820	1127	77947	0	875	0	0	7917	531	85864	0	0	5538	0	266	1865	0	25849	50971			0	54572	53697	-283	8895	0	0	0	7917	0	0	
760957																																							890	2390	27602	0	0	10812	0	2661	151579	144075	875	144950	0	1112	0	0	6629	100	151579	0	0	1605	0	0	7600	0	27843	116232			0	108336	107224	-2676	0	0	0	0	6629	0	0	
761244																																							30787	8557	68673	0	0	8423	3204	15480	534840	485829	3598	489427	0	4371	0	0	45413	120	534840	0	0	43236	0	0	6980	0	63818	422011			0	384345	379974	-4923	7772	0	0	0	45413	0	11970	
761459																																							12724	5202	108552	455	9290	4461	214	7101	383615	336754	1422	338176	0	2605	0	0	45439	107	383615	0	0	7537	0	0	39470	0	99517	237237			0	237949	235344	-1675	0	0	0	0	45439	87	185	
761543																																							11502	2086	80789	0	1500	5546	0	16688	481985	403770	6087	423842	0	4021	11014	0	58143	150	481985	0	0	54029	0	0	6968	613	56325	347445			0	367227	363206	-3004	0	0	0	2971	58143	55	0	
761806																																							2239401	175041	10009500	112889	3211916	432034	390	2592307	83985466	68898748	1337665	74211336	0	719411	3231587	0	9774130	1	83985466	80874	146598	2394887	1268580	0	7730086	14886	10206751	58691997			0	56597110	55877699	-350844	374	0	0	596738	9774130	0	7969575	
761833																																							30566	1513	23430	0	11800	4595	1412	28651	288221	268292	2892	271184	0	4689	0	0	17037	1672	288221	0	0	-1455	0	0	20653	53168	30606	237686			0	137775	133086	-3833	0	0	0	0	17037	0	0	
761851																																							9783	14843	59978	253	2907	7957	200	16213	600188	507366	1605	552571	0	4638	43600	0	47617	30	600188	0	0	20574	0	0	30470	0	139641	367725			0	406077	401439	-3457	3300	0	0	0	47617	66	83249	
761954																																							36884	3680	70500	1	2373	11217	0	4435	289717	262335	1827	264162	0	1650	0	0	25555	375	289717	0	0	13554	0	0	11575	0	89778	172557			0	162277	160627	51	0	0	0	0	25555	0	0	
762045																																							22856	4515	0	0	0	1342	0	9132	274293	204588	2599	250109	0	4004	42922	0	24184	200	274293	0	0	15727	0	0	8257	0	47286	157302			0	240147	236143	0	0	0	0	0	24184	271	34	
762447																																							197620	54170	1075636	0	219343	99407	2857	309930	7901511	6458077	41502	6966295	0	74875	270000	0	935216	3801	7901511	0	0	374675	0	0	658044	5203	1455338	5002739			0	6006171	5931296	-101304	76	0	0	196716	935216	4588	1385	
762474																																							92205	38244	307831	0	29645	70074	21871	157227	3348187	2601114	20220	3024683	0	33899	403349	0	323504	250	3348187	16885	0	224542	5956	0	103806	8811	430220	2170894			0	2620059	2586160	-5094	0	0	0	0	323504	0	13278	
762773																																							47040	2542	0	0	2531	7622	192	5472	316086	254325	4993	259318	0	2906	0	0	56768	2000	316086	0	0	54768	0	0	0	2430	90580	163745			0	251163	248257	0	0	0	0	0	56768	0	0	
763211																																							12664	4779	95371	0	4403	3286	0	6103	267999	217747	650	248345	0	1471	8000	0	19654	600	267999	0	0	7275	0	0	21394	0	39983	177764			0	124585	123114	-9615	3505	0	0	21948	19654	0	14774	
763677																																							42705	22158	630474	0	1200	33504	747	53555	1551930	1372707	9618	1407587	0	13529	0	0	144343	1	1551930	0	0	119111	0	0	45809	3127	263909	1108798			0	686584	673055	-20578	0	0	0	25262	144343	0	91405	
763930																																							33441	6165	104464	0	0	7622	1428	13934	763418	672905	2600	695505	0	7035	20000	0	67913	3	763418	0	0	23503	0	0	52200	0	105112	567793			0	601748	594713	-7793	1651	0	0	0	67913	0	0	
764030																																							835113	253806	2206173	0	1120710	255297	2918	758992	27432143	22459772	336564	23361974	0	348141	558039	0	4070169	750	27432143	7359	7599	1736139	0	0	2324968	623152	6509922	15949850			0	21513522	21165381	8312	0	0	0	0	4070169	0	203242	
764058																																							9080	6293	190628	0	2090	8467	0	13395	765504	661249	10830	708079	0	12763	36000	0	57425	250	765504	0	0	2581	0	0	65454	0	162724	498525			0	548314	535551	-10860	0	0	0	0	57425	0	0	
764067																																							1670	2722	43174	0	0	1280	0	2027	141915	127460	304	127764	0	1656	0	0	14151	1243	141915	0	0	16497	0	0	1451	0	47012	80448			0	92698	91042	-5040	0	0	0	0	14151	0	0	
764142																																							7834	2189	53742	0	1091	2459	0	5932	153694	131829	791	139206	0	1189	1230	0	14488	200	153694	0	0	9280	0	0	7094	0	27596	104233			0	81636	80447	-2086	0	0	0	5356	14488	0	0	
764151																																							12933	4079	8695	0	0	229	249	1762	55230	47895	948	48843	0	336	0	0	6387	220	55230	0	0	4550	0	0	1780	0	15727	32168			0	24064	23728	-163	3555	0	0	0	6387	0	0	
764816																																							4738	5768	8561	0	0	4523	8	5492	299764	260221	3002	274723	0	3191	11500	0	25041	450	299764	0	0	19123	0	0	5710	0	82366	177855			0	272711	269520	-242	1154	0	0	0	25041	0	0	
765318																																							14087	4462	23449	0	2170	2560	936	7109	213207	189193	748	189941	0	2076	0	0	23266	310	213207	0	0	10505	0	0	12469	0	35260	153933			0	157231	155155	-18	3279	0	0	0	23266	0	0	
765354																																							11130	3011	62887	0	0	1479	0	983	145820	129693	469	130162	0	727	0	0	15658	100	145820	0	0	17863	0	0	200	0	35326	94367			0	49057	48330	-2505	18000	0	0	0	15658	0	0	
765505																																							18773	6754	213726	0	0	26800	0	46944	1300689	992612	14990	1148469	0	9754	140867	0	152220	10	1300689	0	0	158089	0	0	0	1008	224024	768588			0	994432	984678	-5879	2006	0	0	0	152220	0	0	
765662																																							2638	2297	83850	0	0	1862	0	6065	222278	187638	166	196804	0	751	9000	0	25474	1000	222278	0	0	26354	0	0	5000	0	63191	124447			-946	80150	79399	-5934	0	0	0	0	25474	0	46167	
765877																																							399	622	31462	0	0	636	0	4995	112716	88493	1203	93485	0	1013	3500	0	19231	0	112716	0	0	19496	404	0	0	0	6099	82394			0	75211	74198	-265	0	0	289	0	19231	0	0	
766052																																							6281	1272	18811	0	0	649	0	1055	132564	110059	316	110375	0	879	0	0	22189	300	132564	0	0	21574	0	0	400	0	22647	87412			0	83775	82896	-85	1327	20273	0	0	22189	0	0	
766164																																							180807	67535	364276	2064	403034	113693	10185	275458	6376892	4961158	97632	5338790	0	36511	280000	0	1038102	1	6376892	0	0	419726	0	0	620114	459	1912580	3048578			0	4991304	4954793	-1739	0	0	0	0	1038102	4588	0	
767152																																							1484	2167	11441	0	0	548	0	674	55363	47917	156	48073	0	244	0	0	7290	75	55363	0	0	6344	0	0	1075	0	14986	32931			0	31908	31664	-204	7385	0	0	0	7290	0	0	
767246																																							5282	262	627	0	0	158	0	294	21365	19800	72	19872	0	214	0	0	1493	50	21365	0	0	1125	0	0	375	0	5847	13953			0	14956	14742	-57	0	0	0	0	1493	0	0	
767255																																							11219	4222	34116	0	0	5096	0	9688	260372	220204	3226	238430	0	2093	15000	0	21942	150	260372	0	0	18038	0	0	8299	0	42953	177251			0	198124	196031	-4545	0	0	0	0	21942	0	0	
767554																																							7711	3036	63849	0	780	5410	0	5479	158997	142515	404	148746	0	554	5827	0	10251	1047	158997	0	0	7260	0	0	8953	3182	37634	104881			0	67559	67005	-7009	0	0	0	0	10251	0	2545	
767572																																							4957	433	3542	0	0	195	0	1515	36874	26807	232	31083	0	279	4044	0	5791	0	36874	0	0	5834	0	0	0	0	374	26433			0	26511	26232	-43	0	0	0	0	5791	0	0	
767611																																							9147	1164	76166	0	0	907	0	8125	180561	161083	749	161832	0	1294	0	0	18729	167	180561	0	0	21328	0	0	143	0	34270	126813			0	85061	83767	-2909	627	0	0	0	18729	0	658	
767732																																							30873	18208	100175	0	10397	12974	0	28558	606016	528837	2193	531030	0	4441	0	0	74986	9000	606016	0	0	41049	0	0	34712	0	208857	319980			0	370416	365975	-9775	38856	0	0	0	74986	0	0	
767974																																							247097	11633	17496	0	0	9227	0	84721	2114639	1783392	28100	1875370	0	17678	63878	0	239269	19	2114639	0	0	108288	0	0	132333	5611	287263	1496129			0	1756532	1738854	-1371	0	0	0	0	239269	0	0	
768458																																							27408	3662	111133	0	0	4832	0	5942	292100	266017	606	266623	0	1372	0	0	25477	495	292100	0	0	10041	0	0	15566	0	78697	187320			0	92522	91150	-625	47973	0	0	0	25477	0	0	
768476																																							8163	593	0	0	0	625	0	542	76658	64822	442	73354	0	629	8090	0	3304	0	76658	0	0	3304	0	0	0	0	4071	60751			0	60144	59515	0	0	0	0	0	3304	0	7220	
768953																																							4869	4533	101664	0	0	2638	0	33236	394447	386761	3875	390683	0	1183	0	0	3764	450	394447	0	0	10991	0	0	23872	0	37109	349652			0	118893	117710	-31549	195	0	47	0	3764	0	129602	
769334																																							6178	1420	36065	0	0	949	0	2598	109076	93930	359	98440	0	656	91	0	10636	400	109076	0	0	9197	0	0	3403	0	12827	81103			0	62522	61866	-2364	0	0	1200	2860	10636	0	0	
770451																																							12572	3042	27379	0	0	1564	0	5653	141380	121518	1222	128621	0	1543	5881	0	12759	125	141380	0	0	6709	0	0	5875	0	23889	97629			0	92339	90796	50	231	0	0	0	12759	143	0	
770545																																							4126	381	4750	0	2102	257	0	690	45698	38243	351	39894	0	266	1300	0	5804	52	45698	0	0	160	0	0	5592	0	5245	32998			0	32683	32417	0	975	0	0	0	5804	0	0	
770639																																							34648	6116	124968	0	0	3441	0	3480	319264	278101	1784	286385	0	1951	6500	0	32879	1200	319264	0	0	28236	0	0	5000	0	76091	202010			0	148562	146611	-1557	0	0	0	0	32879	0	0	
770657																																							26188	19674	395159	0	16536	25794	0	33331	1538518	1306020	11033	1394992	0	12490	25000	0	143526	600	1538518	826	863	158375	854	0	43036	0	373123	932897			0	1032622	1020132	-58485	16	0	0	52076	143526	8	0	
770853																																							13149	13810	54616	0	0	15027	0	15951	678976	544576	3036	614044	0	5124	66432	0	64932	275	678976	0	0	58553	0	0	8220	131	87667	456909			0	571330	566206	-2116	0	0	0	0	64932	86	0	
771047																																							4041	616	21290	0	0	5494	0	1862	57509	52667	286	52953	0	120	0	0	4556	300	57509	0	0	3188	0	0	1695	0	14042	38625			0	24326	24206	-627	0	0	0	0	4556	0	0	
771140																																							27825	19877	364774	0	32913	18161	0	58544	1568158	1321425	14038	1434059	0	15438	70810	0	134099	200	1568158	0	0	67856	0	0	90095	0	200981	1120444			0	1059267	1043829	-24052	2235	0	0	27786	134099	0	0	
771458																																							87883	16545	526150	0	17715	28144	248	49802	1845287	1570113	25588	1648028	0	20452	224	0	197259	3769	1845287	0	0	142621	0	0	101760	1215	616034	954079			0	1083982	1063530	-50891	0	0	0	52103	197259	0	54055	
771609																																							16427	22092	342292	0	42177	50742	0	106468	2846896	2434755	44952	2588027	0	26378	108320	0	258869	1888	2846896	0	0	130770	14196	0	128760	21262	399641	2035114			0	2255430	2229052	-2549	0	0	0	0	258869	2188	0	
771748																																							6112	5610	101148	0	684	805	0	2751	199649	176859	932	177791	0	590	0	0	21858	260	199649	0	0	25956	0	0	7273	0	36524	140335			0	83127	82537	-11631	0	0	0	0	21858	2	0	
771878																																							35787	2119	76091	0	935	4225	0	19558	422705	327131	3630	378198	0	3440	47437	0	44507	0	422705	0	0	46089	0	0	0	707	25240	301891			0	286622	283182	-1582	0	0	0	0	44507	0	101	
772008																																							183761	13394	548029	0	6998	15015	0	68639	2472672	2166046	32974	2235300	0	15286	36280	0	237372	1	2472672	0	0	249317	0	0	1700	0	435869	1730177			0	1652122	1636836	-13646	0	0	0	0	237372	0	0	
772446																																							0	97921	1974	0	4274	20	0	21146	125335	505	11260	11765	0	0	0	0	113570	1450	125335	0	0	105207	0	0	6935	0	505	0			0	0	0	-22	0	0	0	0	113570	0	0	
772754																																							7684	2340	19579	0	0	494	0	1257	110023	97244	508	97752	0	770	0	0	12271	50	110023	0	0	12560	0	0	250	0	28520	68724			0	75711	74941	-589	3662	0	0	0	12271	66	0	
773032																																							42992	2768	47603	0	0	4138	0	1458	183793	159050	408	159458	0	1504	0	0	24335	200	183793	0	0	22883	0	0	5800	0	76753	82297			0	86338	84834	-4548	0	0	0	0	24335	0	0	
773171																																							4336	1015	10797	0	4714	1417	0	1465	115892	93969	986	94955	0	678	0	0	20937	100	115892	0	0	523	0	0	20342	0	11206	82763			0	89704	89026	-28	0	0	0	0	20937	0	3122	
773247																																							80344	46935	1520708	0	32397	85134	606	441062	6502519	5429071	88020	5892272	0	69219	365000	0	610247	400	6502519	0	0	-45572	0	0	715752	7781	1045103	4383968			0	4352004	4282785	-60333	532	0	0	10181	610247	4235	0	
773443																																							21589	2073	140184	0	3495	4004	0	5343	408160	349579	3030	364124	0	3184	0	0	44036	963	408160	0	0	56916	0	0	963	0	60993	288586			0	234656	231472	-14806	0	0	0	11515	44036	0	0	
773470																																							163944	1029	0	0	0	16731	0	15368	1434308	938874	10435	1199309	0	3811	250000	0	234999	8481	1434308	0	0	212509	0	0	14009	0	189590	749284			0	1241013	1237202	0	34	0	0	0	234999	0	0	
773742																																							3364	6065	167189	0	1223	10953	0	19807	470995	422291	6618	450386	0	3517	0	0	20609	3000	470995	0	0	32653	0	0	3200	1655	150057	272234			0	257716	254199	-18244	1138	0	21477	0	20609	0	5402	
774132																																							13259	12016	141879	0	58947	88423	2433	31869	1608229	1365269	25810	1404363	992	12052	13284	0	202874	500	1608229	0	0	30123	0	0	179956	0	225604	1139665			0	1165545	1153493	-7705	105910	0	0	0	203866	0	0	
774235																																							25292	1064	30786	0	0	321	0	7555	137209	121006	380	121386	0	1356	0	0	15823	600	137209	0	0	13473	0	0	2694	0	33661	87345			0	73547	72191	-944	0	0	0	0	15823	0	0	
774253																																							7343	1386	16876	0	442	1524	0	1843	101267	90845	350	91195	0	608	0	0	10072	312	101267	0	0	909	0	0	9201	0	15618	75227			0	72314	71706	-350	147	0	0	0	10072	0	0	
774347																																							27302	4206	43398	0	1592	2923	156	12487	296486	259701	1518	268395	0	3909	7176	0	28091	122	296486	0	0	29043	0	0	3857	0	25592	234109			0	175558	171649	-4931	2259	0	0	0	28091	133	30381	
775054																																							21167	12136	94967	2379	6109	22918	0	27667	705038	594291	7030	630321	0	6374	29000	0	74717	261	705038	0	0	47684	11899	0	32879	0	185933	408358			0	482462	476088	-6107	14708	0	0	0	74717	0	15000	
775241																																							5191	773	12989	0	0	219	0	1182	53689	46613	401	47014	0	506	0	0	6675	1800	53689	0	0	3236	0	0	1800	0	7009	39604			0	33841	33335	-161	0	0	0	0	6675	0	0	
775456																																							80203	18150	355886	0	27183	28903	612	47968	2208754	1846579	9786	1994947	0	16058	130595	0	213807	1900	2208754	0	0	67289	0	0	150327	937	339334	1507245			0	1664970	1648912	-5709	0	0	0	7987	213807	0	0	
775773																																							34045	1242	78719	0	88	5113	0	14458	266760	199576	2887	206154	0	1128	3691	0	60606	1	266760	0	0	42592	0	0	27236	4460	29166	170411			-3462	129763	128635	-5761	0	0	0	0	60606	0	0	
776369																																							34873	3594	62253	0	0	2435	0	5861	201279	171624	902	172526	0	2567	0	0	28753	1200	201279	0	0	19849	0	0	7332	0	75654	95970			0	94830	92263	372	0	0	0	0	28753	0	0	
776547																																							6326	5191	40780	0	0	3221	0	16160	448059	376542	2953	413069	0	1190	33574	0	34990	1000	448059	0	0	33590	0	0	5828	0	78266	298276			0	377571	376381	-5428	0	0	0	0	34990	0	0	
777254																																							229	1923	11307	0	464	3641	0	3450	117519	104861	387	110248	0	911	5000	0	7271	25	117519	0	0	1118	0	0	7475	0	20878	83983			0	96894	95983	-1347	0	0	0	0	7271	0	522	
777366	94810	11746	33043	0	68	17100	0	24776	1121969	27617	989154	0	13214	8000	0	132815	10050	1121969	0	0	84821	0	0	40800	0		0	953141	939927	-2856	0	0	132815	0	499	74	0	74			33043							953463					8000												118312	835151							0	0	0	0		0		
777441																																							12006	1237	34615	0	0	2460	0	6556	119826	111562	424	111986	0	234	0	0	7840	400	119826	0	0	8829	0	0	1756	0	13983	97579			0	63186	62952	-3145	0	0	0	0	7840	0	0	
777870																																							16340	2184	93561	0	301	4660	0	12986	329753	282630	3103	285733	0	1888	0	0	44020	0	329753	0	0	46153	0	0	0	0	45245	237385			0	201108	199220	-2133	0	0	0	0	44020	0	501	
778738																																							137	16371	145860	38	10821	15986	0	16764	1348244	1136096	14930	1173052	1903	10133	19036	0	173289	38604	1348244	0	0	135405	0	0	0	2392	162196	973900			0	1058250	1048117	-720	4279	21158	0	2990	175192	2147	64174	
779016																																							33125	7818	220182	1842	14813	17928	0	41549	1251697	1111534	14617	1133240	0	9904	5500	0	118457	180	1251697	0	0	55348	0	0	64068	0	221293	890241			0	918171	908267	-1139	6173	0	0	1589	118457	0	0	
779351																																							203405	38479	400820	0	49465	34823	970	107724	2898711	2522900	24525	2563094	0	25996	626	0	335617	3365	2898711	0	0	253730	0	0	83804	13880	477992	2044908			0	2037312	2011316	-5282	295	0	0	15043	335617	0	37534	
779641																																							106	1441	15589	0	0	723	0	2771	65894	53050	354	53671	0	323	267	0	12223	330	65894	0	0	6105	0	0	5700	0	15517	37533			0	44291	43968	88	1296	0	0	0	12223	0	0	
779650																																							41213	8324	0	0	349	6613	0	6618	716171	539390	1805	653279	0	4714	44084	0	62892	120	716171	0	0	50142	0	0	12630	0	91658	447732			0	518499	513785	0	15532	0	0	68000	62892	0	123737	
779968																																							26592	11142	106157	0	56	649	0	27805	1342534	1142963	13004	1159967	0	15470	4000	0	182567	94500	1342534	0	0	92730	0	0	2663	0	107622	1035341			0	1170673	1155203	-7326	0	0	0	0	182567	457	14473	
780049																																							11778	5696	39441	0	0	6439	0	7993	328913	299938	2375	310457	0	2730	8144	0	18456	200	328913	0	0	23767	0	0	6485	0	60649	239289			0	196412	193682	-11996	0	0	0	0	18456	0	63884	
780218																																							34792	13717	224815	0	30439	22374	1899	39834	1189863	1057521	6959	1064936	0	8630	456	0	124927	840	1189863	0	0	125416	4590	0	23447	3427	179343	878178			0	821702	813072	-24776	0	0	0	0	124927	904	0	
780263																																							11934	6850	120367	0	0	1951	0	13755	326953	274101	3496	295097	0	2307	17500	0	31856	400	326953	0	0	41442	0	0	600	0	122138	151963			0	158172	155865	-10586	0	0	0	0	31856	0	16231	
780722																																							62704	10146	75152	0	44	13931	404	27774	813727	700380	4649	711424	0	8509	6395	0	102303	4173	813727	0	0	96564	0	0	6336	0	291367	409013			0	626736	618227	-4770	0	0	0	0	102303	5345	0	
780955																																							17014	5167	50279	0	8530	5507	653	4257	350581	300266	2452	312218	0	2608	9500	0	38363	120	350581	0	0	16182	0	0	23703	0	70551	229715			-509	261749	259141	-1133	0	0	0	0	38363	33	0	
782016																																							108	2457	60276	0	2521	2179	0	1103	160187	129503	705	132350	0	730	2142	0	27837	600	160187	0	0	16575	0	0	12400	0	23008	106495			0	88996	88266	-1738	3277	0	0	0	27837	0	0	
782306																																							1839938	205693	1688768	0	524726	241491	0	801729	23181570	19711150	255465	20672598	0	252839	589788	0	2508972	3310	23181570	102512	116195	621434	0	0	1904230	0	4241754	15469396			0	18029552	17776713	-20002	0	0	0	0	2508972	0	0	
782548																																							61	1416	17401	0	0	351	0	1598	72174	60555	380	60935	0	578	0	0	11239	400	72174	0	0	11366	0	0	900	0	13460	47095			0	50603	50025	-1427	1322	0	0	0	11239	0	0	
783161																																							129486	26248	617243	0	5491	14104	1241	63149	1910511	1681164	13994	1700953	0	14519	5795	0	209558	23506	1910511	0	0	184553	3076	0	16977	0	634149	1047015			0	1064992	1050473	-15478	0	0	0	0	209558	0	0	
783246																																							794	8310	88637	0	17	3649	2200	15337	500279	347946	965	452196	0	4831	83746	0	48083	240	500279	0	0	56051	0	0	2660	0	75497	272449			0	360829	355998	-10868	25337	0	0	19539	48083	0	0	
783349																																							14599	762	0	0	0	1164	338	598	36674	33430	87	33517	0	173	0	0	3157	110	36674	0	0	1855	0	0	1192	0	7542	25888			0	18671	18498	0	0	0	0	0	3157	0	715	
783648																																							134674	60781	1381347	34	8020	68017	3352	372045	9663367	7841307	124870	8681177	0	95597	640000	0	982190	1028	9663367	0	0	927972	0	0	117047	872	1472152	6369155			0	7729822	7634225	-63857	0	0	75000	0	982190	0	0	
783844																																							90295	6723	292208	0	1739	14253	0	26674	1175554	993305	3014	1024506	0	8727	28187	0	151048	1250	1175554	0	0	147853	0	0	9000	197	257336	735969			0	752192	743465	-7055	0	0	0	0	151048	0	0	
783910																																							2343	5711	46312	0	6740	12927	0	14700	409295	358189	2407	364096	0	2549	3500	0	45199	554	409295	0	0	26351	0	0	20388	0	85001	273188			0	317957	315408	-2094	5154	0	0	0	45199	0	0	
784159																																							6530	12550	117196	0	2809	5668	190	26867	707419	572128	3503	575631	0	5366	0	0	131788	225	707419	0	0	126789	0	0	10710	0	85461	486667			0	486284	480918	-5936	0	15251	0	0	131788	0	39440	
784430																																							5418	572	70347	0	2895	426	0	8122	137634	121213	1940	123153	0	1142	0	0	14481	1200	137634	0	0	10483	0	0	9800	0	40079	81134			0	50996	49854	-7002	0	0	0	0	14481	0	0	
785147																																							20220	12660	144793	0	2844	20092	79	20601	990431	888770	8027	896797	0	10100	0	0	93634	500	990431	0	0	92589	0	0	10465	0	174652	714118			0	777415	767315	-9920	1827	0	0	0	93634	0	0	
785473																																							13495	17403	253147	2176	13190	28306	1673	121242	2394540	1702359	23663	2165779	0	20642	439757	0	228761	0	2394540	0	0	178660	11428	0	62095	52785	201035	1501324			0	1898840	1878198	-11994	0	0	0	0	228761	756	741	
785857																																							81161	12876	141851	0	0	9813	57	9599	442995	376804	1087	408512	0	4795	0	0	34483	1000	442995	0	0	35776	0	0	6000	0	174511	202293			0	184270	179475	-8293	0	0	0	30621	34483	0	8163	
785923																																							2740	17041	232271	5	99581	45169	333	115020	2236740	1842258	21125	1958383	0	13704	95000	0	278357	10560	2236740	0	0	74998	13261	0	202949	1718	482627	1359631			0	1705531	1691827	-10150	0	0	0	0	278357	1694	16080	
785950																																							6478	8811	115229	0	618	18089	0	19803	825888	703652	5954	744606	0	8061	35000	0	81282	1049	825888	0	0	68244	0	0	17784	868	166495	537157			0	640363	632302	-5795	23690	0	0	0	81282	0	0	
786210																																							82957	28060	646325	0	0	22740	1293	73130	2461947	2198382	14729	2255567	0	16929	4108	0	206380	4000	2461947	0	0	238458	1632	0	9550	1207	428907	1769475			0	1610985	1594056	-45628	10547	0	0	38348	206380	0	0	
786256																																							37222	1156	5828	0	2075	1114	0	579	95839	81470	442	81912	0	539	0	0	13927	144	95839	0	0	333	0	0	13440	0	14377	67093			0	48404	47865	10	0	0	0	0	13927	0	0	
786555																																							20953	5087	98468	0	146	2822	0	12071	410507	371904	3951	382664	0	3170	6809	0	27843	900	410507	0	0	8318	0	0	26600	349	65955	305949			0	273667	270497	-7975	114	0	0	0	27843	0	0	
786612																																							51278	46632	416290	407	144634	48631	7806	203473	6116848	5220516	57998	5322486	0	36091	23139	0	794362	3208	6116848	0	0	241116	14554	0	557144	3668	839866	4380650			0	4862838	4826747	-7106	0	0	20833	0	794362	5443	347285	
786733																																							27416	3392	54999	0	0	4567	0	20769	562182	519123	4431	525637	0	4403	2083	0	36545	2575	562182	0	0	43470	0	0	2575	0	135432	383691			-2778	406189	401786	-9297	0	0	0	0	36545	0	49253	
786948																																							12076	3179	25141	0	0	1983	0	6886	244156	215886	994	217731	0	4076	0	0	26425	150	244156	0	0	26772	0	0	750	0	12316	203570			0	198152	194076	-1247	753	0	0	851	26425	62	0	
787459																																							52648	265	15197	0	0	2814	0	2243	210104	181308	4133	185441	0	12490	0	0	24663	100	210104	0	0	13018	0	0	11400	0	36743	144565			0	149427	136937	145	0	0	0	0	24663	0	0	
787842																																							43	6534	82601	0	665	2397	0	10097	380280	340331	1268	349400	0	5279	0	0	30880	240	380280	0	0	16494	0	0	20275	0	36220	304111			0	283222	277943	-6129	0	0	6650	1151	30880	0	0	
788559																																							2775	2523	82035	0	0	741	0	6200	219659	142632	2295	167218	0	1447	17171	0	52441	270	219659	0	0	51749	0	0	4742	0	20377	122255			0	126567	125120	-4320	265	0	0	5120	52441	0	0	
788652																																							3073	1786	11715	0	0	10481	0	6036	167898	141735	1751	153659	0	1165	8000	0	14239	112	167898	0	0	1220	0	0	13388	111	35375	106360			0	130816	129651	-481	0	0	2173	0	14239	0	5045	
788773																																							11375	3434	157207	0	8440	19994	0	17171	663179	585880	4114	612553	0	6166	22559	0	50626	10	663179	0	0	18060	0	0	39990	405	132533	453347			0	451142	444976	-7434	0	0	0	0	50626	177	0	
789051																																							598	305	22337	0	0	103	0	758	40513	36490	111	36766	0	349	0	0	3747	100	40513	0	0	4811	0	0	300	0	14725	21765			0	16729	16380	-1464	32	0	165	0	3747	0	0	
790150																																							3014	2408	15964	0	0	859	0	2539	70425	63205	966	64171	0	506	0	0	6254	290	70425	0	0	4642	0	0	1530	0	14896	48309			0	42183	41677	-208	3964	0	0	0	6254	0	0	
790271																																							28811	3290	174225	0	7103	7197	0	22711	586243	501677	6930	520058	0	3500	11000	0	66185	10	586243	0	0	77036	0	0	0	0	62131	439546			0	343708	340208	-10861	2698	0	0	451	66185	0	0	
790543																																							1578	11774	49669	15992	9888	67603	0	45187	1716237	1341915	23933	1520997	0	13524	155149	0	195240	600	1716237	0	0	112059	0	0	94400	498	172950	1168965			0	1280537	1267013	-11819	11650	0	0	0	195240	985	234400	
790703																																							52379	1148	93393	0	1033	12535	0	14306	601311	510002	8849	552423	0	4243	33572	0	48888	1100	601311	0	0	42523	0	0	10060	0	98226	411776			0	430760	426517	-4795	0	0	0	0	48888	0	0	
790918																																							112294	8955	394226	0	196	20688	0	49364	1529069	1142016	12841	1397735	0	9412	206033	0	131334	5867	1529069	0	0	80178	4333	0	64742	1140	207518	934498			0	947285	937873	-19453	0	0	0	36845	131334	0	0	
791072																																							49682	2021	74272	157	395	2620	0	6299	275696	257322	555	257899	0	1947	22	0	17797	532	275696	0	0	19839	0	0	6169	0	30834	226488			0	142197	140250	-8743	0	0	0	0	17797	0	0	
791353																																							1856	3373	94619	0	0	3161	502	4172	247818	225894	2821	228715	0	1326	0	0	19103	60	247818	0	0	11912	0	0	9940	0	56962	168932			0	134957	133631	-2809	6504	0	0	0	19103	0	0	
791821																																							79079	1921	57307	0	21	6425	0	25265	763257	681029	3974	685003	0	6575	0	0	78254	0	763257	0	0	73250	0	0	12119	0	176924	504105			0	541878	535303	-7115	0	0	0	0	78254	0	57936	
791942																																							58329	1391	23846	0	0	984	0	6045	289602	247236	1858	249094	0	3986	0	0	40508	1550	289602	0	0	26105	0	0	13972	0	46405	200831			0	177774	173788	-1119	6198	0	0	0	40508	0	19021	
792453																																							1389	3064	9479	0	0	305	0	2228	140343	119640	429	121069	0	1056	1000	0	19274	200	140343	0	0	18269	0	0	750	0	33458	86182			0	85495	84439	55	39178	0	0	0	19274	211	50	
792640																																							5550	2315	0	0	3060	1927	0	2822	196340	169750	733	173751	0	1416	3268	0	22589	700	196340	0	0	1864	0	0	20025	0	35618	134132			0	181082	179666	0	1000	0	0	0	22589	0	0	
792659																																							10199	3860	84311	0	0	4861	0	5414	239690	196101	1427	219189	0	1496	21661	0	20501	705	239690	0	0	23183	0	0	2971	0	47370	148731			0	132541	131045	-6358	0	0	0	0	20501	0	0	
794149																																							27	7126	70526	0	0	4079	0	5351	328441	306110	1406	307516	0	2003	0	0	20925	702	328441	0	0	30300	0	0	702	0	81167	224943			0	242635	240632	-10779	700	0	0	0	20925	0	0	
794345																																							80	2105	86315	0	0	2054	0	11964	220598	180741	2099	191340	0	2516	8500	0	29258	130	220598	0	0	27896	0	0	3000	0	29491	151250			0	118937	116421	-1768	209	0	0	0	29258	0	1450	
794475																																							5472	529	2370	0	0	518	0	5533	91602	65013	470	72983	0	800	7500	0	18619	7	91602	0	0	12125	0	0	6596	0	1870	63143			0	77980	77180	-109	0	0	0	0	18619	0	0	
794653																																							5211	2059	2374	0	0	1174	0	881	36807	33641	75	33716	0	366	0	0	3091	12	36807	0	0	2826	0	0	286	0	8244	25397			0	24862	24496	-33	520	0	0	0	3091	92	0	
795249																																							10086	2030	46951	503	0	569	0	2874	130797	107299	339	110589	0	707	0	0	20208	610	130797	0	0	19383	0	0	1390	0	16675	90624			0	61270	60563	-1175	7221	0	0	2951	20208	0	0	
795548																																							2345	8497	123257	0	4430	3703	181	23284	596307	544023	3789	560812	0	3795	13000	0	35495	1000	596307	5045	0	66656	0	0	1795	0	87698	456325			0	330243	326448	-33956	193	0	0	0	35495	0	98924	
795959																																							215	3116	32786	0	0	3973	0	7764	126968	112955	569	114624	0	647	1100	0	12344	200	126968	160	0	13373	0	0	200	0	11279	101676			0	79601	78954	-1429	0	0	0	0	12344	0	0	
795968	711627	234893	3508131	0	34843	283171	295	959503	24142511	513644	22390847	0	146766	558176	0	1751664	14908	24142511	0	0	966076	224714	0	1015137	4369		0	14082050	13935284	-244457	0	50000	1751664	0	4245681	0	0	0			3508131							21269027					558176					0	0						5835903	15433124							0	0	0	50000		0		
796152																																							45371	7236	43571	0	0	2126	1794	13306	458534	413564	3857	417421	0	4584	0	0	41113	750	458534	0	0	36263	0	0	5250	0	110558	303006			0	337311	332727	-1150	9407	0	0	0	41113	0	2996	
796657																																							500	2882	51257	0	0	2031	0	1832	213553	185223	533	195756	0	1892	10000	0	17797	800	213553	0	0	14826	0	0	4400	0	46997	138226			0	142337	140445	-2229	14606	0	0	0	17797	0	0	
797140																																							1718	8669	129655	0	17155	9762	0	25106	813336	635934	6126	735033	0	7510	89124	0	78303	200	813336	0	0	49589	0	0	35322	0	138377	497557			0	617659	610149	-6808	11095	0	0	3849	78303	27	0	
797775																																							45826	7508	301227	0	25	48535	0	56155	2162432	1536354	36163	1892773	0	14392	320256	0	269659	200	2162432	0	0	163020	0	0	140764	0	54816	1481538			-18254	1690532	1676140	-16071	0	0	0	0	269659	0	27016	
798512																																							1147	1987	25374	0	0	486	0	1075	72893	64182	570	64752	0	442	0	0	8141	1000	72893	0	0	5353	0	0	2000	0	16616	47566			0	41888	41446	-212	1378	0	0	0	8141	0	0	
799751																																							4840	5358	42857	0	3818	7724	0	3503	291465	243645	1183	261828	0	2446	15000	0	29637	895	291465	0	0	16412	0	0	13701	0	34234	209411			0	225811	223365	-1371	0	0	2000	0	29637	0	0	
799854																																							86595	5169	35978	0	6792	10002	142	7657	444698	388653	771	389424	0	4475	0	0	55274	250	444698	0	0	23798	0	0	30809	1203	70181	318472			0	295635	291160	417	0	0	0	0	55274	0	0	
799939																																							6460	168	6931	0	0	40	0	640	20271	17292	67	18732	0	200	0	0	1539	600	20271	0	0	1026	0	0	440	0	7038	10254			0	6232	6032	-527	0	0	1373	0	1539	0	0	
799948																																							14542	4499	115182	0	0	9783	0	11780	296951	270017	1325	271555	0	1390	213	0	25396	1000	296951	0	0	29639	0	0	1000	0	46971	223046			0	142521	141131	-6243	34	0	0	0	25396	0	0	
800134																																							5073	5162	115679	0	2211	4851	0	9301	327808	291117	1029	301146	0	1931	9000	0	26662	1170	327808	0	0	22212	0	0	8278	0	59818	231299			0	186303	184372	-4998	1159	0	0	0	26662	0	0	
800442																																							2665	3216	78101	0	0	2587	0	5820	139011	116123	6115	122238	0	876	0	0	16773	450	139011	0	0	10840	0	0	7302	0	25627	90496			0	47498	46622	-1819	0	0	0	0	16773	0	0	
800479																																							7685	312	0	0	0	3413	0	2575	55087	48709	70	48779	0	165	0	0	6308	0	55087	0	0	6308	0	0	0	0	0	48709			0	41267	41102	0	0	0	0	0	6308	0	0	
800853																																							99965	1698	105284	0	0	1594	0	9752	413219	376497	3994	380491	0	1644	0	0	32728	318	413219	0	0	32765	0	0	4860	0	141612	234885			0	154445	152801	-5215	0	0	0	0	32728	0	42125	
801047																																							3981	12429	125008	0	1920	13978	0	20430	564430	457198	2851	515934	0	3714	55885	0	48496	200	564430	0	0	41023	0	0	14075	0	93466	363732			0	383388	379674	-6802	5723	0	0	0	48496	0	1287	
801056																																							5923	993	68680	0	0	2966	0	5470	169815	151984	888	157572	0	938	4700	0	12243	550	169815	0	0	15177	0	0	1250	0	38106	113878			0	86721	85783	-4734	0	0	0	0	12243	0	0	
801654																																							25983	1876	70115	0	0	1187	0	2956	153320	133080	420	133500	0	359	0	0	19820	800	153320	0	0	19254	0	0	5300	0	63464	69616			0	46862	46503	-5534	4700	0	0	0	19820	0	0	
803256																																							9558	2680	6308	0	100	567	0	1497	92180	79443	1019	80462	0	833	0	0	11718	40	92180	0	0	5743	0	0	5960	0	24460	54983			0	64078	63245	-25	8225	0	0	0	11718	0	0	
803265																																							2181	1097	23251	0	0	278	0	1029	44161	38379	98	38477	0	204	0	0	5684	200	44161	0	0	4177	0	0	2400	0	12997	25382			0	16487	16283	-1093	42	0	0	0	5684	0	0	
803649																																							2956	10720	60192	2701	3058	7281	0	16901	740169	658967	6212	672411	0	8685	7232	0	67758	1300	740169	0	0	61525	0	0	6700	193	59520	599447			0	631704	623019	-1767	13060	0	0	0	67758	88	0	
803658																																							157	1639	23213	0	0	33	0	4432	77764	61972	1314	66486	0	529	3200	0	11278	90	77764	0	0	5947	0	0	6910	0	13771	48201			0	48819	48290	-1669	0	0	0	0	11278	0	0	
803957																																							25673	3055	46990	0	898	15852	0	14956	533700	460899	4610	480509	0	4836	15000	0	53191	850	533700	0	0	27711	0	0	25978	0	89588	371311			0	430396	425560	-1348	450	0	0	0	53191	266	0	
804150																																							9579	1388	10126	0	0	231	0	512	58729	49920	245	50165	0	425	0	0	8564	50	58729	0	0	3822	0	0	4700	0	12920	37000			0	34594	34169	-8	1200	0	0	0	8564	0	1524	
804338																																							111922	17853	21011	0	0	3774	5630	80024	2184037	1720509	13165	1988174	0	12432	254500	0	195863	1750	2184037	0	0	113226	0	0	82005	0	117229	1603280			0	1501124	1488692	-1118	0	0	0	0	195863	32075	423056	
804374																																							7915	6277	38446	118	3751	16752	809	12153	621903	556292	5382	561674	0	4442	0	0	60229	15304	621903	0	0	46308	0	0	0	861	129262	427031			0	475975	471533	-1383	5050	0	0	0	60229	0	58238	
804422																																							1698	1518	0	0	0	1575	36	655	92762	76828	334	77162	0	751	0	0	15600	1050	92762	0	0	14320	0	0	230	0	19786	57042			0	60294	59543	0	210	0	0	0	15600	0	27527	
805045																																							4686	2452	12139	0	0	321	0	3035	146278	115847	675	131799	0	987	13000	0	14479	170	146278	0	0	10302	0	0	4930	0	23936	91911			0	124632	123645	-923	0	0	2277	0	14479	0	0	
805250																																							4964	9328	55185	0	113	5796	24	6152	272944	237531	923	250454	0	3412	12000	0	22490	2000	272944	0	0	15693	0	0	9423	0	53949	183582			0	190841	187429	-4626	0	0	0	0	22490	3953	0	
805335																																							21382	853	16607	0	0	752	269	3588	158354	136704	839	137543	0	1658	0	0	20811	173	158354	0	0	14675	0	0	6962	0	45327	91377			0	112991	111333	-999	3570	0	0	0	20811	0	0	
805755																																							142312	7172	70704	0	2394	10690	0	5448	845498	745625	3823	749448	0	9572	0	0	96050	440	845498	0	0	88945	0	0	8160	600	139180	606445			0	615750	606178	-1495	0	0	0	0	96050	0	0	
805876																																							6164	3313	63794	0	224	2494	0	9580	238563	199108	817	208425	0	216	8500	0	30138	0	238563	0	0	33523	0	0	0	0	54317	144791			0	153210	152994	-3385	0	0	0	0	30138	0	0	
806846																																							138288	46719	362089	0	15621	30993	1504	54333	2666805	2243475	22595	2436070	0	10932	170000	0	230735	400	2666805	0	0	182290	0	0	61379	8441	218540	2024935			0	2019749	2008817	-13334	0	0	0	0	230735	0	0	
806958																																							13428	4649	54791	0	229	6306	0	19243	892840	752502	7128	804130	0	6860	20000	0	88710	250	892840	0	0	31358	0	0	57250	120	133741	618761			0	798980	792120	-148	0	0	24500	0	88710	1954	0	
807348																																							829	3903	16661	0	42	2428	0	5000	191749	149871	1408	172779	0	1676	21500	0	18970	750	191749	0	0	12559	0	0	5813	0	27951	121920			0	157793	156117	-152	6733	0	0	0	18970	36	0	
807432																																							14096	4117	39613	0	399	4262	0	4992	188645	173523	2053	175576	0	1493	0	0	13069	300	188645	0	0	12880	0	0	6075	0	35181	138342			0	122659	121166	-6186	0	0	0	0	13069	0	0	
807656																																							36243	4479	67485	0	0	2091	0	7938	343126	301029	4296	312725	0	2225	0	0	30401	1650	343126	0	0	26533	0	0	2249	341	84260	216769			0	181092	178867	-31	9943	0	0	7400	30401	0	35739	
807955																																							216789	17120	228466	0	45965	34134	2060	72894	2505741	2271114	23442	2294556	0	19944	0	0	211185	3200	2505741	0	0	99218	0	0	126895	877	610679	1660435			0	1907380	1887436	-18128	0	0	0	0	211185	0	0	
808260																																							84242	66243	950843	0	12348	55066	0	233273	5692809	4985370	54446	5039816	0	76375	0	0	652993	1	5692809	0	0	524519	0	0	131985	0	1649663	3335707			0	3648945	3572570	-3512	0	0	0	0	652993	33	718191	
808345																																							3863	1599	18856	0	0	2361	0	1768	60842	50331	128	50459	0	721	0	0	10383	3370	60842	0	0	-4434	0	0	11201	0	9546	40785			0	33116	32395	246	0	0	0	0	10383	0	0	
808653																																							3887	7613	88803	0	0	1000	39	12965	330031	276044	1259	297803	0	3116	20500	0	32228	600	330031	0	0	28756	0	0	6400	0	63615	212429			0	215056	211940	-3528	3265	0	0	0	32228	0	519	
809070																																							4435	78	0	0	0	1497	0	651	37380	20083	88	20171	0	185	0	0	17209	0	37380	0	0	13757	0	0	3452	0	2144	17939			0	30904	30719	0	0	0	0	0	17209	0	0	
809276																																							115978	686	2845	0	9206	18111	0	11276	506658	419457	18274	437731	0	9557	0	0	68927	910	506658	0	0	43387	1471	0	24800	18771	20630	398827			0	337871	328314	-170	0	0	0	0	68927	0	0	
809379																																							13430	791	38739	0	1333	2470	0	3276	113696	102638	222	102860	0	699	0	0	10836	250	113696	0	0	993	0	0	10947	0	11995	90643			0	54356	53657	-1354	0	0	0	0	10836	0	0	
809650																																							529	4224	7597	0	0	6555	100	8436	339970	256733	10486	311323	0	3338	44104	0	28647	64	339970	0	0	14215	0	0	14441	64175	64517	192216			0	250873	247535	-73	819	0	0	0	28647	0	0	
809771																																							61171	21410	119331	0	0	12334	0	125097	2007556	1389297	18719	1464486	0	4941	56470	0	543070	0	2007556	0	0	555299	0	0	0	0	65250	1324047			0	910411	905470	-12229	0	0	0	0	543070	0	762743	
810544																																							7915	8431	59516	0	0	2919	0	8689	287314	260914	1373	262287	0	2260	0	0	25027	400	287314	0	0	21595	0	0	5564	92	52471	208443			0	199067	196807	-2532	0	0	0	0	25027	0	2945	
811046																																							52802	73017	1155269	0	0	96718	0	291983	7487308	6061294	170145	6771013	0	79141	2462	0	716295	38903	7487308	0	0	601106	0	6000	124343	1533	992607	5068687			0	5892126	5812985	-54057	0	0	34525	502587	716295	3001	0	
811457																																							7688	4454	0	0	0	96	0	206	26509	23804	10	23814	0	89	0	0	2695	25	26509	0	0	2245	0	0	425	0	12937	10867			0	7935	7846	0	1210	0	0	0	2695	0	5009	
811541																																							195	4116	19360	0	0	3140	0	2784	153359	137733	499	142232	0	888	3000	0	11127	200	153359	0	0	5254	0	0	7335	0	40503	97230			0	115773	114885	-1662	8879	0	0	1000	11127	0	0	
811550																																							7648	2369	5728	0	0	2499	89	3964	97445	82902	832	83734	0	804	0	0	13711	2025	97445	0	0	8054	0	0	3999	0	17312	65590			0	75584	74780	-367	368	0	0	0	13711	0	0	
811747																																							41018	10125	31178	0	4102	11816	0	11112	532836	474740	2431	477171	0	4568	0	0	55665	444	532836	0	0	22269	0	0	33637	0	74241	400499			0	419900	415332	-685	3462	0	0	0	55665	88	4603	
812436																																							31098	3253	168557	0	0	14648	0	12505	776732	698987	4642	703629	0	7689	0	0	73103	639	776732	0	0	69072	0	0	10826	0	193212	505775			0	554360	546671	-7434	0	0	0	0	73103	0	0	
812557																																							138134	20361	45866	0	5295	36189	2025	23808	1135353	925563	9941	1013504	0	6244	78000	0	121849	300	1135353	0	0	78079	0	0	45921	339	219859	705704			0	869401	863157	-2451	0	0	0	0	121849	179	0	
812614																																							968	15544	76207	0	0	2787	0	2356	244877	217012	645	218822	0	2151	0	0	26055	1000	244877	0	0	19907	0	0	7000	0	79633	137379			0	149166	147015	-1852	0	0	1165	0	26055	0	0	
813572																																							27407	1858	19410	0	0	3183	0	13322	218663	187556	1642	189198	0	1552	0	0	29465	1075	218663	0	0	-42580	0	0	72290	0	32585	154971			0	155035	153483	-1320	0	0	0	0	29465	0	0	
813853																																							4172	1916	105880	1111	8426	10954	0	10130	542152	446661	3028	479389	0	5803	29700	0	62763	800	542152	0	0	15855	0	0	49200	213	92087	354574			0	405142	399339	-3092	11	0	0	0	62763	0	0	
814074																																							11887	966	0	0	569	3506	0	12631	173044	110507	5384	159691	0	1373	43800	0	13353	3	173044	0	0	5494	0	0	7856	18184	6185	104322			0	126002	124629	0	0	0	0	0	13353	0	672	
814355																																							3008	567	22459	0	57	125	0	338	47269	39414	429	39843	0	337	0	0	7426	61	47269	0	0	4754	0	0	2439	0	6595	32819			0	21052	20715	172	0	0	0	0	7426	0	0	
814430																																							627796	120004	3799329	0	68548	72927	12467	1177434	28048551	21943367	273790	25141307	0	220359	2835366	0	2907244	14211	28048551	69693	44516	1541810	0	0	1636415	35052	4889945	17053422			0	19821702	19601343	-285192	0	0	0	44268	2907244	46171	2417787	
814458																																							1763	7199	106219	0	0	3216	141	1933	290256	262483	4227	266710	0	2596	0	0	23546	1232	290256	0	0	18373	0	0	14660	0	112826	149657			0	172381	169785	-10719	0	0	0	0	23546	0	0	
814476																																							22232	2193	54817	0	0	2099	0	5688	167455	146842	883	147725	0	1410	0	0	19730	0	167455	0	0	22767	0	0	0	0	22229	124613			0	70576	69166	-3037	0	0	0	0	19730	944	10316	
814551																																							33266	5662	104683	0	0	1296	0	2772	316038	279128	2653	281781	0	2536	0	0	34257	600	316038	0	0	34102	0	0	750	0	72773	206355			0	170895	168359	-1195	0	0	0	0	34257	0	0	
814711																																							6429	3165	37607	0	0	15076	1300	17398	379360	333001	13339	355340	0	3192	9000	0	24020	500	379360	0	0	1044	0	0	33625	0	65452	267549			0	301577	298385	-11149	0	0	0	0	24020	0	0	
815053																																							32677	2475	30172	0	0	6028	0	5908	296371	254364	1066	265895	0	1999	10465	0	30476	514	296371	0	0	26828	0	0	3036	0	58059	196305			0	185044	183045	98	146	5048	0	0	30476	0	30872	
815147																																							9163	6042	0	0	608	9546	0	10772	416761	374413	2246	376659	0	5191	0	0	40102	750	416761	0	0	20102	0	0	19250	0	106717	267696			0	334932	329741	0	9436	0	0	0	40102	0	41453	
815156																																							106772	11411	471369	0	1069	11407	0	31534	1396548	1256203	10022	1286833	0	9719	8000	0	109715	170	1396548	0	0	100062	1147	0	17330	548	115895	1140308			0	771010	761291	-7847	0	0	0	12608	109715	0	0	
815277																																							50648	4817	882	0	1162	4698	360	12605	676826	603578	5805	609383	0	6166	0	0	67443	0	676826	0	0	37862	0	0	29579	60956	97391	506187			0	546864	540698	2	0	0	0	0	67443	0	0	
815754																																							0	3421	19394	0	32	26869	0	17822	429013	361268	1424	381886	0	2050	19194	0	47127	150	429013	0	0	7835	0	0	40579	1925	34105	327163			0	325508	323458	-1437	36092	0	0	0	47127	0	0	
815772																																							9445	887	35360	0	331	3456	0	6513	184388	154691	1572	156263	0	1172	0	0	28125	1	184388	0	0	28775	0	0	0	0	18557	136134			0	129568	128396	-651	0	0	0	0	28125	0	0	
816256																																							74	1050	26308	0	0	2485	275	2568	89451	73920	512	75382	0	749	950	0	14069	200	89451	0	0	14314	0	0	200	0	18398	55522			0	57440	56691	-645	0	0	0	0	14069	0	0	
816304																																							27731	2514	14510	0	98	1014	0	11771	266718	234412	6035	240447	0	1269	0	0	26271	0	266718	0	0	26291	0	0	0	0	41030	193382			0	210349	209080	-20	0	0	0	0	26271	0	0	
816603																																							60605	35453	940342	0	74766	61201	0	249672	6624353	5276842	135708	6066510	0	37236	626000	0	557843	3000	6624353	27791	27960	343674	28135	0	290478	35833	601454	4675388			0	5134913	5097677	-79309	0	0	0	0	557843	12878	0	
816751																																							6618	3309	3025	0	0	268	0	451	42945	38923	70	38993	0	174	0	0	3952	100	42945	0	0	2887	0	0	950	0	8472	30451			0	21692	21518	15	4965	0	0	0	3952	0	2791	
817477																																							6196	2299	48246	0	196	3964	29	2394	180555	164492	1908	166400	0	903	0	0	14155	100	180555	0	0	16055	0	0	900	0	19842	144650			0	115211	114308	-2900	2923	0	0	0	14155	0	0	
817824	32920319	6757425	68058534	0	14711767	6893154	32333	30428704	568338163	11374381	508889358	7702	4409822	40764049	2001091	59441103	240060	568338163	4517373	2620155	23444099	0	0	39161238	1938294		0	331499098	327089276	-3404294	4044432	1464547	59448805	812712	70104840	670502	381690	288812			68058534							449994633					40650914					4517371	2620155						101134584	348860049							29000	4044432	0	1464547		812712		
818401																																							55874	3865	249054	0	2546	9927	0	60481	1671068	1322610	30966	1493363	0	11943	139787	0	177705	0	1671068	0	0	197866	0	0	0	0	239278	1083332			0	1299638	1287695	-20161	978	0	0	0	177705	648	0	
818540																																							8835	3188	24112	0	0	505	0	918	80098	67194	761	67955	0	729	0	0	12143	75	80098	0	0	12269	0	0	150	0	8324	58870			0	43269	42540	-351	0	0	0	0	12143	0	0	
818559																																							11325	1242	35287	0	450	1941	0	624	85750	82375	147	82522	0	293	0	0	3228	100	85750	0	0	4197	0	0	4250	0	16109	66266			0	35174	34881	-5319	0	0	0	0	3228	0	0	
818652																																							32101	2739	56922	0	0	371	0	3973	124600	112928	75	113003	0	285	0	0	11597	275	124600	0	0	11578	0	0	0	0	47740	65188			0	28779	28494	-256	0	0	0	0	11597	0	0	
819154																																							11141	3922	74751	0	638	1939	0	3893	183892	168356	743	174099	0	758	5000	0	9793	200	183892	0	0	7421	0	0	6700	0	46113	122243			0	73966	73208	-4528	0	0	0	0	9793	0	14400	
819172																																							9026	3163	8442	0	0	1139	50	2537	180218	162013	1058	165093	0	1291	2022	0	15125	0	180218	0	0	16248	0	0	0	0	15665	146348			0	157152	155861	-1123	0	0	0	0	15125	0	0	
819453																																							94804	4184	39232	0	0	1741	427	11637	649834	545558	3459	559017	0	6252	10000	0	90817	3052	649834	0	0	85735	0	0	1900	0	62332	483226			0	463395	457143	130	4374	0	0	0	90817	0	36292	
819556																																							43030	10544	113882	1342	1397	12229	5513	13466	649501	569340	3317	585028	0	3900	0	0	64473	2500	649501	0	0	36085	0	0	36602	0	169034	400306			0	368282	364382	-10714	0	0	0	12371	64473	3270	80446	
819855																																							15483	19158	243644	0	2782	18469	0	39347	1156839	1035811	6269	1042080	0	6452	0	0	114759	1000	1156839	0	0	89711	0	0	34003	3769	277084	758727			0	763739	757287	-9955	56900	0	0	0	114759	0	0	
820048																																							67170	10400	323669	0	4448	12423	0	14439	1108870	952909	4362	1004328	0	9090	16452	0	104542	3804	1108870	0	0	96695	0	0	12046	200	195616	757293			0	680411	671321	-8003	4800	0	9600	21005	104542	0	0	
820301																																							35237	3416	23308	0	1813	6766	0	20216	484580	390923	4309	415796	0	3278	20564	0	68784	0	484580	0	0	69018	0	0	533	0	88793	302130			0	391524	388246	-767	0	0	0	0	68784	5537	41	
820477																																							10010	1451	3251	0	0	1788	0	1151	116677	105242	562	105804	0	342	0	0	10873	3	116677	0	0	2924	0	0	7981	0	16036	89206			0	46856	46514	-35	0	0	0	0	10873	6126	46386	
820842																																							1102	3510	93827	0	971	4629	0	2689	372554	341849	1022	342871	0	2822	0	0	29683	240	372554	0	0	32054	0	0	480	259	93902	247947			0	255154	252332	-3091	13235	0	0	0	29683	0	0	
820879																																							8869	1976	35084	0	0	7308	0	9847	191295	164065	2687	166752	0	264	0	0	24543	0	191295	0	0	26505	0	0	0	0	17724	146341			0	128475	128211	-1962	0	0	0	0	24543	0	0	
821036																																							20701	45604	124178	0	1915	3093	0	8402	362023	307976	716	339988	0	2118	10200	0	22035	617	362023	0	0	20433	0	0	7683	0	24679	283297			0	160248	158130	-6698	0	0	0	21096	22035	0	0	
821157																																							3198	5826	20893	0	0	3119	0	6510	178390	152505	1216	158721	0	1191	5000	0	19669	150	178390	0	0	12329	0	0	7850	0	39496	113009			0	129254	128063	-660	10781	0	0	0	19669	0	0	
821559																																							1616	686	0	0	0	573	0	178	28940	23968	203	24740	0	409	569	0	4200	208	28940	0	0	1699	0	0	2293	0	184	23784			0	25946	25537	0	350	0	0	0	4200	0	0	
821643																																							776	953	15041	0	0	49	0	2642	54344	44069	498	48022	0	416	2914	0	6322	400	54344	0	0	5814	0	0	1600	0	4226	39843			0	35281	34865	-1492	0	0	541	0	6322	18	0	
822042																																							92800	16691	156220	0	14614	26465	3689	54444	1690396	1423232	14819	1540446	0	15553	101005	0	149950	1439	1690396	0	0	73362	4055	0	85561	214	230220	1193012			0	1273408	1257855	-10412	878	0	0	1390	149950	0	62471	
822051																																							3049	873	60519	0	0	872	0	4805	286519	251314	1353	252667	0	1750	0	0	33852	200	286519	0	0	18238	0	0	20000	0	65396	185918			0	163200	161450	-4586	0	0	0	0	33852	133	54818	
822275																																							24476	2135	14	0	153	5305	0	6519	420959	297917	3862	379779	0	1842	78000	0	41180	0	420959	0	0	41180	0	0	0	0	30010	267907			0	304134	302292	0	0	0	0	0	41180	0	80065	
822556																																							1043342	2673	803626	0	803	1808	0	268224	4500280	2604554	76236	4114679	0	14486	1325000	0	385601	2529	4500280	0	0	227255	0	0	146467	13258	23349	2581205			0	943245	928759	9350	0	1408013	0	108889	385601	29399	375	
822631																																							7635	415	18319	0	4314	711	0	917	69509	57852	117	57969	0	252	0	0	11540	350	69509	0	0	537	0	0	10700	0	11142	46710			0	37450	37198	-47	0	0	0	0	11540	0	0	
823133																																							35089	9544	336163	0	6145	3448	0	11114	587327	518325	2237	529818	0	2636	9256	0	57509	1000	587327	0	0	48101	0	0	19594	0	60327	457998			0	179720	177084	-11186	0	0	0	0	57509	0	8740	
823142																																							2143	1039	77244	0	0	1347	0	1473	138540	126921	353	132869	0	671	5595	0	5671	1500	138540	0	0	12015	0	0	1835	0	25708	101213			0	47001	46330	-9679	8964	0	0	0	5671	0	0	
823450																																							27052	10513	192663	0	0	5860	0	12766	470318	442168	1633	444077	0	3615	276	0	26241	1000	470318	0	0	41447	0	0	7314	153	155100	287068			0	221426	217811	-23520	0	0	0	0	26241	0	3500	
823478																																							68697	10456	0	0	8	31710	0	49833	2058821	1623022	19408	1718393	0	4702	75963	0	340428	1	2058821	0	0	261465	0	0	83947	0	278046	1344976			-5218	1857205	1852503	233	729	0	0	0	340428	26570	18315	
823638																																							5310	1405	144152	0	0	778	0	5279	221411	198082	609	208691	0	927	10000	0	12720	300	221411	0	0	6701	0	0	12950	0	33373	164709			0	65414	64487	-7231	0	0	0	0	12720	0	0	
823656																																							2439	8235	144143	0	837	7041	128	13985	396845	336840	3015	369145	0	3006	0	0	27700	1680	396845	0	0	23676	0	0	15300	116	58669	278171			0	222927	219921	-12956	0	0	769	28521	27700	0	0	
824242																																							879	572	12942	0	0	183	0	1691	50502	37770	1393	43035	0	232	3500	0	7467	150	50502	0	0	6362	0	0	1350	0	6922	30848			0	34467	34235	-395	0	0	372	0	7467	0	0	
824653																																							65305	2816	4861	0	60	3190	480	25538	957796	801120	3437	866666	0	9885	62109	0	91130	280	957796	0	0	38727	0	0	52100	0	23232	777888			0	819528	809643	23	45903	0	0	0	91130	0	0	
824671																																							40529	2174	53584	0	28	12249	0	25488	641207	545393	3222	566615	0	5593	18000	0	74592	0	641207	0	0	79775	490	0	0	0	74091	471302			0	500043	494450	-5183	0	0	0	0	74592	0	12215	
824738																																							8845	1704	17318	0	0	377	0	1465	95981	87805	220	88025	0	486	0	0	7956	228	95981	0	0	5240	0	0	2967	0	17493	70312			0	66758	66272	-479	0	0	0	0	7956	0	0	
825146																																							179113	46616	1419387	0	87379	48884	599	83419	5398922	4676385	18140	4867608	0	42749	173083	0	531314	1514	5398922	0	0	305884	0	0	354866	1295	1020340	3656045			0	3572199	3529450	-130950	2780	0	0	0	531314	0	0	
825454																																							41537	1132	0	0	0	10792	0	8709	278469	245259	1551	254810	0	3397	8000	0	23659	446	278469	0	0	21964	0	0	1249	0	16373	228886			0	219696	216299	0	0	0	0	0	23659	0	0	
825548																																							18786	6726	64282	0	0	3360	0	10499	349112	310306	1132	311438	0	1704	0	0	37674	440	349112	0	0	36834	0	0	660	0	59118	251188			0	239136	237432	-260	7939	0	0	0	37674	88	0	
825753																																							12452	1466	89638	0	259	6378	0	6206	314606	267062	7661	283527	0	4796	8804	0	31079	600	314606	0	0	2006	0	0	35650	0	17592	249470			0	203003	198207	-7177	0	0	0	0	31079	0	0	
825847																																							132	6231	20799	0	751	5586	0	8649	368610	310947	1245	327192	0	5171	15000	0	41418	600	368610	0	0	28651	0	0	12150	0	65262	245685			0	319766	314595	17	11534	0	0	0	41418	326	7	
825940																																							59	2255	30832	0	0	427	307	2652	133080	106053	678	121579	0	1166	14848	0	11501	26	133080	0	0	4328	0	0	7975	0	15575	90478			0	97426	96260	-828	288	0	0	0	11501	0	0	
826451																																							1000	2016	49936	0	0	786	488	4446	91430	80607	1417	82024	0	1937	0	0	9406	350	91430	0	0	8621	0	0	1500	0	29492	51115			0	31233	29296	-1065	3462	0	0	0	9406	0	0	
826648																																							8695	3245	32960	0	1758	3548	0	7411	258421	222330	1364	232932	0	2122	9238	0	25489	295	258421	0	0	19474	0	0	7339	0	38827	183503			0	200714	198592	-1619	0	0	0	0	25489	0	2212	
826956																																							276664	48563	2175954	13014	60050	23554	0	213131	5954318	5131463	62671	5271143	0	37307	75009	0	683175	100	5954318	71	0	379158	0	0	307463	1422	762917	4368546			0	3177950	3140643	-3546	0	0	2000	0	683175	1252	0	
827355																																							0	4315	53244	0	0	787	0	3030	114661	97221	965	98186	0	869	0	0	16475	100	114661	0	0	17311	0	0	1100	0	22662	74559			0	52586	51717	-2036	1568	0	0	0	16475	0	0	
827458																																							34625	2340	96594	0	0	1465	0	14116	420831	368907	5160	381067	0	5143	7000	0	39764	600	420831	0	0	35255	0	0	9670	0	81545	287362			0	276766	271623	-5761	0	0	0	0	39764	68	0	
827560	3136	5137	97863	0	60	45305	0	39012	687876	13684	610203	0	11399	64610	0	77673	891	687876	25373	0	67958	0	0	11002	0		-250	483389	471990	-1928	0	0	77673	0	0	0	0	0			97862							531909					64610					0	0						1193	530716							0	0	0	0		0		
828110																																							34099	3050	117566	0	0	3723	0	2988	287602	257999	1496	259495	0	1231	0	0	28107	675	287602	0	0	25107	0	0	2402	0	50114	207885			0	127407	126176	-77	0	0	0	0	28107	0	0	
828174																																							13221	1661	1864	0	0	2406	0	15230	271927	195534	5690	239224	0	979	38000	0	32703	0	271927	0	0	32796	0	0	0	0	20137	175397			0	238524	237545	-93	0	0	0	0	32703	0	0	
828473																																							7651	1932	38352	0	0	3958	0	12442	355221	300718	1204	301922	0	999	0	0	53299	0	355221	0	0	53905	0	0	0	0	25977	274741			0	291758	290759	-606	0	0	0	0	53299	0	127	
828651																																							222213	22682	14578	0	0	167770	2159	24963	2991873	2693305	17569	2810541	0	15296	0	0	181332	2484	2991873	0	0	14725	0	0	244527	0	1020312	1672993			0	1843810	1828514	-80404	0	0	0	99667	181332	0	708994	
829041																																							13917	4493	144688	0	710	1035	0	4273	376087	328076	2021	330097	0	3253	0	0	45990	210	376087	0	0	8543	0	0	39790	0	66963	261113			0	198977	195724	-2553	11247	0	0	0	45990	0	0	
829050																																							445	8183	87068	0	0	12101	0	3695	476526	435183	1025	436208	0	3800	0	0	40318	628	476526	0	0	48535	0	0	779	0	41544	393639			0	279822	276022	-9624	32376	0	0	0	40318	0	56636	
830113																																							2741	6226	19923	0	354	5878	0	12895	274242	237182	3477	240659	0	5546	0	0	33583	1250	274242	0	0	32161	0	0	1465	130	65886	171296			0	205022	199476	-1293	26619	0	0	0	33583	0	0	
830252																																							1251	2935	51355	0	0	896	0	5923	107633	91864	1404	95168	0	334	1900	0	12465	1500	107633	0	0	14362	0	0	1500	0	26799	65065			0	43932	43598	-4897	0	0	0	0	12465	0	1675	
830355																																							9847	6909	164767	0	2076	12987	0	22112	564009	492678	7515	500193	0	4682	0	0	63816	5000	564009	0	0	54134	0	0	5000	0	127923	364755			0	349993	345311	-318	0	0	0	0	63816	0	0	
830542																																							37820	17983	320513	0	57960	25302	25	46047	1646450	1405245	13793	1447139	0	12050	0	0	199311	1000	1646450	0	0	109236	0	0	98925	774	277242	1128003			0	1078031	1065981	-9850	0	0	0	28101	199311	0	74045	
830645																																							13274	1703	41750	5375	10972	4120	15	3431	268185	217325	1777	236276	0	1606	3000	0	31909	83	268185	0	0	8609	0	0	23509	0	42288	175037			0	189151	187545	-292	0	0	0	14174	31909	0	0	
830748																																							2700	4452	199641	0	0	1106	0	7773	510030	417725	1283	463008	0	2757	44000	0	47022	300	510030	0	0	58464	0	0	3500	0	70676	347049			0	281785	279028	-15242	13930	0	0	0	47022	0	1400	
831008																																							22544	8829	170222	0	19087	26631	0	58823	1454742	1284867	16803	1311620	0	8614	9950	0	143122	0	1454742	0	0	151815	0	0	500	0	163547	1121320			0	1138247	1129633	-9193	0	0	0	0	143122	18973	0	
831576																																							38124	6447	25935	0	3148	16227	0	19716	615914	535207	5555	556104	0	6180	15342	0	59810	30056	615914	0	0	31257	0	0	0	0	94125	441082			0	505126	498946	-1503	6271	0	0	0	59810	0	1100	
831642																																							10837	8023	9649	0	0	3281	0	20961	513346	379144	5997	424683	0	7076	37873	0	88663	200	513346	0	0	83305	0	0	5200	181	72302	306842			0	353163	346087	-42	11855	0	0	1669	88663	0	102472	
831875																																							2352	411	2420	0	0	622	0	1201	86487	60149	311	68460	0	512	8000	0	18027	1	86487	0	0	16963	0	0	1097	0	0	60149			0	78907	78395	-34	1026	0	0	0	18027	0	60	
831941																																							7984	3092	46543	0	0	2248	598	2439	243257	216671	1908	218579	0	1564	0	0	24678	280	243257	0	0	12199	0	0	18420	0	44876	171795			0	174842	173278	-6221	7075	0	0	0	24678	0	0	
832528																																							23982	2831	44366	0	0	1003	0	1148	135733	116696	521	117217	0	1187	0	0	18516	500	135733	0	0	17984	0	0	1000	0	27149	89547			0	63590	62403	-968	0	0	0	0	18516	0	0	
832546																																							23797	14092	95024	0	4491	23141	0	25221	820226	685517	6771	745436	0	6092	31800	0	74790	1000	820226	0	0	33959	591	0	44077	2041	132457	553060			0	637920	631828	-4246	0	0	0	21348	74790	0	0	
833404																																							71959	5245	250830	0	3179	38706	0	58201	1889460	1362906	13442	1754479	0	9782	378131	0	134981	0	1889460	0	0	139617	0	0	22501	24280	251892	1111014			0	1430761	1420979	-27137	0	0	0	0	134981	0	16081	
833749																																							129700	5562	121441	0	574	4934	0	6648	662605	571220	1737	602164	0	7084	0	0	60441	1355	662605	0	0	31050	0	0	31939	187	121830	449390			0	400043	392959	-3903	0	0	0	29207	60441	600	0	
833851																																							3143	814	2450	0	0	141	166	183	22955	18206	332	18538	0	254	0	0	4417	55	22955	0	0	919	0	0	3445	0	8967	9239			0	16312	16058	-2	0	0	0	0	4417	0	0	
834175																																							10009	524	0	0	0	785	216	2653	94207	74137	2314	76451	0	157	0	0	17756	0	94207	0	0	17756	0	0	0	0	255	73882			0	80177	80020	0	0	0	0	0	17756	0	0	
835079																																							16808	462	7070	0	0	439	0	553	82742	67535	237	67772	0	228	0	0	14970	10	82742	0	0	6341	0	0	8694	0	8862	58673			0	46291	46063	-75	0	0	0	0	14970	0	11347	
835257																																							5503	6107	26779	0	1672	3906	0	5527	542715	471363	3736	492797	0	5030	11000	0	49918	50	542715	0	0	14819	0	0	34950	0	73158	398205			0	481834	476804	99	16417	0	0	6698	49918	0	0	
835378																																							133	1587	26926	0	0	634	41	2620	73023	54081	383	65910	0	262	11446	0	7113	0	73023	0	0	8137	0	0	0	0	876	53205			0	41344	41082	-1024	0	0	0	0	7113	0	0	
835444																																							5438	6558	94826	0	0	4428	0	10099	349502	326858	875	327733	0	2382	0	0	21769	400	349502	0	0	25392	0	0	6174	0	41530	285328			0	230535	228153	-10197	0	0	0	0	21769	0	0	
835613																																							446	1634	0	0	0	408	0	685	69665	57799	1056	58855	0	290	0	0	10810	80	69665	0	0	3204	0	0	7526	0	16962	40837			0	27950	27660	0	2889	0	0	0	10810	0	35943	
835659																																							45	778	16743	0	0	270	0	1414	61506	47649	186	53835	0	607	4700	0	7671	200	61506	0	0	7799	0	0	600	0	9077	38572			0	42863	42256	-928	0	0	1300	0	7671	0	0	
835743																																							31486	10841	48664	0	4349	5608	1054	20849	552553	459634	5558	475192	0	10828	10000	0	77361	132	552553	0	0	9913	0	0	67225	0	115938	343696			0	439336	428508	91	0	0	0	0	77361	0	1194	
835770																																							1592	7987	99496	0	675	5075	0	25397	388373	309010	3280	334455	0	2673	22165	0	53918	1	388373	0	0	480	0	0	60666	566	22795	286215			0	249821	247148	-7229	437	0	0	0	53918	0	0	
836656																																							2356	1476	5236	0	0	468	0	368	22764	20424	12	20436	0	403	0	0	2328	700	22764	0	0	766	0	0	860	0	7262	13162			0	11797	11394	2	1466	0	0	0	2328	0	0	
836843																																							173808	68075	1125961	0	100784	89448	4606	185201	6254039	5479126	48527	5551221	0	53100	5308	0	702818	1000	6254039	18244	18260	91430	4	0	654474	4169	969881	4509245			0	4534589	4481489	-44086	0	0	0	0	702818	2250	0	
837046																																							52	1810	87874	0	452	128	97	1421	134331	101411	532	101943	0	2400	0	0	32388	125	134331	0	0	31203	0	0	2124	0	20278	81133			0	39897	37497	-1064	5000	0	0	0	32388	0	0	
837149																																							21681	4896	44090	0	3195	16180	0	14247	492704	438205	3326	455531	0	3102	14000	0	37173	450	492704	0	0	20314	0	0	20909	61	64193	374012			0	390961	387859	-4500	495	0	0	0	37173	0	0	
837158																																							8078	7614	47290	0	1128	1730	0	4123	207110	179578	1170	180748	0	1580	0	0	26362	607	207110	0	0	22294	0	0	3361	0	80103	99475			0	130708	129128	100	4912	0	0	0	26362	0	3107	
837354																																							18537	893	23802	0	1663	3206	0	6479	199472	180471	2890	183361	0	1861	0	0	16111	200	199472	0	0	11287	0	0	5543	0	31276	149195			0	146753	144892	-919	0	0	0	0	16111	0	0	
837448																																							370	2814	49463	45	503	1690	25	4994	231029	197432	1162	205094	0	1701	6500	0	25935	414	231029	0	0	20090	0	0	8090	0	41747	155685			0	172236	170535	-2659	590	0	0	0	25935	0	0	
837541																																							775	2645	90202	0	0	1450	0	10866	215898	166831	1643	194540	0	1279	26066	0	21358	400	215898	0	0	24569	0	0	1600	0	41325	125506			0	105880	104601	-5211	5359	0	0	0	21358	0	0	
837608																																							10026	3866	172423	0	0	11785	0	50297	847543	686023	5172	778192	0	5374	86997	0	69351	1	847543	0	0	85683	0	0	0	0	86503	599520			0	601976	596602	-16333	0	0	0	0	69351	2544	0	
837653																																							7953	2752	20043	0	0	967	0	2912	72560	65402	551	65953	0	451	0	0	6607	150	72560	0	0	2679	0	0	4550	0	20802	44600			0	34218	33767	-772	4100	0	0	0	6607	66	0	
837840																																							2917	4737	58180	0	464	8579	104	11664	286717	252076	3469	267545	0	2179	12000	0	19172	129	286717	0	0	10366	0	0	20510	0	56606	195470			0	155294	153115	-11833	0	0	0	0	19172	0	46957	
837952																																							549	3280	56611	21	0	482	0	4659	155226	138617	329	138946	0	1001	0	0	16280	470	155226	0	0	16186	0	0	4760	0	32696	105921			0	80558	79557	-5136	10000	0	0	0	16280	67	0	
837970																																							28859	4993	99076	0	0	11637	42	13271	534239	418508	5147	423655	0	1699	0	0	110584	0	534239	0	0	88915	0	0	26097	0	7967	410541			0	378060	376361	-4428	0	0	0	0	110584	0	0	
838155																																							0	1179	10044	0	0	198	0	745	35951	33220	111	33331	0	239	0	0	2620	150	35951	0	0	1943	0	0	1000	0	10651	22569			0	23219	22980	-473	805	0	0	0	2620	0	0	
839068																																							10	22525	264737	0	2396	7885	0	12029	949056	845193	1579	846772	0	4926	0	0	102284	1500	949056	0	0	79289	0	0	37500	0	151998	693195			0	556623	551697	-16005	87777	0	0	0	102284	0	0	
839246																																							9967	4086	25459	0	0	1805	0	3349	230045	202916	1070	210486	0	2963	6500	0	19559	700	230045	0	0	17328	0	0	2850	0	48819	154097			0	188146	185183	-1319	196	0	0	0	19559	0	0	
839255																																							25988	14247	123834	0	173	3538	900	11345	475264	426386	3517	429903	0	5958	0	0	45361	3000	475264	0	0	45743	0	0	3000	0	113947	312439			0	281542	275584	-6382	19655	0	0	0	45361	0	0	
839572																																							38168	5227	254607	0	119	7278	2049	15794	1107903	983933	5950	1024883	0	7818	35000	0	83020	7625	1107903	0	0	86571	0	0	11085	0	115702	868231			0	792479	784661	-22261	0	0	0	0	83020	0	0	
839817																																							52	1725	22553	398	573	1191	0	746	67660	55015	536	63062	0	433	6250	0	4598	300	67660	0	0	3367	0	0	3320	0	23383	31632			0	40701	40268	-2389	154	0	0	1261	4598	0	0	
839974																																							18131	2812	9744	-4	0	764	0	2474	157105	132517	320	139837	0	1593	7000	0	17268	254	157105	0	0	15031	0	0	1939	0	16228	116289			0	108062	106469	44	0	0	0	0	17268	0	16715	
840019																																							4687	5658	16166	0	500	4144	0	6809	251504	219991	986	231977	0	2163	11000	0	19527	150	251504	0	0	14969	0	0	4850	411	24797	195194			0	214301	212138	-442	991	0	0	0	19527	0	0	
840251																																							29481	1333	8027	0	0	2910	0	6237	184952	169139	1563	170702	0	1500	0	0	14250	450	184952	0	0	10979	0	0	2795	2274	61950	107189			0	132362	130862	26	3828	0	0	0	14250	0	0	
840354																																							248	1012	20242	0	0	147	74	2148	58840	48386	161	52285	0	368	3548	0	6555	100	58840	0	0	948	0	0	6900	0	8647	39739			0	35337	34969	-1393	0	0	190	0	6555	0	0	
840363																																							150160	18402	255491	92	2999	32706	1745	37795	1856094	1647921	22151	1685072	0	15842	15000	0	171022	1500	1856094	0	0	125552	0	0	80840	826	398546	1249375			0	1353334	1337492	-36870	1345	0	0	0	171022	0	17041	
840747																																							32514	8057	229688	0	0	29177	0	28099	1628933	1244786	13718	1465804	0	13353	207300	0	163129	448	1628933	0	0	159186	0	0	9188	819	162421	1082365			0	1313932	1300579	-5693	0	0	0	0	163129	0	0	
841472																																							30605	3232	72118	0	378	4853	0	16488	348951	280273	1041	326314	125	3157	45000	0	22512	8116	348951	0	0	17754	0	0	8000	0	46758	233515			0	221484	218327	-11358	0	0	0	0	22637	0	2950	
841753																																							44610	6228	92631	0	0	7147	0	2314	381755	336097	276	341292	0	4151	0	0	40463	548	381755	0	0	27615	0	0	12922	0	102332	233765			0	231595	227444	-622	0	0	0	4919	40463	0	1381	
841838																																							122352	1164	308448	0	65	3915	0	47987	953615	845555	14565	860120	0	4230	0	0	93495	667	953615	0	0	1445	0	0	99866	1266	78356	767199			0	367582	363352	-8483	0	49712	0	0	93495	6158	49196	
842376																																							10100	2465	68613	0	0	478	0	13827	362660	180950	4529	328615	0	577	143136	0	34045	0	362660	0	0	30670	0	0	3363	0	21998	158952			0	90627	90050	12	0	0	0	0	34045	0	177127	
842460																																							347515	44179	1016602	0	884	55613	1217	129992	3282339	2905855	14886	2920741	0	22261	0	0	361598	72158	3282339	0	0	262090	0	0	77427	280	660247	2245608			0	1708318	1686057	-50077	0	0	0	0	361598	0	0	
842853																																							5230	1469	0	0	0	247	0	1239	52447	48136	198	48334	0	332	0	0	4113	345	52447	0	0	1177	0	0	2591	0	15705	32431			0	39822	39490	0	0	0	0	0	4113	0	4772	
843476																																							9629	1799	4451	0	0	318	0	1765	44636	37427	755	38182	0	395	0	0	6454	0	44636	0	0	6498	0	0	0	0	4649	32778			0	27069	26674	-44	0	0	0	0	6454	0	0	
843953																																							1576	2376	51443	0	0	1605	0	2448	92844	82331	1241	83572	0	346	0	0	9272	100	92844	0	0	9008	0	0	950	0	71834	10497			0	33732	33386	-786	10	0	0	0	9272	0	0	
844053																																							120206	11346	221975	19	624	29564	0	38922	1725546	1424786	40939	1553588	0	19503	30000	0	171958	16445	1725546	0	0	136877	0	0	33045	0	337059	1087727			0	1322393	1302890	-14409	0	0	0	57863	171958	0	0	
844138																																							20979	5262	2115	0	0	3163	1170	3576	200048	175924	592	176516	0	2610	0	0	23532	66	200048	0	0	19501	0	0	4000	0	25354	150570			0	162393	159783	-35	4000	0	0	0	23532	0	0	
844455																																							11567	1889	60929	0	0	129	0	1059	105400	93360	137	93497	0	827	0	0	11903	150	105400	0	0	17016	0	0	300	0	20201	73159			0	30654	29827	-5563	0	0	0	0	11903	0	0	
844567																																							25731	11371	463569	0	0	2014	0	18863	1083598	993878	7432	1001310	0	8637	0	0	82288	356	1083598	0	0	79480	0	0	22509	0	294296	699582			0	570687	562050	-20057	0	0	0	0	82288	0	0	
845247																																							140212	13590	40420	0	15000	27612	0	9664	1137917	984428	12970	1005630	0	9616	6765	0	132287	449	1137917	0	0	55073	0	0	77403	294	278986	705442			0	876931	867315	-638	0	0	0	1467	132287	0	23810	
845573																																							38349	17888	450366	0	33784	13021	0	208374	4038203	3149641	79589	3570230	0	27377	341000	0	467973	0	4038203	0	0	472787	0	0	0	0	334202	2815439			0	3259766	3232389	-4814	0	0	0	0	467973	836	43196	
846132																																							530	651	4995	0	858	861	0	538	30887	25954	100	27054	0	103	1000	0	3833	342	30887	0	0	1584	0	0	1951	0	6357	19597			0	22557	22454	-44	0	0	0	0	3833	0	0	
846945																																							8312	2821	46137	0	489	3988	0	9738	208427	173275	1782	186557	0	1489	11500	0	21870	600	208427	0	0	19368	0	0	4879	0	39304	133971			0	137338	135849	-2977	593	0	0	0	21870	0	500	
847157																																							11832	8982	95843	0	246	3079	189	7330	354056	321999	2825	325210	0	3142	386	0	28846	200	354056	0	0	20696	0	0	17300	515	15769	306230			0	211682	208540	-9350	17500	0	0	0	28846	0	0	
847979																																							6153	275	5539	0	50	562	0	5068	110202	82737	1038	94408	0	436	10633	0	15794	0	110202	0	0	11797	0	0	4100	0	5115	77622			0	92991	92555	-103	0	0	0	0	15794	0	0	
848248																																							1000	4188	264895	0	0	4629	0	14150	553103	495490	2392	508020	0	3587	10000	0	45083	0	553103	0	0	64436	0	0	4697	0	117286	378204			0	267761	264174	-24050	0	0	138	0	45083	67	0	
848453																																							1692	896	5542	0	530	2153	0	1152	63363	49670	539	54209	0	1804	4000	0	9154	330	63363	0	0	2751	0	0	6385	10540	8097	41573			0	41091	39287	-312	1571	0	0	0	9154	0	0	
849076																																							22447	405	11901	0	0	387	200	1147	116908	86459	560	87019	0	1475	0	0	29889	0	116908	0	0	30081	0	0	0	0	7783	78676			0	81896	80421	-192	0	0	0	0	29889	0	0	
849348																																							518	1789	155534	0	3742	2897	1210	6340	342577	291162	2445	314089	0	2154	20482	0	28488	60	342577	0	0	19725	0	0	18773	0	58767	232395			0	160326	158172	-10070	12309	0	0	0	28488	66	0	
849357																																							41072	9350	29227	0	241	7283	1345	11571	316484	284157	162	284319	0	2790	0	0	32165	455	316484	0	0	22407	0	0	9639	0	163192	120965			0	219185	216395	-336	0	0	0	0	32165	0	0	
849432																																							15038	1724	68677	0	110	5855	0	9302	252222	222677	1000	223677	0	1920	0	0	28545	125	252222	0	0	25768	0	0	6375	0	49635	173042			0	153436	151516	-3723	0	0	0	0	28545	0	0	
850036																																							68326	39127	4537093	0	22403	86523	206	217540	8113852	5096835	82193	7424972	0	42357	2245944	0	688880	7680	8113852	0	0	426329	0	0	206548	7105	1435137	3661698			0	3177316	3134959	48323	0	0	0	0	688880	422	148	
850054																																							24554	4304	47362	0	0	266	0	2416	159751	141588	144	141732	0	1334	0	0	18019	582	159751	0	0	16296	0	0	1149	0	40326	101262			0	82083	80749	-8	100	0	0	0	18019	0	0	
850456																																							30209	5714	21025	0	0	1968	1141	6662	324327	292432	1791	294223	0	3805	0	0	30104	650	324327	0	0	28028	0	0	1400	0	50408	242024			0	261413	257608	26	0	0	0	0	30104	0	0	
851060																																							15042	1310	48602	0	0	404	226	1429	88610	78472	173	78645	0	310	0	0	9965	669	88610	0	0	11433	0	0	678	0	32082	46390			0	21907	21597	-2815	0	0	0	0	9965	0	0	
851172																																							15167	973	40454	0	0	2824	0	12066	188014	122492	6428	158920	0	1087	30000	0	29094	10	188014	0	0	30321	0	0	0	0	4	122488			0	116767	115680	-1237	0	0	0	0	29094	0	850	
851239																																							16412	6573	91679	0	18	21676	465	17028	649037	597291	7161	604452	0	3190	0	0	44585	905	649037	0	0	39048	0	0	9562	0	164562	432729			0	491383	488193	-4930	6993	0	0	0	44585	0	0	
851631																																							9116	3622	59978	0	1788	3431	1001	8625	433168	394804	3328	398132	0	3731	0	0	35036	100	433168	0	0	33685	0	0	8980	524	74447	320357			0	290953	287222	-7729	0	0	0	0	35036	0	57861	
852218	328781000	21675000	507176000	3866000	50518000	30563000	257000	211997000	3752662000	178123000	3416692000	34000	25539000	260048000	0	335936000	2028000	3752662000	475678000	132799000	218137000	20615000	0	119403000	49452000		0	1448038000	1422499000	-3632000	358917000	147681000	335970000	534000	270134000	530049000	38805000	491244000			457489000							2167793000					189237000					119232000	26210000						586628000	1581165000							0	138645000	199000	14042000		527000		
852254																																							359	5457	98360	0	1466	5111	0	10709	327171	277321	1830	298151	0	2091	19000	0	29020	200	327171	0	0	16319	0	500	14530	62	54250	223071			0	203871	201780	-2529	2200	0	0	0	29020	0	1667	
852320	31343000	4913000	64768000	9434000	22071000	3939000	27000	25148000	539519000	9842000	476296000	0	5028000	48668000	3553000	63223000	24000	539519000	4299000	2556000	10239000	92000	0	58725000	1690000		0	328634000	323606000	-5765000	621000	2250000	63223000	382000	47186000	0	0	0			64768000							409427000					48551000					4299000	2556000						105757000	303670000							0	621000	0	2250000		382000		
852544																																							115791	29067	201935	0	58282	47063	1697	134816	2779153	2118144	23771	2391469	0	20136	234401	0	387684	0	2779153	0	0	180503	0	0	237206	2428	423877	1694267			0	1845777	1825641	-30025	58	0	0	15153	387684	0	362375	
852704																																							115076	6233	201002	0	3513	5264	0	57959	1308838	1048205	13310	1192289	0	12557	130774	0	116549	3529	1308838	0	0	91485	0	0	36580	32549	171397	876808			0	899799	887242	-15045	0	0	0	0	116549	0	0	
852713																																							36770	12900	522675	0	346	16881	0	42037	1884754	1644295	14600	1739496	0	9215	66000	0	145258	320	1884754	0	0	153733	0	0	37680	246	191741	1452554			0	1262114	1252899	-46475	0	0	0	14601	145258	0	0	
852973																																							191384	5301	48260	0	0	1126	2665	3526	734930	628013	572	628585	0	8805	0	0	106345	4300	734930	0	0	94874	0	0	7075	0	43343	584670			0	491473	482668	96	0	0	0	0	106345	0	0	
853251																																							10923	2112	51842	0	0	2193	449	17928	227767	197079	2606	199685	0	2006	0	0	28082	2052	227767	0	0	5555	0	12058	13451	0	26939	170140			0	137525	135519	-5034	6801	0	0	0	28082	0	0	
853671																																							4132	5357	126696	0	2867	8307	0	33318	663576	557137	5382	582269	0	3443	19750	0	81307	0	663576	0	0	73027	30	0	19944	0	76687	480450			0	485487	482044	-11664	0	0	0	0	81307	825	0	
853747																																							1846	6240	91884	0	583	3682	0	13144	345712	282950	943	287088	0	3260	3000	0	58624	800	345712	0	0	58328	0	0	800	0	55517	227433			0	231593	228333	-1304	0	0	0	195	58624	0	0	
853804																																							60149	1706	121869	0	261	4574	0	34232	762276	643257	6378	650183	0	5250	548	0	112093	3	762276	0	0	104120	0	0	10550	4800	113355	529902			0	539935	534685	-2580	0	0	0	0	112093	0	0	
853934																																							90289	3351	42391	0	18471	3907	1230	7466	302952	244769	906	245675	0	4279	0	0	57277	150	302952	0	0	735	0	0	56643	0	154001	90768			0	116232	111953	-251	23894	0	0	0	57277	0	0	
853952																																							1806254	258588	6370716	0	381055	212197	4354	425311	20799746	16767703	135859	18925414	0	149674	1010000	0	1874332	4000	20799746	0	0	1041899	0	0	864557	52747	5644036	11123667			0	11435151	11285477	-36124	340	0	66041	945811	1874332	1018	1689	
854173																																							6373	765	42302	0	0	4165	0	6553	105995	76548	1371	83919	0	384	6000	0	22076	0	105995	0	0	23108	0	0	0	0	10557	65991			0	46221	45837	-1032	0	0	0	0	22076	0	0	
854753																																							18247	1979	0	0	0	243	0	1457	131201	115921	1022	116943	0	1239	0	0	14258	50	131201	0	0	6758	0	0	7450	0	16977	98944			0	98933	97694	0	8330	0	0	0	14258	36	3215	
854847																																							16629	1958	53748	0	0	317	0	5289	148711	112787	2589	135430	0	524	0	0	13281	400	148711	0	0	13630	0	0	1600	0	17545	95242			0	66245	65721	-2349	2159	0	0	20054	13281	383	2507	
855143																																							656	2799	33795	0	0	2616	0	7269	168372	154202	4106	158308	0	1310	0	0	10064	200	168372	0	0	13896	0	0	800	0	32513	121689			0	104272	102962	-4832	18275	0	0	0	10064	0	0	
855264																																							47514	3941	107258	0	0	3789	0	6951	381310	313339	584	343887	0	1937	29964	0	37423	4800	381310	0	0	41875	0	0	4800	0	99621	213718			-3000	207919	205982	-11052	5875	0	0	0	37423	0	0	
855303																																							2778	670	1942	0	0	207	0	348	25618	23481	43	23524	0	121	0	0	2094	159	25618	0	0	1585	0	0	479	0	8251	15230			0	19794	19673	-129	0	0	0	0	2094	0	0	
855563																																							42746	633	0	132	0	3561	0	15915	365328	304222	3512	311734	0	3947	4000	0	53594	1072	365328	0	0	48629	0	0	3893	0	2489	301733			0	306288	302341	0	0	0	0	0	53594	0	0	
855741																																							14791	7834	180848	0	5852	9249	0	19115	676097	563068	3211	620051	0	4627	49300	0	56046	1200	676097	0	0	56760	0	0	12467	0	87076	475992			0	443035	438408	-14381	0	0	0	4472	56046	0	0	
855844																																							10381	3208	107918	0	0	1338	0	5963	235509	205483	1053	206536	0	1949	0	0	28973	450	235509	0	0	27723	0	0	6546	0	64225	141258			0	102572	100623	-5746	0	0	0	0	28973	0	6078	
855956																																							2088	5432	89087	0	7	4504	0	3603	250565	230992	521	231513	0	2333	0	0	19052	800	250565	0	0	13621	0	0	7800	0	47487	183505			0	139577	137244	-3169	8600	0	0	0	19052	0	0	
856159																																							835	639	12928	0	0	52	0	197	28447	24258	43	24301	0	197	0	0	4146	50	28447	0	0	4172	0	0	50	0	6756	17502			0	12885	12688	-126	1108	0	0	0	4146	0	0	
856243																																							26805	7431	178603	0	8382	12894	657	61922	2033992	1747309	15903	1855912	0	24368	92700	0	178080	750	2033992	10376	0	116943	0	0	63186	62408	396101	1351208			0	1678158	1653790	-2799	0	0	0	0	178080	10724	0	
856346																																							1415	7239	3570	2680	611	11217	0	3480	355015	321905	894	322799	0	3202	0	0	32216	50	355015	0	0	15059	0	0	17113	289	64637	257268			0	300598	297396	-6	8470	0	0	0	32216	0	18648	
856458																																							17003	1431	19254	0	0	374	0	1024	74865	67008	318	67326	0	380	0	0	7539	150	74865	0	0	5087	0	0	2350	0	9052	57956			0	33374	32994	-48	2785	0	0	0	7539	0	0	
856542																																							709	139	33203	0	0	103	0	5886	99970	79109	1198	92211	0	461	11904	0	7759	58	99970	0	0	9665	0	0	1150	0	23088	56021			0	60391	59930	-3114	0	0	0	0	7759	0	0	
856748																																							125289	12762	99203	0	12761	38488	108	57084	1600483	1458975	6056	1465306	0	17868	275	0	135177	0	1600483	0	0	87233	0	0	61241	0	196460	1262515			0	1272656	1254788	-13297	0	0	0	0	135177	0	0	
856869																																							22425	1626	3687	0	3395	1397	216	1477	53505	37695	1753	39448	0	842	0	0	14057	330	53505	0	0	-773	0	0	14486	0	10975	26720			0	20124	19282	14	0	0	0	0	14057	0	0	
857259																																							11841	1956	10517	0	0	8	0	1708	50663	43311	1150	44461	0	318	0	0	6202	100	50663	0	0	5733	0	0	400	0	12360	30951			0	24340	24022	-31	513	0	0	0	6202	98	0	
857455																																							8397	4462	39901	0	2299	1096	0	3792	238629	210303	4013	214316	0	2031	0	0	24313	75	238629	0	0	12212	0	0	13497	0	98624	111679			0	129742	127711	-1471	50971	0	0	0	24313	0	0	
857745																																							25076	5509	101840	0	3604	4910	0	14331	388231	305930	1655	344585	0	2670	37000	0	43646	155	388231	0	0	26751	0	0	18864	0	66118	239812			0	233904	231234	-2124	0	0	0	0	43646	0	1727	
857811																																							107	4461	277277	0	0	7395	0	36153	648917	618526	2526	646923	0	4249	24500	0	1994	980	648917	0	0	51678	0	0	1779	0	85052	533474			0	286953	282704	-52443	40820	0	0	1371	1994	0	0	
857941																																							6071	2947	16968	0	780	2981	0	4043	193268	159752	571	172323	0	1706	12000	0	20945	100	193268	0	0	20060	0	0	1122	0	25529	134223			0	161178	159472	-337	0	0	0	0	20945	6	0	
858153																																							3602	146	11362	0	0	90	0	868	34006	25892	184	26076	0	129	0	0	7930	210	34006	0	0	7225	0	0	490	0	9052	16840			0	16645	16516	5	1422	0	0	0	7930	0	0	
858443																																							79	1111	30384	0	0	324	0	1743	76610	68022	143	68165	0	775	0	0	8445	100	76610	0	0	9745	0	0	100	0	13759	54263			0	43263	42488	-1500	481	0	0	0	8445	0	0	
858452																																							4000	1133	6067	0	15	5	0	1087	45508	39930	121	40051	0	339	0	0	5457	150	45508	0	0	4376	0	0	1050	0	7992	31938			0	33200	32861	-119	160	0	0	0	5457	0	180	
858528																																							254	16735	138293	0	0	7060	66	37404	613864	547774	3345	559621	0	4208	7000	0	54243	1000	613864	0	0	67712	0	0	500	0	119935	427839			0	418260	414052	-14969	0	0	1502	0	54243	0	0	
858818																																							8841	0	143230	0	0	0	0	987	153058	96312	34210	130522	0	0	0	0	22536	0	153058	0	0	22743	0	0	0	0	39927	56385			0	0	0	-207	0	0	0	0	22536	0	0	
858854																																							15514	11300	68389	0	218	2623	0	11991	334966	295733	1389	298047	0	2465	925	0	36919	120	334966	0	0	26955	0	0	11645	0	90476	205257			0	195800	193335	-1801	31500	0	0	0	36919	96	0	
859002																																							46834	11955	202481	0	2683	25557	0	91130	1997695	1740173	22981	1805252	0	15398	42098	0	192443	1	1997695	0	0	1213	0	0	192996	5728	190309	1549864			0	1624521	1609123	-1767	0	0	0	0	192443	2204	0	
859141																																							25631	18926	380520	1888	22702	23979	0	66648	1691867	1350233	12038	1541059	0	13967	176000	0	150808	590	1691867	0	0	124925	0	0	54399	1237	185556	1164677			0	1164214	1150247	-29106	0	0	0	2788	150808	89	0	
859552																																							203028	9989	80638	0	647	26922	0	5225	829874	748114	6803	754917	0	5673	0	0	74957	1010	829874	0	0	45760	0	0	29931	1006	282705	465409			0	508092	502419	-1744	0	0	0	0	74957	0	0	
859655																																							16741	591	13900	2169	0	5013	0	16335	329768	218519	6154	290256	0	3787	0	0	39512	1000	329768	0	0	21451	0	0	17009	0	62677	155842			0	265083	261296	52	13723	0	65583	0	39512	0	0	
859712																																							383515	21496	1077091	0	80205	36386	38	332725	7481657	5933629	94390	6540581	139	37679	512562	0	940937	0	7481657	0	0	981991	0	0	46402	0	569464	5364165			0	4890371	4852692	-87456	0	99838	0	0	941076	204953	392718	
860053																																							207043	9394	634922	0	6639	19315	967	95591	2718222	2453288	8897	2463410	0	33645	0	1225	254812	497	2718222	0	0	95811	0	0	186763	2406	1540878	912410			0	1775590	1741945	-28259	0	0	0	0	254812	0	0	
860147																																							51679	4219	24776	0	434	2678	15	12218	392127	348703	2993	351696	0	2701	0	0	40431	398	392127	0	0	40902	0	0	398	206	76933	271770			0	282260	279559	-1267	0	0	0	0	40431	0	16343	
860231																																							0	1997	0	0	0	65	0	367	37148	25938	182	26120	0	91	0	0	11028	210	37148	0	0	10148	0	0	670	0	4490	21448			0	13220	13129	0	242	0	0	0	11028	0	21348	
860259																																							23830	9245	35185	0	0	5385	0	5734	336610	288029	7503	295532	0	3330	0	0	41078	1000	336610	0	0	17565	0	0	22500	3336	81135	206894			0	257225	253895	13	0	0	0	0	41078	0	0	
860334																																							1667	2650	96570	0	0	7367	0	7965	411205	357754	1376	372130	0	2824	13000	0	39075	720	411205	0	0	24673	0	0	25630	0	106939	250815			0	289710	286886	-11948	8100	0	0	0	39075	0	0	
860352																																							156	10124	47750	0	1203	3646	0	15740	424513	357675	2805	388480	0	4381	23500	0	36033	100	424513	0	0	24300	0	0	15347	0	64583	293092			0	350275	345894	-3714	0	0	4500	0	36033	0	0	
861658																																							35817	9970	92801	0	2241	357	0	4150	193139	165229	556	166022	0	512	0	0	27117	300	193139	0	0	13619	0	0	14700	0	69385	95844			0	48315	47803	-1502	0	0	0	237	27117	0	0	
861854																																							1280	2568	8200	0	0	128	0	4649	79574	56892	1135	70742	0	932	12715	0	8832	200	79574	0	0	6759	0	0	2200	0	8266	48626			0	56636	55704	-327	7045	0	0	0	8832	0	0	
862057																																							18694	11214	3301	0	1752	5075	0	16382	484210	431290	1008	438055	0	3906	5757	0	46155	3762	484210	0	0	35242	0	0	6917	0	100261	331029			0	320981	317075	234	0	0	0	0	46155	0	110717	
862141																																							27586	5058	123727	0	2520	16227	2999	14795	483620	354157	4693	438464	0	3342	9317	0	45156	100	483620	0	0	25385	0	0	20984	221	67740	286417			0	291342	288000	-1313	2487	0	0	70297	45156	0	0	
863362																																							4597	425	0	0	1213	2531	0	1056	31222	9887	115	15002	0	86	5000	0	16220	750	31222	0	0	12614	0	0	2856	1759	7408	2479			0	19727	19641	0	0	0	0	0	16220	0	0	
863607																																							17813	7557	82706	0	11	2225	0	11381	445433	369757	4027	403984	0	1169	30200	0	41449	275	445433	0	0	42086	0	0	3457	0	110411	259346			0	324221	323052	-4369	688	0	0	0	41449	0	0	
863652																																							4433	719	17011	0	0	449	0	2480	82121	70303	1817	72720	0	508	600	0	9401	50	82121	0	0	9376	0	0	1186	0	8959	61344			0	51901	51393	-1211	5538	0	0	0	9401	98	0	
863746																																							9677	1526	135454	0	1398	5027	0	11209	593773	514050	3766	517816	0	6829	0	0	75957	223	593773	0	0	65639	0	0	11147	540	137497	376553			0	434270	427441	-1052	1289	0	0	0	75957	212	0	
864378																																							6079	1415	34604	0	2	1501	0	11124	187629	144247	1534	150781	0	407	5000	0	36848	0	187629	0	0	40623	0	0	0	0	12485	131762			0	133311	132904	-3775	0	0	0	0	36848	0	0	
864471																																							59273	4110	238778	0	10612	18166	0	80621	1295729	954994	5879	1056060	0	6676	95187	0	239669	0	1295729	0	0	256055	0	0	0	0	36002	918992			0	872448	865772	-16386	0	0	0	0	239669	0	18397	
864846																																							189	9563	0	0	228	10604	121	4635	330720	291931	3387	295318	0	2843	0	0	35402	570	330720	0	0	33742	0	0	1090	0	46127	245804			0	255568	252725	0	36900	0	0	0	35402	0	15755	
864855																																							160	1273	34921	0	0	226	0	7585	119453	99197	1031	103728	0	1136	3500	0	15725	83	119453	0	0	17102	0	0	1000	0	12493	86703			0	70402	69266	-2460	5950	0	0	0	15725	72	0	
865142																																							17343	2444	84619	0	0	975	0	8321	375883	329535	2487	335022	0	7950	3000	0	40861	100	375883	0	0	34439	0	0	6100	0	30908	298627			0	270065	262115	222	0	0	0	0	40861	66	0	
865151																																							22615	6233	117709	0	0	12548	0	6625	593718	478547	3905	483092	0	5140	640	0	110626	200	593718	0	0	97005	0	0	12847	0	125609	352938			0	432976	427836	574	0	0	0	0	110626	0	152	
865450																																							27342	9863	66242	0	3816	7072	0	17433	522584	446009	3178	475245	0	5136	25986	0	47339	100	522584	0	0	21399	0	0	34900	502	88693	357316			0	395249	390113	-9060	0	0	72	0	47339	201	0	
865544																																							50725	4443	73649	0	3284	9108	423	17677	636139	574348	7009	582774	0	6184	1417	0	53365	400	636139	0	0	44275	0	0	8788	0	125087	449261			0	482948	476764	-98	0	0	0	0	53365	66	0	
865759																																							80	3744	60256	0	579	684	61	4505	202261	170153	755	185468	0	1462	8500	0	16793	2400	202261	0	0	9759	0	0	8776	0	27155	142998			0	119034	117572	-4142	14780	0	0	6060	16793	0	0	
865852																																							5694	5510	12314	0	0	1367	0	3062	113514	99727	581	104712	0	1074	400	0	8802	25	113514	0	0	2527	0	0	6975	0	22399	77328			0	86522	85448	-725	0	0	4004	0	8802	8	111	
866000																																							184900	29284	495868	0	25530	63610	0	133159	4421213	3939998	42531	3991724	61	34322	9195	0	429428	5787	4421213	0	0	395442	0	0	34945	3384	722374	3217624			0	3449709	3415387	-6746	0	0	0	0	429489	3116	66975	
866121																																							5083	6531	156671	0	1980	14482	0	26216	597479	516580	6594	550248	0	4505	27074	0	47231	201	597479	0	0	60574	0	0	2287	118	139051	377529			0	390903	386398	-15831	0	0	0	0	47231	0	0	
866251																																							6800	2365	11952	0	0	70	0	381	41842	36814	102	36916	0	722	0	0	4926	50	41842	0	0	5129	0	0	300	0	8009	28805			0	20205	19483	-553	0	0	0	0	4926	0	791	
867070																																							15779	2506	97415	0	4786	5788	103	37209	513696	404502	2940	473059	0	7743	65617	0	40637	0	513696	0	0	50191	0	0	0	520	69543	334959			0	357333	349590	-9554	0	0	0	0	40637	0	0	
867632																																							265735	4044	49258	0	443	22090	0	13908	1580518	1427450	28435	1455885	0	15483	0	0	124633	43260	1580518	0	0	62483	0	0	20021	0	631842	795608			0	1238206	1222723	-1131	0	0	0	0	124633	2317	0	
867650																																							106517	25336	574083	144	98451	33601	32428	18045	2729496	2353192	19650	2373089	0	21873	247	0	356407	300	2729496	0	0	139213	1987	0	236931	1745	632953	1720239			0	1859032	1837159	-20037	0	0	0	0	356407	0	0	
867856																																							17904	1100	47074	0	0	5304	0	5884	477749	400823	2780	432949	0	4886	29346	0	44800	246	477749	0	0	28271	0	0	17659	0	53187	347636			0	404971	400085	-1376	394	0	0	0	44800	4	0	
868059																																							5386	4604	52380	0	0	214	0	9235	141722	124124	578	124702	0	2074	0	0	17020	50	141722	0	0	12492	0	0	9950	0	39038	85086			0	66977	64903	-5472	5000	0	0	0	17020	0	0	
868572																																							237	228	4060	0	0	257	0	666	41443	34188	150	36338	0	265	2000	0	5105	0	41443	0	0	5339	0	0	0	0	5835	28353			0	36260	35995	-234	0	0	0	0	5105	0	0	
868956																																							19239	3206	270036	0	4695	29995	0	8659	894234	820896	3433	824329	0	6457	0	0	69905	500	894234	0	0	51681	0	0	25055	4144	158015	662881			0	560717	554260	-7331	0	0	0	0	69905	0	0	
869346																																							19021	4169	85569	0	3167	1591	0	4546	282655	250445	1908	255481	0	2530	0	0	27174	1613	282655	0	0	4410	0	0	22730	0	30721	219724			0	166172	163642	-1579	950	0	0	3128	27174	0	0	
869551																																							13802	5648	117588	0	0	2709	0	23246	468720	383505	1638	396801	0	3311	11658	0	71919	300	468720	0	0	73242	0	0	6050	257	66022	317483			0	308543	305232	-7673	0	0	0	0	71919	238	0	
869663																																							54171	5427	273722	0	0	634	0	8765	819767	621883	3398	679378	0	3051	43687	0	140389	3500	819767	0	0	121473	0	0	40000	0	78898	542985			0	479602	476551	-24584	59	0	0	10410	140389	438	0	
869953																																							54935	5676	87885	0	0	1746	0	9240	338190	296083	1639	297722	0	2005	0	0	40468	300	338190	0	0	40482	0	0	300	0	77251	218832			0	175281	173276	-614	0	0	0	0	40468	0	5432	
870539																																							3043	16539	298115	0	414	17387	0	39428	726745	604781	21377	626958	0	2939	800	0	99787	366	726745	0	0	52939	0	0	74952	0	172909	431872			0	263706	260767	-28470	0	0	0	0	99787	0	91052	
870650																																							34951	4380	116018	0	239	8404	0	11633	850207	710924	5438	789112	0	12028	34000	0	61095	500	850207	0	0	73805	0	0	1000	0	130999	579925			0	685918	673890	-14210	692	0	38750	0	61095	0	0	
870856																																							0	2839	33417	0	0	558	0	3390	89601	75185	565	81681	0	983	5920	0	7920	100	89601	0	0	8274	0	0	3098	0	21988	53197			0	50363	49380	-3552	0	0	11	0	7920	17	0	
870913																																							4615	944	120021	0	13464	25761	45	18300	554778	476614	7066	503332	0	2958	19652	0	51446	2102	554778	0	0	10833	0	0	44782	0	72075	404539			0	335380	332422	-6271	39206	0	0	0	51446	0	0	
871358																																							602	1518	16842	0	0	416	370	782	64627	53790	208	53998	0	677	0	0	10629	75	64627	0	0	11214	0	0	225	0	13254	40536			0	40246	39569	-885	4453	0	0	0	10629	75	0	
871648																																							10231	2662	30465	230	257	1121	54	6622	130893	111981	644	112625	0	593	0	0	18268	200	130893	0	0	14770	0	0	3800	0	26387	85594			0	79552	78959	-502	178	0	0	0	18268	114	0	
871769																																							1344503	65062	839350	0	0	130765	0	116646	11797060	8950794	56745	10190773	0	84020	300000	0	1606287	2436	11797060	0	0	1251367	51012	190884	162243	1447	3095295	5855499			0	6066102	5982082	-643	0	0	0	883234	1606287	0	3266193	
871956																																							16442	2909	0	0	0	194	0	390	83014	75891	322	76213	0	501	0	0	6801	100	83014	0	0	4401	0	0	2300	0	31394	44497			0	27950	27449	0	0	0	0	0	6801	0	35630	
872047																																							6507	10052	125980	0	7721	6455	0	19371	770875	666664	5318	691343	0	8140	14807	0	79532	1003	770875	0	0	60063	0	0	25095	972	127620	539044			0	573992	565852	-6629	0	0	1151	3403	79532	79	27886	
872579																																							37917	1688	276	0	5964	11271	0	2905	245961	211185	593	212440	0	901	662	0	33521	0	245961	0	0	33531	0	0	0	0	10325	200860			0	186841	185940	-10	0	0	0	0	33521	0	0	
873259																																							121516	10732	118461	0	13104	19282	150	17655	1110588	967247	10174	979926	0	8601	2505	0	130662	160	1110588	0	0	83655	0	0	48266	1902	260374	706873			0	798740	790139	-1419	17647	0	0	0	130662	0	0	
874050																																							1787	9305	149093	0	4864	5100	0	20406	596223	509603	3931	543726	0	3053	19825	0	52497	300	596223	0	0	7818	0	0	49700	0	25917	483686			0	408523	405470	-5321	0	0	0	10367	52497	198	0	
874452																																							2595	678	7331	0	0	218	0	3843	126128	84511	1644	114855	0	961	28700	0	11273	100	126128	0	0	1487	0	0	9900	0	17871	66640			0	112424	111463	-214	0	0	0	0	11273	0	0	
874845																																							79857	57138	1052062	1600	6562	72610	0	253873	6984247	5973527	48585	6215014	89	68995	178268	0	769144	2182	6984247	14634	14634	782291	0	0	111807	2707	1221504	4752023			0	5375349	5306354	-127136	2517	0	0	0	769233	1125	133208	
875048																																							8072	6737	75833	0	1891	5345	884	9454	314597	276267	2077	280587	0	4734	0	0	34010	400	314597	0	0	27734	0	0	11368	471	52283	223984			0	210644	205910	-5492	0	0	0	2243	34010	0	0	
875057																																							36238	11997	97288	0	244	2915	1091	14168	403992	347771	2129	349900	0	3080	0	0	54092	750	403992	0	0	48062	0	0	6750	0	150408	197363			0	243131	240051	-1470	0	0	0	0	54092	0	0	
875132																																							111473	2124	72	0	1080	3104	0	2773	446849	387259	2757	390016	0	3503	0	0	56833	937	446849	0	0	44233	0	0	11665	0	86255	301004			0	329726	326223	-2	0	0	0	0	56833	0	0	
875655																																							32547	2574	31974	0	3166	1558	0	2243	144870	129846	745	130591	0	971	0	0	14279	150	144870	0	0	6059	0	0	8042	0	38069	91777			0	71494	70523	28	218	0	0	0	14279	67	0	
875758																																							23024	1759	12786	0	0	1067	0	4895	238285	212147	1713	213860	0	482	0	0	24425	2000	238285	0	0	15460	0	0	7000	0	80648	131499			0	89336	88854	-35	0	0	0	0	24425	0	105900	
875879																																							13436	361	8354	0	1054	192	0	5811	100548	67377	768	89145	0	482	21000	0	11403	1	100548	0	0	-2286	0	2278	12973	769	4684	62693			0	71053	70571	-1563	0	0	0	0	11403	0	0	
875936																																							19728	5214	15551	0	0	7498	1299	19577	529339	450091	4329	454420	0	4877	0	0	74919	1087	529339	0	0	33117	0	0	40853	0	116768	333323			0	370034	365157	-138	0	0	0	0	74919	0	95315	
876157																																							422	784	14061	0	0	348	229	1008	81848	73738	652	74982	0	618	0	0	6866	25	81848	0	0	1785	0	0	5225	0	11834	61904			0	63906	63288	-169	1459	0	0	592	6866	249	0	
876634																																							467782	62189	635825	0	90019	105696	1936	105565	4383270	3755780	31992	3865476	0	31001	55686	0	517794	100	4383270	0	0	348851	0	0	168932	21695	1345355	2410425			0	2546118	2515117	-89	0	0	0	22018	517794	0	377446	
876700																																							39981	9423	318656	0	47858	30939	491	106939	3027980	2284965	58802	2616601	0	14995	265289	0	411379	0	3027980	7545	7545	433112	0	0	0	863	257081	2027884			0	2303246	2288251	-21733	2115	0	0	0	411379	174919	0	
877350																																							3406	1520	27605	0	0	6583	0	9784	206010	176827	1244	183601	0	1667	0	0	22409	800	206010	0	0	18870	0	0	3200	0	32645	144182			0	158713	157046	-461	0	0	5530	0	22409	66	0	
877752																																							6595	3072	56872	0	57	1936	265	8677	374887	326484	3005	329692	0	4892	203	0	45195	120	374887	0	0	45040	0	0	230	0	59112	267372			0	302305	297413	-195	0	0	0	0	45195	0	0	
877958																																							7500	437	3458	0	2779	1001	0	204	31601	25468	74	25542	0	105	0	0	6059	100	31601	0	0	88	0	0	5881	0	6170	19298			0	13726	13621	-10	2601	0	0	0	6059	0	0	
879439																																							14896	1604	20072	0	0	901	450	6786	166340	139985	2054	148337	0	1966	6298	0	18003	257	166340	0	0	13028	0	0	7256	0	30706	109279			0	123597	121631	-2538	0	0	0	0	18003	0	0	
879457																																							56295	22802	314319	0	0	42259	0	55529	1785231	1586156	17787	1643943	0	17815	40000	0	141288	100	1785231	0	0	108540	0	0	54978	0	231863	1354293			0	1260992	1243177	-22330	0	50850	0	0	141288	0	0	
879644																																							32431	7540	67877	0	0	6440	661	16040	526365	458756	1591	465347	0	5679	5000	0	61018	300	526365	0	0	56605	0	0	4471	0	76948	381808			0	401055	395376	-358	0	0	0	0	61018	0	0	
879747																																							30134	5330	65157	0	263	2430	0	11292	278969	245866	4918	250784	0	2170	0	0	28185	600	278969	0	0	25242	0	0	4259	0	63836	182030			0	163900	161730	-1916	2633	0	0	0	28185	0	0	
880332																																							16456	8660	118757	0	0	6339	225	18259	382853	326198	5103	341301	0	2435	10000	0	41552	2602	382853	0	0	36719	0	0	6245	0	70613	255585			0	198783	196348	-4014	0	0	0	0	41552	0	17809	
880855																																							11713	9388	275290	0	0	9058	0	21248	950613	840888	5035	881693	0	9143	35400	0	68920	300	950613	0	0	107789	0	0	200	1474	211392	629496			0	631567	622424	-39369	0	0	0	370	68920	18	0	
881012																																							35712	12726	325768	0	35141	26662	320	65375	1670173	1413365	15332	1481736	0	9959	40584	0	188437	1000	1670173	0	0	93314	0	0	98147	847	277625	1135740			0	1177581	1167622	-4024	0	0	0	12455	188437	0	0	
881441																																							2796	4046	11821	0	0	4981	71	1354	133429	117006	286	123292	0	530	6000	0	10137	150	133429	0	0	10626	0	0	100	0	19753	97253			0	74856	74326	-739	0	0	0	0	10137	0	34034	
881478																																							180502	52587	607522	162536	242918	92552	0	219537	6962943	5927199	82592	6029791	0	52584	20000	0	933152	1810	6962943	0	0	276227	0	0	686330	0	1604650	4322549			0	4783266	4730682	-31215	0	0	0	0	933152	0	674107	
881852																																							26774	2375	7651	0	1205	1495	0	7744	211688	186922	1653	189342	0	1719	767	0	22346	800	211688	0	0	9998	0	0	11875	0	28008	158914			0	166163	164444	-327	0	0	0	0	22346	0	0	
881900																																							6509	441	19972	0	0	1224	0	4127	139409	112532	1917	126449	0	610	12000	0	12960	400	139409	0	0	12129	0	0	401	0	22285	90247			-28	107746	107136	58	0	0	0	0	12960	0	0	
882242																																							15937	10550	55263	0	7068	5601	0	12594	472271	405284	4704	409988	0	3865	0	0	62283	260	472271	0	0	40999	0	0	20754	0	87983	317301			0	364101	360236	270	4920	0	0	0	62283	102	0	
882541																																							25179	1461	8463	0	8683	3992	0	3640	147957	124439	1998	126437	0	983	0	0	21520	200	147957	0	0	880	0	0	20362	0	30100	94339			0	97449	96466	78	0	0	0	0	21520	73	0	
882701																																							82688	14284	237727	0	4952	26549	0	91143	1919529	1393977	47601	1678128	0	18810	236550	0	241401	0	1919529	0	0	276238	0	0	0	900	305486	1088491			0	1478596	1459786	-34837	0	0	0	0	241401	935	565	
882952																																							12460	4408	53445	0	0	2771	0	10218	346613	277891	1958	318349	0	3157	38500	0	28264	500	346613	0	0	29580	0	0	1500	0	50047	227844			0	266468	263311	-3316	0	0	0	0	28264	0	0	
883351																																							313	2181	81965	0	0	238	0	2286	157573	142097	769	142866	0	960	0	0	14707	200	157573	0	0	19067	0	0	2300	0	41960	100137			0	59300	58340	-6860	12250	0	0	0	14707	0	0	
883959																																							18332	1719	32400	0	3661	5650	0	28369	368691	321043	726	325003	0	3232	3234	0	43688	110	368691	0	0	8244	0	0	37189	0	76516	244527			0	281792	278560	-1855	0	0	0	0	43688	0	0	
884303																																							27325	22772	280598	0	22266	20156	0	85174	2709552	2279501	51926	2421981	0	24209	90554	0	287571	6472	2709552	0	0	221766	0	0	95385	2102	624688	1654813			0	2269561	2245352	-36052	0	0	0	0	287571	3167	640	
884358																																							54999	12000	392554	0	0	5456	0	18960	706722	614963	2654	617617	0	2667	0	0	89105	2200	706722	5301	0	102217	0	0	5800	0	193387	421576			0	220119	217452	-21112	0	0	0	0	89105	0	0	
884376																																							6375	1494	34848	0	179	320	0	6002	134612	114456	1122	121803	0	811	6225	0	12809	373	134612	0	0	9004	0	0	5498	0	6110	108346			0	84057	83246	-2066	0	0	0	0	12809	0	2148	
884442																																							12531	10962	96551	0	6332	21496	0	33071	1065907	842608	11171	976718	55	8569	113000	0	89134	1200	1065907	767	767	74718	0	0	19250	380	142491	700117			0	878062	869493	-6034	0	0	4328	4844	89189	0	14324	
884648																																							31777	1265	44929	0	3296	1765	0	12079	289307	241400	4453	263610	0	3177	17757	0	25697	120	289307	0	0	11302	0	0	15080	0	30868	210532			0	197373	194196	-805	0	0	0	0	25697	0	0	
884657																																							16051	1735	20469	0	0	692	0	2105	110211	102555	359	102914	0	470	0	0	7297	100	110211	0	0	3398	0	0	3900	0	22879	79676			0	60051	59581	-101	9578	0	0	0	7297	0	0	
885252																																							81435	2106	30530	0	0	3225	0	8742	302814	268546	1686	273332	0	1402	3100	0	29482	108	302814	0	0	20470	0	0	9334	0	52245	216301			0	178178	176776	-430	0	0	0	0	29482	0	0	
885430																																							36925	4701	27841	0	0	2518	135	2488	298627	274598	598	275196	0	2204	0	0	23431	450	298627	0	0	22740	0	0	11300	0	110540	164058			-1153	79043	76839	-9906	0	0	0	0	23431	0	147180	
885579																																							5749	546	3459	0	95	276	208	2585	70298	67075	601	67676	0	1143	0	0	2622	0	70298	0	0	2574	0	0	0	0	1350	65725			0	57694	56551	48	829	0	0	0	2622	0	0	
885869																																							89850	21876	359345	0	4805	17880	318	38780	1632426	1456101	14155	1470312	0	16625	56	0	162114	1000	1632426	875	0	138242	0	0	33147	2572	366946	1089155			0	1107766	1091141	-10275	0	0	0	0	162114	734	4250	
886204																																							97824	6623	416434	0	0	20154	0	65387	1434762	1249974	19550	1269524	0	1894	0	0	165238	0	1434762	0	0	168485	0	0	0	0	103580	1146394			0	636852	634958	-3247	0	0	0	0	165238	0	193382	
886624																																							7386	9364	156158	0	810	22101	425	36147	984883	853351	8971	867322	0	10076	5000	0	117561	376	984883	0	0	132104	0	0	1574	1283	250008	603343			0	747432	737356	-16493	0	0	0	0	117561	0	13853	
887340																																							31810	14383	154207	0	9263	24027	101	43098	1592935	1304692	22037	1427751	0	14992	77917	0	165184	1305	1592935	0	0	89575	0	0	80407	12687	171348	1133344			0	1314905	1299913	-6103	3446	0	0	23105	165184	0	0	
887827																																							9393	574	14966	0	0	307	85	2518	121183	103377	906	104283	0	916	0	0	16900	343	121183	0	0	16783	0	0	840	0	11731	91646			0	83823	82907	-1066	6557	0	0	0	16900	0	3876	
887854																																							1623	1826	18854	0	0	1013	0	1814	74786	67596	82	69178	0	406	0	0	5608	25	74786	0	0	5999	0	0	368	0	19301	48294			0	49587	49181	-784	475	0	1500	0	5608	0	0	
888002																																							30247	40433	2057269	5049	14062	59650	0	269626	6156507	5225319	33603	5365095	0	34609	11637	0	791412	0	6156507	0	0	782167	0	0	33276	925	1258185	3967134			0	3662191	3627582	-24031	17832	810	0	94536	791412	33022	0	
888141																																							3162	1896	65538	0	0	3299	0	14701	212732	180719	1898	196117	0	1827	13500	0	16615	600	212732	0	0	5723	0	0	15217	0	22841	157878			0	125963	124136	-4925	0	0	0	0	16615	0	0	
888271																																							22116	2819	13981	0	25	2768	339	6295	482443	377866	1381	392247	0	4767	13000	0	90196	0	482443	0	0	90093	0	0	0	0	37114	340752			0	431798	427031	103	0	0	0	0	90196	461	6608	
888552																																							41901	15641	159035	0	1543	13365	56	22467	878760	792816	7831	800647	0	7959	0	0	78113	1200	878760	0	0	71830	0	0	22120	0	18047	774769			0	632561	624602	-17037	150	0	0	0	78113	0	0	
888833																																							104209	6667	139155	0	0	8294	0	20555	651699	557207	2389	564931	0	5055	5335	0	86768	665	651699	0	0	65289	0	0	26835	0	137896	419311			0	323992	318937	-6021	53882	0	0	0	86768	0	0	
890050																																							37177	5739	255903	0	0	649	0	3363	625881	548019	2166	550185	0	2629	0	0	75696	100	625881	0	0	92746	0	0	1800	0	125847	422172			0	154672	152043	-18950	0	0	0	0	75696	0	171007	
890649																																							3042	1826	41225	0	0	1364	0	4238	186242	153596	1003	164519	0	1166	9920	0	21723	400	186242	0	0	22654	0	0	1600	0	21921	131675			0	135551	134385	-2931	135	0	0	0	21723	27	0	
890742																																							16153	19853	605803	0	91	18425	1192	27020	1908431	1582221	11577	1722181	0	11618	52181	0	186250	3200	1908431	0	0	193892	0	0	5300	0	243799	1338422			0	1206630	1195012	-16142	0	0	0	76202	186250	0	24882	
890957																																							2152	4309	0	0	0	378	0	3528	99606	89333	1151	90484	0	253	0	0	9122	105	99606	0	0	7617	0	0	1400	0	13433	75900			0	53298	53045	0	11922	0	0	0	9122	0	24272	
891226																																							41026	6488	118730	68	7018	8206	1673	33698	872370	722077	6202	796573	0	4360	63977	0	75797	16564	872370	0	0	30218	0	0	41744	714	122448	599629			0	637504	633144	-12729	0	0	0	4317	75797	550	21055	
891253																																							142796	3922	164154	528	0	484	0	1856	333214	289346	757	290103	0	202	0	0	43111	600	333214	0	0	11183	0	0	34215	0	89819	199527			0	19676	19474	-2887	0	0	0	0	43111	0	0	
892205																																							17752	19789	175800	9175	13868	29329	0	108476	2734114	2363037	27291	2481561	0	20297	86270	0	252553	500	2734114	4963	4963	23464	0	0	245306	0	596645	1766392			0	2183592	2163295	-16717	2235	0	0	0	252553	632	188800	
892223																																							12048	4137	51176	0	263	2627	0	7911	217052	194671	2294	198965	0	1269	2000	0	18087	800	217052	0	0	19203	0	0	800	362	32343	162328			0	136898	135629	-2716	1899	0	0	0	18087	0	1000	
893855																																							900983	45518	283100	0	44696	8962	0	264644	2610128	2331035	52836	2384526	0	11440	655	0	225602	60	2610128	0	0	66243	0	0	158362	278231	1166743	1164292			0	793429	781989	937	0	0	0	0	225602	2005	0	
894272																																							10858	1728	125336	0	0	1970	0	9038	274828	247940	3444	251384	0	1624	0	0	23444	100	274828	0	0	21752	0	0	7000	0	17964	229976			0	127522	125898	-5408	0	0	0	0	23444	0	0	
894348																																							11923	10415	169879	0	713	8882	0	37103	1064931	894343	16212	950555	0	13723	40000	0	114376	3150	1064931	0	0	100718	0	0	18500	15	142466	751877			0	838914	825191	-7992	810	0	0	0	114376	0	0	
894544																																							39992	8583	127905	0	9031	4810	0	18582	558087	479707	4016	502702	0	4197	0	0	55385	500	558087	0	0	30507	0	0	31146	0	79970	399737			0	352877	348680	-6768	318	0	0	18979	55385	186	0	
894834																																							17005	834	0	0	3	1894	0	1324	44037	36477	561	37038	0	336	0	0	6999	300	44037	0	0	2059	0	0	4639	0	15105	21372			0	22281	21945	1	0	0	0	0	6999	0	1032	
895055																																							95977	7958	70373	0	0	30681	5619	25082	1010945	916084	5278	925413	0	10827	4051	0	85532	354	1010945	0	0	57172	0	0	34300	0	96998	819086			0	786082	775255	-6294	0	0	0	0	85532	0	0	
895448																																							8909	1813	54087	0	0	1606	0	9683	211080	163816	1952	190594	0	1096	24826	0	20486	400	211080	0	0	20572	0	0	1600	0	15784	148032			0	136078	134982	-2086	0	0	0	0	20486	0	0	
895710																																							23320	22273	497117	0	78783	31334	189	141591	3121896	2584952	36259	2770764	0	31048	147935	0	351132	2630	3121896	0	0	117572	1491	0	253544	1591	549526	2035426			0	2354365	2323317	-22614	0	0	0	1618	351132	890	0	
896155																																							73	6105	102125	0	0	3689	50	11926	364718	318536	2128	326875	0	2918	5000	0	37843	200	364718	0	0	39859	0	0	3200	0	68224	250312			0	232710	229792	-5416	9171	0	0	1211	37843	66	1721	
897170																																							93805	32597	92196	0	108	43222	0	76914	3214470	2061697	40753	2709680	0	25449	607230	0	504790	34	3214470	0	0	169411	0	0	356817	3388	223538	1838159			-10652	2624707	2599258	-10820	0	0	0	0	504790	0	272982	
897237																																							289	936	10308	0	0	655	0	1719	51557	41786	743	42529	0	771	0	0	9028	60	51557	0	0	8322	0	0	1088	0	8348	33438			0	38421	37650	-442	0	0	0	0	9028	0	0	
897451																																							201	1671	18185	0	446	1644	0	1701	90127	78263	989	80790	0	1023	1538	0	9337	150	90127	0	0	2505	0	0	7850	0	26019	52244			0	65884	64861	-1168	1418	0	0	0	9337	0	0	
897648																																							2750	2343	23926	819	0	858	0	9016	195254	147932	1928	149860	0	2818	0	0	45394	146	195254	0	0	21333	0	0	23847	0	37668	110264			0	137372	134554	68	2550	0	0	0	45394	0	18438	
897853																																							7866	1420	13530	0	0	545	0	1812	141764	123976	466	124442	0	1412	0	0	17322	900	141764	0	0	15968	0	0	450	0	21228	102748			0	118003	116591	4	0	0	0	0	17322	0	0	
898458																																							14217	12782	0	0	878	0	0	8984	39162	1010	24261	25271	0	31	0	0	13891	0	39162	0	0	1509	0	0	12382	0	1009	1			0	2332	2301	0	0	0	0	0	13891	0	0	
898579																																							77608	2893	20141	0	0	5524	229	26184	607976	526074	6547	532621	0	6067	0	0	75355	0	607976	0	0	76712	0	0	0	0	48841	477233			0	480155	474088	-1357	0	0	0	0	75355	809	500	
898627																																							134889	12595	268746	0	18534	28316	930	19337	1103926	978214	4884	986424	0	7514	0	0	117502	1800	1103926	0	0	82719	0	0	39199	195	260187	718027			0	627898	620384	-6216	0	0	0	3326	117502	0	0	
898850																																							73995	9320	41848	0	0	9403	0	25891	851168	735429	10743	756172	0	10984	10000	0	94996	100	851168	0	0	43266	0	0	52657	2134	138162	597267			0	699561	688577	-1027	0	0	0	0	94996	0	0	
899008																																							51650	3135	57046	0	0	7101	0	31103	1004555	752233	9512	905341	0	4396	143596	0	99214	0	1004555	0	0	2750	0	0	100712	0	68097	684136			-3242	804753	800357	-1006	0	0	0	0	99214	0	54163	
899343																																							66466	6427	221876	0	0	7259	0	13494	844478	750167	3386	787642	0	5454	0	0	56836	1000	844478	0	0	65548	0	0	14169	2351	266639	483528			0	525322	519868	-23881	6737	0	0	34089	56836	0	0	
899428																																							140074	20836	217538	0	16249	34706	0	71365	2038666	1816064	9209	1850273	0	14719	25000	0	188393	2447	2038666	0	0	110707	0	0	89288	0	526390	1289674			0	1449745	1435026	-14049	0	0	0	0	188393	0	102872	
899642																																							92164	16743	177460	0	1872	9303	0	3417	502762	455658	1129	459118	0	2366	0	0	43644	820	502762	0	0	15233	0	0	31380	0	145713	309945			0	203422	201056	-3789	0	0	0	2331	43644	0	747	
899651																																							2379	6264	51118	0	0	163	0	1309	187074	165318	1713	167031	0	1448	0	0	20043	1000	187074	0	0	18758	0	0	2000	0	50720	114598			0	122789	121341	-1715	4500	0	0	0	20043	0	0	
900034																																							50548	4940	133483	0	0	2736	0	14543	541188	484987	4702	490256	0	6244	567	0	50932	550	541188	0	0	37431	0	0	23450	0	145567	339420			0	338070	331826	-10499	3112	0	0	0	50932	0	0	
900146																																							6473	17432	110987	0	12551	6062	0	24767	811064	712417	5702	718119	0	8844	0	0	92945	197	811064	0	0	100398	0	0	7303	362	58304	654113			0	634819	625975	-14953	3779	0	0	0	92945	119	2557	
900306																																							63728	6853	160328	0	242	59594	5750	112878	3167025	2589138	49462	2705115	0	64310	66515	0	461910	600	3167025	0	0	249065	0	0	213495	0	461877	2127261			0	2820645	2756335	-1250	0	0	0	0	461910	1317	0	
900502																																							15545	4272	114869	0	0	4293	100	57687	489503	294535	13581	351116	0	1240	43000	0	138387	0	489503	33913	0	145018	0	0	4126	0	87579	206956			0	259184	257944	-10757	880	0	0	0	138387	0	0	
900678																																							10412	2157	24128	0	0	2844	0	32463	304264	251174	3552	258649	0	1467	3923	0	45615	10000	304264	0	0	37358	0	0	0	0	24782	226392			0	233058	231591	-1743	0	0	0	0	45615	0	669	
901134																																							4581	5431	35042	0	0	4628	601	4972	321550	235586	2192	290561	0	2389	47000	0	30989	500	321550	0	0	30208	0	0	700	0	68317	167269			0	268093	265704	-419	591	0	0	5783	30989	0	0	
901358																																							27014	5779	24540	0	2367	3933	0	10118	392856	336674	5226	354306	0	6273	12406	0	38550	970	392856	0	0	9382	0	0	29550	3929	61742	274932			0	318526	312253	-1352	0	0	0	0	38550	0	2923	
901451																																							43746	1794	4699	0	0	38	0	907	77236	63704	559	64263	0	250	0	0	12973	100	77236	0	0	12782	0	0	100	0	16925	46779			0	26302	26052	-9	0	0	0	0	12973	0	0	
901938																																							36390	9831	224766	0	2363	11727	0	43182	933573	796637	11264	807901	0	7883	0	0	125672	750	933573	0	0	142219	0	0	770	2255	205865	590772			0	610942	603059	-18067	0	0	0	0	125672	0	0	
901974																																							38362	2499	4203	231	4300	3671	0	7430	199166	169651	1351	172682	0	1726	1680	0	26484	0	199166	0	0	26677	348	0	0	0	26509	143142			0	133248	131522	-193	6500	0	0	0	26484	0	100	
902645																																							2775	699	0	0	0	49	0	2576	41777	31061	246	37722	0	200	6415	0	4055	100	41777	0	0	3055	0	0	900	0	4431	26630			0	31722	31522	0	0	0	0	0	4055	0	4156	
902672																																							10101	4975	90985	0	0	13920	0	17713	570574	512887	4720	517729	0	5320	122	0	52845	4184	570574	507	0	55681	0	0	269	302	80801	432086			-1361	437391	432071	-5928	0	0	0	0	52845	0	0	
903240																																							2180	3892	66382	0	0	5185	0	5984	282643	242258	1118	257277	0	2029	8961	0	25366	400	282643	0	0	21556	0	0	8000	0	80239	162019			0	201049	199020	-4590	0	0	4940	0	25366	0	0	
903754																																							8573	3851	31937	0	0	1334	0	3259	125285	104039	664	113703	0	704	9000	0	11582	150	125285	0	0	12047	0	0	1600	0	17070	86969			0	76761	76057	-2215	0	0	0	0	11582	274	0	
903950																																							3793	2697	54875	0	0	2338	202	1311	202104	183469	278	185247	0	787	0	0	16857	200	202104	0	0	10299	0	0	6300	464	51757	131712			0	108935	108148	58	0	0	1500	0	16857	0	28276	
904171																																							21485	3780	33838	0	0	9119	15	18440	664150	596890	7712	604602	0	6925	0	0	59548	0	664150	0	0	61172	0	0	0	0	86228	510662			0	584398	577473	-1624	0	0	0	0	59548	0	0	
904359																																							10979	6655	1130	0	634	3906	1497	11054	278184	247372	4698	252070	0	3497	0	0	26114	431	278184	0	0	18211	0	0	7483	0	70495	176877			0	240763	237266	-11	5063	0	0	0	26114	0	0	
904845																																							760	3471	50862	0	0	2861	0	2033	143003	137678	935	138613	0	871	0	0	4390	250	143003	0	0	3319	0	0	10250	0	12165	125513			0	79547	78676	-9429	4340	0	0	0	4390	0	0	
905356																																							44555	5510	36713	0	2341	2924	0	8095	645334	575362	4115	586977	0	6077	7500	0	58357	150	645334	0	0	11437	0	0	46623	0	86634	488728			0	551273	545196	147	0	0	0	0	58357	0	0	
905673																																							1071	3045	42797	0	5479	2821	158	13605	202109	161317	3808	170603	0	1112	5478	0	31506	0	202109	0	0	29469	0	0	3912	0	18898	142419			0	134245	133133	-1875	0	0	0	0	31506	0	0	
906241																																							274	13424	283665	0	0	14103	0	24808	712512	635684	5255	645939	0	7813	5000	0	66573	1150	712512	0	0	64585	5097	0	1150	162	87470	548214			0	378792	370979	-312	0	0	0	0	66573	0	0	
906410																																							4890	1698	34424	0	0	696	0	6063	222879	184377	1549	186661	0	1497	0	0	36218	125	222879	0	0	36729	0	0	800	0	26785	157592			0	171837	170340	-1436	4768	0	0	735	36218	0	0	
907444																																							5565	5381	25159	0	0	5053	0	1627	242449	213603	998	220395	0	2921	5794	0	22054	200	242449	0	0	21743	0	0	200	0	48301	165302			0	201579	198658	-89	135	0	0	0	22054	0	871	
907547																																							19956	14659	144775	0	8857	5723	326	21158	579979	452789	2066	531635	0	4604	12950	0	48344	900	579979	0	0	27968	0	0	34106	0	135806	316983			0	367760	363156	-14630	1369	0	0	63830	48344	0	0	
908450																																							61970	8619	79087	0	0	8573	0	5209	389443	351506	4903	356409	0	2766	0	0	33034	690	389443	0	0	24642	0	0	8210	497	81226	270280			0	223254	220488	-508	5000	0	0	0	33034	0	0	
908553																																							21328	8686	200336	0	11681	14759	0	28959	967999	847472	4153	851625	0	7250	0	0	116374	400	967999	0	0	83537	0	0	39276	5738	126612	720860			0	683762	676512	-6839	0	0	0	0	116374	0	0	
908861																																							150871	27134	47577	0	2711	98930	0	33942	964795	889077	1846	891082	827	6081	159	0	72886	1500	964795	0	0	13450	0	0	59728	0	288020	601057			0	609708	603627	-1792	3	0	0	0	73713	0	0	
909055																																							75472	13159	292765	0	1002	11730	0	28055	914428	807940	4944	837884	0	6910	25000	0	76544	308	914428	0	0	62477	0	0	26051	315	173276	634664			0	494665	487755	-12292	4175	0	0	0	76544	0	0	
909756																																							10291	1711	910	0	0	2502	1127	1068	145502	127546	794	132840	0	1026	3500	0	12662	120	145502	0	0	733	0	0	11900	0	24150	103396			0	126455	125429	-91	0	0	1000	0	12662	0	2464	
910079																																							1336	452	0	0	0	133	0	96	8941	6602	43	6645	0	50	0	0	2296	0	8941	0	0	2296	0	0	0	0	0	6602			0	6765	6715	0	0	0	0	0	2296	126	83	
910118																																							25920	7586	158650	0	101	8793	0	30202	608515	523810	6557	544863	0	6487	14496	0	63652	400	608515	0	0	68055	0	0	350	0	165693	358117			0	382421	375934	-5153	0	0	0	0	63652	0	1329	
910239																																							4983	2398	17727	0	0	2774	0	9590	188701	166700	2877	169577	0	1944	0	0	19124	248	188701	0	0	16348	0	0	4752	0	42062	124638			0	153173	151229	-2224	0	0	0	0	19124	0	0	
911160																																							1809	8833	112709	0	8539	16081	0	23851	723028	588249	3250	654866	0	4002	63367	0	68162	1586	723028	0	0	26664	0	0	53394	0	180378	407871			0	484921	480919	-13482	0	0	0	0	68162	0	70287	
911339																																							737	4259	36874	0	0	2748	0	6588	156407	140725	1408	142133	0	1037	0	0	14274	546	156407	0	0	14738	0	0	1500	0	49982	90743			0	75613	74576	-2510	30625	0	0	0	14274	0	0	
911759																																							2569	2010	0	0	0	85	1002	2557	71365	57705	708	58413	0	526	0	0	12952	200	71365	0	0	11552	0	0	1200	0	15566	42139			0	52476	51950	0	9690	0	0	0	12952	0	1502	
911973																																							211365	34384	0	0	76265	66945	269	107983	4044411	3484698	55214	3634912	0	28575	95000	0	409499	2000	4044411	0	0	407349	0	0	150	112137	304594	3180104			0	3454041	3425466	0	1594	0	0	0	409499	8003	0	
912756																																							1973	662	17407	0	0	184	0	529	46223	41754	134	41963	0	446	0	0	4260	75	46223	0	0	2981	0	0	1925	0	8986	32768			0	25914	25468	-721	0	0	75	0	4260	0	0	
913146																																							11052	7186	95286	0	1629	35038	2252	49177	882596	704207	9485	811692	0	10338	98000	0	70904	13	882596	51	0	34258	0	0	42486	47721	28082	676125			0	643209	632871	-5853	333	0	0	0	70904	0	0	
913436																																							10363	877	0	0	0	2119	0	251	66846	57783	98	57881	0	150	0	0	8965	135	66846	0	0	8621	0	0	215	0	16249	41534			-6	24384	24234	0	189	0	0	0	8965	0	28813	
913753																																							541404	25316	0	0	30484	26625	0	29779	4546406	3965967	16563	4063278	0	21223	0	0	483128	787	4546406	0	0	435040	0	0	47301	410	1219305	2746662			0	2554649	2533426	0	86	0	0	80748	483128	0	1358876	
913856																																							537948	107927	1413500	660	22523	92802	8300	105107	8860281	7840122	68930	8002364	0	73002	30521	0	857917	30000	8860281	0	0	822838	36368	0	67450	9695	1662808	6177314			0	6598453	6525451	-62371	0	0	0	62791	857917	0	0	
914545																																							3981	2796	51944	0	0	1819	0	11592	295690	241312	683	271995	0	2759	30000	0	23695	700	295690	0	0	25242	0	0	2300	131	45064	196248			0	204217	201458	-4547	21754	0	0	0	23695	0	215	
914648																																							171984	55473	274052	0	100012	92609	0	97193	3256725	2804646	29838	2834484	0	28808	0	0	422241	533	3256725	0	0	358548	0	0	67929	4556	613798	2190848			0	2200237	2171429	-4769	0	0	0	0	422241	0	289417	
914853																																							1393	3703	70950	0	474	5552	0	3857	241969	218843	1077	222920	0	1398	3000	0	19049	812	241969	0	0	7335	0	0	17188	0	30575	188268			0	154096	152698	-6286	914	0	0	0	19049	0	2428	
915056																																							5133	1337	24353	0	0	362	0	1100	80169	69994	392	72124	0	681	1000	0	8045	100	80169	0	0	8373	0	0	490	0	17391	52603			0	48565	47884	-918	0	0	0	738	8045	0	0	
915065																																							105306	17070	213795	0	557	6149	0	28781	893251	795261	3143	800678	0	7982	2274	0	92573	5910	893251	0	0	74086	0	0	12750	164	66494	728767			0	529411	521429	-173	0	0	0	0	92573	0	0	
915878																																							430501	24367	450544	0	24714	47723	1975	744243	17487528	10540199	131634	15785376	0	74984	4963543	0	1702152	1	17487528	0	0	1146947	7333	0	593722	14440	184872	10355327			-17334	15816672	15741688	-21184	0	0	150000	0	1702152	0	0	
915935																																							9073	3892	4635	0	0	110	0	968	30606	27138	258	27396	0	150	0	0	3210	296	30606	0	0	2530	0	0	525	0	5404	21734			0	8599	8449	-141	0	0	0	0	3210	0	3479	
916343																																							7681	1523	41284	0	0	211	0	4994	104078	86176	103	86279	0	224	0	0	17799	400	104078	0	0	16822	0	0	1100	0	18484	67692			0	46658	46434	-523	1946	0	0	0	17799	5	0	
916745																																							20988	11770	132908	0	173	16748	927	33419	853370	697506	8080	765592	0	7772	60006	0	87778	9000	853370	0	0	5833	0	0	82721	0	106411	591095			0	541799	534027	-9776	0	0	0	0	87778	0	102410	
916857																																							9788	2834	18861	0	1569	4579	0	8535	241030	213167	2028	215195	0	1901	0	0	25835	413	241030	0	0	14347	0	0	11375	0	74610	138557			0	189442	187541	-300	7095	0	0	0	25835	228	0	
917050																																							6890	10660	17322	0	390	3141	0	7427	409722	365835	4653	370488	0	4480	0	0	39234	250	409722	0	0	25765	0	0	13117	178	56134	309701			0	368061	363581	102	0	0	0	0	39234	133	0	
917500																																							973	2701	83265	0	0	1425	75	2493	202559	173890	1371	175261	0	1342	0	0	27298	300	202559	0	0	29637	0	0	300	0	50603	123287			0	106859	105517	-2939	79	0	0	0	27298	0	6031	
917555																																							135138	3329	22191	0	0	9853	213	20861	906177	790180	4713	822183	0	8579	27290	0	83994	1084	906177	0	0	46652	0	0	37891	0	148758	641422			0	718686	710107	-1633	485	0	0	0	83994	0	4000	
917630																																							18806	1451	21207	0	0	1049	117	1516	118521	93970	799	95520	0	1216	0	0	23001	516	118521	0	0	1159	0	0	22289	0	20397	73573			0	75591	74375	-963	0	0	0	751	23001	0	0	
917742																																							1144123	574698	5397563	0	1203742	381624	28016	1689681	45145405	35635550	431504	40344824	0	378068	3663094	250000	4800581	215	45145405	40570	56812	1578785	212364	0	3229147	72499	6159248	29476302			0	31163614	30785546	-7566	1400	0	260070	47794	4800581	11060	3602519	
917854																																							10990	3510	47730	0	0	818	0	2507	243815	215065	1392	219141	0	1981	1097	0	24674	1420	243815	0	0	22172	0	0	4042	0	35377	179688			0	180136	178155	-2960	105	0	0	1587	24674	0	0	
918132																																							3988	8077	16438	0	0	9022	0	5077	228460	204305	767	205072	0	1379	0	0	23388	300	228460	0	0	22978	0	0	513	0	44262	160043			-26	187183	185804	-377	54	0	0	0	23388	0	0	
918150																																							20873	2843	0	0	0	111	0	4490	137713	115727	1098	116825	0	968	0	0	20888	300	137713	0	0	20188	0	0	400	0	44315	71412			0	59413	58445	0	0	0	0	0	20888	0	50951	
918356																																							0	886	1149	0	1727	747	0	714	63802	52536	615	55401	0	792	2250	0	8401	125	63802	0	0	1125	0	0	7379	0	16341	36195			0	56399	55607	-228	425	0	0	0	8401	0	2547	
918477																																							37051	4424	10920	0	0	12045	0	41084	1014686	876397	12049	925341	0	6284	36000	0	89345	4500	1014686	0	0	83862	0	0	0	0	72362	804035			0	804287	798003	983	0	0	0	895	89345	0	111159	
918655																																							3705	1462	39698	66	0	228	0	881	74175	67378	444	67822	0	297	0	0	6353	1000	74175	0	0	4846	0	0	2600	0	18669	48709			0	27364	27067	-2093	1000	0	0	0	6353	68	0	
918776																																							292	85	819	0	0	142	0	1213	17957	14487	462	15224	0	86	275	0	2733	0	17957	0	0	2711	0	0	0	0	977	13510			0	14094	14008	22	1398	0	0	0	2733	0	0	
918879																																							6181	1355	53514	0	664	9806	0	12989	265372	226394	1048	242442	0	1877	15000	0	22930	1	265372	0	0	19838	0	0	8765	0	35562	190832			0	182740	180863	-5674	0	0	0	0	22930	0	0	
918918	1745494	140092	6264161	0	14579	172812	0	653135	12464657	361216	11134791	0	26101	0	0	1329866	18956	12464657	200785	15260	925475	0	0	361668	0		0	3299612	3273511	23767	0	0	1329866	0	88	3813	0	3813			6264161							10754502					0												2481523	8272979							0	0	0	0		0		
918954																																							20474	1828	58945	0	218	3260	0	11202	381354	330883	3333	350216	0	2548	16000	0	31138	600	381354	0	0	30027	0	0	3700	0	75300	255583			0	255177	252629	-3189	0	0	0	0	31138	98	32700	
919344																																							20905	7862	64094	0	780	5486	0	9726	346115	309881	2325	313977	0	2511	1771	0	32138	240	346115	0	0	19623	0	0	15485	0	71570	238311			0	239773	237262	-3210	0	0	0	0	32138	0	0	
919456																																							5440	1996	36951	0	5731	11191	0	21116	548817	408884	5033	494653	0	4392	80736	0	54164	50	548817	0	0	44200	0	0	8955	228	41424	367460			0	431422	427030	959	32427	0	0	0	54164	0	6707	
919568																																							33	5409	4960	0	0	2810	91	2928	116310	106502	379	106881	0	1591	0	0	9429	300	116310	0	0	6369	0	0	2800	0	42717	63785			0	84438	82847	-40	16253	0	0	0	9429	0	979	
919773																																							7629	1044	7866	0	0	2542	0	4264	151258	102328	419	132247	0	470	29500	0	19011	0	151258	0	0	19984	0	0	0	0	5045	97283			0	128383	127913	-973	0	0	0	0	19011	0	0	
920210																																							33759	3049	90385	0	862	1347	0	7315	260462	237296	1049	238345	0	1327	0	0	22117	280	260462	0	0	25228	0	0	1292	0	59701	177595			0	125072	123745	-4683	0	0	0	0	22117	0	0	
920359																																							11881	3607	14541	0	0	1619	0	1989	132795	113643	519	114973	0	1076	811	0	17822	240	132795	0	0	16365	0	0	2010	0	26125	87518			0	90298	89222	-793	4713	0	0	0	17822	66	5157	
920733																																							1082	6248	48755	0	868	4330	140	3301	246489	208196	1854	224039	0	1933	13989	0	22450	1600	246489	0	0	22131	0	0	3985	0	50795	157401			0	182785	180852	-5266	877	0	0	0	22450	0	36	
920854																																							43919	15198	124343	993	10034	11476	2464	29707	896819	778065	6752	810423	0	6290	25606	0	86396	235	896819	0	0	33366	0	0	62265	0	95671	682394			0	633491	627201	-9470	31484	0	0	0	86396	0	0	
920975																																							41644	13177	1445	77	0	5510	111	10617	403830	352941	1529	364470	0	3539	10000	0	39360	884	403830	0	0	36765	0	0	1851	0	52857	300084			0	334159	330620	-140	629	0	0	0	39360	0	0	
921039																																							9549	9090	137287	0	0	11510	0	23971	853218	720699	4613	740721	0	7601	5000	0	112497	3418	853218	0	0	79534	0	0	30332	4242	209154	511545			0	660991	653390	-787	0	0	0	10409	112497	0	4179	
921178																																							14565	14076	118506	0	27177	26373	0	56229	1509890	1239095	23772	1325408	0	15281	62541	0	184482	1	1509890	0	0	77883	0	0	116603	0	297324	941771			0	1085166	1069885	-10005	0	0	0	0	184482	0	183079	
921655																																							2727	662	22362	0	0	132	0	1479	37126	31903	909	32812	0	275	0	0	4314	150	37126	0	0	3515	0	0	1832	0	10720	21183			0	6300	6025	-1183	3739	0	0	0	4314	0	0	
921879																																							12924	1858	42479	0	66	1902	0	7816	151384	133582	242	133824	0	1244	0	0	17560	0	151384	0	0	20138	0	0	0	0	16321	117261			0	85583	84339	-2578	0	0	0	0	17560	0	0	
921936																																							4419	704	25953	0	0	442	0	1487	67970	60315	182	65829	0	406	4000	0	2141	150	67970	0	0	3394	0	0	1683	0	4632	55683			0	35371	34965	-3086	0	0	0	1332	2141	0	0	
922157																																							56	5767	82812	0	559	4379	0	7542	296614	274707	1404	276111	0	1499	0	0	20503	600	296614	0	0	21269	0	0	6800	0	36190	238517			0	193138	191639	-8166	2768	0	0	0	20503	67	1025	
922344																																							132	7816	155850	0	6044	9390	0	23042	618052	501067	5786	561518	0	3841	25000	0	56534	600	618052	0	0	16840	0	0	39483	0	138906	362161			0	419619	415778	-389	0	0	2947	26718	56534	0	0	
922559																																							49155	2462	119338	67	8470	22485	0	12373	722777	609904	6875	645001	0	6059	28222	0	77776	500	722777	0	0	27016	0	0	56270	0	98197	511707			0	514107	508048	-6010	0	0	0	0	77776	281	98	
922924																																							158585	2464	40379	0	0	1866	0	6402	305926	265111	691	268840	0	1104	0	0	37086	330	305926	0	0	32336	0	0	4670	0	108101	157010			0	97334	96230	-250	0	0	0	3038	37086	0	0	
923257																																							10300	928	0	0	3665	867	0	2973	86850	73761	489	74250	0	885	0	0	12600	12375	86850	0	0	225	0	0	0	0	5178	68583			0	67234	66349	0	0	0	0	0	12600	0	1768	
923350																																							493	1647	24802	0	0	309	0	2907	61587	57328	406	57734	0	448	0	0	3853	50	61587	0	0	5169	0	0	1264	0	14998	42330			0	31527	31079	-2630	282	0	0	0	3853	68	0	
923707																																							68385	9296	191050	0	0	39080	0	77291	1801657	1539298	29459	1573511	0	15634	4754	0	228146	1	1801657	0	0	234378	0	0	0	0	212386	1326912			0	1432183	1416549	-6233	6	0	0	0	228146	0	0	
923752																																							143417	33200	470023	16783	28915	56097	294	81043	2459535	2146765	37513	2245878	0	19496	5400	0	213657	1080	2459535	0	0	119328	0	0	120483	3392	372135	1774630			0	1641309	1621813	-27234	4558	0	0	56200	213657	0	0	
923855																																							6849	2987	36678	0	745	663	0	952	125323	107938	495	110002	0	836	133	0	15321	100	125323	0	0	7030	0	0	8880	0	19752	88186			0	68085	67249	-689	9200	0	0	1436	15321	0	0	
923949																																							15519	1044	19952	0	0	996	0	486	69434	61882	280	62162	0	625	0	0	7272	50	69434	0	0	5973	0	0	1660	0	12750	49132			0	32062	31437	-411	0	0	0	0	7272	0	0	
924058																																							2487	3652	128235	0	321	5193	0	9897	294976	270728	978	271706	0	2288	0	0	23270	300	294976	0	0	31882	0	0	800	755	90369	180359			0	146724	144436	-9712	0	0	0	0	23270	0	0	
924236																																							63770	6777	309774	0	8873	10243	2924	35343	949765	852409	6218	858847	0	4576	220	0	90918	740	949765	0	0	22382	0	0	83901	0	143136	709273			0	501003	496427	-16105	15002	0	0	0	90918	0	632	
924254																																							7954	832	17690	0	73	406	0	2104	88056	80303	171	80474	0	890	0	0	7582	250	88056	0	0	6578	0	0	2936	0	23748	56555			0	59887	58997	-2182	0	0	0	0	7582	0	0	
924357																																							14907	3548	72467	0	110	1559	0	4836	283873	253773	841	254614	0	1822	0	0	29259	1000	283873	0	0	28234	0	0	1000	0	79053	174720			0	183375	181553	-975	3500	0	0	0	29259	0	1393	
924553																																							1738	342	49274	0	0	74	0	1995	75295	50271	502	55946	0	244	4400	0	19349	50	75295	0	0	18511	0	0	2700	0	4361	45910			0	22116	21872	-1912	0	0	773	0	19349	0	0	
924937																																							18862	2190	106088	0	7390	4777	0	15402	404883	358186	3261	370407	0	2524	8960	0	34476	300	404883	0	0	15293	0	0	26535	190	68167	290019			0	252508	249984	-7652	0	0	0	0	34476	0	0	
925037																																							342551	33054	111721	309	7921	28594	0	28424	2516959	2256715	17020	2275262	0	19888	1527	0	241697	150	2516959	0	0	143017	0	0	103103	4839	267316	1989399			0	1979169	1959281	-4573	0	0	0	0	241697	265	0	
925055																																							4807	1426	61733	0	0	1474	0	8183	251714	194541	560	228614	0	1390	33513	0	23100	500	251714	0	0	19452	0	0	7500	0	75493	119048			0	158575	157185	-4352	6553	0	0	0	23100	0	10353	
925354																																							37955	3537	12506	0	529	13203	851	13678	284690	251926	4651	256577	0	2452	0	0	28113	400	284690	0	0	9246	0	0	19000	0	43845	208081			0	203582	201130	-533	0	0	0	0	28113	0	1301	
925411																																							3674993	11369	0	0	0	20861	0	65688	3773287	3167170	55842	3223012	0	0	0	0	550275	56000	3773287	0	0	350275	0	0	144000	376	991781	2175389			0	0	0	0	0	0	0	0	550275	0	0	
925653																																							102117	7877	4427	0	257	4734	0	5111	525992	420209	1137	457238	0	5703	35892	0	68754	200	525992	0	0	40850	0	0	27705	0	113766	306443			0	406972	401269	-1	200	0	0	0	68754	0	0	
926632																																							2167	2452	46870	0	0	3138	0	7809	318796	280791	4880	293736	0	3025	8065	0	25060	410	318796	0	0	23287	0	0	3350	0	60077	220714			0	256847	253822	-1987	0	0	0	0	25060	0	2538	
926650																																							11444	159	0	0	0	265	38	1180	57594	45057	364	45421	0	696	0	0	12173	250	57594	0	0	11273	0	0	650	0	7067	37990			0	29021	28325	0	0	0	0	0	12173	0	16183	
926959																																							1036	1634	135860	2	0	4289	1078	5794	318093	245196	625	291581	0	2050	0	0	26512	220	318093	0	0	17771	0	0	11780	0	46654	198542			0	139205	137155	-3259	28500	0	0	45760	26512	0	2745	
927077																																							17892	496	5374	0	0	734	0	1428	114466	88129	872	99001	0	929	10000	0	15465	0	114466	0	0	15531	0	0	0	0	4072	84057			0	87880	86951	-66	0	0	0	0	15465	0	1591	
927134																																							3801	3057	190604	0	9647	3972	0	18848	483924	376397	1358	455438	0	2207	77683	0	28486	380	483924	0	0	3948	0	0	49100	0	59163	317234			0	249013	246806	-24942	7189	0	0	0	28486	0	0	
927479																																							24054	11544	158065	0	108	4399	0	56261	902534	658814	15310	772236	0	2530	98112	0	130298	3000	902534	0	0	91306	0	0	42259	0	34544	624270			-4219	650633	648103	-2048	0	0	0	0	130298	0	0	
928056																																							1458	18265	231992	0	15383	5088	29	20475	1022737	823293	4042	895549	0	9104	43138	0	127188	300	1022737	0	0	94451	0	0	38996	0	32039	791254			0	707857	698753	-6559	432	0	0	25076	127188	30862	0	
928421																																							59821	20096	458111	0	26100	48479	1316	70026	2744329	2354756	26793	2429391	595	39677	47842	0	314343	2783	2744329	0	0	224652	0	0	98378	38382	552643	1802113			0	2055583	2015906	-11470	0	0	0	0	314938	6092	0	
928618																																							39368	11370	172441	0	13667	17374	0	96244	1449813	1249609	11635	1308361	0	13128	47117	0	141452	2642	1449813	7253	0	76456	0	0	69384	241	159218	1090391			0	1032727	1019599	-7030	0	0	0	0	141452	0	72256	
929352																																							923019	81361	211436	6840	216216	390065	1043	257591	14443599	12375717	247830	13031006	0	129651	374973	0	1412593	600	14443599	0	0	965406	0	0	450622	311770	2165951	10209766			0	12173519	12043868	-4035	0	0	0	32486	1412593	134	256	
929932																																							46928	13158	218466	0	0	32633	0	17868	762333	695320	4346	699666	0	7078	0	0	62667	538	762333	0	0	56743	0	0	11212	0	124303	571017			0	438682	431604	-5826	1676	0	0	0	62667	0	0	
929978																																							114558	27279	391448	0	84040	48995	1929	100195	3481948	2980611	25818	3009453	0	33142	3024	0	472495	0	3481948	0	0	396127	0	0	94167	1558	800756	2179855			0	2744023	2710881	-17799	0	0	0	0	472495	0	1065	
930358																																							338463	4643	79227	0	0	6733	2642	36984	1306031	662653	17875	1165438	0	13328	40000	0	140593	3015	1306031	1388	0	63564	0	0	77845	0	354723	307930			0	793494	780166	-3831	38891	0	444910	0	140593	4894	12000	
930442																																							71684	21242	161977	0	27569	10395	95	37651	1170761	1000722	9035	1037163	0	9353	19500	0	133598	1250	1170761	0	0	94156	0	0	45904	0	195322	805400			0	844948	835595	-7712	0	0	0	7906	133598	0	4553	
930853																																							39241	5136	58987	0	0	7660	860	4738	328148	292123	1015	293138	0	2563	0	0	35010	340	328148	0	0	24664	0	0	11819	0	65386	226737			0	214089	211526	-1813	0	0	0	0	35010	0	0	
930965																																							1629939	90083	958873	0	7725	11322	0	260582	7675698	6565276	101925	6782201	0	56065	115000	0	893497	1030786	7675698	0	0	-220259	0	0	78691	1502954	599710	5965566			0	3164525	3108460	4279	0	0	0	0	893497	10358	95402	
931038																																							34474	10231	308477	0	11179	15366	0	58658	1423224	1041868	8712	1275580	0	11418	225000	0	147644	1200	1423224	0	0	123284	0	0	36576	1596	160747	881121			0	993187	981769	-13416	0	0	0	0	147644	0	1474	
931047																																							39013	3265	8763	593	0	2546	0	10193	263755	230458	1290	231748	0	3917	0	0	32007	27	263755	0	0	29839	0	0	2523	0	47445	183013			0	203299	199382	-382	0	0	0	0	32007	0	0	
931159																																							0	4069	43529	0	0	17	0	1198	116970	108508	359	108867	0	414	0	0	8103	50	116970	0	0	7353	0	0	3950	0	27848	80660			0	46159	45745	-3250	17576	4836	0	0	8103	0	0	
931207																																							0	2007	7341	0	0	0	0	6875	16223	0	8701	8701	0	0	0	0	7522	499	16223	0	0	0	0	0	7005	0	0	0			0	0	0	18	0	0	0	0	7522	0	0	
931270																																							19462	4212	11905	0	0	134	0	504	88121	61346	1573	62919	0	458	0	0	25202	0	88121	0	0	23677	0	0	0	0	6101	55245			0	47005	46547	1525	0	0	0	0	25202	5357	0	
931355																																							11191	2051	21981	0	0	140	0	1062	116572	98466	509	98975	0	1473	0	0	17597	156	116572	0	0	9904	0	0	7844	0	16094	82372			0	81620	80147	-307	0	0	0	0	17597	0	0	
931458																																							1748	314	1438	0	0	155	0	776	62961	53836	86	54153	0	297	231	0	8808	9068	62961	0	0	-259	0	0	0	0	2420	51416			0	34064	33767	-1	24763	0	0	0	8808	0	0	
931944																																							4862	1796	63967	0	772	2839	0	3317	195126	163061	873	174295	0	1447	10361	0	20831	300	195126	0	0	12632	0	0	10350	0	39455	123606			0	118546	117099	-2451	474	0	0	0	20831	0	0	
932642																																							250	1997	30217	0	0	2743	0	1358	116176	96868	255	97123	0	807	0	0	19053	100	116176	0	0	19460	0	0	500	0	23074	73794			0	71888	71081	-1007	6875	0	0	0	19053	0	1655	
932745																																							4523	6887	40110	18	0	16670	0	9727	403404	352567	2171	362599	0	3881	7861	0	40805	1500	403404	0	0	19122	0	0	20500	0	138291	214276			0	329350	325469	-317	0	0	0	0	40805	0	0	
932978																																							465240	31369	460892	0	15604	32555	409	69441	5717259	4744354	119388	5121536	0	77364	165000	0	595723	3105	5717259	0	0	505195	0	0	117157	410918	1341973	3402381			0	4306050	4228686	-29734	0	0	0	92794	595723	2145	0	
933023																																							317980	37851	220358	0	98130	90691	113	191004	6251146	5556767	46100	5602867	0	58836	0	0	648279	5037	6251146	0	0	207030	0	0	440805	32540	1610622	3946145			0	4900302	4841466	-4593	0	0	0	0	648279	6186	414827	
933041																																							19118	6157	297407	0	0	12113	37	61954	901844	617811	7247	777746	0	15676	126822	0	124098	300	901844	0	0	132589	0	0	2700	319	92865	524946			0	515197	499521	-11491	0	0	0	25866	124098	0	5218	
933256																																							29502	37690	514095	0	125388	72014	297	169894	5211720	4241217	100221	4650238	0	61915	250000	0	561482	4100	5211720	0	0	275950	0	0	283588	21934	857110	3384107			0	4048022	3986107	-2156	0	0	58800	0	561482	351	254448	
933340																																							70154	2459	0	0	0	1477	159	8426	388565	308679	999	344678	0	6041	35000	0	43887	220	388565	0	0	41567	0	0	2100	0	41353	267326			0	311931	305890	0	0	0	0	0	43887	0	0	
933377																																							12719	15620	178889	0	42982	18769	0	75752	1378852	1154353	21278	1217759	0	25740	42128	0	161093	1	1378852	0	0	79853	0	55000	26050	1613	221879	932474			0	1043350	1017610	189	0	0	0	0	161093	0	14898	
933621																																							235630	52688	1615954	0	78980	154021	2689	440594	7900774	6410806	112300	6977264	0	67823	454158	0	923510	7703	7900774	0	0	488613	0	0	486154	365	1343245	5067561			0	5387676	5319853	-58960	0	0	0	0	923510	0	0	
933966																																							281942	107511	2681378	0	771596	81134	163	801697	15634835	12127912	245354	13363867	0	77161	500000	0	2270968	1027583	15634835	1692	0	1234077	0	0	236962	0	6801029	5326883			0	8699193	8622032	-227654	0	0	0	490601	2270968	15299	2270391	
933975																																							234103	15406	168801	39671	8905	49394	0	108975	3575203	2862457	53287	3127731	0	36758	95000	0	447472	3656	3575203	0	0	333488	0	0	117706	16770	771777	2090680			0	2866979	2830221	-7378	565	0	0	116987	447472	7427	94965	
934271																																							12766	28733	1275	0	1039	8829	0	133903	899183	566906	177104	744010	0	791	0	0	155173	10	899183	0	0	92927	0	0	62283	0	566906	0			0	271082	270291	-47	0	0	0	0	155173	0	442347	
934329	7290000	126000	94000	0	1702000	110000	2000	784000	31329000	305000	27833000	0	21000	600000	200000	3496000	167000	31329000	0	0	1447000	0	0	1890000	0		0	18795000	18774000	-8000	2447000	0	3496000	0	0													26728000																	1169000	25559000							0		0					
934673																																							14229	3043	21848	0	0	16820	0	17193	431245	295182	7241	349875	0	2899	47452	0	81370	0	431245	0	0	56266	0	0	29541	0	38186	256996			-2417	361011	358112	-2020	0	0	0	0	81370	0	0	
935250																																							100314	12684	115115	0	0	14896	0	16966	883136	740136	6810	802770	0	10524	27500	0	80366	1425	883136	0	0	64341	0	0	15905	0	216617	523519			0	625004	614480	-1305	30	0	0	28324	80366	0	8651	
935308																																							175268	1554	141713	0	1	10916	0	23859	761724	516958	5071	699029	0	1601	177000	0	62695	52	761724	0	0	-5538	0	19732	56754	0	71451	445507			0	403177	401576	-8305	0	0	0	0	62695	6837	0	
935559																																							7081	5479	99803	0	0	9762	1112	3936	403664	362565	2612	366280	0	2797	0	0	37384	317	403664	0	0	27138	0	0	14683	175	99278	263287			0	279113	276316	-4754	0	0	0	1103	37384	0	0	
935577																																							3989	895	25467	135	55	6612	34	9481	227490	172229	2194	209918	0	1935	35495	0	17572	212	227490	0	0	976	0	0	17994	0	21538	150691			-821	174265	172330	-789	8492	0	0	0	17572	0	0	
935719																																							18040	1699	84624	0	255	3088	0	9385	272994	253046	701	253747	0	1940	0	0	19247	1000	272994	0	0	25541	0	0	1930	0	51031	202015			0	154111	152171	-9224	3732	0	0	0	19247	0	0	
936136																																							72360	51665	1089776	54	162347	94937	1427	243652	6899693	5661376	79774	5994744	0	72301	229825	0	904949	2160	6899693	0	0	245405	0	0	688439	3645	1804424	3856952			0	5252131	5179830	-31055	0	0	0	23769	904949	0	0	
936426																																							105173	57142	986277	29	380709	81867	0	223418	9864607	7970793	191363	8402972	0	93178	215816	25000	1461635	1513	9864607	14212	0	797396	35782	0	704433	1010	2165800	5804993			0	8071957	7978779	-41707	0	0	0	0	1461635	209	0	
936462																																							836309	193674	3996753	0	1141628	225971	4990	486294	22367624	19035000	255961	19305036	0	153319	0	0	3062588	0	22367624	53489	14075	458660	43260	0	2600446	5967	6750612	12284388			0	14180409	14027090	3482	0	0	0	0	3062588	15567	1336632	
936583																																							322222	5978	543423	0	2234	29155	0	71777	2175262	1816045	20649	1836694	0	6623	0	0	338568	0	2175262	0	0	363634	0	0	0	335	162660	1653385			0	1205814	1199191	-25066	0	0	0	0	338568	0	947	
936640																																							739	3618	53676	0	2863	7408	525	4484	290870	246685	2120	258275	0	1787	9470	0	32595	80	290870	0	0	26352	0	0	7134	0	26344	220341			0	212974	211187	-971	6370	0	0	0	32595	0	0	
936837																																							29556	5192	22810	0	2225	4456	0	2403	274493	241908	921	246570	0	2384	0	0	27923	300	274493	0	0	28575	0	0	600	0	31776	210132			0	209668	207284	-1552	567	0	0	3741	27923	0	0	
936855	6910535	958527	13709124	0	2286705	382421	4800	2863976	72780016	870061	65252430	0	419478	0	0	7527586	21250	72780016	19493	0	3549850	0	0	4222577	2030		0	38779408	38359930	-266091	1548093	3292805	7527586	11839	5722543	0	0	0			13709124							61057431					0					19493	0						17540146	43517285							0	1548093	32133	3292805		11839		
937339																																							2000	5545	96791	0	1839	1690	0	6981	323043	282111	2326	286837	0	2440	2400	0	36206	300	323043	0	0	30636	0	0	7478	0	53184	228927			0	187789	185349	-2208	22647	0	0	0	36206	201	0	
937553																																							17713	3440	39241	0	0	668	0	4128	167549	148378	1132	150541	0	1079	1031	0	17008	150	167549	0	0	18878	0	0	325	0	30852	117526			0	95737	94658	-2345	7701	0	0	0	17008	0	0	
937740																																							87519	17297	228927	0	1057	21856	0	33289	1034482	953737	10709	964446	0	5964	0	0	70036	600	1034482	0	0	63831	0	0	23850	617	196640	757097			0	636219	630255	-18245	7594	0	0	0	70036	0	6071	
937759																																							10737	2959	42595	0	0	1116	0	4036	139279	120212	1208	121420	0	774	0	0	17859	400	139279	0	0	17174	0	0	1000	0	28403	91809			0	78530	77756	-715	80	0	0	0	17859	0	0	
937834																																							8165	791	5040	0	0	2571	0	11302	90406	76343	2627	82970	0	705	4000	0	7436	100	90406	0	0	-1771	0	0	10296	0	24035	52308			0	63242	62537	-1189	0	0	0	0	7436	0	0	
937843																																							751	1672	45909	0	0	700	0	1776	118919	109222	181	109403	0	984	0	0	9516	385	118919	0	0	609	0	0	12115	2164	24480	84742			0	53377	52393	-3593	13554	0	0	0	9516	0	0	
938354																																							1500	860	0	0	0	0	0	300	36278	22812	50	22862	0	396	0	0	13416	100	36278	0	0	13157	0	0	159	0	7179	15633			0	10324	9928	0	1200	0	0	0	13416	0	22490	
938550																																							4764	2549	9114	0	0	816	163	1371	111369	100495	234	100729	0	1063	0	0	10640	415	111369	0	0	8698	0	0	1585	0	24087	76408			0	93655	92592	-58	0	0	0	0	10640	0	0	
938859																																							154521	17639	53661	2600	0	4950	59	29478	944404	824273	9545	833818	0	9649	0	0	110586	100	944404	0	0	107089	0	0	4800	0	230345	593928			0	691145	681496	-1403	0	0	0	0	110586	0	0	
939249																																							23054	34874	460965	0	66788	20544	8143	89714	2520177	2125580	15643	2262420	0	18654	84134	0	257757	200	2520177	0	0	101568	0	0	170172	215	345423	1780157			0	1806400	1787746	-14183	0	0	22246	14817	257757	381	27753	
940021																																							11999	2185	15268	0	0	966	0	3236	105303	91107	1238	92345	0	749	0	0	12958	240	105303	0	0	12835	0	0	250	0	28768	62339			0	67237	66488	-367	4483	0	0	0	12958	678	0	
940311	3599000	350000	19000000	7000	525000	712000	42000	1277000	59766000	1104000	55988000	0	718000	65000	0	3778000	8000	59766000	6000	0	3454000	0	0	1359000	10000		0	27518000	26800000	-1043000	0	19000	3778000	1000	7437000	446000	126000	320000			19000000							54354000					64000					6000	0						13963000	40391000							0	0	0	19000		1000		
940674																																							2765	2156	34582	0	636	3866	2131	10684	247421	198666	2643	228215	0	1424	24203	0	19206	165	247421	0	0	11298	0	0	9484	0	37320	161346			0	192025	190601	-1741	0	0	2703	0	19206	0	0	
940731																																							8614	1293	69171	0	162	2682	0	17465	325077	227081	1894	288393	0	2450	45000	0	36684	4571	325077	0	0	29857	0	0	4788	0	33376	193705			0	228140	225690	-2532	0	0	0	14418	36684	0	0	
940852																																							189	1239	15643	0	0	510	0	3484	72205	61314	183	65912	0	343	4000	0	6293	125	72205	0	0	4792	0	0	2675	0	22564	38750			0	51417	51074	-1299	0	0	415	0	6293	66	0	
941541																																							3003	725	24359	0	0	4192	0	4156	125897	103899	924	114823	0	1003	10000	0	11074	100	125897	0	0	9061	0	0	2175	0	25460	78439			0	90441	89438	-262	0	0	0	0	11074	24	0	
941804																																							10032	1012	45770	0	0	2283	0	4712	246327	220545	905	226450	0	1876	5000	0	19877	56	246327	0	0	21523	0	0	0	0	68135	152410			0	184394	182518	-1702	0	0	0	0	19877	0	0	
942454																																							12292	1911	93371	205	0	858	0	7255	169063	136671	4888	141559	0	1245	0	0	27504	50	169063	0	0	26840	0	0	200	0	41821	94850			0	46922	45677	414	7494	0	0	0	27504	0	0	
942539																																							2960	2621	26541	0	343	2712	250	9909	312033	274940	5562	280502	0	2514	0	0	31531	240	312033	0	0	28273	0	0	4865	0	35347	239593			0	224094	221580	-1847	45117	0	0	0	31531	0	0	
942847																																							0	5570	19048	0	0	3722	641	2938	245139	219860	518	220378	0	2109	0	0	24761	250	245139	0	0	18127	0	0	7547	0	28571	191289			0	213954	211845	-1163	1375	0	0	0	24761	0	0	
943143																																							7664	306	11738	23	3511	634	0	1968	63347	53184	246	53430	0	510	0	0	9917	650	63347	0	0	3802	0	0	6500	0	13121	40063			0	38013	37503	-1035	0	0	0	0	9917	0	0	
943152																																							1362	687	20152	0	0	276	0	2605	39646	37124	125	37249	0	155	0	0	2397	42	39646	0	0	1960	0	0	1708	0	7800	29324			0	11342	11187	-1313	2800	0	0	0	2397	0	577	
943273																																							2700	1166	1582	0	0	2642	0	3030	107554	77483	429	97928	0	809	20016	0	9626	0	107554	0	0	9548	0	0	0	0	11979	65504			0	97032	96223	78	0	0	0	0	9626	0	211	
943675																																							34153	9848	73878	0	7	21361	0	20054	872515	766142	4439	803581	0	6969	33000	0	68934	350	872515	0	0	66689	0	0	7919	0	53889	712253			-1280	709757	702788	-4744	625	0	0	0	68934	176	9625	
943974																																							17001	1653	46698	0	0	1016	0	9730	271878	247472	1209	253681	0	1533	5000	0	18197	251	271878	0	0	23289	0	0	2659	0	61122	186350			0	197313	195780	-8002	0	0	0	0	18197	0	0	
944047																																							39095	6172	36922	0	1170	7265	0	12359	483356	427004	3937	430941	0	4667	0	0	52415	100	483356	0	0	45001	0	0	7300	173	99875	327129			0	342918	338251	14	0	0	0	0	52415	0	41949	
944337																																							20435	3762	90013	0	0	2647	0	12192	363772	321000	2153	323153	0	2327	0	0	40619	2288	363772	0	0	39231	0	0	9463	409	81365	239635			0	200653	198326	-10363	1975	0	0	0	40619	0	34013	
944355																																							16643	5563	79097	1265	809	3969	761	19069	462466	380703	6735	391738	0	24637	4300	0	70728	2094	462466	0	0	56254	0	9278	7212	0	55113	325590			0	358398	333761	-4110	0	0	0	0	70728	132	1397	
944627																																							8041	3082	193873	0	0	9144	0	22099	786337	638679	9543	720222	0	6084	72000	0	66115	2290	786337	0	0	51271	0	0	19831	1081	151529	487150			0	555101	549017	-7277	0	0	0	0	66115	0	0	
944739																																							24070	6611	221537	0	0	1001	0	15853	448306	377876	1508	430333	0	1018	49500	0	17973	800	448306	0	0	33416	0	0	9200	0	56521	321355			0	172410	171392	-25443	6200	0	0	1449	17973	352	1290	
944748																																							2190	931	29744	0	0	257	760	1145	75769	65758	356	66114	0	1093	0	0	9655	200	75769	0	0	9528	0	0	800	0	13741	52017			0	41835	40742	-873	0	0	0	0	9655	0	0	
944935																																							5288	555	15028	0	0	351	0	1459	62400	53859	334	54193	0	492	0	0	8207	1200	62400	0	0	7640	0	0	400	0	6090	47769			0	40211	39719	-1033	0	0	0	0	8207	0	0	
945026																																							1861	3859	155781	0	0	2915	0	28794	362357	305506	2690	325732	0	804	17536	0	36625	1200	362357	0	0	51900	0	0	3391	0	150539	154967			0	169951	169147	-19866	0	0	0	0	36625	0	0	
945053																																							311689	53268	1230968	0	79262	110880	680	39015	4055412	3565699	25895	3591594	0	25934	0	0	463818	1000	4055412	0	0	253364	0	0	226948	1772	925569	2640130			0	2249594	2223660	-17494	4218	0	0	0	463818	0	0	
945071																																							10129	3527	75907	0	0	9647	0	15780	393078	323507	4734	328241	0	2900	0	0	64837	0	393078	0	0	68997	0	0	0	0	76141	247366			0	280988	278088	-4160	0	0	0	0	64837	0	0	
945950																																							1588	1005	27616	0	0	1014	0	934	122930	112791	420	113211	0	792	0	0	9719	200	122930	0	0	2490	0	0	7300	0	54611	58180			0	82963	82171	-271	0	0	0	0	9719	0	8602	
946274																																							31080	942	6152	0	1336	4523	0	12606	285643	246645	1357	258002	0	2133	10000	0	27641	0	285643	0	0	28128	0	0	0	1302	49651	196994			0	229835	227702	-487	0	0	0	0	27641	0	0	
946555																																							30968	2618	99276	0	0	10526	0	13164	319352	286238	1051	289289	0	3700	2000	0	30063	1150	319352	0	0	36256	0	0	843	0	88378	197860			0	165627	161927	-8186	873	0	0	0	30063	0	0	
947525																																							8758	3787	81165	0	366	4925	41	11002	417378	379995	1590	391812	0	3041	0	0	25566	123	417378	0	0	32066	0	0	1238	0	71945	308050			0	309891	306850	-7861	0	0	0	10227	25566	0	484	
947749																																							4122	4868	50054	0	1575	10677	0	21318	776253	689861	8591	713452	0	10115	15000	0	62801	120	776253	0	0	61560	0	0	5080	1717	174327	515534			0	618143	608028	-3959	73894	0	0	0	62801	0	0	
947776																																							20311	2605	47772	0	265	8235	0	11270	321998	298687	2289	300976	0	1514	0	0	21022	1	321998	0	0	1064	0	0	25310	0	63150	235537			0	233054	231540	-5353	0	0	0	0	21022	0	0	
948250																																							18948	6018	58870	193	0	2382	0	1587	250886	229529	943	230601	0	1887	0	0	20285	500	250886	0	0	26169	0	0	915	0	45431	184098			0	164775	162888	-7299	0	0	0	129	20285	0	0	
948278																																							39380	1904	0	0	0	3286	0	6986	188457	171635	664	172299	0	413	0	0	16158	0	188457	0	0	16158	0	0	0	0	19169	152466			0	113347	112934	0	1253	0	0	0	16158	0	22714	
948531																																							24722	3216	25009	0	0	7961	577	7624	313019	282638	2363	285001	0	4670	0	0	28018	25	313019	0	0	25034	0	0	3000	0	43612	239026			0	248580	243910	-41	0	0	0	0	28018	0	0	
949154																																							284673	87006	432211	425	20060	50478	713	126164	4380098	3790159	32007	3847166	0	40992	25000	0	532932	2000	4380098	0	0	498410	0	0	55750	203	993350	2796809			0	3418291	3377299	-23228	0	0	0	0	532932	866	0	
950141																																							84632	11411	136912	0	271	34364	244	7494	927265	826903	4584	831487	0	7676	0	0	95778	300	927265	0	0	48078	0	0	47694	2992	11384	815519			0	655621	647945	-294	0	0	0	0	95778	0	1000	
950178																																							17370	2548	118682	0	1681	15951	925	69018	975927	664673	13166	871582	0	10859	193743	0	104345	0	975927	0	0	110068	0	0	0	1518	60835	603838			0	748189	737330	-5723	0	0	0	0	104345	523	10381	
950356																																							6921	1566	42404	0	0	1488	0	5807	151305	136180	966	137146	0	1808	0	0	14159	750	151305	0	0	3469	0	0	13259	50	52653	83527			0	94877	93069	-3319	0	0	0	0	14159	0	0	
950758																																							25699	2516	42017	0	1302	5280	0	3356	261551	236483	822	237305	0	2589	0	0	24246	120	261551	0	0	9874	0	0	14880	0	46200	190283			0	183970	181381	-628	0	0	0	0	24246	0	0	
951102																																							25702	5186	62915	0	1255	5274	0	26287	753682	652143	8870	682013	0	4271	21000	0	71669	1	753682	0	0	74926	0	0	0	0	132518	519625			0	627334	623063	-3258	0	0	0	0	71669	0	4000	
952172																																							90799	4121	34317	2885	0	5062	0	40241	1605360	1144175	16419	1451606	0	10255	291012	0	153754	0	1605360	0	0	97081	0	0	63441	357	81614	1062561			-5872	1382069	1371814	-896	0	0	0	0	153754	0	55764	
952257																																							7779	1995	39859	0	0	92	108	2752	101336	86524	337	86861	0	659	0	0	14475	150	101336	0	0	15636	0	0	1650	0	17642	68882			0	49410	48751	-2961	0	0	0	0	14475	0	0	
952846																																							18050	25013	15240	0	4404	6865	0	5167	209440	183531	1898	189317	0	1980	3888	0	20123	100	209440	0	0	9051	0	0	10732	0	33582	149949			0	136516	134536	240	0	0	0	0	20123	165	0	
953535																																							50642	2279	83320	0	11077	12097	0	32370	839333	699944	16726	756508	0	9651	39300	0	82825	580	839333	0	0	34063	0	8100	40946	23545	101087	598857			0	631804	622153	-864	1850	0	0	538	82825	0	0	
953843																																							10823	2343	43950	0	3348	1820	0	4127	376067	315623	1962	337585	0	3772	20000	0	38482	405	376067	0	0	22956	0	0	17420	0	68329	247294			0	313118	309346	-2299	310	0	0	0	38482	0	0	
953852																																							19471	3473	86640	0	1108	5985	32	6910	248889	227206	1216	228422	0	1105	0	0	20467	225	248889	0	0	14746	0	0	8250	0	67120	160086			0	126342	125237	-2754	33	0	0	0	20467	0	0	
954158																																							2455	6611	29222	0	1473	619	0	3056	118925	105904	324	106228	0	474	0	0	12697	150	118925	0	0	8753	0	0	6400	0	25362	80542			0	54099	53625	-2606	16000	0	0	0	12697	68	5796	
954251																																							13696	4204	22285	0	0	1842	0	6945	243459	214123	3051	217174	0	2507	0	0	26285	240	243459	0	0	25006	0	0	1260	0	68859	145264			0	192479	189972	-221	4515	0	0	0	26285	0	0	
954279																																							55610	2442	92337	0	312	8109	0	16206	882775	715062	3998	814360	0	6888	95300	0	68415	0	882775	0	0	80391	0	0	0	635	93710	621352			0	711924	705036	-11976	0	0	0	0	68415	2088	0	
954653																																							2022	2155	6479	0	0	565	0	981	63133	51409	142	51551	0	1189	0	0	11582	676	63133	0	0	5769	0	0	5691	0	17749	33660			0	52120	50931	-554	0	0	0	0	11582	0	0	
954671																																							24008	5155	92639	0	0	8925	82	9651	294776	249819	865	264184	0	2059	13500	0	30592	330	294776	0	0	25422	0	0	6611	0	70999	178820			0	156375	154316	-1771	0	0	0	0	30592	0	0	
955753																																							755	2114	22639	0	0	578	0	8150	137652	122000	550	124163	0	1340	1000	0	13489	520	137652	0	0	11663	0	0	3600	0	28331	93669			0	104482	103142	-2294	0	0	613	0	13489	274	0	
955940																																							13151	3862	41381	0	0	7350	0	3665	321108	286616	1857	292723	0	2607	4250	0	28385	400	321108	0	0	28776	0	0	836	0	60160	226456			0	246084	243477	-1627	5930	0	0	0	28385	0	2292	
955959																																							16486	6672	158445	0	0	5353	0	18226	443958	395213	5131	405407	0	3252	0	0	38551	75	443958	0	0	32688	0	0	13723	0	40752	354461			0	228847	225595	-7935	0	0	0	5063	38551	0	13181	
955977																																							30494	3208	102135	0	6052	10721	0	33232	893884	762797	12693	775490	0	9734	0	0	118394	1	893884	0	0	37033	0	0	84734	0	165832	596965			0	712492	702758	-3374	1055	0	0	0	118394	0	4229	
956134																																							3159	2235	83651	0	124	1874	0	4454	182616	151564	579	171349	0	1061	7150	0	11267	600	182616	0	0	13627	0	0	2636	0	18551	133013			0	88180	87119	-5596	0	0	0	12056	11267	0	0	
956152																																							7702	3117	55775	0	0	904	0	3183	150137	137873	280	139053	0	937	900	0	11084	100	150137	0	0	13774	0	0	1398	0	32791	105082			0	80393	79456	-4188	0	0	0	0	11084	0	0	
956255																																							3110	5346	121807	0	0	4284	0	17594	317669	279596	2963	294754	0	2900	2430	0	22915	1100	317669	0	0	30476	0	0	1020	271	59115	220481			0	167418	164518	-9681	739	0	0	9765	22915	0	0	
956358																																							13680	5443	27069	0	656	3918	560	4390	155050	143969	307	144276	0	999	0	0	10774	50	155050	0	0	4012	0	0	8329	0	41717	102252			0	100333	99334	-1617	0	0	0	0	10774	0	0	
956376																																							55774	1144	58760	0	0	2392	0	6598	245000	218996	935	221686	0	677	1755	0	23314	0	245000	0	0	24753	0	0	0	0	36356	182640			0	121009	120332	-1439	0	0	0	0	23314	0	0	
956527																																							27078	2783	25669	0	0	68	0	7166	181255	152212	1928	154140	0	3925	0	0	27115	1000	181255	0	0	26051	0	0	1144	0	30578	121634			-180	114094	110169	-900	0	0	0	0	27115	0	8322	
956554																																							16377	1285	18552	0	0	786	0	390	107717	83191	162	83353	0	1000	0	0	24364	325	107717	0	0	21577	0	0	2620	0	26945	56246			0	68327	67327	-158	0	0	0	0	24364	0	3000	
956750																																							47173	20214	396702	0	30805	77048	1353	39781	1393727	1164594	4371	1243965	0	10595	75000	0	149762	2981	1393727	0	0	56087	0	0	103678	0	421646	742948			0	791246	780651	-12984	0	0	0	0	149762	0	0	
956938																																							1787	17714	82406	0	268	22459	1015	42297	1145290	913736	12761	1006322	0	12992	77000	0	138968	2300	1145290	0	0	107438	0	0	29448	2380	203563	710173			0	903565	890573	-218	0	0	2825	0	138968	0	84391	
956956																																							5485	2265	98722	0	0	7403	0	15500	417918	335733	972	392188	0	1541	55483	0	25730	200	417918	5	0	36681	0	0	575	0	107447	228286			0	192116	190575	-11726	0	0	0	0	25730	0	97963	
957757																																							84235	7427	127934	0	2210	6243	0	5795	432755	376339	3881	396785	0	1895	0	0	35970	490	432755	0	0	25562	0	0	11154	0	113543	262796			0	200739	198844	-1236	0	0	0	16565	35970	67	0	
958204																																							119435	8119	3801	0	815	26978	0	127873	2291450	1775326	55813	2108799	0	17607	277660	0	182651	0	2291450	0	0	206564	0	0	8230	0	353372	1421954			0	1726583	1708976	-32143	26	0	0	0	182651	1762	293665	
958231																																							25292	830	0	0	1597	50	0	536	44724	36010	395	36405	0	131	0	0	8319	120	44724	0	0	-46	0	0	8245	0	6504	29506			0	15950	15819	0	0	0	0	0	8319	0	600	
958558																																							14288	7574	95038	0	0	2510	0	12598	290386	234055	3897	237952	0	2995	0	0	52434	1000	290386	0	0	52225	0	0	1000	0	52104	181951			0	147966	144971	-1791	13407	0	0	0	52434	0	0	
958763																																							8578	2085	45191	0	0	6322	806	2825	158523	132773	326	139099	0	1267	6000	0	19424	800	158523	0	0	22130	0	0	1000	0	45905	86868			0	93404	92137	-4506	579	0	0	0	19424	0	0	
959304																																							92994	31922	1375512	0	1089	70852	0	446002	8692562	7342429	192984	7779346	0	42802	183933	0	913216	10	8692562	211	0	426006	0	0	489301	0	949344	6393085			0	6653952	6611150	-2101	0	0	60000	0	913216	12650	50180	
959443																																							15447	6600	66574	0	0	4696	0	9331	347895	289158	1947	308292	0	4671	17187	0	39603	60	347895	0	0	35477	0	0	10640	0	53059	236099			0	244482	239811	-6574	5436	0	0	0	39603	0	0	
959630																																							5636	1341	4797	0	858	1676	0	1772	24979	21680	339	22019	0	185	0	0	2960	393	24979	0	0	-489	0	0	3170	0	8701	12979			0	9084	8899	-114	0	0	0	0	2960	0	0	
959715																																							109796	7988	172067	0	3577	4652	0	55425	939576	571006	17772	791832	587	11373	80214	0	147157	3292	939576	0	0	116333	0	0	30766	0	217907	353099			0	560739	549366	-3234	14324	0	122840	0	147744	0	22381	
960047																																							24966	1319	13855	0	0	1119	0	1787	96781	87074	474	87548	0	281	0	0	9233	292	96781	0	0	6724	0	0	2708	0	21345	65729			-528	51800	51519	37	2214	0	0	0	9233	0	2	
960551																																							6904	2399	17702	0	865	837	0	5608	113343	102312	427	102739	0	1447	0	0	10604	200	113343	0	0	1604	0	0	9600	0	29350	72962			0	79975	78528	-800	0	0	0	0	10604	0	500	
960935																																							110897	51182	370708	1114	3319	48205	418	64751	2210609	1979598	18382	2028980	0	12819	31000	0	181629	1500	2210609	0	0	160641	0	0	40550	5860	635647	1343951			0	1315198	1302379	-21062	0	0	0	0	181629	0	251776	
961259																																							25749	10743	303229	0	0	26585	0	28030	773626	673014	2539	729231	0	4183	15381	0	44395	500	773626	0	0	54895	0	0	20769	0	231716	441298			0	308270	304087	-31769	0	0	0	38297	44395	0	75203	
961343																																							18041	6890	125610	251	1235	6406	0	10571	385777	337346	2177	354141	0	2481	0	0	31636	2610	385777	0	0	15735	0	0	17390	0	115185	222161			0	216296	213815	-4099	2958	0	0	14618	31636	0	0	
961400																																							67401	6390	46361	0	13785	11266	0	8677	519868	434739	9297	446311	0	3365	2275	0	73557	0	519868	0	0	74021	0	0	800	0	162012	272727			0	366878	363513	-1264	0	0	0	0	73557	2475	0	
961446																																							1530	4388	11178	0	0	2052	0	2610	153282	136896	623	137519	0	1940	0	0	15763	550	153282	0	0	9220	0	0	5938	0	51973	84923			0	128264	126324	55	5200	0	0	0	15763	0	0	
961576																																							644298	18669	284	0	297	19320	0	25328	2474106	2135407	10884	2146291	0	5952	0	0	327815	624	2474106	0	0	326910	14208	0	81	0	323220	1812187			0	509647	503695	200	0	0	0	0	327815	884	1247123	
961624																																							70118	95962	2005694	0	34291	151243	1541	490491	12513390	10127762	218220	11233384	0	90811	839420	0	1280006	0	12513390	0	0	63202	9406	0	1312283	4247	1558013	8569749			0	9688288	9597477	-95479	0	0	0	47982	1280006	46437	6483	
962313																																							22709	6234	44129	0	1799	3493	0	2602	231958	176530	370	213899	0	1473	0	0	18059	200	231958	0	0	16130	0	0	4290	0	47332	129198			0	147268	145795	-2561	5197	0	0	36999	18059	0	0	
962890																																							90031	26561	134103	7707	35387	17085	850	59801	1779367	1549572	16837	1566409	0	22401	0	0	212958	37	1779367	0	0	34561	0	0	190827	4954	289603	1259969			0	1340325	1317924	-12467	2272	0	0	0	212958	2482	80210	
962966																																							4646046	759810	2598109	0	333275	3395	0	1391579	46568135	39706752	830964	40537716	0	50933	0	0	6030419	0	46568135	89520	0	1641188	0	0	4378893	22566146	136911	39569841			0	14228600	14177667	10338	0	0	0	0	6030419	2588	0	
963002																																							22926	6903	42424	0	101	5263	0	22858	571932	510452	6347	520926	0	4335	4127	0	51006	0	571932	0	0	51135	0	0	1	0	115271	395181			0	469845	465510	-130	3798	0	0	0	51006	2149	0	
963730																																							36588	317	0	0	0	684	0	2477	377110	336301	791	339230	0	3591	2138	0	37880	1600	377110	0	0	18680	0	0	17600	0	139640	196661			0	326048	322457	0	0	0	0	0	37880	0	14587	
963945																																							196358	15844	293744	30570	225347	79124	60145	928743	19390856	13101471	283207	17155470	0	83301	3770792	0	2235386	401	19390856	571314	0	1379145	0	0	855873	4493106	660025	12441446			0	11034683	10951382	-33	0	1520	0	0	2235386	0	1543659	
964157																																							59831	5246	61398	0	0	5992	0	11568	302496	262737	3749	266486	0	1750	0	0	36010	2000	302496	0	0	27723	0	0	7013	0	107162	155575			0	160211	158461	-726	0	0	0	0	36010	0	0	
964250																																							10174	3116	45477	0	50	884	0	1904	114514	100344	225	102617	0	565	0	0	11897	400	114514	0	0	11975	0	0	1120	0	22160	78184			0	53447	52882	-1598	0	0	0	2048	11897	27	0	
965051																																							8508	991	18746	0	0	927	0	1796	83122	72904	444	73348	0	1320	0	0	9774	360	83122	0	0	10269	0	0	812	0	19070	53834			0	52125	50805	-1667	1349	0	0	0	9774	0	0	
965789																																							643924	6735	100016	0	29345	20022	0	44918	2882520	2565359	25225	2590584	0	26708	0	0	291936	2645	2882520	0	0	97856	0	0	193769	3965	416646	2148713			0	2060131	2033423	-2334	172	0	0	0	291936	0	0	
966272																																							10286	826	30732	0	0	1591	0	4355	198892	178730	652	179382	0	1480	0	0	19510	0	198892	0	0	20619	0	0	0	0	17372	161358			0	152582	151102	-1109	0	0	0	0	19510	0	0	
966722																																							3376	9867	108722	0	0	7335	0	17326	578822	529835	4647	535171	0	4073	689	0	43651	540	578822	0	0	44126	0	0	8000	0	108365	421470			0	419859	415786	-9015	16234	0	0	0	43651	176	0	
966731																																							24087	5612	90777	0	0	6814	0	8107	357479	319302	4269	323571	0	5964	0	0	33908	393	357479	0	0	38386	0	0	393	0	75272	244030			0	217820	211856	-5264	9067	0	0	0	33908	0	1159	
966973																																							9933	3098	2440	0	0	1416	34	777	99086	75613	182	78400	0	947	2605	0	20686	0	99086	0	0	20731	0	0	0	0	788	74825			0	74642	73695	-45	0	0	0	0	20686	0	7693	
967046																																							479	9659	127938	0	2227	8875	0	31602	813084	653964	9876	719350	0	10658	45965	0	93734	100	813084	0	0	98252	0	0	10547	0	131582	522382			0	642962	632304	-15165	0	0	4781	4764	93734	0	0	
967952																																							8177	3221	34833	0	243	115	0	7634	137183	109298	1883	116641	0	1205	5460	0	20542	150	137183	0	0	5187	0	0	15850	0	25257	84041			0	84076	82871	-645	0	0	0	0	20542	89	0	
968070																																							210619	40462	829703	0	9665	95840	426	291461	9796570	6820869	120104	8802027	0	24572	1861054	0	994543	378	9796570	0	0	-90726	136720	0	1093052	0	688573	6132296			-24367	8206246	8181674	16206	0	0	0	0	994543	0	0	
968155																																							734	1778	22285	0	0	3080	0	5138	152333	132208	1214	137422	0	1261	4000	0	14911	1000	152333	0	0	14059	0	0	1000	0	32613	99595			0	97935	96674	-1148	8500	0	0	0	14911	0	14144	
968249																																							5964	6839	126792	0	13550	9511	0	9338	493898	430830	2127	451736	0	2724	18779	0	42162	200	493898	0	0	12111	0	0	41387	919	54152	376678			0	323709	320985	-11536	0	0	0	0	42162	0	0	
968744																																							5235	15081	104890	0	497	15087	119	20497	515750	465387	5341	470728	0	4128	0	0	45022	330	515750	0	0	31001	0	0	21000	0	60347	405040			0	358472	354344	-7309	0	0	0	0	45022	0	0	
969059																																							12832	1383	22018	0	0	231	0	1287	70374	61956	91	62047	0	166	0	0	8327	600	70374	0	0	4774	0	0	4090	0	17615	44341			0	30096	29930	-1137	2540	0	0	0	8327	133	20	
969255																																							104157	14409	5940	0	0	4819	1343	4378	467042	402784	2178	429751	0	1796	24789	0	37291	499	467042	0	0	25950	0	0	10901	0	92978	309806			0	333792	331996	-59	0	0	0	0	37291	0	0	
969639																																							4689	3388	36577	0	0	8652	32	10480	273991	241558	2423	249167	0	2154	5186	0	24824	200	273991	0	0	27325	0	0	566	0	45746	195812			0	207512	205358	-3267	4815	0	0	0	24824	0	0	
969844																																							904	2208	100960	0	0	3896	0	11709	279288	202666	1849	252488	0	2022	40500	0	26800	200	279288	0	0	17754	0	0	16091	0	38447	164219			0	160843	158821	-7245	175	0	1900	5573	26800	615	0	
969956																																							16160	3159	47341	0	0	2091	0	1137	77833	68264	531	68795	0	107	0	0	9038	400	77833	0	0	7334	0	0	3900	0	31113	37151			0	8052	7945	-2596	0	0	0	0	9038	0	0	
970055																																							265	3532	65829	0	0	6665	0	22759	363871	270149	10084	333237	0	2548	33100	0	30634	500	363871	0	0	5847	0	0	32500	0	80005	190144			0	267369	264821	-8213	0	0	0	19904	30634	0	0	
971070																																							13527	1275	6289	0	0	921	118	6145	128836	95791	1464	116312	0	220	19057	0	12524	0	128836	0	0	5571	0	0	8756	0	16781	79010			0	81021	80801	-1803	23	0	0	0	12524	0	19737	
971379																																							3292	817	0	0	0	46	0	217	19429	17193	26	17219	0	135	0	0	2210	0	19429	0	0	2210	0	0	0	0	1564	15629			0	13512	13377	0	0	0	0	0	2210	34	1646	
971959																																							923	53147	791275	0	56565	67489	886	87519	3833298	3357063	27316	3438672	0	30451	51970	0	394626	400	3833298	0	0	226754	0	0	187933	2083	452820	2904243			0	2738330	2707879	-20461	65000	0	0	2323	394626	532	0	
972143																																							2105	4058	11670	0	766	3620	0	5606	255043	187993	1410	234873	0	1680	45470	0	20170	120	255043	0	0	9432	0	0	10893	0	36068	151925			0	227293	225613	-275	35	0	0	0	20170	0	1570	
972406																																							0	169	0	0	28517	19169	0	17805	88115	0	23626	23643	0	4	17	0	64472	1000	88115	0	0	31422	0	0	32050	0	0	0			0	50	46	0	0	0	0	0	64472	19909	2500	
972648																																							74776	24663	550037	0	23774	35570	658	70035	2064227	1757489	9776	1836310	0	13878	69045	0	227917	500	2064227	0	0	57490	0	0	187756	184	409503	1347986			0	1279666	1265788	-17829	1402	0	0	0	227917	588	16752	
972732																																							158833	21247	262421	0	0	11722	55	43971	1501598	1341367	16216	1359476	0	13208	0	0	142122	1150	1501598	0	0	159232	0	0	2680	95	305235	1036132			0	1012337	999129	-20940	4125	0	0	1893	142122	0	0	
972750																																							3863	1189	20925	0	71	2079	200	3045	130584	114124	482	121110	0	1451	6504	0	9474	550	130584	0	0	4437	0	0	5698	0	13793	100331			0	95867	94416	-1211	4772	0	0	0	9474	24	0	
972769																																							97013	3320	107457	0	2256	6336	0	9135	681085	528018	10076	577594	0	5193	39000	500	103491	1197	681085	0	0	87932	0	0	15250	0	67064	460954			0	460761	455568	-888	0	0	0	0	103491	0	0	
972862																																							144810	3774	71980	0	2751	5355	0	11538	882402	723676	4428	728104	0	10089	0	0	154298	150	882402	0	0	113675	0	0	44143	0	141416	582260			0	649851	639762	-3670	0	0	0	0	154298	0	2432	
973252																																							27	726	15402	0	0	413	0	1615	57647	40677	119	50696	0	454	9900	0	6951	80	57647	0	0	7037	0	0	382	0	10604	30073			0	39905	39451	-548	0	0	0	0	6951	13	0	
974558																																							3767	1414	63953	0	0	400	0	3430	163641	139840	1198	141038	0	2069	0	0	22603	1000	163641	0	0	21391	0	0	1000	0	32606	107234			0	90926	88857	-788	0	0	0	0	22603	0	1820	
974754																																							56822	14193	435667	179	0	4888	1568	15664	879593	825488	1910	827398	0	1395	0	0	52195	363	879593	0	0	35233	0	0	47337	0	191561	633927			0	283354	281959	-30738	0	0	0	0	52195	0	68653	
975153																																							1585	9143	65685	0	1951	11437	44	3830	504724	459197	2138	461485	0	4371	150	0	43239	130	504724	0	0	33720	0	0	11851	0	116968	342229			0	412208	407837	-2462	3159	0	0	0	43239	53	0	
975256																																							18285	7202	24588	0	85	4847	380	13050	601620	539267	1871	541143	0	3319	5	0	60477	200	601620	0	0	30096	0	0	30219	0	101397	437870			0	433573	430254	-38	0	0	0	0	60477	132	102797	
975452																																							6240	1876	6253	0	0	532	0	2400	85176	73286	382	79168	0	707	5500	0	6008	50	85176	0	0	4750	0	0	1179	0	10687	62599			0	68412	67705	29	0	0	0	0	6008	170	0	
975751																																							57799	131539	0	0	108635	32	0	99235	397240	1516	121083	122599	0	0	0	0	274641	2351	397240	0	0	104246	0	0	168044	0	966	550			0	0	0	0	0	0	0	0	274641	0	0	
975854																																							35622	5225	3853	0	368	9142	0	8432	565766	489766	1968	511234	0	5870	19500	0	54532	100	565766	0	0	19722	0	0	34900	0	86961	402805			0	508501	502631	-190	493	0	0	0	54532	0	0	
976534																																							19896	1954	31443	57	0	3814	3510	8113	234829	206280	2379	212159	0	1666	3500	0	22670	400	234829	0	0	21948	0	0	2813	0	27066	179214			0	167708	166042	-2491	0	0	0	0	22670	0	0	
976552																																							8336	9372	122824	0	0	27334	0	32092	1084909	902538	11404	986118	0	12218	72176	0	98791	1325	1084909	0	0	49275	0	0	50179	7546	117775	784763			0	889623	877405	-1988	0	0	0	0	98791	0	0	
976703																																							1338889	7511	3466352	0	76407	420529	0	155366	6423778	5480157	559086	6039243	0	0	0	0	384535	3000	6423778	0	0	306647	0	0	74828	0	32179	5447978			0	926742	926742	60	0	0	0	0	384535	31982	0	
976954																																							12277	124	0	0	0	33	0	155	20501	18429	82	18511	0	175	0	0	1990	25	20501	0	0	1790	0	0	175	0	3821	14608			0	7587	7412	0	0	0	0	0	1990	0	500	
977045																																							52	408	1309	0	3377	2838	0	1680	71824	60064	341	60405	0	100	0	0	11419	1	71824	0	0	620	0	0	10799	2480	10069	49995			0	53005	52905	-1	6775	0	0	0	11419	0	0	
977250																																							42307	797	22604	4787	0	2039	0	12332	359188	267273	14293	310566	0	4638	0	0	48622	1117	359188	0	0	23950	0	0	23783	0	120182	147091			0	258293	253655	-228	20667	0	29000	0	48622	0	0	
977616																																							24337	778	48253	0	0	4129	0	2247	222411	185929	1152	187081	0	2359	0	0	35330	150	222411	0	0	35197	0	0	750	0	61341	124588			0	143952	141593	-767	0	0	0	0	35330	0	1074	
977652																																							3224	1610	12416	0	0	1949	0	893	139859	121929	165	122094	0	1017	0	0	17765	675	139859	0	0	9919	0	0	7925	0	44425	77504			0	87652	86635	-754	27000	0	0	0	17765	0	6132	
977951																																							2660	13350	103970	0	7533	9777	1339	34207	1063075	912844	11781	970125	0	12337	45500	0	92950	1000	1063075	0	0	35356	0	0	63650	168	198325	714519			0	902203	889866	-7056	0	0	0	0	92950	205	0	
978118																																							14256	23660	444741	7139	87979	31597	2358	110442	3059673	2382712	36661	2701672	0	22806	266803	0	358001	906	3059673	0	0	225859	159	0	143852	9393	396160	1986552			0	2350622	2327816	-12616	0	0	0	15496	358001	133	0	
979133																																							980	3829	96018	0	3035	8049	0	5870	312454	276560	2952	292512	0	1773	13000	0	19942	200	312454	0	0	26195	0	0	2200	11937	40670	235890			0	182611	180838	-8653	1898	0	0	0	19942	0	0	
979151																																							17022	793	112530	0	0	2363	0	11879	255476	221430	1148	224425	0	1397	1847	0	31051	1162	255476	0	0	36499	0	0	1600	0	34959	186471			0	112286	110889	-8210	0	0	0	0	31051	0	0	
979629																																							109817	12694	152452	1607	1312	23090	0	27736	1062836	971327	4371	975698	0	5235	0	0	87138	2553	1062836	0	0	64247	0	0	27438	620	280216	691111			0	738743	733508	-7100	0	0	0	0	87138	0	0	
979759																																							26714	4129	236647	0	0	12240	8624	8311	549490	497612	1370	498982	0	3115	0	0	50508	750	549490	0	0	51709	0	0	10000	0	153438	344174			0	228158	225043	-11951	23150	0	0	0	50508	0	4632	
980438																																							15248	6538	16850	0	0	4273	0	5587	329290	276510	543	300053	0	2457	23000	0	29237	150	329290	0	0	23012	0	0	6475	0	38958	237552			0	283207	280750	-400	0	0	0	0	29237	0	44	
980531																																							47783	27059	337566	0	4180	29665	2951	42262	1259331	1124242	9209	1133454	0	8893	0	0	125877	9600	1259331	0	0	93998	0	0	47400	634	240628	883614			0	771073	762180	-25121	0	0	0	3	125877	0	5051	
980661	1249018	228734	2076233	0	1000130	303496	0	1106859	23958223	642720	21201018	0	168468	10530	0	2757205	16227	23958223	12328	14628	1390018	302317	0	1719102	1370		0	14312529	14144061	-368142	0	0	2757205	595	3533082	2218278	752319	1465959			2076233							18314862					10530					12328	14628						5812445	12502417							0	0	0	0		595		
980773																																							12328	9406	140390	0	246	11360	0	27570	523765	442021	2345	459366	0	4711	15000	0	64399	100	523765	0	0	67054	0	0	0	0	63092	378929			0	324270	319559	-2755	2906	0	0	0	64399	0	0	
980951																																							29441	10029	132721	0	2285	1824	391	8526	312199	279938	771	281709	0	2050	1000	0	30490	50	312199	0	0	30017	0	0	8806	25	38134	241804			0	124102	122052	-8383	0	4905	0	0	30490	0	0	
980960																																							415947	27596	0	8919	0	37964	0	29524	1539019	1412446	9732	1422178	0	9784	0	0	116841	300	1539019	0	0	86892	0	0	29649	0	520505	891941			0	1020460	1010676	0	0	0	0	0	116841	0	8393	
981350																																							5018	1277	486	0	0	99	0	458	20900	17010	130	17958	0	312	818	0	2942	60	20900	0	0	2100	0	0	781	0	2450	14560			0	13857	13545	1	0	0	0	0	2942	17	0	
981453																																							2875	998	10751	0	0	64	0	516	34514	30483	158	30641	0	199	0	0	3873	50	34514	0	0	2341	0	0	2450	0	8958	21525			0	15960	15761	-968	3500	0	0	0	3873	49	0	
982142																																							45930	36217	349404	0	5036	21761	0	45037	1561197	1284890	9410	1397955	0	11858	52183	0	163242	100	1561197	0	0	45964	0	0	133400	0	236325	1048565			0	1058013	1046155	-16222	11657	0	0	51472	163242	0	0	
982348																																							2146	27410	288090	6269	6570	11538	0	55865	1263445	917034	9530	1134311	0	9973	100000	0	129134	1231	1263445	0	0	126940	0	0	20440	0	157425	759609			-7	875412	865439	-19470	0	0	101467	6280	129134	118	0	
982553																																							18529	2350	10521	3516	1431	7794	0	20968	566651	487565	4437	500664	0	7937	7500	0	65987	175	566651	0	0	42942	0	0	23168	0	141422	346143			0	509383	501446	-298	0	0	0	1162	65987	12	84	
983158																																							4000	923	0	0	0	150	0	653	46972	40618	34	40652	0	226	0	0	6320	200	46972	0	0	4320	0	0	1800	0	10544	30074			0	23472	23246	0	18000	0	0	0	6320	0	0	
983457																																							150135	29775	382689	0	14593	23525	0	23420	1424990	1224891	21202	1246093	0	12180	0	0	178897	90000	1424990	0	0	95233	0	0	15035	39298	356797	868094			0	768315	756135	-21371	0	0	0	0	178897	5420	0	
983550																																							5859	3487	71310	0	0	3126	0	6528	208596	182929	1669	192213	0	1369	0	0	16383	100	208596	0	0	13001	0	0	12782	0	67282	115647			0	119632	118263	-9500	23	0	0	7615	16383	0	0	
984258																																							26	11665	152668	0	4606	10055	0	30097	672343	560506	2384	603690	0	5282	11000	0	68653	1000	672343	0	0	57262	0	0	13218	0	187213	373293			0	426346	421064	-2827	3043	0	0	29800	68653	0	39119	
984351																																							5960	6448	55098	0	0	468	0	5624	167780	155688	518	156206	0	2129	0	0	11574	500	167780	0	0	11898	0	0	2500	0	25907	129781			0	88324	86195	-3324	6990	0	0	0	11574	997	0	
984454																																							1076	4001	10369	0	0	497	0	3634	72151	63021	260	63281	0	541	0	0	8870	100	72151	0	0	2937	0	0	6150	0	22048	40974			0	49370	48829	-317	3745	0	0	0	8870	0	0	
984856																																							6913	2453	32758	0	0	1225	0	7736	189958	164497	1205	171702	0	1814	6000	0	18256	85	189958	0	0	20475	0	0	433	0	31768	132729			0	140486	138672	-2737	0	0	0	0	18256	201	0	
985451																																							9372	2117	20321	0	0	912	0	2087	188549	169065	553	169618	0	971	0	0	18931	350	188549	0	0	10122	0	0	13048	0	48875	120190			0	99357	98386	-4589	0	0	0	0	18931	0	55354	
985479																																							54945	6681	150453	0	14761	10012	149	43216	1494856	1335942	8529	1351852	0	13130	0	0	143004	3889	1494856	0	0	47677	0	0	97492	0	155370	1180572			0	1222619	1209489	-6054	0	0	0	7381	143004	0	5150	
986159																																							4002	3943	21750	0	0	677	0	2401	113779	95939	890	101829	0	941	0	0	11950	100	113779	0	0	5012	0	0	7000	0	22971	72968			0	75527	74586	-162	6400	0	0	5000	11950	20	0	
986551																																							15392	2349	19837	0	0	4772	0	6902	178319	158201	1963	163364	0	1106	0	0	14955	100	178319	0	0	15164	0	0	150	0	23941	134260			0	128380	127274	-459	17	0	0	3200	14955	0	1776	
986757																																							85	917	8136	0	0	140	0	1103	53974	44215	186	44401	0	392	0	0	9573	192	53974	0	0	1448	0	0	7880	0	6842	37373			0	39085	38693	53	4900	0	0	0	9573	0	0	
986935																																							41624	1878	62818	0	0	4593	0	4596	250135	229618	1665	231283	0	2913	0	0	18852	400	250135	0	0	21835	0	0	2600	0	62116	167502			0	122319	119406	-5983	15220	0	0	0	18852	0	0	
987231																																							664	8293	16879	0	2302	7845	0	4289	387961	346153	1592	347745	0	4205	0	0	40216	1460	387961	0	0	22899	0	0	16485	0	56531	289622			0	281593	277388	-628	0	0	0	0	40216	0	70301	
987259																																							37036	7961	61410	0	7311	4439	0	7216	392581	357399	1605	359004	0	2949	0	0	33577	300	392581	0	0	6810	0	0	30770	0	67972	289427			0	270026	267077	-4303	118	0	0	0	33577	13	0	
987576																																							4105	184	0	0	0	96	0	172	27870	21007	44	21051	0	69	0	0	6819	0	27870	0	0	6819	0	0	0	0	0	21007			0	10168	10099	0	0	0	0	0	6819	0	13214	
987651																																							24808	3195	69563	0	209	1122	0	8836	176163	147883	1420	149303	0	673	0	0	26860	960	176163	0	0	25687	0	0	960	0	29984	117899			0	58581	57908	-747	10522	0	0	0	26860	0	0	
987848																																							1340	4922	59103	0	440	1653	0	6008	173118	157728	1218	158946	0	1223	0	0	14172	100	173118	0	0	15424	0	0	2250	0	19874	137854			0	87142	85919	-3602	10810	0	0	0	14172	0	2923	
988144																																							13242	4189	112922	0	175	960	0	4474	349308	289716	1112	319378	0	819	28550	0	29930	1500	349308	0	0	34602	0	0	3500	0	58987	230729			0	171954	171135	-9672	2849	0	0	0	29930	66	39296	
988153																																							27656	7008	243116	0	48	5448	0	11668	825383	739507	3858	743385	0	12235	0	0	81998	338	825383	0	0	83394	0	0	2338	152	169713	569794			0	542492	530257	-4072	0	0	10	10	81998	30	0	
988256																																							7219	664	20442	0	0	116	0	344	43860	34440	124	34564	0	300	0	0	9296	39	43860	0	0	8949	0	0	150	0	8930	25510			0	15375	15075	158	0	0	0	0	9296	0	0	
988452																																							3181	3693	88895	0	0	1959	0	11517	291332	248963	2754	274001	0	1785	1900	0	17331	1400	291332	0	0	24454	0	0	2740	0	49707	199256			0	183872	182087	-11263	0	0	0	20384	17331	0	0	
989141																																							69	1976	82433	0	13816	1433	0	4058	202257	160701	1968	171219	0	1091	8550	0	31038	200	202257	0	0	2516	0	0	27700	0	26923	133778			0	99563	98472	622	0	0	0	0	31038	0	0	
989347																																							7800	10769	265	0	2840	7229	128	11422	567622	479406	4377	508922	0	7696	25139	0	58700	100	567622	0	0	53706	0	0	4900	0	88167	391239			0	451098	443402	-6	0	0	0	0	58700	132	83635	
989534																																							56712	12289	0	0	0	462	0	819	170005	146134	1028	147162	0	1431	0	0	22843	300	170005	0	0	14966	0	0	7575	0	42474	103660			0	96980	95549	2	0	0	0	0	22843	0	4174	
989730																																							18976	4901	41200	0	1585	11585	1599	12574	382391	336893	5043	341936	581	2988	0	0	39874	20885	382391	0	0	18862	0	0	0	0	53729	283164			0	292959	289971	127	0	0	0	0	40455	0	0	
989851																																							61	1134	39093	0	0	272	0	1735	85096	74474	1123	75597	0	577	0	0	9499	500	85096	0	0	4536	0	0	6500	0	22879	51595			0	41428	40851	-2037	1950	0	0	0	9499	0	0	
990053																																							26199	5720	25977	0	0	889	0	901	232117	205760	905	206665	0	2314	0	0	25452	150	232117	0	0	10490	0	0	14850	0	62251	143509			0	174745	172431	-38	0	0	0	0	25452	0	0	
990352																																							378	12713	161426	0	10152	11218	911	38183	905625	713113	3276	803348	0	8527	71971	0	102277	20000	905625	0	0	57255	0	0	29400	0	136672	576441			0	677880	669353	-4378	1291	0	0	14988	102277	0	0	
990642																																							49167	4770	81694	0	507	3979	0	19170	434309	383072	4337	397454	0	2469	10045	0	36855	450	434309	0	0	35387	0	0	4745	0	71130	311942			0	277491	275022	-3727	0	0	0	0	36855	0	0	
991078																																							6334	347	0	0	0	384	0	2958	69242	51323	357	63104	0	510	11424	0	6138	0	69242	0	0	6138	0	0	0	0	4385	46937			0	50153	49643	0	0	0	0	0	6138	0	9576	
991135																																							17213	847	22668	0	0	1576	524	1983	122180	106049	443	109492	0	1567	3000	0	12688	930	122180	0	0	11116	0	0	2070	0	33313	72736			0	78936	77369	-1428	0	0	0	0	12688	0	0	
991340																																							51549	69249	1522486	0	86496	79663	0	336447	9052654	7226078	154008	7791003	43119	161846	136409	0	1218532	2818	9052654	17035	17347	976677	0	0	273814	4866	1600498	5625580			0	7046669	6884823	-34777	40	0	50000	207161	1261651	0	0	
991359																																							7649	2694	3413	0	0	2472	0	9499	210887	190269	1329	191598	0	3546	0	0	19289	525	210887	0	0	9069	0	0	9684	0	54087	136182			0	188706	185160	11	0	0	0	0	19289	0	0	
991555																																							141	4688	105839	0	0	1128	0	5495	224248	199715	378	206725	0	1686	5941	0	17523	1200	224248	0	0	16579	0	0	6782	0	37608	162107			0	108643	106957	-7038	0	0	691	0	17523	0	0	
991621																																							528	5442	212628	0	0	7748	254	25485	578364	487621	3086	498780	0	3584	0	0	79584	1224	578364	0	0	84635	0	0	193	0	113063	374558			0	280012	276428	-6468	49851	0	0	8073	79584	0	0	
991854																																							693	882	1249	0	0	106	0	187	13643	11870	10	11880	0	80	0	0	1763	156	13643	0	0	666	0	0	941	0	4756	7114			0	9856	9776	0	750	0	0	0	1763	0	0	
992851																																							18262	2588	145418	0	318	1924	0	5795	331900	299460	1826	302573	0	1091	0	0	29327	200	331900	0	0	18259	0	0	19408	0	62371	237089			0	158686	157595	-8540	0	0	0	1287	29327	0	0	
993250																																							2009	10639	38621	1062	3744	7123	0	12582	336800	296197	1956	304284	0	3255	6131	0	32516	150	336800	0	0	17034	0	0	16500	155	57278	238919			0	254449	251194	-1168	9671	0	0	0	32516	0	0	
994435																																							92284	62242	294939	0	6891	16354	1272	53876	1446151	1194745	10651	1233112	0	11766	27716	0	213039	778	1446151	0	0	154035	0	0	75968	0	525346	669399			0	894241	882475	-17742	8275	25088	0	0	213039	0	2455	
994770																																							8461	141	0	0	0	20	0	450	27383	23868	190	24058	0	273	0	0	3325	0	27383	0	0	3325	0	0	0	0	0	23868			0	18580	18307	0	0	0	0	0	3325	0	4	
995076																																							695521	23534	106228	19700	20	76931	1869	36799	3526937	3159938	23311	3183249	0	33931	0	0	343688	6582	3526937	0	0	311097	0	0	25920	6846	698965	2460973			0	2555073	2521142	89	7834	0	0	0	343688	0	30513	
995272																																							23285	590	41581	0	0	7485	0	38043	585529	434905	8848	443753	0	3312	0	0	141776	0	585529	0	0	142851	0	0	0	0	16755	418150			0	477857	474545	-1075	0	0	0	0	141776	0	0	
995517																																							48173	8237	59177	0	611	7275	0	19621	542312	467208	3862	480467	0	10341	0	0	61845	800	542312	0	0	57704	0	0	4200	0	46748	420460			0	409059	398718	-859	500	0	0	9397	61845	0	0	
995571																																							52288	4293	53510	0	0	3652	0	4717	256134	228101	4928	233029	0	3411	0	0	23105	1012	256134	0	0	15987	0	0	10559	0	68750	159351			0	141085	137674	-4453	0	0	0	0	23105	0	0	
995674																																							21464	1398	0	0	0	7841	0	4343	282545	260060	2083	262143	0	2333	0	0	20402	37	282545	0	0	14805	0	0	5560	0	19542	240518			0	249832	247499	0	0	0	0	0	20402	0	0	
995955																																							22034	1089	20907	0	0	62	0	924	60243	53742	279	54021	0	369	0	0	6222	100	60243	0	0	6084	0	0	100	0	15170	38572			0	15596	15227	-62	0	0	0	0	6222	0	0	
996260																																							719629	10621	264036	0	1044	28129	4920	196516	5583080	4765537	57312	4822849	0	46916	0	0	760231	271	5583080	0	0	367625	39	500	404471	29187	693509	4072028			0	4276536	4229620	-12636	0	0	0	0	760231	0	99339	
997155																																							8244	3265	44293	0	0	261	0	1836	105839	92558	346	94404	0	640	1500	0	11435	1200	105839	0	0	8871	0	0	1200	0	23522	69036			0	48580	47940	164	0	0	0	0	11435	0	0	
997557																																							200	982	46510	0	8	650	0	2605	94771	86105	801	86906	0	400	0	0	7865	400	94771	0	0	6244	0	0	3386	0	23475	62630			0	36440	36040	-2165	3780	0	0	0	7865	0	3996	
997847																																							153003	7623	208505	0	1241	1614	0	11260	760487	660466	3247	666713	0	5377	3000	0	93774	1280	760487	0	0	92411	0	0	8361	253	96655	563811			0	381238	375861	-8278	1022	0	0	0	93774	105	0	
998358																																							6705	3104	24082	0	0	272	0	1312	85888	78946	174	79120	0	676	0	0	6768	100	85888	0	0	7627	0	0	1350	0	50495	28451			0	51055	50379	-2309	0	0	0	0	6768	34	0	
998648																																							28164	4263	20055	0	0	2407	0	3153	193044	162600	3161	169861	0	821	0	0	23183	50	193044	0	0	21447	0	0	3200	0	43705	118895			0	86122	85301	-1514	2819	0	0	4100	23183	0	46882	
998657																																							2622	1109	4279	0	0	1020	0	1744	115364	100464	931	101395	0	1232	0	0	13969	140	115364	0	0	-2082	0	0	16135	0	25888	74576			0	100432	99200	-224	5390	0	0	0	13969	0	0	
998844																																							9630	11597	115316	0	7898	20451	0	20603	1177250	1000470	9983	1048122	0	13414	35710	0	129128	284	1177250	0	0	102139	0	0	28030	1893	147447	853023			0	1003130	989716	-1325	0	0	1959	0	129128	146	0	
999935																																							26267	7835	1490	0	0	10419	0	17613	761338	681982	9593	691575	0	7041	0	0	69763	100	761338	0	0	66577	0	0	3100	0	125855	556127			0	669831	662790	-14	34924	0	0	0	69763	0	0	
1000052																																							1104	11510	77636	0	1039	5523	0	22588	629309	517918	3419	551754	0	6003	10000	0	77555	1938	629309	0	0	77198	0	0	3462	1351	105632	412286			0	512040	506037	-5043	0	0	1900	18517	77555	16	2505	
1000276																																							11277	4790	69789	0	0	4751	0	22064	432006	314178	2897	376662	0	2347	59587	0	55344	0	432006	0	0	56421	0	0	3871	0	72524	241654			0	321682	319335	-4948	0	0	0	0	55344	0	0	
1000641																																							27546	13610	71556	0	0	14008	0	21726	890538	775438	5448	800886	0	7307	20000	0	89652	1800	890538	0	0	87093	0	0	4005	448	141548	633890			-1472	561643	554336	-1774	0	0	0	0	89652	177	187131	
1000856																																							1023	518	5154	0	0	234	47	2330	23968	18100	1020	19120	0	209	0	0	4848	100	23968	0	0	2233	0	0	2513	0	8327	9773			0	13020	12811	2	1851	0	0	0	4848	0	0	
1000959																																							10955	3336	64942	0	368	1198	0	4633	223617	185636	1074	192510	0	2440	0	0	31107	50	223617	0	0	10971	0	0	20950	0	41684	143952			0	140625	138185	-864	0	0	5800	0	31107	0	0	
1001059																																							29119	17794	277356	0	3624	11383	0	13480	1286708	1161514	2550	1164064	0	8432	0	0	122644	100	1286708	0	0	44067	0	0	74168	0	159326	1002188			0	846072	837640	4309	2004	0	0	0	122644	0	94308	
1001152																																							157287	99159	1783775	0	226519	231254	1709	458693	9753348	6545019	118286	7782121	0	112213	0	0	1971227	6967	9753348	0	0	1556791	14562	0	499583	1093	2514495	4030524			0	6860635	6748422	-92114	26750	0	774975	343841	1971227	0	4125	
1001639																																							403745	15798	179379	0	10357	33740	4742	46699	3620138	2734715	41115	3208452	0	32828	419000	13622	411686	2250	3620138	0	0	281141	0	0	131686	0	402950	2331765			0	2918160	2885332	-3391	0	0	0	0	411686	0	40346	
1001648																																							545841	24205	251106	0	2247	68835	0	41433	3810105	3490782	26713	3517495	0	36611	0	0	292610	717	3810105	0	0	211643	0	0	86402	10475	585329	2905453			0	2888893	2852282	-6152	4582	0	0	0	292610	9099	0	
1001853																																							7886	6254	7071	0	0	1516	0	10946	350183	300436	3827	304263	0	5152	0	0	45920	100	350183	0	0	38480	0	0	7394	0	72209	228227			0	318173	313021	-54	3489	0	0	0	45920	0	0	
1002373																																							5592	4323	119998	0	188	14402	246	31310	790358	554620	6711	711017	0	8185	149686	0	79341	0	790358	0	0	1325	0	0	86893	0	86003	468617			0	616757	608572	-8877	0	0	0	0	79341	5396	331	
1002458																																							13628	1312	3842	0	0	1141	0	1420	91983	71281	418	80651	0	701	8952	0	11332	172	91983	0	0	3450	0	0	7828	0	9264	62017			0	71341	70640	-118	0	0	0	0	11332	0	0	
1002878																																							130739	126146	1586382	0	481951	180442	76	692705	16771847	14162843	186684	14809647	0	150212	438052	0	1962200	4680	16771847	10496	13836	588452	0	105	1439654	22437	3184847	10977996			0	13007316	12857104	-70691	0	0	0	8232	1962200	0	683369	
1002953																																							39730	4944	40339	0	0	3363	0	5491	194737	176856	646	177502	0	1483	0	0	17235	500	194737	0	0	6240	0	0	11226	0	21415	155441			0	95924	94441	-731	6393	0	0	0	17235	36	0	
1003455																																							278	10847	161057	0	1929	11189	0	16335	435860	384557	1837	416469	0	2409	30075	0	19391	50	435860	0	0	18375	0	0	26728	1039	56425	328132			0	227513	225104	-25762	7783	0	0	0	19391	79	220	
1003558																																							41169	4600	46721	0	382	3356	1700	11194	252810	227186	2911	230097	0	954	0	0	22713	1000	252810	0	0	6783	0	0	16500	0	59490	167696			0	144642	143688	-1570	0	0	0	0	22713	0	0	
1003839																																							85087	6515	37972	0	1235	20900	0	17385	478103	382718	14872	397590	0	4990	0	0	80513	400	478103	0	0	70190	0	0	13600	0	85344	297374			0	313409	308419	-3677	0	0	0	0	80513	0	590	
1003950																																							13679	1873	17804	0	484	1254	0	29463	209289	179713	7574	187287	0	9121	0	0	22002	319	209289	0	0	4828	0	0	17217	0	48932	130781			0	153853	144732	-362	0	0	0	0	22002	0	0	
1004256																																							130	1383	17194	0	0	809	0	2611	57936	47706	311	52092	0	392	4075	0	5844	300	57936	0	0	855	0	0	5300	0	10052	37654			0	36135	35743	-611	0	0	0	0	5844	66	0	
1004470																																							45419	13625	168454	0	11955	12427	0	47837	1568009	1332673	14456	1381439	0	16912	34310	0	186570	0	1568009	0	0	17800	0	0	170140	0	241351	1091322			0	1285204	1268292	-1370	0	0	0	0	186570	0	0	
1005075																																							20073	1269	27666	0	0	5063	0	4303	288514	183206	2171	211377	0	1625	26000	0	77137	0	288514	0	0	77228	0	0	0	0	14826	168380			0	201505	199880	-91	0	0	0	0	77137	0	30260	
1005552																																							6958	2988	70269	0	0	2525	0	2040	195229	166313	2177	172425	0	1114	3935	0	22804	50	195229	0	0	23108	0	0	1450	0	27728	138585			0	111563	110449	-1804	0	0	0	0	22804	0	0	
1005655																																							0	1779	3317	0	310	706	0	1394	120360	103203	686	103889	0	1194	0	0	16471	100	120360	0	0	9474	0	0	6900	0	31128	72075			0	104916	103722	-3	9132	0	0	0	16471	0	0	
1005851																																							2003	376	17336	0	0	2982	0	4796	175105	156214	353	158567	0	979	2000	0	16538	100	175105	0	0	2427	0	0	13900	2267	14385	141829			0	144085	143106	111	0	0	0	0	16538	0	2239	
1006148																																							22343	6599	208981	0	534	8328	0	20963	1110296	911491	7912	959423	0	9580	24000	0	150873	1162	1110296	0	0	149579	0	0	4838	0	166804	744687			0	846573	836993	-4706	0	0	0	16020	150873	0	5555	
1006157																																							19619	1594	103840	0	0	881	0	4923	200247	179127	735	187362	0	970	7500	0	12885	100	200247	0	0	5129	0	0	13400	0	48843	130284			0	68072	67102	-5744	800	0	0	0	12885	0	1488	
1006513																																							4791	5669	65706	0	0	1437	0	11863	393088	332849	5233	357126	0	5274	8000	0	35962	400	393088	0	0	20163	0	0	21845	0	67386	265463			0	308896	303622	-6446	0	0	11044	0	35962	0	0	
1006559																																							26	5201	33442	0	1557	3991	0	2394	193808	176259	964	177223	0	1763	0	0	16585	556	193808	0	0	10546	0	0	6652	0	36785	139474			0	144794	143031	-1169	0	0	0	0	16585	0	4166	
1006652																																							63552	5857	27659	0	0	2596	150	4498	234652	211786	1616	213402	0	1810	0	0	21250	600	234652	0	0	8747	0	0	11400	0	55896	155890			0	108618	106808	503	0	0	0	0	21250	0	23532	
1007015																																							361000	52038	476287	14254	14483	87578	0	41856	3943327	3073285	106202	3461013	0	29475	55000	0	482314	3500	3943327	0	0	417374	0	0	69627	3035	1074843	1998442			0	2918645	2889170	-8187	0	0	500	226026	482314	0	3626	
1007051																																							4019	3996	35490	0	0	1562	0	5264	117735	98768	893	102980	0	784	3319	0	14755	70	117735	0	0	15607	0	0	1000	0	24700	74068			0	68188	67404	-1922	0	0	0	0	14755	0	0	
1007154																																							83730	9524	40604	0	0	16920	0	22248	767955	687098	8302	698283	0	7484	2883	0	69672	790	767955	0	0	47247	0	0	25407	0	214803	472295			0	597169	589685	-3772	0	0	0	0	69672	0	5244	
1007417																																							13087	7058	549734	0	0	14077	0	57115	1142322	956773	6212	1037295	0	3657	40000	0	105027	1350	1142322	0	0	141045	0	0	950	0	491432	465341			0	504908	501251	-38318	0	0	0	34310	105027	0	0	
1007734																																							30546	5445	41382	0	0	16657	316	19850	728215	590415	3516	666412	0	6138	72481	0	61803	16832	728215	0	0	7875	0	0	37754	0	141686	448729			0	617756	611618	-658	2401	0	0	0	61803	0	0	
1007752																																							50	2016	39204	0	1718	3135	0	7719	236982	200356	966	208822	0	2154	7500	0	28160	200	236982	0	0	6435	0	0	22800	148	41368	158988			0	183329	181175	-1275	1817	0	0	0	28160	0	0	
1007819																																							125646	22414	296607	0	21387	60126	324	102126	2747949	2467780	34451	2509186	0	20168	6808	0	238763	1410	2747949	147	147	182419	0	0	95630	573	561406	1906374			0	1911428	1891260	-40696	0	0	0	0	238763	0	227339	
1007873																																							50377	4941	24512	0	0	22521	0	22264	529925	452247	10924	463171	0	2032	0	0	66754	0	529925	0	0	66903	0	0	0	0	86391	365856			0	402047	400015	-149	0	0	0	0	66754	0	5295	
1007930																																							3442	1271	50191	0	0	1876	27	6377	168081	150030	1130	153439	0	440	0	0	14642	80	168081	0	0	8406	0	0	6181	0	31954	118076			0	105330	104890	-25	7	0	2279	0	14642	0	0	
1007958																																							1523	809	30458	0	0	110	0	2366	78510	60875	184	70584	0	893	9525	0	7926	400	78510	0	0	6292	0	0	1948	0	13963	46912			0	44137	43244	-714	0	0	0	0	7926	0	0	
1008076																																							16837	1776	105254	0	0	1514	0	20954	407178	350335	1633	382468	0	1373	30500	0	24710	0	407178	0	0	34610	0	0	0	0	426	349909			0	253444	252071	-9900	0	0	0	0	24710	1	8771	
1008151																																							734	2918	38859	0	704	736	160	3447	130916	110639	383	118592	0	857	1700	0	12324	75	130916	0	0	9577	0	0	3625	0	33467	77172			0	84215	83358	-953	0	0	5870	0	12324	0	0	
1008209																																							3270	25860	27260	0	0	627	0	2576	335321	289695	434	309945	0	1226	19816	0	25376	200	335321	0	0	13960	0	0	12196	0	37889	251806			0	260729	259503	-980	164	0	0	0	25376	0	16061	
1008553																																							1216	3007	27291	0	0	582	0	5315	138281	112881	893	120474	0	1114	3652	0	17807	100	138281	0	0	17750	0	0	2450	0	8929	103952			-1812	101984	100870	-681	0	0	0	3048	17807	0	0	
1008674																																							1459	9452	139544	0	7230	11946	0	59735	1242761	1114066	29439	1168505	0	5327	25000	0	74256	0	1242761	0	0	0	0	0	88011	0	188714	925352			0	940331	935004	-13755	78391	0	0	0	74256	0	0	
1008955																																							1825	1783	42378	0	0	674	0	1224	147317	134037	554	134591	0	783	0	0	12726	200	147317	0	0	8277	0	0	7300	0	30901	103136			0	88016	87233	-3051	12134	0	0	0	12726	66	0	
1009242																																							20834	21798	165190	0	10781	38795	16	52387	1559375	1157921	5925	1391196	0	13144	227350	0	168179	1200	1559375	0	0	102369	0	0	73996	0	277218	880703			0	1252807	1239663	-9386	9711	0	0	0	168179	125	75	
1009354																																							96626	39831	1367921	0	71927	48190	0	90817	3779399	3127741	25100	3344549	0	31590	0	0	434850	5771	3779399	0	0	412001	0	0	135010	0	868331	2259410			0	2095677	2064087	-117932	0	0	0	191708	434850	0	0	
1009756																																							3169	1096	100590	0	66	1225	0	14768	390435	329609	3207	351655	0	3009	18839	0	38780	600	390435	0	0	37819	0	0	6500	0	64673	264936			0	272330	269321	-6139	134	0	0	0	38780	66	0	
1009840																																							0	700	54273	0	0	533	440	1407	110766	90570	314	97609	0	945	6725	0	13157	290	110766	0	0	15576	0	0	1100	0	16243	74327			0	49382	48437	-3809	3181	0	0	0	13157	0	1795	
1010015																																							2272	5190	88704	0	0	3250	0	14038	331106	289092	2302	291394	0	5551	0	0	39712	1288	331106	0	0	41664	0	0	1487	0	69411	219681			0	191170	185619	-4727	3630	0	0	0	39712	0	28403	
1010574																																							28912	2648	27059	0	663	8991	1051	8357	380875	342994	3990	346984	0	3413	0	0	33891	11	380875	0	0	25798	0	0	8725	480	51460	291534			0	306127	302714	-643	0	0	0	0	33891	0	0	
1011432																																							16190	2332	54011	0	0	1468	289	2814	199013	173319	888	174207	0	1509	0	0	24806	600	199013	0	0	25420	0	0	609	0	53771	119548			0	123418	121909	-1823	0	0	0	0	24806	0	0	
1011526																																							37725	152007	1492342	0	157871	69120	482	305340	6703029	5449610	79244	6046528	0	19862	150000	0	656501	619	6703029	0	0	270389	0	0	461763	543	1562243	3887367			0	4506119	4486257	-76270	0	0	0	367674	656501	1342	0	
1011638																																							87497	20991	124292	0	1568	11105	227	23992	1467071	1261007	3910	1305917	0	17597	41000	0	161154	962	1467071	0	0	107988	0	0	60552	1216	290942	970065			0	1213072	1195475	-8348	708	0	0	0	161154	0	0	
1011656																																							180269	6015	67335	0	0	2087	0	10799	747739	531541	33543	565084	0	252	0	0	182655	75	747739	0	0	3657	0	0	178914	0	4422	527119			0	387814	387562	9	0	0	0	0	182655	0	93672	
1011955																																							2498	17505	133842	66	11834	6610	644	25531	723672	620742	4907	648545	0	7035	22896	0	75127	600	723672	0	0	36816	0	0	47038	0	131314	489428			0	532110	525075	-9327	0	0	0	0	75127	67	0	
1012251																																							24290	5833	237317	0	0	3221	0	29956	541904	483442	3814	487256	0	1716	0	0	54648	2400	541904	0	0	67310	0	0	11600	0	85226	398216			0	181209	179493	-26662	101	0	0	0	54648	0	61693	
1012457																																							0	4299	4031	0	0	441	0	1484	49247	43985	289	44274	0	374	0	0	4973	100	49247	0	0	2954	0	0	1900	0	10485	33500			0	34866	34492	19	3500	0	0	0	4973	0	1000	
1013070																																							2605	2691	97968	0	4564	6128	0	36014	1031209	830956	8630	889586	0	8196	50000	0	141623	0	1031209	0	0	122535	0	0	20100	0	79205	751751			0	889435	881239	-1012	0	0	0	0	141623	0	0	
1013650																																							0	2896	42760	0	0	87	0	2680	122703	101512	445	101957	0	961	0	0	20746	100	122703	0	0	21406	0	0	150	0	38054	63458			0	71784	70823	-910	3457	0	0	0	20746	0	0	
1013744																																							4745	11088	469851	0	5346	9231	0	18176	978096	883204	5799	907503	0	4636	18500	0	70593	82	978096	0	0	2059	0	0	68000	0	74912	808292			0	464295	459659	452	0	0	0	0	70593	0	0	
1014059																																							17392	1602	8453	0	0	409	0	1051	78737	67522	31	67553	0	822	0	0	11184	250	78737	0	0	11124	0	0	250	0	20045	47477			0	49537	48715	-440	1115	0	0	0	11184	0	0	
1014125																																							76046	3579	80905	0	0	9603	0	26295	943040	813138	6669	852130	0	7796	29872	0	90910	3000	943040	0	0	70487	0	0	21175	2804	183570	629568			0	751604	743808	-3752	0	0	0	2451	90910	0	0	
1014246																																							1474	730	4140	0	0	534	0	1962	121368	109322	283	110555	0	833	0	0	10813	90	121368	0	0	7824	0	0	2910	0	20620	88702			0	113066	112233	-11	229	0	950	0	10813	66	0	
1014255																																							0	800	0	0	0	12	0	748	37682	32337	306	32643	0	255	0	0	5039	100	37682	0	0	1039	0	0	3900	0	11034	21303			0	20002	19747	0	4500	0	0	0	5039	64	11811	
1014376																																							6158	4484	46220	0	0	3842	702	9771	318533	273971	1609	275580	0	7022	0	0	42953	0	318533	0	0	45637	0	0	0	0	58693	215278			0	254378	247356	-2684	0	0	0	0	42953	0	0	
1014451																																							0	2308	15592	0	0	59	0	1653	69712	56464	276	63765	0	694	6850	0	5947	100	69712	0	0	371	0	0	5900	0	14941	41523			0	50794	50100	-424	0	0	0	175	5947	0	0	
1014554																																							203	4131	1039	0	0	3149	0	5682	119525	100423	931	109354	0	1672	8000	0	10171	200	119525	0	0	7600	0	0	2370	0	25748	74675			0	98993	97321	1	8000	0	0	0	10171	0	0	
1014657																																							32028	9477	119722	0	3547	3463	0	11914	438645	374308	1760	376068	0	3785	0	0	62577	200	438645	0	0	61624	0	0	800	230	14305	360003			0	255459	251674	-47	6590	0	0	0	62577	0	0	
1014853																																							18463	9719	222497	0	14631	7364	157	14336	527592	478137	666	493812	0	2562	15009	0	33780	400	527592	0	0	28753	0	0	31795	289	103077	375060			0	242294	239732	-27168	404	0	0	0	33780	0	0	
1015252																																							23024	11745	426098	0	206	4432	0	19893	708018	637578	4385	652772	0	2800	0	0	55246	2431	708018	0	0	53429	0	0	12069	690	192382	445196			0	224730	221930	-12683	0	0	0	10809	55246	0	0	
1015270																																							28901	2932	109755	0	373	13998	0	22268	433469	360851	4499	395350	0	2868	30000	0	38119	0	433469	0	0	55142	0	0	0	0	85298	275553			0	258110	255242	-17023	0	0	0	0	38119	0	0	
1015458																																							2940	40272	146	0	0	340	0	2223	118469	109190	646	109836	0	540	0	0	8633	200	118469	0	0	917	0	0	7519	0	29541	79649			0	58097	57557	-3	14925	0	0	0	8633	66	0	
1015560																																							93532	4042	0	0	0	39895	0	38169	2902760	2211889	81911	2413800	0	20849	120000	0	488960	5	2902760	0	0	120164	0	0	368791	0	379922	1831967			0	2740535	2719686	0	0	0	0	0	488960	0	7436	
1015841																																							21167	3051	86236	0	4983	6089	0	9387	319052	296426	1039	297495	0	2685	30	0	21557	1775	319052	0	0	14737	0	0	13954	0	63968	232458			0	190757	188072	-8909	0	0	0	0	21557	67	0	
1015850																																							62901	2287	43106	0	0	8672	865	8971	531361	466270	3667	474141	0	5483	0	0	57220	100	531361	0	0	23972	0	0	34900	283	121966	344304			0	409759	404276	-1752	0	0	0	4204	57220	0	0	
1016174																																							12744	3200	13869	0	708	5376	0	19717	306272	221978	2387	266365	0	2310	42000	0	39907	0	306272	0	0	41234	0	0	0	0	13876	208102			0	246671	244361	-1327	6073	0	0	0	39907	0	224	
1016231																																							65201	14725	109113	0	42	60018	6865	32276	1769768	1553790	12010	1615800	0	11626	50000	0	153968	338	1769768	0	0	73394	0	0	91435	0	244085	1309705			0	1490359	1478733	-11199	0	0	0	0	153968	2795	0	
1016259																																							57599	11946	293299	0	7566	6905	0	25674	1254344	1067567	4761	1129521	0	17486	16000	0	124823	3900	1254344	0	0	127334	0	0	3900	0	192584	874983			0	821762	804276	-10311	12000	35079	0	41193	124823	0	0	
1016558																																							582	429	11181	0	492	366	0	2699	62228	48494	347	56327	0	645	7486	0	5901	100	62228	0	0	1876	0	0	4395	0	11074	37420			0	47124	46479	-470	0	0	0	0	5901	0	0	
1016718																																							13848	4822	77833	0	0	1072	11	1212	175162	114118	345	126377	0	1990	0	0	48785	1200	175162	0	0	40525	0	0	6800	0	43908	70210			0	74882	72892	260	0	0	0	11914	48785	0	3472	
1016848																																							3196	2430	26388	0	909	2274	0	1598	133598	115167	58	122725	0	1231	7500	0	10873	250	133598	0	0	5463	0	0	5950	0	38593	76574			0	98034	96803	-790	0	0	0	0	10873	0	0	
1016857																																							28434	11422	272645	0	0	13839	0	21684	1145757	1024830	8974	1033804	0	11300	0	0	111953	1111	1145757	0	0	98678	0	0	16900	3078	326608	698222			0	805955	794655	-4736	0	0	0	0	111953	0	0	
1017425																																							8361	14506	196299	530	1764	15183	0	29299	914550	774884	4268	837402	0	5054	58250	0	77148	2700	914550	0	0	75960	0	0	8947	0	143920	630964			0	575850	570796	-10459	11791	0	0	0	77148	0	66021	
1017555																																							25195	1293	20175	0	2527	532	0	1387	89953	79081	319	79400	0	297	0	0	10553	250	89953	0	0	286	0	0	9730	0	18734	60347			0	39141	38844	287	0	0	0	0	10553	0	0	
1017564																																							9028	1791	60287	0	0	1556	1023	3726	120357	107794	415	108209	0	780	0	0	12148	600	120357	0	0	11132	0	0	1400	0	63546	44248			0	43726	42946	-984	0	0	0	0	12148	0	0	
1017854																																							0	1791	4107	0	1046	1900	0	1009	52725	45996	98	46094	0	315	0	0	6631	120	52725	0	0	124	0	0	6380	0	13547	32449			0	42045	41730	7	1142	0	0	0	6631	0	0	
1017939																																							67987	335257	3739787	32383	1013993	420699	1670	764229	27929114	24136285	272092	24537659	0	210429	0	0	3391455	850	27929114	20935	44282	547726	81550	0	2998448	39381	6327037	17809248			0	19384317	19173888	-155569	0	0	85000	0	3391455	0	2237355	
1017957																																							1310	3121	46128	0	0	3437	0	3737	232742	205455	3499	208954	0	1519	0	0	23788	1250	232742	0	0	24118	0	0	1250	0	45990	159465			0	157705	156186	-2830	0	0	0	0	23788	66	18757	
1018927																																							14595	13504	288667	0	22718	53077	0	103350	3196183	2691384	25980	2846669	0	31938	129305	0	349514	0	3196183	0	0	251068	0	0	114274	43705	675799	2015585			0	2655161	2623223	-15828	120	0	0	0	349514	0	33224	
1157415																																							224322	35256	165329	0	0	40331	27325	44292	2772872	2237555	23052	2365607	0	23853	105000	0	407265	826	2772872	0	0	339151	0	0	68494	0	110419	2127136			0	2259870	2236017	-1206	0	0	0	0	407265	0	0	
1160509																																							70110	2827	68440	0	0	6989	40	7020	377098	344077	1551	345628	0	2277	0	0	31470	19	377098	0	0	25453	0	0	8981	0	91652	252425			0	223949	221672	-2983	0	0	0	0	31470	0	0	
1162017																																							91202	29753	139822	0	4488	12445	0	57083	1247246	1092008	12484	1104492	0	14838	0	0	142754	43610	1247246	0	0	87209	8432	0	22430	0	425125	666883			0	915427	900589	-10495	0	0	0	0	142754	3432	0	
1163283																																							6141	4600	22825	0	0	1433	0	2215	130338	114499	536	115035	0	1375	0	0	15303	1500	130338	0	0	13913	0	0	1281	0	29391	85108			0	82419	81044	-1391	2954	0	0	0	15303	0	9126	
1169650																																							83250	9512	130257	0	0	30026	0	10178	999961	831821	11871	848113	0	6899	4421	0	151848	3929	999961	0	0	139954	0	0	8025	0	160929	670892			0	743637	736738	-60	0	0	0	0	151848	0	0	
1176881																																							1518605	338	1344041	0	21	7936	2610	280353	3548056	1125418	19630	2364340	0	5142	1219292	0	1183716	2400	3548056	0	0	712302	0	0	467790	0	109063	1016355			0	399294	394152	1224	0	0	0	0	1183716	0	0	
1176920																																							1141	1631	0	0	0	699	0	2460	79477	72786	20	72806	0	585	0	0	6671	200	79477	0	0	4556	0	0	1915	0	24926	47860			0	28443	27858	0	124	0	0	0	6671	0	45564	
1187001																																							538572	17720	0	0	85622	69475	676	49699	5450745	4815859	21054	4836913	0	35153	0	0	613832	19427	5450745	0	0	387623	0	0	206782	451	968731	3847128			0	4723683	4688530	0	0	0	0	0	613832	0	0	
1187551																																							53802	435	0	0	0	1168	0	1210	144712	75609	811	124079	0	1156	0	0	20633	498	144712	0	0	10633	0	0	9502	0	41291	34318			0	87364	86208	0	0	0	47659	0	20633	0	1889	
1188772																																							17643	14033	85902	0	3204	9606	1437	58251	834873	640033	20825	745027	437	3698	84169	0	89409	339	834873	0	0	92914	0	0	2582	252759	90560	549473			0	395131	391433	-6426	605	0	0	0	89846	0	0	
1188987																																							43460	6535	161260	0	970	3963	0	20691	476618	432071	3787	435858	0	1991	0	0	40760	100	476618	0	0	32531	0	0	13050	0	91310	340761			0	198173	196182	-4921	19857	19500	0	0	40760	0	4200	
1190476																																							469157	208080	2655035	0	441164	80842	81544	588447	17269411	14764146	169375	15262506	59	140022	36203	0	2006846	4156	17269411	0	0	936445	0	0	1120893	928	5028919	9735227			0	11800338	11660316	-54648	5793	0	0	292782	2006905	3148	1074957	
1191352																																							17358	2333	85326	0	0	884	0	4660	240688	216493	1653	220646	0	2352	2500	0	20042	393	240688	0	0	21840	0	0	6534	0	51097	165396			0	132329	129977	-8725	150	0	0	0	20042	0	0	
1216022	13820000	483000	2320000	36000	861000	0	0	3582000	112115000	5574000	97563000	0	10178000	7863000	750000	14552000	1000	112115000	0	0	8391000	1108000	0	6165000	0		0	100040000	89862000	-5000	0	0	14552000	43000	0													83376000																	409000	82967000							0		0					
1218446																																							44383	743	1375	789	0	1016	0	12259	214160	134000	3633	177718	0	2845	5000	0	36442	750	214160	0	0	32232	0	0	3478	0	87922	46078			0	154405	151560	-18	1946	0	35085	0	36442	89	0	
1222519																																							69854	11965	246354	0	0	15765	362	11368	1007482	893388	5439	898827	0	6480	0	0	108655	43	1007482	0	0	123954	0	0	3387	340	135502	757886			0	587123	580643	-18729	36532	25000	0	0	108655	0	9299	
1222948																																							32874	8454	0	1753	2781	11244	0	7226	805671	701403	3372	706096	0	5813	0	0	99575	2546	805671	0	0	89294	0	0	7735	1871	168173	533230			0	561671	555858	0	0	0	0	1321	99575	0	183610	
1225752																																							7047	1760	70190	0	0	2099	0	11409	278066	242817	3382	262936	0	2257	16737	0	15130	2675	278066	0	0	15482	0	0	4475	866	61170	181647			0	186952	184695	-7502	0	0	0	0	15130	0	0	
1225761	1498943	0	2130977	0	0	0	0	339166	9005208	148242	7401648	0	16361	0	0	1603560	750	9005208	0	0	1001230	0	0	678450	2868		0	5049615	5033254	-76870	0	0	1603560	0	0													7253406																	0	7253406							0		0					
1225798																																							8576	438	0	0	0	398	591	1786	97630	59684	2523	76942	0	1040	14735	0	20688	0	97630	0	0	20688	0	0	0	0	12368	47316			0	86881	85841	0	0	0	0	0	20688	0	0	
1228034																																							10652	10113	156097	0	4361	13368	450	8952	948406	800051	5384	805504	0	11574	69	0	142902	1105	948406	0	0	140564	0	0	1365	0	203401	596650			0	746899	735325	-132	9088	0	0	0	142902	0	0	
1293078																																							794	3878	20523	0	0	2856	0	3562	177267	161086	1191	162277	0	1188	0	0	14990	583	177267	0	0	6789	0	0	10368	0	47252	113834			0	145635	144447	-2750	1207	0	0	0	14990	0	0	
1369870																																							0	4519	7528	0	3014	150	0	1483	18666	0	2601	2601	0	0	0	0	16065	7	18666	0	0	0	0	0	16031	0	0	0			0	0	0	27	0	0	0	0	16065	1972	0	
1386251																																							3619587	205901	808328	12351	77757	284058	6448	320292	12118977	10580144	162693	10752847	0	81142	0	0	1366130	20863	12118977	0	0	1146971	0	20000	185377	11781	3335135	7245009			0	6853055	6771913	-7081	0	0	10010	0	1366130	0	561	
1387203																																							36070	4844	86765	0	8832	9960	0	2065	284036	255227	668	255895	0	1364	0	0	28141	280	284036	0	0	17323	0	0	21739	1706	49178	206049			0	135158	133794	-11201	0	0	0	0	28141	0	0	
1387605																																							64257	42763	303373	167	13507	49459	868	86975	2952557	2594701	33819	2661020	0	30632	32500	0	291537	3500	2952557	0	0	241876	79	0	56089	10304	467580	2127121			0	2411304	2380672	-9928	0	0	0	0	291537	133	0	
1391778																																							1070713	78273	78007	11952	795	0	0	516688	7760444	3743381	258414	6710103	0	770008	2708308	0	1050341	17500	7760444	0	0	799989	2360	0	237934	0	37933	3705448			0	6756180	5986172	-5082	0	0	0	0	1050341	15484	0	
1394621																																							133734	16328	65134	0	0	11759	899	10932	1175700	1007169	6488	1013657	0	7158	0	0	162043	86	1175700	0	0	165377	0	0	1034	934	278513	728656			0	594016	586858	-4454	5300	20000	0	0	162043	0	323822	
1394676	40878272	201808	119360	90207	0	0	0	2787819	211275193	9953834	192264637	0	5849602	13022349	1500000	19010556	50	211275193	0	0	14605104	1813112	0	4410833	2457423		0	168651574	162801972	-5431	0	0	19010556	125220	0	0												167788454																	460784	167327671							0		0					
1396764																																							310327	980	63678	0	0	2437	0	8252	536341	404232	5879	410111	0	9678	0	0	126230	3617	536341	0	0	31389	0	0	94039	0	96273	307959			0	158313	148635	-2815	0	0	0	0	126230	2032	0	
1397471																																							3621	3950	105454	0	0	5531	0	7404	268551	244524	1806	246330	0	2189	0	0	22221	1000	268551	0	0	13753	0	0	12000	2164	36414	208110			0	128816	126627	-4532	13800	0	0	0	22221	0	0	
1402384																																							11637	1734	11537	0	1250	8349	0	4300	174950	152392	1926	155818	0	1562	1500	0	19132	500	174950	0	0	7570	0	0	11973	0	39061	113331			0	136955	135393	-911	750	0	0	0	19132	0	0	
1404481																																							6440	4806	88021	0	0	6945	0	6666	410778	347462	3619	381081	0	2797	30000	0	29697	6000	410778	0	0	22241	0	0	9732	0	60270	287192			0	299618	296821	-8276	1079	0	0	0	29697	0	0	
1404883																																							9900	3701	19390	0	0	1899	0	1594	198921	166927	1931	168858	0	2185	0	0	30063	625	198921	0	0	25309	0	0	8075	0	75155	91772			-3450	163933	161748	-496	689	0	0	0	30063	0	0	
1414819																																							56408	11880	415177	0	0	4254	0	16598	1137676	1021906	9477	1031383	0	10899	0	0	106293	9000	1137676	0	0	115066	0	0	8800	0	405139	616767			0	643345	632446	-26573	0	0	0	0	106293	913	0	
1418255																																							6358	1930	0	0	0	5513	0	794	82168	68651	568	69219	0	2170	0	0	12949	2000	82168	0	0	6979	0	0	3970	0	12540	56111			0	64457	62287	0	5286	0	0	0	12949	0	0	
1429028																																							99966	2169	73563	0	6576	12997	0	12710	1018424	864854	9821	914675	0	7843	40000	0	103749	1000	1018424	0	0	30019	0	0	75487	320	152015	712839			0	814566	806723	-2757	1180	0	0	0	103749	2220	0	
1435092																																							9197	3352	82579	0	697	1783	0	6103	139733	128685	786	129471	0	600	0	0	10262	1000	139733	0	0	9164	0	0	6423	0	46289	82396			0	36622	36022	-6325	0	0	0	0	10262	0	0	
1436204																																							195498	29805	1327812	0	74671	30558	0	154036	3904329	3450939	49067	3500715	0	30090	709	0	403614	377159	3904329	0	0	44873	1184	0	0	0	1289813	2161126			0	2120855	2090765	-18418	0	0	0	0	403614	0	0	
1443266	5705000	12000	0	0	0	0	3000	64000	15505000	80000	13619000	0	13000	450000	0	1886000	22000	15505000	0	0	1860000	0	0	4000	0		0	9734000	9721000	0	0	0	1886000	0	0													13089000																	0	13089000							0		0					
1444021	91893	1970	591945	0	3282923	137086	0	689817	4820183	1138619	1138619	0	0	0	0	3681564	1500	4820183	0	0	780100	0	0	2905131	0		0	0	0	-5167	0	0	3681564	24351	198	0	0	0			591945							0					0												0	0							0	0	0	0		24351		
1445943																																							52543	24540	629647	0	23251	36669	381	67586	1900058	1598809	10184	1677883	0	16197	6271	0	222175	3250	1900058	0	0	177779	0	0	91015	311	542739	1056070			0	1081169	1064972	-49869	0	0	0	62619	222175	158	0	
1447639																																							8829	23927	561966	987	41585	75843	0	39769	3148738	2702108	36289	2780397	0	24273	42000	0	368341	7110	3148738	0	0	253907	0	0	154607	0	932453	1769655			0	2384878	2360605	-47283	0	0	0	0	368341	904	34323	
1456501	15783000	23000	68232000	0	0	0	8000	3958000	253348000	3286000	227772000	0	553000	18316000	0	25576000	0	253348000	32535000	524000	18592000	2606000	0	8005000	9184000		0	92684000	92131000	-1021000	7064000	501000	25576000	0	21824000	0												205145000																	2201000	202944000							0		0					
1458608																																							188672	55681	692685	0	12164	64855	1843	69394	3630639	3151890	54074	3319681	0	47029	113717	0	310958	1403	3630639	0	0	233598	0	0	98597	20348	605400	2546490			0	2562027	2514998	-22640	0	0	0	0	310958	9999	0	
1459717																																							39429	23710	465385	0	3036	19609	63	20895	2595483	2207469	7337	2384213	0	21214	0	0	211270	1000	2595483	0	0	145871	0	0	67211	8897	299102	1908367			0	2004758	1983544	-2812	390	30525	0	169407	211270	0	0	
1459735																																							50692	7188	84985	0	0	7123	0	30897	665500	553364	19666	573030	0	4489	0	0	92470	2366	665500	0	0	89610	0	0	8178	21980	136534	416830			0	465851	461362	-7684	0	0	0	0	92470	0	1273	
1459799																																							65782	10421	45079	198	0	6608	0	14700	444580	383048	4014	392812	0	4680	5750	0	51768	1503	444580	0	0	19108	0	0	32992	0	150054	232994			0	306472	301792	-1835	0	0	0	0	51768	0	0	
1462986																																							17492	355	4477	0	0	904	0	3607	57377	45794	476	46270	0	582	0	0	11107	3000	57377	0	0	5574	0	0	2550	0	5580	40214			0	30839	30257	-17	285	0	0	0	11107	0	0	
1469677																																							267213	8474	436390	0	1892	20632	0	76219	2094353	1932253	19349	1960149	0	14221	0	0	134204	7000	2094353	0	0	85685	0	0	77947	0	407390	1524863			0	1271840	1257619	-36428	25914	0	0	8547	134204	0	0	
1470150																																							14031	1466	15267	0	0	716	0	1345	143613	121985	967	130208	0	1465	0	0	13405	1445	143613	0	0	9918	0	0	3176	0	16383	105602			0	111388	109923	-1134	865	0	0	7256	13405	0	0	
1474309																																							15319	818	19777	0	0	1998	1	811	83394	74506	952	75458	0	1400	0	0	7936	348	83394	0	0	-10798	0	0	22173	0	11766	62740			-297	42540	41140	-3490	3530	0	0	0	7936	0	0	
1479470																																							24091	3834	113247	0	5	10585	0	26218	616118	553629	4938	568635	0	6124	10068	0	47483	7323	616118	0	0	41914	0	0	5684	0	150555	403074			0	439762	433638	-7438	4500	0	0	0	47483	0	0	
1481745																																							52093	3425	67148	3201	207	20953	0	4815	709956	626514	3437	632451	0	7117	2500	0	77505	2125	709956	0	0	22947	0	0	53924	457	159379	467135			0	562588	555471	-1491	0	0	0	0	77505	0	2186	
1492817																																							11883	5424	147529	0	22	2994	0	2444	300904	281772	800	282572	0	2031	0	0	18332	150	300904	0	0	18980	0	0	4350	0	24482	257290			0	132639	130608	-5148	0	0	0	0	18332	0	0	
1493319																																							9150	1630	27840	0	299	2068	0	6871	260466	203030	2347	238377	0	2540	33000	0	22089	26991	260466	0	0	-38217	0	0	35973	0	9469	193561			0	215148	212608	-2658	0	0	0	0	22089	0	0	
1494482																																							545	1029	0	0	0	924	0	4045	45595	39940	100	40040	0	634	0	0	5555	244	45595	0	0	3120	0	0	2191	0	13971	25969			0	39686	39052	0	0	0	0	0	5555	0	0	
1494914																																							64527	2576	57420	0	2342	45848	0	19828	1896869	1587388	55713	1643101	0	12539	0	0	253768	223000	1896869	0	0	1038	0	0	36823	0	658715	928673			0	1662123	1649584	-7093	0	0	0	0	253768	0	54744	
1629903																																							198	24330	0	0	0	0	0	42692	95359	0	26972	26972	0	0	0	0	68387	300	95359	0	0	28996	0	0	39091	0	0	0			0	0	0	0	17710	0	0	0	68387	9433	996	
1718188	109734	35723	420661	34078	78298	45603	0	46280	3270854	62363	2908641	0	23737	18746	0	362213	6107	3270854	0	0	221210	0	0	135305	100323		0	2397141	2373404	-409	0	0	362213	0	26750	0	0	0			420661							2827532					18746												734661	2092871							0	0	0	0		0		
1718469																																							246980	2156	382735	0	25636	198	0	83157	2723291	1395065	26398	2466141	0	13543	955000	0	257150	852	2723291	196190	154	114107	17939	0	145178	233259	211066	1183999			0	1472141	1458598	-2987	0	0	0	89524	257150	0	76443	
1820979																																							500	654	2716	0	0	109	0	419	5424	0	1180	1180	0	0	0	0	4244	1150	5424	0	0	1941	0	0	1150	0	0	0			0	0	0	3	0	0	0	0	4244	1026	0	
1836701																																							90847	3247	14404	0	0	4691	0	6461	578551	461004	2018	515434	0	5310	48000	0	63117	1917	578551	0	0	20068	0	0	41982	768	61934	399070			0	463443	458133	-850	0	0	0	4412	63117	0	0	
1842065																																							11010619	191629	7384200	0	2827571	90168	405	1343507	63978350	50773784	895996	52802889	0	481432	1130321	0	11175461	1769	63978350	4107	2788	4744089	0	0	6391755	7986	11558218	39215566			0	39738251	39256819	37848	0	0	0	0	11175461	0	1861339	
1863097																																							78460	4681	83312	0	0	21161	0	44705	1059568	882603	13907	983535	0	4594	87025	0	76033	1048	1059568	0	0	63540	0	0	24960	0	195525	687078			0	670785	666191	-13515	47	0	0	0	76033	0	161011	
1864197																																							185790	17309	543532	0	3313	26286	0	68584	2022957	1793192	22165	1815357	0	12381	0	0	207600	25148	2022957	0	0	201123	16032	0	0	0	587529	1205663			0	1141988	1129607	-18671	29080	0	0	0	207600	3424	0	
1872941																																							15236	2688	53852	0	1346	10823	0	10785	658631	558943	3200	600143	0	5677	38000	0	58488	500	658631	0	0	15176	0	0	43671	3823	118339	440604			0	565648	559971	-859	0	0	0	0	58488	107	0	
1879016																																							22116	3883	73476	0	0	9011	742	9078	350587	301075	6166	324241	0	2912	17000	0	26346	0	350587	0	0	23873	0	0	8624	0	22612	278463			0	235193	232281	-6151	0	0	0	0	26346	0	0	
1883321																																							643395	39062	5937316	0	0	1202	0	148901	6769876	6243851	16134	6259985	0	0	0	0	509891	280	6769876	0	0	318818	0	0	306577	0	3447928	2795923			0	0	0	-115784	0	0	0	0	509891	0	0	
1885932																																							59060	3650	139686	0	0	3660	0	58489	971152	844993	11717	856710	0	63983	0	0	114442	510	971152	0	0	26416	0	0	92400	0	34587	810406			0	770590	706607	-4884	0	0	0	0	114442	0	0	
1890525																																							196627	19841	70870	0	2046	19249	1472	87620	2956346	2324458	30845	2611077	0	32342	255774	0	345269	17837	2956346	0	0	261659	0	0	66868	9490	465993	1858465			0	2536581	2504239	-1095	0	0	0	0	345269	8316	36576	
1892154																																							107523	9249	102312	0	0	5695	0	13242	518614	465447	4748	470195	0	3615	0	0	48419	1750	518614	0	0	27361	0	0	19475	0	118008	347439			0	243360	239745	-167	0	0	0	0	48419	0	40848	
1893049	3213000	1000	5188000	0	1000	0	0	484000	27022000	22000	25027000	0	0	0	0	1995000	15000	27022000	0	0	108000	0	0	2927000	0		0	3487000	3487000	-1055000	0	0	1995000	0	14648000													25005000																	0	25005000							0		0					
1917301	921564	81985	449725	0	41534	63719	544	407207	9386148	130392	8524769	0	45210	958060	0	861379	5270	9386148	69848	69821	753256	0	0	191831	0		0	6815723	6770513	-88978	0	0	861379	6031	536474	153450	153450	0			449725							7213046					550076					69848	69821						1719032	5494014							37004	0	0	0		6031		
1918344																																							795674	12229	566186	0	803	38517	3510	109791	7601679	6350066	113430	6812202	0	78992	200000	148706	789477	206577	7601679	0	0	780637	69978	0	109410	0	721018	5629048			-293406	6065234	5986242	-13741	0	0	0	0	789477	0	18749	
1929247																																							2564192	583375	6313756	154711	3564417	994176	8771	2454534	67179734	55223931	1659091	57509815	0	585197	1190	0	9669919	2498	67179734	110183	7388	2140831	0	0	7809971	345343	13453831	41770100			0	48598527	48013330	-283381	24916	0	306841	311374	9669919	0	2048030	
1940747																																							56132	1417	0	0	0	1646	0	4614	353090	285757	2102	287859	0	2831	0	0	65231	60	353090	0	0	30131	0	0	35040	0	226068	59689			0	271641	268810	0	0	0	0	0	65231	0	20471	
1945247																																							14872	1211	4929	0	55	134	993	652	50677	41743	128	41871	0	124	0	0	8806	1102	50677	0	0	-7143	0	0	14846	10097	16162	25581			0	16809	16685	1	1049	0	0	0	8806	0	0	
2002222																																							44460	8830	68186	0	0	1920	0	16160	364989	318280	3759	322039	0	3282	0	0	42950	1615	364989	0	0	45067	0	0	2422	0	59278	259002			0	227787	224505	-6154	0	0	0	0	42950	0	928	
2006024																																							81178	3021	127270	0	0	7303	5375	6677	965048	847072	5129	853261	0	12489	1060	0	111787	1590	965048	0	0	97119	0	0	21372	0	117895	729177			0	742439	729950	-8294	0	0	0	0	111787	4274	0	
2007991																																							40144	2900	95361	0	0	2040	0	14802	532051	442837	4606	482896	0	5914	15000	0	49155	1842	532051	0	0	50232	0	0	2838	0	54535	388302			0	288210	282296	-5757	0	0	0	20453	49155	0	94508	
2009605																																							210417	29990	530960	0	5119	16348	0	23722	2064114	1784439	15992	1891635	0	18331	90000	0	172479	490	2064114	0	0	181370	0	0	20109	646	251546	1532893			0	1264977	1246646	-29490	0	0	0	1204	172479	266	0	
2010722																																							4542	4812	104939	0	0	4134	0	11936	418381	361129	2329	389458	0	4963	26000	0	28923	141	418381	0	0	4336	0	0	32359	0	98483	262646			0	292981	288018	-7913	0	0	0	0	28923	0	0	
2044811																																							275373	36348	576691	0	53773	24801	2700	167580	4478347	3834887	29458	4070797	0	19497	201279	0	407550	600	4478347	5176	5173	282554	0	0	152533	0	748463	3086424			0	3057626	3038129	-28137	5	0	0	0	407550	62	297709	
2044820																																							7006	3350	63302	0	0	2288	0	1242	199404	187624	453	188077	0	2068	0	0	11327	2000	199404	0	0	9307	0	0	7680	0	49223	138401			0	124284	122216	-7660	0	0	0	0	11327	0	0	
2051127																																							808	4541	71375	0	279	1685	0	16202	419253	350714	1724	366938	0	3287	14500	0	52315	1890	419253	0	0	47461	0	0	7890	0	63980	286734			0	327582	324295	-4926	68	0	0	0	52315	0	0	
2059990																																							11246	436	23928	0	202	1026	1194	2085	148356	124740	939	132843	0	1445	7164	0	15513	0	148356	0	0	12330	0	0	3113	1559	17427	107313			0	108125	106680	70	0	0	0	0	15513	0	0	
2068107																																							177589	30387	46690	5312	3265	20788	3139	53823	1428530	1192205	19260	1224161	0	46637	12696	0	204369	35290	1428530	0	0	168433	0	0	0	41981	163359	1028846			0	1088120	1041483	646	0	0	0	0	204369	0	4073	
2119773																																							80318	86454	585467	0	125697	46028	776	245069	6118157	4877944	58930	5454435	0	26315	478116	0	663722	2150	6118157	7425	7445	368747	0	0	318176	0	888225	3989719			0	4543595	4517280	-25351	5	0	32000	0	663722	2764	420874	
2121196																																							4922647	12	18117355	231087	0	0	0	1558370	34631887	28737467	914165	30768380	0	899934	1116748	0	3863507	1	34631887	0	0	2037153	0	0	1739004	0	31769	28705698			0	9695719	8795785	87349	0	1004500	0	0	3863507	2131	0	
2122997																																							36418	0	0	0	0	0	0	2428	38846	500	929	1429	0	0	0	0	37417	1000	38846	0	0	35417	0	0	1000	0	0	500			0	0	0	0	0	0	0	0	37417	0	0	
2123930																																							19290	1833	28840	0	1	1212	0	3874	111682	98489	1319	104839	0	309	0	0	6843	350	111682	0	0	4533	0	0	4093	0	19725	78764			0	54988	54679	-2133	0	0	0	5031	6843	0	1953	
2132941																																							320651	25567	581091	13127	3515	31771	0	80452	3094891	2836368	25472	2866942	0	25904	2803	0	227949	1320	3094891	2299	2299	230583	18164	0	41730	0	445932	2390436			0	2019924	1994020	-45684	24234	0	0	0	227949	0	0	
2140348																																							269026	73104	80224	0	8210	17651	99	10850	995058	637651	181287	818938	0	5819	0	0	176120	608	995058	0	0	91470	0	0	83518	9265	430513	207138			0	532448	526629	524	0	0	0	0	176120	0	0	
2142155																																							28529	35838	73404	10428	2791	22490	0	87046	2691426	2302236	42330	2387632	0	26663	28766	0	303794	1300	2691426	0	0	245730	0	0	69294	0	301905	2000331			0	2030858	2004195	-12530	179900	0	14300	0	303794	2986	243819	
2163477																																							76870	0	486	0	0	2998	0	11903	92257	0	17787	17787	0	0	0	0	74470	1763	92257	0	0	65949	0	0	6758	0	0	0			0	0	0	0	0	0	0	0	74470	0	0	
2182786	108965000	2487000	52795000	2000	1160000	281000	0	52455000	644997000	32566000	579627000	39000	1470000	47621000	23000	65331000	8000000	644997000	124190000	44691000	20135000	0	0	35912000	30534000		0	197512000	196042000	1284000	40388000	16395000	65370000	0	35698000	19535000	55000	19480000			52795000							418796000					32805000					76218000	25030000						109000	418687000							0	24868000	0	0		0		
2193616	2299501	14200	4511091	0	598	4117	942	681236	43374103	229651	40208007	0	376960	700000	0	3166096	10000	43374103	118734	0	2628760	61740	0	805000	168158		0	35890746	35513786	-277664	0	0	3166096	0	0	0	0	0			4511091							39278356					700000					118734	0						907374	38370982							0	0	0	0		0		
2209553																																							625346	21682	592958	0	172507	37683	0	172083	5761171	4914567	112979	5027546	0	49999	0	0	733625	403700	5761171	0	0	218780	4818	0	115865	1322	1320218	3594349			0	3653060	3603061	-4720	0	0	0	0	733625	0	529711	
2218443																																							3203	1436	59811	0	0	4734	0	5257	341879	311391	1424	318815	0	2645	6000	0	23064	4000	341879	0	0	12468	0	0	13648	0	33898	277493			0	232710	230065	-7052	0	0	0	0	23064	0	37373	
2232757																																							19568	5850	75474	394	0	3128	0	6145	239636	212847	2806	215653	0	1491	0	0	23983	1250	239636	0	0	9214	0	0	14750	608	89046	123801			0	128983	127492	-1231	977	0	0	0	23983	0	0	
2233875																																							54589	3715	4572	0	0	2311	0	2747	278951	190323	3261	193584	0	1586	0	0	85367	280	278951	0	0	11238	0	0	74120	0	103403	86920			0	212603	211017	-271	0	0	0	0	85367	0	0	
2236821																																							183979	2482	224677	0	109	29219	0	38129	1088831	978454	8608	987062	0	6839	0	0	101769	9250	1088831	0	0	-68137	0	0	172775	24513	116533	861921			0	592562	585723	-12119	0	0	0	0	101769	0	0	
2239288																																							645818	90667	366264	0	58698	96037	9314	288372	9575716	8334919	137726	8516297	0	75997	212	0	1059419	2850	9575716	43694	43440	664432	0	0	401632	0	2491509	5843410			0	7861122	7785125	-9495	5	0	0	0	1059419	5082	186640	
2262718																																							117483	0	22955	0	17733	11	0	10606	168788	0	6408	6408	0	0	0	0	162380	1	168788	0	0	107100	0	0	55275	0	0	0			0	0	0	4	0	0	0	0	162380	0	0	
2265456																																							0	649326	1109	0	0	25285	0	70506	772799	5130	98259	103389	0	322	0	0	669410	1000	772799	0	0	309018	0	0	359386	0	13	5117			0	26895	26573	6	0	0	0	0	669410	0	0	
2297998																																							105729	2130	77081	0	37955	5427	0	27526	1107990	834170	17572	851742	0	9233	0	0	256248	118402	1107990	0	0	141374	0	0	0	0	127643	706527			0	841375	832142	-3528	20000	0	0	0	256248	0	0	
2298995																																							37089	16412	462142	0	33075	15573	675	134107	3499023	2869437	27903	3152957	0	24180	250932	0	346066	1000	3499023	4691	4685	220150	0	0	130247	0	675207	2194230			0	2670683	2646503	-5331	4	0	0	0	346066	807	147945	
2304636																																							30442	3239	9567	0	709	1566	0	7603	188107	161070	430	167000	0	1450	5500	0	21107	1245	188107	0	0	16772	0	0	3095	0	33105	127965			0	132644	131194	-5	3787	0	0	0	21107	0	0	
2305969																																							11940	4478	45090	0	0	4947	0	12371	301517	258825	4308	274871	0	2554	9000	0	26646	534	301517	0	0	15738	0	0	16206	0	19479	239346			0	225089	222535	-5832	156	0	0	2738	26646	0	0	
2316714																																							98665	2257	76817	0	14796	5640	0	15713	693289	587183	5214	599910	0	8779	5000	0	93379	2313	693289	0	0	69973	0	0	21705	0	139263	447920			0	488180	479401	-612	0	0	0	2513	93379	0	0	
2317672																																							5143	1483	44739	0	0	802	0	6209	288224	205718	1563	262681	0	1968	54900	0	25543	1160	288224	0	0	17084	0	0	8757	0	26112	179606			0	204479	202511	-1458	0	0	0	500	25543	0	27337	
2325882																																							158766	0	100	0	0	0	0	7009	165875	0	16102	16102	0	0	0	0	149773	2000	165875	0	0	45093	0	0	102680	0	0	0	2a	1231	0	0	0	0	0	0	0	0	149773	0	0	
2328137																																							137184	23916	294095	0	14926	31528	168	52549	2057446	1755534	18997	1881720	0	13806	0	0	175726	43801	2057446	0	0	91527	0	0	58799	10737	473006	1282528			0	1311019	1297213	-18401	0	0	0	107189	175726	14	195116	
2328285																																							0	8884	0	0	1984	967	0	3064	30541	0	2122	2755	0	0	633	0	27786	1500	30541	0	0	12205	0	0	14081	0	0	0			0	0	0	0	0	0	0	0	27786	222	15420	
2329200																																							32070	8131	133352	0	628	2288	0	9067	309682	266436	2966	278947	0	2449	2372	0	30735	2050	309682	0	0	25575	0	0	5850	0	72415	194021			0	126595	124146	-2740	0	0	0	7173	30735	0	0	
2332910																																							62965	2642	29629	0	0	9302	0	12363	835864	637858	6953	644811	0	10867	0	0	191053	70000	835864	0	0	121000	0	0	0	0	55235	582623			0	715615	704748	53	0	0	0	0	191053	0	14215	
2333140																																							367	8481	35	0	18	722	0	8231	226050	183349	1833	198682	0	2305	13500	0	27368	263	226050	0	0	-11557	0	0	38662	0	40033	143316			0	163145	160840	0	34686	0	0	0	27368	0	12670	
2337335																																							0	0	0	0	0	0	0	3055	3055	0	0	0	0	0	0	0	3055	1000	3055	0	0	55	0	0	2000	0	0	0			0	0	0	0	0	0	0	0	3055	0	0	
2339599																																							38358	8815	85391	0	864	4628	0	20850	633691	542795	6069	566164	0	6313	17300	0	67527	500	633691	0	0	61652	0	0	7400	0	77492	465303			0	478291	471978	-2025	557	0	0	0	67527	0	2250	
2339795																																							88806	8332	276024	0	5133	24696	521	153670	3135699	2652886	18463	2851002	0	17431	175000	0	284697	2500	3135699	4655	4653	204003	0	0	91469	0	416373	2236513			0	2396456	2379025	-13275	5	0	0	0	284697	78	194754	
2343167																																							12332	5326	32317	0	0	3208	0	12045	541959	491971	4672	496643	0	5939	0	0	45316	1000	541959	0	0	29974	0	0	15833	0	73988	417983			0	447452	441513	-1491	33454	0	0	0	45316	0	1764	
2344753																																							227654	4944	55591	0	4010	22348	460	40964	2086882	1797491	10750	1885662	0	38125	77421	0	201220	4000	2086882	0	0	186320	0	0	10885	192	290774	1506717			0	1765260	1727135	15	3584	0	0	0	201220	0	0	
2353595																																							43300	84799	121759	3547	155044	47559	0	124510	3248653	2722282	60531	2784027	0	30761	0	0	464626	6240	3248653	0	0	126275	0	0	339629	0	896255	1826027			0	2314755	2283994	-7518	384141	0	0	1214	464626	0	0	
2354985																																							4351826	54709	1906535	28361	5557	51091	12432	1093207	24881148	21001171	273470	22725721	0	155656	1325068	109659	2155427	29361	24881148	11796	16353	1119051	0	0	1061078	26102	6520993	14480178			0	16756415	16600759	-54063	0	0	0	0	2155427	9639	729134	
2356091																																							884	6614	136640	0	58	8042	70	16372	593979	544750	4312	559880	0	4529	10000	0	34099	200	593979	0	0	34845	0	0	19585	119	103228	441522			0	404790	400261	-20531	24919	0	2	816	34099	0	0	
2358769																																							198107	12834	114670	0	0	10634	0	34146	1098773	977765	5354	983690	0	10318	571	0	115083	1500	1098773	0	0	59854	0	0	58722	0	177615	800150			0	738700	728382	-4993	0	0	0	0	115083	0	0	
2362458	913789	0	0	0	0	0	205	55761	2815071	140514	2056778	0	2233	0	0	758293	1500	2815071	0	0	558452	0	0	198341	2538		0	1845011	1842778	0	0	0	758293	0	0													1916264																	0	1916264							0		0					
2371816																																							1268	746	29307	0	0	938	0	19177	368821	261120	5239	301195	0	5774	34836	0	67626	2000	368821	0	0	56195	0	0	9683	0	28734	232386			0	319199	313425	-252	3960	0	0	0	67626	0	0	
2390929																																							129499	24251	112325	0	71767	39443	1159	136258	3340777	2741282	28431	2865109	0	31700	60000	0	475668	19955	3340777	0	0	234873	0	0	227396	2670	897850	1843432			0	2721729	2690029	-6556	0	0	0	35396	475668	0	133376	
2391588																																							15264	898	30549	0	561	3268	396	6401	272233	220613	1320	243005	0	1979	21072	0	29228	200	272233	0	0	4223	0	0	25800	0	48501	172112			0	210944	208965	-995	5931	0	0	0	29228	0	0	
2396592																																							15963	6182	22356	0	730	8488	0	14026	482991	410757	5225	436482	0	5300	20500	0	46509	1250	482991	0	0	45784	0	0	1250	0	45751	365006			0	413301	408001	-1775	7245	0	0	0	46509	0	0	
2396604																																							9410	3883	124419	0	0	2001	576	11482	401462	350893	2167	359542	0	3372	0	0	41920	552	401462	0	0	35965	0	0	5783	0	103601	247292			0	230522	227150	-380	3700	0	0	6482	41920	0	18841	
2398701																																							59898	528	45818	0	2821	1068	0	19829	664062	512893	6084	597089	0	7919	78112	0	66973	920	664062	0	0	-10702	0	0	79435	0	69403	443490			0	487125	479206	-2680	0	0	0	0	66973	0	54894	
2451240																																							381576	13154	17938	0	0	2436	0	157579	1138599	516742	341316	998058	0	4749	40000	0	140541	49663	1138599	0	0	91337	0	0	0	0	338352	178390			0	486664	481915	-459	0	0	100000	0	140541	0	84001	
2465881																																							25639	14097	72050	0	1566	34103	712	30540	1171499	974606	11869	1057475	0	11733	55500	0	114024	2	1171499	0	0	76583	0	0	39638	892	186727	787879			0	927989	916256	-2199	0	0	15500	0	114024	0	75644	
2467670																																							205363	1232	0	0	0	152	0	977	262658	220777	596	221476	0	319	103	0	41182	3500	262658	0	0	-245	0	0	37927	0	107900	112877			0	55253	54934	0	0	0	0	0	41182	0	0	
2471239																																							458593	14035	990194	0	61724	65562	36778	137543	5739598	4993853	104908	5099761	0	54410	1000	0	639837	1500	5739598	0	0	363720	0	0	276934	17805	469899	4523954			0	3906112	3851702	-2317	0	0	0	0	639837	0	105662	
2482824																																							57759	23461	92555	0	17835	32267	603	51485	1850039	1635238	23494	1658732	0	19454	0	0	191307	1500	1850039	0	0	183873	0	0	6905	23744	307958	1327280			0	1557982	1538528	-971	2102	0	0	0	191307	0	9700	
2489805	29631000	81000	20188000	0	456000	0	45000	2393000	254706000	1636000	236985000	0	357000	12750000	0	17721000	0	254706000	0	0	5932000	1513000	0	12144000	5000		0	174385000	174028000	-355000	4000000	0	17721000	0	22366000													222599000																	819000	221780000							0		0					
2490285																																							555	1849	43041	0	0	520	0	2003	93872	88199	210	88409	0	870	0	0	5463	1000	93872	0	0	6184	0	0	2400	0	16590	71609			0	41355	40485	-4121	5419	0	0	0	5463	0	0	
2497181																																							140343	32115	274957	0	0	12132	9997	41821	1948950	1703611	10271	1723996	0	19845	10114	0	224954	1779	1948950	0	0	128840	0	0	104942	490	281580	1422031			0	1456903	1437058	-10607	37	0	0	0	224954	0	0	
2502825																																							956	0	0	0	0	0	0	268	4457	500	279	779	0	0	0	0	3678	1000	4457	0	0	1400	0	0	1278	0	0	500			0	0	0	0	0	0	0	0	3678	0	3233	
2505424																																							648	7519	40496	0	0	4347	0	12943	386221	317155	2266	343096	0	5001	23675	0	43125	350	386221	0	0	40133	0	0	3133	0	53324	263831			0	296684	291683	-491	28585	0	0	0	43125	0	0	
2505451																																							40351	4656	244902	0	0	6303	0	5625	616991	554045	1443	555488	0	4200	0	0	61503	3250	616991	0	0	47719	0	0	14306	0	208750	345295			0	319354	315154	-3772	0	0	0	0	61503	0	0	
2505460																																							20472	5740	60236	0	0	8454	600	8407	428656	362980	6595	372171	0	5215	1000	0	56485	500	428656	0	0	46443	0	0	9500	0	91747	271233			0	328962	323747	42	1000	0	0	1596	56485	0	0	
2508751																																							51531	23682	433729	0	236775	42484	676	130559	4769383	3666507	85632	4249653	0	22619	488451	0	519730	2500	4769383	4855	4063	332904	0	0	205406	340746	667866	2998641			0	3446564	3423945	-21080	4	0	5000	0	519730	5155	75242	
2515320																																							43743	2167	89958	0	10	6597	0	52473	1364455	1082296	10554	1252158	0	10178	159308	0	112297	562	1364455	0	0	38155	0	0	78880	0	486969	595327			0	1079801	1069623	-5300	0	0	0	0	112297	0	99884	
2529176																																							408	3032	42764	0	0	4646	0	7917	238205	184181	1494	206359	0	2285	12100	0	31846	500	238205	0	0	26474	0	0	6000	532	35531	148650			0	160351	158066	-1128	14175	0	0	8584	31846	0	6665	
2531562																																							22128	1174	95	0	989	1100	0	6231	125503	83257	339	104776	0	1487	21180	0	20727	2500	125503	0	0	1227	0	0	17000	0	7075	76182			0	95273	93786	0	0	0	0	0	20727	0	0	
2531991	231120	0	0	0	0	0	0	6576	237696	1976	1976	0	0	0	0	235720	200	237696	0	0	82297	0	0	153223	0		0	0	0	0	0	0	235720	0	0													0																	0	0							0		0					
2533043																																							18658	1956	0	0	0	515	0	2831	120324	92046	837	104590	0	1168	11707	0	15734	3491	120324	0	0	-8283	0	0	20526	0	17159	74887			0	97532	96364	0	0	0	0	0	15734	0	0	
2536633																																							678	1580	37256	0	0	1043	152	3334	148236	122377	1434	132111	0	1164	8300	0	16125	1175	148236	0	0	12795	0	0	2750	0	32480	89897			0	103941	102777	-595	1416	0	0	0	16125	0	0	
2539960																																							13112	8374	53506	0	6707	3301	10	16161	764131	628893	4146	687039	0	8004	54000	0	77092	250	764131	0	0	55485	0	0	21575	0	75089	553804			0	669938	661934	-218	1026	0	0	0	77092	0	0	
2562137																																							13973	4125	33711	0	11742	1979	0	2908	205021	170851	1045	171896	0	1273	0	0	33125	274	205021	0	0	2643	0	0	30122	0	24186	146665			0	137856	136583	86	0	0	0	0	33125	0	0	
2562164																																							702409	34241	29	0	4553	20878	0	276034	4737899	4186671	58102	4244773	0	169530	0	0	493126	29447	4737899	0	0	269999	0	0	193681	71216	580928	3605743			0	3749531	3580001	-1	320	0	0	0	493126	0	48218	
2567123																																							1993900	41955	4696	0	574084	623	0	173370	2788628	0	237596	237596	0	0	0	0	2551032	200	2788628	0	0	1379382	0	0	1171635	0	0	0			0	0	0	-185	0	0	0	0	2551032	0	0	
2568063																																							160924	226	3504	0	0	9415	0	12479	1076009	971365	10942	982307	0	5786	0	0	93702	100	1076009	0	0	81808	0	0	11857	0	19926	951439			0	500482	494696	-63	0	0	0	0	93702	0	394765	
2576134																																							383083	3458	0	0	5344	5125	0	199339	2940956	2390034	102859	2497455	567	21329	4562	0	442934	1109	2940956	0	0	416459	0	0	25366	994536	113124	2276910			0	1153108	1131779	0	2080	0	0	0	443501	1288	214924	
2577739																																							55182	2888	89366	0	233	2945	0	3924	224068	198451	1476	204341	0	642	0	0	19727	3511	224068	0	0	15339	0	0	3511	0	25842	172609			0	51817	51175	-2634	18355	0	0	4414	19727	0	0	
2580243																																							41930	2476	135416	7	0	12982	695	40256	1077045	896776	10880	967032	0	7783	55625	0	110013	10034	1077045	3750	3751	67849	0	0	31402	0	82386	814390			0	847316	839533	728	0	0	0	0	110013	0	0	
2587916																																							14213	6769	136516	0	0	9263	0	19730	657265	580762	2687	605499	0	6840	22000	0	51766	10122	657265	0	0	29463	0	0	24779	0	153093	427669			0	475615	468775	-12598	0	0	50	0	51766	0	1999	
2594240																																							283506	23957	445441	0	0	24671	0	149195	3625025	3268062	34683	3325245	0	36611	22500	0	299780	320	3625025	0	0	-9682	0	0	355821	7057	533367	2734695			0	2724459	2687848	-46679	3350	0	0	0	299780	0	0	
2594419																																							166799	4153	49904	0	0	5382	0	10231	426939	376027	4074	391529	0	2238	0	0	35410	300	426939	0	0	10868	0	0	26505	0	107188	268839			0	153015	150777	-2263	0	0	0	11428	35410	0	39693	
2596646																																							113406	32646	321048	5484	549	86869	38973	65876	3422679	2772980	15915	3156627	0	24710	344013	0	266052	345	3422679	0	0	234913	0	0	63921	7314	403459	2369521			0	2775224	2750514	-33127	0	0	0	23719	266052	0	0	
2597223																																							0	11	25999	0	0	4788	0	3864	39130	0	7275	7275	0	0	0	0	31855	4000	39130	0	0	26594	0	0	1000	0	0	0			0	0	0	261	0	0	0	0	31855	4468	0	
2597232																																							12	852	15472	0	0	75	0	1347	17758	0	2300	2300	0	0	0	0	15458	0	17758	0	0	-571	0	0	15957	0	0	0			0	0	0	72	0	0	0	0	15458	0	0	
2598396																																							18821	3135	29401	0	0	8265	368	1960	188462	171963	1320	173283	0	2105	0	0	15179	300	188462	0	0	3854	0	0	12414	0	45400	126563			0	126971	124866	-1389	1646	0	0	0	15179	0	0	
2600039																																							429716	705	0	0	521429	6375	0	137153	1095378	0	156885	156885	0	0	0	0	938493	500	1095378	0	0	87117	0	0	850876	0	0	0			0	0	0	0	0	0	0	0	938493	0	0	
2602828																																							82	963	0	0	0	1902	0	2744	105029	94106	673	94779	0	1080	0	0	10250	758	105029	0	0	382	0	0	9110	0	16235	77871			0	89152	88072	0	650	0	0	0	10250	335	10281	
2605566																																							0	20183	0	0	0	0	0	9222	743751	539519	46057	585576	0	157	0	0	158175	931	743751	0	0	120675	0	0	36569	21334	375	539144			0	648169	648012	0	0	0	0	0	158175	45000	0	
2607412																																							0	10203	0	0	0	136	0	1118	117990	72301	394	78295	0	510	5600	0	39695	2000	117990	0	0	34353	0	0	3342	0	5534	66767			0	107043	106533	0	0	0	0	0	39695	0	0	
2608754																																							374783	51289	903864	0	45705	54986	0	230127	6241994	4895988	61699	5516199	0	55793	326221	0	725795	1300	6241994	0	0	344152	0	0	404338	17160	1215636	3680352			0	4618171	4562378	-23995	1702	0	0	232291	725795	0	0	
2610784																																							19407	927	3026	0	0	1073	631	536	120996	109948	513	110461	0	1234	0	0	10535	100	120996	0	0	1579	0	0	8837	0	24745	85203			0	96630	95396	19	0	0	0	0	10535	0	0	
2614344																																							20216	4264	100021	0	0	8852	0	14167	436990	391270	3118	394388	0	4206	0	0	42602	864	436990	0	0	29911	0	0	16280	0	109802	281468			0	293676	289470	-4453	0	0	0	0	42602	0	0	
2615190																																							565226	25286	284086	0	123436	12562	0	688728	9251625	7235566	137937	7373597	0	1367240	94	0	1878028	10	9251625	0	0	1261436	0	0	622270	715	297564	6938002			0	8915278	7548038	-5688	0	0	0	0	1878028	0	3548	
2615220																																							17419	4580	38834	0	0	4603	1612	10437	303229	257835	2037	274872	0	1907	15000	0	28357	2250	303229	0	0	23891	0	0	6500	0	47022	210813			0	227651	225744	-4284	0	0	0	0	28357	0	0	
2618780																																							1738324	146567	3951455	0	1496	251889	0	616702	31263826	26740905	488732	27708224	0	270557	303201	134509	3555602	2500	31263826	27117	10877	2538415	0	0	1079272	4361	7259560	19481345			0	24040202	23769645	-64585	0	0	30000	0	3555602	30548	725722	
2619714																																							16188	5576	40515	0	0	9462	0	21248	398534	338887	4508	348395	0	3989	5000	0	50139	3478	398534	0	0	27642	0	0	20154	0	51375	287512			0	301844	297855	-1135	7690	0	0	0	50139	0	0	
2621285																																							8525	915	17719	0	0	8374	352	6952	194774	169941	1636	179577	0	1718	8000	0	15197	1	194774	0	0	5262	0	0	11674	0	16613	153328			0	153655	151937	-1740	0	0	0	0	15197	0	0	
2621940																																							6477	2156	64003	0	0	1175	0	5932	173769	152705	1538	154243	0	1368	0	0	19526	1820	173769	0	0	18556	0	0	1820	0	44235	108470			0	92916	91548	-2670	2470	0	0	0	19526	8	0	
2624400																																							47924	7001	208156	0	0	13431	0	101635	2076351	1731879	17820	1880174	0	12818	125100	0	196177	2500	2076351	5376	5375	134355	0	0	67577	0	293194	1438685			0	1603874	1591056	-8255	4	0	0	0	196177	1594	100174	
2625724																																							141902	29337	51055	0	0	7209	0	31361	1377158	1215447	8591	1224038	0	12960	0	0	153120	4674	1377158	0	0	100046	0	0	49287	19606	204609	1010838			0	1109598	1096638	-887	50	0	0	0	153120	0	0	
2631172																																							29350	10970	123201	0	3151	4227	0	21691	519820	406657	10604	473014	0	2837	40000	0	46806	327	519820	0	0	29124	0	0	24183	0	8876	397781			0	328732	325895	-6828	0	0	0	15753	46806	1335	0	
2631846																																							102106	20086	470503	448	0	25887	491	48338	1460893	1113216	200163	1363379	0	8753	50000	0	97514	1000	1460893	0	0	30053	0	0	99000	0	405932	707284			0	762954	754201	-32539	0	38833	0	0	97514	0	0	
2634191																																							913735	321526	4007512	218317	1493831	557788	284	619262	31955659	24781560	369869	27755895	0	255319	520281	0	4199764	20	31955659	72	72	876824	0	0	3490030	39186	7318485	17463075			0	20927796	20672477	-167110	0	0	0	2084113	4199764	1453	3110216	
2634351																																							172118	30356	179422	0	227258	49655	0	316771	3664026	3059742	38441	3101030	0	23635	0	0	562996	5723	3664026	2847	2847	64244	0	0	492687	0	751318	2308424			0	2709234	2685599	342	0	0	0	0	562996	0	0	
2641827																																							1256	1988	0	0	0	35	0	1773	8784	0	683	683	0	0	0	0	8101	1600	8784	0	0	5641	0	0	860	0	0	0			0	0	0	0	0	0	0	0	8101	3632	100	
2643595																																							65266	321	30163	0	0	392	0	4224	328045	247575	1859	295434	0	3764	46000	0	32611	0	328045	0	0	24949	0	0	9966	0	11383	236192			0	231443	227679	-2304	0	0	0	0	32611	0	0	
2649177																																							96344	16897	166581	0	0	601	0	44144	805554	675222	30914	727335	0	7961	21199	0	78219	1	805554	0	0	36543	0	0	64284	0	57734	617488			0	478773	470812	-22609	0	0	0	0	78219	1715	8460	
2651899																																							2662	476	10998	0	0	4	0	1467	15607	2000	2453	4453	0	0	0	0	11154	2275	15607	0	0	6501	0	0	2338	0	0	2000			0	0	0	40	0	0	0	0	11154	0	0	
2652092																																							670037	12690	976769	0	5	40969	2059	695979	10445598	9142300	130791	9296106	0	159604	0	0	1149492	4625	10445598	24272	23015	559762	0	0	673713	90650	1433952	7708348			0	7280459	7120855	-88608	0	0	0	0	1149492	0	811313	
2654911																																							378083	4859	5932564	0	0	0	0	170079	9333205	8790488	51652	8842140	0	8369	0	0	491065	3400	9333205	0	0	346186	0	0	346022	1550	8615	8781873			0	2854439	2846070	-204543	0	0	0	0	491065	0	0	
2661861																																							27475	10232	114078	2115	3670	27847	0	27131	788704	661982	14017	675999	0	6418	0	0	112705	25633	788704	0	0	43706	0	0	50371	0	228934	433048			0	582574	576156	-7005	0	0	0	0	112705	0	0	
2666400																																							58339	13757	257	0	14747	5412	2564	358128	1755074	1472780	12518	1562298	0	13889	77000	0	192776	350	1755074	0	0	110642	0	0	81779	1126	197148	1275632			0	1308685	1294796	5	0	0	0	0	192776	0	5948	
2667920																																							175870	6373	0	0	0	4	0	2541	184788	0	1411	1411	0	0	0	0	183377	1000	184788	0	0	173377	0	0	9000	0	0	0			0	0	0	0	0	0	0	0	183377	0	0	
2667939																																							100	6415	88122	0	5069	16010	0	33274	639861	503981	3449	570937	0	4706	56951	0	68924	3000	639861	0	0	45792	0	0	23265	0	44482	459499			0	459821	455115	-3133	26649	0	0	6556	68924	0	9107	
2667957																																							44988	10686	99036	0	0	38561	0	28652	986380	751794	2115	898756	0	6639	105000	0	87624	25	986380	0	0	26767	0	0	65975	552	125218	626576			0	708758	702119	-5143	12	0	0	39847	87624	0	61774	
2668598																																							3117	5376	101570	0	70	6822	0	19187	533410	467846	7546	480319	0	3814	4899	0	53091	2000	533410	0	0	46771	0	0	10121	2125	89231	378615			0	395857	392043	-5801	0	0	28	0	53091	0	3100	
2684552																																							1022	18626	18152	0	11982	5922	1147	11691	395292	329494	4540	346142	0	8049	12108	0	49150	0	395292	0	0	683	0	0	48431	0	55418	274076			0	243087	235038	36	91712	0	0	0	49150	0	0	
2686211																																							53104	4900	13944	1280	2120	10456	6452	21873	628954	442629	10661	465770	0	4133	12480	0	163184	6001	628954	0	0	128426	0	0	29370	0	105643	336986			0	512104	507971	-613	0	0	0	0	163184	0	6854	
2687133																																							36319	4477	9959	0	0	4924	0	6457	364702	309712	4797	335148	0	2484	6313	0	29554	10	364702	0	0	11871	0	0	21498	0	47650	262062			0	255248	252764	-3825	78	0	0	14326	29554	0	49724	
2687487																																							45700	3370	17172	0	4057	945	0	19247	395143	302634	15892	318526	0	11225	0	0	76617	570	395143	0	0	41754	0	0	34540	0	856	301778			0	315877	304652	-247	0	0	0	0	76617	0	0	
2693264																																							98204	33366	394904	0	75455	43233	1194	189922	4511450	3714842	44781	4045958	0	20272	276309	0	465492	1200	4511450	10048	10026	261956	0	0	228611	0	731919	2982923			0	3319464	3299192	-26275	4	0	0	0	465492	1631	364297	
2694681																																							310596	38650	100215	0	0	26027	3680	27820	2884603	2459125	44508	2503633	0	25639	0	0	380970	15251	2884603	0	0	338278	0	0	28452	0	371721	2087404			0	2402090	2376451	-1011	1164	0	0	0	380970	0	0	
2696180																																							3553	2224	40675	0	0	521	0	4198	137231	103749	362	123361	0	840	19250	0	13870	1080	137231	0	0	10589	0	0	3415	0	15471	88278			0	86900	86060	-1214	0	0	0	0	13870	0	0	
2697963																																							7732	1676	256835	0	1460	8732	0	50385	1344459	987767	16560	1157101	206	9423	72000	0	187152	581	1344459	0	0	75155	0	0	117520	0	105835	881932			0	1025963	1016540	-6104	1099	0	0	80774	187358	0	0	
2700984	472070	292969	4386572	12900	0	2838	0	295449	8449841	236835	7683274	0	48778	1170233	0	766567	116251	8449841	0	0	644700	0	0	6591	0		0	3008168	2959390	-975	0	0	766567	27612	0	19952	19952	0			4386572							6256254					1170233												1078739	5177515							41	0	0	0		27612		
2702764																																							2608	1269	21947	0	0	1168	366	3100	103468	83168	726	90394	0	530	6500	0	13074	239	103468	0	0	10754	0	0	2641	0	6170	76998			0	66324	65794	-560	6316	0	0	0	13074	0	900	
2705112																																							0	4629	53092	0	0	4350	0	1363	222667	199681	737	200418	0	1551	0	0	22249	4150	222667	0	0	19585	0	0	296	0	56449	143232			0	158485	156934	-1782	2299	0	0	0	22249	0	0	
2705895																																							381501	12086	578932	0	9733	82729	0	114169	8254538	7432272	84568	7527815	0	97081	10975	0	726723	1470	8254538	0	0	386115	0	0	378877	0	1534514	5897758			0	6810233	6713152	-39739	0	0	0	0	726723	5609	356627	
2708122																																							60733	9880	247990	0	10450	17985	0	71530	1647875	1432797	10257	1463054	0	8270	20000	0	184821	6725	1647875	0	0	99556	0	0	109208	0	363388	1069409			0	1237577	1229307	-30668	0	0	0	0	184821	0	0	
2713920																																							138403	18	478303	0	0	1699	0	16959	924891	847138	9248	856386	0	0	0	0	68505	0	924891	0	0	22597	0	0	61008	0	0	847138			0	0	0	-15100	0	0	0	0	68505	0	289509	
2716088																																							2703	7166	93113	0	0	32482	400	8592	942613	803685	5886	827571	0	4876	18000	0	115042	1033	942613	0	0	31363	0	0	85199	0	184342	619343			0	798135	793259	-2553	0	0	0	0	115042	0	4898	
2718596																																							20457	4233	186287	0	3221	4001	0	11772	384410	304630	1460	349693	0	1689	0	0	34717	3750	384410	0	0	29570	0	0	9688	0	59022	245608			0	150415	148726	-8291	5713	0	0	43603	34717	0	0	
2719810																																							30802	85679	8753	0	2965	25	0	7367	135591	0	2202	2202	0	0	0	0	133389	750	135591	0	0	34747	0	0	97852	0	0	0			0	0	0	40	0	0	0	0	133389	0	0	
2723376																																							2647	1393	124798	0	413	787	0	4613	134656	112816	1699	114515	0	0	0	0	20141	2600	134656	0	0	20252	0	0	3910	0	0	112816			0	0	0	-6621	0	0	0	0	20141	5	0	
2724766																																							13627	2181	16034	0	913	355	0	785	63386	54653	277	54930	0	737	0	0	8456	1125	63386	0	0	5471	0	0	1931	0	17713	36940			0	25739	25002	-71	4489	0	0	0	8456	0	0	
2726050																																							3769	2358	5489	0	0	660	0	2585	127251	108820	729	113724	0	1596	4175	0	13527	500	127251	0	0	1638	1	0	11350	0	16973	91847			0	88572	86976	39	16238	0	0	0	13527	0	9175	
2729677																																							1000	29434	111474	0	0	0	0	24970	166878	500	22285	102785	0	0	80000	0	64093	2800	166878	0	0	35834	0	0	30173	0	500	0			0	0	0	-4714	0	0	0	0	64093	0	0	
2730431																																							113428	1262	0	0	25	10096	20653	9388	491714	389648	3235	451055	0	1035	58172	0	40659	534	491714	0	0	21454	0	0	18671	0	7984	381664			0	337897	336862	0	0	0	0	0	40659	0	0	
2732565																																							4831	6714	197845	0	2888	8975	153	25607	575849	514667	2954	535621	0	3992	18000	0	40228	400	575849	0	0	53175	0	0	12581	0	104446	410221			0	331928	327936	-25928	900	0	0	0	40228	0	0	
2733263																																							7974	6879	31662	41	228	12074	11	18799	467874	417742	2511	430253	0	4507	10000	0	37621	1600	467874	0	0	9178	0	0	38858	2092	132088	285654			0	319924	315417	-12015	0	0	0	0	37621	0	72697	
2734729																																							209463	36066	491388	0	130	16824	0	112569	4406593	3954053	41415	3995468	0	33502	0	0	411125	141043	4406593	0	0	265050	0	0	57914	0	1781419	2172634			0	3045880	3012378	-52882	0	0	0	0	411125	0	527775	
2735137																																							19744	2098	5602	0	0	4291	0	3939	273808	202014	1902	248961	0	3358	45045	0	24847	6600	273808	0	0	11498	0	0	6600	0	24725	177289			0	233795	230437	149	0	0	0	0	24847	0	7697	
2735146																																							1000080	43235	8199801	0	7433	110863	5878	836414	46033756	36963768	734030	41932798	0	285922	4235000	0	4100958	5	46033756	0	0	406589	164837	0	3659956	0	1505112	35458656			0	35903751	35617829	34408	0	0	0	0	4100958	19295	28091	
2736219																																							152900	5153	136932	0	0	15244	0	72958	1601203	1393660	20546	1427588	0	21251	13382	0	173615	0	1601203	0	0	135246	0	0	43146	37786	6134	1387526			0	1190697	1169446	-4777	7891	0	0	0	173615	2893	0	
2736291																																							1024506	109714	1467620	0	357326	87456	504	419236	15061146	12033706	129432	12969513	0	90135	786456	0	2091633	40000	15061146	0	0	-330571	0	0	2435887	0	1477281	10556425			0	11673259	11583124	-53683	0	0	0	19919	2091633	11660	0	
2736451																																							63360	13598	96433	0	0	16400	89	18546	910158	799452	9576	816028	0	8107	7000	0	94130	12000	910158	0	0	49063	0	0	40934	0	157710	641742			0	709587	701480	-7867	252	0	0	0	94130	0	0	
2736714																																							90651	44864	242660	2638	14	5139	0	58792	1884030	1657937	14646	1672583	0	21909	0	0	211447	7319	1884030	0	0	183065	0	0	35199	0	664384	993553			0	1460622	1438713	-14136	0	0	0	0	211447	559	0	
2737980																																							492981	3478	4738	0	18561	28121	1720	151295	7022546	4888513	48141	6360215	0	10435	1423561	0	662331	2625	7022546	0	0	362470	0	0	297434	309213	294820	4593693			0	6021527	6011092	-198	0	0	0	0	662331	1347	0	
2743244																																							187707	25148	647310	7898	1546	60757	36	65261	3349731	2971679	21959	2993638	0	23399	0	0	356093	1000	3349731	0	0	292969	0	0	105465	3148	932015	2039664			0	2248669	2225270	-43341	0	0	0	0	356093	3031	122619	
2745426																																							3470	9251	128280	0	0	12531	0	36597	899140	795274	10425	811066	0	6681	5367	0	88074	1144	899140	0	0	71874	0	0	20082	3255	170796	624478			0	654862	648181	-5026	262	0	0	0	88074	0	57313	
2745529																																							111	9	10236	0	0	0	0	875	16358	2000	2348	4348	0	0	0	0	12010	5900	16358	0	0	6154	0	0	0	0	0	2000			0	0	0	-44	0	0	0	0	12010	5127	0	
2746245																																							1537	2143	33650	0	0	5552	26	5899	158618	137706	1219	142525	0	1709	2975	0	16093	409	158618	0	0	11141	0	0	7785	0	57541	80165			0	111461	109752	-3242	59	0	625	0	16093	0	0	
2747279																																							8639	1848	25317	0	0	1003	0	4281	136917	113667	635	114302	0	1600	0	0	22615	1000	136917	0	0	15605	0	0	5998	0	29893	83774			0	89413	87813	12	8016	0	0	0	22615	0	0	
2747466																																							21128	9996	82410	0	3563	3573	223	9423	334707	301254	1397	303880	0	3045	0	0	30827	100	334707	0	0	19702	0	0	13800	0	79123	222131			0	202519	199474	-2775	4917	0	0	1229	30827	0	0	
2747587																																							124624	19917	118068	0	42709	9329	0	57259	1256004	1026020	23540	1054560	0	11848	5000	0	201444	3500	1256004	0	0	157397	0	0	43794	83191	356110	669910			0	808761	796913	-3247	0	0	0	0	201444	3994	0	
2748502																																							47158	10969	172377	0	37642	19412	703	30959	1236971	1056876	13469	1070595	0	16390	0	0	166376	1000	1236971	0	0	78242	0	0	86935	0	256024	800852			0	828362	811972	199	500	0	0	250	166376	0	105279	
2753917																																							64518	4041	14836	0	0	3802	0	2648	243448	212993	4937	217930	0	1995	0	0	25518	2000	243448	0	0	11075	0	0	13219	0	45879	167114			0	155593	153598	-776	5	0	0	0	25518	0	0	
2754222																																							1530	375	22591	0	2674	1169	0	3581	235442	198119	2138	200257	0	2112	0	0	35185	0	235442	0	0	-249	0	0	35440	0	11347	186772			0	191249	189137	-6	14385	0	0	0	35185	0	0	
2756730																																							78116	5184	18447	0	1583	7676	4483	9528	556376	432915	2443	495358	0	4670	60000	0	61018	1605	556376	0	0	19987	0	0	39423	0	49686	383229			0	418954	414284	3	250	0	0	0	61018	0	16825	
2756909																																							187144	4393	0	0	8	6745	0	9547	523386	445206	6282	451897	0	3450	409	0	71489	1919	523386	0	0	-15184	0	0	84754	0	179345	265861			0	297315	293865	0	0	0	0	0	71489	0	21684	
2757205																																							214514	29611	409110	24202	2254	34570	580	222410	3266143	2849442	62269	2915050	0	21827	0	0	351093	4420	3266143	0	0	188346	0	0	172193	0	1152078	1697364			0	2343163	2321336	-13866	0	0	0	3339	351093	7556	0	
2758613																																							450932	6145	778687	0	27556	66740	2631	163768	5549405	4854321	19237	5123058	0	55686	249500	0	426347	1380	5549405	0	0	220548	0	0	224549	108608	161387	4692934			0	3746728	3691042	-20130	0	0	0	0	426347	2687	250609	
2759629																																							2790	35156	18982	0	44	8702	0	11828	375313	333451	3216	336667	0	3510	0	0	38646	2000	375313	0	0	29935	0	0	8509	0	134106	199345			0	298604	295094	-1798	0	0	0	0	38646	0	2717	
2764212																																							145769	11094	4746	0	0	5506	2862	69700	2249033	1762565	20683	1913248	0	34649	130000	0	335785	11777	2249033	0	0	251277	0	0	72931	0	200402	1562163			0	2035227	2000578	-200	0	0	0	0	335785	0	8778	
2769570																																							37981	5040	0	0	0	1547	0	9162	250287	201453	2005	207190	0	2666	0	0	43097	50	250287	0	0	36422	0	0	6625	0	33888	167565			0	137563	134897	0	0	0	0	3732	43097	0	61660	
2771694																																							201859	5123	29364	0	12579	45691	400	59731	1299138	1184707	20995	1205702	0	21996	0	0	93436	2678	1299138	0	0	31050	0	0	61668	0	96500	1088207			0	963894	941898	-1960	0	0	0	0	93436	0	2493	
2774707																																							1592	442	27983	0	0	0	0	548	30565	500	129	629	0	0	0	0	29936	50	30565	0	0	27796	0	1420	450	0	0	500			0	0	0	220	0	0	0	0	29936	0	0	
2775151																																							14206	866	32303	0	0	2824	0	2195	279792	247230	1042	248696	0	2478	424	0	31096	3750	279792	0	0	5616	0	0	21743	0	90654	156576			0	186995	184517	-13	42881	0	0	0	31096	0	0	
2775179																																							51721	13008	117566	0	0	11395	21	18048	742332	671728	2229	673957	0	8091	0	0	68375	1138	742332	0	0	23346	0	0	48862	0	160971	510757			0	538664	530573	-4971	0	0	0	0	68375	0	0	
2775692																																							42	1598	16831	0	0	2532	0	2763	121452	111501	422	111923	0	1230	0	0	9529	1816	121452	0	0	6738	0	0	1933	0	23530	87971			0	97960	96730	-958	956	0	0	0	9529	0	0	
2785477																																							65510	1355	81957	0	0	4213	0	13942	660393	479891	17513	537132	0	5415	39728	0	123261	32	660393	0	0	27086	0	0	99285	0	78145	401746			-1229	498831	493416	-1913	0	0	0	0	123261	0	0	
2785646																																							181579	22618	17475	0	2179	15377	2077	49261	2109531	1843420	17289	1922209	0	28575	61500	0	187322	100	2109531	0	0	110730	0	0	77073	1664	142882	1700538			0	1845876	1817301	-581	0	0	0	0	187322	0	0	
2787770																																							63259	18611	214129	0	0	21937	0	42334	1031900	940597	12891	953488	0	6450	0	0	78412	3743	1031900	0	0	67281	0	0	22325	3472	134923	805674			0	667808	661358	-14937	3210	0	0	0	78412	0	3590	
2791085																																							63177	5647	70324	0	8207	5932	0	10569	568962	483382	4551	497933	0	3788	10000	0	71029	15345	568962	0	0	21902	0	0	32854	0	119605	363777			0	334043	330255	928	0	74851	0	0	71029	0	0	
2793593																																							31915	1963	52842	0	2369	13935	0	5414	477612	416660	4658	431318	0	3430	10000	0	46294	35	477612	0	0	14563	0	0	35271	416	45702	370958			-2789	372188	368758	-786	0	0	0	0	46294	0	0	
2794732																																							114181	338	144683	0	0	7058	498	7625	777905	675365	6381	681843	0	2203	97	0	96062	6030	777905	0	0	19558	0	0	69400	0	65937	609428			0	449885	447682	1074	210	55630	0	0	96062	0	0	
2796277																																							7250	1550	9267	0	0	876	0	3331	27738	6802	1855	8657	0	124	0	0	19081	649	27738	0	0	16813	0	0	1597	0	503	6299			0	5588	5464	22	0	0	0	0	19081	0	0	
2797162																																							1825	11119	156230	0	1188	10926	300	20323	748217	616071	5743	689012	0	7262	62972	0	59205	912	748217	0	0	40623	0	0	24065	0	120827	495244			0	551891	544629	-6395	927	0	0	4226	59205	250	500	
2797210																																							0	1239	3636	0	0	57	0	370	7394	0	555	555	0	0	0	0	6839	0	7394	0	0	365	0	0	6467	0	0	0			0	0	0	7	0	0	0	0	6839	2092	0	
2797359																																							53326	2610	28962	0	200	9040	0	28146	970149	836686	13508	875194	0	7207	25000	0	94955	53242	970149	0	0	22999	0	0	21722	16367	145273	691413			0	830705	823498	-3008	5000	0	0	0	94955	0	3000	
2797724																																							1204961	129941	2710189	355514	690608	476765	1280	602299	19687341	16603306	283888	17258333	6942	147343	58092	278230	2422066	129822	19687341	0	0	1087342	0	0	1260407	154444	5167346	11435960			-3820	13335805	13188462	-51685	15747	0	0	34817	2429008	499	156632	
2805535																																							48648	2111	74064	0	25	18910	0	7495	525843	422403	3755	479158	0	3356	53000	0	46685	1000	525843	0	0	14925	0	0	30900	0	51038	371365			0	377946	374590	-140	0	0	0	0	46685	0	0	
2805928																																							9230	2858	69613	0	0	8103	28	7318	202295	187981	1302	189283	0	1631	0	0	13012	2511	202295	0	0	12558	0	0	3139	0	38251	149730			0	106776	105145	-5196	0	0	0	0	13012	0	0	
2806635																																							16866	8995	129749	0	0	6160	0	4932	684430	622087	4587	626674	0	7615	0	0	57756	1669	684430	0	0	53593	0	0	8629	0	193412	428675			0	525343	517728	-6135	0	0	0	0	57756	0	0	
2806840																																							449	4017	64861	0	0	3215	0	7114	255035	226526	2727	235012	0	2220	3759	0	20023	1200	255035	0	0	14891	0	0	7899	0	59866	166660			0	161832	159612	-3967	0	0	1800	200	20023	0	15767	
2806877																																							50231	3750	3627	0	14091	16842	138	46396	1138673	827671	45668	973339	0	6955	100000	0	165334	80	1138673	0	0	156629	0	0	9320	196084	85701	741970			0	814469	807514	-695	0	0	0	0	165334	0	0	
2807173																																							36007	2531	24178	0	7643	6309	0	3504	241572	203475	593	204068	0	2760	0	0	37504	500	241572	0	0	6650	0	0	30411	0	39993	163482			0	164160	161400	-57	0	0	0	0	37504	0	0	
2808602																																							224611	33083	230083	6222	25789	12293	3856	124015	3547608	3105079	57769	3212848	0	53982	50000	0	334760	3350	3547608	0	0	215585	0	0	121585	25828	864620	2240459			0	2915750	2861768	-5760	60	0	0	0	334760	0	0	
2809373																																							4585	430	9672	0	216	98	0	3347	18458	500	2890	3390	0	0	0	0	15068	4000	18458	0	0	5367	0	0	5707	0	0	500			0	0	0	-6	0	0	0	0	15068	0	110	
2811086																																							7051	767	12693	250	0	1995	109	2308	73319	67559	152	67711	0	280	0	0	5608	600	73319	0	0	1255	0	0	4140	0	10132	57427			0	47326	47046	-387	1100	0	0	0	5608	0	0	
2815879																																							12747	5457	1450	0	15232	4446	0	6154	495936	407405	1382	428787	0	3823	20000	0	67149	3250	495936	0	0	32858	0	0	31065	1508	76630	330775			0	398850	395027	-24	51842	0	0	0	67149	0	2073	
2819167																																							96226	6661	172265	0	185	4893	0	33248	1090919	939369	23754	988123	0	11955	25000	0	102796	1	1090919	0	0	28616	0	0	78184	162	33204	906165			0	779697	767742	-4005	0	0	0	0	102796	1000	8537	
2819242																																							1535	10224	36916	0	0	3551	0	13658	548664	487601	3852	504318	0	5869	12000	0	44346	20	548664	0	0	39869	0	0	10402	0	99877	387724			0	404583	398714	-5945	22470	0	0	865	44346	0	61596	
2820604																																							75118	4854	69780	0	10626	24487	0	7717	791767	707822	10350	718684	0	7414	0	0	73083	2684	791767	0	0	21823	0	0	50410	0	141904	565918			0	604212	596798	-1834	0	0	0	512	73083	0	2387	
2823221																																							33077	10558	62424	0	887	5421	50	15489	380108	326828	2571	329399	0	3229	0	0	50709	6087	380108	0	0	31886	0	0	15263	0	109942	216886			0	255430	252201	-2527	1	0	0	0	50709	0	0	
2826017																																							48590	1	37629	0	532	67989	0	48291	207130	0	95168	95168	0	0	0	0	111962	1000	207130	0	0	95694	0	0	15098	0	0	0			0	0	0	170	0	0	0	0	111962	4098	0	
2833882																																							142134	3743	1973	0	1593	855	0	12812	953009	822206	6068	828274	0	10751	0	0	124735	40697	953009	0	0	44210	0	0	39873	6615	147373	674833			0	792086	781335	-45	477	0	0	0	124735	0	1472	
2835103																																							6211	8227	66299	0	8038	10912	0	20933	803148	717392	3430	735822	0	5663	15000	0	67326	1500	803148	0	0	43780	0	0	28328	0	96159	621233			0	655010	649347	-6282	30181	0	0	0	67326	0	3000	
2836306																																							11742	4819	25775	0	4	3832	0	8497	247601	216811	686	218217	0	2246	720	0	29384	2500	247601	0	0	16553	0	0	11798	260	62490	154321			0	194917	192671	-1467	1	0	0	0	29384	0	0	
2838207																																							143256	881	33628	0	0	6335	16371	13832	1035314	931103	12411	943514	0	19626	0	0	91800	95647	1035314	0	0	-3261	0	0	0	114954	55768	875335			0	724590	704964	-586	0	0	0	0	91800	1093	0	
2839790																																							28100	4471	195896	0	15350	28025	0	36342	1091534	949891	12962	982853	0	8828	20000	0	108681	14	1091534	0	0	61549	0	0	51554	12280	256389	693502			0	779898	771070	-4436	0	0	0	0	108681	0	0	
2845782																																							13539	0	487	0	0	0	0	1161	15187	0	474	474	0	0	0	0	14713	1000	15187	0	0	11713	0	0	2000	0	0	0			0	0	0	0	0	0	0	0	14713	0	0	
2847085																																							1495	4303	36352	0	0	1813	551	4368	137861	115878	574	116452	0	935	0	0	21409	600	137861	0	0	21139	0	0	2400	0	33084	82794			0	81424	80489	-2730	8490	0	0	0	21409	0	0	
2847142																																							74566	3966	433553	0	3441	11822	0	21856	2435900	2176403	21682	2218085	0	20581	20000	0	217815	38884	2435900	0	0	94139	0	0	82352	2500	580626	1595777			0	1904777	1884196	2440	0	0	0	0	217815	0	0	
2849285																																							20517	4328	23386	0	0	6040	0	8836	633300	508852	4625	572222	0	8580	58745	0	61078	1	633300	0	0	21786	0	0	40042	550	115048	393804			0	578223	569643	-751	0	0	0	0	61078	0	0	
2849463																																							42918	2396	50574	0	0	11328	0	39675	1139207	941662	13419	1033081	0	9960	78000	0	106126	2328	1139207	0	0	27824	0	0	75790	0	105449	836213			0	988602	978642	184	288	0	0	0	106126	0	13386	
2849801																																							213517	36259	127730	0	0	83450	275	104260	4406861	3732295	47093	4019388	0	42280	240000	0	387473	4250	4406861	0	0	289741	0	0	100936	11569	746433	2985862			0	3847081	3804801	-7454	25000	0	0	0	387473	0	0	
2850722																																							558385	19053	319626	0	0	2828	0	75766	12814515	8618246	433871	11075211	0	48593	1971094	0	1739304	1	12814515	0	0	1224820	0	0	533416	0	0	8618246			0	9668309	9619716	-18933	0	0	52000	0	1739304	0	2219141	
2855866																																							20582	5853	138392	0	0	6649	0	4961	630238	545630	4651	574393	0	7358	10000	0	55845	3954	630238	0	0	43527	0	0	12852	0	156732	388898			-9	424332	416974	-4479	20297	0	0	14112	55845	0	16530	
2857600																																							23897	4356	57163	0	0	2517	0	17726	471618	406532	14310	420842	0	6127	0	0	50776	1400	471618	0	0	43861	0	0	9597	0	89982	316550			0	369201	363074	-4082	0	0	0	0	50776	0	2885	
2858492																																							6676	6018	50895	0	1694	2882	0	13986	578840	495630	2196	511826	0	7481	14000	0	67014	916	578840	0	0	63541	0	0	7610	423	109854	385776			0	503747	496266	-5053	0	0	0	0	67014	0	0	
2858960																																							104611	8038	1671750	0	856	48674	60695	264559	9349048	8176103	90210	8479025	0	66200	212712	0	870023	3804	9349048	0	0	492993	0	0	362387	0	7273184	902919			0	7256065	7189865	10839	0	0	0	0	870023	0	0	
2860039																																							96905	1510	78319	0	0	2419	0	6935	257201	231630	3234	234864	0	976	0	0	22337	5593	257201	0	0	14576	0	0	5703	0	57954	173676			0	72089	71113	-3535	0	0	0	0	22337	0	0	
2860271																																							26817	2748	61269	0	0	1182	0	13126	444394	369459	5859	411918	0	3896	36600	0	32476	100	444394	0	0	6344	0	0	28490	0	48050	321409			0	343148	339252	-2458	0	0	0	0	32476	0	0	
2861317																																							17415	6848	5768	0	0	14939	0	10804	405789	363019	3571	369590	0	4002	3000	0	36199	1607	405789	0	0	27351	0	0	7224	0	79418	283601			0	339790	335788	17	8838	0	0	0	36199	0	5389	
2867337																																							472973	33978	94698	0	1268	12911	0	81340	4752354	4209689	41597	4251286	0	44409	0	0	501068	329996	4752354	0	0	180216	22476	0	0	0	1093142	3116547			0	4074929	4030520	-9144	0	0	0	0	501068	0	2190	
2869162																																							92197	8145	251700	0	0	20073	0	14428	1140613	983641	6872	1026748	0	8917	36235	0	113865	955	1140613	0	0	71698	0	0	42636	0	242185	741456			0	762987	754070	-1424	0	0	0	0	113865	0	0	
2871099																																							12412	4376	99367	0	1381	10548	1004	23903	539541	459698	6696	494394	0	3341	28000	0	45147	2780	539541	0	0	35107	0	0	14998	0	57882	401816			0	383451	380110	-7738	855	0	0	0	45147	66	5519	
2871558																																							39728	2647	22502	0	0	9717	0	9465	321435	262109	14248	282186	0	2949	5829	0	39249	9690	321435	0	0	20516	0	0	10538	685	76434	185675			0	237310	234361	-1495	2330	0	0	0	39249	0	0	
2873598																																							12724	2900	0	0	83	5806	0	7150	208923	173096	5903	181793	0	1635	0	0	27130	4624	208923	0	0	-2865	0	0	25570	0	52626	120470			0	157564	155929	-199	0	0	0	2794	27130	500	23831	
2877345																																							58313	4783	74167	0	0	12949	0	45028	1050158	897670	10438	947108	0	10780	39000	0	103050	59	1050158	0	0	58922	0	0	45801	0	94390	803280			0	863868	853088	-1732	1830	0	0	0	103050	0	0	
2877484																																							3316	212	3382	0	0	782	53	967	18546	14987	793	15780	0	165	0	0	2766	1	18546	0	0	-9596	0	0	12420	0	4954	10033			0	9999	9834	-59	0	0	0	0	2766	0	0	
2877831																																							5851	5476	58972	0	0	2173	0	9612	240692	209684	3784	213468	0	1267	0	0	27224	2132	240692	0	0	20076	0	0	6688	0	57266	152418			0	139389	138122	-1672	0	0	0	0	27224	0	20486	
2880019																																							156978	6422	27755	0	4306	5503	27	58729	967454	780157	29746	809903	0	36796	0	0	157551	438	967454	0	0	146323	0	0	10764	146474	192793	587364			0	588129	551333	26	0	0	0	0	157551	0	9927	
2881445																																							3658	0	62063	0	0	160	0	9653	91402	50500	15165	65665	0	0	0	0	25737	5500	91402	0	0	10258	0	0	11000	0	0	50500			0	0	0	-1021	0	0	0	0	25737	15868	0	
2882983																																							2773	4955	64123	0	633	3190	0	7966	359258	280087	1894	336589	0	3287	54608	0	22669	592	359258	0	0	18412	0	0	10393	0	33856	246231	9		0	276305	273018	-6728	2600	0	0	0	22669	0	0	
2889227																																							103905	355	3879	0	2165	1690	0	1846	221600	184838	2801	187639	0	1460	0	0	33961	7000	221600	0	0	16604	0	0	10330	0	35693	149145			0	106561	105101	27	0	0	0	0	33961	0	2659	
2891622																																							229394	145040	71370	0	128870	31259	1474	147192	2469832	1308987	121215	2094783	35101	9245	664581	0	339948	191	2469832	0	0	335761	0	0	3530	920669	313603	995384			0	803809	794564	466	0	0	0	0	375049	0	0	
2897633																																							10875	3461	86671	0	213	5075	0	10220	299794	259746	1247	279974	0	1525	6250	0	19820	550	299794	0	0	14166	0	0	11483	0	59558	200188			0	184404	182879	-6379	400	0	0	12731	19820	0	0	
2901558																																							16174	1152	10902	0	0	2758	24	471	46329	29400	329	29729	0	388	0	0	16600	1800	46329	0	0	871	0	0	14295	0	7816	21584			0	15236	14848	-366	0	0	0	0	16600	0	0	
2903123																																							10470	8840	81412	0	0	11017	0	17335	657818	538690	8587	578277	0	6030	31000	0	79541	10129	657818	0	0	41808	0	0	27437	0	128499	410191			0	515681	509651	167	4063	0	0	0	79541	0	15030	
2905761																																							143	5391	20712	0	0	521	425	2267	81470	64413	498	67261	0	614	2350	0	14209	2000	81470	0	0	3374	0	0	9894	0	35121	29292			0	52625	52011	-1059	0	0	0	0	14209	0	0	
2907019																																							57848	2999	9164	0	0	4399	0	4382	362101	316195	2467	322119	0	4860	3457	0	39982	1500	362101	0	0	32970	0	0	5545	3450	44024	272171			0	284295	279435	-33	424	0	0	0	39982	0	0	
2907439																																							68002	6228	7882	0	3259	2896	0	7814	442002	381065	2952	384017	0	4043	0	0	57985	1000	442002	0	0	-34034	0	0	91186	0	80988	300077			0	349964	345921	-167	0	0	0	0	57985	0	0	
2912750																																							18	114	4549	0	470	767	0	1297	7215	0	1155	1374	0	0	219	0	5841	1250	7215	0	0	3024	0	0	1500	0	0	0			0	0	0	67	0	0	0	0	5841	0	0	
2913702																																							4098	4402	39895	0	205	15007	601	12384	408740	341661	2159	372157	52	4096	27925	0	36531	1000	408740	0	0	17928	0	0	20350	556	58097	283564			0	334983	330887	-2747	705	0	0	412	36583	0	0	
2914268																																							1	93	0	0	0	0	0	6953	64447	500	3139	3639	0	0	0	0	60808	200	64447	0	0	20251	0	0	40357	0	0	500			0	0	0	0	0	0	0	0	60808	57400	0	
2914727																																							47201	2717	24470	0	0	2244	2267	6873	312069	257295	3525	265514	0	5036	4694	0	46555	4024	312069	0	0	37961	0	0	4558	0	35539	221756			-42	231244	226208	54	0	0	0	0	46555	89	0	
2915461																																							80864	12690	4885	0	1582	37274	0	44706	1383343	1148901	12413	1261422	0	7459	100108	0	121921	8382	1383343	0	0	81326	0	0	32640	5530	383618	765283			0	1154458	1146999	-427	0	0	0	0	121921	0	48813	
2916534																																							514138	947	68072	0	0	123	0	23805	887785	368001	3669	428685	0	2864	57015	0	459100	1	887785	0	0	-7011	0	0	465999	22318	48001	320000			0	261246	258382	111	0	0	0	0	459100	0	0	
2916963																																							855360	13760	0	0	16012	0	0	21358	906490	0	13094	13094	0	0	0	0	893396	1000	906490	0	0	425826	0	0	466570	0	0	0			0	0	0	0	0	0	0	0	893396	0	0	
2917184																																							4407	2487	25019	0	435	6947	0	4709	171206	154869	663	155532	0	1134	0	0	15674	3000	171206	0	0	7294	0	0	6062	0	30218	124651			0	128336	127202	-682	0	0	0	0	15674	0	0	
2917317																																							911865	215110	1688568	0	130679	271124	4383	740904	27205173	23506039	343592	24601137	0	271271	751506	0	2604036	12216	27205173	0	0	2168919	0	0	399455	18190	3332815	20173224			0	23495621	23224350	23446	0	0	0	0	2604036	0	0	
2919898																																							3714	7648	104805	0	0	15480	0	27721	875578	757541	3617	795158	0	6775	34000	0	80420	1200	875578	0	0	40819	0	0	43687	251	90245	667296			0	707509	700734	-5286	13225	0	0	0	80420	0	2000	
2920287																																							4042	2064	48213	0	0	1678	0	3768	201862	183734	274	184008	0	1327	0	0	17854	2550	201862	0	0	10906	0	0	6135	0	33297	150437			0	139999	138672	-1737	3425	0	0	0	17854	0	0	
2920773																																							98460	1660	76041	0	23	1088	0	35899	881807	792085	4941	797026	0	8614	0	0	84781	1025	881807	0	0	59645	0	0	25550	9845	76164	715921			0	611775	603161	-1439	17	0	0	0	84781	0	55613	
2921622																																							2241	2410	16126	0	0	574	0	841	96054	82729	220	85011	0	729	0	0	11043	2150	96054	0	0	3653	0	0	5350	0	18062	64667			0	66247	65518	-110	8344	0	0	2062	11043	0	0	
2921659																																							8870	0	121854	0	0	15188	0	45005	191417	500	73869	74369	0	0	0	0	117048	5000	191417	0	0	101357	0	0	10299	0	0	500			0	0	0	392	0	0	0	0	117048	500	0	
2925620																																							38200	8160	11546	0	0	8093	0	16683	492949	376514	2230	438744	0	4894	60000	0	54205	2750	492949	0	0	39855	0	0	13262	0	187941	188573			0	219101	214207	-1662	0	0	0	0	54205	230	195830	
2925666																																							3205964	358900	6559184	513682	1868921	686830	8053	2852922	57636946	47876135	688772	50707035	123	441540	1785341	0	6929788	34028	57636946	39798	40340	3365778	23094	0	3652967	97360	9062489	38813646			0	39154002	38712462	-122985	0	96395	0	316447	6929911	22857	2590524	
2929392																																							65650	11950	194373	0	0	4778	0	10624	1030772	924970	4370	929340	0	9251	0	0	101432	5880	1030772	0	0	65162	0	0	32337	1553	274409	650561			0	749268	740017	-1947	0	0	0	0	101432	1827	0	
2938198																																							411374	161578	628167	0	15227	27856	3746	129560	5850740	4874811	32604	5336405	0	24019	425000	0	514335	3250	5850740	3991	3990	382352	0	0	153614	0	1119013	3755798			0	4207426	4183407	-24881	4	0	0	0	514335	6775	279055	
2938787																																							10233	2	10878	0	0	14304	0	5666	41083	0	6833	6833	0	0	0	0	34250	1000	41083	0	0	1897	0	0	31221	0	0	0			0	0	0	132	0	0	0	0	34250	0	0	
2939001																																							7904	2071	14620	0	0	2670	0	4898	104776	90703	647	95350	0	1001	4000	0	9426	4312	104776	0	0	-1031	0	0	7121	0	34829	55874			0	62354	61353	-976	11260	0	0	0	9426	0	0	
2939391																																							21175	3608	102912	0	0	3615	0	7116	289737	249769	2584	252353	0	2757	0	0	37384	6	289737	0	0	32868	0	0	5951	0	55824	193945			0	154068	151311	-1441	0	0	0	0	37384	0	0	
2941068																																							552920	107579	859834	0	400725	125584	667	337144	9170369	7919883	54324	7979751	0	68806	5168	0	1190618	9230	9170369	376	376	94047	0	0	1110883	13620	2018040	5901843			0	6836345	6767539	-23542	0	0	0	0	1190618	4381	0	
2943615																																							71459	3937	72547	0	0	4043	112	14280	629594	542368	4322	546690	0	5293	0	0	82904	4850	629594	0	0	62432	0	0	15703	0	100837	441531			0	468064	462771	-81	445	0	0	0	82904	0	0	
2947556																																							348283	298	2741	0	0	5651	0	4277	482146	271373	22159	293532	0	0	0	0	188614	1705	482146	0	0	173465	0	0	13493	120896	250515	20858			0	0	0	-49	0	0	0	0	188614	0	0	
2948058																																							85417	16264	10124	1547	1363	13335	0	20590	988623	870228	16999	887227	0	7751	0	0	101396	1761	988623	0	0	32638	0	0	67346	5351	141618	728610			0	842383	834632	-349	0	0	0	0	101396	0	0	
2948423																																							54393	25195	128372	0	0	4629	0	16725	455338	380093	8922	411657	0	3408	10000	0	43681	3569	455338	0	0	27951	0	0	16818	0	96938	283155			0	214012	210604	-4657	12050	0	0	12642	43681	0	3370	
2949970																																							17426	4920	24	0	492	2563	0	4520	170606	121208	2499	154707	0	904	31000	0	15899	23167	170606	0	0	-7268	0	0	0	14696	14465	106743			0	126869	125965	0	0	0	0	0	15899	0	0	
2953418																																							88207	9347	25184	0	0	4652	551	15931	1111487	933325	7338	990663	0	10273	50000	0	120824	6583	1111487	0	0	33677	0	0	85161	0	268095	665230			0	957567	947294	-4597	17003	0	0	0	120824	0	3318	
2954059																																							263413	13690	126394	0	5989	22716	5000	141345	3278810	2674220	21656	2930876	0	33691	235000	0	347934	7000	3278810	0	0	74294	0	0	269096	0	531787	2142433			0	2724782	2691091	-2456	0	0	0	0	347934	9172	0	
2954497																																							11903	4558	106092	0	0	1957	0	18117	452346	330173	9079	376252	0	2957	37000	0	76094	14834	452346	0	0	58675	0	0	3320	10244	28195	301978			0	286479	283522	-735	15953	0	0	0	76094	0	0	
2958972																																							17079	9440	88532	0	3668	22864	6362	34406	1143445	943647	7225	1048618	0	12491	60000	0	94827	5000	1143445	2246	2246	45372	0	0	51000	0	206978	736669			0	965035	952544	-6545	4500	0	35500	0	94827	1804	0	
2960555																																							10063	4599	42752	0	0	1579	0	5276	145842	129057	1048	130105	0	1261	0	0	15737	4593	145842	0	0	10643	0	0	2584	0	51579	77478			0	78909	77648	-2083	3925	0	0	0	15737	0	0	
2960788																																							0	40	0	0	0	0	0	415	3991	0	158	158	0	0	0	0	3833	1250	3991	0	0	1333	0	0	1250	0	0	0			0	0	0	0	0	0	0	0	3833	540	2996	
2963266																																							124452	7759	312090	0	70395	43418	0	130101	3317401	2801094	35985	2912079	0	20893	75000	0	405322	292910	3317401	0	0	112903	0	0	0	0	562601	2238493			0	2648174	2627281	-491	1905	0	0	0	405322	0	0	
2963275																																							23218	2862	11591	0	0	1455	0	5845	185803	171513	1840	173353	0	828	0	0	12450	5425	185803	0	0	6692	0	0	5033	0	76721	94792			0	69054	68226	-4700	0	0	0	0	12450	0	72606	
2963864																																							2524	5104	49031	0	444	4282	0	9066	322649	285105	4249	291854	0	1815	2500	0	30795	1113	322649	0	0	14134	0	0	17615	674	45171	239934			0	253339	251524	-2067	0	0	0	0	30795	0	0	
2970657																																							76862	6205	241191	0	15914	15882	89	92241	2301404	1960991	14779	2056421	0	11119	75000	0	244983	3629	2301404	5646	5651	134563	0	0	112119	0	367595	1593396			0	1697744	1686625	-5328	4	0	0	0	244983	862	159883	
2973041																																							601	0	0	0	0	770	0	5434	13496	0	895	895	0	0	0	0	12601	498	13496	0	0	1484	0	9	10610	0	0	0			0	0	0	0	0	0	0	0	12601	6691	0	
2973386																																							0	1583	158690	0	0	877	0	57943	241350	500	20404	20904	0	0	0	0	220446	500	241350	0	0	218618	0	0	4702	0	0	500			0	0	0	-3374	0	0	0	0	220446	22257	0	
2980209																																							7349000	585000	245000	0	714000	126000	0	2221000	47613000	38116000	1709000	41210000	0	2636000	1385000	0	6403000	1000	47613000	0	0	1934000	14000	625000	3847000	7752000	51000	38065000	1a	1231	0	28816000	26180000	-4000	0	2427000	0	0	6403000	0	0	
2989006																																							29377	6521	177663	0	0	5092	575	10417	590895	525466	2443	540159	0	5703	12250	0	50736	3000	590895	0	0	43719	0	0	19436	0	96505	428961			0	366953	361250	-15419	0	0	0	0	50736	0	0	
2992547																																							0	5121	0	0	0	1225	0	26615	3397348	1273821	39455	2575538	0	8214	1262262	0	821810	2000	3397348	0	0	727810	0	0	92000	0	13321	1260500			0	3372601	3364387	0	0	0	0	0	821810	0	0	
2997216																																							25859	5428	96316	0	0	5127	0	10145	428747	384540	2484	387024	0	2893	0	0	41723	19258	428747	0	0	26297	0	0	0	0	158990	225550			0	288128	285235	-3832	549	0	0	0	41723	88	0	
2997748																																							248705	8523	438839	0	562	3288	0	17592	983746	846202	7294	853496	0	556	0	0	130250	3000	983746	0	0	40475	0	0	88850	0	488737	357465			0	262793	262237	-2075	0	0	0	0	130250	0	4000	
2998576																																							263144	641	67	0	29839	23974	649	145299	4792448	3442128	99327	3941993	0	56864	400538	0	850455	100	4792448	0	0	843514	0	0	6841	429848	262019	3180109			0	3559771	3502907	0	55202	0	0	0	850455	0	340878	
3005097																																							16430	800	2835	0	0	1544	0	2924	91142	78127	431	78558	0	624	0	0	12584	1500	91142	0	0	9598	0	0	1500	2456	20030	58097			0	59502	58878	-14	0	0	0	0	12584	27	5248	
3010363																																							11941	5780	78440	0	42	6211	0	6163	242794	209303	1398	212071	0	2045	1370	0	30723	6488	242794	0	0	14134	0	0	10757	0	48732	160571			0	134309	132264	-656	1953	0	0	0	30723	0	0	
3015939																																							200751	2609	135951	0	11351	18544	0	9877	741001	617208	8072	625280	0	2918	0	0	115721	1000	741001	0	0	93323	0	0	20995	0	5447	611761			0	283718	280800	403	240	0	0	0	115721	80878	0	
3016347																																							235704	5593	51796	0	10465	55128	0	52661	2693811	2372650	63162	2435812	0	25574	0	0	257999	9825	2693811	0	0	71275	0	0	179065	505360	630353	1742297			0	1724933	1699359	-2166	37643	0	0	0	257999	0	40102	
3017081																																							0	195	411530	0	0	0	0	32706	465274	50500	138005	188505	0	0	0	0	276769	1	465274	0	0	183146	0	0	104000	0	0	50500			0	0	0	-10378	0	0	0	0	276769	20843	0	
3019982																																							70078	4540	158447	0	58	2304	1303	55499	1064409	915294	7214	962626	0	13898	40118	0	101783	72	1064409	0	0	39413	0	0	76488	4283	150547	764747			0	762553	748655	-14190	0	0	0	0	101783	0	19242	
3020447																																							39128	3446	76334	0	0	1116	709	3207	291178	270527	1297	271824	0	2649	0	0	19354	1949	291178	0	0	21903	0	0	16278	0	66359	204168			0	168077	165428	-20776	1810	0	0	0	19354	0	0	
3022610																																							54804	773	50228	0	0	4001	0	7359	359778	327394	4903	332297	0	3021	0	0	27481	2422	359778	0	0	18566	0	0	10496	0	59176	268218			0	245634	242613	-4003	0	0	0	0	27481	0	0	
3025929																																							5618	9036	47940	0	0	3160	0	5247	142512	130766	2849	133615	0	1400	0	0	8897	1625	142512	0	0	-1782	0	0	12423	0	37582	93184			0	59307	57907	-3369	0	0	0	0	8897	0	13604	
3027763																																							27224	2436	16932	0	0	2492	0	8013	501479	327771	2560	459331	0	4895	129000	0	42148	3260	501479	0	0	14560	0	0	24777	0	63539	264232			0	441541	436646	-449	0	0	0	0	42148	0	7736	
3029253																																							0	986	8282	1136	0	0	0	3984	14531	500	1361	1861	0	0	0	0	12670	423	14531	0	0	360	0	0	11886	0	0	500			0	0	0	1	0	0	0	0	12670	143	0	
3029589																																							75964	11689	81950	30187	15367	48481	0	289119	2870944	1983603	253693	2401578	0	26281	88932	0	469366	5000	2870944	83857	0	361619	0	0	118930	330	260983	1722620			0	1988539	1962258	-16183	0	0	75350	0	469366	2440	269302	
3032833																																							314	751	4261	0	0	2401	0	319	28550	22419	60	22479	0	391	0	0	6071	2380	28550	0	0	2759	0	0	1120	0	9748	12671	4	1231	0	16857	16466	-188	4038	0	0	0	6071	0	0	
3034257																																							11313	7388	86405	0	0	10106	1136	8141	675702	623616	8823	632439	0	8958	0	0	43263	903	675702	0	0	45805	0	0	10623	610	157876	465740			0	464781	455823	-14068	18967	0	0	0	43263	0	75813	
3039636																																							56924	8520	44608	0	5683	7760	0	33343	759501	635726	16468	678694	0	8121	26500	0	80807	9717	759501	0	0	51573	0	0	22916	0	202025	433701			0	610067	601946	-3399	0	0	0	0	80807	717	0	
3040418																																							367761	1609	88707	0	0	461	0	57130	866395	753456	19315	772771	0	3712	0	0	93624	0	866395	0	0	41828	0	0	53440	249	458825	294631			0	354190	350478	-1644	0	0	0	0	93624	0	0	
3041358																																							3644	505	19674	0	850	986	131	1763	137793	121496	525	122021	0	1145	0	0	15772	1500	137793	0	0	6406	0	0	8646	0	22331	99165			0	111037	109892	-780	0	0	0	0	15772	348	0	
3045383																																							0	33596	0	0	0	0	0	49170	173449	0	86545	86545	0	0	0	0	86904	1000	173449	0	0	68866	0	22	17016	0	0	0			0	0	0	0	0	0	0	0	86904	90683	0	
3047659																																							47337	13105	120613	0	25861	36054	104	83525	2368823	1960783	16182	2113281	0	21404	136316	0	255542	18832	2368823	0	0	49939	0	0	189827	0	519485	1441298			0	1996064	1974660	-3056	0	0	0	0	255542	103	67461	
3049635																																							49232	3342	26469	0	0	1667	143	8128	324628	291954	487	292441	0	2462	0	0	32187	2900	324628	0	0	26125	0	0	5600	0	91348	200606			0	238109	235647	-2438	0	0	0	0	32187	0	0	
3052813																																							489627	21507	129312	0	3061	2731	0	27479	1485516	1333165	12240	1345405	0	10489	0	0	140111	16974	1485516	0	0	96202	0	0	34000	0	313143	1020022			0	795583	785094	-7065	0	0	0	0	140111	230	26475	
3066025	28459	0	24380	4	0	0	0	25958	138413	33756	33756	0	0	0	0	104657	2000	138413	0	0	74647	0	0	28000	0		0	0	0	10	0	0	104657	59612	0													0																	0	0							0		0					
3067929																																							39566	2096	14807	0	0	8654	1164	2161	231855	202384	513	202897	0	2252	0	0	28958	2000	231855	0	0	11805	0	0	16000	0	91460	110924			0	165453	163201	-847	206	0	0	0	28958	0	0	
3068579																																							87942	24375	341930	0	0	7102	0	59426	1800976	1640990	22752	1673622	0	12039	0	0	127354	6891	1800976	0	0	127315	0	0	31246	0	357890	1283100			0	1291240	1279201	-38098	1000	0	0	9880	127354	0	0	
3070545																																							3660	5749	169408	0	2664	3617	0	20095	523473	448256	3135	480491	0	3500	29100	0	42982	1400	523473	0	0	29653	0	0	27000	0	82780	365476			0	320980	317480	-15071	800	0	0	0	42982	0	0	
3076220																																							268470	20177	815284	0	0	4768	0	105676	11735326	10807482	114209	10922536	0	31207	0	0	812790	5248	11735326	845	845	297601	0	0	551977	0	369537	10437945			0	7694274	7663067	-42036	0	0	0	0	812790	0	2857039	
3076248																																							658990	2123	179866	0	20333	54617	0	355626	19412996	17855157	73510	18078250	0	101037	0	0	1334746	1000	19412996	4514	4514	346930	0	0	997199	502199	54229	17800928			0	14443608	14342571	-10383	1	0	0	145069	1334746	0	3292156	
3076453																																							146061	47710	234890	0	129672	27210	0	163237	4030860	3390316	48725	3439041	0	34348	0	0	591819	47123	4030860	0	0	72274	0	0	474043	25105	1197991	2192325			0	3033887	2999539	-1621	204500	0	0	0	591819	0	52936	
3076604																																							192002	5612	95427	175	0	6190	0	11124	1305556	1143546	4525	1148071	0	11129	0	0	157485	4625	1305556	0	0	128263	0	0	24625	0	258396	885150			0	1005706	994577	-28	0	0	0	0	157485	0	449	
3089752																																							0	772	12732	0	2370	0	0	1614	18033	0	1428	1428	0	0	0	0	16605	2000	18033	0	0	914	0	0	13168	0	0	0			0	0	0	523	0	0	0	0	16605	545	0	
3090833																																							14982	2268	33007	0	0	579	4631	2426	254615	215527	2317	235056	0	3790	17212	0	19559	200	254615	0	0	2701	0	0	18000	0	38348	177179			0	200167	196377	-1342	345	0	0	0	19559	0	0	
3103591																																							11223	1683	36699	0	0	960	0	1347	122915	109002	522	110994	0	915	0	0	11921	2823	122915	0	0	3086	0	0	6587	0	18469	90533			0	69218	68303	-575	2700	0	0	1470	11921	0	0	
3109043																																							195075	19493	160409	0	3624	19968	0	107956	3353033	2851199	32536	3004686	0	30705	120951	0	348347	1489	3353033	0	0	198271	0	0	148803	0	403652	2447547			0	2835146	2804441	-216	10354	0	0	0	348347	2248	29465	
3109146																																							475193	17606	261016	0	23803	14090	0	95289	5031931	3914875	61970	4492812	0	41703	515967	0	539119	1	5031931	0	0	388391	0	0	176792	88235	478264	3436611			0	4056868	4015165	-26065	0	0	0	0	539119	0	41534	
3110197																																							280849	6158	834	0	202	38563	447	151934	3482560	3140156	50041	3190197	0	18758	0	0	292363	1284	3482560	0	0	192907	0	0	98219	0	227505	2912651			0	3022331	3003573	-47	0	0	0	0	292363	0	0	
3116519																																							52359	473	995	0	0	9773	0	3663	496927	375613	4948	453818	0	1149	73257	0	43109	10	496927	0	0	14932	0	0	28170	0	14002	361611			0	429178	428029	-3	0	0	0	0	43109	0	1635	
3120646																																							1976	7805	151702	0	363	14010	0	12270	426185	376320	3816	385646	0	2404	0	0	40539	3264	426185	0	0	33968	0	0	6339	5958	83996	292324			0	231664	229260	-3032	2841	0	0	5510	40539	0	0	
3120897																																							8194	4127	37837	0	5643	2731	0	3572	311150	235131	767	277012	0	3003	17000	0	34138	3000	311150	0	0	6524	0	0	24526	0	50034	185097			0	234880	231877	88	17169	0	0	24114	34138	0	0	
3122994																																							57887	7628	0	0	203	31315	7206	15584	1011843	817697	3149	920846	0	8551	100000	0	90997	6966	1011843	0	0	67545	0	0	16486	1366	213922	603775			0	865304	856753	0	0	0	0	0	90997	0	33901	
3125315																																							3526	2279	84922	0	20	2067	0	8967	189749	165175	1042	169257	0	1238	3040	0	20492	3425	189749	0	0	16009	0	580	3558	0	41722	123453			0	87206	85968	-3080	0	0	0	0	20492	0	2000	
3125557																																							4032	5527	122274	0	0	8924	88	13840	449569	409946	1289	411235	0	2930	0	0	38334	1189	449569	0	0	36733	0	0	8814	0	61448	348498			0	275664	272734	-8402	22150	0	0	0	38334	0	0	
3128923																																							18741	2146	24356	0	0	4603	0	7530	220404	190962	2012	192974	0	1559	0	0	27430	2460	220404	0	0	15781	0	0	10590	0	42587	148375			0	164587	163028	-1401	0	0	0	0	27430	0	0	
3134399																																							75826	1263	33777	0	4341	2766	0	6419	290358	257000	1282	258282	0	1815	0	0	32076	2511	290358	0	0	4934	0	0	26089	0	42184	214816			0	167781	165966	-1458	0	0	0	0	32076	0	0	
3134698																																							46189	2271	29804	0	2238	8528	1110	20137	351911	305730	2966	317225	0	2536	8529	0	34686	60	351911	0	0	11628	0	0	25751	13446	31852	273878			0	230724	228188	-2753	0	0	0	0	34686	0	0	
3138146																																							3099318	496466	18761839	118566	2142553	384701	137427	3550896	92735703	77639392	1236513	84626609	293298	460690	5356184	394520	7815796	102516	92735703	0	0	4978719	571220	0	3075265	3613368	24352472	53286920			0	58677189	58216499	-340704	0	0	0	0	8109094	71878	1570972	
3139321																																							980	805	19942	0	0	1391	0	3315	98369	90349	1185	91534	0	669	0	0	6835	1000	98369	0	0	842	0	0	6000	0	16323	74026			0	72019	71350	-1007	586	0	0	0	6835	0	0	
3140822																																							806	6798	58010	0	49526	13235	0	22247	602611	424644	5462	499606	0	4550	69500	0	103005	6980	602611	0	0	12458	0	0	84484	124	92831	331813			0	456415	451865	-917	0	0	0	0	103005	0	0	
3141726																																							100428	34403	297514	0	36396	40779	85	49859	1652914	1494746	6174	1508532	0	13300	0	0	144382	31001	1652914	0	0	81996	0	0	55461	1330	201739	1293007			0	1103366	1090066	-24076	546	0	0	7612	144382	0	1508	
3146150																																							32450	6027	307490	0	0	9766	0	115485	2788916	2359913	22523	2540686	0	25500	158250	0	248230	19992	2788916	0	0	-53145	0	0	311648	0	598694	1761219			0	2189257	2163757	-30265	0	0	0	0	248230	0	153941	
3148613																																							31735	2176	24598	0	0	1869	0	6466	188931	163984	2646	175131	0	2047	4000	0	13800	3500	188931	0	0	5234	0	0	9484	0	66427	97557			0	124134	122087	-4418	0	0	0	4501	13800	0	0	
3150205																																							86654	6924	15720	0	0	12046	0	5853	611422	550008	2541	552549	0	4666	0	0	58873	11407	611422	0	0	18207	0	0	29298	0	191446	358562			0	488891	484225	-39	0	0	0	0	58873	0	0	
3150447	24586000	60000	53755000	78000	17000	0	1000	6517000	253772000	1515000	235114000	0	36000	1850000	0	18658000	100000	253772000	0	0	9249000	0	0	18833000	0		0	54735000	54699000	-9524000	0	1250000	18658000	0	114059000													230499000																	253000	230246000							0		0					
3153233																																							38348	1044	52415	0	0	804	1368	10046	235465	202073	2166	237239	0	5194	33000	0	-1774	10	235465	0	0	-22130	0	0	29090	0	39321	162752			0	136634	131440	-8744	0	0	0	0	-1774	0	0	
3153297																																							17785	5807	79999	0	6796	14535	0	29430	892579	787263	10388	797651	0	6231	0	0	94928	1275	892579	0	0	56356	0	0	39677	0	124118	663145			0	712930	706699	-2380	31528	0	0	0	94928	0	0	
3158546																																							190526	9755	45607	0	31430	43675	3040	63050	3151853	2754378	34585	2852186	0	21441	63223	0	299667	2500	3151853	0	0	129335	0	0	169141	40168	352772	2401606			0	2650423	2628982	-1309	0	0	0	0	299667	650	94970	
3160978																																							16283	2046	54980	0	0	11473	1163	10108	445277	362335	1671	408506	0	3775	44500	0	36771	40	445277	0	0	28382	0	0	10042	0	94052	268283			0	352999	349224	-1693	0	0	0	0	36771	0	0	
3165357																																							80350	18074	12749	0	13468	21241	196	26743	932697	767615	17670	820677	9245	12589	35392	0	102775	1635	932697	0	0	81169	0	0	19947	71935	113193	654422			0	700530	687941	24	0	0	0	0	112020	0	0	
3166699																																							235242	1848	19896	0	0	12223	0	4600	1010913	913956	13888	927844	0	7277	0	0	83069	1927	1010913	0	0	50418	0	0	31744	0	81851	832105			0	713681	706404	-1020	0	0	0	0	83069	577	30123	
3174920																																							65633	13795	274989	0	0	25978	0	43477	1088715	991349	6883	1015458	0	6590	15000	0	73257	11	1088715	0	0	51789	4584	0	51657	1494	198928	792421			0	627389	620799	-30200	4385	0	0	2226	73257	0	33581	
3180136																																							13305	710	0	0	0	21	0	141	14177	0	115	115	0	0	0	0	14062	5000	14177	0	0	9027	0	0	35	0	0	0			0	0	0	0	0	0	0	0	14062	0	0	
3184228																																							76004	8114	61962	0	987	6496	0	14135	920918	820473	11141	831614	0	14477	0	0	89304	1250	920918	0	0	46663	0	0	44590	0	127148	693325			0	756207	741730	-3199	11490	0	0	0	89304	0	0	
3185579																																							3505	1692	23273	0	64	3355	37	12256	266271	237610	3131	249241	0	1480	8500	0	17030	1666	266271	0	0	8352	0	0	10647	0	51716	185894			0	223569	222089	-3635	0	0	0	0	17030	0	0	
3185896																																							52144	2503	141254	0	0	4010	0	15612	553357	483141	3605	486746	0	5480	0	0	66611	6393	553357	0	0	60137	0	0	9501	0	143332	339809			-8463	343314	337834	-957	0	0	0	0	66611	0	0	
3187630																																							629698	18241	1254887	0	31685	30763	8729	288692	7907878	6801160	182135	6984850	0	53094	1555	0	923028	9735	7907878	0	0	399992	0	0	510277	379662	372444	6428716			0	5269781	5216687	3024	0	0	0	0	923028	0	48834	
3189063																																							217717	19547	542679	0	17629	11646	3458	114323	3701611	3069453	33786	3357803	0	32266	254564	0	343808	44476	3701611	0	0	131586	0	0	184790	0	1203330	1866123			0	2760214	2727948	-17044	0	0	0	0	343808	0	46664	
3194692																																							79440	14711	23139	0	0	21646	7283	17148	856183	745417	9425	770342	0	10151	15500	0	85841	9	856183	0	0	63546	0	0	23128	0	125271	620146			0	698961	688810	-842	0	0	0	0	85841	0	4006	
3199811																																							23428	4804	46698	0	660	7103	0	15914	425932	381424	5813	390437	0	4473	3200	0	35495	2000	425932	0	0	19874	0	0	16982	0	63816	317608			0	320429	315956	-3361	10358	0	0	0	35495	26	985	
3202702																																							1430000	25000	8938000	0	851000	4000	8000	404000	20819000	16038000	1826000	17864000	0	72000	0	0	2955000	0	20819000	0	0	2861000	36000	0	421000	0	2389000	13649000			0	8936000	8864000	-327000	0	0	0	0	2955000	255000	4000	
3212149	18892119	12095	3998794	0	3028	8724	0	1310988	119317920	512026	109575979	0	108630	4181175	0	9741941	1	119317920	0	0	7386530	0	0	2909955	0		0	88683003	88574373	-554545	0	248444	9741941	4440	6513359													104634334																	17089	104617245							0		0					
3212402																																							181823	25319	160009	0	5626	25222	0	76397	3280733	2805961	62315	2902276	0	33381	34000	0	378457	31138	3280733	0	0	161193	7241	0	190982	12077	566194	2239767			0	2820400	2787019	-4856	0	0	0	0	378457	0	0	
3213333																																							1500	2504	15505	0	0	1454	0	3184	247629	219201	3076	222277	0	3470	0	0	25352	2822	247629	0	0	20611	0	0	3069	0	35043	184158			0	165906	162436	-1150	61046	0	0	0	25352	0	0	
3214059																																							146627	7942	218160	4564	0	7131	0	51968	2562570	2191600	20569	2272169	0	22261	0	0	290401	41406	2562570	0	0	119631	0	0	129525	0	562500	1629100			0	2148439	2126178	-161	0	0	60000	0	290401	0	0	
3216017																																							129797	6017	242106	0	12590	47272	1260	39096	2522542	2133322	23732	2260221	0	14293	100161	0	262321	3250	2522542	3008	3006	119341	0	0	140148	0	342555	1790767			0	1969606	1955313	-418	4	0	0	0	262321	1292	84787	
3216316																																							68888	629	2924	0	858	4213	0	10150	378189	312173	6333	318506	0	4424	0	0	59683	20567	378189	0	0	38577	0	0	513	0	23708	288465			0	294951	290527	26	0	0	0	0	59683	0	0	
3217331																																							6332	31795	175063	0	0	11219	1229	18143	638746	544546	2015	577701	0	4060	30000	0	61045	423	638746	0	0	58151	0	0	16724	0	94987	449559			0	399025	394965	-14253	0	0	1140	0	61045	0	0	
3217957																																							9926	5812	148384	0	52	18895	2635	25056	911121	825468	6650	832118	0	8137	0	0	79003	13315	911121	0	0	44710	0	2000	25589	890	231701	593767			0	672108	663971	-6611	35500	0	0	0	79003	0	0	
3219269																																							2242	583	22311	0	585	2601	0	5950	34525	500	4959	5459	0	0	0	0	29066	1156	34525	0	0	-4355	0	104	33588	0	0	500			0	0	0	-1427	0	0	0	0	29066	253	0	
3220863																																							2405	249	13312	0	0	730	0	3820	187809	143900	3104	160162	0	2670	9658	0	27647	737	187809	0	0	13785	0	0	13082	0	45051	98849			0	144635	141965	43	22474	0	3500	0	27647	1091	1763	
3223305																																							62185	9200	66759	0	1512	13500	0	14107	480460	420044	2882	423926	0	5521	1000	0	56534	6040	480460	0	0	14190	0	0	37197	170	174001	246043			0	318548	313027	-893	0	0	0	0	56534	0	0	
3223408																																							9999	2689	72097	0	0	3124	22	8009	227704	211751	2674	214425	0	1167	0	0	13279	1035	227704	0	0	8872	0	0	9329	0	35064	176687			0	132931	131764	-5957	0	0	0	0	13279	0	0	
3223417																																							49730	3856	18351	0	0	2597	0	1129	301455	263071	4519	269590	0	2791	0	0	31865	100	301455	0	0	9479	0	0	22200	0	55965	207106			0	228583	225792	86	0	0	2000	0	31865	0	0	
3224302																																							41369	10844	223481	0	4271	6293	0	24909	663549	497042	5073	576050	0	4665	65930	0	87499	7000	663549	0	0	11255	1695	0	84834	0	84049	412993			0	334091	329426	-15590	0	0	0	8005	87499	0	21261	
3224375																																							120285	3324	0	0	0	5715	0	13896	953547	811101	9590	851017	0	10978	30326	0	102530	71294	953547	0	0	28954	0	0	2282	0	94208	716893			0	820805	809827	0	0	0	0	0	102530	0	500	
3224478																																							9778	7157	2470	0	0	4730	0	5162	178792	146073	686	160759	0	1924	14000	0	18033	2642	178792	0	0	2026	0	0	13373	0	21952	124121			0	151419	149495	-8	0	0	0	0	18033	0	0	
3224580																																							2275574	78835	93175	17111	77753	122	0	707801	13626906	10445771	451178	11856416	0	1335771	709467	250000	1770490	1	13626906	0	0	752373	25281	75000	950271	0	45109	10400662			0	11670927	10335156	-7155	0	0	0	0	1770490	16098	0	
3228908																																							142803	940	60183	0	0	4368	0	69720	2620589	2089515	30901	2170416	0	105519	50000	0	450173	1000	2620589	0	0	275458	0	99429	77500	15144	0	2089515			0	2427458	2321939	-3214	3705	0	0	0	450173	1787	0	
3229875																																							12498	12195	0	0	8659	202	0	17826	51380	0	8162	8162	0	0	0	0	43218	300	51380	0	0	29653	0	0	15103	0	0	0			0	0	0	-1838	0	0	0	0	43218	0	0	
3232204																																							746827	16544	861846	0	346	75433	14942	377816	7585280	5908014	141959	6899973	0	90740	850000	0	685307	143677	7585280	0	0	352236	0	0	199132	0	489603	5418411			0	5478324	5387584	-9738	0	0	0	0	685307	0	103942	
3232370																																							30287	12598	54714	0	0	12730	438	10702	370987	345211	1155	348566	0	2369	2200	0	22421	2500	370987	0	0	6541	0	0	16967	0	56853	288358			0	249477	247108	-3587	0	0	0	0	22421	0	2410	
3235410																																							154448	36334	384608	0	63989	14911	267	88306	2883698	2479075	22026	2501101	0	38173	0	0	382597	0	2883698	0	0	169130	0	0	222338	0	1014224	1464851			-5000	2172464	2134291	-3871	0	0	0	0	382597	0	6544	
3243282																																							99519	21463	22076	0	0	10199	0	22055	1277562	1121854	11675	1135537	0	13010	0	0	142025	0	1277562	0	0	95211	0	0	47342	0	184746	937108			0	1114591	1101581	-528	669	0	0	2008	142025	0	0	
3247589																																							11956	7964	76257	0	1521	8492	0	23729	531608	472191	4815	477006	0	6041	0	0	54602	18571	531608	0	0	39828	0	0	340	0	123437	348754			0	381636	375595	-4137	26094	0	0	0	54602	0	0	
3248849																																							133128	29627	56955	0	0	21549	1697	110459	2209046	1902250	24153	1926403	0	19308	0	0	282643	28892	2209046	0	0	115078	0	0	144441	0	378161	1524089			0	1861141	1841833	-5768	0	0	0	0	282643	0	13798	
3253834																																							14065	2047	26692	0	79	1962	0	4503	188217	166254	797	171551	0	1887	4500	0	16666	100	188217	0	0	7210	0	0	10400	0	48350	117904			0	140756	138869	-1044	0	0	0	0	16666	0	0	
3254297																																							2374	2820	8789	0	0	1521	0	1577	95547	85049	201	85250	0	921	0	0	10297	857	95547	0	0	4132	0	0	5907	0	42204	42845			0	74107	73186	-599	5280	0	0	0	10297	0	0	
3262788																																							750	4771	46406	0	0	7858	0	9123	369248	311239	2338	338036	0	1499	20800	0	31212	1278	369248	0	0	15559	0	0	15828	0	55744	255495			0	290452	288953	-1453	3731	0	0	3659	31212	0	7656	
3267738																																							31259	8062	61157	0	0	12793	300	22832	803174	689057	12820	723877	0	7586	22000	0	79297	4000	803174	0	0	38191	0	0	38750	0	172093	516964			0	673358	665772	-1644	999	0	0	0	79297	0	0	
3268173																																							3467	24	0	0	0	0	0	0	3491	500	8	508	0	0	0	0	2983	1000	3491	0	0	-1017	0	0	3000	0	500	0			0	0	0	0	0	0	0	0	2983	0	0	
3268249																																							120052	78	392598	0	0	0	0	13771	1304624	1187377	262	1187639	0	0	0	0	116985	1000	1304624	0	0	81415	0	0	45300	0	9551	1177826			0	0	0	-10730	0	0	0	0	116985	0	778125	
3271799																																							23830	11948	193457	0	3548	12348	3592	94145	2560367	2163368	36602	2316424	0	21573	115838	616	243943	13338	2560367	0	0	131797	0	0	104087	33762	250617	1912751			0	2170600	2149027	-5279	0	0	0	0	243943	2166	32544	
3271986																																							27498	7440	27647	0	0	30994	0	30060	819481	689496	4716	759793	0	7496	65581	0	59688	50	819481	0	0	28795	0	0	40073	0	83955	605541			0	627874	620378	-9230	0	0	0	0	59688	0	75464	
3272956																																							63631	2443	0	0	12	4808	466	6859	485001	385122	4582	404704	0	9187	15000	0	80297	20367	485001	0	0	33767	1327	0	26163	0	28202	356920			0	414642	405455	0	0	0	0	0	80297	0	0	
3274709																																							68184	11218	330503	0	6262	21635	0	96977	2304649	1990249	29035	2049284	0	18743	30000	0	255365	8600	2304649	0	0	69056	0	0	186928	170933	314816	1675433			0	1617315	1598572	-9219	365	0	0	0	255365	0	0	
3277241																																							33803	2842	4872	0	715	9146	0	13833	616840	506668	2573	553876	0	5142	44635	0	62964	8596	616840	0	0	18825	0	0	35752	0	111469	395199			0	549728	544586	-209	0	0	0	0	62964	0	7043	
3280625																																							284269	16497	101602	0	6029	18963	1820	39630	1572778	1366207	6027	1389444	0	16446	15000	0	183334	2727	1572778	0	0	84581	0	0	97238	0	369451	996756			0	1108807	1092361	-1212	11607	0	0	2210	183334	0	0	
3281510																																							179632	26785	179708	0	40971	25842	0	74301	2576971	2221090	15670	2250418	0	21210	13658	0	326553	37803	2576971	0	0	76802	3290	0	219758	1316	578668	1642422			-1176	2066336	2045126	-6634	0	0	0	0	326553	0	0	
3282012																																							1370	5696	24260	0	490	2303	470	5875	196920	173842	1492	176334	0	2036	1000	0	20586	7	196920	0	0	15254	0	0	6493	0	29950	143892			0	134296	132260	-1168	24196	0	0	0	20586	0	0	
3284070	9395000	268000	18514000	569000	19000	834000	1000	14272000	184648000	2552000	169371000	0	3493000	11237000	0	15277000	1000	184648000	3000	0	2725000	2089000	0	15143000	549000		0	137257000	133764000	-2592000	0	545000	15277000	0	4371000													155037000																	220000	154817000		1231					0		0					
3284397																																							655605	82336	9053625	0	0	43197	3747	746404	14512815	3550782	56219	11724929	0	41522	8117928	0	2787886	1	14512815	0	0	876845	0	0	1848458	0	60093	3490689			0	3969423	3927901	62582	0	0	0	0	2787886	0	0	
3284445																																							66739	2025	21961	0	21657	4929	0	15138	979747	839690	14803	854493	0	12212	0	0	125254	7000	979747	0	0	51923	0	0	67161	51212	61506	778184			0	784523	772311	-830	2036	0	0	0	125254	0	21739	
3284490																																							355661	12263	51917	0	721	69906	0	15787	1524662	1342848	10456	1353304	0	14004	0	0	171358	3625	1524662	0	0	68885	0	0	99777	0	147738	1195110			0	1032411	1018407	-929	0	0	0	0	171358	0	0	
3285246																																							7638	2902	3392	0	0	506	0	891	69870	57362	164	62352	0	500	1761	0	7518	300	69870	0	0	4567	0	0	2700	0	16629	40733			0	55041	54541	-49	0	0	2000	1065	7518	0	0	
3285778																																							12853	3310	30047	0	0	6944	0	6481	279950	253364	1041	254405	0	1932	0	0	25545	13019	279950	0	0	-6054	0	994	18065	0	78254	175110			0	195327	193395	-479	0	0	0	0	25545	0	26920	
3286999																																							12068	2453	0	0	0	4786	0	2729	235548	204525	536	210061	0	946	5000	0	25487	3000	235548	0	0	16487	0	0	6000	0	23558	180967			0	148625	147679	0	0	0	0	0	25487	0	65833	
3287660																																							870439	30224	4201523	0	0	1693	0	2705407	15431880	13206169	181383	13962552	0	70444	575000	0	1469328	1	15431880	0	0	138599	0	0	1389999	0	0	13206169			0	7689345	7618901	-59271	0	0	0	0	1469328	3693	0	
3288452																																							6122	2622	51017	0	477	13946	0	18095	888558	754362	12217	813629	0	8347	45000	0	74929	22419	888558	0	0	27896	0	0	26742	54041	134268	620094			0	750585	742238	-2128	0	0	0	2050	74929	0	0	
3290240																																							44313	5430	505325	0	0	6651	0	40294	1414946	1241606	9911	1301733	0	7415	50216	0	113213	2117	1414946	0	0	86370	0	0	30547	0	143872	1097734			0	813553	806138	-5821	6795	0	0	0	113213	0	0	
3293540																																							132233	8071	23239	0	0	4735	0	14108	710327	629993	3496	633489	0	7877	0	0	76838	31243	710327	0	0	28216	0	0	17494	0	284637	345356			0	535818	527941	-115	0	0	0	0	76838	0	0	
3296859																																							47679	4269	33056	0	622	4492	0	2913	308647	245689	2541	268634	0	3631	20404	0	40013	5800	308647	0	0	11425	0	0	22592	0	74044	171645			0	215277	211646	196	3970	0	0	0	40013	0	0	
3297490																																							80130	21006	77138	0	46012	19043	0	8130	837883	692763	9525	702288	0	7260	0	0	135595	5580	837883	0	0	19435	0	0	114109	200	205283	487480			0	593484	586224	-3529	0	0	0	0	135595	0	0	
3303298	11743975	1959244	35696718	0	9588941	1861391	19254	10918197	225863637	3780612	199025524	0	1942574	6932248	1125000	26838113	1	225863637	830189	904238	6437981	2897441	75	22349205	1028400		0	143079300	141136726	-1949149	0	0	26838113	250472	7932689	0												186283426																	43591010	142692416							0		0					
3303944																																							50466	3050	39374	0	0	4900	0	9110	386098	342329	3158	350529	0	3192	5042	0	35569	40562	386098	0	0	-4640	0	0	1465	0	78712	263617			0	276567	273375	-1818	0	0	0	0	35569	0	5823	
3306280																																							22414	11224	52337	0	5599	26510	329	24527	1175798	1035086	8254	1068340	0	13618	25000	0	107458	4	1175798	0	0	45676	0	1	63554	967	223349	811737			0	1044259	1030641	-1777	1250	0	0	0	107458	0	0	
3306598																																							3896	5849	21698	0	0	4495	30	4033	269780	231730	1958	237688	0	3049	4000	0	32092	6000	269780	0	0	20822	0	0	6000	0	60221	171509			0	231968	228919	-730	860	0	0	0	32092	0	0	
3308529																																							347	1449	12631	0	0	3261	0	1779	98746	86941	1091	88032	0	1181	0	0	10714	8	98746	0	0	-7255	0	0	18618	0	17820	69121			0	78186	77005	-657	2274	0	0	0	10714	0	0	
3308574																																							8650	239	0	0	655	1478	470	1795	83489	69057	1163	71720	0	629	1500	0	11769	590	83489	0	0	-12714	0	0	23893	4988	3648	65409			0	65843	65214	0	0	0	0	0	11769	0	0	
3309393																																							30199	2637	27040	0	0	6884	245	3311	332075	301945	653	302598	0	1809	0	0	29477	9231	332075	0	0	15994	0	0	6000	0	50211	251734			0	262965	261156	-1748	603	0	0	0	29477	0	0	
3309571																																							2900	3867	168880	0	0	182	0	10727	1073318	968322	3224	971546	0	29043	0	0	101772	243	1073318	0	0	78438	0	0	28708	0	36293	932029			-236	852860	823817	-5381	62192	0	0	0	101772	0	753	
3310287																																							7943	0	14968	0	0	2545	0	11710	37460	6	4344	4350	0	0	0	0	33110	1250	37460	0	0	26474	0	0	5387	0	6	0			0	0	0	-1	0	0	0	0	33110	294	0	
3314043																																							53929	7689	58994	0	4717	10062	128	11176	826710	688365	4032	760897	0	8867	68500	0	65813	60	826710	0	0	11889	0	0	54250	7448	123208	565157			0	677291	668424	-386	4143	0	0	0	65813	0	0	
3314119																																							9076	2127	0	0	0	1553	0	885	143660	125304	131	125435	0	1808	0	0	18225	1000	143660	0	0	4225	0	0	13000	0	26575	98729			0	131827	130019	0	0	0	0	0	18225	0	0	
3316739																																							30538	8719	29290	0	2260	2452	452	9978	289161	202521	830	258915	0	3061	55564	0	30246	1000	289161	0	0	14167	0	0	15276	140	23482	179039			0	208393	205332	-197	0	0	0	0	30246	0	0	
3317192																																							31166	1743	3089	0	0	3442	0	1643	215622	195634	1021	196655	0	2202	0	0	18967	534	215622	0	0	1569	0	0	16889	0	42649	152985			0	176741	174539	-25	0	0	0	0	18967	0	0	
3317932																																							288489	92406	1250938	0	280158	81007	0	689654	13993791	11296431	80862	12281728	162	154305	904435	0	1711901	11113	13993791	0	0	691807	0	0	1040877	391	2476213	8820218			0	11453280	11298975	-31896	0	0	0	0	1712063	11773	0	
3320781																																							54871	15891	157008	0	25039	12926	0	22587	1177313	1021221	4672	1031004	0	11453	5111	0	146309	500	1177313	0	0	73095	94	0	83464	287	144848	876373			0	882984	871531	-10750	655	0	0	0	146309	175	16249	
3322468																																							16364	5804	0	0	0	115	0	2682	191626	138724	2823	154847	0	1335	13300	0	36779	13376	191626	0	0	10198	0	0	13205	0	41943	96781			0	167947	166612	0	49	0	0	0	36779	0	0	
3325759																																							118559	25986	171377	0	93495	71666	0	138329	4029759	3431464	86867	3561656	0	45883	39773	0	468103	2000	4029759	0	0	129915	0	0	338858	166066	544128	2887336			0	3283183	3237300	-2670	0	0	0	3552	468103	0	6981	
3337097																																							425671	10265	53028	0	8502	15526	5651	28810	2006978	1707699	30899	1738598	0	16345	0	0	268380	63119	2006978	0	0	199047	0	0	6101	65419	303629	1404070			0	1397420	1381075	113	329	0	0	0	268380	0	12702	
3340725																																							214319	808	4878	0	0	5062	384	19947	831982	739628	7489	747117	0	1120	0	0	84865	60	831982	2627	0	45684	0	0	39212	201042	9964	729664			0	383928	382808	-91	107	0	0	0	84865	0	0	
3340903																																							11737	2049	40156	0	0	2134	0	2640	191285	164525	327	168852	0	1662	4000	0	22433	13470	191285	0	0	-9934	0	840	19940	0	24601	139924			0	134231	132569	-1883	0	0	0	0	22433	0	0	
3341393																																							23250	4224	9045	0	0	4573	0	7828	332376	282436	2813	301249	0	3719	14000	0	31127	5000	332376	0	0	18564	0	0	7486	0	71953	210483			0	280300	276581	77	6875	0	2000	0	31127	0	0	
3342671																																							76567	6415	35848	0	0	12317	0	10333	570745	454867	2658	523780	0	3149	66255	0	46965	23537	570745	0	0	-3514	0	0	27553	0	142472	312395			0	420904	417755	-611	0	0	0	0	46965	0	11510	
3344321																																							31251	15582	337617	0	0	9025	2136	51820	2644240	2063606	19256	2427862	0	26545	345000	0	216378	100	2644240	0	0	21049	0	0	204900	0	344286	1719320			0	2223354	2196809	-9671	0	0	0	0	216378	0	0	
3346633																																							28245	2949	69662	0	0	1193	0	3942	194018	174208	783	174991	0	2656	0	0	19027	1500	194018	0	0	4349	0	0	15000	0	40944	133264			0	90107	87451	-1822	576	0	0	0	19027	0	0	
3347603																																							2613	1958	18962	0	0	12635	206	9424	481999	345220	2101	439578	0	3692	92257	0	42421	5798	481999	0	0	3131	0	0	36698	805	31825	313395			0	414357	410665	-3206	12584	0	0	0	42421	0	12147	
3347911																																							30631	475	6424	425	0	848	0	22487	469187	373388	3818	427206	0	1593	50000	0	41981	2265	469187	0	0	8846	0	0	30250	0	12782	360606			0	409490	407897	620	0	0	0	0	41981	0	0	
3348468																																							87086	9830	151837	0	87	17587	0	16870	786088	711603	4587	716190	0	5970	0	0	69898	11603	786088	0	0	29290	0	0	32919	316	192693	518910			0	508445	502475	-3914	0	0	0	0	69898	0	0	
3348888																																							1026607	95127	1068825	0	13615	82413	2583	734740	17725922	14245239	130396	15847263	500	171683	0	0	1878159	25562	17725922	0	0	1588307	0	0	266082	11744	2710477	11534762			0	13696912	13525229	-1792	6052	498910	1471628	0	1878659	0	660077	
3349241																																							87272	3250	18523	0	61	10251	0	15358	817306	730171	6748	752931	0	4977	16012	0	64375	2931	817306	0	0	39975	0	0	22099	0	125198	604973			0	678456	673479	-630	0	0	0	0	64375	0	9112	
3350658																																							44649	6087	53424	0	0	7165	5480	12478	425580	369201	6501	375702	0	3789	0	0	49878	1767	425580	0	0	32509	0	0	16505	0	61868	307333			0	300086	296297	-903	0	0	0	0	49878	0	0	
3350724																																							34330	12446	157739	0	1591	36770	0	29865	1523393	1324919	31946	1388356	0	14691	31491	0	135037	0	1523393	0	0	29578	0	0	108802	3222	229341	1095578			0	1262121	1247430	-3343	0	0	0	0	135037	0	0	
3353154																																							0	8026	0	0	0	0	0	177	8203	1000	41	1041	0	0	0	0	7162	2064	8203	0	0	1265	0	0	3833	0	1000	0			0	0	0	0	0	0	0	0	7162	0	0	
3354599																																							6522	3518	106989	0	0	18591	1898	28405	1018727	905533	18793	924981	0	10438	0	0	93746	15150	1018727	0	0	19093	0	0	63080	0	137609	767924			0	862502	852064	-3577	740	0	655	0	93746	0	0	
3356191																																							764622	42414	277672	0	0	67653	9753	27889	2896836	2354990	21713	2626589	0	13773	0	0	270247	200	2896836	555	190	167198	0	0	103835	23337	671916	1683074			0	1358005	1344232	-986	1048	0	212893	36803	270247	0	337661	
3357077																																							26106	1543	0	0	0	565	0	3539	257230	189722	977	232156	0	1919	41457	0	25074	100	257230	0	0	828	0	0	24146	0	12534	177188			0	227396	225477	0	0	0	0	0	25074	0	0	
3357219																																							156505	10911	192785	0	10057	14331	0	85409	2650892	2281519	42016	2398535	0	27975	75000	0	252357	93898	2650892	0	0	131866	0	0	36850	11443	527271	1754248			0	2193669	2165694	-10257	0	0	0	0	252357	3757	0	
3357385																																							60827	10899	26025	0	50	9819	0	10063	733054	637565	12432	649997	0	7659	0	0	83057	29490	733054	0	0	53521	0	0	0	0	265492	372073			0	623030	615371	46	0	0	0	0	83057	0	0	
3357620																																							53515	1195	0	0	0	0	0	1730	56440	499	757	1256	0	0	0	0	55184	2000	56440	0	0	5083	0	0	48101	0	499	0			0	0	0	0	0	0	0	0	55184	0	0	
3358270																																							10560	2496	17243	0	0	7388	0	6065	270369	237003	1511	243514	0	2873	5000	0	26855	4042	270369	0	0	2887	0	0	20580	0	86905	150098			0	228763	225890	-654	727	0	0	0	26855	0	0	
3368635																																							39901	1934	44471	0	1312	28301	0	10848	435073	400511	2538	403049	0	3160	0	0	32024	12123	435073	0	0	5751	0	0	21626	0	124170	276341			0	311466	308306	-7476	0	0	0	0	32024	0	0	
3368925																																							84303	2005	90288	0	108	1306	0	5882	558136	471664	2105	473769	0	4424	0	0	84367	4700	558136	0	0	28366	0	0	55964	0	94078	377586			0	378668	374244	-4663	0	0	0	0	84367	0	0	
3370133																																							34713	3654	97181	0	0	7880	0	4636	600259	527573	4424	546997	0	5843	15000	0	53262	2934	600259	0	0	15259	0	0	40359	0	94859	432714			0	452079	446236	-5290	0	0	0	0	53262	0	5959	
3370357																																							35652	2366	26661	0	0	4126	0	2209	226770	198295	4764	203059	0	2264	0	0	23711	37	226770	0	0	-1663	0	0	25602	0	87637	110658			0	132946	130682	-265	25074	0	0	0	23711	0	0	
3374234																																							7989	521	5605	0	0	1857	0	1953	229330	196038	1715	202753	0	2455	5000	0	26577	500	229330	0	0	857	0	0	25230	0	29545	166493			0	207360	204905	-10	6500	0	0	0	26577	0	0	
3374382																																							153302	13838	31013	0	0	5955	0	20089	979200	782667	10873	876540	0	13634	83000	0	102660	6628	979200	0	0	68009	0	0	29008	507	155385	627282			0	768130	754496	-985	0	0	0	0	102660	0	0	
3374403																																							28877	4542	97591	0	0	10398	0	20255	547518	441671	2492	509348	0	3535	65185	0	38170	3877	547518	0	0	17583	0	0	21968	1591	82738	358933			0	374480	370945	-5258	0	0	0	0	38170	97	13222	
3374412																																							30815	11143	101833	0	19644	90733	274	106356	3039440	2684428	40527	2724955	0	33553	0	0	314485	5000	3039440	0	0	150648	0	0	162387	3573	333989	2350439			0	2708622	2675069	-3550	0	0	0	0	314485	0	0	
3377235																																							11089	1189	4041	0	14950	4396	0	8714	191932	144460	8474	163934	0	2222	11000	0	27998	2930	191932	0	0	-10117	0	0	35168	20927	20207	124253			0	116633	114411	17	12215	0	0	0	27998	0	0	
3378773																																							106076	17104	776441	0	18912	52196	0	183576	5398413	4343077	60801	4803378	0	56443	399500	0	595035	100	5398413	0	0	298198	0	0	296176	0	945778	3397299			0	4300551	4244108	561	0	0	0	0	595035	0	0	
3383665																																							8512	986	12230	0	0	4289	0	6468	235475	207405	1922	216497	0	3062	5000	0	18978	600	235475	2170	2170	12532	0	0	6750	0	38592	168813			0	203882	200820	-904	0	0	0	0	18978	0	0	
3384952																																							599709	25790	10296	0	0	9184	0	8182	1451321	1316136	4536	1322512	0	9854	1840	0	128809	100587	1451321	0	0	28700	0	0	0	0	366471	949665			0	808014	798160	-478	0	0	0	0	128809	0	0	
3385744																																							24487	7122	115946	0	0	8955	0	21217	438733	398368	5163	403531	0	3595	0	0	35202	1478	438733	0	0	24601	0	0	21888	0	107468	290900			0	262876	259281	-12765	0	0	0	0	35202	0	1725	
3386264																																							173021	4223	4961	0	966	7538	2953	31734	1135513	806057	35232	841289	0	12695	0	0	294224	50804	1135513	0	0	241754	0	0	2463	0	120596	685461			0	920751	908056	-797	0	0	0	0	294224	0	2061	
3386536																																							102130	136027	58189	2028	13789	25981	1573	41679	1563295	1436668	9671	1446339	0	27619	0	0	116956	2101	1563295	0	0	30338	0	0	92048	2447	151792	1284876			0	1197071	1169452	-7531	10000	0	0	0	116956	0	0	
3387140																																							600	2239	18584	0	4834	12646	7599	4362	197172	156233	920	171653	0	2900	14500	0	25519	550	197172	0	0	6042	0	0	19450	0	13806	142427			0	149203	146303	-523	0	0	0	0	25519	0	5	
3388482																																							9538	11856	169660	0	4870	12839	0	47507	1366841	1213783	12868	1226651	0	12689	0	0	140190	48953	1366841	0	0	78485	0	0	26675	0	465482	748301			0	1081696	1069007	-13923	0	0	0	0	140190	133	41431	
3390337																																							2455	5528	9863	0	0	162	0	1094	122022	100383	1313	104696	0	1597	3000	0	17326	51544	122022	0	0	-36040	0	0	1916	0	29614	70769			0	90852	89255	-94	13665	0	0	0	17326	0	0	
3390627																																							41942	947	26131	0	0	1032	0	8419	274019	235274	1492	236766	0	2222	0	0	37253	5175	274019	0	0	-16632	0	0	50711	0	53398	181876			0	197770	195548	-2001	0	0	0	0	37253	0	0	
3391718																																							106710	9333	145710	0	0	11598	0	12939	1020933	895565	18545	914110	0	8895	0	0	106823	1200	1020933	0	0	84329	0	0	30457	0	210182	685383			0	743538	734643	-9163	0	0	0	0	106823	0	0	
3393851																																							0	2021	25291	0	0	1975	0	1512	170987	152689	1689	154703	0	2182	0	0	16284	1249	170987	0	0	6857	0	0	12263	0	27638	125051			0	142089	139907	-4085	281	0	325	0	16284	0	0	
3394278																																							4367143	46963	1758070	7190	0	88507	0	2108986	29734290	21522962	452404	26844445	0	1437857	4869079	0	2889845	1	29734290	49250	0	910792	0	0	2019180	910760	43393	21479569			0	21835278	20397421	-40128	0	0	0	0	2889845	0	0	
3394380																																							21683	618	82	0	50	517	0	1700	90899	76484	1532	78016	0	2387	0	0	12883	38831	90899	0	0	-27158	0	0	1212	0	6850	69634			0	66351	63964	-2	2285	0	0	0	12883	0	0	
3397233																																							1706	1610	650464	0	0	36469	0	45122	1552203	1125001	7375	1444901	0	12225	312525	0	107302	16600	1552203	0	0	99325	0	0	18738	0	471337	653664			0	829057	816832	-27361	0	0	0	0	107302	0	0	
3398623																																							75422	24332	240409	0	459	427	0	62615	1579389	1344127	14539	1358666	0	17180	0	0	220723	27164	1579389	0	0	157994	0	0	48021	0	786728	557399			0	1192316	1175136	-12456	0	0	0	0	220723	0	589	
3401970																																							287826	22141	104740	0	51290	30638	0	171205	3958035	3202308	30741	3514533	0	45384	236672	34384	443502	136788	3958035	0	10428	214458	0	0	126334	0	572349	2629959			-31203	3293225	3247841	-2875	0	0	0	0	443502	1930	40424	
3402913	248507	33140	950250	0	13	29597	0	203921	5477082	39916	4889412	0	42389	265032	0	587670	44930	5477082	0	0	218795	0	250000	109748	0		0	3881580	3839191	-35803	0	0	587670	10003	162460	889998	126905	763093			950249							3694466					265032												1311077	2383389							0	0	0	0		10003		
3404207																																							76733	13022	440584	0	15570	37920	165	91860	3273847	2840231	17370	2985134	0	15800	125315	0	288713	5000	3273847	2223	2218	171976	0	0	130729	0	448612	2391619			0	2363538	2347738	-18992	5	0	0	0	288713	0	248027	
3404373																																							133819	2599	38684	0	5	28086	6937	55847	1794322	1344819	4380	1620311	0	16019	271112	0	174011	47578	1794322	0	0	85386	0	0	41226	0	211450	1133369			0	1418702	1402683	-179	0	0	0	0	174011	0	125662	
3404467																																							18555	1615	122570	0	0	7809	0	33336	986006	772263	8258	898021	0	10838	117500	0	87985	8500	986006	0	0	66856	0	0	16195	0	157706	614557			0	812959	802121	-3566	0	0	0	0	87985	0	0	
3404506																																							13918	10230	143472	0	13855	5546	0	37892	1404732	1188529	11799	1225328	0	10493	25000	0	179404	10874	1404732	0	0	103389	0	0	69769	0	183905	1004624			0	1180246	1169753	-4628	10066	0	0	0	179404	0	0	
3404999																																							128568	4932	5007	0	9394	8399	0	6493	738731	602066	3867	644651	0	5815	38718	0	94080	7775	738731	0	0	21307	0	0	64991	0	175565	426501			0	581753	575938	7	0	0	0	0	94080	0	0	
3407084																																							31340	1769	0	0	1240	751	0	8583	374567	313632	9075	322707	0	9035	0	0	51860	1	374567	0	0	35034	0	0	16825	0	5697	307935			0	336603	327568	0	5	0	0	0	51860	577	2734	
3408728																																							341514	71641	989229	0	130996	73566	13013	253623	8208187	6715517	67650	7238970	0	53959	433181	0	969217	3216	8208187	0	0	339142	0	0	660146	1094	1339002	5376515			0	6189490	6135531	-33287	172393	25587	0	22622	969217	0	0	
3410141																																							49684	4715	12279	0	0	9690	0	12751	401098	349714	8267	357981	0	1701	0	0	43117	1491	401098	0	0	26811	0	0	15881	1215	140500	209214			0	312465	310764	-1066	0	0	0	0	43117	0	0	
3411773																																							13574	5542	23262	0	0	14403	0	7599	380097	323942	1434	335376	0	2780	10000	0	44721	650	380097	0	0	27862	0	0	17800	0	36631	287311			0	293431	290651	-1591	0	0	0	0	44721	0	25066	
3412417																																							92370	7896	67818	0	0	9615	0	15021	558176	504723	3838	508561	0	6475	0	0	49615	1200	558176	0	0	37408	0	0	14239	3825	143718	361005			0	368106	361631	-3232	0	0	0	0	49615	0	0	
3419416																																							123482	6491	123852	0	138	5867	0	25165	2328971	1979537	10387	2045924	0	19805	56000	0	283047	50841	2328971	0	0	178584	0	0	60737	0	439986	1539551			0	1975360	1955555	-7115	0	0	0	0	283047	0	88421	
3428258																																							51957	5153	37641	747	65	11496	0	38768	838797	702536	18965	760501	0	5446	39000	0	78296	0	838797	0	0	7560	0	6766	64952	179880	47345	655191			0	518536	513090	-982	0	0	0	0	78296	0	0	
3429219																																							1009	4469	39642	0	0	8310	979	12434	406202	363909	4552	374461	0	5842	6000	0	31741	1	406202	0	0	13047	0	0	21086	0	53941	309968			0	345201	339359	-2393	0	0	0	0	31741	0	0	
3435948																																							133503	598	373007	0	238	41208	0	91164	849895	688144	37455	725599	0	1995	0	0	124296	9675	849895	0	0	91567	0	0	28344	21799	299047	389097			0	190373	188378	-5290	0	0	0	0	124296	0	0	
3437148																																							61923	6581	18374	0	779	14143	0	26228	777384	666063	6331	685396	0	7294	0	0	91988	2400	777384	0	0	54684	0	0	35131	0	71576	594487			0	649158	641864	-227	0	0	13002	0	91988	5492	2000	
3437157																																							92263	29227	628626	0	28349	57283	1533	135888	3787364	3328254	20049	3448303	0	36012	100000	0	339061	3044	3787364	0	0	198043	0	0	171183	9483	667747	2660507			0	2713517	2677505	-33209	10000	0	0	0	339061	0	117207	
3437456																																							327025	36881	47179	0	17787	45072	208	172317	4713603	3672862	41498	4224360	0	27845	510000	0	489243	42766	4713603	0	0	393360	0	0	51451	9741	807662	2865200			0	4053748	4025903	1666	12844	0	0	0	489243	18646	0	
3437483																																							306201	11991	374464	0	0	3196	1890	32125	1993505	1727776	32980	1778447	0	13038	17691	0	215058	1750	1993505	0	0	206562	0	0	47388	0	597364	1130412			0	1276676	1263638	-40642	0	0	0	0	215058	0	0	
3438958																																							12308	7821	23825	0	0	713	0	3806	292720	257384	1118	263502	0	3128	5000	0	29218	16470	292720	0	0	2787	0	0	11607	0	92872	164512			0	233703	230575	-1646	13672	0	0	0	29218	0	0	
3440803																																							41030	6713	158087	0	0	3880	0	10440	591584	541816	2811	544627	0	4353	0	0	46957	18706	591584	0	0	31584	0	0	3833	0	185648	356168			0	275619	271266	-7166	35533	0	0	0	46957	0	64635	
3445901																																							39076	4655	35882	0	177	6351	0	10448	397955	358669	2474	361874	0	4049	731	0	36081	10663	397955	0	0	15715	0	0	12264	0	79484	279185			0	302633	298584	-2561	0	0	0	0	36081	0	2782	
3446225																																							52323	8040	50140	0	3291	10854	0	4742	542579	480375	2674	503245	0	4210	13708	0	39334	3558	542579	0	0	10778	0	0	28431	365	46501	433874			0	400036	395826	-3433	16998	0	0	6488	39334	0	0	
3446784																																							28824	1857	15875	0	0	21476	0	10275	430146	363228	5944	396683	0	3212	27511	0	33463	2220	430146	0	0	12702	0	0	20784	0	55838	307390			0	353151	349939	-2243	1900	0	0	0	33463	0	0	
3447576																																							460554	16186	220943	0	119036	58465	3463	43775	2791185	2143121	35093	2178214	0	21843	0	0	612971	99902	2791185	0	0	333210	0	0	189218	8118	872384	1270737			0	1870185	1848342	-9359	0	0	0	0	612971	12303	0	
3447820																																							201268	34619	246505	0	0	6470	0	67037	2345974	2075080	13237	2088357	0	23951	40	0	257617	10000	2345974	0	0	193766	0	0	62340	0	588528	1486552			0	1753834	1729883	-8489	0	0	0	0	257617	0	60192	
3448162																																							22414	1879	0	0	44	710	0	1864	191378	166898	727	167625	0	1969	0	0	23753	3483	191378	0	0	4878	0	0	16285	0	18269	148629			-893	166436	164467	0	0	0	0	0	23753	0	0	
3448425																																							8639	2121	74335	0	70	2057	0	4890	142833	134887	320	135207	0	106	0	0	7626	670	142833	0	0	7096	0	0	6030	0	41827	93060			0	50827	50721	-6170	0	0	0	0	7626	0	0	
3449066																																							14737	26068	370614	0	41083	39326	3374	133764	2827227	2359674	27179	2514036	0	26349	116000	0	313191	3943	2827227	0	0	37518	0	0	307452	0	455411	1904263			0	2175973	2149624	-35722	0	0	0	11183	313191	438	48199	
3451050																																							72901	11497	251272	0	230	6684	0	24362	760191	666188	4295	700983	0	4825	30500	0	59208	16243	760191	0	0	50979	0	0	0	0	176109	490079			0	398070	393245	-8014	0	0	0	0	59208	0	0	
3455227																																							78423	10727	26309	0	1277	10295	0	22861	890355	765847	18180	784027	0	13152	0	0	106328	51087	890355	0	0	49447	0	0	6743	0	248025	517822			0	580617	567465	-949	106442	0	0	0	106328	0	66556	
3459207																																							63013	6617	19177	0	981	14466	0	11387	827852	644940	6098	731038	0	13461	80000	0	96814	0	827852	0	0	52866	4672	0	44968	1331	118508	526432			0	718672	705211	-1020	0	0	0	0	96814	0	997	
3459216																																							22260	1601	16062	0	0	848	0	2930	179361	134258	1774	159032	0	1445	23000	0	20329	2315	179361	0	0	-2195	0	0	20658	0	32854	101404			0	132184	130739	-449	4921	0	0	0	20329	0	0	
3463875																																							28399	5687	66366	0	0	5039	0	12204	478154	426445	2193	430633	28	5918	1995	0	47493	608	478154	0	0	40562	0	0	6679	0	93158	333287			0	366377	360459	-356	0	0	0	0	47521	0	0	
3465392																																							470409	4040	82186	0	0	36523	0	11153	1540918	1358609	20558	1379167	0	10888	0	0	161751	10713	1540918	0	0	104655	0	0	47573	0	337971	1020638			0	947495	936607	-1190	0	0	0	0	161751	0	0	
3466988																																							38318	9643	5556	0	0	2721	0	32592	804049	670784	5880	731664	0	7871	55000	0	72385	125	804049	0	0	27480	0	0	44871	0	138054	532730			0	719148	711277	-91	0	0	0	0	72385	0	3942	
3468450																																							5936	3896	19834	0	223	8807	0	3427	368568	301117	1858	336475	0	2424	33500	0	32093	6950	368568	0	0	15326	0	0	9950	326	35365	265752			0	313927	311503	-133	6708	0	0	0	32093	0	7908	
3470097																																							200818	2957	0	0	44	29	0	4350	285127	254526	104	254630	0	421	0	0	30497	2000	285127	0	0	5497	0	0	23000	0	136843	117683			0	77296	76875	0	40	0	0	0	30497	14	0	
3470154																																							186330	13861	49552	0	7433	6471	3369	21794	1550823	1352596	16812	1394408	165	15897	25000	0	156250	75646	1550823	0	0	62389	0	0	23457	25459	227019	1125577			0	1252451	1236554	-5242	0	0	0	0	156415	0	0	
3470239																																							2930844	10320	20222404	0	1132	0	0	219051	25314311	23665150	67806	23732956	0	11284	0	0	1581355	500	25314311	0	0	636131	0	0	1185963	0	246	23664904			0	1941456	1930172	-241239	0	0	0	0	1581355	388	0	
3470930																																							1257	11637	1693	0	1196	3171	0	13544	489137	406223	5348	444571	0	3123	33000	0	44566	15958	489137	0	0	4545	0	0	24640	0	160560	245663			0	319869	316746	-577	43805	0	0	0	44566	0	96088	
3472046																																							56025	4850	75749	0	5	29621	966	9860	1026318	859150	8335	927485	0	5337	60000	0	98833	3222	1026318	0	0	65213	0	0	32941	0	171995	687155			0	854579	849242	-2543	0	0	0	0	98833	0	0	
3472859																																							140214	6900	48763	0	415	11550	0	6895	637134	533437	13943	547380	0	6227	0	0	89754	6000	637134	0	0	77798	0	0	6060	0	137169	396268			0	428624	422397	-104	0	0	0	0	89754	0	0	
3475083																																							2901788	9684	2137044	0	0	65073	0	444973	23338425	21481655	243476	21725131	0	62711	0	0	1613294	10000	23338425	0	0	920365	0	0	778453	0	584165	20897490			0	17842574	17779863	-95524	0	0	0	0	1613294	0	0	
3476192																																							68227	36936	691612	0	2133	77909	142	125181	4831021	4212234	21639	4433389	0	71491	189427	0	397632	0	4831021	10182	10089	270165	0	0	169627	339	168155	4044079			0	3879560	3808069	-42160	0	0	0	0	397632	10291	0	
3479018																																							15461	4135	47499	0	0	4587	0	6150	197951	178350	1737	180087	0	1019	0	0	17864	3000	197951	0	0	12475	0	0	5822	0	53295	125055			0	116175	115156	-3433	4963	0	0	0	17864	0	0	
3480069																																							227	1314	5982	0	0	937	0	1130	78271	62708	701	70807	0	785	7398	0	7464	1959	78271	0	0	-21395	0	0	27003	0	30750	31958			0	69076	68291	-103	1	0	0	0	7464	0	389	
3482045																																							10408	3804	23284	0	416	3033	0	5631	218199	184219	1195	194664	0	1957	7250	0	23535	5250	218199	0	0	8727	0	0	9581	1065	30178	154041			0	169235	167278	-23	3280	0	2000	0	23535	0	0	
3482111																																							103163	7086	26041	0	0	7057	8903	36483	857961	730885	6743	772628	0	23866	35000	0	85333	4125	857961	0	0	63307	0	0	18125	0	121816	609069			0	650771	626905	-224	40405	0	0	0	85333	89	1829	
3485215																																							8679	16550	40713	0	84	312	346	5648	183763	160919	1153	162072	0	931	0	0	21691	4441	183763	0	0	12103	0	0	5161	0	46023	114896			0	84056	83125	-14	8590	0	0	0	21691	0	19716	
3487433																																							4139	7212	234385	0	0	2363	0	15260	485985	372487	3385	457732	0	2233	81860	0	28253	48	485985	0	0	43192	0	0	14833	0	146517	225970			-3348	220814	218581	-26472	4045	0	0	0	28253	0	0	
3487947																																							57227	2473	53831	0	1361	5415	0	5168	408899	338001	2352	380353	0	2766	40000	0	28546	29040	408899	0	0	-2407	0	0	3417	0	61510	276491			-794	286190	283424	-710	0	0	0	0	28546	0	0	
3488579																																							22457	9263	48595	0	250	1985	0	14182	877796	696270	8047	794972	0	11066	90655	0	82824	2	877796	0	0	50153	0	0	34172	0	68904	627366			0	762230	751164	-1503	29400	0	0	0	82824	0	500	
3517590																																							61422	3610	17281	437	159	2505	782	14779	550586	460980	4364	504344	0	3325	39000	0	46242	11192	550586	0	0	6480	0	0	29936	0	45415	415565			0	451425	448100	-1366	1511	0	0	0	46242	0	0	
3529315																																							55228	340	0	0	0	0	0	10947	150710	500	9926	10426	0	0	0	0	140284	0	150710	0	0	130943	0	0	9341	0	0	500			0	0	0	0	0	0	0	0	140284	84091	104	
3531176																																							11130	11024	151425	0	0	7072	0	14485	395627	337765	5014	351799	0	1984	9020	0	43828	12	395627	0	0	32246	0	0	20152	0	81637	256128			0	175915	173931	-8582	22130	0	0	0	43828	0	4430	
3532641																																							395120	56469	539882	0	95328	99513	0	198769	5853571	5162259	56632	5221900	113	40906	0	0	631558	3298	5853571	0	0	274612	0	0	362967	10865	1072388	4089871			0	4363582	4322676	-9319	12828	0	0	3009	631671	0	122121	
3537897																																							11731	8580	82845	0	1214	13309	0	34256	683058	610362	12730	623092	0	6292	0	0	59966	4201	683058	0	0	22617	0	0	41997	0	179091	431271			0	524350	518058	-8849	13065	0	0	0	59966	0	0	
3538009																																							9734	3752	54201	0	1706	3501	1485	10325	693538	557642	1761	635286	0	7118	75883	0	58252	100	693538	0	0	10337	0	0	49900	432	119233	438409			0	615520	608402	-2085	0	0	0	0	58252	0	0	
3545258																																							146658	11152	217837	0	1912	9037	8568	38745	2534625	2227978	18380	2257358	0	29323	11000	0	277267	66637	2534625	0	0	189204	0	0	26296	2330	609759	1618219			0	2126148	2096825	-4870	1561	0	0	0	277267	0	0	
3546862																																							50598	1717	21544	0	64	9786	0	8055	440122	358911	7851	383762	0	4733	17000	0	56360	29651	440122	0	0	25955	0	0	1922	0	13119	345792			0	343706	338973	-1168	9385	0	0	0	56360	0	0	
3547131																																							484957	17699	477411	0	0	43896	0	139858	3929653	3117559	19713	3550290	0	22828	350000	0	379363	31	3929653	0	0	130016	0	0	264813	0	440064	2677495			0	2717115	2694287	-15497	0	0	0	63018	379363	0	71545	
3547896																																							121373	11152	1977	0	7008	7193	1612	17749	810984	665278	12626	731904	0	9195	54000	0	79080	1286	810984	0	0	28681	0	0	49113	0	40010	625268			0	652115	642920	0	0	0	0	0	79080	0	0	
3548567																																							206267	12116	187278	14441	7478	23341	0	27226	2425763	2189557	14576	2204133	0	21997	0	0	221630	20	2425763	0	0	95183	0	0	145710	0	286135	1903422			0	1940156	1918159	-19283	0	0	0	0	221630	221	29236	
3548763																																							22433	25820	26646	0	0	5969	0	10120	264317	216384	2436	233820	0	2310	15000	0	30497	1771	264317	0	0	12583	0	0	16222	0	70214	146170			0	175371	173061	-79	268	0	0	0	30497	0	0	
3555248																																							71410	2375	18717	0	6419	1136	0	2588	285034	202044	1832	203876	0	2764	0	0	81158	795	285034	0	0	52817	0	0	29483	0	51761	150283			-1616	185153	182389	-321	0	0	0	0	81158	0	0	
3561771																																							15027	1168	20717	0	160	85	0	15461	272576	203843	6566	236409	0	2218	26000	0	36167	12636	272576	0	0	11551	0	0	12180	16812	24692	179151			0	205364	203146	-200	0	0	0	0	36167	0	0	
3567269																																							7334	3887	38157	0	0	5910	0	16592	512888	465073	2600	472673	0	3594	5000	0	40215	7149	512888	0	0	14487	0	0	24114	0	51619	413454			0	444067	440473	-5535	535	0	0	0	40215	0	0	
3579589																																							319108	94331	2197271	0	568406	106118	7492	281592	10792468	9073259	82396	9155655	0	83629	0	0	1636813	3219	10792468	0	0	420872	0	0	1285687	0	3459658	5613601			0	7300591	7216962	-72965	0	0	0	0	1636813	1188	0	
3588312																																							100200	7332	243712	0	150	16331	0	23034	1203168	1095310	11104	1106414	0	8560	0	0	96754	12380	1203168	0	0	59807	0	0	33920	0	325186	770124			0	820969	812409	-9353	0	0	0	0	96754	0	0	
3588424																																							19773	15109	280814	0	15569	8024	0	37602	1706864	1490313	9229	1534542	0	16718	35000	0	172322	12500	1706864	0	0	98264	0	0	81384	167	268962	1221351			0	1346524	1329806	-19826	0	0	0	0	172322	0	0	
3591004																																							50751	1878	47878	0	3937	14588	0	2260	296211	261552	1114	262666	0	2817	0	0	33545	6028	296211	0	0	11141	0	0	18513	835	51373	210179			0	171796	168979	-2137	0	5105	0	0	33545	0	0	
3592047																																							10989	1469	48954	0	8279	4632	152	9195	515278	368380	8069	457249	0	5537	80800	0	58029	5005	515278	0	0	15687	0	3581	34566	22262	94047	274333			0	402483	396946	-810	0	0	0	0	58029	0	12400	
3593307																																							120502	9114	0	0	0	1208	1425	7599	459640	363432	4654	392586	0	12633	24500	0	67054	800	459640	0	0	50089	0	0	16165	5025	18038	345394			0	320616	307983	0	6784	0	0	0	67054	0	0	
3594087																																							13325	4412	81314	0	0	6559	0	2894	438383	401549	1849	403398	0	2663	0	0	34985	719	438383	0	0	17846	0	0	16500	0	85026	316523			0	332542	329879	-80	0	0	0	0	34985	0	0	
3595271																																							118648	16865	180568	11832	17780	16671	0	124134	2282741	1980832	35820	2016652	0	20325	0	0	266089	34633	2282741	0	0	154047	0	0	102126	0	286013	1694819			-19452	1816416	1796091	-5265	0	0	0	0	266089	0	152	
3596250																																							3492	1178	67215	0	714	2868	140	4175	324600	273813	3359	296997	0	2959	19825	0	27603	100	324600	0	0	7250	0	0	21136	0	34947	238866			0	247251	244292	-883	0	0	0	0	27603	0	526	
3597211																																							581748	4882	608804	0	0	13229	0	13938	1750321	1584614	7774	1592388	0	4096	0	0	157933	58	1750321	0	0	103242	0	0	58142	0	1266029	318585			0	274759	270663	-3509	0	0	0	0	157933	547	256510	
3599804																																							2777	697	2598	0	0	1831	100	1751	114380	101255	491	103428	0	974	1682	0	10952	14	114380	0	0	-3277	0	0	14483	0	8374	92881			0	87831	86857	-268	17769	0	0	0	10952	0	0	
3603961																																							2657	12075	29185	0	46	3254	0	10719	463840	412248	3851	416099	0	3450	0	0	47741	1	463840	0	0	28118	0	0	20374	0	59934	352314			0	399841	396391	-752	1900	0	0	0	47741	0	7613	
3608751																																							130789	8019	320000	0	0	10845	0	62145	1983778	1667750	23713	1796963	0	25322	105500	0	186815	13915	1983778	0	0	14959	0	0	204214	0	417672	1250078			0	1476342	1451020	-46273	58	0	0	0	186815	902	0	
3610718																																							115089	3400	47713	0	0	2298	0	53649	1609875	1317758	12155	1424913	0	12810	95000	0	184962	2864	1609875	0	0	11111	0	0	174336	1010	289100	1028658			0	1347478	1334668	-3349	36831	0	0	0	184962	0	15217	
3614837																																							35004	7558	73297	0	9391	19580	0	24591	953517	758806	9560	844846	0	11179	76480	0	108671	789	953517	0	0	55384	0	0	57802	5671	176152	582654			0	771570	760391	-5304	0	0	0	0	108671	0	18034	
3614846																																							12581	1256	8920	0	0	959	0	2169	225867	193448	2194	203892	0	2555	8250	0	21975	659	225867	0	0	2227	0	0	18916	195	16015	177433			0	202342	199787	173	0	0	0	0	21975	0	0	
3614976																																							121947	5684	153159	26060	7295	6756	0	44193	2287755	1998445	22570	2021015	0	18887	0	0	266740	32452	2287755	0	0	166796	0	0	87072	0	364396	1634049			0	1941283	1922396	-19580	0	0	0	0	266740	0	265	
3617856																																							2182	2297	26868	0	0	2947	0	4886	199493	172120	922	173042	0	4021	0	0	26451	4000	199493	0	0	18534	0	0	4000	0	34914	137206			0	162234	158213	-83	2100	0	0	0	26451	0	0	
3619216																																							159265	3848	212279	0	25	12754	0	32536	1348342	1222167	13075	1235242	0	10376	0	0	113100	13226	1348342	0	0	83123	0	0	32983	1282	318805	903362			0	936729	926353	-16232	0	0	0	0	113100	0	0	
3623110																																							17421	1326	5081	345	3186	8358	2300	17343	867250	711832	6838	723670	0	10855	5000	0	143580	18955	867250	0	0	105225	6531	0	19725	0	38296	673536			0	766293	755438	-325	45000	0	0	0	143580	0	4921	
3623969																																							22062	5685	0	0	0	5763	0	2340	164760	138799	4288	143087	0	1871	0	0	21673	4000	164760	0	0	14918	0	0	3000	0	60548	78251			0	96083	94212	-245	0	0	0	0	21673	0	34698	
3626184																																							54186	4239	16832	0	0	92	0	708	117412	103551	299	103850	0	508	0	0	13562	100	117412	0	0	10476	0	0	3264	0	56354	47197			0	36758	36250	-278	5105	0	0	0	13562	0	0	
3626858																																							17388	633	32010	0	0	1438	0	12282	343849	244201	2304	271505	0	1802	25000	0	72344	9435	343849	0	0	16372	0	36400	11006	0	31539	212662			0	277535	275733	-869	112	0	0	0	72344	0	4253	
3629484																																							63702	1533	111	0	0	23436	0	10426	429621	369589	704	385293	0	4536	15000	0	44328	2765	429621	0	0	-92	0	0	41660	0	90073	279516			0	334949	330413	-5	0	0	0	0	44328	0	0	
3630323																																							168597	6873	383192	0	18933	41855	8388	158390	5335065	4629486	61100	4690586	0	43949	0	0	644479	2451	5335065	0	0	205339	0	0	425767	0	497598	4131888			0	4394751	4350802	10922	6027	0	0	0	644479	0	192008	
3633016																																							4329	1662	36644	0	0	5613	0	2195	198868	181135	272	181407	0	1457	0	0	17461	1112	198868	0	0	9005	0	0	10589	0	45821	135314			0	139426	137969	-3245	10456	0	0	0	17461	0	0	
3633173																																							110340	9392	54204	0	286	11812	1778	45142	1548069	1307279	14828	1392855	0	25245	70748	0	155214	29412	1548069	0	0	71782	0	0	53778	0	291885	1015394			0	1321759	1296514	242	265	0	0	0	155214	0	18336	
3635029																																							252877	616	64527	0	37	2403	0	25467	875372	732658	51180	833838	0	13493	50000	0	41534	0	875372	0	0	-86709	0	0	128544	0	331467	401191			0	541418	527925	-301	1520	0	0	0	41534	0	0	
3635551																																							35725	1093	252	0	0	6791	0	3572	243370	218101	897	218998	0	2043	0	0	24372	3600	243370	0	0	14271	0	0	6500	737	66489	151612			0	175755	173712	1	21488	0	0	0	24372	0	0	
3636428																																							3748	8002	95523	0	0	6519	0	9275	491877	436928	2619	444647	0	5168	5100	0	47230	6500	491877	0	0	34021	0	0	15800	1429	88063	348865			0	371558	366390	-9091	991	0	0	0	47230	0	0	
3636446																																							192538	5326	71038	0	11140	6390	4401	69365	1355585	1152863	23636	1176870	0	9890	371	0	178715	81	1355585	0	0	97520	0	0	81131	46009	224181	928682			0	959268	949378	-17	0	0	0	0	178715	0	0	
3636914																																							33953	7284	27039	0	0	10487	0	11075	606806	533575	7939	541514	0	4938	0	0	65292	14797	606806	0	0	44688	0	0	8988	192	158510	375065			-247	521514	516576	-2934	200	0	0	0	65292	0	0	
3637247																																							52048	16148	191142	0	5434	37286	0	63123	1916599	1557064	18365	1755429	0	13715	180000	0	161170	18629	1916599	0	0	89739	0	0	69503	7557	327590	1229474			0	1463421	1449706	-16701	779	0	0	0	161170	0	93376	
3637685																																							1506791	117665	2430475	0	10570	37808	6210	241369	11881997	9314462	83528	10816008	0	93850	1400000	0	1065989	770595	11881997	0	0	-22162	0	0	320037	261448	1283674	8030788			0	6729178	6635328	-2481	0	0	0	18018	1065989	0	634333	
3645840																																							65102	547	10806	0	475	2288	5826	5974	418375	360109	5900	366009	0	2543	0	0	52366	18053	418375	0	0	10108	0	0	24753	0	39137	320972			0	324725	322182	-548	5175	0	0	0	52366	0	0	
3650808																																							847740	11470	1427401	31536	66240	160187	8208	303610	15057824	13825105	94989	13920176	0	192264	82	0	1137648	4361	15057824	0	0	820966	0	0	356993	420055	651497	13173608			0	11973622	11781358	-44672	0	0	0	0	1137648	19	0	
3655933																																							71012	4643	163023	0	3	392	0	9520	712572	616743	3541	648284	0	9935	28000	0	64288	35610	712572	0	0	25403	0	0	3283	0	162080	454663			0	473914	463979	-8	0	0	0	0	64288	0	0	
3664588																																							132339	7769	109542	0	433	5469	224	36345	944013	820973	12232	888205	0	7238	55000	0	55808	93	944013	0	0	-62318	0	294	124474	4374	95372	725601			0	653717	646479	-6735	0	0	0	0	55808	1039	0	
3667132																																							13634	2667	55272	0	0	1896	0	7152	227932	192445	1740	203683	0	1972	0	0	24249	15590	227932	0	0	10132	0	0	1621	0	58085	134360			0	149283	147311	-3094	0	0	0	9498	24249	0	0	
3671997																																							23587	4352	108114	0	239	14039	0	15252	772771	646004	3290	669320	0	6996	20000	0	103451	13040	772771	0	0	14214	0	0	75685	2592	62961	583043			0	511804	504808	512	22167	77215	26	0	103451	0	406	
3678857																																							396746	5240	110783	0	653	4958	0	26083	1475425	1136528	14600	1251266	0	15025	100138	0	224159	3500	1475425	0	0	138675	0	0	82872	0	278608	857920			0	878722	863697	-888	0	0	0	0	224159	0	67265	
3688043																																							72668	3651	68131	0	0	28264	0	36204	1041185	884101	18895	912158	0	15475	9000	0	129027	9475	1041185	162	162	81957	0	0	40093	0	292433	591668			0	847580	832105	-2498	0	0	0	0	129027	0	0	
3688548																																							40314	1880	23900	0	0	882	0	1846	286613	259031	1142	260173	0	3230	0	0	26440	9173	286613	0	0	9036	0	0	10239	0	77571	181460			0	190963	187733	-2008	0	0	0	0	26440	0	30058	
3690121																																							122125	2684	9577	0	6327	5548	0	6588	747269	657732	6658	664390	0	6466	0	0	82879	5350	747269	0	0	33167	0	0	45686	0	190870	466862			0	600885	594419	-1324	1	0	0	0	82879	0	0	
3690635																																							55473	8904	8362	0	657	2764	858	16468	509981	432912	5529	438441	0	5182	0	0	71540	42597	509981	0	0	29591	0	0	0	0	25271	407641			0	419545	414363	-648	2132	0	0	0	71540	0	0	
3690701																																							39478	8527	78310	0	0	8854	348	27290	956408	853840	3651	861394	0	5772	2561	0	95014	6407	956408	1342	1342	59639	0	0	33616	4359	206685	647155			0	715082	709310	-4648	63277	0	0	0	95014	0	15313	
3719648																																							92905	10512	18548	0	942	5535	0	29596	1419329	1209317	12091	1221408	0	14183	0	0	197921	1	1419329	0	0	154212	0	0	45910	4792	428819	780498			0	1262605	1248422	-2202	2538	0	0	0	197921	0	5539	
3720336																																							34560	2621	4918	0	6773	5817	0	2113	221096	172122	5108	177230	0	1294	0	0	43866	100	221096	0	0	5913	0	0	37898	0	42460	129662			0	164576	163282	-45	1012	0	0	0	43866	0	0	
3720608																																							176223	21357	201684	0	0	14359	3372	41171	2046870	1839392	23464	1864116	0	19348	0	0	182754	18455	2046870	1260	1260	100413	1444	0	69111	0	313091	1526301			0	1604023	1584675	-5225	1325	0	0	0	182754	0	0	
3721605																																							14987	744	36294	0	0	804	0	14218	433773	320887	3922	385019	0	5056	60210	0	48754	1745	433773	0	0	33958	0	0	17264	0	36961	283926			-2554	371692	366636	-1659	90	0	0	0	48754	0	0	
3729124																																							42425	3505	22	0	0	2683	0	18439	812480	707035	6150	732935	0	4483	19750	0	79545	8241	812480	0	0	43218	0	0	28086	0	80491	626544			0	720752	716269	0	0	0	0	0	79545	0	29137	
3783313	927471	9432	1424627	10597	5588	47457	0	432224	8057896	358528	6993567	6	118153	445800	0	1064323	0	8057896	0	0	623207	0	0	442945	1821155		0	3482481	3364328	-1829	0	0	1064329	15017	0	0	0	0			1424627							6189239					445800												1344232	4845007							0	0	0	0		15017		
3783948																																							392947	56853	4341445	0	6677	19777	444	100065	8044396	7059129	103791	7162920	0	23344	0	0	881476	25	8044396	0	0	642342	0	0	234458	0	1532097	5527032			0	3149532	3126188	4651	0	0	0	0	881476	0	0	
3786435																																							4721	5039	98896	0	0	5420	7173	16286	550507	471856	6341	508197	0	5715	30000	0	42310	7729	550507	0	0	30160	0	0	17899	0	77854	394002			0	418687	412972	-13478	0	0	0	0	42310	0	0	
3793714																																							113113	95791	99552	0	25684	24168	650	33192	2381629	2028531	28493	2157749	0	18694	100725	0	223880	26	2381629	0	0	73942	0	0	150592	6407	247930	1780601			0	2000749	1982055	-680	0	0	0	0	223880	0	1017	
3804535																																							13985	18069	72973	12127	118629	38362	540	98291	2414264	1833594	24359	2022162	0	23659	82809	0	392102	40	2414264	0	0	123398	0	0	278421	600	291412	1542182			0	1865590	1841931	-9757	0	0	81400	0	392102	496	198261	
3807880																																							314691	18401	76066	0	0	10500	0	20861	2048419	1810842	13499	1859341	0	13522	35000	0	189078	46134	2048419	0	0	63723	0	0	86622	0	355420	1455422			0	1621272	1607750	-7401	150	0	0	0	189078	0	0	
3812147																																							45511	1068	16845	0	0	2313	0	9195	516324	446427	2949	466876	0	5002	17500	0	49448	15	516324	0	0	3972	0	0	46834	734	88029	358398			0	445660	440658	-1373	0	0	0	0	49448	0	0	
3816154																																							77455	1307	14886	0	2013	4409	0	4664	251138	205340	2490	217180	0	1500	9350	0	33958	50	251138	0	0	-5073	0	0	38996	63	88987	116353			0	145631	144131	-15	2210	0	0	0	33958	0	0	
3816163																																							12477	3005	5826	0	0	4169	0	8205	224934	192127	1160	201287	0	1790	8000	0	23647	5473	224934	0	0	12355	0	0	5812	0	57549	134578			0	177840	176050	7	0	0	0	0	23647	0	15202	
3816190																																							31847	2170	450668	0	0	11498	0	22498	878036	714297	5705	797902	0	3218	77900	0	80134	3514	878036	0	0	37014	0	0	36690	0	110457	603840			0	349889	346671	2916	335	0	0	0	80134	0	12349	
3821037																																							176290	6139	44375	0	4667	23526	1379	9861	1061920	951029	14193	965222	0	8213	0	0	96698	8888	1061920	0	0	26662	0	0	65099	3256	194152	756877			0	780808	772595	-3951	0	0	0	0	96698	0	19832	
3821626																																							41409	1293	0	0	626	1386	4568	8415	401518	319314	13480	332794	0	7892	0	0	68724	6000	401518	0	0	38724	0	0	24000	12002	24851	294463			0	312500	304608	0	27211	0	0	0	68724	0	0	
3821822																																							196877	17856	83274	0	3104	15887	0	25013	1277669	1156059	4995	1162250	0	10238	1196	0	115419	9970	1277669	0	0	51809	0	0	57791	382	219038	937021			0	944842	934604	-4151	672	0	0	0	115419	0	0	
3832127																																							146952	13840	53151	0	4439	7777	727	4714	837006	757709	11501	769210	0	6100	0	0	67796	8607	837006	0	0	50409	0	0	25318	0	120258	637451			0	611506	605406	-16538	0	0	0	0	67796	0	0	
3835454																																							177279	35250	407204	0	78877	46565	8830	170446	4201116	3399896	67646	3597542	72	43888	130000	0	603502	185155	4201116	0	0	225685	0	0	205983	2068	576036	2823860			0	3314301	3270413	-13321	0	0	0	0	603574	0	4184	
3843392																																							15644	983	8938	0	0	1368	0	7170	200933	153566	4470	185036	0	1920	27000	0	15897	0	200933	0	0	-8091	0	0	24376	0	29508	124058			0	168700	166780	-388	50	0	0	0	15897	0	0	
3851427																																							136435	1456	125745	0	117875	28068	2107	67307	2006088	1212920	91171	1736598	0	11477	432507	0	269490	0	2006088	0	0	219576	0	0	51010	196946	313225	899695			-826	1338564	1327087	-270	95	0	0	0	269490	0	2967	
3938186																																							206270	11511	9257917	0	77637	117817	4829	1219870	35027511	29611980	593049	31860561	0	219825	1577883	0	3166950	0	35027511	77778	77649	1751161	0	0	1605384	0	9369059	20242921			0	24273707	24053882	-189595	0	0	0	0	3166950	0	0	
3939240																																							0	1013	23307	0	0	0	0	2662	27103	0	12448	12448	0	0	0	0	14655	5000	27103	0	0	2486	0	0	15059	0	0	0			-7890	0	0	0	0	0	0	0	14655	121	0	
3943210																																							22915	3745	5527	0	0	5876	0	2700	196376	160079	1425	179004	0	1327	17500	0	17372	0	196376	0	0	-498	0	0	18796	0	40728	119351			0	156940	155613	-926	0	0	0	0	17372	0	0	
3952904																																							4142	0	530	0	0	1379	0	198	6249	0	1633	1633	0	0	0	0	4616	2000	6249	0	0	366	0	0	2250	0	0	0			0	0	0	0	0	0	0	0	4616	0	0	
4032791																																							0	2011	10756	0	0	0	0	6573	19340	0	12319	12319	0	0	0	0	7021	498	19340	0	0	0	0	0	6505	0	0	0			0	0	0	18	0	0	0	0	7021	0	0	
4125778																																							117226	99	119937	0	0	351	0	9628	357541	326583	2913	329496	0	0	0	0	28045	3000	357541	0	0	7079	0	0	31000	0	0	326583			0	0	0	-13034	0	0	0	0	28045	0	110300	
4146830																																							0	0	0	0	0	17	0	4582	9126	0	1621	1621	0	0	0	0	7505	1000	9126	4527	0	4629	0	0	1876	0	0	0			0	0	0	0	0	0	0	0	7505	0	0	
4149037																																							0	0	0	0	0	17	0	14083	30210	0	10266	10266	0	0	0	0	19944	1000	30210	16110	0	9424	0	0	9520	0	0	0			0	0	0	0	0	0	0	0	19944	0	0	
4165907																																							3957	2397	88412	0	0	6549	0	7843	385744	287571	2135	349706	0	2631	60000	0	36038	2093	385744	0	0	3673	0	0	30278	0	49408	238163			0	236288	233657	-6	25	0	0	0	36038	0	42904	
4210227																																							344671	58506	527918	0	353502	241112	1674	281349	9836878	8442428	123557	8590420	0	87384	0	0	1246458	1	9836878	7079	7085	500815	0	0	789688	25695	2361936	6080492			0	7431024	7343640	-44046	0	0	0	17350	1246458	0	651732	
4368351																																							0	9119	0	0	0	48	0	138	9305	0	76	76	0	0	0	0	9229	1505	9305	0	0	4948	0	0	2776	0	0	0			0	0	0	0	0	0	0	0	9229	0	0	
4397164																																							1552	79	13226	0	0	3412	0	4672	22941	0	7251	7251	0	0	0	0	15690	2500	22941	0	0	9018	0	0	4166	0	0	0			0	0	0	6	0	0	0	0	15690	0	0	
4457536																																							262203	1489	118800	0	20792	1321	0	25479	996465	600851	13601	654374	0	2639	39922	0	342091	0	996465	0	0	-34636	0	0	374058	0	0	600851			0	569020	566381	2669	0	0	0	0	342091	0	0	
4536084																																							125569	18195	0	0	0	14575	0	32192	1790743	1576025	17653	1618678	0	9894	25000	0	172065	7979	1790743	0	0	45396	0	0	118690	0	143188	1432837			0	1610106	1600212	0	0	0	0	0	172065	0	0	
4845861																																							63434	3238	0	0	0	2045	3698	4850	722848	605295	4504	609799	0	6356	0	0	113049	48	722848	0	0	53881	0	0	59120	0	170991	434304			0	638076	631720	0	0	0	0	0	113049	4765	9098	
5050028																																							12	24424	620470	0	39801	123383	501	137465	1619237	1119442	20089	1373524	0	11071	0	0	245713	2000	1619237	0	0	89831	0	0	191384	0	419032	700410			0	684252	673181	-37502	0	0	26750	207243	245713	0	0	
5136959																																							58858	5633	27206	0	0	18669	0	14474	964035	747821	9579	887949	0	8458	130549	0	76086	64134	964035	0	0	5455	0	9545	0	1868	79526	668295			0	845785	837327	-3048	0	0	0	0	76086	0	0	
5192496																																							83262	5885	25615	0	56	1438	0	15662	769893	683204	7337	690541	0	9363	0	0	79352	34512	769893	0	0	18885	0	0	25995	3199	222331	460873			0	640201	630838	-40	0	0	0	0	79352	0	3938	
5193989																																							93203	3874	27106	0	0	1189	0	4467	355990	302587	1157	313864	0	3639	6136	3984	42126	35057	355990	0	0	8614	0	0	0	0	174412	128175			0	229790	226151	-1545	0	0	0	0	42126	0	0	
5205819																																							56128	16097	125404	0	0	6762	2254	53682	1243302	1069609	12846	1122455	0	10740	40000	0	120847	1	1243302	0	0	13200	0	0	111726	4133	169298	900311			0	950509	939769	-4080	0	0	0	0	120847	0	39073	
5210989																																							107260	14902	262439	0	2813	3868	133	65414	1583044	1424080	19825	1443905	0	9183	0	0	139139	21194	1583044	0	0	-63552	0	0	186599	0	243017	1181063			0	1113059	1103876	-5102	0	0	0	0	139139	1116	21223	
5227101																																							66630	7812	44387	0	0	8018	0	9757	839740	719928	8341	753269	0	8568	25000	0	86471	4812	839740	0	0	37851	0	0	46011	0	136887	583041			0	711704	703136	-2203	0	0	0	0	86471	0	0	
5230790																																							13485	4439	31134	0	0	3674	0	2013	212117	182889	4357	187246	0	1493	0	0	24871	2138	212117	0	0	1505	0	0	22729	0	49681	133208			0	152981	151488	-1501	5884	0	0	0	24871	0	0	
5278251	1554580	21506	3359778	0	0	0	0	203519	10434593	28478	9668790	0	0	0	0	765803	10000	10434593	0	0	224907	0	0	925150	0		0	0	0	-394254	0	0	765803	33901	5261309													9640312																	1233413	8406899							0		0					
5303724																																							14447	2770	48459	0	208	2286	0	9640	321062	273561	2736	288797	0	2520	12500	0	32265	12248	321062	0	0	10098	0	0	13099	0	66808	206753			0	231127	228607	-3180	0	0	0	0	32265	0	14645	
5312593																																							33921	234	9017	0	39	3346	0	4500	482811	411341	4434	431275	0	4739	15500	0	51536	48363	482811	0	0	5355	0	0	0	0	25460	385881			-1726	431370	426631	-456	5123	0	0	0	51536	0	0	
5313312																																							7838	2629	9199	0	0	5788	0	3976	406986	347005	6125	353130	0	4391	0	0	53856	37	406986	0	0	14126	0	0	40090	0	58412	288593			-48	339174	334783	-349	42773	0	0	0	53856	0	0	
5316920																																							15341	7493	21148	0	0	2781	0	12925	338993	274756	3662	312018	0	4818	33600	0	26975	2987	338993	0	0	-1863	0	0	27925	0	27076	247680			0	262175	257357	-2074	0	0	0	0	26975	0	21948	
5332603																																							77451	1557	8159	0	90	226	0	4169	292635	269143	1871	271014	0	2300	0	0	21621	20	292635	0	0	-3168	0	0	25440	0	31372	237771			0	203283	200983	-671	0	0	0	0	21621	0	0	
5342974																																							128569	97	82778	0	0	8275	0	9711	519657	397318	10334	457652	0	2469	50000	0	62005	27060	519657	0	0	-23085	0	22291	39851	0	69614	327704			-493	292696	290227	-3619	0	0	0	0	62005	0	0	
5349218																																							142719	701	105448	0	0	10242	0	10445	1191505	1019877	11955	1086832	0	9141	55000	0	104673	48392	1191505	0	0	1934	0	0	53860	0	179745	840132			0	900141	891000	487	0	0	0	0	104673	0	30950	
5382514																																							20054	3445	208187	0	0	4094	0	5626	588671	493637	6511	510148	0	4093	10000	0	78523	9303	588671	0	0	-14686	0	0	85471	0	68207	425430			0	351358	347265	-1565	0	0	0	0	78523	0	0	
5397639																																							8385	79	17394	0	0	2071	0	4373	32302	0	4523	4523	0	0	0	0	27779	500	32302	0	0	13779	0	0	13500	0	0	0			0	0	0	0	0	0	0	0	27779	0	0	
5398355																																							19766	1225	20203	0	0	4582	0	8430	357429	292602	6222	303824	0	2724	5000	0	53605	54	357429	0	0	-1930	0	0	56353	0	70131	222471			0	305947	303223	-872	0	0	0	0	53605	0	0	
5398627																																							14751	2946	95320	0	0	1040	0	6243	530923	467615	3576	480355	0	3442	9000	0	50568	73390	530923	164	164	-14682	0	0	0	0	99366	368249			0	400531	397089	-8140	0	0	0	0	50568	0	13370	
5401273																																							12441	4778	50965	0	97	712	0	8817	303658	239058	2434	266992	0	2906	25500	0	36666	2394	303658	0	0	3478	0	0	31249	0	64484	174574			0	228754	225848	-455	0	0	0	0	36666	0	0	
5412457																																							192179	7117	25305	0	48	2584	0	3615	432709	388379	3919	392298	0	3042	0	0	40411	26	432709	0	0	6751	0	0	35043	505	243713	144666			0	196190	193148	-1409	6731	0	0	0	40411	0	1477	
5427684																																							50200	5393	20080	0	2084	278	1295	4189	243045	186045	1833	217878	0	1900	30000	0	25167	2587	243045	0	0	-1208	0	0	25331	952	9309	176736			0	159880	157980	-1543	594	0	0	0	25167	0	0	
5435988																																							21984	830	33716	0	1177	283	0	4425	191710	162809	2486	165295	0	1536	0	0	26415	2600	191710	0	0	-3263	0	0	28045	0	40110	122699			0	130831	129295	-967	0	0	0	0	26415	0	0	
5448915																																							9599	522	9165	0	0	5749	0	3529	290432	244200	1659	260859	0	2289	15000	0	29573	27061	290432	0	0	-1695	0	4847	0	0	36295	207905			0	239092	236803	-640	599	0	0	0	29573	0	24466	
5472880																																							29342	1584	1525	0	0	1825	1875	4158	271566	228480	3095	231575	0	2974	0	0	39991	2601	271566	0	0	9446	0	0	28149	18258	42435	186045			0	215973	212999	-205	0	0	0	0	39991	0	0	
5475452																																							6700	931	17303	0	0	8766	0	8637	233104	186159	3942	212851	0	1767	22750	0	20253	8380	233104	0	0	-1150	0	0	13925	0	29382	156777			0	191184	189417	-902	0	0	0	0	20253	0	1350	
5479478																																							26123	443	7525	0	0	1438	0	2160	259517	228844	2487	235193	0	1872	3862	0	24324	25	259517	0	0	142	0	0	24559	0	11095	217749			0	223700	221828	-402	0	0	0	0	24324	0	0	
5514409																																							18159	7219	846989	5152	775	1251	0	43399	2069700	1762960	12138	1775098	0	25708	0	0	294602	1	2069700	0	0	12617	0	0	277960	0	0	1762960			0	956343	930635	4024	0	0	0	0	294602	4822	211299	
5518023																																							127444	92238	32166	0	14869	1511	0	21032	376185	211419	70100	281519	0	8789	0	0	94666	0	376185	0	0	-836032	0	0	935729	0	149201	62218			0	95714	86925	-5031	0	0	0	0	94666	0	0	
5528880																																							5735	155	12657	0	1684	2422	0	3222	253319	224257	2575	226832	0	2287	0	0	26487	32	253319	0	0	-5049	0	0	31511	196	24666	199591			0	194609	192322	-7	34926	0	0	0	26487	0	0	
5538937																																							74762	1908	22060	0	0	5228	0	5134	294182	260409	2329	262738	0	2019	0	0	31444	2030	294182	0	0	10545	0	0	18774	0	127587	132822			0	187109	185090	95	0	0	0	0	31444	0	0	
5543735																																							21516	541	24281	0	0	210	0	2640	98384	59396	517	76913	0	248	17000	0	21471	2487	98384	0	0	-3877	0	0	22636	0	28442	30954			0	49444	49196	225	0	0	0	0	21471	0	0	
5561001																																							20935	23591	0	0	0	0	0	13874	942308	0	856838	856838	0	0	0	0	85470	2000	942308	0	0	67556	0	0	15914	0	0	0			0	0	0	0	0	0	0	0	85470	833004	50904	
5574430																																							12054	688	34037	0	0	1866	0	15652	344509	287581	3091	300672	0	2574	10000	0	43837	4738	344509	0	0	-6678	0	0	46225	0	37336	250245			0	282786	280212	-448	0	0	0	0	43837	0	0	
5582846																																							546212	166893	6951	0	0	407	0	63026	1694247	495255	207769	703024	0	66443	0	0	991223	0	1694247	0	0	838489	0	0	152890	29695	141119	354136			0	947506	881063	-156	0	0	0	0	991223	0	0	
5591633																																							113	725	8287	0	0	0	0	2819	19417	0	4247	4247	0	0	0	0	15170	1500	19417	0	0	9959	0	0	3700	0	0	0			0	0	0	11	0	0	0	0	15170	7359	114	
5592340																																							178840	426	3555	0	1353	15274	0	34089	1624820	1358055	14598	1481653	0	14696	109000	0	143167	22551	1624820	0	0	6060	0	0	114705	3841	100801	1257254			0	1402138	1387442	-149	0	0	0	0	143167	0	0	
5620869																																							133545	1555	0	0	2086	3557	0	6438	415306	365613	5752	371365	0	3411	0	0	43941	74875	415306	0	0	-39404	0	5980	2630	0	167914	197699			-140	271536	268125	0	0	0	0	0	43941	0	0	
5650923																																							30021	5694	10007	0	0	6842	0	5067	408892	303177	896	355973	0	3057	43900	0	52919	22500	408892	0	0	-1708	0	0	32816	0	34211	268966			0	354318	351261	-689	0	0	8000	0	52919	0	0	
5660146																																							65691	3002	1	0	0	2233	0	1958	485426	435769	5894	441663	0	4141	0	0	43763	100	485426	0	0	6971	0	0	36692	0	75575	360194			0	416682	412541	0	0	0	0	0	43763	0	0	
5673191																																							57095	1861	13052	0	216	1933	0	4158	347276	296929	2282	299211	0	4596	0	0	48065	26684	347276	0	0	-6764	0	0	28147	0	35229	261700			0	273557	268961	-2	0	0	0	0	48065	0	0	
5686089																																							169229	2745	61361	0	0	601	0	9148	426981	301561	3201	354762	0	1654	50000	0	72219	0	426981	0	0	-49961	0	0	121745	0	18797	282764			0	185551	183897	435	0	0	0	0	72219	0	0	
5686324																																							65040	755	38267	0	0	7514	0	1016	174893	153536	233	153769	0	682	0	0	21124	2172	174893	0	0	-1870	0	0	20419	0	30710	122826			0	57058	56376	403	5925	0	0	0	21124	0	0	
5691319																																							4557	695	15032	0	0	999	0	830	107224	86568	1292	94130	0	729	6270	0	13094	19252	107224	0	0	-7634	0	0	1595	0	12030	74538			0	85840	85111	-119	0	0	0	0	13094	0	0	
5692473																																							59207	1330	10859	0	0	1932	0	2162	293816	250509	2899	253408	0	2458	0	0	40408	19605	293816	0	0	-1894	0	0	22678	2490	14794	235715			0	218294	215836	19	0	0	0	0	40408	0	0	
5724226																																							20470	2205	5694	0	0	489	0	2847	181141	154849	996	155845	0	1952	0	0	25296	17187	181141	0	0	-6334	0	0	14503	0	21266	133583			0	150138	148186	-60	1250	0	0	0	25296	0	0	
5728916																																							20565	498	5534	0	0	2816	0	1532	130365	98486	2806	101292	0	1779	0	0	29073	4474	130365	0	0	-15758	0	0	40350	0	23532	74954			0	101199	99420	7	0	0	0	0	29073	0	0	
5755510																																							19264	1432	0	0	0	1681	0	1146	104464	88129	1471	93600	0	983	4000	0	10864	27900	104464	0	0	-17036	0	0	0	0	13666	74463			0	76219	75236	0	5705	0	0	0	10864	0	0	
5758436																																							602	59	15756	0	694	5954	0	1844	177569	133584	2712	156908	0	2372	20612	0	20661	3424	177569	0	0	-15109	0	0	32195	0	20703	112881			0	137694	135322	151	17338	0	0	0	20661	0	0	
5758445																																							0	660	0	0	0	1126	0	756	103692	94399	1313	95712	0	1146	0	0	7980	9032	103692	0	0	-10732	0	0	9680	0	3237	91162			0	87665	86519	0	14631	0	0	0	7980	0	0	
5760439																																							69302	1556	117410	0	0	4237	0	2767	473516	423079	6163	429242	0	2418	0	0	44274	40	473516	0	0	3216	0	0	40823	0	180055	243024			0	261812	259394	195	18850	0	0	0	44274	0	0	
5760662																																							51164	3711	29676	0	0	500	0	1756	288083	252057	2019	254076	0	1869	0	0	34007	4184	288083	0	0	-7088	0	0	39021	0	5834	246223			-1906	186828	184959	-204	0	0	0	0	34007	0	16317	
5777549																																							0	954	4042	0	0	1514	0	602	106369	86219	1345	87564	0	1102	0	0	18805	2450	106369	0	0	-6767	0	0	23082	0	13629	72590			0	87397	86295	40	12962	0	0	0	18805	0	0	
5784921																																							14	1874	22881	0	0	2	0	14264	39035	23669	575	24244	0	0	0	0	14791	1000	39035	0	0	2640	0	0	11116	0	489	23180			0	0	0	35	0	0	0	0	14791	0	0	
5787418																																							2641	1482	0	0	0	637	0	1911	171740	156029	990	157019	0	805	0	0	14721	24375	171740	0	0	-9654	0	0	0	0	29175	126854			0	129872	129067	0	5913	0	0	0	14721	0	30089	
5788705																																							61156	432	0	0	0	586	0	2621	285956	216593	1082	217675	0	2617	0	0	68281	0	285956	0	0	804	0	0	67477	0	22763	193830			0	219053	216436	0	4725	0	0	0	68281	0	0	
5805228																																							15552	931	4688	0	104	3495	0	2493	147005	125639	4097	134486	0	1476	4750	0	12519	26162	147005	0	0	-13935	0	0	266	0	23737	101902			0	118470	116994	26	2748	0	0	0	12519	0	0	
5805424																																							27227	1085	2287	0	185	1140	0	2173	176737	143511	2389	161900	0	1412	16000	0	14837	25143	176737	0	0	-10960	0	0	676	4123	21037	122474			0	139929	138517	-22	0	0	0	0	14837	0	0	
5805442																																							50061	894	1549	0	0	1387	0	568	106587	83278	1744	85022	0	520	0	0	21565	22000	106587	0	0	-452	0	0	0	0	20441	62837			0	52648	52128	17	0	0	0	0	21565	0	0	
5805451																																							11367	0	25739	0	0	0	0	20698	57804	0	5447	5447	0	0	0	0	52357	0	57804	0	0	-11155	0	0	63498	0	0	0			0	0	0	14	0	0	0	0	52357	0	0	
5805479																																							3914	0	0	0	0	3714	0	839	8569	2	2827	2829	0	0	0	0	5740	3000	8569	0	0	-7531	0	0	10271	0	2	0			0	0	0	0	0	0	0	0	5740	102	0	
5805488																																							8170	4829	0	0	0	185	0	1933	15117	0	1541	1541	0	0	0	0	13576	16000	15117	0	0	-2424	0	0	0	0	0	0			0	0	0	0	0	0	0	0	13576	0	0	
5805817																																							20377	289	0	0	0	0	0	1480	22146	0	2328	2328	0	0	0	0	19818	9000	22146	0	0	10818	0	0	0	0	0	0			0	0	0	0	0	0	0	0	19818	0	0	
5807400																																							8147	332	5036	0	0	162	0	653	89233	64174	517	64691	0	838	0	0	24542	2899	89233	0	0	-4533	0	0	26092	155	6084	58090			0	65481	64643	84	10105	0	0	0	24542	0	0	
5837377																																							1280	39	20118	0	0	1642	0	819	42672	22364	1295	23659	0	140	0	0	19013	21	42672	0	0	-1590	0	0	20452	0	2235	20129			0	11836	11696	130	7078	0	0	0	19013	0	0	
5839915																																							262	844	5490	0	0	3327	0	1171	30900	21240	80	21320	0	125	0	0	9580	5848	30900	0	0	-2125	0	0	5848	0	8053	13187		1231	0	14631	14506	9	5300	0	0	0	9580	0	0	
5859511																																							224809	241	256	0	42400	0	0	41008	308714	0	91424	91424	0	0	0	0	217290	100	308714	0	0	93110	0	0	124076	0	0	0			0	0	0	4	0	0	0	0	217290	0	0	
5860740																																							2559	606	12556	0	0	1733	0	613	95006	72763	1385	74148	0	675	0	0	20858	0	95006	0	0	-8424	0	0	29139	0	4304	68459			0	54185	53510	143	23429	0	0	0	20858	0	0	
5861541																																							32287	534	1873	0	0	1022	0	354	53609	32354	1462	33816	0	229	0	0	19793	0	53609	0	0	-9794	0	0	29586	0	12783	19571			0	16637	16408	1	1131	0	0	0	19793	0	0	
5879201																																							104981	744	74573	0	0	1723	0	1770	300755	260885	852	261737	0	1759	0	0	39018	32000	300755	0	0	-2423	0	0	9492	0	123434	137451			0	118723	116964	-51	0	0	0	0	39018	0	0	
5882500																																							27741	4053	0	0	0	932	0	122	34232	3897	931	4828	0	16	0	0	29404	17220	34232	0	0	-5036	0	0	17220	0	1250	2647			0	1400	1384	0	0	0	0	0	29404	0	0	
5887420																																							4715	3380	0	0	0	787	0	929	9908	0	1116	1116	0	0	0	0	8792	6500	9908	0	0	-7043	0	0	9335	0	0	0			0	0	0	0	0	0	0	0	8792	0	97	
5903517																																							18778	1567	0	0	0	4507	0	656	95334	71542	2522	74064	0	800	0	0	21270	10000	95334	0	0	-2661	0	0	13931	540	8997	62545			0	70086	69286	0	0	0	0	0	21270	0	0	
5906497																																							105703	2653	2835	0	23	3392	0	1596	183349	145834	1868	147702	0	678	0	0	35647	19325	183349	0	0	-3122	0	0	19417	0	22661	123173			0	67825	67147	27	0	0	0	0	35647	0	0	
5972661																																							0	14192	0	0	0	6	0	2781	16979	0	1339	1339	0	0	0	0	15640	7700	16979	0	0	7940	0	0	0	0	0	0			0	0	0	0	0	0	0	0	15640	0	0	
5975224																																							0	25038	549	0	0	923	0	160	26887	3084	271	3355	0	3	0	0	23532	2608	26887	0	0	-2543	0	0	23467	0	806	2278			0	220	217	0	0	0	0	0	23532	0	0	
6009630																																							0	254	0	0	0	861	0	7247	29119	0	2668	2668	0	0	0	0	26451	2296	29119	0	0	-19025	0	0	43180	0	0	0			0	0	0	0	570	0	0	0	26451	20187	0	
