"IDRSSD"	RCONG554	RCONG555	RCONG556	RCONG557	RCONG558	RCONG559	RCONG560	RCONG561	RCONG562	RCONG563	RCONG564	RCONG565	RCONG566	RCONG567	RCONG568	RCONG569	RCONG570	RCONG571	RCONG572	RCONG573	RCONG574	RCONG575	RCONG576	RCONG577	RCONG578	RCONG579	RCONG580	RCONG581	RCONG582	RCONG583	RCONG584	RCONG585	RCONG586	RCONG587	RCONG588	RCONG589	RCONG590	RCONG804	RCONG805	RCONG806	RCONG807	RCONG808	RCONG809	RCONHT87	RCONHT88	RCONHT89	RCONHT91	RCONHT92	RCONHT93	RCONJA36	TEXTG546	TEXTG551	TEXTG556	TEXTG561	TEXTG571	TEXTG576	TEXTG581	TEXTG586	
	2ND GT $25K 25 PCT OTHR FV RCR LVL 2	2ND GT $25K 25 PCT OTHR FV RCR LVL 3	3RD GT $25K 25 PCT OTHR MEASURE FV R	3RD GT $25K 25 PCT OTHR RCR LESS AMT	3RD GT $25K 25 PCT OTHR FV RCR LVL 1	3RD GT $25K 25 PCT OTHR FV RCR LVL 2	3RD GT $25K 25 PCT OTHR FV RCR LVL 3	4TH GT $25K 25 PCT OTHR MEASURE FV R	4TH GT $25K 25% OTHR RCR LESS AMT FV	4TH GT $25K 25% OTHR FV RCR LVL 1 FV	4TH GT $25K 25 PCT OTHR FV RCR LVL 2	4TH GT $25K 25% OTHR FV RCR LVL 3 FV	OTHR $25K 25 PCT NON TRDING DRVT FV 	OTHR $25K 25 PCT NON TRDING DRVT LES	OTHR $25K 25PCT NON TRDING DRVT LVL 	OTHR $25K 25PCT NON TRDING DRVT LVL 	OTHR $25K 25PCT NON TRDING DRVT LVL 	1ST GT $25K 25 PCT OTHR LIAB FV	1ST GT $25K 25PCT OTHR LIAB LESS DTR	1ST GT $25K 25 PCT OTHR LIAB LVL 1 F	1ST GT $25K 25 PCT OTHR LIAB LVL 2 F	1ST GT $25K 25 PCT OTHR LIAB LVL 3 F	2ND GT $25K 25 PCT OTHR LIAB FV	2ND GT $25K OTHR LIAB LESS DTRM FV	2ND GT $25K 25 PCT OTHR LIAB LVL 1 F	2ND GT $25K 25 PCT OTHR LIAB LVL 2 F	2ND GT $25K 25 PCT OTHR LIAB LVL 3 F	3RD GT $25K 25% OTHR LIAB FV	3RD GT $25K 25PCT OTHR LIAB LESS DTR	3RD GT $25K 25% OTHR LIAB LVL 1 FV	3RD GT $25K 25 PCT OTHR LIAB LVL 2 F	3RD GT $25K 25 PCT OTHR LIAB LVL 3 F	4TH GT $25K 25 PCT OTHR LIAB FV	4TH GT $25K 25PCT OTHR LIAB LESS DTR	4TH GT $25K 25 PCT OTHR LIAB LVL 1 F	4TH GT $25K 25 PCT OTHR LIAB LVL 2 F	4TH GT $25K 25 PCT OTHR LIAB LVL 3 F	ALL OTHR ASSET LVL 3 FV MEASURE	ALL OTHR LIAB TOTAL FV RPT	ALL OTHR LIAB LESS AMT NET FV	ALL OTHR LIAB LVL 1 FV MEASURE	ALL OTHR LIAB LVL 2 FV MEASURE	ALL OTHR LIAB LVL 3 FV MEASURE	Loans measured at fair value, Loans 	Loans measured at fair value, Loans 	Loans measured at fair value, Loans 	Loans measured at fair value, Unpaid	Loans measured at fair value, Unpaid	Loans measured at fair value, Loans 	Available-for-sale debt securities a	1ST GT $25K 25 PCT OTHR MEASURE FV R	2ND GT $25K 25 PCT OTHR MEASURE FV R	3RD GT $25K 25 PCT OTHR MEASURE FV R	4TH GT $25K 25 PCT OTHR MEASURE FV R	1ST GT $25K 25 PCT OTHR LIAB FV	2ND GT $25K 25 PCT OTHR LIAB FV	3RD GT $25K 25% OTHR LIAB FV	4TH GT $25K 25 PCT OTHR LIAB FV	
37																																																											
242																																																											
279																																																											
354																																																											
457																																																											
505																																																											
1155																																																											
1351																																																											
1454																																																											
1669																																																											
1856																																																											
2161																																																											
2732																																																											
2750																																																											
3252																																																											
3720																																																											
3971																																																											
4231																																																											
5069																																																											
5135																																																											
5210																																																											
5461																																																											
5751																																																											
6039																																																											
6329																																						0	0	0	0	0	0	0	0	0	0	0	0	191318									
7009																																																											
7045																																																											
7072																																																											
7456																																																											
7634																																																											
8462																																																											
8631																																																											
9357																																																											
9553																																																											
9807	41134																																					0	0	0	0	0	0	0	0	0	0	0	0	393485	SEPARATE ACCOUNT BANK OWNED LIFE INSURANCE	GENERAL ACCOUNT BANK OWNED LIFE INSURANCE							
9955																																																											
10250																																																											
10849																																																											
11145																																						0	382	0	0	382	0	0	0	0	0	0	0	125978									
11640																																																											
11837																																																											
12030																																																											
12142																																																											
12311																																																											
12647																																																											
12946																																																											
13103																																						0	0	0	0	0	0	0	0	0	0	0	0	302856									
13251																																																											
13457																																																											
14155																																																											
14650																																																											
14753																																																											
14865																																																											
14977																																																											
16551																																																											
17110																																																											
17147													47980			47980																						0	47980	0	0	47980	0	0	0	0	0	0	0	1407102									
17259																																																											
17950																																																											
17978																																																											
18050																																																											
18827																																																											
18836																																																											
18854																																																											
19356																																																											
19936																																																											
19972																																																											
20053																																																											
20633																																																											
20857																																																											
21256																																																											
21359																																																											
21658																																																											
22048																																																											
22543																																																											
22552																																																											
22730																																																											
23456																																																											
23504													5958			5958																						0	5958	0	0	5958	0	0	0	0	0	0	0	800208									
23643																																																											
23755																																																											
24378																																																											
24659																																																											
24949																																																											
25357																																																											
25647																																																											
26765																																																											
27070																																																											
27614																																																											
27847																																																											
28013																																						0	0	0	0	0	0	0	0	0	0	0	0	1412419									
28152																																																											
28675																																																											
28732																																																											
29476																																																											
29636																																																											
29878																																																											
30052																																																											
31134																																																											
31255																																						0	0	0	0	0	0	0	0	0	0	0	0	199573									
31657																																																											
31826																																																											
31835																																																											
32234																																																											
32766																																																											
32971																																																											
33147																																																											
33259																																																											
33370																																																											
33839																																																											
33857																																						0	0	0	0	0	0	0	0	0	0	0	0	83597									
34537													25038			25038																						0	25038	0	0	25038	0	14556	0	0	14296	0	0	5178490	SBIC Investments at NAV								
34555																																																											
34742																																																											
35057																																						1092	0	0	0	0	0	0	0	0	0	0	0	16674									
35301																																																											
35646																																																											
35879																																																											
36933																																																											
37051																																																											
37341																																																											
37435																																																											
37640													4212			4212																						0	4212	0	0	4212	0	7817	0	0	7817	0	0	1653744									
37659																																																											
37949																																																											
38740																																																											
39327																																																											
40033																																																											
40855																																																											
41553																																																											
41629																																																											
41825																																																											
42037																																																											
42354																																																											
42372																																																											
42420													10657			10657																						0	10657	0	0	10657	0	25290	20781	0	24091	19795	0	1013528									
42448																																																											
42457																																																											
43052																																																											
43351																																																											
43856																																																											
43959																																																											
44040																																																											
44433																																																											
44741																																																											
44750																																																											
44929																																																											
45056																																																											
45458																																																											
45551																																																											
45560																																						0	0	0	0	0	0	0	0	0	0	0	0	480505									
45775																																																											
46053																																																											
46941																																																											
47247													295			295																						0	295	0	0	295	0	92373	0	0	90402	0	0	27127									
47500																																																											
48374																																																											
48440																																																											
49054																																																											
49148																																																											
49241																																																											
49652																																																											
49858																																																											
49951																																																											
50461																																																											
51253																																																											
51356																																																											
51459																																																											
51842																																																											
52719																																																											
52951																																																											
53051																																																											
54058																																																											
54973																																																											
55336																																																											
55635																																																											
55970																																																											
56258																																																											
56351																																						0	0	0	0	0	0	0	0	0	0	0	0	358393									
56548																																																											
56717																																																											
57451																																																											
58225																																																											
58243													39257			39169	88																					15	39257	0	0	39169	88	0	0	0	0	0	0	238333									
58355																																																											
58551																																																											
58636																																																											
58757																																																											
58971													134			134																						0	134	0	0	134	0	0	0	0	0	0	0	159426									
59316																																																											
59352																																																											
59370																																																											
59754																																																											
60143																																																							c. Other financial derivative liabilities				
60330																																						0	0	0	0	0	0	0	0	0	0	0	0	212664									
60545																																																											
60554																																																											
60648																																																											
61122																																						0	0	0	0	0	0	0	0	0	0	0	0	93517									
61355																																																											
61757																																																											
61832																																																											
61953																																																											
62044																																																											
62110																																																											
62147																																																											
63050																																																											
63069																																																											
63201																																																											
63573																																																											
63733																																																											
64552																																						0	0	0	0	0	0	0	0	0	0	0	0	26395									
64730																																																											
65205																																																											
65559																																						0	0	0	0	0	0	0	0	0	0	0	0	351689									
65858																																																											
66154																																																											
66275																																																											
67142																																																											
67151																																																											
67209																																																											
67254																																																											
67656																																						0	0	0	0	0	0	0	0	0	0	0	0	195969									
68671																																																											
68756	4460																																					0	0	0	0	0	0	0	0	0	0	0	0	213572	Fixed Rate Certificates	Interest Rate Swap							
68831																																																											
69333																																						0	0	0	0	0	0	0	0	0	0	0	0	216984									
69678																																																											
70218																																																											
70638																																																											
70955																																																											
71073																																																											
71457																																																											
71859																																																											
72258																																																											
72351																																																											
72454																																																											
72678																																																											
73116																																																											
73152																																																											
73554																																																											
73956																																																											
74056																																																											
74140																																						0	0	0	0	0	0	0	0	0	0	0	0	497791									
74403																																						0	0	0	0	0	0	0	0	0	0	0	0	125599									
74449																																																											
75259																																																											
75446																																																											
75455																																																											
75633																																																			CRA LP Investment								
75651																																																											
76153																																																											
76443																																																											
76854																																																											
77150																																																											
77253																																																											
77422																																																											
77851																																																											
78157																																																											
78241																																																											
78559																																																											
79042																																																											
79127																																																											
79145																																																											
79257																																																											
79855																																																											
80150																																																											
80374																																																											
80431																																																											
81175																																																											
82033																																																											
82257																																																											
82350																																																											
83375																																																											
83638																																																											
83834																																																											
83852																																																											
83955																																																											
84541																																																											
85052																																																											
85472																																						0	0	0	0	0	0							0									
85931																																																											
86349																																																											
86675																																																											
87047																																																											
87234																																																											
87476																																																											
87579																																																											
88231																																																											
88259																																																											
88352																																																											
88455																																																											
89032																																																											
89135																																																											
89854																																																											
89957																																																											
90047																																																											
90177																																																											
90328																																																											
90337																																																											
90579																																																											
91615																																																											
91950																																																											
92144																																																											
92676																																																											
92706																																																											
92902																																																											
93244																																																											
93543																																																											
93619																																																											
94139																																																											
94522																																																											
94755																																																											
94858																																																											
95051																																																											
95677																																																											
96553																																																											
97055																																																											
97279																																																											
97457																																																											
97804																																																											
97943																																																											
98351																																																											
98463																																																											
98717																																																											
99143																																																											
99376													15324			15324																						0	15324	0	0	15324	0	0	74919	0	0	71850	0	515134									
99442																																																											
99536																																																											
99853																																																											
100236																																																											
100357																																																											
100562																																						6640	0	0	0	0	0	0	0	0	0	0	0	1734624									
100777																																																											
100843																																																											
101037																																																											
101439																																																											
101671																																						0	0	0	0	0	0	0	0	0	0	0	0	244444									
101738																																																											
101952																																																											
102333																																																											
102342																																																											
102557																																																											
102874																																																											
103134																																																											
104234																																																											
104542																																																											
104971																																																											
105026																																																											
105473																																																											
105530																																																											
106359																																						0	0	0	0	0	0	0	0	0	0	0	0	613923									
106452																																																											
106676																																																											
107244													586			483	103																					0	586	0	0	483	103	0	0	0	0	0	0	2610143									
107570																																																											
107758																																																											
108072																																																											
108269																																																											
108652																																																											
108746																																																											
108951																																																											
109136																																																											
109154																																																											
109453																																																											
109574																																																											
109659																																																											
110413																																						0	0	0	0	0	0	0	0	0	0	0	0	343750									
110936																																																											
110945																																																											
110972																																																											
111157																																																											
111205																																																											
111942																																																											
112332																																																											
112510																																																											
112556																																																											
112837																																																											
113003																																																											
113030																																																											
113441																																																											
113601																																																											
113740																																						0	0	0	0	0	0	0	0	0	0	0	0	175550									
114149																																																											
114260																																						0	0	0	0	0	0	0	0	0	0	0	0	2008987									
114457																																																											
114774																																																											
114840																																																											
114859																																																											
115146																																																											
115575																																																											
116358																																																											
116554																																																											
116741																																																											
117038																																																											
117458																																																											
117775																																																											
118156																																																											
118660																																																											
118736																																																											
119153																																																											
119779																																						0	45	0	0	45	0	0	0	0	0	0	0	30220									
119872																																																											
120476																																																											
120542																																																											
120609																																																											
120953																																																											
121642																																						0	0	0	0	0	0	0	0	0	0	0	0	1034788									
121651																																																											
121914																																																											
122153																																																											
122546																																																											
123075																																																											
123374																																																											
124344																																																											
124830																																																											
125154																																																											
125855																																																											
126012																																																											
126049																																																											
126375																																																											
126553																																																											
126834																																																											
127055																																																											
127224																																																											
128258																																																											
128904													74820			74820																						40709	74820	0	0	74820	0	22419	0	0	21943	0	0	3825569	Rabbi Trust investments								
129349																																																											
129358																																																											
129732																																						19234	73	0	0	73	0	0	0	0	0	0	0	1415766	Nonmortgage servicing assets								
129853																																																											
129910																																																											
130345																																																											
130541								13991			13991							13658			13658																	0	13658	0	0	13658	0	0	0	0	0	0	0	875414				All Other Assets	All Other Liabilities				
131436																																																											
131717																																																											
131940																																																											
132107																																																											
132451																																																											
132778																																																											
132938																																																											
133579																																																											
133850																																																											
133971																																																											
134156																																																											
134437																																																											
134455																																																											
134848																																																											
135836																																																											
135854																																																											
136048																																																											
136338																																																											
136655																																																											
137205																																																											
137447																																																											
137456																																																											
137559																																																											
137643																																																											
137652													183				183																					40678	183	0	0	0	183	74536	0	0	71079	0	0	33									
137915																																						446113	0	0	0	0	0	0	0	0	0	0	0	239152	Equity securities without readily determinable FV which are not traded								
138051																																																											
138257																																																											
138556																																																											
139133																																																											
139478																																																											
139553																																																											
139656													2801	-1064	1737																							0	2801	-1064	1737	0	0	0	0	0	0	0	0	1027328									
139740																																																											
139843													638			638																						176	638	0	0	638	0	0	0	0	0	0	0	675744									
140157																																																											
140362	6274		2005		2005													6274			6274																	0	6274	0	0	6274	0	0	0	0	0	0	0	514616	Precious metals	SWAP derivative MTM	CRA equity investment		SWAP derivative MTM				
140634																																																											
141350																																																											
141556																																																											
141677																																																											
141958																																																											
142049																																																											
142179																																																											
142955																																																											
143372																																																											
143662													179304			179285	19																					99482	179304	0	0	179285	19	220429	0	0	238383	0	0	11205384									
143859																																																											
143952																																																											
144052																																																											
144155																																																											
144678																																																											
144856																																																											
144913																																																											
145059																																																											
145545																																																											
145554																																																											
145741																																																											
145844																																																											
146056																																																											
146663																																																											
147651																																																											
147679																																																											
147857																																																											
147923																																																											
148171																																																											
148238																																																											
148340																																																											
148470																																																											
148715																																																											
149150																																																											
150035																		4590			4590																	0	5721	0	0	5721	0	0	0	0	0	0	0	556275	Bank Owned Life Insurance				Deferred Compensation Plans				
150044																																																											
150727																																																											
151957																																																											
152057																																																											
152253																																																											
152440																																																											
153054																																																											
153353																																																											
154154																																																											
154770																																																											
155759																																																											
156457																																																											
156970																																																											
157155																																																											
157379																																																											
157650																																																											
157744																																																											
157856																																																											
158376																																																											
158741																																																											
159636																																						0	0	0	0	0	0	2361	0	0	2361	0	0	966504									
159645																																																											
159953																																																											
159971																																																											
160360																																																											
160454																																																											
160959																																						0	0	0	0	0	0	0	0	0	0	0	0	418061									
161273																																																											
161602																																																											
162337																																																											
163343																																																											
163549													2823			2823																						0	2823	0	0	2823	0	0	0	0	0	0	0	346374									
163857																																																											
164153																																																											
164331																																																											
164377																																																											
164957																																																											
164975																																																											
165628																																																											
165758																																																											
166111																																																											
166531																																																											
166652																																						0	0	0	0	0	0	0	0	0	0	0	0	87586									
167453																																																											
167752																																																											
168571																																																											
169354																																																											
169653													11926			11926																						0	11926	0	0	11926	0	13131	0	0	12789	0	0	1055342									
169756																																																											
170257																																																											
170275																																																											
170332																																																											
171133																																																											
171656																																																											
171759																																																											
171768																																																											
172251																																																											
172457																																																											
172475																																																											
172859																																																											
173306																																																											
173557																																																											
173575																																						0	0	0	0	0	0	0	0	0	0	0	0	288441									
173641																																																											
173959																																																											
174321																																																											
174367																																																											
174572													10329			10329																						0	10329	0	0	10329	0	0	0	0	0	0	0	1128488									
175056																																																											
175140																																																											
175458																																																											
175609																																																											
176101																																						0	0	0	0	0	0	0	0	0	0	0	0	419406									
176325																																																											
176437																																																											
176464																																																											
176642																																																											
177135																																																											
177443																																																											
177500																																																											
177555																																																											
177751																																																											
177920																																																											
178150																																																											
178244																																																											
178356																																																											
178851																																																											
179148																																																											
179335																																																											
179700																																						0	0	0	0	0	0	0	0	0	0	0	0	159750									
180144																																																											
180845																																																											
181963																																																											
182951																																																											
183668																																																											
183770																																																											
183958																																																											
184656																																																											
184759																																																											
185251																																																											
185448																																																											
185859																																																											
186717																																																											
186744																																																											
187648																																																											
187947													3936			3893	43																					5	3936	0	0	3893	43	0	0	0	0	0	0	433726									
188056																																																											
188177																																																											
188430													219			219																						0	219	0	0	219	0	45943	0	0	45586	0	0	22445									
188449																																																											
188720																																																											
188739																																																											
188917																																																											
189129																																																											
189950																																																											
190563																																																											
190648																																																											
190947																																																											
190956																																																											
191355																																																											
191935																																																											
192147																																																											
192558																																																											
192651																																																											
192857																																																											
193162																																																											
193537																																																											
193649																																																											
193809																																						3230	0	0	0	0	0	0	0	0	0	0	0	471177									
194440																																																											
194570																																																											
194936																																																											
195111																																																											
195157																																																											
195456																																																											
196752																																																											
196800																																						1593	0	0	0	0	0	0	0	0	0	0	0	91383									
197142																																																											
197254																																																											
197302																																																											
197478																																																											
197759																																																											
198073																																																											
198149																																																											
198251																																																											
198961																																																											
199137																																																											
199351																																																											
199436																																																											
199463																																																											
200435																																						0	0	0	0	0	0	0	0	0	0	0	0	193123									
201254																																																											
201834													2155			2155																						0	2155	0	0	2155	0	0	0	0	0	0	0	185813									
202514																																																											
202541																																																											
202907													7524			7524																						169	7524	0	0	7524	0	0	0	0	0	0	0	2874343									
203043																																																											
203052																																																											
203575																																																											
204004													108102			108102																						0	108102	0	0	108102	0	0	0	0	0	0	0	3183364									
204237																																																											
204826																																																											
205243																																																											
205346																																																											
205458																																																											
205542																																																											
206156																																																											
206174																																																											
206473																																																											
206772																																																											
206950																																																											
207041																																																											
207050													1492		1448	44																						0	1492	0	1448	44	0	129408	0	0	127113	0	0	257840									
207452																																																											
207470																																																											
207555																																																											
207845																																																											
207872																																																											
208057																																						1655	0	0	0	0	0	0	0	0	0	0	0	434252									
208244																																																											
208347																																																											
208440																																																											
208459																																																											
208570																																																											
208655																																																											
208972																																																											
209148																																																											
209362																																																											
209559																																																											
209858																																																											
210238																																																											
210256																																																											
210434																																																											
211114																																																											
211271																																						21068	0	0	0	0	0	3559	0	0	3525	0	0	490609									
211338																																																											
211851																																																											
212018																																																											
212344																																																											
212522																																						0	0	0	0	0	0	0	0	0	0	0	0	638713									
212577																																						3627	0	0	0	0	0	0	0	0	0	0	0	142540									
213471																																																											
213538																																																											
213912																																						231	0	0	0	0	0	0	0	0	0	0	0	19044									
213958																																																											
214106																																						0	0	0	0	0	0	0	0	0	0	0	0	411988									
214414													1568			1568																						0	1568	0	0	1568	0	0	0	0	0	0	0	417891									
214722																																						0	0	0	0	0	0	0	0	0	0	0	0	545967									
214807	0	0	0	0	0	0	0	0	0	0	0	0	2000	13000	0	15000	0	0	0	0	0	0	0	0	0	0	0	0	0	0	0	0	0	0	0	0	0	0	2000	13000	0	15000	0	0	0	0	0	0	0	404000									
215345																																																											
215653																																																											
215662																		1026			1026																	0	1026	0	0	1026	0	0	0	0	0	0	0	505938	Derivative Contracts Gross Positive Fair Value				Derivative Contracts Gross Negative Fair Value				
215710																																																											
216164																																																											
216922													3453			3453																						0	3453	0	0	3453	0	0	0	0	0	0	0	2048556									
217059																																																											
218131																																																											
218261																																																											
218878																																						0	86	0	0	86	0	0	0	0	0	0	0	76700									
219044																																																											
219651																																																											
219679																																																											
220059																																																											
220527																																						0	0	0	0	0	0	0	0	0	0	0	0	377363									
220844																																																											
220974																																																											
221775																																																											
222156																																																											
222558																																																											
222754																																																											
223322																																						6874	0	0	0	0	0	0	0	0	0	0	0	62802									
223452																																																											
223751																																																											
223845																																																											
224954																																																											
225054																																																											
225157																																																											
225559																																																											
225942																																																											
226949																																																											
227151																																																											
227357																																																											
227656																																																											
227777																																																											
228000																																																											
228158																																																											
228279																																																											
228345																																																											
229070																																																											
229173																																																											
229342																																																											
229454																																																											
229801																																																											
229913																																																											
230423																																																											
230610																																																											
230759																																						0	0	0	0	0	0	0	0	0	0	0	0	1981694									
231279																																																											
232847																																																											
232856																																																											
233031																																																											
233246																																																											
233358																																																											
233442																																																											
233527																																																											
233554																																																											
234355																																						9242	95	0	95	0	0	0	0	0	0	0	0	368693									
234506																																																											
234739																																																											
234841																																																											
235174																																																											
235231																																																											
235446																																																											
235530																																																											
235558																																																											
235950																																																											
236153																																						0	0	0	0	0	0	0	0	0	0	0	0	597027									
236256																																																											
236603																																																											
236706													9700			9700																						0	9700	0	0	9700	0	0	0	0	0	0	0	787662									
236957																																																											
237066																																						0	0	0	0	0	0	0	0	0	0	0	0	601929									
237619																																						0	0	0	0	0	0	0	0	0	0	0	0	220431									
237954																																																											
238139																																																											
238250																																																											
238737																																																											
239556																																																											
239659																																																											
240954																																																											
241009																																																											
241157																																						0	0	0	0	0	0	0	0	0	0	0	0	186234									
241559																																																											
242257																																																											
242444																																																											
242949																																																											
242958																																																											
242976																																																											
243375																																																											
243414																																																											
243955																																																											
244037																																																											
244149													8			8																						0	8	0	0	8	0	6803	0	0	6587	0	0	115492									
244158																																																											
244251																																																											
245016																																																			Interest Rate Swap	Life Insurance			Interest Rate Swap				
245276																																						66333	0	0	0	0	0	0	0	0	0	0	0	2511035									
245351																																																											
245557																																																											
246022																																																											
246134																																																											
246451																																																											
246657																																						0	0	0	0	0	0	0	0	0	0	0	0	489450									
246947																																																											
246956																																																											
247140																																																											
247355																																																											
247476																																																											
247551																																																											
247908																																																											
248240																																						138	22	0	0	22	0	0	0	0	0	0	0	89915									
248352																																																											
248455																																																											
248633																																																											
248745																																																											
249416																																																											
249612													4324			4324																						0	4324	0	0	4324	0	0	0	0	0	0	0	3538958									
249658																																																											
250430																																																											
250476																																																											
250850																																																											
251558																																																											
251745																																																											
251978																																																											
252041																																																											
252452																																																											
253356																																						0	0	0	0	0	0	0	0	0	0	0	0	330196									
253468																																						0	0	0	0	0	0	0	0	0	0	0	0	675398									
253646																																																											
253730																																																											
254317																																																											
254504																																																											
254849																																																											
255350																																																											
255556																																																											
255574																																																											
255659																																						0	0	0	0	0	0	0	0	0	0	0	0	1956219									
256058																																																											
256076																																																											
256179																																																											
256553																																						131	0	0	0	0	0	0	0	0	0	0	0	568577	Foreclosed Assets								
257233																																																											
257345																																																											
257578																																																											
257653																																																											
257756																																																											
258306																																																											
258379																																																											
258539																																																											
258874																																																											
259059																																																											
259330													46			46																						0	46	0	0	46	0	0	0	0	0	0	0	168075									
259442																																																											
259956																																																											
260055													18			18																						0	18	0	0	18	0	5407	0	0	5390	0	0	737958									
260831																																																											
261146																																																											
261360																																																											
261940																																																											
262059																																																											
262237																																																											
262358																																																											
262741																																																											
262844																																																											
262956																																																											
263243																																																											
263627																																																											
264455																																																											
264772	0	0	0	0	0	0	0	0	0	0	0	0	5245	0	0	3918	1327	0	0	0	0	0	0	0	0	0	0	0	0	0	0	0	0	0	0	0	0	51739	5245	0	0	3918	1327	0	0	2234697	0	0	2290238	3696626	Loan Servicing Asset								
265340																																																											
265407																																																											
265452																																																											
265676																																																											
266244																																																											
266253																																																											
266655																																																											
266851																																																											
266945																																																											
267652																																																											
268006													1139			1139																						3089	1139	0	0	1139	0	0	0	0	0	0	0	344399									
268136																																																											
268677																																						0	0	0	0	0	0	0	0	0	0	0	0	42881									
268828																																																											
268976																																																											
269049																																																											
269058																																																											
269571																																																											
269759																																																											
270148																																																											
270353																																																											
270504																																																											
270531																																																											
270652																																																											
271136																																																											
271275																																																											
271341																																																											
271529																																																											
272030																																																											
272058																																																											
272151																																																											
272272																																																											
272302																																						0	0	0	0	0	0	0	0	0	0	0	0	537498									
273336	2629		4534				4534											2629			2629																	4534	2629	0	0	2629	0	0	0	0	0	0	0	520384		Gross Positive Fair Value of Back to Back SWAPs	Net FV of LLP fund assets		Gross Negative Fair Value of Back to Back SWAPs				
273550																																																											
273653																																																											
273662																																																											
273840																																																											
273859																																																											
274025																																																											
274052																																																											
274829																																																											
274856																																																											
275255																																																											
275358																																																											
275479																																																											
275657																																																											
276074																																																											
276159																																																											
276551																																																											
276579													260291			260291		134973		134973																		175557	395264	0	134973	260291	0	0	71304	0	0	71600	0	9320881	Bank owned life insurance				Securities sold short				
276645																																																											
276654																																																											
276850																																																											
276953																																																											
277240																																																											
277277																																																											
277736																																																											
277820																																																											
278256																																																											
278555																																						348	25	0	0	25	0	309899	0	0	309007	0	0	70012									
278733																																																											
278751																																																											
278818													329			329																						0	329	0	0	329	0	0	0	0	0	0	0	512635									
279105																																						0	0	0	0	0	0	0	0	0	0	0	0	324133									
279842																																																											
279954																																						0	70	0	0	70	0	0	0	0	0	0	0	299153									
280110																																																			Equity securities that do not have readily determinable fair values								
280138																																																											
280352																																																											
280558																																																											
282075																																																											
282226																																																											
282824																																																											
283438																																						0	0	0	0	0	0	0	0	0	0	0	0	321669									
283652																																																											
283737																																																											
283867																																																											
284154																																																											
284239																																																											
284556																																																											
284752																																																											
284958																																																											
285151																																																											
285348																																																											
285544																																						0	0	0	0	0	0	0	0	0	0	0	0	3374									
285553																																																											
285740																																						0	0	0	0	0	0	0	0	0	0	0	0	165585									
285852																																																											
285928																																																											
286251																																																											
286457																																																											
287007																																																											
287342																																																											
287922																																																											
287959																																																											
288152																																																											
288376																																																											
288853													1036			1036																						11835	1045	0	0	1036	9	0	0	0	0	0	0	5631468									
289056																																																											
289225																																																											
289515																																																											
289702																																																											
289739																																																											
289757																																																											
290249																																																											
290838																																																											
290922																																																											
291059																																																											
291611																																																											
291732																																																											
292234																																																											
292467																																																											
292850																																																											
293053																																																											
293352																																																											
293437																																																											
293651																																																											
293754																																																											
294023																																																											
294751																																																											
294779																																						0	0	0	0	0	0	0	0	0	0	0	0	76110									
294827																																																											
295011																																																											
295057																																																											
295646																																																											
296456																																																											
296474																																																											
296559																																																											
296755																																																											
297051																																																											
297761																																																											
298049																																																											
298218																																																											
298245																																																											
299868																																																											
300009																																																											
300063																																																											
300353																																																											
300933																																																											
300942																																																											
301574																																																											
301800																																						0	0	0	0	0	0	0	0	0	0	0	0	167854									
302030																																																											
302133																																																											
302553																																																											
302656													1833			1833																						0	1833	0	0	1833	0	0	0	0	0	0	0	370632									
303653																																																											
303701																																																											
303747																																																											
303952																																																											
304173																																																											
304520																																																											
304575																																																											
304762																																																											
304913	0	0	0	0	0	0	0	0	0	0	0	0	0	0	0	0	0	0	0	0	0	0	0	0	0	0	0	0	0	0	0	0	0	0	0	0	0																						
305059																																																											
305077																																																											
305237																																																											
305442																																																											
306056																																																											
306159																																																											
306337																																																											
306908																																																											
307062																																																											
307334																																																											
307361																																																											
307679																																																											
308256																																																											
308340																																																											
308836																																																											
309150																																																											
309655																																																											
309851																																																											
310754																																																											
310978													7911			7660	251																					650	7911	0	0	7660	251	145057	0	0	142300	0	0	231139									
311050																																																											
311144																																																											
311256																																																											
311265																																																											
311603																																																											
311658																																																											
311845																		43831				43831																370595	47622	718	0	4503	43837	190814	0	0	194565	0	0	4911044					GNMA ROAP early buyout eligible loans				
311939																																																											
312244																																																											
312356																																																											
313009																																																											
313157																																																											
313223																																																											
313577																																																											
314257																																																											
314444																																																											
315656																																																											
316840													2704			2704		29			29																	0	2733	0	0	2733	0	7516	0	10968	7367	0	11045	881577	Rate Lock Loan Commitments				Mandatory Forward Contracts				
316859																																																											
316934																																																											
317258																																																											
317342													10726			10726																						0	10726	0	0	10726	0	6247	0	0	6111	0	0	722111									
317379																																																											
318974																																																											
319047																																																											
319551																																																											
320034																																																											
320052																																																											
320070																																																											
320119													941			941																						0	941	0	0	941	0	0	0	0	0	0	0	1625594									
321152																																																											
321255																																																											
321273																																																											
321330																																																											
321947																																																											
322449																																																											
322551																																																											
323204																																																											
323651																																																											
324153																																																											
324229																																																											
324256																																																											
324340													1826			1826																						0	1826	0	0	1826	0	0	0	0	0	0	0	560857									
324854																																																											
324863																																						0	0	0	0	0	0	0	0	0	0	0	0	168064									
324975																																																											
325141																																																											
325459																																																											
325534																																																											
326054																																																											
326344																																																											
326858																																																											
326979																																																											
327220																																																											
327305																																																											
327435																																																											
327556																																																											
327855																																																											
328058																																																											
328357																																						0	0	0	0	0	0	0	911	0	0	934	0	20553									
328656																																																											
328777													958			958																						0	958	0	0	958	0	0	0	0	0	0	0	560961	SBIC Investment								
329149																																																											
329345																																																											
329550																																																											
329952																																																											
330239																																																											
330248																																																											
330855																																						0	0	0	0	0	0	0	0	0	0	0	0	270482									
330949																																																											
331076																																																											
331375																																																											
331544																																																											
331713																																																											
332224																																																											
332671																																																											
332756																																																											
333203																																						0	0	0	0	0	0	0	0	0	0	0	0	328132									
333650																																																											
333856																																																											
333940																																																											
334264																																																											
335346																																																											
336147																																																											
336361																																																											
336576																																																											
337340																																																											
338646																																																											
338945																																																											
339072																																						0	0	0	0	0	0	361	0	0	361	0	0	6597									
339353																																																											
339456																																																											
339607																																																											
339773													22295			22295																						0	22295	0	0	22295	0	0	0	0	0	0	0	268959									
339858	0	0	0	0	0	0	0	0	0	0	0	0	1621	0	0	1621	0	0	0	0	0	0	0	0	0	0	0	0	0	0	0	0	0	0	0	0	0	322724	1621	0	0	1621	0	93133	0	0	93110	0	0	13622526									
340135																																																											
340144																																																											
340256																																																											
340443																																																											
340742	106							5			5							572			572							25			25		36			36		0	633	0	0	633	0	0	0	0	0	0	0	123319	Interest rate swap	Mortgage interest rate lock commitments		TBAs related to mortgage banking	Interest Rate Swap		Mortgage written options	TBAs related to mortgage banking	
340751																																																											
341310																																																											
342054																																																											
342410													429			418	11																					38	429	0	0	418	11	3125	2965	0	3051	2911	0	952497									
342634													1112			1070	42																					132329	1112	0	0	1070	42	142485	0	0	143832	0	0	1876830	Loans held for sale								
343051																																																											
343248																																																											
343770																																																											
343903																																																											
343958																																																											
344647													985			985																						0	985	0	0	985	0	0	0	0	0	0	0	305880									
344852																																																											
345309																																						0	0	0	0	0	0	0	0	0	0	0	0	304168									
345345																																																											
345747																																																											
345756																																						0	0	0	0	0	0	0	0	0	0	0	0	32444									
345877																																																											
346379																																																											
346566																																																											
346771																																																											
347022																																																											
347639																																																											
347956																		5024			5024																	0	5024	0	0	5024	0	0	0	0	0	0	0	37660	INTEREST RATE SWAPS				INTEREST RATE SWAPS				
348159																																																											
348720																																																											
349129																																																											
349343																																																											
350657																																																											
350750																																																											
351131																																																											
351560																																																											
351878																																																											
352370																																																											
352651																																																											
352745																																																											
352772													19363			19295	68																					12005	19363	0	0	19295	68	34586	0	0	33600	0	0	2016667	Investments in limited partnerships at fair value								
353238																																																											
353546																																																											
353555																																						0	0	0	0	0	0	0	0	0	0	0	0	386771									
353957																																																											
354253																																																											
354310													140				140	82			82																	0	222	0	0	82	140	0	0	0	0	0	0	368265	Interest Rate Locks				Forward Contracts				
354552																																																											
354851																																																											
355120																																																											
355559																																																											
355858																																						0	0	0	0	0	0	0	0	0	0	0	0	196357									
356239																																																											
356659																																																											
356752																																																											
357526																																																											
357553																																																											
357777																																																											
357937																																																											
358112																																																											
358448																																																											
359472																																																											
359744																																																											
360777																																																											
361055																																																											
361167													13212	10902		24114																						1350	13212	10902	0	24114	0	0	0	0	0	0	0	1461645									
361279																																																											
361354																																																											
361439																																																											
362043																																																											
362155																																																											
362717																																						0	63	0	0	63	0	0	0	0	0	0	0	383526									
362856																																																											
362940																																																											
363442																																																											
363648																																																											
363657													1132			1132																						0	1132	0	0	1132	0	0	0	0	0	0	0	513040									
363778																																																											
364131																																																											
364270																																																											
364430																																																											
364850																																																											
365325													70				70																					473	70	0	0	0	70	31277	0	0	30567	0	0	3056493									
365745																																																											
365848																																																											
365950																																																											
366078																																																											
366238																																						0	0	0	0	0	0	0	0	0	0	0	0	384841									
366247																																																											
366359																																																											
366658																																																											
366854																																																											
367150																																																											
367178																																																											
367431																																																											
367543																																																											
368054																																																											
368344																																																											
368522																																																											
368951																																																											
369453																																																											
369659																																																											
370020																																																											
370347																																																											
370721																																																											
370833																																																											
370954																																																											
371223																																																											
371232																																																											
371362																																																											
371559																																																											
371849																																																											
371924																																																											
371942																																																											
372444																																																											
372538																																																											
372640																																																											
372855																																																											
373272																																																											
373553																																																											
373601													565			565																						0	565	0	0	565	0	0	0	0	0	0	0	1051400									
374130																																																											
374653													2100			2100																						0	2100	0	0	2100	0	0	0	0	0	0	0	456503									
374774																																																											
375043																																						0	0	0	0	0	0	0	0	0	0	0	0	84569									
375379																																																											
375566																																																											
375650																																																											
376237																																																											
376273																																						0	0	0	0	0	0	0	0	0	0	0	0	4595									
376442																																																											
376947																																																											
377663																																																											
377850																																																											
378044																																																											
378110																																																											
379050																																																											
379153																																																											
379470																																																											
379649																																																											
379920													1483			1410	73																					6724	1483	0	0	1410	73	511389	86691	0	518030	87262	0	3726589									
380346																																																											
380458																																																											
380533																																																											
380878																																																											
380944																																																											
381026																																																											
381932																																																											
381950																																																											
382050																																																											
382069																																						0	0	0	0	0	0	0	0	0	0	0	0	295541									
382256																																																											
382274																																																											
382443																																																											
382537																																																											
382649																																																											
382658																																																											
382742																																																											
382854																																																											
384018																																																											
384278													10177			10177																						0	10185	0	0	10185	0	118660	0	0	116871	0	0	2388885									
384353																																																											
384652																																																											
384830																																																											
385350																																																											
385471																																																											
385547																																																											
385686																																																											
386432																																																											
386450																																																											
386731																																																											
386825																																																											
387055																																																											
387671																																																											
388155																																																											
388258																																																											
388557																																																											
388744																																																											
388753																																																											
388874																																																											
389358																																																											
389376																																																											
390372																																																											
390840																																																											
391418																																																											
391557																																																											
391575																																																			Variable Derivative								
391959																																																											
391977																																																											
392152																																																											
392255																																																											
392778																																																											
393252																																																											
393355																																																											
393953																																																											
394156																																																											
394259																																																											
395238																		59345		59345																		9517	59484	0	59345	139	0	36593	0	0	35531	0	0	7426719	Rabbi Trusts				Rabbi Trusts				
396057																																																											
396244																																																											
396253																																																											
396954																																																											
397456																																																											
397531																																																											
397540																		101		101																		0	101	0	101	0	0	0	0	0	0	0	0	258210	positive int rate swap				Negative Int rate swap				
397559																																																											
397755																																																											
397858																																																											
398051																																																											
398248																																																											
398668																																																											
398837																																																											
399357																																																											
399517																																																											
399731																																																											
399973																																																											
400057																																																											
400141																																																											
400365																																																											
400767																																																											
401072																																																											
401559																																																											
401755																																																											
401906																																																											
401951																																																											
402846																																																											
402873																																																											
403067																																																											
403151																																						0	0	0	0	0	0	0	0	0	0	0	0	298255									
403179																																																											
403254																																																											
403656																																																											
403870																																																											
403946																																																											
404653																																																											
404943																																																											
406022																																																											
406059																																																											
406666																																																											
406974																																																											
407168																																																											
407506																																																											
407645																																																											
408307																																																											
408642																																																											
408875																																																											
409265																																																											
410159																																																											
410560																																																											
410748																																																											
410917																																																											
411062																																																											
411174																																																											
411231																																																											
411240																																																											
411549																																																											
411576																																																											
411624																																																											
411651																																																											
412153																																																											
412452																																																											
412555																																																											
412667																																																											
412751													470			470																						0	470	0	0	470	0	0	0	0	0	0	0	652183									
412845																																																											
412872																																																											
413141																																						0	0	0	0	0	0	0	0	0	0	0	0	78162									
413208																																																			Equity Securities FV on basis of NAV								
413347																																																											
413543																																																											
413646																																																											
413673																																																											
413758																																																											
414102																																																											
414652																																																											
414764																																																											
414858																																																											
416245													42220			42155	65																					30	42220	0	0	42155	65	0	0	0	0	0	0	2162703									
416272																																																											
416339																																																											
416357																																																											
416656																																																											
416674																																																											
417626																																																											
417710																																																											
418100																																																											
418249																																																											
418436																																																											
419406	298												18511			18511		49			49		1824			1824												0	20384	0	0	20384	0	0	0	0	0	0	0	1478273	MORTGAGE DERIVATIVE	CASH FLOW HEDGES			MORTGAGE DERIVATIVE	CASH FLOW HEDGES			
419675																																																											
420578																																																											
420644																																																											
420877																																																											
421445																																																											
421539																																																											
422116																																																											
422433																																						272	0	0	0	0	0	0	0	0	0	0	0	677044									
422657																																																											
423159																																																											
423449																																																											
423636																																																											
423739																																																											
424156																																																											
424240																																																											
424352																																																											
424437																																																											
425050																																																											
425108																																																											
425818																																																											
425845																																																											
425911																																																											
426057																																																											
426141																																																											
426534													3000			3000																						16944	3000	0	0	3000	0	0	0	0	0	0	0	815789									
426758																																																											
426945																																																											
427241																																																											
427353																																																											
427858																																																											
427960																																																											
428060																																																											
428462																																																											
428547													181			181																						0	181	0	0	181	0	0	0	0	0	0	0	492492									
428855																																																											
429021																																																											
429487																																																											
430036																																																											
430054																																																											
430344																																																											
431323																																																											
431350																																																											
432058																																																											
432432																																																											
433505																																						0	0	0	0	0	0	0	0	0	0	0	0	531558									
433608													5390			5390																						0	5390	0	0	5390	0	0	0	0	0	0	0	1382868									
433859																																																											
433943																																																											
434203																																						0	0	0	0	0	0	0	0	0	0	0	0	131583									
434539																																																											
435059																																																											
435077																																						0	0	0	0	0	0	0	0	0	0	0	0	1317424									
435255																																																											
435666																																																											
435750																																						0	0	0	0	0	0	0	0	0	0	0	0	647706									
436159													23509			23509																						148795	23509	0	0	23509	0	172974	0	0	168692	0	0	1459734									
436542																																																											
436739																																																											
436953																																																											
437044																																																											
437914													125861			120432	5429																					80	125861	0	0	120432	5429	0	0	0	0	0	0	3542246									
439132																																																											
439338													3588			3588																						0	3588	0	0	3588	0	0	0	0	0	0	0	622505									
439356																																																											
439404													910			910																						0	910	0	0	910	0	0	0	0	0	0	0	264480	Impaired Loans								
439730																																																											
440857																																																											
440978																																																											
441050																																																											
441078																																																											
441135																																																											
441256																																						17778	0	0	0	0	0	3518	0	0	3518	0	0	297972									
441359																																																											
441470																																																											
441630																																																											
442011																																																											
442057																																																											
442244																																																											
442655																																																											
443148																																																											
443205																																																											
443353																																																											
443625																																																											
443634																																																											
444350																																																											
444556																																																											
444677																																																											
445674																																																											
445955																																																											
446130																																																											
446149																																																											
446176																																																											
447070																																																											
447100													3889			3889																						0	3890	0	0	3889	1	0	0	0	0	0	0	138335									
447557																																																											
448040																																																											
448554																																																											
449038																																																											
449430																																																											
449832																																																											
449935																																																											
450632																																																											
450669																																																											
450856	461																	18565			18565		752			752												0	19317	0	0	19317	0	14683	0	0	14412	0	0	1770873	SWAPS	MORTGAGE LOAN COMMITMENTS			SWAPS	MORTGAGE LOAN COMMITMENTS			
450959																																																											
451068																																																											
451246																																																											
451273																																						0	0	0	0	0	0	0	0	0	0	0	0	1499									
451965																																																											
452159																																																											
452739																																																											
452841																																																											
453147																																																											
453446																																																											
454546																																																											
454658																																																											
454676																																																											
454975																																																											
455150																																																											
455253																																																											
455459																																																											
455552																																																											
455945																																																											
455972																																						0	0	0	0	0	0	7836	0	0	8848	0	0	104465									
456045																																						0	0	0	0	0	0	0	0	0	0	0	0	2871931									
456054																																																											
456344																																																											
456755																																						0	0	0	0	0	0	0	0	0	0	0	0	71512									
457060																																																											
457426																																																											
457752																																																											
458142																																																											
458544																																																											
458665																																																											
458946																																																											
459130																																																											
459372																																																											
459644																																																											
459671																																						0	0	0	0	0	0	0	0	0	0	0	0	143634									
460033													794			794																						0	794	0	0	794	0	0	0	0	0	0	0	1013294									
460275																																																											
460332																																																											
460350																																																											
460556																																																											
460770																																																											
461058																																																											
463605																																																											
463650																																																											
463735													17788			16505	1283																					0	17788	0	0	16505	1283	33158	0	0	32314	0	0	5961917									
464853																																																											
465038																																																											
465243																																																											
465524																																																											
465618																																																											
465672																																																											
466044																																																											
466240																																																											
466754																																																											
466932																																																											
467144																																																											
467470																																																											
467658																																																											
467733																																																											
468673																																																											
468806																																																											
469250																																																											
469559																																																											
469737																																																											
470032																																																											
470050																		132			132																	0	132	0	0	132	0	29992	0	0	29215	0	0	5467264	Derivative Fair Value for Interest Rate Locks				Derivative Fair Value for MBS Trades				
470434																																																											
470452													947			945	2																					0	947	0	0	945	2	0	0	0	0	0	0	543772									
471057																																																											
472018																																																											
472045																																																											
472148																																																											
472250																																																											
472531																																																											
472616																																																											
472951																																																											
472979																																																											
473042																																																											
473257																																																											
473266																																																											
473930																																																											
474058																																																											
474245																																																											
474254													5937			5937																						716	5937	0	0	5937	0	0	0	0	0	0	0	1585294									
474357																																																											
474450																																																											
474544																																																											
474656																																																											
474759													15531			15531																						86651	15531	0	0	15531	0	100539	0	0	97727	0	0	468999									
474919													162			162		23873		23873																		0	24759	0	24597	162	0	16316	0	0	15825	0	0	3439909	Other - rabbi trust assets				Other - rabbi trust liabilities				
475345																																																											
475354																																																											
475653																																																											
475756																																																											
476445																																																											
476472																																																											
476539																																																											
476810																																																			Negotiable CDs								
477321																																																											
477349																																																											
477648																																																											
478140																																																											
478195																																																											
479071																																																											
479268																																						0	0	0	0	0	0	0	0	0	0	0	0	1922765									
479370																																																											
479446																																																											
479567																																																											
479754																																																											
479839																																																											
480059																																																											
480228																																																				Secured borrowings							
480246																																																											
480330																																																											
480433																																																											
480723																																																											
480853																																																											
481159																																																											
481177													19			19																						0	19	0	0	19	0	0	0	0	0	0	0	345567									
481579																																																											
481627																																																											
481748																																																											
481944																																																											
482053																																																											
482156																																																											
482370																																																											
482446																																																											
483274																																																											
483537																																																											
483751																																																											
484057																																																											
484776																																																											
485054																																																											
485139																																																											
485214																																																											
485456																																																											
485559													268050		372	242182	25496																					64	268050	0	372	242182	25496	150745	0	0	153581	0	0	8204211									
487142																																																											
487357																																						0	0	0	0	0	0	0	0	0	0	0	0	182740									
488318																																																											
488420																																																											
488653																																																											
488756																																																											
489155																																																											
489249																																																											
489548																																																											
489623													548			548		268				268																0	816	0	0	548	268	4004	0	0	3939	0	0	689602	Partnership Equity Investments				Fair Value Swap				
490348																																																											
490450																																																											
490843																																																											
490955																																																											
491224																																																											
491402																																																											
491653																																																											
491934																																																											
492650																																																											
492810																																																											
493077																																																											
493152																																																											
493741																																																											
493844																																																											
494261													123005			8151	114854																					0	123005	0	0	8151	114854	0	0	0	0	0	0	2454058									
494654																																																											
495419																																																											
495558																																																											
496434																																																											
496845																																																											
496957																																																											
497039																																																											
497404																																																											
497655																																																											
497851																																																											
497954																																																											
498148																																																											
498317													741			741																						0	741	0	0	741	0	0	0	0	0	0	0	253906									
498362																																						0	0	0	0	0	0	18171	0	0	17710	0	0	141712									
498456																																																											
498531																																																											
498625																																																											
498942																																																											
499154																																																											
499453																																																											
499501																																																											
499743																																																											
499752																																																											
499855																																																											
500256																																																											
500658																																																											
501105																																																											
501132																																																											
501459																																																											
501655																																																											
501767																																																											
502111																																																											
502447																																																											
502559																																																											
502652																																																											
502746																																																											
502849																																																											
503547																																																											
503640																																																											
504142																																																											
504311																																																											
504535																																																											
504647																																																											
504713																																																											
505550																																																											
505916																																																											
507068																																						343	0	0	0	0	0	5390	0	0	5390	0	0	1208002									
507152																																																											
507349																																																											
507509																																						0	0	0	0	0	0	0	0	0	0	0	0	208292									
508270																																																											
508346																																																											
508355																																																											
509811																																						10905	0	0	0	0	0	0	0	0	0	0	0	1094809	Equity Securities without readily determinable fair values								
509857																																																											
509950													1656		1656																							0	1658	0	1656	0	2	255957	0	0	254198	0	0	2074735									
510330																																																											
510648																																																											
510871																																																											
510938																																																											
510947																																																											
511832																																																											
513256																																																											
513322																																																											
513340																																																											
513546																																																											
513854																																																											
514048																																																											
514057																																																											
514066																																																											
514132																																																											
514356																																																											
514655																																																											
514936																																																											
515979																																																											
516154																																																											
516855																																																											
516873																																																											
517049																																																											
517357																																																											
517441																																																											
517674																																																											
518037																																																											
518176																																																											
518354																																																											
518877																																																											
519146																																																											
519360																																																											
519445																																																											
519874																																																											
520003																																																											
520423																																																											
520777																																																											
521158																																																											
521970																																																											
522034																																																											
522454																																																											
522605													350			350																						0	350	0	0	350	0	0	0	0	0	0	0	597424									
522669																																																											
522753																																																											
523161																																																											
524579																																																											
524757																																																											
524766																																																											
524953																																																											
524971																																						0	0	0	0	0	0	0	0	0	0	0	0	96872									
525053																																																											
525549																																																											
526452																																																											
526519																																																											
526854																																																											
527057																																																											
527178																																																											
527600																																																											
527749																																																											
527954													5272			5272																						56057	5272	0	0	5272	0	50537	0	0	49811	0	0	5816939									
528102																																																											
528241																																																											
528849																																																											
528960																																						0	0	0	0	0	0	0	0	0	0	0	0	625800									
529275																																																											
529341																																																											
529659																																																											
529958													544			544																						0	544	0	0	544	0	0	0	0	0	0	0	137321									
530655																																																											
530851																																																											
531157																																																											
531250																																																											
532042																																																											
532453																																																											
532752																																																											
533124																																																											
533227																																																											
533535																																																											
534073																																																											
534242																																																											
534466																																																											
534756																																																											
534859																																																											
534877																																																											
535034																																																											
535575																																																											
535753																																																											
535931																																																											
535940																																																											
536059																																						582	0	0	0	0	0	0	0	0	0	0	0	63902	Servicing Assets								
536349																																																											
536527																																																											
536554																																																											
536853																																																											
537243																																																											
537449													36926			36926																						0	36926	0	0	36926	0	0	0	0	0	0	0	422087									
537551																																																											
537560																																						0	0	0	0	0	0	0	0	0	0	0	0	223683									
538222																																																											
538473																																																											
538754																																																											
538802																																																											
539032																																						0	0	0	0	0	0	0	0	0	0	0	0	421926									
539340																																																											
539377																																																											
539452																																																											
539872																																																											
540056																																																											
540542																																																											
540551													1714			1714																						0	1714	0	0	1714	0	0	0	0	0	0	0	352085									
540739																																																											
540775																																																											
540850																																																											
541101																																																											
541231																																																											
541307																																																											
541642																																																											
541754																																																											
541857																																																											
542153																																																											
542340																																																											
542528																																						0	74	0	0	74	0	0	0	0	0	0	0	680423									
542667																																																											
542854																																																											
543262																																						0	0	0	0	0	0	0	0	0	0	0	0	859691									
543459																																																											
543945																																																											
544335																																																											
544447																																																											
544652																																																											
544951																																																											
545604																																																											
546003																																																											
546320																																																											
546535																																																											
546544																																																											
547251																																																											
547550																																																											
547840																		449				449																1413	449	0	0	0	449	0	0	0	0	0	0	927015	SWAP ASSETS				SWAP LIABILITY				
548052																																																											
548267																																																											
548351																																						0	0	0	0	0	0	0	0	0	0	0	0	344288									
548472																																																											
548771																																																											
549862																																																											
550279																																																											
550354																																																											
550448																																																											
550635																																																											
550653																																																											
550952																																																											
551016																																																											
552059																																																											
552161																																																											
552545																																																											
552956																																																											
552974																																																											
553038																																																											
553926																																																											
553944																																																											
554343																																																											
554857																																						0	0	0	0	0	0	0	0	0	0	0	0	147880									
555256																																																											
556459																																																											
556936													54			54																						0	54	0	0	54	0	0	0	0	0	0	0	429851									
557317													24				24																																										
557438																																																											
557858																																																											
559179																																																											
560214																																																											
560353																																																											
560438																																																											
560830																																																											
561145																																																											
561574																																																											
561659																																						0	0	0	0	0	0	0	0	0	0	0	0	306096									
561864																																																											
562058																																																											
563233																																																											
563336																																																											
563457																																																											
563934																																																											
564052																																																											
564324																																																											
564463																																																											
564557																																																											
564678																																																											
564838																																																											
565143																																																											
565170																																																											
565536																																																											
565750																																																											
565844																																																											
566056																																																											
566243																																																											
567240																																																											
567679																																																											
567736																																																											
568126																																																											
568135																																																											
568359																																																											
568377																																																											
568470																																						0	0	0	0	0	0	0	0	0	0	0	0	316226									
568939																																																											
570558																																																											
570651																																																											
571135																																																											
571265																																																											
571920																																																											
571957																																																											
572347																																																											
572374																																						0	0	0	0	0	0	0	0	0	0	0	0	523831									
572459																																																											
572655																																																											
573036																																																											
573335																																																											
574079																																																											
574949																																																											
574976																																																											
575133																																																											
575254													65			65																						24041	65	0	0	65	0	9993	0	0	9993	0	0	567540									
575348																																																											
575375																																																											
575759																																																											
575834																																																											
576354																																																											
576578																																																											
576608													197			197																						0	197	0	0	197	0	0	0	0	0	0	0	103906									
576644																																																											
576952																																																											
577128																																						0	0	0	0	0	0	0	0	0	0	0	0	990615									
577137																																																											
577230																																																											
578116																																																											
578237																																																											
578255																																																											
578554																																																											
578741																																																											
578862																																																											
579140																																																											
579319																																																											
579364																																																											
579636																																																											
580155																																																											
580548																																																											
580847																																																											
580874																																																											
581237																																																											
581358																																																											
582654																																																											
582878																																																											
582953																																																											
582971																																																											
583071																																																											
583268																																																											
583352																																																											
583754																																																											
583905																																																											
584377																																																											
584724																																																											
584920																																																											
585749																																																											
586027																																																											
586072																																																											
586335																																																											
586960																																																											
587677																																																											
587800													12874			12874																						0	12874	0	0	12874	0	0	0	0	0	0	0	1400124									
588245																																																											
588348																																																											
589158																																																											
589523																																																											
589943													857			857																						0	857	0	0	857	0	0	0	0	0	0	0	330189									
590220																		58			58																	845	58	0	0	58	0	0	0	0	0	0	0	357740	Mortgage Banking Derivatives				Mortgage Banking Derivatives				
590640																																																											
590976																																																											
591209																																																											
591320																																						0	0	0	0	0	0	0	0	0	0	0	0	27319									
591357																																																											
591366																																																											
592448													37			37																						0	37	0	0	37	0	5583	0	0	6173	0	0	127371									
592550																																																											
592644																																																											
593007													10801			10801																						0	10801	0	0	10801	0	15040	0	0	14965	0	0	930401									
593052																																																											
593249																																																											
593333																																																											
593771																																																											
593940																																																											
594433																																																											
594451																																																											
594853																																																											
594938																																																											
594947																																						0	0	0	0	0	0	0	0	0	0	0	0	164078									
595270													1923			1923																						217829	2070	15396	15542	1924	0	0	0	0	0	0	0	6768864	BOLI								
595337																																																											
595430																																						0	0	0	0	0	0	0	0	0	0	0	0	259731									
595869																																																											
595944																																																											
596062																																																											
596156																																																											
596277																																																											
596455																																																											
596978																																																											
597041																																																											
597313																																																											
597452																																																											
597546																																																											
597658																																																											
598002																																						0	0	0	0	0	0	0	0	0	0	0	0	133568									
598048																																																											
598132																																																											
598543																																																											
599643																																																											
599764													1319			1319																						0	1319	0	0	1319	0	0	0	0	0	0	0	1783603									
600419																																																											
601032																																																											
601041																																																											
601050													18394			18317	77																					189	18394	0	0	18317	77	4028	0	0	3957	0	0	9137509									
601153																																																											
601416													13			13																						0	13	0	0	13	0	0	0	0	0	0	0	922472									
601443																																																											
601658																																																											
602543																																																											
602842																																																											
603232																																																											
603540																																																											
603559																																																											
603755																																																											
604024																																																											
604033																																																											
604547																																																											
604640																																																											
605571																																																											
605610																																																											
605656																																																											
606046													696			696																						244988	744	0	46	696	2	222557	26423	0	222557	26423	0	9137875	Investments in limited partnerships								
606176																																																											
606653																																																											
607146																																																											
608358																																																											
608844																																																											
609010																																																											
609467																																																											
609476																																																											
609609																																																											
609832																																																											
610128																																																											
610164																																																											
610539																																																											
610557																																																											
610913																																																											
611031																																																											
612159																																																											
612878																																																											
613008													8405			8405																						0	8405	0	0	8405	0	35909	0	0	35347	0	0	2025828									
613156																																																											
613343																																																											
613400													10062			10062																						0	10062	0	0	10062	0	0	0	0	0	0	0	569083									
613558																																																											
613679																																																											
613839																																																											
613950																																																											
613978																																																											
614256																																																											
614313													1465			1465																						3	1465	0	0	1465	0	0	0	0	0	0	0	188627									
614368																																																											
614751																																																											
614948																																																											
615217																																																											
615253																																																											
615851																																																											
615879																																																											
615954																																																											
616036																																																											
616540																																																											
617079																																																											
617145																																																											
617275																																																											
617743																																																											
618647																																																											
618740																																																											
618777																																																											
618807																																																											
619701																																																											
619859																																																											
619877																																																											
621151																																																											
621357																																																											
621441																																																											
622037																																																											
622774																																																											
623052																																																											
623454																																																											
623548																																																											
623874																																																											
624246																																																											
624648																																																											
624778																																																											
624956																																																											
625056																																																											
625065																																																											
625159																																						0	0	0	0	0	0	0	0	0	0	0	0	490056									
625757																																																											
625850																																																											
625953																																																											
626101																																						0	0	0	0	0	0	0	0	0	0	0	0	143250									
627108																																																											
627854																																																											
628039																																																											
628123																																																											
628356																																																											
628552																																																											
629148																																																											
629353																																																											
629522																																																											
629746																																																											
630041																																																											
630340																																																											
630555																																																											
630658																																																											
631039																																																											
631150																																																											
631178																																																											
631422																																						0	0	0	0	0	0	0	0	0	0	0	0	442387									
631570																																																											
632410																																						0	0	0	0	0	0	0	0	0	0	0	0	348855									
632607																																																											
632858																																																											
633378																																																											
633640																																																											
634544																																																											
634955																																																											
635840																																																											
635907																																																											
636276																																																											
636753																																																											
636771													19551			19551																						31493	19551	0	0	19551	0	9031	0	0	8904	0	0	495909									
637170																																																											
637451																																						17491	0	0	0	0	0	886155	0	0	870130	0	0	1429321									
637554																																																											
638131																																																											
638355																																																											
638850																																																											
639549																																																											
639567																																																											
639633																																																											
639857																																																											
640143																																																											
640246																																						0	0	0	0	0	0	0	0	0	0	0	0	260966									
640442																																																											
640956																																																											
641449																																																											
641579																																																											
642437																																																											
643078																																																											
643274																																																											
643340																																																											
643658																																																											
644057																																																											
644141																																																											
644646																																																											
644776																																																											
644842																																																											
644954																																																											
644963																																																											
645157																																																											
645317																																						0	0	0	0	0	0	0	0	0	0	0	0	314221									
645465													1854			1854																						0	1854	0	0	1854	0	0	0	0	0	0	0	105832									
645540																																																											
645577																																																											
645625													64181			64181																						0	64181	0	0	64181	0	87454	0	0	87454	0	0	3290959									
646042																																																											
646145																																																											
646172																																																											
646444																																																											
646471																																																											
646556																																																											
646743																																																											
646873																																																											
647218																																																											
647245																																																											
647414																																																											
647759																																																											
647777																																																											
647955																																																											
648130																																						0	0	0	0	0	0	0	0	0	0	0	0	85102									
648242													7650			7650																						3954	7650	0	0	7650	0	0	0	0	0	0	0	245314									
648251																																																											
648345																																																											
648550																																																											
649342																																																											
649632																																																											
651121																																																											
651149																																																											
651158																																																											
651448																																																											
651541																																																											
651859																																						0	0	0	0	0	0	0	0	0	0	0	0	2008272									
651952																																																											
652043																																																											
652070																																																											
652874																		18855			18855																	0	19696	0	0	19696	0	230004	0	0	225487	0	0	2351625	Cash surrender value life insurance				Interest Rate SWAP Valuation				
652959																																																											
653134																																																											
653433																																																											
653611																																																											
653778																																																											
653947																																																											
654047																																																											
654300																																																											
654579																																																											
655530																																																											
655839																																																											
656032																																																											
656377													28514			28514																						0	66875	0	0	66875	0	0	0	0	0	0	0	4142279	BORROWING HEDGES								
656470																																																											
656658																																																											
656779																																																											
657178																																																											
657271													92			92																						375	92	0	0	92	0	0	0	0	0	0	0	474949	Foreclosed Assets								
657365																																						0	0	0	0	0	0	0	0	0	0	0	0	834396									
657459																																						0	0	0	0	0	0	0	0	0	0	0	0	319378	Cash Flow SWAPs								
657758																																																											
657954																																																											
658072																																																											
658474																																																											
658924																																																											
659341																																																											
659556																																																											
659640																																																											
659855													2			2																						0	2	0	0	2	0	8952	34193	0	8952	34193	0	5288140									
660066																																																											
660253																																																											
660271																																																											
660570																																																											
660655																																																											
660879																																																											
660927																																																											
661072																																																											
661223																																																											
661308																																						0	0	0	0	0	0	0	0	0	0	0	0	1783551									
661474																																																											
662350																																																											
662369																																																											
662949																																																											
663245													19637	8548		28185																						0	19637	8548	0	28185	0	8332	0	0	8045	0	0	3286748									
663638																																																											
663656																																																											
663834													195			195																						0	195	0	0	195	0	0	9697	0	0	9942	0	809121									
663955																																																											
664206													12394			12394																						0	12394	0	0	12394	0	0	0	0	0	0	0	585973									
664653																																																											
664756																																						0	0	0	0	0	0	0	0	0	0	0	0	338197									
665146																																																											
665258																																																											
665865																																																											
666059																																																											
666358																																																											
666554																																																											
666844																																																											
666974																																																											
667029																																																											
667346																																																											
667524																																																											
667551																																																											
667757													514			514																						0	514	0	0	514	0	0	0	0	0	0	0	1117176									
668053																																																											
668147																																																											
669555																																																											
670430																																																											
670467																																																											
670560	0	0	0	0	0	0	0	0	0	0	0	0	0	0	0	0	0	0	0	0	0	0	0	0	0	0	0	0	0	0	0	0	0	0	0	0	0																						
670654																																																											
670748																																																											
670878																																																											
671053																																																											
671147																																																											
671334																																						61654	392	0	0	392	0	0	0	0	0	0	0	479236	OREO								
671464													37778			37763	15																					0	37778	0	0	37763	15	0	0	0	0	0	0	1837542									
671558																																																											
672238																																																											
672247																																																											
672537																																																											
672573																																																											
673244																																																											
673440																																						0	0	0	0	0	0	0	0	0	0	0	0	3263329									
673477																																																											
673851																																																											
673909																																						0	0	0	0	0	0	0	0	0	0	0	0	151071									
674344																																																											
674849																																																											
675042																																																											
675079																																																											
675248																																																											
675341																																																											
675659																																																											
675855																																																											
676049																																																											
676151																																																											
677176																																						0	0	0	0	0	0	0	0	0	0	0	0	310364									
677354																																						0	0	0	0	0	0	0	0	0	0	0	0	65989									
677448																																																											
677644																																																											
677756																																																											
677970																																																											
678052																																																											
678070																																																											
678258																																																											
678454																																																											
678557																																																											
678744																																																											
679451																																																											
680130																																																											
680457																																																											
680813													546			546																						0	546	0	0	546	0	0	0	0	0	0	0	1339666									
681043																																																											
681249																																																											
682143																																																											
682563																																						0	0	0	0	0	0	0	0	0	0	0	0	15928168									
682648																																																											
683449																																																											
683814																																																											
684455																																																											
685023																																																											
685676																																																											
686459																																																											
686570																																																											
686758																																																											
687054																																																											
687830																																																											
687951																																																											
688079																																																											
688453																																																											
688556																																																											
689209	0	0	0	0	0	0	0	0	0	0	0	0	0	0	0	0	0	0	0	0	0	0	0	0	0	0	0	0	0	0	0	0	0	0	0	0	0	0	0	0	0	0	0	0	0	0	0	0	0	227917									
689357																																																											
689759																																																											
691042																																																											
691743																																																											
691958																																																											
692450																																																											
692704																																																											
692946																																																											
693073																																																											
693224													587			481	106																					237	587	0	0	481	106	18486	0	0	17731	0	0	4191273									
693345																																						482	0	0	0	0	0	0	0	0	0	0	0	1149526	Bank Owned Life Insurance								
693952																																																											
694146																																																											
694771																																																											
694847																																																											
694904																																																											
695349																																																											
695947																																																											
696047																																																											
696168																																																											
696430																																																											
696645																																																											
697035																																																											
697147																																																											
697156																																																											
697231																																																											
697763																																						0	0	0	0	0	0	0	0	0	0	0	0	3468734									
697950																																																											
698144																																																											
698546																																																											
698649																																																											
699105																																																											
699253																																																											
700140																																																											
700252																																																											
700430																																																											
700458																																																											
701062													3048			3048																						0	3049	0	0	3048	1	0	0	0	0	0	0	748212									
701222																																																											
701839																																																											
701857																																																											
702117													68066			68066																						0	68066	0	0	68066	0	0	0	0	0	0	0	1874198									
702612																																																											
702836																																																											
702911																																																											
703039																																																											
703552																																																											
703767																																						0	0	0	0	0	0	0	0	0	0	0	0	476207									
705378																																																											
705556																																																											
706030																																																											
706058																																																											
706236																																																											
706254																																																											
706450																																																											
706656																																																											
707354																																						0	0	0	0	0	0	0	0	0	0	0	0	562629									
708379																																																											
709143																																																											
709451																																																											
709554																																																											
709602																																						0	0	0	0	0	0	0	0	0	0	0	0	467723									
709639																																																											
709956																																																											
710176																																																											
710859																																																											
711472																																																											
711520																																																											
711548																																																											
711753																																																											
711801																																																											
712059																																																											
712648																																																											
712956																																																											
713252																																																											
713476																																																											
713926																																						0	0	0	0	0	0	0	0	0	0	0	0	345339									
714165																																																											
714437																																																											
714839																																																											
714978																																																											
715032																																																											
715050																																																											
715144																																																											
715340																																																											
715470																																																											
715630																																																											
715872																																																											
715975																																																											
716374																																																											
716833																																						0	0	0	0	0	0	0	0	0	0	0	0	461378									
716851																																																											
716954																																																											
717232																																																											
717670																																																											
717737													242			242																						0	242	0	0	242	0	0	0	0	0	0	0	413602									
717924																																						0	0	0	0	0	0	0	0	0	0	0	0	1325470									
718145																																																											
718275																																																											
718538																																																											
719030																																																											
719610																																																											
719656																																																											
719964																																																											
720157																																																											
720344																																																											
720746																																																											
720858																																																											
721350																																																											
721752																																																											
721949																																																											
722227																																																											
722432																																																											
722544																																																											
722777																																																											
722816																																																											
723112																																																											
723158																																																											
723550																																																											
723653																																																											
724744																																																											
724904																																																											
724940																																																											
725077																																																											
725732																																																											
726458																																																											
726953																																																											
727174																																																											
728948																																																											
728957																																																											
729011																																																											
729057																																																											
729178																																																											
729310																																																											
729842																																																											
729945																																																											
731050																																																											
731247																																						0	0	0	0	0	0	9608	8994	0	13781	11257	0	955584									
731957																																																											
732178																																																											
732253																																																											
732637																																																											
732758																																																											
732954																																																											
733540																																																											
733559																																																											
733661																																																											
733755																																																											
733951																																																											
734248																																																											
734350																																																											
734538																																																											
734613																																																											
735067																																																											
735414																																																											
735441																																																											
735973																																																											
736158																																																											
736550																																																											
737548																																																											
738013																																																											
738040													437			437																						0	437	0	0	437	0	177429	55577	50330	177430	55577	50330	476717									
738143																																																											
738255																																																											
738303																																						0	0	0	0	0	0	0	0	0	0	0	0	87878									
738657																																																											
738769																																																											
739346																																																											
739355																																																											
739560													1270			1270																						0	1270	0	0	1270	0	7896	6414	0	7872	6414	0	327280									
739832																																																											
740249																																																											
741068																																																											
741152																																																											
741330																																						0	0	0	0	0	0	0	0	0	0	0	0	152890									
741358																																																											
741844																																																											
741956																																																											
741974																																																											
742056																																																											
742542																																																											
742944																																																											
743679																																																											
743950																																																											
744854																																																											
745347																																																											
746157																																																											
746755																																																											
746942																																																											
746979																																																											
747051																																																											
747257																																																											
748254																																																											
748357																																																											
748441																																																											
748964																																																											
749242													41483			41483																						0	41483	0	0	41483	0	265959	0	0	260841	0	0	2560818									
749635																																																											
749840																																																											
749943																																																											
750051																																																											
750341																																																											
750444																																																											
750846																																																											
751254																																																											
751656																																						0	0	0	0	0	0	0	0	0	0	0	0	728599									
751852																																																											
752831																																																											
753052																																																											
753324																																																											
753641																																																											
753856																																																											
754068																																																											
754246																																																											
754536																																																											
754826																																																											
754853																																																											
754929																																						0	0	0	0	0	0	0	0	0	0	0	0	654377									
755252																																																											
755421																																																											
755458																																																											
756343																																																											
756848																																																											
757377																																																											
757452																																																											
757779																																																											
758703													19991			19991																						0	19991	0	0	19991	0	0	0	0	0	0	0	610715									
758842																																																											
758851																																																											
759045																																																											
759625																																																											
760210																																																											
760331																																																											
760340																																																											
760434																																																											
760649																																																											
760854																																																											
760939																																																											
760957																																																											
761244																																																											
761459																																																											
761543																																																											
761806																							8420				8420											0	8420	403	0	403	8420	2142	0	0	2068	0	0	10009500	Rabbi Trust	Alternative Investments				Contingent Liability			
761833																																						0	0	0	0	0	0	0	0	0	0	0	0	23430									
761851																																																											
761954																																																											
762045																																																											
762447													1247			1247																						0	1247	0	0	1247	0	0	0	0	0	0	0	1080224									
762474																																																											
762773																																																											
763211																																																											
763677																																																											
763930																																																											
764030													2774			2774																						0	2774	0	0	2774	0	623152	0	0	611984	0	0	2206173									
764058																																																											
764067																																																											
764142																																																											
764151																																																											
764816																																																											
765318																																																											
765354																																																											
765505													565			565																						0	565	0	0	565	0	0	0	0	0	0	0	213726									
765662																																																											
765877																																																											
766052																																																											
766164		1598																																				1598	0	0	0	0	0	459	0	0	459	0	0	368865		Revenue Share Asset							
767152																																																											
767246																																																											
767255																																																											
767554																																																											
767572																																																											
767611																																																											
767732																																																											
767974																																																											
768458																																																											
768476																																																											
768953																																																											
769334																																																											
770451																																																											
770545																																																											
770639																																																											
770657																																																											
770853																																																											
771047																																																											
771140																		736			736																	2527	736	0	0	736	0	0	0	0	0	0	0	364774	Derivative Assets				Derivative Liabilities				
771458																																																											
771609																																																											
771748																																																											
771878																																																											
772008																																																											
772446	0	0	0	0	0	0	0	0	0	0	0	0	0	0	0	0	0	0	0	0	0	0	0	0	0	0	0	0	0	0	0	0	0	0	0	0	0																						
772754																																																											
773032																																																											
773171																																																											
773247													5063			5063																						12557	5063	0	0	5063	0	7781	0	0	7391	0	0	1524942									
773443																																																											
773470																																																											
773742																																																											
774132																																																											
774235																																																											
774253																																																											
774347																																																											
775054																																																											
775241																																																											
775456																																																											
775773																																																											
776369																																																											
776547																																																											
777254																																																											
777366																																																											
777441																																																											
777870																																																											
778738																																																											
779016																																																											
779351																																																											
779641																																																											
779650																																																											
779968																																																											
780049																																																											
780218																																																											
780263																																																											
780722																																						0	0	0	0	0	0	0	0	0	0	0	0	80498									
780955																																																											
782016																																																											
782306													318			318																						2367	318	0	0	318	0	0	0	0	0	0	0	1688768									
782548																																																											
783161																																																											
783246																																																											
783349																																																											
783648													60111			60111																						77	60127	0	0	60125	2	0	0	0	0	0	0	1381347									
783844																																						0	0	0	0	0	0	0	0	0	0	0	0	292208									
783910																																																											
784159																																																											
784430																																																											
785147																																																											
785473																																						0	0	0	0	0	0	0	0	0	0	0	0	253903									
785857																																																											
785923																																																											
785950																																																											
786210																																																											
786256																																																											
786555																																																											
786612													9010			9010																						0	9010	0	0	9010	0	0	0	0	0	0	0	421733									
786733																																																											
786948																																																											
787459																																																											
787842																																																											
788559																																																											
788652																																																											
788773																																																											
789051																																																											
790150																																																											
790271																																																											
790543													625	5983		6608																						0	625	5983	0	6608	0	0	0	0	0	0	0	50654									
790703																																																											
790918																																																											
791072																																																											
791353																																																											
791821																																																											
791942																																																											
792453																																																											
792640																																																											
792659																																																											
794149																																																											
794345																																																											
794475																																																											
794653																																																											
795249																																																											
795548																																																											
795959																																																											
795968																																																											
796152																																																											
796657																																																											
797140																																																											
797775													2452			2452																						0	2452	0	0	2452	0	0	0	0	0	0	0	301227									
798512																																																											
799751																																																											
799854																																																											
799939																																																											
799948																																																											
800134																																																											
800442																																																											
800479																																																											
800853																																																											
801047																																																											
801056																																																											
801654																																																											
803256																																																											
803265																																																											
803649																																																											
803658																																																											
803957																																																											
804150																																																											
804338																																																											
804374																																																											
804422																																																											
805045																																																											
805250																																																											
805335																																																											
805755																																						0	0	0	0	0	0	0	0	0	0	0	0	70704									
805876																																																											
806846																																																											
806958																																																											
807348																																																											
807432																																																											
807656																																																											
807955																																																											
808260													178			178																						0	178	0	0	178	0	0	0	0	0	0	0	950877									
808345																																																											
808653																																																											
809070																																																											
809276																																																											
809379																																																											
809650																																																											
809771																																																											
810544																																																											
811046																																																											
811457																																																											
811541																																																											
811550																																																											
811747																																																											
812436																																																											
812557																																																											
812614																																																											
813572																																						0	0	0	0	0	0	0	0	0	0	0	0	19410									
813853																																																											
814074																																						0	0	0	0	0	0	18184	0	0	18184	0	0	0									
814355																																																											
814430													4939			4939																						0	4939	0	0	4939	0	35052	0	0	34209	0	0	3845500									
814458																																																											
814476																																																											
814551																																																											
814711																																																											
815053																																																											
815147																																																											
815156																																																											
815277																																																											
815754																																																											
815772																																																											
816256																																																											
816304																																																											
816603													1585	251		1836																						0	1585	251	0	1836	0	35833	0	0	35130	0	0	953220									
816751																																																											
817477																																																											
817824																																																											
818401																																																											
818540																																																											
818559																																																											
818652																																																											
819154																																																											
819172																																																											
819453																																																											
819556																																																											
819855																																																											
820048													323			323																						0	323	0	0	323	0	0	0	0	0	0	0	323669									
820301																																																											
820477																																																											
820842																																																											
820879																																																											
821036																																																											
821157																																																											
821559																																																											
821643																																																											
822042													114			114																						0	114	0	0	114	0	0	0	0	0	0	0	156220									
822051																																																											
822275																																																											
822556																		43540		43540																		0	47127	0	47127	0	0	0	0	0	0	0	0	833025	INTEREST RATE SWAP RECEIVABLE				Interest Rate Swap Payable				
822631																																																											
823133																																																											
823142																																																											
823450																																																											
823478																																																											
823638																																																											
823656																																																											
824242																																																											
824653																																																											
824671																																																											
824738																																																											
825146																							730			730												0	730	0	0	730	0	0	0	0	0	0	0	1419387						LOAN SWAP DERIVATIVE (BMO)			
825454																																																											
825548																																																											
825753																																																											
825847																																																											
825940																																																											
826451																																																											
826648																																																											
826956													819			819																						2581	819	0	0	819	0	0	0	0	0	0	0	2177207									
827355																																																											
827458																																																											
827560																																																											
828110																																																											
828174																																																											
828473																																																											
828651																																						0	0	0	0	0	0	0	0	0	0	0	0	14578									
829041																																																											
829050																																																											
830113																																																											
830252																																																											
830355																																																											
830542																																																											
830645																																																											
830748																																																											
831008																																																											
831576																																																											
831642																																																											
831875																																																											
831941																																																											
832528																																																											
832546																																																											
833404																																																											
833749																																																											
833851																																																											
834175																																																											
835079																																																											
835257																																																											
835378																																																											
835444																																																											
835613																																																											
835659																																																											
835743																																																											
835770																																																											
836656																																																											
836843													1149			1149																						34	1149	0	0	1149	0	0	0	0	0	0	0	1128211									
837046																																																											
837149																																																											
837158																																																											
837354																																																											
837448																																																											
837541																																																											
837608																																																											
837653																																																											
837840																																																											
837952																																																											
837970																																																											
838155																																																											
839068																																																											
839246																																																											
839255																																																											
839572																																																											
839817																																																											
839974																																																											
840019																																																											
840251																																																											
840354																																																											
840363																																																											
840747																																																											
841472																																																											
841753																																																											
841838																																						0	0	0	0	0	0	0	0	0	0	0	0	314605									
842376																																																											
842460																																						0	0	0	0	0	0	0	0	0	0	0	0	1016602									
842853																																																											
843476																																																											
843953																																																											
844053																																						0	0	0	0	0	0	0	0	0	0	0	0	221975									
844138																																																											
844455																																																											
844567																																																											
845247																																																											
845573																																						0	0	0	0	0	0	0	0	0	0	0	0	451201									
846132																																																											
846945																																																											
847157																																																											
847979																																																											
848248																																																											
848453																																																											
849076																																																											
849348																																																											
849357																																																											
849432																																																											
850036													10499			10499																						10276	10499	0	0	10499	0	0	0	0	0	0	0	4537515									
850054																																																											
850456																																																											
851060																																																											
851172																																																											
851239																																																											
851631																																																											
852218																																																			Securities Provided as Collateral				Obligation to Return Securities Provided as Collateral				
852254																																																											
852320																																																											
852544																																																											
852704																																																											
852713																																																											
852973																																																											
853251																																																											
853671																																																											
853747																																																											
853804																																																											
853934																																																											
853952													6848			6848																						0	6848	0	0	6848	0	3984	5852	0	4175	6129	0	6371734									
854173																																																											
854753																																																											
854847																																																											
855143																																																											
855264																																																											
855303																																																											
855563																																																											
855741																																																											
855844																																																											
855956																																																											
856159																																																											
856243																																																											
856346																																																											
856458																																																											
856542																																																											
856748																																																											
856869																																																											
857259																																																											
857455																																																											
857745																																																											
857811																																																											
857941																																																											
858153																																																											
858443																																																											
858452																																																											
858528																																																											
858818																																																											
858854																																																											
859002																																																											
859141																																						0	0	0	0	0	0	0	0	0	0	0	0	380609									
859552																																																											
859655																																																											
859712																																						0	0	0	0	0	0	0	0	0	0	0	0	1282044									
860053																																						0	0	0	0	0	0	0	0	0	0	0	0	634922									
860147																																																											
860231																																																											
860259																																																											
860334																																																											
860352																																																											
861658																																																											
861854																																																											
862057																																																											
862141																																																											
863362																																																											
863607																																																											
863652																																																											
863746																																																											
864378																																																											
864471																																																											
864846																																																											
864855																																																											
865142																																																											
865151																																																											
865450																																																											
865544																																																											
865759																																																											
865852																																																											
866000													3484			3484																						0	3484	0	0	3484	0	0	0	0	0	0	0	498984									
866121																																																											
866251																																																											
867070																																																											
867632																																																											
867650																																						0	0	0	0	0	0	0	0	0	0	0	0	574084									
867856																																																											
868059																																																											
868572																																																											
868956																																																											
869346																																																											
869551																																																											
869663																																																											
869953																																																											
870539																																																											
870650																																																											
870856																																																											
870913																																																											
871358																																																											
871648																																																											
871769																																						0	0	0	0	0	0	0	0	0	0	0	0	839350									
871956																																																											
872047																																																											
872579																																																											
873259																																																											
874050																																																											
874452																																																											
874845																																						0	0	0	0	0	0	0	0	0	0	0	0	1053186									
875048																																																											
875057																																																											
875132																																																											
875655																																																											
875758																																																											
875879																																																											
875936																																																											
876157																																																											
876634													84			84																						2069	84	0	0	84	0	0	0	0	0	0	0	635825	EQUITY SECURITIES								
876700													427			427																						0	427	0	0	427	0	0	0	0	0	0	0	493575									
877350																																																											
877752																																																											
877958																																																											
879439																																																											
879457	4093																	4022			4022																	0	4022	0	0	4022	0	0	0	0	0	0	0	314319		DERIVATIVES			DERIVATIVES				
879644																																																											
879747																																																											
880332																																																											
880855																																																											
881012																																																											
881441																																																											
881478													14434			14434																						0	14434	0	0	14434	0	0	0	0	0	0	0	607522									
881852																																																											
881900																																																											
882242																																																											
882541																																																											
882701																																																											
882952																																																											
883351																																																											
883959																																																											
884303																		3168		3168																		0	3168	0	3168	0	0	0	0	0	0	0	0	283766					Deferred comp liability held in rabbi trust				
884358																																																											
884376																																																											
884442																																																											
884648																																																											
884657																																																											
885252																																																											
885430																																																											
885579																																																											
885869																																																											
886204																																																											
886624																																																											
887340																																																											
887827																																																											
887854																																																											
888002																																						0	0	0	0	0	0	0	0	0	0	0	0	2090292									
888141																																																											
888271																																																											
888552																																																											
888833																																																											
890050																																																											
890649																																																											
890742																																																											
890957																																																											
891226																																																											
891253																																																											
892205																																						0	0	0	0	0	0	0	0	0	0	0	0	176432									
892223																																																											
893855																																																											
894272																																																											
894348																																																											
894544																																																											
894834																																																											
895055																																																											
895448																																																											
895710																																																											
896155																																																											
897170																																																											
897237																																																											
897451																																																											
897648																																																											
897853																																																											
898458																																																											
898579																																																											
898627																																																											
898850																																																											
899008																																																											
899343																																						0	0	0	0	0	0	0	0	0	0	0	0	221876									
899428																																																											
899642																																																											
899651																																																											
900034																																																											
900146																																																											
900306																																																											
900502																																																											
900678																																																											
901134																																																											
901358																																																											
901451																																																											
901938																																																											
901974																																																											
902645																																																											
902672																																																											
903240																																																											
903754																																																											
903950																																																											
904171																																																											
904359																																																											
904845																																																											
905356																																																											
905673																																																											
906241																																																											
906410																																																											
907444																																																											
907547																																																											
908450																																																											
908553																																																											
908861																																																											
909055																																																											
909756																																																											
910079																																																											
910118																																																											
910239																																																											
911160																																																											
911339																																																											
911759																																																											
911973																																																											
912756																																																											
913146																																																											
913436																																																											
913753																																																											
913856																																						0	0	0	0	0	0	0	0	0	0	0	0	1413500									
914545																																																											
914648																																																											
914853																																																											
915056																																																											
915065																																																											
915878																																						0	63	0	0	63	0	11365	0	0	11145	0	0	450544									
915935																																																											
916343																																																											
916745																																						0	0	0	0	0	0	0	0	0	0	0	0	132908									
916857																																																											
917050																																																											
917500																																																											
917555																																																											
917630																																																											
917742													22297			22297																						87151	22741	0	0	22297	444	72499	0	0	70943	0	0	5408623									
917854																																																											
918132																																																											
918150																																																											
918356																																																											
918477																																																											
918655																																																											
918776																																																											
918879																																																											
918918																																																											
918954																																																											
919344																																																											
919456																																																											
919568																																																											
919773																																																											
920210																																																											
920359																																																											
920733																																																											
920854																																																											
920975																																																											
921039																																						0	0	0	0	0	0	0	0	0	0	0	0	137287									
921178	0	0	0	0	0	0	0	0	0	0	0	0	0	0	0	0	0	0	0	0	0	0	0	0	0	0	0	0	0	0	0	0	0	0	0	0	0	0	0	0	0	0	0	0	0	0	0	0	0	118507									
921655																																																											
921879																																																											
921936																																																											
922157																																																											
922344																																																											
922559																																																											
922924																																																											
923257																																																											
923350																																																											
923707																																																											
923752																																																											
923855																																																											
923949																																																											
924058																																																											
924236																																																											
924254																																																											
924357																																																											
924553																																																											
924937																																																											
925037																																																											
925055																																																											
925354																																																											
925411																																																											
925653																																																											
926632																																																											
926650																																																											
926959																																																											
927077																																																											
927134																																																											
927479																																																											
928056																																																											
928421																																																											
928618																																																											
929352													2673			2673																						204223	2673	0	0	2673	0	311770	0	0	302589	0	0	211570									
929932																																																											
929978													294			294																						0	294	0	0	294	0	0	0	0	0	0	0	391448									
930358																																						0	0	0	0	0	0	0	0	0	0	0	0	84121									
930442																																																											
930853																																																											
930965																																																											
931038																																																											
931047																																																											
931159																																																											
931207																																																											
931270																																																											
931355																																																											
931458																																																											
931944																																																											
932642																																																											
932745																																																											
932978													12882			12873	9																					23	12882	0	0	12873	9	0	0	0	0	0	0	463037									
933023																																						0	12	0	0	12	0	0	0	0	0	0	0	226544									
933041																																																											
933256													10677			10677																						6441	10677	0	0	10677	0	0	0	0	0	0	0	514446									
933340																																																											
933377													4017			4017																						11	4947	0	0	4947	0	1613	0	0	1410	0	0	178889									
933621													419			419																						0	419	0	0	419	0	0	0	0	0	0	0	1615954									
933966																		11476			11476																	0	11476	0	0	11476	0	0	0	0	0	0	0	2696677	INTEREST RATE SWAPS				INTEREST RATE SWAPS				
933975																																																											
934271																																						0	0	0	0	0	0	0	0	0	0	0	0	1275									
934329																																																											
934673																																																											
935250																																																											
935308																																						0	0	0	0	0	0	0	0	0	0	0	0	148549									
935559																																																											
935577																																																											
935719																																																											
936136													4312			4312																						9459	4312	0	0	4312	0	3645	0	0	3616	0	0	1089776									
936426													36387			36387																						81	36387	0	0	36387	0	0	0	0	0	0	0	986486									
936462													7	33	2	38																						58170	7	33	2	38	0	4244	0	0	4160	0	0	4012320									
936583																																																											
936640																																																											
936837																																																											
936855																																																											
937339																																																											
937553																																																											
937740																																																											
937759																																																											
937834																																																											
937843																																																											
938354																																																											
938550																																																											
938859																																																											
939249													154			154																						4377	154	0	0	154	0	0	0	0	0	0	0	461346									
940021																																																											
940311																																																											
940674																																																											
940731																																																											
940852																																																											
941541																																																											
941804																																																											
942454																																																											
942539																																																											
942847																																																											
943143																																																											
943152																																																											
943273																																																											
943675																																																											
943974																																																											
944047																																																											
944337																																																											
944355																																																											
944627																																																											
944739																																																											
944748																																																											
944935																																																											
945026																																																											
945053																																						0	0	0	0	0	0	0	0	0	0	0	0	1230968									
945071																																																											
945950																																																											
946274																																																											
946555																																																											
947525																																																											
947749																																																											
947776																																																											
948250																																																											
948278																																																											
948531																																																											
949154																																						0	0	0	0	0	0	0	0	0	0	0	0	433077									
950141																																						0	0	0	0	0	0	0	0	0	0	0	0	136912									
950178																																																											
950356																																																											
950758																																																											
951102																																																											
952172																																																											
952257																																																											
952846																																																											
953535																																																											
953843																																																											
953852																																																											
954158																																																											
954251																																																											
954279																																																											
954653																																																											
954671																																																											
955753																																																											
955940																																																											
955959																																																											
955977																																																											
956134																																																											
956152																																																											
956255																																																											
956358																																																											
956376																																																											
956527																																																											
956554																																																											
956750																																																											
956938																																																											
956956																																																											
957757																																																											
958204																																						0	9	0	0	9	0	0	0	0	0	0	0	5563									
958231																																																											
958558																																																											
958763																																																											
959304																		31590			31590																	0	31590	0	0	31590	0	0	0	0	0	0	0	1388162	Interest Rate Swaps				Interest Rate Swaps				
959443																																																											
959630																																																											
959715																																																											
960047																																																											
960551																																																											
960935													309			309																						0	309	0	0	309	0	0	0	0	0	0	0	370708									
961259																																																											
961343																																																											
961400																																																											
961446																																																											
961576																																						0	0	0	0	0	0	0	0	0	0	0	0	1168									
961624													8794			8794																						0	8794	0	0	8794	0	4247	0	0	4149	0	0	2052131									
962313																																																											
962890																																																											
962966	0	0	0	0	0	0	0	0	0	0	0	0	0	0	0	0	0	4680	0	0	4680	0	0	0	0	0	0	0	0	0	0	0	0	0	0	0	0	337317	4680	0	0	4680	0	1199900	0	33921211	1132975	0	32056126	2600698	Non-Mortgage Servicing Rights				Derivative liabilities (subject to master netting)				
963002																																																											
963730																																																											
963945													7289			7289																						258993	7862	0	0	7755	107	65013	617932	0	64819	610216	0	293744									
964157																																																											
964250																																																											
965051																																																											
965789													1419			1419																						0	1419	0	0	1419	0	3965	0	0	3864	0	0	100016									
966272																																																											
966722																																																											
966731																																																											
966973																																																											
967046																																																											
967952																																																											
968070																																																											
968155																																																											
968249																																																											
968744																																																											
969059																																																											
969255																																																											
969639																																																											
969844																																																											
969956																																																											
970055																																																											
971070																																																											
971379																																																											
971959																																						0	0	0	0	0	0	0	0	0	0	0	0	791807									
972143																																																											
972406																																																											
972648																																																											
972732																																																											
972750																																																											
972769																																																											
972862																																																											
973252																																																											
974558																																																											
974754																																																											
975153																																																											
975256																																																											
975452																																																											
975751																																						0	0	0	0	0	0	0	0	0	0	0	0	0									
975854																																																											
976534																																																											
976552																																																											
976703																																																											
976954																																																											
977045																																																											
977250																																																											
977616																																																											
977652																																																											
977951																																						0	0	0	0	0	0	0	0	0	0	0	0	104176									
978118																																																											
979133																																																											
979151																																																											
979629																																																											
979759																																																											
980438																																																											
980531																																						0	0	0	0	0	0	0	0	0	0	0	0	337566									
980661																																																											
980773																																																											
980951																																																											
980960																																																											
981350																																																											
981453																																																											
982142																																																											
982348																																																											
982553																																																											
983158																																																											
983457																																																											
983550																																																											
984258																																																											
984351																																																											
984454																																																											
984856																																																											
985451																																						0	0	0	0	0	0	0	0	0	0	0	0	20321									
985479																																																											
986159																																																											
986551																																																											
986757																																																											
986935																																																											
987231																																																											
987259																																																											
987576																																																											
987651																																																											
987848																																																											
988144																																																											
988153																																																											
988256																																																											
988452																																																											
989141																																																											
989347																																																											
989534																																																											
989730																																																											
989851																																																											
990053																																																											
990352																																																											
990642																																																											
991078																																																											
991135																																																											
991340																																						0	0	0	0	0	0	4866	0	0	4647	0	0	1522486									
991359																																																											
991555																																																											
991621																																																											
991854																																																											
992851																																																											
993250																																																											
994435																																																											
994770																																																											
995076																																						0	0	0	0	0	0	0	0	0	0	0	0	106228									
995272																																																											
995517																																																											
995571																																																											
995674																																																											
995955																																																											
996260													2322			2322																						1044	2322	0	0	2322	0	0	0	0	0	0	0	264036	SBA LN SERV ASSETS								
997155																																																											
997557																																																											
997847																																																											
998358																																																											
998648																																																											
998657																																																											
998844																																																											
999935																																																											
1000052																																																											
1000276																																																											
1000641																																																											
1000856																																																											
1000959																																																											
1001059																																																											
1001152																																						0	0	0	0	0	0	0	0	0	0	0	0	1783775									
1001639		18855																419000				419000	26193				26193	13622				13622						33991	458815	0	0	0	458815	0	0	0	0	0	0	179379	Accrued Interest Receivable	FHLB STOCK			FHLB Advances	Accrued Interest Payable	Subordinated Notes		
1001648																																						0	0	0	0	0	0	0	0	0	0	0	0	260205									
1001853																																																											
1002373																																																											
1002458																																																											
1002878														1280		1280																						0	0	1280	0	1280	0	22437	0	0	22164	0	0	1586382									
1002953																																																											
1003455																																																											
1003558																																																											
1003839																																																											
1003950																																																											
1004256																																																											
1004470																																																											
1005075																																																											
1005552																																																											
1005655																																																											
1005851																																																											
1006148																																																											
1006157																																																											
1006513																																																											
1006559																																																											
1006652																																																											
1007015																																																											
1007051																																																											
1007154																																																											
1007417																																																											
1007734																																																											
1007752																																																											
1007819																																																											
1007873																																																											
1007930																																																											
1007958																																																											
1008076																																																											
1008151																																																											
1008209																																																											
1008553																																																											
1008674																																																											
1008955																																																											
1009242																																																											
1009354													1761			1761																						0	1761	0	0	1761	0	0	0	0	0	0	0	1367921									
1009756																																																											
1009840																																																											
1010015																																																											
1010574																																																											
1011432																																																											
1011526																		34373			34373																	0	34373	0	0	34373	0	0	0	0	0	0	0	1493683	Interest rate contracts				Interest rate contracts				
1011638																																																											
1011656																																																											
1011955																																																											
1012251																																																											
1012457																																																											
1013070																																																											
1013650																																																											
1013744																																																											
1014059																																																											
1014125																																																											
1014246																																																											
1014255																																																											
1014376																																																											
1014451																																																											
1014554																																																											
1014657																																																											
1014853																																																											
1015252																																																											
1015270																																																											
1015458																																																											
1015560																																																											
1015841																																																											
1015850																																																											
1016174																																																											
1016231													1652			1652																						0	1652	0	0	1652	0	0	0	0	0	0	0	111908									
1016259																																																											
1016558																																																											
1016718																																																											
1016848																																																											
1016857																																																											
1017425																																																											
1017555																																																											
1017564																																																											
1017854																																																											
1017939													17214			8724	8490																					54193	17214	0	0	8724	8490	39381	0	0	38187	0	0	3739787									
1017957																																																											
1018927																																																											
1157415																																																											
1160509																																																											
1162017																																																											
1163283																																																											
1169650																																																											
1176881																																																											
1176920																																																											
1187001																																																											
1187551																																																											
1188772																																						947	0	0	0	0	0	249333	0	0	228414	0	0	85902									
1188987																																																											
1190476																		10114			10114																	0	10114	0	0	10114	0	0	0	0	0	0	0	2658183	DERIVATIVES				DERIVATIVES				
1191352																																																											
1216022																																																							FVO contingent funding liabilities				
1218446																																																											
1222519																																																											
1222948																																						2781	0	0	0	0	0	0	0	0	0	0	0	0									
1225752																																																											
1225761																																																											
1225798																																																											
1228034																																																											
1293078																																																											
1369870																																																											
1386251																																						0	0	0	0	0	0	0	0	0	0	0	0	808328									
1387203																																																											
1387605																																																											
1391778																																						0	0	0	0	0	0	0	0	0	0	0	0	93491									
1394621																																																											
1394676																																																			EQUITY INVESTMENTS WITH NO READILY DETERMINABLE FAIR VALUE								
1396764																																																											
1397471																																																											
1402384																																																											
1404481																																																											
1404883																																																											
1414819																																						0	0	0	0	0	0	0	0	0	0	0	0	416090									
1418255																																																											
1429028																																																											
1435092																																																											
1436204													11			11																						0	11	0	0	11	0	0	0	0	0	0	0	1327812									
1443266																																																											
1444021																																																											
1445943																																						0	0	0	0	0	0	0	0	0	0	0	0	629805									
1447639																																																											
1456501																																																			CRA INVESTMENTS				LOC MTM				
1458608																																						0	0	0	0	0	0	0	0	0	0	0	0	702684									
1459717																																						0	0	0	0	0	0	0	0	0	0	0	0	465385									
1459735																																																											
1459799																																																											
1462986																																																											
1469677																																																											
1470150																																																											
1474309																																																											
1479470																																																											
1481745																																																											
1492817																																																											
1493319																																																											
1494482																																																											
1494914																																						0	0	0	0	0	0	0	0	0	0	0	0	57420									
1629903																																																											
1718188																																																											
1718469													1295			1295																						0	1295	0	0	1295	0	233259	0	0	227678	0	0	382735									
1820979																																																											
1836701																																																											
1842065													252344	2750		2519	252575																					244	252344	2750	0	2519	252575	1848	0	0	1848	0	0	7384200									
1863097																																																											
1864197																																																											
1872941																																																											
1879016																																																											
1883321																																																											
1885932																																						0	0	0	0	0	0	0	0	0	0	0	0	139686									
1890525																																																											
1892154																																																											
1893049																																																											
1917301																																																											
1918344																																						0	0	0	0	0	0	0	0	0	0	0	0	566186									
1929247													554748			554748																						89544	554748	0	0	554748	0	61400	0	0	59371	0	0	6313756	SBA Servicing Asset								
1940747																																																											
1945247																																																											
2002222																																																											
2006024																																																											
2007991																																																											
2009605	117																																					0	0	0	0	0	0	0	0	0	0	0	0	531226		INTEREST RATE DERIVATIVE							
2010722																																																											
2044811													181			181																						0	181	0	0	181	0	0	0	0	0	0	0	576753									
2044820																																																											
2051127																																																											
2059990																																																											
2068107																																																											
2119773													362			362																						0	362	0	0	362	0	0	0	0	0	0	0	588231									
2121196	0	0	0	0	0	0	0	0	0	0	0	0	254	315423	0	315677	0	0	0	0	0	0	0	0	0	0	0	0	0	0	0	0	0	0	0	0	0	0	254	315423	0	315677	0	0	0	0	0	0	0	18119486									
2122997																																																											
2123930																																																											
2132941																																																											
2140348																																																											
2142155													9769	2524		12293																						0	9769	2524	0	12293	0	0	0	0	0	0	0	76390									
2163477	0	0	0	0	0	0	0	0	0	0	0	0	0	0	0	0	0	0	0	0	0	0	0	0	0	0	0	0	0	0	0	0	0	0	0	0	0	0	0	0	0	0	0	0	0	0	0	0	0	486									
2182786																																																			Positive marks on unfunded commitments								
2193616																																																			Other Investments at NAV								
2209553																																						0	0	0	0	0	0	0	0	0	0	0	0	592958	IO strip receivable								
2218443																																																											
2232757																																																											
2233875																																																											
2236821																																																											
2239288													10747			10747																						0	10747	0	0	10747	0	0	0	0	0	0	0	371346	Nonqualified Deferred Compensation Assets								
2262718																																																											
2265456	0	0	0	0	0	0	0	0	0	0	0	0	0	0	0	0	0	0	0	0	0	0	0	0	0	0	0	0	0	0	0	0	0	0	0	0	0	0	0	0	0	0	0	0	0	0	0	0	0	1109									
2297998																																																											
2298995																																						0	0	0	0	0	0	0	0	0	0	0	0	462949									
2304636																																																											
2305969																																																											
2316714																																																											
2317672																																																											
2325882	0	0	0	0	0	0	0	0	0	0	0	0	0	0	0	0	0	0	0	0	0	0	0	0	0	0	0	0	0	0	0	0	0	0	0	0	0																						
2328137													36			36																						0	36	0	0	36	0	0	0	0	0	0	0	294110									
2328285																																																											
2329200																																																											
2332910																																																											
2333140																																																											
2337335																																																											
2339599																																																											
2339795													182			182																						0	182	0	0	182	0	0	0	0	0	0	0	276102									
2343167																																																											
2344753																																																											
2353595																																																											
2354985		4709																																				6637	0	0	0	0	0	1851	0	102972	1844	0	100934	1916174	Servicing Asset	Warrants							
2356091																																																											
2358769																																																											
2362458																																																											
2371816																																																											
2390929																																						0	0	0	0	0	0	0	0	0	0	0	0	112326									
2391588																																																											
2396592																																																											
2396604																																																											
2398701																																																											
2451240													327473			327473																						0	327473	0	0	327473	0	0	0	0	0	0	0	17938									
2465881																																																											
2467670																																																											
2471239																																						60491	0	0	0	0	0	0	0	0	0	0	0	990194									
2482824																																																											
2489805																																																			CRA INVESTMENTS								
2490285																																																											
2497181																																																											
2502825																																																											
2505424																																																											
2505451																																																											
2505460																																																											
2508751													1053			1053																						194995	1053	0	0	1053	0	485261	4398	0	479434	4398	0	438884									
2515320																																																											
2529176																																																											
2531562																																																											
2531991																																																											
2533043																																																											
2536633																																																											
2539960																																																											
2562137																																																											
2562164																																						0	0	0	0	0	0	0	0	0	0	0	0	29									
2567123	0	0	0	0	0	0	0	0	0	0	0	0	0	0	0	0	0	0	0	0	0	0	0	0	0	0	0	0	0	0	0	0	0	0	0	0	0																						
2568063																																																											
2576134																																																											
2577739																																																											
2580243																																																											
2587916																																																											
2594240																																																											
2594419																																																											
2596646																																																											
2597223																																																											
2597232																																																											
2598396																																																											
2600039																																																											
2602828																																																											
2605566																																																											
2607412																																																											
2608754													23159			23159																						0	23159	0	0	23159	0	0	0	0	0	0	0	903864									
2610784																																																											
2614344																																																											
2615190																																																											
2615220																																																											
2618780																		18989		18989																		0	18989	0	18989	0	0	0	0	0	0	0	0	3982003					Non-qualified deferred compensation				
2619714																																																											
2621285																																																											
2621940																																																											
2624400																																						0	0	0	0	0	0	0	0	0	0	0	0	209750									
2625724																																																											
2631172																																																											
2631846																																						0	0	0	0	0	0	0	0	0	0	0	0	470503									
2634191																		241			241																	0	241	0	0	241	0	39186	0	0	37724	0	0	4008965					Forward Commitment to Sell TBA securities				
2634351																																						0	0	0	0	0	0	0	0	0	0	0	0	179422									
2641827																																																											
2643595																																																											
2649177																																																											
2651899																																																											
2652092													1154			1154																						0	1154	0	0	1154	0	0	0	0	0	0	0	976770									
2654911																																						0	0	0	0	0	0	0	0	0	0	0	0	5932564									
2661861																																																											
2666400																																																											
2667920	0	0	0	0	0	0	0	0	0	0	0	0	0	0	0	0	0	0	0	0	0	0	0	0	0	0	0	0	0	0	0	0	0	0	0	0	0																						
2667939																																																											
2667957																																						0	0	0	0	0	0	0	0	0	0	0	0	99036									
2668598																																																											
2684552																																																											
2686211																																						0	0	0	0	0	0	0	0	0	0	0	0	13945									
2687133																																																											
2687487																																																											
2693264													272			272																						27	272	0	0	272	0	0	0	0	0	0	0	396535									
2694681																																																											
2696180																																																											
2697963																																																											
2700984																																																			NAV Investment								
2702764																																																											
2705112																																																											
2705895																																																											
2708122																																																											
2713920																																																											
2716088																																																											
2718596																																																											
2719810																																																											
2723376																																																											
2724766																																																											
2726050																																																											
2729677																																																											
2730431																																																											
2732565																																																											
2733263																																																											
2734729													8			8																						0	8	0	0	8	0	0	0	0	0	0	0	491388									
2735137																																																											
2735146														4831		4831																						3147	0	4831	0	4831	0	0	0	0	0	0	0	8219096									
2736219																																																											
2736291																																						1800	0	0	0	0	0	0	0	0	0	0	0	1479280									
2736451																																						0	0	0	0	0	0	0	0	0	0	0	0	96433									
2736714																																																											
2737980													596			590	6																					50206	596	0	0	590	6	486087	642	0	503252	642	0	6085	Lender Risk Account								
2743244													1072			1072																						0	1072	0	0	1072	0	0	0	0	0	0	0	650341									
2745426																																						0	0	0	0	0	0	3255	0	0	3205	0	0	128280									
2745529																																																											
2746245																																																											
2747279																																																											
2747466																																																											
2747587																																																											
2748502																																																											
2753917																																																											
2754222																																																											
2756730																																																											
2756909																																																											
2757205													4206			4206																						5246	4206	0	0	4206	0	0	0	0	0	0	0	416666									
2758613																																						0	210	0	0	210	0	0	0	0	0	0	0	781374									
2759629																																																											
2764212																																						0	0	0	0	0	0	0	0	0	0	0	0	4746									
2769570																																																											
2771694																																																											
2774707																																																											
2775151																																																											
2775179																																																											
2775692																																																											
2785477																																																											
2785646																																																											
2787770																																						0	0	0	0	0	0	0	0	0	0	0	0	214129									
2791085																																																											
2793593																																																											
2794732																																																											
2796277																																																											
2797162																																																											
2797210																																																											
2797359																																																											
2797724													7829			7829																						1145	7829	0	0	7829	0	154444	0	0	150481	0	0	2710689									
2805535																																																											
2805928																																																											
2806635																																																											
2806840																																																											
2806877													807			807																						0	807	0	0	807	0	231998	0	0	231556	0	0	3627	Rate Locked Pipeline Loans								
2807173																																																											
2808602													30			30																						0	30	0	0	30	0	582772	0	0	585592	0	0	230083									
2809373																																																											
2811086																																																											
2815879																																																											
2819167																																																											
2819242																																																											
2820604																																																											
2823221																																																											
2826017																																																											
2833882																																																											
2835103																																																											
2836306																																																											
2838207																																																											
2839790																																																											
2845782																																																											
2847085																																																											
2847142																																																											
2849285																																																											
2849463																																																											
2849801																																						16040	51	0	0	51	0	0	0	0	0	0	0	127730	FHLB stock								
2850722																																						0	0	0	0	0	0	0	0	0	0	0	0	319626									
2855866																																																											
2857600																																																											
2858492																																																											
2858960																																						60695	0	0	0	0	0	1527	121319	0	1697	120829	0	1671750	Other Real Estate								
2860039																																																											
2860271																																																											
2861317																																																											
2867337																																																											
2869162																																																											
2871099																																																											
2871558																																																											
2873598																																																											
2877345																																																											
2877484																																																											
2877831																																																											
2880019																																																											
2881445																																																											
2882983																																																											
2889227																																																											
2891622													2199				2199																					116021	2199	0	0	0	2199	0	0	0	0	0	0	71369									
2897633																																																											
2901558																																																											
2903123																																						0	0	217	0	217	0	0	0	0	0	0	0	81412									
2905761																																																											
2907019																																																											
2907439																																																											
2912750																																																											
2913702																																																											
2914268																																																											
2914727																																																											
2915461																																																											
2916534																																																											
2916963	0	0	0	0	0	0	0	0	0	0	0	0	0	0	0	0	0	0	0	0	0	0	0	0	0	0	0	0	0	0	0	0	0	0	0	0	0																						
2917184																																																											
2917317													54014			54014																						25431	54014	0	0	54014	0	16096	0	0	15755	0	0	1688568									
2919898																																																											
2920287																																																											
2920773																																																											
2921622																																																											
2921659																																																											
2925620																																																											
2925666													39871			39871																						136886	39871	0	0	39871	0	0	0	0	0	0	0	6582041	Inv in Unconsolidated Subs								
2929392																																																											
2938198																																						3	0	0	0	0	0	0	0	0	0	0	0	634942									
2938787																																																											
2939001																																																											
2939391																																																											
2941068																																						234	74	0	0	0	74	0	0	0	0	0	0	864215	Interest Rate Lock Commitments								
2943615																																																											
2947556																																																											
2948058																																																											
2948423																																																											
2949970																																																											
2953418																																																											
2954059																																						0	0	0	0	0	0	0	0	0	0	0	0	135567									
2954497																																																											
2958972																																																											
2960555																																																											
2960788																																																											
2963266																																																											
2963275																																																											
2963864																																																											
2970657																																						0	0	0	0	0	0	0	0	0	0	0	0	242053									
2973041																																																											
2973386																																																											
2980209	0	0	0	0	0	0	0	0	0	0	0	0	5000	1000	0	6000	0	0	0	0	0	0	0	0	0	0	0	0	0	0	0	0	0	0	0	0	0	0	5000	1000	0	6000	0	0	0	0	0	0	0	245000	Equity Securities								
2989006																																																											
2992547																																																											
2997216																																																											
2997748																																																											
2998576																																																											
3005097																																																											
3010363																																																											
3015939																																																											
3016347																																																											
3017081																																																											
3019982																																																											
3020447																																																											
3022610																																																											
3025929																																																											
3027763																																																											
3029253																																																											
3029589													188807	86475		275282																						0	188807	86475	0	275282	0	0	0	0	0	0	0	84390									
3032833																																																											
3034257																																																											
3039636																																																											
3040418																																																											
3041358																																																											
3045383																																																											
3047659																																																											
3049635																																																											
3052813																																						0	0	0	0	0	0	0	0	0	0	0	0	129542									
3066025																																																											
3067929																																																											
3068579																																						0	0	0	0	0	0	0	0	0	0	0	0	341930									
3070545																																																											
3076220																																						0	0	0	0	0	0	0	0	0	0	0	0	815284									
3076248																																						0	0	0	0	0	0	0	0	0	0	0	0	179866									
3076453																																																											
3076604																																						0	0	0	0	0	0	0	0	0	0	0	0	95427									
3089752																																																											
3090833																																																											
3103591																																																											
3109043													202			202																						0	202	0	0	202	0	0	0	0	0	0	0	162657									
3109146													17511			17511																						0	17511	0	0	17511	0	0	0	0	0	0	0	261016									
3110197																																																											
3116519																																																											
3120646																																																											
3120897																																																											
3122994																																																											
3125315																																																											
3125557																																																											
3128923																																																											
3134399																																																											
3134698																																																											
3138146	0	0	0	0	0	0	0	0	0	0	0	0	27622	84751	0	111823	550	0	0	0	0	0	0	0	0	0	0	0	0	0	0	0	0	0	0	0	0	1521021	27622	84751	0	111823	550	3364165	0	0	3244758	0	0	18833717									
3139321																																																											
3140822																																																											
3141726																																						0	0	0	0	0	0	0	0	0	0	0	0	297513									
3146150																																																											
3148613																																																											
3150205																																																											
3150447																																																											
3153233																																																											
3153297																																																											
3158546																																																											
3160978																																																											
3165357																																																											
3166699																																																											
3174920																																																											
3180136																																																											
3184228																																																											
3185579																																																											
3185896																																																											
3187630																																						0	0	0	0	0	0	0	0	0	0	0	0	1254887									
3189063																																																											
3194692																																																											
3199811																																																											
3202702																																						46000	0	0	0	0	0	0	0	882000	0	0	899000	9193000	Interest-only strips receivable (not in the form of a security)								
3212149																																																											
3212402																																						0	0	0	0	0	0	0	0	0	0	0	0	160009									
3213333																																																											
3214059																																						0	0	0	0	0	0	0	0	0	0	0	0	218160									
3216017													273			273																						0	273	0	0	273	0	0	0	0	0	0	0	243398									
3216316																																																											
3217331																																																											
3217957																																																											
3219269																																																											
3220863																																																											
3223305																																																											
3223408																																																											
3223417																																																											
3224302																																																											
3224375																																																											
3224478																																																											
3224580																																						0	0	0	0	0	0	0	0	0	0	0	0	109273									
3228908																																																											
3229875																																																											
3232204																																																											
3232370																																																											
3235410																																						0	0	0	0	0	0	0	0	0	0	0	0	384608									
3243282																																																											
3247589																																																											
3248849																																						0	0	0	0	0	0	0	0	0	0	0	0	56954									
3253834																																																											
3254297																																																											
3262788																																																											
3267738																																																											
3268173																																																											
3268249																																																											
3271799																																																											
3271986																																																											
3272956																																																											
3274709																																						0	0	0	0	0	0	0	0	0	0	0	0	330503									
3277241																																																											
3280625																																																											
3281510																																																											
3282012																																																											
3284070																																																											
3284397																																						545440	0	0	0	0	0	0	0	0	0	0	0	9053625									
3284445																																																											
3284490																																						0	0	0	0	0	0	0	0	0	0	0	0	51917									
3285246																																																											
3285778																																																											
3286999																																																											
3287660																																						0	62	0	0	62	0	0	0	0	0	0	0	4205216									
3288452																																																											
3290240																																																											
3293540																																																											
3296859																																																											
3297490																																																											
3303298																																																											
3303944																																																											
3306280																																																											
3306598																																																											
3308529																																																											
3308574																																																											
3309393																																																											
3309571																																																											
3310287																																																											
3314043																																																											
3314119																																																											
3316739																																																											
3317192																																																											
3317932													704			704																						0	704	0	0	704	0	0	0	0	0	0	0	1262711									
3320781																																																											
3322468																																																											
3325759													1011			1011																						888	1011	0	0	1011	0	166066	0	0	162055	0	0	171377									
3337097																																																											
3340725																																																											
3340903																																																											
3341393																																																											
3342671																																																											
3344321													1392			1392																						0	1392	0	0	1392	0	0	0	0	0	0	0	337617									
3346633																																																											
3347603																																																											
3347911																																																											
3348468																																																											
3348888																																						263	0	0	0	0	0	0	0	0	0	0	0	1068825									
3349241																																																											
3350658																																																											
3350724													55				55																					55	55	0	0	0	55	0	0	0	0	0	0	157739									
3353154	0	0	0	0	0	0	0	0	0	0	0	0	0	0	0	0	0	0	0	0	0	0	0	0	0	0	0	0	0	0	0	0	0	0	0	0	0																						
3354599																																																											
3356191																																																											
3357077																																																											
3357219																																																											
3357385																																																											
3357620	0	0	0	0	0	0	0	0	0	0	0	0	0	0	0	0	0	0	0	0	0	0	0	0	0	0	0	0	0	0	0	0	0	0	0	0	0																						
3358270																																																											
3368635																																																											
3368925																																																											
3370133																																																											
3370357																																																											
3374234																																																											
3374382																																																											
3374403																																																											
3374412																																																											
3377235																																																											
3378773													9857			9844	13																					1	9857	0	0	9844	13	0	0	0	0	0	0	776441									
3383665																																																											
3384952																																																											
3385744																																																											
3386264																																																											
3386536																																																											
3387140																																																											
3388482																																																											
3390337																																																											
3390627																																																											
3391718																																																											
3393851																																																											
3394278																																						0	8	0	0	8	0	0	0	0	0	0	0	1758070									
3394380																																																											
3397233																																																											
3398623																																																											
3401970													30			30																						0	30	0	0	30	0	0	0	0	0	0	0	106670									
3402913																																																											
3404207																																						0	0	0	0	0	0	0	0	0	0	0	0	440584									
3404373																																																											
3404467																																																											
3404506																																																											
3404999																																																											
3407084																																																											
3408728	0	0	0	0	0	0	0	0	0	0	0	0	10140	0	0	10120	20	0	0	0	0	0	0	0	0	0	0	0	0	0	0	0	0	0	0	0	0	0	10140	0	0	10120	20	0	0	0	0	0	0	989229									
3410141																																																											
3411773																																																											
3412417																																																											
3419416													175			175																						0	175	0	0	175	0	0	0	0	0	0	0	123852									
3428258																																																											
3429219																																																											
3435948																																																											
3437148																																																											
3437157																																						0	0	0	0	0	0	0	0	0	0	0	0	628625									
3437456	6343																	451			451																	10601	451	0	0	451	0	0	0	0	0	0	0	65825	SBA SERVICING ASSET	INT RATE SWAP/CAP			INT RATE SWAP/CAP LIABILITY				
3437483																																																											
3438958																																																											
3440803																																																											
3445901																																																											
3446225																																																											
3446784																																																											
3447576																																																											
3447820																																																											
3448162																																																											
3448425																																																											
3449066													11660			11660																						0	11660	0	0	11660	0	0	0	0	0	0	0	371052									
3451050																																																											
3455227																																																											
3459207																																																											
3459216																																																											
3463875																																																											
3465392																																						0	0	0	0	0	0	0	0	0	0	0	0	82186									
3466988																																																											
3468450																																																											
3470097																																																											
3470154																																																											
3470239																																						0	0	0	0	0	0	0	0	0	0	0	0	20222792									
3470930																																																											
3472046																																																											
3472859																																																											
3475083													92931			92931																						0	92931	0	0	92931	0							2137044									
3476192																																						0	0	0	0	0	0	0	0	0	0	0	0	701903									
3479018																																																											
3480069																																																											
3482045																																																											
3482111																																																											
3485215																																																											
3487433																																																											
3487947																																																											
3488579																																																											
3517590																																																											
3529315																																																											
3531176																																																											
3532641													13548	46		13586	8																					4	13548	46	0	13586	8	0	0	0	0	0	0	539882									
3537897																																																											
3538009																																																											
3545258																																						0	0	0	0	0	0	0	0	0	0	0	0	217837									
3546862																																																											
3547131																																																											
3547896																																																											
3548567																																																											
3548763																																																											
3555248																																						0	0	0	0	0	0	0	0	0	0	0	0	18717									
3561771																																																											
3567269																																																											
3579589													4252			4252																						6	4252	0	0	4252	0	0	0	0	0	0	0	2198459									
3588312																																																											
3588424																																																											
3591004																																																											
3592047																																																											
3593307																																																											
3594087																																																											
3595271																																						0	0	0	0	0	0	0	0	0	0	0	0	180568									
3596250																																																											
3597211																																						0	0	0	0	0	0	0	0	0	0	0	0	609351									
3599804																																																											
3603961																																																											
3608751																																																											
3610718																																																											
3614837																																						0	0	0	0	0	0	0	0	0	0	0	0	73297									
3614846																																																											
3614976																																																											
3617856																																																											
3619216																																																											
3623110																																																											
3623969																																																											
3626184																																																											
3626858																																																											
3629484																																																											
3630323																																																											
3633016																																																											
3633173																																						0	0	0	0	0	0	0	0	0	0	0	0	54205									
3635029																																																											
3635551																																																											
3636428																																																											
3636446																																																											
3636914																																																											
3637247																																																											
3637685													6938			6938																						0	6938	0	0	6938	0	0	0	0	0	0	0	2430475									
3645840																																																											
3650808																																						64802	0	0	0	0	0	3647	128615	0	3768	132284	0	1427420	NONMORTGAGE SERVICING ASSET								
3655933																																																											
3664588																																						0	0	0	0	0	0	0	0	0	0	0	0	110581									
3667132																																																											
3671997																																																											
3678857																																																											
3688043																																																											
3688548																																																											
3690121																																																											
3690635																																																											
3690701																																																											
3719648																																																											
3720336																																																											
3720608																																																											
3721605																																																											
3729124																																																											
3783313																																																											
3783948														12393		12393																						0	0	12393	0	12393	0	0	0	0	0	0	0	4341445									
3786435																																																											
3793714																																																											
3804535													5287	2702		7989																						0	5287	2702	0	7989	0	0	0	0	0	0	0	73468									
3807880																																																											
3812147																																																											
3816154																																																											
3816163																																																											
3816190																																																											
3821037																																																											
3821626																																																											
3821822																																																											
3832127																																																											
3835454																																																											
3843392																																																											
3851427	1289																	1669			1669																	0	2973	0	0	2973	0	196946	0	0	194100	0	0	125746	Interest Rate Swaps	Interest Rate Lock Committments			Interest Rate Swaps				
3938186													1955			1955																						0	2167	0	0	2167	0	0	0	0	0	0	0	9257917									
3939240																																																											
3943210																																																											
3952904																																																											
4032791																																																											
4125778																																																											
4146830																																																											
4149037																																																											
4165907																																																											
4210227													1584			1496	88																					283	1584	0	0	1496	88	25695	0	0	25117	0	0	527918									
4368351	0	0	0	0	0	0	0	0	0	0	0	0	0	0	0	0	0	0	0	0	0	0	0	0	0	0	0	0	0	0	0	0	0	0	0	0	0	0	0	0	0	0	0	0	0	0	0	0	0	0									
4397164																																																											
4457536																																																											
4536084																																																											
4845861																																																											
5050028																																						0	0	0	0	0	0	0	0	0	0	0	0	620470									
5136959																																																											
5192496																																																											
5193989																																																											
5205819																																																											
5210989																																																											
5227101													103			103																						0	103	0	0	103	0	0	0	0	0	0	0	44387									
5230790																																																											
5278251																																																											
5303724																																																											
5312593																																																											
5313312																																																											
5316920																																																											
5332603																																																											
5342974																																																											
5349218																																																											
5382514																																																											
5397639																																																											
5398355																																																											
5398627																																																											
5401273																																																											
5412457																																																											
5427684																																																											
5435988																																																											
5448915																																																											
5472880																																																											
5475452																																																											
5479478																																																											
5514409																																																											
5518023																																																											
5528880																																																											
5538937																																																											
5543735																																																											
5561001																																																											
5574430																																																											
5582846																																																											
5591633																																																											
5592340																																																											
5620869																																																											
5650923																																																											
5660146																																																											
5673191																																																											
5686089																																																											
5686324																																																											
5691319																																																											
5692473																																																											
5724226																																																											
5728916																																																											
5755510																																																											
5758436																																																											
5758445																																																											
5760439																																																											
5760662																																																											
5777549																																																											
5784921																																																											
5787418																																																											
5788705																																																											
5805228																																																											
5805424																																																											
5805442																																																											
5805451																																																											
5805479																																																											
5805488																																																											
5805817																																																											
5807400																																																											
5837377																																																											
5839915																																																											
5859511																																																											
5860740																																																											
5861541																																																											
5879201																																																											
5882500																																																											
5887420																																																											
5903517																																																											
5906497																																																											
5972661																																																											
5975224																																																											
6009630																																																											
