"IDRSSD"	RCFD1578	RCFD1752	RCFD2148	RCFD2160	RCFD2166	RCFD2168	RCFD3549	RCFD3550	RCFD3551	RCFDB556	RCFDC010	RCFDFT33	RCFDFT34	RCFDFT35	RCFDHT80	RCFDK201	RCFDK202	RCFDK270	RCON1578	RCON1752	RCON2148	RCON2160	RCON2166	RCON2168	RCON3549	RCON3550	RCON3551	RCONB556	RCONC010	RCONFT33	RCONFT34	RCONFT35	RCONHT80	RCONK201	RCONK202	RCONK270	TEXT3549	TEXT3550	TEXT3551	
	REPOSSESSED PERSONAL PROPERTY	HISTCL COST OF ALL OTH AVL-FOR-SALE	NET DEFERRED TAX ASSETS	OTHER ASSETS	PREPAID EXPENSES	ALL OTHER ASSETS	1ST ITM AMT FOR OTH AS OV25% OF 2160	2ND ITM AMT FOR OTH AS OV25% OF 2160	3RD ITM AMT FOR OTH AS OV25% OF 2160	ACCRUED INTEREST RECEIVABLE	DERIVATIVES W/POSITIVE FAIR VALUE	COMPUTER SOFTWARE	ACCOUNTS RECEIVABLE	RECEIVABLES FROM FORECLOSED GOVERNME	Other Assets, Interest-only strips r	LIFE INS ASSET GNRL ACCNT	LIFE INS ASSET SEPARATE ACCNT	LIFE INS ASSET HYBRID ACCNT	REPOSSESSED PERSONAL PROPERTY	HISTCL COST OF ALL OTH AVL-FOR-SALE	NET DEFERRED TAX ASSETS	OTHER ASSETS	PREPAID EXPENSES	ALL OTHER ASSETS	1ST ITM AMT FOR OTH AS OV25% OF 2160	2ND ITM AMT FOR OTH AS OV25% OF 2160	3RD ITM AMT FOR OTH AS OV25% OF 2160	ACCRUED INTEREST RECEIVABLE	DERIVATIVES W/POSITIVE FAIR VALUE	COMPUTER SOFTWARE	ACCOUNTS RECEIVABLE	RECEIVABLES FROM FORECLOSED GOVERNME	Other Assets, Interest-only strips r	LIFE INS ASSET GNRL ACCNT	LIFE INS ASSET SEPARATE ACCNT	LIFE INS ASSET HYBRID ACCNT	1ST ITM AMT FOR OTH AS OV25% OF 2160	2ND ITM AMT FOR OTH AS OV25% OF 2160	3RD ITM AMT FOR OTH AS OV25% OF 2160	
37																			0	55	1542	2405	0	182	0	0	0	626	0	0	0	0	0	0	0	0				
242																			0	204	0	573	0	5	0	0	0	364	0	0	0	0	0	0	0	0				
279																			0	2773	1601	13667	363	861	350	106	0	1888	0	0	42	0	0	6544	0	0	FISERV DEPOSIT	BROKERED DEPOSIT FEE		
354																			0	1867	761	3699	0	631	0	0	0	440	431	0	0	0	0	0	0	0				
457																			0	436	0	1406	0	189	0	0	0	781	0	0	0	0	0	0	0	0				
505																			0	7938	2064	25593	0	6811	4678	0	0	3143	0	0	0	0	0	5637	0	0	Pension Asset			
1155																			0	1067	0	14078	438	531	0	0	0	3773	0	0	0	0	0	8707	0	0		NA		
1351																			0	134	0	3090	302	349	0	0	0	2607	0	0	0	0	0	0	0	0				
1454																			0	816	0	18467	1317	3950	0	0	0	4778	0	0	0	0	0	8923	0	0				
1669																			0	1196	2077	22402	337	337	0	0	0	2940	0	0	0	0	0	14989	0	863				
1856																			0	226	0	728	121	152	0	0	0	350	0	0	0	0	0	0	0	0	0			
2161																			330	4014	2813	21689	1524	3145	750	0	0	1942	0	0	0	0	0	9775	0	0	Account Receivable Lamar Bancorporation			
2732																			0	1538	1278	7660	0	2561	1498	0	0	2283	0	0	0	0	0	0	0	0	Right To Use - Lease			
2750																			0	310	0	5039	383	383	0	0	0	1551	0	0	0	0	0	2795	0	0				
3252																			0	449	0	6175	1025	1956	805	0	0	3770	0	0	0	0	0	0	0	0	NP DDA Debits			
3720																			0	331	1756	15032	474	499	0	0	0	1576	0	0	0	0	0	7812	0	3058				
3971																			38	3421	4976	35026	832	6429	10	0	0	4302	0	78	4741	0	0	15898	0	0	Total A/R from Holding Co. or Affiliates			
4231																			0	112	854	6736	0	204	0	0	0	707	0	0	0	0	0	4859	0	0				
5069																			0	0	699	9457	1934	6988	0	0	0	1770	0	0	5028	0	0	0	0	0				
5135																			6	993	1618	20719	864	1568	526	0	0	8744	0	0	0	0	0	7796	0	0	overpaid taxes			
5210																			0	14237	10688	171765	0	30050	18409	0	0	10950	0	0	0	0	0	91856	0	13984	Prepaid Pension			
5461																			0	4516	530	20806	1227	2308	850	0	0	3274	0	0	0	0	0	10178	0	0	CRA Investment			
5751																			0	669	178	9862	360	561	0	0	0	3129	0	0	0	0	0	3726	0	1599	Receivable from Bond Security			
6039																				423	1789	9282	446	1115	550			3647					0	2308	0	0	Annuity Asset			
6329																			677	2573	13380	63278	3692	16879	211			9882		1574			0	17595	0	2969	Deposit on Assets			
7009																				0	1070	15208	6042	10297	0	0	0	3841			4168		0	0	0	0				
7045																				669	2674	10653	328	371				1596					0	5343	0	0				
7072																			0	2989	2071	21480	580	4876	2806	687	0	1994	0	0	0	0	0	9550	0	0	Deferred Compensation	Deferred Commissions		
7456																			0	955	0	6129	0	648	517	0	0	2569	0	0	0	0	0	1957	0	0	HEALTH INSURANCE			
7634																			0	101	0	1314	258	451	186	0	0	762	0	0	0	0	0	0	0	0	Late fees receivable			
8462																			0	21	0	1824	0	27	0	0	0	1776	0	0	0	0	0	0	0	0				
8631																			0	345	342	3804	65	65	0	0	0	226	0	0	0	0	0	2826	0	0				
9357																			0	994	0	4854	1142	1723	0	0	0	2137	0	0	0	0	0	0	0	0				
9553																			0	3113	0	14513	536	592	54	0	0	5387	0	0	0	0	0	3212	0	2209	Nebraska Fund XV Investment			
9807																				6424	0	171445	1461	2023				9773					0	41134	112091	0				
9955																			0	3894	1	5373	0	65	0	0	0	1413	0	0	0	0	0	0	0	0				
10250																			0	2520	0	6776	626	920	0	0	0	2949	0	184	0	0	0	387	0	0				
10849																			0	764	1460	4710	417	461	0	0	0	2025	0	44	0	0	0	0	0	0				
11145																			25	1590	3373	18673	1397	3622	1457	743		1619					0	7306	0	1163	Marble Cliff Capital	Great Lakes Capital Fund		
11640																			0	2349	3204	23987	434	3159	0	0	0	4686	0	0	0	0	0	10589	0	0				
11837																			0	157	1497	2460	198	207	0	0	0	599	0	0	0	0	0	0	0	0				
12030																			0	41217	4687	54581	274	597	322	0	0	6437	0	0	0	0	0	1643	0	0	Securities Paydown Receivable			
12142																			0	806	2625	13940	491	665	0	0	0	2359	0	36	0	0	0	4569	0	2916				
12311	0	903685	886601	7751440	0	2336131	0	0	0	774727	0	0	0	0	0	816159	942716	1091421		903685																				
12647																			0	578	0	6652	274	467	0	0	0	1328	0	0	0	0	0	4279	0	0		0		
12946																			0	9212	25234	111423	1574	2522	0	0	0	15759	0	302	622	0	0	4273	54423	0				
13103																				3992	8875	84805		42592	16861			9062					0	20284	0	0	Deferred Compensation Assets			
13251																			0	787	0	1942	128	128	0	0	0	413	0	0	0	0	0	614	0	0				
13457																			0	0	106	1645	334	334	0	0	0	1205	0	0	0	0	0	0	0	0				
14155																			0	736	65	17054	468	537	0	0	0	6002	0	0	0	0	0	9714	0	0				
14650																			0	362	0	2695	0	198	0	0	0	646	0	0	0	0	0	1489	0	0				
14753																			0	160	0	961	58	58	0	0	0	743	0	0	0	0	0	0	0	0				
14865																			0	715	2882	29350	609	2979	0	0	0	10143	0	0	0	0	0	8659	2011	1961				
14977																				66	76	1353	77	124				1087			4		0	0	0	0				
16551																			0	4335	0	11700	367	565	0	0	0	1898	0	15	0	0	0	4902	0	0				
17110																				219	0	4261	1102	3783				259			2506		0	0	0	0				
17147																				47245	70107	683060	49003	164710				93368	48468				0	218703	69282	19645				
17259																			0	375	0	2602	88	91	0	0	0	360	0	0	0	0	0	1776	0	0		0		
17950																			0	2581	5713	16311	360	989	450	177	1	6638	0	0	0	0	0	0	0	390	DFB Travelers Expense	Other assets	ATM Settlement	
17978																			0	292	0	2633	466	651	25	0	0	1690	0	0	160	0	0	0	0	0	Accrued Late Charges Receivable			
18050																			0	1758	0	19912	1342	2647	0	0	0	4137	0	147	0	0	0	11370	0	0				
18827																			0	12457	10402	103808	5458	15473	0	0	0	17717	9435	0	0	0	0	25725	0	22034				
18836																			0	491	817	8890	647	2119	1018	0	0	759	0	0	0	0	0	4704	0	0	DEFERRED DIRECTOR FEES			
18854																				1165	5447	31122		15414	8944			9096					0	0	0	0	Oil & Gas Assets			
19356																			0	788	0	5415	591	591	0	0	0	914	0	0	0	0	0	3122	0	0				
19936																			0	579	2177	12832	373	546	154	0	0	2664	0	0	0	0	0	6866	0	0	Income Tax Receivable			
19972																			0	39	738	8113	0	206	0	0	0	289	0	0	0	0	0	5322	0	1519				
20053																			0	490	0	3432	190	190	0	0	0	1337	0	0	0	0	0	1415	0	0				
20633																			0	1582	1783	18692	0	6090	4559	0	0	1323	0	0	0	0	0	7914	0	0	DUE FROM THIRD PARTY SWEEP INVESTMENT BROKER			
20857																			0	734	0	11115	160	327	0	0	0	9867	0	0	160	0	0	187	0	0				
21256																			0	66	0	550	22	22	0	0	0	59	0	0	0	0	0	403	0	0				
21359																			0	363	0	1613	123	256	133	0	0	788	0	0	0	0	0	206	0	0	Farmer Mac			
21658																				1519	0	7840	322	349				1948					0	3395	0	629				
22048																			0	625	0	10807	523	4222	0	0	0	2	0	0	1	0	0	5958	0	0				
22543																			0	824	0	4623	1244	2243	0	0	0	1556	0	0	0	0	0	0	0	0				
22552																			0	1346	0	3466	0	85	0	0	0	2035	0	0	0	0	0	0	0	0				
22730																			0	405	2436	8256	505	628	0	0	0	1332	0	0	0	0	0	3455	0	0				
23456																			0	1864	0	8490	748	753	5	0	0	2511	0	0	0	0	0	3362	0	0	Stadium Builder-Rapid transfer			
23504																				67197	52384	593862	7814	17546				55572					0	354747	38801	7615				
23643																			0	1716	0	14416	425	431	0	0	0	1855	0	0	0	0	0	7532	0	2882				
23755																			0	1049	0	11054	338	2603	2055	0	0	1293	0	0	0	0	0	6109	0	0	HUDSON RIGHT OF USE			
24378																			0	385	194	1092	0	201	0	0	0	312	0	0	0	0	0	0	0	0				
24659																			0	56	0	1113	0	0	0	0	0	1057	0	0	0	0	0	0	0	0				
24949																			0	1746	1733	16682	421	691	0	0	0	1857	0	0	0	0	0	10655	0	0				
25357																			385	3647	0	10187	247	882	0	0	0	5658	0	0	57	0	0	0	0	0				
25647																				1315	1887	5383	387	738				1443			20		0	0	0	0				
26765																			0	11642	0	115118	6390	7885	0	0	0	17132	0	0	0	0	0	60679	2419	15361				
27070																			0	8296	3496	50789	948	2360	0	0	0	3146	0	682	0	0	0	33491	0	0				
27614																			0	1041	6119	19708	431	1336	338	0	0	2140	0	0	0	0	0	9072	0	0	ATM Conversion Account			
27847																			0	2465	0	32030	1697	1904	2	0	0	6762	0	155	50	0	0	15899	0	5000	Deed Stamp Inventory			
28013																				51635	10434	282663	3829	17649				20118					0	182299	0	528				
28152																				522	0	6202	18	648				1482	630				0	3550	0	0				
28675																				2103	473	4299	138	230				1493					0	0	0	0				
28732																			0	141	696	2612	0	185	0	0	0	603	0	0	0	0	0	987	0	0				
29476																			0	799	0	6523	0	239	0	0	0	2295	0	0	0	0	0	3190	0	0	0			
29636																			0	1785	25200	62937	2884	3842	0	0	0	5774	0	0	0	0	0	18837	825	6674				
29878																			0	2568	10360	25017	1309	5032	140	2737	675	7057	0	0	171	0	0	0	0	0	Seat License, CRA Investment	Additional Minimum Liabilty Pension	Debit Escrow	
30052																			0	138	0	478	0	124	0	0	0	216	0	0	0	0	0	0	0	0				
31134																				168	571	3106	436	466				1377					0	524	0	0				
31255																				2777	0	32728	2740	3124				6280					0	18361	0	2186				
31657																			0	486	0	6179	200	275	0	0	0	772	0	0	0	0	0	3628	0	1018				
31826																				1949	990	13341	1815	3340				1833					0	5229	0	0	deferred compensation 1070			
31835																			0	0	1907	18755	194	232	0	0	0	2493	0	0	0	0	0	13134	0	989				
32234																			0	3608	13477	24261	0	3971	0	0	0	3205	0	2843	0	0	0	0	0	0				
32766																			0	1179	0	2395	218	392	121	0	0	824	0	0	0	0	0	0	0	0	Payroll			
32971																			0	1638	2225	17149	706	913	0	0	0	1924	0	0	166	0	0	10135	0	314				
33147																			0	2442	0	19886	995	2038	0	714	0	8347	0	0	0	0	0	6254	0	805	Outgoing RBP - CDARS	OTHER INVESTMENTS - ANNUTITIES		
33259																			0	2307	3902	28173	634	1023	327	0	0	4007	0	0	0	0	0	16934	0	0	Unposted Deposits			
33370																				273	285	588		0				30					0	0	0	0				
33839																			0	90	0	422	51	72	0	21	0	260	0	0	0	0	0	0	0	0	Primarily Negative Accrued FASB Tax Liability	Fiserv Reserve and Neg Accr Fed Tax		
33857																				7318	0	19739	1742	1822				10599					0	0	0	0				
34537																				137893	58686	684621		87319				70159	25610				0	308942	0	21622				
34555																				4061	0	17451	578	849				4777		161	1		0	7764	0	0				
34742																			0	2449	1375	20535	488	1809	0	0	0	3226	0	0	0	0	0	11676	0	0				
35057																				704	0	9397	349	3543	964			2004					0	2347	0	799	SBA Portion of Foreclosed Loan			
35301	0	568000	583000	53970000	0	47785000	24257000	15490000	0	1069000	0	0	0	0	0	697000	3268000	0		567000																	Receivables for Cash collateral posted	Receivables for non- Cash collateral posted		
35646																			0	591	253	4871	0	99	0	0	0	508	0	0	0	0	0	3420	0	0				
35879																			0	2789	1845	13763	183	350	142	0	0	823	0	0	0	0	0	7956	0	0	LOAN FAIR VALUE			
36933																			0	998	2433	10492	566	653	0	0	0	2393	0	0	0	0	0	4015	0	0				
37051																			0	680	0	2117	101	237	0	0	0	940	0	136	0	0	0	260	0	0				
37341																			0	655	0	2658	185	191	0	0	0	535	0	0	6	0	0	1277	0	0				
37435																			0	1557	7878	27780	3319	10838	4400	0	0	7507	0	0	0	0	0	0	0	0	Investment - Fed HTC			
37640																				17688	46391	247308	10278	37212				38834					0	68187	0	38996				
37659																			24	55	0	2421	14	650	0	0	0	546	0	0	0	0	0	1170	0	0				
37949																			0	616	0	11017	207	277	0	0	0	2804	0	0	0	0	0	7320	0	0				
38740																			0	3463	3051	16023	366	750	0	0	0	1568	0	0	0	0	0	7191	0	0				
39327																			0	676	1300	34985	715	2754	468	1427	0	3183	0	144	0	0	0	26304	768	0	Other Deposits	Annuity		
40033																			0	475	0	5160	190	1654	705	752	0	253	0	0	0	0	0	966	0	1812	Deferred Comp	Receivable from US Treasury Securtity 12/31/2025		
40855																			0	1027	0	2455	0	114	0	0	0	1314	0	0	0	0	0	0	0	0				
41553																			0	479	0	3587	30	30	0	0	0	1025	0	0	0	0	0	2053	0	0				
41629																			0	1972	489	5794	781	1461	0	0	0	1352	0	0	0	0	0	520	0	0	Low Income Housing Investment			
41825																				2282	4442	19790	1271	1879				3349					0	5747	0	2091	Other Assets	Health Insurance Reserve		
42037																			0	65	914	4150	0	197	0	0	0	499	0	0	0	0	0	2190	0	285				
42354																			503	3653	0	11279	303	823	0	0	0	2277	0	0	0	0	0	4526	0	0				
42372																			0	806	2490	14376	2226	2318	0	0	0	1570	0	0	0	0	0	6749	443	0				
42420																				38295	43761	443038		84212	36553			43617					0	155839	67582	9732	Limited Partnership Investments			
42448																			0	10556	4185	59339	2203	4321	0	0	0	17943	0	369	0	0	0	22334	0	0				
42457																			0	305	149	1550	191	256	0	0	0	840	0	0	0	0	0	0	0	0				
43052																			0	2626	108	8180	55	264	0	0	0	491	0	0	0	0	0	4691	0	0	Income Tax Receivable	Unrealized Tax Affect AFS		
43351																			0	657	300	9158	595	780	146	0	0	4932	0	0	0	0	0	0	1258	1231	Income tax receivable			
43856																			0	1458	241	3898	109	262	150	0	0	284	0	0	0	0	0	1653	0	0	Naming Rights	Real Estate Wires		
43959																			0	1463	2696	11653	225	225	0	0	0	1126	0	0	0	0	0	6143	0	0				
44040																			0	1666	3154	16202	248	257	0	0	0	4769	0	0	0	0	0	6356	0	0				
44433																				7485	11645	30007	1338	4850	2059	372	892	6027	51				0	0	0	0	Security Deposits	Clearing CAPS	Securities Principal Payments	
44741																			0	1459	1410	6934	595	736	0	0	0	3329	0	0	0	0	0	0	0	0				
44750																			0	2295	2446	11924	0	450	0	0	0	1051	0	0	0	0	0	3769	0	1913				
44929																				544	0	4816	189	189				632					0	1555	0	1896				
45056																			0	245	86	2039	243	248	0	0	0	1460	0	0	0	0	0	0	0	0				
45458																			0	2975	329	9753	685	787	0	0	0	1878	0	0	0	0	0	3620	164	0				
45551																			0	6095	6722	51643	1551	6988	3677	0	0	13692	0	6	0	0	0	14964	0	3182	EFA Vendor Commissions			
45560																				9657	0	76178	22138	28337				8037					0	26519	0	3628				
45775																			0	406	1643	7446	0	227	0	0	0	593	0	0	0	0	0	4577	0	0				
46053																			0	3058	0	12043	452	719	0	0	201	1501	0	0	0	0	0	6413	0	352	Passport Prefunded Transactions	Lease Right of Use NAPA	Right of use lease  Prior Lake	
46941																			0	831	0	7781	0	480	0	0	0	1517	0	0	0	0	0	2956	0	1997				
47247																				9702	0	52833	2327	12392	5816			4761	638	51			0	25978	0	0	Lender Reserve Account			
47500																			0	3635	1047	25583	1109	1595	0	0	0	1638	0	0	4	0	0	17668	0	0				
48374																			0	10493	0	85518	0	16886	0	0	0	27060	0	0	10401	3214	0	29924	0	1155				
48440																			0	1194	978	7970	0	219	11	0	0	1014	0	0	0	0	0	4565	0	0	Prefunding account			
49054																			0	1872	0	4085	151	306	0	0	0	1907	0	0	0	0	0	0	0	0				
49148																			0	284	90	3342	155	155	0	0	0	1059	0	0	0	0	0	1754	0	0				
49241																			0	13149	6197	67975	2236	5755	0	0	0	7774	0	0	0	0	0	27055	0	8045				
49652																			0	1935	176	9518	143	470	0	0	0	1617	0	0	0	0	0	5320	0	0				
49858																			0	168	121	5863	0	613	0	318	0	536	0	0	0	0	0	4425	0	0	Prepaid Insurance	Prepaid Service Contracts		
49951																			42	986	0	8401	0	1379	0	0	0	2951	0	0	0	0	0	3085	0	0				
50461																				0	2630	2933	34	34				269					0	0	0	0				
51253																				6584	0	25941		4764	3649			8258					0	6335	0	0	Brokered Deposit Premium			
51356																				0	0	394	57	57				337					0	0	0	0				
51459																			0	3771	192	13199	244	244	0	0	0	3444	0	0	0	0	0	5548	0	0	Insurance Claims Receivable	Accrued Income Taxes		
51842																				1846	2256	14010	235	2441	1952			3178					0	4289	0	0	FASB 115 Sed G (l) Def Tax			
52719																				6402	30573	107216		70241				0			64305		0	0	0	0				
52951																			486	2562	1046	7749	0	524	0	0	0	3617	0	0	0	0	0	0	0	0				
53051																			0	5	0	605	0	36	0	0	0	564	0	0	0	0	0	0	0	0				
54058																				1507	199	10475		310	207			8459					0	0	0	0	Accrued Income Tax Receivable			
54973																				112163	111415	493014	7737	29661	15774			29435					0	61781	148559	0	Pension Surplus			
55336																			0	1860	1715	9744	841	927	0	0	0	2304	0	0	0	0	0	2938	0	0				
55635																			0	177	376	2693	400	1483	0	0	0	657	0	0	0	0	0	0	0	0				
55970																			0	367	1146	25196	1007	1283	0	0	0	1862	0	0	0	0	0	16080	0	4458				
56258																			0	693	0	7532	172	225	0	0	0	2048	0	0	0	0	0	4566	0	0				
56351																				11405	7098	123299	8379	20216	4506			16205					0	68375	0	0	Right of Use Asset			
56548																			0	6844	2934	22418	714	1584	0	0	0	2213	0	0	0	0	0	8843	0	0				
56717																			0	4131	7674	50163	2225	4979	0	2043	0	4628	0	0	0	0	0	24126	0	4625		ROU Lease Assets		
57451																			0	1675	3934	18459	875	1027	0	0	0	2906	0	0	0	0	0	8917	0	0				
58225																			0	481	1727	13354	349	1208	0	0	0	1506	0	67	0	0	0	7196	0	1236				
58243																				38465	12954	301138	7952	67950	4740			25057	44192	2691	8148		0	116710	40002	0	NMTC Receivable			
58355																			0	125	0	1495	54	54	0	0	0	266	0	0	0	0	0	1050	0	0				
58551																			0	403	0	10700	0	179	0	0	0	2986	0	0	0	0	0	6586	0	546				
58636																			0	846	2813	20946	1096	1861	673	0	0	2775	0	0	0	0	0	5732	0	6919	PROPERTY PURCHASED FOR CUSTOMER OUTINGS			
58757																			0	1732	1569	17975	212	463	140	0	0	4416	0	0	0	0	0	9795	0	0	Agency Receivable			
58971																				17747	51250	222001	8929	28151				32905					0	91948	0	0				
59316																			0	6623	14653	90397	11153	13782	0	0	0	9250	0	0	0	0	0	35173	1452	9464				
59352																			0	385	0	11701	318	682	0	0	0	2789	0	0	0	0	0	7845	0	0				
59370																			41	353	1139	15922	749	1020	172	0	0	1131	0	9	49	0	0	12279	0	0	INCOME TAX RECEIVABLE	OTHER ASSETS		
59754																			18	1474	444	5326	1257	1446	0	0	0	1962	0	0	0	0	0	0	0	0				
60143	0	862000	681000	5644000	0	2350000	1346000	0	0	300000	0	0	0	0	0	1425000	26000	0		862000																	Pension plan assets			
60330																				1304	2138	33121	3638	5681				3852					0	13418	0	6728				
60545																			0	610	201	3744	0	76	0	0	0	2857	0	0	0	0	0	0	0	0				
60554																			0	188	0	2661	0	20	0	0	0	1786	0	0	0	0	0	667	0	0				
60648																			0	712	3185	14286	0	628	0	0	0	2276	0	0	0	0	0	6475	0	1010				
61122																			2802	4630	8094	113057	3454	42096	20798			7877					0	50360	0	0	Pension asset			
61355																			0	6580	4854	52735	2583	7065	0	0	0	8071	0	0	0	0	0	26165	0	0				
61757																				1218	856	14836		213			160	1792					0	10757	0	0			Debit Card Settlement	
61832																			0	1396	3248	18568	823	858	0	0	0	2079	0	0	0	0	0	5683	0	5304				
61953																			0	277	0	890	0	51	0	0	0	562	0	0	0	0	0	0	0	0				
62044																			0	286	0	4506	391	2303	1142	0	0	1209	0	210	0	0	0	708	0	0	Holding Company Commitment			
62110																			0	126	468	661	0	38	0	0	0	29	0	0	0	0	0	0	0	0				
62147																			0	747	0	3317	94	169	0	0	0	450	0	0	0	0	0	1951	0	0				
63050																			0	1409	2807	14912	0	170	0	0	0	2216	0	0	0	0	0	8310	0	0				
63069	0	440102	333054	2848408	0	1169972	466574	0	0	435656	0	0	0	0	0	110581	359043	0		440102																	Affordable Housing Investments commitment			
63201																			0	566	1501	6798	960	1112	0	0	0	1120	0	0	0	0	0	2499	0	0				
63573																			0	2298	1562	9820	0	3965	3345	0	0	1995	0	0	0	0	0	0	0	0	Prepaid Pension Obligation			
63733																			37	6786	6796	61241	1503	7017	3359			9077		298			0	26249	0	5316	Insurance Annuity Asset			
64552																				2214	1308	12568		2549		831		1150				901	0	5347	0	0	Accounts Receivable	Prepaid Service Contracts		
64730																			0	234	2274	3885	111	311	0	0	0	1066	0	0	0	0	0	0	0	0				
65205																			0	1477	4082	59370	1024	2331	0	0	0	3508	0	0	0	0	0	33636	0	14336				
65559																				572	6157	27230	664	919				6113		155			0	13469	0	0				
65858																			0	2456	1709	42951	2902	10902	6645	0	0	11078	0	2	1245	0	0	15149	0	1657	Artwork			
66154																			0	1250	331	10532	668	983	0	0	0	1546	0	0	0	0	0	6181	0	241				
66275																			0	2396	2018	11964	529	1063	504	0	0	4870	0	0	0	0	0	1617	0	0	Taxes and Loan Fees Receivable		0	
67142																			0	2625	0	4295	326	835	0	0	0	835	0	490	0	0	0	0	0	0				
67151																			0	661	0	7079	0	2983	0	0	0	3435	0	0	0	0	0	0	0	0				
67209																			0	5375	11483	45585	0	4578	3492	0	0	4645	0	0	0	0	0	19504	0	0	Income Tax Receivable			
67254																			0	0	0	195	0	172	0	0	0	23	0	0	0	0	0	0	0	0				
67656																				877	14060	28756	1111	3572				7106					0	3141	0	0	NET CURRENT TAXES			
68671																			0	113	0	5495	2113	3967	0	0	0	1415	0	0	0	0	0	0	0	0				
68756																				1751	0	25720		6083				8045	4460				0	9841	0	0				
68831																			0	1103	335	6866	0	343	0	0	0	1476	0	0	0	0	0	3609	0	0				
69333																				3784	0	50702	1609	3259	1425			7083					0	36576	0	0	Right of Use Lease Asset			
69678																			0	1012	1693	8575	1168	3124	1130	0	0	2746	0	22	0	0	0	0	0	0	Trust Fees Receivable			
70218																				679	297	7281		5893	5331			412					0	0	0	0	Right of Use Asset			
70638																			0	1667	0	12085	502	967	0	0	0	4877	0	0	0	0	0	3218	178	1178				
70955																			0	0	0	693	135	161	0	0	0	532	0	0	0	0	0	0	0	0				
71073																			0	2835	364	8229	153	454	0	0	0	616	0	0	290	0	0	1346	0	2614				
71457																			0	5284	1718	24794	2304	2343	0	0	0	7869	0	0	0	0	0	7580	0	0				
71859																			0	149	317	1799	0	1271	0	0	0	62	0	0	1214	0	0	0	0	0				
72258																			0	580	0	9725	912	1144	193	39	0	8001	0	0	0	0	0	0	0	0	Accrued Principal Receivable - Mortgage Backed Securities	AR Trust Income		
72351																			0	120	0	807	91	94	0	0	0	593	0	0	0	0	0	0	0	0				
72454																			0	110	459	1737	220	220	0	0	0	948	0	0	0	0	0	0	0	0				
72678																			0	2173	7183	33937	1381	1409	0	0	0	2422	0	0	23	0	0	20750	0	0				
73116																			0	544	4082	14653	971	1915	0	0	0	1947	0	0	0	0	0	6165	0	0				
73152																			0	561	0	6173	76	76	0	0	0	1213	0	0	0	0	0	3537	0	786				
73554																			0	3630	0	16672	783	1590	438	0	0	7747	0	0	0	0	0	3705	0	0	INCOME TAX RECEIVABLE			
73956																			0	223	57	1685	0	18	0	0	0	318	0	0	0	0	0	1069	0	0				
74056																			0	1133	178	9441	465	3250	2785	0	0	3241	0	0	0	0	3	1636	0	0	TAX CREDIT INVESTMENTS			
74140																				8313	2755	78797	3401	13199	6309			8397					0	17848	26275	2010	Investment in Low Income Housing			
74403																				3560	6570	33543	922	3069				3742					0	16602	0	0				
74449																			0	25	0	160	0	27	0	0	0	108	0	0	0	0	0	0	0	0				
75259																			0	1273	1614	30780	2721	3659	0	0	0	4265	0	0	499	0	0	19173	0	796				
75446																			0	4003	29	16930	368	404	0	0	0	3691	0	6	0	0	0	8803	0	0				
75455																			0	0	0	358	0	0	0	0	0	358	0	0	0	0	0	0	0	0				
75633	0	3085563	1811592	11525518	359433	1199919	0	0	0	860479	0	445333	0	0	64	1771315	2312941	483645																						
75651																			0	612	198	3907	0	253	160	0	0	777	0	0	0	0	0	2067	0	0	Insurance Agency			
76153																				722	0	2632	94	485				1267					0	158	0	0				
76443																			0	214	0	977	131	223	0	0	0	540	0	0	0	0	0	0	0	0				
76854																			0	1661	3598	21512	533	1927	0	0	0	2454	0	0	0	0	0	8800	0	3072				
77150																				91	0	843		209				543					0	0	0	0				
77253																			13	1748	4524	31845	740	5165	0	0	4200	3725	0	0	0	0	0	16683	0	0			DIVERSIFIED LENDING - FACTORING	
77422																			0	711	799	9147	287	2257	0	1081	0	476	0	0	777	0	0	2576	0	2328		Annuity Contracts		
77851																				21879	8234	152701	7777	13403	3462			21353					0	87832	0	0	Wealth Management Trust Fees Receivable			
78157																			0	100	0	482	0	94	0	0	0	288	0	0	0	0	0	0	0	0				
78241																			0	299	465	1563	0	63	0	0	0	736	0	0	0	0	0	0	0	0				
78559																			0	117	0	1108	208	244	0	0	0	747	0	0	0	0	0	0	0	0				
79042																				3057	3086	20873		42				5583					0	8972	0	133				
79127																			5	334	0	4042	139	197	0	0	0	449	0	0	37	0	0	3062	0	0				
79145																			0	2334	484	4459	265	426	0	0	0	1215	0	0	0	0	0	0	0	0				
79257																			0	0	0	736	0	352	0	0	0	384	0	0	0	0	0	0	0	0				
79855																			0	481	0	4675	686	2629	1789	0	0	1565	0	0	0	0	0	0	0	0	IN PROCESS NON POST DEBITS			
80150																			0	415	23	27519	938	2727	110	201	0	11901	0	0	0	0	0	10338	0	2115	Agency Accounts Receivable	Debit Card Escrow Account		
80374																			0	420	355	9784	620	738	0	0	0	683	0	0	0	0	0	7588	0	0				
80431																			0	97	161	831	0	75	0	0	0	498	0	0	0	0	0	0	0	0				
81175																			0	1942	771	13579	2217	2905	0	0	0	3723	0	0	0	0	0	4238	0	0				
82033																			0	1917	868	15497	122	3652	0	0	0	1200	0	0	0	0	0	7860	0	0				
82257																			0	92	22	680	0	54	0	0	0	512	0	0	0	0	0	0	0	0				
82350																			0	71	775	3080	159	194	0	0	0	575	0	0	0	0	0	1465	0	0				
83375																			0	1524	0	47233	2712	7403	3016	0	0	5596	0	0	0	0	0	29866	0	2844	Art			
83638		57138	34551	479706		93916				33457	36324				0	260644	0	0		57138																				
83834																			0	1506	0	6278	187	542	239	0	0	1099	0	0	0	0	0	3131	0	0	Cash Settlement - Bancards			
83852																			0	24	71	646	0	151	0	0	0	400	0	0	0	0	0	0	0	0				
83955																			3	296	266	4523	245	248	0	0	0	1945	0	0	0	0	0	1768	0	0				
84541																			0	11435	11018	85870	3780	4620	227	320	0	17149	139	0	58	0	0	21706	0	19942	Enhance MS LLC	Credit Card Clearing		
85052																			0	487	3863	7276	425	435	0	0	0	747	0	0	0	0	0	1744	0	0				
85472																				136592	42516	584982		87382				48191	59475				0	112437	110885	46979				
85931																			0	1713	1522	7325	301	345	0	0	0	1352	0	0	0	0	0	2393	0	0				
86349																			0	1562	0	9647	1026	3479	1551	0	0	4606	0	0	0	0	0	0	0	0	Def Comp Trust			
86675																			0	3929	7622	31087	1020	1603	0	0	0	890	0	0	0	0	0	15244	1799	0				
87047																			0	446	1885	9162	218	218	0	0	0	971	0	0	0	0	0	5642	0	0				
87234																			0	2064	2761	38161	0	11310	5917	0	0	2773	0	0	0	0	0	17867	0	1386	Investment in Subsidiaries			
87476																			0	2429	613	9778	86	1259	59	0	0	639	0	0	0	0	0	4838	0	0	non construction LIP			
87579																				1937	2834	27887		5693		3811		2130					0	10630	0	4663		Defined benefit pension plan asset		
88231																			0	5592	10122	56630	2254	5569	655	0	0	6086	942	0	104	0	0	29261	0	0	Mortgage Loans In Process			
88259																			0	379	0	3356	0	67	0	0	0	1020	0	0	0	0	0	1890	0	0				
88352																				82	0	9933	177	301	10	109		1985		5			0	6253	0	1312	Bedias Mineral Interests, Inc - Subsidiary	Right-of-Use Assets		
88455																			0	6388	2979	36468	643	2650	0	0	0	14318	0	0	0	0	0	8208	120	1805				
89032																			0	610	197	4519	0	513	0	0	0	933	0	0	0	0	0	2096	0	170				
89135																			0	172	0	3331	159	247	0	0	0	348	0	0	0	0	0	1209	0	1355				
89854																			817	653	11	6054	278	1220	0	0	0	994	0	0	0	0	0	3176	0	0				
89957																			0	996	877	4507	0	474	0	0	0	788	0	0	0	0	0	1372	0	0				
90047																			0	0	0	421	67	76	0	0	0	345	0	9	0	0	0	0	0	0				
90177																			0	3563	0	11833	1196	1622	425	0	0	1376	0	0	0	0	0	1355	0	3917	Deferred Loan			
90328																			0	3474	3395	53008	7712	14430	4703	0	0	4541	0	0	0	0	0	25107	177	1884	Annuity Contracts			
90337																			0	2933	0	25607	1272	4261	0	0	0	2037	0	0	2846	0	0	16376	0	0				
90579																			0	1270	3869	16907	982	1717	0	0	0	2085	0	0	0	0	0	6880	0	1086				
91615																			0	325	739	5056	488	496	0	0	0	774	0	8	0	0	0	2722	0	0				
91950																			0	316	185	3883	0	109	0	0	0	754	0	0	0	0	0	2519	0	0				
92144																			0	91	224	2053	0	14	0	0	0	483	0	0	0	0	0	1241	0	0				
92676																				3871	2694	33366	2105	2938				2749					0	17616	0	3498				
92706																			0	614	4498	20137	2527	2859	0	0	0	1098	0	123	0	0	0	5058	0	6010				
92902																			0	48	0	362	0	198	135	0	0	116	0	0	0	0	0	0	0	0	ADVANCES TO NOT FOR PROFIT			
93244																			0	4972	0	14230	535	653	0	0	0	2503	0	0	0	0	0	6102	0	0				
93543																			0	2517	2224	25863	0	6991	1939	0	0	3379	0	0	0	0	0	6972	0	3780	Cinnaire & Merchants Capital Community Investment Fund			
93619	0	118	7	6008	0	5882	0	0	0	1	0	0	5882	0	0	0	0	0																						
94139																			0	9839	3217	44708	1197	4210	0	0	0	2937	0	0	0	0	0	24505	0	0				
94522																			0	1191	3275	39969	1753	3337	0	0	0	4395	0	0	0	0	0	20951	2400	4420				
94755																			0	659	1796	10062	0	78	0	0	0	1994	0	0	0	0	0	5535	0	0				
94858																			0	246	0	2665	0	56	54	2	0	2363	0	0	0	0	0	0	0	0	FDIC Fin Inst Bond	Outgoing RBF		
95051																				4162	0	7727		1936				1629			1662		0	0	0	0				
95677																			0	617	606	1793	236	241	0	0	0	329	0	0	0	0	0	0	0	0				
96553																			0	1005	0	3948	713	763	50	0	0	2180	0	0	0	0	0	0	0	0	Railpark	CDARS outgoing RBP		
97055																			0	4167	1207	20306	1467	1560	0	25	68	13372	0	0	0	0	0	0	0	0	DDA Suspense	Accrued Expenses with negative balances	NE Fund XV & XVII	
97279																			0	244	126	1480	240	242	0	2	0	368	0	0	0	0	0	0	500	0		Accrued State Financial Income Tax		
97457																			38	771	0	5221	180	218	0	0	0	2062	0	0	0	0	0	1524	0	646				
97804																			0	14424	6079	72912	0	19817	9211	0	0	4486	0	0	0	0	0	28106	0	0	Prepaid Pension Asset			
97943																			0	2360	415	8933	174	214	0	0	0	5944	0	0	0	0	0	0	0	0				
98351																			0	256	741	6103	705	1719	46	63	902	745	0	0	0	0	0	2642	0	0	WARRANTS	VISA CLEARING	ICS	
98463																			0	2341	13717	44456	1262	1885	0	0	0	3802	0	610	0	0	0	20098	1568	1045				
98717																				560	915	7963	422	430				881					0	5177	0	0				
99143																			0	925	2172	16016	1125	1342	0	0	0	3620	0	0	0	0	0	6053	0	1904				
99376																				18889	3329	74021	3850	31894			1074	19909	10326		16644		0	0	0	0			Miscellaneous Assets	
99442																			0	1225	5368	38212	3346	4548	0	0	0	8610	0	0	0	0	0	16918	0	1543				
99536																			0	1347	1105	27477	1628	1717	0	0	0	5330	0	0	0	0	0	3368	0	14610				
99853																			0	0	651	1154	212	236	0	0	0	267	0	0	0	0	0	0	0	0				
100236																			0	311	0	7107	271	293	0	0	0	1411	0	0	0	0	0	5092	0	0				
100357																			0	5175	0	42479	1194	1749	0	0	0	8135	0	0	0	0	0	24342	3078	0				
100562																				19978	98060	433497		144554	122801			33652					0	137253	0	0	Low income housing funds			
100777																			0	2307	3258	34659	0	2269	0	0	0	3196	0	0	1150	0	0	23629	0	0				
100843																			1444	6445	0	20285	906	2876	0	0	0	4735	0	0	0	0	0	4047	0	2182				
101037																			0	649	9783	19715	1095	4170	0	0	0	5113	0	0	0	0	0	0	0	0				
101439																			0	198	0	3223	695	698	0	0	0	2327	0	0	0	0	0	0	0	0				
101671																				1743	3506	42928		12674	8462			3137					0	21868	0	0	capital lease assets			
101738																			0	1255	0	7047	339	439	0	0	0	1559	0	0	27	0	0	3794	0	0				
101952																			0	1298	0	6609	130	132	0	0	0	893	0	0	0	0	0	3589	0	697				
102333																			0	0	698	1251	161	254	0	0	0	299	0	0	0	0	0	0	0	0				
102342																			109	1924	3	7131	207	1689	236	1137	0	3515	0	0	0	0	0	0	0	0	Fiserv Debitcard Float Retainer	Online Loan Clearings		
102557																			0	444	156	3302	350	381	0	0	0	616	0	0	0	0	0	1705	0	0	Credit Card Line - Secured			
102874																				1386	30	2520		328				776					0	0	0	0				
103134																			0	659	0	3288	0	99	0	0	0	386	0	0	0	0	0	2144	0	0				
104234																			0	74	1143	2067	0	133	0	0	0	717	0	0	0	0	0	0	0	0	Receivables			
104542																			0	396	0	1423	26	34	0	0	0	321	0	0	0	0	0	672	0	0				
104971																			0	24	186	321	4	66	0	0	0	45	0	2	60	0	0	0	0	0				
105026																			0	1153	1663	12005	1355	1814	0	0	0	1930	0	0	0	0	0	5445	0	0				
105473																			0	2362	6826	32592	3072	15065	8947	0	0	8339	0	0	0	0	0	0	0	0	Deferred Directors Fees - Investments			
105530																			0	266	2520	10211	465	557	23	0	0	801	0	0	0	0	0	4401	0	1666	OTHER MISC ASSETS			
106359																				14120	25324	96502	3463	11109				9571	2286				0	29002	0	7376				
106452																			0	868	0	5225	452	1247	0	0	0	3110	0	0	0	0	0	0	0	0				
106676																			0	708	384	1465	45	129	0	0	0	244	0	0	0	0	0	0	0	0				
107244																				671280	0	1862483		167988	72641			171583					0	754493	59444	37695	Income Taxes Receivable			
107570																			0	2835	2511	21472	712	1040	328	0	0	2583	0	0	0	0	0	12503	0	0	Low Income Housing Tax Credit Investments			
107758																			0	523	0	3182	101	101	0	0	0	696	0	0	0	0	0	1862	0	0				
108072																			0	807	1419	8541	172	485	271	0	0	1604	0	0	0	0	0	4226	0	0	ACH CLEARING			
108269																			0	117	0	3953	0	52	0	0	0	376	0	0	0	0	0	3408	0	0				
108652																			12	388	436	1712	387	411	0	0	0	193	0	0	0	0	0	284	0	0				
108746																			0	36	0	1053	0	313	255	0	0	704	0	0	0	0	0	0	0	0	Interest Receivable Securities			
108951																			0	4659	880	13619	320	320	0	0	0	7539	0	0	0	0	0	221	0	0				
109136																			0	368	4426	21544	230	230	0	0	0	2498	0	0	0	0	0	14022	0	0				
109154																			0	1215	0	3422	549	602	53	0	0	937	0	0	0	0	0	668	0	0	Brokered CD Premium			
109453																			0	1513	82	6292	112	189	0	0	0	2972	0	0	0	0	0	1536	0	0				
109574																			0	2377	2252	18903	128	136	0	0	0	2004	0	0	0	0	0	12134	0	0				
109659																			27	936	1469	15380	344	601	0	0	0	1755	0	123	0	0	0	10169	0	450				
110413																				12195	0	94165	10661	25476	10056	4759		5048					0	49487	0	1959	Prepaid Custodial Broker Income	Accrued Program Revenue		
110936																			0	2051	10119	32014	0	5402	763	0	0	14442	0	1097	0	0	0	0	0	0	CR Card Payment in Process			
110945																			0	1365	877	8789	725	725	0	0	0	1762	0	0	0	0	0	0	0	4060				
110972																			0	636	94	3115	0	142	0	0	0	359	0	0	0	0	0	1884	0	0				
111157																				999	0	5859	716	831	115			2139					0	1890	0	0	DDA Suspense			
111205																			0	5663	1248	33194	0	8252	7246	0	0	2368	0	0	0	0	0	7752	0	7911	Prepaid Pension			
111942																			0	4388	2286	20504	782	1102	0	0	0	2715	0	0	0	0	0	9172	0	841	Loan suspense	Foreign Items in Transit		
112332																			0	230	214	7674	335	611	0	0	0	1195	0	0	0	0	0	5424	0	0				
112510																			0	255	0	2552	0	143	0	0	0	449	0	0	0	0	0	1705	0	0				
112556																			0	223	0	1303	42	42	0	0	0	1038	0	0	0	0	0	0	0	0		Prepaid Expenses		
112837	0	2789854	7130277	23912262	0	8453071	2749680	0	0	3492046	0	0	0	0	0	109466	1937548	0		2789854																	NMTC Loans			
113003																				213	0	5706		1159	735			513					0	3821	0	0	Pension 87			
113030																			0	0	0	1221	0	424	0	0	0	797	0	0	0	0	0	0	0	0				
113441																			0	1537	5369	33530	881	2708	1386	0	0	4799	0	73	0	0	0	11091	4739	3287	Low Income Housing			
113601																			0	1098	6373	13578	811	1118	0	0	0	4989	0	0	0	0	0	0	0	0	Tax receivable			
113740																				8594	2654	46179	1696	2601				4664	604				0	27666	0	0				
114149																			0	4701	1044	14312	0	55	0	0	0	995	0	0	0	0	0	6744	0	773				
114260																				5824	10557	49563	5209	10979	3222			22203					0	0	0	0	Reserve for Taxes			
114457																			0	423	0	4504	162	479	17	131	0	3602	0	0	169	0	0	0	0	0	OUTGOING CDARS PAYMENT	GOODWILL		
114774																			0	325	0	1025	129	487	0	0	0	213	0	0	317	0	0	0	0	0				
114840																			0	2649	2376	19751	1543	2094	0	0	0	2402	31	0	0	0	0	7407	0	2823				
114859																			0	913	0	1908	282	301	0	0	0	694	0	0	0	0	0	0	0	0				
115146																			0	2255	0	4350	1	1	0	0	0	2094	0	0	0	0	0	0	0	0				
115575																			0	4103	4730	31619	1374	3294	0	0	0	2941	0	0	0	0	0	13368	488	2695				
116358																			0	255	0	1140	54	71	0	0	0	378	0	0	0	0	0	436	0	0				
116554																			0	38	0	3723	255	3328	2624	258	0	357	0	0	0	0	0	0	0	0	Deferred technology expenses	Deferred merger costs		
116741																			0	123	170	3679	95	98	0	0	0	3288	0	0	0	0	0	0	0	0				
117038																				533	72	8852	277	1030		2		2353	489				0	4864	0	0		Utility Deposits		
117458																			0	24572	315	43037	1663	3261	1114	0	0	14889	0	0	0	0	0	0	0	0	Fiserv Settlement Deposit			
117775																				129	1165	2578	252	304				980					0	0	0	0				
118156																			0	3919	1118	57159	877	8905	6203	0	0	8233	0	0	0	0	0	34025	0	959	Investment in federal tax credits			
118660																			0	1363	46	3078	387	668	238	0	0	1001	0	0	0	0	0	0	0	0	Inclearing reject account			
118736																			0	564	656	11426	297	1072	488	0	0	1909	0	0	0	0	0	7225	0	0	Pension Asset			
119153																				667	0	2628		179				1782					0	0	0	0				
119779																				7098	1647	49197	1696	5351				6152					0	24625	0	4324				
119872																			0	2521	0	11022	922	1518	0	0	0	2108	0	0	0	0	0	4875	0	0				
120476																			0	528	92	1011	108	144	0	0	0	247	0	0	0	0	0	0	0	0				
120542																			0	1133	0	8998	0	1012	893	0	0	1632	0	0	0	0	0	5221	0	0	Other Bonds & Securities			
120609																			0	6423	8431	90525	0	26532	20695	0	0	8118	0	0	0	0	0	39371	0	1650	net pension asset			
120953																			0	6	2418	11609	86	86	0	0	0	3786	0	0	0	0	0	3904	800	609				
121642																			11	9176	9869	186851	10351	24706				36268	550				0	95770	0	11062				
121651																			0	456	3319	10017	419	429	0	0	0	5813	0	0	0	0	0	0	0	0				
121914																			0	611	1952	15828	1733	1836	0	0	0	1264	0	0	0	0	0	7508	0	2657				
122153																			0	203	169	726	0	128	0	0	0	226	0	0	0	0	0	0	0	0				
122546																			643	408	0	3678	128	790	0	0	0	648	0	0	0	0	0	1832	0	0			M/C Drafts in Process	
123075																			0	463	1078	2039	0	236	66	168	0	262	0	0	0	0	0	0	0	0	Income Tax Receivable	Prepaids		
123374																			0	402	0	1040	0	120	0	0	0	518	0	0	0	0	0	0	0	0				
124344																			0	4684	2298	23366	1029	3495	0	0	0	2260	1095	38	171	0	0	10485	0	144				
124830																			0	181	229	7256	0	611	255	0	0	1466	0	0	0	0	0	2812	707	1250	condominium			
125154																				1675	0	19676	1873	4047				3552					0	7302	0	3100				
125855																			0	1460	0	22811	1914	7997	0	0	0	13354	0	0	0	0	0	0	0	0				
126012																			0	1240	3952	27557	11188	12102	874	0	0	1673	0	33	0	0	0	7217	0	1373	Right of Use Asset			
126049																			0	658	0	3769	170	173	0	0	0	930	0	0	0	0	0	2008	0	0				
126375																			0	1349	191	13259	1947	2047	0	0	0	631	0	0	0	0	0	9041	0	0				
126553																				12852	0	33463	553	8195				1716	240		533		0	10700	0	0				
126834																			0	0	11946	19066	126	330	160	0	0	6790	0	0	0	0	0	0	0	0	Refundable tax assets			
127055																			0	1237	0	2533	252	720	368	0	0	576	0	0	95	0	0	0	0	0	OTHER ASSETS			
127224																			0	282	3095	12186	345	659	0	0	0	984	0	0	0	0	0	5492	0	1674				
128258																			0	0	0	1805	55	55	0	0	0	845	0	0	0	0	0	905	0	0				
128904																				253580	307484	1531882	259817	565638				97344					0	272814	1906	33116				
129349																			0	277	0	10382	137	137	0	0	0	1310	0	0	0	0	0	8658	0	0				
129358																			0	801	88	3049	234	567	285	0	0	1063	0	0	0	0	0	530	0	0	Deposit Account Unposted Debits			
129732																				48196	37869	346257		112912	32301	40355		39818					0	104940	0	2522	A/R - due from Broker/Counterparty	A/R Federal income tax receivable		
129853																			0	847	0	7049	0	82	0	0	0	4115	0	0	0	0	0	1387	0	618				
129910																			0	2978	2575	15933	429	849	331	0	0	2805	0	0	0	0	0	3386	0	3340	Premiums Paid Life Insurance	ROU Operating Lease		
130345																			0	3320	0	18847	559	1334	403	0	0	1956	0	0	0	0	0	12237	0	0	ATM Debit Card Setup			
130541																				45713	127783	290496	6190	50535				29733					0	16417	20315	0				
131436																				906	2500	21990	609	787				3525					0	14272	0	0				
131717																				149	0	543		67				327					0	0	0	0				
131940																			0	1711	478	6830	0	250	0	0	0	748	0	0	0	0	0	3643	0	0				
132107																			0	7956	5303	67701	11238	25941	0	0	0	7597	10878	402	0	0	0	19440	0	1464				
132451																			0	371	96	1367	0	107	0	0	0	793	0	0	0	0	0	0	0	0				
132778																			0	608	122	2292	54	91	0	0	0	218	0	7	10	0	0	635	0	618				
132938																			0	536	1294	5228	132	232	0	0	0	829	0	0	0	0	0	2337	0	0				
133579																				3108	2928	20610		4453	2434			2284					0	4922	417	2498	DEFERRED DIRECTORS COMPENSATION			
133850																			0	8015	22369	83249	3660	6305	2608	0	0	12754	0	0	0	0	0	22995	0	10811	LINQs+ Fixed Annunities			
133971																			0	2025	7651	45333	450	630	0	0	0	2662	0	0	0	0	0	30492	0	1873				
134156																			0	511	0	4351	1159	1383	0	0	0	2457	0	0	0	0	0	0	0	0				
134437																			0	1326	11666	51170	0	1739	829	0	0	8008	0	0	0	0	0	26874	0	1557	Delayed Principal payments for Agency Security investments			
134455																			0	2071	0	7806	129	390	0	0	0	2443	0	0	0	0	0	2236	0	666				
134848																			0	592	1379	9747	0	62	0	0	0	1506	0	0	0	0	0	6208	0	0				
135836																			0	1542	0	4532	0	330	0	0	0	556	0	0	0	0	0	2104	0	0				
135854																			0	792	0	5895	445	510	0	0	0	2716	0	0	0	0	0	1877	0	0				
136048																			0	1275	1154	6489	187	227	0	0	0	2018	0	0	0	0	0	1815	0	0				
136338																			0	1095	3261	7321	533	1093	0	0	0	1872	0	373	0	0	0	0	0	0				
136655																			0	980	47	4690	310	310	0	0	0	1024	0	0	0	0	0	2329	0	0				
137205																			90	6022	11525	64559	4782	17895	0	0	0	9196	1487	0	0	0	0	16639	0	3282				
137447																			0	885	5755	24564	126	126	0	0	0	4696	0	0	0	0	0	13102	0	0				
137456																			0	399	0	5054	0	298	0	0	0	1620	0	0	0	0	0	2737	0	0				
137559																			0	28	293	2727	0	51	0	0	0	2355	0	0	0	0	0	0	0	0				
137643																			0	428	312	3956	119	121	0	0	0	2206	0	0	0	0	0	889	0	0				
137652																				12391	0	33535	5517	16499				4645			8003		0	0	0	0				
137915																				448430	0	704308	30255	228255	156420			27623					0	0	0	0	ROU assets			
138051																			0	0	0	2220	0	112	0	0	0	2108	0	0	0	0	0	0	0	0				
138257																			0	46	0	2570	371	406	0	0	0	993	0	0	0	0	0	1125	0	0				
138556																			0	291	1280	4822	119	166	0	0	0	477	0	0	0	0	0	1663	945	0				
139133																				799	1514	9593	235	254				1376					0	5650	0	0				
139478																			0	7054	550	31011	362	1134	0	0	0	2911	0	239	2	0	0	10758	0	8604				
139553																			59	5223	10370	26260	1929	2640	0	0	0	8027	0	208	45	0	0	0	0	0				
139656																				61889	18055	286147	11508	24594				33308					0	140269	0	8032				
139740																				15167	26188	122499		22970				11982	12489				0	21185	17318	7689				
139843																				12148	7858	88408	7248	15593				24364				2421	0	24560	0	3885				
140157																			0	1456	0	11233	1728	1847	0	0	0	7930	0	0	0	0	0	0	0	0				
140362																				26788	7582	148995		41287	16325			16410					0	56928	0	0	Investment in precious metals, at fair value			
140634																			0	78	0	1621	8	720	0	0	0	772	0	0	0	0	0	51	0	0		Condominium Purchase		
141350																			0	419	0	4261	0	138	0	0	0	3704	0	0	0	0	0	0	0	0				
141556		13660	5169	35918	2963	7928				9161					0	0	0	0		13660																				
141677																			0	42	0	2963	0	89	0	0	0	235	0	0	0	0	0	2597	0	0				
141958																			0	124	2160	3833	279	381	0	0	0	945	0	102	0	0	0	223	0	0				
142049																			0	1246	412	3179	172	204	0	0	0	1317	0	0	0	0	0	0	0	0				
142179																			0	248	1165	3428	0	1426	1312	0	0	589	0	0	0	0	0	0	0	0	Director Def Comp Asset			
142955																			0	1657	4602	15185	1240	1825	0	0	0	3234	0	0	0	0	0	3867	0	0				
143372																			14	250	0	3360	511	1693	0	0	0	1417	0	0	0	0	0	0	0	0				
143662																				246527	364927	2410257		347829				233115	84143				0	1146638	12625	58596				
143859																			0	1422	0	15656	1761	1875	0	0	0	4390	0	0	0	0	0	7969	0	0				
143952																			0	2993	1688	7080	0	242	0	0	0	2157	0	0	0	0	0	0	0	0				
144052																			0	657	1124	7216	261	416	0	0	0	4957	0	0	0	0	0	62	0	0				
144155																				700	0	2680	321	578				1402			174		0	0	0	0				
144678																			0	1438	5809	29156	687	1176	0	0	0	2552	0	0	0	0	0	15277	0	2904	Lender Risk Account			
144856																			0	4459	0	6845	654	1038	0	0	0	1348	0	0	0	0	0	0	0	0				
144913																			0	1694	2024	6284	563	604	0	0	0	1962	0	0	0	0	0	0	0	0				
145059																			0	175	521	5348	41	919	832	0	0	888	0	0	0	0	0	2845	0	0	Accd Tax Pay Credit			
145545																			0	3012	5100	33684	0	2008	0	0	0	3890	0	0	0	0	0	16929	0	2745				
145554																			0	576	600	7275	239	387	0	0	0	832	0	0	0	0	0	4880	0	0				
145741																			0	156	57	3724	0	254	0	0	0	3257	0	0	0	0	0	0	0	0				
145844																			0	5719	4844	21060	0	1517	0	0	0	4361	0	0	0	0	0	4619	0	0				
146056																			0	263	297	2627	369	390	0	0	0	1274	0	0	18	0	0	403	0	0				
146663																			0	6967	33065	82049	2059	11668	8000	0	0	7645	0	0	0	0	0	22704	0	0	Subordinated Note Receivable			
147651																			0	110	82	1250	104	125	0	0	0	933	0	0	0	0	0	0	0	0				
147679																			0	2410	0	13605	498	590	0	0	0	1365	0	0	0	0	0	9240	0	0	0			
147857																				1832	0	8141	250	526				4327					0	1456	0	0				
147923																			0	521	1224	13050	474	1919	722	0	0	1428	0	0	0	0	0	7958	0	0	DUE FROM TRANFER AGENT FOR DIVIDEND FUNDING			
148171																			0	4295	0	15552	0	2151	1371	0	0	1215	0	0	0	0	0	7443	0	448	TITLE PLANT			
148238																			515	765	1204	15512	267	1015	175	0	0	3338	0	0	0	0	0	2769	6421	0	Other Assets			
148340																			0	1307	14	3848	403	403	0	0	0	762	0	0	0	0	0	1362	0	0				
148470																			0	1320	3540	14380	815	892	0	0	0	998	0	0	0	0	0	6215	0	1415				
148715																			0	177	738	2478	223	436	0	0	0	1127	0	0	0	0	0	0	0	0				
149150																			0	832	569	2550	167	178	0	0	0	971	0	0	0	0	0	0	0	0				
150035																				2426	14733	66671	3012	7079	3050			6304					0	33226	0	2903	Other Investment - CRA related			
150044																			0	5329	1928	36393	1108	2713	0	0	0	3703	0	0	0	0	0	16647	0	6073	CARD SVCS SETTLEMENT DEPOSIT			
150727																			0	5579	6331	52352	0	9992	0	0	0	7725	0	2652	0	0	0	21144	0	1581				
151957																			0	7931	4576	30707	0	7535	4438	0	0	10665	0	0	0	0	0	0	0	0	Right to Receive Payment from Short Positions			
152057																			15	475	456	5709	233	248	0	0	0	864	0	0	0	0	0	3666	0	0				
152253																			0	504	0	2960	0	0	0	0	0	2456	0	0	0	0	0	0	0	0				
152440																			0	422	0	1923	0	120	0	0	0	1381	0	0	0	0	0	0	0	0				
153054																			0	5031	0	19434	952	969	0	0	0	2133	0	0	0	0	0	11301	0	0				
153353																			2	11869	13555	77993	969	4758	4	0	0	13264	2969	0	814	0	611	28540	0	5396	Federated Investors - posted Debits			
154154																			0	3714	0	39883	945	1044	0	0	0	7205	0	0	0	0	131	26025	0	1764				
154770																			0	2703	12494	44177	1495	2700	737	0	0	4409	0	0	0	0	0	21871	0	0	Federal and State Tax Receivable			
155759																			0	0	0	1759	0	169	0	0	0	1590	0	0	0	0	0	0	0	0				
156457																			0	154	0	1163	51	51	0	0	0	958	0	0	0	0	0	0	0	0				
156970																				104	469	4682	313	478	141			787					0	2844	0	0	OVERDRAFTS DDA - GL 1235			
157155																			0	641	588	4329	192	240	0	0	0	802	0	0	0	0	0	2058	0	0				
157379																			0	184	0	846	125	197	0	0	0	465	0	0	0	0	0	0	0	0				
157650																				410	0	2146	366	466	100			403					0	867	0	0	LETTERS OF CREDIT			
157744																			0	2928	0	14383	186	737	0	0	0	4183	0	0	0	0	0	4838	0	1697				
157856																			0	139	0	455	80	84	4	0	0	232	0	0	0	0	0	0	0	0	gold/silver			
158376																			0	627	40	1452	392	478	0	0	0	307	0	0	0	0	0	0	0	0				
158741																			0	428	2016	8772	117	562	445	0	0	882	0	0	0	0	0	4884	0	0	Deferred Comp			
159636																				6633	33244	168146		39903		29958		19018					0	60130	0	9218		Linqs + Annuities		
159645																			0	1705	1110	5586	359	1388	0	0	0	1383	999	0	0	0	0	0	0	0				
159953																			131	359	0	2056	43	174	0	0	0	1523	0	0	0	0	0	0	0	0				
159971																			0	3508	2646	50772	1217	4278	0	0	0	3201	0	0	0	0	0	31986	0	5153				
160360																			0	1951	4384	22144	0	2507	0	0	0	2830	0	0	0	0	0	10472	0	0				
160454																			0	904	0	8647	139	321	71	0	0	1275	0	0	0	0	0	4508	0	1639	Art & Collectibles			
160959																				3541	166	37512	1475	3234				20408		18	1704		0	0	0	10163				
161273																			0	23267	28226	136669	1813	9416	0	0	0	9834	0	0	7400	0	0	60770	0	5156				
161602																			0	25509	11185	89993	9101	31707	15857	0	0	21592	0	0	0	0	0	0	0	0	Commercial Loan Swap Fair Value			
162337																			0	1289	1609	32946	0	3033	0	0	0	6030	0	0	0	0	0	20985	0	0				
163343																			0	170	228	2451	237	294	0	0	0	476	0	0	0	0	0	1283	0	0				
163549																				7970	12121	78806	2438	10036				6308	2920			3551	0	36041	4080	2250				
163857																			0	4631	0	30523	750	2743	0	0	0	5956	0	0	0	0	0	12423	0	4770				
164153																			0	235	0	2223	172	344	150	0	0	813	0	0	0	0	0	831	0	0	FISERV EFT PREFUNDING			
164331																			0	303	1099	11830	635	1486	170	384	0	1534	0	0	0	0	0	7408	0	0	DEFERRED SALARIES	EFT SETTLEMENT		
164377																			0	344	29	9651	397	629	0	0	0	673	0	0	0	0	0	5129	0	2847				
164957																			0	151	254	1524	0	89	0	0	0	547	0	0	0	0	0	483	0	0				
164975																			0	618	384	4238	123	225	0	0	0	373	0	0	0	0	0	0	0	2638				
165628		116666	0	1499097		1063493				71940	391583				0	70793	171129	5076		116666																	Equipment Under Operating Lease			
165758																			0	2043	726	6028	336	457	0	0	0	484	0	17	0	0	0	2318	0	0				
166111																			0	1838	0	28769	24584	25359	0	0	0	1572	0	0	741	0	0	0	0	0				
166531																			0	431	2340	13667	490	514	0	0	0	1521	0	0	0	0	0	8861	0	0				
166652																				758	3868	9639	529	613				4009			84		0	391	0	0				
167453																			1	1366	0	4188	154	182	0	0	0	553	0	0	0	0	0	1386	0	701				
167752																			0	503	60	809	23	30	0	0	0	216	0	0	0	0	0	0	0	0	unposted	Dividends Payable		
168571																			0	2713	1227	14435	416	548	0	0	0	2430	0	0	118	0	0	7517	0	0				
169354																			0	1539	0	15185	124	124	0	0	0	4673	0	0	0	0	0	8849	0	0				
169653																				31784	68353	208212		84321				23754					0	0	0	0				
169756																			0	461	0	13890	927	4470	0	0	0	3258	0	262	290	2928	0	5701	0	0				
170257																			0	119	0	3154	129	199	0	0	0	493	0	0	0	0	0	2343	0	0				
170275																			0	461	1439	12987	466	1168	690	0	0	1416	0	0	0	0	0	8421	0	82	SPLIT DOLLAR LIFE			
170332																				339	0	9059	588	764				1109					0	4207	0	2640				
171133		374	0	1273	626	669				230					0	0	0	0		375																				
171656																				1344	97	6486	220	279				794					0	3972	0	0				
171759																			0	3021	0	8664	263	296	0	0	0	1212	0	0	0	0	0	4135	0	0				
171768																			0	4454	3577	16735	1893	2639	0	0	0	6065	0	0	0	0	0	0	0	0				
172251																			22	105	0	466	50	72	0	0	0	289	0	0	0	0	0	0	0	0				
172457																			0	1084	0	15251	4282	4949	0	0	0	1307	0	0	0	0	0	7911	0	0				
172475																			0	2468	297	16003	646	822	0	0	0	2266	0	0	0	0	0	9381	0	769				
172859																			0	380	642	9005	0	115	0	0	0	3922	0	0	0	0	0	3946	0	0				
173306																				571	3026	20489	1569	3435				1950					0	9613	0	1894				
173557																			0	242	420	2752	653	1009	0	0	0	1081	0	0	0	0	0	0	0	0				
173575																				2899	9980	45362	1293	2013				6997					0	23473	0	0				
173641																			0	432	2503	6566	809	809	0	0	0	2822	0	0	0	0	0	0	0	0				
173959																			0	441	0	5605	159	173	0	0	0	663	0	0	0	0	0	3195	1133	0				
174321																			0	212	536	1691	191	191	0	0	0	752	0	0	0	0	0	0	0	0				
174367																			0	349	334	1078	0	143	0	0	0	252	0	0	0	0	0	0	0	0				
174572																				64734	0	709360	278868	320047				41485					0	273474	0	9620				
175056																				783	0	14258	619	619				8733					0	4123	0	0				
175140																				3291	0	21466	681	690				3280					0	13575	0	630				
175458																			0	221	38	821	176	176	0	0	0	386	0	0	0	0	0	0	0	0				
175609																			0	226	0	4334	262	1049	0	0	0	1261	0	0	0	0	0	0	0	1798				
176101																				5917	19125	86137		18134	14777			10383					0	24946	0	7632	Prepaid Pension Expense			
176325																				1008	1878	8954	306	308				1644					0	4116	0	0				
176437																			0	264	0	3214	83	106	23	0	0	793	0	0	0	0	0	2051	0	0	Unposted DDA	0		
176464																			0	1568	0	35663	1709	2857	0	993	0	4378	0	0	0	0	0	26860	0	0		Accounts Receivable - Bank Owned Life Insurance Claim		
176642																			0	2519	0	4004	0	721	588	0	0	764	0	0	0	0	0	0	0	0	Lenders Risk Account			
177135																			0	33	0	318	0	164	0	0	0	121	0	0	0	0	0	0	0	0				
177443																			0	572	0	6340	0	172	0	0	0	1680	0	0	0	0	0	2490	0	1426				
177500																			0	106	121	715	0	185	0	0	0	303	0	0	0	0	0	0	0	0				
177555																			0	230	39	1745	0	17	0	17	0	830	0	0	0	0	0	629	0	0	Income Tax Receivable	FISERV		
177751																			0	5221	4290	17037	0	3892	1698	0	0	3634	0	0	0	0	0	0	0	0	Equipment Lease Residuals			
177920																			0	10660	8645	70782	2522	8770	3610	0	0	7154	467	0	0	0	0	35553	0	0	Tax Credit Investment			
178150																			0	101	3357	8772	375	568	0	0	0	1039	0	0	0	0	0	3707	0	0	Tyme Suspense			
178244																			0	2406	60	3661	17	17	0	0	0	1178	0	0	0	0	0	0	0	0				
178356																			0	842	0	1901	0	582	308	0	0	477	0	0	0	0	0	0	0	0	Interest Earned on Securities			
178851																			0	851	6117	12252	576	1344	748	0	0	3940	0	0	0	0	0	0	0	0	Unposted Deposit Debits			
179148																			0	821	0	8571	403	403	0	0	0	3388	0	0	0	0	0	3959	0	0				
179335																			19	386	2657	10171	240	260	0	0	0	1005	0	1	0	0	0	5863	0	0				
179700																				4585	6453	40545	385	6469	2267	629	2600	2269		104			0	20243	0	526	ACCRUED TAX RECEIVABLE	INVESTMENT IN HISTORICAL TAX CREDIT	ACCRUED ERA CONTRIBUTION	
180144																			0	348	0	4937	0	42	0	0	0	980	0	0	0	0	0	3567	0	0				
180845																			0	1755	0	4127	194	194	0	0	0	2178	0	0	0	0	0	0	0	0				
181963																			0	184	0	2436	561	1241	457	0	0	1011	0	0	0	0	0	0	0	0	DB & CR CARD CLEARING			
182951																			0	1380	0	25065	834	7787	6774	0	0	3395	0	0	0	0	0	12061	0	442	Gold			
183668																			0	4970	433	25011	0	7040	5924	0	0	3425	0	0	0	0	0	9143	0	0	ANNUITY VALUE			
183770																			0	1974	2983	26162	560	1691	526	0	0	2716	0	0	0	0	0	13872	0	2926	NEF Fund			
183958																			0	855	0	9172	501	672	0	0	0	6439	0	0	0	0	0	1206	0	0				
184656																				80	0	5457		117				809					0	4451	0	0				
184759																			0	210	0	1080	0	37	0	0	0	833	0	0	0	0	0	0	0	0				
185251																			0	57	51	1308	212	331	45	35	38	236	0	0	0	0	0	633	0	0	LEASE PURCHASE ASSET	POTEAU LIBRARY FUND LLC	OVERDRAFTS	
185448																				349	41	1492		27				1075					0	0	0	0				
185859																			0	2795	0	18107	723	798	0	0	0	2884	0	0	0	0	0	11630	0	0				
186717																			0	664	3248	35134	1058	1228	0	0	0	3479	0	0	0	0	0	26515	0	0				
186744																			0	2485	914	59195	1342	2913	0	0	0	14236	0	0	1062	0	0	35275	396	2976				
187648																			0	340	385	894	0	102	67	0	0	67	0	0	0	0	0	0	0	0	prepaid inventory	prepaid projects		
187947																				10067	1768	62612	2730	8628				21240	4823				0	17497	0	3412				
188056																			0	286	0	3563	0	21	0	0	0	3256	0	0	0	0	0	0	0	0				
188177																				114	84	848		61				589					0	0	0	0				
188430																				2430	2314	20925	785	3169	528			1514	450		1047		0	11498	0	0	MSR premiums - in process			
188449																				315	255	5321	658	658				4093					0	0	0	0				
188720																			128	679	1491	18543	2755	4042	178	501	0	1693	0	2	0	0	0	8751	0	1887	Other Securities	Investment in FHLB	Federal Reserve stock	
188739																			0	538	0	1485	0	210	0	0	0	737	0	0	0	0	0	0	0	0				
188917																			0	231	425	7385	157	2082	1925	0	0	605	0	0	0	0	0	4042	0	0	Prepaid pension liability			
189129																			0	1645	2284	41053	1085	2715	1034	0	0	3241	0	0	0	0	0	31168	0	0	Debit Card Activity Prefunded			
189950																			0	79	14	4388	26	26	0	0	0	2020	0	0	0	0	0	2249	0	0				
190563																			173	843	0	8772	489	728	0	0	0	1577	0	0	0	0	0	5624	0	0				
190648																			0	168	44	4252	0	452	203	0	0	3069	0	0	0	0	0	519	0	0	Trust Fees Receivable			
190947																			0	73	0	1215	165	165	0	0	0	757	0	0	0	0	0	220	0	0				
190956																			0	479	1688	13752	119	1199	1080	0	0	2941	0	0	0	0	0	7445	0	0	WSB Crop Insurance			
191355																				485	0	6045		294				5266		291			0	0	0	0				
191935																			0	802	5900	17233	1624	3006	0	0	0	7525	0	0	0	0	0	0	0	0				
192147																				1099	2845	20272	499	697				2475					0	13156	0	0				
192558																				775	0	6215	429	694				4746					0	0	0	0				
192651																			0	0	0	750	0	67	0	0	0	622	0	0	0	0	61	0	0	0				
192857																			0	635	0	11436	670	774	0	0	0	4491	0	0	0	0	0	5536	0	0				
193162																			9	413	0	2407	97	106	0	0	0	1888	0	0	0	0	0	0	0	0				
193537																			0	112	78	7766	0	250	0	0	0	3210	0	0	0	0	0	4116	0	0				
193649																			0	289	1059	6174	143	344	198	0	0	4482	0	0	0	0	0	0	0	0	Trust Income Receivable			
193809																				16685	0	67285	10831	13644				9375					0	14521	1593	11467				
194440																			0	1452	62	3518	0	122	0	0	0	1882	0	0	0	0	0	0	0	0				
194570																			0	647	447	4570	208	288	0	0	0	697	0	0	0	0	0	2491	0	0		Pre-paid Insurance (not FDIC)		
194936																			0	337	7	1264	52	67	0	0	0	853	0	0	0	0	0	0	0	0				
195111																			0	1958	4941	60738	0	20363	0	0	0	4882	7198	0	0	0	0	28594	0	0	SERP		Derivative Asset Dealer	
195157																			0	173	0	707	215	220	0	0	0	314	0	0	0	0	0	0	0	0				
195456																			0	393	0	1886	292	570	0	0	0	923	0	29	0	207	0	0	0	0				
196752																				2781	0	6894	214	291	31			767					0	3055	0	0	Antique Car			
196800																				7897	4405	45476		14506				3793					0	14875	0	0				
197142																			0	2828	5518	18763	198	425	208	0	0	2336	0	0	0	0	0	7656	0	0	Fiserv Card Services Reserve			
197254																				202	0	820		0				618					0	0	0	0				
197302																			0	545	1448	39769	12250	12661	0	0	0	2300	0	0	0	0	0	18790	0	4025				
197478		195310	475679	1876320		598041	175019			309868	151942				0	202653	46123	48646		195310																	Receivable under FIN45			
197759																			0	2255	91	15012	1293	1356	0	0	0	2839	0	0	0	0	0	8471	0	0				
198073																			0	303	0	1058	12	66	0	0	0	689	0	0	0	0	0	0	0	0				
198149																			0	2350	2930	19978	262	376	0	0	0	1784	0	0	0	0	0	12538	0	0				
198251																			0	6200	780	8267	214	311	0	0	0	976	0	0	0	0	0	0	0	0	0			
198961																			0	1021	0	6662	0	1912	1634	0	0	1231	0	0	0	0	0	2498	0	0	Deferred Compensation Plan			
199137																			0	0	133	1120	153	223	0	0	0	764	0	0	0	0	0	0	0	0				
199351																			0	1139	0	9614	1067	1067	0	0	0	3653	0	0	0	0	0	3755	0	0				
199436																			0	248	0	8109	291	546	0	0	0	2205	0	252	0	0	0	3842	0	1268				
199463																			0	2340	0	16308	826	884	0	0	0	5781	0	0	0	0	0	7303	0	0				
200435																				1624	0	13339	1915	4013				7702			2087		0	0	0	0				
201254																			5	110	751	4586	49	78	0	0	0	1126	0	0	4	0	0	2521	0	0				
201834																				6095	0	88695		13213	8659			9558	2127				0	59829	0	0	Miscellaneous assets			
202514																			0	467	0	3445	435	1063	0	0	0	1915	0	0	0	0	0	0	0	0				
202541																			0	871	195	3802	0	118	0	0	0	2618	0	0	0	0	0	0	0	0				
202907																				68917	53212	505250		214107	170045			57680					0	110805	29	500	Net pension asset			
203043																				5294	0	20626		10952	8826			4380					0	0	0	0	Visa Stock Shares			
203052																				64	0	636		8				564					0	0	0	0				
203575																			0	287	453	3042	0	91	0	0	0	229	0	0	0	0	0	1982	0	0				
204004																				115687	167407	980115	49259	186851				95798	105734	132	14215		0	307139	4609	102624				
204237																			0	137	0	1591	232	235	0	0	0	1219	0	0	0	0	0	0	0	0				
204826																			0	1550	0	10431	292	292	0	0	0	1803	0	0	0	0	0	6786	0	0				
205243																			0	1527	4773	28932	1154	2021	0	0	0	3516	0	0	0	0	0	15107	1988	0				
205346																			0	2388	0	4995	215	322	0	0	0	2285	0	102	0	0	0	0	0	0				
205458																			0	331	0	816	111	128	0	0	0	357	0	0	0	0	0	0	0	0				
205542																			0	1822	1876	11141	830	880	0	0	0	3181	0	0	0	0	0	3382	0	0				
206156																			0	958	0	7787	352	3088	500	0	0	1963	0	0	0	0	0	1778	0	0	Dreamspring Partnership		CDARS INCOMING RATE BRIDGE	
206174																			0	842	3869	20471	1648	2279	0	0	0	1715	3	0	628	0	0	10039	0	1727	Stationery, Supplies, & Premium Inventory			
206473																			0	1828	0	2481	0	149	0	0	0	504	0	0	0	0	0	0	0	0				
206772																			0	684	636	2924	0	1084	883	0	0	520	0	0	0	0	0	0	0	0	0			
206950																			0	517	0	2921	55	55	0	0	0	852	0	0	0	0	0	1497	0	0				
207041																			0	11	151	1259	0	107	0	0	0	393	0	0	0	0	0	597	0	0				
207050																				12952	0	34510	1352	4883				5268	1832				0	11407	0	0	0			
207452																			0	775	252	7238	468	470	0	0	0	1929	2	0	0	0	0	3812	0	0				
207470																			0	244	0	13356	0	517	0	0	0	616	0	0	0	0	0	11269	0	710				
207555																			0	373	0	2360	254	254	0	0	0	939	0	0	0	0	0	794	0	0				
207845																			0	6014	3359	54653	1281	3647	1646	0	0	6186	0	0	0	0	0	35447	0	0	Federal Income Tax Benefit			
207872																			0	1550	2670	18656	521	1461	0	0	0	3184	0	0	775	0	0	3568	3006	3217				
208057																				508	0	13922	157	220				5633					0	7561	0	0				
208244		493583	511983	3616996		1328693	586471	410045		306802					0	410204	508013	57718		493583																	Miscellaneous Investments	Tax Credit Investments		
208347																			0	889	0	2939	68	81	9	4	0	1432	0	0	0	0	0	537	0	0	Computer Supplies	Bank Vehicle		
208440																			0	87	9	4181	49	69	0	0	0	2134	0	0	0	0	0	1882	0	0				
208459																			0	90	0	1355	867	1041	0	0	0	224	0	0	0	0	0	0	0	0				
208570																			0	2112	2542	21705	369	424	0	0	0	1945	0	0	0	0	0	14682	0	0	Payroll in process-PEO			
208655																			0	2013	543	9802	930	1039	0	0	0	6207	0	0	0	0	0	0	0	0				
208972																			0	1361	633	4578	89	103	0	0	0	575	0	0	0	0	0	1906	0	0				
209148																				1726	875	11731	708	937				4278					0	3915	0	0				
209362																			0	378	0	1192	159	230	0	0	0	584	0	0	0	0	0	0	0	0				
209559																			0	181	0	3555	0	43	0	0	0	851	0	0	0	0	0	2480	0	0				
209858																			0	5818	5216	28156	2194	2658	0	0	0	5070	0	0	232	0	0	9394	0	0				
210238																			0	422	3585	20197	546	902	310	0	0	1926	0	0	0	0	0	13362	0	0	INCOME TAX RECEIVABLE			
210256																			0	3194	0	4607	0	140	0	0	108	1273	0	0	0	0	0	0	0	0			Premium USDA/SBA Govt Loan	
210434	0	1540320	0	11433061	0	7013455	0	0	0	498200	0	2347592	0	0	0	2381086	0	0		1539427																				
211114																				341	0	1346	157	378				627			191		0	0	0	0				
211271																				30101	1890	55464		7966				12916		1861			0	2591	0	0				
211338																			0	433	349	2818	423	605	182	0	0	1431	0	0	0	0	0	0	0	0	Fiserv EFT Deposit			
211851																			0	350	0	1468	54	54	0	0	0	1064	0	0	0	0	0	0	0	0				
212018																				2384	4760	31378	1381	8242	152	3313		2265	3082	39			0	7867	0	5860	Principal Receivable on MBS/SBA	Annuities		
212344																			0	201	41	2177	105	155	0	0	0	1780	0	0	49	0	0	0	0	0				
212522																				8448	10392	73678	3608	4936				12263		1087			0	37639	0	0	Prepaid Pension	Prepaid Retirement Contribution Asset		
212577																				43520	10185	203150	6461	39543	26072			15972			738		0	86664	0	7266	Owned Equipment with Operating Leases			
213471																			0	182	506	4589	0	973	0	0	0	2928	0	0	0	0	0	0	0	0				
213538																			0	211	0	4701	222	253	0	0	0	936	0	0	0	0	0	3301	0	0				
213912																				1090	261	7258	265	1219	612			859					0	3829	0	0	Deferred Director Fees Trust			
213958																				67	0	2446	49	155				554	106				0	1670	0	0				
214106																				10224	12844	116221		7702	4861			17985					0	67466	0	0	Interest Rate SWAP - Asset			
214414																				13032	3126	93523	3967	16373	3141	2300		13582		277	607		0	39056	0	8354	Investments in tax credits	Goldman Sachs		
214722																				2749	7956	67853	7877	28662				5465	273				0	19294	267	3460				
214807																			0	98000	431000	2008000	0	1384000	0	0	0	95000	0	0	1298000	0	0	0	0	0				
215345																			0	1605	271	24365	462	633	0	0	0	6760	0	0	0	0	16	12817	0	2263				
215653																			0	237	0	657	0	0	0	0	0	420	0	0	0	0	0	0	0	0				
215662																				9651	14578	76381	1236	10418	7000			6279					0	35455	0	0	Purchase of Energy Tax Credits			
215710																			0	2522	8249	31564	917	2458	0	1144	0	2388	0	0	0	0	0	10679	0	5268	Accr Inc Tax Ref Rec	PC Investor Balance (Reclass)		
216164																			0	556	0	9662	153	179	0	0	0	1976	0	0	0	0	0	6312	0	639				
216922																				78189	33494	529217		185042	135992			39206					0	150149	720	42417	LIHTC Investments			
217059																				351	0	4410		399	257			2568					0	1092	0	0	FISERV SETTLEMENT			
218131																			0	401	4675	7987	542	792	250	0	0	2119	0	0	0	0	0	0	0	0	Equity Investments			
218261																			0	130	0	723	0	97	0	0	0	496	0	0	0	0	0	0	0	0				
218878																				1575	2186	8264	373	1443				752			1070		0	2308	0	0				
219044																			0	1391	0	5299	478	639	89	0	0	1100	0	72	0	0	0	2169	0	0	Deferred Comp Assets			
219651																			0	456	0	18799	1952	3756	1259	0	0	3199	0	0	0	0	0	11388	0	0	INVESTMENT IN SBIC LP			
219679																			0	51	103	1540	0	38	0	0	0	191	0	0	0	0	0	1157	0	0				
220059																			0	1594	3319	17958	956	3881	2552	0	0	1749	0	7	0	0	0	7415	0	0	Investment in SBIC			
220527																				1258	10372	56331	3388	21392		3479		5472					0	17837	0	0		RIght of Use Lease Asset		
220844																			0	3453	1157	10429	213	297	0	0	0	1586	0	0	0	0	0	3936	0	0				
220974																			0	1184	297	28582	299	590	0	0	0	3300	0	0	0	0	0	20114	0	3097				
221775																			0	760	526	3436	786	1000	0	0	0	1150	0	0	0	0	0	0	0	0				
222156																			0	418	2094	8921	135	139	0	0	0	1260	0	0	0	0	0	5010	0	0	Mortgage Loans in Process			
222558																			0	97	0	6741	93	354	0	0	0	1215	0	0	0	0	0	5075	0	0				
222754																			0	1464	944	5241	823	836	0	0	0	1997	0	0	0	0	0	0	0	0	Interest Rate Swap			
223322																				6193	9647	101391	3052	5977				20836					0	35707	0	23031				
223452																			0	259	442	3919	65	75	2	8	0	1958	0	0	0	0	0	1185	0	0	DUE FROM CSI	CDARS	1	
223751																			0	246	0	984	85	109	0	0	0	629	0	0	0	0	0	0	0	0	interest on securities			
223845																			0	291	21	5667	0	555	442	0	0	924	0	0	0	0	0	3876	0	0	Insurance receivables			
224954																			0	105	0	921	0	298	0	0	0	518	0	0	0	0	0	0	0	0				
225054																			0	963	458	3280	127	135	0	0	0	729	0	0	6	0	0	995	0	0	Reserve for LIHTC	Other receivables IENC		
225157																			0	188	0	5990	324	442	7	0	0	5360	0	23	88	0	0	0	0	0	CDARS OUTGOING RBP			
225559																			0	3143	2742	22025	809	1353	474	0	0	2296	0	0	0	0	0	12491	0	0	Cash Collateral on Debit Card Settlements			
225942																			0	105	91	483	55	113	0	0	0	174	0	0	0	0	0	0	0	0				
226949																				20	0	1242	27	27				159					0	1036	0	0				
227151																			0	3917	478	25191	723	1374	0	0	0	2953	0	563	0	0	273	16196	0	0				
227357																			0	1442	0	15251	551	628	0	0	0	2162	0	44	8	0	0	10988	31	0				
227656																			0	191	10	624	0	182	75	0	0	241	107	0	0	0	0	0	0	0	Debt Right of Use			
227777																			0	2248	466	16884	0	2804	711	0	0	1691	0	0	0	0	0	9675	0	0	LIHTC Investment			
228000																			129	1933	0	39193	1128	34483	543	1410	30642	2744	0	0	0	0	0	33	0	0	RABBI TRUST ASSET	DIRECTORS/EMPL DEFERRED PLAN 2	FAS 158 PENSION	
228158																			0	1274	0	14532	0	1647	500	0	0	4032	0	0	0	0	0	6603	0	976	dda unposted			
228279																			0	1749	3880	22971	670	763	0	0	0	3180	0	0	0	0	0	13399	0	0				
228345																			0	896	928	8901	0	226	157	0	0	1152	0	0	0	0	0	5699	0	0	Cashier Check Settlement			
229070																			0	1440	0	9506	336	396	0	0	0	778	0	13	47	0	0	6892	0	0	None	None		
229173																			0	902	448	2878	156	230	0	0	0	350	0	0	0	0	0	948	0	0				
229342																				119	1061	2658		140				1338					0	0	0	0				
229454																			40	324	0	2180	288	399	0	71	0	801	0	0	0	0	0	656	0	0	accrued interest rec	savings bond redeemed		
229801	1286	340933	148751	2555221	273645	1083550	29114			243897	167621		609599		0	335189	320730	82171		340933																	Deferred IT Implementation Costs			
229913	0	52825	9183	200172	42663	131062	0	36238	0	7102	0	0	0	0	0	0	0	0		52825																		CURRENT INC TAX ASSET		
230423																			0	1060	2405	18472	278	494	200	0	0	1856	0	0	0	0	0	12657	0	0	CURRENT FIT REFUNDABLE			
230610																			0	405	1695	11756	0	111	60	0	0	973	0	0	0	0	0	8572	0	0	Ohio Equity Fund			
230759																				2307	22698	83913		22086	18514			16316					0	4998	0	15508	Inv in LIHTC			
231279																			0	0	121	5421	103	124	0	0	0	208	0	0	0	0	0	4968	0	0				
232847																			0	322	0	3845	134	154	0	0	0	1341	0	0	8	0	0	2028	0	0	Unposted Deposits			
232856																			0	10647	0	31720	2300	5324	0	0	0	10912	0	0	0	0	0	4837	0	0				
233031		636000	275000	8381000		3344000	1345000			571000					0	1879000	1533000	143000																			Investment in Low Income Housing Tax Cr			
233246																			0	344	0	2328	282	289	0	0	0	1695	0	0	0	0	0	0	0	0				
233358																			0	1097	0	9851	235	240	0	0	0	1452	0	0	0	0	0	6729	333	0				
233442																			0	1605	475	4935	0	250	0	0	0	2605	0	0	0	0	0	0	0	0				
233527																			0	19016	23688	66848	2250	12453	9118	0	0	10787	0	0	0	0	0	904	0	0	Other Investments			
233554																			2878	2239	3587	41176	6477	29958	17996	0	0	5392	0	0	0	0	0	0	0	0	Receivable from US Treasury			
234355																				2739	3924	56776		4006				9023			1261		0	32649	0	4435				
234506																				1929	1583	6733	401	1850	1432			1371					0	0	0	0	RIGHT OF USE ASSET			
234739																			0	1959	3869	43839	2414	2887	0	0	0	6421	0	0	0	0	0	25644	0	3059				
234841																			0	453	824	4254	0	0	0	0	0	2977	0	0	0	0	0	0	0	0				
235174																			0	1357	0	2060	0	225	162	0	0	478	0	0	0	0	0	0	0	0	Accounts receivable			
235231																			0	212	1430	10581	652	739	0	0	0	1279	0	0	0	0	0	2542	0	4379				
235446																			0	751	0	5745	320	579	0	213	46	4415	0	0	0	0	0	0	0	0	Other Assets	EFT Settlement	Insurance Captive	
235530																			0	966	0	9597	4053	4256	0	0	0	4375	0	0	0	0	0	0	0	0				
235558																			0	257	0	1235	0	138	0	0	0	840	0	0	0	0	0	0	0	0				
235950																			0	1034	93	2067	0	120	0	0	0	820	0	0	0	0	0	0	0	0				
236153																				23745	0	120836		24679				35376		13050			0	27180	0	9856				
236256																			0	177	178	1465	0	276	201	0	0	834	0	0	0	0	0	0	0	0	MBS Principal Receivable			
236603																			0	412	1743	13476	0	732	0	0	0	1644	0	0	0	0	0	8945	0	0				
236706																				21663	259	133936	4887	32282				31971	12129				0	14812	14223	18726				
236957																				990	821	15462	324	3432				1081					0	9138	0	0				
237066																				5140	0	49239	2018	3208	275			12744	852				0	28147	0	0	274			
237619																				6090	1408	59958	27133	28264				8890					0	0	15306	0				
237954																			0	780	479	3218	141	326	0	0	0	1587	0	0	0	0	0	46	0	0				
238139																			0	480	0	1823	152	178	0	0	0	1165	0	0	0	0	0	0	0	0				
238250																			0	42	0	1452	0	0	0	0	0	1410	0	0	0	0	0	0	0	0	EMPLOYEE RETENTION TAX CREDIT			
238737																			0	1750	4637	24909	811	1260	0	0	0	2300	0	0	19	0	0	14962	0	0				
239556																			0	1468	0	22073	0	2950	1247	862	0	2336	0	0	0	0	0	15319	0	0	Investment in Lasco	Equity Investment Deferred Compensation		
239659																			0	472	0	5098	694	1250	0	0	0	3376	0	0	0	0	0	0	0	0				
240954																			0	1063	0	2166	171	310	0	0	0	793	0	0	0	0	0	0	0	0				
241009																			25	329	1490	7794	187	1401	70	1108	10	676	0	0	0	0	0	2923	0	975	ONGOING RESERVES	CHECKING SAVINGS SETTLEMENT	VISA DEFERRED	
241157																			80	3035	0	27960	1413	1925	248			4314		184			0	18334	0	352	OTHER ASSETS			
241559																			0	2385	0	5943	549	556	0	0	0	3002	0	0	0	0	0	0	0	0				
242257																			0	2958	739	19688	743	1677	0	0	0	4757	0	174	0	0	0	7371	0	2186				
242444																			0	3445	10753	73339	2219	5194	2558	0	0	5003	0	0	0	0	0	48944	0	0	Tax Credit Equity			
242949																			0	383	23	3226	0	193	0	0	0	617	0	0	0	0	0	1155	0	855				
242958																			0	315	589	2284	253	274	0	0	0	807	0	0	0	0	0	299	0	0				
242976																				2394	6708	38295	694	5603	2792			3149					0	15017	0	5424	LINQS			
243375																			0	10318	45141	1020444	0	847771	807580	0	0	15112	0	0	0	0	0	61157	40945	0	Settlement Asset			
243414																			0	981	436	8655	0	589	180	0	0	1335	0	41	0	0	0	4600	0	714	Deferred Stock Grant Compensation			
243955																			0	258	0	2155	0	255	0	0	0	671	0	0	0	0	0	971	0	0				
244037																			0	153	140	1816	299	494	194	0	0	1029	0	0	0	0	0	0	0	0	EFT DEPOSIT			
244149																				1441	0	14560		4169	3154			2593					708	5649	0	0	Accrued BOEM Income	Prepaid Income Taxes		
244158																			0	1308	0	17892	1406	1510	104	0	0	3465	0	0	0	0	0	9616	0	1993	fiserv eft deposit			
244251																			0	381	0	15461	336	425	0	0	0	4958	0	0	0	0	0	8176	0	1521				
245016		6672	10613	51566	2185	5545				7564	120				0	18034	0	3138		6672																				
245276																				29063	104185	331322		127059				71015			49681		0	0	0	0				
245351																			0	2036	2025	15851	313	711	0	0	0	1499	0	0	0	0	0	9580	0	0				
245557																			0	5362	7640	19578	1340	2894	0	0	0	3323	0	0	0	0	0	359	0	0				
246022																				0	2980	7291	512	2328				1983		2			0	0	0	0	Low Income Housing State Tax Credit Funding			
246134																				677	6254	26387	687	699				4223					0	14534	0	0				
246451																			0	665	0	1264	0	133	0	0	0	466	0	0	0	0	0	0	0	0				
246657																				657	12267	23126		3089	748	681		7113					0	0	0	0	Investment in low income housing fund	Deposits Paid	Sweep Account Clearing	
246947																			0	174	21	4286	144	152	0	0	0	679	0	0	0	0	0	3260	0	0				
246956																			0	1963	0	36174	0	5768	4841	877	0	6631	0	0	0	0	0	21812	0	0	ANNUITIES	GOLD		
247140																			0	17080	8015	53126	5008	6629	0	0	0	8147	0	0	0	0	0	13255	0	0				
247355																			0	5370	0	71577	3433	4242	0	0	0	9192	0	0	0	0	0	52773	0	0				
247476																			0	486	1635	8246	358	490	0	0	0	440	0	0	0	0	0	4070	1125	0				
247551																			0	2228	0	5753	219	371	0	0	0	3154	0	0	132	0	0	0	0	0				
247908																			0	7399	8064	64750	2573	20464	13855	0	0	5220	0	0	0	0	0	23603	0	0	KSB PENSION ASSET			
248240																				4874	851	43930	2163	11431				11460					0	14454	155	705				
248352																			0	2441	234	6450	688	688	0	0	0	3087	0	0	0	0	0	0	0	0				
248455																			0	326	0	10610	0	1069	675	0	0	3523	0	0	0	0	0	5692	0	0	ACCRUED TRUST FEES			
248633																			0	1203	1684	6041	251	343	0	0	0	2664	0	0	0	0	0	147	0	0				
248745																			0	694	993	10145	160	234	0	0	0	1696	0	0	0	0	0	6528	0	0				
249416																			0	116	1454	5653	108	220	0	0	0	400	0	0	0	0	0	341	0	3122				
249612																				115034	0	635889		100756	24752			87392					0	332707	0	0	Collateral for Derivatives			
249658																			0	1186	511	4595	0	120	0	0	0	431	0	0	0	0	0	2347	0	0				
250430																			0	263	982	5302	180	180	0	0	0	697	0	0	0	0	0	1110	0	2070				
250476																			0	108	65	660	0	50	0	0	0	437	0	0	0	0	0	0	0	0				
250850																			0	879	0	3264	0	136	0	0	0	784	0	0	0	0	0	1465	0	0				
251558																			0	2615	1331	15176	1005	1291	0	0	0	1077	0	0	0	0	0	8862	0	0				
251745																			0	347	0	8093	704	863	0	0	0	4928	0	0	0	0	0	468	1487	0				
251978																			0	2109	0	10202	347	396	0	0	0	2906	0	0	0	0	0	4791	0	0				
252041																			0	1311	44	9045	782	2063	0	0	0	5627	0	0	1242	0	0	0	0	0				
252452																			0	262	0	1523	253	342	0	0	0	919	0	0	0	0	0	0	0	0				
253356																				15092	13349	34470	2921	2921				3108					0	0	0	0				
253468																				22039	26966	141935		61029				23208	59282				0	8353	0	340				
253646																			0	1065	264	12708	338	995	0	0	0	5061	0	0	0	0	0	4260	0	1063				
253730																			4	186	0	5592	41	45	0	0	0	2096	0	0	0	0	0	0	3265	0	GL Suspense Clearing			
254317																			0	0	0	13308	0	1152	0	0	0	12156	0	0	0	0	0	0	0	0				
254504																			0	354	2015	15328	1474	1706	0	0	0	1218	0	0	0	0	0	10035	0	0				
254849																			0	1309	0	105020	878	98191	8071	88583	572	1961	0	86	0	0	0	3559	0	0	MISC ASSETS	OPERATING LEASE ASSETS	BILLED LEASE RECEIVABLES	
255350																			0	652	691	5405	153	159	0	0	0	657	0	0	0	0	0	2888	0	358				
255556																			0	1254	0	9911	488	687	0	0	0	1218	0	0	0	0	0	4343	0	2409				
255574																			0	3660	1359	36297	0	10249	0	0	0	5688	0	0	0	0	0	15341	0	0				
255659																				6229	27002	68330	3603	5530	1676			29569					0	0	0	0	EFT Settlement Deposit			
256058																			0	2763	0	13044	221	920	212	385	0	4542	0	0	0	0	0	4819	0	0	Late Charge Receivable	Operating Lease Asset		
256076																			0	294	883	5999	18	714	0	0	0	563	0	0	695	0	0	3545	0	0				
256179																			0	41	0	5261	0	142	0	0	0	1240	0	0	0	0	0	3838	0	0				
256553																				13079	14163	148869	1167	7456				44402		2768			0	69769	0	0				
257233																			0	4476	13017	56032	3813	5790	0	0	0	5238	0	0	0	0	0	27511	0	0				
257345																			0	1183	0	2891	196	407	211	0	0	1301	0	0	0	0	0	0	0	0	CARD SETTLEMENT DEPOSIT			
257578																			0	8617	413	32493	0	10087	2918	0	0	2322	0	0	0	0	0	11054	0	0	FHLBI LRA			
257653																			0	0	0	677	0	73	0	0	0	604	0	0	0	0	0	0	0	0				
257756																			0	4789	0	12861	499	524	0	0	0	3513	0	0	0	0	427	3608	0	0				
258306																			0	3338	5656	26520	0	5427	3166	0	0	1874	0	0	0	0	0	6515	0	3710	DEFERRED TRUSTEE COMPENSATION			
258379																			0	260	1083	8286	615	805	0	0	0	805	0	0	0	0	0	5333	0	0				
258539																			0	723	0	2630	0	75	0	0	0	1832	0	0	0	0	0	0	0	0				
258874																			0	500	308	6007	0	891	797	0	0	548	0	0	0	0	0	3760	0	0	Retirement Plans			
259059																			0	223	0	2048	331	747	0	0	0	1078	0	0	0	0	0	0	0	0				
259330																				791	2974	31789	3064	6731	1581			3915					0	9384	0	7994	Right of Use Asset			
259442																			0	2727	966	17463	266	540	208	0	0	3029	0	0	0	0	0	9385	0	816	Defferred Interest Income			
259956																			0	1947	1648	4486	289	289	0	0	0	602	0	0	0	0	0	0	0	0				
260055																				14504	25879	190249	8138	12461				27283					0	87481	4014	18627				
260831																			0	177	0	1903	229	241	0	0	0	1409	0	0	0	0	0	76	0	0				
261146																				718	0	7209	1788	4746				1745	1484				0	0	0	0				
261360																			4	120	3420	34129	759	770	0	0	0	7801	0	0	0	0	0	20758	0	1260				
261940																			0	6096	0	33139	1516	2806	0	0	0	9051	0	0	0	0	0	14607	0	579				
262059																			0	897	2074	19416	0	2532	0	0	0	1849	1369	0	0	0	0	12064	0	0				
262237																			0	417	2460	16016	811	1677	839	0	0	3265	0	0	0	0	0	0	0	8197	SBA Servicing Asset			
262358																			0	5530	5204	26342	2338	2522	0	0	0	3150	0	0	0	0	0	9936	0	0	ATM Switch/Cash Clearing			
262741																			0	3281	0	18424	432	432	0	0	0	4127	0	0	0	0	0	9968	0	616				
262844																			0	4670	0	34301	552	1452	0	0	0	6155	0	286	0	0	0	20200	0	1824				
262956																			0	1350	803	9737	181	347	0	0	0	1003	0	0	166	0	0	5800	0	434				
263243																				1357	0	13139		1790		1181		3179					0	6813	0	0		Unamortized Finders Fees		
263627																			0	609	1125	13246	208	514	228	0	0	446	0	0	0	0	0	9463	0	1089	Accrued Interest Rec - Other US Agency			
264455																			0	530	2823	15468	1945	2382	0	0	0	2751	0	0	0	0	0	6982	0	0				
264772																			0	41336	70088	419744	0	228639	0	0	0	43915	0	166206	0	0	0	35766	0	0				
265340																			0	1632	3900	12398	0	283	0	0	0	1466	0	0	0	0	0	5117	0	0				
265407																			0	1575	15059	77478	2535	6392	2209	0	0	7557	0	0	0	0	0	43304	1479	2112	Company Owned Life Insurance			
265452																			0	1165	0	4264	0	0	0	0	0	1048	0	0	0	0	0	2051	0	0				
265676																			0	135	1139	5612	130	220	0	0	0	541	0	0	0	0	0	3577	0	0				
266244																			0	2326	1818	9574	364	625	0	0	0	1173	0	0	0	0	0	3632	0	0				
266253																			0	1625	0	7860	154	255	0	0	0	2319	0	0	0	0	0	3661	0	0		SOFTWARE		
266655																			0	986	0	7736	329	557	0	0	0	2454	0	0	0	0	0	3739	0	0				
266851																			0	875	1186	13323	453	1229	160	0	0	1392	608	0	0	0	0	8641	0	0	Money Gram Reserve			
266945																			0	7605	8791	47442	0	1438	596	0	0	4770	0	0	0	0	0	24838	0	0	Prepaid Equip & Service Contracts			
267652																			110	610	0	5325	178	288	0	0	0	500	0	0	0	0	0	3927	0	0				
268006																				2921	16765	69648		15116		7696		8451		5194			0	26395	0	0		Investment in LIHTC projects		
268136																			0	272	1876	9532	345	462	0	0	0	1994	0	0	0	0	0	4377	0	551				
268677																				1295	0	21539	1751	17244	5155			3000			10337		0	0	0	0	BOLI			
268828																				836	2356	18210		1555	1555			1313					0	12150	0	0	EDP SOFTWARE			
268976																			0	2986	661	19317	210	306	0	0	0	3182	0	0	0	0	0	12182	0	0				
269049																			0	4734	25	11022	604	604	0	0	0	4450	0	0	0	0	0	1209	0	0				
269058																				3223	0	8739	196	317				1809					0	3390	0	0				
269571																			0	56	0	2284	24	24	0	0	0	331	0	0	0	0	0	1147	0	726	ACCRUED FEDERAL AND STATE TAXES			
269759																			0	243	0	3874	92	102	10	0	0	1630	0	0	0	0	0	1899	0	0	Other Assets	Bank Owned Life Insurance		
270148																			0	248	30	5268	273	273	0	0	0	1268	0	0	0	0	0	3449	0	0				
270353																			0	144	0	1819	73	73	0	0	0	366	0	0	0	0	0	1236	0	0				
270504																			0	2933	3498	27507	1799	11070	8982	0	0	4608	0	0	52	0	0	3834	0	1564	Tax Credit Investments			
270531																			0	1045	2030	3657	0	81	0	0	0	501	0	0	0	0	0	0	0	0				
270652																			0	0	0	3229	117	147	0	0	0	1364	0	0	0	0	0	1718	0	0				
271136																			0	20	0	1217	185	721	0	0	0	476	0	34	0	0	0	0	0	0				
271275																				1584	4521	16461	1206	1676				1551					0	7129	0	0				
271341																			0	116	0	850	132	229	0	0	0	505	0	0	0	0	0	0	0	0				
271529																			0	537	0	18559	1167	1738	0	0	0	2213	0	0	0	0	0	10962	0	3109				
272030																			0	138	752	3852	216	228	0	0	0	883	0	0	0	0	0	1142	0	709				
272058																			0	188	0	906	0	33	0	0	0	685	0	0	0	0	0	0	0	0				
272151																			0	129	830	3448	106	148	0	0	0	229	0	0	0	0	0	2112	0	0				
272272																			5	50436	7938	172539	4313	4766	0	0	0	32605	377	4	67	0	0	75801	0	993				
272302																				61470	0	238400		34271	23399			9960					0	129674	0	3025	Prepaid Pension	Current prepaid fed and and state tax		
273336																				2088	22730	117207		33353				10248			19960		0	36044	0	12744				
273550																			0	10730	636	21503	0	329	0	0	0	3731	0	0	0	0	0	6077	0	0				
273653																			0	205	0	880	0	48	0	0	0	627	0	0	0	0	0	0	0	0				
273662																			0	948	18955	46074	16446	20599	0	0	0	5572	0	0	0	0	0	0	0	0				
273840																			0	1576	0	10484	220	280	0	0	0	1784	0	0	0	0	0	6844	0	0				
273859																			0	188	0	492	0	0	0	0	0	304	0	0	0	0	0	0	0	0				
274025																			0	112	34	402	0	106	0	0	0	150	0	0	0	0	0	0	0	0				
274052																			0	152	0	772	173	173	0	0	0	447	0	0	0	0	0	0	0	0				
274829																				1250	4026	31135		5413	2415			1407					0	18914	0	125	Deferred Compenstion			
274856																			0	525	46	2665	165	203	0	0	0	1891	0	0	0	0	0	0	0	0				
275255																				847	0	10398	1417	1441	24			6242					0	1868	0	0	CDARS Outgoing RBP			
275358																			0	8047	7495	59680	797	2476	0	0	0	21646	0	0	0	0	0	18220	19	1777				
275479																			0	2048	3857	9268	222	408	0	0	0	736	0	0	0	0	0	2219	0	0				
275657																			0	1054	136	2191	0	0	0	0	0	1001	0	0	0	0	0	0	0	0				
276074																			0	3273	0	17250	808	9704	8005	0	0	1480	0	0	0	0	0	2793	0	0	NET PENSION ASSETS	OTHER ASSETS		
276159																			0	284	2058	3988	117	117	0	0	0	1529	0	0	0	0	0	0	0	0				
276551																			0	544	0	5672	233	234	0	0	0	1112	0	0	0	0	0	3782	0	0				
276579																				337635	713922	3163725		1195774				343159	375096	309410			0	542024	31211	0				
276645																			0	1992	209	13092	983	1168	0	0	0	3782	0	0	0	0	0	5941	0	0				
276654																				131	0	1117		218				768					0	0	0	0				
276850																			0	7361	1711	35344	1091	1957	0	0	0	18831	0	0	367	0	0	2710	0	2774				
276953																			45	0	195	2962	58	1589	1327	0	0	1178	0	5	0	0	0	0	0	0	CSV Life Insurance			
277240																			0	1314	2185	5498	248	263	0	0	0	1736	0	0	0	0	0	0	0	0	0			
277277																			371	5055	901	12685	135	1250			318	1720			275		0	3759	0	0		Due from ISO Processor	Prepaids Greater than 1 year	
277736																			0	865	0	2131	0	370	0	0	0	896	0	0	0	0	0	0	0	0				
277820																			0	993	5627	18540	449	557	0	0	0	2645	0	0	0	0	0	5411	116	3191			0	
278256																			0	2640	825	16078	324	2282	1	1957	0	3598	0	0	0	0	0	6733	0	0	Outgoing CDARS RBP	Foxtrot LLC		
278555																				12480	6286	40185	3078	9550				11869			5491		0	0	0	0				
278733																			0	137	768	2317	242	357	0	0	0	1055	0	0	0	0	0	0	0	0				
278751																			0	100	0	685	112	360	248	0	0	225	0	0	0	0	0	0	0	0	OTHER ASSETS			
278818																				12457	27067	162709	14654	16907				17633					0	67330	0	21315			0	
279105																				3079	11161	76315	24638	29391				6401					0	18132	0	8151				
279842																			0	8053	0	11445	195	567	0	0	0	2825	0	96	0	0	0	0	0	0				
279954																				5117	7246	48534		8820	7521			13583					0	13768	0	0	OTHER RECEIVABLES			
280110	0	820911	1042178	8805414	0	2020050	0	0	0	675699	0	0	1983426	0	0	3195835	660173	390568		820911																				
280138																			0	109	1726	7966	265	499	135	0	0	561	0	0	0	0	0	5071	0	0	Deferred Loan Fees			
280352																			0	171	0	1814	0	44	0	0	0	642	0	0	0	0	0	957	0	0				
280558																			0	128	0	797	0	137	0	0	0	532	0	0	0	0	0	0	0	0				
282075																			0	4252	6326	68838	3197	7370	0	0	0	6350	0	0	0	0	0	44540	0	0				
282226																			0	431	3421	7447	313	384	0	0	0	1740	0	0	0	0	0	1471	0	0				
282824																			0	1911	1453	17338	362	734	345	0	0	2049	0	0	0	0	0	7176	0	4015	CSI Incentive Asset			
283438																				1162	4188	49402	1136	27294	19944			5600					0	11158	0	0	INVESTMENT IN SUBSIDIARY			
283652																			0	508	0	3689	0	469	0	0	0	2712	0	0	0	0	0	0	0	0				
283737																			0	1395	0	9407	668	795	0	0	0	7217	0	0	0	0	0	0	0	0				
283867																			0	6359	0	25602	0	5836	1506	0	0	4043	0	0	0	1676	0	9364	0	0	Receivable for loan related expense reimbursements			
284154																			0	1017	119	2205	99	141	0	0	0	928	0	0	0	0	0	0	0	0				
284239																			0	454	41	6684	292	301	0	0	0	1385	0	0	0	0	0	4503	0	0				
284556																			0	3891	0	18321	937	2541	1208	0	0	9416	0	0	0	0	0	2473	0	0	DDA Non Post			
284752																			0	538	0	1964	111	183	0	0	0	926	0	0	0	0	0	317	0	0		0		
284958																			0	202	17	1117	158	158	0	0	0	740	0	0	0	0	0	0	0	0				
285151																				1971	0	4138	17	299	117			1868					0	0	0	0	Gold and Silver			
285348																			0	675	452	6023	233	480	0	0	0	1314	0	0	0	0	0	3102	0	0	OTHER			
285544																				1104	2187	4152	144	265				596					0	0	0	0				
285553																				0	0	987		2				446					0	539	0	0				
285740																				5462	0	31467	992	1108				3425		42	74		0	21472	0	0	Cardinal Tickets			
285852																			0	2260	396	19519	771	2967	1900	0	0	3939	0	0	0	0	0	9957	0	0	Construction			
285928																			0	382	0	12107	321	468	0	0	0	1892	0	0	0	0	0	9365	0	0				
286251																			0	0	0	2245	37	61	0	0	0	171	0	0	0	0	0	2013	0	0				
286457																			0	6160	4379	48909	0	8487	0	0	0	7560	4628	0	0	0	0	22323	0	0				
287007																			0	227	1881	2762	271	293	0	0	0	361	0	0	0	0	0	0	0	0				
287342																				517	124	2999		260				1689					0	409	0	0				
287922																			0	102	168	2328	0	43	0	0	0	192	0	0	0	0	0	1823	0	0				
287959																			0	1096	49	2365	68	69	0	0	0	1151	0	0	0	0	0	0	0	0				
288152																			0	129	162	1793	0	32	0	0	0	242	0	0	0	0	0	1228	0	0				
288376																				957	7664	23133	262	943	668			2071					0	11498	0	0	Purchased Solar Income Tax Credit			
288853																				95229	229763	847211	20295	51499				91643			18282		0	269960	0	109117				
289056																			0	1525	1744	10666	192	199	0	0	0	823	0	0	0	0	0	6375	0	0	Pass Through Investor Balance			
289225																			0	465	0	2189	0	33	0	0	0	146	0	0	0	0	0	1545	0	0				
289515																			0	8897	7077	56340	2883	9148	3183	0	0	8011	0	0	0	0	0	14934	0	8273	Pension Asset			
289702																			0	11035	9388	47124	3874	5291	0	0	0	6211	0	0	0	0	0	15199	0	0				
289739																			0	1056	694	9664	206	574	0	0	0	1688	0	0	0	0	0	5652	0	0				
289757																			0	1202	341	9509	738	781	0	0	0	3435	0	0	0	0	0	3750	0	0				
290249																				6315	0	70546	3652	28173	21600			5494					0	30564	0	0	Investment in CDE			
290838																			0	2199	924	7066	845	1354	0	0	0	2589	0	0	0	0	0	0	0	0				
290922																			0	78	0	930	0	33	0	0	0	819	0	0	0	0	0	0	0	0				
291059																			0	318	0	4010	0	118	0	0	0	1283	0	0	0	0	0	2291	0	0				
291611																			0	238	0	11147	0	9344	8087	0	0	1565	0	0	0	0	0	0	0	0	Defined benefit pension asset			
291732																			0	67	1915	3214	0	34	0	0	0	1198	0	0	0	0	0	0	0	0				
292234																			0	1716	1391	17108	411	999	366	0	0	1383	0	0	0	0	0	11619	0	0	DEFERRED CONVERSION COST			
292467																			0	447	0	1216	83	208	0	0	0	561	0	0	0	0	0	0	0	0				
292850																			10	98	107	512	65	75	0	0	0	232	0	0	0	0	0	0	0	0				
293053																			0	2226	6109	56361	5120	6984	0	0	0	8035	0	0	0	0	0	33007	0	0				
293352																			0	89	0	1110	29	29	0	0	0	992	0	0	0	0	0	0	0	0				
293437																			37	2932	11024	25873	387	760	320	0	0	2342	0	0	0	0	0	568	4417	3830	Fed Inc Tax Receivables			
293651																			0	612	33	10526	0	9	0	0	0	4792	0	0	0	0	0	4603	0	477				
293754																			0	108	0	2517	251	383	0	0	0	415	0	0	0	0	0	1611	0	0				
294023																			0	1571	7937	32310	2807	2925	0	0	0	5403	0	0	0	0	0	14474	0	0				
294751																				643	0	11829	1970	3975	1727			1676					0	5535	0	0	Check Card Settlement Receivable	Pension Plan		
294779																				5045	897	42828	2276	7474	2856			7424					0	21988	0	0	Lease right to use asset			
294827																			0	185	855	9406	1775	2039	248	16	0	747	0	0	0	0	0	5580	0	0	FISERV SETTLEMENT ACCOUNT	WV Bankers Title-Stock		
295011																				2964	1649	18993	276	809	285			2820					0	10751	0	0	Loan Fees Receivable			
295057																			0	293	0	1510	148	305	0	0	0	912	0	0	0	0	0	0	0	0				
295646																			0	0	289	509	0	0	0	0	0	220	0	0	0	0	0	0	0	0				
296456																			77	2027	151	14932	913	1171	0	0	0	3362	0	25	0	0	0	8221	0	0				
296474																			0	763	0	11488	387	1430	0	0	0	1172	0	0	0	0	0	8123	0	0	693			
296559																			0	605	154	6881	0	3980	3337	0	0	2142	0	0	0	0	0	0	0	0	Gold Bullion			
296755																			8	246	0	7673	86	94	0	0	0	3002	0	0	0	0	0	4331	0	0				
297051																			0	1187	0	5528	0	124	0	0	0	1412	0	0	0	0	0	2805	0	0				
297761																			0	1082	8204	17332	198	1484	0	0	0	1283	0	0	0	0	0	5279	0	0		Suspense Resources		
298049																			0	118	30	3078	478	478	0	0	0	2452	0	0	0	0	0	0	0	0				
298218																			0	5949	1971	41748	1679	1977	0	0	0	5925	0	0	0	0	0	23420	0	2506				
298245																				1959	6528	12370	312	986	543			2897					0	0	0	0	Income tax receivables			
299868																				1292	3448	31047		3687	3056			1635					0	15276	0	5709	Annuities			
300009																			0	2418	2022	39780	1375	8299	2827	1443	610	2807	186	376	0	0	0	21504	0	2730	Annuity	VT Franchise/BPT Tax Credit	Advances & Escrows	
300063																			0	4978	3141	13943	1289	3208	0	0	0	2616	0	0	1602	0	0	0	0	0				
300353																			0	1022	0	10650	517	517	0	0	0	3498	0	0	0	0	0	5613	0	0				
300933																				303	0	17028	776	1116	150			3200					0	7691	0	4718	Right of Use Lease Asset			
300942																				245	141	5588	147	214				1584					0	3404	0	0				
301574																			0	677	3596	43300	1247	4495	3227	0	0	3007	0	0	0	0	0	21948	5172	4405	Annuity Asset			
301800																				3182	10389	62889	2257	13346				5963					0	30009	0	0				
302030																			0	226	710	1137	164	164	0	0	0	37	0	0	0	0	0	0	0	0				
302133																			0	593	0	3068	104	104	0	0	0	228	0	0	0	0	0	2143	0	0				
302553																			0	2027	0	11286	815	1146	160	0	0	3098	0	0	0	0	0	5015	0	0	ACCRUED INCOME TAX RECIVABLE			
302656																				6839	0	76307	4410	12143	1333			20944	5070	310	181		0	36381	0	0	EFT Settlement	Income Tax Refund Receivable		
303653																			0	50	0	2510	429	483	0	0	0	1977	0	54	0	0	0	0	0	0				
303701																			0	522	1974	7846	0	1390	0	0	0	940	0	0	0	0	0	3020	0	0				
303747																			130	130	597	3226	0	215	0	0	0	352	0	0	0	0	0	1932	0	0				
303952																			0	2252	3290	20176	379	637	249	0	0	7185	0	0	0	0	0	6812	0	0	ATM PREFUNDING			
304173																			0	10353	13236	74047	910	1839	0	0	0	3814	0	0	0	0	0	44805	0	0				
304520																			0	499	0	4935	148	148	0	0	0	583	0	0	0	0	0	1665	0	2040				
304575																			0	282	0	588	56	232	155	0	0	74	0	0	0	0	0	0	0	0	Right of Use Asset			
304762																			0	255	332	2208	344	350	0	0	0	1271	0	0	0	0	0	0	0	0	ERC Receivable			
304913																			0	0	695	1102	0	407	0	0	0	0	0	0	404	0	0	0	0	0				
305059																			0	871	0	4798	355	833	466	0	0	3094	0	0	0	0	0	0	0	0	Bank Owned Gold & Silver			
305077																			0	354	527	7372	124	1649	574	0	0	756	0	0	0	0	0	3859	0	227	DEFERRED TAXES MARKET VALUE ADJUSTMENT			
305237																			0	142	823	8567	440	639	0	0	0	826	0	0	0	0	0	6137	0	0				
305442																			0	2123	2893	28222	1194	1215	0	0	0	3394	0	0	0	0	0	18597	0	0				
306056																			33	138	209	1805	151	210	0	0	0	1034	0	0	0	0	0	214	0	0				
306159																				4730	0	17100	664	813	149			1784					0	9773	0	0	Other Receivables			
306337																			0	596	0	17098	0	1351	1062	0	0	4500	0	0	0	0	0	10241	0	410	INVESTMENT LINQS			
306908																			0	481	1226	36439	6962	11541	0	0	0	2847	0	0	0	0	0	18160	0	2184				
307062																			0	373	1535	8250	0	1103	358	0	0	3914	0	0	0	0	0	1325	0	0	Visa Reserve	0		
307334																			0	2173	921	11126	583	1906	0	0	0	1508	1147	0	0	0	0	4618	0	0				
307361																			0	3020	561	7017	798	1299	0	0	0	2137	0	471	0	0	0	0	0	0				
307679																			0	1695	3153	41458	2067	2824	0	0	0	4962	0	0	0	0	0	21179	168	7477				
308256																			0	57	0	961	0	77	0	0	0	827	0	0	0	0	0	0	0	0				
308340																			0	2075	0	12470	743	1171	172	167	0	4269	0	0	0	0	0	3133	0	1822	interest rate cap	other depreciable assets		
308836																			0	332	256	851	60	99	3	0	0	164	0	0	0	0	0	0	0	0	tax receivables			
309150																			0	1768	0	18990	366	1387	996	0	0	2383	0	0	0	0	0	0	13452	0	CSI Conversion in Process			
309655																			0	3720	4706	43661	0	18944	10262	0	0	10287	0	0	5492	0	0	6004	0	0	Investment in Tax Credit Partnerships			
309851																			0	162	22	4053	86	1123	1002	13	0	424	0	22	0	0	0	2322	0	0	Bond AFS Deferred tax Adj	CDARs Rate Bridge Payments		
310754																			0	3409	0	26752	0	21566	0	0	0	1777	0	0	12740	0	0	0	0	0				
310978																				19804	8396	129487		15603				8331	8310				0	66890	10463	0				
311050																			0	3248	0	21342	1245	3049	0	0	0	7081	0	0	0	0	0	7964	0	0				
311144																			0	0	0	229	0	0	0	0	0	229	0	0	0	0	0	0	0	0				
311256																			0	2570	335	9970	0	3296	0	0	0	1504	0	0	2015	0	0	2265	0	0				
311265																			0	575	0	11885	568	612	0	0	0	1599	0	0	0	0	0	9099	0	0	Customer letters of credit			
311603																			0	7105	235	44022	25289	25816	0	0	0	4336	0	0	0	0	0	0	6530	0				
311658																			0	365	500	2609	0	106	0	0	0	414	0	0	0	0	0	1224	0	0				
311845																				45465	185160	715118		310767				101912		81569	79818		0	68717	3097	0				
311939																			0	1026	0	10202	168	608	0	0	0	1576	0	427	0	0	0	6992	0	0				
312244																			0	3357	0	30624	1064	1191	0	0	0	8613	0	5	88	0	0	17463	0	0				
312356																			0	114	0	2390	0	235	0	0	0	2041	0	0	0	0	0	0	0	0				
313009																			0	3730	1941	6677	169	201	0	0	0	805	0	0	0	0	0	0	0	0				
313157																			0	375	0	4096	330	341	0	0	0	2497	0	0	0	0	0	883	0	0	EFT Settlement Reserve			
313223																			0	4195	3094	21598	530	4065	2444	0	0	1979	0	0	0	0	0	6909	0	1356	Loan and Late Fees Receivable			
313577																			0	3145	3244	34350	1866	3602	0	0	0	4372	0	0	0	0	0	16902	0	3085				
314257																			0	4160	0	18113	992	2546	0	0	0	4943	1148	272	0	0	0	6464	0	0				
314444																			0	1670	0	7709	360	1130	760	0	0	2218	0	0	0	0	0	2691	0	0	Negative Liability - Clearing account for backdated liabilities			
315656																			0	302	0	1440	167	241	0	0	0	897	0	0	0	0	0	0	0	0				
316840																				33114	24893	218880	11844	27886				22267					0	78495	0	32225				
316859																			0	353	1242	5135	300	390	0	0	0	1833	0	13	0	0	0	1317	0	0				
316934																			0	0	44	974	0	31	0	0	0	899	0	0	0	0	0	0	0	0				
317258																			0	401	0	21560	824	1007	0	0	0	5069	0	22	0	0	0	13949	0	1134				
317342																				20795	43165	238491	8801	31706				28783	9046				0	95763	18279	0				
317379																			0	683	2393	10345	661	2877	571	1182	29	3318	0	142	67	0	0	1074	0	0	FHLMC Custodial DDA Advance	Nebrask Midwest Equity	FHLMC escrow advance	
318974																			0	26679	3361	133489	5873	40002	0	0	0	6964	7786	1571	1352	0	0	55607	0	876				
319047																			409	1822	640	13410	1722	2529	0	0	0	2156	0	0	0	0	0	4044	0	2219				
319551																			58	8267	1296	32466	562	827	0	0	0	10504	0	0	0	0	0	11572	0	0				
320034																			0	152	68	2356	92	141	0	0	0	814	0	0	0	0	0	1181	0	0				
320052																				1620	0	9412	2300	4342				3450		1699			0	0	0	0	Rejectd Debit	Reject Debits		
320070																			0	1635	571	9116	112	524	0	0	0	579	0	101	0	0	0	5055	0	752				
320119																				12492	52677	526541		134881				63808	69082				0	262683	0	0				
321152																				358	0	3764	246	2654	1750	632		752					0	0	0	0	Subordinated Debt	Due From Affiliates		
321255																			223	38	0	752	89	328				386					0	0	0	0				
321273																			0	6264	4722	33534	1010	3106	0	957	0	2281	0	0	0	0	0	17161	0	0	Loans In Process	Annuity	ICS in Clearing	
321330																			0	53	285	2268	0	169	6	0	0	906	0	0	0	0	0	855	0	0	Accrued Dealer Commissions			
321947																				2249	6439	30144	697	1207				3444		71			0	12594	0	4211				
322449																			0	646	69	2373	43	206	102	0	0	1452	0	0	0	0	0	0	0	0	FHLB Lender Risk Account	Federal tax receivable	net deferred tax liabilities	
322551																			0	51	43	516	72	72	0	0	0	350	0	0	0	0	0	0	0	0	CARD SUSPENSE			
323204																			0	12636	17674	63078	740	2658	935	0	0	7673	0	0	0	0	0	20445	0	1992	Due from Lyons Bancorp			
323651																			0	587	1315	6119	367	642	0	0	0	3575	0	0	0	0	0	0	0	0				
324153																			0	1150	2258	10593	248	642	223	0	0	2072	0	0	0	0	0	4471	0	0	Fiserv ATM/POS Settlement Deposit			
324229																			0	399	90	732	50	77	24	0	0	166	0	0	0	0	0	0	0	0	PREPAID INSURANCE	Financial Institution Tax		
324256																			0	0	0	1307	0	86	0	0	0	1221	0	0	0	0	0	0	0	0				
324340																				31116	20130	158783	2739	18202	3347			14537	10261				0	73416	0	1382	Cinnaire			
324854																			0	345	1136	12495	155	1607	807	0	0	3697	0	0	0	0	0	5710	0	0	Accd tax rec			
324863																				1306	16691	64345	2371	2742				13908					0	29698	0	0				
324975																			0	1245	1280	7489	0	752	0	0	0	1133	30	0	0	0	0	2978	101	0	Deferred Tax Asset	Prepaid Expense		
325141																				1084	2858	10995	496	496				1174					0	4835	0	548				
325459																			0	196	483	1142	0	67	0	0	0	396	0	0	0	0	0	0	0	0	Delayed payment on security investments			
325534																			0	496	0	3156	494	994	264	0	0	1666	0	0	0	0	0	0	0	0	Escrow Prepayment			
326054																			0	819	1002	7460	182	731	0	0	0	1868	0	0	0	0	0	3040	0	0	ACCRUED TAX RECEIVABLE/TAX CREDITS			
326344																			0	3745	7738	28584	450	487	0	0	0	7691	0	0	0	0	0	6445	0	2478				
326858																			0	8732	11634	66227	1681	16471	12300	0	0	17744	0	0	930	0	0	11646	0	0	Production Tax Credit Rec			
326979																			0	973	4832	37730	0	7697	6573	0	0	2408	0	0	0	0	0	19757	0	2063	Early ACH File Posting Receivable from Federal Reserve			
327220																			0	444	866	6195	202	543	0	0	0	916	0	0	0	0	0	3426	0	0	Other Fixed Assets			
327305																			0	2196	2554	35029	1522	10678	0	0	0	3224	5904	0	0	0	0	16377	0	0				
327435																			0	1441	13832	37265	2306	2491	0	0	0	2610	0	0	0	0	0	16891	0	0	0			
327556																			0	864	0	13451	261	295	0	0	0	3666	0	0	0	0	0	8626	0	0				
327855																			0	1585	0	25286	903	1307	0	0	0	3653	0	0	0	0	0	18741	0	0				
328058																			0	267	0	589	0	28	0	0	0	294	0	0	0	0	0	0	0	0				
328357																				9139	0	23197		7715				3423			7246		0	2920	0	0				
328656																			0	1825	0	8135	405	405	0	0	0	3454	0	0	0	0	0	2451	0	0				
328777																				13244	21776	132239	3007	11904	5941			11489					0	62691	1748	9387	SBIC - Investment			
329149																			0	1147	0	6366	223	226	0	0	0	2452	0	0	0	0	0	2541	0	0				
329345																			0	4125	3975	44198	842	8217	7034	0	0	4631	0	0	0	0	0	22610	640	0	Other Equity Securities			
329550																			43	2463	2258	22658	1035	2347	611	0	0	3009	0	0	0	0	0	8997	0	3584	Lease Right of Use Asset			
329952																			22	5670	4532	15542	900	930				4410					0	0	0	0				
330239																			0	541	413	16252	416	418	0	0	0	1885	0	0	0	0	0	11880	0	1115				
330248																			0	376	0	5808	168	209	0	0	0	1719	0	0	0	0	0	3504	0	0				
330855																				7961	17804	162804		42827	28412			19279					0	66359	0	8574	Purchased Tax Credits			
330949																			0	1763	846	11905	395	1306	696	0	0	2714	0	0	0	0	0	5276	0	0	Secondary Market Clearing			
331076																			0	1550	1217	15292	170	301	0	0	0	908	0	0	125	0	0	11316	0	0				
331375																			0	2122	280	5360	281	2028	0	0	0	930	0	0	0	0	0	0	0	0				
331544																			0	684	0	4438	131	131	0	0	0	418	0	0	0	0	0	3205	0	0				
331713																			0	1965	7397	31017	768	833	0	0	0	2066	0	0	0	0	0	14700	0	4056				
332224																			0	372	2139	19850	1144	4201	1788	0	0	2282	0	0	0	0	0	10856	0	0	CASH BALANCE PLAN			
332671																			0	1316	954	8891	1037	1037	0	0	0	363	0	0	0	0	0	1141	4080	0				
332756																			0	438	0	1766	254	254	0	0	0	1074	0	0	0	0	0	0	0	0				
333203																				12282	10175	55459	5051	6925				6987					0	17707	0	1383				
333650																			0	853	0	17617	0	95	0	0	0	9444	0	0	0	0	0	7225	0	0				
333856																			0	721	2191	16230	645	645	0	0	0	2884	0	0	0	0	0	9789	0	0				
333940																				71	482	1278	76	76				649					0	0	0	0				
334264																			0	1256	4934	21885	729	1658	174	0	0	3366	0	0	0	0	0	10671	0	0	LATE CHARGES	REAL TIME PAYMENT RECEIVABLE		
335346																			0	812	1668	8505	646	733	0	0	0	2191	0	0	0	0	0	696	1191	1214				
336147																			0	536	690	3212	196	373	0	0	0	949	0	177	0	0	0	664	0	0				
336361																			54	199	0	1192	114	177	9	0	0	816	0	0	0	0	0	0	0	0	Prepaid Assessments			
336576																			0	1053	0	6407	0	4184	3374	0	0	1170	0	0	0	0	0	0	0	0	Pension Trust Payable	LIP Sold Loans		
337340																			0	312	0	989	77	89	0	0	0	588	0	0	0	0	0	0	0	0				
338646																			0	1668	0	12363	257	660	0	0	0	6201	0	0	0	0	0	2586	1248	0				
338945																			0	80	0	1044	117	119	0	0	0	845	0	0	0	0	0	0	0	0				
339072																				671	0	35023		33665	18988			687					0	0	0	0	MSR Sale Receivable			
339353																			0	53	0	1760	0	31	0	0	0	805	0	0	0	0	0	440	0	431				
339456																				1171	0	6837	846	2233				3433					0	0	0	0				
339607																			0	13317	4135	32290	0	3868	0	0	0	4120	0	0	0	0	0	6850	0	0				
339773																				33230	52586	248741		33198				25392	23578				0	102989	0	1346				
339858																			0	224757	115975	1573808	0	640869		174234		170693	0	0	0	0	0	93235	323751	4528		Margin Accounts on Derivative Positions		
340135																				3635	6955	77755		15084	13238			5666					0	46415	0	0	LINQS+ Annuities			
340144																			0	9082	7495	48950	1141	1913	0	0	0	5035	0	58	0	0	0	25425	0	0				
340256																			0	5954	1736	14124	753	3779	2754	0	0	2311	0	0	0	0	0	344	0	0	Tax Reserve			
340443																			0	436	1467	5030	134	236	0	0	0	749	0	0	27	0	0	2142	0	0	SBA Pool Deferred Principal Payments	'		
340742																				2576	3083	16819	773	1782				2737	111				0	6641	0	0				
340751																			90	520	0	30074	961	1086	0	0	0	4810	0	0	0	0	0	23658	0	0				
341310																			0	3303	4525	42120	2770	8621	2253	0	0	4055	0	906	0	0	0	21616	0	0	Investment in Def Comp	ICS in clearing		
342054																			0	438	0	4162	669	1446	666	0	0	2278	0	0	0	0	0	0	0	0	Debit Card Settlement Deposit			
342410																				26717	34703	260573	9995	30689	8796			21470					0	121433	0	25561	RABBI TRUST - DEFERRED COMP ASSET			
342634																				42018	4829	666596		245838	66463			71954					0	119317	180895	1745	O/A Investment in Partnerships			
343051																			6	49	2078	7298	158	457	0	0	0	323	0	0	0	0	0	4391	0	0				
343248																				155	64	707	19	19				469					0	0	0	0				
343770																			0	86	78	829	0	20	0	0	0	645	0	0	0	0	0	0	0	0				
343903																			0	4627	342	37676	11565	15894	0	0	0	3641	0	0	0	0	0	11572	0	1600				
343958																			0	570	0	4028	43	105	0	0	0	2571	0	61	0	0	0	782	0	0				
344647																				3328	15348	48209	1709	2813	278			6943					0	19777	0	0	Dealer Reserve			
344852																			0	40	0	2385	0	0	0	0	0	810	0	0	0	0	0	1535	0	0				
345309																				12199	8759	86664	1770	4087				5965			1372		0	55654	0	0				
345345																				2168	0	10748	849	1219				7361					0	0	0	0				
345747																				6117	4169	31742	773	2128				3523					0	11723	0	4082				
345756																				22280	1678	41228	624	4849				1820			977		1076	9525	0	0				
345877																			0	908	2018	25781	1082	1169	0	0	0	3687	0	0	0	0	0	13548	3884	567				
346379																			0	5123	0	14136	267	2326	0	0	0	2360	0	0	0	1556	0	4327	0	0	FHLB Holdback			
346566																			0	145	0	497	96	96	0	0	0	256	0	0	0	0	0	0	0	0				
346771																			0	318	195	1948	321	567	0	0	0	868	0	0	0	0	0	0	0	0				
347022																			4	354	1300	2916	122	126	0	0	0	829	0	0	0	0	0	307	0	0				
347639																			0	5948	0	19626	362	1911	0	685	0	1946	0	15	828	0	0	6720	0	3101	Mortgage Subservicer Escrow and Corporate advances	BancTech Ventures LP		
347956																				2515	0	17447		13209				1723	5648				0	0	0	0				
348159																			0	4274	596	10221	773	1173	0	0	0	1008	0	0	0	0	0	3170	0	0				
348720																			0	644	1878	21365	893	1159	0	0	0	3483	0	0	0	0	0	12986	1215	0				
349129																			0	640	0	8654	0	279	0	0	0	1050	0	0	0	0	0	6685	0	0				
349343																			0	415	0	2682	319	454	0	0	0	1813	0	0	0	0	0	0	0	0				
350657																			0	18	0	362	75	75	0	0	0	269	0	0	0	0	0	0	0	0				
350750																			0	812	0	2049	182	242	0	0	0	995	0	0	0	0	0	0	0	0				
351131																				0	661	1318	79	79				407					0	0	0	171				
351560																			0	1033	3000	11976	284	1262	832	0	0	795	0	0	0	0	0	5886	0	0	OTHER MISC ASSETS			
351878																			0	299	253	1983	0	952	0	0	0	479	0	0	0	0	0	0	0	0				
352370																			0	230	261	6181	196	303	0	0	0	968	0	0	0	0	0	4419	0	0				
352651																			0	332	0	1894	156	794	0	0	0	768	578	0	0	0	0	0	0	0		Fair Value of Hedge		
352745																			0	1811	0	10798	1131	1238	0	0	0	2164	0	0	0	0	0	5585	0	0				
352772																				19325	129129	808463		280137	215688			60525					0	141555	173326	4466	Low Income Housing Tax Credits			
353238																			64	1314	877	17522	429	1798	377	0	0	2222	0	0	393	0	0	7070	1068	3173	Loan & Late Fees			
353546																			0	327	230	5987	147	344	188	0	0	1175	0	0	0	0	0	3911	0	0	Directors comp plan			
353555																			1494	6300	0	111026	11275	38394				43482	12997				0	20519	0	2331				
353957																			0	191	0	1044	0	53	0	0	0	800	0	0	0	0	0	0	0	0	Investment Securities Receivables			
354253																			0	217	70	2749	37	37	0	0	0	608	0	0	0	0	0	1817	0	0				
354310																				37808	17501	244838	9967	23683				29528					0	113742	22576	0				
354552																			0	3759	1626	23433	0	4623	2440	0	0	3887	0	0	0	0	0	9538	0	0	IRA Fees Receivable			
354851																			0	271	0	2808	123	155	0	0	0	1017	0	0	0	0	0	1365	0	0				
355120																			0	569	3380	21905	404	516	0	0	0	2569	0	57	0	0	0	12592	0	2279				
355559																			0	3047	757	16682	306	911	574	0	0	1625	0	0	0	0	0	10342	0	0	INVESTMENT FUND/ CINNAIRE			
355858																				4228	24213	53217		5724	2364			9620					0	9432	0	0	Unposted Debits DDA & SAV			
356239																			0	1462	0	9885	376	655	0	0	0	4229	0	0	0	0	0	2880	0	659				
356659																			0	323	150	1844	0	0	0	0	0	1371	0	0	0	0	0	0	0	0				
356752																			0	1531	969	8045	255	1211	0	0	0	2243	0	0	0	0	0	2091	0	0				
357526																			0	2260	2233	13454	1413	1509	0	0	0	852	0	0	96	0	0	6600	0	0				
357553																			0	522	726	4955	147	147	0	0	0	3560	0	0	0	0	0	0	0	0				
357777																			0	2224	181	15311	286	466	0	0	0	1063	0	0	0	0	0	11377	0	0				
357937																			0	708	0	19426	5384	6674	0	0	0	716	0	0	0	0	0	9236	0	2092				
358112																			0	187	0	5736	0	179	0	0	0	905	0	0	0	0	0	4465	0	0				
358448																			0	220	396	4698	0	121	0	0	0	299	0	0	0	0	0	3662	0	0				
359472																			0	110	170	604	0	50	0	0	0	274	0	0	0	0	0	0	0	0				
359744																			0	59	225	1834	0	38	0	0	0	1126	0	0	0	0	0	386	0	0				
360777																				21	72	541		111				116					0	221	0	0				
361055																			0	5138	715	39751	2227	2607	0	0	0	3956	0	0	0	0	0	18105	0	9230				
361167																				16399	27059	269862	21351	39478				41801					0	89642	8819	46664				
361279																			0	1168	726	9454	218	798	401	0	0	1602	0	15	6	0	0	3861	0	1299	Dealer Reserve			
361354																			0	182	0	548	0	11	0	0	0	332	0	0	0	0	0	23	0	0				
361439																				476	4183	23011	309	1561	88	929		2021			141		0	14770	0	0	Uncollected Late Charges	Pathway State Tax CR Investment	Other Assets	
362043																			0	33	183	794	22	27	0	0	0	551	0	0	0	0	0	0	0	0				
362155																			0	141	402	3953	169	199	23	7	0	988	0	0	0	0	0	2223	0	0	FDIC Assessment	OCC Assessment		
362717																			112	10283	5391	45814	1024	1714				5135					0	17143	6148	0				
362856																			0	915	0	3707	130	130	0	0	0	1592	0	0	0	0	0	1070	0	0				
362940																			0	0	0	283	12	14	0	0	0	269	0	0	0	0	0	0	0	0				
363442																			0	2	0	793	26	680	654	0	0	111	0	0	0	0	0	0	0	0	Gold and Silver			
363648																			0	282	96	2428	0	117	0	0	0	1933	0	0	0	0	0	0	0	0				
363657																				3786	0	14768		5054				2132					0	3796	0	0				
363778																			0	610	0	3551	239	341	99	3	0	456	0	0	0	0	0	2144	0	0	SERP	MIsc.		
364131																			0	267	0	7175	1620	1640	0	0	0	1735	0	0	0	0	0	3533	0	0				
364270		304	278	3060	317	1840	695	571		638			15		0	0	0	0		304																	Deferred Compensation	Deferred Principal & Interest		
364430																			48	1422	0	4022	0	525	0	0	0	1377	0	0	0	0	0	698	0	0				
364850																			13	377	54	1790	83	165				670		18			0	524	0	0				
365325																				256613	117755	1129530	35454	114582	51873			109182					0	326075	111403	93920	PBO Funded Asset			
365745																			0	750	1902	12070	0	3611	2749	569	0	1584	0	147	0	0	0	4223	0	0	Annuity Asset	Other Assets		
365848																			0	160	1421	2162	213	292	0	0	0	289	0	0	0	0	0	0	0	0				
365950																			0	166	0	1070	251	279	0	0	0	625	0	0	0	0	0	0	0	0	Loans in Process 25200010-30			
366078																			0	9786	1771	34257	1568	3434	0	0	0	3427	0	0	1822	0	0	14198	0	1641				
366238																				1719	14044	46824	2701	7203				8868		249	417		0	9752	0	5238				
366247																			0	131	0	2204	0	0	0	0	0	2073	0	0	0	0	0	0	0	0				
366359																			0	26	0	940	0	205	106	0	0	709	0	0	0	0	0	0	0	0	Fees Receivable			
366658																			0	643	430	2464	569	587	0	0	0	804	0	0	0	0	0	0	0	0				
366854																			0	558	0	2494	0	840	517	0	0	1096	0	0	0	0	0	0	0	0	Tax Receivable			
367150																			0	503	94	1547	0	105	0	0	0	845	0	0	0	0	0	0	0	0				
367178																			0	1100	182	7204	158	514	0	0	0	328	0	0	0	0	0	4190	0	890				
367431																			0	478	458	7531	836	1425	0	0	0	1384	0	0	0	0	0	3786	0	0				
367543																			0	2579	1350	19833	303	478	170	0	0	3861	0	0	0	0	0	3501	0	8064	Accrued income tax			
368054																			0	1235	0	2531	0	2	0	0	0	1294	0	0	0	0	0	0	0	0	MBS delayed payments			
368344																				565	330	8966	176	218				2180					0	5673	0	0				
368522																			0	1947	612	11609	2136	2679	0	0	0	728	0	0	0	0	0	5643	0	0				
368951																			0	1025	12	3282	141	198	0	0	0	2047	0	0	0	0	0	0	0	0				
369453																			0	730	193	6759	8	8	0	0	0	1382	0	0	0	0	0	4446	0	0				
369659																			25	3280	0	40062	1704	1819	0	0	0	6212	0	0	0	0	0	28751	0	0	OVERRIDE ROYALTY INTEREST			
370020																			0	6239	2971	26887	1316	1513	0	0	0	3116	0	0	0	0	0	10601	0	2447				
370347																			0	524	0	2813	135	183	0	0	0	2106	0	0	0	0	0	0	0	0	Other Assets			
370721																				3031	195	13511		1878		269	582	3192		515			0	3144	0	2071		LRA	MSR	
370833																			0	160	653	4017	0	2030	1756	0	0	924	0	0	0	0	0	250	0	0	NMTC INVESTMENT			
370954																			0	211	0	2120	57	92	0	0	0	440	0	35	0	0	0	1377	0	0		0		
371223																			0	1547	457	11007	3001	7877	3380	1345	0	1126	0	0	0	0	0	0	0	0	LIHTC Equity Fund	OAHL		
371232																			0	406	1693	11285	0	1619	0	0	0	803	0	0	0	0	0	6069	0	695				
371362																			0	1696	0	17514	0	352	0	0	0	4534	0	0	0	0	0	7655	0	3277				
371559																			0	342	0	1423	0	48	0	0	0	1033	0	0	0	0	0	0	0	0				
371849																			0	0	0	2544	118	160	0	0	0	986	0	0	0	0	0	884	0	514				
371924																			0	2985	1467	45384	3516	9746	0	0	0	6374	0	0	0	0	0	18348	0	6464				
371942																			0	497	310	7107	0	960	0	0	0	1965	0	0	0	0	0	3375	0	0				
372444																			0	377	725	2067	0	157	100	0	0	808	0	0	0	0	0	0	0	0	FMCC ADVANCES			
372538																			110	3796	218	26365	904	1726	202	0	0	5267	0	0	0	0	0	10938	0	4420	ICBA Compensating Balance			
372640																			0	1042	0	8525	69	69	0	0	0	1670	0	0	0	0	0	5137	0	607				
372855																				897	0	7874	1070	1079				1056					0	4842	0	0				
373272																			0	262	64	879	0	393	0	0	0	160	0	0	0	0	0	0	0	0				
373553																			0	220	0	1018	116	116	0	0	0	682	0	0	0	0	0	0	0	0				
373601																				225	0	9768	660	2411	173			7132					0	0	0	0	IR Derivatives			
374130																			0	1107	1538	7333	318	318	0	0	0	942	0	0	0	0	0	2308	0	1120				
374653																				13083	3292	134015	7723	25189				13015			12804		0	62645	0	16791				
374774																			0	418	0	8323	1621	2625	554	0	0	752	0	62	388	0	0	4528	0	0	Analysis fees receivable			
375043																				4419	0	63820	1805	3359		1054		20664					0	35378	0	0		Loan Legal Fee Receivable		
375379																			0	229	517	1342	91	472	381	0	0	124	0	0	0	0	0	0	0	0	Net pension asset			
375566																			0	3621	2799	26851	388	1102	584	0	0	5589	0	0	0	0	0	13740	0	0	OTHER ASSETS			
375650																			0	57	0	2320	0	813	479	228	0	82	0	0	0	0	0	1368	0	0	ACCR INT TAX EX MUNI	ACCR INT TAXABLE MUNI		
376237																			262	183	74	3590	166	761	0	0	0	713	0	0	0	0	0	1859	0	0	Right of Use Asset - Branch Building			
376273																				7200	3023	29379	2637	4997				7971					0	6188	0	0				
376442																				2814	2402	20472	391	609				7922			203		0	6725	0	0				
376947																			0	128	0	4156	139	567	0	0	0	3192	0	428	0	0	0	269	0	0				
377663																				794	0	4911	272	272				1251					0	2594	0	0				
377850																			0	1063	0	6718	0	91	0	0	0	1981	0	0	0	0	0	3583	0	0				
378044																			66	0	0	496	86	152	0	0	0	344	0	0	0	0	0	0	0	0				
378110																			0	192	161	706	0	116	0	0	0	237	0	0	0	0	0	0	0	0				
379050																			0	81	0	912	0	86	0	0	0	276	0	0	0	0	0	469	0	0				
379153																			0	162	0	2583	254	254	0	0	0	1060	0	0	0	0	0	772	0	335				
379470																			0	890	802	4728	191	210	0	0	0	597	0	0	0	0	0	2229	0	0				
379649																			42	543	715	19818	247	289				1391					0	11982	0	4898				
379920																				332558	1200	1628426	134810	461691				162110					0	386998	138134	145735				
380346																			0	436	160	4117	127	127	0	0	0	1085	0	0	0	0	0	0	2309	0	PREPAID INSURANCE	PREPAID MANAGED IT		
380458																			0	8484	16030	67492	6255	16244	0	101	0	13562	1507	2077	0	0	0	11466	0	1706		DUE FROM TSBI		
380533																			0	1988	252	11546	451	486	0	0	0	8740	0	0	0	0	0	80	0	0				
380878																			0	1932	1379	10562	138	458	0	0	0	1230	0	0	0	0	0	5563	0	0				
380944																			0	361	302	5905	541	1228	510	0	0	449	0	0	0	0	0	3565	0	0	Sub-S Effect			
381026																			39	356	559	3929	78	274	70			547			82		0	1766	0	427	Contract Use Asset			
381932																			0	479	1650	13771	345	492	67	0	0	1930	0	0	80	0	0	9220	0	0	PREPAID TAXES			
381950																			0	426	4528	14583	0	780	0	0	0	1218	0	0	634	0	0	7631	0	0				
382050																				1059	1712	18256		2302				1621					0	11562	0	0				
382069																				828	2784	14093		1154				1560					0	1219	0	6548				
382256																			0	480	0	1291	0	159	0	0	0	652	0	0	0	0	0	0	0	0				
382274																			0	0	0	38	0	38	0	0	0	0	0	0	0	0	0	0	0	0				
382443																			0	112	29	9445	197	225	0	0	0	2857	0	0	0	0	0	6222	0	0				
382537																			0	255	889	4603	614	1128	0	0	0	2331	0	0	0	0	0	0	0	0				
382649																			0	2136	8265	32550	0	4315	3375	0	0	4906	0	0	0	0	0	12928	0	0	Tax Receivable			
382658																			0	195	0	5510	249	249	0	0	0	5066	0	0	0	0	0	0	0	0				
382742																			0	1023	633	2343	172	222	0	0	0	465	0	0	0	0	0	0	0	0				
382854																			17	228	167	4684	231	433				1289			7		0	2567	0	0				
384018																			0	3109	13902	63322	3851	6139	0	0	0	14555	0	0	1698	0	0	25617	0	0				
384278																			7	30770	0	242800	5275	154203	75612			20215	7431		20936	151	0	15848	9876	11888	Federated Govt Obligation Fund			
384353																			0	43	4	727	137	137	0	0	0	205	0	0	0	0	0	338	0	0				
384652																			0	3015	6611	40926	1388	1958	0	0	0	3073	0	0	0	0	0	26269	0	0				
384830																			0	349	697	2609	261	331	0	0	0	542	0	0	0	0	0	690	0	0				
385350																			83	510	0	5898	321	434	0	0	0	1169	0	30	0	0	0	3785	0	0				
385471																			0	8796	198	29086	1080	1558	0	0	0	8474	0	0	0	0	0	8021	0	2039				
385547																			0	322	609	8640	0	58	0	0	0	1537	0	0	0	0	0	5778	0	336				
385686																			0	357	2620	18128	242	320	0	0	0	1057	0	0	0	0	0	12241	1533	0				
386432																			0	145	50	5592	341	4219	0	0	0	1178	0	0	0	0	0	0	0	0	loan clearing			
386450																				3129	691	24916		2201	1247			4857					0	14038	0	0	Midwest Housing	Fiserv Reserve Account	Accounts Receivable	
386731																			0	1723	1196	11983	191	544	0	0	0	2178	0	158	0	0	0	6342	0	0				
386825																			0	546	541	3164	111	117	0	0	0	518	0	0	0	0	0	1442	0	0				
387055																			0	201	476	4210	49	119	0	0	0	1014	0	3	0	0	0	2400	0	0				
387671																			892	4237	1723	27696	1481	2789	0	0	0	2521	0	0	0	0	0	16426	0	0				
388155																			0	526	1138	3528	245	347	0	0	0	1234	0	0	0	0	0	283	0	0				
388258																			0	319	216	873	42	42	0	0	0	296	0	0	0	0	0	0	0	0				
388557																			0	1447	0	7273	1427	1444	0	0	0	4382	0	0	0	0	0	0	0	0				
388744																			0	471	750	10220	535	580	0	0	0	765	0	0	0	0	0	7654	0	0				
388753																			0	110	0	679	0	62	0	0	0	507	0	0	0	0	0	0	0	0				
388874																			0	441	30	1476	81	184	0	0	0	326	0	0	45	0	0	495	0	0				
389358																			0	130	0	10066	462	4562	200	0	3900	5374	0	0	0	0	0	0	0	0	Trust	Tenant Lease Income	Ownership of LLC RE Hold Co.	
389376																			0	351	207	4030	168	210	2	0	0	243	0	0	40	0	0	3019	0	0	COIN COLLECTION	FFCRA CREDITS DUE FROM IRS		
390372																			0	2053	2295	6703	487	878	0	0	0	1477	0	0	0	0	0	0	0	0	FEDERAL & STATE INCOME TAX RECEIVABLE			
390840																			0	1894	755	12083	612	2108	0	0	0	1103	896	0	0	0	0	4771	0	1452				
391418																			0	288	9512	18414	3499	7699	4089	0	0	915	0	0	0	0	0	0	0	0	Prepaid Dealer Interest			
391557																			40	99	133	1804	54	94	0	0	0	352	0	0	0	0	0	1126	0	0				
391575		22386	0	254087		192440	133737			24285					0	14060	0	916		22386																	Development & Construction Mgmt Fee Receivable			
391959																			0	660	0	3115	619	619	0	0	0	1836	0	0	0	0	0	0	0	0				
391977																			0	1111	14638	49146	1266	2280	0	0	0	4301	0	0	960	0	0	23509	0	3307				
392152																			0	411	0	1023	65	73	0	0	0	539	0	0	0	0	0	0	0	0				
392255																			0	260	1	3741	58	58	0	0	0	892	0	0	0	0	0	2530	0	0				
392778																			0	14700	11930	53278	6788	6835	0	0	0	2017	0	0	47	0	0	16686	0	1110				
393252																			0	96	0	2890	0	66	0	0	0	2728	0	0	0	0	0	0	0	0				
393355																				549	318	2280	274	393				1020		74			0	0	0	0				
393953																			0	1793	5745	15389	1032	3928	2868	0	0	3923	0	0	0	0	0	0	0	0	Preferred Stock	Misc.		
394156																			0	1223	0	6703	205	680	0	0	0	1523	0	0	0	0	0	3277	0	0		Prin Recv Securities		
394259																			46	2980	836	13745	263	702	2	0	0	6182	391	0	0	0	0	3045	0	0	Promontory Rate Bridge			
395238																				200786	332023	3276706		1559155	969619			251162					0	686790	0	246790	Investments in Tax Credit Partnerships			
396057																			0	200	316	1383	126	147	0	0	0	720	0	0	0	0	0	0	0	0				
396244																				1939	3592	20779	1	85				2737					0	6739	0	5687				
396253																			0	11210	1743	40545	5348	7820	0	0	0	5764	0	0	1097	0	0	14008	0	0				
396954																			0	586	0	10688	159	363	152	0	0	2609	0	0	0	0	0	7130	0	0	LOAN PREMIUM			
397456																				722	0	1912	211	440				750		229			0	0	0	0				
397531																			0	2245	2152	39560	10302	20979	5761	0	0	3360	0	0	0	0	0	10824	0	0	DIRECTORS AND OFFICERS DEFERRED			
397540																				6334	5453	80365		9564				10466	5099				0	34068	0	14480				
397559																			0	4593	0	11298	2005	2010	0	0	0	4695	0	0	0	0	0	0	0	0				
397755																			0	13628	3136	44900	2825	3871	0	0	0	9019	0	0	0	0	0	15246	0	0				
397858																			0	0	376	960	0	97	0	0	0	487	0	0	0	0	0	0	0	0				
398051																				1133	0	6517	311	311				1472					0	3601	0	0				
398248																				2039	0	16523	13220	13290				1194					0	0	0	0				
398668	0	3270	0	128734	0	125308	0	0	0	156	0	0	122301	0	0	0	0	0																						
398837																			0	852	82	9914	300	306	0	0	0	1687	0	0	0	0	0	6987	0	0				
399357																			0	136	143	2255	114	202	0	0	0	1774	0	0	0	0	0	0	0	0				
399517																				19576	37140	319830		69329		38970		34283					0	146602	247	12653		Investment in SBIC, Community Development Entities and Tax Credit Projects		
399731																				250	330	3546	174	853				613			365		0	1500	0	0				
399973																			0	1501	120	2861	150	439	125	133	0	801	0	0	0	0	0	0	0	0	Income tax receivable	Insurance agency contingency receivable		
400057																			117	218	0	6017	401	604	24	0	0	2074	0	62	0	0	0	3121	0	0	Prepaid CD Broker Fee			
400141																			0	787	3841	9967	922	1832	0	0	0	3507	0	215	0	0	0	0	0	0				
400365																			0	1809	0	17321	431	942	0	0	0	1426	0	0	0	0	0	12566	578	0				
400767																			0	927	783	7699	506	599	0	0	0	636	0	0	0	0	0	4754	0	0				
401072																			0	267	777	1930	0	665	0	0	0	221	0	0	0	0	0	0	0	0				
401559																			0	194	38	4403	334	560	0	0	0	744	0	0	153	0	0	2867	0	0	Tax Increment Financing Asset	Claim on Directors' Life Insurance		
401755																			0	325	0	5685	175	175	0	0	0	2251	0	0	0	0	0	2934	0	0				
401906																			0	905	3243	23882	831	869	0	0	0	1961	0	0	0	0	0	16904	0	0				
401951																			0	700	145	2363	431	479	0	0	0	411	0	0	0	0	0	628	0	0				
402846																			0	0	0	1737	0	9	0	0	0	1074	0	0	0	0	0	654	0	0				
402873																			0	153	607	996	0	67	0	0	0	169	0	0	0	0	0	0	0	0				
403067																			0	1501	0	7101	221	258	0	0	0	597	0	0	0	0	0	4745	0	0				
403151																				8459	0	53769	10853	16493				27890					0	927	0	0				
403179																			0	20360	11709	98291	6486	17341	0	0	0	6498	0	0	0	0	0	14854	27529	0				
403254																			0	414	0	2309	0	431	0	0	0	30	0	110	223	0	0	1434	0	0				
403656																			0	51	0	917	119	376	0	0	257	490	0	0	0	0	0	0	0	0		AGENCY ACCTS REC	#3330 INC TAX PAYABLE DEF-UNREALIZED	
403870																			0	4721	7380	32869	518	1451	0	0	0	3733	0	0	719	0	0	15584	0	0	0			
403946																			0	9914	5012	28592	2182	2342	0	0	0	5142	0	0	0	0	0	6182	0	0				
404653																			0	357	748	5494	314	1399	0	0	0	2101	0	7	290	0	0	423	0	466				
404943																			0	244	1	1390	108	108	0	0	0	1037	0	0	0	0	0	0	0	0				
406022																			0	374	4188	13991	613	1186	0	0	0	1332	0	0	527	0	0	6911	0	0	Prefunding Deposit			
406059																			0	1770	1466	5283	388	393	0	0	0	1654	0	5	0	0	0	0	0	0				
406666																			0	398	0	2947	296	296	0	0	0	2253	0	0	0	0	0	0	0	0				
406974																			0	522	0	9858	0	497	0	0	0	1253	0	351	0	0	0	7586	0	0				
407168																			0	1386	0	4518	242	1318	1032	0	0	1663	0	0	0	0	0	151	0	0	Cash in offsite vaults			
407506																			0	9551	13712	128047	0	51888	28102	0	0	12245	0	0	0	0	0	40651	0	0	Pension Asset			
407645																			0	939	0	4753	559	852	0	0	0	2962	0	0	0	0	0	0	0	0				
408307																				2557	6018	27885	2964	4067				1953					0	13290	0	0	Loan Operations Receivable	Pension Plan		
408642																			0	18667	4292	80526	2595	17983	2948	4649	0	6283	0	1333	1172	0	0	31003	0	2298	ICBA Clearing Account	Investment In Midwest SOLCAP 2025 LLC		
408875																			0	4411	6461	22245	3218	7818	0	0	0	3555	1103	520	2233	0	0	0	0	0				
409265																			0	112	232	1433	0	272	0	0	0	817	0	0	0	0	0	0	0	0				
410159																			0	0	0	360	0	50	0	0	0	310	0	0	0	0	0	0	0	0				
410560																			0	271	0	4828	181	220	0	0	0	4096	0	0	0	0	0	241	0	0				
410748																				671	0	6264	2018	2018				2003					0	1572	0	0				
410917																			0	726	0	3991	401	441	0	0	0	2824	0	0	0	0	0	0	0	0				
411062																			0	312	0	3046	158	1205	1046	0	0	1529	0	0	0	0	0	0	0	0	Prepaid pension			
411174																			0	382	26	654	0	38	0	0	0	208	0	0	0	0	0	0	0	0				
411231																			0	77	689	1652	175	235	0	0	0	651	0	0	0	0	0	0	0	0				
411240																			0	267	0	1171	51	310	241	18	0	594	0	0	0	0	0	0	0	0	ACC INTEREST ON INVEST & EXEMPT	EFT SETTLEMENT RESERVE		
411549																			0	113	0	728	0	21	0	0	0	594	0	0	0	0	0	0	0	0				
411576																				220	63	2531		153				237					0	1858	0	0				
411624																				714	0	4185	189	500	146			2971					0	0	0	0	Accrued late charges			
411651																			0	463	305	5674	289	295	0	0	0	4611	0	0	0	0	0	0	0	0				
412153																			0	874	0	5166	972	1018	0	0	0	3274	0	0	0	0	0	0	0	0				
412452																			0	0	0	1427	38	73	0	0	0	683	0	25	0	0	0	671	0	0				
412555																			0	2814	0	10518	64	417	0	0	0	4538	0	0	0	0	0	2749	0	0				
412667																			0	993	0	11061	199	244	0	0	0	4517	0	0	0	0	0	5307	0	0				
412751																				12818	0	277908	22273	58536				37547			30401		0	165066	0	3941				
412845																			0	497	458	5792	367	447	0	0	0	4390	0	0	0	0	0	0	0	0				
412872																			0	1255	0	2087	195	312	0	0	0	520	0	0	0	0	0	0	0	0				
413141																				109401	16809	179008	13349	19570				33228					0	0	0	0				
413208	0	665667	1106493	5500421	0	2970707	1500364	0	0	532448	0	0	0	0	0	2868	222238	0		665667																	Miscellaneous Assets			
413347																			0	80	292	1009	66	66	0	0	0	571	0	0	0	0	0	0	0	0	FHLB Capital Stock			
413543																			0	211	89	2336	88	92	0	0	0	1944	0	0	0	0	0	0	0	0				
413646																			16	4037	2386	29033	1886	2419	0	0	0	6484	0	0	112	0	0	12212	0	1495				
413673																			0	879	1137	3660	174	427	134	0	0	598	0	0	118	0	0	619	0	0	Prpaid funds on loans serviced for others			
413758																			0	366	0	3955	436	436	0	0	0	3153	0	0	0	0	0	0	0	0				
414102																			0	429	1204	18693	692	768	0	0	0	1625	0	0	0	0	0	13254	0	1413	OTHER ASSETS			
414652																			0	1554	692	9242	102	559	3	56	0	3066	0	1	83	0	0	3371	0	0	MPF SERVICING FEES	OTHER ASSETS		
414764																			0	2600	0	12858	2345	2449	0	0	0	4825	0	0	0	0	1	2983	0	0				
414858																			0	1895	1334	8645	253	264	0	0	0	1918	0	0	0	0	0	3234	0	0				
416245																				232969	104129	739342		70594				71248	30933		6456		0	226201	12776	21425				
416272																			0	653	385	4951	526	568	0	0	0	577	0	0	0	0	0	2768	0	0				
416339																			0	136	0	4149	0	131	0	0	0	2079	0	0	0	0	0	1803	0	0				
416357																			0	0	0	2293	0	275	0	0	0	2018	0	0	0	0	0	0	0	0				
416656																			0	3328	0	16456	609	643	0	0	0	4302	0	0	0	0	0	8183	0	0				
416674																			0	498	3017	12407	0	2235	393	0	0	3063	0	0	0	0	0	3594	0	0	Travelers Express			
417626																			0	432	2032	5988	1599	1710	0	0	0	1814	0	0	0	0	0	0	0	0	Receivable - Income Tax - Federal	Receivable - Income Tax - State		
417710																			0	445	208	1065	0	69	0	0	0	343	0	0	0	0	0	0	0	0				
418100																			0	342	509	3956	792	1102	0	0	0	2003	0	0	188	0	0	0	0	0				
418249																			0	3245	7738	67828	815	1483	0	0	0	13901	0	0	668	0	0	41461	0	0				
418436																			0	0	0	197	28	28	0	0	0	169	0	0	0	0	0	0	0	0				
419406																				68303	35752	419610		152123		76869		15462					0	125359	0	22611		Right to user Asset		
419675																			0	13907	12712	41927	2896	5409	0	0	0	6288	0	0	0	0	0	3611	0	0				
420578																			0	1139	585	18219	575	612	0	0	0	900	0	9	0	0	0	10625	0	4358				
420644																			0	1922	1104	12076	168	199	0	0	0	1756	0	26	5	0	0	7095	0	0				
420877																			0	459	1109	2544	243	252	0	0	0	724	0	0	0	0	0	0	0	0				
421445																			0	793	0	3289	158	317	0	0	0	2179	0	0	0	0	0	0	0	0				
421539																			0	303	797	4705	343	562	0	0	0	760	0	94	0	0	0	2283	0	0				
422116																			7	228	209	3947	230	237	0	0	0	547	0	0	0	0	0	1748	56	922				
422433																			18	10252	17648	103555	3971	57043	643			12455					0	3822	0	2335	Other Receivables			
422657																			0	392	0	2498	337	532	0	0	0	1574	0	175	0	0	0	0	0	0				
423159																			0	497	145	3116	412	881	469	0	0	1593	0	0	0	0	0	0	0	0	NSF Checks			
423449																			0	7143	6125	47176	0	8635	0	0	0	5499	0	0	0	0	0	19774	0	0				
423636																			0	142	839	4426	285	306	0	0	0	573	0	0	0	0	0	2566	0	0				
423739																			0	4584	5298	40571	1763	7234	0	0	0	7895	0	0	0	0	0	15560	0	0				
424156																			0	1350	27	7990	218	283	0	0	0	2414	0	0	0	0	0	3916	0	0				
424240																			0	473	0	2715	0	121	0	0	0	2121	0	0	0	0	0	0	0	0				
424352																			0	1668	0	8419	563	565	0	0	0	1350	0	0	0	0	0	4836	0	0				
424437																				0	0	306	14	14				292					0	0	0	0				
425050																			0	196	92	727	19	19	0	0	0	420	0	0	0	0	0	0	0	0				
425108																			0	1298	2152	11631	617	2624	932	707	0	1681	0	0	0	0	0	3876	0	0	Accrued Pension Liability	Deferred Fees		
425818																			0	735	24	12349	738	1553	0	0	0	1901	0	0	0	0	0	8136	0	0				
425845																			0	4908	0	14234	0	703	567	0	0	8623	0	0	0	0	0	0	0	0	Deferred Comp			
425911																			0	10870	5831	69591	5409	7447	0	0	0	8424	837	442	0	0	0	37019	0	0				
426057																			0	342	0	1428	163	641	478	0	0	445	0	0	0	0	0	0	0	0	LEASE ROU ASSET			
426141																			0	30	81	449	21	31	0	0	0	307	0	0	0	0	0	0	0	0				
426534																				7391	16846	88856	4317	16191				23768					0	22474	0	2186				
426758																			0	378	413	4764	0	177	0	0	0	1152	0	0	0	0	0	1168	0	1476				
426945																			0	1229	611	2960	0	118	0	0	0	1002	0	0	0	0	0	0	0	0				
427241																			0	3336	2826	17839	604	610	0	0	0	2628	0	0	0	0	0	8439	0	0				
427353																			0	691	1131	18559	1689	3190	0	0	0	4937	0	0	0	0	0	8610	0	0				
427858																			0	284	234	1451	515	562	0	0	0	371	0	0	0	0	0	0	0	0				
427960																			0	0	0	884	105	105	0	0	0	779	0	0	0	0	0	0	0	0				
428060																			0	1571	0	6670	539	817	0	0	0	4282	0	0	0	0	0	0	0	0				
428462																			0	524	907	10495	0	29	0	0	0	2379	0	0	0	0	0	5094	0	1562				
428547																				13798	0	135592		93812	67618			18002					0	9980	0	0	Trade Date Securities Receivable			
428855																			0	1057	1224	4060	337	488	151	0	0	1291	0	0	0	0	0	0	0	0	misc			
429021																			0	527	6304	26833	574	1326	0	0	0	2116	0	0	0	0	0	15014	0	1546				
429487																			0	1060	1707	33871	2842	4006	0	0	0	3771	0	0	297	0	0	19829	0	3498				
430036																				1407	278	13434	185	768			66	1903		415			0	9078	0	0			Unpostable Items	
430054																			0	362	0	3555	193	224	0	0	0	730	0	0	0	0	0	2239	0	0				
430344																			0	2490	0	9406	49	285	236	0	0	2796	0	0	0	0	0	3835	0	0	RESERVE FOR STATE INCOME TAX			
431323																			0	267	448	6645	388	445	0	0	0	921	0	0	0	0	0	4139	0	425				
431350																			0	390	202	2694	237	238	0	0	0	723	0	0	0	0	0	1141	0	0				
432058																			0	809	0	5719	306	537	0	0	0	1609	0	1	230	0	0	2764	0	0				
432432																			0	467	2183	9490	218	1058	0	0	0	2049	0	0	0	0	0	0	2330	1403				
433505																				8169	0	64823	35555	36635				6325			171		0	13694	0	0				
433608																				32307	38879	238049	36942	61261				30697					0	74905	0	0				
433859																			0	444	0	6516	0	164	151	0	0	1734	0	0	0	0	0	4174	0	0	Tax Overpayment			
433943																			0	1631	11572	34447	726	6607	0	0	0	5605	5874	0	0	0	0	9032	0	0	Income taxes receivable			
434203																				663	4230	26540	1519	2991	962			1918					0	16546	0	192	Deferred accrued interest receivable			
434539																			0	219	2318	10823	456	527	0	0	0	1543	0	0	0	0	0	6216	0	0				
435059																			0	1435	0	8200	380	1078	587	0	0	1591	0	0	0	0	0	4096	0	0	Lease Right of use Asset			
435077																				31048	30362	489024		318215	154533			36174			90799		0	62126	0	11099	Rental Equipment			
435255																			0	2898	0	9448	110	304	182	0	0	6246	0	0	0	0	0	0	0	0	Swap Basis			
435666																			0	137	85	3574	409	409	0	0	0	685	0	0	0	0	0	2258	0	0				
435750																				6288	10394	43503	4154	5316				6157					0	15348	0	0				
436159																				101954	14432	482970		196154				58565					0	94510	2884	14471				
436542																			0	1293	201	9095	72	123	0	0	0	3242	0	0	0	0	0	4236	0	0				
436739																			0	819	0	4028	114	406	0	0	0	1157	0	0	0	0	0	822	0	824				
436953																			2	4456	2417	34578	1909	4327	546	0	0	4683	0	131	0	0	0	18695	0	0	Historical Tax Credit			
437044																			0	47	557	1125	0	38	0	0	0	483	0	0	0	0	0	0	0	0				
437914																				10807	190590	771980		453302	115797	121977		80285	145505				0	25964	10641	391	Investment in Qualified Housing Partnerships	Accounts Receivable		
439132																				356	2844	14598	636	636				2213					0	6699	0	1850				
439338																			38	7512	9849	87815	2551	8439				18863	3588				0	31576	0	11576				
439356																			0	6117	893	48224	2592	6259	1695	0	0	18010	0	0	0	0	0	16945	0	0	LIHTC MHEG FUND 56			
439404																				14671	8502	71987		3879				14185					0	30750	0	0		0		
439730																			45	885	41	4207	1134	1204	0	0	0	2077	0	0	0	0	0	0	0	0				
440857																			0	723	0	1039	0	76	0	0	0	240	0	0	0	0	0	0	0	0	Deconversion Expense-Expensed monthly over life of contract			
440978																			0	71	394	2403	22	77	55	0	0	160	0	0	0	0	0	1701	0	0	Due from Bancshares	Income taxes		
441050																			0	7	341	2204	0	239	0	0	0	1617	0	0	0	0	0	0	0	0				
441078																			0	1154	2744	12868	1147	1263	0	0	0	1104	0	0	0	0	0	5223	0	1380				
441135																			0	239	668	1286	0	89	0	0	0	290	0	0	0	0	0	0	0	0				
441256																				15247	5248	104395	2363	13776				21100					311	47546	0	1167				
441359																			48	652	4122	17863	619	729	10	13	16	4017	0	23	0	0	0	8343	0	0	OTHER ASSETS - ART ADJ	OTHER ASSETS - CARD SERVICES	OTHER ASSETS - DEBIT CARDS	
441470																			0	14	0	160	0	56	0	0	0	90	0	0	0	0	0	0	0	0				
441630																			10	110	0	1122	0	78	0	0	0	934	0	0	0	0	0	0	0	0				
442011																			0	1330	0	23604	0	18435	17717	0	0	1194	0	0	0	0	0	2645	0	0	Prepaid Pension			
442057																			0	374	0	2122	119	119	0	0	0	1629	0	0	0	0	0	0	0	0				
442244																			0	1431	1448	16793	143	143	0	0	0	3796	0	0	0	0	0	9975	0	0	INCOME TAXES RECEIVABLE			
442655																			0	239	0	667	0	47	0	0	0	381	0	0	0	0	0	0	0	0				
443148																			0	4302	0	17642	1111	2499	1242	0	0	3964	0	0	0	0	0	6430	0	447	FHLB Lender Risk Account			
443205																			0	6048	23032	185206	42110	71423	0	0	0	10231	28542	0	0	0	0	61675	0	12797				
443353																			0	1782	0	14476	310	1305	0	0	0	3889	0	22	114	0	0	6215	0	1285				
443625																			0	316	524	6122	0	24	0	0	0	431	0	0	0	0	0	4827	0	0				
443634																			0	814	0	6846	267	394	0	0	0	1644	0	0	0	0	0	3994	0	0				
444350																			0	0	1279	24009	423	531	0	0	0	4603	0	0	0	0	0	17596	0	0				
444556																			0	1108	0	26803	2218	5353	2369	388	356	8308	0	0	0	0	0	12034	0	0	Annunity	Fiserv Reserve	ICS Inclearing	
444677																			0	31	45	1107	30	65	0	0	0	37	0	0	0	0	0	98	0	831				
445674																			0	427	388	5637	0	2230	0	0	0	360	0	0	0	0	0	2232	0	0				
445955																			0	1002	0	16825	1194	2367	0	455	0	3901	0	0	0	0	0	9555	0	0	0	IENC Loan Fees		
446130																				1010	5171	12546		146				1642					0	3503	112	962				
446149																			0	532	293	3773	144	144	0	0	0	1230	0	0	0	0	0	1574	0	0				
446176																				1254	1119	3221	180	377				471					0	0	0	0	Welcome home funds	0		
447070																			0	2158	8387	27617	664	684	0	0	0	1439	0	0	0	0	0	14949	0	0	capitalizable expenses			
447100																				17702	5255	96942	1111	15496	3554	5211	985	5762	3375				0	19249	33478	0	Accrued Taxes	Accrued Pension	Lease receivable	
447557																			0	3010	0	6457	362	1266	0	0	0	2181	0	0	537	0	0	0	0	0				
448040																			0	4884	3130	30186	873	6820	0	0	0	3760	1197	0	0	0	0	11592	0	0				
448554																			0	460	1810	18962	0	806	206	0	0	2635	0	220	0	0	0	11820	0	1431	ATM Processing Deposit			
449038		323	0	323		0				0					0	0	0	0																						
449430																			0	503	528	10784	1294	2198	0	0	0	1903	0	0	0	0	0	5652	0	0				
449832																				825	1175	13378		1847	1115			1561					0	7970	0	0	Unamortized implementation costs of core system conversion			
449935																			0	0	0	15741	6745	15564	0	0	0	177	0	0	8404	0	0	0	0	0				
450632																			0	1823	3263	11996	581	838	0	0	0	1818	0	0	0	0	0	4254	0	0				
450669																			0	629	0	3996	117	124	7	0	0	748	0	0	0	0	0	2495	0	0	Security Principal Received			
450856																				19947	0	347853		274578	126470			53328	31001				0	0	0	0	TRUST RECEIVABLE			
450959																			0	8472	0	28811	769	1086	0	0	0	3615	0	0	0	0	0	13676	0	1962				
451068																			0	509	0	4995	1187	2074	0	0	0	2412	0	0	0	0	0	0	0	0	0			
451246																			0	1198	0	8850	567	769	160	0	0	1154	0	0	0	0	0	5008	0	721	Credit Card Clearing Account			
451273																				3499	0	14209		9183				1527			50		0	0	0	0				
451965	0	4336000	50000	49699000	0	21026000	0	0	0	5874000	0	0	0	0	0	5591000	12149000	673000		4336000																				
452159																			0	512	230	3770	379	1125	135	0	0	1903	0	0	537	0	0	0	0	0	Gold Bullion Fair Value			
452739																			0	251	1088	6558	430	512	0	0	0	1034	0	0	0	0	0	3673	0	0				
452841																			0	810	1144	4753	168	198	0	0	0	1374	0	0	0	0	0	1227	0	0				
453147																			0	295	0	489	0	82	0	0	0	112	0	0	0	0	0	0	0	0				
453446																			0	1671	5149	16935	450	465	0	0	0	1875	0	0	0	0	0	6800	0	975				
454546																			0	1518	0	6965	368	1305	578	0	0	2671	0	0	332	0	0	1471	0	0	Federal Home Loan Band of Indianapolis Lender Risk Account			
454658																			0	542	5113	16023	643	849	0	0	0	1837	0	0	0	0	0	7682	0	0				
454676																			0	7490	3057	34098	1401	1939	0	0	0	3859	0	0	0	0	0	0	17753	0				
454975																			0	1298	508	7624	0	42	0	0	0	696	0	0	0	0	0	5080	0	0				
455150																				1290	0	11196	113	313	188			2332					0	3449	3812	0	EFT Deposit			
455253																				526	1483	3868	369	506				1353		137			0	0	0	0				
455459																			0	130	0	7139	394	443	0	0	0	4573	0	0	0	0	0	1993	0	0				
455552																			0	7003	9718	75571	0	23727	0	0	0	10000	22852	0	0	0	0	21538	0	3585				
455945																			0	899	0	2690	101	228	0	0	0	1563	0	0	0	0	0	0	0	0				
455972																				1512	5073	21594	2990	6856				8153		122			0	0	0	0				
456045																				218337	143781	784210	29757	94269				107567		154	15176		0	151448	34533	34275				
456054																			0	474	472	8286	0	783	0	0	0	2810	0	0	0	0	0	3522	0	225				
456344																			0	20	243	368	0	9	0	0	0	96	0	0	0	0	0	0	0	0				
456755																				884	0	12130	471	605				2678					0	7963	0	0				
457060																			0	1017	739	3151	218	509	109	0	0	886	0	0	0	0	0	0	0	0	Real Estate Clearing			
457426																			0	393	7540	10781	452	752	247	0	0	2096	0	0	0	0	0	0	0	0	FISERV RESERVE - ATM/DEBIT CARDS			
457752																			0	3283	0	6081	363	540	0	0	0	1886	0	0	116	0	0	372	0	0				
458142																			0	373	1502	9600	0	702	452	0	0	2590	0	0	0	0	0	4433	0	0	Unposted DDA Items			
458544																			0	1843	3057	26687	0	3740	0	0	0	6776	0	0	0	0	0	11271	0	0				
458665																			33	794	763	6660	27	264	0	0	0	2554	0	0	0	0	0	2285	0	0				
458946																			0	496	0	3890	98	98	0	0	0	733	0	0	0	0	0	2563	0	0				
459130																			0	1245	4614	25924	686	1043	0	0	0	1957	0	0	0	0	0	17065	0	0	ATM Switch Settlement			
459372																			0	242	3300	36621	0	17280	15380	0	0	1755	0	0	0	0	0	11383	0	2661	SUPPLEMENTAL DEFERRED COMPENSATION ASSET			
459644																			0	138	0	4278	101	104	0	0	0	761	0	0	0	0	0	2299	0	976				
459671																				13525	13178	70461	2889	3311				11743					0	28704	0	0				
460033																				3277	7720	110049	8144	12871				19162					0	67019	0	0				
460275																			0	495	180	1061	86	86	0	0	0	300	0	0	0	0	0	0	0	0				
460332																			0	704	0	2232	0	261	172	0	0	1267	0	0	0	0	0	0	0	0	ATM Debit Card Settlement Deposit			
460350																				635	0	3035	105	128				657		22			0	1615	0	0				
460556																			0	354	409	1450	106	106	0	0	0	581	0	0	0	0	0	0	0	0				
460770																			0	296	210	1696	137	158	0	0	0	1032	0	0	0	0	0	0	0	0				
461058																			0	114	0	6873	0	1822	1794	0	0	1186	0	0	0	0	0	2746	0	1005	Annuities to fund deferred compensation plans			
463605																			0	324	1715	12184	1001	1289	0	0	0	1295	0	0	279	0	0	7561	0	0				
463650																			0	4289	3882	22973	512	917	174	0	0	11607	0	0	0	0	0	2278	0	0	RIGHT OF USE ASSET			
463735																				75670	50152	1579974		517134	292437			138509					0	623253	132413	42843	Funded Pension Assets			
464853																			0	143	0	1163	0	39	0	0	0	327	0	0	0	0	0	654	0	0				
465038																			0	3139	2270	7055	199	264	65	0	0	1382	0	0	0	0	0	0	0	0	Total Sundry Accounts Receivables			
465243																			0	1472	0	3699	343	471	0	0	0	1589	0	90	0	0	0	167	0	0				
465524																			0	356	12	1883	323	323	0	0	0	1192	0	0	0	0	0	0	0	0				
465618																			0	1262	5903	43272	432	1065	0	0	0	5225	0	598	0	0	0	23767	0	6050				
465672																			0	876	766	9044	161	561	0	0	0	581	0	0	0	0	0	6260	0	0				
466044																				319	446	4112		213				3134					0	0	0	0				
466240																			0	2155	0	52539	0	18704	11547	0	0	9654	0	0	0	0	0	17251	1126	3649	SBIC Investments			
466754																			0	3370	3282	23122	1780	4413	1832	0	0	5182	0	0	751	0	0	3428	0	3447	Gold Bullion			
466932																			0	617	248	6250	0	250	0	0	0	761	0	0	0	0	0	3273	0	1101				
467144																			0	726	407	1726	0	22	0	0	0	246	0	0	0	0	0	325	0	0				
467470																			0	911	782	2628	173	208	0	0	0	727	0	0	0	0	0	0	0	0				
467658																			6	871	2640	39812	1157	5629	2735	0	0	5199	0	0	0	0	0	14425	0	11048	RTO Storage Buildings			
467733																			0	182	750	17892	345	1170	0	0	0	771	0	0	0	0	0	12685	0	2334				
468673																			0	1631	849	11908	0	509	0	420	0	1577	0	0	0	0	0	7342	0	0		Other Assets		
468806																			0	26977	16075	89135	4336	8188	0	0	0	18885	0	0	1592	0	0	10442	0	8568				
469250																			0	118	21	224	0	0	0	0	0	85	0	0	0	0	0	0	0	0				
469559																			0	2024	0	8331	1107	1219	0	0	0	5088	0	0	0	0	0	0	0	0	FISERV EFT Deposit			
469737																			0	303	0	3204	285	300	0	0	0	1712	0	0	0	0	0	889	0	0				
470032																			0	442	393	5627	372	463	0	0	0	1057	0	5	15	9	0	1751	0	1521	ADVANCE FOR CREDIT CARD CLEARING			
470050																				77875	74714	292378	10820	36700				68204		11481			0	34885	0	0				
470434																			0	0	941	2389	0	1088	1084	0	0	360	0	0	0	0	0	0	0	0	Goodwill			
470452																			14	4669	1578	72252	2209	46578		3363		17451		601	2398		0	1976	0	0		JH Receivable		
471057																				183	332	1720		0				526					0	679	0	0				
472018																			0	175	2377	3868	195	827	0	0	0	489	0	58	0	0	0	0	0	0				
472045																			0	36	0	746	0	0	0	0	0	710	0	0	0	0	0	0	0	0				
472148																			0	44	0	1644	0	61	0	0	0	305	0	0	0	0	0	1234	0	0				
472250																				0	0	131	43	43				88					0	0	0	0				
472531																			0	0	31	967	117	321	0	0	0	615	0	0	0	0	0	0	0	0				
472616																				1590	0	35908		24971	16902	6669		1950					0	7397	0	0	OTHER PENSION PLAN STATUS	OTHER DEFERRED COMPENSATION		
472951																			0	134	0	1205	159	170	0	0	0	901	0	0	0	0	0	0	0	0				
472979																			0	619	2311	17533	116	459	343	0	0	1671	0	0	0	0	0	12473	0	0	SBA principal recievable			
473042																			0	5147	10014	31986	1438	3937	0	0	0	10473	0	98	0	0	0	1229	0	1186				
473257																			0	122	1085	2295	0	411	395	0	0	677	0	0	0	0	0	0	0	0	FINE ARTS/COLLECTIBLES		ICBA BANKCARD RESERVE ACCOUNT	
473266																			0	21161	0	59858	3479	7846	0	0	0	11900	0	0	0	0	0	18951	0	0				
473930																			0	1041	1760	6145	479	479	0	0	0	2865	0	0	0	0	0	0	0	0				
474058																			0	1433	0	11080	213	617	224	173	0	1322	0	0	0	0	0	5249	0	2459	Suspense	Due from Data Processor		
474245																			0	0	0	815	133	193	0	0	0	622	0	0	0	0	0	0	0	0				
474254																				17441	0	210645		27113	7268			24899					0	81679	9506	50007	ATM Security Deposit			
474357																			0	644	0	5650	371	833	462	0	0	1140	0	0	0	0	0	3033	0	0	COMMUNITY DEVELOPMENT INVESTMENT			
474450																			0	1498	0	6431	278	322	0	0	0	4611	0	0	0	0	0	0	0	0				
474544																			0	274	0	1733	52	644	592	0	0	815	0	0	0	0	0	0	0	0	Construction in process			
474656																			0	120	61	2750	112	674	518	0	0	526	0	0	0	0	0	1369	0	0	Wire fraud			
474759																				25338	23632	327185		162675	59564			32254					0	83286	0	0	CRA Investments			
474919																				157874	131404	1120672	63904	221352				113698					0	491072	0	5272				
475345																			0	935	1540	13525	911	1002	0	0	0	1417	0	0	0	0	0	5193	0	3438				
475354																			0	3889	0	23118	1052	1325	0	0	0	3062	0	0	0	0	0	13971	0	871	Income Tax Payable			
475653																			0	3537	1811	11746	1099	1612	0	0	0	2835	0	0	0	0	0	524	0	1427				
475756																			0	560	0	3981	0	412	0	0	0	3009	0	0	0	0	0	0	0	0				
476445																			0	808	338	4744	349	2540	1110	678	0	1058	0	0	365	0	0	0	0	0	FIT Credit TJB-REA TCF LLC	Investment in TJB-REA TCF		
476472																			0	1267	328	5123	630	1105	0	0	0	1466	257	0	0	0	0	957	0	0				
476539																			0	1606	1901	8591	0	3178	2045	0	0	1906	0	0	0	0	0	0	0	0	PENSION BENEFIT COST			
476810		5177000	16817000	101663000		67989000				6263000					0	50000	5367000	0		5041000																				
477321																			0	2377	6058	28974	942	1284	0	0	0	3837	0	0	0	0	0	14109	0	1309				
477349																				2250	0	20921		9934	3522			3808					0	4929	0	0	Student Loan Fee Receivable			
477648																			0	105	4	7251	0	743	0	0	0	5169	0	0	0	0	0	1230	0	0	0	0		
478140																			0	316	2316	3820	127	294	0	0	0	894	0	0	0	0	0	0	0	0				
478195																			0	2969	0	11969	398	812	0	0	0	8188	0	0	0	0	0	0	0	0				
479071																			0	137	0	7537	211	461	0	0	0	1585	0	0	0	0	0	4286	0	1068				
479268																				15000	38143	172254	3118	3600				19488					0	77927	18096	0				
479370																			0	2534	803	13644	1853	2006	0	0	0	1936	0	0	0	0	0	4746	0	1619	Compensation Plan Directors			
479446																			0	2634	1735	14478	379	394	0	0	0	1349	0	0	0	0	0	8366	0	0				
479567																			0	153	0	6124	154	3167	2899	0	0	403	0	0	0	0	0	2401	0	0	Point of Sale Settlement			
479754																			0	392	0	6641	269	821	0	0	0	2807	0	0	0	0	0	2058	0	563				
479839																			0	10621	904	27550	833	2678	1513	0	0	3955	0	0	0	0	0	6683	0	2709	TSB Other Owned Assets			
480059																				199	0	937	294	300				438					0	0	0	0				
480228	0	6417000	731000	91260000	0	49792000	0	0	0	9022000	0	0	0	0	0	3456000	21842000	0		6375000																				
480246																			0	157	82	654	0	50	0	0	0	365	0	0	0	0	0	0	0	0				
480330																				251	235	624	28	51				87					0	0	0	0	Misc Deposit			
480433																			0	1395	1369	4994	577	642	0	0	0	1588	0	0	17	0	0	0	0	0				
480723																				4181	0	15038	140	3901	2621	864		2003	189				0	4523	0	430	FHLB LRA	Prepaid Investor Funds		
480853																			0	180	1529	6489	312	1316	964	0	0	828	0	0	0	0	0	0	2636	0	Repoed Assets			
481159																			0	247	0	10604	384	417	0	0	0	1498	0	0	0	0	0	8442	0	0				
481177																				5756	3027	69641	3254	13613	7780			7069					0	35565	136	4475	LOW INCOME HOUSING TAX CREDIT INVESTMENT			
481579																				1313	0	5536	365	870				1689			357		0	576	0	1088				
481627																			0	5016	2100	23021	705	1002	0	0	0	2687	0	0	0	0	0	12216	0	0				
481748																			0	0	156	745	0	301	216	0	0	288	0	0	0	0	0	0	0	0	Accrued Interest Rec. - Other Securities			
481944																			0	323	308	9368	84	139	0	0	0	1043	0	0	0	0	0	7555	0	0				
482053																			0	1693	0	16672	2413	5756	0	0	0	9223	2244	239	188	0	0	0	0	0				
482156																			0	19806	874	49665	0	925	289	287	0	7555	0	0	0	0	0	20505	0	0	Security Payments Receivable	State Income Tax Credits		
482370																				95	141	667	45	53	1	7		332					0	0	46	0	ACH in Process	Debit Card Settlements		
482446																			0	147	1892	8137	130	255	0	0	0	1492	0	0	0	0	0	4351	0	0				
483274																			0	5211	992	9262	241	1038	0	0	0	2021	0	0	797	0	0	0	0	0				
483537																			0	109	645	1495	146	307	0	0	0	434	0	0	0	0	0	0	0	0				
483751																			0	735	711	15600	316	1053	0	0	0	4325	0	411	0	0	0	8776	0	0				
484057																			0	0	0	5671	0	87	0	0	0	687	0	0	0	0	0	4897	0	0				
484776																			0	4517	0	7384	264	277	0	0	0	1203	0	0	0	0	0	1387	0	0				
485054																			0	664	0	2242	0	242	0	0	0	976	0	0	0	0	0	360	0	0	Health Insurance			
485139																				1168	0	4066	148	154				630					0	2114	0	0				
485214																			0	367	391	2192	74	533	0	0	0	901	0	459	0	0	0	0	0	0				
485456																			0	437	2287	11844	234	311	0	0	0	1522	0	0	0	0	0	3801	0	3486	Unposted Deposit Debits			
485559																				321678	63540	3112820		1605096	824152			306595					0	644222	120756	50933	Tax Credit Investments			
487142																			0	81	0	5438	21	21	0	0	0	852	0	0	0	0	0	4484	0	0				
487357																				1826	0	11426	726	1422				4157		110	257		0	4021	0	0	0			
488318	0	0	0	25899	21770	25768	0	0	0	131	0	0	0	0	0	0	0	0																						
488420																			0	566	1224	2586	128	142	0	0	0	654	0	0	0	0	0	0	0	0				
488653																			0	926	0	18407	0	9120	8747	0	0	1435	0	0	0	0	0	6926	0	0	TITLE PLANT			
488756																			0	2435	0	6384	0	336	0	0	0	2276	0	0	0	0	0	1337	0	0		0		
489155																			0	57	0	477	37	50	0	0	0	370	0	0	0	0	0	0	0	0				
489249																			0	127	250	898	0	50	0	0	0	471	0	0	0	0	0	0	0	0	0			
489548																			199	2139	0	29447	610	1476	0	0	0	11105	0	130	0	0	0	14727	0	0				
489623																			879	63957	6272	610042	197564	273166		69932		34618	663	1240			0	221353	0	10676		Low Income Housing Investments		
490348																			0	531	93	3174	792	808	0	0	0	1742	0	0	0	0	0	0	0	0				
490450																			0	6236	5504	42880	1776	2238	0	0	0	6390	0	0	0	0	0	22512	0	0				
490843																			0	1266	0	9585	235	387	0	0	0	2542	0	0	0	0	0	5390	0	0				
490955																			0	0	0	109	0	83	0	0	0	26	0	0	0	0	0	0	0	0				
491224	0	156000	10000	14611000	0	13411000	9627000	0	0	851000	0	0	0	0	0	70000	59000	54000		156000																	Operating Leases			
491402																			0	1941	3509	30345	5124	8198	0	0	0	2605	0	0	0	0	0	13065	0	1027				
491653																			0	465	436	2507	0	135	0	0	0	816	0	0	0	0	0	655	0	0				
491934																			0	12051	17443	139796	9352	26342	10257	0	0	15503	0	0	0	0	0	62522	0	5935	Right of Use Asset			
492650																				11113	0	60718	3523	6599				14178	2412		33		0	28828	0	0				
492810																				255	0	4526	228	3322	274	2820		949					0	0	0	0	Antiquities	Pension		
493077																			0	655	1066	4527	29	798	0	0	0	299	0	12	105	0	0	1709	0	0				
493152																			0	758	0	13096	809	811	0	0	0	5410	0	0	0	0	0	5760	0	357	ANNUITIES			
493741																			0	1337	0	20652	137	2015	1353	299	0	4958	0	0	0	0	0	9957	85	2300	DEFFERED DIR COMP	PREPAID OTHER		
493844																			0	3127	880	21617	691	2517	0	0	0	3909	0	0	0	0	0	11184	0	0				
494261																				287104	638135	2071671		664921	238232	357580		131428					0	6756	343327	0	Operating lease equipment	CRA loan pool and LIHTC investments		
494654																			1512	3068	616	19807	0	3301	0	0	0	2822	0	0	0	0	0	10000	0	0				
495419																			0	2636	6922	23270	0	3030	2349	0	0	2781	0	0	0	0	0	3070	4831	0	Directors Deferred Comp			
495558																			0	0	654	3282	212	212	0	0	0	893	0	0	0	0	0	1523	0	0				
496434																			0	39	783	3284	85	88	0	0	0	179	0	0	0	0	0	2195	0	0				
496845																				1492	1850	8521	465	589				4590					0	0	0	0				
496957																			0	68	5	1312	0	6	0	0	0	693	0	0	0	0	0	540	0	0				
497039																			0	13658	983	72203	1819	3565	1410	0	0	7349	0	0	0	0	0	36690	0	9958	Operating Lease Right of Use			
497404	0	1226218	1874263	7427830	0	1299627	0	0	0	1200335	0	0	0	0	0	941116	635077	251194																						
497655																			0	2	135	2224	0	663	301	0	0	1424	0	0	0	0	0	0	0	0	Right of use asset			
497851																			0	306	1125	12357	931	1568	259	0	0	1587	0	0	0	0	0	7771	0	0	Accrued Taxes			
497954																			0	4479	4160	22166	1249	1770	0	0	0	4658	0	0	0	0	0	7099	0	0				
498148																			0	5209	0	37291	1082	1407	0	0	0	10211	0	0	0	0	0	20464	0	0				
498317																				5258	5476	62027	2088	4867	1690			5309					0	41117	0	0	Annuity Investment			
498362																				4887	5513	57248		6956	2018			8035	357				0	31857	0	0	Operating lease assets			
498456																			0	289	34	454	0	34	0	0	0	97	0	0	0	0	0	0	0	0				
498531																			0	555	2154	4941	0	109	0	0	0	2123	0	0	0	0	0	0	0	0		Atm Switch Clearing`		
498625																			0	187	718	6782	933	946	0	0	0	809	0	0	0	0	0	4122	0	0				
498942																			0	199	0	993	0	93	0	0	0	701	0	0	0	0	0	0	0	0				
499154																			0	364	601	2466	511	557	0	0	0	944	0	0	0	0	0	0	0	0				
499453																			0	5877	0	37955	3105	4524	0	0	0	12868	0	0	0	0	0	14686	0	0				
499501																			0	8285	17722	98701	0	21956	16152	0	0	7737	0	0	0	0	0	34485	0	8516	Pension asset			
499743																				1843	0	8510	668	729				2209					0	3729	0	0				
499752																			120	561	0	2046	288	682	0	0	0	803	0	0	100	0	0	0	0	0				
499855																			463	2125	137	20077	1050	1848	0	0	0	1763	0	0	0	0	0	9000	0	5204				
500256																				46	343	2397	106	368				1640					0	0	0	0				
500658																			0	170	111	2925	147	194	0	0	0	212	0	0	0	0	0	2238	0	0				
501105	0	725647	348542	9051607	0	4516202	1639753	0	0	840628	0	0	1386398	0	0	1100492	823233	696863		725647																	Investor and Escrow Advances Receivable, Net			
501132																			0	1643	10011	42044	1024	2056	0	0	0	4525	0	0	0	0	0	23809	0	0				
501459																			0	790	4636	53361	1275	4503	977	1495	0	3154	0	5	0	0	0	38873	0	1405	401 Non Qualified Asset	Saint Louis Equity Fund Investment		
501655																				844	84	3431		127				1183					0	1193	0	0				
501767																			23	929	1274	11521	106	144	0	0	0	1060	0	1	0	0	0	5277	0	2837				
502111																			0	4234	4493	29443	6648	8949	0	0	0	11767	0	0	0	0	0	0	0	0				
502447																			0	863	892	5719	21	182	0	0	0	992	0	0	0	0	0	1513	0	1277				
502559																			0	895	444	8151	212	270	0	0	0	828	0	0	0	0	0	5714	0	0				
502652																			0	1407	1690	15917	463	1680	0	0	0	1783	433	0	714	0	0	9357	0	0				
502746																			0	1624	2186	10840	0	707	313	0	0	2205	0	0	0	0	0	1592	523	2003	Deferred Variable Comp			
502849																			0	3950	26519	92939	0	19732	13120	0	0	14909	0	0	0	0	0	22255	0	5574	INVESTMENT LOW INCOME HOUSING TAX CREDIT			
503547																			0	45	0	1295	150	441	0	0	0	809	0	0	0	0	0	0	0	0				
503640																			0	55	0	5404	3535	4857	0	0	0	492	0	0	0	0	0	0	0	0				
504142																			0	95	238	2021	172	197	0	0	0	941	0	0	0	0	0	550	0	0				
504311																			0	1676	2010	21897	1052	1191	0	0	0	3497	0	0	0	0	0	13523	0	0				
504535																			0	479	1323	9655	0	574	0	0	0	2904	0	0	0	0	0	4375	0	0				
504647																			0	390	0	2119	68	68	0	0	0	712	0	0	0	0	0	949	0	0				
504713	0	1759891	4895864	46410249	0	29618503	0	0	0	2217468	0	0	0	0	0	2053414	5356541	508568		1759754																				
505550																			840	5727	889	11598	0	1666	0	0	0	3316	0	0	0	0	0	0	0	0				
505916																			0	258	63	792	78	87	0	0	0	384	0	0	0	0	0	0	0	0				
507068																				15000	39806	186393		42599				12606					0	60174	0	16208				
507152																			0	923	330	5620	478	486	0	0	0	3881	0	0	0	0	0	0	0	0				
507349																			20	200	9	1392	16	36	0	0	0	850	0	0	0	0	0	297	0	0				
507509																				5583	6049	54151	1340	3960				6510	437				0	30496	0	1553				
508270																			0	74	169	688	0	140	0	0	0	305	0	0	0	0	0	0	0	0				
508346																			0	5910	8524	67422	1451	3226	0	0	0	8443	0	0	1277	0	0	19208	22111	0				
508355																			32	871	0	12313	812	1302	0	0	0	3366	0	0	0	0	0	6774	0	0	Data Processing	Prepaid contracts		
509811																				14241	19081	216621	24638	34194				25831					0	123274	0	0				
509857																			0	332	152	2979	0	151	0	0	0	212	0	0	0	0	0	2132	0	0				
509950																				96026	0	665595		185848				58560					0	318009	0	7152				
510330																			0	515	4140	21280	309	317	0	0	0	1976	0	0	0	0	0	14332	0	0				
510648																			0	816	791	2305	134	138	0	0	0	560	0	0	0	0	0	0	0	0				
510871		37779	134828	473666		229708				71351			132732		0	0	0	0		37779																				
510938																			0	5259	2103	13740	0	2034	1322	0	0	4344	0	0	0	0	0	0	0	0	Accrued Taxes			
510947																			0	237	557	4580	123	225	0	0	0	887	0	0	0	0	0	2425	0	249				
511832																			0	743	1771	22466	0	2158	1500	0	0	4076	0	0	0	0	0	7441	0	6277	Investment SHCP Foundation			
513256																				2023	0	17458	226	1399				4961	1147				0	9075	0	0				
513322																			105	139	165	3222	182	287	0	0	0	525	0	0	0	0	0	2106	0	0				
513340																			0	3726	1871	24316	686	1698	0	0	0	2110	0	0	527	0	0	14911	0	0				
513546																			0	1086	0	6421	0	356	0	0	0	1600	0	0	0	0	0	3379	0	0				
513854																			0	163	0	1214	160	271	60	0	0	780	0	0	0	0	0	0	0	0	Primax Prefunding			
514048																			0	4171	0	17788	1810	1980	0	0	0	4738	0	0	0	0	0	6899	0	0				
514057																			0	0	0	276	0	141	0	0	0	135	0	0	0	0	0	0	0	0				
514066																			0	10979	31263	84558	3229	5744	0	0	0	7398	0	0	0	0	0	28603	571	0				
514132																			0	1593	0	15453	417	1901	1467	0	0	2065	0	0	0	0	0	6174	0	3720	Prepaid Retirement Plan			
514356																				87	60	691	80	94				450					0	0	0	0				
514655																			0	1643	0	5866	1002	1085	0	0	0	3138	0	0	0	0	0	0	0	0				
514936																			0	261	98	7129	262	267	0	0	0	798	0	0	0	0	0	5705	0	0				
515979																			0	0	0	155	0	65	0	0	0	90	0	0	0	0	0	0	0	0				
516154																			0	1248	0	5711	265	265	0	0	0	4198	0	0	0	0	0	0	0	0				
516855																			0	1439	0	5723	658	834	118	0	0	3450	0	0	0	0	0	0	0	0	DDA in process			
516873																			0	146	0	3690	253	733	0	0	0	374	0	0	0	0	0	2437	0	0				
517049																			0	6557	14569	62031	1813	2085	0	0	0	5240	0	0	56	0	0	33580	0	0				
517357																			0	6009	2101	29839	2971	4725	0	0	0	5980	0	0	0	0	0	11024	0	0				
517441																			0	4026	0	12078	1044	1679	540	0	0	2056	0	0	0	0	0	4031	0	286	Invest in Digital Banking			
517674																			0	2155	5991	39969	1555	3281	646	0	0	2936	0	0	668	0	0	16153	3325	6128	Debit/ATM Clearing Advance			
518037																			192	1251	18879	29634	666	1663	0	150	0	7841	0	0	0	0	0	0	0	0	CSV Brick Plan GL1951250	Mexico Beach Property		
518176																			0	735	921	6064	81	90	0	0	0	142	0	0	0	0	0	3589	0	587				
518354																			0	114	514	4314	0	166	0	0	0	893	0	0	0	0	0	2627	0	0				
518877																			0	156	157	1346	244	437	0	0	0	596	0	0	0	0	0	0	0	0				
519146																			0	2953	0	15125	764	1080	275	0	0	4548	0	0	0	0	0	4886	0	1658	Shazam Prefunding			
519360																			0	2057	578	5803	340	938	397	0	0	812	0	0	0	0	0	1418	0	0	state income tax payable			
519445																			0	453	1459	3053	235	268	0	0	0	873	0	0	0	0	0	0	0	0				
519874																			92	57	163	2167	764	856	0	0	0	1091	0	0	0	0	0	0	0	0				
520003																			0	1953	7013	63864	4878	12830	5757	0	0	3972	0	0	0	0	0	38096	0	0	DIRECTORS AND OFFICERS DEFFERRED			
520423																			0	651	1362	17304	378	425	0	0	0	1515	0	0	0	0	0	13351	0	0				
520777																			0	975	4623	15312	0	229	0	0	0	1635	0	0	0	0	0	7850	0	0	Deferred Tax asset			
521158																			0	512	0	16033	400	569	0	0	0	2226	0	0	0	0	0	12726	0	0				
521970																			0	496	833	14273	348	415	67	0	0	2281	0	0	0	0	0	10248	0	0	Other Assets			
522034																			0	204	460	5840	178	271	0	0	0	677	0	0	0	0	0	4228	0	0				
522454																			0	259	0	1808	0	281	153	0	0	432	0	0	0	0	0	836	0	0	GGL Premium		0	
522605																				11488	28167	196060		45153				15002					0	96250	0	0	Subsidiary Cash at Other Institutions	FV Asset for Customer Loan Swaps		
522669																			0	761	0	6565	256	1003	0	0	0	1613	0	9	0	0	0	3188	0	0				
522753																			0	1024	0	15104	556	1471	413	501	0	2176	0	0	0	0	0	10433	0	0	FISERV EFT REQUIRED DEPOSIT	DDA NONPOST DEBITS		
523161																			0	177	2842	7205	0	111	0	0	0	2140	0	0	0	0	0	1935	0	0				
524579																			0	13069	1907	42404	0	11291	8777	0	0	3841	0	0	0	0	0	12296	0	0	Other Insurance Products			
524757																			15	125	0	892	164	271	0	0	0	496	0	51	14	0	0	0	0	0				
524766																				78	0	2093	214	1097				918					0	0	0	0				
524953																			0	5156	969	14473	601	986	330	0	0	2485	0	0	0	0	0	4877	0	0	Uncollected Late Charges			
524971																				1360	2976	26128	977	2460	1466			2313			17		0	17019	0	0	Settlement Services Holding			
525053																				5236	0	23140	984	1097				5065					0	8199	0	3543				
525549																			0	42570	5789	124187	3481	10259	4267	0	0	12199	0	0	0	0	0	50422	0	2948	Lease Right-of-use			
526452		788	0	116118	6465	105128	83999			10202		5917	7986		0	0	0	0		0																	Operating Lease Receivables			
526519																			0	10143	7236	53912	1028	3474	1471	0	0	5309	0	0	0	0	0	19024	0	8726	Deferred Director Fee Asset			
526854																				1330	5875	21772	883	963				3153					0	8610	1841	0				
527057																			0	943	0	7976	132	174	0	0	0	3169	0	0	0	0	0	2264	0	1426				
527178																			0	1499	0	5658	750	1169	0	0	0	697	0	0	419	0	2293	0	0	0				
527600																			0	2121	7129	77110	0	14742	5271	0	0	6636	5429	0	0	0	0	6072	36213	4197	Income Tax Reserves			
527749																			0	67	0	1181	118	264	145	0	0	850	0	0	0	0	0	0	0	0	participation sold payment not posted			
527954																				91024	320346	1568229	103078	300916				181352					0	672672	0	1919				
528102																			0	2585	3504	19666	290	503	47	0	0	1470	0	0	0	0	0	11604	0	0	TAX RESERVE	ERC		
528241																			0	154	716	8805	34	39	0	0	0	3503	0	0	5	0	0	4393	0	0				
528849																			0	5152	0	20048	1589	2775	0	0	0	6808	0	0	0	0	0	3964	0	1349				
528960																				3281	2516	18400	1119	1759				10553					0	291	0	0				
529275																			0	1901	2577	6869	397	1065	157	216	0	1326	0	0	281	0	0	0	0	0	Midwest Housing Equity Group	1867 Capital, LLC		
529341																			0	13770	3483	39543	3826	8744	0	0	0	2480	2282	0	1952	0	0	11066	0	0				
529659																			0	1309	0	10651	945	1624	0	0	0	4308	551	0	105	0	0	3410	0	0				
529958																				14695	5968	117601		12792				12045					0	34413	0	37688				
530655																			0	1383	43	11492	746	1018	0	0	0	7484	0	0	0	0	0	1564	0	0				
530851																			0	1180	1962	6147	142	416	0	0	0	2589	0	0	0	0	0	0	0	0				
531157																			0	1308	123	7176	0	271	0	0	0	2324	0	0	0	0	0	3150	0	0				
531250																			0	2566	4056	31846	1582	7059	5021	0	0	4968	0	0	0	0	0	7848	1214	4135	Boli\Annuity			
532042																			0	1925	1077	20424	617	738	0	0	0	4725	0	0	0	0	0	11959	0	0				
532453																			0	0	0	3829	42	42	0	0	0	1311	0	0	0	0	0	2029	0	447				
532752																			0	393	16	2279	0	95	0	0	0	1775	0	0	0	0	0	0	0	0				
533124																			0	268	650	12287	830	2115	0	0	0	2270	0	0	0	0	0	5425	0	1559				
533227																			0	377	216	3686	127	349	172	0	0	315	0	0	0	0	0	2429	0	0	Right of use asset			
533535																			0	883	8176	11176	110	110	0	0	0	2007	0	0	0	0	0	0	0	0				
534073																			0	72	170	4109	33	95	0	0	0	189	0	0	0	0	0	3583	0	0				
534242																			0	142	0	829	0	116	0	0	0	571	0	0	0	0	0	0	0	0				
534466																			0	1270	557	3596	0	370	0	0	0	1399	0	0	0	0	0	0	0	0				
534756																			0	1118	0	9564	117	264	146	0	0	1546	0	0	0	0	0	3883	0	2753	unposted debits			
534859																			69	329	0	3980	35	105	0	0	0	1285	0	0	0	0	0	2261	0	0	other misc assets			
534877																			0	8071	2200	29985	2816	4267	0	0	0	3270	0	0	0	0	0	12177	0	0				
535034																			0	563	129	7020	732	1239	0	0	0	884	0	0	0	0	0	4205	0	0				
535575																			0	197	329	1486	270	371	0	0	0	589	0	0	0	0	0	0	0	0	Prepaid Pension	0		
535753																			0	12489	13221	43406	0	7220	2846	0	0	10476	0	0	0	0	0	0	0	0	Income Tax Receivable			
535931																				476	2601	8568	371	424				1051		19			0	4016	0	0				
535940																			0	315	0	13235	249	273	0	0	0	4832	0	0	0	0	0	7815	0	0				
536059																				2911	9369	44615	696	3407	894	965		7342					0	14362	0	7224	Bankers Acceptance	Prepaid Income Taxes		
536349																			0	671	2152	20675	83	145	0	0	0	7571	0	0	0	0	0	10136	0	0	Income Taxes payable			
536527																			0	2919	7522	27834	2446	3983	0	0	0	3032	0	0	0	0	0	7668	0	2710				
536554																			0	1600	0	14575	1273	6328	4958	0	0	6647	0	0	0	0	0	0	0	0	Right of use asset			
536853																			0	0	0	576	23	23	0	0	0	553	0	0	0	0	0	0	0	0				
537243																			0	816	1851	7591	257	260	0	0	0	2389	0	0	0	0	0	2275	0	0				
537449																				76709	12123	237130		51204				13100	36515				0	83994	0	0				
537551																			0	1261	346	7379	200	240	0	0	0	3543	0	34	0	0	0	1989	0	0				
537560																				11842	0	34138	4250	9496				12800	3108				0	0	0	0				
538222																				350	224	7174	249	249				789					0	5562	0	0				
538473																			0	712	4166	25903	1172	4842	0	0	0	4366	792	0	898	0	0	5792	0	6025				
538754																			0	543	241	16869	382	491	0	0	0	6113	0	0	0	0	0	4335	505	4641				
538802	0	8576	2953	25859	3958	6791	0	0	0	7539	0	0	2376	0	0	0	0	0		8576																				
539032																				8326	10016	86531	3853	13669	6377			8929					0	43983	1608	0	Investment in 225 Holmes			
539340																			0	3585	4960	28002	494	774	0	0	0	3617	0	0	0	0	0	7440	0	7626				
539377																			0	1668	0	3922	429	1167	0	0	0	1087	0	0	0	0	0	0	0	0		0		
539452																			0	393	0	2313	0	860	0	0	0	1060	0	0	0	0	0	0	0	0				
539872																			0	270	7799	10052	0	384	0	0	0	1599	0	0	0	0	0	0	0	0	Fiserv EFT Settlement Deposit			
540056																			0	6317	0	14560	1151	1162	0	0	0	6104	0	0	0	0	0	977	0	0				
540542																			0	389	62	717	0	133	0	0	0	133	0	0	0	0	0	0	0	0				
540551																				9103	12521	70890	2598	5254				23743					0	17655	308	2306				
540739																			0	863	5032	11132	462	511	0	0	0	2239	0	0	0	0	0	74	0	2413				
540775																				2075	1402	25514	399	972	357			2544					0	17607	0	914	FiServ Settlement Deposit	In Clearing in Process	Commercial Exchange Account	
540850																			0	61	266	1722	0	103	0	0	0	740	0	0	0	0	0	552	0	0				
541101	0	420000	49000	18517000	0	11993000	0	0	0	1247000	0	0	4048000	0	0	1538000	1844000	1426000		420000																				
541231																			36	755	3157	15209		230				2123					0	8944	0	0				
541307																			0	1259	0	5736	595	3822	1648	0	0	655	0	0	731	0	0	0	0	0	Other Assets			
541642																			0	381	0	9703	204	204	0	0	0	505	0	0	0	0	0	8613	0	0				
541754																			0	594	961	8659	388	394	0	0	0	4052	0	0	0	0	0	2658	0	0				
541857																			0	955	1528	20037	1161	2356	0	0	0	3875	0	0	0	0	0	9123	0	2200				
542153																			0	511	0	6234	1477	1490	1	0	0	2651	0	0	0	0	0	1582	0	0	Unposted Deposit Debits			
542340																			0	3989	1030	8962	636	1074	0	0	0	2490	0	0	0	389	0	379	0	0				
542528																				25942	17185	129605	6020	8901				14424					0	47746	0	15407				
542667																			0	377	8356	27034	489	1319	0	0	0	3062	0	532	0	0	0	13920	0	0				
542854																			0	104	0	356	0	86	0	0	0	166	0	0	0	0	0	0	0	0				
543262																				4717	19694	104079	1746	3103				19642					0	48365	8558	0				
543459																			0	2543	1768	29239	1709	5554	725	0	0	9707	0	0	0	0	0	9667	0	0	FDIC INDEMNIFICATION ASSET			
543945																			0	2046	254	6328	407	451	0	0	0	3577	0	18	0	0	0	0	0	0				
544335																			40	1675	0	12749	1061	2531	0	0	0	3179	0	1289	140	0	0	5364	0	0				
544447																			0	299	3317	5401	0	41	0	0	0	1744	0	0	0	0	0	0	0	0				
544652																			0	6570	0	13274	2615	3174	0	0	0	3530	0	43	0	0	0	0	0	0				
544951																			0	204	0	781	76	156	0	0	0	421	0	0	0	0	0	0	0	0				
545604																			0	5511	9309	46368	1151	4463	0	0	0	3777	0	0	0	0	0	18976	48	4284				
546003																			0	17497	10623	80552	4719	16670	0	0	0	9789	0	0	7352	0	0	25973	0	0				
546320																			0	588	124	4466	176	395	0	0	0	429	0	0	108	0	0	2930	0	0				
546535																			0	310	508	11172	622	1147	0	0	0	1705	0	0	0	0	0	7502	0	0				
546544																			0	21647	56	38299	2567	5326	1650	0	0	11270	0	0	0	0	0	0	0	0	ROU Asset			
547251																				268	0	655		67				320					0	0	0	0				
547550																			0	211	1057	6987	136	226	14	28	0	902	0	0	0	0	0	4591	0	0	SECURITIES PRINCIPAL RECEIVABLE	FISERV SETTLEMENT DEPOSIT		
547840																				17550	17896	99366	5663	7609				12109					0	0	0	44202				
548052																			0	451	0	9128	1632	2027	206	101	0	1033	0	0	0	0	0	5617	0	0	purchases in progress	deposit		
548267																			0	1433	0	22723	0	7902	7540	0	0	3354	0	0	0	0	0	10034	0	0	OVERFUNDED PENSION OBLIGATION			
548351																				3757	10532	80337	3725	11383	3895			14504					0	40161	0	0	Fiserv Settlement Deposit			
548472																			0	1396	0	4219	142	173	0	0	0	434	0	0	0	0	0	0	0	2216				
548771																			0	3395	2619	35508	0	4694	0	0	0	5593	0	0	0	0	0	19207	0	0				
549862																				391	6474	17424	783	946				3451					0	6162	0	0				
550279																			0	8402	328	42231	1199	2318	0	0	0	3157	641	0	0	0	0	17979	0	10047				
550354																				198	0	5870		995	640			740					0	3044	0	893	Deferred Compensation Annuity			
550448																			0	50	176	721	16	16	0	0	0	445	0	0	0	0	0	34	0	0				
550635																			0	1606	1141	26293	598	3319	1224	406	0	1963	1091	0	0	0	0	18264	0	0	Miscellaneous Receivables and Prepaid Deposits	Federated Cash Sweeps in Process		
550653																			0	548	16	1364	162	162	0	0	0	638	0	0	0	0	0	0	0	0				
550952																			0	2920	0	18217	573	964	139	228	0	1747	0	0	0	0	0	9257	0	3329	ACCRUED TRUST FEES	CORE PROVIDER SETTLEMENT DEPOSIT		
551016																			0	284	1458	12837	284	2319	0	0	0	1247	0	0	0	0	0	5929	0	1600				
552059																			0	4754	183	14883	491	611	59	0	0	3523	0	0	0	0	0	5094	0	718	DDA UNPOSTED			
552161																			0	10122	0	44419	2930	4272	0	0	0	6599	0	0	0	0	0	23426	0	0				
552545																			0	4754	10742	46677	0	11879	0	0	0	5103	0	0	0	0	0	13280	0	919				
552956																			0	10	114	1008	0	61	0	0	0	823	0	0	0	0	0	0	0	0				
552974																			604	2152	0	14073	459	1071				2930					0	7920	0	0				
553038																			0	294	597	8347	135	220	0	0	0	1433	0	0	0	0	0	5803	0	0	Fed Inc Tax Receivable			
553926																				1076	1089	6721	307	366				1397					0	2793	0	0				
553944																			0	1472	1820	6378	693	748	0	0	0	2338	0	0	0	0	0	0	0	0				
554343																			0	1629	657	5013	0	345	0	0	0	2382	0	0	0	0	0	0	0	0	Service Contracts	Fiserv EFT Debit Card		
554857																				8992	0	73955	5108	9897	441	295	3280	13296		446	327		0	41770	0	0	OTHER INVESTMENTS	OTHER RECEIVABLES - Fiserv Reserve	Other Receivables - ATM Reserve - US Bank	
555256																			0	198	817	7212	318	2859	2303	0	0	1179	0	236	0	0	0	2159	0	0	Total Tangible Assets			
556459																			0	3110	0	21055	1270	1296	0	0	0	2404	0	0	0	0	0	13645	0	600				
556936																				3264	10884	52289	1416	2743				10419					0	24979	0	0				
557317																				7735	14111	92128	3328	5736				10838		1055			0	52449	0	1259				
557438																			0	285	0	5498	0	128	0	0	0	2701	0	0	0	0	0	2384	0	0				
557858																				4031	92174	229803		54422	32036			30104					0	49072	0	0	LIHTC Investments			
559179																			0	57	326	923	0	71	0	0	0	86	0	0	0	0	0	383	0	0				
560214																			0	529	0	930	44	44	0	0	0	357	0	0	0	0	0	0	0	0				
560353																			0	962	0	1824	309	309	0	0	0	553	0	0	0	0	0	0	0	0				
560438																			0	154	681	1744	0	477	0	0	0	432	0	0	0	0	0	0	0	0				
560830																			0	281	245	1174	0	147	0	0	0	501	0	0	0	0	0	0	0	0				
561145																			0	4428	1442	16939	284	3106	0	0	0	7963	0	0	0	0	0	0	0	0				
561574																			0	5889	7707	29559	0	12625	6479	0	0	3338	0	0	4798	0	0	0	0	0	AFFORDABLE HOUSING INVESTMENT			
561659																				897	5589	17670	739	1195	435			9989					0	0	0	0	Settlement Deposit	Federal Income Tax Receivable		
561864																			0	2249	0	14698	1095	1456	0	0	0	3510	0	0	0	0	0	3688	0	3795				
562058																			0	4888	0	8478	554	1225	0	0	0	2365	0	0	0	0	0	0	0	0				
563233																			0	782	3253	13897	595	1079	0	0	0	1422	0	0	0	0	0	7361	0	0				
563336																			0	106	154	4299	0	251	0	0	0	841	0	0	0	0	0	936	0	2011				
563457																			0	334	334	3836	29	29	0	0	0	630	0	0	0	0	0	2509	0	0				
563934																			0	133	0	382	36	36	0	0	0	213	0	0	0	0	0	0	0	0				
564052																			0	233	267	2295	0	401	0	0	0	1394	0	0	0	0	0	0	0	0				
564324																			0	716	0	11950	769	1409	0	0	0	2110	0	0	0	0	0	7715	0	0				
564463																			0	1076	0	10262	372	785	0	0	0	1816	0	0	0	0	0	6585	0	0				
564557		1413	11573	47364	1985	4790				5562					0	24026	0	0		1413																				
564678																				1100	745	3368	528	964				559					0	0	0	0				
564838																			21	427	0	6293	243	271	0	0	0	1168	0	0	0	0	0	4427	0	0				
565143																				1263	2190	14927		529				2584			415		0	7764	0	597				
565170																			0	146	1972	7756	0	508	0	0	0	695	0	0	0	0	0	4435	0	0				
565536																			0	458	0	6676	0	97	0	0	0	1281	0	0	0	0	0	4840	0	0				
565750																			0	5903	0	17363	465	3759	0	0	0	4917	0	0	0	0	0	0	0	2784				
565844																				84	375	1716	121	121				886					0	250	0	0	Other assets	Other Prepaid Expenses		
566056																			0	1752	0	14235	1754	2047	0	0	0	6742	0	0	0	0	0	2419	0	1275				
566243																			0	854	0	3450	244	269	0	0	0	2327	0	0	0	0	0	0	0	0				
567240																			0	861	607	3301	186	265	31	47	0	1568	0	0	0	0	0	0	0	0	Recoverable Misc. Fees on Loans	FHLMC Acc Service Fee		
567679																			0	583	0	9868	0	1571	1066	0	0	1116	0	0	0	0	0	6598	0	0	Defined Contribution SERP			
567736																			60	210	1	4223	231	325	0	0	0	857	0	0	0	0	0	2233	0	597				
568126																			0	3990	0	15496	0	783	777	0	0	1813	0	0	0	0	0	8910	0	0	Mortgage Servicing Rights			
568135																			0	2511	0	4838	889	974	0	0	0	1353	0	0	0	0	0	0	0	0				
568359																				6584	3633	23632	1044	1312				3251		24			0	8108	0	744				
568377																			0	425	1984	6513	0	333	0	0	0	630	0	0	0	0	0	0	3141	0				
568470																				6547	24607	81339		8818	3641			7781					0	29801	0	3785	Interest Rate Swap Mark to Market			
568939																			78	692	0	2364	107	259	0	0	0	1413	0	25	0	0	0	0	0	0			0	
570558																			0	208	164	2197	279	279	0	0	0	1546	0	0	0	0	0	0	0	0				
570651																			0	230	0	1299	213	213	0	0	0	818	0	0	0	0	0	38	0	0				
571135																				85	1296	3563	166	171				936		5			0	1075	0	0				
571265																				624	4963	18720	859	1273				2119					0	5865	0	3876				
571920																			0	1966	1074	9890	147	147	0	0	0	1261	0	0	0	0	0	5442	0	0				
571957																			0	283	40	740	0	7	0	0	0	410	0	0	0	0	0	0	0	0				
572347																				124	0	1436	483	542				770					0	0	0	0				
572374																				119580	26581	193660	8161	28912				18068			11673		0	519	0	0				
572459																			0	1111	206	16450	0	83	0	0	0	6488	0	0	0	0	0	8562	0	0				
572655																				170	0	1784	683	835				779					0	0	0	0				
573036																			0	923	3639	22843	982	1579	0	0	0	2443	0	0	0	0	0	14259	0	0				
573335																			0	693	0	6486	0	0	0	0	0	2780	0	0	0	0	0	3013	0	0				
574079																			0	308	2315	10868	354	654	255	0	0	723	0	0	0	0	0	1707	0	5161	EFT Debit Card Settlement Deposit			
574949																			0	3593	4862	24689	2103	4420	0	0	0	4526	2055	0	0	0	0	7288	0	0				
574976																			0	8887	13137	63696	2748	5461	2713	0	0	8868	0	0	0	0	0	27343	0	0	Accounts not meeting threshold			
575133																			16	108	0	3001	39	55	0	0	0	742	0	0	0	0	0	1104	0	992				
575254																				6515	20205	144921	5582	19583				20924	9970				0	43055	11097	23542				
575348																			0	323	672	2630	142	875	733	0	0	760	0	0	0	0	0	0	0	0	Prepaid Pension	0		
575375																				278	171	988		233				306					0	0	0	0				
575759																				2638	2736	31077	1413	1744				8145					0	15814	0	0				
575834																			0	832	2321	19510	818	1089	0	0	0	1660	0	0	0	0	0	12231	0	1377				
576354																				1751	3088	11559	1797	2836				939			352		0	2945	0	0				
576578																			0	875	1230	7182	295	876	0	0	0	501	0	0	0	0	0	3700	0	0				
576608																				5862	5956	30210	985	1925				4281					0	12186	0	0				
576644																			0	3268	3988	19713	0	3490	0	0	0	2695	1334	0	0	0	0	6272	0	0				
576952																			0	2898	0	12490	2059	2336	0	0	0	3218	0	0	0	0	0	4038	0	0				
577128																				58826	26752	341709		73713		41603		34153					0	142225	0	6040		Equipment on Lease	Federal Income Tax Receivable	
577137																				8006	0	19707		5559				6142	2585		1808		0	0	0	0				
577230																			0	226	0	854	229	253	0	0	0	375	0	0	0	0	0	0	0	0				
578116																			0	2924	2369	21791	676	2165	942	0	0	1804	0	0	0	0	0	11361	1168	0	FHLB Lender Risk Account			
578237																			0	255	0	725	0	212	0	0	0	258	0	0	0	0	0	0	0	0				
578255																			0	1370	0	36849	2112	5385	1401	0	0	20322	0	0	0	0	0	7385	0	2387	Unposted Deposit Debits			
578554																			0	491	0	4136	128	229	0	0	0	1558	0	0	0	0	0	1858	0	0				
578741																			0	3082	0	6672	206	704	0	0	0	1532	0	0	0	0	0	1354	0	0				
578862																				108	0	419	36	36				275					0	0	0	0				
579140																			0	5114	0	19010	879	1321	394	0	0	5739	0	0	0	0	0	6836	0	0	Debit Card Settlement Deposit			
579319																			0	295	9	898	114	260	0	0	0	334	0	0	0	0	0	0	0	0				
579364																			0	4035	408	11976	0	2256	1451	0	0	1347	0	0	0	0	0	3930	0	0	Ops Subsidiary			
579636																			0	704	456	5983	358	433	0	0	0	892	0	0	0	0	0	1857	0	1641				
580155																			168	2928	2456	15246	1587	1827	0	0	0	5137	0	0	0	0	0	2020	0	878				
580548																				2845	2849	19079	855	1089				2803					0	9493	0	0				
580847																			0	800	0	2135	163	244	0	0	0	1091	0	0	0	0	0	0	0	0				
580874																			0	1093	585	6689	495	2685	0	0	0	813	0	0	0	0	0	1513	0	0	47 FS Equity LP			
581237																			0	0	119	923	81	119	0	0	0	685	0	0	0	0	0	0	0	0				
581358																			0	1211	465	8158	486	486	0	0	0	1844	0	0	0	0	0	3855	0	297				
582654																			0	474	812	2544	33	33	0	0	0	1225	0	0	0	0	0	0	0	0				
582878																			0	63	346	1597	0	65	0	0	0	162	0	0	0	0	0	94	867	0				
582953																			0	1536	0	17609	0	677	0	325	0	3351	0	0	0	0	0	11856	189	0		DERIVATIVE ASSET-OPEN PIPELINE		
582971																			0	4943	11928	40155	1384	5088	3703	0	0	5137	0	0	0	0	0	13059	0	0	Other Miscellaneous Assets			
583071																			0	731	0	11799	213	7199	30	4362	117	508	0	0	0	0	0	3361	0	0	Deferred Orig Fees	Accrued Pension	ATM Settlement	
583268																			0	621	1983	19702	449	644	0	0	0	2802	0	0	0	0	0	13652	0	0				
583352																			20	1254	824	7330	573	618	0	0	0	2529	0	0	0	0	0	1505	0	600				
583754																			0	2105	907	17334	474	813	0	0	0	2377	0	0	0	0	0	11132	0	0				
583905																			0	11121	0	26507	2173	7044	2227	0	0	4304	0	0	0	0	0	2633	0	1405	Commercial Loan Swap Value			
584377																				2349	16405	70135	2108	8109				5648					0	32038	0	5586	Federal Income Tax Receivable			
584724																			0	4029	2777	46964	0	5255	3275	0	0	3982	0	0	0	0	0	30921	0	0	Ohio Equity Fund for Housing			
584920																			0	2792	26288	58977	0	16777	8719	0	0	13120	0	0	0	0	0	0	0	0	Net Pension Assets			
585749																			0	1173	0	20282	2230	2857	0	0	0	13886	0	0	0	0	0	2366	0	0				
586027																			409	1515	778	19527	406	1288	464	0	0	1299	0	0	0	0	0	14647	0	0	Settlement Account			
586072																			0	683	2112	8438	662	2406	1000	0	0	3237	0	0	0	0	0	0	0	0	EQUITY EQUIVALENT INVESTMENTS			
586335																			0	82	0	3417	63	63	0	0	0	2082	0	0	0	0	0	1190	0	0				
586960																			0	776	1194	7020	468	475	0	0	0	599	0	0	0	0	0	3976	0	0				
587677																			0	1285	2003	6971	155	457	0	0	0	1865	0	0	0	0	0	1361	0	0				
587800																				33705	14235	334636		61773				36118	23992				0	5920	182885	0				
588245																			0	1421	0	3727	0	210	0	0	0	1412	0	0	0	0	0	684	0	0				
588348																			5	576	16	4340	88	109				3639					0	0	0	0				
589158																			0	168	9	3161	0	18	0	0	0	2310	0	0	0	0	0	656	0	0				
589523																			0	1067	1027	39668	1724	2319	0	0	0	5845	36	0	0	0	0	23470	0	5940				
589943																				5585	11853	69588	3831	7813				10338	2439				39	33960	0	0				
590220																				1778	6664	30813		9960	5103			4428					0	7053	0	930	Supplemental Executive Retirement Plans			
590640																			0	3805	1912	26595	2895	3032	0	0	0	4021	0	0	0	0	0	11525	0	2300				
590976																			0	5764	431	12028	312	567	0	0	0	5266	0	0	0	0	0	0	0	0	Real Estate Investment			
591209																			0	1894	1515	22445	0	5183	0	0	2995	1207	0	0	0	0	0	12646	0	0	Accrued Fees		Pension Funding Related	
591320																				5509	5271	15159	1078	2185				2194					0	0	0	0				
591357																			0	0	527	1500	69	69	0	0	0	469	0	0	0	0	0	0	435	0				
591366																			95	1594	0	19974	940	1215				2860					0	14305	0	0				
592448																				3350	6263	67422		51624	25213			6185					0	0	0	0	Network Fees Receivable	Misc A/R		
592550																				143	1203	7919	125	165				1823					0	4585	0	0	0			
592644																			0	1084	1307	9980	667	2006	0	0	0	3670	0	0	0	0	0	1913	0	0				
593007																				26498	50303	237633		27999				20714	14598				0	97920	14199	0				
593052																			0	7133	0	33137	5054	17398	0	0	0	8606	0	0	0	0	0	0	0	0				
593249																			0	1550	3533	21266	350	1261	0	0	0	3969	0	0	0	0	0	10953	0	0				
593333																			0	757	0	2934	272	272	0	0	0	1413	0	0	0	0	0	492	0	0				
593771																			0	110	840	2665	0	1712	0	0	0	3	0	0	1708	0	0	0	0	0				
593940																				114	1014	2284		130				1026					0	0	0	0				
594433																			0	18451	66436	145796	3404	8389	0	0	0	16776	1516	0	0	0	0	25448	0	10296				
594451																			0	5719	5880	40339	1388	1762	374	0	0	3807	0	0	0	0	0	23171	0	0	Other receivables			
594853																			0	6260	9882	52783	2021	2770	0	0	0	4958	0	0	0	0	0	25766	0	3147				
594938																			0	2006	0	19564	732	1011	198	0	0	4120	0	0	0	0	0	12427	0	0	EFT Clearing Accounts			
594947																				21382	4033	107867	3697	6163				15204			2465		0	52508	0	8577				
595270																				640147	18719	1609745		413697	268127			375143					0	6309	155730	0	Mortgage Loan Servicing Advances			
595337																			0	105	1906	3242	112	139	0	0	0	1092	0	0	0	0	0	0	0	0				
595430																				10016	0	97546		54792	20265	24114		14402					0	18336	0	0	Operating Lease Equipment (not ROU)	Trade Date Securities Receivable		
595869		36382	95006	366495		84906	33195			96993					0	53208	0	0		18789																	INTEREST RATE SWAP, OPTION, FORWARD & SPOT			
595944																			0	605	0	3274	28	28	0	0	0	978	0	0	0	0	0	1663	0	0	Other Life Inusrance Policies			
596062																			0	2445	0	36820	942	1238	0	0	0	6472	0	0	0	0	0	15793	0	10872				
596156																				674	2130	5615	663	963				1848					0	0	0	0				
596277																			0	50	0	252	0	120	0	0	0	82	0	0	0	0	0	0	0	0				
596455																			0	154	0	2129	242	342	0	0	0	1633	0	0	0	0	0	0	0	0				
596978																			0	1329	527	12307	253	361	0	0	0	706	0	0	0	0	0	8044	0	1340				
597041																			0	1104	0	5111	274	282	0	0	0	1456	0	0	0	0	0	2269	0	0				
597313																			0	4079	2181	21804	831	1696	383	0	0	1956	0	0	0	0	0	9806	0	2086	Right of Use Asset			
597452																			0	890	0	9647	722	1461	516	0	0	1344	0	0	0	0	0	5952	0	0	SBA Receivable Due			
597546																			0	3242	2011	16727	571	1275	564	0	0	2889	0	0	0	0	0	7310	0	0	CASH RESERVE			
597658																			0	99	1481	3518	94	94	0	0	0	1844	0	0	0	0	0	0	0	0				
598002																				568	4521	16616	456	1490				2326					0	7711	0	0				
598048																			0	2841	0	22999	1348	2731	0	0	0	2528	0	0	848	0	0	14899	0	0				
598132																			0	46	0	652	109	109	0	0	0	497	0	0	0	0	0	0	0	0				
598543																			0	62	441	4546	14	14	0	0	0	1781	0	0	0	0	0	2248	0	0				
599643																			0	1703	256	5727	400	486	0	0	0	1252	0	0	0	0	0	2030	0	0				
599764																				27929	67907	193550	6237	11000				21612		3883			0	31095	11948	22059	Unposted Deposit Debits			
600419																			0	11743	5114	56421	0	6845	0	0	0	7221	3082	0	0	0	0	25158	0	340				
601032																				39	215	2082	50	50				369					0	1409	0	0				
601041																				97	0	1434	162	163				1174					0	0	0	0				
601050																			2267	48196	105507	797037	50413	506306				118886	51026	77295	204117		0	18142	0	0				
601153																			0	559	0	7817	368	376	0	0	0	4331	0	0	0	0	0	2551	0	0				
601416																				25251	41789	368542		102375	60809			25504					0	29073	144550	0	Investment in Tax Credits			
601443																			0	528	0	3039	13	76	0	0	0	2435	0	0	2	0	0	0	0	0				
601658																			0	5778	1709	19879	1465	2257	313	0	0	3788	112	0	0	0	0	6347	0	0	Deferred Loan Interest (COVID)			
602543																			0	1009	0	15388	265	316	0	0	0	6568	0	0	0	0	0	7495	0	0				
602842																			0	0	0	1616	0	65	0	0	0	196	0	0	0	0	0	1355	0	0				
603232																				379	198	1209	98	172	27			460					0	0	0	0	FISERV Deposit			
603540																			0	537	0	2514	0	52	0	0	0	461	0	0	0	0	0	1464	0	0				
603559																			0	460	41	1962	0	54	0	0	0	468	0	0	0	0	0	939	0	0				
603755																			0	341	0	1670	93	93	0	0	0	186	0	0	0	0	0	778	272	0				
604024																			0	2970	4304	19217	0	3521	1716	947	0	2709	0	0	0	0	0	5713	0	0	Income earned not collected - fees	Low income housing investment		
604033																			0	9	134	309	0	49	0	0	0	117	0	0	0	0	0	0	0	0				
604547																			0	1955	0	7020	269	1246	969	0	0	3819	0	0	0	0	0	0	0	0	Accrued Pension Obligation			
604640																				190	300	2924		81				994					0	1359	0	0				
605571																			0	147	418	6623	144	206	0	0	0	501	0	0	0	0	0	5351	0	0	RETURNED CHECKS			
605610																			0	1094	746	4373	714	1024	0	0	0	1509	0	0	0	0	0	0	0	0	Tax Income Receivables			
605656																			6	761	0	12597	367	1329				2270					0	8237	0	0	Repossessed Commercial Property			
606046																				243500	160427	2022575	201913	633265				214952					0	611372	949	158110				
606176																			0	4161	0	44856	3301	4964	0	0	0	4029	0	0	0	0	0	31702	0	0				
606653																			0	1301	9518	29626	512	1310	0	0	0	17497	0	0	0	0	0	0	0	0				
607146																			0	2112	342	6025	595	616	0	0	0	2955	0	0	0	0	0	0	0	0				
608358																			0	0	136	2616	0	303	0	0	0	1454	0	155	0	0	0	723	0	0				
608844																			0	909	2508	6898	413	1188	235	0	0	2293	0	0	0	0	0	0	0	0	Presidential Check Collection	N/A		
609010																			0	462	1843	12919	356	747	0	0	0	1019	0	0	0	0	0	8848	0	0				
609467																			0	827	933	2747	124	214	0	0	0	773	0	0	0	0	0	0	0	0	Receovables from SBA guaranteed portion			
609476																			0	1782	3437	8092	537	1335	0	0	0	1538	0	0	0	0	0	0	0	0				
609609																			0	3885	5160	28097	0	16046	14744	0	0	3006	0	0	0	0	0	0	0	0	OPERATING LEASE ASSETS			
609832																			0	486	0	10952	126	129	0	0	0	3419	0	0	0	0	0	6918	0	0				
610128																			0	5126	3343	43730	9363	14031	0	0	0	4256	0	0	0	0	0	14882	2092	0				
610164																			231	431	0	8633	993	5824	1214	2182	0	2378	0	0	1203	0	0	0	0	0	PREPAID DEALER FEES	PREPAID DEFINED BENEFIT		
610539																				103	0	1926		592	211	104		1231					0	0	0	0	Prepaid Consulting Fees	Prepaid Maintenance		
610557																			0	202	325	8454	669	1110	0	0	0	1386	0	4	0	0	0	5431	0	0				
610913																			0	459	1451	3817	283	475	124	0	0	1432	0	0	0	0	0	0	0	0	FISERV EFT			
611031																			0	491	970	7626	244	347	95	0	0	990	0	0	0	0	0	2191	0	2637	Deferred Tax AFS			
612159																			0	3352	1410	14767	230	230	0	0	0	6218	0	0	0	0	0	3557	0	0				
612878																			0	0	125	2794	67	67	0	0	0	954	0	0	0	0	0	1648	0	0				
613008																				21835	88959	672996	45494	105481				78145					0	297063	16885	64628				
613156																			0	3673	1573	20499	439	1282	459	0	0	1518	0	0	0	0	0	9138	0	3315	Loans in Process			
613343																			0	5389	15916	57663	1790	10298	4742	0	0	14032	0	0	0	0	0	8631	0	3397	RABBI TRUST ASSETS			
613400																				24430	26822	238533	5301	71045	708		8737	16707	25525	1738	1547		0	42895	56634	0	Tenant Inducements	Taxes	Core Conversion Costs	
613558																			0	5558	0	35809	1490	1822	0	0	0	6730	0	0	0	0	0	13549	6886	1264				
613679																				5592	3010	25961	1019	2836				2454		381	1030		78	11991	0	0				
613839																			0	1755	2762	7117	391	763	0	0	0	1837	0	0	0	0	0	0	0	0				
613950																			0	9819	0	135921	0	36536	10156	0	0	14434	0	0	0	0	0	75132	0	0	Total AIR Short Term Investments			
613978																			0	183	973	1784	0	111	0	0	0	517	0	0	0	0	0	0	0	0				
614256																			0	730	201	3468	163	163	0	0	0	527	0	0	0	0	0	1847	0	0				
614313																				5830	0	51213	3553	7735				5440					0	32208	0	0				
614368																			56	1834	2972	35862	2298	3236	0	0	0	4879	0	656	0	0	0	19164	0	3777	0			
614751																				1103	0	5519	127	151				1863					0	1456	0	946				
614948																			0	1085	1257	11427	2410	3474	0	0	0	2062	851	0	0	0	0	2913	0	636				
615217																			0	2025	8475	34008	954	1577	294	0	0	4021	0	0	0	0	0	17910	0	0	Accrued Trust Earnings			
615253																			0	476	1108	3098	61	122	28	0	0	1392	0	0	0	0	0	0	0	0	ART			
615851																			0	1567	434	5100	433	473	40	0	0	2626	0	0	0	0	0	0	0	0	Overpayment/Negative Reserve for Current Taxes			
615879																			0	300	370	1256	61	63	0	0	0	523	0	0	2	0	0	0	0	0				
615954																			0	7035	0	33377	463	1151	0	0	0	6009	0	8	44	0	0	18390	0	792				
616036																			0	634	4056	17151	1106	1267	0	0	0	2596	0	0	0	0	0	3480	0	5118				
616540																			0	1211	0	8680	483	491	0	0	0	2427	0	8	0	0	0	4052	0	499	GL 128100 Manson Ins			
617079																			0	426	143	1506	5	174	149	0	0	191	1	0	7	0	0	572	0	0	Swap - Cash Flow Hedge			
617145																			0	597	0	4257	0	183	0	0	0	2311	0	0	0	0	0	1166	0	0				
617275																				0	162	2642	104	258				306					0	1916	0	0				
617743																			0	1676	0	6776	309	310	0	0	0	4790	0	0	0	0	0	0	0	0				
618647																			0	409	14	2166	0	41	0	0	0	813	0	0	0	0	0	889	0	0				
618740																			0	7092	3104	32435	0	5168	0	1684	0	3948	0	0	0	0	0	10618	0	2505		FHLB Lender's Risk/Reserve Account		
618777																			0	130	0	654	123	129	6	0	0	395	0	0	0	0	0	0	0	0	Other Assets			
618807																				61727	20760	240760	3225	85586				26283	40603	686	25354		0	39940	0	6464				
619701																			0	11841	10387	79635	2271	12290	0	3506	0	8456	0	0	3412	0	0	23796	1934	10931	0	Payment  Receivables		
619859																			0	1228	0	8712	1284	1343	0	0	0	914	0	0	0	0	0	2748	0	2479				
619877	0	296000	2120000	3274000	0	595000	0	0	0	263000	0	214000	250000	0	0	0	0	0																						
621151																			0	269	469	2006	77	78	0	0	0	1190	0	0	0	0	0	0	0	0				
621357																			3	305	0	3177	386	601	0	0	0	2271	0	0	0	0	0	0	0	0				
621441																			0	1450	1285	11406	218	286	0	0	0	1354	0	0	0	0	0	5794	0	1237				
622037																			0	998	0	9992	261	560	0	0	0	2641	0	0	0	0	0	5793	0	0				
622774																			0	1441	16190	32214	1339	4869	0	0	0	9714	0	0	0	0	0	0	0	0				
623052																			0	230	0	7364	31	31	0	0	0	7103	0	0	0	0	0	0	0	0				
623454																			0	979	0	15893	0	1845	979	0	0	2497	0	0	0	0	0	10013	559	0	Right to Use Assets			
623548																			0	251	761	7174	244	260	0	0	0	1910	0	0	0	0	0	3992	0	0				
623874																			0	466	28	10664	259	559	0	0	74	1126	0	0	1	0	0	8485	0	0			Investment delayed payments	
624246																			0	5030	0	18372	947	1807	0	0	0	3053	0	0	0	0	0	8482	0	0	ACH SETTLEMENT DEPOSIT			
624648																			0	1085	1066	5875	153	440	0	0	0	1750	259	0	0	0	0	1534	0	0				
624778																			0	636	4286	37516	1435	1537	0	0	0	2943	0	0	0	0	0	17157	0	10957	All Other Assets			
624956																			2	480	328	4524	160	227	0	0	0	896	0	0	65	0	0	2593	0	0				
625056																			0	0	0	2759	54	54	0	0	0	869	0	0	0	0	0	1836	0	0				
625065																			208	1841	2640	15258	412	1460	0	0	0	1514	0	268	103	0	0	0	7803	0				
625159																				311	3567	16528		569				2362					0	3440	0	6279				
625757																			0	1714	0	11172	280	354	0	0	0	1164	0	63	0	0	0	7940	0	0				
625850																			0	1962	0	3371	171	284	0	0	0	1125	0	0	0	0	0	0	0	0				
625953																			330	1351	0	9929	255	845	253	0	0	774	0	0	0	0	0	6959	0	0	Pension Excess Value of Assets/Obligations			
626101																				4239	4002	67397	1452	10334	7814			6478					0	42344	0	0	Prepaid Pension Benefits			
627108																			0	1343	0	26640	854	1613	0	0	0	3113	0	0	0	0	0	16110	0	4461	Operating Lease ROU Asset			
627854																			15	2309	215	4782	0	15	0	0	0	2243	0	0	0	0	0	0	0	0				
628039																			0	94	0	1357	134	145	0	0	0	1118	0	0	0	0	0	0	0	0				
628123																				441	7524	19808		1543	838			1288					0	5062	0	3950	Miscellaneous Receivable			
628356																			0	687	0	3169	282	446	0	0	0	2036	0	0	161	0	0	0	0	0				
628552																				2143	0	8917		1268	333			5506					0	0	0	0	PRE-PAID MAINT CONTRACTS			
629148																			0	1859	0	9269	614	614	0	0	0	1994	0	0	0	0	0	4802	0	0				
629353																			0	2004	0	8338	782	1763	775	0	0	2945	0	0	0	0	0	1626	0	0	Income Tax Receivable			
629522																			0	207	3479	17394	593	2749	1351	0	0	1391	0	0	0	0	0	4951	0	4617	Prepaid Pension Asset			
629746																				698	490	3635		175				2272					0	0	0	0				
630041																			0	0	3	505	68	68	0	0	0	267	0	0	0	0	167	0	0	0				
630340																			0	0	0	927	23	363	0	0	0	508	0	0	0	0	56	0	0	0				
630555																			0	592	0	16545	533	1385	802	0	0	1971	0	0	0	0	0	12597	0	0	Artwork			
630658																			0	1021	0	4549	511	1779	663	0	0	1749	0	0	0	0	0	0	0	0	EFT Processor Deposits			
631039																			0	418	1799	9282	378	783	0	0	0	1145	0	0	0	0	0	5137	0	0				
631150																			0	790	364	8860	732	1189	0	0	0	1128	0	0	0	0	0	5389	0	0				
631178																				745	1227	9001	227	313				2353			29		0	3018	0	1345				
631422																				1385	3200	31112	1104	3984	2425			6424					0	16119	0	0	Delayed Credit Suspense			
631570																			0	9568	0	24911	799	2393	0	840	0	4106	0	0	0	0	5	8839	0	0		Tax over payments		
632410																				1665	10443	32059	702	2372				4850			1670		0	9259	0	3470				
632607																			0	8058	6089	43450	1585	3152	1034	0	0	5287	11	0	0	0	0	20864	0	0	Prepaid Taxes			
632858																			0	2352	0	6032	281	719	0	0	0	2961	0	48	390	0	0	0	0	0				
633378																				57364	51280	473554	8184	28086	7889			27420					0	307040	0	2364	Other Loan Payments			
633640																			0	463	854	6938	1626	1955	0	0	0	763	0	0	0	0	0	0	0	2903				
634544																			0	914	0	5747	132	168	0	0	0	1027	0	0	0	0	0	3638	0	0				
634955																			0	971	0	14942	331	4175	0	0	0	1538	0	0	0	0	0	5116	0	3142		0		
635840																			0	613	0	25872	702	1466	0	0	0	5823	0	0	0	0	0	17970	0	0				
635907																			0	5328	3447	46667	9846	11044	0	0	0	2965	0	0	0	0	0	23883	0	0				
636276																			0	0	1739	28639	0	4324	3253	0	0	1423	0	0	0	0	0	15612	0	5541	FHLB Capital Stock			
636753																			0	347	69	1791	0	0	0	0	0	1375	0	0	0	0	0	0	0	0				
636771																				18102	24165	222557		107536	37343			19004	29584				0	665	53085	0	Tax Credit Investment			
637170																			0	6084	0	18888	402	1059	0	0	0	10748	0	0	463	0	0	997	0	0				
637451																				36706	37971	198161	15290	62629				34163			29980		0	26649	43	0				
637554																				705	0	3328	173	393	210			2230					0	0	0	0	unposted items			
638131																			0	378	2082	3911	299	408	0	0	0	1043	0	0	0	0	0	0	0	0				
638355																			237	53	0	3957	309	678	0	0	0	845	0	0	100	0	0	2381	0	0				
638850																				4610	0	6061	173	173				1278					0	0	0	0				
639549																			0	1781	3697	26278	535	806	179	34	0	5617	0	0	0	0	0	10784	0	3593	Payroll Suspense	DeWitt Realty Receivable		
639567																				1021	0	209858		192855	138482			15982					0	0	0	0	SERVICING RECEIVABLE			
639633																			165	149	740	2594	193	595	0	0	0	1110	0	0	0	0	0	0	0	0				
639857																			0	92	0	635	0	127	0	0	0	416	0	0	0	0	0	0	0	0				
640143																			107	180	0	1408	122	250	0	0	0	978	0	0	0	0	0	0	0	0	Current taxes refundable			
640246																				7206	5036	40750	374	7720	5676			5641			217		0	11746	0	3401	BOLI ANNUITY RIDER			
640442																			0	696	32	7860	123	176	0	0	0	5300	0	0	0	0	0	1656	0	0				
640956																			0	582	0	2879	252	486	0	0	0	1811	0	0	0	0	0	0	0	0				
641449																			0	287	0	6286	129	1314	530	600	55	829	0	0	0	0	0	0	3856	0	ACCTS. REC. - ECONOMIC BENEFITS	PENSION PLAN	PRE-PAID EQUIPMENT	
641579																			0	162	0	1329	0	374	0	0	0	793	0	0	0	0	0	0	0	0	Computer Suspense			
642437																				1166	0	10276	67	505				1398					0	7207	0	0				
643078																			0	1140	0	18929	0	1763	1256	0	0	1801	0	0	0	0	0	14225	0	0	Right of Use asset -Topic 842 Lease Schedule			
643274																			0	738	534	3459	0	30	0	0	0	212	0	0	0	0	0	1047	0	898				
643340																				1331	22	16154	242	1662				2108			1067		0	9686	0	1345				
643658																				361	1552	2645	378	378				354					0	0	0	0				
644057																				0	0	951	47	103				848					0	0	0	0				
644141																			0	507	598	5090	126	198	0	0	0	447	0	0	0	0	0	3340	0	0				
644646																			0	156	823	6181	103	129	0	0	0	2196	0	0	0	0	0	2877	0	0				
644776																				2449	0	17614	3284	6658	2497	775		1481					0	7026	0	0	ANNUITY INVESTMENTS	RECEIVABLE DUE FROM PARENT		
644842																			0	1984	641	14173	220	4119	3714	46	133	2419	0	0	0	0	0	4211	0	799	subsidiary of the bank	Deferred Fees Income FAS 91	Credit and Debit Card Reserve	
644954																			0	0	163	1259	0	1096	0	0	0	0	0	0	1060	0	0	0	0	0				
644963																			0	18	0	4608	0	96	0	0	0	1818	0	0	0	0	0	2676	0	0				
645157																				1556	20	5271	194	218				3477					0	0	0	0				
645317																				1460	512	71217	24365	36851				4305					0	1688	26401	0				
645465																				10130	3279	78161		43465	29254			8019					0	4564	0	8704	RECEIVABLES DUE FROM HOLDING COMPANY			
645540																			0	217	662	3701	462	462	0	0	0	2360	0	0	0	0	0	0	0	0				
645577																			100	1202	967	8918	695	2312	0	0	0	733	0	0	0	0	0	3704	0	0				
645625																				147867	139948	1124759	87929	172785				106647	63144				0	432344	21961	103207				
646042																			0	157	0	4290	0	232	0	0	0	1641	0	0	0	0	0	2260	0	0				
646145																			0	1248	3075	7131	249	453	0	0	0	2355	0	0	179	0	0	0	0	0				
646172																			0	398	2772	5586	299	500	0	0	0	1916	0	0	0	0	0	0	0	0				
646444																			0	175	263	2813	679	1310	0	0	0	1065	0	0	337	0	0	0	0	0				
646471																			0	10	12	604	0	30	0	0	0	38	0	0	0	0	0	514	0	0				
646556																			0	3159	0	12094	458	4300	3726	0	0	2959	0	0	0	0	0	1676	0	0	Annuity			
646743																			0	2853	369	9849	561	943	0	0	0	4183	272	62	48	0	0	1501	0	0				
646873																			0	2244	415	7291	256	452	0	0	0	1547	0	154	0	0	0	1281	0	1352				
647218																			0	1266	3153	16980	1001	1896	472	0	0	2709	0	0	0	0	0	7956	0	0	RIGHT OF USE ASSETS			
647245																				2780	600	17919	588	3680				4384	3088				0	6475	0	0				
647414																				128	0	1513	275	360				1025					0	0	0	0				
647759																			0	538	0	8787	323	576	0	0	0	1578	0	0	0	0	0	6095	0	0				
647777																				1211	0	2189	124	334	151			644					0	0	0	0	Neg Accrued Fed Income Tax			
647955																			0	153	87	1596	0	104	0	0	0	332	0	0	0	0	0	920	0	0				
648130																				5086	3117	40666	1355	3205				3826		341			0	22736	0	2696				
648242																				22029	0	47972	2692	3090				22853					0	0	0	0				
648251																			0	678	0	9059	204	575	139	0	0	1627	0	0	0	0	0	5169	83	927	.			
648345																			0	404	28	1154	172	188	0	0	0	350	0	0	0	0	0	184	0	0				
648550																			17	130	0	3785	120	138	0	0	0	1389	0	0	0	0	0	2128	0	0				
649342																			0	3896	282	11324	436	1197	703	0	0	3427	0	0	0	0	0	0	2522	0	Other Asset - Redemption in process			
649632																				0	0	1289	328	335				954					0	0	0	0				
651121																			0	1009	3183	22501	1846	3047	0	0	0	3283	0	0	0	0	0	11979	0	0				
651149																			0	161	10	2939	0	408	170	0	0	874	0	0	0	0	0	1486	0	0	Investment in Insurance Agency			
651158																			0	505	0	4781	101	101	0	0	0	1569	0	0	0	0	0	1325	0	1281				
651448	0	1700	6	1898	0	151	0	0	0	41	0	0	0	0	0	0	0	0																						
651541																			0	1696	447	9332	110	114	0	0	0	4433	0	0	0	0	0	1950	0	692				
651859																			49	21033	0	205514	7901	11458				37744					0	135279	0	0				
651952																			0	1308	0	6378	259	278	0	0	0	931	0	0	0	0	0	3861	0	0				
652043																			2	2384	385	9133	35	37	0	0	0	3496	0	0	0	0	0	2831	0	0				
652070																			0	78	77	4729	67	395	328	0	0	169	0	0	0	0	0	3865	145	0	Cash Value D O Life Insurance			
652874																				209103	38322	674728		121860	42627	31934		85197					0	56524	163722	0	Interest Rate Swap Valuation	Federal Income Tax Receivable		
652959																			0	277	0	645	0	23	0	0	0	345	0	0	0	0	0	0	0	0				
653134																			0	1137	0	15862	0	430	0	0	0	1865	0	0	0	0	0	12430	0	0				
653433																			0	298	0	7117	0	131	0	0	0	1614	0	0	0	0	0	5074	0	0				
653611																			0	3047	1009	31091	868	3470	1402	0	0	3037	0	0	0	0	0	15148	0	5380	prepaid pension asset			
653778																			0	1289	2688	16858	0	404	258	0	0	1727	0	0	0	0	0	10750	0	0	Prepaid Taxes			
653947																			0	2303	0	6422	0	18	0	0	0	4101	0	0	0	0	0	0	0	0				
654047																			0	676	0	1271	332	450	0	0	0	145	0	0	0	0	0	0	0	0				
654300																				2516	0	16533	363	7549	6567			1004					0	4778	686	0	Pension			
654579																			0	450	72	744	42	42	0	0	0	180	0	0	0	0	0	0	0	0	FHLB Stock			
655530																			0	128	42	1933	0	102	0	0	0	687	0	0	0	0	0	974	0	0				
655839																			0	466	388	11538	728	1343	0	572	0	4069	0	0	0	0	0	5272	0	0		EFT Settlment Deposit		
656032																			0	1384	3	5695	0	446	143	179	0	3013	0	0	0	0	0	849	0	0	DEFERRED MAIN CONTRACTS	EFT DEPOSIT		
656377																				118218	102377	1011223		414835	153232			97650	141916				0	259000	19143	0	INVESTMENT IN CRA LOW INCOME HOUSING TAX CREDITS			
656470																			0	1506	13801	80992	555	1505	0	0	0	11404	0	0	0	0	0	49237	0	3539		338		
656658																			0	264	0	7332	565	2593	1736	0	0	734	0	0	0	0	0	3741	0	0	Right-of-use Assets			
656779																			0	455	381	5174	127	127	0	0	0	498	0	0	0	0	0	3713	0	0				
657178																			0	551	1113	5597	112	323	0	0	0	714	0	0	0	0	0	2896	0	0				
657271																				21779	0	127879	5705	95984	82358			10116					0	0	0	0	Early ACH File Posting Receivable from Federal Reserve			
657365																				23885	37587	170278		28143				23966			18369		0	46195	10502	0				
657459																				14946	15729	161572		42925				11423					0	768	75781	0				
657758																			0	1149	514	7035	69	241	0	122	0	1233	0	0	0	0	0	3898	0	0		NON-POSTS		
657954																			0	984	1324	9568	1074	1273	0	0	0	3001	0	0	0	0	0	2986	0	0				
658072																			0	0	132	2104	149	328	158	0	0	313	0	0	0	0	0	1331	0	0	FHLB Stock			
658474																			0	414	479	1381	0	82	0	0	0	406	0	0	0	0	0	0	0	0				
658924																			0	88	58	1433	414	530	0	0	0	757	0	0	0	0	0	0	0	0				
659341																			0	650	4406	8854	359	610	0	0	0	3188	0	0	0	0	0	0	0	0				
659556																				577	0	10956	287	298				4089					0	5683	0	309				
659640																			0	26	0	1110	373	672	0	0	0	412	0	0	0	0	0	0	0	0				
659855																				106316	54690	932248		149696	4978	58263		102634	15	2050	14113		0	406518	75420	36974	Unearned dealer reserve	Tax credit investment		
660066																			0	75	0	1091	0	111	0	0	0	905	0	0	0	0	0	0	0	0				
660253																			0	1026	0	7846	1039	1168	0	0	0	2299	0	0	0	0	0	2443	0	910				
660271																			0	1158	1396	11630	512	696	0	0	0	2544	0	0	0	0	0	5836	0	0				
660570																			0	2009	2108	15976	17	1852	0	0	0	1332	0	0	1798	0	0	6031	0	2644	Accounts receivable - Miscellaneous			
660655																			219	12772	78	69566	4203	16040	5550			20319	3734	1627			0	5267	11032	4058	SWAP CASH COLLATERAL			
660879																			0	37	85	613	190	195	0	0	0	296	0	0	0	0	0	0	0	0				
660927																				500	1955	13881		2614	1217			1977					0	6835	0	0	Lease Right of Use Asset			
661072																				1047	161	4795	195	1145	452	443		553					0	1889	0	0	FHLB Risk Account	Deferred Dealer Reserve		
661223																				1871	235	3668	363	495				1067					0	0	0	0				
661308																				5942	30750	254138		43450				65055					0	108941	0	0				
661474																			0	67	394	7224	87	302	0	0	0	229	0	0	0	0	0	6232	0	0				
662350																			0	1589	0	5117	586	599	0	0	0	1159	0	3	0	0	0	457	0	1313				
662369																				17062	20096	153584	4896	32974				14169					0	56099	13184	0	Partnership Investment			
662949																			0	382	128	3178	0	554	0	0	0	2114	0	0	554	0	0	0	0	0				
663245																				155036	272892	1246082		174091				104062	87239				0	508497	0	31504				
663638																			0	510	0	1896	116	179	0	0	0	1207	0	0	0	0	0	0	0	0				
663656																			0	401	0	2468	0	1323	0	0	0	744	0	1036	0	0	0	0	0	0				
663834																				21661	21372	264836		73580	32526			21736					0	53961	0	72526	Right of Use Assets	0		
663955																			0	604	0	23676	0	15573	8140	5573	0	7499	0	0	0	0	0	0	0	0	Low Income Housing Tax Credits Inv	Unrealized SWAP Gain		
664206																				76684	16676	222307	5904	21048				15929	6576				0	0	91970	0				
664653																			0	1543	921	14151	599	844	0	0	0	1131	0	0	0	0	0	8328	0	1384				
664756																				90022	40319	650234	11467	30406				99214					0	266897	50477	72899				
665146																			0	2219	125	14478	261	658	0	0	0	2354	0	0	0	354	0	9122	0	0				
665258																			0	536	0	4872	131	177	45	1	0	1256	0	0	0	0	0	2903	0	0	Unposted items	Security Deposit	Debit Card Disputes	
665865																			0	491	5134	9893	264	806	0	0	0	3462	0	0	0	0	0	0	0	0	Debit Card Clearing	Unposted Deposit Debits		
666059																			0	749	2289	23602	10853	10961	0	0	0	9603	0	0	0	0	0	0	0	0				
666358																			0	278	0	1241	0	67	0	0	0	338	0	0	0	0	0	558	0	0				
666554																			0	667	561	9067	1112	1254	0	0	0	6585	0	0	0	0	0	0	0	0				
666844																			0	513	28	3656	94	166	72	0	0	2949	0	0	0	0	0	0	0	0	DEBIT CARD DEPOSIT CLEARING			
666974																			0	381	276	4210	137	343	0	0	0	803	0	0	0	0	0	2407	0	0				
667029																			0	738	0	9865	0	1234	0	0	0	1564	0	0	816	0	0	6329	0	0				
667346																			0	1035	0	4582	0	165	0	0	0	2019	0	0	0	0	0	1363	0	0				
667524																				256	533	2300	238	363				971					0	177	0	0				
667551																			0	495	0	3681	75	545	454	0	0	1627	0	16	0	0	0	512	0	502	Annuity Asset-HTM			
667757																				31069	26906	157813		22964	7641			35149		6190			0	26652	2064	13009	Investment - LIHTC			
668053																			0	217	57	725	0	111	0	0	0	340	0	0	0	0	0	0	0	0				
668147																			0	1753	135	7886	257	1889	205	204	0	3076	0	0	0	0	0	1033	0	0	ACCRUED TRUST FEES	INTEREST RATE SWAPS		
669555																			0	8927	3673	32600	4081	4094	0	0	0	15776	0	0	0	0	0	130	0	0	0			
670430																			0	988	676	8181	254	344	0	0	0	1101	0	0	0	0	0	5072	0	0				
670467																			6	13214	16386	95473	2995	21266	6790	10000	0	10948	0	0	0	0	0	33659	0	0	Investment in Affordable Housing tax credits	Income Tax Receivable		
670560																			0	3238	49312	95343	0	42746	0	0	0	47	0	0	40742	0	0	0	0	0				
670654																			0	54	0	669	0	31	0	0	0	584	0	0	0	0	0	0	0	0				
670748																			0	787	0	4401	135	259	0	0	0	510	0	0	5	0	0	2845	0	0				
670878																			0	4308	6254	32030	562	1434	774	0	0	1479	0	0	0	0	0	14528	4027	0	Non Qualified Plan			
671053																			0	369	154	1539	106	106	0	0	0	741	0	0	0	0	0	169	0	0				
671147																			0	952	16	9836	469	784	0	0	0	8084	0	0	0	0	0	0	0	0				
671334																				2313	2655	19484	2995	5261				9255			1969		0	0	0	0				
671464																				19080	183055	543807	65460	148770				52211	37408				114	94828	11924	33825				
671558																			0	3516	0	43232	2851	3784	0	0	0	10270	0	0	0	0	0	25662	0	0		0		
672238																			0	90	134	2429	0	37	0	0	0	488	0	0	0	0	0	1227	0	453				
672247																			0	1519	912	3321	155	540	0	0	0	291	0	0	0	0	0	59	0	0				
672537																			0	268	3196	8726	387	665	0	0	0	1336	0	0	0	0	0	3261	0	0				
672573																			0	592	161	10361	353	1462	569	0	0	1304	0	221	1	0	0	6842	0	0	Conversion Expense			
673244																			0	332	350	4592	0	102	0	0	0	805	0	0	0	0	0	3003	0	0				
673440																				8047	64145	123955	3384	3434				48329					0	0	0	0				
673477																			0	202	54	449	0	38	0	0	0	155	0	0	0	0	0	0	0	0				
673851																			0	462	0	5002	209	209	0	0	0	503	0	0	0	0	0	3828	0	0				
673909																				65337	0	99080		10212	5000			9213					0	14318	0	0	San Francisco Housing Accelerator Fund  (CRA)			
674344																			0	993	0	4140	68	68	0	0	0	376	0	0	0	0	0	2703	0	0				
674849																			0	9219	0	41829	925	939	0	0	0	12241	0	0	0	0	0	17734	0	1696				
675042																				79	45	3966	308	308				2105					0	1429	0	0				
675079																			0	338	0	7816	330	384	0	0	0	1490	0	0	0	0	0	0	5604	0				
675248																			0	817	0	2941	75	115	40	0	0	608	0	0	0	0	0	1401	0	0	Settlement Holdover Account			
675341																			0	0	472	888	0	22	0	0	0	227	0	0	0	0	0	167	0	0				
675659																			0	228	0	2551	39	39	0	0	0	2284	0	0	0	0	0	0	0	0				
675855																			0	421	0	4239	0	319	0	0	0	668	0	0	0	0	0	2831	0	0				
676049																			0	1296	486	2836	0	66	0	0	0	988	0	0	0	0	0	0	0	0				
676151																			0	2145	6810	19468	299	474	0	0	0	3877	0	0	0	0	0	6162	0	0				
677176																				6601	0	118744	91785	99505				12638					0	0	0	0				
677354																				382	87	1829	125	179	54			1181					0	0	0	0	Liabilities on Current Tax - Housing Tax Credit			
677448																			0	1383	0	8847	42	58	0	0	0	5482	0	0	0	0	0	1924	0	0				
677644																			0	11803	8162	87688	3186	8850	2750	0	0	12813	0	0	0	0	0	30864	1199	13997	CAPITAL VENTURES			
677756																			0	759	0	4694	0	67	0	0	0	3119	0	0	0	0	0	749	0	0				
677970																			56	1896	379	6725	10	862	596	13	0	1324	0	0	37	0	0	2264	0	0	LRA Present Value	Exchange Acct		
678052																			0	0	0	278	0	89	0	0	0	189	0	0	0	0	0	0	0	0				
678070																				955	6805	26513	351	1309				2255		78			0	15189	0	0				
678258																			0	0	0	1046	0	0	0	0	0	1046	0	0	0	0	0	0	0	0				
678454																			0	887	516	4928	189	209	0	0	0	1558	0	0	0	0	0	1758	0	0				
678557																				425	0	1863	105	236				1202			1		0	0	0	0				
678744																			0	3404	378	14446	0	1364	1048	0	0	2014	0	0	0	0	0	7286	0	0	Participation clearing			
679451																			0	1443	226	3914	0	258	0	0	0	1987	0	0	0	0	0	0	0	0	Securities Principal Receivable			
680130																				1075	4686	33031	1117	2417				2805					0	22048	0	0				
680457																			0	2651	0	22455	272	458	0	0	0	9763	0	0	0	0	0	7256	0	2327				
680813																				29530	54764	282342		60611	29256			18070					0	105555	1271	12541	TAX INVESTMENT CREDITS			
681043																			0	86	27	709	286	346	0	0	0	250	0	0	0	0	0	0	0	0				
681249																			0	580	0	2038	78	78	0	0	0	183	0	0	0	0	0	1197	0	0				
682143																			0	4412	1401	34660	2086	5793	1638	0	0	5396	0	0	0	0	0	17658	0	0	Lease asset			
682563																				42428	259786	1118109		365224				256093					0	24739	154811	15028				
682648																			0	1190	336	8542	124	125	0	0	0	1693	0	0	0	0	0	5198	0	0				
683449																			0	1283	2175	24497	0	309	0	0	0	6142	0	0	0	0	0	10734	0	3854				
683814																			0	259	0	6358	0	4414	3795	0	0	1685	0	0	0	0	0	0	0	0	PREPAID PENSION EXPENSE			
684455																			0	16135	897	65477	3600	14079	2830	3448	0	7279	6	0	57	0	0	26590	0	497	Protective Advances and Suit Fees	Misc Fees		
685023																			0	580	205	4254	141	595	97	357	0	435	0	0	0	0	0	2020	0	419	Accrued Fed Income Taxes Payable 21130	Deferred Tax for Investment 15302		
685676																			0	6781	8267	90649	1885	6449	0	0	0	14444	0	0	1897	0	0	46632	0	8076				
686459																			59	2747	160	11790	296	397	21			6652		21			0	1834	0	0	taxes receivable	FHLB Receivable		
686570																			0	637	70	2229	90	216	0	0	0	340	0	0	94	0	0	966	0	0				
686758																			0	0	2420	3610	0	96	0	0	0	1094	0	0	0	0	0	0	0	0				
687054																			0	391	0	2573	186	235	0	0	0	574	0	0	0	0	0	1373	0	0				
687830																			0	90	0	6324	0	83	0	0	0	2723	0	0	0	0	0	3428	0	0				
687951																			0	17544	4903	59227	2759	5337	0	0	0	13364	0	0	0	0	0	10456	0	7623	Secondary Market Loan Clearing			
688079	0	31104	4	584130	0	39404	39404	0	0	5	0	0	0	0	0	5605	508008	0																			Current Income Tax Receivable			
688453																			0	4	0	1324	0	13	0	0	0	1307	0	0	0	0	0	0	0	0				
688556																			0	78	0	1748	172	226	0	0	0	1444	0	12	0	0	0	0	0	0				
689209																			0	8773	8419	46378	0	17330	7427	0	0	6991	0	0	0	0	0	780	4085	0	Defined Benefit Pension Plan			
689357																				2135	0	7759	518	1932				3692					0	0	0	0				
689759																			0	238	588	2223	168	762	535	0	0	635	0	0	0	0	0	0	0	0	Income Receivable Trust			
691042																			0	285	505	1233	164	164	0	0	0	279	0	0	0	0	0	0	0	0				
691743																			0	0	15	476	114	114	0	0	0	347	0	0	0	0	0	0	0	0				
691958																			0	1855	1178	21426	1500	4977	1060	1308	0	3518	0	0	0	0	0	9898	0	0	All other assets	Taxes receivable		
692450																			0	134	0	3518	106	213	0	0	0	3171	0	0	0	0	0	0	0	0				
692704																			0	356	103	89296	0	88837	86552	0	0	0	0	0	0	0	0	0	0	0	Investment Advisory Fees Receivable			
692946																				565	1571	13468	844	1130				1375					0	8827	0	0				
693073																			0	63	161	1601	0	19	0	0	0	19	0	0	0	0	0	1339	0	0	Income Tax Receivable			
693224																				191286	226650	1311679	27076	91526				131728			38995		0	538487	56322	75680				
693345																			423	18536	37244	278701	7653	63873				27762					0	61663	0	69623				
693952																			0	165	0	8777	293	415	0	0	0	2248	0	0	0	0	0	5949	0	0				
694146																			0	14	0	454	102	220	0	0	0	220	0	0	0	0	0	0	0	0				
694771																			0	0	0	221	0	70	0	0	0	151	0	0	0	0	0	0	0	0				
694847																			19	1384	878	14394	559	1206	0	0	0	2242	0	0	0	0	0	7407	0	1277				
694904	0	995898	21643	4551630	0	1573843	0	0	0	322672	0	0	0	0	0	1179007	0	458567																						
695349																				1382	1767	20001	544	579				4684					0	11589	0	0				
695947																			0	406	0	6647	134	1433	1299	0	0	3092	0	0	0	0	0	1716	0	0	CDI FROM MERGER			
696047																			0	534	930	3466	0	136	0	0	0	587	0	0	0	0	0	1279	0	0				
696168																			2460	0	2108	10632	331	5786	1441	0	0	2738	0	71	1069	0	0	0	0	0	Reserve for corporate taxes			
696430																			0	1781	0	23639	1284	2470	0	0	0	2413	0	0	0	0	12	15542	0	1421				
696645																				1201	671	8083	819	1050	231			1243					0	3918	0	0	LRA Assets			
697035																			0	200	485	2318	759	764	5	0	0	869	0	0	0	0	0	0	0	0	SBA Loan Receivable			
697147																			0	5020	7042	22467	0	1841	330	0	0	1930	0	0	0	0	0	6056	0	578	LRA			
697156																			0	4441	0	20951	683	737	0	0	0	6680	0	0	0	0	0	9093	0	0				
697231																			0	426	0	3651	619	691	0	0	0	2534	0	0	48	0	0	0	0	0				
697763																				14227	48780	161022		26550	9887			37143			9344		0	34322	0	0	Merchant Card			
697950																			0	366	0	2528	135	149	0	0	0	241	0	0	14	0	0	1772	0	0				
698144																			0	4766	14148	61049	6572	9020	0	0	0	5708	0	0	0	0	0	17892	5459	4056				
698546																				228	712	4824	113	354	241			1147					0	1955	0	428	919601 - Construction in Process			
698649																			0	3012	3015	23835	648	1094	0	0	0	3873	0	0	0	0	0	12841	0	0				
699105																			0	11232	13338	49972	0	5683	1500	0	0	5612	0	0	0	0	0	14107	0	0	Other investment - Low Income Housing Tax Credit			
699253																			0	62	0	1800	0	188	0	0	0	1550	0	0	0	0	0	0	0	0				
700140																			0	31	0	1829	0	76	0	0	0	372	0	0	0	0	0	1350	0	0				
700252																			0	109	0	4555	0	176	0	0	0	501	0	0	0	0	0	3769	0	0				
700430																				3172	5087	12404	186	462				1288					0	1276	1119	0				
700458																			0	242	0	6218	412	446	0	0	0	5530	0	0	0	0	0	0	0	0				
701062																				25836	21174	285178	11760	33892				23559					0	18969	160744	1004				
701222																			0	5659	2738	38076	0	10022	0	4397	0	7153	0	0	0	0	0	12504	0	0		DEFERRED COMP		
701839																			0	1024	0	28577	971	1096	0	0	0	4357	0	0	0	0	0	16568	0	5532				
701857																			0	177	0	2210	0	100	0	0	0	651	0	0	0	0	0	1282	0	0				
702117																				44575	73930	724338		242568	61601			52999					0	290521	0	19745	Accrued Retirement			
702612																			0	3130	0	13089	1630	5454	1332	0	0	4505	0	0	0	0	0	0	0	0	INVESTMENT IN PRECIOUS METALS			
702836																			0	175	587	5232	166	497	0	0	0	821	0	0	0	0	0	1602	0	1550				
702911																			0	4886	5921	30978	0	2629	1593	0	0	4143	0	0	0	0	0	13399	0	0	FHLB LENDER RESERVE			
703039																			0	3168	2080	9369	0	1903	701	174	0	2218	0	0	933	0	0	0	0	0	Net Prepaid Fed Inc Tax	Net Prepaid State Inc Tax		
703552																			0	11806	3997	57734	804	19442	0	0	0	9376	0	0	5860	0	0	13113	0	0				
703767																				12170	33153	150993	2987	34689	16731	12373		16819		450			0	50628	0	3534	Investment in LIHTC	Investment in SBIC		
705378																			0	1295	762	7417	171	286	0	0	0	1491	0	0	0	0	0	3583	0	0				
705556																			0	1117	0	3617	315	339	0	0	0	1511	0	0	0	0	0	650	0	0				
706030																			0	452	0	3828	92	243	0	0	0	937	0	0	0	0	0	1052	0	1144				
706058																			0	2053	0	2725	67	117	0	0	0	555	0	50	0	0	0	0	0	0				
706236																			0	0	956	2442	0	1057	270	179	0	429	0	0	0	0	0	0	0	0	Bankers Bank Stock	FHLB Stock		
706254																				649	0	5603	535	885	330			4069					0	0	0	0	PROPERTY NON BANK PREMISE POTEAU SCHOOL THEATRE			
706450																			0	71	372	656	16	129	0	0	0	84	0	0	0	0	0	0	0	0				
706656																			0	175	1548	8292	170	270	0	0	0	1857	0	0	0	0	0	3550	0	892				
707354																				14263	0	185167		58616	37145			18472					0	80190	2779	10847	Fed Tax Credits			
708379																			0	685	2270	13543	134	273	0	0	0	4033	0	0	0	0	0	3674	0	2608				
709143																				4116	6380	34612	1327	1555				7012					0	12185	0	3364				
709451																			0	1187	0	2170	161	161	0	0	0	822	0	0	0	0	0	0	0	0				
709554																			0	825	0	8207	101	123	0	0	0	2590	0	0	0	0	0	4669	0	0				
709602																				6580	25937	58353		7622				8116					0	10098	0	0				
709639																			0	730	9795	31873	509	571	0	0	0	4850	0	0	0	0	0	10158	0	5769				
709956																				794	0	1535		197				544					0	0	0	0				
710176																			0	2546	0	14207	377	688	0	0	0	4889	0	0	0	0	0	6084	0	0				
710859																			0	323	0	17617	474	811	0	0	0	2989	0	305	2	0	0	13494	0	0				
711472		1540	21728	110949	13538	29413				9088			6424		0	46221	0	2959		1540																				
711520																			0	127	508	2758	0	1807	1374	0	0	316	0	0	0	0	0	0	0	0	Deferred Compensation Trust	Other		
711548																			0	1039	0	16233	369	393	0	0	0	1575	0	0	0	0	0	10845	0	2381				
711753																			0	185	0	3005	180	1991	410	1285	116	829	0	0	0	0	0	0	0	0	SIA Accounts Receivable	DDA Control	Def Tax Gain/Loss	
711801																			0	1735	3287	31662	1161	2185	0	0	0	2674	0	654	0	0	0	21781	0	0	Accrued Trust Income			
712059																			0	2607	0	20724	1016	1878	0	0	0	11523	0	0	0	0	0	4716	0	0				
712648																			2	1853	0	7878	263	267	0	0	0	775	0	0	0	0	0	3702	0	1281				
712956																			0	107	1135	6887	256	311	0	0	0	2264	0	0	0	0	0	3070	0	0				
713252																			0	300	0	4551	204	234	0	0	0	3324	0	0	0	0	0	0	0	693				
713476																			0	6076	5530	29346	524	1024	0	0	0	1739	0	0	423	0	0	14977	0	0				
713926																			41	2119	6992	50550	2487	11926	4423	3543	1366	5118					0	24395	0	0	DEFERRED COMPENSATION	LOW INCOME HOUSING INVESTMENT	DEALER COMMISSIONS	
714165																			0	78	0	2967	194	194	0	0	0	495	0	0	0	0	0	1566	0	634				
714437																			0	1753	315	5410	301	358	0	0	0	939	0	0	0	0	0	1427	0	618				
714839																				618	0	5849	598	1194				824					0	3213	0	0				
714978																			0	1720	1280	17510	545	1015	0	0	0	2149	0	0	0	0	0	9441	1905	0				
715032																				130	114	1659		287				1128					0	0	0	0				
715050																			0	1581	0	7181	346	1211	0	0	0	3604	0	0	498	0	0	785	0	0				
715144																			0	682	0	6593	334	1026	223	0	0	3235	0	0	469	0	0	1385	0	265	Operating Lease Asset			
715340																			0	6820	4160	33707	0	2560	0	0	0	3285	0	0	0	0	0	16882	0	0				
715470																			0	534	0	923	85	85	0	0	0	304	0	0	0	0	0	0	0	0	Certificate closed and wired out, but tickets un-posted			
715630																			0	395	4206	11937	0	75	0	0	0	1292	0	0	0	0	0	5969	0	0				
715872																				790	1789	16336	660	1253	535			1757					0	10747	0	0	Accrued Income Tax (debit balance)			
715975																			0	495	70	1160	0	258	0	0	0	337	0	0	0	0	0	0	0	0				
716374																			0	1836	5862	30460	0	8669	5223	0	0	5100	0	0	0	0	0	6242	0	2751	Investment in Tax Credit Entity			
716833																				9471	8375	76220	1937	3953	1518			4823					0	48598	1000	0	Deferred Compensation			
716851																			0	453	0	7179	247	372	0	0	0	1675	0	0	0	0	0	4679	0	0				
716954																			0	2524	0	11366	230	405	0	0	0	1724	0	0	0	0	0	5305	1408	0				
717232																			0	80	0	1018	0	93	0	0	0	845	0	0	0	0	0	0	0	0	0		0	
717670																			0	207	893	7571	146	713	0	0	0	657	0	402	0	0	0	5101	0	0				
717737																				2387	2987	40855	1762	1950				6762					0	20073	0	6696				
717924																				6542	20592	103754		26239	20180			19024	62	7			0	31357	0	0	Minimum Pension Liability			
718145																			0	2851	3134	33334	804	1431	0	0	0	5256	0	0	0	0	0	19427	0	1235				
718275																			0	0	0	2232	307	1212	0	0	0	1020	0	595	233	0	0	0	0	0				
718538																			0	2013	1102	14848	928	2510	1250	0	0	1405	0	0	0	0	0	7818	0	0	Unfunded Pension Liab F87			
719030																			0	13	503	3095	0	65	0	0	0	281	0	0	0	0	0	2233	0	0	Prepaid Income Tax	Investment Interest Receivable		
719610																			0	219	164	4591	0	739	716	0	0	942	0	0	0	0	0	0	0	2527	long term lease			
719656																			0	2229	756	18419	0	4113	2529	0	0	3039	0	0	0	0	0	8282	0	0	INVESTMENT IN TAX BENEFIT			
719964																			0	101	0	5529	74	74	0	0	0	1640	0	0	0	0	0	3714	0	0				
720157																			0	0	0	218	0	0	0	0	0	218	0	0	0	0	0	0	0	0				
720344																				1185	1783	8715		65				1054					0	1978	0	2650				
720746																			0	3830	84	22409	585	755	0	0	0	3629	36	0	0	0	0	11427	0	2684				
720858																			0	384	0	4366	157	157	0	0	0	1664	0	0	0	0	0	2161	0	0				
721350																			0	3323	0	27081	236	585	0	0	0	16298	0	334	0	0	0	6875	0	0				
721752																			0	262	0	2675	0	0	0	0	0	521	0	0	0	0	0	1418	0	474	Checks and Drafts			
721949																			0	2244	1703	7534	363	524	0	0	0	3063	0	0	0	0	0	0	0	0	0			
722227																			0	2096	2858	6212	249	820	15	0	0	438	0	156	385	0	0	0	0	0	Other receivables			
722432																			0	2274	0	26850	10721	10891	0	0	0	1211	0	0	0	0	0	9129	0	3345				
722544																			0	4967	23799	100443	769	1406	527	0	0	11684	0	0	0	0	0	21329	32932	4326	Trust Receivable			
722777	0	1742296	436652	11010642	0	6366432	5723871	0	0	420443	0	0	0	0	0	942254	75867	1026698		1742296																	OPERATING_LEASES			
722816																			0	2216	7381	41684	5659	9003	0	0	0	4012	0	0	0	0	0	19072	0	0				
723112	0	1100000	857000	8750000	0	3935000	0	0	0	687000	0	0	2608000	0	0	597000	538000	1036000		1100000																				
723158																			0	82	0	1857	288	288	0	0	0	1487	0	0	0	0	0	0	0	0				
723550																			0	131	0	1462	38	38	0	0	0	1293	0	0	0	0	0	0	0	0				
723653																			0	399	0	9048	416	514	0	0	0	2191	0	0	0	0	0	5944	0	0				
724744																			0	6234	23	31024	0	5621	4705	0	0	7483	0	0	0	0	0	11663	0	0	CTB NET ANNUITY VALUE			
724904																			0	1073	0	7239	0	3832	2389	0	0	2334	0	0	0	0	0	0	0	0	Loan servicing receivable			
724940																			0	0	0	2750	0	2	0	0	0	312	0	0	0	0	0	2436	0	0				
725077																			0	1619	2134	8872	0	3178	1955	0	0	1413	0	0	0	0	0	0	528	0	Deferred Directors Fees			
725732		12096	13095	150633	25987	47216				41376		10863			0	36403	0	447		12096																				
726458																			0	932	0	2608	113	194	0	0	0	614	0	0	0	0	0	868	0	0				
726953																				14046	1028	21409	1160	3765				2570			1799		0	0	0	0				
727174																			0	12707	0	35107	0	17622	0	0	0	4778	0	0	13448	0	0	0	0	0				
728948																			0	2036	850	9545	464	853	0	0	0	5806	0	0	0	0	0	0	0	0				
728957																			5	234	0	9651	0	347	0	0	0	3155	0	173	0	0	0	5915	0	0				
729011																			0	3096	42	17427	474	610	0	0	0	2188	0	0	0	0	0	11491	0	0				
729057																			75	288	0	1726	163	382	0	0	0	1056	0	0	0	0	0	0	0	0				
729178																			0	1364	866	7715	171	283	0	0	0	1419	0	0	0	0	0	1760	0	2023	Federal Income Tax			
729310																			0	2766	4184	59398	11052	14746	0	0	0	6328	1801	0	0	0	0	31374	0	0				
729842																			0	1208	0	5301	103	120	0	0	0	2978	0	0	0	0	0	995	0	0				
729945																			0	498	869	9198	194	931	0	0	0	1383	0	0	0	0	0	2379	0	3138				
731050																			0	310	489	7531	24	28	0	0	0	3105	0	0	0	0	0	3599	0	0				
731247																				32063	17530	85356	3113	11822	2994	4949		23941					0	0	0	0	Trust Income Receivable	Tax Credits Purchased		
731957																			0	5	23	161	0	33	0	0	0	100	0	0	0	0	0	0	0	0				
732178																			0	1007	1347	10794	1474	3930	0	565	1491	4510	0	59	19	0	0	0	0	0		CREDIT CARD CLEARING, CDARS	JHA FUNDING	
732253																			6	642	0	7232	246	567	0	0	0	2394	0	0	0	0	0	1964	0	1665				
732637																			69	375	1530	5983	194	531	232			560					0	2987	0	0	Investment in subsidiary			
732758																			0	1803	1960	25416	2216	3320	0	0	0	2279	0	0	0	0	0	11681	0	4373	Accrued Direct Merchant			
732954																			0	0	1732	2679	30	30	0	0	0	917	0	0	0	0	0	0	0	0				
733540																			0	1102	0	2264	70	86	16	0	0	1076	0	0	0	0	0	0	0	0	Card Processing			
733559																			0	1022	392	7142	1144	1221	0	0	0	4507	0	0	0	0	0	0	0	0				
733661																			0	190	0	3380	0	2758	0	0	0	432	0	0	2622	0	0	0	0	0				
733755																			0	244	0	1151	135	210	0	0	0	697	0	0	0	0	0	0	0	0				
733951																			0	2690	157	6380	240	241	0	0	0	3292	0	0	0	0	0	0	0	0				
734248																			13	2358	5523	24724	1551	1985	0	0	0	5899	0	0	0	0	0	8959	0	0				
734350																			0	2750	609	18908	438	730	0	0	0	2394	0	0	0	0	0	12425	0	0				
734538																			0	5862	6435	63436	5678	5710	0	0	0	5879	0	0	0	0	0	18268	0	21282				
734613																			0	552	1294	15962	385	428	43	0	0	1305	0	0	0	0	0	12383	0	0	Prepaid Income Tax			
735067																			4	4101	1845	8563	167	376	0	0	0	2241	0	92	94	0	0	0	0	0				
735414																			0	238	45	2746	75	77	0	0	0	312	0	0	0	0	0	1071	0	1003				
735441																			0	3594	0	19351	0	4138	1141	0	0	11619	0	0	0	0	0	0	0	0	Prepaid Maintance Contracts			
735973																			0	455	684	7012	119	149	0	0	0	303	0	0	0	0	0	5421	0	0				
736158																			0	180	133	2355	54	86	0	0	0	580	0	0	0	0	0	1376	0	0				
736550																			0	3292	0	9127	650	769	0	0	0	5066	0	0	0	0	0	0	0	0				
737548																			0	765	259	29139	981	1826	721	0	0	8917	0	0	0	0	0	17372	0	0	FARMLAND REAL ESTATE CONTRACT			
738013																			0	8333	0	14905	742	2345	0	0	0	4227	0	0	0	0	0	0	0	0				
738040																				20029	1572	90663	1295	1370				32634					0	33604	0	1454				
738143																			0	2283	394	19900	1119	1531	0	0	0	3012	0	0	0	0	0	12680	0	0				
738255																				1275	1177	8925	828	941				4441					0	1091	0	0	Artwork and Collectibles			
738303																				12000	8026	62388	1356	5071				4043					0	33248	0	0				
738657																				123	0	1961		207				521					0	1110	0	0				
738769																			0	6423	4808	54526	1271	3420	0	0	0	6311	0	0	0	0	0	28844	3763	957				
739346																			0	658	964	3652	0	49	0	0	0	1981	0	0	0	0	0	0	0	0				
739355																			3	1106	3075	7521	353	356				2984					0	0	0	0				
739560																				15000	3766	164761	6461	22335				25925	6736				0	97735	0	0				
739832																			0	3101	55	10103	248	395	147	0	0	1716	0	0	0	0	0	4836	0	0	Triad offset			
740249																			0	1881	0	5260	0	302	0	0	0	3077	0	0	0	0	0	0	0	0	0			
741068																			0	331	428	2019	511	516	0	0	0	744	0	0	0	0	0	0	0	0				
741152																			0	63	0	525	0	60	0	0	0	402	0	0	0	0	0	0	0	0				
741330																				1783	1214	30115	1939	9724	7097			7384	198				0	10010	0	0	ASSETS HELD FOR SALE			
741358																			0	0	0	757	0	160	0	0	0	297	0	0	0	0	0	300	0	0				
741844																			0	130	213	6248	110	270	147	0	0	1426	0	0	0	0	0	4209	0	0	Income Tax Receivable			
741956																			0	419	159	1082	107	107	0	0	0	397	0	0	0	0	0	0	0	0				
741974																			0	3214	0	8224	0	824	550	242	0	1141	0	0	0	0	0	1997	1048	0	Lender Risk Reserve, net	Loan Servicing Rights		
742056																			252	578	944	3104	130	406	0	0	0	1176	0	0	0	0	0	0	0	0				
742542																			0	553	0	2759	0	75	0	0	0	937	0	0	0	0	0	845	0	349				
742944																				1096	644	11536	288	576				1066					0	8154	0	0	FISERV EFT SETTLEMENT		Payroll In-Process	
743679																			0	2856	3748	15930	0	2419	818	0	0	2318	0	0	0	0	0	4589	0	0	Prepaid Medical			
743950																			0	88	357	1949	0	82	0	0	0	467	0	0	0	0	0	955	0	0				
744854																			0	442	1007	4523	825	1579	0	0	0	1495	0	0	0	0	0	0	0	0	Current Tax Receivable			
745347																				110	1068	2923		238	159			1507					0	0	0	0	Abstract & Title Services Subsidiary			
746157																			0	2224	1417	5164	219	240	0	0	0	1283	0	15	0	0	0	0	0	0				
746755																			0	2071	936	11849	271	805	0	0	0	2924	0	0	534	0	0	5113	0	0				
746942																			0	488	0	2814	76	110	34	0	0	2216	0	0	0	0	0	0	0	0	Union Ins Agency			
746979																			0	104	61	832	129	168	0	0	0	499	0	0	39	0	0	0	0	0				
747051																				163	0	3552	526	606				649					0	0	0	2134				
747257																			0	2329	0	8489	178	380	179	0	0	1553	0	0	0	0	0	4227	0	0	Interest Receivables - US Securities			
748254																			0	1717	2580	11907	571	814	0	0	0	1171	0	0	0	0	0	5625	0	0				
748357																			0	498	340	4389	675	2407	1732	0	0	1144	0	0	0	0	0	0	0	0	Precious Metals			
748441																			0	1346	0	2737	435	513	0	0	0	878	0	59	15	0	0	0	0	0				
748964																			0	1657	0	15959	395	400	0	0	0	3286	0	0	0	0	0	10503	0	113				
749242																				81897	145424	967843		154871				93108	46604				0	409087	5569	77887				
749635																			0	1360	6764	32282	1382	3233	0	0	0	2998	0	0	1364	0	0	17927	0	0				
749840																			0	103	10	360	0	0	0	0	0	247	0	0	0	0	0	0	0	0				
749943																			0	0	0	4041	224	434	0	0	0	3607	0	0	0	0	0	0	0	0				
750051																			0	252	0	2132	236	256	0	0	0	1624	0	0	0	0	0	0	0	0				
750341																			0	1512	833	13970	532	538	0	0	0	1793	0	0	0	0	0	7197	0	2097				
750444																			0	164	283	2099	98	113	0	0	0	1539	0	0	0	0	0	0	0	0				
750846																			0	73	151	3227	0	88	0	0	0	1307	0	0	0	0	0	1608	0	0				
751254																			0	2678	3785	9114	0	619	0	0	0	2032	0	0	0	0	0	0	0	0				
751656																			99	26118	0	97443	4675	6225				22175			841		0	42925	0	0	ICS Receivable Clearing			
751852																			0	651	1479	7283	294	617	0	0	0	1378	0	0	206	0	0	1497	1661	0				
752831																			0	284	2198	4759	508	508	0	0	0	1769	0	0	0	0	0	0	0	0				
753052																			0	0	0	781	0	0	0	0	0	781	0	0	0	0	0	0	0	0				
753324																			0	3786	5205	72874	0	26876	9438	0	0	5287	0	0	0	0	0	31720	0	0	RIGHT OF USE ASSET			
753641																			0	1700	331	4969	56	113	0	0	0	340	0	0	0	0	0	2485	0	0				
753856																			0	0	0	1417	0	1010	857	0	0	407	0	0	150	0	0	0	0	0	Precious Metals			
754068																			0	5097	1917	10329	786	810	0	0	0	2505	0	0	0	0	0	0	0	0				
754246																			0	55	0	2247	257	259	0	0	0	1933	0	0	0	0	0	0	0	0				
754536																			0	502	0	2587	78	272	33	0	0	609	0	0	0	0	0	1204	0	0	INTEREST EARNED NOT COLL - TAX E	IBAA INC		
754826																			0	3302	4795	23134	1527	3146	1072	0	0	5379	0	0	0	0	0	3411	0	3101	EFT RESERVE	.		
754853																			0	6647	6380	38497	1457	3313	0	0	0	6825	0	0	0	0	0	13957	1375	0				
754929																				2009	9782	86132	16958	18950				6539					0	46849	0	2003				
755252																			0	2822	0	20515	390	397	0	0	0	4110	0	0	0	0	0	13186	0	0				
755421																			0	55	70	512	0	46	0	0	0	341	0	0	0	0	0	0	0	0				
755458																			0	4613	0	8544	1057	1518	0	0	0	2413	0	94	0	0	0	0	0	0				
756343																			0	1169	0	6830	622	626	0	0	0	1770	0	0	0	0	0	3265	0	0				
756848																			0	280	0	5476	0	285	0	0	0	2800	0	0	0	0	0	2111	0	0				
757377																			0	2628	3876	16648	996	4765	3421	0	0	3312	0	0	332	0	0	2067	0	0	Benefit Plans Adjustment	N/A	N/A	
757452																				2627	1574	6771	332	668				1902					0	0	0	0				
757779																			0	868	505	8230	0	686	140	0	0	1036	0	0	0	0	0	3380	0	1755	Accounts Receivable			
758703																				24966	28461	257977		81866				22799	21772				708	81019	18158	0				
758842																			0	450	68	4135	130	146	0	0	0	1468	0	0	0	0	0	1046	0	957				
758851																			0	8023	0	76791	0	8788	0	0	0	14216	0	6142	0	0	36970	8794	0	0				
759045																			0	2241	0	20194	0	934	500	0	0	2726	0	0	0	0	0	14293	0	0	NON-FOR-PROFIT INVESTMENTS			
759625																			0	682	807	17796	0	5634	0	0	0	2886	0	0	0	0	0	7787	0	0				
760210																			0	166	289	5842	166	173	0	0	0	413	0	0	0	0	0	4801	0	0				
760331																			0	674	0	4244	827	832	0	0	0	2738	0	0	0	0	0	0	0	0				
760340																			0	1164	0	3913	182	495	204	0	0	1282	0	0	0	0	0	972	0	0	Prin Rec-Mortback			
760434																				464	0	3050	249	340				1703					0	543	0	0				
760649																			0	338	0	2812	0	503	0	0	0	1971	0	0	0	0	0	0	0	0				
760854																			0	755	11746	43958	1601	3458	0	0	0	6241	0	0	0	0	0	18299	0	3459				
760939																			0	52	328	2756	166	181	0	0	0	403	0	0	0	0	0	1792	0	0				
760957																			0	250	1328	2661	360	367	0	0	0	716	0	0	0	0	0	0	0	0				
761244																			0	1161	1898	15480	189	1671	0	0	0	2739	0	220	0	0	0	8011	0	0				
761459																			0	833	2999	7101	0	483	0	0	0	2786	0	0	0	0	0	0	0	0				
761543																			0	761	1962	16688	197	1601	914	0	0	3072	0	0	0	0	0	9292	0	0	Secondary Market Clearing			
761806																				412492	199317	2592307		359343				349697					0	731931	444411	95116				
761833																				0	0	28651	2359	18682	1642			8120		378	14303		1632	217	0	0	Officer Serp			
761851																			0	4027	0	16213	0	376	0	0	0	7370	0	0	0	0	0	4440	0	0		OTHER ASSETS		
761954																			0	522	0	4435	0	1855	1660	0	0	2058	0	0	0	0	0	0	0	0	ROU R/E LEASES			
762045																			0	2098	42	9132	0	330	0	0	0	1940	0	0	0	0	0	4722	0	0				
762447																				37068	47123	309930	5688	10883				39941					0	148502	0	26413				
762474																			0	37581	3703	157227	0	14647	0	0	4725	15374	0	0	0	0	0	79407	0	6515	Unsettled investments receivable	Advance for negative escrow serviced loans	Accrued income tax receivable	
762773																			0	609	961	5472	1084	2583	0	0	0	1319	0	0	0	0	0	0	0	0				
763211																			0	900	3745	6103	0	353	0	0	0	1105	0	0	0	0	0	0	0	0				
763677																			0	1082	9936	53555	1268	3295	1295	0	0	4789	0	261	0	0	0	30293	0	4160	Investment Payments Receivable			
763930																			0	1467	4706	13934	734	891	0	0	0	6294	0	0	0	0	0	576	0	0				
764030																				46357	63817	758992		135275	38684			92960					0	382618	12442	25523	Deferred comp asset			
764058																			0	4548	0	13395	0	5430	2991	1417	0	3417	0	0	0	0	0	0	0	0	Deferred Compensation Asset	FAS 91 Deferral		
764067																			0	382	0	2027	164	172	0	0	0	1473	0	0	0	0	0	0	0	0				
764142																			0	1417	118	5932	195	290	0	0	0	1147	0	48	0	0	0	0	0	2960				
764151																			57	99	0	1762	94	151	0	0	0	272	0	0	0	0	0	1240	0	0				
764816																			0	927	0	5492	900	949	0	0	0	963	0	0	0	0	0	2653	0	0				
765318																			0	437	0	7109	0	372	0	104	0	1177	0	0	0	0	0	2746	2377	0	Prepaid Service Contracts	Prepaid Insurance		
765354																				258	0	983	81	95				630					0	0	0	0				
765505																				6658	6303	46944	1923	2293				4353	120				0	19947	0	7390				
765662																			0	1182	0	6065	0	24	0	0	0	1276	0	0	0	0	0	2649	0	934				
765877																			0	421	410	4995	171	227	0	0	0	869	0	0	56	0	0	3068	0	0				
766052																			0	77	0	1055	0	20	0	0	0	958	0	0	0	0	0	0	0	0				
766164																				85985	0	275458		81282				46247		46370			0	14427	46564	953				
767152																			0	70	44	674	42	329	0	0	0	231	0	0	0	0	0	0	0	0				
767246																			0	0	0	294	66	69	0	0	0	225	0	0	0	0	0	0	0	0	FIXED RATE ANNUITIES			
767255																			0	1093	0	9688	238	410	0	0	0	1793	0	102	0	0	0	4866	105	1421				
767554																			0	474	0	5479	0	531	380	0	0	597	0	0	0	0	0	3877	0	0	OTHER ASSETS			
767572																			0	446	46	1515	42	42	0	0	0	131	0	0	0	0	0	850	0	0				
767611																				123	1236	8125	294	885	356			939					0	4942	0	0	RESTRICTED ESOP CONTRIBUTIONS			
767732																			4	408	4324	28558	1438	2640	91	0	0	5032	0	0	0	0	0	16154	0	0	Construction in Process			
767974																			0	8354	4132	84721	0	35598	26405	0	0	8587	0	0	0	0	0	28050	0	0	Tax Credit Investments			
768458																				510	0	5942	174	225				1001					0	4206	0	0				
768476																			0	187	0	542	0	107	0	0	0	248	0	0	0	0	0	0	0	0				
768953																			0	7819	11096	33236	0	4264	0	0	0	3477	0	2332	0	0	0	6580	0	0				
769334																			0	281	0	2598	62	62	0	0	0	808	0	0	0	0	0	745	0	702				
770451																			0	555	0	5653	130	189	0	0	0	2149	0	0	0	0	0	2760	0	0				
770545																			0	116	3	690	0	211	190	0	0	360	0	0	0	0	0	0	0	0	Income Tax Receivable			
770639																			0	722	855	3480	291	579	0	0	0	1324	0	0	186	0	0	0	0	0				
770657																			18	2042	0	33331	1069	2918	1397	0	0	12296	0	244	0	0	0	10749	0	5326	OPERATING DEPOSITS HOLDING			
770853																			0	6094	0	15951	0	2416	1841	0	0	4243	0	0	0	0	0	1530	0	1668	DDA Unposted	0		
771047																			0	227	0	1862	80	116	23	1	12	725	0	0	0	0	0	794	0	0	SBA PRINCIPAL RECEIVABLES	CD INTEREST RECEIVABLES	ACC INT PD ON INVEST PURCH	
771140																				9274	9742	58544	1439	3582				8359	643	107			0	27587	0	0				
771458																			0	1680	0	49802	1166	2544	0	0	0	6849	0	0	817	0	0	34640	0	4089				
771609																			0	6322	5841	106468	0	43311	0	0	26845	10032	0	0	0	0	0	40962	0	0	Other Misc Assets		Employer Contribution Pension	
771748																			0	115	526	2751	124	165	0	0	0	1945	0	0	41	0	0	0	0	0	144100 COIN			
771878																			0	2429	1458	19558	1027	1027	0	0	0	1314	0	0	0	0	0	4640	0	8690				
772008																			0	3440	15608	68639	0	15645	0	0	0	7231	0	0	0	0	0	26715	0	0				
772446																			0	252	1779	21146	0	19115	9406	0	0	0	0	0	9150	0	0	0	0	0	Intercompany Receivable			
772754																			0	92	0	1257	0	28	0	0	0	1137	0	0	0	0	0	0	0	0				
773032																				129	0	1458	118	132				961					0	236	0	0				
773171																			0	687	0	1465	254	281	0	0	0	497	0	0	26	0	0	0	0	0				
773247																				32598	36093	441062		130003	50372			23814					0	201385	4050	13119	CDC Investments			
773443																				651	2	5343		2532	1426			2158					0	0	0	0	Supplemental Retirement Trust			
773470																			0	9204	0	15368	407	1098	674	0	0	5066	0	0	0	0	0	0	0	0	Brokered Deposit Fees Yield Adjustment	0		
773742																			0	3509	6217	19807	1473	1473	0	0	0	1495	0	0	0	0	0	5603	0	1510				
774132																			0	1390	900	31869	3172	5259	0	0	0	6803	0	0	0	0	0	12400	0	5117				
774235																			0	286	486	7555	0	1437	899	0	0	1367	0	0	0	0	0	3979	0	0	LIFE INSURANCE PROCEEDS RECEIVABLE			
774253																			0	273	0	1843	0	111	0	0	0	350	0	0	0	0	0	1109	0	0				
774347																			0	472	260	12487	0	876	116	59	5	3150	0	0	0	0	0	7729	0	0	Prepaid Maintenance	Prepaid Insurance	Prepaid Brokered CD Fee	
775054																			0	2649	0	27667	810	1354	0	0	0	6514	0	0	0	0	0	15258	0	1892				
775241																				108	34	1182		60				468					0	512	0	0				
775456																			0	10565	0	47968	2476	2902	0	0	0	9784	0	0	0	0	0	22170	0	2547				
775773																			0	675	2297	14458	250	667	0	0	0	925	0	0	291	0	0	9894	0	0				
776369																			0	0	514	5861	256	311	0	0	0	1041	0	0	0	0	0	3995	0	0				
776547																				2644	2174	16160		108				3107					0	7434	0	693				
777254																			0	1322	0	3450	0	119	0	0	0	888	0	0	0	0	0	1121	0	0				
777366		6835	7926	24776	908	1043				5487		13			0	3485	0	0		6835																				
777441																			0	295	1243	6556	119	2065	1923	23	0	630	0	0	0	0	0	2323	0	0	TRIAD, CIS AND LHFS DEALER PREPAID	PREPAID INC TAXES STATE AND FED	TRIAD ESCROW EXPENSE	
777870																			0	396	621	12986	1639	1639	0	0	0	1216	0	0	0	0	0	8395	0	719				
778738																			0	1916	264	16764	1962	7504	2532	0	0	6344	0	938	0	0	736	0	0	0	Securities P&I Delayed Payments			
779016																			0	2717	4161	41549	1259	2361	0	0	0	4070	0	0	0	0	7	25797	0	2436				
779351																				5067	0	107724	518	32052	10279			8392	2049	637			0	62213	0	0	Accrued Taxes Reclass due to negative accrual			
779641																			0	148	0	2771	0	61	0	0	0	367	0	0	0	0	0	0	2195	0				
779650																			0	1984	0	6618	293	311	0	0	0	2668	0	5	0	0	0	1655	0	0				
779968																			0	5991	9157	27805	1501	8622	7120	0	0	4035	0	0	0	0	0	0	0	0	RIGHT OF USE ASSET			
780049																			0	1218	0	7993	297	298	0	0	0	2016	0	0	0	0	0	1181	0	3280				
780218																			0	3078	6049	39834	4166	5643	740	0	0	4874	0	162	0	0	0	7308	0	12882	FHLB Lender reserve receivable			
780263																			0	2366	0	13755	857	990	0	0	0	1868	0	0	0	0	0	8531	0	0				
780722																				1015	4552	27774	1102	1302				2423					0	14862	0	3620				
780955																			0	1997	0	4257	275	563	247	0	0	1697	0	0	0	0	0	0	0	0	Fiserv DB Settlement Account			
782016																			0	308	0	1103	165	165	0	0	0	630	0	0	0	0	0	0	0	0				
782306																				87437	151009	801729		148034	57822			80807					0	274433	11681	48328	OTHER INVESTMENT-LIHTC			
782548																			0	141	437	1598	53	176	88	0	0	844	0	0	0	0	0	0	0	0	Accrual Income Taxes			
783161																			0	10871	12965	63149	0	15418	13497	0	0	7348	0	0	0	0	0	15463	0	1084	Current Tax Receivable related to Tax Credits			
783246																			0	4065	4439	15337	2	14	0	0	0	3006	0	0	12	0	0	3813	0	0				
783349																			92	0	139	598		206				210					0	0	43	0				
783648																				66708	36832	372045	5604	79179				37726	60111				0	45283	106317	0				
783844																				1086	3102	26674	497	702				4202					0	17582	0	0				
783910																			0	1362	700	14700	0	2878	0	0	0	1486	0	0	2381	0	0	8274	0	0				
784159																			0	560	0	26867	0	158	0	0	0	4370	0	0	0	0	0	17873	0	3906				
784430																			0	95	2585	8122	0	1458	0	0	0	982	0	0	0	0	0	3002	0	0				
785147																			0	1472	5292	20601	3709	8432	1207	3126	0	4333	0	0	0	0	0	1072	0	0	ATM Deposit	Investment in OCCH		
785473																				26797	11245	121242	1937	7458	2461			12018					0	42162	14216	7346	Income tax rec			
785857																			0	222	0	9599	824	876	0	0	0	2104	0	0	0	0	0	6397	0	0				
785923																			0	30782	6089	115020	0	14760	6165	0	0	7964	0	0	0	0	0	50880	0	4545	Lender risk account, estimated recovery (DCF)			
785950																			0	2470	2706	19803	572	1415	461	0	0	5144	0	0	0	0	0	8068	0	0	FEDERAL TAX RECEIVABLE			
786210																			0	3344	14186	73130	0	3794	1073	0	0	9418	0	0	0	0	0	42388	0	0	Prepaid Computer Services			
786256																				56	0	579		211				312					0	0	0	0				
786555																			0	1636	0	12071	268	615	261	0	0	2357	0	0	0	0	0	6632	0	831	Miscellaneous Other Assets			
786612																				7576	20686	203473	9441	50220	13969	2368	2547	29640					0	78449	0	16902	OPERATING ROU ASSET	FINANCE ROU ASSET	RABBI TRUST ASSET	
786733																			0	448	3312	20769	0	7199	6178	0	0	1557	0	0	0	0	0	6726	0	1527	Prepaid Pension Cost			
786948																			0	629	109	6886	330	463	0	0	0	2839	0	0	0	0	0	2846	0	0				
787459																			0	426	0	2243	0	2	0	0	0	1211	0	0	0	0	0	604	0	0				
787842																			0	865	204	10097	134	202	0	0	0	4897	0	0	4	0	0	3929	0	0				
788559																			0	2318	1681	6200	234	347	0	0	0	1854	0	0	0	0	0	0	0	0				
788652																			0	769	180	6036	624	734	0	0	0	846	0	0	0	0	0	3507	0	0				
788773																			0	8365	3198	17171	1771	2058	0	0	0	3550	0	0	0	0	0	0	0	0				
789051																			0	208	55	758	79	79	0	0	0	416	0	0	0	0	0	0	0	0				
790150																			0	275	197	2539	44	110	0	0	0	430	0	8	0	0	0	1527	0	0				
790271																			0	1125	5231	22711	452	1165	0	0	0	1965	0	0	0	0	0	6536	0	6689				
790543																				9537	3965	45187		20163				8693	971	2089	8378		0	2829	0	0				
790703																			0	1620	3022	14306	1612	2099	0	0	0	1642	0	0	0	0	0	3329	2594	0				
790918																			0	8944	6716	49364	1443	2345	0	0	0	4997	0	0	0	0	0	16475	0	9887				
791072																			0	882	0	6299	0	1257	0	0	0	1892	0	0	1007	0	0	1358	0	910				
791353																				190	0	4172	115	134				1066					0	2782	0	0				
791821																			0	864	4377	25265	628	2362	0	0	0	2544	714	0	730	0	0	8914	0	6204			0	
791942																			0	915	0	6045	176	176	0	0	0	860	0	0	0	0	0	4094	0	0				
792453																			0	598	4	2228	0	30	0	0	0	808	0	0	0	0	0	788	0	0				
792640																			0	114	58	2822	129	157	0	0	0	2493	0	0	0	0	0	0	0	0				
792659																			0	1306	0	5414	191	225	0	0	0	1089	0	0	0	0	0	2794	0	0				
794149																				217	0	5351	579	664				1096					0	3374	0	0				
794345																			0	542	1147	11964	86	115	0	0	0	1340	0	0	0	28	0	4875	1733	2212				
794475																			0	341	29	5533	0	189	0	0	0	487	0	0	0	0	0	1553	0	2934				
794653																			0	94	28	881	26	41	0	0	0	329	0	0	0	0	0	389	0	0				
795249																				73	331	2874	125	125				1101					0	1244	0	0				
795548																			0	1055	1728	23284	552	689	0	0	0	6013	0	104	32	0	0	13799	0	0				
795959																			10	336	793	7764	941	1154	0	0	0	748	0	203	0	0	0	3972	0	761				
795968		65520	128377	959503		199710				69899	99581				0	266014	212256	17727		65520																				
796152																			0	247	0	13306	0	4285	2081	0	0	2072	0	0	0	0	0	6702	0	0	NON POSTED DDA DEBITS			
796657																			0	708	102	1832	151	183	0	0	0	839	0	0	0	0	0	0	0	0		0		
797140																			0	7128	2856	25106	1172	2814	398	0	0	4670	0	1037	35	0	0	7638	0	0	Due From Non Depository Institutions			
797775																				15843	0	56155		8010				9289	3573				0	17735	5278	0				
798512																			0	367	0	1075	0	186	0	0	0	380	0	0	0	0	0	142	0	0				
799751																				1668	0	3503	348	349				1486					0	0	0	0	Payroll Clearing			
799854																			0	1264	540	7657	263	275	0	0	0	3253	0	0	0	0	0	2325	0	0				
799939																			0	0	58	640	0	45	0	0	0	171	0	0	0	0	0	366	0	0				
799948																			0	740	0	11780	579	2296	1710	0	0	2903	0	0	0	0	0	3286	0	2555	OFFICER LIFE INSURANCE PREMIUMS RECEIVABLE			
800134																			0	720	0	9301	188	297	106	0	0	1475	0	0	0	0	0	6809	0	0	Prepaid IT Expenses	0		
800442																			0	266	0	5820	92	92	0	0	0	1263	0	0	0	0	0	4199	0	0				
800479																			0	138	0	2575	0	271	0	0	0	148	0	0	0	0	0	2018	0	0				
800853																			0	244	0	9752	471	733	0	0	0	1560	0	0	0	0	0	7215	0	0				
801047																			0	2798	647	20430	371	514	0	0	0	2288	0	0	0	0	0	7151	0	7032				
801056																			0	1362	0	5470	343	860	507	0	0	1231	0	0	0	0	0	2017	0	0	Bankers Bank of Kansas stock			
801654																			0	546	0	2956	0	173	0	0	0	729	0	0	0	0	0	1508	0	0				
803256																			0	235	0	1497	235	235	0	0	0	1027	0	0	0	0	0	0	0	0				
803265																			0	36	408	1029	73	130	0	0	0	262	0	26	0	0	0	193	0	0				
803649																			0	751	0	16901	1418	1567	0	0	0	8710	0	7	21	0	0	5873	0	0				
803658																			0	329	1018	4432	54	54	0	0	0	998	0	0	0	0	0	2033	0	0				
803957																			0	987	0	14956	131	202	0	0	0	7231	0	0	0	0	0	3125	0	3411				
804150																			0	65	4	512	0	95	0	0	0	348	0	0	0	0	0	0	0	0				
804338																			0	13271	8608	80024	0	2784	0	0	0	9333	2198	0	0	0	0	46028	0	0				
804374																			0	654	982	12153	0	1661	792	0	0	1873	0	0	0	0	0	609	0	6374	ROU Asset Youree			
804422																			0	88	37	655	0	95	0	0	0	435	0	0	0	0	0	0	0	0	Prepaid Income Tax			
805045																			0	881	42	3035	0	89	0	0	0	2023	0	0	0	0	0	0	0	0				
805250																				1374	213	6152	278	320				4195					50	0	0	0				
805335																				107	0	3588		324	208			558					0	2599	0	0	PREPAID CONSULTING FEE			
805755																			40	1020	0	5448	585	674				3754			49		0	0	0	0				
805876																			0	478	1046	9580	262	493	0	0	0	784	0	0	173	0	0	6089	0	690				
806846																			0	12242	2547	54333	2476	26591	16682	0	0	9571	0	0	0	0	0	284	3098	0	LOW INCOME HOUSING TAX CREDITS			
806958																				2549	0	19243	1210	1228				6618					0	7391	0	1457				
807348																			0	1931	563	5000	401	517	0	0	0	782	0	0	113	0	0	1207	0	0				
807432																			0	219	0	4992	296	319	0	0	0	1789	0	0	0	0	0	2665	0	0				
807656																			0	445	0	7938	772	5762	4990	0	0	1731	0	0	0	0	0	0	0	0	School and County Warrants			
807955																			0	7031	0	72894	0	4963	0	0	0	7575	0	3021	0	0	0	53325	0	0				
808260																				15549	20948	233273		90166	1144	53725		29996	172				0	76614	0	0	Non- Qualified Deferred Comp	CRA Low Income Housing Investment		
808345																			0	82	682	1768	130	130	0	0	0	390	0	0	0	0	0	484	0	0				
808653																			0	1108	1545	12965	234	390	0	0	0	5912	0	98	0	0	0	4010	0	0				
809070																			0	367	0	651	0	218	180	0	0	66	0	0	0	0	0	0	0	0	Loan with right of recission			
809276																			0	1171	2370	11276	1411	4800	0	0	0	2935	0	0	3087	0	0	0	0	0				
809379																			0	379	474	3276	169	223	0	0	0	670	0	0	0	0	0	1530	0	0				
809650																			12	2526	578	8436	392	2671	1562	146		1644	323		229		0	1017	0	0	Purchase Premiums	Collection Items		
809771																			0	4553	7395	125097	0	3469	2022	0	0	5662	0	0	0	0	0	104018	0	0	CRA TAX CREDITS			
810544																			0	165	181	8689	126	144	0	0	0	4258	0	0	0	0	0	3941	0	0	0	0		
811046																				4502	31899	291983		86808				30014	62653				0	126717	12043	0				
811457																				14	0	206	55	105				87					0	0	0	0				
811541																			0	387	0	2784	74	430	356	0	0	827	0	0	0	0	0	1140	0	0	Fixed Rate Annuities			
811550																			0	324	0	3964	187	330	0	0	0	842	0	0	0	0	0	2468	0	0				
811747																			9	490	0	11112	460	568	0	0	0	6392	0	45	0	0	0	3662	0	0				
812436																			0	1591	4387	12505	1253	1777	0	0	0	3134	0	0	0	0	0	1342	274	0				
812557																			0	5805	0	23808	0	5255	0	0	0	12590	0	0	0	0	0	158	0	0				
812614																			21	193	446	2356	197	457	238			1260					0	0	0	0	Unearned dealer reserve			
813572																			1024	1085	9288	13322	137	1873				1076			361		0	0	0	0				
813853																			0	3178	1523	10130	317	1226	374	0	0	2137	0	0	366	0	0	2066	0	0	Fiserve Reserve Deposit			
814074																				2545	269	12631	274	3571	2263			374					0	3086	0	2786	Right of Use Lease Asset			
814355																			0	0	0	338	0	0	0	0	0	338	0	0	0	0	0	0	0	0				
814430																				208221	179290	1177434		256072	120352			96094					0	437757	0	0	Lease Equipment			
814458																			0	125	0	1933	151	469	317	0	0	1339	0	0	0	0	0	0	0	0	Unposted Debits			
814476																				175	544	5688	380	1276				555					0	3138	0	0				
814551																			0	211	0	2772	268	568	248	0	0	1809	0	0	0	0	0	184	0	0	FISERV CARD SETTLEMENT DEPOSIT			
814711																			156	1766	4068	17398	1000	2193				1748			549		0	5259	2364	0				
815053																			0	1382	385	5908	0	159	0	0	0	3982	0	0	0	0	0	0	0	0				
815147																			0	1173	722	10772	1412	1412	0	0	0	1246	0	0	0	0	0	6219	0	0				
815156																			0	2161	0	31534	346	976	0	0	0	16598	0	0	0	0	0	6330	0	5469				
815277																				291	991	12605	530	2694	1305			4054					0	4575	0	0	PREPAID TAXES			
815754																			0	2117	507	17822	563	2015	771	0	0	2268	0	107	39	0	0	10915	0	0	GRANDVIEW INSURANCE SERVICES	7		
815772																			0	2379	113	6513	0	84	0	0	0	757	0	0	0	0	0	3180	0	0	Deffered federal income tax			
816256																			0	255	0	2568	766	766	0	0	0	1189	0	0	0	0	0	358	0	0				
816304																			0	855	1613	11771	659	1179	265	0	0	857	0	0	0	0	0	7267	0	0	Lease asset			
816603																				29778	36791	249672	5161	44654	22203			23323	979	105	6968		0	115126	0	0	Assets of deferred compensation plans			
816751																			0	27	0	451	36	70	34	0	0	354	0	0	0	0	0	0	0	0	Repos			
817477																			0	455	771	2394	0	601	0	0	0	567	0	0	0	0	0	0	0	0				
817824	0	1734558	779281	30428704	0	14465447	5561338	0	0	1951578	0	0	0	0	0	7289657	2417670	1790513		1734558																	TBD by Client 01			
818401																			0	5917	12899	60481	5287	8593	0	0	0	5732	0	0	0	0	0	23251	0	4089	LEASE ASSET			
818540																				58	26	918	17	17				817					0	0	0	0				
818559																			0	197	0	624	0	0	0	0	0	427	0	0	0	0	0	0	0	0				
818652																				143	0	3973	57	57				610					0	3163	0	0				
819154																			0	575	0	3893	181	265	0	0	0	717	0	0	0	0	0	2336	0	0				
819172																			0	354	706	2537	0	187	0	0	0	708	0	0	0	0	0	582	0	0				
819453																				817	1268	11637	208	757	402			4999					0	3796	0	0	Accrued Tax Asset			
819556																			0	1008	0	13466	644	918	0	0	0	3847	0	0	0	0	0	7693	0	0				
819855																			0	3189	2391	39347	1616	2617	666	0	0	12395	0	0	0	0	0	18755	0	0	Returned Items (RIP/Unp ACH) reclassed from Deposits Unp.			
820048																				1881	3716	14439	483	1374	81	74		4165	723				0	2566	737	0	PREPAID BUILDING MAINTENANCE	INVESTMENT IN NEW MARKET TAX CREDIT		
820301																				1368	464	20216	439	892		248		1953					0	10769	0	4770		Net current tax receivable		
820477																			0	472	10	1151	281	425	0	0	0	244	0	0	0	0	0	0	0	0				
820842																			0	216	0	2689	507	507	0	0	0	1966	0	0	0	0	0	0	0	0				
820879																			0	250	577	9847	228	2039	336	1475	0	200	0	0	0	0	0	6781	0	0	Suspense Account	Director Deferred Comp- Mutual Fund		
821036																			0	737	0	8402	173	534	195	165	0	891	0	0	0	0	0	6240	0	0	RECEIVABLES	OTHER IN PROCESS ASSETS		
821157																			0	388	0	6510	181	226	0	0	0	3158	0	5	0	0	0	2738	0	0				
821559																			0	41	0	178	46	46	0	0	0	91	0	0	0	0	0	0	0	0				
821643																				187	88	2642	94	94				609					0	1664	0	0				
822042																				5799	6312	54444	1632	5076				8751					0	28420	0	86				
822051																			0	1377	0	4805	249	250	0	0	0	3178	0	0	0	0	0	0	0	0				
822275																			0	3514	0	6519	1096	1148	0	0	0	1649	0	52	0	0	0	208	0	0				
822556																				56097	0	268224		160809	121318			51318					0	0	0	0	Securities Sold Under Agreement to Repurchase			
822631																			0	330	308	917	0	44	0	0	0	235	0	0	0	0	0	0	0	0				
823133																			0	1326	4232	11114	1563	1571	0	0	0	3985	0	0	0	0	0	0	0	0				
823142																				660	0	1473	200	286				527					0	0	0	0				
823450																			0	755	0	12766	838	907	0	0	0	2234	0	0	0	0	0	5277	0	3593				
823478																			0	410	5922	49833	2113	4841	1813	0	0	12227	0	0	0	0	0	20481	0	5952	ATM SWITCH SETTLEMENT			
823638																			0	636	2688	5279	0	747	572	0	0	1208	0	0	0	0	0	0	0	0	INCOME TAX RECEIVABLE	0		
823656																			0	1801	0	13985	391	505	0	0	0	3430	0	0	0	0	0	8249	0	0				
824242																			0	187	316	1691	0	33	0	0	0	586	0	0	0	0	0	569	0	0				
824653																			0	5189	0	25538	730	7580	0	0	0	5249	0	0	0	0	0	6020	1500	0				
824671																			0	1429	2448	25488	1119	1913	281	255	0	1996	0	0	18	0	0	17702	0	0	DEFERRED FEES	FISERV ATM STLMNT REQUIREMENT		
824738																			0	231	0	1465	64	64	0	0	0	1170	0	0	0	0	0	0	0	0				
825146																				7969	0	83419	6171	10322				26222					0	23628	0	15278				
825454																				528	0	8709		888	655			2897					0	4396	0	0	Other Investment Annuity			
825548																			0	1495	0	10499	154	157	0	0	0	2801	0	0	0	0	0	6046	0	0				
825753																				602	4303	6206	207	210				959					132	0	0	0				
825847																			0	1335	0	8649	270	270	0	0	0	7044	0	0	0	0	0	0	0	0				
825940																			0	1063	0	2652	424	424	0	0	0	1165	0	0	0	0	0	0	0	0				
826451																			0	0	1121	4446	0	25	0	0	0	985	0	0	0	0	0	2315	0	0				
826648																			0	582	64	7411	0	276	0	0	0	2906	0	0	0	0	0	3583	0	0				
826956																				8015	0	213131		62770				35370			56077		0	106976	0	0				
827355																			0	72	1350	3030	0	73	0	0	0	1535	0	0	0	0	0	0	0	0				
827458																			0	863	4	14116	0	327	0	0	0	5753	0	0	0	0	0	7169	0	0				
827560		3328	2677	39012		10001	5368			2642					0	17174	3190	0		3328																	ROU Asset			
828110																			0	142	0	2988	0	1171	872	0	0	1675	0	0	0	0	0	0	0	0	RIGHT TO USE ASSET-LEASE			
828174																			0	1979	1203	15230	673	826	0	0	0	1203	0	153	0	0	0	8105	1914	0				
828473																				257	581	12442	359	1052				903			198		0	9649	0	0				
828651																				5692	0	24963	6420	11572				7699					0	0	0	0				
829041																			0	277	1390	4273	604	729	0	0	0	1678	0	0	0	0	0	199	0	0				
829050																			0	655	433	3695	543	561	0	0	0	1877	0	0	0	0	0	169	0	0				
830113																			0	538	1746	12895	0	86	0	0	0	1294	0	0	0	0	0	7383	0	1848				
830252																			123	0	1472	5923	172	304	0	0	0	487	0	0	0	0	0	3660	0	0				
830355																			0	1839	0	22112	490	1159	222	0	0	2878	0	0	0	0	0	13143	898	2195	PREPAID ADVERTISING			
830542																			0	6503	2666	46047	1180	2495	0	0	0	9259	0	0	758	0	0	25124	0	0				
830645																			0	387	0	3431	247	362	95	0	0	2431	0	0	0	0	0	251	0	0	Negative Federal Income Tax Payable			
830748																			0	2772	0	7773	123	123	0	0	0	4878	0	0	0	0	0	0	0	0	prepaid refundable deposit			
831008																			0	1397	7671	58823	1687	8970	1670	5000	0	4945	0	0	0	0	0	32258	0	3582	Defined Benefit Plan	Investment in Tax Credit Program		
831576																			17	2343	538	19716	420	1328	0	0	0	2335	0	0	887	0	0	13172	0	0				
831642																			0	2469	1759	20961	114	428	0	0	0	1628	0	0	0	0	0	14677	0	0				
831875																			0	592	138	1201	0	143	0	0	0	328	0	0	0	0	0	0	0	0				
831941																			43	490	0	2439	134	425	0	0	0	1471	0	0	0	0	0	53	0	0	Other Recievable			
832528																			0	0	374	1148	171	171	0	0	0	603	0	0	0	0	0	0	0	0				
832546																				3893	1525	25221	1370	3498				2751					0	13554	0	0				
833404																				17477	7933	58201	3139	13484	2167		6332	5697	1572	274			0	13610	0	0	Other Miscellaneous Assets		Defined Benefit Pension Asset	
833749																			0	2066	0	6648	292	767	0	0	0	2476	0	0	341	0	0	1339	0	0				
833851																			0	25	0	183	26	26	0	0	0	132	0	0	0	0	0	0	0	0				
834175																			0	91	290	2653	0	80	0	0	0	433	0	0	0	0	0	1759	0	0				
835079																			0	94	138	553	0	83	0	0	0	238	0	0	0	0	0	0	0	0				
835257																			0	1293	870	5527	313	599	193	0	0	2181	0	0	0	0	0	584	0	0	Fiserv ETF Settlement			
835378																			30	597	362	2620	80	137	0	0	0	421	0	0	27	0	0	1103	0	0				
835444																			0	900	0	10099	0	973	699	0	0	915	0	0	0	0	0	7311	0	0	Deferred Asset (MTF Dealer Reserve Fees)			
835613																			0	196	0	685	0	66	0	0	0	423	0	0	0	0	0	0	0	0				
835659																			10	438	0	1414	93	103	0	0	0	873	0	0	0	0	0	0	0	0				
835743																			83	1075	0	20849	374	1295	372	0	0	5078	0	0	0	0	0	11051	1108	1242	Due from Others			
835770																			0	3870	4243	25397	1293	1293	0	0	0	1508	0	0	0	0	0	14483	0	0				
836656																			0	0	0	368	0	160	0	0	0	208	0	0	0	0	0	0	0	0				
836843																				8381	33389	185201		15541	4279			28381					0	92623	0	6886	Income Tax Receivable			
837046																			0	70	34	1421	0	21	0	0	0	1296	0	0	0	0	0	0	0	0				
837149																			3	2037	0	14247	498	553	0	0	0	6176	0	0	0	18	0	5481	0	0				
837158																			0	397	0	4123	0	1101	892	0	0	2625	0	0	0	0	0	0	0	0	PREPAID CAPITALIZED EXPENSE			
837354																			0	1714	0	6479	150	286	0	0	0	725	0	57	0	0	0	3754	0	0				
837448																			0	1339	0	4994	40	46	0	0	0	1724	0	0	0	0	0	1885	0	0				
837541																			0	1259	2713	10866	155	432	66	0	0	1378	0	0	0	0	0	5084	0	0	Fiserv Settlement Deposit	Prepaid income taxes		
837608																			0	4054	10298	50297	658	2506	1317	0	0	2214	0	0	0	0	0	20489	989	9747	Income Tax Receivable			
837653																			0	42	0	2912	57	74	0	0	0	1073	0	0	0	0	0	0	0	1723				
837840																			0	1615	2767	11664	297	507	209	0	0	1523	0	0	0	0	0	5252	0	0	Customer account unposted debits			
837952																			16	401	215	4659	0	76	0	0	0	1175	0	0	0	0	0	2792	0	0	LOAN LOSS INDEMNIFICATION ESCROW			
837970																				935	1459	13271	387	1225				1962					0	7690	0	0				
838155																			0	0	126	745	44	44	0	0	0	575	0	0	0	0	0	0	0	0				
839068																			0	508	5008	12029	547	871	0	0	0	5642	0	0	324	0	0	0	0	0				
839246																			0	470	0	3349	0	134	0	0	0	2745	0	0	0	0	0	0	0	0				
839255																				2049	0	11345	426	1088				2032					0	6176	0	0				
839572																			0	3528	0	15794	0	7033	0	0	0	5233	0	0	3458	0	0	0	0	0	advances on overdrawn escrow accounts			
839817																				334	0	746		73				339					0	0	0	0				
839974																			0	1375	0	2474	137	488	351	0	0	611	0	0	0	0	0	0	0	0	LAND			
840019																			0	1040	0	6809	198	280	25	45	0	858	0	0	0	0	0	4631	0	0	Receivable on Litigation	Other Receivables	Other Receivables	
840251																			0	3644	0	6237	124	137	0	0	0	689	0	0	0	0	0	1767	0	0				
840354																			0	332	0	2148	0	5	0	0	0	666	0	0	0	0	0	1145	0	0				
840363																			0	2460	0	37795	3229	4849	0	0	0	9324	0	0	0	0	0	21162	0	0				
840747																			0	10640	550	28099	713	2331	1187	0	0	9323	0	0	0	0	0	5255	0	0	TIF proceeds receivable			
841472																			0	3172	3485	16488	412	424	0	0	0	1642	0	0	0	0	0	4463	0	3302				
841753																			0	440	0	2314	0	375	0	0	0	1499	0	0	0	0	0	0	0	0				
841838																				614	2544	47987	1051	12652				11834	116	3383	5849		0	20343	0	0				
842376																			0	5953	647	13827	0	227	136	0	0	1409	0	0	0	0	0	2796	0	2795	Accrued dividend on FHLB Stock			
842460																				6624	12332	129992		20754				15368		6559			0	74914	0	0				
842853																			0	51	0	1239	0	25	0	0	0	334	0	0	0	0	0	829	0	0				
843476																			0	278	215	1765	49	49	0	0	0	230	0	0	0	0	0	993	0	0				
843953																			0	807	0	2448	157	425	0	0	0	1216	0	0	0	0	0	0	0	0				
844053																				3796	10268	38922	869	3629				5861					0	15368	0	0				
844138																			0	0	713	3576	177	1439	165	1087	0	1424	0	0	0	0	0	0	0	0	BANK CONSORTIUM	FHLB Stock		
844455																			0	113	236	1059	0	28	0	0	0	512	0	0	0	0	0	170	0	0				
844567																			2837	4428	0	18863	0	4675	0	0	0	6928	0	0	0	0	0	2832	0	0				
845247																			0	1941	0	9664	603	864	0	0	0	5424	0	0	0	0	0	1435	0	0				
845573																				20404	13714	208374		50052	14703			19145					0	100987	0	4072	ROU Asset			
846132																			0	102	0	538	42	48	0	0	0	388	0	0	0	0	0	0	0	0				
846945																			0	3033	958	9738	192	192	0	0	0	649	0	0	0	0	0	3860	0	1046				
847157																			0	1086	0	7330	280	280	0	0	0	1708	0	0	0	0	0	3613	0	643				
847979																			0	600	518	5068	209	458	0	0	0	424	0	0	0	0	0	3068	0	0				
848248																			0	1161	0	14150	315	489	137	0	0	4095	0	0	0	0	0	8405	0	0	ppd ins.			
848453																			0	278	501	1152	0	76	0	0	0	297	0	0	0	0	0	0	0	0				
849076																			0	55	480	1147	0	166	0	0	0	446	0	0	0	0	0	0	0	0				
849348																			0	1247	475	6340	0	458	0	0	0	3359	0	0	0	0	0	801	0	0				
849357																			30	660	0	11571	58	278	0	0	0	2453	0	0	0	0	0	8180	0	0				
849432																				357	1125	9302	541	828	287			1106					0	5886	0	0	Accrued Expenses-Pension			
850036																				49959	0	217540		121504				41760	104904				0	4317	0	0				
850054																				289	0	2416	635	692	57			1435					0	0	0	0	Fiserve EFT Deposit			
850456																			0	1102	820	6662	221	460	0	0	0	4280	0	0	239	0	0	0	0	0				
851060																			0	0	742	1429	225	225	0	0	0	462	0	0	0	0	0	0	0	0				
851172																			0	1807	1899	12066	151	204	0	0	0	640	0	0	0	0	0	7516	0	0				
851239																			0	1496	3765	17028	0	3744	0	0	0	2241	0	0	0	0	0	5769	13	0	OTHER ASSETS RECEIVABLE			
851631																			0	459	0	8625	1442	1644	0	0	0	1950	0	0	0	0	0	4572	0	0				
852218	0	17482000	4120000	211997000	0	161206000	0	0	0	16287000	0	0	58531000	0	0	6787000	6115000	0		17313000																				
852254																			0	583	1065	10709	174	196	0	0	0	4651	0	0	0	0	0	4214	0	0				
852320	0	1532000	1484000	25148000	8679000	11791000	0	0	0	1872000	0	0	0	0	0	4381000	3503000	585000		1532000																				
852544																			0	26732	9688	134816	0	4290	1119	0	0	17443	0	0	0	0	0	73692	909	2062	Investment in STI			
852704																			0	8267	8226	57959	0	10962	7352	0	0	4173	0	0	0	0	0	26331	0	0	Federal Income Tax Overpayment			
852713																			0	6663	14186	42037	2210	4329	0	0	0	4584	0	0	1541	0	0	10419	0	1856				
852973																			0	341	0	3526	0	1066	688	271	0	2119	0	0	0	0	0	0	0	0	Trust Department Receivables	Suspense Resources		
853251																			0	1133	1574	17928	620	13895	0	0	0	1326	0	0	7510	0	0	0	0	0				
853671																			0	2018	5945	33318	662	1027	0	0	0	2079	0	0	0	0	0	22249	0	0				
853747																			0	698	1070	13144	204	220	0	0	0	3546	0	0	0	0	0	7610	0	0	Lease Right of Use			
853804																			0	455	1318	34232	11700	11846	0	0	0	2478	0	0	0	0	0	15670	0	2465	Federal Income Tax Receivable	Bonds in Process (suspense)		
853934																			0	430	777	7466	314	2663	2183	0	0	950	0	0	0	0	0	1502	0	1144	Credit enhancement guarantee			
853952																				48200	0	425311		280633		99176		72235					0	14987	0	9256		Assets Held for Sale		
854173																			0	370	643	6553	0	133	0	0	0	292	0	0	0	0	0	2026	0	3089				
854753																			0	162	0	1457	0	0	0	0	0	1295	0	0	0	0	0	0	0	0				
854847																			0	132	1206	5289	121	123	0	0	0	1154	0	0	0	0	0	2674	0	0				
855143																			0	618	2682	7269	342	345	0	0	0	808	0	0	0	0	0	1225	1224	367				
855264																			0	2027	3199	6951	0	492	0	0	0	1233	0	0	0	0	0	0	0	0				
855303																			0	44	0	348	145	216	0	0	0	88	0	0	0	0	0	0	0	0				
855563																			52	745	129	15915	424	4387	3125			1603					0	9051	0	0	DEALER RESERVE FOR LOANS AND LEASES			
855741																			0	2369	5424	19115	957	999	0	0	0	2622	0	0	0	0	0	7282	0	419				
855844																			0	593	2647	5963	187	1150	610	0	0	470	0	0	0	0	0	1103	0	0	ACCRUED INTEREST RECEIVABLE - SECURITIES	PREPAID FEDERAL INCOME TAX PAYABLE	PREPAID STATE INCOME TAX PAYABLE	
855956																			0	172	0	3603	341	773	0	0	0	2143	0	0	0	0	0	515	0	0				
856159																			0	20	0	197	0	35	0	0	0	142	0	0	0	0	0	0	0	0				
856243																			0	6176	5715	61922	1532	1936	0	0	0	7147	0	0	0	0	0	40948	0	0				
856346																				956	0	3480	467	516				2008					0	0	0	0				
856458																			0	0	0	1024	0	0	0	0	0	1024	0	0	0	0	0	0	0	0				
856542																			0	676	1930	5886	0	82	0	0	0	1710	0	0	0	0	0	1488	0	0				
856748																			338	4605	4838	57084	834	2467	0	0	0	7790	0	363	896	0	0	37384	0	0				
856869																			0	13	440	1477	94	111	0	0	0	160	0	0	0	0	0	753	0	0				
857259																			0	0	45	1708	0	64	0	0	0	413	0	0	0	0	0	1186	0	0				
857455																			0	162	0	3792	108	147	0	0	0	848	0	0	0	0	0	2635	0	0				
857745																			0	1935	115	14331	267	283	15	0	0	4565	0	0	0	0	0	5199	0	2234	Current Tax Asset			
857811																			0	1485	14369	36153	626	2281	0	0	0	3047	0	0	0	0	0	13665	0	1306				
857941																			0	841	0	4043	39	52	0	7	0	3150	0	0	0	0	0	0	0	0		Misc Loan Fees		
858153																			0	569	0	868	0	39	0	0	0	260	0	0	0	0	0	0	0	0				
858443																				197	791	1743	96	185				570					0	0	0	0	Due from Ed & Shazam	Prepaid Taxes		
858452																			0	0	0	1087	0	0	0	0	0	1087	0	0	0	0	0	0	0	0				
858528																				1696	5223	37404	1342	10475	9058			3378					0	16089	0	543	Annuity			
858818																			0	0	73	987	0	0	0	0	0	914	0	0	0	0	0	0	0	0				
858854																			0	716	1467	11991	314	317	0	0	0	3535	0	0	0	0	0	5956	0	0				
859002																			0	9573	17082	91130	0	12380	8679	0	0	6041	0	0	0	0	0	43530	0	2524	Reclassed debit balance in liability accounts			
859141																				10056	10815	66648	2500	6501				14078			3117		0	25198	0	0	Deposit on account			
859552																				535	0	5225	728	1633	523			3057					0	0	0	0	other assets			
859655																			0	1053	1941	16335	631	700	0	0	0	2049	0	0	0	0	0	10592	0	0				
859712																				30702	18931	332725		67616	36797			23603					0	186711	4599	563	PREPAID EMPLOYEE PENSION PLAN			
860053																				7247	5125	95591		41874	8888			14245					0	27100	0	0	Tax Reserve Investment-FMV Adjustment			
860147																			0	478	216	12218	220	382	133	0	0	3382	0	0	0	0	0	7760	0	0	OUTGOING CDARS RATE BRIDGE			
860231																			0	0	0	367	0	22	0	0	0	345	0	0	0	0	0	0	0	0				
860259																				1680	494	5734	403	1003	513			1164					0	1393	0	0	INCOME TAXES RECEIVABLE			
860334																			0	2195	3313	7965	723	770	47	0	0	1687	0	0	0	0	0	0	0	0	MISC ASSETS			
860352																			0	1290	0	15740	0	175	0	0	0	8812	0	0	0	0	0	5463	0	0				
861658																			0	191	0	4150	0	68	0	0	0	759	0	0	0	0	0	2110	0	1022				
861854																			0	412	0	4649	302	302	0	0	0	1344	0	0	0	0	0	2591	0	0				
862057																			0	1110	123	16382	311	712	0	0	0	5001	0	107	0	0	0	9436	0	0				
862141																			0	771	0	14795	423	2361	1762	0	0	3327	0	0	0	0	0	7931	0	405	New Market Tax Credits, net			
863362																			0	544	0	1056	0	360	0	0	0	152	0	0	0	0	0	0	0	0				
863607																			0	1797	1720	11381	0	505	0	0	0	1307	0	0	146	0	0	6052	0	0				
863652																			55	336	597	2480	63	186	0	0	0	806	0	24	0	0	0	555	0	0				
863746																			0	2474	0	11209	247	1011	282	0	0	3714	0	0	0	0	0	4010	0	0	Deferred State Taxes			
864378																			0	524	3929	11124	1158	1372	0	0	0	737	0	0	0	0	0	4562	0	0				
864471																			0	8276	8295	80621	2093	8473	2181	2087	0	4120	0	0	0	0	0	51457	0	0	VEBA Funded Status	SBIC Investment		
864846																			0	1283	0	4635	514	887	0	0	0	2465	0	0	0	0	0	0	0	0				
864855																			0	848	111	7585	10	23	13	0	0	2497	0	0	0	0	0	4106	0	0	SHAZAM ATM PREFUNDING			
865142																			0	695	192	8321	0	0	0	0	0	5297	0	0	0	0	0	2137	0	0				
865151																			0	428	526	6625	0	1690	1168	0	0	3161	0	0	0	0	0	820	0	0	Returns In Process			
865450																			0	3063	4338	17433	583	747	0	0	0	3825	0	0	0	0	0	5460	0	0				
865544																			0	843	152	17677	463	798	0	0	0	3314	0	0	321	0	0	9937	0	2633				
865759																			0	1220	1455	4505	343	351	0	0	0	1479	0	0	0	0	0	0	0	0				
865852																			0	182	0	3062	0	55	0	0	0	1163	0	0	0	0	0	1662	0	0				
866000																				4372	224	133159	30964	60685				15435					0	42200	0	10243				
866121																			0	2537	4827	26216	934	1526	0	0	0	2385	0	0	0	0	0	14941	0	0				
866251																			0	0	29	381	0	18	18	0	0	334	0	0	0	0	0	0	0	0	shazam prefunding neg liability			
867070																			0	4058	8332	37209	4866	5157	0	0	0	1822	0	0	286	0	0	17840	0	0				
867632																				886	4892	13908	912	4108				4022					0	0	0	0				
867650																				1753	5742	18045	1159	2152	978			8398					0	0	0	0	EFT Settlement Deposit			
867856																			0	1583	1901	5884	293	905	552	0	0	1495	0	0	0	0	0	0	0	0	Tax Asset			
868059																			0	2	4007	9235	0	154	0	0	0	1347	0	0	0	0	0	3725	0	0				
868572																			0	367	80	666	96	96	0	0	0	123	0	0	0	0	0	0	0	0				
868956																			0	1350	0	8659	739	1618	0	0	0	5691	0	0	0	0	0	0	0	0				
869346																				287	956	4546		168				3135					0	0	0	0				
869551																			0	1145	325	23246	0	164	126	0	0	4900	0	0	0	0	0	16712	0	0	KANSAS VENTURE CAPITAL SHARES			
869663																			0	4414	0	8765	328	328	0	0	0	4023	0	0	0	0	0	0	0	0				
869953																			0	474	0	9240	251	269	0	0	0	2889	0	0	0	0	0	5608	0	0				
870539																			0	1170	11042	39428	1546	1610	0	0	0	3060	0	0	0	0	0	18386	0	4160				
870650																			0	5532	0	11633	0	702	0	0	0	3619	0	0	0	0	0	1780	0	0				
870856																			0	837	186	3390	181	223	0	0	0	775	0	0	42	0	0	1369	0	0				
870913																			0	2869	2091	18300	0	3111	1500	0	0	2051	0	0	0	0	0	8178	0	0	TAX CREDIT INVESTMENT			
871358																				198	0	782		0				584					0	0	0	0				
871648																			0	1057	41	6622	148	427	0	0	0	670	0	118	0	0	0	4427	0	0				
871769																				24762	39839	116646	10016	15124				36921					0	0	0	0				
871956																			0	0	0	390	0	65	0	0	0	325	0	0	0	0	0	0	0	0				
872047																				1452	182	19371	1403	1556				5936					0	10245	0	0				
872579																			0	405	29	2905	375	588	0	0	0	533	0	0	0	0	0	1350	0	0				
873259																			0	1114	0	17655	445	864	0	0	0	5012	0	186	0	0	0	9933	0	732				
874050																				1384	1720	20406	424	737				5719		113	106		0	10846	0	0				
874452																			0	1498	0	3843	0	66	0	0	0	2200	0	0	0	0	0	79	0	0				
874845																			47	40692	45442	253873	6228	8764				28997		33			0	78088	6890	45000				
875048																			0	450	1575	9454	288	299	0	0	0	2788	0	0	0	0	0	2839	0	1503	INCOME TAX RECEIVABLE			
875057																			0	7	0	14168	307	680	0	0	0	1593	0	0	0	0	0	11888	0	0				
875132																			0	532	897	2773	190	202	0	0	0	1142	0	0	0	0	0	0	0	0				
875655																			0	134	0	2243	56	56	0	0	0	916	0	0	0	0	0	1137	0	0				
875758																			0	0	252	4895	49	88	0	0	0	940	0	0	0	0	0	3615	0	0				
875879																			0	2725	378	5811	281	1285	427	0	0	284	29	9	359	0	0	1139	0	0	Federal Income Tax Accrual			
875936																			0	355	0	19577	247	317	0	0	0	2385	0	70	0	0	0	9893	3540	3087				
876157																			0	145	0	1008	0	28	0	0	0	835	0	0	0	0	0	0	0	0				
876634																				9452	1476	105565	40238	48625				15876			6481		0	15632	0	14504				
876700																				12596	0	106939		17668	7018			8674					0	64032	0	3969	LEASE RIGHT-OF-USE ASSET			
877350																			0	127	366	9784	125	162	0	0	0	4260	0	0	0	0	0	4869	0	0				
877752																			0	245	0	8677	200	525	0	0	0	2655	0	0	0	0	0	5252	0	0				
877958																			0	0	30	204	0	23	0	0	0	151	0	0	0	0	0	0	0	0				
879439																			0	1091	0	6786	250	360	102	0	0	665	0	0	0	0	0	4670	0	0	Other Receivables/ Deposits			
879457																				2846	8146	55529		5353				15254	4093				0	22854	0	1076				
879644																			87	1082	0	16040	340	517	0	0	0	5230	0	0	0	0	0	9211	0	0				
879747																			0	848	1297	11292	0	0	0	0	0	1149	0	0	0	0	0	7998	0	0				
880332																			0	1888	1958	18259	1246	1271	0	0	0	1787	0	0	0	0	0	11355	0	0				
880855																			0	2321	0	21248	581	661	0	0	0	5081	0	0	0	0	0	11295	477	1413				
881012																			0	5412	6014	65375	2644	7153	4346	0	0	5056	0	0	0	0	0	29003	0	12737	INVESTMENT IN LIMITED PARTNERSHIPS			
881441																			0	348	0	1354	0	136	0	0	0	870	0	0	0	0	0	0	0	0				
881478																				5413	64037	219537	6726	24833				19280	14434				0	105974	0	0				
881852																			0	377	0	7744	404	591	175	0	0	1915	0	0	0	0	0	4861	0	0	Cutbacks			
881900																				606	0	4127	165	2888	173	2534		633					0	0	0	0	FASB Deferred Cost	Prepaid Pension	Overpaid Income Taxes	
882242																			0	939	0	12594	706	811	0	0	0	5359	0	0	103	0	0	4089	0	1396				
882541																			0	265	0	3640	0	107	0	0	0	933	0	0	0	0	0	2335	0	0				
882701																			0	4020	21149	91143	0	26235	10420	8866	0	6522	0	0	0	0	0	2038	31179	0	Deferred Director's Fees	Loan Payoff Receivable- Funds in Transit		
882952																			0	1994	0	10218	206	491	0	0	0	1388	0	0	0	0	0	6345	0	0				
883351																			0	86	0	2286	0	306	0	0	0	1318	0	283	0	0	0	576	0	0	Computer Software			
883959																			0	2192	0	28369	52	13745	3569	10124	0	4041	0	0	0	0	0	8391	0	0	Unposted Debits	UMB Investment		
884303																				9874	15113	85174		47154	17280	20026		10048					0	2985	0	0	Interest Rate Swap Asset	Projected Funded Status of the Pension Obligation		
884358																			0	1316	6389	18960	0	2282	1666	0	0	4936	0	0	0	0	0	4037	0	0	SBIC INVESTMENT			
884376																			0	390	942	6002	0	326	0	0	0	616	0	0	104	0	0	1344	0	2384				
884442																			0	6600	3019	33071	1004	2690	0	0	0	3555	0	0	653	0	0	17207	0	0				
884648																			0	2209	134	12079	119	143	0	0	0	2925	0	0	0	0	0	6228	0	440				
884657																			0	73	0	2105	98	192	94	0	0	686	0	0	0	0	0	1154	0	0	Patronage Dividend Receivable			
885252																			0	312	0	8742	22	22	0	0	0	4566	0	0	0	0	0	3842	0	0				
885430																			0	610	0	2488	431	431	0	0	0	838	0	0	0	0	0	609	0	0				
885579																			0	731	485	2585	887	1008	0	0	0	361	0	0	0	0	0	0	0	0				
885869																			0	1734	7363	38780	1893	5331	0	0	0	6527	0	0	1547	0	0	17289	0	536				
886204																			0	4683	3964	65387	0	12047	10692	0	0	5242	0	0	0	0	0	39451	0	0	Prepaid Pension			
886624																			0	2770	6715	36147	1856	6258	2960	0	0	4580	0	0	0	0	0	15824	0	0	Right of Use Asset - Lease			
887340																			0	3645	4450	43098	2077	5936	0	0	0	8223	311	0	825	0	0	16819	0	4025	INCOME TAX RECEIVABLE	LOCK & CLOSE RECEIVABLE		
887827																			0	146	0	2518	0	0	0	0	0	679	0	0	0	0	0	1693	0	0				
887854																			0	140	0	1814	0	62	0	0	0	406	0	0	0	0	0	1206	0	0				
888002																				14465	6270	269626		118398	69170			17154					0	68828	35005	9506	Over Funded Pension			
888141																			0	739	1466	14701	4805	4805	0	0	0	1320	0	0	0	0	0	4313	0	2058				
888271																			0	831	1005	6295	0	2487	1516	0	0	1972	0	0	0	0	0	0	0	0	Suspense Accounts			
888552																			0	606	0	22467	841	852	7	4	0	5787	0	0	0	0	0	14037	0	1185	Outgoing RBP	Recon Suspense		
888833																			0	500	0	20555	415	512	0	0	0	1992	0	0	0	0	0	13701	0	3850			Other Miscellaneous Assets	
890050																			0	413	0	3363	0	545	0	0	0	2405	0	0	0	0	0	0	0	0				
890649																			0	1650	1018	4238	0	273	239	0	0	1297	0	0	0	0	0	0	0	0	Bankers' Bancorporation, Inc. Stock			
890742																			0	3699	9014	27020	0	4735	0	0	0	9214	3215	0	0	0	0	358	0	0				
890957																			0	0	155	3528	0	8	0	0	0	1873	0	0	8	0	0	1492	0	0				
891226																			0	3693	6277	33698	0	5840	4170	0	0	2535	0	0	0	0	0	7924	1103	6326	Fixed Rate Annuity			
891253																			0	184	305	1856	0	334	0	0	0	1033	0	0	0	0	0	0	0	0				
892205																				5359	12716	108476	1681	2600				8783					0	66549	1258	11211				
892223																			0	1007	911	7911	184	200	0	0	0	1442	0	0	0	0	0	4351	0	0				
893855																			0	1032	4788	264644	0	252908	0	0	0	5916	0	0	219881	0	0	0	0	0				
894272																			0	340	2484	9038	162	162	0	0	0	1247	0	0	0	0	0	2468	2337	0				
894348																			0	3213	8420	37103	1047	1690	0	0	0	3476	0	435	87	0	0	20304	0	0				
894544																			0	765	193	18582	1790	2611	668	0	0	4721	0	0	0	0	0	9167	0	1125	PREFUNDING			
894834																			0	32	0	1324	0	37	0	0	0	278	0	0	0	0	0	0	0	977				
895055																			0	2425	2470	25082	1471	2342	0	0	0	5213	0	0	0	0	0	12632	0	0				
895448																			0	1325	0	9683	146	206	21	39	0	2757	0	0	0	0	0	5395	0	0	cdars outgoing bridge payment	ATM SETTLEMENT		
895710																			0	26623	17563	141591	0	24801	0	0	0	11510	0	0	0	0	0	58310	0	2784				
896155																			0	2016	0	11926	175	291	0	0	0	1474	0	0	110	0	0	8145	0	0				
897170																			0	43896	11021	76914	3483	4092	0	0	0	17905	0	0	0	0	0	0	0	0				
897237																			0	25	0	1719	1218	1453	0	0	0	241	0	0	0	0	0	0	0	0	SECONDARY LOANS IN TRANSIT			
897451																			0	425	0	1701	30	30	0	0	0	1246	0	0	0	0	0	0	0	0	Payroll Tax Receivable			
897648																				1615	0	9016		11				2464					0	4926	0	0				
897853																			0	100	0	1812	122	244	0	0	0	1468	0	0	0	0	0	0	0	0				
898458																			0	372	0	8984	0	8605	0	0	0	7	0	0	8605	0	0	0	0	0				
898579																			0	2219	2091	26184	255	1029	0	0	0	2993	0	0	0	0	0	13327	0	4525				
898627																			0	1375	1773	19337	334	2119	989	0	0	3796	0	0	0	0	0	9869	0	405	MERGER BALANCING ACCOUNT			
898850																			0	3389	3130	25891	598	922	0	0	0	2676	0	0	0	0	0	13953	0	1821				
899008																			0	6295	388	31103	0	9682	8040	0	0	3575	0	0	0	0	0	11163	0	0	Pension			
899343																				778	0	13494	440	546	45			3524					0	8646	0	0	Secondary market mortgage fees receivable			
899428																			0	8061	7850	71365	4298	10447	3514	0	0	6430	0	0	0	0	0	36435	0	2142	Investment in Subsidiary			
899642																			0	413	0	3417	418	439	0	0	0	2565	0	0	0	0	0	0	0	0				
899651																			147	50	0	1309	146	316	0	0	0	943	0	0	0	0	0	0	0	0				
900034																			0	350	0	14543	870	953	0	0	0	1974	0	0	0	0	0	10556	0	710				
900146																			0	3701	435	24767	2176	2176	0	0	0	8990	0	0	0	0	0	9465	0	0				
900306																			0	19013	21531	112878	0	9161	3204	2288	0	13468	0	0	0	0	0	48200	1505	0	Prepaid Expense	Capitalized software		
900502																			0	3131	2654	57687	0	23531	0	18508	0	1973	0	0	0	0	0	26398	0	0		Pension Plan Asset		
900678																			0	1029	0	32463	14395	26984	10000	0	0	930	0	0	0	0	0	3520	0	0	Due from Riverbank Financial Corporation	Loans Unprocessed		
901134																			0	2354	0	4972	1309	1799	0	0	0	819	0	0	0	0	0	0	0	0				
901358																			0	2390	31	10118	171	5175	0	4885	0	1854	50	0	0	0	0	668	0	0		SERP ANNUITIES		
901451																			0	28	0	907	0	16	0	0	0	863	0	0	0	0	0	0	0	0				
901938																			0	934	8186	43182	0	5134	3683	0	0	4081	0	0	0	0	0	11158	0	13689	Prepaid Pension Cost			
901974																			0	335	341	7430	222	546	0	0	0	2306	0	0	0	0	0	3572	0	330	0			
902645																			0	896	0	2576	0	45	0	0	0	689	0	0	0	0	0	946	0	0				
902672																			0	1166	1989	17713	1089	1877	0	0	0	2335	0	0	0	0	0	10183	0	163				
903240																			0	798	0	5984	0	215	0	0	0	1417	0	0	0	0	0	3554	0	0				
903754																			0	526	531	3259	0	179	0	0	0	614	0	0	0	0	0	1409	0	0	0			
903950																			0	125	0	1311	178	225	0	0	0	961	0	0	0	0	0	0	0	0				
904171																			0	460	2229	18440	826	1172	0	0	0	2154	0	0	0	0	0	9973	0	2452				
904359																			0	441	1013	11054	404	493	0	0	0	2254	0	0	0	0	0	6853	0	0				
904845																				347	0	2033	131	131				617					0	938	0	0				
905356																			0	661	980	8095	596	1548	0	0	0	1993	0	239	0	0	0	2913	0	0				
905673																			0	1022	2100	13605	0	2910	0	0	0	681	0	0	0	0	0	4626	0	2266				
906241																			0	1236	0	24808	4508	5804	0	0	0	3900	0	0	0	0	0	7018	6850	0		0		
906410																			0	1850	811	6063	104	104	0	0	0	977	0	0	0	0	0	2321	0	0				
907444																			0	712	0	1627	169	171	0	0	0	744	0	0	0	0	0	0	0	0				
907547																			18	4131	3722	21158	1379	1630	0	0	0	2393	0	0	233	0	0	9282	0	0				
908450																			0	211	0	5209	210	293	0	0	0	1912	0	5	0	0	0	2793	0	0				
908553																			0	7383	0	28959	405	558	0	0	0	8610	0	102	0	0	0	10282	0	2126				
908861																				4903	0	33942		19081				5992		11007			0	2000	0	1966				
909055																			0	5583	0	28055	1204	1294	0	0	0	3648	0	18	37	0	0	17530	0	0				
909756																			0	241	0	1068	249	275	0	0	0	552	0	0	0	0	0	0	0	0				
910079																			0	33	25	96	10	10	0	0	0	28	0	0	0	0	0	0	0	0		INDUSTRIAL COMMISION		
910118																			0	7221	3682	30202	782	1929	0	0	0	1864	0	0	0	0	0	13385	0	2121				
910239																			0	2804	1194	9590	287	308	0	0	0	667	0	0	0	0	0	4617	0	0				
911160																			0	3899	0	23851	1101	2117	60	0	0	3172	0	7	98	0	0	14663	0	0	Late Fees Receivable			
911339																			0	74	1798	6588	601	601	0	0	0	510	0	0	0	0	0	1526	0	2079				
911759																			0	136	0	2557	210	847	626	0	0	1574	0	0	0	0	0	0	0	0	Deferred Compensation			
911973																			0	73882	0	107983	0	19855	0	14941	0	14246	0	0	0	0	0	0	0	0	Unrealized Gain on Commitments	A/R FHLB Lender Risk Acct		
912756																			0	66	0	529	0	54	0	0	0	409	0	0	0	0	0	0	0	0				
913146																			0	10256	2673	49177	0	17023	9586	0	0	10342	0	0	0	0	0	8883	0	0	Government guaranteed loan claims receivable			
913436																			0	0	0	251	0	91	0	0	0	160	0	0	0	0	0	0	0	0				
913753																				5347	0	29779	2082	5194				12104					0	7134	0	0				
913856																				1690	28333	105107	11198	14359				59929					0	796	0	0				
914545																			0	1575	1807	11592	521	527	0	0	0	844	0	0	0	0	0	5714	0	1125				
914648																			0	6990	3889	97193	2817	4523	0	0	0	12642	0	24	1001	0	0	54668	81	14400				
914853																				2729	0	3857		0				1128					0	0	0	0				
915056																			0	124	278	1100	71	71	0	0	0	627	0	0	0	0	0	0	0	0				
915065																			0	1076	2276	28781	1588	1690	0	0	0	2645	0	0	0	0	0	17600	0	3494				
915878																				234113	12293	744243		110228				60272			59528		0	304191	0	23146				
915935																			0	30	124	968	38	38	0	0	0	84	0	0	0	0	0	692	0	0				
916343																			0	0	0	4994	0	75	0	0	0	1113	0	0	0	0	0	3806	0	0				
916745																				3142	6295	33419	983	1281				4168					0	9938	0	8595				
916857																			0	1160	0	8535	200	227	0	0	0	1850	0	0	0	0	0	5298	0	0				
917050																				568	0	7427	184	223				4112					0	1869	0	655				
917500																			0	140	967	2493	250	565	0	0	0	821	0	0	0	0	0	0	0	0				
917555																			0	1940	891	20861	824	1873	0	0	0	4331	0	0	657	0	0	11826	0	0				
917630																				731	321	1516	46	81				383					0	0	0	0				
917742																				267514	19527	1689681		571801	298797			161118					0	295341	356529	17851	Net Pension Asset			
917854																				371	0	2507		119				2017					0	0	0	0				
918132																			0	245	59	5077	156	498	198	0	0	783	0	0	0	0	0	2333	0	1159	Misc Fees - Added to Loan	0		
918150																			0	382	0	4490	33	129	0	0	0	1151	0	0	0	0	0	2828	0	0				
918356																			25	142	208	714	0	69	0	0	0	295	0	0	0	0	0	0	0	0				
918477																			0	2825	0	41084	0	4492	3462	0	0	3307	0	0	0	0	0	26773	3655	32	DIRECTORS RETIREMENT PLAN			
918655																			0	62	0	881	0	79	0	0	0	708	0	0	0	0	0	32	0	0				
918776																			0	313	0	1213	16	240	0	0	0	69	0	0	0	0	0	591	0	0	Def Income FHLB LRA Account			
918879																			0	3150	2252	12989	311	774	0	0	0	2455	0	0	0	0	0	4358	0	0	0	0	0	
918918		13942	15769	653135	4833	445160	57221	109642		88840	212912				0	89424	0	0		13942																	MONEY MARKET MUTUAL FUNDS	RECEIVABLE FOR SECURITIES SOLD		
918954																			0	2779	146	11202	466	550	0	0	0	1459	0	0	0	0	0	5094	0	1174				
919344																			0	1368	0	9726	0	113	0	0	0	2500	0	0	0	0	0	0	0	5745				
919456																			0	10997	0	21116	262	603	0	0	0	2807	0	0	0	0	0	6709	0	0				
919568																			6	794	159	2928	596	602	0	0	0	1373	0	0	0	0	0	0	0	0				
919773																			0	1495	676	4264	0	352	0	0	0	624	0	0	0	0	0	1117	0	0				
920210																				442	1388	7315	367	385				703					0	2826	0	1571				
920359																			0	240	0	1989	168	212	0	0	0	1537	0	0	0	0	0	0	0	0				
920733																			72	1095	0	3301	372	586	0	0	0	1504	0	0	120	0	0	116	0	0				
920854																			278	4623	0	29707	1590	3245	1363	3	3	9162	8	0	0	0	0	9170	0	3507	DEFFERRED COMP	FREDDIE MAC	CDARS RATEBRIDGE	
920975																			0	859	1009	10617	441	1705	0	0	0	1197	0	0	0	0	0	3573	0	2274				
921039																				846	2495	23971	548	1937	1114			2285					0	16408	0	0	NMTC			
921178																			0	3626	7598	56229	2048	5661	2266	0	0	4808	0	0	0	0	0	29045	653	4838	Other Assets			
921655																			0	248	40	1479	0	0	0	0	0	229	0	0	0	0	0	962	0	0				
921879																			0	617	230	7816	0	235	0	0	0	1544	0	0	0	0	0	5190	0	0				
921936																			0	352	0	1487	59	59	0	0	0	570	0	0	0	0	0	506	0	0				
922157																			0	821	273	7542	311	548	0	0	0	2903	0	0	0	0	0	2997	0	0				
922344																			0	1276	0	23042	220	291	0	0	0	6532	0	0	31	0	0	13414	0	1529	QZAB Bonds			
922559																			0	2439	0	12373	95	145	14	24	0	8216	0	12	0	0	0	1573	0	0	Staidum	CDARS Rate Bridge		
922924																			0	0	355	6402	204	354	0	0	0	761	0	0	0	0	0	3486	0	1446				
923257																			0	484	7	2973	0	102	0	0	0	472	0	0	0	0	0	1248	660	0				
923350																			0	743	103	2907	0	56	0	0	0	770	0	0	0	0	0	1235	0	0				
923707																			0	1052	5401	77291	2105	15815	11151	0	0	5662	0	0	0	0	0	43024	3636	2701	Pension Asset			
923752																			0	12223	9701	81043	2800	7476	0	0	0	19221	0	0	0	0	0	31664	0	758				
923855																			0	174	0	952	62	62	0	0	0	716	0	0	0	0	0	0	0	0				
923949																			0	53	0	486	0	66	0	0	0	367	0	0	0	0	0	0	0	0				
924058																			0	1196	0	9897	0	203	0	0	0	2000	0	0	0	0	0	6498	0	0				
924236																			0	1201	6456	35343	0	2945	1315	0	0	3520	0	0	0	0	0	21221	0	0	Qualified School Construction Bonds			
924254																			0	1094	112	2104	0	181	0	0	0	717	0	0	0	0	0	0	0	0				
924357																			0	633	0	4836	220	292	0	0	0	1468	0	0	72	0	0	2443	0	0				
924553																			0	326	575	1995	0	0	0	0	0	1094	0	0	0	0	0	0	0	0				
924937																			0	976	122	15402	608	854	0	0	0	4029	0	0	0	0	0	9421	0	0				
925037																			0	5311	0	28424	2883	4494	0	0	0	7435	0	3	407	0	0	10499	0	685				
925055																			0	1709	0	8183	880	1366	11	386	89	5108	0	0	0	0	0	0	0	0	CDARS Outgoing Bridge	Income Taxes Payable	Prepaid Brokered Dep Fees & FiServ EFT settlement deposit	
925354																			4	2612	0	13678	0	975	0	0	0	3662	0	0	0	0	0	4939	558	932				
925411																			0	177	1568	65688	0	61763	18676	0	0	2180	0	0	0	0	0	0	0	0	Fees & Commisions Receivable			
925653																			0	2017	1038	5111	154	189	0	0	0	1867	0	0	0	0	0	0	0	0				
926632																				802	0	7809	593	912	295			1268					0	2083	0	2744	OPERATING ROU ASSET			
926650																			0	125	0	1180	0	0	0	0	0	1055	0	0	0	0	0	0	0	0				
926959																			0	1115	0	5794	354	484	0	0	0	1519	0	0	0	0	0	2676	0	0	DDA unposted			
927077																			58	538	193	1428	179	326	60			371			29		0	0	0	0	loan origination fee			
927134																			0	3847	0	18848	726	869	0	0	0	3917	0	0	0	0	0	8162	236	1817				
927479																			0	5404	3405	56261	1413	11416	0	0	0	4261	0	0	10003	0	0	29585	0	2190				
928056																			0	6420	2476	20475	601	1690	0	0	0	9889	0	0	0	0	0	0	0	0	Midwest Housing			
928421																			0	3890	9812	70026	9863	22790	5980	0	0	11726	0	0	0	0	0	15887	0	5921	Investments in low-income housing funds			
928618																			216	6546	0	96244	3126	44843	36502	0	0	5547	2614	0	0	0	0	39308	0	0	Accrued Pension & Profit Sharing			
929352																				46268	0	257591		163133				48190			62860		0	0	0	0				
929932																			0	523	752	17868	1649	2727	0	0	0	2546	0	0	0	0	0	11320	0	0	N/A			
929978																				5408	9916	100195		20822	9059			14492			7312		0	32349	0	17208	Right-of-use lease asset, net of amortization			
930358																				4978	4359	36984	2618	6337				4311			2187		0	16999	0	0				
930442																			264	3533	3321	37651	509	907	0	0	0	8400	0	0	0	0	0	19868	0	1622				
930853																			8	2417	0	4738	204	309	97			1826					0	186	0	0	Prepaid Insurance			
930965																				48546	69394	260582		97664	26204	49448		28396					0	2422	14160	0	PREPAID CLOUD COMPUTING HOSTING ARRANGEMENT	TAX RECEIVABLE		
931038																			0	10134	6209	58658	305	976	315	0	0	13050	0	0	0	0	0	28289	0	0	Trust income receivable			
931047																				614	0	10193	178	191	13			2117					0	7271	0	0	RBP CDARS			
931159																			0	0	0	1198	0	8	0	0	0	1190	0	0	0	0	0	0	0	0				
931207																			0	225	0	6875	0	6602	0	0	0	48	0	0	6306	0	0	0	0	0				
931270																			0	148	0	504	109	123	0	0	0	233	0	14	0	0	0	0	0	0				
931355																			0	57	0	1062	0	70	0	0	0	487	0	0	0	0	0	448	0	0				
931458																			0	446	79	776	0	79	0	0	0	172	0	0	0	0	0	0	0	0	Prepaid Service Agreements	fiserv settlement		
931944																			0	1574	111	3317	187	192	0	0	0	979	0	0	0	0	0	461	0	0				
932642																			0	221	289	1358	139	194	0	0	0	654	0	0	0	0	0	0	0	0				
932745																			0	2111	0	9727	343	360	0	0	0	1284	0	0	0	0	0	5972	0	0				
932978																				19054	628	69441	3670	22003				27756	12899				0	0	0	0				
933023																				17989	29965	191004	6084	20801				18551			10819		0	88527	0	15171				
933041																				5589	9829	61954	796	848				13925					0	26977	0	4786				
933256																				26599	21458	169894		64861	17960			21742					0	31983	0	3251	Accrued Fiduciary Revenue			
933340																			0	1800	0	8426	149	213	0	0	0	3724	0	0	0	0	0	2689	0	0				
933377																				804	19720	75752		18826				4458			9724		0	9770	22174	0				
933621																				41704	53201	440594	3160	95830	41440	35781		35452					0	187272	1889	25246	Unfunded Commitments	Other Investments		
933966																				55948	123075	801697		250652	174359			46723					0	312981	3239	9079	EQUITY INVESTMENTS			
933975																			0	10112	8858	108975	15841	19291	0	0	0	14770	0	0	0	0	0	52626	0	3318				
934271																				949	6005	133903		101728	27962	44310		9746					0	7707	7768	0	Right of use asset	Receivable from subservicing clients		
934329	0	69000	0	784000	0	635000	0	0	0	80000	0	0	463000	0	0	0	0	0																						
934673																			0	3325	1944	17193	250	537	0	0	0	1551	0	0	173	0	0	9836	0	0				
935250																			0	1837	2859	16966	816	1094	0	0	0	3833	0	0	0	0	0	7343	0	0				
935308																				8093	8973	23859		4789	1417			2004					0	0	0	0	Vendor Advance			
935559																			0	1148	0	3936	397	1015	466	0	0	1773	0	0	0	0	0	0	0	0	Loan Account Clearings			
935577																			0	2372	246	9481	162	264	0	0	0	2758	0	0	0	0	0	3841	0	0				
935719																			0	341	2549	9385	593	725	0	0	0	1360	0	0	0	0	0	3155	0	1255				
936136																				32025	29918	243652	6610	20839				30389			7268		0	116479	8712	5290				
936426																				14994	32548	223418		53797	33669			36658					0	32674	48025	4722	Interest Rate Swap			
936462																				88625	83969	486294		69780	25206	19860		73581					0	88908	66513	14918	CRA Funds	Prepaids		
936583																			0	2747	10383	71777	2166	7454	3389	0	0	5456	0	0	0	0	0	36805	0	8932	NQDC - Rabbi Trust			
936640																			0	877	33	4484	244	246	2	0	0	3328	0	0	0	0	0	0	0	0	RESERVE - CCA & INVESTMENT DDA'S			
936837																			0	496	0	2403	0	354	0	0	0	1553	0	0	0	0	0	0	0	0				
936855		588812	266999	2863976		962219				290076					0	724603	31267	0		588812																				
937339																				250	0	6981	290	499	209			3565					0	2667	0	0	SBS Clearing- Clearing account used for Acquisition	fee for core contract services		
937553																			0	345	0	4128	81	98	0	0	0	1893	0	17	0	0	0	1792	0	0				
937740																			0	2664	8669	33289	580	918	0	0	0	2851	0	0	0	0	0	18187	0	0				
937759																			0	949	84	4036	101	133	0	0	0	2870	0	0	0	0	0	0	0	0				
937834																			0	5443	0	11302	206	207	0	0	0	295	0	0	0	0	0	2690	0	2667				
937843																			0	525	0	1776	84	265	0	0	0	986	0	0	0	0	0	0	0	0				
938354																			0	110	0	300	0	0	0	0	0	190	0	0	0	0	0	0	0	0				
938550																			0	127	133	1371	322	514	0	0	0	597	0	110	22	0	0	0	0	0				
938859																			0	637	0	29478	143	418	0	0	0	4900	0	12	110	0	0	23145	378	0				
939249																				14576	4350	89714		8112	3353	1126		22284					0	40392	0	0	Tax Credit Investments	Other Receivable		
940021																				108	81	3236		148				432					0	2467	0	0				
940311		65000	583000	1277000		396000				233000		114000	138000		0	0	0	0		65000																				
940674																			0	1453	1094	10684	1141	1441	0	0	0	900	0	0	0	0	0	5796	0	0				
940731																			0	3806	0	17465	139	289	133	0	0	6450	0	0	0	0	0	6156	0	764	Advance for card clearings			
940852																				41	0	3484	101	640	69			1389					0	1151	0	263	Payroll Tax Receivable			
941541																			0	707	0	4156	49	208	0	0	0	1035	0	10	0	0	0	2206	0	0				
941804																			0	577	394	4712	1655	1680	0	0	0	829	0	0	0	0	0	1232	0	0				
942454																			0	249	0	7255	112	146	0	0	0	1759	0	0	0	0	0	4538	0	563				
942539																			0	236	867	9909	0	891	214	0	0	2447	0	0	0	0	0	2819	0	2649	tax clearing for holding company			
942847																			0	780	600	2938	184	285	0	0	0	1273	0	0	0	0	0	0	0	0				
943143																			0	39	0	1968	38	41	0	0	0	727	0	0	0	0	0	585	0	576				
943152																			0	32	385	2605	46	600	536	0	0	222	0	18	0	0	0	1366	0	0	Bond AFS Def Tax Adj			
943273																			0	1182	106	3030	0	77	0	0	0	293	0	0	0	0	0	1372	0	0				
943675																			0	2317	2232	20054	1462	2114	0	0	0	2135	0	0	616	0	0	11256	0	0				
943974																			0	415	3188	9730	510	2256	1300	0	0	1058	268	0	12	0	0	2813	0	0	ACCRUED PENSION EXPENSE	Negative Taxes		
944047																			0	2853	3	12359	459	2160	994	547	0	3964	0	0	0	0	0	3379	0	0	Accrued Interest Securities Purchased	Debit Card Reserve Funding		
944337																			0	245	2448	12192	2397	2973	0	0	0	1421	0	0	0	0	0	5105	0	0				
944355																				1022	5256	19069	536	4295	2905			4149					0	4347	0	0	Due to/from Particiaption			
944627																			0	3612	3571	22099	2069	3869	1360	0	0	2717	0	0	0	0	0	8330	0	0	Employee Retirement			
944739																			12	2632	9096	15853	24	105	0	0	0	1747	0	0	0	0	0	2273	0	0				
944748																			0	2	46	1145	0	44	0	0	0	1053	0	0	0	0	0	0	0	0				
944935																			0	0	0	1459	9	9	0	0	0	1033	0	0	0	0	0	417	0	0				
945026																				903	5293	28794	583	753				2226					0	18611	0	1008				
945053																				7596	0	39015	7450	11856		3440		19563					0	0	0	0		Deferred Compensation Asset		
945071																			0	916	2116	15780	269	1059	0	334	455	1395	0	0	0	0	0	7906	0	2388	Accrued Federal & State Income Tax Payable	Community Fund Investment	Fiserv Settlement Deposit - Card Services	
945950																			0	300	0	934	0	192	0	0	0	442	0	0	0	0	0	0	0	0				
946274																			0	4873	324	12606	130	1839	1061	0	0	1126	0	0	569	0	0	4444	0	0	LRA Receivable			
946555																			0	791	2977	13164	0	219	0	0	0	1517	0	0	0	0	0	7660	0	0				
947525																			0	285	2590	11002	949	1081	0	0	0	1622	0	0	0	0	0	2784	0	2640				
947749																			0	924	2691	21318	459	3662	475	0	0	4585	0	0	0	0	0	8037	0	1419	Cinnaire Fund for Housing			
947776																			0	918	2755	11270	660	676	0	0	0	976	0	0	0	0	0	4441	0	1504				
948250																			0	180	0	1587	333	383	0	0	0	1024	0	12	0	0	0	0	0	0				
948278																			0	157	451	6986	151	303	0	0	0	624	0	0	0	0	0	5451	0	0				
948531																			139	208	930	7624	295	1023	580	0	0	1615	0	0	0	0	0	3848	0	0	Income tax receivable			
949154																				17941	12494	126164	4541	12590	4345			12722					0	70417	0	0	PASSPORT PRE-FUNDING			
950141																				586	0	7494	1317	1765				5143					0	0	0	0				
950178																			0	10266	0	69018	23738	25316	0	0	0	3510	0	0	0	0	0	24498	0	5428				
950356																			0	93	1254	5807	247	619	0	0	0	518	0	73	16	0	0	3323	0	0				
950758																				391	0	3356	361	386				1270					0	1309	0	0				
951102																			0	1341	2964	26287	754	1642	0	0	0	2984	0	0	0	0	0	17356	0	0				
952172																				12097	5617	40241	1190	1893				5214					0	15420	0	0				
952257																			0	219	0	2752	45	50	0	0	0	756	0	0	0	0	0	1727	0	0				
952846																			0	2453	888	5167	0	154	0	0	0	719	0	0	0	0	0	0	953	0				
953535																			0	5663	2503	32370	337	15797	0	0	0	4768	772	0	0	0	0	3639	0	0				
953843																			0	1163	0	4127	944	944	0	0	0	2020	0	0	0	0	0	0	0	0				
953852																			0	381	0	6910	526	563	0	0	0	1537	0	0	37	0	0	1913	2516	0				
954158																			0	14	0	3056	116	116	0	0	0	1342	0	0	0	0	0	748	0	836				
954251																			99	275	875	6945	114	222				1539					0	4034	0	0				
954279																			0	5184	5054	16206	1297	2319	0	0	0	3649	0	0	0	0	0	0	0	0				
954653																			0	312	358	981	0	55	0	0	0	256	0	0	0	0	0	0	0	0				
954671																			0	1029	0	9651	386	466	0	0	0	1452	0	0	0	0	0	6704	0	0				
955753																			0	442	0	8150	1768	1824	0	0	0	425	0	0	0	0	0	4819	0	640				
955940																			0	452	652	3665	304	844	221	0	0	1717	0	200	0	0	0	0	0	0	Passport Settlement			
955959																			0	824	3301	18226	427	683	0	0	0	2520	0	0	0	0	0	8725	0	2173	All other loan fees - moved to RC G			
955977																			0	5006	5854	33232	1874	7298	5000	0	0	2727	0	0	0	0	0	9475	0	2872	Low income housing investment			
956134																			0	688	0	4454	182	515	0	0	0	652	0	0	0	0	0	2599	0	0				
956152																			0	178	765	3183	220	448	141	0	0	1792	0	0	0	0	0	0	0	0	Returns in process			
956255																			0	5120	0	17594	1226	1600	0	0	0	1329	0	0	0	0	0	6723	0	2822				
956358																			0	619	0	4390	154	232	0	0	0	1006	0	0	0	0	0	2533	0	0				
956376																			0	920	863	6598	139	139	0	0	0	683	0	0	0	0	0	3993	0	0				
956527																			0	0	790	7166	0	1881	1153	459	0	596	0	0	0	0	0	3899	0	0	right of use lease	accrued taxes	other investments	
956554																			0	0	0	390	0	36	0	0	0	354	0	0	0	0	0	0	0	0				
956750																			0	5183	2023	39781	1306	6676	2473	396	766	4723	0	114	80	0	0	21176	0	0	CAPTIALIZED FINISH OUT	CAPITALIZED LEASING AGENT	FISERV NETWORK SETTLEMENT	
956938																			116	5065	0	42297	2348	4415	0	0	0	6383	0	0	683	0	0	20572	990	4872				
956956																			0	2738	0	15500	1063	3034	0	0	0	1705	1591	0	0	0	0	7258	0	765				
957757																			0	831	0	5795	641	1694	0	800	0	3270	0	0	0	0	0	0	0	0		Fiserv Settlement Deposit		
958204																				19510	6914	127873		47343	44924			12550					20	20972	19914	650	OVERFUNDED PENSION ASSET			
958231																			0	0	0	536	0	117	0	0	0	419	0	0	0	0	0	0	0	0				
958558																			0	3006	1729	12598	171	628	438	0	0	1461	0	0	0	0	0	5172	0	602	Unposted Debits			
958763																			0	0	1185	2825	0	902	0	0	0	738	0	0	0	0	0	0	0	0				
959304																				18997	35873	446002		104757	35670			59436	37900				0	226939	0	0	Misc Investment			
959443																			0	1151	0	9331	252	260	0	0	0	3435	0	0	0	0	0	4485	0	0				
959630																			0	0	0	1772	9	9	0	0	0	124	0	0	0	0	0	1639	0	0				
959715																				4590	5249	55425	1478	4273				2974			1210		0	35819	0	2520				
960047																			0	388	0	1787	0	82	0	0	0	367	0	0	0	0	0	950	0	0				
960551																			0	1111	0	5608	175	177	0	0	0	2206	0	0	0	0	0	2114	0	0	Employee Retention Tax Credit			
960935																				4360	11470	64751	2781	3924				11915					0	33082	0	0				
961259																			0	1714	0	28030	740	1023	0	0	0	2421	0	0	0	0	0	1502	21370	0				
961343																				1153	1015	10571	391	434				1708		43			0	5560	0	701				
961400																			0	610	0	8677	1790	1890	0	0	0	2103	0	0	10	0	0	1703	2371	0				
961446																			0	171	162	2610	225	317	0	0	0	1960	0	0	0	0	0	0	0	0				
961576																				15000	609	25328		4773				4946					0	0	0	0				
961624																				88726	32886	490491		210958	73098	80085		45779					0	74237	0	37905	ROU Asset Property Operating Leases	Month End Early Pay Suspense Reclass		
962313																			0	546	0	2602	179	1312	1133	0	0	744	0	0	0	0	0	0	0	0	Core Contract Contingency Negotiation Fee			
962890																			0	13631	7325	59801	1831	5731	0	0	0	6206	0	0	2241	0	0	24993	1556	359				
962966																			0	146204	0	1391579	394512	1012494	288305	0	0	230670	0	0	0	0	0	0	0	2211	Collateral for derivatives			
963002																			0	764	2191	22858	7233	9617	0	0	0	1904	0	0	0	0	0	6991	0	1391	Employee Retention Tax Credit Receivable	Accrued Federal & State Tax Receivable		
963730																			0	576	1025	2477	0	0	0	0	0	876	0	0	0	0	0	0	0	0				
963945																				197831	0	928743	6853	649801	267835			81111	56994	811	317308		0	0	0	0	Other Assets Related to Investment Tax Credits			
964157																			0	361	28	11568	0	2128	736	1013	0	920	0	0	0	0	0	8131	0	0	Right to Use-Lease Asset	Venture Capital Assets		
964250																			0	76	0	1904	101	112	0	0	0	1055	0	0	0	0	0	661	0	0				
965051																			0	163	0	1796	103	119	0	0	0	959	0	0	0	0	0	555	0	0	COLL & REPOS	DAILY SETTLEMENT - ATM/POS		
965789																				12084	8025	44918	2603	15698	9116			9111					0	0	0	0	Right of Use Asset			
966272																			0	952	660	4355	312	313	0	0	0	832	0	0	0	0	0	1598	0	0				
966722																			0	1031	3385	17326	1098	1120	0	0	0	4047	0	0	0	0	0	7743	0	0				
966731																			0	377	744	8107	201	208	0	0	0	1611	0	0	0	0	0	2921	0	2246				
966973																			0	174	158	777	57	71	0	0	0	374	0	0	0	0	0	0	0	0				
967046																			0	3531	6293	31602	736	4043	1440	0	0	3176	0	0	0	0	0	14559	0	0	Prepaid Taxes			
967952																			0	793	166	7634	338	376	0	0	0	1761	0	0	0	0	0	3693	0	845				
968070																				85061	22802	291461		11978				31471	765	4169			0	11413	64326	64410				
968155																			0	463	519	5138	210	210	0	0	0	705	0	0	0	0	0	1697	0	1544				
968249																			0	4740	456	9338	0	371	0	0	0	3771	0	0	0	0	0	0	0	0				
968744																			0	1477	3179	20497	1876	2030	0	0	0	2636	0	0	0	0	0	8887	0	2288				
969059																			0	42	0	1287	0	45	0	0	0	543	0	0	0	0	0	371	0	286				
969255																			0	2456	0	4378	0	263	127	0	0	1659	0	0	0	0	0	0	0	0	deposit - construction			
969639																			0	443	1670	10480	313	640	0	0	0	917	0	0	0	0	0	6810	0	0				
969844																			0	2392	217	11709	303	314	0	0	0	3060	0	0	0	0	0	4033	0	1693				
969956																			0	45	583	1137	295	295	0	0	0	214	0	0	0	0	0	0	0	0	Insurance Receivable			
970055																			0	1816	3718	22759	988	1360	0	0	0	953	0	0	0	0	0	14912	0	0				
971070																			0	1500	517	6145	490	706	0	0	0	609	0	0	186	0	0	2813	0	0				
971379																			0	12	71	217	0	53	0	0	0	81	0	0	0	0	0	0	0	0				
971959																				5475	9293	87519	15233	16025				33014					0	23238	0	474				
972143																			0	2188	0	5606	312	500	0	0	0	2918	0	0	0	0	0	0	0	0				
972406																				0	0	17805		17692				113			16919		0	0	0	0				
972648																			1	8435	8713	70035	5549	11096				9931		366	1007		0	30594	0	1266	Rouses NMTC			
972732																				1342	12938	43971		3830	2306			4918					0	12374	0	8569	Investment in SBIC			
972750																			0	551	959	3045	335	427	0	0	0	1108	0	0	0	0	0	0	0	0				
972769																			0	3245	2957	9135	618	895	0	0	0	2038	0	0	0	0	0	0	0	0				
972862																			0	630	3724	11538	0	3764	1475	0	0	3420	0	0	1445	0	0	0	0	0	Wealth Management Sale Contract Asset			
973252																			0	568	7	1615	63	63	0	0	0	977	0	0	0	0	0	0	0	0				
974558																			0	64	534	3430	0	36	0	0	0	2796	0	0	0	0	0	0	0	0				
974754																			0	1616	0	15664	852	987	0	0	0	5188	0	0	0	0	0	7559	0	314				
975153																			161	309	0	3830	443	728	0	0	0	2793	0	1	1	0	0	0	0	0				
975256																			0	1406	0	13050	249	365	0	0	0	6367	0	0	0	0	0	4912	0	0	PPD CD Interest			
975452																			0	449	48	2400	390	390	0	0	0	278	0	0	0	0	0	1235	0	0				
975751																				5112	0	99235		94123				0			72796		0	0	0	0				
975854																			0	4204	0	8432	317	896	292	0	0	3332	0	0	0	0	0	0	0	0	prefunding to jack henry for debit card transactions			
976534																			0	897	688	8113	1017	1094	0	0	0	1924	0	0	0	0	0	3510	0	0				
976552																			0	4428	1640	32092	1227	2654	0	0	0	4681	0	0	1130	0	0	18689	0	0	Federal Income Tax Receivable			
976703																				2425	23865	155366		118932	79885	0	0	10144					0	0	0	0	IM and Client Fees Receivable			
976954																			0	0	1	155	0	26	0	0	0	128	0	0	0	0	0	0	0	0				
977045																				536	0	1680	83	102				464					0	508	0	70				
977250																			0	947	0	12332	1164	1199	0	0	0	3521	0	0	0	0	0	5345	0	1320				
977616																			0	224	972	2247	230	329	0	0	0	722	0	0	0	0	0	0	0	0				
977652																			0	200	0	893	194	249	0	0	0	444	0	0	0	0	0	0	0	0				
977951																				3836	0	34207	704	1834				10052			753		0	18485	0	0	0			
978118																				21268	11585	110442	7815	15389				10698	6284				0	46994	0	4508				
979133																			0	895	0	5870	982	1592	0	0	0	2387	297	0	0	0	0	0	0	996				
979151																			0	369	1864	11879	145	281	0	0	0	3388	0	0	0	0	0	4426	0	1551				
979629																			12	1651	0	27736	1478	2345	0	0	0	3236	0	0	30	0	0	17800	0	2704				
979759																			0	817	3633	8311	190	690	396	0	0	1856	0	0	0	0	0	1315	0	0	FEDERAL INCOME TAXES RECEIVABLE			
980438																			0	1565	6	5587	350	353	0	0	0	3194	0	0	0	0	0	469	0	0				
980531																				2411	8056	42262	1882	5190	2559			5124					0	13695	2274	5512	SBIC Partnerships			
980661		10104	198140	1106859	124401	307792				77641					0	98304	414878	0		10104																				
980773																			40	3927	2159	27570	476	1797	0	0	0	1991	353	0	927	0	0	11161	0	6535				
980951																				1296	3968	8526	571	1593	392		19	1316					0	353	0	0	Trans-Fiserv Settlement: Network clearing Reserve		Deferred Loan Origination	
980960																			0	1469	0	29524	1592	2613	0	0	0	4077	0	799	0	0	0	21365	0	0				
981350																				239	9	458	43	43				167					0	0	0	0				
981453																			0	71	0	516	51	51	0	0	0	394	0	0	0	0	0	0	0	0				
982142																			0	6611	7034	45037	719	1214	0	0	0	7758	0	0	294	0	0	22420	0	0	Income tax receivable			
982348																			0	18534	8543	55865	927	2843	0	0	0	16663	0	0	0	0	0	9282	0	0				
982553																			0	541	1776	20968	417	3308	548	0	0	5003	0	0	0	0	0	10340	0	0	Gold			
983158																			0	0	0	653	0	0	0	0	0	653	0	0	0	0	0	0	0	0				
983457																			0	3839	8540	23420	3704	6747	1692	0	0	4294	0	0	0	0	0	0	0	0	Tax Receivable			
983550																			20	252	0	6528	1225	1462				1314			1		0	2856	0	644				
984258																			0	1778	0	30097	6903	7612	0	0	0	3624	0	0	0	0	0	13380	0	3703				
984351																			0	1333	79	5624	0	172	0	0	0	1751	0	0	0	0	0	2289	0	0				
984454																			0	80	0	3634	0	89	0	0	0	779	0	0	0	0	0	2686	0	0				
984856																			0	676	0	7736	288	288	0	0	0	1780	0	0	0	0	0	4631	0	361				
985451																				1168	0	2087		106				813					0	0	0	0				
985479																			0	1480	7518	43216	0	5191	1906	0	0	6700	0	0	0	0	0	22327	0	0	Prepaid Taxes			
986159																			0	219	0	2401	12	12	0	0	0	896	0	0	0	0	0	1274	0	0				
986551																				633	0	6902		86				2218					0	3965	0	0				
986757																				435	0	1103		331				337					0	0	0	0				
986935																			0	167	2242	4596	537	537	0	0	0	1650	0	0	0	0	0	0	0	0				
987231																			0	316	0	4289	613	613	0	0	0	2406	0	0	0	0	0	954	0	0				
987259																			0	504	0	7216	1090	1707	0	0	0	5005	0	0	0	0	0	0	0	0	NON-POST			
987576																			0	0	20	172	0	41	0	0	0	111	0	0	0	0	0	0	0	0				
987651																			0	3848	0	8836	0	107	0	0	0	951	0	0	0	0	0	3930	0	0				
987848																				282	1392	6008	146	177				1705					0	548	0	1904				
988144																			0	2620	0	4474	0	99	0	0	0	1755	0	0	0	0	0	0	0	0				
988153																				587	389	11668	379	538				9702					0	452	0	0				
988256																			0	6	0	344	0	0	0	0	0	338	0	0	0	0	0	0	0	0				
988452																			0	1651	0	11517	414	1682	0	0	0	1118	0	0	0	0	0	7066	0	0				
989141																			0	1437	0	4058	0	127	0	0	0	1454	0	0	0	0	0	1040	0	0				
989347																			10	1495	1599	11422	659	1053	365	0	0	7275	0	2	0	0	0	0	0	0	Independent Bankers Capital Fund			
989534																			0	137	0	819	0	181	0	0	0	501	0	0	0	0	0	0	0	0				
989730																			0	1967	341	12574	419	963	0	0	0	1530	0	18	9	0	0	7773	0	0				
989851																			0	53	0	1735	0	68	0	0	0	642	0	0	0	0	0	972	0	0				
990053																			0	132	0	901	0	29	0	0	0	740	0	0	0	0	0	0	0	0				
990352																			0	6791	169	38183	714	2725	1319	0	0	10918	0	0	0	0	0	14953	0	2627	TAX CREDIT INVESTMENT			
990642																			0	1657	3098	19170	498	708	0	0	0	4518	0	0	0	0	0	9189	0	0				
991078																			0	926	47	2958	0	172	0	0	0	446	0	48	0	0	0	1367	0	0				
991135																			0	240	0	1983	392	508	0	0	0	370	0	0	0	0	0	865	0	0				
991340																				96208	49342	336447		67001				35539					0	74649	0	13708				
991359																				176	0	9499		1964	1607			2729					0	4630	0	0	OTHER INVESTMENT-SUPPLEMENTAL EXECUTIVE RETIREMENT PLAN			
991555																			0	749	2520	5495	158	390	198	0	0	1836	0	0	0	0	0	0	0	0	Fiserv EFT Settlement			
991621																				642	1694	25485	649	1450	775			2774					0	18925	0	0	Pension benefit asset			
991854																			0	21	0	187	47	48	0	0	0	118	0	0	0	0	0	0	0	0				
992851																			0	199	0	5795	0	0	0	0	0	5596	0	0	0	0	0	0	0	0	Debit Card-ATM settlement			
993250																			0	1276	1071	12582	892	892	0	0	0	3743	0	0	0	0	0	5600	0	0				
994435																			0	2180	11114	53876	3174	5138	0	0	0	9704	0	0	0	0	0	22173	465	3102				
994770																			0	74	63	450	0	168	0	0	0	145	0	0	0	0	0	0	0	0	prepaid insurance			
995076																				1973	5098	36799	2864	14378				15350					0	0	0	0				
995272																			0	366	2440	38043	307	1141	559	0	0	1212	0	0	0	0	0	26508	450	5926	Moneygram Deposit			
995517																			0	579	2859	19621	516	1009	0	0	0	5251	0	416	0	0	0	9914	9	0				
995571																				160	0	4717	208	818				1105					0	1179	0	1455				
995674																			0	2585	185	4343	321	436	0	0	0	1137	0	0	0	0	0	0	0	0				
995955																			0	6	0	924	54	54	0	0	0	864	0	0	0	0	0	0	0	0				
996260																				15000	27849	196516	6721	34157	22020			26135					0	92101	0	1274	CRA - INVESTMENT			
997155																			0	240	0	1836	0	109	0	0	0	609	0	0	0	0	0	878	0	0				
997557																			0	3	0	2605	0	30	0	0	0	951	0	0	0	0	0	1621	0	0				
997847																				2286	2961	11260	495	572				2787		73			0	2654	0	0				
998358																			0	405	0	1312	0	58	0	0	0	849	0	0	0	0	0	0	0	0	Debit Card Settlement			
998648																			0	448	846	3153	154	216	0	0	0	953	0	0	0	0	0	690	0	0				
998657																			0	341	93	1744	448	509	0	0	0	801	0	0	16	0	0	0	0	0				
998844																			0	2292	140	20603	182	748	0	0	0	13872	0	0	36	0	0	3551	0	0				
999935																				810	2700	17613	262	521	178			2206					0	7172	0	4204	Prepaid Income Tax			
1000052																			0	682	2926	22588	246	285	0	0	0	8602	0	0	19	0	0	10093	0	0				
1000276																			0	2790	3031	22064	905	1309	340	0	0	1433	0	39	0	0	0	13501	0	0	INVESTMENT IN SOLAR CREDITS			
1000641																			64	2271	2214	21726	1391	2604	805	344	0	4084	0	0	0	0	0	10553	0	0	Operating Leases	SolCap Midwest 2025 LLC		
1000856																			3	364	0	2330	16	19				101					0	1846	0	0				
1000959																				533	0	4633		74				1505					0	2521	0	0				
1001059																			0	840	0	13480	0	586	345	0	0	7729	0	185	0	0	0	4325	0	0	Other Misc Assets			
1001152																				4560	0	458693		245618	212411			35316					0	90923	26327	55949	Inv in LIHTC partnerships			
1001639																				18855	10855	46699	1764	1853	31	44		15136			13		0	0	0	0	Other Assets-Inventory Supplies	Non-Post Debits		
1001648																				2999	8462	41433	1988	5734				16574					0	7664	0	0				
1001853																				716	1032	10946	659	1262				1234					0	6702	0	0				
1002373																			0	6538	4967	31310	0	2963	0	0	0	2227	0	1652	0	0	0	8283	0	6332				
1002458																			0	692	0	1420	0	165	0	0	0	563	0	0	0	0	0	0	0	0				
1002878																				66131	45223	692705		230686	81987			56279			128139		0	261288	14987	18111	Pension Asset			
1002953																			0	641	0	5491	123	138	0	0	0	1172	0	0	0	0	0	3540	0	0				
1003455																			0	4223	5837	16335	663	1140	312	0	0	4402	0	0	0	0	0	733	0	0	EFT Prerefunds			
1003558																				668	0	11194		742				833					0	8951	0	0				
1003839																			0	5813	1539	17385	535	831	234	0	0	1458	0	0	0	0	0	7744	0	0	Investment in Subsidiary			
1003950																			0	83	0	29463	762	14799	0	0	0	14581	0	1140	12896	0	0	0	0	0				
1004256																			0	477	0	2611	252	351	0	0	0	732	0	0	0	0	0	667	384	0				
1004470																			0	7986	0	47837	945	2525	515	0	0	4906	0	0	0	0	0	27750	777	3893	INVESTMENT RECEIVABLE			
1005075																			0	1618	1176	4303	414	741	305	0	0	768	0	0	22	0	0	0	0	0	Cinnaire Michigan Community Fund LP 20-6	=		
1005552																			0	446	509	2040	0	187	0	0	0	898	0	0	0	0	0	0	0	0				
1005655																				0	0	1394	185	185				1200					9	0	0	0				
1005851																			0	391	0	4796	699	705	0	0	0	2417	0	0	0	0	0	1283	0	0				
1006148																			0	3098	500	20963	671	977	288	0	0	5977	0	0	0	0	0	10411	0	0	Cash Items Outstanding			
1006157																			0	594	0	4923	159	159	0	0	0	659	0	0	0	0	0	2644	0	867				
1006513																			0	826	2734	11863	290	2999	0	0	0	1159	0	0	0	0	0	4145	0	0				
1006559																			4	565	614	2394	217	407	0	0	0	808	0	1	143	0	0	0	0	0				
1006652																				1267	0	4498	129	137				3094					0	0	0	0				
1007015																				5581	13895	41856	6271	11361				11019					0	0	0	0	0			
1007051																			0	1383	0	5264	43	144	55	0	0	1256	0	41	0	0	0	2481	0	0	Prepaid Exp-Service Contracts			
1007154																			0	1660	2865	22248	489	3234	0	0	0	2930	0	4	0	0	0	4269	0	7290				
1007417																			0	2625	6602	57115	1458	24093	0	0	0	3347	0	0	0	0	0	17526	0	2922				
1007734																			0	3746	2093	19850	743	1210	246	0	0	2780	0	114	24	0	0	10021	0	0	FORCED PLACED INSURANCE PREMIUMS			
1007752																			0	877	0	7719	157	160	0	0	0	2481	0	0	0	0	0	4201	0	0				
1007819																			2	4373	9241	102126	17387	19443	1032	0	0	9673	0	0	0	0	0	53055	0	6341	Dealer Reserve			
1007873																			0	527	1856	22264	636	1187	0	0	0	2398	0	0	0	0	0	14305	0	1991				
1007930																			0	0	0	6377	0	186	0	0	0	2408	0	0	0	0	0	3783	0	0				
1007958																			0	488	68	2366	309	309	0	0	0	1501	0	0	0	0	0	0	0	0				
1008076																			0	1798	3942	20954	894	3587	65	0	0	1680	0	0	0	0	0	8007	0	1940	Delayed Principal Payments			
1008151																			0	330	0	3447	103	103	0	0	0	2552	0	0	0	0	0	462	0	0				
1008209																			0	1251	0	2576	0	358	0	0	0	967	0	0	0	0	0	0	0	0				
1008553																			0	180	0	5315	0	0	0	0	0	2904	0	0	0	0	0	2231	0	0				
1008674																			0	5187	13716	59735	781	15573	214	555	776	3710	0	0	244	0	0	18865	0	2684	CASH SURRENDER VALUE LIF INS	DEFERRED DIRECTOR'S COMP	MISC ASSET	
1008955																			0	78	0	1224	72	79	0	0	0	1067	0	0	0	0	0	0	0	0	Software - core/internet per FDIC			
1009242																			0	11296	2710	52387	1793	2439	0	0	0	24760	0	0	0	0	0	11182	0	0				
1009354																				1630	44466	90817	1532	4886	1220			15195	1761				0	24640	0	0	Lease - Right of Use Asset			
1009756																			0	1426	2218	14768	76	114	0	0	0	6274	0	0	0	0	0	4354	0	382				
1009840																				367	153	1407	72	72				815					0	0	0	0				
1010015																			0	521	2701	14038	114	145	0	0	0	1794	0	0	0	0	0	8877	0	0				
1010574																			0	2634	581	8357	309	358	0	0	0	1611	0	0	0	0	0	3173	0	0				
1011432																			0	143	528	2814	1307	1407	0	0	0	736	0	0	0	0	0	0	0	0				
1011526																				23906	29332	305340		102801	35093	40024		20631					0	108020	0	20650	Loan Swap Asset	Tax Credit - Housing		
1011638																			0	2888	7206	23992	822	1794	0	0	0	7100	0	0	0	0	0	5004	0	0				
1011656																			0	5477	0	10799	2899	2928	0	0	0	2394	0	0	0	0	0	0	0	0				
1011955																			0	1471	0	25531	0	2715	1767	0	0	11443	0	0	0	0	0	9902	0	0	MC ANNUITIES			
1012251																			0	1290	5270	29956	334	731	0	0	0	2640	0	0	0	0	0	20025	0	0				
1012457																			0	0	0	1484	0	13	0	0	0	868	0	0	0	0	0	603	0	0				
1013070																				2598	6194	36014	796	1601				3296		136			0	20837	0	1488				
1013650																			0	163	201	2680	0	16	0	0	0	2138	0	0	0	0	0	162	0	0				
1013744																			0	1122	1005	18176	0	4248	0	0	0	3785	1385	0	1979	0	0	8016	0	0				
1014059																			0	320	244	1051	0	30	0	0	0	457	0	0	0	0	0	0	0	0				
1014125																			0	1932	2666	26295	1082	5010	0	0	0	2309	0	0	0	0	0	13570	0	808	Net Pension Receivable			
1014246																			0	306	0	1962	601	601	0	0	0	1055	0	0	0	0	0	0	0	0				
1014255																			0	30	0	748	0	50	0	0	0	668	0	0	0	0	0	0	0	0				
1014376																			0	1442	1994	9771	245	745	454	0	0	1183	0	0	0	0	0	1501	938	1968	Loan Late Fees Receivable			
1014451																			0	619	0	1653	100	110	0	0	0	924	0	0	0	0	0	0	0	0				
1014554																			0	427	0	5682	164	188	0	0	0	2422	0	0	0	0	0	2645	0	0				
1014657																				399	0	11914	350	359				2067					0	9089	0	0				
1014853																			0	4433	0	14336	416	555	0	0	0	2997	0	0	0	0	0	4250	1017	1084				
1015252																			0	1122	0	19893	564	1987	0	0	0	4199	0	0	1262	0	0	11447	0	1138				
1015270																			0	2528	4522	22268	663	1894	580	0	0	1698	0	0	427	0	0	6541	0	5085	Accrued Federal Income Tax			
1015458																			0	103	0	2223	0	570	0	0	0	1550	0	0	0	0	0	0	0	0	MSB and Fintech Processing Fees			
1015560																				17025	10234	38169	1593	3238	1014			7672			566		0	0	0	0	Prepaid Taxes			
1015841																			0	392	362	9387	149	158	0	0	0	2572	0	0	0	0	0	4562	0	1341	Secondary market recievable			
1015850																			0	1580	0	8971	324	461	0	0	0	1646	0	0	0	0	0	5284	0	0				
1016174																			0	5853	0	19717	4471	4677	0	0	0	1144	0	0	0	0	0	8043	0	0			0	
1016231																				3646	6896	32276		5937	2053	1546		5383					0	10414	0	0	Derivative Swap Collateral	Other Investments		
1016259																			0	3880	0	25674	0	1639	677	0	0	8788	0	0	0	0	0	11367	0	0	DDA UNPOSTABLE DEBITS			
1016558																			0	838	0	2699	182	285	0	0	0	849	0	0	0	0	0	361	0	366				
1016718																			0	153	25	1212	0	99	0	0	0	935	0	0	0	0	0	0	0	0				
1016848																				430	0	1598	104	140				1028					0	0	0	0				
1016857																			0	685	0	21684	1052	2063	538	0	0	4210	0	0	0	0	0	14726	0	0	Operating lease (ROU) Asset			
1017425																			0	5700	2963	29299	1007	1083	0	0	0	2450	0	0	0	0	0	17103	0	0				
1017555																			0	962	0	1387	0	0	0	0	0	425	0	0	0	0	0	0	0	0				
1017564																			0	107	0	3726	0	87	0	0	0	851	0	0	0	0	0	2681	0	0				
1017854																			0	0	0	1009	45	45	0	0	0	964	0	0	0	0	0	0	0	0				
1017939																				108028	69106	764229		139487	50013			83424					0	260362	32821	71001	Cash Collateral Held by Derivative Counterparty			
1017957																			0	2329	0	3737	219	267	0	0	0	1141	0	0	0	0	0	0	0	0	ATM IN PROCESS			
1018927																			0	7971	6993	103350	0	37523	20995	0	0	14614	0	0	0	0	0	28639	0	7610	Federal Income Tax Receivable			
1157415																			0	5570	0	44292	664	1016	0	0	0	13284	0	0	0	0	0	24422	0	0				
1160509																			0	257	169	7020	746	926	0	0	0	1018	0	0	0	0	0	4650	0	0				
1162017																			0	13174	11937	57083	1828	3559	0	0	0	7160	0	0	0	0	0	21253	0	0	Suspense resources			
1163283																			30	92	795	2215	133	168	0	0	0	571	0	0	0	0	0	589	0	0				
1169650																			0	882	2610	10178	1090	2560	591	0	0	4126	0	0	707	0	0	0	0	0	Security deposits			
1176881																				43648	0	280353		232813				3892	221364				0	0	0	0				
1176920																			0	340	0	2460	0	291	219	0	0	534	0	0	0	0	0	1295	0	0	Unposted Debits			
1187001																				15115	0	49699	3766	8535	2426			26049					0	0	0	0	Other Assets			
1187551																			0	300	0	1210	230	235	0	0	0	675	0	0	0	0	0	0	0	0				
1188772																				713	5496	58251		37131	7977			2197	2408				0	10560	2154	0	Annuities			
1188987																				0	208	20691		336				1838					0	9476	0	8833				
1190476																				66852	53967	588447		160311				83990			48617		0	142546	36617	44164				
1191352																			0	297	0	4660	50	145	0	0	0	947	0	0	0	0	0	2411	0	860				
1216022	0	30000	2520000	3582000	0	1005000	562000	0	0	27000	0	0	0	0	0	0	0	0																			Contract costs related to retailer partner agreements			
1218446																			0	486	1077	12259	0	1793	769	0	0	1004	0	0	0	0	0	7899	0	0	VISA Settlement Account	0	0	
1222519																			0	688	6629	11368	537	640	0	0	0	3411	0	0	0	0	0	0	0	0				
1222948																				1035	0	7226	443	564				5627					0	0	0	0				
1225752																			0	915	3287	11409	1200	1208	0	0	0	929	0	0	8	0	0	5070	0	0				
1225761	0	35376	2968	339166	0	279416	0	0	0	21406	0	0	263996	0	0	0	0	0																						
1225798																			0	717	0	1786	0	516	327	0	0	553	0	0	0	0	0	0	0	0	Accd FIT			
1228034																			0	687	0	8952	830	1101	0	0	0	4506	0	0	0	0	0	2658	0	0				
1293078																			0	104	0	3562	0	437	297	0	0	543	0	0	0	0	0	2478	0	0	Deposit Rec Fiserv			
1369870																			0	471	0	1483	130	502	350	0	0	75	0	0	0	0	0	435	0	0	Accrued Trust Income			
1386251																				7465	6310	320292		176779				43495					0	81708	3912	623				
1387203																			0	892	0	2065	250	356	0	0	0	817	0	0	0	0	0	0	0	0				
1387605																			0	3847	9019	86975	1885	7961	0	0	0	16780	1966	0	0	0	0	44378	0	4990	Prefunding Security Deposits			
1391778																				0	222932	516688		129548	115132			164208					0	0	0	0	Contractual Payments			
1394621																			0	988	3594	10932	580	814	0	0	0	5536	0	0	0	0	0	0	0	0				
1394676	0	186847	1784151	2787819	0	632663	0	0	0	28140	0	0	396241	0	0	0	156018	0																						
1396764																			0	283	4907	8252	898	1410	0	0	0	1652	0	0	511	0	0	0	0	0		Security Payments Receivable		
1397471																			0	848	4420	7404	0	771	0	0	0	1152	0	0	0	0	0	213	0	0				
1402384																			0	267	0	4300	248	285	0	0	0	885	0	0	0	0	0	2863	0	0				
1404481																			0	1669	2076	6666	682	1165	0	0	0	1756	0	0	0	0	0	0	0	0				
1404883																			0	360	31	1594	239	285	0	0	0	918	0	0	46	0	0	0	0	0				
1414819																				714	12155	16598	1508	1892				1837					0	0	0	0				
1418255																			75	210	0	794	0	310	0	0	0	274	0	0	0	0	0	0	0	0				
1429028																			0	5195	2167	12710	755	1719	0	0	0	3629	0	0	0	0	0	0	0	0				
1435092																			0	1031	0	6103	0	171	0	0	0	1025	0	0	0	0	0	3876	0	0				
1436204																				16743	42885	154036	4212	11541	6456			11561					0	50947	3647	16712	Tax Benefit Recvble			
1443266	0	18000	7000	64000	0	5000	2000	3000	0	34000	0	0	0	0	0	0	0	0																			Fees Receivable	Advances Taxes and Insurance		
1444021		86809	7673	689817		595306	244979			29			345261		0	0	0	0		86809																	Due from related Parties			
1445943																				4483	21538	67586	2068	8358	2245	2510		6898					0	26309	0	0	FISERV RESERVE FOR DEBIT CARD TRANSACTION	INCOME TAX RECEIVABLE		
1447639																			0	6499	0	39769	2329	5988	0	0	0	9577	0	0	0	0	0	1430	16275	0				
1456501	0	450000	616000	3958000	0	1679000	809000	0	0	1213000	0	0	0	0	0	0	0	0																			BROKER DEALER RECEIVABLES			
1458608																				9093	21827	69394		20993				17481			8941		0	0	0	0	Collateral Deposits			
1459717																				5483	91	20895		4292	1079	1000	1400	11029					0	0	0	0	INVESTMENT IN ST. LOUIS EQUITY FUND LLC	ATM/DEBIT CARD VENDOR RESERVE ACCOUNT	INCOME TAXES RECEIVABLE	
1459735																			0	283	4395	30897	1186	2531	812	310	0	1955	0	186	37	0	0	20581	0	1152	Right of Use Asset	Payroll Suspense		
1459799																			0	565	2058	14700	582	627	0	0	0	1541	0	0	0	0	0	8509	0	1400				
1462986																			0	431	24	3607	0	88	0	0	0	196	0	0	0	0	0	2868	0	0				
1469677																			0	14195	17074	76219	1950	5177	0	0	0	7804	2280	0	0	0	0	25906	0	6063				
1470150																				221	267	1345		62				795					0	0	0	0				
1474309																			0	0	0	811	424	507	0	0	0	304	0	0	0	0	0	0	0	0				
1479470																			0	1248	3840	26218	4066	6053	1507	0	0	1952	0	0	0	0	0	11196	0	1929	CRA Limited Partnership			
1481745																			0	519	0	4815	1155	1530	0	0	0	2766	0	0	0	0	0	0	0	0				
1492817																				540	0	2444	134	503	154			1401					0	0	0	0	Principal Receivables			
1493319																			0	2061	0	6871	681	681	0	0	0	1162	0	0	0	0	0	2967	0	0				
1494482																			0	29	0	4045	0	60	0	0	0	151	0	0	0	0	0	3805	0	0				
1494914																				2027	10474	19828	1129	2156	692			5171		2			0	0	0	0	Prepaid Corporate Income Tax			
1629903																				1245	0	42692		41428	21516			19			12669		0	0	0	0	Net Pension Asset			
1718188		6764	187	46280		22794				12485	8922				0	2202	1848	0		6764																				
1718469																				55059	0	83157	715	18813	552	12865		9285	178				0	0	0	0	Receivable for payments on securities	Loan servicing payments receivable		
1820979																				69	0	419	198	310	112			40					0	0	0	0	Right to use			
1836701																			0	3708	684	6461	157	160	0	0	0	1909	0	0	0	0	0	0	0	0				
1842065																				791847	78382	1343507		152429				249650	44344	51873	51095		0	47805	23394	0				
1863097																				5066	10533	44705		11953	5430			4449					0	9092	0	3612	Low Income Housing Tax Credit			
1864197																				7061	13578	68584	1461	2166				8879					0	36323	0	577				
1872941																			0	2709	0	10785	632	817	0	0	0	7259	0	0	0	0	0	0	0	0				
1879016																			0	1334	0	9078	304	786	0	0	0	1402	0	115	0	0	0	5556	0	0				
1883321																				15000	67776	148901	20540	40530				25595		764	19226		0	0	0	0				
1885932																			6548	1816	18976	58489		9436				13582					0	14679	0	0				
1890525																			0	14314	15117	87620	1568	18745	0	0	0	12896	157	0	15460	0	0	15325	10027	1196				
1892154																			0	990	0	13242	470	775	0	0	0	2755	0	0	285	0	0	7522	0	1200				
1893049	0	72000	330000	484000	0	18000	15000	0	0	64000	0	0	0	0	0	0	0	0																			Intercompany receivables			
1917301		42125	11124	407207		307357	85516			37007					0	5702	0	3892		42125																	Trade Date Securities Receivable			
1918344																				15074	41976	109791		7797	3884			34232					0	10712	0	0	Current Income Tax			
1929247																				268843	102117	2454534		478036				233266	222885				78698	865354	48	428172	0			
1940747																			0	1199	0	4614	495	1710	0	0	0	1705	0	0	1077	0	0	0	0	0				
1945247																			0	15	0	652	159	485	0	0	0	152	0	0	257	0	0	0	0	0				
2002222																			0	279	3377	16160	0	156	0	0	0	2728	0	0	0	0	0	5752	0	3868				
2006024																			0	2456	0	6677	1022	1129	0	0	0	3092	0	0	0	0	0	0	0	0				
2007991																			0	675	4307	14802	271	712	217	0	0	2195	0	0	0	0	0	6913	0	0	ACCRUED FEDERAL INCOME TAX (PAYABLE)/RECEIVABLE			
2009605																				5368	0	23722	3958	4855				13499	117	84			0	0	0	0				
2010722																			0	1411	0	11936	793	850	0	0	0	1261	0	0	0	0	0	8414	0	0				
2044811																				16307	1326	167580		117797	67618			24037					0	8113	0	0	Trade Date Securities Receivable			
2044820																			0	296	0	1242	161	165	0	0	0	781	0	0	0	0	0	0	0	0				
2051127																			0	1444	0	16202	503	1042	507	0	0	1324	0	0	0	0	0	12392	0	0	Loans Hold Over			
2059990																			0	511	0	2085	224	295	0	0	0	751	0	0	0	0	0	528	0	0				
2068107																			0	679	11524	53823	0	17322	6443	0	0	13537	0	0	0	0	0	10761	0	0	OPPLOANS SUSPENSE			
2119773																				33912	0	245069		158443	79550	41752		30036					0	20356	0	2322	Trade Date Securities Receivable	Operating Lease Equipment (not ROU)		
2121196																			0	61237	123542	1558370	311864	1146584	707772	0	0	227007	0	0	0	0	0	0	0	0	Credit Card Loss Share			
2122997																				60	0	2428		2368	2368			0					0	0	0	0	Receivable from Affiliate			
2123930																			0	98	148	3874	157	157	0	0	0	369	0	0	0	0	0	3102	0	0				
2132941																			0	4806	20205	80452	5001	8039	0	0	0	9389	0	89	520	0	0	18968	6338	12707				
2140348																			0	3414	0	10850	2129	4669	0	0	0	2767	0	0	1181	0	0	0	0	0				
2142155																				3730	8152	87046		25010				11788	4418		13519		0	36894	1472	0	Accrued Income Taxes			
2163477																			0	256	1336	11903	0	10311	3707	3459	2564	0	0	0	0	0	0	0	0	0	Trust Fee Receivable	Settlement Trust Fee Receivable	Tax Preparation Fee Receivable	
2182786	0	1617000	1173000	52455000	0	46990000	17939000	17862000	0	2674000	0	0	0	0	1000	0	0	0		1616000																	Receivable from affiliates	Trade date receivable		
2193616	0	112908	223677	681236	0	67957	0	0	0	156219	0	0	42082	0	0	58119	62356	0		112908																	Collateral Receivable	Income Tax Receivables	SWAP Collateral Receivable	
2209553																				32568	27208	172083	4988	12471				16379					33	82142	0	1282				
2218443																			0	1129	333	5257	310	320	0	0	0	2532	0	0	0	0	0	943	0	0				
2232757																			0	489	0	6145	266	272	0	0	0	872	0	0	0	0	0	4512	0	0				
2233875																			0	1196	593	2747	215	778	282	0	0	180	0	0	0	0	0	0	0	0	CBA ATM COLLATERAL			
2236821																			0	3640	0	38129	0	29112	20736	0	0	4864	0	0	0	0	0	0	513	0	Restricted Cash	COLLATERAL FOR SWAPS	UNREALIZED GAINS CASH FLOW HEDGES	
2239288																				27248	12742	288372		154304	56578			44860	38904				0	17687	18112	13419	Operating Lease Equipment (not ROU)			
2262718																				1649	1100	10606		7857				0			6069		0	0	0	0				
2265456																			0	10767	14037	70506	0	45560	0	0	0	142	0	0	39455	0	0	0	0	0				
2297998																			0	4310	6642	27526	957	1081	0	0	0	4255	0	0	0	0	0	0	11238	0				
2298995																				17283	0	134107		96839	42758	34348		19985					0	0	0	0	Trade Date Securities Receivable	Operating Lease Equipment (not ROU)		
2304636																				2455	0	7603	153	216				700					0	3104	0	1128				
2305969																			0	636	2595	12371	0	897	0	0	0	1549	0	0	0	0	0	4799	0	1895				
2316714																			0	1450	0	15713	273	336	0	0	0	2360	0	0	0	0	0	11567	0	0				
2317672																			0	3002	1232	6209	303	850	245	0	0	1125	0	0	287	0	0	0	0	0	Accrued Fed Income Tax	Non Processed Debits	DDA Suspense	
2325882																			0	3140	2447	7009	0	1393	0	0	0	29	0	0	1299	0	0	0	0	0				
2328137																				2370	8275	52549	1586	3826				6277			1152		0	25105	0	6696				
2328285																			0	465	62	3064	195	2429	2111	0	0	108	0	0	0	0	0	0	0	0	Miscellaneous Receivable			
2329200																				1531	1480	9067		1093	377	280		1061					0	3902	0	0	Core flex credits receivable	Accounts Receivable		
2332910																			0	4044	3631	12363	648	1256	439	0	0	3432	0	0	0	0	0	0	0	0	Prepaid Tax			
2333140																			0	1643	2784	8231	102	336	0	0	0	667	0	0	173	0	0	2801	0	0				
2337335																			0	90	0	3055	0	2965	2965	0	0	0	0	0	0	0	0	0	0	0	Inter-company receivable			
2339599																			0	2673	1343	20850	573	7263	5295	0	0	1843	0	0	0	0	0	7728	0	0	INVESTMENT IN BROADWAY-MONONA LIHTC			
2339795																				15056	0	153670		119088	85516			16575					0	1751	0	1200	Trade Date Securities Receivable			
2343167																			0	1060	2076	12045	0	1529	0	0	0	1991	810	0	0	0	0	2860	0	2529				
2344753																			0	5469	9347	40964	1483	5846	2385	0	0	9082	0	0	0	0	0	11220	0	0	Investment in 1995 Holdings LLC			
2353595																			0	12747	11183	124510	4977	18344	0	0	0	8720	0	0	0	0	0	35938	35757	1821				
2354985																				126246	8028	1093207		549805	303375			103626					0	192417	0	113085	Leased equipment			
2356091																			13	1330	0	16372	743	822	0	0	0	2755	0	0	0	0	0	11465	0	0	ICS In Process			
2358769																			0	2386	4724	34146	1476	4146	0	0	0	4395	0	0	0	0	0	18495	0	0				
2362458	0	8200	0	55761	0	41162	24382	0	0	6399	0	0	16780	0	0	0	0	0																			Current Income Tax Receivable			
2371816																			0	2596	1169	19177	0	92	0	0	0	1348	0	0	0	0	0	13972	0	0				
2390929																				9217	14242	136258	2000	16013	3643	5500		9421		908			0	85802	0	1563	Low-Income Investments	Change Lending Preferred Stock Investment		
2391588																			0	1207	478	6401	116	227	0	0	0	950	0	0	0	0	0	3539	0	0				
2396592																			0	3978	1579	14026	726	735	0	0	0	2049	0	0	0	0	0	5685	0	0	State Tax Receivable			
2396604																			0	430	0	11482	284	3895	3208	0	0	2147	0	0	0	0	0	5010	0	0	BRANCH CLEARINGS			
2398701																			0	7922	6886	19829	0	2543	807	0	0	2478	0	1231	0	0	0	0	0	0	Income tax receivable			
2451240																				4572	4734	157579		128801				3867	108638				0	14701	904	0				
2465881																			66	4142	1753	30540	4839	6618	0	0	0	11873	0	0	0	0	0	3245	0	2909				
2467670																			0	29	0	977	137	555	0	0	0	393	0	0	415	0	0	0	0	0				
2471239																				27712	6782	137543		69292	20692			33757					0	0	0	0	Arena Naming Rights			
2482824																			78	1179	0	51485	2491	5403	2675	0	0	16250	0	0	0	0	0	28653	0	0	Right of Use Asset ASC Topic 842			
2489805	0	436000	323000	2393000	0	661000	476000	0	0	973000	0	0	0	0	0	0	0	0																			RECEIVABLE FROM LOAN SERVICES			
2490285																			0	137	0	2003	0	251	0	0	0	1615	0	0	0	0	0	0	0	0				
2497181																			0	2223	9971	41821	1715	3570	1300	0	0	9070	0	0	0	0	0	11490	0	5497	EFT Settlement Deposit			
2502825																			0	68	0	268	0	154	0	0	0	46	0	0	0	0	0	0	0	0				
2505424																			0	1473	1090	12943	1084	1401	0	0	0	1555	0	0	0	0	0	7424	0	0				
2505451																			0	391	2366	5625	559	563	0	0	0	2305	0	0	0	0	0	0	0	0				
2505460																			98	822	1107	8407	400	499	0	0	0	3364	0	0	0	0	0	2615	0	0				
2508751																				42709	0	130559		63528	22231			20019			16320	2547	0	3040	0	1263	OPerating Lease Equipment (not ROU)			
2515320																			0	7868	2734	52473	0	18972	12792	0	0	6310	0	0	0	0	0	16589	0	0	Internally Developed Software			
2529176																			0	887	731	7917	72	187	0	0	0	806	0	0	115	0	0	5306	0	0				
2531562																			0	1244	0	6231	256	353	0	0	0	384	0	0	0	0	0	4250	0	0				
2531991	0	4603	0	6576	0	1211	731	0	0	762	0	0	480	0	0	0	0	0																			Current Income Tax Receivable			
2533043																			0	367	2033	2831	58	98	28	0	0	333	0	0	0	0	0	0	0	0	Security Deposits			
2536633																			0	460	419	3334	322	322	0	0	0	1229	0	0	0	0	0	904	0	0				
2539960																			0	4862	97	16161	4	246	0	0	0	9270	0	0	57	0	0	1686	0	0				
2562137																			0	123	76	2908	0	161	0	0	0	2548	0	0	0	0	0	0	0	0				
2562164																				9166	0	276034		234345	177657			18613					0	13910	0	0	Credit Enhancement			
2567123																			0	35155	498	173370	0	131924	0	0	0	5793	0	0	131303	0	0	0	0	0				
2568063																			0	464	0	12479	382	9464	10	0	0	2551	0	0	11	0	0	0	0	0	Mortgage Fee Accounts Receivable			
2576134																			0	4763	13037	199339	0	177242	157727	0	0	4297	0	0	0	0	0	0	0	0	Funds on deposit with partner			
2577739																			0	437	1376	3924	65	187	0	0	0	1007	0	0	0	0	0	0	0	917				
2580243																				4098	1129	40256	776	2463				4012	990				0	23239	0	5315				
2587916																			0	1627	5694	19730	481	512	0	0	0	2611	0	0	0	0	0	9286	0	0				
2594240																			0	18478	14919	149195	0	22016	14738	0	0	12515	0	0	0	0	0	75744	0	5523	Def Tax - AFS	FRB Stock		
2594419																				1207	0	10231	791	1756	901			1169					0	3997	2102	0	ASC 942 Right of Use Asset			
2596646																			0	16745	15072	65876	1902	3772	0	0	0	16738	0	0	0	0	0	6673	0	6876				
2597223																			0	150	465	3864	164	2738	2524	0	0	511	0	0	50	0	0	0	0	0	Fiduciary Fees Receivable			
2597232																			0	468	77	1347	0	802	0	0	0	0	0	0	762	0	0	0	0	0				
2598396																				401	546	1960	368	471				542			87		0	0	0	0				
2600039																			0	27287	17447	137153	0	92419	0	0	0	0	0	0	78570	0	0	0	0	0				
2602828																			0	49	0	2744	0	257	157	0	0	415	0	0	0	0	0	2023	0	0	Prepaid salary for President. Prepaid insurance and maintenance contracts.			
2605566																				0	0	9222		5360	1580	2184		3862					0	0	0	0	Motorcycle processing fees receivable	Motorcycle loan intercompany receivable		
2607412																			0	344	0	1118	100	278	178	0	0	496	0	0	0	0	0	0	0	0	Loan Fees Receivable			
2608754																				21513	13562	230127		80019				20721	22840		28844		0	78343	14680	1289			0	
2610784																			0	67	0	536	0	73	0	0	0	396	0	0	0	0	0	0	0	0				
2614344																			0	383	1330	14167	522	885	362	0	0	1675	0	0	0	0	0	9894	0	0	ATM Transactions in Process			
2615190																			7192	0	330184	688728	29645	266649	105047			91895		587			0	0	0	0	Due from Visa - Merchant Sales Transactions			
2615220																			0	952	0	10437	0	563	349	0	0	1844	0	0	0	0	0	7078	0	0	Right of Use Lease			
2618780																				52064	108259	616702		187937				132794		50590			0	48913	22169	64566				
2619714																			0	5874	964	21248	297	367	0	0	0	4173	0	0	0	0	0	9870	0	0				
2621285																			0	756	1159	6952	0	974	0	0	0	808	0	0	0	0	0	3255	0	0				
2621940																			0	419	1102	5932	207	505	178	0	0	1312	0	0	0	0	0	583	875	1136	Cash Items not in the process of Collection			
2624400																				10685	2824	101635		75769	42758			9114					0	2224	0	1019	Trade Date Securities Receivable			
2625724																			0	2972	2849	31361	0	10585	0	0	0	4289	0	0	0	0	0	10666	0	0				
2631172																				2691	0	21691		4997				1716					0	12287	0	0				
2631846																				9263	0	48338		11568				4722			9367		0	22785	0	0				
2634191																				70019	100396	619262	25851	93708	49207			120049					0	208394	6072	20624	Electronic Settlement Deposit			
2634351																				25160	0	316771		217349	181971			18038					0	25468	30756	0	Trade Date Securities Receivable			
2641827																			0	74	49	1773	0	1621	1534	0	0	29	0	0	0	0	0	0	0	0	Accrued fees			
2643595																			0	2260	0	4224	400	427	0	0	0	1537	0	0	0	0	0	0	0	0				
2649177																			0	511	7887	44144	0	34199	14048	16000	0	1547	0	0	0	0	0	0	0	0	Shipping Prepaid Postage	COAD Deposit		
2651899																			0	138	0	1467	0	1329	0	0	0	0	0	0	1324	0	0	0	0	0				
2652092																				28425	129888	695979	8956	160717	70071			41771		158			0	93165	222741	19272	Income Tax Receivables			
2654911																				7796	81835	170079		36856	3774			43592					0	0	0	0	Interest Options			
2661861																				579	4611	27131	1075	1611				2484					0	16713	0	1133				
2666400																			0	4775	638	358128	0	312780	297863	0	0	4842	0	0	0	0	0	35093	0	0	INVESTMENT IN MERCURY FUNDING			
2667920																			0	300	47	2541	0	1916	0	0	0	278	0	0	1916	0	0	0	0	0				
2667939																			0	6089	2119	33274	368	471	0	0	0	12474	0	0	0	0	0	12121	0	0				
2667957																				7382	86	28652	2743	4485				5169		208			0	11530	0	0				
2668598																			0	1130	2905	19187	342	478	0	0	0	2219	0	0	0	0	0	10131	0	2324	FEES RECEIVABLE			
2684552																			488	946	0	11691	157	762	112	1		2065	2		2		0	6495	0	1423	Late Charge Receivable	Deposit		
2686211																				648	0	21873	726	3677				3557			2887		0	13991	0	0				
2687133																				1173	414	6457	318	715				1102					0	3053	0	0				
2687487																			0	1053	2820	19247	0	12744	0	0	0	2630	0	0	0	0	0	0	0	0				
2693264																				22517	0	189922		123050	58668	34496		26181					0	18174	0	0	Trade Date Securities Receivable	Operating Lease Equipment (not ROU)		
2694681																			0	2652	6806	27820	4487	10336	5248	0	0	8026	0	0	0	0	0	0	0	0	RETURNS IN PROCESS			
2696180																			0	1668	0	4198	68	106	0	0	0	1759	0	0	0	0	0	665	0	0				
2697963																				7960	3274	50385		9489				5999					0	0	0	23663				
2700984		54097	15527	295449		189438	72337			36387					0	0	0	0		54097																	Excise tax receivable			
2702764																			0	549	208	3100	0	77	0	0	0	840	0	0	0	0	0	1426	0	0				
2705112																			0	127	94	1363	109	112	0	0	0	1030	0	0	0	0	0	0	0	0		Accrued Federal Income Tax		
2705895																				20134	33116	114169		24509				36410			14919		0	0	0	0				
2708122																			0	6109	12072	71530	0	5834	2576	0	0	6213	0	0	0	0	0	41302	0	0	Low Income Housing Tax Credits			
2713920																			0	2373	5181	16959	0	3419	0	0	0	5986	0	0	3369	0	0	0	0	0				
2716088																			0	1941	678	8592	1009	3146	1902	0	0	2827	0	0	0	0	0	0	0	0	Other Receivables			
2718596																			0	432	3519	11772	193	368	0	0	0	1955	0	0	0	0	0	5498	0	0				
2719810																				2955	13	7367		2729				82			2543		0	964	0	624				
2723376																			0	742	1507	4613	0	1407	979	0	0	957	0	0	0	0	0	0	0	0	FEE INCOME RECEIVABLE			
2724766																			0	32	0	785	103	103	0	0	0	650	0	0	0	0	0	0	0	0				
2726050																			0	343	58	2585	0	676	525	0	0	1508	0	0	0	0	0	0	0	0	reserve for inc tax			
2729677																			0	0	6007	24970	0	18963	4906	10096	0	0	0	0	0	0	0	0	0	0	Deferred Capitalized Software Costs	Trust Intercompany Suspense Settlement		
2730431																			0	2516	576	9388	0	5037	0	0	0	1259	0	0	3459	0	0	0	0	0				
2732565																			0	3166	9205	25607	818	835	0	0	0	4640	0	0	0	0	0	6923	605	233				
2733263																			0	3242	6596	18799	510	651	0	0	0	2546	0	0	0	0	0	5764	0	0		0		
2734729																				16010	41641	112569	2666	7064	1516	1764		16826					0	25353	5675	0	A/R SECURITIES PAYMENT	CRA Investment in LIHTC		
2735137																			0	2616	118	3939	0	186	0	0	0	1019	0	0	0	0	0	0	0	0				
2735146																				382791	0	836414		212223			100079	232256					0	9144	0	0			Equipment operating lease receivable	
2736219																			0	6628	9468	72958	5345	19633	0	0	0	11363	0	0	0	0	0	19253	0	6613				
2736291																				106492	213311	419236		38184				61249			24794		0	0	0	0				
2736451																				2609	3741	18546	2600	8757	2998			3439		256	155		0	0	0	0	Right-of-use Asset - Operating Lease			
2736714																			0	7851	15299	58792	1323	4501	1134	0	0	8607	0	0	0	0	0	20211	0	2323	Due from counterparty			
2737980																				80109	0	151295		42833	30446			28353					0	0	0	0	Lender Risk Account Receivable			
2743244																				2407	15180	65261	2848	5276				11131					0	26480	0	4787				
2745426																				1434	4519	36597	2267	2711				3560	257		32		0	24373	0	0				
2745529																			0	0	109	875	0	745	0	0	0	21	0	0	712	0	0	0	0	0				
2746245																			0	695	0	5899	305	527	221	0	0	977	0	0	0	0	0	3700	0	0	Debit Card Clearing Account - Prefund	Insurance proceeds from ATM Damage-hold for repair		
2747279																			0	342	285	4281	198	200	0	0	0	484	0	0	0	0	0	2970	0	0				
2747466																			0	814	0	9423	207	375	0	0	0	3115	0	152	0	0	0	5119	0	0				
2747587																			0	5284	0	57259	0	13884	0	0	0	3786	0	0	3471	0	0	34305	0	0				
2748502																			0	2663	3973	30959	932	1738	0	0	0	5776	0	0	0	0	0	16809	0	0				
2753917																			0	121	1105	2648	565	647	0	0	0	775	0	0	0	0	0	0	0	0				
2754222																			0	184	0	3581	0	597	387	0	0	960	0	0	0	0	0	923	0	917	Excess collateral on SHCP loan			
2756730																			0	2779	0	9528	145	327	0	0	0	5932	0	0	0	0	0	490	0	0				
2756909																			0	2505	4145	9547	847	1431	496	0	0	1466	0	0	0	0	0	0	0	0	Def Loan Origination Cost			
2757205																				30698	5005	222410		113120	43287	32756		16564					0	45243	70	11710	Early ACH pay settlement	Income tax benefit		
2758613																				43324	22229	163768		27753				27903			19570		0	36217	0	6342				
2759629																			0	671	0	11828	307	567	0	0	0	3906	0	170	0	0	0	6684	0	0				
2764212																				8085	10719	69700		4319	2387			11257					0	35320	0	0	Right of Use Asset	Pre-Paid Federal Income tax		
2769570																			0	989	719	9162	0	63	0	0	0	1456	0	0	0	0	0	5935	0	0				
2771694																			263	4656	5235	59731	2262	14155	2953	0	0	8421	0	0	7880	0	0	27264	0	0	Current Income Taxes Receivable			
2774707																			0	0	0	548	0	351	0	0	0	197	0	0	0	0	0	0	0	0				
2775151																			0	206	616	2195	259	320	0	0	0	1053	0	0	0	0	0	0	0	0				
2775179																			0	1725	0	18048	864	2086	0	0	0	2484	0	0	0	0	0	10981	0	772				
2775692																			0	359	0	2763	117	442	325	0	0	560	0	0	0	0	0	1402	0	0	Income Tax Receivable			
2785477																			0	5531	1397	13942	336	425	0	0	0	3180	0	0	0	0	0	3409	0	0				
2785646																			0	6170	7120	49261	0	14164	5926	3813	0	13860	0	0	0	0	0	6708	0	1239	Interest Rate Swaps	LINQs Annuity		
2787770																				5045	6814	42334	2419	3419				3380		80			0	20764	0	2912				
2791085																			0	857	649	10569	429	1979	1136	0	0	3260	0	59	353	0	0	3824	0	0	Operating lease			
2793593																				2528	64	5414	978	1291				1531					0	0	0	0				
2794732																			0	2258	0	7625	644	1235	543	0	0	4132	0	0	0	0	0	0	0	0	CDARS Ratebridge Payments-Outgoing			
2796277																				11	15	3331		3242	3129			63					0	0	0	0	Investment and trust advisory fees receivable			
2797162																				2720	3895	20323	6428	8728				4980					0	0	0	0				
2797210																			0	185	4	370	0	150	0	0	0	31	0	0	0	0	0	0	0	0				
2797359																			0	2179	3196	28146	1006	2510	0	0	0	4656	0	0	1108	0	0	8827	0	6778				
2797724																				28062	88507	602299	24487	90661				57644			40030		0	305880	285	31260				
2805535																			0	1298	1643	7495	461	1878	0	0	0	2676	0	0	1127	0	0	0	0	0				
2805928																				263	2329	7318	482	487				982					0	3257	0	0				
2806635																			24	744	0	4932	481	1010	429	0	0	3178	0	0	0	0	0	0	0	0	CARD SETTLEMENT DEPOSIT			
2806840																				621	0	7114	281	451				1882	126				0	3020	0	1140				
2806877																				11537	0	46396		26545	1537			8314	455		8822		0	0	0	0	Gain on Rate Lock/Hedge			
2807173																			0	231	0	3504	161	625	0	0	0	908	0	166	246	0	0	1740	0	0				
2808602																				8397	16575	124015		38744	14905			14811					0	45488	0	0	LIHTC Commitment			
2809373																			0	291	0	3347	361	3044	217	54	0	12	0	0	2412	0	0	0	0	0	Intercompany Receivable	Security Deposits		
2811086																			0	124	61	2308	0	54	0	0	0	357	0	0	0	0	0	1256	0	456				
2815879																			0	1445	0	6154	375	389	0	0	0	1504	0	0	0	0	0	2816	0	0				
2819167																			0	1965	7536	33248	2866	10206	0	0	0	4749	0	0	5150	0	0	8792	0	0				
2819242																			0	1138	0	13658	1244	1312	0	0	0	3834	0	0	43	0	0	6111	0	1263	0			
2820604																			0	717	765	7717	1363	1565	0	0	0	2572	0	0	0	0	0	2098	0	0				
2823221																			0	771	0	15489	0	248	0	0	0	3598	0	0	0	0	0	10872	0	0				
2826017																				555	4975	48291		42682	13227			79			22428		0	0	0	0	Pension Plan Asset			
2833882																			0	966	3827	12812	0	4896	3364	1531	0	3123	0	0	0	0	0	0	0	0	right-of-use assets	misc		
2835103																			4	1616	0	20933	371	656	0	229	0	6548	0	0	0	0	0	12113	0	0	FSA Receivable	Software and other assets		
2836306																			0	1437	455	8497	961	1327	0	0	0	638	0	0	0	0	0	4640	0	0				
2838207																			0	788	3906	13832	1004	5852	0	0	0	3286	0	63	4308	0	0	0	0	0				
2839790																			6	1706	4167	36342	0	7091	0	0	0	4349	0	0	3651	0	0	14496	0	4533				
2845782																				90	0	1161		1025	775		0	46					0	0	0	0	Current prepaid income taxes			
2847085																			0	698	726	4368	102	344	242	0	0	838	0	0	0	0	0	1762	0	0	Open Prairie Fund			
2847142																			0	2332	5848	21856	1339	3768	1251	0	0	9908	0	0	0	0	0	0	0	0	SBIC Limited Partnership Interest			
2849285																			0	3137	2734	8836	328	439	0	0	0	2526	0	0	0	0	0	0	0	0				
2849463																			0	6891	1440	39675	1579	5953	0	3623	0	4575	0	0	0	0	0	10108	0	10708		Partial Interest in Business Investments		
2849801																				14540	13702	104260	2944	7581				12662	335				0	46149	0	9626				
2850722																				0	9542	75766		36643	29879			29581					0	0	0	0	Credit Enhancement - Indemnified Auto Loans			
2855866																			0	816	0	4961	1024	2042	0	0	0	2103	0	0	0	0	0	0	0	0		ACH PREFUNDING		
2857600																			0	1643	4616	17726	661	1121	0	0	0	1455	0	0	0	0	0	8891	0	0				
2858492																			0	6553	0	13986	528	4652	36	728	2913	2781	0	3	0	0	0	0	0	0	DEALER ACCRUED	FEDERAL INCOME TAX DEPOSIT	FHLBI LRA RECEIVABLE	
2858960																			632	25205	22191	264559	11873	174073	31138			43090		3349	23175		0	0	0	0	Consumer Fintesch Loan Credit Enhancement			
2860039																			0	187	1864	6935	164	172	0	0	0	564	0	0	0	0	0	0	4148	0				
2860271																			0	2041	2594	13126	282	612	254	0	0	1806	0	0	0	0	0	4962	0	1111	Investment -BankTech Ventures			
2861317																			0	420	467	10804	357	1298	884	0	0	1307	0	0	0	0	0	6955	0	357	Investment in Woodlands II			
2867337																				24631	13584	81340	5043	7311				11904					0	23910	0	0				
2869162																			0	1800	2016	14428	485	1097	0	0	0	2656	0	0	0	0	0	6859	0	0				
2871099																			0	4378	3687	23903	534	690	0	0	0	2715	0	0	0	0	0	10213	1023	1197				
2871558																			0	618	1657	9465	166	404	0	0	0	1157	0	0	0	0	0	4397	0	1232				
2873598																			0	192	661	7150	746	1881	0	0	0	576	0	0	960	0	0	3840	0	0				
2877345																				10387	3708	45028		11697	1011	8233		4360	492				0	14876	0	0	FHN Swaps held for trading	Federal Tax receivable from tax credit purchase		
2877484																				97	96	967	100	723	425			51					0	0	0	0	Federal Income Tax Receivable			
2877831																			0	592	1097	9612	319	337	0	0	0	1053	0	0	0	0	0	6533	0	0				
2880019																			0	440	2092	58729	0	52489	12575	0	0	3708	0	0	8962	0	0	0	0	0	Operating Leases			
2881445																			0	0	222	9653	0	9226	2779	0	0	205	0	0	5365	0	0	0	0	0	Receivable for securities sold			
2882983																			744	3538	204	7966	0	905	0	0	0	3301	0	0	0	0	18	0	0	0				
2889227																			0	51	773	1846	228	233	0	0	0	789	0	0	0	0	0	0	0	0				
2891622																				1217	0	147192	7122	137157	37061			6887	5627		13531		0	1931	0	0	Escrow & Servicing Advances			
2897633																			0	521	2370	10220	214	221	0	0	0	1155	0	0	0	0	0	5953	0	0				
2901558																				136	0	471	122	149				186					0	0	0	0				
2903123																				4752	1598	17335	887	1412				3217		211	207		0	0	0	6356				
2905761																			0	148	355	2267	104	127	0	0	0	259	0	0	0	0	0	1378	0	0				
2907019																			0	590	657	4382	0	587	0	0	0	2548	0	0	0	0	0	0	0	0				
2907439																				4610	684	7814	1030	1374				1146					0	0	0	0				
2912750																			0	83	0	1297	236	1173	0	0	0	41	0	0	937	0	0	0	0	0				
2913702																				4500	1008	12384	460	530				1343					0	5003	0	0	TAX CREDITS RECEIVABLE			
2914268																			0	0	5	6953	0	6948	6723	0	0	0	0	0	0	0	0	0	0	0	Trust administration and service fees receivable			
2914727																			0	712	1347	6873	249	477	0	0	0	4337	0	0	0	0	0	0	0	0				
2915461																			0	7210	0	44706	2085	2843	0	0	0	4801	0	0	0	0	0	29852	0	0				
2916534																			0	16654	2546	23805	410	1930	899	0	0	2675	0	0	0	0	0	0	0	0	Right of Use Lease Asset			
2916963																			0	14027	0	21358	0	5974	0	0	0	1357	0	0	5974	0	0	0	0	0				
2917184																			0	642	0	4709	208	283	0	0	0	588	0	56	19	0	0	3196	0	0				
2917317																				29600	12427	740904		284981	83072	120317	33367	130008					0	282984	0	904	Tax credit investments	Tax deposit	Loan charges and accounts receivable	
2919898																				2596	2610	27721	631	1386	539			3610					0	11693	0	5826	SBIC Fund Investment			
2920287																			0	348	0	3768	0	206	0	0	0	700	0	0	0	0	0	2514	0	0				
2920773																			0	1385	2594	35899	1039	5937	1388	0	0	3676	0	0	3501	0	0	22307	0	0	Right to Use Leased Assets			
2921622																			0	174	0	841	0	134	0	0	0	533	0	0	0	0	0	0	0	0				
2921659																			0	0	827	45005	0	41611	0	0	0	2567	0	0	41560	0	0	0	0	0				
2925620																			0	3432	1843	16683	233	1005	0	147	384	1674	0	24	155	0	0	8729	0	0		Income Tax Receivable - Federal & State	Suspense Resources	
2925666																				100556	209223	2852922		1100630	411460			219663					0	1087698	6628	128524	CRA Investments			
2929392																			0	1783	4402	10624	496	1902	1268	0	0	2537	0	0	0	0	0	0	0	0	Investment in Income Tax Credit Fund			
2938198																				25237	11799	129560		60646	15805	24114		28780					0	1824	0	1274	Non-equities investments	Trade Date Securities Receivable		
2938787																				967	0	5666	2438	4617	101			82			2078		0	0	0	0	Misc			
2939001																			0	667	0	4898	143	178	25	0	0	301	0	0	10	0	0	2092	0	1660	Deferred Fees			
2939391																			0	330	923	7116	99	101	0	0	0	1178	0	0	0	0	0	4584	0	0				
2941068																				46339	22895	337144		48814	23845			26598					0	185282	3003	4213	Deferred Comp			
2943615																			0	498	2313	14280	635	1051	0	0	0	3401	0	0	0	0	0	7017	0	0	Bookkeeping Cutbacks			
2947556																			0	0	233	4277	0	3339	903	0	0	705	0	0	0	0	0	0	0	0	CRA loan investments in affordable housing projects			
2948058																			0	662	4729	20590	441	3093	0	0	0	3796	1793	450	145	0	0	8310	0	0				
2948423																			0	1314	4261	16725	747	788	0	0	0	2537	0	1	0	0	0	7825	0	0				
2949970																			0	2224	438	4520	374	1231	0	0	0	627	0	0	323	0	0	0	0	0				
2953418																				3028	3077	15931	2333	6205	2747			3621					0	0	0	0	HABITAT FOR HUMANITY			
2954059																				14298	22209	141345	10146	11640				13833					0	7296	72069	0				
2954497																			0	4576	1668	18117	503	2946	1750	0	0	1315	0	0	0	0	0	5628	1984	0	RIGHT-OF-USE ASSETS - LEASES			
2958972																			0	4382	3677	34406	0	4607	0	0	0	4360	0	0	0	0	0	17380	0	0				
2960555																			0	0	819	5276	0	1385	0	0	0	1115	0	0	0	0	0	1957	0	0				
2960788																			0	75	0	415	0	309	0	0	0	31	0	0	293	0	0	0	0	0				
2963266																				5821	30676	130101		24628				10620		8256	12574		0	54842	0	3514				
2963275																			0	606	2094	5845	0	98	0	0	0	558	0	0	0	0	0	2489	0	0				
2963864																			0	828	1477	9066	226	801	0	0	0	1278	0	0	0	0	0	2475	2207	0				
2970657																				8205	0	92241		69577	42758			12330					0	2129	0	0	Trade Date Securities Receivable			
2973041																			0	334	3176	5434	0	946	634	0	0	10	0	0	0	0	0	968	0	0	Fees Receivable			
2973386																			0	0	1353	57943	0	56293	0	0	0	297	0	0	35268	0	0	0	0	0				
2980209																			0	7000	886000	2221000	589000	949000	0	0	0	379000	0	0	0	0	0	0	0	0				
2989006																			50	982	0	10417	195	439	0	0	0	2864	0	0	0	0	0	6132	0	0				
2992547																			0	0	7076	26615	0	19244	11759	0	0	295	0	0	7457	0	0	0	0	0	Other Investments			
2997216																			0	2348	2177	10145	559	568	0	0	0	1765	0	0	0	0	0	2947	0	340				
2997748																			0	3225	1828	17592	1355	5333	0	0	0	7206	0	0	3269	0	0	0	0	0				
2998576																			0	61304	0	145299	29203	51343	0	0	0	25839	0	0	5831	0	0	6813	0	0				
3005097																			0	58	145	2924	0	109	0	0	0	686	0	0	0	0	0	1111	0	815				
3010363																			0	329	645	6163	358	372	0	0	0	875	0	0	0	0	0	2576	0	1366				
3015939																			0	659	738	9877	1356	5321	1344	0	0	3159	0	0	2105	0	0	0	0	0	RIGHT OF USE LEASE ASSETS			
3016347																				1817	4168	52661	1306	4748				10932	1762				0	29458	0	1538				
3017081																			0	0	4200	32706	0	27447	8195	16293	0	1059	0	0	0	0	0	0	0	0	Accrued Client Fees Receivable	Prepaid Expense		
3019982																			0	5435	5786	55499	1748	11748	5404	3085	0	4060	416	6	1089	0	0	27651	0	819	Small Business Investment Companies	Low Income Housing Tax Credit		
3020447																			0	1063	0	3207	0	64	0	0	0	2080	0	0	0	0	0	0	0	0				
3022610																			0	879	0	7359	363	714	0	0	0	1523	0	0	0	0	0	3533	0	710				
3025929																			0	676	896	5247	0	1342	0	0	0	504	0	0	0	1312	0	1829	0	0	APS in Process			
3027763																			0	5983	190	8013	364	496	131	0	0	1344	0	0	0	0	0	0	0	0	MISCELLANEOUS OTHER ASSETS			
3029253																			0	370	0	3984	0	3595	0	0	0	19	0	0	3575	0	0	0	0	0				
3029589																				8149	18049	289119	2940	221720				12498	181913	2443	12820		0	28703	0	0	Total accrued income tax r/c from RC-G to RC-F			
3032833																			0	0	132	319	0	10	0	0	0	91	0	0	0	0	86	0	0	0				
3034257																				672	1619	8141	467	467				2977					0	2406	0	0				
3039636																			0	10165	3933	33343	0	3218	1104	0	0	3840	0	0	0	0	0	12187	0	0	LOAN RECEIVABLES (LEGAL/INSURANCE)			
3040418																				412	3701	57130		48509				4508			19970		0	0	0	0				
3041358																			0	288	0	1763	148	172	0	0	0	1303	0	0	0	0	0	0	0	0				
3045383																			0	541	4964	49170	0	43665	0	0	0	0	0	0	43665	0	0	0	0	0				
3047659																			0	11589	7321	83525	8834	10927	0	0	0	8294	0	0	0	0	0	43984	0	1410		Income Tax Receivable		
3049635																			0	499	0	8128	0	134	0	0	0	1908	0	0	0	0	0	1391	0	4196				
3052813																				7100	5070	27479	723	2486				3851					0	8972	0	0				
3066025	0	900	1902	25958	0	23156	0	0	0	0	0	0	23156	0	0	0	0	0																						
3067929																			0	978	0	2161	501	550	0	0	0	633	0	0	0	0	0	0	0	0				
3068579																				1051	13487	59426	2164	2639				4276					0	36580	1393	0				
3070545																			0	1721	5849	20095	0	495	0	0	0	4019	0	0	0	0	0	8011	0	0	Prepaid Expenses			
3076220																				30821	23598	105676	1673	4222				47035			2402		0	0	0	0				
3076248																				79293	74139	355626	5854	82201				119993			9928		0	0	0	0				
3076453																			0	43686	29362	163237	0	11707	0	0	0	11115	0	0	0	2928	0	57220	0	10147				
3076604																				1986	3299	11124	1006	2807	1552			3032					0	0	0	0	Brokerage Account Receivable			
3089752																			0	455	0	1614	0	1060	1059	0	0	99	0	0	0	0	0	0	0	0	Fee Income Receivable			
3090833																			0	917	0	2426	298	383	0	0	0	1126	0	0	0	0	0	0	0	0				
3103591																				78	417	1347		65				787					0	0	0	0				
3109043																				13618	10827	107956		13167				16137					0	25863	0	28344				
3109146																				27827	12669	95289		38426	18541			16367					0	0	0	0	Mark to Market Adjustment on Customer Derivatives			
3110197																			0	31795	9026	151934	3965	13392	8189	0	0	79823	0	0	0	0	0	15030	2868	0	Other receivables			
3116519																			0	1485	171	3663	0	607	326	0	0	1400	0	0	0	0	0	0	0	0	Prepaid Interest			
3120646																			0	875	3688	12270	215	413	0	0	0	2186	0	0	0	0	0	5108	0	0				
3120897																				1596	0	3572	177	486				1490					0	0	0	0	Loan in Process	0	0	
3122994																			0	5785	0	15584	1148	5248	3210	167	0	4551	0	117	121	0	0	0	0	0	Contract Costs	Security Deposits		
3125315																			0	589	944	8967	0	1163	0	0	0	796	0	0	0	0	0	5475	0	0				
3125557																			198	878	0	13840	469	669	0	0	0	2342	0	0	0	0	0	8384	1567	0				
3128923																			0	0	0	7530	295	801	0	496	0	1412	0	0	0	0	0	5317	0	0		Tax Unrealized Gain/Loss Securities		
3134399																			0	564	454	6419	218	218	0	0	0	693	0	0	0	0	0	4490	0	0				
3134698																			0	731	4160	20137	946	3749	739	0	0	2650	0	0	0	0	0	8847	0	0	Other Assets			
3138146																			0	251214	346693	3550896	0	1424425	0	0	0	472121	449304	0	0	0	0	139555	863707	53181				
3139321																			0	0	833	3315	58	58	0	0	0	467	0	0	0	0	0	1957	0	0				
3140822																			0	6423	0	22247	128	341	154	0	0	4363	0	0	0	0	0	11120	0	0	Fiserv Settlement			
3141726																				4549	10966	49859	1451	2011				4238					0	28095	0	0				
3146150																			0	9323	15422	115485	0	19655	0	0	0	11661	9767	0	8634	0	0	59424	0	0				
3148613																			0	947	0	6466	239	271	0	0	0	504	0	0	0	0	0	4744	0	0				
3150205																			0	2433	1042	5853	584	597	0	0	0	1781	0	0	0	0	0	0	0	0				
3150447	0	656000	3042000	6517000	0	2278000	2084000	0	0	541000	0	0	0	0	0	0	0	0																			LIHTC Investment			
3153233																			0	1935	3820	10046	1043	2252	0	0	0	1318	0	0	0	0	0	721	0	0				
3153297																			0	888	2573	29430	1194	4231	1510	0	0	3897	0	0	0	0	0	17841	0	0	ANNUITY INVESTMENT			
3158546																			0	17834	4026	63050	0	12279	0	0	0	11252	0	0	4751	0	243	17416	0	0				
3160978																			0	2155	910	10108	560	622	0	0	0	1898	0	0	0	0	0	4523	0	0				
3165357																			0	2009	2161	26743	1001	4882	1002	968	0	3642	0	0	1903	0	0	14049	0	0	FHLB LRA	Current Deferred Income Taxes		
3166699																			0	1065	0	4600	686	1340	0	0	0	2195	0	0	444	0	0	0	0	0				
3174920																			0	1450	13814	43477	1512	3295	838	0	0	4148	0	0	0	0	0	20770	0	0	Deferred Compensation Assets			
3180136																				34	0	141		98				9					0	0	0	0				
3184228																			1351	2136	5268	14135	1637	4436	0	0	0	2295	0	0	1446	0	0	0	0	0				
3185579																			0	1082	1635	12256	336	3348	2954	0	0	981	0	0	0	0	0	4143	0	1067	FIXED ANNUITY			
3185896																			0	472	1917	15612	447	465	0	0	0	2595	0	0	0	0	0	10163	0	0				
3187630																				11810	155155	288692		59428				55156			20227		0	7143	0	0				
3189063																			0	30507	28166	114323	0	17434	7876	0	0	12678	0	0	0	0	0	25538	0	0	Phoenix Development Costs			
3194692																			512	1314	3741	17148	786	1640				3704					0	4611	0	2138				
3199811																			0	3874	1583	15914	511	724	0	0	0	2214	0	0	0	0	0	7519	0	0				
3202702																				10000	92000	404000		166000	106000			90000					46000	0	0	0	Third-party receivables			
3212149	0	229343	304780	1310988	0	581554	220762	163584	0	195311	0	0	0	0	0	0	0	0																			Mortgage Remittance Receivables From Servicer	Cash Collateral on Centrally Cleared Derivatives		
3212402																				14978	9210	76397		8744	5108			10669					0	32796	0	0	Bankers Acceptance			
3213333																			0	155	781	3184	160	160	0	0	0	2088	0	0	0	0	0	0	0	0				
3214059																				8409	18636	51968	1474	2581	767			9297					0	13045	0	0	Credit card reserve settlement			
3216017																				11054	0	39096		14585	9500			11793					0	1664	0	0	Non-equities investments			
3216316																			0	1800	1586	10150	261	347	0	0	0	1545	0	0	0	0	0	4872	0	0				
3217331																			0	1946	5258	18143	0	7345	0	0	0	3594	0	0	0	0	0	0	0	0				
3217957																			0	829	5093	25056	474	797	110	0	0	2971	0	37	0	0	0	15366	0	0	Income Taxes Prepayment/Refunds			
3219269																				0	2353	5950		3536	3000			61					0	0	0	0	Accrued Income			
3220863																			0	550	0	3820	0	2432	729	0	0	838	0	0	0	0	0	0	0	0	Reposessed Assets Held For Sale			
3223305																			0	1072	574	14107	504	690	0	0	0	1539	0	0	0	0	0	10232	0	0				
3223408																			0	194	2808	8009	153	295	30	30	73	916	0	9	0	0	0	2252	0	1544	Leases Right to Use	Homeland Property Holdings	Other Assets	
3223417																				165	0	1129	145	147				817		2			0	0	0	0				
3224302																			0	2300	2732	24909	774	2688	0	0	0	3718	0	0	1165	0	0	13471	0	0				
3224375																			0	3890	4548	13896	709	1255	0	0	0	4203	0	0	0	0	0	0	0	0				
3224478																			49	764	471	5162	157	283				571					0	3073	0	0				
3224580																				0	379855	707801		111108	95338			216838					0	0	0	0	Contractual Payments			
3228908																			0	5994	14353	69720	0	30108	0	0	0	19265	0	0	23314	0	0	0	0	0	Due from affiliates	Other Assets - Asset Based (under)	Taxes Receivable (under)	
3229875																				462	0	17826	12065	17314				0					0	50	0	0	Accrued Trust Income			
3232204																				27099	45318	377816		101824	57662			44826					0	156842	1907	0	Low Income Housing Tax Credit Investments			
3232370																			0	923	1933	10702	424	825	169	0	0	1954	0	158	0	0	0	5067	0	0	Late Charges, GA Power			
3235410																				15355	24681	88306	2186	7709	2496			11069					0	23210	0	6282	Current Taxes	Other Assets		
3243282																			0	1192	1606	22055	878	6101	0	0	0	4139	0	0	0	0	0	6657	0	2360				
3247589																			0	3319	4671	23729	475	504	0	0	0	1820	0	0	0	0	0	13415	0	0				
3248849																				30651	13424	110459	1717	14660				10972	9931	5			0	40752	0	0				
3253834																				521	537	4503	113	130				769					0	2546	0	0				
3254297																			0	580	53	1577	475	536	0	0	0	408	0	0	0	0	0	0	0	0				
3262788																			0	1215	837	9123	611	1209	442	0	0	1403	45	0	0	0	0	4459	0	0	Cash in bank collateral for derivative			
3267738																			0	1200	2942	22832	907	1808	520	0	0	2295	0	0	0	0	0	14587	0	0	ARTWORK			
3268173																				0	0	0		0				0					0	0	0	0				
3268249																			0	0	3914	13771	34	34	0	0	0	9823	0	0	0	0	0	0	0	0				
3271799																			0	7811	4215	94145	0	40708	10422	0	0	10724	0	0	0	0	0	30687	0	0	Lease ROU			
3271986																			0	2951	3908	30060	1001	20800	19385	0	0	2401	0	0	0	0	0	0	0	0	Due from Subsidiary			
3272956																			0	2510	2224	6859	445	621	0	0	0	1504	0	0	0	0	0	0	0	0				
3274709																				8759	15503	96977		14746				9673	6489				0	48296	0	0				
3277241																			0	3846	710	13833	625	975	0	0	0	2649	0	0	215	0	0	5653	0	0				
3280625																			0	2742	25076	39630	0	7880	2000	2068	0	3932	0	0	0	0	0	0	0	0	Solomon Hess SBA Loan Fund	Reserve for FIT reclass		
3281510																			0	24523	10232	74301	2254	6900	0	0	0	8293	0	0	3642	0	0	24353	0	0				
3282012																			0	196	186	5875	0	1196	1061	0	0	1071	0	0	0	0	0	3226	0	0	DDA Suspense			
3284070	0	811000	768000	14272000	0	11771000	8760000	0	0	922000	0	0	0	0	0	0	0	0																			Auto Operating Leases			
3284397																				124886	26560	746404		571056				23902	545440				0	0	0	0				
3284445																			0	2604	1650	15138	0	4552	0	0	0	6332	0	0	3305	0	0	0	0	0				
3284490																			8	877	2160	15787	1546	2296	86			5813			61		0	4641	0	0	Investment - Tax Credits			
3285246																				151	38	891	131	176				526					0	0	0	0				
3285778																			0	261	1996	6481	1284	1317	0	0	0	889	0	0	0	0	0	2018	0	0		Other Assets		
3286999																			0	394	0	2729	490	774	184	0	0	1561	0	0	0	0	0	0	0	0	ATM Settlement Deposit			
3287660																				15528	0	2705407		2632748	2462619			57131					0	0	0	0	Investments in operating leases			
3288452																			0	2724	2651	18095	1014	1946	0	0	0	3389	0	0	0	0	2009	5376	0	0				
3290240																				7883	3630	40294	1666	5510				5959	3388	148	23		0	13643	0	3669				
3293540																			0	2887	1807	14108	485	678	0	0	0	2429	0	0	0	0	0	6307	0	0				
3296859																			0	826	649	2913	58	402	141	0	0	1036	0	184	0	0	0	0	0	0	ROU Asset			
3297490																			0	1259	44	8130	1911	1919	0	0	0	3058	0	0	0	0	0	1850	0	0				
3303298		768829	1055655	10918197		4740203				958882			2513860		0	1703227	249269	1442132																						
3303944																			0	424	2299	9110	424	605	0	0	0	1090	0	0	0	0	0	4692	0	0				
3306280																			0	4259	3303	24527	2052	2062	0	0	0	5226	0	0	0	0	0	9677	0	0				
3306598																			0	511	846	4033	180	282	0	0	0	2394	0	0	0	0	0	0	0	0				
3308529																				211	783	1779	204	299				486					0	0	0	0				
3308574																			0	646	0	1795	345	862	0	0	0	287	0	390	0	0	0	0	0	0				
3309393																			37	1030	805	3311	325	384	0	0	0	1092	0	0	0	0	0	0	0	0				
3309571																				626	0	10727	1411	1997				8104					0	0	0	0				
3310287																				199	292	11710		11164	0	0	0	55			9199		0	0	0	0				
3314043																			1187	5117	1260	11176	826	2638	0	0	0	2161	0	0	0	0	0	0	0	0				
3314119																			0	82	231	885	0	54	0	0	0	518	0	0	0	0	0	0	0	0				
3316739																			0	2492	421	9978	126	190	0	0	0	1170	0	0	0	0	0	5705	0	0				
3317192																			0	210	613	1643	106	321	0	0	0	499	0	0	0	0	0	0	0	0				
3317932																				54722	124074	689654		79384	21797		24911	60761					0	340648	0	30065	Prepaid Taxes		Prepaid Pension	
3320781																			0	1005	4887	22587	947	2257	0	0	0	4693	0	0	84	0	0	7710	0	2035				
3322468																			0	1406	453	2682	293	344	0	0	0	479	0	0	0	0	0	0	0	0				
3325759																				17701	14127	138329		18361		5239		19171					0	58749	0	10220		Cloud computing arrangement asset		
3337097																			0	11011	5857	28810	1168	4505	1823	0	0	7437	0	0	0	0	0	0	0	0	Income Tax Receivable			
3340725																			0	765	8004	19947	1568	3669	0	0	0	3402	0	0	0	0	187	3920	0	0				
3340903																			0	406	1145	2640	218	261	0	0	0	828	0	0	0	0	0	0	0	0				
3341393																			0	992	0	7828	418	469	0	0	0	1355	0	0	0	0	0	5012	0	0				
3342671																			0	4700	878	10333	697	901	0	0	0	1946	0	0	0	0	0	1908	0	0				
3344321																				19229	13924	51820	2030	9321	2817		490	9346		698	3286		0	0	0	0	Derivative Collateral	Income Tax Asset	FHLB Stock Dividend Accrued	
3346633																			0	96	1124	3942	181	269	0	0	0	695	0	0	0	0	0	1758	0	0				
3347603																			0	4345	2741	9424	446	852	163	0	0	1486	0	0	0	0	0	0	0	0	Income Tax Receivable			
3347911																			0	3075	3651	22487	0	12347	0	0	0	3414	0	8902	0	0	0	0	0	0				
3348468																			0	533	2789	16870	703	2800	0	0	0	2239	1481	0	0	0	0	8509	0	0				
3348888																				12203	49721	734740		175531	98143			61956					0	434150	0	1179	TAX CREDIT INVESTMENT			
3349241																			0	1501	1012	15358	1258	1442	0	0	0	2524	0	0	0	0	0	5226	0	3653				
3350658																			0	1069	1755	12478	438	438	0	0	0	1657	0	0	0	0	0	7559	0	0	Misc Assets	Intercompany Receivable		
3350724																				5490	3691	29865	1486	4244				6331	55				0	10109	0	0				
3353154																			0	177	0	177	0	0	0	0	0	0	0	0	0	0	0	0	0	0				
3354599																			0	1219	4838	28405	1906	3258	0	0	0	3744	0	0	0	0	0	15346	0	0				
3356191																			0	4418	0	27889	1010	2531	1158	0	0	10964	0	0	218	0	0	9976	0	0	Leased Assets, Allease Leasing, Inc.			
3357077																			0	2090	0	3539	258	399	0	0	0	1050	0	0	140	0	0	0	0	0				
3357219																			0	13345	12452	85409	0	25514	18155	0	0	10482	0	0	0	0	0	23616	0	0	CRA Investment			
3357385																				3576	3451	10063	590	690				2346					0	0	0	0				
3357620																			0	1503	26	1730	0	164	0	0	0	37	0	0	103	0	0	0	0	0				
3358270																				245	682	6065	237	253				746					0	4139	0	0				
3368635																				1246	0	10848	636	666				1532					0	7404	0	0				
3368925																			0	1126	2040	5882	778	876	0	0	0	1840	0	0	98	0	0	0	0	0				
3370133																			0	1472	0	4636	258	997	0	0	0	2167	0	0	0	0	0	0	0	0				
3370357																				934	322	2209	273	371				582					0	0	0	0				
3374234																			0	360	0	1953	0	853	677	0	0	740	0	0	0	0	0	0	0	0	Receivable from holding company (payroll convenience pymt)			
3374382																			0	4758	3355	20089	437	1405	0	0	0	3091	0	0	821	0	0	7480	0	0		0		
3374403																			0	3356	2664	20255	558	1894	0	0	0	1755	0	0	0	0	0	10586	0	0				
3374412																			274	7191	2152	106356	4292	26436	0	0	0	13419	6566	0	0	0	0	55740	0	1418				
3377235																			0	1398	0	8714	711	3888	0	0	0	886	0	0	1704	0	0	2542	0	0				
3378773																				53818	18320	183576		45933				18929	34902				0	46576	0	0				
3383665																				932	0	6468	82	1318	1191	34		1042					0	3176	0	0	Other Investments - Annuities	Right of Use Asset		
3384952																			0	593	2022	8182	631	963	0	0	0	3720	0	0	0	0	0	884	0	0				
3385744																			0	1528	4307	21217	518	2231	0	0	0	1941	0	0	0	0	0	11210	0	0				
3386264																			0	5511	11634	31734	865	1998	959	0	0	5593	0	0	0	0	0	6998	0	0	suspense			
3386536																				1599	13167	41679	1265	8092				5127			53		0	13694	0	0				
3387140																			0	899	689	4362	1110	1204	0	0	0	569	0	0	0	0	0	1001	0	0				
3388482																			0	6786	10991	47507	2384	10062	1849	0	0	5621	0	384	0	0	0	12314	0	1733	LOW INCOME HOUSING TAX CREDIT - INVESTMENTS			
3390337																			0	458	0	1094	245	282	12	1	0	354	0	10	14	0	0	0	0	0	Security deposits.	Other Assets		
3390627																			0	172	4082	8419	525	3213	1138	0	0	952	0	22	0	0	0	0	0	0	SBA Servicing			
3391718																			0	1463	5793	12939	935	1187	0	0	0	4496	0	0	0	0	0	0	0	0				
3393851																			0	146	399	1512	85	227	0	0	0	740	0	0	0	0	0	0	0	0				
3394278																				0	379897	2108986		143782	95899			1585307					0	0	0	0	Low Income Housing			
3394380																			0	592	0	1700	211	665	0	0	0	443	0	0	293	0	0	0	0	0	0	0		
3397233																			0	16144	9246	45122	0	1867	0	0	0	12609	0	0	316	0	0	4000	0	1256				
3398623																			0	10204	13341	62615	2235	17042	5815	7386	0	9230	0	0	0	0	0	12798	0	0	Low Income Housing Tax Credit - Asset	LINQS Annuity		
3401970																				29910	22623	171205	2903	15815				14382		167	12745		0	88475	0	0	Income Tax Receivable			
3402913		16478	33796	203921	3875	22995			5494	14889	8	1629	2227		0	115763	0	0		16478																			Right use of Assets	
3404207																				10197	1562	91860		52570	32317			16946					0	8710	0	1875	Trade Date Securities Receivable			
3404373																			0	12879	3496	55847	1439	4181	2183	0	0	7594	0	0	0	0	0	27697	0	0	Other Assets (Derivative)			
3404467																			0	11258	3961	33336	1495	1696	0	0	0	3004	0	0	0	0	0	13417	0	0				
3404506																			0	2110	5997	37892	0	2694	627	0	0	5442	0	0	0	0	0	15235	0	6414	Net FV Trust Preferred Asset			
3404999																			0	2977	1107	6493	559	566	0	0	0	1843	0	0	0	0	0	0	0	0				
3407084																			0	0	5824	8583	443	2091	909	732	0	668	0	0	5	0	0	0	0	0	Accounts Receivable	Prepaid Office Supplies & Expenses		
3408728																			0	43285	19254	253623	9846	32298	8023	0	0	38494	0	0	0	0	0	106717	3045	10530	Interest Rate Swaps			
3410141																			0	439	617	12751	181	1400	287	539	0	1486	0	0	375	0	0	4696	0	4113	Deferral Fee Receivable	Equity in SBIC		
3411773																			0	684	1058	7599	633	635	0	0	0	5222	0	0	0	0	0	0	0	0				
3412417																			0	983	2127	15021	489	673	0	0	0	1663	0	0	0	0	0	9575	0	0				
3419416																				8074	5892	25165	1516	5309	3452			5890					0	0	0	0	Low Income Housing Tax Credits			
3428258																			0	2554	2027	38768	0	12004	0	0	0	22183	0	0	5954	0	0	0	0	0				
3429219																			0	987	2321	12434	320	834	310	0	0	1487	0	0	0	0	0	6805	0	0	Fiserv EFT Deposit			
3435948																			0	3689	1030	91164	0	74159	44211	0	0	7852	0	0	0	0	0	2516	0	1918	Settlement receivable			
3437148																			0	1405	2960	26228	0	7629	6693	0	0	3599	0	0	0	0	0	10635	0	0	RETIREMENT PLAN ASSETS			
3437157																			5	7882	22636	135888	1511	33776	1148	30268		17473		53	326		0	51696	0	2425	Supplemental Employee Retirement Annuity	Investment in Low Income Housing & Other Tax Credi		
3437456																				27565	6007	172317		42661	10601	16779		20298					0	75786	0	0	SBA SERVICING ASSET	STATE TAX CREDITS		
3437483																			0	1858	19489	32125	1006	3953	0	0	0	6825	1686	0	0	0	0	0	0	0				
3438958																			0	1303	838	3806	501	701	140	0	0	964	0	0	0	0	0	0	0	0	MoneyGram Deposits			
3440803																			0	2019	4163	10440	541	709	0	0	0	2165	0	0	0	0	0	766	0	618				
3445901																			0	289	1684	10448	0	321	0	0	0	1351	0	0	0	0	0	6803	0	0				
3446225																			0	1143	0	4742	0	242	0	0	0	1765	0	0	0	0	0	1592	0	0	Software	ATM Settlement Reserve		
3446784																			0	1680	639	10275	274	310	0	0	0	940	0	0	0	0	0	6706	0	0				
3447576																			0	1564	727	43775	0	3043	915	0	0	8036	0	0	0	0	0	25600	0	4805	Accounts Receivable/PPD sftware license			
3447820																			0	3173	10230	67037	0	40995	30809	0	0	12639	0	0	0	0	0	0	0	0	Merchant processing			
3448162																			0	401	551	1864	253	298	0	0	0	614	0	0	0	0	0	0	0	0		0		
3448425																			0	135	1660	4890	109	178	0	0	0	632	0	0	0	0	0	2285	0	0				
3449066																				17021	14423	133764	2628	18844				14288	11660	209	299		0	69188	0	0				
3451050																			0	2458	4730	24362	0	3014	1405	0	0	2703	0	0	0	0	0	11457	0	0	Lease Right of Use			
3455227																			0	4235	8390	22861	323	2018	0	0	0	2500	0	162	57	0	0	3764	0	1954				
3459207																			0	4272	2931	11387	484	887	0	0	0	3297	0	33	250	0	0	0	0	0				
3459216																			0	1020	1155	2930	154	175	0	0	0	580	0	0	0	0	0	0	0	0				
3463875																			0	1014	0	12204	0	133	0	0	0	2188	0	0	0	0	0	8869	0	0		0		
3465392																				1746	3330	11153	479	1700				4377			735		0	0	0	0				
3466988																			0	2629	2785	32592	0	9140	3228	4769	0	4221	0	0	0	0	0	13817	0	0	RIGHT OF USE ASSET	NOTE RECEIVABLE		
3468450																			0	1969	0	3427	327	501	17	0	0	957	0	111	0	0	0	0	0	0	Receivables from collection of governement-guaranteed loans			
3470097																			0	152	0	4350	179	307	0	0	0	561	0	0	0	0	0	2743	0	587				
3470154																			0	6852	7139	21794	836	2250	0	0	0	5553	0	0	764	0	0	0	0	0	SBA/USDA Fee Receivable			
3470239																				36500	78408	219051		14824	9753			89319			4417		0	0	0	0	Loan Funding Deposits	Investments Receivable		
3470930																			0	4308	1178	13544	1078	1284	0	0	0	1364	0	0	0	0	0	2392	0	3018				
3472046																			0	4594	0	9860	1092	1776	0	0	0	3490	0	96	587	0	0	0	0	0				
3472859																			0	433	2746	6895	0	1766	961	0	0	1950	0	0	0	0	0	0	0	0	Servicing Asset FMV net of Retained portion of SBA			
3475083																				27342	27489	444973		203451	84047			79486	58446				0	107205	0	0	Deposit Bonding - Collateral			
3476192																				16855	21530	125181		24188	9480			17797					0	44811	0	0	Other Assets			
3479018																			0	72	1206	6150	145	172	0	0	0	825	0	0	0	0	0	3875	0	0				
3480069																			0	671	0	1130	101	120	0	0	0	339	0	0	0	0	0	0	0	0				
3482045																			0	929	264	5631	367	381	0	0	0	930	0	0	0	0	0	3127	0	0				
3482111																			0	2119	5419	36483	547	16254	9282	6360	0	5213	0	0	0	0	0	7287	191	0	Investment in tax credit partnership	Income Taxes		
3485215																			0	368	246	5648	353	873	0	0	0	1301	0	0	468	0	0	2860	0	0				
3487433																			0	3972	0	15260	858	1261	0	0	0	3194	0	0	0	0	0	6833	0	0				
3487947																			0	2987	0	5168	409	775	0	0	0	1406	0	0	0	0	0	0	0	0				
3488579																			0	4900	1149	14182	355	1109	100	495	15	7024	0	0	0	0	0	0	0	0	FAS 91 Deferred Asset	Life Insurance Premium	IR Derivative Asset	
3517590																			0	1835	1369	14779	864	1447	0	0	0	2123	0	0	137	0	0	8005	0	0				
3529315																			0	81	3439	10947	0	7427	0	0	0	0	0	0	7000	0	0	0	0	0				
3531176																			0	692	3838	14485	257	847	409	0	0	1846	0	0	0	0	0	4229	0	3033	INCOME TAX RECEIVABLE			
3532641																				16441	16713	198769		27279				18811					0	104461	0	15064				
3537897																			0	1976	3746	34256	0	8808	7000	0	0	2308	0	0	0	0	0	17418	0	0	Participation loan receivable			
3538009																			0	3812	0	10325	395	2343	949	0	0	2836	0	0	988	0	0	1334	0	0	Forclosed Tax Credits			
3545258																				13649	9263	38745	1955	7549	2087	2264		8284					0	0	0	0	Deferred Tax OCI	LIHTC Fund CRA Investment		
3546862																			0	1699	3600	8055	354	920	0	0	0	1836	0	0	0	0	0	0	0	0				
3547131																			0	27180	8836	139858	5806	13949	3431	0	0	12624	0	515	17	0	0	53183	0	24086	TRUST FEE RECEIVABLE			
3547896																				10030	0	17749	1733	4005				3714			2272		0	0	0	0				
3548567																			0	1738	9998	27226	2584	8302	3534	0	0	7188	0	0	0	0	0	0	0	0	FORECLOSED NOTES RECEIVABLE			
3548763																			0	1147	1313	10120	0	2557	1851	0	0	1089	0	0	0	0	0	4014	0	0	Split Dollar Life Insurance Receivable			
3555248																				1690	18	2588	105	268				612		27	136		0	0	0	0				
3561771																			0	1445	1470	15461	416	6243	101	0	0	1286	0	0	0	0	0	5017	0	0	SECURITY DEPOSIT			
3567269																			0	1613	2693	16592	911	932	0	0	0	2535	0	0	0	0	0	7476	0	1343				
3579589																				51058	38402	281592		46786	28150			35869					0	64505	0	44972	Small Business Investment Funds			
3588312																			0	850	5766	23034	0	1653	531	0	0	4234	0	0	0	0	0	8221	0	2310	Joint Venture LIHTC			
3588424																			0	8527	9738	37602	2357	6970	0	0	0	5548	0	0	0	0	0	6819	0	0				
3591004																			0	415	421	2260	627	627	0	0	0	797	0	0	0	0	0	0	0	0				
3592047																				4009	1434	9195	320	1519				2178	53		1043		55	0	0	0	Loan Fees Receivable			
3593307																			0	1573	4482	7599	140	312	100	0	0	1232	0	0	0	0	0	0	0	0	CDARS Outgoing RBP			
3594087																				559	293	2894	629	641				1401					0	0	0	0				
3595271																				2366	30098	124134	2042	12985		2194		7797					0	68488	0	2400	Lease Right of use ROU	Serp Asset		
3596250																			0	1717	0	4175	0	854	0	0	0	1604	0	0	0	0	0	0	0	0				
3597211																				3383	2491	13938	680	956				7108					0	0	0	0				
3599804																			0	183	904	1751	225	261	0	0	0	403	0	0	0	0	0	0	0	0				
3603961																			0	1560	739	10719	648	748	0	0	0	1591	0	0	0	0	0	6081	0	0				
3608751																			0	9168	27205	62145	0	9556	0	0	0	6158	3051	0	0	0	0	10058	0	0				
3610718																			0	10388	4285	53649	1409	8164	3192	0	0	5592	0	0	0	0	0	25220	0	0	Lease asset, net			
3614837																				5965	3039	24591	1644	1859				3933					0	9795	0	0				
3614846																			0	524	291	2169	416	521	0	0	0	833	0	0	0	0	0	0	0	0				
3614976																			0	5446	11979	44193	3311	6983	0	0	0	10277	2138	0	0	0	0	9281	0	227	RIGHT OF USE ASSET			
3617856																				330	0	4886	70	76				4480					0	0	0	0				
3619216																			0	1165	7177	32536	1336	1616	0	0	0	4821	0	0	0	0	0	17757	0	0				
3623110																			0	4202	3807	17343	299	714	0	0	0	2970	0	0	0	0	0	5650	0	0				
3623969																			0	0	761	2340	143	149	0	0	0	713	0	0	0	0	0	0	0	717				
3626184																			0	75	0	708	51	51	0	0	0	582	0	0	0	0	0	0	0	0				
3626858																			0	4305	365	12282	0	788	263	0	0	1273	0	0	0	0	0	5551	0	0	Investment in tax credit projects			
3629484																			0	988	1404	10426	220	659	0	0	0	1171	0	240	198	0	0	6204	0	0				
3630323																			0	16424	4456	158390	0	31917	10059	0	0	29236	0	0	0	0	0	39306	29705	7346	SBIC Investment			
3633016																			0	132	1140	2195	0	207	0	0	0	716	0	0	0	0	0	0	0	0				
3633173																				3449	12634	45142	1246	2964	1119			8775					0	17320	0	0	Deferred Comp Plan			
3635029																			0	7494	0	25467	1311	2656	0	0	0	1725	0	0	0	0	0	13592	0	0				
3635551																			0	670	0	3572	379	596	206	0	0	845	0	0	0	0	0	1461	0	0	artwork			
3636428																			0	1190	0	9275	291	291	0	0	0	2613	0	0	0	0	0	5181	0	0				
3636446																			0	5513	1013	69365	0	24995	0	0	0	7840	0	0	15050	5890	0	0	0	30004				
3636914																			0	357	2601	11075	913	1964	831	0	0	1665	0	0	0	0	0	3220	0	1268	Fund Investments			
3637247																			0	7066	8653	63123	951	3474	1556	0	0	7408	0	0	0	0	0	36522	0	0	Investment in SBIC - Route 2 Capital Partners			
3637685																				119547	0	241369		24595				45822	8785		8266		0	51405	0	0				
3645840																			0	1599	1351	5974	279	1085	467	0	0	1939	0	0	0	0	0	0	0	0	SBA liquidation receivable			
3650808																				13156	34645	303610		165510	74612	47175		90173					126	0	0	0	LEASED ASSETS	GOVERNMENT GUARANTEED RECEIVABLE		
3655933																			0	4137	3135	9520	490	758	0	0	0	1490	0	0	0	0	0	0	0	0				
3664588																				5723	0	36345		10204			3681	3370					0	17048	0	0			ADVISORY SERVICES	
3667132																			0	1081	1031	7152	149	467	0	0	0	747	0	0	0	0	0	3826	0	0				
3671997																			0	1242	442	15252	836	875	0	0	0	2693	0	39	0	0	0	10000	0	0				
3678857																				10237	6429	26083	1742	2566				6851					0	0	0	0				
3688043																			0	6342	5694	36204	1773	3921	0	0	0	3885	0	0	1284	0	0	16362	0	0				
3688548																			0	586	0	1846	198	247	0	0	0	1013	0	0	0	0	0	0	0	0				
3690121																			0	2007	0	6588	1541	2400	0	0	0	2181	0	0	0	0	0	0	0	0				
3690635																			0	1889	2525	16468	0	1698	435	438	0	2790	0	0	0	0	0	7566	0	0	Prepaid Tax	SBA Principal Receivable		
3690701																				903	2747	27290	563	2393	1181	320		3412		213	108		0	15372	0	2463	Federal Tax Receivable	State Tax Receivable		
3719648																			0	5691	3420	29596	1236	2694	0	0	0	5657	0	0	0	0	0	12134	0	0	CARES ACT- Deferred Loan Interest until Maturity			
3720336																			0	740	0	2113	315	403	0	0	0	970	0	0	0	0	0	0	0	0				
3720608																			0	1352	9884	41171	973	2329	650	0	0	7246	0	110	596	0	0	20360	0	0	SBIC Investment			
3721605																			0	2393	1905	14218	114	193	0	0	0	1477	0	0	0	0	0	8250	0	0				
3729124																			0	1921	1614	18439	545	840	95	0	0	4599	0	0	0	0	0	6378	0	3087	computer software			
3783313	0	24057	108744	432224	0	229431	104654	0	0	60356	0	0	67650	0	0	4371	0	5265		24057																	Loans in process			
3783948																				11780	13239	100065	1778	34606			6091	40440	731		25710		0	0	0	0		xborder client receivable	Deferred Expense - Computer Services	
3786435																			0	2312	0	16286	541	725	115	0	0	2050	0	0	0	0	0	6668	0	4531	ON HOLD DEPOSITS			
3793714																			0	7889	0	33192	0	13523	4259	3938	0	11780	0	0	0	0	0	0	0	0	Income Tax Receivable	Due From Custodian		
3804535																				12074	5653	98291		27422				10103		8322	7183		0	31774	0	11265				
3807880																			0	3295	6711	20861	889	3219	1992	0	0	5445	0	0	0	0	0	2191	0	0	LOAN EXPENSE DUE FROM BORROWER			
3812147																			0	4069	2781	9195	538	816	0	0	0	1529	0	0	0	0	0	0	0	0				
3816154																			0	1667	1496	4664	264	877	0	0	0	624	0	0	0	0	0	0	0	0				
3816163																			0	880	351	8205	299	320	4	1	0	945	0	11	5	0	0	5709	0	0	Misc Assets	BV Land Lease Security Deposit		
3816190																			0	4188	0	22498	1188	4178	0	0	0	3521	2946	0	0	0	0	10611	0	0				
3821037																				773	2765	9861	1412	3318				3005			1334		0	0	0	0				
3821626																			0	2146	4367	8415	229	519	0	0	0	1383	0	0	289	0	0	0	0	0				
3821822																			0	2610	4446	25013	837	1378	0	0	0	4607	0	0	0	0	0	10928	0	1044				
3832127																			0	568	0	4714	658	1063	0	0	0	3083	0	0	0	0	0	0	0	0				
3835454																				38808	17121	170446		36315	16997			16230					0	61972	0	0	LIHTC Investment			
3843392																			0	1745	0	7170	0	4676	2516	0	0	749	0	0	0	0	0	0	0	0	Operating Lease Asset			
3851427																				29073	0	67307		25842				7390			16222		0	5002	0	0	Investment in LIHTC			
3938186																				140684	126842	1219870		501312	186874			145719					0	130690	174623	0	EQUIPMENT UNDER OPERATING LEASE			
3939240																			0	602	0	2662	0	2060	0	0	0	0	0	0	2060	0	0	0	0	0				
3943210																			0	900	441	2700	322	656	0	0	0	703	0	0	334	0	0	0	0	0				
3952904																			0	128	25	198	0	43	0	0	0	2	0	0	0	0	0	0	0	0				
4032791																			0	210	0	6573	0	6317	4927	0	0	46	0	0	0	0	0	0	0	0	Trustee Fees Receivable			
4125778																			0	919	5640	9628	0	1239	0	0	0	1830	0	0	1226	0	0	0	0	0				
4146830																			0	86	0	4582	0	4493	0	0	0	3	0	0	4486	0	0	0	0	0				
4149037																			0	402	173	14083	0	13496	0	0	0	12	0	0	13393	0	0	0	0	0				
4165907																			0	3072	20	7843	302	360	0	0	0	2137	0	0	0	0	0	2254	0	0				
4210227																				43616	9900	281349		54046	13647			41943	22497				0	119944	11900	0	Virtual Vaults			
4368351																			0	128	7	138	0	3	0	0	0	0	0	0	0	0	0	0	0	0				
4397164																			0	200	0	4672	0	4457	4265	0	0	15	0	0	0	0	0	0	0	0	Client Fee Receivable		0	
4457536																			0	2483	11737	25479	2096	7360	0	0	0	3899	0	3548	1391	0	0	0	0	0				
4536084																			0	2837	736	32192	1367	1427	0	0	0	6099	0	0	0	0	0	21093	0	0				
4845861																				445	1655	4850	325	795	28			1955					0	0	0	0	receivable from lead bank Bangor for ADCO property			
5050028																				668	2755	137465		31111	26439			4495					0	86898	0	11538	Inv. in low income housing partnerships			
5136959																			0	6776	3162	14474	0	1442	994	0	0	3094	0	0	0	0	0	0	0	0	Prepaids			
5192496																			0	2825	3413	15662	615	912	263	0	0	2360	0	0	34	0	0	6152	0	0	oth Misc Assets			
5193989																				1046	1583	4467	377	671	43			1167			30		0	0	0	0	Prepaid Tax -State			
5205819																			0	4569	5654	53682	0	9786	0	0	0	4828	4135	0	0	0	0	28845	0	0				
5210989																			0	9890	22420	65414	0	11485	0	0	0	10219	0	0	7218	0	0	11400	0	0		Capitalized software, cap salaries, loan servicing net	Customer Acq, Other Assets GL	
5227101																				2234	3392	9757	805	1514				2617	652		57		0	0	0	0				
5230790																			0	138	881	2013	213	240	0	0	0	754	0	0	0	0	0	0	0	0				
5278251	0	26666	124393	203519	0	27841	0	0	0	24619	0	0	22827	0	0	0	0	0																						
5303724																			0	1057	1754	9640	241	327	0	0	0	921	0	0	0	0	0	5581	0	0				
5312593																			0	1323	1309	4500	118	513	0	0	0	1355	329	0	4	0	0	0	0	0				
5313312																			0	461	1585	3976	239	499	0	0	0	1431	0	0	0	0	0	0	0	0				
5316920																			0	1662	2190	12925	0	3420	0	0	0	1149	0	0	2933	0	0	4504	0	0				
5332603																			0	1080	1176	4169	307	733	421	0	0	1180	0	0	0	0	0	0	0	0	RIGHT OF USE ASSET			
5342974																			0	2718	1820	9711	694	3583	0	0	0	1590	0	126	2593	0	0	0	0	0				
5349218																			0	3297	2066	10445	671	1280	0	0	0	3802	0	0	0	0	0	0	0	0				
5382514																			0	627	701	5626	1646	2126	0	0	0	2172	0	0	477	0	0	0	0	0				
5397639																			0	420	63	4373	0	3848	0	0	0	42	0	0	3748	0	0	0	0	0				
5398355																			0	475	1488	8430	317	433	0	0	0	795	0	0	0	0	0	5239	0	0				
5398627																			0	795	0	6243	0	3755	3000	0	0	1693	0	0	0	0	0	0	0	0	SBIC investments			
5401273																			0	1374	1180	8817	514	618	0	0	0	898	0	0	0	0	0	4747	0	0				
5412457																			0	1047	844	3615	440	604	0	0	0	1120	0	0	0	0	0	0	0	0	Federal Income Tax Receivable			
5427684																			0	1678	1233	4189	258	563	0	0	0	715	0	0	176	0	0	0	0	0				
5435988																			0	294	1721	4425	0	1425	0	0	0	985	0	0	0	0	0	0	0	0				
5448915																				841	1397	3529	294	299				992			5		0	0	0	0				
5472880																			0	0	1169	4158	0	1514	905	0	0	1475	0	0	0	0	0	0	0	0	SBA SERVICING ASSET			
5475452																			0	1735	1175	8637	284	340	0	0	0	1003	0	0	0	0	0	4384	0	0				
5479478																			0	357	480	2160	26	369	0	0	0	954	0	0	0	0	0	0	0	0				
5514409																			0	870	3791	43399	0	7405	4261	0	0	31333	0	0	0	0	0	0	0	0	Other receivables - due from FNBO servicing			
5518023																			0	1614	0	21032	5694	19268	0	0	0	150	0	0	0	0	0	0	0	0				
5528880																			0	415	1391	3222	155	155	0	0	0	1261	0	0	0	0	0	0	0	0				
5538937																			0	160	666	5134	205	215	0	0	0	749	0	0	0	0	0	3344	0	0				
5543735																			0	1512	813	2640	0	91	0	0	0	224	0	0	0	0	0	0	0	0				
5561001																			0	532	0	13874	0	13342	0	0	0	0	0	0	12367	0	0	0	0	0	Non-current receivables			
5574430																			0	1909	2536	15652	0	9982	6626	0	0	1162	0	0	0	0	0	63	0	0	Annuity Investment			
5582846																			0	12486	19997	63026	0	29996	27713	0	0	547	0	0	0	0	0	0	0	0	Investor Receivable			
5591633																				156	331	2819		2298	122			34			2176		0	0	0	0	OTHER ASSETS INDIVIDUALLY BELOW THRESHOLD			
5592340																			0	11946	1230	34089	1579	1615	0	0	0	8762	0	0	0	0	0	10536	0	0				
5620869																			0	3170	0	6438	1318	2077	0	0	0	1024	0	0	0	0	167	0	0	0				
5650923																			0	2540	850	5067	294	557	0	0	0	1120	0	230	0	0	0	0	0	0				
5660146																			0	218	0	1958	75	168	0	0	0	1572	0	8	0	0	0	0	0	0				
5673191																			0	614	2030	4158	300	406	0	0	0	1108	0	0	0	0	0	0	0	0				
5686089																			0	2719	0	9148	1668	5592	0	0	0	837	0	2651	0	0	0	0	0	0				
5686324																			0	0	0	1016	111	111	0	0	0	905	0	0	0	0	0	0	0	0				
5691319																			0	414	0	830	95	141	0	0	0	275	0	0	0	0	0	0	0	0				
5692473																			0	138	903	2162	155	309	0	0	0	812	0	0	0	0	0	0	0	0				
5724226																			0	211	1974	2847	149	174	0	0	0	488	0	0	0	0	0	0	0	0				
5728916																			0	868	0	1532	180	298	0	0	0	366	0	0	0	0	0	0	0	0				
5755510																			0	277	0	1146	0	623	0	0	0	246	0	165	0	0	0	0	0	0				
5758436																			0	479	0	1844	209	697	488	0	0	668	0	0	0	0	0	0	0	0	Deferred cost			
5758445																			0	0	0	756	308	380	0	0	0	376	0	0	0	0	0	0	0	0	Security Deposits			
5760439																			0	0	458	2767	0	482	0	0	0	1827	0	0	0	0	0	0	0	0				
5760662																			0	235	0	1756	390	572	0	0	0	949	0	170	0	0	0	0	0	0				
5777549																			0	55	0	602	62	72	0	0	0	475	0	0	0	0	0	0	0	0				
5784921																			0	0	0	14264	0	14142	14142	0	0	122	0	0	0	0	0	0	0	0	Intercompany Account			
5787418																			0	173	0	1911	326	512	0	0	0	1226	0	151	20	0	0	0	0	0				
5788705																			0	1203	0	2621	163	246	0	0	0	1172	0	0	0	0	0	0	0	0				
5805228																			123	250	0	2493	253	1563	0	0	0	680	0	166	386	0	0	0	0	0				
5805424																			0	572	0	2173	1067	1072	0	0	0	529	0	0	0	0	0	0	0	0				
5805442																			0	0	0	568	94	384	197	46	0	184	0	0	46	0	0	0	0	0	FHLB Stock	Oth Misc Assets		
5805451																			0	1525	2991	20698	0	16182	0	0	0	0	0	9345	0	0	0	0	0	0				
5805479																				173	66	839		588	0	0	0	12			522		0	0	0	0				
5805488																				389	0	1933		1544				0			1294		0	0	0	0				
5805817																			0	270	185	1480	0	1025	0	0	0	0	0	0	864	0	0	0	0	0				
5807400																			0	0	116	653	148	212	0	0	0	325	0	7	0	0	0	0	0	0				
5837377																			0	35	480	819	0	137	0	0	0	167	0	0	0	0	0	0	0	0	Prepaid Insurance	Other misc prepaids		
5839915																			0	261	737	1171	0	77	0	0	0	96	0	0	0	0	0	0	0	0				
5859511																			0	3947	0	41008	0	37057	35891	0	0	4	0	0	0	0	0	0	0	0	Trust Fee Income Receivable			
5860740																			0	64	0	613	0	202	0	0	0	347	0	0	0	0	0	0	0	0				
5861541																			0	0	0	354	243	277	0	0	0	77	0	0	0	0	0	0	0	0				
5879201																			0	1083	0	1770	320	320	0	0	0	367	0	0	0	0	0	0	0	0	ROU asset			
5882500																			0	0	0	122	122	122	0	0	0	0	0	0	0	0	0	0	0	0				
5887420																			0	247	0	929	0	667	0	0	0	15	0	138	431	0	0	0	0	0				
5903517																			0	31	0	656	308	323	0	0	0	302	0	9	0	0	0	0	0	0				
5906497																			0	29	1022	1596	289	289	0	0	0	256	0	0	0	0	0	0	0	0				
5972661																				0	0	2781		2781	2764	0	0	0					0	0	0	0	Trustee Fee Receivable			
5975224																			0	0	0	160	0	100	0	0	0	60	0	0	0	0	0	0	0	0	0			
6009630																			0	889	5056	7247	1129	1302	0	0	0	0	0	0	0	0	0	0	0	0				
